0.000000e+00,7.006631e-08,-7.336940e-08,3.910061e-07,0.000000e+00,0.000000e+00,0.000000e+00,0.000000e+00,0.000000e+00,0.000000e+00,0.000000e+00,0,930
0.000000e+00,1.672121e-07,2.420530e-08,4.311429e-07,0.000000e+00,0.000000e+00,0.000000e+00,0.000000e+00,0.000000e+00,0.000000e+00,0.000000e+00,1,930
0.000000e+00,2.260014e-07,-1.296007e-07,4.054737e-07,0.000000e+00,0.000000e+00,0.000000e+00,0.000000e+00,0.000000e+00,0.000000e+00,0.000000e+00,2,930
0.000000e+00,1.808371e-07,5.311222e-08,4.757308e-07,0.000000e+00,0.000000e+00,0.000000e+00,0.000000e+00,0.000000e+00,0.000000e+00,0.000000e+00,3,930
0.000000e+00,1.033714e-07,-1.959677e-07,3.711752e-07,0.000000e+00,0.000000e+00,0.000000e+00,0.000000e+00,0.000000e+00,0.000000e+00,0.000000e+00,4,930
0.000000e+00,1.950641e-07,-1.681314e-07,3.280919e-07,0.000000e+00,0.000000e+00,0.000000e+00,0.000000e+00,0.000000e+00,0.000000e+00,0.000000e+00,5,930
0.000000e+00,2.221047e-07,9.460018e-08,3.824626e-07,0.000000e+00,0.000000e+00,0.000000e+00,0.000000e+00,0.000000e+00,0.000000e+00,0.000000e+00,6,930
0.000000e+00,-1.289696e-07,1.022226e-07,2.754701e-07,0.000000e+00,0.000000e+00,0.000000e+00,0.000000e+00,0.000000e+00,0.000000e+00,0.000000e+00,7,930
0.000000e+00,3.192606e-08,-5.053219e-08,3.509725e-07,0.000000e+00,0.000000e+00,0.000000e+00,0.000000e+00,0.000000e+00,0.000000e+00,0.000000e+00,8,930
0.000000e+00,-5.291543e-08,-1.389932e-07,4.254542e-07,0.000000e+00,0.000000e+00,0.000000e+00,0.000000e+00,0.000000e+00,0.000000e+00,0.000000e+00,9,930
0.000000e+00,2.561791e-07,-9.930887e-08,3.525610e-07,0.000000e+00,0.000000e+00,0.000000e+00,0.000000e+00,0.000000e+00,0.000000e+00,0.000000e+00,10,930
0.000000e+00,-2.028769e-07,-1.615064e-07,4.005263e-07,0.000000e+00,0.000000e+00,0.000000e+00,0.000000e+00,0.000000e+00,0.000000e+00,0.000000e+00,11,930
0.000000e+00,-1.388026e-07,-1.532514e-07,5.274832e-07,0.000000e+00,0.000000e+00,0.000000e+00,0.000000e+00,0.000000e+00,0.000000e+00,0.000000e+00,12,930
0.000000e+00,-7.886165e-08,-4.434368e-08,1.960964e-07,0.000000e+00,0.000000e+00,0.000000e+00,0.000000e+00,0.000000e+00,0.000000e+00,0.000000e+00,13,930
0.000000e+00,4.472693e-08,1.857974e-07,5.114007e-07,0.000000e+00,0.000000e+00,0.000000e+00,0.000000e+00,0.000000e+00,0.000000e+00,0.000000e+00,14,930
0.000000e+00,1.397169e-07,2.357801e-08,5.821078e-07,0.000000e+00,0.000000e+00,0.000000e+00,0.000000e+00,0.000000e+00,0.000000e+00,0.000000e+00,15,930
0.000000e+00,6.885140e-09,2.041460e-07,3.043938e-07,0.000000e+00,0.000000e+00,0.000000e+00,0.000000e+00,0.000000e+00,0.000000e+00,0.000000e+00,16,930
0.000000e+00,1.419619e-07,2.791541e-08,3.806960e-07,0.000000e+00,0.000000e+00,0.000000e+00,0.000000e+00,0.000000e+00,0.000000e+00,0.000000e+00,17,930
0.000000e+00,-2.088001e-07,-7.429345e-08,2.530846e-07,0.000000e+00,0.000000e+00,0.000000e+00,0.000000e+00,0.000000e+00,0.000000e+00,0.000000e+00,18,930
0.000000e+00,1.432937e-07,-1.978780e-07,4.533332e-07,0.000000e+00,0.000000e+00,0.000000e+00,0.000000e+00,0.000000e+00,0.000000e+00,0.000000e+00,19,930
0.000000e+00,1.087713e-07,1.656263e-07,3.689864e-07,0.000000e+00,0.000000e+00,0.000000e+00,0.000000e+00,0.000000e+00,0.000000e+00,0.000000e+00,20,930
0.000000e+00,-2.162975e-07,7.733194e-08,5.208317e-07,0.000000e+00,0.000000e+00,0.000000e+00,0.000000e+00,0.000000e+00,0.000000e+00,0.000000e+00,21,930
0.000000e+00,-7.875890e-08,-1.648199e-07,5.766668e-07,0.000000e+00,0.000000e+00,0.000000e+00,0.000000e+00,0.000000e+00,0.000000e+00,0.000000e+00,22,930
0.000000e+00,7.975992e-08,2.547189e-08,2.525544e-07,0.000000e+00,0.000000e+00,0.000000e+00,0.000000e+00,0.000000e+00,0.000000e+00,0.000000e+00,23,930
0.000000e+00,-2.984544e-08,7.398788e-09,4.688323e-07,0.000000e+00,0.000000e+00,0.000000e+00,0.000000e+00,0.000000e+00,0.000000e+00,0.000000e+00,24,930
0.000000e+00,-7.142960e-08,-6.372273e-09,1.682581e-07,0.000000e+00,0.000000e+00,0.000000e+00,0.000000e+00,0.000000e+00,0.000000e+00,0.000000e+00,25,930
0.000000e+00,-1.508278e-07,1.108292e-07,5.498643e-07,0.000000e+00,0.000000e+00,0.000000e+00,0.000000e+00,0.000000e+00,0.000000e+00,0.000000e+00,26,930
0.000000e+00,-2.054526e-07,4.576227e-08,4.148731e-07,0.000000e+00,0.000000e+00,0.000000e+00,0.000000e+00,0.000000e+00,0.000000e+00,0.000000e+00,27,930
0.000000e+00,-1.802323e-08,1.579890e-07,4.399901e-07,0.000000e+00,0.000000e+00,0.000000e+00,0.000000e+00,0.000000e+00,0.000000e+00,0.000000e+00,28,930
0.000000e+00,-2.283440e-07,3.332235e-08,4.767169e-07,0.000000e+00,0.000000e+00,0.000000e+00,0.000000e+00,0.000000e+00,0.000000e+00,0.000000e+00,29,930
0.000000e+00,-2.374959e-07,1.221453e-07,3.628468e-07,0.000000e+00,0.000000e+00,0.000000e+00,0.000000e+00,0.000000e+00,0.000000e+00,0.000000e+00,30,930
0.000000e+00,-1.387259e-08,-1.705848e-07,1.732258e-07,0.000000e+00,0.000000e+00,0.000000e+00,0.000000e+00,0.000000e+00,0.000000e+00,0.000000e+00,31,930
0.000000e+00,-9.306861e-08,2.149206e-08,4.847328e-07,0.000000e+00,0.000000e+00,0.000000e+00,0.000000e+00,0.000000e+00,0.000000e+00,0.000000e+00,32,930
0.000000e+00,9.547596e-08,2.144083e-07,3.220191e-07,0.000000e+00,0.000000e+00,0.000000e+00,0.000000e+00,0.000000e+00,0.000000e+00,0.000000e+00,33,930
0.000000e+00,1.881845e-07,-5.206339e-08,5.333435e-07,0.000000e+00,0.000000e+00,0.000000e+00,0.000000e+00,0.000000e+00,0.000000e+00,0.000000e+00,34,930
0.000000e+00,7.795686e-08,1.498404e-07,4.871292e-07,0.000000e+00,0.000000e+00,0.000000e+00,0.000000e+00,0.000000e+00,0.000000e+00,0.000000e+00,35,930
0.000000e+00,9.315395e-08,5.707501e-09,3.762423e-07,0.000000e+00,0.000000e+00,0.000000e+00,0.000000e+00,0.000000e+00,0.000000e+00,0.000000e+00,36,930
0.000000e+00,8.241882e-08,1.545259e-07,4.987424e-07,0.000000e+00,0.000000e+00,0.000000e+00,0.000000e+00,0.000000e+00,0.000000e+00,0.000000e+00,37,930
0.000000e+00,1.639643e-07,1.137667e-07,2.760639e-07,0.000000e+00,0.000000e+00,0.000000e+00,0.000000e+00,0.000000e+00,0.000000e+00,0.000000e+00,38,930
0.000000e+00,-1.770815e-07,-4.381240e-08,2.025492e-07,0.000000e+00,0.000000e+00,0.000000e+00,0.000000e+00,0.000000e+00,0.000000e+00,0.000000e+00,39,930
0.000000e+00,-2.801358e-08,2.567708e-07,3.680177e-07,0.000000e+00,0.000000e+00,0.000000e+00,0.000000e+00,0.000000e+00,0.000000e+00,0.000000e+00,40,930
0.000000e+00,-1.334239e-07,-9.862051e-08,2.804751e-07,0.000000e+00,0.000000e+00,0.000000e+00,0.000000e+00,0.000000e+00,0.000000e+00,0.000000e+00,41,930
0.000000e+00,2.683026e-07,1.689521e-08,3.507772e-07,0.000000e+00,0.000000e+00,0.000000e+00,0.000000e+00,0.000000e+00,0.000000e+00,0.000000e+00,42,930
0.000000e+00,6.914371e-08,-2.152245e-07,3.290677e-07,0.000000e+00,0.000000e+00,0.000000e+00,0.000000e+00,0.000000e+00,0.000000e+00,0.000000e+00,43,930
0.000000e+00,9.819650e-08,-2.195456e-07,4.525914e-07,0.000000e+00,0.000000e+00,0.000000e+00,0.000000e+00,0.000000e+00,0.000000e+00,0.000000e+00,44,930
0.000000e+00,1.168289e-07,9.453238e-08,3.160159e-07,0.000000e+00,0.000000e+00,0.000000e+00,0.000000e+00,0.000000e+00,0.000000e+00,0.000000e+00,45,930
0.000000e+00,7.435773e-08,2.146181e-07,3.361112e-07,0.000000e+00,0.000000e+00,0.000000e+00,0.000000e+00,0.000000e+00,0.000000e+00,0.000000e+00,46,930
0.000000e+00,-2.326999e-07,-1.590485e-08,2.949062e-07,0.000000e+00,0.000000e+00,0.000000e+00,0.000000e+00,0.000000e+00,0.000000e+00,0.000000e+00,47,930
0.000000e+00,1.142102e-07,-1.515842e-07,3.704662e-07,0.000000e+00,0.000000e+00,0.000000e+00,0.000000e+00,0.000000e+00,0.000000e+00,0.000000e+00,48,930
0.000000e+00,-4.258277e-08,6.644284e-08,4.452109e-07,0.000000e+00,0.000000e+00,0.000000e+00,0.000000e+00,0.000000e+00,0.000000e+00,0.000000e+00,49,930
0.000000e+00,1.011594e-08,-2.211216e-07,5.449654e-07,0.000000e+00,0.000000e+00,0.000000e+00,0.000000e+00,0.000000e+00,0.000000e+00,0.000000e+00,50,930
0.000000e+00,-8.774627e-08,-1.645785e-07,4.771445e-07,0.000000e+00,0.000000e+00,0.000000e+00,0.000000e+00,0.000000e+00,0.000000e+00,0.000000e+00,51,930
0.000000e+00,2.991618e-09,9.939341e-08,1.877386e-07,0.000000e+00,0.000000e+00,0.000000e+00,0.000000e+00,0.000000e+00,0.000000e+00,0.000000e+00,52,930
0.000000e+00,2.726916e-08,7.373206e-08,6.506094e-07,0.000000e+00,0.000000e+00,0.000000e+00,0.000000e+00,0.000000e+00,0.000000e+00,0.000000e+00,53,930
0.000000e+00,-1.890273e-07,-8.798211e-08,2.778227e-07,0.000000e+00,0.000000e+00,0.000000e+00,0.000000e+00,0.000000e+00,0.000000e+00,0.000000e+00,54,930
0.000000e+00,2.510354e-07,-5.304452e-08,4.211335e-07,0.000000e+00,0.000000e+00,0.000000e+00,0.000000e+00,0.000000e+00,0.000000e+00,0.000000e+00,55,930
0.000000e+00,-8.620234e-08,2.310534e-07,4.269785e-07,0.000000e+00,0.000000e+00,0.000000e+00,0.000000e+00,0.000000e+00,0.000000e+00,0.000000e+00,56,930
0.000000e+00,-3.480010e-08,7.642185e-08,4.552615e-07,0.000000e+00,0.000000e+00,0.000000e+00,0.000000e+00,0.000000e+00,0.000000e+00,0.000000e+00,57,930
0.000000e+00,2.296945e-07,-7.952542e-08,5.110125e-07,0.000000e+00,0.000000e+00,0.000000e+00,0.000000e+00,0.000000e+00,0.000000e+00,0.000000e+00,58,930
0.000000e+00,1.838457e-07,-1.824832e-07,3.709524e-07,0.000000e+00,0.000000e+00,0.000000e+00,0.000000e+00,0.000000e+00,0.000000e+00,0.000000e+00,59,930
0.000000e+00,5.598368e-08,-7.452557e-08,3.403663e-07,0.000000e+00,0.000000e+00,0.000000e+00,0.000000e+00,0.000000e+00,0.000000e+00,0.000000e+00,60,930
0.000000e+00,4.073585e-08,2.571173e-07,5.165200e-07,0.000000e+00,0.000000e+00,0.000000e+00,0.000000e+00,0.000000e+00,0.000000e+00,0.000000e+00,61,930
0.000000e+00,9.610325e-08,-3.827073e-09,1.242218e-07,0.000000e+00,0.000000e+00,0.000000e+00,0.000000e+00,0.000000e+00,0.000000e+00,0.000000e+00,62,930
0.000000e+00,-1.322123e-07,1.770200e-07,5.875897e-07,0.000000e+00,0.000000e+00,0.000000e+00,0.000000e+00,0.000000e+00,0.000000e+00,0.000000e+00,63,930
0.000000e+00,-1.653480e-07,2.169173e-07,4.778261e-07,0.000000e+00,0.000000e+00,0.000000e+00,0.000000e+00,0.000000e+00,0.000000e+00,0.000000e+00,64,930
0.000000e+00,8.105465e-08,1.393720e-07,2.251299e-07,0.000000e+00,0.000000e+00,0.000000e+00,0.000000e+00,0.000000e+00,0.000000e+00,0.000000e+00,65,930
0.000000e+00,-1.287996e-07,1.501529e-07,2.303282e-07,0.000000e+00,0.000000e+00,0.000000e+00,0.000000e+00,0.000000e+00,0.000000e+00,0.000000e+00,66,930
0.000000e+00,-1.694372e-08,-1.178055e-07,5.901243e-07,0.000000e+00,0.000000e+00,0.000000e+00,0.000000e+00,0.000000e+00,0.000000e+00,0.000000e+00,67,930
0.000000e+00,1.323899e-07,-2.097753e-08,6.266940e-07,0.000000e+00,0.000000e+00,0.000000e+00,0.000000e+00,0.000000e+00,0.000000e+00,0.000000e+00,68,930
0.000000e+00,1.513965e-07,2.867850e-08,2.480932e-07,0.000000e+00,0.000000e+00,0.000000e+00,0.000000e+00,0.000000e+00,0.000000e+00,0.000000e+00,69,930
0.000000e+00,1.230768e-07,3.502206e-09,5.385647e-07,0.000000e+00,0.000000e+00,0.000000e+00,0.000000e+00,0.000000e+00,0.000000e+00,0.000000e+00,70,930
0.000000e+00,-1.407174e-07,6.370903e-08,2.491464e-07,0.000000e+00,0.000000e+00,0.000000e+00,0.000000e+00,0.000000e+00,0.000000e+00,0.000000e+00,71,930
0.000000e+00,1.077469e-07,3.215460e-09,6.519766e-07,0.000000e+00,0.000000e+00,0.000000e+00,0.000000e+00,0.000000e+00,0.000000e+00,0.000000e+00,72,930
0.000000e+00,4.232112e-08,1.621877e-07,4.336837e-07,0.000000e+00,0.000000e+00,0.000000e+00,0.000000e+00,0.000000e+00,0.000000e+00,0.000000e+00,73,930
0.000000e+00,-1.343777e-07,-1.125100e-07,5.489830e-07,0.000000e+00,0.000000e+00,0.000000e+00,0.000000e+00,0.000000e+00,0.000000e+00,0.000000e+00,74,930
0.000000e+00,-4.764349e-08,2.211715e-07,5.385145e-07,0.000000e+00,0.000000e+00,0.000000e+00,0.000000e+00,0.000000e+00,0.000000e+00,0.000000e+00,75,930
0.000000e+00,-1.760516e-07,1.515787e-07,3.413977e-07,0.000000e+00,0.000000e+00,0.000000e+00,0.000000e+00,0.000000e+00,0.000000e+00,0.000000e+00,76,930
0.000000e+00,-9.329126e-08,1.063631e-07,3.980962e-07,0.000000e+00,0.000000e+00,0.000000e+00,0.000000e+00,0.000000e+00,0.000000e+00,0.000000e+00,77,930
0.000000e+00,-1.159217e-07,1.996530e-07,3.793498e-07,0.000000e+00,0.000000e+00,0.000000e+00,0.000000e+00,0.000000e+00,0.000000e+00,0.000000e+00,78,930
0.000000e+00,-4.993730e-08,2.162501e-07,2.144031e-07,0.000000e+00,0.000000e+00,0.000000e+00,0.000000e+00,0.000000e+00,0.000000e+00,0.000000e+00,79,930
0.000000e+00,9.600505e-08,-1.549417e-09,2.349527e-07,0.000000e+00,0.000000e+00,0.000000e+00,0.000000e+00,0.000000e+00,0.000000e+00,0.000000e+00,80,930
0.000000e+00,5.951268e-08,3.661239e-08,2.956051e-07,0.000000e+00,0.000000e+00,0.000000e+00,0.000000e+00,0.000000e+00,0.000000e+00,0.000000e+00,81,930
0.000000e+00,2.386594e-07,-5.841298e-08,2.521256e-07,0.000000e+00,0.000000e+00,0.000000e+00,0.000000e+00,0.000000e+00,0.000000e+00,0.000000e+00,82,930
0.000000e+00,7.901488e-08,-1.560394e-07,2.749791e-07,0.000000e+00,0.000000e+00,0.000000e+00,0.000000e+00,0.000000e+00,0.000000e+00,0.000000e+00,83,930
0.000000e+00,1.669020e-07,-4.147439e-08,4.536118e-07,0.000000e+00,0.000000e+00,0.000000e+00,0.000000e+00,0.000000e+00,0.000000e+00,0.000000e+00,84,930
0.000000e+00,2.539388e-07,1.461371e-07,4.242147e-07,0.000000e+00,0.000000e+00,0.000000e+00,0.000000e+00,0.000000e+00,0.000000e+00,0.000000e+00,85,930
0.000000e+00,-1.907000e-07,-7.105274e-08,4.394286e-07,0.000000e+00,0.000000e+00,0.000000e+00,0.000000e+00,0.000000e+00,0.000000e+00,0.000000e+00,86,930
0.000000e+00,7.904032e-08,2.150505e-07,4.212283e-07,0.000000e+00,0.000000e+00,0.000000e+00,0.000000e+00,0.000000e+00,0.000000e+00,0.000000e+00,87,930
0.000000e+00,-4.415919e-08,-1.371451e-07,3.857972e-07,0.000000e+00,0.000000e+00,0.000000e+00,0.000000e+00,0.000000e+00,0.000000e+00,0.000000e+00,88,930
0.000000e+00,1.407168e-07,1.529990e-07,4.381780e-07,0.000000e+00,0.000000e+00,0.000000e+00,0.000000e+00,0.000000e+00,0.000000e+00,0.000000e+00,89,930
0.000000e+00,3.703259e-08,-3.781884e-08,2.235401e-07,0.000000e+00,0.000000e+00,0.000000e+00,0.000000e+00,0.000000e+00,0.000000e+00,0.000000e+00,90,930
0.000000e+00,-1.382718e-07,-4.298816e-09,5.830178e-07,0.000000e+00,0.000000e+00,0.000000e+00,0.000000e+00,0.000000e+00,0.000000e+00,0.000000e+00,91,930
0.000000e+00,7.629219e-08,2.938128e-08,3.123559e-07,0.000000e+00,0.000000e+00,0.000000e+00,0.000000e+00,0.000000e+00,0.000000e+00,0.000000e+00,92,930
0.000000e+00,-1.113906e-07,-2.139636e-07,5.655813e-07,0.000000e+00,0.000000e+00,0.000000e+00,0.000000e+00,0.000000e+00,0.000000e+00,0.000000e+00,93,930
0.000000e+00,-2.148588e-07,-6.470566e-08,2.629713e-07,0.000000e+00,0.000000e+00,0.000000e+00,0.000000e+00,0.000000e+00,0.000000e+00,0.000000e+00,94,930
0.000000e+00,9.601277e-08,-1.824126e-07,1.971374e-07,0.000000e+00,0.000000e+00,0.000000e+00,0.000000e+00,0.000000e+00,0.000000e+00,0.000000e+00,95,930
0.000000e+00,-1.885092e-07,4.908388e-08,4.182809e-07,0.000000e+00,0.000000e+00,0.000000e+00,0.000000e+00,0.000000e+00,0.000000e+00,0.000000e+00,96,930
0.000000e+00,-4.735241e-08,1.179861e-07,5.942093e-07,0.000000e+00,0.000000e+00,0.000000e+00,0.000000e+00,0.000000e+00,0.000000e+00,0.000000e+00,97,930
0.000000e+00,3.825322e-09,2.176467e-07,4.011886e-07,0.000000e+00,0.000000e+00,0.000000e+00,0.000000e+00,0.000000e+00,0.000000e+00,0.000000e+00,98,930
0.000000e+00,-7.832560e-08,-1.225577e-07,3.901310e-07,0.000000e+00,0.000000e+00,0.000000e+00,0.000000e+00,0.000000e+00,0.000000e+00,0.000000e+00,99,930
0.000000e+00,-1.880798e-07,-2.106900e-07,4.494175e-07,0.000000e+00,0.000000e+00,0.000000e+00,0.000000e+00,0.000000e+00,0.000000e+00,0.000000e+00,100,930
0.000000e+00,-6.766282e-08,-1.306907e-07,3.633368e-07,0.000000e+00,0.000000e+00,0.000000e+00,0.000000e+00,0.000000e+00,0.000000e+00,0.000000e+00,101,930
0.000000e+00,-3.306029e-08,-2.104585e-07,2.051771e-07,0.000000e+00,0.000000e+00,0.000000e+00,0.000000e+00,0.000000e+00,0.000000e+00,0.000000e+00,102,930
0.000000e+00,1.407797e-07,1.220875e-07,5.930158e-07,0.000000e+00,0.000000e+00,0.000000e+00,0.000000e+00,0.000000e+00,0.000000e+00,0.000000e+00,103,930
0.000000e+00,-1.005923e-07,1.131034e-07,3.119540e-07,0.000000e+00,0.000000e+00,0.000000e+00,0.000000e+00,0.000000e+00,0.000000e+00,0.000000e+00,104,930
0.000000e+00,-4.207412e-09,-1.726481e-07,5.608728e-07,0.000000e+00,0.000000e+00,0.000000e+00,0.000000e+00,0.000000e+00,0.000000e+00,0.000000e+00,105,930
0.000000e+00,2.310234e-08,-1.537211e-07,1.808509e-07,0.000000e+00,0.000000e+00,0.000000e+00,0.000000e+00,0.000000e+00,0.000000e+00,0.000000e+00,106,930
0.000000e+00,-8.486139e-08,-7.972545e-08,5.830043e-07,0.000000e+00,0.000000e+00,0.000000e+00,0.000000e+00,0.000000e+00,0.000000e+00,0.000000e+00,107,930
0.000000e+00,-1.585402e-07,9.389260e-08,4.665158e-07,0.000000e+00,0.000000e+00,0.000000e+00,0.000000e+00,0.000000e+00,0.000000e+00,0.000000e+00,108,930
0.000000e+00,-9.366702e-08,-6.524477e-08,3.370365e-07,0.000000e+00,0.000000e+00,0.000000e+00,0.000000e+00,0.000000e+00,0.000000e+00,0.000000e+00,109,930
0.000000e+00,-9.385974e-08,1.784560e-08,2.233848e-07,0.000000e+00,0.000000e+00,0.000000e+00,0.000000e+00,0.000000e+00,0.000000e+00,0.000000e+00,110,930
0.000000e+00,-1.585311e-07,-2.648078e-08,2.218122e-07,0.000000e+00,0.000000e+00,0.000000e+00,0.000000e+00,0.000000e+00,0.000000e+00,0.000000e+00,111,930
0.000000e+00,-6.435443e-08,1.986873e-07,4.502451e-07,0.000000e+00,0.000000e+00,0.000000e+00,0.000000e+00,0.000000e+00,0.000000e+00,0.000000e+00,112,930
0.000000e+00,-1.960553e-08,2.442689e-07,2.766498e-07,0.000000e+00,0.000000e+00,0.000000e+00,0.000000e+00,0.000000e+00,0.000000e+00,0.000000e+00,113,930
0.000000e+00,-1.186119e-08,-2.577205e-08,1.550223e-07,0.000000e+00,0.000000e+00,0.000000e+00,0.000000e+00,0.000000e+00,0.000000e+00,0.000000e+00,114,930
0.000000e+00,1.216502e-07,-1.350352e-07,5.846047e-07,0.000000e+00,0.000000e+00,0.000000e+00,0.000000e+00,0.000000e+00,0.000000e+00,0.000000e+00,115,930
0.000000e+00,1.324506e-07,-1.098706e-07,3.966611e-07,0.000000e+00,0.000000e+00,0.000000e+00,0.000000e+00,0.000000e+00,0.000000e+00,0.000000e+00,116,930
0.000000e+00,9.180554e-08,1.770243e-07,4.659675e-07,0.000000e+00,0.000000e+00,0.000000e+00,0.000000e+00,0.000000e+00,0.000000e+00,0.000000e+00,117,930
0.000000e+00,9.904766e-08,1.942472e-07,2.119533e-07,0.000000e+00,0.000000e+00,0.000000e+00,0.000000e+00,0.000000e+00,0.000000e+00,0.000000e+00,118,930
0.000000e+00,3.382256e-08,-2.518318e-07,4.201575e-07,0.000000e+00,0.000000e+00,0.000000e+00,0.000000e+00,0.000000e+00,0.000000e+00,0.000000e+00,119,930
0.000000e+00,2.025352e-07,5.652344e-08,1.955597e-07,0.000000e+00,0.000000e+00,0.000000e+00,0.000000e+00,0.000000e+00,0.000000e+00,0.000000e+00,120,930
0.000000e+00,2.040522e-08,-1.986687e-07,5.680387e-07,0.000000e+00,0.000000e+00,0.000000e+00,0.000000e+00,0.000000e+00,0.000000e+00,0.000000e+00,121,930
0.000000e+00,2.158517e-07,6.411755e-08,5.023222e-07,0.000000e+00,0.000000e+00,0.000000e+00,0.000000e+00,0.000000e+00,0.000000e+00,0.000000e+00,122,930
0.000000e+00,1.259251e-07,2.304812e-07,2.799118e-07,0.000000e+00,0.000000e+00,0.000000e+00,0.000000e+00,0.000000e+00,0.000000e+00,0.000000e+00,123,930
0.000000e+00,-1.333573e-07,-1.035332e-07,3.239932e-07,0.000000e+00,0.000000e+00,0.000000e+00,0.000000e+00,0.000000e+00,0.000000e+00,0.000000e+00,124,930
0.000000e+00,2.266331e-07,-4.209136e-08,3.104897e-07,0.000000e+00,0.000000e+00,0.000000e+00,0.000000e+00,0.000000e+00,0.000000e+00,0.000000e+00,125,930
0.000000e+00,-2.638668e-07,-2.731294e-08,3.174104e-07,0.000000e+00,0.000000e+00,0.000000e+00,0.000000e+00,0.000000e+00,0.000000e+00,0.000000e+00,126,930
0.000000e+00,1.808556e-08,-6.410182e-09,1.971333e-07,0.000000e+00,0.000000e+00,0.000000e+00,0.000000e+00,0.000000e+00,0.000000e+00,0.000000e+00,127,930
0.000000e+00,-2.364659e-08,2.323397e-09,2.201821e-07,0.000000e+00,0.000000e+00,0.000000e+00,0.000000e+00,0.000000e+00,0.000000e+00,0.000000e+00,128,930
0.000000e+00,-1.971692e-07,1.139191e-07,4.130654e-07,0.000000e+00,0.000000e+00,0.000000e+00,0.000000e+00,0.000000e+00,0.000000e+00,0.000000e+00,129,930
0.000000e+00,-2.623779e-07,2.355248e-08,5.258571e-07,0.000000e+00,0.000000e+00,0.000000e+00,0.000000e+00,0.000000e+00,0.000000e+00,0.000000e+00,130,930
0.000000e+00,-5.505179e-08,-1.827069e-07,3.796219e-07,0.000000e+00,0.000000e+00,0.000000e+00,0.000000e+00,0.000000e+00,0.000000e+00,0.000000e+00,131,930
0.000000e+00,1.144532e-07,-1.797930e-07,2.319966e-07,0.000000e+00,0.000000e+00,0.000000e+00,0.000000e+00,0.000000e+00,0.000000e+00,0.000000e+00,132,930
0.000000e+00,-9.179259e-09,3.621875e-08,2.461329e-07,0.000000e+00,0.000000e+00,0.000000e+00,0.000000e+00,0.000000e+00,0.000000e+00,0.000000e+00,133,930
0.000000e+00,1.402405e-08,9.561513e-08,1.811101e-07,0.000000e+00,0.000000e+00,0.000000e+00,0.000000e+00,0.000000e+00,0.000000e+00,0.000000e+00,134,930
0.000000e+00,1.466875e-07,-4.282979e-08,5.689460e-07,0.000000e+00,0.000000e+00,0.000000e+00,0.000000e+00,0.000000e+00,0.000000e+00,0.000000e+00,135,930
0.000000e+00,-8.301772e-08,7.315547e-08,4.215412e-07,0.000000e+00,0.000000e+00,0.000000e+00,0.000000e+00,0.000000e+00,0.000000e+00,0.000000e+00,136,930
0.000000e+00,-8.581141e-08,-1.481752e-07,5.688051e-07,0.000000e+00,0.000000e+00,0.000000e+00,0.000000e+00,0.000000e+00,0.000000e+00,0.000000e+00,137,930
0.000000e+00,1.537589e-07,1.709986e-07,4.105024e-07,0.000000e+00,0.000000e+00,0.000000e+00,0.000000e+00,0.000000e+00,0.000000e+00,0.000000e+00,138,930
0.000000e+00,1.205174e-07,7.911344e-08,4.238872e-07,0.000000e+00,0.000000e+00,0.000000e+00,0.000000e+00,0.000000e+00,0.000000e+00,0.000000e+00,139,930
0.000000e+00,-1.170314e-07,6.870068e-10,5.762401e-07,0.000000e+00,0.000000e+00,0.000000e+00,0.000000e+00,0.000000e+00,0.000000e+00,0.000000e+00,140,930
0.000000e+00,-1.548805e-07,1.593420e-07,3.653090e-07,0.000000e+00,0.000000e+00,0.000000e+00,0.000000e+00,0.000000e+00,0.000000e+00,0.000000e+00,141,930
0.000000e+00,2.071327e-07,7.342177e-08,3.820310e-07,0.000000e+00,0.000000e+00,0.000000e+00,0.000000e+00,0.000000e+00,0.000000e+00,0.000000e+00,142,930
0.000000e+00,-5.444994e-08,2.242017e-07,4.839399e-07,0.000000e+00,0.000000e+00,0.000000e+00,0.000000e+00,0.000000e+00,0.000000e+00,0.000000e+00,143,930
0.000000e+00,2.309105e-07,-5.227943e-08,2.991520e-07,0.000000e+00,0.000000e+00,0.000000e+00,0.000000e+00,0.000000e+00,0.000000e+00,0.000000e+00,144,930
0.000000e+00,-2.615407e-08,-1.964538e-07,3.224331e-07,0.000000e+00,0.000000e+00,0.000000e+00,0.000000e+00,0.000000e+00,0.000000e+00,0.000000e+00,145,930
0.000000e+00,-5.464086e-09,8.949671e-08,3.989538e-07,0.000000e+00,0.000000e+00,0.000000e+00,0.000000e+00,0.000000e+00,0.000000e+00,0.000000e+00,146,930
0.000000e+00,-1.677872e-07,-7.081682e-08,3.327953e-07,0.000000e+00,0.000000e+00,0.000000e+00,0.000000e+00,0.000000e+00,0.000000e+00,0.000000e+00,147,930
0.000000e+00,-1.948122e-07,1.026295e-07,3.730100e-07,0.000000e+00,0.000000e+00,0.000000e+00,0.000000e+00,0.000000e+00,0.000000e+00,0.000000e+00,148,930
0.000000e+00,2.235470e-08,2.244485e-07,4.251596e-07,0.000000e+00,0.000000e+00,0.000000e+00,0.000000e+00,0.000000e+00,0.000000e+00,0.000000e+00,149,930
0.000000e+00,4.194004e-08,-1.873770e-07,3.140799e-07,0.000000e+00,0.000000e+00,0.000000e+00,0.000000e+00,0.000000e+00,0.000000e+00,0.000000e+00,150,930
0.000000e+00,-1.318846e-07,4.564311e-08,6.152671e-07,0.000000e+00,0.000000e+00,0.000000e+00,0.000000e+00,0.000000e+00,0.000000e+00,0.000000e+00,151,930
0.000000e+00,-2.171583e-08,-1.104893e-08,3.924326e-07,0.000000e+00,0.000000e+00,0.000000e+00,0.000000e+00,0.000000e+00,0.000000e+00,0.000000e+00,152,930
0.000000e+00,8.946351e-08,-9.494295e-08,2.048248e-07,0.000000e+00,0.000000e+00,0.000000e+00,0.000000e+00,0.000000e+00,0.000000e+00,0.000000e+00,153,930
0.000000e+00,1.042638e-08,-1.483120e-07,2.881426e-07,0.000000e+00,0.000000e+00,0.000000e+00,0.000000e+00,0.000000e+00,0.000000e+00,0.000000e+00,154,930
0.000000e+00,1.147510e-07,1.309008e-07,2.729798e-07,0.000000e+00,0.000000e+00,0.000000e+00,0.000000e+00,0.000000e+00,0.000000e+00,0.000000e+00,155,930
0.000000e+00,1.846267e-07,5.584589e-08,2.655936e-07,0.000000e+00,0.000000e+00,0.000000e+00,0.000000e+00,0.000000e+00,0.000000e+00,0.000000e+00,156,930
0.000000e+00,1.002987e-07,1.857891e-07,3.971514e-07,0.000000e+00,0.000000e+00,0.000000e+00,0.000000e+00,0.000000e+00,0.000000e+00,0.000000e+00,157,930
0.000000e+00,-4.179935e-09,-1.163710e-07,5.422435e-07,0.000000e+00,0.000000e+00,0.000000e+00,0.000000e+00,0.000000e+00,0.000000e+00,0.000000e+00,158,930
0.000000e+00,8.805426e-08,1.054393e-07,2.554166e-07,0.000000e+00,0.000000e+00,0.000000e+00,0.000000e+00,0.000000e+00,0.000000e+00,0.000000e+00,159,930
0.000000e+00,5.787186e-08,-1.234197e-08,2.650050e-07,0.000000e+00,0.000000e+00,0.000000e+00,0.000000e+00,0.000000e+00,0.000000e+00,0.000000e+00,160,930
0.000000e+00,-1.328565e-07,1.156322e-07,5.821711e-07,0.000000e+00,0.000000e+00,0.000000e+00,0.000000e+00,0.000000e+00,0.000000e+00,0.000000e+00,161,930
0.000000e+00,-7.333525e-08,-2.322337e-07,5.570208e-07,0.000000e+00,0.000000e+00,0.000000e+00,0.000000e+00,0.000000e+00,0.000000e+00,0.000000e+00,162,930
0.000000e+00,-6.382663e-08,-1.502935e-07,3.320448e-07,0.000000e+00,0.000000e+00,0.000000e+00,0.000000e+00,0.000000e+00,0.000000e+00,0.000000e+00,163,930
0.000000e+00,1.596243e-07,-7.838600e-08,3.095530e-07,0.000000e+00,0.000000e+00,0.000000e+00,0.000000e+00,0.000000e+00,0.000000e+00,0.000000e+00,164,930
0.000000e+00,1.532918e-07,1.899827e-07,5.624424e-07,0.000000e+00,0.000000e+00,0.000000e+00,0.000000e+00,0.000000e+00,0.000000e+00,0.000000e+00,165,930
0.000000e+00,-1.491700e-07,-4.250798e-08,4.233940e-07,0.000000e+00,0.000000e+00,0.000000e+00,0.000000e+00,0.000000e+00,0.000000e+00,0.000000e+00,166,930
0.000000e+00,-4.705329e-09,1.675427e-07,1.702831e-07,0.000000e+00,0.000000e+00,0.000000e+00,0.000000e+00,0.000000e+00,0.000000e+00,0.000000e+00,167,930
0.000000e+00,6.773796e-08,-1.787953e-07,2.084881e-07,0.000000e+00,0.000000e+00,0.000000e+00,0.000000e+00,0.000000e+00,0.000000e+00,0.000000e+00,168,930
0.000000e+00,-3.324714e-08,3.699707e-08,2.566071e-07,0.000000e+00,0.000000e+00,0.000000e+00,0.000000e+00,0.000000e+00,0.000000e+00,0.000000e+00,169,930
0.000000e+00,2.761194e-07,-4.176251e-08,3.379048e-07,0.000000e+00,0.000000e+00,0.000000e+00,0.000000e+00,0.000000e+00,0.000000e+00,0.000000e+00,170,930
0.000000e+00,-4.464297e-08,1.920219e-07,3.647668e-07,0.000000e+00,0.000000e+00,0.000000e+00,0.000000e+00,0.000000e+00,0.000000e+00,0.000000e+00,171,930
0.000000e+00,1.805574e-07,-1.325233e-07,2.461250e-07,0.000000e+00,0.000000e+00,0.000000e+00,0.000000e+00,0.000000e+00,0.000000e+00,0.000000e+00,172,930
0.000000e+00,1.462928e-07,9.628848e-08,2.376215e-07,0.000000e+00,0.000000e+00,0.000000e+00,0.000000e+00,0.000000e+00,0.000000e+00,0.000000e+00,173,930
0.000000e+00,-1.501455e-07,1.663492e-07,2.605311e-07,0.000000e+00,0.000000e+00,0.000000e+00,0.000000e+00,0.000000e+00,0.000000e+00,0.000000e+00,174,930
0.000000e+00,2.718744e-08,2.320518e-08,6.007594e-07,0.000000e+00,0.000000e+00,0.000000e+00,0.000000e+00,0.000000e+00,0.000000e+00,0.000000e+00,175,930
0.000000e+00,-2.252539e-08,2.559427e-07,4.196290e-07,0.000000e+00,0.000000e+00,0.000000e+00,0.000000e+00,0.000000e+00,0.000000e+00,0.000000e+00,176,930
0.000000e+00,2.259534e-08,-9.442939e-08,5.824860e-07,0.000000e+00,0.000000e+00,0.000000e+00,0.000000e+00,0.000000e+00,0.000000e+00,0.000000e+00,177,930
0.000000e+00,9.223160e-08,2.666547e-07,3.876791e-07,0.000000e+00,0.000000e+00,0.000000e+00,0.000000e+00,0.000000e+00,0.000000e+00,0.000000e+00,178,930
0.000000e+00,-3.639709e-08,2.387306e-08,5.650735e-07,0.000000e+00,0.000000e+00,0.000000e+00,0.000000e+00,0.000000e+00,0.000000e+00,0.000000e+00,179,930
0.000000e+00,1.632988e-07,-1.983248e-08,4.826712e-07,0.000000e+00,0.000000e+00,0.000000e+00,0.000000e+00,0.000000e+00,0.000000e+00,0.000000e+00,180,930
0.000000e+00,1.028160e-07,-1.522180e-07,2.785523e-07,0.000000e+00,0.000000e+00,0.000000e+00,0.000000e+00,0.000000e+00,0.000000e+00,0.000000e+00,181,930
0.000000e+00,-7.057190e-08,5.730188e-08,3.714796e-07,0.000000e+00,0.000000e+00,0.000000e+00,0.000000e+00,0.000000e+00,0.000000e+00,0.000000e+00,182,930
0.000000e+00,-7.269439e-08,-1.686823e-07,4.866077e-07,0.000000e+00,0.000000e+00,0.000000e+00,0.000000e+00,0.000000e+00,0.000000e+00,0.000000e+00,183,930
0.000000e+00,-7.084169e-09,-3.388261e-08,3.956190e-07,0.000000e+00,0.000000e+00,0.000000e+00,0.000000e+00,0.000000e+00,0.000000e+00,0.000000e+00,184,930
0.000000e+00,-1.185373e-07,8.145111e-08,4.780959e-07,0.000000e+00,0.000000e+00,0.000000e+00,0.000000e+00,0.000000e+00,0.000000e+00,0.000000e+00,185,930
0.000000e+00,3.107743e-08,-9.428999e-08,2.459251e-07,0.000000e+00,0.000000e+00,0.000000e+00,0.000000e+00,0.000000e+00,0.000000e+00,0.000000e+00,186,930
0.000000e+00,1.214286e-07,-3.406746e-08,6.028441e-07,0.000000e+00,0.000000e+00,0.000000e+00,0.000000e+00,0.000000e+00,0.000000e+00,0.000000e+00,187,930
0.000000e+00,6.763890e-08,-1.311644e-07,5.710356e-07,0.000000e+00,0.000000e+00,0.000000e+00,0.000000e+00,0.000000e+00,0.000000e+00,0.000000e+00,188,930
0.000000e+00,-6.490942e-09,2.270698e-07,4.640432e-07,0.000000e+00,0.000000e+00,0.000000e+00,0.000000e+00,0.000000e+00,0.000000e+00,0.000000e+00,189,930
0.000000e+00,-5.717756e-08,-1.636001e-07,3.597939e-07,0.000000e+00,0.000000e+00,0.000000e+00,0.000000e+00,0.000000e+00,0.000000e+00,0.000000e+00,190,930
0.000000e+00,1.131776e-07,-1.751934e-07,5.468659e-07,0.000000e+00,0.000000e+00,0.000000e+00,0.000000e+00,0.000000e+00,0.000000e+00,0.000000e+00,191,930
0.000000e+00,-1.564046e-07,-1.450739e-08,4.187612e-07,0.000000e+00,0.000000e+00,0.000000e+00,0.000000e+00,0.000000e+00,0.000000e+00,0.000000e+00,192,930
0.000000e+00,-1.430545e-10,1.049109e-07,2.632658e-07,0.000000e+00,0.000000e+00,0.000000e+00,0.000000e+00,0.000000e+00,0.000000e+00,0.000000e+00,193,930
0.000000e+00,7.193452e-08,-3.936504e-08,3.689335e-07,0.000000e+00,0.000000e+00,0.000000e+00,0.000000e+00,0.000000e+00,0.000000e+00,0.000000e+00,194,930
0.000000e+00,6.428877e-08,8.894968e-08,4.069257e-07,0.000000e+00,0.000000e+00,0.000000e+00,0.000000e+00,0.000000e+00,0.000000e+00,0.000000e+00,195,930
0.000000e+00,1.289310e-07,1.930002e-07,2.546059e-07,0.000000e+00,0.000000e+00,0.000000e+00,0.000000e+00,0.000000e+00,0.000000e+00,0.000000e+00,196,930
0.000000e+00,-9.087893e-08,2.091829e-07,5.117960e-07,0.000000e+00,0.000000e+00,0.000000e+00,0.000000e+00,0.000000e+00,0.000000e+00,0.000000e+00,197,930
0.000000e+00,-5.137480e-08,-6.131750e-08,4.096296e-07,0.000000e+00,0.000000e+00,0.000000e+00,0.000000e+00,0.000000e+00,0.000000e+00,0.000000e+00,198,930
0.000000e+00,-1.599923e-07,-1.933358e-07,4.115809e-07,0.000000e+00,0.000000e+00,0.000000e+00,0.000000e+00,0.000000e+00,0.000000e+00,0.000000e+00,199,930
0.000000e+00,-1.916534e-08,-1.175905e-07,6.018744e-07,0.000000e+00,0.000000e+00,0.000000e+00,0.000000e+00,0.000000e+00,0.000000e+00,0.000000e+00,200,930
0.000000e+00,2.118655e-08,2.767663e-08,2.065483e-07,0.000000e+00,0.000000e+00,0.000000e+00,0.000000e+00,0.000000e+00,0.000000e+00,0.000000e+00,201,930
0.000000e+00,-1.289957e-07,-4.962139e-08,1.596002e-07,0.000000e+00,0.000000e+00,0.000000e+00,0.000000e+00,0.000000e+00,0.000000e+00,0.000000e+00,202,930
0.000000e+00,1.905976e-07,-1.080409e-07,5.456934e-07,0.000000e+00,0.000000e+00,0.000000e+00,0.000000e+00,0.000000e+00,0.000000e+00,0.000000e+00,203,930
0.000000e+00,1.290930e-07,3.628699e-08,1.831904e-07,0.000000e+00,0.000000e+00,0.000000e+00,0.000000e+00,0.000000e+00,0.000000e+00,0.000000e+00,204,930
0.000000e+00,-1.114749e-07,7.295466e-08,5.409498e-07,0.000000e+00,0.000000e+00,0.000000e+00,0.000000e+00,0.000000e+00,0.000000e+00,0.000000e+00,205,930
0.000000e+00,-9.523076e-08,2.660125e-07,3.447471e-07,0.000000e+00,0.000000e+00,0.000000e+00,0.000000e+00,0.000000e+00,0.000000e+00,0.000000e+00,206,930
0.000000e+00,1.026419e-08,6.481725e-08,6.283494e-07,0.000000e+00,0.000000e+00,0.000000e+00,0.000000e+00,0.000000e+00,0.000000e+00,0.000000e+00,207,930
0.000000e+00,2.155214e-07,8.530324e-08,3.478694e-07,0.000000e+00,0.000000e+00,0.000000e+00,0.000000e+00,0.000000e+00,0.000000e+00,0.000000e+00,208,930
0.000000e+00,-3.078670e-08,-4.620509e-08,5.934850e-07,0.000000e+00,0.000000e+00,0.000000e+00,0.000000e+00,0.000000e+00,0.000000e+00,0.000000e+00,209,930
0.000000e+00,-2.121064e-08,-2.910096e-07,4.379692e-07,0.000000e+00,0.000000e+00,0.000000e+00,0.000000e+00,0.000000e+00,0.000000e+00,0.000000e+00,210,930
0.000000e+00,7.736880e-08,-1.304448e-07,4.861632e-07,0.000000e+00,0.000000e+00,0.000000e+00,0.000000e+00,0.000000e+00,0.000000e+00,0.000000e+00,211,930
0.000000e+00,1.934596e-08,2.749979e-08,4.466576e-07,0.000000e+00,0.000000e+00,0.000000e+00,0.000000e+00,0.000000e+00,0.000000e+00,0.000000e+00,212,930
0.000000e+00,7.944322e-08,7.521428e-08,5.180036e-07,0.000000e+00,0.000000e+00,0.000000e+00,0.000000e+00,0.000000e+00,0.000000e+00,0.000000e+00,213,930
0.000000e+00,2.971860e-08,2.456976e-07,2.661282e-07,0.000000e+00,0.000000e+00,0.000000e+00,0.000000e+00,0.000000e+00,0.000000e+00,0.000000e+00,214,930
0.000000e+00,1.333214e-07,-5.859505e-08,1.786931e-07,0.000000e+00,0.000000e+00,0.000000e+00,0.000000e+00,0.000000e+00,0.000000e+00,0.000000e+00,215,930
0.000000e+00,3.342084e-08,-1.171168e-07,6.397932e-07,0.000000e+00,0.000000e+00,0.000000e+00,0.000000e+00,0.000000e+00,0.000000e+00,0.000000e+00,216,930
0.000000e+00,-2.540663e-07,-7.376049e-08,3.078175e-07,0.000000e+00,0.000000e+00,0.000000e+00,0.000000e+00,0.000000e+00,0.000000e+00,0.000000e+00,217,930
0.000000e+00,-1.630961e-08,-9.793642e-08,3.606033e-07,0.000000e+00,0.000000e+00,0.000000e+00,0.000000e+00,0.000000e+00,0.000000e+00,0.000000e+00,218,930
0.000000e+00,-7.154536e-08,9.133092e-08,3.372063e-07,0.000000e+00,0.000000e+00,0.000000e+00,0.000000e+00,0.000000e+00,0.000000e+00,0.000000e+00,219,930
0.000000e+00,1.527942e-07,9.465110e-08,2.742807e-07,0.000000e+00,0.000000e+00,0.000000e+00,0.000000e+00,0.000000e+00,0.000000e+00,0.000000e+00,220,930
0.000000e+00,2.784282e-08,3.657665e-08,6.106821e-07,0.000000e+00,0.000000e+00,0.000000e+00,0.000000e+00,0.000000e+00,0.000000e+00,0.000000e+00,221,930
0.000000e+00,7.465373e-09,-2.059595e-07,3.455992e-07,0.000000e+00,0.000000e+00,0.000000e+00,0.000000e+00,0.000000e+00,0.000000e+00,0.000000e+00,222,930
0.000000e+00,-2.568740e-08,3.029286e-08,3.915684e-07,0.000000e+00,0.000000e+00,0.000000e+00,0.000000e+00,0.000000e+00,0.000000e+00,0.000000e+00,223,930
0.000000e+00,1.229828e-07,1.840753e-07,5.549777e-07,0.000000e+00,0.000000e+00,0.000000e+00,0.000000e+00,0.000000e+00,0.000000e+00,0.000000e+00,224,930
0.000000e+00,1.741414e-07,1.934849e-07,3.477048e-07,0.000000e+00,0.000000e+00,0.000000e+00,0.000000e+00,0.000000e+00,0.000000e+00,0.000000e+00,225,930
0.000000e+00,-4.544801e-08,1.508593e-07,2.634683e-07,0.000000e+00,0.000000e+00,0.000000e+00,0.000000e+00,0.000000e+00,0.000000e+00,0.000000e+00,226,930
0.000000e+00,1.049601e-07,-2.213632e-07,4.779731e-07,0.000000e+00,0.000000e+00,0.000000e+00,0.000000e+00,0.000000e+00,0.000000e+00,0.000000e+00,227,930
0.000000e+00,-1.772668e-07,-1.840064e-07,2.695697e-07,0.000000e+00,0.000000e+00,0.000000e+00,0.000000e+00,0.000000e+00,0.000000e+00,0.000000e+00,228,930
0.000000e+00,-4.227002e-08,-7.596152e-08,1.445329e-07,0.000000e+00,0.000000e+00,0.000000e+00,0.000000e+00,0.000000e+00,0.000000e+00,0.000000e+00,229,930
0.000000e+00,8.214593e-08,-7.588213e-08,6.046201e-07,0.000000e+00,0.000000e+00,0.000000e+00,0.000000e+00,0.000000e+00,0.000000e+00,0.000000e+00,230,930
0.000000e+00,-1.971221e-07,-7.947456e-08,2.670378e-07,0.000000e+00,0.000000e+00,0.000000e+00,0.000000e+00,0.000000e+00,0.000000e+00,0.000000e+00,231,930
0.000000e+00,6.516656e-08,-9.312292e-09,4.304350e-07,0.000000e+00,0.000000e+00,0.000000e+00,0.000000e+00,0.000000e+00,0.000000e+00,0.000000e+00,232,930
0.000000e+00,-1.469252e-07,9.081340e-09,6.060795e-07,0.000000e+00,0.000000e+00,0.000000e+00,0.000000e+00,0.000000e+00,0.000000e+00,0.000000e+00,233,930
0.000000e+00,-1.821719e-07,-1.204040e-07,4.887926e-07,0.000000e+00,0.000000e+00,0.000000e+00,0.000000e+00,0.000000e+00,0.000000e+00,0.000000e+00,234,930
0.000000e+00,1.322808e-07,-1.677644e-07,3.043596e-07,0.000000e+00,0.000000e+00,0.000000e+00,0.000000e+00,0.000000e+00,0.000000e+00,0.000000e+00,235,930
0.000000e+00,-1.339639e-07,-6.651634e-09,5.208768e-07,0.000000e+00,0.000000e+00,0.000000e+00,0.000000e+00,0.000000e+00,0.000000e+00,0.000000e+00,236,930
0.000000e+00,1.376077e-07,-1.017764e-07,5.960454e-07,0.000000e+00,0.000000e+00,0.000000e+00,0.000000e+00,0.000000e+00,0.000000e+00,0.000000e+00,237,930
0.000000e+00,2.477452e-07,9.115988e-08,4.266031e-07,0.000000e+00,0.000000e+00,0.000000e+00,0.000000e+00,0.000000e+00,0.000000e+00,0.000000e+00,238,930
0.000000e+00,-8.371243e-08,-9.611253e-08,2.525502e-07,0.000000e+00,0.000000e+00,0.000000e+00,0.000000e+00,0.000000e+00,0.000000e+00,0.000000e+00,239,930
0.000000e+00,-1.017741e-07,2.286908e-07,3.651844e-07,0.000000e+00,0.000000e+00,0.000000e+00,0.000000e+00,0.000000e+00,0.000000e+00,0.000000e+00,240,930
0.000000e+00,4.456984e-08,5.696482e-08,4.882366e-07,0.000000e+00,0.000000e+00,0.000000e+00,0.000000e+00,0.000000e+00,0.000000e+00,0.000000e+00,241,930
0.000000e+00,-2.093908e-07,-1.635620e-07,5.178340e-07,0.000000e+00,0.000000e+00,0.000000e+00,0.000000e+00,0.000000e+00,0.000000e+00,0.000000e+00,242,930
0.000000e+00,2.143955e-07,-2.861728e-08,5.965187e-07,0.000000e+00,0.000000e+00,0.000000e+00,0.000000e+00,0.000000e+00,0.000000e+00,0.000000e+00,243,930
0.000000e+00,4.734089e-08,1.424956e-07,3.723551e-07,0.000000e+00,0.000000e+00,0.000000e+00,0.000000e+00,0.000000e+00,0.000000e+00,0.000000e+00,244,930
0.000000e+00,1.408581e-07,-1.374919e-07,5.596287e-07,0.000000e+00,0.000000e+00,0.000000e+00,0.000000e+00,0.000000e+00,0.000000e+00,0.000000e+00,245,930
0.000000e+00,2.533831e-07,-7.917093e-09,4.677792e-07,0.000000e+00,0.000000e+00,0.000000e+00,0.000000e+00,0.000000e+00,0.000000e+00,0.000000e+00,246,930
0.000000e+00,5.348391e-08,-2.314511e-07,5.011368e-07,0.000000e+00,0.000000e+00,0.000000e+00,0.000000e+00,0.000000e+00,0.000000e+00,0.000000e+00,247,930
0.000000e+00,2.037574e-07,1.911972e-07,3.401450e-07,0.000000e+00,0.000000e+00,0.000000e+00,0.000000e+00,0.000000e+00,0.000000e+00,0.000000e+00,248,930
0.000000e+00,1.168287e-07,9.244723e-08,6.396426e-07,0.000000e+00,0.000000e+00,0.000000e+00,0.000000e+00,0.000000e+00,0.000000e+00,0.000000e+00,249,930
0.000000e+00,2.647093e-07,-1.050963e-07,3.306507e-07,0.000000e+00,0.000000e+00,0.000000e+00,0.000000e+00,0.000000e+00,0.000000e+00,0.000000e+00,250,930
0.000000e+00,2.585342e-07,-2.507307e-09,4.368906e-07,0.000000e+00,0.000000e+00,0.000000e+00,0.000000e+00,0.000000e+00,0.000000e+00,0.000000e+00,251,930
0.000000e+00,1.542586e-07,-1.292823e-07,2.131613e-07,0.000000e+00,0.000000e+00,0.000000e+00,0.000000e+00,0.000000e+00,0.000000e+00,0.000000e+00,252,930
0.000000e+00,-1.178752e-07,1.187803e-07,3.801817e-07,0.000000e+00,0.000000e+00,0.000000e+00,0.000000e+00,0.000000e+00,0.000000e+00,0.000000e+00,253,930
0.000000e+00,-1.162478e-07,2.300570e-07,3.331785e-07,0.000000e+00,0.000000e+00,0.000000e+00,0.000000e+00,0.000000e+00,0.000000e+00,0.000000e+00,254,930
0.000000e+00,-2.259891e-07,-8.880566e-08,3.011968e-07,0.000000e+00,0.000000e+00,0.000000e+00,0.000000e+00,0.000000e+00,0.000000e+00,0.000000e+00,255,930
0.000000e+00,-1.031038e-07,7.033355e-08,3.478673e-07,0.000000e+00,0.000000e+00,0.000000e+00,0.000000e+00,0.000000e+00,0.000000e+00,0.000000e+00,256,930
0.000000e+00,1.514650e-07,-4.059048e-08,5.383561e-07,0.000000e+00,0.000000e+00,0.000000e+00,0.000000e+00,0.000000e+00,0.000000e+00,0.000000e+00,257,930
0.000000e+00,6.582736e-09,-2.055552e-07,5.987648e-07,0.000000e+00,0.000000e+00,0.000000e+00,0.000000e+00,0.000000e+00,0.000000e+00,0.000000e+00,258,930
0.000000e+00,-2.418479e-07,-2.331824e-08,4.904083e-07,0.000000e+00,0.000000e+00,0.000000e+00,0.000000e+00,0.000000e+00,0.000000e+00,0.000000e+00,259,930
0.000000e+00,-2.534915e-07,5.325603e-08,3.358289e-07,0.000000e+00,0.000000e+00,0.000000e+00,0.000000e+00,0.000000e+00,0.000000e+00,0.000000e+00,260,930
0.000000e+00,1.826288e-07,-1.102724e-07,2.819181e-07,0.000000e+00,0.000000e+00,0.000000e+00,0.000000e+00,0.000000e+00,0.000000e+00,0.000000e+00,261,930
0.000000e+00,1.190694e-07,7.091086e-08,2.034629e-07,0.000000e+00,0.000000e+00,0.000000e+00,0.000000e+00,0.000000e+00,0.000000e+00,0.000000e+00,262,930
0.000000e+00,-6.828994e-08,8.626465e-08,1.442207e-07,0.000000e+00,0.000000e+00,0.000000e+00,0.000000e+00,0.000000e+00,0.000000e+00,0.000000e+00,263,930
0.000000e+00,5.176285e-08,-1.249815e-07,5.717948e-07,0.000000e+00,0.000000e+00,0.000000e+00,0.000000e+00,0.000000e+00,0.000000e+00,0.000000e+00,264,930
0.000000e+00,-8.382010e-08,-1.127891e-07,2.916280e-07,0.000000e+00,0.000000e+00,0.000000e+00,0.000000e+00,0.000000e+00,0.000000e+00,0.000000e+00,265,930
0.000000e+00,-3.925009e-08,1.145109e-07,3.887427e-07,0.000000e+00,0.000000e+00,0.000000e+00,0.000000e+00,0.000000e+00,0.000000e+00,0.000000e+00,266,930
0.000000e+00,7.583039e-08,-3.290882e-08,3.972493e-07,0.000000e+00,0.000000e+00,0.000000e+00,0.000000e+00,0.000000e+00,0.000000e+00,0.000000e+00,267,930
0.000000e+00,-2.599109e-07,7.636528e-08,2.974824e-07,0.000000e+00,0.000000e+00,0.000000e+00,0.000000e+00,0.000000e+00,0.000000e+00,0.000000e+00,268,930
0.000000e+00,-1.241284e-07,5.775419e-08,4.994871e-07,0.000000e+00,0.000000e+00,0.000000e+00,0.000000e+00,0.000000e+00,0.000000e+00,0.000000e+00,269,930
0.000000e+00,-1.066405e-08,2.634491e-07,4.948198e-07,0.000000e+00,0.000000e+00,0.000000e+00,0.000000e+00,0.000000e+00,0.000000e+00,0.000000e+00,270,930
0.000000e+00,1.951979e-07,1.758128e-07,5.314028e-07,0.000000e+00,0.000000e+00,0.000000e+00,0.000000e+00,0.000000e+00,0.000000e+00,0.000000e+00,271,930
0.000000e+00,-2.648487e-07,-9.134363e-08,3.388390e-07,0.000000e+00,0.000000e+00,0.000000e+00,0.000000e+00,0.000000e+00,0.000000e+00,0.000000e+00,272,930
0.000000e+00,2.422459e-07,-2.417393e-08,5.358335e-07,0.000000e+00,0.000000e+00,0.000000e+00,0.000000e+00,0.000000e+00,0.000000e+00,0.000000e+00,273,930
0.000000e+00,3.214826e-08,-1.749374e-07,4.764102e-07,0.000000e+00,0.000000e+00,0.000000e+00,0.000000e+00,0.000000e+00,0.000000e+00,0.000000e+00,274,930
0.000000e+00,-2.817308e-07,-6.595164e-08,3.371168e-07,0.000000e+00,0.000000e+00,0.000000e+00,0.000000e+00,0.000000e+00,0.000000e+00,0.000000e+00,275,930
0.000000e+00,-2.091736e-09,-6.706738e-08,3.245694e-07,0.000000e+00,0.000000e+00,0.000000e+00,0.000000e+00,0.000000e+00,0.000000e+00,0.000000e+00,276,930
0.000000e+00,-1.827735e-07,1.949278e-07,3.880310e-07,0.000000e+00,0.000000e+00,0.000000e+00,0.000000e+00,0.000000e+00,0.000000e+00,0.000000e+00,277,930
0.000000e+00,2.772056e-07,3.037310e-08,4.569833e-07,0.000000e+00,0.000000e+00,0.000000e+00,0.000000e+00,0.000000e+00,0.000000e+00,0.000000e+00,278,930
0.000000e+00,-9.230578e-08,-1.414579e-07,4.940587e-07,0.000000e+00,0.000000e+00,0.000000e+00,0.000000e+00,0.000000e+00,0.000000e+00,0.000000e+00,279,930
0.000000e+00,1.025907e-07,6.334747e-08,6.612601e-07,0.000000e+00,0.000000e+00,0.000000e+00,0.000000e+00,0.000000e+00,0.000000e+00,0.000000e+00,280,930
0.000000e+00,1.908713e-07,1.427436e-07,4.048064e-07,0.000000e+00,0.000000e+00,0.000000e+00,0.000000e+00,0.000000e+00,0.000000e+00,0.000000e+00,281,930
0.000000e+00,-2.581069e-07,-1.576711e-08,3.381757e-07,0.000000e+00,0.000000e+00,0.000000e+00,0.000000e+00,0.000000e+00,0.000000e+00,0.000000e+00,282,930
0.000000e+00,1.093992e-07,-7.366668e-09,4.706674e-07,0.000000e+00,0.000000e+00,0.000000e+00,0.000000e+00,0.000000e+00,0.000000e+00,0.000000e+00,283,930
0.000000e+00,-1.472522e-07,-1.653570e-07,4.009184e-07,0.000000e+00,0.000000e+00,0.000000e+00,0.000000e+00,0.000000e+00,0.000000e+00,0.000000e+00,284,930
0.000000e+00,1.014210e-07,6.575543e-08,4.663731e-07,0.000000e+00,0.000000e+00,0.000000e+00,0.000000e+00,0.000000e+00,0.000000e+00,0.000000e+00,285,930
0.000000e+00,-9.185393e-08,1.359069e-07,4.136170e-07,0.000000e+00,0.000000e+00,0.000000e+00,0.000000e+00,0.000000e+00,0.000000e+00,0.000000e+00,286,930
0.000000e+00,-9.024260e-08,1.111662e-07,6.225371e-07,0.000000e+00,0.000000e+00,0.000000e+00,0.000000e+00,0.000000e+00,0.000000e+00,0.000000e+00,287,930
0.000000e+00,5.426209e-08,-1.058882e-07,2.950180e-07,0.000000e+00,0.000000e+00,0.000000e+00,0.000000e+00,0.000000e+00,0.000000e+00,0.000000e+00,288,930
0.000000e+00,6.588365e-08,-2.382628e-07,5.257421e-07,0.000000e+00,0.000000e+00,0.000000e+00,0.000000e+00,0.000000e+00,0.000000e+00,0.000000e+00,289,930
0.000000e+00,1.979459e-07,2.045018e-07,4.233381e-07,0.000000e+00,0.000000e+00,0.000000e+00,0.000000e+00,0.000000e+00,0.000000e+00,0.000000e+00,290,930
0.000000e+00,-1.143780e-07,-9.786081e-08,2.733282e-07,0.000000e+00,0.000000e+00,0.000000e+00,0.000000e+00,0.000000e+00,0.000000e+00,0.000000e+00,291,930
0.000000e+00,-1.352840e-07,-1.232369e-07,2.354250e-07,0.000000e+00,0.000000e+00,0.000000e+00,0.000000e+00,0.000000e+00,0.000000e+00,0.000000e+00,292,930
0.000000e+00,-2.345632e-07,-6.157664e-08,2.934436e-07,0.000000e+00,0.000000e+00,0.000000e+00,0.000000e+00,0.000000e+00,0.000000e+00,0.000000e+00,293,930
0.000000e+00,-3.389956e-08,8.336000e-08,5.261106e-07,0.000000e+00,0.000000e+00,0.000000e+00,0.000000e+00,0.000000e+00,0.000000e+00,0.000000e+00,294,930
0.000000e+00,7.413239e-08,1.856769e-07,6.051886e-07,0.000000e+00,0.000000e+00,0.000000e+00,0.000000e+00,0.000000e+00,0.000000e+00,0.000000e+00,295,930
0.000000e+00,-1.305697e-07,-5.923078e-08,6.500806e-07,0.000000e+00,0.000000e+00,0.000000e+00,0.000000e+00,0.000000e+00,0.000000e+00,0.000000e+00,296,930
0.000000e+00,-6.677345e-08,1.759294e-08,3.871809e-07,0.000000e+00,0.000000e+00,0.000000e+00,0.000000e+00,0.000000e+00,0.000000e+00,0.000000e+00,297,930
0.000000e+00,-1.779089e-07,-8.760405e-09,5.301112e-07,0.000000e+00,0.000000e+00,0.000000e+00,0.000000e+00,0.000000e+00,0.000000e+00,0.000000e+00,298,930
0.000000e+00,1.220446e-07,1.486079e-07,3.086134e-07,0.000000e+00,0.000000e+00,0.000000e+00,0.000000e+00,0.000000e+00,0.000000e+00,0.000000e+00,299,930
0.000000e+00,1.618409e-07,-1.324339e-08,5.708336e-07,0.000000e+00,0.000000e+00,0.000000e+00,0.000000e+00,0.000000e+00,0.000000e+00,0.000000e+00,300,930
0.000000e+00,3.098161e-08,-1.277630e-07,4.627559e-07,0.000000e+00,0.000000e+00,0.000000e+00,0.000000e+00,0.000000e+00,0.000000e+00,0.000000e+00,301,930
0.000000e+00,-4.734453e-08,1.530495e-07,2.699577e-07,0.000000e+00,0.000000e+00,0.000000e+00,0.000000e+00,0.000000e+00,0.000000e+00,0.000000e+00,302,930
0.000000e+00,1.548176e-07,2.074563e-07,4.621163e-07,0.000000e+00,0.000000e+00,0.000000e+00,0.000000e+00,0.000000e+00,0.000000e+00,0.000000e+00,303,930
0.000000e+00,1.387937e-07,-1.641728e-07,4.922149e-07,0.000000e+00,0.000000e+00,0.000000e+00,0.000000e+00,0.000000e+00,0.000000e+00,0.000000e+00,304,930
0.000000e+00,6.836068e-08,-2.080398e-07,5.617152e-07,0.000000e+00,0.000000e+00,0.000000e+00,0.000000e+00,0.000000e+00,0.000000e+00,0.000000e+00,305,930
0.000000e+00,-1.646459e-08,2.237160e-07,3.296835e-07,0.000000e+00,0.000000e+00,0.000000e+00,0.000000e+00,0.000000e+00,0.000000e+00,0.000000e+00,306,930
0.000000e+00,7.453016e-08,5.063002e-08,1.715901e-07,0.000000e+00,0.000000e+00,0.000000e+00,0.000000e+00,0.000000e+00,0.000000e+00,0.000000e+00,307,930
0.000000e+00,9.080040e-08,3.485211e-09,2.164102e-07,0.000000e+00,0.000000e+00,0.000000e+00,0.000000e+00,0.000000e+00,0.000000e+00,0.000000e+00,308,930
0.000000e+00,2.446033e-07,3.268235e-08,2.424783e-07,0.000000e+00,0.000000e+00,0.000000e+00,0.000000e+00,0.000000e+00,0.000000e+00,0.000000e+00,309,930
0.000000e+00,9.982604e-08,2.369370e-07,5.327052e-07,0.000000e+00,0.000000e+00,0.000000e+00,0.000000e+00,0.000000e+00,0.000000e+00,0.000000e+00,310,930
0.000000e+00,5.383745e-08,6.190287e-08,2.090902e-07,0.000000e+00,0.000000e+00,0.000000e+00,0.000000e+00,0.000000e+00,0.000000e+00,0.000000e+00,311,930
0.000000e+00,-1.135470e-07,7.116413e-08,4.863591e-07,0.000000e+00,0.000000e+00,0.000000e+00,0.000000e+00,0.000000e+00,0.000000e+00,0.000000e+00,312,930
0.000000e+00,2.665475e-07,-7.375481e-08,3.121567e-07,0.000000e+00,0.000000e+00,0.000000e+00,0.000000e+00,0.000000e+00,0.000000e+00,0.000000e+00,313,930
0.000000e+00,8.825270e-08,-2.175736e-07,2.731452e-07,0.000000e+00,0.000000e+00,0.000000e+00,0.000000e+00,0.000000e+00,0.000000e+00,0.000000e+00,314,930
0.000000e+00,3.229605e-08,-3.040209e-08,6.114374e-07,0.000000e+00,0.000000e+00,0.000000e+00,0.000000e+00,0.000000e+00,0.000000e+00,0.000000e+00,315,930
0.000000e+00,1.433384e-07,9.228821e-09,4.389327e-07,0.000000e+00,0.000000e+00,0.000000e+00,0.000000e+00,0.000000e+00,0.000000e+00,0.000000e+00,316,930
0.000000e+00,1.420242e-07,1.905717e-07,2.392853e-07,0.000000e+00,0.000000e+00,0.000000e+00,0.000000e+00,0.000000e+00,0.000000e+00,0.000000e+00,317,930
0.000000e+00,1.661785e-07,1.415180e-07,4.042613e-07,0.000000e+00,0.000000e+00,0.000000e+00,0.000000e+00,0.000000e+00,0.000000e+00,0.000000e+00,318,930
0.000000e+00,-1.743221e-07,-2.690943e-08,2.810655e-07,0.000000e+00,0.000000e+00,0.000000e+00,0.000000e+00,0.000000e+00,0.000000e+00,0.000000e+00,319,930
0.000000e+00,-1.586197e-07,-1.144604e-07,5.869970e-07,0.000000e+00,0.000000e+00,0.000000e+00,0.000000e+00,0.000000e+00,0.000000e+00,0.000000e+00,320,930
0.000000e+00,5.865605e-08,-9.393395e-08,3.873729e-07,0.000000e+00,0.000000e+00,0.000000e+00,0.000000e+00,0.000000e+00,0.000000e+00,0.000000e+00,321,930
0.000000e+00,3.921691e-08,-5.595625e-08,3.379401e-07,0.000000e+00,0.000000e+00,0.000000e+00,0.000000e+00,0.000000e+00,0.000000e+00,0.000000e+00,322,930
0.000000e+00,-7.340936e-08,4.273173e-08,1.555962e-07,0.000000e+00,0.000000e+00,0.000000e+00,0.000000e+00,0.000000e+00,0.000000e+00,0.000000e+00,323,930
0.000000e+00,-2.991653e-09,-2.520548e-07,2.421366e-07,0.000000e+00,0.000000e+00,0.000000e+00,0.000000e+00,0.000000e+00,0.000000e+00,0.000000e+00,324,930
0.000000e+00,3.818179e-08,-1.866103e-07,5.125942e-07,0.000000e+00,0.000000e+00,0.000000e+00,0.000000e+00,0.000000e+00,0.000000e+00,0.000000e+00,325,930
0.000000e+00,-4.889716e-08,1.091746e-07,1.831991e-07,0.000000e+00,0.000000e+00,0.000000e+00,0.000000e+00,0.000000e+00,0.000000e+00,0.000000e+00,326,930
0.000000e+00,-1.603211e-07,-9.664197e-08,2.485906e-07,0.000000e+00,0.000000e+00,0.000000e+00,0.000000e+00,0.000000e+00,0.000000e+00,0.000000e+00,327,930
0.000000e+00,-5.526213e-08,2.221302e-07,2.925557e-07,0.000000e+00,0.000000e+00,0.000000e+00,0.000000e+00,0.000000e+00,0.000000e+00,0.000000e+00,328,930
0.000000e+00,-8.134183e-08,-1.593615e-07,2.095371e-07,0.000000e+00,0.000000e+00,0.000000e+00,0.000000e+00,0.000000e+00,0.000000e+00,0.000000e+00,329,930
0.000000e+00,-1.872574e-08,-1.402338e-07,4.253948e-07,0.000000e+00,0.000000e+00,0.000000e+00,0.000000e+00,0.000000e+00,0.000000e+00,0.000000e+00,330,930
0.000000e+00,2.021781e-07,-6.614098e-08,2.549434e-07,0.000000e+00,0.000000e+00,0.000000e+00,0.000000e+00,0.000000e+00,0.000000e+00,0.000000e+00,331,930
0.000000e+00,1.481265e-07,-1.250199e-07,2.692153e-07,0.000000e+00,0.000000e+00,0.000000e+00,0.000000e+00,0.000000e+00,0.000000e+00,0.000000e+00,332,930
0.000000e+00,4.387545e-08,-2.014857e-07,5.632508e-07,0.000000e+00,0.000000e+00,0.000000e+00,0.000000e+00,0.000000e+00,0.000000e+00,0.000000e+00,333,930
0.000000e+00,-1.204254e-08,1.928736e-07,2.447079e-07,0.000000e+00,0.000000e+00,0.000000e+00,0.000000e+00,0.000000e+00,0.000000e+00,0.000000e+00,334,930
0.000000e+00,-1.282076e-07,1.204779e-07,2.955079e-07,0.000000e+00,0.000000e+00,0.000000e+00,0.000000e+00,0.000000e+00,0.000000e+00,0.000000e+00,335,930
0.000000e+00,8.097377e-09,-1.801700e-07,4.260935e-07,0.000000e+00,0.000000e+00,0.000000e+00,0.000000e+00,0.000000e+00,0.000000e+00,0.000000e+00,336,930
0.000000e+00,-9.457130e-08,7.903349e-08,5.640743e-07,0.000000e+00,0.000000e+00,0.000000e+00,0.000000e+00,0.000000e+00,0.000000e+00,0.000000e+00,337,930
0.000000e+00,-7.240169e-08,1.098126e-08,3.040490e-07,0.000000e+00,0.000000e+00,0.000000e+00,0.000000e+00,0.000000e+00,0.000000e+00,0.000000e+00,338,930
0.000000e+00,-8.681873e-08,-1.720471e-07,5.006903e-07,0.000000e+00,0.000000e+00,0.000000e+00,0.000000e+00,0.000000e+00,0.000000e+00,0.000000e+00,339,930
0.000000e+00,-1.543706e-07,-1.109423e-07,4.439976e-07,0.000000e+00,0.000000e+00,0.000000e+00,0.000000e+00,0.000000e+00,0.000000e+00,0.000000e+00,340,930
0.000000e+00,-1.833311e-07,-1.827887e-07,4.417649e-07,0.000000e+00,0.000000e+00,0.000000e+00,0.000000e+00,0.000000e+00,0.000000e+00,0.000000e+00,341,930
0.000000e+00,2.835822e-07,-1.400613e-08,3.555262e-07,0.000000e+00,0.000000e+00,0.000000e+00,0.000000e+00,0.000000e+00,0.000000e+00,0.000000e+00,342,930
0.000000e+00,1.463816e-09,2.601013e-07,4.699639e-07,0.000000e+00,0.000000e+00,0.000000e+00,0.000000e+00,0.000000e+00,0.000000e+00,0.000000e+00,343,930
0.000000e+00,-5.018786e-08,-1.611299e-07,5.230982e-07,0.000000e+00,0.000000e+00,0.000000e+00,0.000000e+00,0.000000e+00,0.000000e+00,0.000000e+00,344,930
0.000000e+00,-2.150113e-07,1.520407e-07,4.723870e-07,0.000000e+00,0.000000e+00,0.000000e+00,0.000000e+00,0.000000e+00,0.000000e+00,0.000000e+00,345,930
0.000000e+00,-1.785162e-07,-1.358645e-07,5.722342e-07,0.000000e+00,0.000000e+00,0.000000e+00,0.000000e+00,0.000000e+00,0.000000e+00,0.000000e+00,346,930
0.000000e+00,1.752577e-07,1.059689e-07,3.306563e-07,0.000000e+00,0.000000e+00,0.000000e+00,0.000000e+00,0.000000e+00,0.000000e+00,0.000000e+00,347,930
0.000000e+00,-1.012582e-07,-1.160492e-07,2.286803e-07,0.000000e+00,0.000000e+00,0.000000e+00,0.000000e+00,0.000000e+00,0.000000e+00,0.000000e+00,348,930
0.000000e+00,-2.401339e-08,7.626676e-08,4.690886e-07,0.000000e+00,0.000000e+00,0.000000e+00,0.000000e+00,0.000000e+00,0.000000e+00,0.000000e+00,349,930
0.000000e+00,-1.475610e-07,-2.021396e-07,5.239420e-07,0.000000e+00,0.000000e+00,0.000000e+00,0.000000e+00,0.000000e+00,0.000000e+00,0.000000e+00,350,930
0.000000e+00,1.729334e-07,-1.251377e-07,3.275406e-07,0.000000e+00,0.000000e+00,0.000000e+00,0.000000e+00,0.000000e+00,0.000000e+00,0.000000e+00,351,930
0.000000e+00,-1.082825e-07,-1.078007e-07,1.948876e-07,0.000000e+00,0.000000e+00,0.000000e+00,0.000000e+00,0.000000e+00,0.000000e+00,0.000000e+00,352,930
0.000000e+00,-6.522211e-08,5.862450e-08,3.122893e-07,0.000000e+00,0.000000e+00,0.000000e+00,0.000000e+00,0.000000e+00,0.000000e+00,0.000000e+00,353,930
0.000000e+00,2.449924e-07,-3.371158e-09,3.083150e-07,0.000000e+00,0.000000e+00,0.000000e+00,0.000000e+00,0.000000e+00,0.000000e+00,0.000000e+00,354,930
0.000000e+00,9.114821e-08,-2.268814e-07,3.181026e-07,0.000000e+00,0.000000e+00,0.000000e+00,0.000000e+00,0.000000e+00,0.000000e+00,0.000000e+00,355,930
0.000000e+00,-6.718905e-08,-2.577264e-07,4.152790e-07,0.000000e+00,0.000000e+00,0.000000e+00,0.000000e+00,0.000000e+00,0.000000e+00,0.000000e+00,356,930
0.000000e+00,2.066715e-07,7.827554e-08,2.517864e-07,0.000000e+00,0.000000e+00,0.000000e+00,0.000000e+00,0.000000e+00,0.000000e+00,0.000000e+00,357,930
0.000000e+00,1.995470e-07,1.658637e-07,5.245199e-07,0.000000e+00,0.000000e+00,0.000000e+00,0.000000e+00,0.000000e+00,0.000000e+00,0.000000e+00,358,930
0.000000e+00,-1.064348e-07,1.240072e-07,4.570326e-07,0.000000e+00,0.000000e+00,0.000000e+00,0.000000e+00,0.000000e+00,0.000000e+00,0.000000e+00,359,930
0.000000e+00,1.624904e-07,-7.670320e-08,3.195580e-07,0.000000e+00,0.000000e+00,0.000000e+00,0.000000e+00,0.000000e+00,0.000000e+00,0.000000e+00,360,930
0.000000e+00,-2.884531e-08,2.615850e-07,3.046405e-07,0.000000e+00,0.000000e+00,0.000000e+00,0.000000e+00,0.000000e+00,0.000000e+00,0.000000e+00,361,930
0.000000e+00,7.037974e-10,9.593168e-08,1.861982e-07,0.000000e+00,0.000000e+00,0.000000e+00,0.000000e+00,0.000000e+00,0.000000e+00,0.000000e+00,362,930
0.000000e+00,-1.406574e-07,2.189148e-07,3.473485e-07,0.000000e+00,0.000000e+00,0.000000e+00,0.000000e+00,0.000000e+00,0.000000e+00,0.000000e+00,363,930
0.000000e+00,-3.149742e-08,-6.673188e-08,5.102670e-07,0.000000e+00,0.000000e+00,0.000000e+00,0.000000e+00,0.000000e+00,0.000000e+00,0.000000e+00,364,930
0.000000e+00,-2.539718e-07,-6.821460e-08,4.965995e-07,0.000000e+00,0.000000e+00,0.000000e+00,0.000000e+00,0.000000e+00,0.000000e+00,0.000000e+00,365,930
0.000000e+00,-1.701510e-07,-1.870573e-07,5.308641e-07,0.000000e+00,0.000000e+00,0.000000e+00,0.000000e+00,0.000000e+00,0.000000e+00,0.000000e+00,366,930
0.000000e+00,1.833817e-07,-9.154780e-09,4.810301e-07,0.000000e+00,0.000000e+00,0.000000e+00,0.000000e+00,0.000000e+00,0.000000e+00,0.000000e+00,367,930
0.000000e+00,1.745166e-07,-1.862661e-08,6.036864e-07,0.000000e+00,0.000000e+00,0.000000e+00,0.000000e+00,0.000000e+00,0.000000e+00,0.000000e+00,368,930
0.000000e+00,2.652512e-08,-2.290565e-08,5.520220e-07,0.000000e+00,0.000000e+00,0.000000e+00,0.000000e+00,0.000000e+00,0.000000e+00,0.000000e+00,369,930
0.000000e+00,5.624311e-08,-3.348424e-08,6.680049e-07,0.000000e+00,0.000000e+00,0.000000e+00,0.000000e+00,0.000000e+00,0.000000e+00,0.000000e+00,370,930
0.000000e+00,9.620526e-09,5.389674e-08,6.002348e-07,0.000000e+00,0.000000e+00,0.000000e+00,0.000000e+00,0.000000e+00,0.000000e+00,0.000000e+00,371,930
0.000000e+00,1.514766e-07,-1.236376e-07,4.100515e-07,0.000000e+00,0.000000e+00,0.000000e+00,0.000000e+00,0.000000e+00,0.000000e+00,0.000000e+00,372,930
0.000000e+00,1.094737e-07,9.349372e-08,3.240215e-07,0.000000e+00,0.000000e+00,0.000000e+00,0.000000e+00,0.000000e+00,0.000000e+00,0.000000e+00,373,930
0.000000e+00,3.198573e-08,8.081740e-08,3.106312e-07,0.000000e+00,0.000000e+00,0.000000e+00,0.000000e+00,0.000000e+00,0.000000e+00,0.000000e+00,374,930
0.000000e+00,-1.807353e-07,-2.116566e-07,3.883705e-07,0.000000e+00,0.000000e+00,0.000000e+00,0.000000e+00,0.000000e+00,0.000000e+00,0.000000e+00,375,930
0.000000e+00,2.401504e-07,-1.218408e-07,4.087616e-07,0.000000e+00,0.000000e+00,0.000000e+00,0.000000e+00,0.000000e+00,0.000000e+00,0.000000e+00,376,930
0.000000e+00,1.624049e-07,1.587164e-07,4.976423e-07,0.000000e+00,0.000000e+00,0.000000e+00,0.000000e+00,0.000000e+00,0.000000e+00,0.000000e+00,377,930
0.000000e+00,7.791554e-08,6.240604e-08,6.067262e-07,0.000000e+00,0.000000e+00,0.000000e+00,0.000000e+00,0.000000e+00,0.000000e+00,0.000000e+00,378,930
0.000000e+00,1.351301e-07,3.443171e-09,1.470658e-07,0.000000e+00,0.000000e+00,0.000000e+00,0.000000e+00,0.000000e+00,0.000000e+00,0.000000e+00,379,930
0.000000e+00,7.183936e-09,1.611114e-08,4.281228e-07,0.000000e+00,0.000000e+00,0.000000e+00,0.000000e+00,0.000000e+00,0.000000e+00,0.000000e+00,380,930
0.000000e+00,4.217450e-08,1.041939e-07,2.786872e-07,0.000000e+00,0.000000e+00,0.000000e+00,0.000000e+00,0.000000e+00,0.000000e+00,0.000000e+00,381,930
0.000000e+00,1.643502e-07,7.980967e-08,4.475273e-07,0.000000e+00,0.000000e+00,0.000000e+00,0.000000e+00,0.000000e+00,0.000000e+00,0.000000e+00,382,930
0.000000e+00,-8.739385e-08,1.055301e-07,2.882847e-07,0.000000e+00,0.000000e+00,0.000000e+00,0.000000e+00,0.000000e+00,0.000000e+00,0.000000e+00,383,930
0.000000e+00,-1.529508e-07,8.890689e-08,6.202500e-07,0.000000e+00,0.000000e+00,0.000000e+00,0.000000e+00,0.000000e+00,0.000000e+00,0.000000e+00,384,930
0.000000e+00,4.894312e-10,-7.013614e-08,4.267979e-07,0.000000e+00,0.000000e+00,0.000000e+00,0.000000e+00,0.000000e+00,0.000000e+00,0.000000e+00,385,930
0.000000e+00,-1.282185e-07,-6.783574e-08,2.986867e-07,0.000000e+00,0.000000e+00,0.000000e+00,0.000000e+00,0.000000e+00,0.000000e+00,0.000000e+00,386,930
0.000000e+00,1.329451e-07,1.595870e-07,5.698833e-07,0.000000e+00,0.000000e+00,0.000000e+00,0.000000e+00,0.000000e+00,0.000000e+00,0.000000e+00,387,930
0.000000e+00,-1.372147e-07,-2.658016e-08,2.131347e-07,0.000000e+00,0.000000e+00,0.000000e+00,0.000000e+00,0.000000e+00,0.000000e+00,0.000000e+00,388,930
0.000000e+00,2.011426e-07,-1.309532e-07,2.985727e-07,0.000000e+00,0.000000e+00,0.000000e+00,0.000000e+00,0.000000e+00,0.000000e+00,0.000000e+00,389,930
0.000000e+00,3.513841e-08,-5.155522e-08,1.206980e-07,0.000000e+00,0.000000e+00,0.000000e+00,0.000000e+00,0.000000e+00,0.000000e+00,0.000000e+00,390,930
0.000000e+00,-1.821385e-07,7.858165e-08,2.151583e-07,0.000000e+00,0.000000e+00,0.000000e+00,0.000000e+00,0.000000e+00,0.000000e+00,0.000000e+00,391,930
0.000000e+00,1.408745e-07,-9.631424e-08,3.910141e-07,0.000000e+00,0.000000e+00,0.000000e+00,0.000000e+00,0.000000e+00,0.000000e+00,0.000000e+00,392,930
0.000000e+00,4.715546e-08,2.189233e-07,5.166761e-07,0.000000e+00,0.000000e+00,0.000000e+00,0.000000e+00,0.000000e+00,0.000000e+00,0.000000e+00,393,930
0.000000e+00,-2.542669e-07,-9.230553e-08,4.706082e-07,0.000000e+00,0.000000e+00,0.000000e+00,0.000000e+00,0.000000e+00,0.000000e+00,0.000000e+00,394,930
0.000000e+00,-7.672750e-08,1.804026e-07,4.692048e-07,0.000000e+00,0.000000e+00,0.000000e+00,0.000000e+00,0.000000e+00,0.000000e+00,0.000000e+00,395,930
0.000000e+00,-2.285288e-07,8.589343e-08,3.506779e-07,0.000000e+00,0.000000e+00,0.000000e+00,0.000000e+00,0.000000e+00,0.000000e+00,0.000000e+00,396,930
0.000000e+00,-1.688601e-07,-8.053349e-08,4.150991e-07,0.000000e+00,0.000000e+00,0.000000e+00,0.000000e+00,0.000000e+00,0.000000e+00,0.000000e+00,397,930
0.000000e+00,-6.727942e-08,-1.755406e-07,5.118383e-07,0.000000e+00,0.000000e+00,0.000000e+00,0.000000e+00,0.000000e+00,0.000000e+00,0.000000e+00,398,930
0.000000e+00,7.630522e-08,6.517266e-08,1.489435e-07,0.000000e+00,0.000000e+00,0.000000e+00,0.000000e+00,0.000000e+00,0.000000e+00,0.000000e+00,399,930
0.000000e+00,-1.357295e-07,8.092679e-08,1.595006e-07,0.000000e+00,0.000000e+00,0.000000e+00,0.000000e+00,0.000000e+00,0.000000e+00,0.000000e+00,400,930
0.000000e+00,-1.447193e-07,3.102876e-08,2.617813e-07,0.000000e+00,0.000000e+00,0.000000e+00,0.000000e+00,0.000000e+00,0.000000e+00,0.000000e+00,401,930
0.000000e+00,5.745462e-08,2.788625e-08,6.186103e-07,0.000000e+00,0.000000e+00,0.000000e+00,0.000000e+00,0.000000e+00,0.000000e+00,0.000000e+00,402,930
0.000000e+00,-2.450532e-07,-1.518696e-07,4.202823e-07,0.000000e+00,0.000000e+00,0.000000e+00,0.000000e+00,0.000000e+00,0.000000e+00,0.000000e+00,403,930
0.000000e+00,1.129793e-07,2.404242e-07,3.091439e-07,0.000000e+00,0.000000e+00,0.000000e+00,0.000000e+00,0.000000e+00,0.000000e+00,0.000000e+00,404,930
0.000000e+00,-1.290047e-07,2.079483e-07,3.773660e-07,0.000000e+00,0.000000e+00,0.000000e+00,0.000000e+00,0.000000e+00,0.000000e+00,0.000000e+00,405,930
0.000000e+00,-3.853017e-08,1.190151e-07,5.532531e-07,0.000000e+00,0.000000e+00,0.000000e+00,0.000000e+00,0.000000e+00,0.000000e+00,0.000000e+00,406,930
0.000000e+00,3.678479e-08,1.785332e-07,2.335165e-07,0.000000e+00,0.000000e+00,0.000000e+00,0.000000e+00,0.000000e+00,0.000000e+00,0.000000e+00,407,930
0.000000e+00,-6.755410e-08,2.545962e-07,5.266722e-07,0.000000e+00,0.000000e+00,0.000000e+00,0.000000e+00,0.000000e+00,0.000000e+00,0.000000e+00,408,930
0.000000e+00,5.475039e-08,-1.315326e-07,3.970485e-07,0.000000e+00,0.000000e+00,0.000000e+00,0.000000e+00,0.000000e+00,0.000000e+00,0.000000e+00,409,930
0.000000e+00,5.565842e-08,-9.087658e-08,5.565584e-07,0.000000e+00,0.000000e+00,0.000000e+00,0.000000e+00,0.000000e+00,0.000000e+00,0.000000e+00,410,930
0.000000e+00,-2.154965e-07,-9.366914e-08,4.163210e-07,0.000000e+00,0.000000e+00,0.000000e+00,0.000000e+00,0.000000e+00,0.000000e+00,0.000000e+00,411,930
0.000000e+00,-2.915115e-08,-6.490186e-08,4.382770e-07,0.000000e+00,0.000000e+00,0.000000e+00,0.000000e+00,0.000000e+00,0.000000e+00,0.000000e+00,412,930
0.000000e+00,6.328480e-09,2.819612e-07,3.924557e-07,0.000000e+00,0.000000e+00,0.000000e+00,0.000000e+00,0.000000e+00,0.000000e+00,0.000000e+00,413,930
0.000000e+00,9.836399e-08,-3.075661e-08,3.592685e-07,0.000000e+00,0.000000e+00,0.000000e+00,0.000000e+00,0.000000e+00,0.000000e+00,0.000000e+00,414,930
0.000000e+00,1.425358e-07,-2.429855e-07,4.624409e-07,0.000000e+00,0.000000e+00,0.000000e+00,0.000000e+00,0.000000e+00,0.000000e+00,0.000000e+00,415,930
0.000000e+00,1.235597e-07,-9.218785e-08,2.080657e-07,0.000000e+00,0.000000e+00,0.000000e+00,0.000000e+00,0.000000e+00,0.000000e+00,0.000000e+00,416,930
0.000000e+00,-1.121210e-08,1.012819e-07,6.410248e-07,0.000000e+00,0.000000e+00,0.000000e+00,0.000000e+00,0.000000e+00,0.000000e+00,0.000000e+00,417,930
0.000000e+00,1.607616e-07,1.333472e-07,2.177860e-07,0.000000e+00,0.000000e+00,0.000000e+00,0.000000e+00,0.000000e+00,0.000000e+00,0.000000e+00,418,930
0.000000e+00,1.894764e-07,3.886559e-08,2.759511e-07,0.000000e+00,0.000000e+00,0.000000e+00,0.000000e+00,0.000000e+00,0.000000e+00,0.000000e+00,419,930
0.000000e+00,2.277707e-07,-7.213244e-08,2.309755e-07,0.000000e+00,0.000000e+00,0.000000e+00,0.000000e+00,0.000000e+00,0.000000e+00,0.000000e+00,420,930
0.000000e+00,-2.747977e-08,2.600153e-07,4.618160e-07,0.000000e+00,0.000000e+00,0.000000e+00,0.000000e+00,0.000000e+00,0.000000e+00,0.000000e+00,421,930
0.000000e+00,1.324428e-07,-5.325122e-08,4.529517e-07,0.000000e+00,0.000000e+00,0.000000e+00,0.000000e+00,0.000000e+00,0.000000e+00,0.000000e+00,422,930
0.000000e+00,5.243791e-08,2.143338e-07,5.458748e-07,0.000000e+00,0.000000e+00,0.000000e+00,0.000000e+00,0.000000e+00,0.000000e+00,0.000000e+00,423,930
0.000000e+00,-2.107381e-08,5.906512e-08,3.475033e-07,0.000000e+00,0.000000e+00,0.000000e+00,0.000000e+00,0.000000e+00,0.000000e+00,0.000000e+00,424,930
0.000000e+00,1.742325e-07,1.750552e-07,5.446598e-07,0.000000e+00,0.000000e+00,0.000000e+00,0.000000e+00,0.000000e+00,0.000000e+00,0.000000e+00,425,930
0.000000e+00,-2.595938e-09,1.615810e-07,3.360949e-07,0.000000e+00,0.000000e+00,0.000000e+00,0.000000e+00,0.000000e+00,0.000000e+00,0.000000e+00,426,930
0.000000e+00,1.730314e-07,8.212108e-08,5.972280e-07,0.000000e+00,0.000000e+00,0.000000e+00,0.000000e+00,0.000000e+00,0.000000e+00,0.000000e+00,427,930
0.000000e+00,9.835046e-08,-1.015775e-07,2.084440e-07,0.000000e+00,0.000000e+00,0.000000e+00,0.000000e+00,0.000000e+00,0.000000e+00,0.000000e+00,428,930
0.000000e+00,1.640202e-07,1.541689e-07,2.842965e-07,0.000000e+00,0.000000e+00,0.000000e+00,0.000000e+00,0.000000e+00,0.000000e+00,0.000000e+00,429,930
0.000000e+00,1.833445e-08,-4.264752e-08,1.387372e-07,0.000000e+00,0.000000e+00,0.000000e+00,0.000000e+00,0.000000e+00,0.000000e+00,0.000000e+00,430,930
0.000000e+00,1.859439e-07,7.993499e-08,4.372721e-07,0.000000e+00,0.000000e+00,0.000000e+00,0.000000e+00,0.000000e+00,0.000000e+00,0.000000e+00,431,930
0.000000e+00,9.698982e-08,6.337752e-08,3.413036e-07,0.000000e+00,0.000000e+00,0.000000e+00,0.000000e+00,0.000000e+00,0.000000e+00,0.000000e+00,432,930
0.000000e+00,4.804764e-09,-9.402425e-08,6.047197e-07,0.000000e+00,0.000000e+00,0.000000e+00,0.000000e+00,0.000000e+00,0.000000e+00,0.000000e+00,433,930
0.000000e+00,1.118602e-07,5.765007e-08,4.928084e-07,0.000000e+00,0.000000e+00,0.000000e+00,0.000000e+00,0.000000e+00,0.000000e+00,0.000000e+00,434,930
0.000000e+00,-9.941183e-08,2.679165e-07,3.405716e-07,0.000000e+00,0.000000e+00,0.000000e+00,0.000000e+00,0.000000e+00,0.000000e+00,0.000000e+00,435,930
0.000000e+00,2.007569e-07,1.373700e-07,5.116805e-07,0.000000e+00,0.000000e+00,0.000000e+00,0.000000e+00,0.000000e+00,0.000000e+00,0.000000e+00,436,930
0.000000e+00,8.153017e-08,1.154410e-07,3.562488e-07,0.000000e+00,0.000000e+00,0.000000e+00,0.000000e+00,0.000000e+00,0.000000e+00,0.000000e+00,437,930
0.000000e+00,-1.562203e-07,1.076456e-07,2.411593e-07,0.000000e+00,0.000000e+00,0.000000e+00,0.000000e+00,0.000000e+00,0.000000e+00,0.000000e+00,438,930
0.000000e+00,1.618966e-07,9.523234e-08,5.900475e-07,0.000000e+00,0.000000e+00,0.000000e+00,0.000000e+00,0.000000e+00,0.000000e+00,0.000000e+00,439,930
0.000000e+00,-7.091121e-08,2.799537e-07,3.772517e-07,0.000000e+00,0.000000e+00,0.000000e+00,0.000000e+00,0.000000e+00,0.000000e+00,0.000000e+00,440,930
0.000000e+00,5.992556e-08,1.202094e-07,5.857009e-07,0.000000e+00,0.000000e+00,0.000000e+00,0.000000e+00,0.000000e+00,0.000000e+00,0.000000e+00,441,930
0.000000e+00,-4.060166e-08,9.269636e-08,3.879894e-07,0.000000e+00,0.000000e+00,0.000000e+00,0.000000e+00,0.000000e+00,0.000000e+00,0.000000e+00,442,930
0.000000e+00,1.858960e-07,-2.144019e-07,3.672588e-07,0.000000e+00,0.000000e+00,0.000000e+00,0.000000e+00,0.000000e+00,0.000000e+00,0.000000e+00,443,930
0.000000e+00,3.726435e-08,1.068949e-07,4.849519e-07,0.000000e+00,0.000000e+00,0.000000e+00,0.000000e+00,0.000000e+00,0.000000e+00,0.000000e+00,444,930
0.000000e+00,5.058831e-08,7.491011e-08,2.380425e-07,0.000000e+00,0.000000e+00,0.000000e+00,0.000000e+00,0.000000e+00,0.000000e+00,0.000000e+00,445,930
0.000000e+00,1.813467e-07,-2.972195e-08,2.913974e-07,0.000000e+00,0.000000e+00,0.000000e+00,0.000000e+00,0.000000e+00,0.000000e+00,0.000000e+00,446,930
0.000000e+00,-8.697491e-08,4.433309e-08,4.129580e-07,0.000000e+00,0.000000e+00,0.000000e+00,0.000000e+00,0.000000e+00,0.000000e+00,0.000000e+00,447,930
0.000000e+00,-1.720474e-07,1.971118e-08,3.073088e-07,0.000000e+00,0.000000e+00,0.000000e+00,0.000000e+00,0.000000e+00,0.000000e+00,0.000000e+00,448,930
0.000000e+00,8.221715e-08,-2.104354e-07,4.543410e-07,0.000000e+00,0.000000e+00,0.000000e+00,0.000000e+00,0.000000e+00,0.000000e+00,0.000000e+00,449,930
0.000000e+00,1.286057e-07,-1.021133e-08,3.336423e-07,0.000000e+00,0.000000e+00,0.000000e+00,0.000000e+00,0.000000e+00,0.000000e+00,0.000000e+00,450,930
0.000000e+00,1.337012e-09,4.821799e-08,2.730537e-07,0.000000e+00,0.000000e+00,0.000000e+00,0.000000e+00,0.000000e+00,0.000000e+00,0.000000e+00,451,930
0.000000e+00,1.323707e-07,2.888564e-08,4.361094e-07,0.000000e+00,0.000000e+00,0.000000e+00,0.000000e+00,0.000000e+00,0.000000e+00,0.000000e+00,452,930
0.000000e+00,-1.495864e-09,2.976612e-08,4.047271e-07,0.000000e+00,0.000000e+00,0.000000e+00,0.000000e+00,0.000000e+00,0.000000e+00,0.000000e+00,453,930
0.000000e+00,1.210971e-07,2.235344e-07,4.370957e-07,0.000000e+00,0.000000e+00,0.000000e+00,0.000000e+00,0.000000e+00,0.000000e+00,0.000000e+00,454,930
0.000000e+00,1.361655e-07,-8.027536e-08,2.538328e-07,0.000000e+00,0.000000e+00,0.000000e+00,0.000000e+00,0.000000e+00,0.000000e+00,0.000000e+00,455,930
0.000000e+00,2.219526e-07,1.853163e-07,3.545178e-07,0.000000e+00,0.000000e+00,0.000000e+00,0.000000e+00,0.000000e+00,0.000000e+00,0.000000e+00,456,930
0.000000e+00,2.595781e-08,1.891372e-07,4.990023e-07,0.000000e+00,0.000000e+00,0.000000e+00,0.000000e+00,0.000000e+00,0.000000e+00,0.000000e+00,457,930
0.000000e+00,-4.801923e-08,-2.541446e-08,5.130133e-07,0.000000e+00,0.000000e+00,0.000000e+00,0.000000e+00,0.000000e+00,0.000000e+00,0.000000e+00,458,930
0.000000e+00,-1.579715e-07,1.453951e-07,4.079304e-07,0.000000e+00,0.000000e+00,0.000000e+00,0.000000e+00,0.000000e+00,0.000000e+00,0.000000e+00,459,930
0.000000e+00,2.004194e-07,5.578728e-08,2.809278e-07,0.000000e+00,0.000000e+00,0.000000e+00,0.000000e+00,0.000000e+00,0.000000e+00,0.000000e+00,460,930
0.000000e+00,-2.657239e-08,8.988137e-08,2.300106e-07,0.000000e+00,0.000000e+00,0.000000e+00,0.000000e+00,0.000000e+00,0.000000e+00,0.000000e+00,461,930
0.000000e+00,1.817570e-07,-2.924802e-08,2.438202e-07,0.000000e+00,0.000000e+00,0.000000e+00,0.000000e+00,0.000000e+00,0.000000e+00,0.000000e+00,462,930
0.000000e+00,-5.216274e-08,-1.274293e-07,5.970405e-07,0.000000e+00,0.000000e+00,0.000000e+00,0.000000e+00,0.000000e+00,0.000000e+00,0.000000e+00,463,930
0.000000e+00,1.111826e-07,-2.479921e-08,1.288588e-07,0.000000e+00,0.000000e+00,0.000000e+00,0.000000e+00,0.000000e+00,0.000000e+00,0.000000e+00,464,930
0.000000e+00,-3.020436e-08,2.557515e-07,5.205808e-07,0.000000e+00,0.000000e+00,0.000000e+00,0.000000e+00,0.000000e+00,0.000000e+00,0.000000e+00,465,930
0.000000e+00,1.831083e-07,1.546219e-07,5.032020e-07,0.000000e+00,0.000000e+00,0.000000e+00,0.000000e+00,0.000000e+00,0.000000e+00,0.000000e+00,466,930
0.000000e+00,-5.773929e-08,-5.010499e-08,1.799534e-07,0.000000e+00,0.000000e+00,0.000000e+00,0.000000e+00,0.000000e+00,0.000000e+00,0.000000e+00,467,930
0.000000e+00,-1.938274e-07,1.806398e-07,4.706598e-07,0.000000e+00,0.000000e+00,0.000000e+00,0.000000e+00,0.000000e+00,0.000000e+00,0.000000e+00,468,930
0.000000e+00,6.411134e-08,-7.506501e-08,4.609728e-07,0.000000e+00,0.000000e+00,0.000000e+00,0.000000e+00,0.000000e+00,0.000000e+00,0.000000e+00,469,930
0.000000e+00,-5.055834e-08,1.678796e-07,4.943714e-07,0.000000e+00,0.000000e+00,0.000000e+00,0.000000e+00,0.000000e+00,0.000000e+00,0.000000e+00,470,930
0.000000e+00,-3.916142e-08,1.511361e-07,3.652495e-07,0.000000e+00,0.000000e+00,0.000000e+00,0.000000e+00,0.000000e+00,0.000000e+00,0.000000e+00,471,930
0.000000e+00,-2.566559e-08,-4.797082e-08,3.297373e-07,0.000000e+00,0.000000e+00,0.000000e+00,0.000000e+00,0.000000e+00,0.000000e+00,0.000000e+00,472,930
0.000000e+00,1.671791e-07,-1.776934e-07,3.178117e-07,0.000000e+00,0.000000e+00,0.000000e+00,0.000000e+00,0.000000e+00,0.000000e+00,0.000000e+00,473,930
0.000000e+00,1.148600e-07,5.338162e-08,5.698999e-07,0.000000e+00,0.000000e+00,0.000000e+00,0.000000e+00,0.000000e+00,0.000000e+00,0.000000e+00,474,930
0.000000e+00,6.709729e-08,-1.295520e-07,1.654484e-07,0.000000e+00,0.000000e+00,0.000000e+00,0.000000e+00,0.000000e+00,0.000000e+00,0.000000e+00,475,930
0.000000e+00,-1.647737e-08,1.569520e-08,4.544311e-07,0.000000e+00,0.000000e+00,0.000000e+00,0.000000e+00,0.000000e+00,0.000000e+00,0.000000e+00,476,930
0.000000e+00,9.537724e-08,5.025817e-08,6.256556e-07,0.000000e+00,0.000000e+00,0.000000e+00,0.000000e+00,0.000000e+00,0.000000e+00,0.000000e+00,477,930
0.000000e+00,1.259623e-08,-1.735777e-07,5.896802e-07,0.000000e+00,0.000000e+00,0.000000e+00,0.000000e+00,0.000000e+00,0.000000e+00,0.000000e+00,478,930
0.000000e+00,1.874946e-07,-3.785381e-08,3.652144e-07,0.000000e+00,0.000000e+00,0.000000e+00,0.000000e+00,0.000000e+00,0.000000e+00,0.000000e+00,479,930
0.000000e+00,-1.000708e-07,1.127345e-07,2.638875e-07,0.000000e+00,0.000000e+00,0.000000e+00,0.000000e+00,0.000000e+00,0.000000e+00,0.000000e+00,480,930
0.000000e+00,1.304517e-07,-9.274064e-08,5.112699e-07,0.000000e+00,0.000000e+00,0.000000e+00,0.000000e+00,0.000000e+00,0.000000e+00,0.000000e+00,481,930
0.000000e+00,-7.292158e-08,-1.287871e-07,3.606350e-07,0.000000e+00,0.000000e+00,0.000000e+00,0.000000e+00,0.000000e+00,0.000000e+00,0.000000e+00,482,930
0.000000e+00,-2.384273e-07,-6.818069e-08,3.917134e-07,0.000000e+00,0.000000e+00,0.000000e+00,0.000000e+00,0.000000e+00,0.000000e+00,0.000000e+00,483,930
0.000000e+00,-7.844515e-08,3.237155e-08,3.016575e-07,0.000000e+00,0.000000e+00,0.000000e+00,0.000000e+00,0.000000e+00,0.000000e+00,0.000000e+00,484,930
0.000000e+00,1.341002e-07,7.819025e-08,3.377709e-07,0.000000e+00,0.000000e+00,0.000000e+00,0.000000e+00,0.000000e+00,0.000000e+00,0.000000e+00,485,930
0.000000e+00,-1.252639e-07,4.291598e-08,2.779195e-07,0.000000e+00,0.000000e+00,0.000000e+00,0.000000e+00,0.000000e+00,0.000000e+00,0.000000e+00,486,930
0.000000e+00,-2.271661e-08,-9.263788e-08,5.168237e-07,0.000000e+00,0.000000e+00,0.000000e+00,0.000000e+00,0.000000e+00,0.000000e+00,0.000000e+00,487,930
0.000000e+00,-1.575700e-07,-1.031059e-07,5.264140e-07,0.000000e+00,0.000000e+00,0.000000e+00,0.000000e+00,0.000000e+00,0.000000e+00,0.000000e+00,488,930
0.000000e+00,3.891723e-08,-8.381248e-08,4.416575e-07,0.000000e+00,0.000000e+00,0.000000e+00,0.000000e+00,0.000000e+00,0.000000e+00,0.000000e+00,489,930
0.000000e+00,1.143077e-08,1.930061e-07,2.079138e-07,0.000000e+00,0.000000e+00,0.000000e+00,0.000000e+00,0.000000e+00,0.000000e+00,0.000000e+00,490,930
0.000000e+00,3.247228e-08,-2.336549e-07,2.798653e-07,0.000000e+00,0.000000e+00,0.000000e+00,0.000000e+00,0.000000e+00,0.000000e+00,0.000000e+00,491,930
0.000000e+00,1.984049e-07,1.160197e-08,4.992549e-07,0.000000e+00,0.000000e+00,0.000000e+00,0.000000e+00,0.000000e+00,0.000000e+00,0.000000e+00,492,930
0.000000e+00,2.426342e-07,-4.885069e-08,3.755151e-07,0.000000e+00,0.000000e+00,0.000000e+00,0.000000e+00,0.000000e+00,0.000000e+00,0.000000e+00,493,930
0.000000e+00,-1.963731e-07,-2.350984e-08,3.602313e-07,0.000000e+00,0.000000e+00,0.000000e+00,0.000000e+00,0.000000e+00,0.000000e+00,0.000000e+00,494,930
0.000000e+00,1.079612e-07,2.316719e-07,4.594462e-07,0.000000e+00,0.000000e+00,0.000000e+00,0.000000e+00,0.000000e+00,0.000000e+00,0.000000e+00,495,930
0.000000e+00,-1.348498e-07,1.528230e-07,4.224545e-07,0.000000e+00,0.000000e+00,0.000000e+00,0.000000e+00,0.000000e+00,0.000000e+00,0.000000e+00,496,930
0.000000e+00,3.556757e-08,-2.810860e-07,3.685591e-07,0.000000e+00,0.000000e+00,0.000000e+00,0.000000e+00,0.000000e+00,0.000000e+00,0.000000e+00,497,930
0.000000e+00,-6.246951e-08,-9.558706e-08,6.209550e-07,0.000000e+00,0.000000e+00,0.000000e+00,0.000000e+00,0.000000e+00,0.000000e+00,0.000000e+00,498,930
0.000000e+00,-1.270278e-07,1.026168e-07,5.744534e-07,0.000000e+00,0.000000e+00,0.000000e+00,0.000000e+00,0.000000e+00,0.000000e+00,0.000000e+00,499,930
0.000000e+00,1.062951e-07,-7.479939e-09,3.743941e-07,0.000000e+00,0.000000e+00,0.000000e+00,0.000000e+00,0.000000e+00,0.000000e+00,0.000000e+00,500,930
0.000000e+00,1.368829e-07,-1.714297e-07,5.013575e-07,0.000000e+00,0.000000e+00,0.000000e+00,0.000000e+00,0.000000e+00,0.000000e+00,0.000000e+00,501,930
0.000000e+00,3.096949e-08,8.479562e-08,4.847167e-07,0.000000e+00,0.000000e+00,0.000000e+00,0.000000e+00,0.000000e+00,0.000000e+00,0.000000e+00,502,930
0.000000e+00,1.460715e-08,1.588206e-07,2.594825e-07,0.000000e+00,0.000000e+00,0.000000e+00,0.000000e+00,0.000000e+00,0.000000e+00,0.000000e+00,503,930
0.000000e+00,1.170344e-07,-3.087397e-08,2.003655e-07,0.000000e+00,0.000000e+00,0.000000e+00,0.000000e+00,0.000000e+00,0.000000e+00,0.000000e+00,504,930
0.000000e+00,-2.063105e-07,1.089689e-07,4.844808e-07,0.000000e+00,0.000000e+00,0.000000e+00,0.000000e+00,0.000000e+00,0.000000e+00,0.000000e+00,505,930
0.000000e+00,-2.021786e-07,6.290770e-08,3.090733e-07,0.000000e+00,0.000000e+00,0.000000e+00,0.000000e+00,0.000000e+00,0.000000e+00,0.000000e+00,506,930
0.000000e+00,1.479001e-07,-3.362263e-08,6.447406e-07,0.000000e+00,0.000000e+00,0.000000e+00,0.000000e+00,0.000000e+00,0.000000e+00,0.000000e+00,507,930
0.000000e+00,1.249005e-07,2.315894e-07,3.888547e-07,0.000000e+00,0.000000e+00,0.000000e+00,0.000000e+00,0.000000e+00,0.000000e+00,0.000000e+00,508,930
0.000000e+00,6.392381e-08,2.130393e-07,4.480360e-07,0.000000e+00,0.000000e+00,0.000000e+00,0.000000e+00,0.000000e+00,0.000000e+00,0.000000e+00,509,930
0.000000e+00,-1.773252e-07,3.326678e-09,3.690207e-07,0.000000e+00,0.000000e+00,0.000000e+00,0.000000e+00,0.000000e+00,0.000000e+00,0.000000e+00,510,930
0.000000e+00,-9.806967e-09,2.150799e-09,1.764302e-07,0.000000e+00,0.000000e+00,0.000000e+00,0.000000e+00,0.000000e+00,0.000000e+00,0.000000e+00,511,930
0.000000e+00,1.602916e-07,-1.010108e-07,1.981612e-07,0.000000e+00,0.000000e+00,0.000000e+00,0.000000e+00,0.000000e+00,0.000000e+00,0.000000e+00,512,930
0.000000e+00,-7.293159e-08,-2.183354e-07,3.434472e-07,0.000000e+00,0.000000e+00,0.000000e+00,0.000000e+00,0.000000e+00,0.000000e+00,0.000000e+00,513,930
0.000000e+00,1.388409e-07,6.824256e-08,2.864818e-07,0.000000e+00,0.000000e+00,0.000000e+00,0.000000e+00,0.000000e+00,0.000000e+00,0.000000e+00,514,930
0.000000e+00,-1.187060e-08,-1.403917e-07,4.272968e-07,0.000000e+00,0.000000e+00,0.000000e+00,0.000000e+00,0.000000e+00,0.000000e+00,0.000000e+00,515,930
0.000000e+00,3.803248e-08,-3.535681e-08,2.174337e-07,0.000000e+00,0.000000e+00,0.000000e+00,0.000000e+00,0.000000e+00,0.000000e+00,0.000000e+00,516,930
0.000000e+00,-1.813305e-07,6.481011e-08,3.021882e-07,0.000000e+00,0.000000e+00,0.000000e+00,0.000000e+00,0.000000e+00,0.000000e+00,0.000000e+00,517,930
0.000000e+00,-1.393651e-07,-2.260125e-08,3.764214e-07,0.000000e+00,0.000000e+00,0.000000e+00,0.000000e+00,0.000000e+00,0.000000e+00,0.000000e+00,518,930
0.000000e+00,1.221114e-07,-1.726811e-07,4.559095e-07,0.000000e+00,0.000000e+00,0.000000e+00,0.000000e+00,0.000000e+00,0.000000e+00,0.000000e+00,519,930
0.000000e+00,-1.692597e-07,1.553594e-07,3.756265e-07,0.000000e+00,0.000000e+00,0.000000e+00,0.000000e+00,0.000000e+00,0.000000e+00,0.000000e+00,520,930
0.000000e+00,1.601391e-07,1.354093e-07,5.948337e-07,0.000000e+00,0.000000e+00,0.000000e+00,0.000000e+00,0.000000e+00,0.000000e+00,0.000000e+00,521,930
0.000000e+00,1.294588e-09,7.812716e-08,3.848862e-07,0.000000e+00,0.000000e+00,0.000000e+00,0.000000e+00,0.000000e+00,0.000000e+00,0.000000e+00,522,930
0.000000e+00,-5.753820e-08,-2.802409e-07,3.597548e-07,0.000000e+00,0.000000e+00,0.000000e+00,0.000000e+00,0.000000e+00,0.000000e+00,0.000000e+00,523,930
0.000000e+00,-1.507546e-07,-1.584163e-07,2.557083e-07,0.000000e+00,0.000000e+00,0.000000e+00,0.000000e+00,0.000000e+00,0.000000e+00,0.000000e+00,524,930
0.000000e+00,1.264125e-07,5.620062e-08,5.098794e-07,0.000000e+00,0.000000e+00,0.000000e+00,0.000000e+00,0.000000e+00,0.000000e+00,0.000000e+00,525,930
0.000000e+00,1.545050e-07,1.135353e-07,5.687113e-07,0.000000e+00,0.000000e+00,0.000000e+00,0.000000e+00,0.000000e+00,0.000000e+00,0.000000e+00,526,930
0.000000e+00,4.402255e-08,-7.639354e-08,4.769988e-07,0.000000e+00,0.000000e+00,0.000000e+00,0.000000e+00,0.000000e+00,0.000000e+00,0.000000e+00,527,930
0.000000e+00,-2.731421e-08,-1.204209e-10,3.753183e-07,0.000000e+00,0.000000e+00,0.000000e+00,0.000000e+00,0.000000e+00,0.000000e+00,0.000000e+00,528,930
0.000000e+00,-1.411885e-07,-2.121079e-07,4.705536e-07,0.000000e+00,0.000000e+00,0.000000e+00,0.000000e+00,0.000000e+00,0.000000e+00,0.000000e+00,529,930
0.000000e+00,2.313962e-07,-9.445239e-08,3.090913e-07,0.000000e+00,0.000000e+00,0.000000e+00,0.000000e+00,0.000000e+00,0.000000e+00,0.000000e+00,530,930
0.000000e+00,-4.904202e-09,-1.953993e-07,4.944274e-07,0.000000e+00,0.000000e+00,0.000000e+00,0.000000e+00,0.000000e+00,0.000000e+00,0.000000e+00,531,930
0.000000e+00,1.729686e-07,-1.475870e-07,4.461849e-07,0.000000e+00,0.000000e+00,0.000000e+00,0.000000e+00,0.000000e+00,0.000000e+00,0.000000e+00,532,930
0.000000e+00,1.106393e-07,-3.582685e-08,5.051981e-07,0.000000e+00,0.000000e+00,0.000000e+00,0.000000e+00,0.000000e+00,0.000000e+00,0.000000e+00,533,930
0.000000e+00,2.487236e-08,8.734545e-09,6.036310e-07,0.000000e+00,0.000000e+00,0.000000e+00,0.000000e+00,0.000000e+00,0.000000e+00,0.000000e+00,534,930
0.000000e+00,-2.183316e-07,1.156888e-07,5.550148e-07,0.000000e+00,0.000000e+00,0.000000e+00,0.000000e+00,0.000000e+00,0.000000e+00,0.000000e+00,535,930
0.000000e+00,-1.834368e-07,5.228056e-08,6.062463e-07,0.000000e+00,0.000000e+00,0.000000e+00,0.000000e+00,0.000000e+00,0.000000e+00,0.000000e+00,536,930
0.000000e+00,-5.271526e-08,3.937429e-08,2.395887e-07,0.000000e+00,0.000000e+00,0.000000e+00,0.000000e+00,0.000000e+00,0.000000e+00,0.000000e+00,537,930
0.000000e+00,-2.320140e-07,-1.182538e-08,4.860203e-07,0.000000e+00,0.000000e+00,0.000000e+00,0.000000e+00,0.000000e+00,0.000000e+00,0.000000e+00,538,930
0.000000e+00,1.125811e-08,1.012840e-07,2.391767e-07,0.000000e+00,0.000000e+00,0.000000e+00,0.000000e+00,0.000000e+00,0.000000e+00,0.000000e+00,539,930
0.000000e+00,1.430287e-07,-1.980517e-07,3.704523e-07,0.000000e+00,0.000000e+00,0.000000e+00,0.000000e+00,0.000000e+00,0.000000e+00,0.000000e+00,540,930
0.000000e+00,-1.125769e-07,1.057706e-07,3.157758e-07,0.000000e+00,0.000000e+00,0.000000e+00,0.000000e+00,0.000000e+00,0.000000e+00,0.000000e+00,541,930
0.000000e+00,-1.443149e-08,-8.210445e-08,4.025337e-07,0.000000e+00,0.000000e+00,0.000000e+00,0.000000e+00,0.000000e+00,0.000000e+00,0.000000e+00,542,930
0.000000e+00,-2.520765e-07,7.869246e-08,3.961901e-07,0.000000e+00,0.000000e+00,0.000000e+00,0.000000e+00,0.000000e+00,0.000000e+00,0.000000e+00,543,930
0.000000e+00,-2.392834e-07,5.347158e-08,4.392649e-07,0.000000e+00,0.000000e+00,0.000000e+00,0.000000e+00,0.000000e+00,0.000000e+00,0.000000e+00,544,930
0.000000e+00,-9.937059e-08,-1.256917e-07,6.127844e-07,0.000000e+00,0.000000e+00,0.000000e+00,0.000000e+00,0.000000e+00,0.000000e+00,0.000000e+00,545,930
0.000000e+00,1.072884e-07,1.946077e-07,2.806178e-07,0.000000e+00,0.000000e+00,0.000000e+00,0.000000e+00,0.000000e+00,0.000000e+00,0.000000e+00,546,930
0.000000e+00,-1.307264e-07,-1.491470e-07,3.835657e-07,0.000000e+00,0.000000e+00,0.000000e+00,0.000000e+00,0.000000e+00,0.000000e+00,0.000000e+00,547,930
0.000000e+00,-8.599690e-08,-2.272325e-07,4.148756e-07,0.000000e+00,0.000000e+00,0.000000e+00,0.000000e+00,0.000000e+00,0.000000e+00,0.000000e+00,548,930
0.000000e+00,-9.328355e-08,-5.023890e-08,5.491774e-07,0.000000e+00,0.000000e+00,0.000000e+00,0.000000e+00,0.000000e+00,0.000000e+00,0.000000e+00,549,930
0.000000e+00,1.064961e-07,-1.313152e-07,2.751925e-07,0.000000e+00,0.000000e+00,0.000000e+00,0.000000e+00,0.000000e+00,0.000000e+00,0.000000e+00,550,930
0.000000e+00,1.127377e-07,2.452715e-07,4.768704e-07,0.000000e+00,0.000000e+00,0.000000e+00,0.000000e+00,0.000000e+00,0.000000e+00,0.000000e+00,551,930
0.000000e+00,5.558482e-08,-1.023566e-07,5.745346e-07,0.000000e+00,0.000000e+00,0.000000e+00,0.000000e+00,0.000000e+00,0.000000e+00,0.000000e+00,552,930
0.000000e+00,2.523279e-07,5.619978e-08,2.748217e-07,0.000000e+00,0.000000e+00,0.000000e+00,0.000000e+00,0.000000e+00,0.000000e+00,0.000000e+00,553,930
0.000000e+00,-2.228780e-07,-8.491887e-08,3.513169e-07,0.000000e+00,0.000000e+00,0.000000e+00,0.000000e+00,0.000000e+00,0.000000e+00,0.000000e+00,554,930
0.000000e+00,1.269591e-07,-1.865275e-07,5.800437e-07,0.000000e+00,0.000000e+00,0.000000e+00,0.000000e+00,0.000000e+00,0.000000e+00,0.000000e+00,555,930
0.000000e+00,-7.362775e-08,-5.467247e-08,4.716780e-07,0.000000e+00,0.000000e+00,0.000000e+00,0.000000e+00,0.000000e+00,0.000000e+00,0.000000e+00,556,930
0.000000e+00,2.028991e-08,1.153461e-07,5.344710e-07,0.000000e+00,0.000000e+00,0.000000e+00,0.000000e+00,0.000000e+00,0.000000e+00,0.000000e+00,557,930
0.000000e+00,1.176467e-07,-1.307705e-07,3.330948e-07,0.000000e+00,0.000000e+00,0.000000e+00,0.000000e+00,0.000000e+00,0.000000e+00,0.000000e+00,558,930
0.000000e+00,-1.034981e-07,-2.534917e-07,3.546734e-07,0.000000e+00,0.000000e+00,0.000000e+00,0.000000e+00,0.000000e+00,0.000000e+00,0.000000e+00,559,930
0.000000e+00,3.877080e-08,9.527828e-08,6.587388e-07,0.000000e+00,0.000000e+00,0.000000e+00,0.000000e+00,0.000000e+00,0.000000e+00,0.000000e+00,560,930
0.000000e+00,-8.593578e-08,1.811755e-07,6.017928e-07,0.000000e+00,0.000000e+00,0.000000e+00,0.000000e+00,0.000000e+00,0.000000e+00,0.000000e+00,561,930
0.000000e+00,-1.326303e-07,-1.572432e-07,4.286014e-07,0.000000e+00,0.000000e+00,0.000000e+00,0.000000e+00,0.000000e+00,0.000000e+00,0.000000e+00,562,930
0.000000e+00,1.728028e-07,-1.830114e-07,5.484477e-07,0.000000e+00,0.000000e+00,0.000000e+00,0.000000e+00,0.000000e+00,0.000000e+00,0.000000e+00,563,930
0.000000e+00,4.708717e-08,-1.877373e-07,2.860914e-07,0.000000e+00,0.000000e+00,0.000000e+00,0.000000e+00,0.000000e+00,0.000000e+00,0.000000e+00,564,930
0.000000e+00,3.568381e-09,-2.605166e-07,4.804267e-07,0.000000e+00,0.000000e+00,0.000000e+00,0.000000e+00,0.000000e+00,0.000000e+00,0.000000e+00,565,930
0.000000e+00,-2.286917e-07,-9.129221e-08,4.882575e-07,0.000000e+00,0.000000e+00,0.000000e+00,0.000000e+00,0.000000e+00,0.000000e+00,0.000000e+00,566,930
0.000000e+00,1.245577e-07,4.494997e-08,3.448198e-07,0.000000e+00,0.000000e+00,0.000000e+00,0.000000e+00,0.000000e+00,0.000000e+00,0.000000e+00,567,930
0.000000e+00,3.218126e-08,-1.631643e-08,3.649107e-07,0.000000e+00,0.000000e+00,0.000000e+00,0.000000e+00,0.000000e+00,0.000000e+00,0.000000e+00,568,930
0.000000e+00,-6.882639e-08,-8.076996e-08,3.921417e-07,0.000000e+00,0.000000e+00,0.000000e+00,0.000000e+00,0.000000e+00,0.000000e+00,0.000000e+00,569,930
0.000000e+00,1.066269e-07,-2.065280e-07,3.424951e-07,0.000000e+00,0.000000e+00,0.000000e+00,0.000000e+00,0.000000e+00,0.000000e+00,0.000000e+00,570,930
0.000000e+00,-1.748481e-07,-9.436849e-08,4.761923e-07,0.000000e+00,0.000000e+00,0.000000e+00,0.000000e+00,0.000000e+00,0.000000e+00,0.000000e+00,571,930
0.000000e+00,-1.358834e-08,4.461872e-09,6.272664e-07,0.000000e+00,0.000000e+00,0.000000e+00,0.000000e+00,0.000000e+00,0.000000e+00,0.000000e+00,572,930
0.000000e+00,5.295676e-08,2.118386e-08,1.251426e-07,0.000000e+00,0.000000e+00,0.000000e+00,0.000000e+00,0.000000e+00,0.000000e+00,0.000000e+00,573,930
0.000000e+00,1.077933e-07,-2.742519e-07,3.906416e-07,0.000000e+00,0.000000e+00,0.000000e+00,0.000000e+00,0.000000e+00,0.000000e+00,0.000000e+00,574,930
0.000000e+00,-5.187770e-09,-8.726683e-08,1.868854e-07,0.000000e+00,0.000000e+00,0.000000e+00,0.000000e+00,0.000000e+00,0.000000e+00,0.000000e+00,575,930
0.000000e+00,6.222028e-08,1.786004e-07,4.512546e-07,0.000000e+00,0.000000e+00,0.000000e+00,0.000000e+00,0.000000e+00,0.000000e+00,0.000000e+00,576,930
0.000000e+00,7.067494e-08,-1.107234e-07,3.335014e-07,0.000000e+00,0.000000e+00,0.000000e+00,0.000000e+00,0.000000e+00,0.000000e+00,0.000000e+00,577,930
0.000000e+00,2.147903e-07,-1.270521e-07,2.402775e-07,0.000000e+00,0.000000e+00,0.000000e+00,0.000000e+00,0.000000e+00,0.000000e+00,0.000000e+00,578,930
0.000000e+00,4.904779e-10,-1.048813e-07,2.670277e-07,0.000000e+00,0.000000e+00,0.000000e+00,0.000000e+00,0.000000e+00,0.000000e+00,0.000000e+00,579,930
0.000000e+00,4.511160e-08,1.243530e-07,5.143942e-07,0.000000e+00,0.000000e+00,0.000000e+00,0.000000e+00,0.000000e+00,0.000000e+00,0.000000e+00,580,930
0.000000e+00,7.023544e-08,-2.901417e-08,1.966260e-07,0.000000e+00,0.000000e+00,0.000000e+00,0.000000e+00,0.000000e+00,0.000000e+00,0.000000e+00,581,930
0.000000e+00,1.441067e-07,1.268183e-07,2.715255e-07,0.000000e+00,0.000000e+00,0.000000e+00,0.000000e+00,0.000000e+00,0.000000e+00,0.000000e+00,582,930
0.000000e+00,-2.614473e-07,8.347897e-08,3.458803e-07,0.000000e+00,0.000000e+00,0.000000e+00,0.000000e+00,0.000000e+00,0.000000e+00,0.000000e+00,583,930
0.000000e+00,-1.203533e-10,-1.515155e-07,3.102574e-07,0.000000e+00,0.000000e+00,0.000000e+00,0.000000e+00,0.000000e+00,0.000000e+00,0.000000e+00,584,930
0.000000e+00,-1.746443e-07,8.488772e-08,2.739297e-07,0.000000e+00,0.000000e+00,0.000000e+00,0.000000e+00,0.000000e+00,0.000000e+00,0.000000e+00,585,930
0.000000e+00,-5.415862e-08,9.007170e-08,5.971193e-07,0.000000e+00,0.000000e+00,0.000000e+00,0.000000e+00,0.000000e+00,0.000000e+00,0.000000e+00,586,930
0.000000e+00,-2.133871e-08,-4.962570e-08,4.331133e-07,0.000000e+00,0.000000e+00,0.000000e+00,0.000000e+00,0.000000e+00,0.000000e+00,0.000000e+00,587,930
0.000000e+00,1.314928e-07,-3.387604e-08,4.327240e-07,0.000000e+00,0.000000e+00,0.000000e+00,0.000000e+00,0.000000e+00,0.000000e+00,0.000000e+00,588,930
0.000000e+00,-1.273118e-07,-6.497706e-08,4.393642e-07,0.000000e+00,0.000000e+00,0.000000e+00,0.000000e+00,0.000000e+00,0.000000e+00,0.000000e+00,589,930
0.000000e+00,-1.774046e-07,9.126148e-08,5.382842e-07,0.000000e+00,0.000000e+00,0.000000e+00,0.000000e+00,0.000000e+00,0.000000e+00,0.000000e+00,590,930
0.000000e+00,4.900585e-08,-1.790200e-07,5.209484e-07,0.000000e+00,0.000000e+00,0.000000e+00,0.000000e+00,0.000000e+00,0.000000e+00,0.000000e+00,591,930
0.000000e+00,1.222463e-07,-4.685166e-08,4.458120e-07,0.000000e+00,0.000000e+00,0.000000e+00,0.000000e+00,0.000000e+00,0.000000e+00,0.000000e+00,592,930
0.000000e+00,-5.396185e-08,-1.886168e-07,4.454924e-07,0.000000e+00,0.000000e+00,0.000000e+00,0.000000e+00,0.000000e+00,0.000000e+00,0.000000e+00,593,930
0.000000e+00,2.664350e-07,7.262920e-08,5.019994e-07,0.000000e+00,0.000000e+00,0.000000e+00,0.000000e+00,0.000000e+00,0.000000e+00,0.000000e+00,594,930
0.000000e+00,6.631339e-08,-1.610620e-07,3.981591e-07,0.000000e+00,0.000000e+00,0.000000e+00,0.000000e+00,0.000000e+00,0.000000e+00,0.000000e+00,595,930
0.000000e+00,5.331280e-08,-1.889110e-08,2.548177e-07,0.000000e+00,0.000000e+00,0.000000e+00,0.000000e+00,0.000000e+00,0.000000e+00,0.000000e+00,596,930
0.000000e+00,-2.071259e-07,-2.049230e-07,3.822765e-07,0.000000e+00,0.000000e+00,0.000000e+00,0.000000e+00,0.000000e+00,0.000000e+00,0.000000e+00,597,930
0.000000e+00,1.327773e-07,1.238240e-07,5.737279e-07,0.000000e+00,0.000000e+00,0.000000e+00,0.000000e+00,0.000000e+00,0.000000e+00,0.000000e+00,598,930
0.000000e+00,2.123265e-07,1.802018e-07,3.287484e-07,0.000000e+00,0.000000e+00,0.000000e+00,0.000000e+00,0.000000e+00,0.000000e+00,0.000000e+00,599,930
0.000000e+00,-1.826735e-07,-1.073884e-07,5.468920e-07,0.000000e+00,0.000000e+00,0.000000e+00,0.000000e+00,0.000000e+00,0.000000e+00,0.000000e+00,600,930
0.000000e+00,-3.527793e-08,-1.664476e-07,5.720269e-07,0.000000e+00,0.000000e+00,0.000000e+00,0.000000e+00,0.000000e+00,0.000000e+00,0.000000e+00,601,930
0.000000e+00,5.876916e-08,-7.159933e-08,5.151320e-07,0.000000e+00,0.000000e+00,0.000000e+00,0.000000e+00,0.000000e+00,0.000000e+00,0.000000e+00,602,930
0.000000e+00,2.453320e-07,-7.317006e-08,4.487888e-07,0.000000e+00,0.000000e+00,0.000000e+00,0.000000e+00,0.000000e+00,0.000000e+00,0.000000e+00,603,930
0.000000e+00,2.174249e-07,-1.138277e-07,2.645146e-07,0.000000e+00,0.000000e+00,0.000000e+00,0.000000e+00,0.000000e+00,0.000000e+00,0.000000e+00,604,930
0.000000e+00,2.009409e-07,1.656288e-07,4.191457e-07,0.000000e+00,0.000000e+00,0.000000e+00,0.000000e+00,0.000000e+00,0.000000e+00,0.000000e+00,605,930
0.000000e+00,3.432685e-08,-2.019641e-07,2.369106e-07,0.000000e+00,0.000000e+00,0.000000e+00,0.000000e+00,0.000000e+00,0.000000e+00,0.000000e+00,606,930
0.000000e+00,9.137009e-08,1.347705e-07,6.004171e-07,0.000000e+00,0.000000e+00,0.000000e+00,0.000000e+00,0.000000e+00,0.000000e+00,0.000000e+00,607,930
0.000000e+00,-1.566653e-07,7.462981e-08,2.372930e-07,0.000000e+00,0.000000e+00,0.000000e+00,0.000000e+00,0.000000e+00,0.000000e+00,0.000000e+00,608,930
0.000000e+00,1.951023e-07,8.299974e-08,3.099379e-07,0.000000e+00,0.000000e+00,0.000000e+00,0.000000e+00,0.000000e+00,0.000000e+00,0.000000e+00,609,930
0.000000e+00,-8.061136e-08,-1.594220e-07,4.906068e-07,0.000000e+00,0.000000e+00,0.000000e+00,0.000000e+00,0.000000e+00,0.000000e+00,0.000000e+00,610,930
0.000000e+00,3.891232e-08,2.105395e-07,3.761171e-07,0.000000e+00,0.000000e+00,0.000000e+00,0.000000e+00,0.000000e+00,0.000000e+00,0.000000e+00,611,930
0.000000e+00,-1.457694e-07,-1.615193e-07,2.103323e-07,0.000000e+00,0.000000e+00,0.000000e+00,0.000000e+00,0.000000e+00,0.000000e+00,0.000000e+00,612,930
0.000000e+00,-6.125268e-08,2.626913e-08,5.494761e-07,0.000000e+00,0.000000e+00,0.000000e+00,0.000000e+00,0.000000e+00,0.000000e+00,0.000000e+00,613,930
0.000000e+00,1.334390e-07,7.459160e-08,3.103623e-07,0.000000e+00,0.000000e+00,0.000000e+00,0.000000e+00,0.000000e+00,0.000000e+00,0.000000e+00,614,930
0.000000e+00,-1.047117e-08,7.957269e-08,5.084358e-07,0.000000e+00,0.000000e+00,0.000000e+00,0.000000e+00,0.000000e+00,0.000000e+00,0.000000e+00,615,930
0.000000e+00,-9.162715e-08,2.670109e-07,3.614499e-07,0.000000e+00,0.000000e+00,0.000000e+00,0.000000e+00,0.000000e+00,0.000000e+00,0.000000e+00,616,930
0.000000e+00,5.207780e-08,-1.269722e-07,2.299263e-07,0.000000e+00,0.000000e+00,0.000000e+00,0.000000e+00,0.000000e+00,0.000000e+00,0.000000e+00,617,930
0.000000e+00,-1.205447e-08,1.182912e-08,1.083425e-07,0.000000e+00,0.000000e+00,0.000000e+00,0.000000e+00,0.000000e+00,0.000000e+00,0.000000e+00,618,930
0.000000e+00,1.443803e-07,-1.489932e-07,4.069553e-07,0.000000e+00,0.000000e+00,0.000000e+00,0.000000e+00,0.000000e+00,0.000000e+00,0.000000e+00,619,930
0.000000e+00,-5.772986e-08,1.999420e-07,5.751353e-07,0.000000e+00,0.000000e+00,0.000000e+00,0.000000e+00,0.000000e+00,0.000000e+00,0.000000e+00,620,930
0.000000e+00,-1.928081e-07,-3.242321e-08,2.312023e-07,0.000000e+00,0.000000e+00,0.000000e+00,0.000000e+00,0.000000e+00,0.000000e+00,0.000000e+00,621,930
0.000000e+00,7.432023e-08,-7.632607e-08,4.738591e-07,0.000000e+00,0.000000e+00,0.000000e+00,0.000000e+00,0.000000e+00,0.000000e+00,0.000000e+00,622,930
0.000000e+00,7.370568e-08,-1.630503e-07,2.320965e-07,0.000000e+00,0.000000e+00,0.000000e+00,0.000000e+00,0.000000e+00,0.000000e+00,0.000000e+00,623,930
0.000000e+00,-2.485861e-07,-2.613364e-08,4.930494e-07,0.000000e+00,0.000000e+00,0.000000e+00,0.000000e+00,0.000000e+00,0.000000e+00,0.000000e+00,624,930
0.000000e+00,4.056939e-08,2.154571e-07,4.791389e-07,0.000000e+00,0.000000e+00,0.000000e+00,0.000000e+00,0.000000e+00,0.000000e+00,0.000000e+00,625,930
0.000000e+00,-1.414918e-07,1.623552e-07,5.749995e-07,0.000000e+00,0.000000e+00,0.000000e+00,0.000000e+00,0.000000e+00,0.000000e+00,0.000000e+00,626,930
0.000000e+00,3.767881e-09,1.127039e-07,2.492814e-07,0.000000e+00,0.000000e+00,0.000000e+00,0.000000e+00,0.000000e+00,0.000000e+00,0.000000e+00,627,930
0.000000e+00,-1.193640e-07,-1.943610e-07,3.108075e-07,0.000000e+00,0.000000e+00,0.000000e+00,0.000000e+00,0.000000e+00,0.000000e+00,0.000000e+00,628,930
0.000000e+00,-4.712485e-08,5.772097e-08,5.782655e-07,0.000000e+00,0.000000e+00,0.000000e+00,0.000000e+00,0.000000e+00,0.000000e+00,0.000000e+00,629,930
0.000000e+00,-2.188853e-07,6.330885e-08,4.755566e-07,0.000000e+00,0.000000e+00,0.000000e+00,0.000000e+00,0.000000e+00,0.000000e+00,0.000000e+00,630,930
0.000000e+00,2.460868e-07,1.313520e-07,4.361491e-07,0.000000e+00,0.000000e+00,0.000000e+00,0.000000e+00,0.000000e+00,0.000000e+00,0.000000e+00,631,930
0.000000e+00,-8.474978e-09,1.497201e-07,5.334231e-07,0.000000e+00,0.000000e+00,0.000000e+00,0.000000e+00,0.000000e+00,0.000000e+00,0.000000e+00,632,930
0.000000e+00,-1.953072e-07,-2.169495e-07,4.219565e-07,0.000000e+00,0.000000e+00,0.000000e+00,0.000000e+00,0.000000e+00,0.000000e+00,0.000000e+00,633,930
0.000000e+00,-3.746094e-08,-2.177425e-07,2.918802e-07,0.000000e+00,0.000000e+00,0.000000e+00,0.000000e+00,0.000000e+00,0.000000e+00,0.000000e+00,634,930
0.000000e+00,1.057594e-07,1.239960e-07,4.858225e-07,0.000000e+00,0.000000e+00,0.000000e+00,0.000000e+00,0.000000e+00,0.000000e+00,0.000000e+00,635,930
0.000000e+00,1.780072e-07,1.532069e-07,3.087473e-07,0.000000e+00,0.000000e+00,0.000000e+00,0.000000e+00,0.000000e+00,0.000000e+00,0.000000e+00,636,930
0.000000e+00,-3.223682e-08,-2.026057e-07,5.191985e-07,0.000000e+00,0.000000e+00,0.000000e+00,0.000000e+00,0.000000e+00,0.000000e+00,0.000000e+00,637,930
0.000000e+00,-1.910587e-07,-1.840616e-07,4.797556e-07,0.000000e+00,0.000000e+00,0.000000e+00,0.000000e+00,0.000000e+00,0.000000e+00,0.000000e+00,638,930
0.000000e+00,-8.851362e-08,-1.015348e-07,2.289658e-07,0.000000e+00,0.000000e+00,0.000000e+00,0.000000e+00,0.000000e+00,0.000000e+00,0.000000e+00,639,930
0.000000e+00,-2.527685e-08,2.438986e-07,5.477295e-07,0.000000e+00,0.000000e+00,0.000000e+00,0.000000e+00,0.000000e+00,0.000000e+00,0.000000e+00,640,930
0.000000e+00,-7.713770e-09,2.550820e-07,2.970295e-07,0.000000e+00,0.000000e+00,0.000000e+00,0.000000e+00,0.000000e+00,0.000000e+00,0.000000e+00,641,930
0.000000e+00,-1.676923e-07,-7.979911e-08,2.302677e-07,0.000000e+00,0.000000e+00,0.000000e+00,0.000000e+00,0.000000e+00,0.000000e+00,0.000000e+00,642,930
0.000000e+00,6.241051e-09,1.455152e-07,2.247277e-07,0.000000e+00,0.000000e+00,0.000000e+00,0.000000e+00,0.000000e+00,0.000000e+00,0.000000e+00,643,930
0.000000e+00,1.205022e-07,-1.792225e-07,4.858569e-07,0.000000e+00,0.000000e+00,0.000000e+00,0.000000e+00,0.000000e+00,0.000000e+00,0.000000e+00,644,930
0.000000e+00,1.501722e-08,-1.091699e-07,2.165770e-07,0.000000e+00,0.000000e+00,0.000000e+00,0.000000e+00,0.000000e+00,0.000000e+00,0.000000e+00,645,930
0.000000e+00,3.548896e-08,-2.488196e-07,5.506592e-07,0.000000e+00,0.000000e+00,0.000000e+00,0.000000e+00,0.000000e+00,0.000000e+00,0.000000e+00,646,930
0.000000e+00,6.637634e-08,-2.743089e-07,3.464724e-07,0.000000e+00,0.000000e+00,0.000000e+00,0.000000e+00,0.000000e+00,0.000000e+00,0.000000e+00,647,930
0.000000e+00,1.611246e-07,-1.710591e-07,4.034294e-07,0.000000e+00,0.000000e+00,0.000000e+00,0.000000e+00,0.000000e+00,0.000000e+00,0.000000e+00,648,930
0.000000e+00,3.616211e-09,1.619621e-07,4.292145e-07,0.000000e+00,0.000000e+00,0.000000e+00,0.000000e+00,0.000000e+00,0.000000e+00,0.000000e+00,649,930
0.000000e+00,6.593694e-09,2.995982e-08,1.312950e-07,0.000000e+00,0.000000e+00,0.000000e+00,0.000000e+00,0.000000e+00,0.000000e+00,0.000000e+00,650,930
0.000000e+00,-5.054383e-08,2.566264e-08,4.439333e-07,0.000000e+00,0.000000e+00,0.000000e+00,0.000000e+00,0.000000e+00,0.000000e+00,0.000000e+00,651,930
0.000000e+00,-3.414527e-09,-4.292856e-08,1.913440e-07,0.000000e+00,0.000000e+00,0.000000e+00,0.000000e+00,0.000000e+00,0.000000e+00,0.000000e+00,652,930
0.000000e+00,1.719194e-07,1.395010e-07,5.038592e-07,0.000000e+00,0.000000e+00,0.000000e+00,0.000000e+00,0.000000e+00,0.000000e+00,0.000000e+00,653,930
0.000000e+00,1.443814e-07,2.152528e-07,4.943057e-07,0.000000e+00,0.000000e+00,0.000000e+00,0.000000e+00,0.000000e+00,0.000000e+00,0.000000e+00,654,930
0.000000e+00,-1.000168e-07,1.663502e-07,6.013654e-07,0.000000e+00,0.000000e+00,0.000000e+00,0.000000e+00,0.000000e+00,0.000000e+00,0.000000e+00,655,930
0.000000e+00,-3.340031e-08,2.488759e-08,1.503218e-07,0.000000e+00,0.000000e+00,0.000000e+00,0.000000e+00,0.000000e+00,0.000000e+00,0.000000e+00,656,930
0.000000e+00,9.381816e-08,-2.135715e-08,4.896874e-07,0.000000e+00,0.000000e+00,0.000000e+00,0.000000e+00,0.000000e+00,0.000000e+00,0.000000e+00,657,930
0.000000e+00,1.629724e-07,1.415654e-07,5.591275e-07,0.000000e+00,0.000000e+00,0.000000e+00,0.000000e+00,0.000000e+00,0.000000e+00,0.000000e+00,658,930
0.000000e+00,1.741368e-07,1.991962e-07,2.650501e-07,0.000000e+00,0.000000e+00,0.000000e+00,0.000000e+00,0.000000e+00,0.000000e+00,0.000000e+00,659,930
0.000000e+00,-7.975237e-08,-6.701659e-08,3.792149e-07,0.000000e+00,0.000000e+00,0.000000e+00,0.000000e+00,0.000000e+00,0.000000e+00,0.000000e+00,660,930
0.000000e+00,6.621651e-08,1.104175e-07,4.518695e-07,0.000000e+00,0.000000e+00,0.000000e+00,0.000000e+00,0.000000e+00,0.000000e+00,0.000000e+00,661,930
0.000000e+00,4.226624e-08,9.487790e-08,2.219867e-07,0.000000e+00,0.000000e+00,0.000000e+00,0.000000e+00,0.000000e+00,0.000000e+00,0.000000e+00,662,930
0.000000e+00,7.821615e-08,1.761905e-08,1.181123e-07,0.000000e+00,0.000000e+00,0.000000e+00,0.000000e+00,0.000000e+00,0.000000e+00,0.000000e+00,663,930
0.000000e+00,4.311261e-08,1.415023e-07,5.028382e-07,0.000000e+00,0.000000e+00,0.000000e+00,0.000000e+00,0.000000e+00,0.000000e+00,0.000000e+00,664,930
0.000000e+00,-3.312515e-08,-5.821681e-08,6.779397e-07,0.000000e+00,0.000000e+00,0.000000e+00,0.000000e+00,0.000000e+00,0.000000e+00,0.000000e+00,665,930
0.000000e+00,4.636744e-08,-2.368478e-07,2.410277e-07,0.000000e+00,0.000000e+00,0.000000e+00,0.000000e+00,0.000000e+00,0.000000e+00,0.000000e+00,666,930
0.000000e+00,-5.565526e-08,-1.054448e-07,4.792980e-07,0.000000e+00,0.000000e+00,0.000000e+00,0.000000e+00,0.000000e+00,0.000000e+00,0.000000e+00,667,930
0.000000e+00,-3.290367e-08,-2.114211e-07,5.361462e-07,0.000000e+00,0.000000e+00,0.000000e+00,0.000000e+00,0.000000e+00,0.000000e+00,0.000000e+00,668,930
0.000000e+00,-2.233416e-07,6.680678e-08,2.288109e-07,0.000000e+00,0.000000e+00,0.000000e+00,0.000000e+00,0.000000e+00,0.000000e+00,0.000000e+00,669,930
0.000000e+00,-4.030473e-09,-9.725944e-08,4.596611e-07,0.000000e+00,0.000000e+00,0.000000e+00,0.000000e+00,0.000000e+00,0.000000e+00,0.000000e+00,670,930
0.000000e+00,-2.060178e-07,3.474565e-08,2.679552e-07,0.000000e+00,0.000000e+00,0.000000e+00,0.000000e+00,0.000000e+00,0.000000e+00,0.000000e+00,671,930
0.000000e+00,-1.463695e-07,1.681837e-07,2.721396e-07,0.000000e+00,0.000000e+00,0.000000e+00,0.000000e+00,0.000000e+00,0.000000e+00,0.000000e+00,672,930
0.000000e+00,2.025036e-07,5.397369e-09,2.089590e-07,0.000000e+00,0.000000e+00,0.000000e+00,0.000000e+00,0.000000e+00,0.000000e+00,0.000000e+00,673,930
0.000000e+00,-1.037195e-07,5.302711e-08,2.376953e-07,0.000000e+00,0.000000e+00,0.000000e+00,0.000000e+00,0.000000e+00,0.000000e+00,0.000000e+00,674,930
0.000000e+00,-8.240936e-08,1.841980e-08,2.405004e-07,0.000000e+00,0.000000e+00,0.000000e+00,0.000000e+00,0.000000e+00,0.000000e+00,0.000000e+00,675,930
0.000000e+00,1.824340e-07,-1.345233e-08,5.191109e-07,0.000000e+00,0.000000e+00,0.000000e+00,0.000000e+00,0.000000e+00,0.000000e+00,0.000000e+00,676,930
0.000000e+00,-5.996397e-08,8.250581e-08,5.252742e-07,0.000000e+00,0.000000e+00,0.000000e+00,0.000000e+00,0.000000e+00,0.000000e+00,0.000000e+00,677,930
0.000000e+00,1.688402e-07,1.462044e-07,5.879194e-07,0.000000e+00,0.000000e+00,0.000000e+00,0.000000e+00,0.000000e+00,0.000000e+00,0.000000e+00,678,930
0.000000e+00,1.408984e-07,1.363791e-07,3.421323e-07,0.000000e+00,0.000000e+00,0.000000e+00,0.000000e+00,0.000000e+00,0.000000e+00,0.000000e+00,679,930
0.000000e+00,4.740481e-08,9.947718e-08,3.410254e-07,0.000000e+00,0.000000e+00,0.000000e+00,0.000000e+00,0.000000e+00,0.000000e+00,0.000000e+00,680,930
0.000000e+00,2.017845e-08,7.219904e-08,3.809982e-07,0.000000e+00,0.000000e+00,0.000000e+00,0.000000e+00,0.000000e+00,0.000000e+00,0.000000e+00,681,930
0.000000e+00,-1.865574e-07,-1.211356e-07,4.027886e-07,0.000000e+00,0.000000e+00,0.000000e+00,0.000000e+00,0.000000e+00,0.000000e+00,0.000000e+00,682,930
0.000000e+00,-1.248793e-07,-8.983778e-08,1.486797e-07,0.000000e+00,0.000000e+00,0.000000e+00,0.000000e+00,0.000000e+00,0.000000e+00,0.000000e+00,683,930
0.000000e+00,-2.849337e-07,1.595517e-08,3.763899e-07,0.000000e+00,0.000000e+00,0.000000e+00,0.000000e+00,0.000000e+00,0.000000e+00,0.000000e+00,684,930
0.000000e+00,-3.690107e-08,-2.028715e-07,2.258386e-07,0.000000e+00,0.000000e+00,0.000000e+00,0.000000e+00,0.000000e+00,0.000000e+00,0.000000e+00,685,930
0.000000e+00,-1.504418e-07,-1.914196e-08,6.006715e-07,0.000000e+00,0.000000e+00,0.000000e+00,0.000000e+00,0.000000e+00,0.000000e+00,0.000000e+00,686,930
0.000000e+00,3.096528e-08,-6.267238e-08,2.547914e-07,0.000000e+00,0.000000e+00,0.000000e+00,0.000000e+00,0.000000e+00,0.000000e+00,0.000000e+00,687,930
0.000000e+00,-9.938116e-08,7.268103e-08,3.683376e-07,0.000000e+00,0.000000e+00,0.000000e+00,0.000000e+00,0.000000e+00,0.000000e+00,0.000000e+00,688,930
0.000000e+00,6.304676e-08,-3.307097e-08,5.983509e-07,0.000000e+00,0.000000e+00,0.000000e+00,0.000000e+00,0.000000e+00,0.000000e+00,0.000000e+00,689,930
0.000000e+00,1.060611e-07,-8.376923e-08,6.146233e-07,0.000000e+00,0.000000e+00,0.000000e+00,0.000000e+00,0.000000e+00,0.000000e+00,0.000000e+00,690,930
0.000000e+00,1.803547e-07,2.055321e-07,3.165859e-07,0.000000e+00,0.000000e+00,0.000000e+00,0.000000e+00,0.000000e+00,0.000000e+00,0.000000e+00,691,930
0.000000e+00,3.302722e-08,-1.546444e-07,3.381217e-07,0.000000e+00,0.000000e+00,0.000000e+00,0.000000e+00,0.000000e+00,0.000000e+00,0.000000e+00,692,930
0.000000e+00,-1.292012e-07,-1.386301e-07,3.120930e-07,0.000000e+00,0.000000e+00,0.000000e+00,0.000000e+00,0.000000e+00,0.000000e+00,0.000000e+00,693,930
0.000000e+00,-9.384679e-08,-7.775518e-08,3.593027e-07,0.000000e+00,0.000000e+00,0.000000e+00,0.000000e+00,0.000000e+00,0.000000e+00,0.000000e+00,694,930
0.000000e+00,-2.763068e-07,7.695000e-08,3.344554e-07,0.000000e+00,0.000000e+00,0.000000e+00,0.000000e+00,0.000000e+00,0.000000e+00,0.000000e+00,695,930
0.000000e+00,-1.187647e-07,-1.558991e-08,4.216427e-07,0.000000e+00,0.000000e+00,0.000000e+00,0.000000e+00,0.000000e+00,0.000000e+00,0.000000e+00,696,930
0.000000e+00,-1.924970e-07,1.802367e-07,3.783093e-07,0.000000e+00,0.000000e+00,0.000000e+00,0.000000e+00,0.000000e+00,0.000000e+00,0.000000e+00,697,930
0.000000e+00,-1.944909e-07,-4.204743e-08,4.323698e-07,0.000000e+00,0.000000e+00,0.000000e+00,0.000000e+00,0.000000e+00,0.000000e+00,0.000000e+00,698,930
0.000000e+00,1.314029e-07,5.436860e-08,6.372977e-07,0.000000e+00,0.000000e+00,0.000000e+00,0.000000e+00,0.000000e+00,0.000000e+00,0.000000e+00,699,930
0.000000e+00,-1.119338e-07,-1.084568e-07,1.963383e-07,0.000000e+00,0.000000e+00,0.000000e+00,0.000000e+00,0.000000e+00,0.000000e+00,0.000000e+00,700,930
0.000000e+00,-1.821246e-07,1.062113e-07,3.027241e-07,0.000000e+00,0.000000e+00,0.000000e+00,0.000000e+00,0.000000e+00,0.000000e+00,0.000000e+00,701,930
0.000000e+00,-1.698445e-07,1.468457e-07,4.130344e-07,0.000000e+00,0.000000e+00,0.000000e+00,0.000000e+00,0.000000e+00,0.000000e+00,0.000000e+00,702,930
0.000000e+00,-1.986458e-07,4.582121e-08,5.439308e-07,0.000000e+00,0.000000e+00,0.000000e+00,0.000000e+00,0.000000e+00,0.000000e+00,0.000000e+00,703,930
0.000000e+00,-4.687304e-08,-1.870914e-07,2.176800e-07,0.000000e+00,0.000000e+00,0.000000e+00,0.000000e+00,0.000000e+00,0.000000e+00,0.000000e+00,704,930
0.000000e+00,2.607981e-07,-6.451136e-08,4.071940e-07,0.000000e+00,0.000000e+00,0.000000e+00,0.000000e+00,0.000000e+00,0.000000e+00,0.000000e+00,705,930
0.000000e+00,-2.119312e-07,9.523557e-08,3.408698e-07,0.000000e+00,0.000000e+00,0.000000e+00,0.000000e+00,0.000000e+00,0.000000e+00,0.000000e+00,706,930
0.000000e+00,-2.007412e-08,6.266066e-08,1.194060e-07,0.000000e+00,0.000000e+00,0.000000e+00,0.000000e+00,0.000000e+00,0.000000e+00,0.000000e+00,707,930
0.000000e+00,-2.191890e-07,-9.523843e-08,5.316068e-07,0.000000e+00,0.000000e+00,0.000000e+00,0.000000e+00,0.000000e+00,0.000000e+00,0.000000e+00,708,930
0.000000e+00,-2.555216e-07,-6.695582e-08,2.958216e-07,0.000000e+00,0.000000e+00,0.000000e+00,0.000000e+00,0.000000e+00,0.000000e+00,0.000000e+00,709,930
0.000000e+00,-7.429860e-08,-1.626822e-07,2.115702e-07,0.000000e+00,0.000000e+00,0.000000e+00,0.000000e+00,0.000000e+00,0.000000e+00,0.000000e+00,710,930
0.000000e+00,-9.842935e-08,2.299933e-07,5.453369e-07,0.000000e+00,0.000000e+00,0.000000e+00,0.000000e+00,0.000000e+00,0.000000e+00,0.000000e+00,711,930
0.000000e+00,1.104491e-07,2.400341e-07,5.019606e-07,0.000000e+00,0.000000e+00,0.000000e+00,0.000000e+00,0.000000e+00,0.000000e+00,0.000000e+00,712,930
0.000000e+00,4.355077e-08,2.050890e-08,6.636693e-07,0.000000e+00,0.000000e+00,0.000000e+00,0.000000e+00,0.000000e+00,0.000000e+00,0.000000e+00,713,930
0.000000e+00,-7.468445e-08,2.262785e-07,4.192077e-07,0.000000e+00,0.000000e+00,0.000000e+00,0.000000e+00,0.000000e+00,0.000000e+00,0.000000e+00,714,930
0.000000e+00,2.388913e-07,-8.164289e-08,2.535475e-07,0.000000e+00,0.000000e+00,0.000000e+00,0.000000e+00,0.000000e+00,0.000000e+00,0.000000e+00,715,930
0.000000e+00,-8.014459e-08,-7.864465e-08,5.697524e-07,0.000000e+00,0.000000e+00,0.000000e+00,0.000000e+00,0.000000e+00,0.000000e+00,0.000000e+00,716,930
0.000000e+00,-1.543655e-08,7.656725e-08,3.748428e-07,0.000000e+00,0.000000e+00,0.000000e+00,0.000000e+00,0.000000e+00,0.000000e+00,0.000000e+00,717,930
0.000000e+00,-1.440741e-07,7.332197e-08,6.082478e-07,0.000000e+00,0.000000e+00,0.000000e+00,0.000000e+00,0.000000e+00,0.000000e+00,0.000000e+00,718,930
0.000000e+00,1.716389e-08,2.359939e-07,4.142996e-07,0.000000e+00,0.000000e+00,0.000000e+00,0.000000e+00,0.000000e+00,0.000000e+00,0.000000e+00,719,930
0.000000e+00,1.966740e-07,-1.712040e-07,4.504022e-07,0.000000e+00,0.000000e+00,0.000000e+00,0.000000e+00,0.000000e+00,0.000000e+00,0.000000e+00,720,930
0.000000e+00,6.602455e-08,5.812691e-08,6.219178e-07,0.000000e+00,0.000000e+00,0.000000e+00,0.000000e+00,0.000000e+00,0.000000e+00,0.000000e+00,721,930
0.000000e+00,1.353299e-07,-2.426719e-07,4.817384e-07,0.000000e+00,0.000000e+00,0.000000e+00,0.000000e+00,0.000000e+00,0.000000e+00,0.000000e+00,722,930
0.000000e+00,1.166936e-08,2.783574e-07,4.028727e-07,0.000000e+00,0.000000e+00,0.000000e+00,0.000000e+00,0.000000e+00,0.000000e+00,0.000000e+00,723,930
0.000000e+00,1.924507e-07,-1.520313e-07,2.658057e-07,0.000000e+00,0.000000e+00,0.000000e+00,0.000000e+00,0.000000e+00,0.000000e+00,0.000000e+00,724,930
0.000000e+00,1.429576e-07,-5.713290e-08,5.977640e-07,0.000000e+00,0.000000e+00,0.000000e+00,0.000000e+00,0.000000e+00,0.000000e+00,0.000000e+00,725,930
0.000000e+00,1.278789e-07,-6.183070e-08,3.340941e-07,0.000000e+00,0.000000e+00,0.000000e+00,0.000000e+00,0.000000e+00,0.000000e+00,0.000000e+00,726,930
0.000000e+00,1.507849e-07,1.015775e-07,2.454557e-07,0.000000e+00,0.000000e+00,0.000000e+00,0.000000e+00,0.000000e+00,0.000000e+00,0.000000e+00,727,930
0.000000e+00,2.417915e-07,5.057247e-08,3.972901e-07,0.000000e+00,0.000000e+00,0.000000e+00,0.000000e+00,0.000000e+00,0.000000e+00,0.000000e+00,728,930
0.000000e+00,-8.289908e-08,-1.797307e-07,4.814099e-07,0.000000e+00,0.000000e+00,0.000000e+00,0.000000e+00,0.000000e+00,0.000000e+00,0.000000e+00,729,930
0.000000e+00,3.485366e-09,-2.094927e-09,6.821156e-07,0.000000e+00,0.000000e+00,0.000000e+00,0.000000e+00,0.000000e+00,0.000000e+00,0.000000e+00,730,930
0.000000e+00,4.889860e-08,-1.424109e-07,6.134560e-07,0.000000e+00,0.000000e+00,0.000000e+00,0.000000e+00,0.000000e+00,0.000000e+00,0.000000e+00,731,930
0.000000e+00,1.618522e-08,2.846911e-07,4.133306e-07,0.000000e+00,0.000000e+00,0.000000e+00,0.000000e+00,0.000000e+00,0.000000e+00,0.000000e+00,732,930
0.000000e+00,-4.682426e-08,2.638784e-07,2.767128e-07,0.000000e+00,0.000000e+00,0.000000e+00,0.000000e+00,0.000000e+00,0.000000e+00,0.000000e+00,733,930
0.000000e+00,5.775234e-08,7.513155e-08,1.410665e-07,0.000000e+00,0.000000e+00,0.000000e+00,0.000000e+00,0.000000e+00,0.000000e+00,0.000000e+00,734,930
0.000000e+00,2.069079e-07,-8.593020e-08,3.171123e-07,0.000000e+00,0.000000e+00,0.000000e+00,0.000000e+00,0.000000e+00,0.000000e+00,0.000000e+00,735,930
0.000000e+00,-1.187063e-07,-2.162748e-08,5.700299e-07,0.000000e+00,0.000000e+00,0.000000e+00,0.000000e+00,0.000000e+00,0.000000e+00,0.000000e+00,736,930
0.000000e+00,2.337341e-07,-4.578023e-08,4.792952e-07,0.000000e+00,0.000000e+00,0.000000e+00,0.000000e+00,0.000000e+00,0.000000e+00,0.000000e+00,737,930
0.000000e+00,-9.143775e-08,6.016399e-08,5.478151e-07,0.000000e+00,0.000000e+00,0.000000e+00,0.000000e+00,0.000000e+00,0.000000e+00,0.000000e+00,738,930
0.000000e+00,-1.114001e-07,-7.628731e-08,6.443265e-07,0.000000e+00,0.000000e+00,0.000000e+00,0.000000e+00,0.000000e+00,0.000000e+00,0.000000e+00,739,930
0.000000e+00,-6.021840e-08,-3.968447e-08,3.067962e-07,0.000000e+00,0.000000e+00,0.000000e+00,0.000000e+00,0.000000e+00,0.000000e+00,0.000000e+00,740,930
0.000000e+00,1.718731e-07,-1.351947e-07,3.232057e-07,0.000000e+00,0.000000e+00,0.000000e+00,0.000000e+00,0.000000e+00,0.000000e+00,0.000000e+00,741,930
0.000000e+00,-5.002090e-08,1.884535e-07,2.792785e-07,0.000000e+00,0.000000e+00,0.000000e+00,0.000000e+00,0.000000e+00,0.000000e+00,0.000000e+00,742,930
0.000000e+00,-2.332422e-07,6.061694e-08,5.533481e-07,0.000000e+00,0.000000e+00,0.000000e+00,0.000000e+00,0.000000e+00,0.000000e+00,0.000000e+00,743,930
0.000000e+00,-2.452486e-07,-6.124509e-08,5.143361e-07,0.000000e+00,0.000000e+00,0.000000e+00,0.000000e+00,0.000000e+00,0.000000e+00,0.000000e+00,744,930
0.000000e+00,2.411699e-08,-2.437689e-07,3.730779e-07,0.000000e+00,0.000000e+00,0.000000e+00,0.000000e+00,0.000000e+00,0.000000e+00,0.000000e+00,745,930
0.000000e+00,-1.522273e-07,7.328949e-08,5.411562e-07,0.000000e+00,0.000000e+00,0.000000e+00,0.000000e+00,0.000000e+00,0.000000e+00,0.000000e+00,746,930
0.000000e+00,4.351094e-08,1.211170e-07,4.342800e-07,0.000000e+00,0.000000e+00,0.000000e+00,0.000000e+00,0.000000e+00,0.000000e+00,0.000000e+00,747,930
0.000000e+00,7.053855e-08,-3.838352e-08,3.051395e-07,0.000000e+00,0.000000e+00,0.000000e+00,0.000000e+00,0.000000e+00,0.000000e+00,0.000000e+00,748,930
0.000000e+00,1.434914e-07,2.118883e-07,4.657217e-07,0.000000e+00,0.000000e+00,0.000000e+00,0.000000e+00,0.000000e+00,0.000000e+00,0.000000e+00,749,930
0.000000e+00,2.219783e-08,2.204389e-07,5.539042e-07,0.000000e+00,0.000000e+00,0.000000e+00,0.000000e+00,0.000000e+00,0.000000e+00,0.000000e+00,750,930
0.000000e+00,-2.357269e-07,1.473220e-07,4.251173e-07,0.000000e+00,0.000000e+00,0.000000e+00,0.000000e+00,0.000000e+00,0.000000e+00,0.000000e+00,751,930
0.000000e+00,-1.135205e-07,-4.029191e-09,5.086072e-07,0.000000e+00,0.000000e+00,0.000000e+00,0.000000e+00,0.000000e+00,0.000000e+00,0.000000e+00,752,930
0.000000e+00,-4.473758e-08,-1.769477e-07,1.896434e-07,0.000000e+00,0.000000e+00,0.000000e+00,0.000000e+00,0.000000e+00,0.000000e+00,0.000000e+00,753,930
0.000000e+00,-1.496767e-07,7.390676e-08,3.525600e-07,0.000000e+00,0.000000e+00,0.000000e+00,0.000000e+00,0.000000e+00,0.000000e+00,0.000000e+00,754,930
0.000000e+00,1.089580e-08,2.587041e-07,5.240846e-07,0.000000e+00,0.000000e+00,0.000000e+00,0.000000e+00,0.000000e+00,0.000000e+00,0.000000e+00,755,930
0.000000e+00,-6.861530e-08,-5.662913e-08,5.618803e-07,0.000000e+00,0.000000e+00,0.000000e+00,0.000000e+00,0.000000e+00,0.000000e+00,0.000000e+00,756,930
0.000000e+00,1.944563e-07,5.184372e-09,2.232910e-07,0.000000e+00,0.000000e+00,0.000000e+00,0.000000e+00,0.000000e+00,0.000000e+00,0.000000e+00,757,930
0.000000e+00,4.348840e-08,-2.022496e-08,4.478775e-07,0.000000e+00,0.000000e+00,0.000000e+00,0.000000e+00,0.000000e+00,0.000000e+00,0.000000e+00,758,930
0.000000e+00,-1.138138e-07,1.262380e-07,1.565551e-07,0.000000e+00,0.000000e+00,0.000000e+00,0.000000e+00,0.000000e+00,0.000000e+00,0.000000e+00,759,930
0.000000e+00,-8.002846e-08,-1.389899e-07,3.364011e-07,0.000000e+00,0.000000e+00,0.000000e+00,0.000000e+00,0.000000e+00,0.000000e+00,0.000000e+00,760,930
0.000000e+00,1.144962e-07,1.554538e-07,2.770444e-07,0.000000e+00,0.000000e+00,0.000000e+00,0.000000e+00,0.000000e+00,0.000000e+00,0.000000e+00,761,930
0.000000e+00,-1.993900e-07,2.033122e-07,3.461801e-07,0.000000e+00,0.000000e+00,0.000000e+00,0.000000e+00,0.000000e+00,0.000000e+00,0.000000e+00,762,930
0.000000e+00,8.032480e-08,1.225382e-07,2.894320e-07,0.000000e+00,0.000000e+00,0.000000e+00,0.000000e+00,0.000000e+00,0.000000e+00,0.000000e+00,763,930
0.000000e+00,6.588010e-08,-1.092451e-08,2.525311e-07,0.000000e+00,0.000000e+00,0.000000e+00,0.000000e+00,0.000000e+00,0.000000e+00,0.000000e+00,764,930
0.000000e+00,-1.020874e-07,9.530465e-08,5.452911e-07,0.000000e+00,0.000000e+00,0.000000e+00,0.000000e+00,0.000000e+00,0.000000e+00,0.000000e+00,765,930
0.000000e+00,-9.038581e-09,-9.180480e-08,3.184880e-07,0.000000e+00,0.000000e+00,0.000000e+00,0.000000e+00,0.000000e+00,0.000000e+00,0.000000e+00,766,930
0.000000e+00,-4.363471e-08,1.898727e-07,4.339507e-07,0.000000e+00,0.000000e+00,0.000000e+00,0.000000e+00,0.000000e+00,0.000000e+00,0.000000e+00,767,930
0.000000e+00,-6.941716e-08,-3.344522e-08,2.068028e-07,0.000000e+00,0.000000e+00,0.000000e+00,0.000000e+00,0.000000e+00,0.000000e+00,0.000000e+00,768,930
0.000000e+00,-2.027903e-07,1.660353e-07,4.923653e-07,0.000000e+00,0.000000e+00,0.000000e+00,0.000000e+00,0.000000e+00,0.000000e+00,0.000000e+00,769,930
0.000000e+00,-2.173109e-07,1.522869e-07,3.327134e-07,0.000000e+00,0.000000e+00,0.000000e+00,0.000000e+00,0.000000e+00,0.000000e+00,0.000000e+00,770,930
0.000000e+00,3.706623e-08,-2.599606e-08,2.269057e-07,0.000000e+00,0.000000e+00,0.000000e+00,0.000000e+00,0.000000e+00,0.000000e+00,0.000000e+00,771,930
0.000000e+00,-6.843493e-08,1.098663e-07,6.058191e-07,0.000000e+00,0.000000e+00,0.000000e+00,0.000000e+00,0.000000e+00,0.000000e+00,0.000000e+00,772,930
0.000000e+00,-1.872107e-07,4.053442e-08,6.216084e-07,0.000000e+00,0.000000e+00,0.000000e+00,0.000000e+00,0.000000e+00,0.000000e+00,0.000000e+00,773,930
0.000000e+00,4.584681e-08,-1.855957e-07,5.943385e-07,0.000000e+00,0.000000e+00,0.000000e+00,0.000000e+00,0.000000e+00,0.000000e+00,0.000000e+00,774,930
0.000000e+00,-2.246996e-08,2.732120e-07,3.234174e-07,0.000000e+00,0.000000e+00,0.000000e+00,0.000000e+00,0.000000e+00,0.000000e+00,0.000000e+00,775,930
0.000000e+00,7.186659e-08,-2.046363e-08,6.295432e-07,0.000000e+00,0.000000e+00,0.000000e+00,0.000000e+00,0.000000e+00,0.000000e+00,0.000000e+00,776,930
0.000000e+00,1.211417e-07,-2.236765e-07,5.465079e-07,0.000000e+00,0.000000e+00,0.000000e+00,0.000000e+00,0.000000e+00,0.000000e+00,0.000000e+00,777,930
0.000000e+00,-5.212355e-08,-6.327274e-08,3.947552e-07,0.000000e+00,0.000000e+00,0.000000e+00,0.000000e+00,0.000000e+00,0.000000e+00,0.000000e+00,778,930
0.000000e+00,6.701010e-08,-1.106842e-07,5.291274e-07,0.000000e+00,0.000000e+00,0.000000e+00,0.000000e+00,0.000000e+00,0.000000e+00,0.000000e+00,779,930
0.000000e+00,-2.506605e-07,1.027695e-07,3.843220e-07,0.000000e+00,0.000000e+00,0.000000e+00,0.000000e+00,0.000000e+00,0.000000e+00,0.000000e+00,780,930
0.000000e+00,-1.414929e-07,6.100985e-08,5.119246e-07,0.000000e+00,0.000000e+00,0.000000e+00,0.000000e+00,0.000000e+00,0.000000e+00,0.000000e+00,781,930
0.000000e+00,1.746617e-07,8.454652e-08,2.554608e-07,0.000000e+00,0.000000e+00,0.000000e+00,0.000000e+00,0.000000e+00,0.000000e+00,0.000000e+00,782,930
0.000000e+00,2.989463e-09,-9.471510e-08,5.061014e-07,0.000000e+00,0.000000e+00,0.000000e+00,0.000000e+00,0.000000e+00,0.000000e+00,0.000000e+00,783,930
0.000000e+00,1.104464e-07,1.793148e-07,3.268694e-07,0.000000e+00,0.000000e+00,0.000000e+00,0.000000e+00,0.000000e+00,0.000000e+00,0.000000e+00,784,930
0.000000e+00,-1.871340e-08,-2.883269e-08,2.815392e-07,0.000000e+00,0.000000e+00,0.000000e+00,0.000000e+00,0.000000e+00,0.000000e+00,0.000000e+00,785,930
0.000000e+00,-5.805590e-08,2.704980e-08,6.494743e-07,0.000000e+00,0.000000e+00,0.000000e+00,0.000000e+00,0.000000e+00,0.000000e+00,0.000000e+00,786,930
0.000000e+00,8.420806e-08,-7.628618e-08,5.585599e-07,0.000000e+00,0.000000e+00,0.000000e+00,0.000000e+00,0.000000e+00,0.000000e+00,0.000000e+00,787,930
0.000000e+00,-9.521940e-08,1.431920e-07,2.714389e-07,0.000000e+00,0.000000e+00,0.000000e+00,0.000000e+00,0.000000e+00,0.000000e+00,0.000000e+00,788,930
0.000000e+00,-1.053527e-07,-1.186875e-07,3.547817e-07,0.000000e+00,0.000000e+00,0.000000e+00,0.000000e+00,0.000000e+00,0.000000e+00,0.000000e+00,789,930
0.000000e+00,-1.244646e-07,1.953960e-07,4.799703e-07,0.000000e+00,0.000000e+00,0.000000e+00,0.000000e+00,0.000000e+00,0.000000e+00,0.000000e+00,790,930
0.000000e+00,1.033948e-07,-4.748658e-08,3.578612e-07,0.000000e+00,0.000000e+00,0.000000e+00,0.000000e+00,0.000000e+00,0.000000e+00,0.000000e+00,791,930
0.000000e+00,4.454354e-08,1.286920e-07,2.420517e-07,0.000000e+00,0.000000e+00,0.000000e+00,0.000000e+00,0.000000e+00,0.000000e+00,0.000000e+00,792,930
0.000000e+00,-9.864835e-08,-1.522649e-07,1.854598e-07,0.000000e+00,0.000000e+00,0.000000e+00,0.000000e+00,0.000000e+00,0.000000e+00,0.000000e+00,793,930
0.000000e+00,-2.580836e-08,1.968410e-07,5.510362e-07,0.000000e+00,0.000000e+00,0.000000e+00,0.000000e+00,0.000000e+00,0.000000e+00,0.000000e+00,794,930
0.000000e+00,-1.207710e-07,1.491218e-07,5.988677e-07,0.000000e+00,0.000000e+00,0.000000e+00,0.000000e+00,0.000000e+00,0.000000e+00,0.000000e+00,795,930
0.000000e+00,2.000460e-07,-1.736360e-07,4.050876e-07,0.000000e+00,0.000000e+00,0.000000e+00,0.000000e+00,0.000000e+00,0.000000e+00,0.000000e+00,796,930
0.000000e+00,-1.100750e-07,-1.211055e-07,2.820985e-07,0.000000e+00,0.000000e+00,0.000000e+00,0.000000e+00,0.000000e+00,0.000000e+00,0.000000e+00,797,930
0.000000e+00,5.891374e-08,-2.699097e-07,4.576050e-07,0.000000e+00,0.000000e+00,0.000000e+00,0.000000e+00,0.000000e+00,0.000000e+00,0.000000e+00,798,930
0.000000e+00,-1.942584e-07,1.432032e-07,2.910476e-07,0.000000e+00,0.000000e+00,0.000000e+00,0.000000e+00,0.000000e+00,0.000000e+00,0.000000e+00,799,930
0.000000e+00,-1.403752e-07,-1.719595e-07,2.843865e-07,0.000000e+00,0.000000e+00,0.000000e+00,0.000000e+00,0.000000e+00,0.000000e+00,0.000000e+00,800,930
0.000000e+00,1.122703e-07,-2.360200e-07,4.383943e-07,0.000000e+00,0.000000e+00,0.000000e+00,0.000000e+00,0.000000e+00,0.000000e+00,0.000000e+00,801,930
0.000000e+00,-1.890620e-08,-7.134823e-08,1.388809e-07,0.000000e+00,0.000000e+00,0.000000e+00,0.000000e+00,0.000000e+00,0.000000e+00,0.000000e+00,802,930
0.000000e+00,-1.286376e-07,-1.699384e-07,4.359343e-07,0.000000e+00,0.000000e+00,0.000000e+00,0.000000e+00,0.000000e+00,0.000000e+00,0.000000e+00,803,930
0.000000e+00,8.390407e-08,1.566358e-07,3.446795e-07,0.000000e+00,0.000000e+00,0.000000e+00,0.000000e+00,0.000000e+00,0.000000e+00,0.000000e+00,804,930
0.000000e+00,9.739041e-08,-8.115911e-08,6.305411e-07,0.000000e+00,0.000000e+00,0.000000e+00,0.000000e+00,0.000000e+00,0.000000e+00,0.000000e+00,805,930
0.000000e+00,-2.496394e-07,-3.309392e-08,5.290766e-07,0.000000e+00,0.000000e+00,0.000000e+00,0.000000e+00,0.000000e+00,0.000000e+00,0.000000e+00,806,930
0.000000e+00,1.776086e-07,8.903689e-08,2.965492e-07,0.000000e+00,0.000000e+00,0.000000e+00,0.000000e+00,0.000000e+00,0.000000e+00,0.000000e+00,807,930
0.000000e+00,-1.471434e-07,5.326953e-08,4.993405e-07,0.000000e+00,0.000000e+00,0.000000e+00,0.000000e+00,0.000000e+00,0.000000e+00,0.000000e+00,808,930
0.000000e+00,-1.582215e-07,6.950580e-09,3.369281e-07,0.000000e+00,0.000000e+00,0.000000e+00,0.000000e+00,0.000000e+00,0.000000e+00,0.000000e+00,809,930
0.000000e+00,-3.671738e-08,7.195884e-08,1.482812e-07,0.000000e+00,0.000000e+00,0.000000e+00,0.000000e+00,0.000000e+00,0.000000e+00,0.000000e+00,810,930
0.000000e+00,1.982157e-07,1.320742e-07,3.738499e-07,0.000000e+00,0.000000e+00,0.000000e+00,0.000000e+00,0.000000e+00,0.000000e+00,0.000000e+00,811,930
0.000000e+00,-3.747772e-08,-1.096709e-07,5.734776e-07,0.000000e+00,0.000000e+00,0.000000e+00,0.000000e+00,0.000000e+00,0.000000e+00,0.000000e+00,812,930
0.000000e+00,2.085367e-07,1.677407e-07,3.749376e-07,0.000000e+00,0.000000e+00,0.000000e+00,0.000000e+00,0.000000e+00,0.000000e+00,0.000000e+00,813,930
0.000000e+00,1.567719e-07,-1.402325e-07,3.721711e-07,0.000000e+00,0.000000e+00,0.000000e+00,0.000000e+00,0.000000e+00,0.000000e+00,0.000000e+00,814,930
0.000000e+00,2.182684e-07,-1.283151e-07,2.950910e-07,0.000000e+00,0.000000e+00,0.000000e+00,0.000000e+00,0.000000e+00,0.000000e+00,0.000000e+00,815,930
0.000000e+00,6.490822e-08,-1.693257e-07,1.706853e-07,0.000000e+00,0.000000e+00,0.000000e+00,0.000000e+00,0.000000e+00,0.000000e+00,0.000000e+00,816,930
0.000000e+00,-4.888849e-08,1.098545e-07,2.023149e-07,0.000000e+00,0.000000e+00,0.000000e+00,0.000000e+00,0.000000e+00,0.000000e+00,0.000000e+00,817,930
0.000000e+00,-6.911505e-08,-3.728628e-08,5.119992e-07,0.000000e+00,0.000000e+00,0.000000e+00,0.000000e+00,0.000000e+00,0.000000e+00,0.000000e+00,818,930
0.000000e+00,-1.364822e-07,-9.640986e-08,3.177684e-07,0.000000e+00,0.000000e+00,0.000000e+00,0.000000e+00,0.000000e+00,0.000000e+00,0.000000e+00,819,930
0.000000e+00,2.351229e-07,1.018163e-07,2.849539e-07,0.000000e+00,0.000000e+00,0.000000e+00,0.000000e+00,0.000000e+00,0.000000e+00,0.000000e+00,820,930
0.000000e+00,2.555627e-08,-1.550828e-07,2.390320e-07,0.000000e+00,0.000000e+00,0.000000e+00,0.000000e+00,0.000000e+00,0.000000e+00,0.000000e+00,821,930
0.000000e+00,2.811988e-08,-2.084031e-09,3.244388e-07,0.000000e+00,0.000000e+00,0.000000e+00,0.000000e+00,0.000000e+00,0.000000e+00,0.000000e+00,822,930
0.000000e+00,2.446967e-07,-8.733550e-08,5.250116e-07,0.000000e+00,0.000000e+00,0.000000e+00,0.000000e+00,0.000000e+00,0.000000e+00,0.000000e+00,823,930
0.000000e+00,1.254139e-08,1.822848e-07,4.501424e-07,0.000000e+00,0.000000e+00,0.000000e+00,0.000000e+00,0.000000e+00,0.000000e+00,0.000000e+00,824,930
0.000000e+00,5.157176e-08,9.045889e-08,6.118672e-07,0.000000e+00,0.000000e+00,0.000000e+00,0.000000e+00,0.000000e+00,0.000000e+00,0.000000e+00,825,930
0.000000e+00,3.079197e-08,1.879609e-07,5.375951e-07,0.000000e+00,0.000000e+00,0.000000e+00,0.000000e+00,0.000000e+00,0.000000e+00,0.000000e+00,826,930
0.000000e+00,-9.288733e-08,7.118095e-08,2.688157e-07,0.000000e+00,0.000000e+00,0.000000e+00,0.000000e+00,0.000000e+00,0.000000e+00,0.000000e+00,827,930
0.000000e+00,-3.539503e-08,-1.002564e-07,1.747248e-07,0.000000e+00,0.000000e+00,0.000000e+00,0.000000e+00,0.000000e+00,0.000000e+00,0.000000e+00,828,930
0.000000e+00,-4.458458e-08,1.011257e-07,4.191357e-07,0.000000e+00,0.000000e+00,0.000000e+00,0.000000e+00,0.000000e+00,0.000000e+00,0.000000e+00,829,930
0.000000e+00,8.441386e-08,-2.288309e-09,3.652070e-07,0.000000e+00,0.000000e+00,0.000000e+00,0.000000e+00,0.000000e+00,0.000000e+00,0.000000e+00,830,930
0.000000e+00,-3.207988e-08,5.196911e-08,2.691509e-07,0.000000e+00,0.000000e+00,0.000000e+00,0.000000e+00,0.000000e+00,0.000000e+00,0.000000e+00,831,930
0.000000e+00,-6.248524e-08,1.277549e-07,4.249703e-07,0.000000e+00,0.000000e+00,0.000000e+00,0.000000e+00,0.000000e+00,0.000000e+00,0.000000e+00,832,930
0.000000e+00,4.418401e-08,-3.241972e-08,4.237689e-07,0.000000e+00,0.000000e+00,0.000000e+00,0.000000e+00,0.000000e+00,0.000000e+00,0.000000e+00,833,930
0.000000e+00,-1.772524e-07,2.070435e-07,4.553441e-07,0.000000e+00,0.000000e+00,0.000000e+00,0.000000e+00,0.000000e+00,0.000000e+00,0.000000e+00,834,930
0.000000e+00,3.228124e-08,8.423763e-08,3.115050e-07,0.000000e+00,0.000000e+00,0.000000e+00,0.000000e+00,0.000000e+00,0.000000e+00,0.000000e+00,835,930
0.000000e+00,1.999914e-07,-3.389471e-08,5.472691e-07,0.000000e+00,0.000000e+00,0.000000e+00,0.000000e+00,0.000000e+00,0.000000e+00,0.000000e+00,836,930
0.000000e+00,-1.411179e-08,-6.958712e-09,6.086250e-07,0.000000e+00,0.000000e+00,0.000000e+00,0.000000e+00,0.000000e+00,0.000000e+00,0.000000e+00,837,930
0.000000e+00,-4.958221e-09,1.864596e-07,5.737060e-07,0.000000e+00,0.000000e+00,0.000000e+00,0.000000e+00,0.000000e+00,0.000000e+00,0.000000e+00,838,930
0.000000e+00,-9.579925e-08,-1.787031e-07,4.634847e-07,0.000000e+00,0.000000e+00,0.000000e+00,0.000000e+00,0.000000e+00,0.000000e+00,0.000000e+00,839,930
0.000000e+00,-1.538421e-07,1.543758e-08,3.758675e-07,0.000000e+00,0.000000e+00,0.000000e+00,0.000000e+00,0.000000e+00,0.000000e+00,0.000000e+00,840,930
0.000000e+00,2.145750e-07,-1.199210e-07,3.911168e-07,0.000000e+00,0.000000e+00,0.000000e+00,0.000000e+00,0.000000e+00,0.000000e+00,0.000000e+00,841,930
0.000000e+00,9.787292e-08,-2.146310e-07,3.880758e-07,0.000000e+00,0.000000e+00,0.000000e+00,0.000000e+00,0.000000e+00,0.000000e+00,0.000000e+00,842,930
0.000000e+00,-6.564023e-09,1.132682e-07,2.164653e-07,0.000000e+00,0.000000e+00,0.000000e+00,0.000000e+00,0.000000e+00,0.000000e+00,0.000000e+00,843,930
0.000000e+00,1.401376e-07,2.557310e-09,3.983862e-07,0.000000e+00,0.000000e+00,0.000000e+00,0.000000e+00,0.000000e+00,0.000000e+00,0.000000e+00,844,930
0.000000e+00,1.071413e-09,-2.175046e-07,3.474866e-07,0.000000e+00,0.000000e+00,0.000000e+00,0.000000e+00,0.000000e+00,0.000000e+00,0.000000e+00,845,930
0.000000e+00,7.063373e-08,1.943920e-07,4.478168e-07,0.000000e+00,0.000000e+00,0.000000e+00,0.000000e+00,0.000000e+00,0.000000e+00,0.000000e+00,846,930
0.000000e+00,-2.232468e-07,-1.499992e-07,4.384185e-07,0.000000e+00,0.000000e+00,0.000000e+00,0.000000e+00,0.000000e+00,0.000000e+00,0.000000e+00,847,930
0.000000e+00,-5.628486e-10,1.094525e-07,2.189635e-07,0.000000e+00,0.000000e+00,0.000000e+00,0.000000e+00,0.000000e+00,0.000000e+00,0.000000e+00,848,930
0.000000e+00,-1.560488e-07,-5.709826e-08,5.538729e-07,0.000000e+00,0.000000e+00,0.000000e+00,0.000000e+00,0.000000e+00,0.000000e+00,0.000000e+00,849,930
0.000000e+00,1.171030e-07,1.270781e-07,4.345848e-07,0.000000e+00,0.000000e+00,0.000000e+00,0.000000e+00,0.000000e+00,0.000000e+00,0.000000e+00,850,930
0.000000e+00,3.613330e-08,-2.972730e-09,3.722545e-07,0.000000e+00,0.000000e+00,0.000000e+00,0.000000e+00,0.000000e+00,0.000000e+00,0.000000e+00,851,930
0.000000e+00,-2.851867e-08,-1.116113e-07,5.865334e-07,0.000000e+00,0.000000e+00,0.000000e+00,0.000000e+00,0.000000e+00,0.000000e+00,0.000000e+00,852,930
0.000000e+00,1.428936e-08,4.771613e-08,1.075243e-07,0.000000e+00,0.000000e+00,0.000000e+00,0.000000e+00,0.000000e+00,0.000000e+00,0.000000e+00,853,930
0.000000e+00,-1.554675e-07,-6.876242e-08,4.727345e-07,0.000000e+00,0.000000e+00,0.000000e+00,0.000000e+00,0.000000e+00,0.000000e+00,0.000000e+00,854,930
0.000000e+00,1.586819e-09,-1.824790e-07,4.282236e-07,0.000000e+00,0.000000e+00,0.000000e+00,0.000000e+00,0.000000e+00,0.000000e+00,0.000000e+00,855,930
0.000000e+00,7.781948e-08,-2.652881e-08,5.153801e-07,0.000000e+00,0.000000e+00,0.000000e+00,0.000000e+00,0.000000e+00,0.000000e+00,0.000000e+00,856,930
0.000000e+00,1.663645e-07,-1.219475e-07,3.780049e-07,0.000000e+00,0.000000e+00,0.000000e+00,0.000000e+00,0.000000e+00,0.000000e+00,0.000000e+00,857,930
0.000000e+00,-1.380712e-07,3.123593e-08,4.555942e-07,0.000000e+00,0.000000e+00,0.000000e+00,0.000000e+00,0.000000e+00,0.000000e+00,0.000000e+00,858,930
0.000000e+00,-1.295666e-08,1.254304e-07,4.150517e-07,0.000000e+00,0.000000e+00,0.000000e+00,0.000000e+00,0.000000e+00,0.000000e+00,0.000000e+00,859,930
0.000000e+00,-2.541208e-07,3.868904e-08,3.965327e-07,0.000000e+00,0.000000e+00,0.000000e+00,0.000000e+00,0.000000e+00,0.000000e+00,0.000000e+00,860,930
0.000000e+00,-2.206476e-08,8.436690e-08,1.376678e-07,0.000000e+00,0.000000e+00,0.000000e+00,0.000000e+00,0.000000e+00,0.000000e+00,0.000000e+00,861,930
0.000000e+00,-1.646230e-07,-8.748365e-08,5.868472e-07,0.000000e+00,0.000000e+00,0.000000e+00,0.000000e+00,0.000000e+00,0.000000e+00,0.000000e+00,862,930
0.000000e+00,-1.271114e-07,-3.455827e-08,1.596119e-07,0.000000e+00,0.000000e+00,0.000000e+00,0.000000e+00,0.000000e+00,0.000000e+00,0.000000e+00,863,930
0.000000e+00,2.806319e-08,2.310175e-07,2.508458e-07,0.000000e+00,0.000000e+00,0.000000e+00,0.000000e+00,0.000000e+00,0.000000e+00,0.000000e+00,864,930
0.000000e+00,2.291557e-07,-1.818572e-07,4.070969e-07,0.000000e+00,0.000000e+00,0.000000e+00,0.000000e+00,0.000000e+00,0.000000e+00,0.000000e+00,865,930
0.000000e+00,1.709670e-07,-2.191956e-07,4.841615e-07,0.000000e+00,0.000000e+00,0.000000e+00,0.000000e+00,0.000000e+00,0.000000e+00,0.000000e+00,866,930
0.000000e+00,-1.086876e-07,-3.519922e-08,3.786098e-07,0.000000e+00,0.000000e+00,0.000000e+00,0.000000e+00,0.000000e+00,0.000000e+00,0.000000e+00,867,930
0.000000e+00,1.410224e-07,1.906480e-08,4.350819e-07,0.000000e+00,0.000000e+00,0.000000e+00,0.000000e+00,0.000000e+00,0.000000e+00,0.000000e+00,868,930
0.000000e+00,-2.473876e-08,-2.588396e-07,4.473621e-07,0.000000e+00,0.000000e+00,0.000000e+00,0.000000e+00,0.000000e+00,0.000000e+00,0.000000e+00,869,930
0.000000e+00,-4.193275e-08,1.692213e-07,5.672220e-07,0.000000e+00,0.000000e+00,0.000000e+00,0.000000e+00,0.000000e+00,0.000000e+00,0.000000e+00,870,930
0.000000e+00,1.439777e-07,1.545137e-07,5.360154e-07,0.000000e+00,0.000000e+00,0.000000e+00,0.000000e+00,0.000000e+00,0.000000e+00,0.000000e+00,871,930
0.000000e+00,1.188198e-07,-1.790041e-07,3.175230e-07,0.000000e+00,0.000000e+00,0.000000e+00,0.000000e+00,0.000000e+00,0.000000e+00,0.000000e+00,872,930
0.000000e+00,-1.685510e-07,-1.150361e-07,1.905717e-07,0.000000e+00,0.000000e+00,0.000000e+00,0.000000e+00,0.000000e+00,0.000000e+00,0.000000e+00,873,930
0.000000e+00,-2.065731e-07,4.161634e-08,3.099011e-07,0.000000e+00,0.000000e+00,0.000000e+00,0.000000e+00,0.000000e+00,0.000000e+00,0.000000e+00,874,930
0.000000e+00,-2.427585e-07,-8.241987e-08,4.612027e-07,0.000000e+00,0.000000e+00,0.000000e+00,0.000000e+00,0.000000e+00,0.000000e+00,0.000000e+00,875,930
0.000000e+00,-9.226146e-09,-2.807952e-07,4.733197e-07,0.000000e+00,0.000000e+00,0.000000e+00,0.000000e+00,0.000000e+00,0.000000e+00,0.000000e+00,876,930
0.000000e+00,-8.945243e-09,1.265603e-07,3.482399e-07,0.000000e+00,0.000000e+00,0.000000e+00,0.000000e+00,0.000000e+00,0.000000e+00,0.000000e+00,877,930
0.000000e+00,2.813372e-08,1.551747e-07,2.975553e-07,0.000000e+00,0.000000e+00,0.000000e+00,0.000000e+00,0.000000e+00,0.000000e+00,0.000000e+00,878,930
0.000000e+00,-2.186895e-07,1.431748e-07,2.639188e-07,0.000000e+00,0.000000e+00,0.000000e+00,0.000000e+00,0.000000e+00,0.000000e+00,0.000000e+00,879,930
0.000000e+00,-9.049142e-08,4.210116e-08,5.917404e-07,0.000000e+00,0.000000e+00,0.000000e+00,0.000000e+00,0.000000e+00,0.000000e+00,0.000000e+00,880,930
0.000000e+00,9.567251e-08,9.049268e-08,5.726233e-07,0.000000e+00,0.000000e+00,0.000000e+00,0.000000e+00,0.000000e+00,0.000000e+00,0.000000e+00,881,930
0.000000e+00,-6.453896e-08,2.854338e-08,3.233070e-07,0.000000e+00,0.000000e+00,0.000000e+00,0.000000e+00,0.000000e+00,0.000000e+00,0.000000e+00,882,930
0.000000e+00,1.361365e-07,7.270075e-08,2.172727e-07,0.000000e+00,0.000000e+00,0.000000e+00,0.000000e+00,0.000000e+00,0.000000e+00,0.000000e+00,883,930
0.000000e+00,-4.561134e-08,4.709295e-08,2.700997e-07,0.000000e+00,0.000000e+00,0.000000e+00,0.000000e+00,0.000000e+00,0.000000e+00,0.000000e+00,884,930
0.000000e+00,2.362001e-08,-1.736934e-07,1.810508e-07,0.000000e+00,0.000000e+00,0.000000e+00,0.000000e+00,0.000000e+00,0.000000e+00,0.000000e+00,885,930
0.000000e+00,-6.877931e-08,1.965152e-07,5.246011e-07,0.000000e+00,0.000000e+00,0.000000e+00,0.000000e+00,0.000000e+00,0.000000e+00,0.000000e+00,886,930
0.000000e+00,1.602325e-07,1.089031e-07,3.125393e-07,0.000000e+00,0.000000e+00,0.000000e+00,0.000000e+00,0.000000e+00,0.000000e+00,0.000000e+00,887,930
0.000000e+00,2.886439e-08,2.299390e-07,4.970761e-07,0.000000e+00,0.000000e+00,0.000000e+00,0.000000e+00,0.000000e+00,0.000000e+00,0.000000e+00,888,930
0.000000e+00,1.969007e-07,-1.683037e-07,3.143121e-07,0.000000e+00,0.000000e+00,0.000000e+00,0.000000e+00,0.000000e+00,0.000000e+00,0.000000e+00,889,930
0.000000e+00,1.551588e-07,-2.324160e-07,3.020255e-07,0.000000e+00,0.000000e+00,0.000000e+00,0.000000e+00,0.000000e+00,0.000000e+00,0.000000e+00,890,930
0.000000e+00,-1.612278e-07,-9.238537e-08,2.502381e-07,0.000000e+00,0.000000e+00,0.000000e+00,0.000000e+00,0.000000e+00,0.000000e+00,0.000000e+00,891,930
0.000000e+00,2.318650e-07,2.298014e-08,5.206477e-07,0.000000e+00,0.000000e+00,0.000000e+00,0.000000e+00,0.000000e+00,0.000000e+00,0.000000e+00,892,930
0.000000e+00,1.074008e-07,-1.314570e-07,3.985851e-07,0.000000e+00,0.000000e+00,0.000000e+00,0.000000e+00,0.000000e+00,0.000000e+00,0.000000e+00,893,930
0.000000e+00,-7.559688e-08,-4.455777e-08,1.294913e-07,0.000000e+00,0.000000e+00,0.000000e+00,0.000000e+00,0.000000e+00,0.000000e+00,0.000000e+00,894,930
0.000000e+00,-1.044661e-08,-1.753885e-08,6.522164e-07,0.000000e+00,0.000000e+00,0.000000e+00,0.000000e+00,0.000000e+00,0.000000e+00,0.000000e+00,895,930
0.000000e+00,9.845022e-08,1.168690e-07,2.030208e-07,0.000000e+00,0.000000e+00,0.000000e+00,0.000000e+00,0.000000e+00,0.000000e+00,0.000000e+00,896,930
0.000000e+00,-8.772965e-08,-2.527176e-07,4.805918e-07,0.000000e+00,0.000000e+00,0.000000e+00,0.000000e+00,0.000000e+00,0.000000e+00,0.000000e+00,897,930
0.000000e+00,1.148480e-07,-2.201861e-07,3.498627e-07,0.000000e+00,0.000000e+00,0.000000e+00,0.000000e+00,0.000000e+00,0.000000e+00,0.000000e+00,898,930
0.000000e+00,8.308621e-08,2.085515e-08,5.482523e-07,0.000000e+00,0.000000e+00,0.000000e+00,0.000000e+00,0.000000e+00,0.000000e+00,0.000000e+00,899,930
0.000000e+00,1.495219e-09,-7.446995e-08,6.380398e-07,0.000000e+00,0.000000e+00,0.000000e+00,0.000000e+00,0.000000e+00,0.000000e+00,0.000000e+00,900,930
0.000000e+00,-1.029269e-07,1.433955e-08,5.235720e-07,0.000000e+00,0.000000e+00,0.000000e+00,0.000000e+00,0.000000e+00,0.000000e+00,0.000000e+00,901,930
0.000000e+00,1.802806e-07,1.436793e-07,5.016349e-07,0.000000e+00,0.000000e+00,0.000000e+00,0.000000e+00,0.000000e+00,0.000000e+00,0.000000e+00,902,930
0.000000e+00,-9.344107e-08,-1.062984e-07,2.470146e-07,0.000000e+00,0.000000e+00,0.000000e+00,0.000000e+00,0.000000e+00,0.000000e+00,0.000000e+00,903,930
0.000000e+00,-1.523109e-07,6.355549e-08,3.249201e-07,0.000000e+00,0.000000e+00,0.000000e+00,0.000000e+00,0.000000e+00,0.000000e+00,0.000000e+00,904,930
0.000000e+00,-1.473965e-07,9.729701e-08,4.655297e-07,0.000000e+00,0.000000e+00,0.000000e+00,0.000000e+00,0.000000e+00,0.000000e+00,0.000000e+00,905,930
0.000000e+00,-1.416425e-07,8.970746e-10,3.340452e-07,0.000000e+00,0.000000e+00,0.000000e+00,0.000000e+00,0.000000e+00,0.000000e+00,0.000000e+00,906,930
0.000000e+00,1.919871e-07,3.571143e-08,3.011727e-07,0.000000e+00,0.000000e+00,0.000000e+00,0.000000e+00,0.000000e+00,0.000000e+00,0.000000e+00,907,930
0.000000e+00,-3.292238e-08,1.404310e-07,5.634592e-07,0.000000e+00,0.000000e+00,0.000000e+00,0.000000e+00,0.000000e+00,0.000000e+00,0.000000e+00,908,930
0.000000e+00,9.933488e-08,-2.144675e-07,3.533835e-07,0.000000e+00,0.000000e+00,0.000000e+00,0.000000e+00,0.000000e+00,0.000000e+00,0.000000e+00,909,930
0.000000e+00,9.768245e-08,-1.904237e-08,5.091813e-07,0.000000e+00,0.000000e+00,0.000000e+00,0.000000e+00,0.000000e+00,0.000000e+00,0.000000e+00,910,930
0.000000e+00,-5.954797e-08,-5.766532e-09,4.581496e-07,0.000000e+00,0.000000e+00,0.000000e+00,0.000000e+00,0.000000e+00,0.000000e+00,0.000000e+00,911,930
0.000000e+00,1.364547e-07,1.535640e-07,4.801853e-07,0.000000e+00,0.000000e+00,0.000000e+00,0.000000e+00,0.000000e+00,0.000000e+00,0.000000e+00,912,930
0.000000e+00,-4.853255e-08,8.230823e-08,6.292256e-07,0.000000e+00,0.000000e+00,0.000000e+00,0.000000e+00,0.000000e+00,0.000000e+00,0.000000e+00,913,930
0.000000e+00,-8.843771e-08,-3.123982e-08,6.106786e-07,0.000000e+00,0.000000e+00,0.000000e+00,0.000000e+00,0.000000e+00,0.000000e+00,0.000000e+00,914,930
0.000000e+00,-1.251427e-07,8.836675e-08,3.019171e-07,0.000000e+00,0.000000e+00,0.000000e+00,0.000000e+00,0.000000e+00,0.000000e+00,0.000000e+00,915,930
0.000000e+00,1.544093e-07,-5.463218e-08,5.219266e-07,0.000000e+00,0.000000e+00,0.000000e+00,0.000000e+00,0.000000e+00,0.000000e+00,0.000000e+00,916,930
0.000000e+00,9.565312e-08,1.227527e-07,2.766895e-07,0.000000e+00,0.000000e+00,0.000000e+00,0.000000e+00,0.000000e+00,0.000000e+00,0.000000e+00,917,930
0.000000e+00,-6.963999e-08,-1.842468e-07,4.417393e-07,0.000000e+00,0.000000e+00,0.000000e+00,0.000000e+00,0.000000e+00,0.000000e+00,0.000000e+00,918,930
0.000000e+00,-6.651454e-08,-1.535826e-07,2.021142e-07,0.000000e+00,0.000000e+00,0.000000e+00,0.000000e+00,0.000000e+00,0.000000e+00,0.000000e+00,919,930
0.000000e+00,1.262981e-07,2.457338e-07,4.786661e-07,0.000000e+00,0.000000e+00,0.000000e+00,0.000000e+00,0.000000e+00,0.000000e+00,0.000000e+00,920,930
0.000000e+00,-3.303293e-08,-1.994328e-07,4.990862e-07,0.000000e+00,0.000000e+00,0.000000e+00,0.000000e+00,0.000000e+00,0.000000e+00,0.000000e+00,921,930
0.000000e+00,-2.329056e-07,1.270525e-07,3.883294e-07,0.000000e+00,0.000000e+00,0.000000e+00,0.000000e+00,0.000000e+00,0.000000e+00,0.000000e+00,922,930
0.000000e+00,-7.645399e-08,-1.898095e-07,5.765149e-07,0.000000e+00,0.000000e+00,0.000000e+00,0.000000e+00,0.000000e+00,0.000000e+00,0.000000e+00,923,930
0.000000e+00,-5.660474e-08,3.277610e-08,5.621435e-07,0.000000e+00,0.000000e+00,0.000000e+00,0.000000e+00,0.000000e+00,0.000000e+00,0.000000e+00,924,930
0.000000e+00,-1.943349e-07,-2.285046e-08,5.910038e-07,0.000000e+00,0.000000e+00,0.000000e+00,0.000000e+00,0.000000e+00,0.000000e+00,0.000000e+00,925,930
0.000000e+00,-2.131761e-07,-2.463543e-08,3.713871e-07,0.000000e+00,0.000000e+00,0.000000e+00,0.000000e+00,0.000000e+00,0.000000e+00,0.000000e+00,926,930
0.000000e+00,-1.205798e-07,1.859378e-07,5.739092e-07,0.000000e+00,0.000000e+00,0.000000e+00,0.000000e+00,0.000000e+00,0.000000e+00,0.000000e+00,927,930
0.000000e+00,1.202801e-07,-1.160336e-07,2.871418e-07,0.000000e+00,0.000000e+00,0.000000e+00,0.000000e+00,0.000000e+00,0.000000e+00,0.000000e+00,928,930
0.000000e+00,-5.421518e-08,1.938762e-07,4.129497e-07,0.000000e+00,0.000000e+00,0.000000e+00,0.000000e+00,0.000000e+00,0.000000e+00,0.000000e+00,929,930
0.000000e+00,-1.337422e-07,2.265267e-07,4.134254e-07,0.000000e+00,0.000000e+00,0.000000e+00,0.000000e+00,0.000000e+00,0.000000e+00,0.000000e+00,930,930
0.000000e+00,-5.640656e-09,2.772643e-07,4.871057e-07,0.000000e+00,0.000000e+00,0.000000e+00,0.000000e+00,0.000000e+00,0.000000e+00,0.000000e+00,931,930
0.000000e+00,-3.138069e-08,8.586143e-08,3.808825e-07,0.000000e+00,0.000000e+00,0.000000e+00,0.000000e+00,0.000000e+00,0.000000e+00,0.000000e+00,932,930
0.000000e+00,8.620428e-08,-2.827284e-07,3.915219e-07,0.000000e+00,0.000000e+00,0.000000e+00,0.000000e+00,0.000000e+00,0.000000e+00,0.000000e+00,933,930
0.000000e+00,-4.861826e-08,9.854377e-08,2.614726e-07,0.000000e+00,0.000000e+00,0.000000e+00,0.000000e+00,0.000000e+00,0.000000e+00,0.000000e+00,934,930
0.000000e+00,1.016976e-07,1.578260e-09,3.684540e-07,0.000000e+00,0.000000e+00,0.000000e+00,0.000000e+00,0.000000e+00,0.000000e+00,0.000000e+00,935,930
0.000000e+00,-1.076757e-07,2.588776e-08,5.054278e-07,0.000000e+00,0.000000e+00,0.000000e+00,0.000000e+00,0.000000e+00,0.000000e+00,0.000000e+00,936,930
0.000000e+00,9.994869e-08,6.543789e-08,4.238458e-07,0.000000e+00,0.000000e+00,0.000000e+00,0.000000e+00,0.000000e+00,0.000000e+00,0.000000e+00,937,930
0.000000e+00,-1.503977e-07,-1.773787e-08,4.907074e-07,0.000000e+00,0.000000e+00,0.000000e+00,0.000000e+00,0.000000e+00,0.000000e+00,0.000000e+00,938,930
0.000000e+00,-3.207606e-08,1.696157e-07,2.974412e-07,0.000000e+00,0.000000e+00,0.000000e+00,0.000000e+00,0.000000e+00,0.000000e+00,0.000000e+00,939,930
0.000000e+00,-4.331115e-08,-1.832209e-07,3.381338e-07,0.000000e+00,0.000000e+00,0.000000e+00,0.000000e+00,0.000000e+00,0.000000e+00,0.000000e+00,940,930
0.000000e+00,-7.240243e-09,1.377505e-07,4.979298e-07,0.000000e+00,0.000000e+00,0.000000e+00,0.000000e+00,0.000000e+00,0.000000e+00,0.000000e+00,941,930
0.000000e+00,2.487908e-07,-2.642630e-08,3.825176e-07,0.000000e+00,0.000000e+00,0.000000e+00,0.000000e+00,0.000000e+00,0.000000e+00,0.000000e+00,942,930
0.000000e+00,-2.375517e-07,1.492404e-07,3.612858e-07,0.000000e+00,0.000000e+00,0.000000e+00,0.000000e+00,0.000000e+00,0.000000e+00,0.000000e+00,943,930
0.000000e+00,1.346071e-07,2.175214e-07,4.950758e-07,0.000000e+00,0.000000e+00,0.000000e+00,0.000000e+00,0.000000e+00,0.000000e+00,0.000000e+00,944,930
0.000000e+00,-6.304566e-08,-7.610958e-09,3.330285e-07,0.000000e+00,0.000000e+00,0.000000e+00,0.000000e+00,0.000000e+00,0.000000e+00,0.000000e+00,945,930
0.000000e+00,1.115492e-08,6.102716e-08,2.374815e-07,0.000000e+00,0.000000e+00,0.000000e+00,0.000000e+00,0.000000e+00,0.000000e+00,0.000000e+00,946,930
0.000000e+00,-2.349864e-07,-5.294030e-08,5.195794e-07,0.000000e+00,0.000000e+00,0.000000e+00,0.000000e+00,0.000000e+00,0.000000e+00,0.000000e+00,947,930
0.000000e+00,-2.519277e-07,-4.684483e-08,2.621309e-07,0.000000e+00,0.000000e+00,0.000000e+00,0.000000e+00,0.000000e+00,0.000000e+00,0.000000e+00,948,930
0.000000e+00,-1.657161e-07,3.155495e-08,1.603052e-07,0.000000e+00,0.000000e+00,0.000000e+00,0.000000e+00,0.000000e+00,0.000000e+00,0.000000e+00,949,930
0.000000e+00,1.321719e-07,-5.380970e-09,6.572928e-07,0.000000e+00,0.000000e+00,0.000000e+00,0.000000e+00,0.000000e+00,0.000000e+00,0.000000e+00,950,930
0.000000e+00,7.703440e-08,1.162478e-07,1.395641e-07,0.000000e+00,0.000000e+00,0.000000e+00,0.000000e+00,0.000000e+00,0.000000e+00,0.000000e+00,951,930
0.000000e+00,-1.545274e-07,-2.333678e-07,3.807739e-07,0.000000e+00,0.000000e+00,0.000000e+00,0.000000e+00,0.000000e+00,0.000000e+00,0.000000e+00,952,930
0.000000e+00,2.259958e-07,-3.705583e-08,4.410380e-07,0.000000e+00,0.000000e+00,0.000000e+00,0.000000e+00,0.000000e+00,0.000000e+00,0.000000e+00,953,930
0.000000e+00,1.797774e-07,-1.045241e-07,3.322377e-07,0.000000e+00,0.000000e+00,0.000000e+00,0.000000e+00,0.000000e+00,0.000000e+00,0.000000e+00,954,930
0.000000e+00,1.315741e-07,-2.053289e-07,4.624487e-07,0.000000e+00,0.000000e+00,0.000000e+00,0.000000e+00,0.000000e+00,0.000000e+00,0.000000e+00,955,930
0.000000e+00,1.274450e-07,9.809092e-08,4.399029e-07,0.000000e+00,0.000000e+00,0.000000e+00,0.000000e+00,0.000000e+00,0.000000e+00,0.000000e+00,956,930
0.000000e+00,8.435598e-08,6.843687e-08,4.614306e-07,0.000000e+00,0.000000e+00,0.000000e+00,0.000000e+00,0.000000e+00,0.000000e+00,0.000000e+00,957,930
0.000000e+00,-5.119316e-09,-5.504824e-08,1.712741e-07,0.000000e+00,0.000000e+00,0.000000e+00,0.000000e+00,0.000000e+00,0.000000e+00,0.000000e+00,958,930
0.000000e+00,-1.297334e-07,-1.165677e-07,3.701551e-07,0.000000e+00,0.000000e+00,0.000000e+00,0.000000e+00,0.000000e+00,0.000000e+00,0.000000e+00,959,930
0.000000e+00,-3.653247e-08,2.617035e-08,5.594115e-07,0.000000e+00,0.000000e+00,0.000000e+00,0.000000e+00,0.000000e+00,0.000000e+00,0.000000e+00,960,930
0.000000e+00,1.557984e-07,-5.712353e-08,4.023677e-07,0.000000e+00,0.000000e+00,0.000000e+00,0.000000e+00,0.000000e+00,0.000000e+00,0.000000e+00,961,930
0.000000e+00,9.994254e-08,-7.469016e-08,6.242384e-07,0.000000e+00,0.000000e+00,0.000000e+00,0.000000e+00,0.000000e+00,0.000000e+00,0.000000e+00,962,930
0.000000e+00,-3.540446e-08,-2.023686e-07,2.872073e-07,0.000000e+00,0.000000e+00,0.000000e+00,0.000000e+00,0.000000e+00,0.000000e+00,0.000000e+00,963,930
0.000000e+00,-1.752028e-07,-2.370872e-08,6.124536e-07,0.000000e+00,0.000000e+00,0.000000e+00,0.000000e+00,0.000000e+00,0.000000e+00,0.000000e+00,964,930
0.000000e+00,-1.495782e-08,-9.791519e-08,4.307958e-07,0.000000e+00,0.000000e+00,0.000000e+00,0.000000e+00,0.000000e+00,0.000000e+00,0.000000e+00,965,930
0.000000e+00,-1.226845e-07,3.280816e-08,2.450612e-07,0.000000e+00,0.000000e+00,0.000000e+00,0.000000e+00,0.000000e+00,0.000000e+00,0.000000e+00,966,930
0.000000e+00,5.632092e-08,-5.482988e-08,4.440276e-07,0.000000e+00,0.000000e+00,0.000000e+00,0.000000e+00,0.000000e+00,0.000000e+00,0.000000e+00,967,930
0.000000e+00,-1.404824e-07,-6.715344e-08,5.812315e-07,0.000000e+00,0.000000e+00,0.000000e+00,0.000000e+00,0.000000e+00,0.000000e+00,0.000000e+00,968,930
0.000000e+00,5.855400e-08,2.225233e-07,5.555735e-07,0.000000e+00,0.000000e+00,0.000000e+00,0.000000e+00,0.000000e+00,0.000000e+00,0.000000e+00,969,930
0.000000e+00,2.669787e-08,-8.152506e-08,4.840266e-07,0.000000e+00,0.000000e+00,0.000000e+00,0.000000e+00,0.000000e+00,0.000000e+00,0.000000e+00,970,930
0.000000e+00,1.059123e-07,-1.698272e-08,1.271337e-07,0.000000e+00,0.000000e+00,0.000000e+00,0.000000e+00,0.000000e+00,0.000000e+00,0.000000e+00,971,930
0.000000e+00,-1.486626e-07,-1.062622e-07,4.912070e-07,0.000000e+00,0.000000e+00,0.000000e+00,0.000000e+00,0.000000e+00,0.000000e+00,0.000000e+00,972,930
0.000000e+00,6.570353e-08,-9.331256e-08,3.373410e-07,0.000000e+00,0.000000e+00,0.000000e+00,0.000000e+00,0.000000e+00,0.000000e+00,0.000000e+00,973,930
0.000000e+00,2.726874e-07,2.395275e-08,2.925353e-07,0.000000e+00,0.000000e+00,0.000000e+00,0.000000e+00,0.000000e+00,0.000000e+00,0.000000e+00,974,930
0.000000e+00,-2.707196e-07,7.626067e-08,4.475479e-07,0.000000e+00,0.000000e+00,0.000000e+00,0.000000e+00,0.000000e+00,0.000000e+00,0.000000e+00,975,930
0.000000e+00,2.550004e-07,1.755812e-09,4.537531e-07,0.000000e+00,0.000000e+00,0.000000e+00,0.000000e+00,0.000000e+00,0.000000e+00,0.000000e+00,976,930
0.000000e+00,-1.375343e-07,-4.449327e-08,3.786786e-07,0.000000e+00,0.000000e+00,0.000000e+00,0.000000e+00,0.000000e+00,0.000000e+00,0.000000e+00,977,930
0.000000e+00,-5.560511e-08,-1.718074e-08,3.600440e-07,0.000000e+00,0.000000e+00,0.000000e+00,0.000000e+00,0.000000e+00,0.000000e+00,0.000000e+00,978,930
0.000000e+00,-1.683926e-07,8.241433e-09,4.427211e-07,0.000000e+00,0.000000e+00,0.000000e+00,0.000000e+00,0.000000e+00,0.000000e+00,0.000000e+00,979,930
0.000000e+00,2.367715e-07,-1.385185e-07,4.243326e-07,0.000000e+00,0.000000e+00,0.000000e+00,0.000000e+00,0.000000e+00,0.000000e+00,0.000000e+00,980,930
0.000000e+00,-1.644791e-07,5.503464e-08,4.244435e-07,0.000000e+00,0.000000e+00,0.000000e+00,0.000000e+00,0.000000e+00,0.000000e+00,0.000000e+00,981,930
0.000000e+00,1.943014e-08,2.216362e-07,5.418265e-07,0.000000e+00,0.000000e+00,0.000000e+00,0.000000e+00,0.000000e+00,0.000000e+00,0.000000e+00,982,930
0.000000e+00,3.068462e-08,-9.305951e-08,1.969065e-07,0.000000e+00,0.000000e+00,0.000000e+00,0.000000e+00,0.000000e+00,0.000000e+00,0.000000e+00,983,930
0.000000e+00,1.319965e-07,8.687106e-08,4.308389e-07,0.000000e+00,0.000000e+00,0.000000e+00,0.000000e+00,0.000000e+00,0.000000e+00,0.000000e+00,984,930
0.000000e+00,-8.180238e-08,1.276312e-07,3.807032e-07,0.000000e+00,0.000000e+00,0.000000e+00,0.000000e+00,0.000000e+00,0.000000e+00,0.000000e+00,985,930
0.000000e+00,2.142545e-07,-1.459553e-07,3.800035e-07,0.000000e+00,0.000000e+00,0.000000e+00,0.000000e+00,0.000000e+00,0.000000e+00,0.000000e+00,986,930
0.000000e+00,2.484590e-07,-1.224870e-07,2.964218e-07,0.000000e+00,0.000000e+00,0.000000e+00,0.000000e+00,0.000000e+00,0.000000e+00,0.000000e+00,987,930
0.000000e+00,7.551528e-08,-1.727160e-07,4.355914e-07,0.000000e+00,0.000000e+00,0.000000e+00,0.000000e+00,0.000000e+00,0.000000e+00,0.000000e+00,988,930
0.000000e+00,9.944311e-08,-1.275748e-07,1.494549e-07,0.000000e+00,0.000000e+00,0.000000e+00,0.000000e+00,0.000000e+00,0.000000e+00,0.000000e+00,989,930
0.000000e+00,1.861371e-07,-1.684199e-07,4.760129e-07,0.000000e+00,0.000000e+00,0.000000e+00,0.000000e+00,0.000000e+00,0.000000e+00,0.000000e+00,990,930
0.000000e+00,1.708617e-08,1.327038e-07,4.663212e-07,0.000000e+00,0.000000e+00,0.000000e+00,0.000000e+00,0.000000e+00,0.000000e+00,0.000000e+00,991,930
0.000000e+00,-6.369045e-08,-6.093169e-08,4.628927e-07,0.000000e+00,0.000000e+00,0.000000e+00,0.000000e+00,0.000000e+00,0.000000e+00,0.000000e+00,992,930
0.000000e+00,8.471289e-08,9.901737e-08,2.954035e-07,0.000000e+00,0.000000e+00,0.000000e+00,0.000000e+00,0.000000e+00,0.000000e+00,0.000000e+00,993,930
0.000000e+00,9.971024e-08,5.458802e-08,1.792266e-07,0.000000e+00,0.000000e+00,0.000000e+00,0.000000e+00,0.000000e+00,0.000000e+00,0.000000e+00,994,930
0.000000e+00,1.827453e-07,-2.083995e-07,4.603345e-07,0.000000e+00,0.000000e+00,0.000000e+00,0.000000e+00,0.000000e+00,0.000000e+00,0.000000e+00,995,930
0.000000e+00,1.157476e-07,-1.077290e-07,2.772647e-07,0.000000e+00,0.000000e+00,0.000000e+00,0.000000e+00,0.000000e+00,0.000000e+00,0.000000e+00,996,930
0.000000e+00,1.559714e-07,1.178507e-07,2.411548e-07,0.000000e+00,0.000000e+00,0.000000e+00,0.000000e+00,0.000000e+00,0.000000e+00,0.000000e+00,997,930
0.000000e+00,9.577368e-08,3.707061e-08,6.436121e-07,0.000000e+00,0.000000e+00,0.000000e+00,0.000000e+00,0.000000e+00,0.000000e+00,0.000000e+00,998,930
0.000000e+00,6.174240e-08,-1.148574e-07,6.264177e-07,0.000000e+00,0.000000e+00,0.000000e+00,0.000000e+00,0.000000e+00,0.000000e+00,0.000000e+00,999,930
