0.000000e+00,-2.024428e-07,-1.281993e-07,2.851558e-07,0.000000e+00,0.000000e+00,0.000000e+00,0.000000e+00,0.000000e+00,0.000000e+00,0.000000e+00,0,901
0.000000e+00,-2.173356e-07,-1.849820e-07,3.742119e-07,0.000000e+00,0.000000e+00,0.000000e+00,0.000000e+00,0.000000e+00,0.000000e+00,0.000000e+00,1,901
0.000000e+00,1.827287e-08,9.635163e-08,1.413212e-07,0.000000e+00,0.000000e+00,0.000000e+00,0.000000e+00,0.000000e+00,0.000000e+00,0.000000e+00,2,901
0.000000e+00,2.604155e-08,6.175858e-08,5.293287e-07,0.000000e+00,0.000000e+00,0.000000e+00,0.000000e+00,0.000000e+00,0.000000e+00,0.000000e+00,3,901
0.000000e+00,-1.037927e-07,-6.639762e-08,3.113871e-07,0.000000e+00,0.000000e+00,0.000000e+00,0.000000e+00,0.000000e+00,0.000000e+00,0.000000e+00,4,901
0.000000e+00,-1.736399e-07,4.943685e-08,5.139380e-07,0.000000e+00,0.000000e+00,0.000000e+00,0.000000e+00,0.000000e+00,0.000000e+00,0.000000e+00,5,901
0.000000e+00,1.004819e-07,5.933509e-08,4.819734e-07,0.000000e+00,0.000000e+00,0.000000e+00,0.000000e+00,0.000000e+00,0.000000e+00,0.000000e+00,6,901
0.000000e+00,-5.009631e-08,-2.185571e-09,1.443912e-07,0.000000e+00,0.000000e+00,0.000000e+00,0.000000e+00,0.000000e+00,0.000000e+00,0.000000e+00,7,901
0.000000e+00,-1.055111e-07,-4.784174e-08,4.380691e-07,0.000000e+00,0.000000e+00,0.000000e+00,0.000000e+00,0.000000e+00,0.000000e+00,0.000000e+00,8,901
0.000000e+00,1.501829e-08,-2.063630e-07,4.824538e-07,0.000000e+00,0.000000e+00,0.000000e+00,0.000000e+00,0.000000e+00,0.000000e+00,0.000000e+00,9,901
0.000000e+00,-1.062358e-07,1.038183e-08,3.183695e-07,0.000000e+00,0.000000e+00,0.000000e+00,0.000000e+00,0.000000e+00,0.000000e+00,0.000000e+00,10,901
0.000000e+00,-1.625579e-09,-1.886753e-08,5.541214e-07,0.000000e+00,0.000000e+00,0.000000e+00,0.000000e+00,0.000000e+00,0.000000e+00,0.000000e+00,11,901
0.000000e+00,1.170274e-07,-2.027466e-07,4.038894e-07,0.000000e+00,0.000000e+00,0.000000e+00,0.000000e+00,0.000000e+00,0.000000e+00,0.000000e+00,12,901
0.000000e+00,9.082345e-08,1.346855e-07,6.337738e-07,0.000000e+00,0.000000e+00,0.000000e+00,0.000000e+00,0.000000e+00,0.000000e+00,0.000000e+00,13,901
0.000000e+00,3.948786e-08,-8.883917e-08,3.539568e-07,0.000000e+00,0.000000e+00,0.000000e+00,0.000000e+00,0.000000e+00,0.000000e+00,0.000000e+00,14,901
0.000000e+00,1.563101e-07,1.169940e-07,2.332012e-07,0.000000e+00,0.000000e+00,0.000000e+00,0.000000e+00,0.000000e+00,0.000000e+00,0.000000e+00,15,901
0.000000e+00,-1.910956e-07,-2.364396e-09,1.825478e-07,0.000000e+00,0.000000e+00,0.000000e+00,0.000000e+00,0.000000e+00,0.000000e+00,0.000000e+00,16,901
0.000000e+00,1.531178e-07,7.122516e-08,1.662315e-07,0.000000e+00,0.000000e+00,0.000000e+00,0.000000e+00,0.000000e+00,0.000000e+00,0.000000e+00,17,901
0.000000e+00,1.590769e-07,-8.238857e-08,4.269672e-07,0.000000e+00,0.000000e+00,0.000000e+00,0.000000e+00,0.000000e+00,0.000000e+00,0.000000e+00,18,901
0.000000e+00,-2.313957e-08,-3.666128e-08,6.229277e-07,0.000000e+00,0.000000e+00,0.000000e+00,0.000000e+00,0.000000e+00,0.000000e+00,0.000000e+00,19,901
0.000000e+00,-3.013521e-08,4.687210e-09,5.358630e-07,0.000000e+00,0.000000e+00,0.000000e+00,0.000000e+00,0.000000e+00,0.000000e+00,0.000000e+00,20,901
0.000000e+00,-2.091074e-07,-1.639201e-08,2.760065e-07,0.000000e+00,0.000000e+00,0.000000e+00,0.000000e+00,0.000000e+00,0.000000e+00,0.000000e+00,21,901
0.000000e+00,1.161030e-07,-1.867231e-07,5.403336e-07,0.000000e+00,0.000000e+00,0.000000e+00,0.000000e+00,0.000000e+00,0.000000e+00,0.000000e+00,22,901
0.000000e+00,-1.862531e-08,-3.910865e-09,3.939075e-07,0.000000e+00,0.000000e+00,0.000000e+00,0.000000e+00,0.000000e+00,0.000000e+00,0.000000e+00,23,901
0.000000e+00,5.782949e-08,-1.225409e-07,4.194726e-07,0.000000e+00,0.000000e+00,0.000000e+00,0.000000e+00,0.000000e+00,0.000000e+00,0.000000e+00,24,901
0.000000e+00,-8.407623e-08,-1.383875e-07,2.507360e-07,0.000000e+00,0.000000e+00,0.000000e+00,0.000000e+00,0.000000e+00,0.000000e+00,0.000000e+00,25,901
0.000000e+00,-1.803332e-07,-1.389799e-07,5.737518e-07,0.000000e+00,0.000000e+00,0.000000e+00,0.000000e+00,0.000000e+00,0.000000e+00,0.000000e+00,26,901
0.000000e+00,-2.899946e-08,2.289271e-07,2.568008e-07,0.000000e+00,0.000000e+00,0.000000e+00,0.000000e+00,0.000000e+00,0.000000e+00,0.000000e+00,27,901
0.000000e+00,1.989030e-07,-3.350567e-08,6.096866e-07,0.000000e+00,0.000000e+00,0.000000e+00,0.000000e+00,0.000000e+00,0.000000e+00,0.000000e+00,28,901
0.000000e+00,-1.053300e-07,-1.146557e-07,1.757558e-07,0.000000e+00,0.000000e+00,0.000000e+00,0.000000e+00,0.000000e+00,0.000000e+00,0.000000e+00,29,901
0.000000e+00,-1.059955e-07,1.005746e-07,4.383024e-07,0.000000e+00,0.000000e+00,0.000000e+00,0.000000e+00,0.000000e+00,0.000000e+00,0.000000e+00,30,901
0.000000e+00,-2.177848e-08,2.780627e-07,3.706354e-07,0.000000e+00,0.000000e+00,0.000000e+00,0.000000e+00,0.000000e+00,0.000000e+00,0.000000e+00,31,901
0.000000e+00,7.124216e-08,2.316120e-08,6.301948e-07,0.000000e+00,0.000000e+00,0.000000e+00,0.000000e+00,0.000000e+00,0.000000e+00,0.000000e+00,32,901
0.000000e+00,1.871066e-07,-1.977875e-07,4.979732e-07,0.000000e+00,0.000000e+00,0.000000e+00,0.000000e+00,0.000000e+00,0.000000e+00,0.000000e+00,33,901
0.000000e+00,-1.057969e-08,-4.526482e-08,1.241166e-07,0.000000e+00,0.000000e+00,0.000000e+00,0.000000e+00,0.000000e+00,0.000000e+00,0.000000e+00,34,901
0.000000e+00,-2.979480e-08,-2.634678e-07,5.173344e-07,0.000000e+00,0.000000e+00,0.000000e+00,0.000000e+00,0.000000e+00,0.000000e+00,0.000000e+00,35,901
0.000000e+00,-1.598109e-07,2.013910e-07,2.533428e-07,0.000000e+00,0.000000e+00,0.000000e+00,0.000000e+00,0.000000e+00,0.000000e+00,0.000000e+00,36,901
0.000000e+00,1.876451e-07,1.658570e-07,3.795398e-07,0.000000e+00,0.000000e+00,0.000000e+00,0.000000e+00,0.000000e+00,0.000000e+00,0.000000e+00,37,901
0.000000e+00,1.428981e-07,-8.425748e-08,2.763177e-07,0.000000e+00,0.000000e+00,0.000000e+00,0.000000e+00,0.000000e+00,0.000000e+00,0.000000e+00,38,901
0.000000e+00,-1.077214e-08,-1.730373e-07,5.761005e-07,0.000000e+00,0.000000e+00,0.000000e+00,0.000000e+00,0.000000e+00,0.000000e+00,0.000000e+00,39,901
0.000000e+00,5.210182e-09,-1.578536e-07,2.811497e-07,0.000000e+00,0.000000e+00,0.000000e+00,0.000000e+00,0.000000e+00,0.000000e+00,0.000000e+00,40,901
0.000000e+00,-9.981834e-08,7.886372e-08,6.306386e-07,0.000000e+00,0.000000e+00,0.000000e+00,0.000000e+00,0.000000e+00,0.000000e+00,0.000000e+00,41,901
0.000000e+00,-2.020653e-07,-4.415056e-08,3.894764e-07,0.000000e+00,0.000000e+00,0.000000e+00,0.000000e+00,0.000000e+00,0.000000e+00,0.000000e+00,42,901
0.000000e+00,-2.234949e-07,6.931435e-08,4.248232e-07,0.000000e+00,0.000000e+00,0.000000e+00,0.000000e+00,0.000000e+00,0.000000e+00,0.000000e+00,43,901
0.000000e+00,-7.382131e-08,6.306410e-09,5.027680e-07,0.000000e+00,0.000000e+00,0.000000e+00,0.000000e+00,0.000000e+00,0.000000e+00,0.000000e+00,44,901
0.000000e+00,-1.676845e-07,3.935696e-08,5.822742e-07,0.000000e+00,0.000000e+00,0.000000e+00,0.000000e+00,0.000000e+00,0.000000e+00,0.000000e+00,45,901
0.000000e+00,-9.037202e-08,1.009685e-07,2.490123e-07,0.000000e+00,0.000000e+00,0.000000e+00,0.000000e+00,0.000000e+00,0.000000e+00,0.000000e+00,46,901
0.000000e+00,9.950313e-08,2.513055e-07,3.192040e-07,0.000000e+00,0.000000e+00,0.000000e+00,0.000000e+00,0.000000e+00,0.000000e+00,0.000000e+00,47,901
0.000000e+00,2.033100e-07,-3.576654e-08,3.132131e-07,0.000000e+00,0.000000e+00,0.000000e+00,0.000000e+00,0.000000e+00,0.000000e+00,0.000000e+00,48,901
0.000000e+00,-4.848616e-08,-2.390966e-07,3.104913e-07,0.000000e+00,0.000000e+00,0.000000e+00,0.000000e+00,0.000000e+00,0.000000e+00,0.000000e+00,49,901
0.000000e+00,1.652448e-07,-2.028291e-07,3.908443e-07,0.000000e+00,0.000000e+00,0.000000e+00,0.000000e+00,0.000000e+00,0.000000e+00,0.000000e+00,50,901
0.000000e+00,-9.339867e-08,2.423058e-07,4.280456e-07,0.000000e+00,0.000000e+00,0.000000e+00,0.000000e+00,0.000000e+00,0.000000e+00,0.000000e+00,51,901
0.000000e+00,1.561897e-07,-1.549502e-09,3.206288e-07,0.000000e+00,0.000000e+00,0.000000e+00,0.000000e+00,0.000000e+00,0.000000e+00,0.000000e+00,52,901
0.000000e+00,-2.220759e-08,-1.161774e-07,6.294755e-07,0.000000e+00,0.000000e+00,0.000000e+00,0.000000e+00,0.000000e+00,0.000000e+00,0.000000e+00,53,901
0.000000e+00,-6.912865e-08,2.338560e-08,2.292532e-07,0.000000e+00,0.000000e+00,0.000000e+00,0.000000e+00,0.000000e+00,0.000000e+00,0.000000e+00,54,901
0.000000e+00,1.945007e-08,3.271409e-08,6.723716e-07,0.000000e+00,0.000000e+00,0.000000e+00,0.000000e+00,0.000000e+00,0.000000e+00,0.000000e+00,55,901
0.000000e+00,-3.298934e-08,2.157386e-07,4.095163e-07,0.000000e+00,0.000000e+00,0.000000e+00,0.000000e+00,0.000000e+00,0.000000e+00,0.000000e+00,56,901
0.000000e+00,-1.143771e-07,-1.423265e-07,6.115335e-07,0.000000e+00,0.000000e+00,0.000000e+00,0.000000e+00,0.000000e+00,0.000000e+00,0.000000e+00,57,901
0.000000e+00,7.171942e-08,-8.851883e-08,1.483102e-07,0.000000e+00,0.000000e+00,0.000000e+00,0.000000e+00,0.000000e+00,0.000000e+00,0.000000e+00,58,901
0.000000e+00,2.511494e-07,7.120002e-09,3.070351e-07,0.000000e+00,0.000000e+00,0.000000e+00,0.000000e+00,0.000000e+00,0.000000e+00,0.000000e+00,59,901
0.000000e+00,8.382859e-08,1.171782e-07,3.945991e-07,0.000000e+00,0.000000e+00,0.000000e+00,0.000000e+00,0.000000e+00,0.000000e+00,0.000000e+00,60,901
0.000000e+00,-1.378214e-07,-2.009029e-07,3.859021e-07,0.000000e+00,0.000000e+00,0.000000e+00,0.000000e+00,0.000000e+00,0.000000e+00,0.000000e+00,61,901
0.000000e+00,1.434367e-07,2.516745e-07,4.522639e-07,0.000000e+00,0.000000e+00,0.000000e+00,0.000000e+00,0.000000e+00,0.000000e+00,0.000000e+00,62,901
0.000000e+00,2.217134e-09,2.112805e-07,3.465206e-07,0.000000e+00,0.000000e+00,0.000000e+00,0.000000e+00,0.000000e+00,0.000000e+00,0.000000e+00,63,901
0.000000e+00,1.454999e-07,1.284894e-07,5.034114e-07,0.000000e+00,0.000000e+00,0.000000e+00,0.000000e+00,0.000000e+00,0.000000e+00,0.000000e+00,64,901
0.000000e+00,2.062195e-07,1.240894e-07,4.903074e-07,0.000000e+00,0.000000e+00,0.000000e+00,0.000000e+00,0.000000e+00,0.000000e+00,0.000000e+00,65,901
0.000000e+00,-6.536619e-08,2.838193e-07,4.371892e-07,0.000000e+00,0.000000e+00,0.000000e+00,0.000000e+00,0.000000e+00,0.000000e+00,0.000000e+00,66,901
0.000000e+00,1.494710e-07,-1.092699e-08,4.481841e-07,0.000000e+00,0.000000e+00,0.000000e+00,0.000000e+00,0.000000e+00,0.000000e+00,0.000000e+00,67,901
0.000000e+00,2.899021e-08,2.644078e-08,1.122152e-07,0.000000e+00,0.000000e+00,0.000000e+00,0.000000e+00,0.000000e+00,0.000000e+00,0.000000e+00,68,901
0.000000e+00,1.782355e-07,-1.565711e-07,3.327953e-07,0.000000e+00,0.000000e+00,0.000000e+00,0.000000e+00,0.000000e+00,0.000000e+00,0.000000e+00,69,901
0.000000e+00,9.565146e-08,1.927382e-07,2.004208e-07,0.000000e+00,0.000000e+00,0.000000e+00,0.000000e+00,0.000000e+00,0.000000e+00,0.000000e+00,70,901
0.000000e+00,1.350952e-07,1.314366e-07,3.190351e-07,0.000000e+00,0.000000e+00,0.000000e+00,0.000000e+00,0.000000e+00,0.000000e+00,0.000000e+00,71,901
0.000000e+00,-1.371412e-07,4.569221e-08,4.635738e-07,0.000000e+00,0.000000e+00,0.000000e+00,0.000000e+00,0.000000e+00,0.000000e+00,0.000000e+00,72,901
0.000000e+00,4.967519e-08,1.180602e-07,4.766226e-07,0.000000e+00,0.000000e+00,0.000000e+00,0.000000e+00,0.000000e+00,0.000000e+00,0.000000e+00,73,901
0.000000e+00,2.322064e-07,8.349717e-08,2.403922e-07,0.000000e+00,0.000000e+00,0.000000e+00,0.000000e+00,0.000000e+00,0.000000e+00,0.000000e+00,74,901
0.000000e+00,-2.729581e-07,-9.575659e-08,3.414564e-07,0.000000e+00,0.000000e+00,0.000000e+00,0.000000e+00,0.000000e+00,0.000000e+00,0.000000e+00,75,901
0.000000e+00,-1.540433e-07,-1.223343e-07,5.566701e-07,0.000000e+00,0.000000e+00,0.000000e+00,0.000000e+00,0.000000e+00,0.000000e+00,0.000000e+00,76,901
0.000000e+00,3.588580e-08,4.470420e-09,6.731122e-07,0.000000e+00,0.000000e+00,0.000000e+00,0.000000e+00,0.000000e+00,0.000000e+00,0.000000e+00,77,901
0.000000e+00,-1.832578e-07,1.323257e-07,4.067196e-07,0.000000e+00,0.000000e+00,0.000000e+00,0.000000e+00,0.000000e+00,0.000000e+00,0.000000e+00,78,901
0.000000e+00,5.357398e-08,-1.920178e-07,3.392240e-07,0.000000e+00,0.000000e+00,0.000000e+00,0.000000e+00,0.000000e+00,0.000000e+00,0.000000e+00,79,901
0.000000e+00,-7.684560e-08,1.958366e-07,3.490476e-07,0.000000e+00,0.000000e+00,0.000000e+00,0.000000e+00,0.000000e+00,0.000000e+00,0.000000e+00,80,901
0.000000e+00,1.076946e-07,-2.201865e-07,4.390972e-07,0.000000e+00,0.000000e+00,0.000000e+00,0.000000e+00,0.000000e+00,0.000000e+00,0.000000e+00,81,901
0.000000e+00,-7.278915e-08,-1.549854e-07,4.147772e-07,0.000000e+00,0.000000e+00,0.000000e+00,0.000000e+00,0.000000e+00,0.000000e+00,0.000000e+00,82,901
0.000000e+00,2.177366e-07,5.810506e-08,3.085047e-07,0.000000e+00,0.000000e+00,0.000000e+00,0.000000e+00,0.000000e+00,0.000000e+00,0.000000e+00,83,901
0.000000e+00,-1.816823e-08,9.290964e-08,3.215344e-07,0.000000e+00,0.000000e+00,0.000000e+00,0.000000e+00,0.000000e+00,0.000000e+00,0.000000e+00,84,901
0.000000e+00,5.738302e-08,1.461684e-07,5.577707e-07,0.000000e+00,0.000000e+00,0.000000e+00,0.000000e+00,0.000000e+00,0.000000e+00,0.000000e+00,85,901
0.000000e+00,-4.566704e-08,9.692966e-08,4.984953e-07,0.000000e+00,0.000000e+00,0.000000e+00,0.000000e+00,0.000000e+00,0.000000e+00,0.000000e+00,86,901
0.000000e+00,-6.013863e-08,-5.128598e-08,4.768102e-07,0.000000e+00,0.000000e+00,0.000000e+00,0.000000e+00,0.000000e+00,0.000000e+00,0.000000e+00,87,901
0.000000e+00,-5.306930e-08,8.929969e-08,3.989099e-07,0.000000e+00,0.000000e+00,0.000000e+00,0.000000e+00,0.000000e+00,0.000000e+00,0.000000e+00,88,901
0.000000e+00,2.370494e-09,1.057778e-07,6.486496e-07,0.000000e+00,0.000000e+00,0.000000e+00,0.000000e+00,0.000000e+00,0.000000e+00,0.000000e+00,89,901
0.000000e+00,-2.798410e-07,-6.478897e-10,4.074636e-07,0.000000e+00,0.000000e+00,0.000000e+00,0.000000e+00,0.000000e+00,0.000000e+00,0.000000e+00,90,901
0.000000e+00,-6.691919e-08,-9.099459e-08,3.391772e-07,0.000000e+00,0.000000e+00,0.000000e+00,0.000000e+00,0.000000e+00,0.000000e+00,0.000000e+00,91,901
0.000000e+00,-1.346264e-07,-4.114677e-09,2.334619e-07,0.000000e+00,0.000000e+00,0.000000e+00,0.000000e+00,0.000000e+00,0.000000e+00,0.000000e+00,92,901
0.000000e+00,1.060211e-07,-2.264916e-07,4.401369e-07,0.000000e+00,0.000000e+00,0.000000e+00,0.000000e+00,0.000000e+00,0.000000e+00,0.000000e+00,93,901
0.000000e+00,2.173512e-07,1.256205e-07,4.568294e-07,0.000000e+00,0.000000e+00,0.000000e+00,0.000000e+00,0.000000e+00,0.000000e+00,0.000000e+00,94,901
0.000000e+00,-7.656312e-08,-1.072334e-07,1.897725e-07,0.000000e+00,0.000000e+00,0.000000e+00,0.000000e+00,0.000000e+00,0.000000e+00,0.000000e+00,95,901
0.000000e+00,-2.692570e-07,2.731425e-08,5.053442e-07,0.000000e+00,0.000000e+00,0.000000e+00,0.000000e+00,0.000000e+00,0.000000e+00,0.000000e+00,96,901
0.000000e+00,2.811161e-07,-3.273854e-08,4.565495e-07,0.000000e+00,0.000000e+00,0.000000e+00,0.000000e+00,0.000000e+00,0.000000e+00,0.000000e+00,97,901
0.000000e+00,-8.463349e-08,1.514083e-08,4.528749e-07,0.000000e+00,0.000000e+00,0.000000e+00,0.000000e+00,0.000000e+00,0.000000e+00,0.000000e+00,98,901
0.000000e+00,2.579805e-07,-6.331234e-08,3.985085e-07,0.000000e+00,0.000000e+00,0.000000e+00,0.000000e+00,0.000000e+00,0.000000e+00,0.000000e+00,99,901
0.000000e+00,-8.065436e-08,9.530968e-08,2.701818e-07,0.000000e+00,0.000000e+00,0.000000e+00,0.000000e+00,0.000000e+00,0.000000e+00,0.000000e+00,100,901
0.000000e+00,-1.622447e-07,-1.356868e-07,3.682374e-07,0.000000e+00,0.000000e+00,0.000000e+00,0.000000e+00,0.000000e+00,0.000000e+00,0.000000e+00,101,901
0.000000e+00,1.897650e-07,-9.172774e-08,5.054086e-07,0.000000e+00,0.000000e+00,0.000000e+00,0.000000e+00,0.000000e+00,0.000000e+00,0.000000e+00,102,901
0.000000e+00,1.707384e-07,-2.197046e-08,5.221076e-07,0.000000e+00,0.000000e+00,0.000000e+00,0.000000e+00,0.000000e+00,0.000000e+00,0.000000e+00,103,901
0.000000e+00,-2.182683e-08,7.067889e-08,1.900264e-07,0.000000e+00,0.000000e+00,0.000000e+00,0.000000e+00,0.000000e+00,0.000000e+00,0.000000e+00,104,901
0.000000e+00,-1.926703e-07,1.957370e-07,4.069166e-07,0.000000e+00,0.000000e+00,0.000000e+00,0.000000e+00,0.000000e+00,0.000000e+00,0.000000e+00,105,901
0.000000e+00,4.989075e-08,-1.195173e-07,1.818255e-07,0.000000e+00,0.000000e+00,0.000000e+00,0.000000e+00,0.000000e+00,0.000000e+00,0.000000e+00,106,901
0.000000e+00,-5.910320e-08,-2.754134e-07,3.829305e-07,0.000000e+00,0.000000e+00,0.000000e+00,0.000000e+00,0.000000e+00,0.000000e+00,0.000000e+00,107,901
0.000000e+00,8.869357e-08,-4.018620e-08,5.819700e-07,0.000000e+00,0.000000e+00,0.000000e+00,0.000000e+00,0.000000e+00,0.000000e+00,0.000000e+00,108,901
0.000000e+00,-1.821948e-07,-9.437067e-08,3.243894e-07,0.000000e+00,0.000000e+00,0.000000e+00,0.000000e+00,0.000000e+00,0.000000e+00,0.000000e+00,109,901
0.000000e+00,1.482458e-07,1.276597e-07,4.271404e-07,0.000000e+00,0.000000e+00,0.000000e+00,0.000000e+00,0.000000e+00,0.000000e+00,0.000000e+00,110,901
0.000000e+00,1.720349e-07,4.097810e-08,4.567040e-07,0.000000e+00,0.000000e+00,0.000000e+00,0.000000e+00,0.000000e+00,0.000000e+00,0.000000e+00,111,901
0.000000e+00,-8.799689e-08,-1.252928e-07,3.931640e-07,0.000000e+00,0.000000e+00,0.000000e+00,0.000000e+00,0.000000e+00,0.000000e+00,0.000000e+00,112,901
0.000000e+00,5.614096e-08,-1.533140e-07,5.595407e-07,0.000000e+00,0.000000e+00,0.000000e+00,0.000000e+00,0.000000e+00,0.000000e+00,0.000000e+00,113,901
0.000000e+00,-1.358640e-07,9.047475e-08,6.094073e-07,0.000000e+00,0.000000e+00,0.000000e+00,0.000000e+00,0.000000e+00,0.000000e+00,0.000000e+00,114,901
0.000000e+00,-8.200495e-08,2.095130e-07,3.024308e-07,0.000000e+00,0.000000e+00,0.000000e+00,0.000000e+00,0.000000e+00,0.000000e+00,0.000000e+00,115,901
0.000000e+00,2.190989e-07,1.699543e-07,3.170459e-07,0.000000e+00,0.000000e+00,0.000000e+00,0.000000e+00,0.000000e+00,0.000000e+00,0.000000e+00,116,901
0.000000e+00,1.280963e-07,-1.806984e-07,2.049805e-07,0.000000e+00,0.000000e+00,0.000000e+00,0.000000e+00,0.000000e+00,0.000000e+00,0.000000e+00,117,901
0.000000e+00,-1.152651e-07,1.404972e-08,3.550822e-07,0.000000e+00,0.000000e+00,0.000000e+00,0.000000e+00,0.000000e+00,0.000000e+00,0.000000e+00,118,901
0.000000e+00,6.730247e-08,3.845575e-08,2.950795e-07,0.000000e+00,0.000000e+00,0.000000e+00,0.000000e+00,0.000000e+00,0.000000e+00,0.000000e+00,119,901
0.000000e+00,-7.178494e-08,-1.297201e-07,1.571410e-07,0.000000e+00,0.000000e+00,0.000000e+00,0.000000e+00,0.000000e+00,0.000000e+00,0.000000e+00,120,901
0.000000e+00,1.442330e-07,8.441395e-08,4.748750e-07,0.000000e+00,0.000000e+00,0.000000e+00,0.000000e+00,0.000000e+00,0.000000e+00,0.000000e+00,121,901
0.000000e+00,2.215548e-07,-6.711642e-08,2.463496e-07,0.000000e+00,0.000000e+00,0.000000e+00,0.000000e+00,0.000000e+00,0.000000e+00,0.000000e+00,122,901
0.000000e+00,1.145288e-07,1.135053e-07,3.445096e-07,0.000000e+00,0.000000e+00,0.000000e+00,0.000000e+00,0.000000e+00,0.000000e+00,0.000000e+00,123,901
0.000000e+00,2.337404e-08,-5.082409e-08,4.180967e-07,0.000000e+00,0.000000e+00,0.000000e+00,0.000000e+00,0.000000e+00,0.000000e+00,0.000000e+00,124,901
0.000000e+00,-1.628214e-07,-5.600161e-08,2.115788e-07,0.000000e+00,0.000000e+00,0.000000e+00,0.000000e+00,0.000000e+00,0.000000e+00,0.000000e+00,125,901
0.000000e+00,-4.831239e-08,-2.980523e-08,3.974955e-07,0.000000e+00,0.000000e+00,0.000000e+00,0.000000e+00,0.000000e+00,0.000000e+00,0.000000e+00,126,901
0.000000e+00,4.118239e-08,-1.133248e-07,5.167825e-07,0.000000e+00,0.000000e+00,0.000000e+00,0.000000e+00,0.000000e+00,0.000000e+00,0.000000e+00,127,901
0.000000e+00,5.526543e-09,5.203741e-08,3.544113e-07,0.000000e+00,0.000000e+00,0.000000e+00,0.000000e+00,0.000000e+00,0.000000e+00,0.000000e+00,128,901
0.000000e+00,-8.160438e-08,6.783180e-08,2.715920e-07,0.000000e+00,0.000000e+00,0.000000e+00,0.000000e+00,0.000000e+00,0.000000e+00,0.000000e+00,129,901
0.000000e+00,-3.398193e-08,-2.393061e-07,3.648485e-07,0.000000e+00,0.000000e+00,0.000000e+00,0.000000e+00,0.000000e+00,0.000000e+00,0.000000e+00,130,901
0.000000e+00,-1.322470e-07,-1.830931e-07,4.956358e-07,0.000000e+00,0.000000e+00,0.000000e+00,0.000000e+00,0.000000e+00,0.000000e+00,0.000000e+00,131,901
0.000000e+00,5.830739e-08,-5.531767e-08,3.809829e-07,0.000000e+00,0.000000e+00,0.000000e+00,0.000000e+00,0.000000e+00,0.000000e+00,0.000000e+00,132,901
0.000000e+00,8.913935e-08,1.564583e-07,4.912024e-07,0.000000e+00,0.000000e+00,0.000000e+00,0.000000e+00,0.000000e+00,0.000000e+00,0.000000e+00,133,901
0.000000e+00,-5.075143e-09,-1.486559e-07,4.901689e-07,0.000000e+00,0.000000e+00,0.000000e+00,0.000000e+00,0.000000e+00,0.000000e+00,0.000000e+00,134,901
0.000000e+00,-2.086951e-08,-1.046815e-09,2.267550e-07,0.000000e+00,0.000000e+00,0.000000e+00,0.000000e+00,0.000000e+00,0.000000e+00,0.000000e+00,135,901
0.000000e+00,1.640834e-07,1.002448e-07,1.824830e-07,0.000000e+00,0.000000e+00,0.000000e+00,0.000000e+00,0.000000e+00,0.000000e+00,0.000000e+00,136,901
0.000000e+00,1.063930e-07,-1.696231e-07,2.840770e-07,0.000000e+00,0.000000e+00,0.000000e+00,0.000000e+00,0.000000e+00,0.000000e+00,0.000000e+00,137,901
0.000000e+00,-3.838729e-08,1.742441e-07,3.480514e-07,0.000000e+00,0.000000e+00,0.000000e+00,0.000000e+00,0.000000e+00,0.000000e+00,0.000000e+00,138,901
0.000000e+00,-1.423345e-07,-1.826779e-07,3.205380e-07,0.000000e+00,0.000000e+00,0.000000e+00,0.000000e+00,0.000000e+00,0.000000e+00,0.000000e+00,139,901
0.000000e+00,1.721437e-07,-2.054111e-07,3.285701e-07,0.000000e+00,0.000000e+00,0.000000e+00,0.000000e+00,0.000000e+00,0.000000e+00,0.000000e+00,140,901
0.000000e+00,-7.196514e-08,-2.823137e-08,1.443730e-07,0.000000e+00,0.000000e+00,0.000000e+00,0.000000e+00,0.000000e+00,0.000000e+00,0.000000e+00,141,901
0.000000e+00,-1.212390e-07,9.531331e-08,3.561308e-07,0.000000e+00,0.000000e+00,0.000000e+00,0.000000e+00,0.000000e+00,0.000000e+00,0.000000e+00,142,901
0.000000e+00,-2.304516e-07,8.956634e-08,5.103622e-07,0.000000e+00,0.000000e+00,0.000000e+00,0.000000e+00,0.000000e+00,0.000000e+00,0.000000e+00,143,901
0.000000e+00,7.062512e-08,1.292107e-07,1.983634e-07,0.000000e+00,0.000000e+00,0.000000e+00,0.000000e+00,0.000000e+00,0.000000e+00,0.000000e+00,144,901
0.000000e+00,1.183333e-08,-1.433575e-07,3.002054e-07,0.000000e+00,0.000000e+00,0.000000e+00,0.000000e+00,0.000000e+00,0.000000e+00,0.000000e+00,145,901
0.000000e+00,-1.136439e-07,1.463951e-07,5.186895e-07,0.000000e+00,0.000000e+00,0.000000e+00,0.000000e+00,0.000000e+00,0.000000e+00,0.000000e+00,146,901
0.000000e+00,-4.022979e-08,-1.875979e-07,3.066624e-07,0.000000e+00,0.000000e+00,0.000000e+00,0.000000e+00,0.000000e+00,0.000000e+00,0.000000e+00,147,901
0.000000e+00,1.696855e-07,-3.304894e-08,1.725730e-07,0.000000e+00,0.000000e+00,0.000000e+00,0.000000e+00,0.000000e+00,0.000000e+00,0.000000e+00,148,901
0.000000e+00,9.167728e-08,3.644732e-08,2.068746e-07,0.000000e+00,0.000000e+00,0.000000e+00,0.000000e+00,0.000000e+00,0.000000e+00,0.000000e+00,149,901
0.000000e+00,2.209788e-07,8.347254e-08,4.366403e-07,0.000000e+00,0.000000e+00,0.000000e+00,0.000000e+00,0.000000e+00,0.000000e+00,0.000000e+00,150,901
0.000000e+00,-1.073262e-07,1.707206e-07,5.383516e-07,0.000000e+00,0.000000e+00,0.000000e+00,0.000000e+00,0.000000e+00,0.000000e+00,0.000000e+00,151,901
0.000000e+00,8.979886e-08,1.623114e-07,5.414876e-07,0.000000e+00,0.000000e+00,0.000000e+00,0.000000e+00,0.000000e+00,0.000000e+00,0.000000e+00,152,901
0.000000e+00,7.199861e-08,1.561211e-07,3.953198e-07,0.000000e+00,0.000000e+00,0.000000e+00,0.000000e+00,0.000000e+00,0.000000e+00,0.000000e+00,153,901
0.000000e+00,-1.745804e-07,-2.551780e-08,4.252304e-07,0.000000e+00,0.000000e+00,0.000000e+00,0.000000e+00,0.000000e+00,0.000000e+00,0.000000e+00,154,901
0.000000e+00,1.729450e-07,-2.222200e-08,2.393597e-07,0.000000e+00,0.000000e+00,0.000000e+00,0.000000e+00,0.000000e+00,0.000000e+00,0.000000e+00,155,901
0.000000e+00,-8.016450e-08,9.640362e-08,2.285496e-07,0.000000e+00,0.000000e+00,0.000000e+00,0.000000e+00,0.000000e+00,0.000000e+00,0.000000e+00,156,901
0.000000e+00,6.137575e-08,1.492646e-07,2.998429e-07,0.000000e+00,0.000000e+00,0.000000e+00,0.000000e+00,0.000000e+00,0.000000e+00,0.000000e+00,157,901
0.000000e+00,-2.080496e-07,-5.534042e-08,4.465842e-07,0.000000e+00,0.000000e+00,0.000000e+00,0.000000e+00,0.000000e+00,0.000000e+00,0.000000e+00,158,901
0.000000e+00,1.544716e-08,1.949631e-07,2.759486e-07,0.000000e+00,0.000000e+00,0.000000e+00,0.000000e+00,0.000000e+00,0.000000e+00,0.000000e+00,159,901
0.000000e+00,-1.061406e-07,-5.284925e-09,5.196794e-07,0.000000e+00,0.000000e+00,0.000000e+00,0.000000e+00,0.000000e+00,0.000000e+00,0.000000e+00,160,901
0.000000e+00,-2.616845e-07,5.918040e-08,3.618607e-07,0.000000e+00,0.000000e+00,0.000000e+00,0.000000e+00,0.000000e+00,0.000000e+00,0.000000e+00,161,901
0.000000e+00,7.187354e-08,4.119274e-08,6.263398e-07,0.000000e+00,0.000000e+00,0.000000e+00,0.000000e+00,0.000000e+00,0.000000e+00,0.000000e+00,162,901
0.000000e+00,-2.172830e-07,3.543475e-08,3.091789e-07,0.000000e+00,0.000000e+00,0.000000e+00,0.000000e+00,0.000000e+00,0.000000e+00,0.000000e+00,163,901
0.000000e+00,-1.651098e-07,2.150628e-08,3.074607e-07,0.000000e+00,0.000000e+00,0.000000e+00,0.000000e+00,0.000000e+00,0.000000e+00,0.000000e+00,164,901
0.000000e+00,-2.318324e-07,1.271609e-07,3.227892e-07,0.000000e+00,0.000000e+00,0.000000e+00,0.000000e+00,0.000000e+00,0.000000e+00,0.000000e+00,165,901
0.000000e+00,2.540223e-07,-2.201349e-08,3.316398e-07,0.000000e+00,0.000000e+00,0.000000e+00,0.000000e+00,0.000000e+00,0.000000e+00,0.000000e+00,166,901
0.000000e+00,-1.662173e-07,1.805484e-07,4.494935e-07,0.000000e+00,0.000000e+00,0.000000e+00,0.000000e+00,0.000000e+00,0.000000e+00,0.000000e+00,167,901
0.000000e+00,1.587742e-07,-8.777227e-08,5.184205e-07,0.000000e+00,0.000000e+00,0.000000e+00,0.000000e+00,0.000000e+00,0.000000e+00,0.000000e+00,168,901
0.000000e+00,-5.168565e-08,-2.038382e-07,4.306339e-07,0.000000e+00,0.000000e+00,0.000000e+00,0.000000e+00,0.000000e+00,0.000000e+00,0.000000e+00,169,901
0.000000e+00,-2.010802e-07,3.803478e-08,3.889517e-07,0.000000e+00,0.000000e+00,0.000000e+00,0.000000e+00,0.000000e+00,0.000000e+00,0.000000e+00,170,901
0.000000e+00,6.187517e-08,4.112342e-08,1.954769e-07,0.000000e+00,0.000000e+00,0.000000e+00,0.000000e+00,0.000000e+00,0.000000e+00,0.000000e+00,171,901
0.000000e+00,7.980404e-09,3.590245e-09,2.915858e-07,0.000000e+00,0.000000e+00,0.000000e+00,0.000000e+00,0.000000e+00,0.000000e+00,0.000000e+00,172,901
0.000000e+00,9.081314e-08,2.269478e-07,4.004227e-07,0.000000e+00,0.000000e+00,0.000000e+00,0.000000e+00,0.000000e+00,0.000000e+00,0.000000e+00,173,901
0.000000e+00,-1.864390e-07,-1.341413e-07,2.285204e-07,0.000000e+00,0.000000e+00,0.000000e+00,0.000000e+00,0.000000e+00,0.000000e+00,0.000000e+00,174,901
0.000000e+00,-2.276634e-08,4.344684e-08,2.860945e-07,0.000000e+00,0.000000e+00,0.000000e+00,0.000000e+00,0.000000e+00,0.000000e+00,0.000000e+00,175,901
0.000000e+00,-7.570620e-08,-3.075502e-08,6.800100e-07,0.000000e+00,0.000000e+00,0.000000e+00,0.000000e+00,0.000000e+00,0.000000e+00,0.000000e+00,176,901
0.000000e+00,-1.013792e-07,4.427485e-08,2.788405e-07,0.000000e+00,0.000000e+00,0.000000e+00,0.000000e+00,0.000000e+00,0.000000e+00,0.000000e+00,177,901
0.000000e+00,-6.156091e-08,1.143791e-07,5.995480e-07,0.000000e+00,0.000000e+00,0.000000e+00,0.000000e+00,0.000000e+00,0.000000e+00,0.000000e+00,178,901
0.000000e+00,-9.973994e-08,-1.947365e-07,4.219817e-07,0.000000e+00,0.000000e+00,0.000000e+00,0.000000e+00,0.000000e+00,0.000000e+00,0.000000e+00,179,901
0.000000e+00,4.331801e-08,-1.608826e-07,5.021632e-07,0.000000e+00,0.000000e+00,0.000000e+00,0.000000e+00,0.000000e+00,0.000000e+00,0.000000e+00,180,901
0.000000e+00,3.325625e-08,-8.914163e-08,5.232291e-07,0.000000e+00,0.000000e+00,0.000000e+00,0.000000e+00,0.000000e+00,0.000000e+00,0.000000e+00,181,901
0.000000e+00,1.283038e-07,-2.594839e-07,3.586776e-07,0.000000e+00,0.000000e+00,0.000000e+00,0.000000e+00,0.000000e+00,0.000000e+00,0.000000e+00,182,901
0.000000e+00,1.364452e-07,1.580116e-07,4.993042e-07,0.000000e+00,0.000000e+00,0.000000e+00,0.000000e+00,0.000000e+00,0.000000e+00,0.000000e+00,183,901
0.000000e+00,1.520449e-07,1.384151e-07,2.888469e-07,0.000000e+00,0.000000e+00,0.000000e+00,0.000000e+00,0.000000e+00,0.000000e+00,0.000000e+00,184,901
0.000000e+00,1.624641e-07,1.824693e-07,5.349833e-07,0.000000e+00,0.000000e+00,0.000000e+00,0.000000e+00,0.000000e+00,0.000000e+00,0.000000e+00,185,901
0.000000e+00,-2.688624e-07,4.959655e-08,3.851627e-07,0.000000e+00,0.000000e+00,0.000000e+00,0.000000e+00,0.000000e+00,0.000000e+00,0.000000e+00,186,901
0.000000e+00,1.045797e-07,1.587810e-07,4.200521e-07,0.000000e+00,0.000000e+00,0.000000e+00,0.000000e+00,0.000000e+00,0.000000e+00,0.000000e+00,187,901
0.000000e+00,-8.503723e-08,2.642689e-08,1.363849e-07,0.000000e+00,0.000000e+00,0.000000e+00,0.000000e+00,0.000000e+00,0.000000e+00,0.000000e+00,188,901
0.000000e+00,3.416328e-08,-6.098159e-08,1.204651e-07,0.000000e+00,0.000000e+00,0.000000e+00,0.000000e+00,0.000000e+00,0.000000e+00,0.000000e+00,189,901
0.000000e+00,5.932771e-08,-2.306124e-07,2.619400e-07,0.000000e+00,0.000000e+00,0.000000e+00,0.000000e+00,0.000000e+00,0.000000e+00,0.000000e+00,190,901
0.000000e+00,-2.096190e-07,-7.033831e-09,2.941371e-07,0.000000e+00,0.000000e+00,0.000000e+00,0.000000e+00,0.000000e+00,0.000000e+00,0.000000e+00,191,901
0.000000e+00,-1.249143e-07,1.059597e-07,3.021759e-07,0.000000e+00,0.000000e+00,0.000000e+00,0.000000e+00,0.000000e+00,0.000000e+00,0.000000e+00,192,901
0.000000e+00,-8.962633e-08,1.172096e-07,4.228575e-07,0.000000e+00,0.000000e+00,0.000000e+00,0.000000e+00,0.000000e+00,0.000000e+00,0.000000e+00,193,901
0.000000e+00,5.991222e-08,1.402659e-08,5.511820e-07,0.000000e+00,0.000000e+00,0.000000e+00,0.000000e+00,0.000000e+00,0.000000e+00,0.000000e+00,194,901
0.000000e+00,1.767632e-07,-1.509322e-07,5.483985e-07,0.000000e+00,0.000000e+00,0.000000e+00,0.000000e+00,0.000000e+00,0.000000e+00,0.000000e+00,195,901
0.000000e+00,2.374044e-08,2.795000e-08,2.478119e-07,0.000000e+00,0.000000e+00,0.000000e+00,0.000000e+00,0.000000e+00,0.000000e+00,0.000000e+00,196,901
0.000000e+00,-6.221627e-08,-2.069064e-08,2.373107e-07,0.000000e+00,0.000000e+00,0.000000e+00,0.000000e+00,0.000000e+00,0.000000e+00,0.000000e+00,197,901
0.000000e+00,1.593137e-07,4.149289e-08,1.762990e-07,0.000000e+00,0.000000e+00,0.000000e+00,0.000000e+00,0.000000e+00,0.000000e+00,0.000000e+00,198,901
0.000000e+00,-1.713199e-07,3.531183e-08,5.722471e-07,0.000000e+00,0.000000e+00,0.000000e+00,0.000000e+00,0.000000e+00,0.000000e+00,0.000000e+00,199,901
0.000000e+00,1.572081e-07,6.615012e-08,4.926772e-07,0.000000e+00,0.000000e+00,0.000000e+00,0.000000e+00,0.000000e+00,0.000000e+00,0.000000e+00,200,901
0.000000e+00,1.500212e-07,-4.782070e-08,5.701270e-07,0.000000e+00,0.000000e+00,0.000000e+00,0.000000e+00,0.000000e+00,0.000000e+00,0.000000e+00,201,901
0.000000e+00,-5.756109e-08,-1.168472e-08,2.992415e-07,0.000000e+00,0.000000e+00,0.000000e+00,0.000000e+00,0.000000e+00,0.000000e+00,0.000000e+00,202,901
0.000000e+00,3.121878e-08,1.080509e-07,5.277461e-07,0.000000e+00,0.000000e+00,0.000000e+00,0.000000e+00,0.000000e+00,0.000000e+00,0.000000e+00,203,901
0.000000e+00,1.887173e-08,2.253979e-07,3.872616e-07,0.000000e+00,0.000000e+00,0.000000e+00,0.000000e+00,0.000000e+00,0.000000e+00,0.000000e+00,204,901
0.000000e+00,-1.493906e-07,-1.728748e-07,4.848766e-07,0.000000e+00,0.000000e+00,0.000000e+00,0.000000e+00,0.000000e+00,0.000000e+00,0.000000e+00,205,901
0.000000e+00,-2.593969e-07,-5.552181e-08,5.119273e-07,0.000000e+00,0.000000e+00,0.000000e+00,0.000000e+00,0.000000e+00,0.000000e+00,0.000000e+00,206,901
0.000000e+00,8.294338e-08,7.730569e-08,4.252885e-07,0.000000e+00,0.000000e+00,0.000000e+00,0.000000e+00,0.000000e+00,0.000000e+00,0.000000e+00,207,901
0.000000e+00,-1.167368e-09,5.273963e-08,5.834070e-07,0.000000e+00,0.000000e+00,0.000000e+00,0.000000e+00,0.000000e+00,0.000000e+00,0.000000e+00,208,901
0.000000e+00,-4.754715e-08,1.328390e-07,1.520620e-07,0.000000e+00,0.000000e+00,0.000000e+00,0.000000e+00,0.000000e+00,0.000000e+00,0.000000e+00,209,901
0.000000e+00,3.114049e-08,1.440798e-07,3.842417e-07,0.000000e+00,0.000000e+00,0.000000e+00,0.000000e+00,0.000000e+00,0.000000e+00,0.000000e+00,210,901
0.000000e+00,-9.565472e-08,1.627845e-07,4.285697e-07,0.000000e+00,0.000000e+00,0.000000e+00,0.000000e+00,0.000000e+00,0.000000e+00,0.000000e+00,211,901
0.000000e+00,2.370405e-07,1.630550e-07,4.627935e-07,0.000000e+00,0.000000e+00,0.000000e+00,0.000000e+00,0.000000e+00,0.000000e+00,0.000000e+00,212,901
0.000000e+00,8.635392e-08,2.247412e-08,4.487296e-07,0.000000e+00,0.000000e+00,0.000000e+00,0.000000e+00,0.000000e+00,0.000000e+00,0.000000e+00,213,901
0.000000e+00,-4.291582e-08,-5.320733e-08,5.016829e-07,0.000000e+00,0.000000e+00,0.000000e+00,0.000000e+00,0.000000e+00,0.000000e+00,0.000000e+00,214,901
0.000000e+00,2.149466e-07,-1.667852e-07,3.023411e-07,0.000000e+00,0.000000e+00,0.000000e+00,0.000000e+00,0.000000e+00,0.000000e+00,0.000000e+00,215,901
0.000000e+00,-1.175370e-07,-3.923153e-08,2.402930e-07,0.000000e+00,0.000000e+00,0.000000e+00,0.000000e+00,0.000000e+00,0.000000e+00,0.000000e+00,216,901
0.000000e+00,5.101530e-09,-3.270478e-08,3.762809e-07,0.000000e+00,0.000000e+00,0.000000e+00,0.000000e+00,0.000000e+00,0.000000e+00,0.000000e+00,217,901
0.000000e+00,9.738411e-08,-1.072676e-07,3.865126e-07,0.000000e+00,0.000000e+00,0.000000e+00,0.000000e+00,0.000000e+00,0.000000e+00,0.000000e+00,218,901
0.000000e+00,-1.517267e-08,-2.932353e-07,3.699260e-07,0.000000e+00,0.000000e+00,0.000000e+00,0.000000e+00,0.000000e+00,0.000000e+00,0.000000e+00,219,901
0.000000e+00,5.305411e-08,-1.227614e-07,4.701034e-07,0.000000e+00,0.000000e+00,0.000000e+00,0.000000e+00,0.000000e+00,0.000000e+00,0.000000e+00,220,901
0.000000e+00,2.395702e-07,3.369325e-08,2.650199e-07,0.000000e+00,0.000000e+00,0.000000e+00,0.000000e+00,0.000000e+00,0.000000e+00,0.000000e+00,221,901
0.000000e+00,-1.731259e-07,1.085264e-07,5.047718e-07,0.000000e+00,0.000000e+00,0.000000e+00,0.000000e+00,0.000000e+00,0.000000e+00,0.000000e+00,222,901
0.000000e+00,4.960016e-08,1.436488e-07,3.952204e-07,0.000000e+00,0.000000e+00,0.000000e+00,0.000000e+00,0.000000e+00,0.000000e+00,0.000000e+00,223,901
0.000000e+00,-2.200522e-07,-1.738770e-08,5.486984e-07,0.000000e+00,0.000000e+00,0.000000e+00,0.000000e+00,0.000000e+00,0.000000e+00,0.000000e+00,224,901
0.000000e+00,-9.091237e-08,-1.146231e-07,4.475569e-07,0.000000e+00,0.000000e+00,0.000000e+00,0.000000e+00,0.000000e+00,0.000000e+00,0.000000e+00,225,901
0.000000e+00,1.422772e-07,-1.919726e-07,4.365284e-07,0.000000e+00,0.000000e+00,0.000000e+00,0.000000e+00,0.000000e+00,0.000000e+00,0.000000e+00,226,901
0.000000e+00,1.286489e-07,-8.888767e-08,3.494400e-07,0.000000e+00,0.000000e+00,0.000000e+00,0.000000e+00,0.000000e+00,0.000000e+00,0.000000e+00,227,901
0.000000e+00,7.783671e-08,-1.794233e-08,1.419660e-07,0.000000e+00,0.000000e+00,0.000000e+00,0.000000e+00,0.000000e+00,0.000000e+00,0.000000e+00,228,901
0.000000e+00,2.645795e-08,-1.079420e-07,5.621638e-07,0.000000e+00,0.000000e+00,0.000000e+00,0.000000e+00,0.000000e+00,0.000000e+00,0.000000e+00,229,901
0.000000e+00,-1.020742e-07,1.564124e-08,5.802803e-07,0.000000e+00,0.000000e+00,0.000000e+00,0.000000e+00,0.000000e+00,0.000000e+00,0.000000e+00,230,901
0.000000e+00,6.117349e-08,8.744833e-08,4.201997e-07,0.000000e+00,0.000000e+00,0.000000e+00,0.000000e+00,0.000000e+00,0.000000e+00,0.000000e+00,231,901
0.000000e+00,-1.777117e-07,-1.552731e-08,3.664011e-07,0.000000e+00,0.000000e+00,0.000000e+00,0.000000e+00,0.000000e+00,0.000000e+00,0.000000e+00,232,901
0.000000e+00,2.905833e-08,-2.292954e-07,3.684586e-07,0.000000e+00,0.000000e+00,0.000000e+00,0.000000e+00,0.000000e+00,0.000000e+00,0.000000e+00,233,901
0.000000e+00,2.215175e-07,1.738618e-07,4.529737e-07,0.000000e+00,0.000000e+00,0.000000e+00,0.000000e+00,0.000000e+00,0.000000e+00,0.000000e+00,234,901
0.000000e+00,1.699158e-07,1.629941e-07,4.960085e-07,0.000000e+00,0.000000e+00,0.000000e+00,0.000000e+00,0.000000e+00,0.000000e+00,0.000000e+00,235,901
0.000000e+00,-9.532076e-08,-1.274858e-07,6.097300e-07,0.000000e+00,0.000000e+00,0.000000e+00,0.000000e+00,0.000000e+00,0.000000e+00,0.000000e+00,236,901
0.000000e+00,-6.014188e-08,-2.081476e-08,2.466292e-07,0.000000e+00,0.000000e+00,0.000000e+00,0.000000e+00,0.000000e+00,0.000000e+00,0.000000e+00,237,901
0.000000e+00,7.588704e-08,-1.068932e-07,4.782430e-07,0.000000e+00,0.000000e+00,0.000000e+00,0.000000e+00,0.000000e+00,0.000000e+00,0.000000e+00,238,901
0.000000e+00,-2.677733e-07,-4.698410e-08,4.405075e-07,0.000000e+00,0.000000e+00,0.000000e+00,0.000000e+00,0.000000e+00,0.000000e+00,0.000000e+00,239,901
0.000000e+00,5.300879e-08,-9.655847e-08,5.838926e-07,0.000000e+00,0.000000e+00,0.000000e+00,0.000000e+00,0.000000e+00,0.000000e+00,0.000000e+00,240,901
0.000000e+00,-1.673735e-07,-2.279918e-07,3.751147e-07,0.000000e+00,0.000000e+00,0.000000e+00,0.000000e+00,0.000000e+00,0.000000e+00,0.000000e+00,241,901
0.000000e+00,1.354623e-08,2.453786e-07,2.754900e-07,0.000000e+00,0.000000e+00,0.000000e+00,0.000000e+00,0.000000e+00,0.000000e+00,0.000000e+00,242,901
0.000000e+00,7.272960e-08,2.406725e-08,6.421565e-07,0.000000e+00,0.000000e+00,0.000000e+00,0.000000e+00,0.000000e+00,0.000000e+00,0.000000e+00,243,901
0.000000e+00,-2.278569e-08,-1.017527e-07,6.383080e-07,0.000000e+00,0.000000e+00,0.000000e+00,0.000000e+00,0.000000e+00,0.000000e+00,0.000000e+00,244,901
0.000000e+00,-8.328605e-08,2.485937e-07,4.672411e-07,0.000000e+00,0.000000e+00,0.000000e+00,0.000000e+00,0.000000e+00,0.000000e+00,0.000000e+00,245,901
0.000000e+00,7.450868e-08,-4.319562e-08,4.332428e-07,0.000000e+00,0.000000e+00,0.000000e+00,0.000000e+00,0.000000e+00,0.000000e+00,0.000000e+00,246,901
0.000000e+00,-1.396923e-08,-1.016442e-07,2.738472e-07,0.000000e+00,0.000000e+00,0.000000e+00,0.000000e+00,0.000000e+00,0.000000e+00,0.000000e+00,247,901
0.000000e+00,-1.978005e-07,7.369762e-08,2.444096e-07,0.000000e+00,0.000000e+00,0.000000e+00,0.000000e+00,0.000000e+00,0.000000e+00,0.000000e+00,248,901
0.000000e+00,1.162645e-07,9.549090e-08,5.882765e-07,0.000000e+00,0.000000e+00,0.000000e+00,0.000000e+00,0.000000e+00,0.000000e+00,0.000000e+00,249,901
0.000000e+00,-3.450275e-08,2.050511e-07,5.658596e-07,0.000000e+00,0.000000e+00,0.000000e+00,0.000000e+00,0.000000e+00,0.000000e+00,0.000000e+00,250,901
0.000000e+00,6.865701e-08,-1.617238e-07,5.367909e-07,0.000000e+00,0.000000e+00,0.000000e+00,0.000000e+00,0.000000e+00,0.000000e+00,0.000000e+00,251,901
0.000000e+00,8.107748e-08,-2.232787e-07,5.212512e-07,0.000000e+00,0.000000e+00,0.000000e+00,0.000000e+00,0.000000e+00,0.000000e+00,0.000000e+00,252,901
0.000000e+00,9.940860e-08,1.315209e-07,3.975172e-07,0.000000e+00,0.000000e+00,0.000000e+00,0.000000e+00,0.000000e+00,0.000000e+00,0.000000e+00,253,901
0.000000e+00,2.206072e-07,1.540313e-07,4.579978e-07,0.000000e+00,0.000000e+00,0.000000e+00,0.000000e+00,0.000000e+00,0.000000e+00,0.000000e+00,254,901
0.000000e+00,1.310436e-07,2.328011e-07,5.100113e-07,0.000000e+00,0.000000e+00,0.000000e+00,0.000000e+00,0.000000e+00,0.000000e+00,0.000000e+00,255,901
0.000000e+00,1.837220e-07,2.199337e-07,4.565279e-07,0.000000e+00,0.000000e+00,0.000000e+00,0.000000e+00,0.000000e+00,0.000000e+00,0.000000e+00,256,901
0.000000e+00,-6.277871e-08,1.784337e-07,5.091867e-07,0.000000e+00,0.000000e+00,0.000000e+00,0.000000e+00,0.000000e+00,0.000000e+00,0.000000e+00,257,901
0.000000e+00,1.095213e-07,-8.783646e-08,6.418052e-07,0.000000e+00,0.000000e+00,0.000000e+00,0.000000e+00,0.000000e+00,0.000000e+00,0.000000e+00,258,901
0.000000e+00,-3.341026e-08,-2.611427e-08,2.980612e-07,0.000000e+00,0.000000e+00,0.000000e+00,0.000000e+00,0.000000e+00,0.000000e+00,0.000000e+00,259,901
0.000000e+00,-8.247202e-08,1.803217e-07,5.811338e-07,0.000000e+00,0.000000e+00,0.000000e+00,0.000000e+00,0.000000e+00,0.000000e+00,0.000000e+00,260,901
0.000000e+00,-1.118297e-07,1.620838e-07,4.164666e-07,0.000000e+00,0.000000e+00,0.000000e+00,0.000000e+00,0.000000e+00,0.000000e+00,0.000000e+00,261,901
0.000000e+00,-6.714834e-08,-1.735442e-07,6.030780e-07,0.000000e+00,0.000000e+00,0.000000e+00,0.000000e+00,0.000000e+00,0.000000e+00,0.000000e+00,262,901
0.000000e+00,2.393575e-08,7.427154e-08,6.254928e-07,0.000000e+00,0.000000e+00,0.000000e+00,0.000000e+00,0.000000e+00,0.000000e+00,0.000000e+00,263,901
0.000000e+00,-1.811170e-07,5.307781e-08,3.244435e-07,0.000000e+00,0.000000e+00,0.000000e+00,0.000000e+00,0.000000e+00,0.000000e+00,0.000000e+00,264,901
0.000000e+00,1.217041e-07,-2.379787e-08,1.361184e-07,0.000000e+00,0.000000e+00,0.000000e+00,0.000000e+00,0.000000e+00,0.000000e+00,0.000000e+00,265,901
0.000000e+00,1.260833e-07,-6.621144e-08,3.151416e-07,0.000000e+00,0.000000e+00,0.000000e+00,0.000000e+00,0.000000e+00,0.000000e+00,0.000000e+00,266,901
0.000000e+00,-1.454898e-07,-1.384464e-07,2.748901e-07,0.000000e+00,0.000000e+00,0.000000e+00,0.000000e+00,0.000000e+00,0.000000e+00,0.000000e+00,267,901
0.000000e+00,1.075612e-07,-1.118723e-07,4.148660e-07,0.000000e+00,0.000000e+00,0.000000e+00,0.000000e+00,0.000000e+00,0.000000e+00,0.000000e+00,268,901
0.000000e+00,1.237665e-07,2.158874e-07,4.316600e-07,0.000000e+00,0.000000e+00,0.000000e+00,0.000000e+00,0.000000e+00,0.000000e+00,0.000000e+00,269,901
0.000000e+00,-1.017615e-07,-2.844619e-08,3.120862e-07,0.000000e+00,0.000000e+00,0.000000e+00,0.000000e+00,0.000000e+00,0.000000e+00,0.000000e+00,270,901
0.000000e+00,-6.570970e-08,7.430007e-09,1.397012e-07,0.000000e+00,0.000000e+00,0.000000e+00,0.000000e+00,0.000000e+00,0.000000e+00,0.000000e+00,271,901
0.000000e+00,8.143550e-08,-9.994584e-08,2.391339e-07,0.000000e+00,0.000000e+00,0.000000e+00,0.000000e+00,0.000000e+00,0.000000e+00,0.000000e+00,272,901
0.000000e+00,-9.518970e-09,-9.558592e-08,5.277341e-07,0.000000e+00,0.000000e+00,0.000000e+00,0.000000e+00,0.000000e+00,0.000000e+00,0.000000e+00,273,901
0.000000e+00,1.773680e-07,-1.039147e-07,2.860158e-07,0.000000e+00,0.000000e+00,0.000000e+00,0.000000e+00,0.000000e+00,0.000000e+00,0.000000e+00,274,901
0.000000e+00,-7.672301e-09,2.130574e-08,6.789769e-07,0.000000e+00,0.000000e+00,0.000000e+00,0.000000e+00,0.000000e+00,0.000000e+00,0.000000e+00,275,901
0.000000e+00,-9.849640e-08,-3.269104e-08,4.624680e-07,0.000000e+00,0.000000e+00,0.000000e+00,0.000000e+00,0.000000e+00,0.000000e+00,0.000000e+00,276,901
0.000000e+00,-3.129714e-08,-1.437909e-07,3.649035e-07,0.000000e+00,0.000000e+00,0.000000e+00,0.000000e+00,0.000000e+00,0.000000e+00,0.000000e+00,277,901
0.000000e+00,4.101026e-08,2.424977e-07,5.115020e-07,0.000000e+00,0.000000e+00,0.000000e+00,0.000000e+00,0.000000e+00,0.000000e+00,0.000000e+00,278,901
0.000000e+00,4.405470e-08,-1.964491e-07,2.707940e-07,0.000000e+00,0.000000e+00,0.000000e+00,0.000000e+00,0.000000e+00,0.000000e+00,0.000000e+00,279,901
0.000000e+00,1.692445e-07,-1.185569e-07,2.666906e-07,0.000000e+00,0.000000e+00,0.000000e+00,0.000000e+00,0.000000e+00,0.000000e+00,0.000000e+00,280,901
0.000000e+00,1.620379e-07,-9.572772e-08,1.920399e-07,0.000000e+00,0.000000e+00,0.000000e+00,0.000000e+00,0.000000e+00,0.000000e+00,0.000000e+00,281,901
0.000000e+00,1.503119e-07,-7.575797e-08,3.059788e-07,0.000000e+00,0.000000e+00,0.000000e+00,0.000000e+00,0.000000e+00,0.000000e+00,0.000000e+00,282,901
0.000000e+00,-1.863988e-07,-8.510599e-08,2.514797e-07,0.000000e+00,0.000000e+00,0.000000e+00,0.000000e+00,0.000000e+00,0.000000e+00,0.000000e+00,283,901
0.000000e+00,6.713848e-08,8.929016e-08,5.382718e-07,0.000000e+00,0.000000e+00,0.000000e+00,0.000000e+00,0.000000e+00,0.000000e+00,0.000000e+00,284,901
0.000000e+00,-6.994655e-08,2.055678e-07,5.630970e-07,0.000000e+00,0.000000e+00,0.000000e+00,0.000000e+00,0.000000e+00,0.000000e+00,0.000000e+00,285,901
0.000000e+00,2.143280e-07,-9.424782e-08,4.317293e-07,0.000000e+00,0.000000e+00,0.000000e+00,0.000000e+00,0.000000e+00,0.000000e+00,0.000000e+00,286,901
0.000000e+00,-2.028963e-07,3.692457e-09,2.781415e-07,0.000000e+00,0.000000e+00,0.000000e+00,0.000000e+00,0.000000e+00,0.000000e+00,0.000000e+00,287,901
0.000000e+00,1.715691e-08,-9.418397e-08,4.158567e-07,0.000000e+00,0.000000e+00,0.000000e+00,0.000000e+00,0.000000e+00,0.000000e+00,0.000000e+00,288,901
0.000000e+00,-6.267614e-08,2.120891e-07,2.132552e-07,0.000000e+00,0.000000e+00,0.000000e+00,0.000000e+00,0.000000e+00,0.000000e+00,0.000000e+00,289,901
0.000000e+00,-2.220410e-07,5.144387e-08,3.773811e-07,0.000000e+00,0.000000e+00,0.000000e+00,0.000000e+00,0.000000e+00,0.000000e+00,0.000000e+00,290,901
0.000000e+00,-1.633272e-07,-2.050891e-07,3.367996e-07,0.000000e+00,0.000000e+00,0.000000e+00,0.000000e+00,0.000000e+00,0.000000e+00,0.000000e+00,291,901
0.000000e+00,-6.435046e-08,-7.673144e-08,5.833187e-07,0.000000e+00,0.000000e+00,0.000000e+00,0.000000e+00,0.000000e+00,0.000000e+00,0.000000e+00,292,901
0.000000e+00,3.313346e-08,-1.181745e-07,1.317540e-07,0.000000e+00,0.000000e+00,0.000000e+00,0.000000e+00,0.000000e+00,0.000000e+00,0.000000e+00,293,901
0.000000e+00,1.911518e-07,-1.781197e-07,3.286901e-07,0.000000e+00,0.000000e+00,0.000000e+00,0.000000e+00,0.000000e+00,0.000000e+00,0.000000e+00,294,901
0.000000e+00,-2.351878e-08,1.506405e-07,4.938622e-07,0.000000e+00,0.000000e+00,0.000000e+00,0.000000e+00,0.000000e+00,0.000000e+00,0.000000e+00,295,901
0.000000e+00,3.828738e-08,1.148427e-07,4.637373e-07,0.000000e+00,0.000000e+00,0.000000e+00,0.000000e+00,0.000000e+00,0.000000e+00,0.000000e+00,296,901
0.000000e+00,-5.616028e-08,-6.976468e-08,6.223653e-07,0.000000e+00,0.000000e+00,0.000000e+00,0.000000e+00,0.000000e+00,0.000000e+00,0.000000e+00,297,901
0.000000e+00,-5.090198e-08,5.932242e-08,6.283270e-07,0.000000e+00,0.000000e+00,0.000000e+00,0.000000e+00,0.000000e+00,0.000000e+00,0.000000e+00,298,901
0.000000e+00,9.538098e-08,-2.820252e-08,3.205167e-07,0.000000e+00,0.000000e+00,0.000000e+00,0.000000e+00,0.000000e+00,0.000000e+00,0.000000e+00,299,901
0.000000e+00,-2.158674e-08,-8.846617e-08,2.986873e-07,0.000000e+00,0.000000e+00,0.000000e+00,0.000000e+00,0.000000e+00,0.000000e+00,0.000000e+00,300,901
0.000000e+00,-9.321843e-08,-2.837966e-08,3.778436e-07,0.000000e+00,0.000000e+00,0.000000e+00,0.000000e+00,0.000000e+00,0.000000e+00,0.000000e+00,301,901
0.000000e+00,1.107658e-07,-2.088921e-07,2.312920e-07,0.000000e+00,0.000000e+00,0.000000e+00,0.000000e+00,0.000000e+00,0.000000e+00,0.000000e+00,302,901
0.000000e+00,-1.917158e-07,1.118906e-07,2.172794e-07,0.000000e+00,0.000000e+00,0.000000e+00,0.000000e+00,0.000000e+00,0.000000e+00,0.000000e+00,303,901
0.000000e+00,-1.815642e-07,9.021480e-08,1.856354e-07,0.000000e+00,0.000000e+00,0.000000e+00,0.000000e+00,0.000000e+00,0.000000e+00,0.000000e+00,304,901
0.000000e+00,-3.179522e-08,7.434591e-08,1.978379e-07,0.000000e+00,0.000000e+00,0.000000e+00,0.000000e+00,0.000000e+00,0.000000e+00,0.000000e+00,305,901
0.000000e+00,-1.100340e-07,1.868506e-07,4.661821e-07,0.000000e+00,0.000000e+00,0.000000e+00,0.000000e+00,0.000000e+00,0.000000e+00,0.000000e+00,306,901
0.000000e+00,2.639080e-07,-8.011887e-08,4.966894e-07,0.000000e+00,0.000000e+00,0.000000e+00,0.000000e+00,0.000000e+00,0.000000e+00,0.000000e+00,307,901
0.000000e+00,-1.330425e-07,-6.447165e-08,6.281881e-07,0.000000e+00,0.000000e+00,0.000000e+00,0.000000e+00,0.000000e+00,0.000000e+00,0.000000e+00,308,901
0.000000e+00,-7.257080e-08,1.129051e-07,5.290106e-07,0.000000e+00,0.000000e+00,0.000000e+00,0.000000e+00,0.000000e+00,0.000000e+00,0.000000e+00,309,901
0.000000e+00,-4.787253e-08,-9.625493e-09,3.141874e-07,0.000000e+00,0.000000e+00,0.000000e+00,0.000000e+00,0.000000e+00,0.000000e+00,0.000000e+00,310,901
0.000000e+00,9.370026e-08,2.267103e-07,3.748765e-07,0.000000e+00,0.000000e+00,0.000000e+00,0.000000e+00,0.000000e+00,0.000000e+00,0.000000e+00,311,901
0.000000e+00,3.703778e-09,-5.212359e-08,5.530935e-07,0.000000e+00,0.000000e+00,0.000000e+00,0.000000e+00,0.000000e+00,0.000000e+00,0.000000e+00,312,901
0.000000e+00,-1.129586e-07,2.403837e-07,3.398186e-07,0.000000e+00,0.000000e+00,0.000000e+00,0.000000e+00,0.000000e+00,0.000000e+00,0.000000e+00,313,901
0.000000e+00,-1.694867e-07,1.475250e-07,3.756548e-07,0.000000e+00,0.000000e+00,0.000000e+00,0.000000e+00,0.000000e+00,0.000000e+00,0.000000e+00,314,901
0.000000e+00,4.999184e-08,7.521968e-08,3.927159e-07,0.000000e+00,0.000000e+00,0.000000e+00,0.000000e+00,0.000000e+00,0.000000e+00,0.000000e+00,315,901
0.000000e+00,-2.279331e-08,-2.006027e-07,5.363294e-07,0.000000e+00,0.000000e+00,0.000000e+00,0.000000e+00,0.000000e+00,0.000000e+00,0.000000e+00,316,901
0.000000e+00,-1.246427e-07,-1.550747e-07,4.473782e-07,0.000000e+00,0.000000e+00,0.000000e+00,0.000000e+00,0.000000e+00,0.000000e+00,0.000000e+00,317,901
0.000000e+00,-1.034761e-07,2.628440e-07,3.112312e-07,0.000000e+00,0.000000e+00,0.000000e+00,0.000000e+00,0.000000e+00,0.000000e+00,0.000000e+00,318,901
0.000000e+00,6.097104e-08,1.123376e-07,2.871917e-07,0.000000e+00,0.000000e+00,0.000000e+00,0.000000e+00,0.000000e+00,0.000000e+00,0.000000e+00,319,901
0.000000e+00,-1.264265e-07,-2.292685e-07,3.582235e-07,0.000000e+00,0.000000e+00,0.000000e+00,0.000000e+00,0.000000e+00,0.000000e+00,0.000000e+00,320,901
0.000000e+00,1.309704e-07,9.499449e-08,1.589222e-07,0.000000e+00,0.000000e+00,0.000000e+00,0.000000e+00,0.000000e+00,0.000000e+00,0.000000e+00,321,901
0.000000e+00,7.714051e-08,-2.268977e-07,3.938354e-07,0.000000e+00,0.000000e+00,0.000000e+00,0.000000e+00,0.000000e+00,0.000000e+00,0.000000e+00,322,901
0.000000e+00,1.559907e-08,4.453736e-08,3.743539e-07,0.000000e+00,0.000000e+00,0.000000e+00,0.000000e+00,0.000000e+00,0.000000e+00,0.000000e+00,323,901
0.000000e+00,1.507513e-07,2.852319e-08,4.593933e-07,0.000000e+00,0.000000e+00,0.000000e+00,0.000000e+00,0.000000e+00,0.000000e+00,0.000000e+00,324,901
0.000000e+00,-2.290806e-08,-5.007632e-09,3.078302e-07,0.000000e+00,0.000000e+00,0.000000e+00,0.000000e+00,0.000000e+00,0.000000e+00,0.000000e+00,325,901
0.000000e+00,1.761708e-08,-1.277019e-07,3.659518e-07,0.000000e+00,0.000000e+00,0.000000e+00,0.000000e+00,0.000000e+00,0.000000e+00,0.000000e+00,326,901
0.000000e+00,1.934490e-08,-6.185576e-08,6.302745e-07,0.000000e+00,0.000000e+00,0.000000e+00,0.000000e+00,0.000000e+00,0.000000e+00,0.000000e+00,327,901
0.000000e+00,3.756838e-08,2.439136e-07,3.232715e-07,0.000000e+00,0.000000e+00,0.000000e+00,0.000000e+00,0.000000e+00,0.000000e+00,0.000000e+00,328,901
0.000000e+00,1.561078e-07,2.889866e-08,4.631419e-07,0.000000e+00,0.000000e+00,0.000000e+00,0.000000e+00,0.000000e+00,0.000000e+00,0.000000e+00,329,901
0.000000e+00,-1.262407e-07,2.411205e-07,4.231429e-07,0.000000e+00,0.000000e+00,0.000000e+00,0.000000e+00,0.000000e+00,0.000000e+00,0.000000e+00,330,901
0.000000e+00,-1.023514e-07,-7.440882e-08,2.755355e-07,0.000000e+00,0.000000e+00,0.000000e+00,0.000000e+00,0.000000e+00,0.000000e+00,0.000000e+00,331,901
0.000000e+00,7.818413e-08,-1.792837e-07,4.592979e-07,0.000000e+00,0.000000e+00,0.000000e+00,0.000000e+00,0.000000e+00,0.000000e+00,0.000000e+00,332,901
0.000000e+00,1.748004e-07,-5.446923e-08,5.868751e-07,0.000000e+00,0.000000e+00,0.000000e+00,0.000000e+00,0.000000e+00,0.000000e+00,0.000000e+00,333,901
0.000000e+00,1.480287e-07,1.166094e-08,2.817194e-07,0.000000e+00,0.000000e+00,0.000000e+00,0.000000e+00,0.000000e+00,0.000000e+00,0.000000e+00,334,901
0.000000e+00,2.550397e-07,-8.278161e-08,4.002534e-07,0.000000e+00,0.000000e+00,0.000000e+00,0.000000e+00,0.000000e+00,0.000000e+00,0.000000e+00,335,901
0.000000e+00,-4.722412e-08,2.570165e-07,5.246579e-07,0.000000e+00,0.000000e+00,0.000000e+00,0.000000e+00,0.000000e+00,0.000000e+00,0.000000e+00,336,901
0.000000e+00,1.150374e-07,1.539897e-09,2.411359e-07,0.000000e+00,0.000000e+00,0.000000e+00,0.000000e+00,0.000000e+00,0.000000e+00,0.000000e+00,337,901
0.000000e+00,-1.233453e-07,1.801126e-07,3.720589e-07,0.000000e+00,0.000000e+00,0.000000e+00,0.000000e+00,0.000000e+00,0.000000e+00,0.000000e+00,338,901
0.000000e+00,-5.613917e-08,-5.080538e-08,2.476103e-07,0.000000e+00,0.000000e+00,0.000000e+00,0.000000e+00,0.000000e+00,0.000000e+00,0.000000e+00,339,901
0.000000e+00,-1.176912e-07,-6.532255e-08,1.811837e-07,0.000000e+00,0.000000e+00,0.000000e+00,0.000000e+00,0.000000e+00,0.000000e+00,0.000000e+00,340,901
0.000000e+00,9.899409e-08,1.057188e-07,5.452871e-07,0.000000e+00,0.000000e+00,0.000000e+00,0.000000e+00,0.000000e+00,0.000000e+00,0.000000e+00,341,901
0.000000e+00,-1.641388e-07,-9.198523e-08,2.323088e-07,0.000000e+00,0.000000e+00,0.000000e+00,0.000000e+00,0.000000e+00,0.000000e+00,0.000000e+00,342,901
0.000000e+00,5.062301e-08,1.024627e-07,5.002728e-07,0.000000e+00,0.000000e+00,0.000000e+00,0.000000e+00,0.000000e+00,0.000000e+00,0.000000e+00,343,901
0.000000e+00,1.520190e-07,3.415039e-08,5.434265e-07,0.000000e+00,0.000000e+00,0.000000e+00,0.000000e+00,0.000000e+00,0.000000e+00,0.000000e+00,344,901
0.000000e+00,-2.137778e-08,8.767144e-08,3.557388e-07,0.000000e+00,0.000000e+00,0.000000e+00,0.000000e+00,0.000000e+00,0.000000e+00,0.000000e+00,345,901
0.000000e+00,2.333183e-07,1.587278e-07,3.797517e-07,0.000000e+00,0.000000e+00,0.000000e+00,0.000000e+00,0.000000e+00,0.000000e+00,0.000000e+00,346,901
0.000000e+00,-6.602586e-08,-1.616416e-07,6.214179e-07,0.000000e+00,0.000000e+00,0.000000e+00,0.000000e+00,0.000000e+00,0.000000e+00,0.000000e+00,347,901
0.000000e+00,9.397567e-08,-8.353680e-09,6.081047e-07,0.000000e+00,0.000000e+00,0.000000e+00,0.000000e+00,0.000000e+00,0.000000e+00,0.000000e+00,348,901
0.000000e+00,-1.918349e-07,-1.461755e-07,4.186933e-07,0.000000e+00,0.000000e+00,0.000000e+00,0.000000e+00,0.000000e+00,0.000000e+00,0.000000e+00,349,901
0.000000e+00,4.284080e-08,1.780438e-09,5.617215e-07,0.000000e+00,0.000000e+00,0.000000e+00,0.000000e+00,0.000000e+00,0.000000e+00,0.000000e+00,350,901
0.000000e+00,-1.564751e-07,7.400929e-08,3.486647e-07,0.000000e+00,0.000000e+00,0.000000e+00,0.000000e+00,0.000000e+00,0.000000e+00,0.000000e+00,351,901
0.000000e+00,1.850574e-07,2.275029e-07,4.143229e-07,0.000000e+00,0.000000e+00,0.000000e+00,0.000000e+00,0.000000e+00,0.000000e+00,0.000000e+00,352,901
0.000000e+00,-8.188491e-08,-5.837343e-08,2.582924e-07,0.000000e+00,0.000000e+00,0.000000e+00,0.000000e+00,0.000000e+00,0.000000e+00,0.000000e+00,353,901
0.000000e+00,-2.233540e-07,9.968684e-08,3.289389e-07,0.000000e+00,0.000000e+00,0.000000e+00,0.000000e+00,0.000000e+00,0.000000e+00,0.000000e+00,354,901
0.000000e+00,1.490479e-07,2.404266e-07,3.374488e-07,0.000000e+00,0.000000e+00,0.000000e+00,0.000000e+00,0.000000e+00,0.000000e+00,0.000000e+00,355,901
0.000000e+00,-2.888272e-09,-8.629080e-09,5.185355e-07,0.000000e+00,0.000000e+00,0.000000e+00,0.000000e+00,0.000000e+00,0.000000e+00,0.000000e+00,356,901
0.000000e+00,6.244061e-08,2.019567e-07,2.995330e-07,0.000000e+00,0.000000e+00,0.000000e+00,0.000000e+00,0.000000e+00,0.000000e+00,0.000000e+00,357,901
0.000000e+00,3.895050e-08,-1.834665e-07,2.613977e-07,0.000000e+00,0.000000e+00,0.000000e+00,0.000000e+00,0.000000e+00,0.000000e+00,0.000000e+00,358,901
0.000000e+00,1.924570e-07,3.807075e-08,4.428353e-07,0.000000e+00,0.000000e+00,0.000000e+00,0.000000e+00,0.000000e+00,0.000000e+00,0.000000e+00,359,901
0.000000e+00,5.343998e-08,9.950541e-08,1.379657e-07,0.000000e+00,0.000000e+00,0.000000e+00,0.000000e+00,0.000000e+00,0.000000e+00,0.000000e+00,360,901
0.000000e+00,1.296043e-07,-2.382753e-07,3.378704e-07,0.000000e+00,0.000000e+00,0.000000e+00,0.000000e+00,0.000000e+00,0.000000e+00,0.000000e+00,361,901
0.000000e+00,-1.769300e-07,-7.190105e-08,5.010696e-07,0.000000e+00,0.000000e+00,0.000000e+00,0.000000e+00,0.000000e+00,0.000000e+00,0.000000e+00,362,901
0.000000e+00,1.337144e-07,1.737414e-07,4.023583e-07,0.000000e+00,0.000000e+00,0.000000e+00,0.000000e+00,0.000000e+00,0.000000e+00,0.000000e+00,363,901
0.000000e+00,3.480721e-08,2.424397e-07,4.803474e-07,0.000000e+00,0.000000e+00,0.000000e+00,0.000000e+00,0.000000e+00,0.000000e+00,0.000000e+00,364,901
0.000000e+00,1.881820e-07,5.733504e-09,2.066981e-07,0.000000e+00,0.000000e+00,0.000000e+00,0.000000e+00,0.000000e+00,0.000000e+00,0.000000e+00,365,901
0.000000e+00,8.256567e-08,1.008169e-07,6.396106e-07,0.000000e+00,0.000000e+00,0.000000e+00,0.000000e+00,0.000000e+00,0.000000e+00,0.000000e+00,366,901
0.000000e+00,-3.020667e-08,1.705294e-07,3.497856e-07,0.000000e+00,0.000000e+00,0.000000e+00,0.000000e+00,0.000000e+00,0.000000e+00,0.000000e+00,367,901
0.000000e+00,1.992272e-07,1.009185e-07,4.710869e-07,0.000000e+00,0.000000e+00,0.000000e+00,0.000000e+00,0.000000e+00,0.000000e+00,0.000000e+00,368,901
0.000000e+00,-1.175581e-08,-2.869002e-07,4.367492e-07,0.000000e+00,0.000000e+00,0.000000e+00,0.000000e+00,0.000000e+00,0.000000e+00,0.000000e+00,369,901
0.000000e+00,-2.216774e-07,-7.761520e-08,5.690655e-07,0.000000e+00,0.000000e+00,0.000000e+00,0.000000e+00,0.000000e+00,0.000000e+00,0.000000e+00,370,901
0.000000e+00,5.352274e-08,1.795065e-07,3.162906e-07,0.000000e+00,0.000000e+00,0.000000e+00,0.000000e+00,0.000000e+00,0.000000e+00,0.000000e+00,371,901
0.000000e+00,1.171642e-07,7.226235e-08,2.526504e-07,0.000000e+00,0.000000e+00,0.000000e+00,0.000000e+00,0.000000e+00,0.000000e+00,0.000000e+00,372,901
0.000000e+00,-1.605058e-08,1.084805e-07,6.217999e-07,0.000000e+00,0.000000e+00,0.000000e+00,0.000000e+00,0.000000e+00,0.000000e+00,0.000000e+00,373,901
0.000000e+00,-1.129838e-07,-7.742871e-08,2.032587e-07,0.000000e+00,0.000000e+00,0.000000e+00,0.000000e+00,0.000000e+00,0.000000e+00,0.000000e+00,374,901
0.000000e+00,6.553556e-08,1.348074e-07,5.198329e-07,0.000000e+00,0.000000e+00,0.000000e+00,0.000000e+00,0.000000e+00,0.000000e+00,0.000000e+00,375,901
0.000000e+00,-3.335210e-08,3.596666e-08,1.821440e-07,0.000000e+00,0.000000e+00,0.000000e+00,0.000000e+00,0.000000e+00,0.000000e+00,0.000000e+00,376,901
0.000000e+00,2.103350e-07,1.357063e-07,5.064838e-07,0.000000e+00,0.000000e+00,0.000000e+00,0.000000e+00,0.000000e+00,0.000000e+00,0.000000e+00,377,901
0.000000e+00,-2.361661e-07,1.683146e-07,4.198995e-07,0.000000e+00,0.000000e+00,0.000000e+00,0.000000e+00,0.000000e+00,0.000000e+00,0.000000e+00,378,901
0.000000e+00,-2.239546e-07,1.421941e-07,2.777924e-07,0.000000e+00,0.000000e+00,0.000000e+00,0.000000e+00,0.000000e+00,0.000000e+00,0.000000e+00,379,901
0.000000e+00,-1.129598e-07,-2.270147e-07,3.391206e-07,0.000000e+00,0.000000e+00,0.000000e+00,0.000000e+00,0.000000e+00,0.000000e+00,0.000000e+00,380,901
0.000000e+00,5.777966e-08,-1.568585e-07,4.306395e-07,0.000000e+00,0.000000e+00,0.000000e+00,0.000000e+00,0.000000e+00,0.000000e+00,0.000000e+00,381,901
0.000000e+00,1.473540e-07,2.814984e-08,2.803072e-07,0.000000e+00,0.000000e+00,0.000000e+00,0.000000e+00,0.000000e+00,0.000000e+00,0.000000e+00,382,901
0.000000e+00,1.224590e-07,9.454842e-08,5.805517e-07,0.000000e+00,0.000000e+00,0.000000e+00,0.000000e+00,0.000000e+00,0.000000e+00,0.000000e+00,383,901
0.000000e+00,6.940521e-08,1.312227e-07,2.198168e-07,0.000000e+00,0.000000e+00,0.000000e+00,0.000000e+00,0.000000e+00,0.000000e+00,0.000000e+00,384,901
0.000000e+00,-3.359112e-08,-2.272392e-07,5.042131e-07,0.000000e+00,0.000000e+00,0.000000e+00,0.000000e+00,0.000000e+00,0.000000e+00,0.000000e+00,385,901
0.000000e+00,-1.102227e-07,1.826788e-07,4.470589e-07,0.000000e+00,0.000000e+00,0.000000e+00,0.000000e+00,0.000000e+00,0.000000e+00,0.000000e+00,386,901
0.000000e+00,1.219149e-07,2.352928e-07,4.984588e-07,0.000000e+00,0.000000e+00,0.000000e+00,0.000000e+00,0.000000e+00,0.000000e+00,0.000000e+00,387,901
0.000000e+00,7.934620e-08,-1.653097e-07,3.078815e-07,0.000000e+00,0.000000e+00,0.000000e+00,0.000000e+00,0.000000e+00,0.000000e+00,0.000000e+00,388,901
0.000000e+00,9.145331e-08,-3.652832e-08,1.734695e-07,0.000000e+00,0.000000e+00,0.000000e+00,0.000000e+00,0.000000e+00,0.000000e+00,0.000000e+00,389,901
0.000000e+00,-4.967014e-09,1.802805e-07,5.991375e-07,0.000000e+00,0.000000e+00,0.000000e+00,0.000000e+00,0.000000e+00,0.000000e+00,0.000000e+00,390,901
0.000000e+00,1.405080e-07,7.991233e-08,4.848025e-07,0.000000e+00,0.000000e+00,0.000000e+00,0.000000e+00,0.000000e+00,0.000000e+00,0.000000e+00,391,901
0.000000e+00,9.845401e-08,-2.492652e-07,5.055772e-07,0.000000e+00,0.000000e+00,0.000000e+00,0.000000e+00,0.000000e+00,0.000000e+00,0.000000e+00,392,901
0.000000e+00,-7.077599e-08,-1.802572e-07,4.322513e-07,0.000000e+00,0.000000e+00,0.000000e+00,0.000000e+00,0.000000e+00,0.000000e+00,0.000000e+00,393,901
0.000000e+00,1.051266e-07,9.649346e-08,2.026336e-07,0.000000e+00,0.000000e+00,0.000000e+00,0.000000e+00,0.000000e+00,0.000000e+00,0.000000e+00,394,901
0.000000e+00,-9.221957e-08,-1.257788e-07,5.675751e-07,0.000000e+00,0.000000e+00,0.000000e+00,0.000000e+00,0.000000e+00,0.000000e+00,0.000000e+00,395,901
0.000000e+00,-1.550001e-07,-5.287352e-08,1.947212e-07,0.000000e+00,0.000000e+00,0.000000e+00,0.000000e+00,0.000000e+00,0.000000e+00,0.000000e+00,396,901
0.000000e+00,8.591256e-08,7.651934e-08,4.072959e-07,0.000000e+00,0.000000e+00,0.000000e+00,0.000000e+00,0.000000e+00,0.000000e+00,0.000000e+00,397,901
0.000000e+00,-5.697716e-08,6.333685e-08,5.112090e-07,0.000000e+00,0.000000e+00,0.000000e+00,0.000000e+00,0.000000e+00,0.000000e+00,0.000000e+00,398,901
0.000000e+00,-2.559490e-07,-6.230568e-08,4.859757e-07,0.000000e+00,0.000000e+00,0.000000e+00,0.000000e+00,0.000000e+00,0.000000e+00,0.000000e+00,399,901
0.000000e+00,-1.959647e-07,-9.021324e-08,3.474183e-07,0.000000e+00,0.000000e+00,0.000000e+00,0.000000e+00,0.000000e+00,0.000000e+00,0.000000e+00,400,901
0.000000e+00,-1.814676e-07,-3.312501e-08,3.138199e-07,0.000000e+00,0.000000e+00,0.000000e+00,0.000000e+00,0.000000e+00,0.000000e+00,0.000000e+00,401,901
0.000000e+00,-7.212379e-08,1.604715e-07,2.350053e-07,0.000000e+00,0.000000e+00,0.000000e+00,0.000000e+00,0.000000e+00,0.000000e+00,0.000000e+00,402,901
0.000000e+00,2.794659e-08,2.226076e-07,3.988264e-07,0.000000e+00,0.000000e+00,0.000000e+00,0.000000e+00,0.000000e+00,0.000000e+00,0.000000e+00,403,901
0.000000e+00,-1.320239e-07,1.537910e-07,4.208992e-07,0.000000e+00,0.000000e+00,0.000000e+00,0.000000e+00,0.000000e+00,0.000000e+00,0.000000e+00,404,901
0.000000e+00,-1.125317e-07,-1.237825e-07,4.553969e-07,0.000000e+00,0.000000e+00,0.000000e+00,0.000000e+00,0.000000e+00,0.000000e+00,0.000000e+00,405,901
0.000000e+00,-4.343762e-08,-2.073944e-07,2.387587e-07,0.000000e+00,0.000000e+00,0.000000e+00,0.000000e+00,0.000000e+00,0.000000e+00,0.000000e+00,406,901
0.000000e+00,-5.103529e-08,-1.759067e-07,3.002498e-07,0.000000e+00,0.000000e+00,0.000000e+00,0.000000e+00,0.000000e+00,0.000000e+00,0.000000e+00,407,901
0.000000e+00,4.973153e-08,1.792675e-07,2.013842e-07,0.000000e+00,0.000000e+00,0.000000e+00,0.000000e+00,0.000000e+00,0.000000e+00,0.000000e+00,408,901
0.000000e+00,2.401470e-07,1.686161e-07,3.973224e-07,0.000000e+00,0.000000e+00,0.000000e+00,0.000000e+00,0.000000e+00,0.000000e+00,0.000000e+00,409,901
0.000000e+00,-2.595508e-07,-9.720837e-08,4.016677e-07,0.000000e+00,0.000000e+00,0.000000e+00,0.000000e+00,0.000000e+00,0.000000e+00,0.000000e+00,410,901
0.000000e+00,-1.545251e-07,1.710107e-07,2.170472e-07,0.000000e+00,0.000000e+00,0.000000e+00,0.000000e+00,0.000000e+00,0.000000e+00,0.000000e+00,411,901
0.000000e+00,7.014966e-08,-2.295751e-07,4.817441e-07,0.000000e+00,0.000000e+00,0.000000e+00,0.000000e+00,0.000000e+00,0.000000e+00,0.000000e+00,412,901
0.000000e+00,1.734994e-07,-1.137344e-07,4.798971e-07,0.000000e+00,0.000000e+00,0.000000e+00,0.000000e+00,0.000000e+00,0.000000e+00,0.000000e+00,413,901
0.000000e+00,4.229543e-08,-2.688577e-07,3.168096e-07,0.000000e+00,0.000000e+00,0.000000e+00,0.000000e+00,0.000000e+00,0.000000e+00,0.000000e+00,414,901
0.000000e+00,-2.445916e-07,-6.900608e-08,2.494849e-07,0.000000e+00,0.000000e+00,0.000000e+00,0.000000e+00,0.000000e+00,0.000000e+00,0.000000e+00,415,901
0.000000e+00,-1.088227e-07,4.576562e-08,3.443555e-07,0.000000e+00,0.000000e+00,0.000000e+00,0.000000e+00,0.000000e+00,0.000000e+00,0.000000e+00,416,901
0.000000e+00,1.760231e-07,1.150103e-07,4.629596e-07,0.000000e+00,0.000000e+00,0.000000e+00,0.000000e+00,0.000000e+00,0.000000e+00,0.000000e+00,417,901
0.000000e+00,9.404480e-09,2.438649e-07,5.073195e-07,0.000000e+00,0.000000e+00,0.000000e+00,0.000000e+00,0.000000e+00,0.000000e+00,0.000000e+00,418,901
0.000000e+00,-4.354575e-08,-1.839250e-07,3.832703e-07,0.000000e+00,0.000000e+00,0.000000e+00,0.000000e+00,0.000000e+00,0.000000e+00,0.000000e+00,419,901
0.000000e+00,1.602740e-07,-5.253538e-08,5.771933e-07,0.000000e+00,0.000000e+00,0.000000e+00,0.000000e+00,0.000000e+00,0.000000e+00,0.000000e+00,420,901
0.000000e+00,2.790150e-07,5.926023e-08,4.652406e-07,0.000000e+00,0.000000e+00,0.000000e+00,0.000000e+00,0.000000e+00,0.000000e+00,0.000000e+00,421,901
0.000000e+00,-1.516871e-07,-5.892099e-08,6.315462e-07,0.000000e+00,0.000000e+00,0.000000e+00,0.000000e+00,0.000000e+00,0.000000e+00,0.000000e+00,422,901
0.000000e+00,1.256517e-07,2.207895e-09,1.566365e-07,0.000000e+00,0.000000e+00,0.000000e+00,0.000000e+00,0.000000e+00,0.000000e+00,0.000000e+00,423,901
0.000000e+00,2.625717e-07,-4.616741e-08,3.537471e-07,0.000000e+00,0.000000e+00,0.000000e+00,0.000000e+00,0.000000e+00,0.000000e+00,0.000000e+00,424,901
0.000000e+00,-1.973015e-08,-1.050587e-07,5.876722e-07,0.000000e+00,0.000000e+00,0.000000e+00,0.000000e+00,0.000000e+00,0.000000e+00,0.000000e+00,425,901
0.000000e+00,1.634208e-07,2.254555e-07,3.441238e-07,0.000000e+00,0.000000e+00,0.000000e+00,0.000000e+00,0.000000e+00,0.000000e+00,0.000000e+00,426,901
0.000000e+00,-1.177616e-08,1.665810e-07,6.095718e-07,0.000000e+00,0.000000e+00,0.000000e+00,0.000000e+00,0.000000e+00,0.000000e+00,0.000000e+00,427,901
0.000000e+00,-1.997762e-07,1.477292e-07,3.787448e-07,0.000000e+00,0.000000e+00,0.000000e+00,0.000000e+00,0.000000e+00,0.000000e+00,0.000000e+00,428,901
0.000000e+00,1.640992e-07,1.280997e-07,2.896565e-07,0.000000e+00,0.000000e+00,0.000000e+00,0.000000e+00,0.000000e+00,0.000000e+00,0.000000e+00,429,901
0.000000e+00,1.735901e-07,7.367095e-08,2.710441e-07,0.000000e+00,0.000000e+00,0.000000e+00,0.000000e+00,0.000000e+00,0.000000e+00,0.000000e+00,430,901
0.000000e+00,8.956887e-08,-3.324933e-08,1.576612e-07,0.000000e+00,0.000000e+00,0.000000e+00,0.000000e+00,0.000000e+00,0.000000e+00,0.000000e+00,431,901
0.000000e+00,1.154286e-07,-5.952661e-08,6.284358e-07,0.000000e+00,0.000000e+00,0.000000e+00,0.000000e+00,0.000000e+00,0.000000e+00,0.000000e+00,432,901
0.000000e+00,-2.684748e-07,4.125373e-08,3.909801e-07,0.000000e+00,0.000000e+00,0.000000e+00,0.000000e+00,0.000000e+00,0.000000e+00,0.000000e+00,433,901
0.000000e+00,-6.779616e-08,-1.181380e-07,5.569906e-07,0.000000e+00,0.000000e+00,0.000000e+00,0.000000e+00,0.000000e+00,0.000000e+00,0.000000e+00,434,901
0.000000e+00,1.484847e-07,-2.401382e-07,4.034953e-07,0.000000e+00,0.000000e+00,0.000000e+00,0.000000e+00,0.000000e+00,0.000000e+00,0.000000e+00,435,901
0.000000e+00,5.497950e-08,1.675744e-08,1.858932e-07,0.000000e+00,0.000000e+00,0.000000e+00,0.000000e+00,0.000000e+00,0.000000e+00,0.000000e+00,436,901
0.000000e+00,1.093532e-07,1.070865e-07,2.113387e-07,0.000000e+00,0.000000e+00,0.000000e+00,0.000000e+00,0.000000e+00,0.000000e+00,0.000000e+00,437,901
0.000000e+00,4.424051e-08,7.316428e-08,6.747451e-07,0.000000e+00,0.000000e+00,0.000000e+00,0.000000e+00,0.000000e+00,0.000000e+00,0.000000e+00,438,901
0.000000e+00,1.671478e-07,-1.356630e-07,4.875236e-07,0.000000e+00,0.000000e+00,0.000000e+00,0.000000e+00,0.000000e+00,0.000000e+00,0.000000e+00,439,901
0.000000e+00,9.314228e-08,-2.534363e-07,4.624430e-07,0.000000e+00,0.000000e+00,0.000000e+00,0.000000e+00,0.000000e+00,0.000000e+00,0.000000e+00,440,901
0.000000e+00,-7.379738e-08,1.587348e-07,4.010289e-07,0.000000e+00,0.000000e+00,0.000000e+00,0.000000e+00,0.000000e+00,0.000000e+00,0.000000e+00,441,901
0.000000e+00,2.655128e-07,-8.143008e-08,2.949351e-07,0.000000e+00,0.000000e+00,0.000000e+00,0.000000e+00,0.000000e+00,0.000000e+00,0.000000e+00,442,901
0.000000e+00,4.930476e-08,2.019240e-07,5.243811e-07,0.000000e+00,0.000000e+00,0.000000e+00,0.000000e+00,0.000000e+00,0.000000e+00,0.000000e+00,443,901
0.000000e+00,1.237498e-07,2.382865e-07,2.918701e-07,0.000000e+00,0.000000e+00,0.000000e+00,0.000000e+00,0.000000e+00,0.000000e+00,0.000000e+00,444,901
0.000000e+00,-8.402081e-08,-2.627218e-07,4.487562e-07,0.000000e+00,0.000000e+00,0.000000e+00,0.000000e+00,0.000000e+00,0.000000e+00,0.000000e+00,445,901
0.000000e+00,-1.027794e-07,-5.095375e-09,2.695279e-07,0.000000e+00,0.000000e+00,0.000000e+00,0.000000e+00,0.000000e+00,0.000000e+00,0.000000e+00,446,901
0.000000e+00,1.073317e-07,-2.052264e-07,3.844221e-07,0.000000e+00,0.000000e+00,0.000000e+00,0.000000e+00,0.000000e+00,0.000000e+00,0.000000e+00,447,901
0.000000e+00,4.127065e-08,1.848784e-07,4.514367e-07,0.000000e+00,0.000000e+00,0.000000e+00,0.000000e+00,0.000000e+00,0.000000e+00,0.000000e+00,448,901
0.000000e+00,-1.253253e-07,-7.275494e-08,1.437034e-07,0.000000e+00,0.000000e+00,0.000000e+00,0.000000e+00,0.000000e+00,0.000000e+00,0.000000e+00,449,901
0.000000e+00,-2.445513e-07,-2.295990e-08,5.202317e-07,0.000000e+00,0.000000e+00,0.000000e+00,0.000000e+00,0.000000e+00,0.000000e+00,0.000000e+00,450,901
0.000000e+00,-4.984088e-08,-2.845136e-07,3.482754e-07,0.000000e+00,0.000000e+00,0.000000e+00,0.000000e+00,0.000000e+00,0.000000e+00,0.000000e+00,451,901
0.000000e+00,1.847247e-07,3.066239e-08,2.741482e-07,0.000000e+00,0.000000e+00,0.000000e+00,0.000000e+00,0.000000e+00,0.000000e+00,0.000000e+00,452,901
0.000000e+00,-1.168020e-07,-1.124353e-07,4.805214e-07,0.000000e+00,0.000000e+00,0.000000e+00,0.000000e+00,0.000000e+00,0.000000e+00,0.000000e+00,453,901
0.000000e+00,1.289316e-07,-1.878147e-08,2.537791e-07,0.000000e+00,0.000000e+00,0.000000e+00,0.000000e+00,0.000000e+00,0.000000e+00,0.000000e+00,454,901
0.000000e+00,5.958349e-08,-1.415214e-07,5.840419e-07,0.000000e+00,0.000000e+00,0.000000e+00,0.000000e+00,0.000000e+00,0.000000e+00,0.000000e+00,455,901
0.000000e+00,-6.798540e-08,1.354777e-07,3.832811e-07,0.000000e+00,0.000000e+00,0.000000e+00,0.000000e+00,0.000000e+00,0.000000e+00,0.000000e+00,456,901
0.000000e+00,1.956116e-07,-1.260776e-07,4.856797e-07,0.000000e+00,0.000000e+00,0.000000e+00,0.000000e+00,0.000000e+00,0.000000e+00,0.000000e+00,457,901
0.000000e+00,-1.523260e-08,1.358684e-07,5.834303e-07,0.000000e+00,0.000000e+00,0.000000e+00,0.000000e+00,0.000000e+00,0.000000e+00,0.000000e+00,458,901
0.000000e+00,-2.115128e-07,5.450729e-08,5.052352e-07,0.000000e+00,0.000000e+00,0.000000e+00,0.000000e+00,0.000000e+00,0.000000e+00,0.000000e+00,459,901
0.000000e+00,1.387097e-07,-2.366072e-07,3.918045e-07,0.000000e+00,0.000000e+00,0.000000e+00,0.000000e+00,0.000000e+00,0.000000e+00,0.000000e+00,460,901
0.000000e+00,-4.907699e-08,-1.769511e-07,5.172381e-07,0.000000e+00,0.000000e+00,0.000000e+00,0.000000e+00,0.000000e+00,0.000000e+00,0.000000e+00,461,901
0.000000e+00,1.603802e-07,-2.398695e-07,4.003284e-07,0.000000e+00,0.000000e+00,0.000000e+00,0.000000e+00,0.000000e+00,0.000000e+00,0.000000e+00,462,901
0.000000e+00,1.226141e-07,-1.386395e-07,2.510267e-07,0.000000e+00,0.000000e+00,0.000000e+00,0.000000e+00,0.000000e+00,0.000000e+00,0.000000e+00,463,901
0.000000e+00,-5.920750e-08,1.351301e-07,5.675075e-07,0.000000e+00,0.000000e+00,0.000000e+00,0.000000e+00,0.000000e+00,0.000000e+00,0.000000e+00,464,901
0.000000e+00,-1.954645e-07,-2.535113e-08,5.244927e-07,0.000000e+00,0.000000e+00,0.000000e+00,0.000000e+00,0.000000e+00,0.000000e+00,0.000000e+00,465,901
0.000000e+00,-1.864358e-07,6.571573e-08,4.000256e-07,0.000000e+00,0.000000e+00,0.000000e+00,0.000000e+00,0.000000e+00,0.000000e+00,0.000000e+00,466,901
0.000000e+00,-2.392359e-07,-1.589846e-07,3.894701e-07,0.000000e+00,0.000000e+00,0.000000e+00,0.000000e+00,0.000000e+00,0.000000e+00,0.000000e+00,467,901
0.000000e+00,2.371844e-09,6.947420e-08,5.944588e-07,0.000000e+00,0.000000e+00,0.000000e+00,0.000000e+00,0.000000e+00,0.000000e+00,0.000000e+00,468,901
0.000000e+00,-1.128173e-07,-1.399709e-07,5.932747e-07,0.000000e+00,0.000000e+00,0.000000e+00,0.000000e+00,0.000000e+00,0.000000e+00,0.000000e+00,469,901
0.000000e+00,1.627167e-07,3.687553e-08,1.696263e-07,0.000000e+00,0.000000e+00,0.000000e+00,0.000000e+00,0.000000e+00,0.000000e+00,0.000000e+00,470,901
0.000000e+00,-7.253812e-08,-1.745124e-07,4.535884e-07,0.000000e+00,0.000000e+00,0.000000e+00,0.000000e+00,0.000000e+00,0.000000e+00,0.000000e+00,471,901
0.000000e+00,-5.793215e-08,-1.804719e-07,4.756949e-07,0.000000e+00,0.000000e+00,0.000000e+00,0.000000e+00,0.000000e+00,0.000000e+00,0.000000e+00,472,901
0.000000e+00,2.101946e-07,1.466872e-07,2.986012e-07,0.000000e+00,0.000000e+00,0.000000e+00,0.000000e+00,0.000000e+00,0.000000e+00,0.000000e+00,473,901
0.000000e+00,2.259279e-07,1.402785e-07,5.122081e-07,0.000000e+00,0.000000e+00,0.000000e+00,0.000000e+00,0.000000e+00,0.000000e+00,0.000000e+00,474,901
0.000000e+00,1.115139e-07,1.344668e-07,4.268621e-07,0.000000e+00,0.000000e+00,0.000000e+00,0.000000e+00,0.000000e+00,0.000000e+00,0.000000e+00,475,901
0.000000e+00,6.377683e-08,-6.955817e-08,6.578187e-07,0.000000e+00,0.000000e+00,0.000000e+00,0.000000e+00,0.000000e+00,0.000000e+00,0.000000e+00,476,901
0.000000e+00,1.184192e-07,-1.692283e-07,1.869041e-07,0.000000e+00,0.000000e+00,0.000000e+00,0.000000e+00,0.000000e+00,0.000000e+00,0.000000e+00,477,901
0.000000e+00,-9.458154e-08,5.562226e-08,3.033040e-07,0.000000e+00,0.000000e+00,0.000000e+00,0.000000e+00,0.000000e+00,0.000000e+00,0.000000e+00,478,901
0.000000e+00,-4.472049e-08,4.760472e-09,3.955380e-07,0.000000e+00,0.000000e+00,0.000000e+00,0.000000e+00,0.000000e+00,0.000000e+00,0.000000e+00,479,901
0.000000e+00,-3.771390e-08,1.274713e-07,3.322676e-07,0.000000e+00,0.000000e+00,0.000000e+00,0.000000e+00,0.000000e+00,0.000000e+00,0.000000e+00,480,901
0.000000e+00,7.181246e-08,9.368771e-09,1.815828e-07,0.000000e+00,0.000000e+00,0.000000e+00,0.000000e+00,0.000000e+00,0.000000e+00,0.000000e+00,481,901
0.000000e+00,-5.611676e-08,1.503078e-07,5.177328e-07,0.000000e+00,0.000000e+00,0.000000e+00,0.000000e+00,0.000000e+00,0.000000e+00,0.000000e+00,482,901
0.000000e+00,-9.614762e-08,1.150697e-07,3.948506e-07,0.000000e+00,0.000000e+00,0.000000e+00,0.000000e+00,0.000000e+00,0.000000e+00,0.000000e+00,483,901
0.000000e+00,6.967460e-08,3.101244e-08,4.889091e-07,0.000000e+00,0.000000e+00,0.000000e+00,0.000000e+00,0.000000e+00,0.000000e+00,0.000000e+00,484,901
0.000000e+00,-1.598083e-07,-9.543815e-08,5.278488e-07,0.000000e+00,0.000000e+00,0.000000e+00,0.000000e+00,0.000000e+00,0.000000e+00,0.000000e+00,485,901
0.000000e+00,1.821175e-07,6.574662e-08,3.331362e-07,0.000000e+00,0.000000e+00,0.000000e+00,0.000000e+00,0.000000e+00,0.000000e+00,0.000000e+00,486,901
0.000000e+00,-2.141960e-09,1.007852e-07,6.576176e-07,0.000000e+00,0.000000e+00,0.000000e+00,0.000000e+00,0.000000e+00,0.000000e+00,0.000000e+00,487,901
0.000000e+00,-1.395645e-07,-2.222083e-07,5.255019e-07,0.000000e+00,0.000000e+00,0.000000e+00,0.000000e+00,0.000000e+00,0.000000e+00,0.000000e+00,488,901
0.000000e+00,-1.719510e-07,1.400500e-07,2.884608e-07,0.000000e+00,0.000000e+00,0.000000e+00,0.000000e+00,0.000000e+00,0.000000e+00,0.000000e+00,489,901
0.000000e+00,-1.004067e-07,-2.083079e-07,5.735905e-07,0.000000e+00,0.000000e+00,0.000000e+00,0.000000e+00,0.000000e+00,0.000000e+00,0.000000e+00,490,901
0.000000e+00,-1.642529e-07,-6.298211e-08,1.838347e-07,0.000000e+00,0.000000e+00,0.000000e+00,0.000000e+00,0.000000e+00,0.000000e+00,0.000000e+00,491,901
0.000000e+00,2.009543e-07,5.162765e-08,5.189209e-07,0.000000e+00,0.000000e+00,0.000000e+00,0.000000e+00,0.000000e+00,0.000000e+00,0.000000e+00,492,901
0.000000e+00,8.564931e-08,-1.522103e-07,5.266099e-07,0.000000e+00,0.000000e+00,0.000000e+00,0.000000e+00,0.000000e+00,0.000000e+00,0.000000e+00,493,901
0.000000e+00,-1.671318e-07,7.594606e-08,3.313335e-07,0.000000e+00,0.000000e+00,0.000000e+00,0.000000e+00,0.000000e+00,0.000000e+00,0.000000e+00,494,901
0.000000e+00,-2.062648e-07,-1.107286e-07,5.029125e-07,0.000000e+00,0.000000e+00,0.000000e+00,0.000000e+00,0.000000e+00,0.000000e+00,0.000000e+00,495,901
0.000000e+00,2.182627e-07,-1.788164e-07,4.697610e-07,0.000000e+00,0.000000e+00,0.000000e+00,0.000000e+00,0.000000e+00,0.000000e+00,0.000000e+00,496,901
0.000000e+00,-6.996083e-08,2.734646e-07,4.009514e-07,0.000000e+00,0.000000e+00,0.000000e+00,0.000000e+00,0.000000e+00,0.000000e+00,0.000000e+00,497,901
0.000000e+00,1.196664e-07,-2.486250e-07,3.259774e-07,0.000000e+00,0.000000e+00,0.000000e+00,0.000000e+00,0.000000e+00,0.000000e+00,0.000000e+00,498,901
0.000000e+00,-2.108240e-07,-1.005077e-07,2.679680e-07,0.000000e+00,0.000000e+00,0.000000e+00,0.000000e+00,0.000000e+00,0.000000e+00,0.000000e+00,499,901
0.000000e+00,4.722345e-08,1.911756e-07,2.963929e-07,0.000000e+00,0.000000e+00,0.000000e+00,0.000000e+00,0.000000e+00,0.000000e+00,0.000000e+00,500,901
0.000000e+00,1.817999e-07,1.291490e-07,3.393449e-07,0.000000e+00,0.000000e+00,0.000000e+00,0.000000e+00,0.000000e+00,0.000000e+00,0.000000e+00,501,901
0.000000e+00,-1.033611e-07,-1.513166e-07,2.263702e-07,0.000000e+00,0.000000e+00,0.000000e+00,0.000000e+00,0.000000e+00,0.000000e+00,0.000000e+00,502,901
0.000000e+00,2.008550e-07,-1.597788e-07,4.725799e-07,0.000000e+00,0.000000e+00,0.000000e+00,0.000000e+00,0.000000e+00,0.000000e+00,0.000000e+00,503,901
0.000000e+00,5.299182e-08,6.102765e-08,1.600310e-07,0.000000e+00,0.000000e+00,0.000000e+00,0.000000e+00,0.000000e+00,0.000000e+00,0.000000e+00,504,901
0.000000e+00,1.855488e-07,-1.567438e-07,5.459881e-07,0.000000e+00,0.000000e+00,0.000000e+00,0.000000e+00,0.000000e+00,0.000000e+00,0.000000e+00,505,901
0.000000e+00,3.241288e-08,-7.461321e-09,6.040023e-07,0.000000e+00,0.000000e+00,0.000000e+00,0.000000e+00,0.000000e+00,0.000000e+00,0.000000e+00,506,901
0.000000e+00,1.045337e-07,-9.728353e-08,2.376596e-07,0.000000e+00,0.000000e+00,0.000000e+00,0.000000e+00,0.000000e+00,0.000000e+00,0.000000e+00,507,901
0.000000e+00,-6.247987e-08,-1.782001e-07,1.856906e-07,0.000000e+00,0.000000e+00,0.000000e+00,0.000000e+00,0.000000e+00,0.000000e+00,0.000000e+00,508,901
0.000000e+00,-8.766811e-08,1.463441e-08,2.002637e-07,0.000000e+00,0.000000e+00,0.000000e+00,0.000000e+00,0.000000e+00,0.000000e+00,0.000000e+00,509,901
0.000000e+00,-1.389445e-07,-1.206176e-07,5.919797e-07,0.000000e+00,0.000000e+00,0.000000e+00,0.000000e+00,0.000000e+00,0.000000e+00,0.000000e+00,510,901
0.000000e+00,-1.165721e-07,-2.299468e-07,5.056578e-07,0.000000e+00,0.000000e+00,0.000000e+00,0.000000e+00,0.000000e+00,0.000000e+00,0.000000e+00,511,901
0.000000e+00,2.520827e-09,1.644118e-07,2.128324e-07,0.000000e+00,0.000000e+00,0.000000e+00,0.000000e+00,0.000000e+00,0.000000e+00,0.000000e+00,512,901
0.000000e+00,2.347957e-09,-1.298610e-07,3.732946e-07,0.000000e+00,0.000000e+00,0.000000e+00,0.000000e+00,0.000000e+00,0.000000e+00,0.000000e+00,513,901
0.000000e+00,3.873520e-08,1.529480e-07,2.650098e-07,0.000000e+00,0.000000e+00,0.000000e+00,0.000000e+00,0.000000e+00,0.000000e+00,0.000000e+00,514,901
0.000000e+00,-6.554037e-09,1.759644e-07,5.930403e-07,0.000000e+00,0.000000e+00,0.000000e+00,0.000000e+00,0.000000e+00,0.000000e+00,0.000000e+00,515,901
0.000000e+00,4.599612e-08,7.608857e-08,1.340927e-07,0.000000e+00,0.000000e+00,0.000000e+00,0.000000e+00,0.000000e+00,0.000000e+00,0.000000e+00,516,901
0.000000e+00,6.479621e-09,3.031984e-09,3.338677e-07,0.000000e+00,0.000000e+00,0.000000e+00,0.000000e+00,0.000000e+00,0.000000e+00,0.000000e+00,517,901
0.000000e+00,-1.477465e-08,-1.060180e-07,5.470000e-07,0.000000e+00,0.000000e+00,0.000000e+00,0.000000e+00,0.000000e+00,0.000000e+00,0.000000e+00,518,901
0.000000e+00,2.530094e-07,-9.642857e-08,4.309521e-07,0.000000e+00,0.000000e+00,0.000000e+00,0.000000e+00,0.000000e+00,0.000000e+00,0.000000e+00,519,901
0.000000e+00,-1.700270e-07,-1.640244e-07,4.948956e-07,0.000000e+00,0.000000e+00,0.000000e+00,0.000000e+00,0.000000e+00,0.000000e+00,0.000000e+00,520,901
0.000000e+00,8.785758e-08,1.050064e-09,1.706532e-07,0.000000e+00,0.000000e+00,0.000000e+00,0.000000e+00,0.000000e+00,0.000000e+00,0.000000e+00,521,901
0.000000e+00,7.959603e-08,-4.501660e-08,2.074346e-07,0.000000e+00,0.000000e+00,0.000000e+00,0.000000e+00,0.000000e+00,0.000000e+00,0.000000e+00,522,901
0.000000e+00,-5.554400e-08,-4.441894e-08,4.391279e-07,0.000000e+00,0.000000e+00,0.000000e+00,0.000000e+00,0.000000e+00,0.000000e+00,0.000000e+00,523,901
0.000000e+00,2.377294e-08,-2.036685e-07,5.928148e-07,0.000000e+00,0.000000e+00,0.000000e+00,0.000000e+00,0.000000e+00,0.000000e+00,0.000000e+00,524,901
0.000000e+00,-4.988392e-08,1.121019e-07,6.300148e-07,0.000000e+00,0.000000e+00,0.000000e+00,0.000000e+00,0.000000e+00,0.000000e+00,0.000000e+00,525,901
0.000000e+00,-1.490520e-07,-1.085696e-07,5.515251e-07,0.000000e+00,0.000000e+00,0.000000e+00,0.000000e+00,0.000000e+00,0.000000e+00,0.000000e+00,526,901
0.000000e+00,6.031900e-09,2.303706e-07,4.764406e-07,0.000000e+00,0.000000e+00,0.000000e+00,0.000000e+00,0.000000e+00,0.000000e+00,0.000000e+00,527,901
0.000000e+00,1.568947e-07,-2.261823e-07,4.977776e-07,0.000000e+00,0.000000e+00,0.000000e+00,0.000000e+00,0.000000e+00,0.000000e+00,0.000000e+00,528,901
0.000000e+00,1.946083e-08,1.021197e-07,6.692539e-07,0.000000e+00,0.000000e+00,0.000000e+00,0.000000e+00,0.000000e+00,0.000000e+00,0.000000e+00,529,901
0.000000e+00,-5.893731e-08,-2.632446e-07,3.362057e-07,0.000000e+00,0.000000e+00,0.000000e+00,0.000000e+00,0.000000e+00,0.000000e+00,0.000000e+00,530,901
0.000000e+00,4.305935e-08,-1.007558e-07,3.229123e-07,0.000000e+00,0.000000e+00,0.000000e+00,0.000000e+00,0.000000e+00,0.000000e+00,0.000000e+00,531,901
0.000000e+00,1.880450e-07,-4.156002e-08,3.675375e-07,0.000000e+00,0.000000e+00,0.000000e+00,0.000000e+00,0.000000e+00,0.000000e+00,0.000000e+00,532,901
0.000000e+00,-5.640860e-08,3.940439e-08,5.851793e-07,0.000000e+00,0.000000e+00,0.000000e+00,0.000000e+00,0.000000e+00,0.000000e+00,0.000000e+00,533,901
0.000000e+00,-7.841271e-08,1.431456e-07,5.662948e-07,0.000000e+00,0.000000e+00,0.000000e+00,0.000000e+00,0.000000e+00,0.000000e+00,0.000000e+00,534,901
0.000000e+00,7.572554e-08,-1.139832e-08,4.593279e-07,0.000000e+00,0.000000e+00,0.000000e+00,0.000000e+00,0.000000e+00,0.000000e+00,0.000000e+00,535,901
0.000000e+00,1.475794e-07,-1.000048e-07,3.759443e-07,0.000000e+00,0.000000e+00,0.000000e+00,0.000000e+00,0.000000e+00,0.000000e+00,0.000000e+00,536,901
0.000000e+00,-1.283024e-08,1.257957e-07,2.876973e-07,0.000000e+00,0.000000e+00,0.000000e+00,0.000000e+00,0.000000e+00,0.000000e+00,0.000000e+00,537,901
0.000000e+00,1.012600e-07,1.788740e-07,4.688781e-07,0.000000e+00,0.000000e+00,0.000000e+00,0.000000e+00,0.000000e+00,0.000000e+00,0.000000e+00,538,901
0.000000e+00,1.260430e-07,-2.086373e-07,2.873589e-07,0.000000e+00,0.000000e+00,0.000000e+00,0.000000e+00,0.000000e+00,0.000000e+00,0.000000e+00,539,901
0.000000e+00,2.506775e-07,1.228506e-09,4.135037e-07,0.000000e+00,0.000000e+00,0.000000e+00,0.000000e+00,0.000000e+00,0.000000e+00,0.000000e+00,540,901
0.000000e+00,1.294309e-08,8.620259e-08,6.027678e-07,0.000000e+00,0.000000e+00,0.000000e+00,0.000000e+00,0.000000e+00,0.000000e+00,0.000000e+00,541,901
0.000000e+00,8.623588e-09,-7.547613e-08,4.588869e-07,0.000000e+00,0.000000e+00,0.000000e+00,0.000000e+00,0.000000e+00,0.000000e+00,0.000000e+00,542,901
0.000000e+00,-8.580945e-08,7.784729e-08,1.780177e-07,0.000000e+00,0.000000e+00,0.000000e+00,0.000000e+00,0.000000e+00,0.000000e+00,0.000000e+00,543,901
0.000000e+00,2.318394e-07,2.147778e-08,3.099993e-07,0.000000e+00,0.000000e+00,0.000000e+00,0.000000e+00,0.000000e+00,0.000000e+00,0.000000e+00,544,901
0.000000e+00,-1.354208e-10,-2.287143e-07,3.048069e-07,0.000000e+00,0.000000e+00,0.000000e+00,0.000000e+00,0.000000e+00,0.000000e+00,0.000000e+00,545,901
0.000000e+00,1.251320e-07,-1.861863e-08,5.198369e-07,0.000000e+00,0.000000e+00,0.000000e+00,0.000000e+00,0.000000e+00,0.000000e+00,0.000000e+00,546,901
0.000000e+00,1.829265e-07,-1.081782e-08,5.319359e-07,0.000000e+00,0.000000e+00,0.000000e+00,0.000000e+00,0.000000e+00,0.000000e+00,0.000000e+00,547,901
0.000000e+00,2.509443e-08,-5.166622e-08,4.951335e-07,0.000000e+00,0.000000e+00,0.000000e+00,0.000000e+00,0.000000e+00,0.000000e+00,0.000000e+00,548,901
0.000000e+00,-1.644037e-07,-7.387375e-09,6.382801e-07,0.000000e+00,0.000000e+00,0.000000e+00,0.000000e+00,0.000000e+00,0.000000e+00,0.000000e+00,549,901
0.000000e+00,-1.897937e-07,-1.452063e-07,5.486742e-07,0.000000e+00,0.000000e+00,0.000000e+00,0.000000e+00,0.000000e+00,0.000000e+00,0.000000e+00,550,901
0.000000e+00,-7.334826e-08,1.118902e-07,4.126967e-07,0.000000e+00,0.000000e+00,0.000000e+00,0.000000e+00,0.000000e+00,0.000000e+00,0.000000e+00,551,901
0.000000e+00,-4.239550e-08,-4.555424e-08,4.893745e-07,0.000000e+00,0.000000e+00,0.000000e+00,0.000000e+00,0.000000e+00,0.000000e+00,0.000000e+00,552,901
0.000000e+00,5.093634e-08,2.534822e-07,2.799828e-07,0.000000e+00,0.000000e+00,0.000000e+00,0.000000e+00,0.000000e+00,0.000000e+00,0.000000e+00,553,901
0.000000e+00,2.534317e-07,-5.392478e-09,4.889069e-07,0.000000e+00,0.000000e+00,0.000000e+00,0.000000e+00,0.000000e+00,0.000000e+00,0.000000e+00,554,901
0.000000e+00,-1.195855e-07,2.403382e-07,3.041790e-07,0.000000e+00,0.000000e+00,0.000000e+00,0.000000e+00,0.000000e+00,0.000000e+00,0.000000e+00,555,901
0.000000e+00,1.743901e-07,2.934993e-08,3.233633e-07,0.000000e+00,0.000000e+00,0.000000e+00,0.000000e+00,0.000000e+00,0.000000e+00,0.000000e+00,556,901
0.000000e+00,1.115261e-07,1.307856e-07,4.191736e-07,0.000000e+00,0.000000e+00,0.000000e+00,0.000000e+00,0.000000e+00,0.000000e+00,0.000000e+00,557,901
0.000000e+00,5.450017e-08,2.655013e-07,4.718303e-07,0.000000e+00,0.000000e+00,0.000000e+00,0.000000e+00,0.000000e+00,0.000000e+00,0.000000e+00,558,901
0.000000e+00,-1.554459e-08,1.241877e-07,1.700992e-07,0.000000e+00,0.000000e+00,0.000000e+00,0.000000e+00,0.000000e+00,0.000000e+00,0.000000e+00,559,901
0.000000e+00,2.068437e-07,7.573512e-09,5.053048e-07,0.000000e+00,0.000000e+00,0.000000e+00,0.000000e+00,0.000000e+00,0.000000e+00,0.000000e+00,560,901
0.000000e+00,2.557167e-07,7.224133e-08,4.244629e-07,0.000000e+00,0.000000e+00,0.000000e+00,0.000000e+00,0.000000e+00,0.000000e+00,0.000000e+00,561,901
0.000000e+00,9.260213e-08,1.557265e-07,5.967364e-07,0.000000e+00,0.000000e+00,0.000000e+00,0.000000e+00,0.000000e+00,0.000000e+00,0.000000e+00,562,901
0.000000e+00,1.267891e-07,2.962408e-08,6.581747e-07,0.000000e+00,0.000000e+00,0.000000e+00,0.000000e+00,0.000000e+00,0.000000e+00,0.000000e+00,563,901
0.000000e+00,-6.144206e-10,1.591505e-07,1.739607e-07,0.000000e+00,0.000000e+00,0.000000e+00,0.000000e+00,0.000000e+00,0.000000e+00,0.000000e+00,564,901
0.000000e+00,-3.599147e-09,-6.424371e-08,1.849010e-07,0.000000e+00,0.000000e+00,0.000000e+00,0.000000e+00,0.000000e+00,0.000000e+00,0.000000e+00,565,901
0.000000e+00,1.348213e-07,1.815961e-07,3.956611e-07,0.000000e+00,0.000000e+00,0.000000e+00,0.000000e+00,0.000000e+00,0.000000e+00,0.000000e+00,566,901
0.000000e+00,1.467508e-07,-5.860034e-08,2.558004e-07,0.000000e+00,0.000000e+00,0.000000e+00,0.000000e+00,0.000000e+00,0.000000e+00,0.000000e+00,567,901
0.000000e+00,2.839104e-09,1.693739e-07,3.105880e-07,0.000000e+00,0.000000e+00,0.000000e+00,0.000000e+00,0.000000e+00,0.000000e+00,0.000000e+00,568,901
0.000000e+00,-1.010406e-07,1.352824e-07,3.301702e-07,0.000000e+00,0.000000e+00,0.000000e+00,0.000000e+00,0.000000e+00,0.000000e+00,0.000000e+00,569,901
0.000000e+00,4.615604e-08,1.140944e-07,6.156451e-07,0.000000e+00,0.000000e+00,0.000000e+00,0.000000e+00,0.000000e+00,0.000000e+00,0.000000e+00,570,901
0.000000e+00,-5.080284e-09,4.283834e-08,3.776031e-07,0.000000e+00,0.000000e+00,0.000000e+00,0.000000e+00,0.000000e+00,0.000000e+00,0.000000e+00,571,901
0.000000e+00,2.276277e-07,-7.015308e-08,5.533747e-07,0.000000e+00,0.000000e+00,0.000000e+00,0.000000e+00,0.000000e+00,0.000000e+00,0.000000e+00,572,901
0.000000e+00,8.727453e-08,1.578646e-07,4.382399e-07,0.000000e+00,0.000000e+00,0.000000e+00,0.000000e+00,0.000000e+00,0.000000e+00,0.000000e+00,573,901
0.000000e+00,1.268758e-07,-7.024928e-09,3.240415e-07,0.000000e+00,0.000000e+00,0.000000e+00,0.000000e+00,0.000000e+00,0.000000e+00,0.000000e+00,574,901
0.000000e+00,-4.625518e-10,1.121278e-07,2.212957e-07,0.000000e+00,0.000000e+00,0.000000e+00,0.000000e+00,0.000000e+00,0.000000e+00,0.000000e+00,575,901
0.000000e+00,-4.309708e-08,-2.275626e-07,3.259478e-07,0.000000e+00,0.000000e+00,0.000000e+00,0.000000e+00,0.000000e+00,0.000000e+00,0.000000e+00,576,901
0.000000e+00,9.538818e-08,1.484402e-07,5.928386e-07,0.000000e+00,0.000000e+00,0.000000e+00,0.000000e+00,0.000000e+00,0.000000e+00,0.000000e+00,577,901
0.000000e+00,2.355632e-07,-5.966046e-08,3.779247e-07,0.000000e+00,0.000000e+00,0.000000e+00,0.000000e+00,0.000000e+00,0.000000e+00,0.000000e+00,578,901
0.000000e+00,-3.743332e-08,-4.161645e-08,4.824870e-07,0.000000e+00,0.000000e+00,0.000000e+00,0.000000e+00,0.000000e+00,0.000000e+00,0.000000e+00,579,901
0.000000e+00,6.342207e-08,1.752797e-07,5.906900e-07,0.000000e+00,0.000000e+00,0.000000e+00,0.000000e+00,0.000000e+00,0.000000e+00,0.000000e+00,580,901
0.000000e+00,-9.971861e-08,-1.228421e-07,6.321148e-07,0.000000e+00,0.000000e+00,0.000000e+00,0.000000e+00,0.000000e+00,0.000000e+00,0.000000e+00,581,901
0.000000e+00,1.831229e-07,2.576382e-08,5.595220e-07,0.000000e+00,0.000000e+00,0.000000e+00,0.000000e+00,0.000000e+00,0.000000e+00,0.000000e+00,582,901
0.000000e+00,2.865563e-07,4.785800e-09,4.261287e-07,0.000000e+00,0.000000e+00,0.000000e+00,0.000000e+00,0.000000e+00,0.000000e+00,0.000000e+00,583,901
0.000000e+00,2.097644e-07,9.137692e-08,4.935708e-07,0.000000e+00,0.000000e+00,0.000000e+00,0.000000e+00,0.000000e+00,0.000000e+00,0.000000e+00,584,901
0.000000e+00,5.678777e-08,-6.673444e-08,1.861378e-07,0.000000e+00,0.000000e+00,0.000000e+00,0.000000e+00,0.000000e+00,0.000000e+00,0.000000e+00,585,901
0.000000e+00,2.135514e-07,2.589422e-08,4.225838e-07,0.000000e+00,0.000000e+00,0.000000e+00,0.000000e+00,0.000000e+00,0.000000e+00,0.000000e+00,586,901
0.000000e+00,1.786039e-07,-8.097926e-08,4.857713e-07,0.000000e+00,0.000000e+00,0.000000e+00,0.000000e+00,0.000000e+00,0.000000e+00,0.000000e+00,587,901
0.000000e+00,2.235402e-07,-1.543813e-07,2.808826e-07,0.000000e+00,0.000000e+00,0.000000e+00,0.000000e+00,0.000000e+00,0.000000e+00,0.000000e+00,588,901
0.000000e+00,-2.018660e-08,-5.180278e-08,6.620674e-07,0.000000e+00,0.000000e+00,0.000000e+00,0.000000e+00,0.000000e+00,0.000000e+00,0.000000e+00,589,901
0.000000e+00,-6.514377e-08,-1.742608e-07,4.964230e-07,0.000000e+00,0.000000e+00,0.000000e+00,0.000000e+00,0.000000e+00,0.000000e+00,0.000000e+00,590,901
0.000000e+00,3.767546e-08,6.807646e-08,1.268068e-07,0.000000e+00,0.000000e+00,0.000000e+00,0.000000e+00,0.000000e+00,0.000000e+00,0.000000e+00,591,901
0.000000e+00,1.811064e-07,-1.080643e-07,4.640768e-07,0.000000e+00,0.000000e+00,0.000000e+00,0.000000e+00,0.000000e+00,0.000000e+00,0.000000e+00,592,901
0.000000e+00,2.398270e-07,3.764803e-08,2.731899e-07,0.000000e+00,0.000000e+00,0.000000e+00,0.000000e+00,0.000000e+00,0.000000e+00,0.000000e+00,593,901
0.000000e+00,1.759331e-08,5.038088e-08,3.414677e-07,0.000000e+00,0.000000e+00,0.000000e+00,0.000000e+00,0.000000e+00,0.000000e+00,0.000000e+00,594,901
0.000000e+00,1.843205e-07,1.125212e-07,3.206306e-07,0.000000e+00,0.000000e+00,0.000000e+00,0.000000e+00,0.000000e+00,0.000000e+00,0.000000e+00,595,901
0.000000e+00,-2.489228e-07,-6.815403e-08,3.064091e-07,0.000000e+00,0.000000e+00,0.000000e+00,0.000000e+00,0.000000e+00,0.000000e+00,0.000000e+00,596,901
0.000000e+00,-3.170042e-08,2.381862e-07,4.551088e-07,0.000000e+00,0.000000e+00,0.000000e+00,0.000000e+00,0.000000e+00,0.000000e+00,0.000000e+00,597,901
0.000000e+00,-1.375015e-07,-1.759589e-08,1.602772e-07,0.000000e+00,0.000000e+00,0.000000e+00,0.000000e+00,0.000000e+00,0.000000e+00,0.000000e+00,598,901
0.000000e+00,1.058397e-07,1.264922e-07,3.595417e-07,0.000000e+00,0.000000e+00,0.000000e+00,0.000000e+00,0.000000e+00,0.000000e+00,0.000000e+00,599,901
0.000000e+00,1.392797e-07,-1.992869e-07,4.674132e-07,0.000000e+00,0.000000e+00,0.000000e+00,0.000000e+00,0.000000e+00,0.000000e+00,0.000000e+00,600,901
0.000000e+00,-1.331174e-07,-8.937531e-08,5.331716e-07,0.000000e+00,0.000000e+00,0.000000e+00,0.000000e+00,0.000000e+00,0.000000e+00,0.000000e+00,601,901
0.000000e+00,-1.564490e-07,8.375624e-08,3.982732e-07,0.000000e+00,0.000000e+00,0.000000e+00,0.000000e+00,0.000000e+00,0.000000e+00,0.000000e+00,602,901
0.000000e+00,-1.633051e-07,1.470362e-07,3.105656e-07,0.000000e+00,0.000000e+00,0.000000e+00,0.000000e+00,0.000000e+00,0.000000e+00,0.000000e+00,603,901
0.000000e+00,-1.868882e-08,1.703508e-07,2.831760e-07,0.000000e+00,0.000000e+00,0.000000e+00,0.000000e+00,0.000000e+00,0.000000e+00,0.000000e+00,604,901
0.000000e+00,-8.173739e-09,3.472588e-08,6.128784e-07,0.000000e+00,0.000000e+00,0.000000e+00,0.000000e+00,0.000000e+00,0.000000e+00,0.000000e+00,605,901
0.000000e+00,-1.441022e-07,8.246747e-08,5.201048e-07,0.000000e+00,0.000000e+00,0.000000e+00,0.000000e+00,0.000000e+00,0.000000e+00,0.000000e+00,606,901
0.000000e+00,1.088934e-07,-1.761372e-07,5.873771e-07,0.000000e+00,0.000000e+00,0.000000e+00,0.000000e+00,0.000000e+00,0.000000e+00,0.000000e+00,607,901
0.000000e+00,-5.831155e-08,-2.376998e-07,3.946296e-07,0.000000e+00,0.000000e+00,0.000000e+00,0.000000e+00,0.000000e+00,0.000000e+00,0.000000e+00,608,901
0.000000e+00,-4.543319e-08,5.309780e-09,3.070101e-07,0.000000e+00,0.000000e+00,0.000000e+00,0.000000e+00,0.000000e+00,0.000000e+00,0.000000e+00,609,901
0.000000e+00,-1.131448e-07,1.155684e-07,5.960087e-07,0.000000e+00,0.000000e+00,0.000000e+00,0.000000e+00,0.000000e+00,0.000000e+00,0.000000e+00,610,901
0.000000e+00,1.447740e-07,1.402804e-07,4.932740e-07,0.000000e+00,0.000000e+00,0.000000e+00,0.000000e+00,0.000000e+00,0.000000e+00,0.000000e+00,611,901
0.000000e+00,2.124442e-07,-1.137631e-07,5.547232e-07,0.000000e+00,0.000000e+00,0.000000e+00,0.000000e+00,0.000000e+00,0.000000e+00,0.000000e+00,612,901
0.000000e+00,9.312463e-08,2.055751e-07,4.146150e-07,0.000000e+00,0.000000e+00,0.000000e+00,0.000000e+00,0.000000e+00,0.000000e+00,0.000000e+00,613,901
0.000000e+00,1.002768e-07,6.385691e-08,1.306565e-07,0.000000e+00,0.000000e+00,0.000000e+00,0.000000e+00,0.000000e+00,0.000000e+00,0.000000e+00,614,901
0.000000e+00,-1.541730e-08,4.401257e-08,1.600851e-07,0.000000e+00,0.000000e+00,0.000000e+00,0.000000e+00,0.000000e+00,0.000000e+00,0.000000e+00,615,901
0.000000e+00,-1.110316e-07,2.154026e-07,3.017900e-07,0.000000e+00,0.000000e+00,0.000000e+00,0.000000e+00,0.000000e+00,0.000000e+00,0.000000e+00,616,901
0.000000e+00,-1.085391e-07,1.896293e-07,4.039063e-07,0.000000e+00,0.000000e+00,0.000000e+00,0.000000e+00,0.000000e+00,0.000000e+00,0.000000e+00,617,901
0.000000e+00,-4.874175e-08,-2.573773e-07,3.054517e-07,0.000000e+00,0.000000e+00,0.000000e+00,0.000000e+00,0.000000e+00,0.000000e+00,0.000000e+00,618,901
0.000000e+00,-7.364395e-08,-7.284631e-08,2.316234e-07,0.000000e+00,0.000000e+00,0.000000e+00,0.000000e+00,0.000000e+00,0.000000e+00,0.000000e+00,619,901
0.000000e+00,1.445516e-07,1.027155e-08,2.821584e-07,0.000000e+00,0.000000e+00,0.000000e+00,0.000000e+00,0.000000e+00,0.000000e+00,0.000000e+00,620,901
0.000000e+00,1.855562e-07,-1.031761e-08,4.146803e-07,0.000000e+00,0.000000e+00,0.000000e+00,0.000000e+00,0.000000e+00,0.000000e+00,0.000000e+00,621,901
0.000000e+00,-1.202812e-07,6.743307e-08,2.169181e-07,0.000000e+00,0.000000e+00,0.000000e+00,0.000000e+00,0.000000e+00,0.000000e+00,0.000000e+00,622,901
0.000000e+00,-4.971396e-08,-9.928751e-08,1.810925e-07,0.000000e+00,0.000000e+00,0.000000e+00,0.000000e+00,0.000000e+00,0.000000e+00,0.000000e+00,623,901
0.000000e+00,1.423290e-08,-2.017983e-07,2.987233e-07,0.000000e+00,0.000000e+00,0.000000e+00,0.000000e+00,0.000000e+00,0.000000e+00,0.000000e+00,624,901
0.000000e+00,-2.291153e-07,4.192959e-08,2.363498e-07,0.000000e+00,0.000000e+00,0.000000e+00,0.000000e+00,0.000000e+00,0.000000e+00,0.000000e+00,625,901
0.000000e+00,-5.732345e-08,8.189510e-08,1.772011e-07,0.000000e+00,0.000000e+00,0.000000e+00,0.000000e+00,0.000000e+00,0.000000e+00,0.000000e+00,626,901
0.000000e+00,3.976398e-09,-4.021694e-08,4.160438e-07,0.000000e+00,0.000000e+00,0.000000e+00,0.000000e+00,0.000000e+00,0.000000e+00,0.000000e+00,627,901
0.000000e+00,-1.415372e-07,-2.421018e-07,3.547089e-07,0.000000e+00,0.000000e+00,0.000000e+00,0.000000e+00,0.000000e+00,0.000000e+00,0.000000e+00,628,901
0.000000e+00,1.043951e-07,-4.499098e-09,1.628067e-07,0.000000e+00,0.000000e+00,0.000000e+00,0.000000e+00,0.000000e+00,0.000000e+00,0.000000e+00,629,901
0.000000e+00,-1.318681e-07,1.263766e-07,4.928671e-07,0.000000e+00,0.000000e+00,0.000000e+00,0.000000e+00,0.000000e+00,0.000000e+00,0.000000e+00,630,901
0.000000e+00,-1.335795e-07,6.439362e-08,2.954484e-07,0.000000e+00,0.000000e+00,0.000000e+00,0.000000e+00,0.000000e+00,0.000000e+00,0.000000e+00,631,901
0.000000e+00,-1.427801e-07,-2.168505e-07,3.300186e-07,0.000000e+00,0.000000e+00,0.000000e+00,0.000000e+00,0.000000e+00,0.000000e+00,0.000000e+00,632,901
0.000000e+00,-3.870166e-09,1.725990e-07,4.789773e-07,0.000000e+00,0.000000e+00,0.000000e+00,0.000000e+00,0.000000e+00,0.000000e+00,0.000000e+00,633,901
0.000000e+00,-1.301393e-07,-1.144508e-07,1.683300e-07,0.000000e+00,0.000000e+00,0.000000e+00,0.000000e+00,0.000000e+00,0.000000e+00,0.000000e+00,634,901
0.000000e+00,-1.858714e-08,2.694165e-07,3.473617e-07,0.000000e+00,0.000000e+00,0.000000e+00,0.000000e+00,0.000000e+00,0.000000e+00,0.000000e+00,635,901
0.000000e+00,1.724512e-08,-2.390363e-07,3.924890e-07,0.000000e+00,0.000000e+00,0.000000e+00,0.000000e+00,0.000000e+00,0.000000e+00,0.000000e+00,636,901
0.000000e+00,4.220055e-08,-1.933163e-07,5.604023e-07,0.000000e+00,0.000000e+00,0.000000e+00,0.000000e+00,0.000000e+00,0.000000e+00,0.000000e+00,637,901
0.000000e+00,2.589422e-07,-1.019315e-07,3.248148e-07,0.000000e+00,0.000000e+00,0.000000e+00,0.000000e+00,0.000000e+00,0.000000e+00,0.000000e+00,638,901
0.000000e+00,2.034835e-07,-1.925167e-07,4.246828e-07,0.000000e+00,0.000000e+00,0.000000e+00,0.000000e+00,0.000000e+00,0.000000e+00,0.000000e+00,639,901
0.000000e+00,1.295281e-07,2.288863e-07,5.165482e-07,0.000000e+00,0.000000e+00,0.000000e+00,0.000000e+00,0.000000e+00,0.000000e+00,0.000000e+00,640,901
0.000000e+00,-1.398180e-09,8.226428e-08,4.418079e-07,0.000000e+00,0.000000e+00,0.000000e+00,0.000000e+00,0.000000e+00,0.000000e+00,0.000000e+00,641,901
0.000000e+00,-9.594664e-09,7.747192e-08,4.424636e-07,0.000000e+00,0.000000e+00,0.000000e+00,0.000000e+00,0.000000e+00,0.000000e+00,0.000000e+00,642,901
0.000000e+00,-1.475913e-08,-1.392648e-07,4.095869e-07,0.000000e+00,0.000000e+00,0.000000e+00,0.000000e+00,0.000000e+00,0.000000e+00,0.000000e+00,643,901
0.000000e+00,-1.118746e-07,-1.628164e-07,4.348904e-07,0.000000e+00,0.000000e+00,0.000000e+00,0.000000e+00,0.000000e+00,0.000000e+00,0.000000e+00,644,901
0.000000e+00,-2.146112e-08,-1.725420e-07,4.309787e-07,0.000000e+00,0.000000e+00,0.000000e+00,0.000000e+00,0.000000e+00,0.000000e+00,0.000000e+00,645,901
0.000000e+00,2.217411e-07,6.724238e-08,4.591570e-07,0.000000e+00,0.000000e+00,0.000000e+00,0.000000e+00,0.000000e+00,0.000000e+00,0.000000e+00,646,901
0.000000e+00,1.007038e-07,-1.495953e-07,5.989105e-07,0.000000e+00,0.000000e+00,0.000000e+00,0.000000e+00,0.000000e+00,0.000000e+00,0.000000e+00,647,901
0.000000e+00,2.041362e-07,-1.336705e-07,3.740656e-07,0.000000e+00,0.000000e+00,0.000000e+00,0.000000e+00,0.000000e+00,0.000000e+00,0.000000e+00,648,901
0.000000e+00,1.605129e-08,2.707142e-07,3.213332e-07,0.000000e+00,0.000000e+00,0.000000e+00,0.000000e+00,0.000000e+00,0.000000e+00,0.000000e+00,649,901
0.000000e+00,-1.028041e-07,-5.042687e-08,6.656866e-07,0.000000e+00,0.000000e+00,0.000000e+00,0.000000e+00,0.000000e+00,0.000000e+00,0.000000e+00,650,901
0.000000e+00,5.513204e-08,1.131716e-07,4.634461e-07,0.000000e+00,0.000000e+00,0.000000e+00,0.000000e+00,0.000000e+00,0.000000e+00,0.000000e+00,651,901
0.000000e+00,-5.384320e-08,9.386513e-08,1.895642e-07,0.000000e+00,0.000000e+00,0.000000e+00,0.000000e+00,0.000000e+00,0.000000e+00,0.000000e+00,652,901
0.000000e+00,-5.183673e-08,1.272278e-07,3.711309e-07,0.000000e+00,0.000000e+00,0.000000e+00,0.000000e+00,0.000000e+00,0.000000e+00,0.000000e+00,653,901
0.000000e+00,1.882996e-07,-8.635739e-08,2.959847e-07,0.000000e+00,0.000000e+00,0.000000e+00,0.000000e+00,0.000000e+00,0.000000e+00,0.000000e+00,654,901
0.000000e+00,-5.496538e-08,-6.948273e-08,6.537673e-07,0.000000e+00,0.000000e+00,0.000000e+00,0.000000e+00,0.000000e+00,0.000000e+00,0.000000e+00,655,901
0.000000e+00,2.560160e-07,-1.052815e-07,3.853983e-07,0.000000e+00,0.000000e+00,0.000000e+00,0.000000e+00,0.000000e+00,0.000000e+00,0.000000e+00,656,901
0.000000e+00,-1.470428e-07,1.572297e-07,4.625569e-07,0.000000e+00,0.000000e+00,0.000000e+00,0.000000e+00,0.000000e+00,0.000000e+00,0.000000e+00,657,901
0.000000e+00,1.170380e-07,3.175482e-09,2.072700e-07,0.000000e+00,0.000000e+00,0.000000e+00,0.000000e+00,0.000000e+00,0.000000e+00,0.000000e+00,658,901
0.000000e+00,-2.004207e-07,-3.554008e-08,3.450131e-07,0.000000e+00,0.000000e+00,0.000000e+00,0.000000e+00,0.000000e+00,0.000000e+00,0.000000e+00,659,901
0.000000e+00,1.037446e-08,-2.143097e-07,2.819289e-07,0.000000e+00,0.000000e+00,0.000000e+00,0.000000e+00,0.000000e+00,0.000000e+00,0.000000e+00,660,901
0.000000e+00,-6.713153e-08,-1.155372e-07,6.173812e-07,0.000000e+00,0.000000e+00,0.000000e+00,0.000000e+00,0.000000e+00,0.000000e+00,0.000000e+00,661,901
0.000000e+00,6.801109e-08,-8.242700e-08,6.638593e-07,0.000000e+00,0.000000e+00,0.000000e+00,0.000000e+00,0.000000e+00,0.000000e+00,0.000000e+00,662,901
0.000000e+00,3.099055e-08,5.004949e-08,2.656930e-07,0.000000e+00,0.000000e+00,0.000000e+00,0.000000e+00,0.000000e+00,0.000000e+00,0.000000e+00,663,901
0.000000e+00,-1.472221e-07,1.560985e-07,2.310788e-07,0.000000e+00,0.000000e+00,0.000000e+00,0.000000e+00,0.000000e+00,0.000000e+00,0.000000e+00,664,901
0.000000e+00,8.084271e-08,-1.232117e-07,2.952215e-07,0.000000e+00,0.000000e+00,0.000000e+00,0.000000e+00,0.000000e+00,0.000000e+00,0.000000e+00,665,901
0.000000e+00,-1.239189e-07,1.328272e-07,3.022305e-07,0.000000e+00,0.000000e+00,0.000000e+00,0.000000e+00,0.000000e+00,0.000000e+00,0.000000e+00,666,901
0.000000e+00,-1.415477e-07,1.658516e-07,5.772412e-07,0.000000e+00,0.000000e+00,0.000000e+00,0.000000e+00,0.000000e+00,0.000000e+00,0.000000e+00,667,901
0.000000e+00,1.448833e-07,4.762798e-08,5.168800e-07,0.000000e+00,0.000000e+00,0.000000e+00,0.000000e+00,0.000000e+00,0.000000e+00,0.000000e+00,668,901
0.000000e+00,-2.152976e-07,9.107528e-08,2.821568e-07,0.000000e+00,0.000000e+00,0.000000e+00,0.000000e+00,0.000000e+00,0.000000e+00,0.000000e+00,669,901
0.000000e+00,2.797171e-08,2.453130e-07,4.597234e-07,0.000000e+00,0.000000e+00,0.000000e+00,0.000000e+00,0.000000e+00,0.000000e+00,0.000000e+00,670,901
0.000000e+00,-4.918429e-08,2.825786e-07,4.560005e-07,0.000000e+00,0.000000e+00,0.000000e+00,0.000000e+00,0.000000e+00,0.000000e+00,0.000000e+00,671,901
0.000000e+00,1.207433e-08,-2.159823e-07,2.021983e-07,0.000000e+00,0.000000e+00,0.000000e+00,0.000000e+00,0.000000e+00,0.000000e+00,0.000000e+00,672,901
0.000000e+00,-9.763722e-08,7.971099e-08,5.243150e-07,0.000000e+00,0.000000e+00,0.000000e+00,0.000000e+00,0.000000e+00,0.000000e+00,0.000000e+00,673,901
0.000000e+00,-8.610932e-08,-6.524676e-08,2.005904e-07,0.000000e+00,0.000000e+00,0.000000e+00,0.000000e+00,0.000000e+00,0.000000e+00,0.000000e+00,674,901
0.000000e+00,5.705006e-08,1.865979e-07,2.838261e-07,0.000000e+00,0.000000e+00,0.000000e+00,0.000000e+00,0.000000e+00,0.000000e+00,0.000000e+00,675,901
0.000000e+00,2.412225e-07,2.383982e-09,3.647954e-07,0.000000e+00,0.000000e+00,0.000000e+00,0.000000e+00,0.000000e+00,0.000000e+00,0.000000e+00,676,901
0.000000e+00,-9.776792e-08,1.443212e-07,3.619949e-07,0.000000e+00,0.000000e+00,0.000000e+00,0.000000e+00,0.000000e+00,0.000000e+00,0.000000e+00,677,901
0.000000e+00,-1.028377e-07,4.783049e-08,2.600556e-07,0.000000e+00,0.000000e+00,0.000000e+00,0.000000e+00,0.000000e+00,0.000000e+00,0.000000e+00,678,901
0.000000e+00,-1.593814e-07,7.190084e-08,3.175851e-07,0.000000e+00,0.000000e+00,0.000000e+00,0.000000e+00,0.000000e+00,0.000000e+00,0.000000e+00,679,901
0.000000e+00,7.379456e-08,2.579888e-07,4.907925e-07,0.000000e+00,0.000000e+00,0.000000e+00,0.000000e+00,0.000000e+00,0.000000e+00,0.000000e+00,680,901
0.000000e+00,-1.425813e-07,-9.885108e-08,6.137709e-07,0.000000e+00,0.000000e+00,0.000000e+00,0.000000e+00,0.000000e+00,0.000000e+00,0.000000e+00,681,901
0.000000e+00,6.963606e-08,1.630668e-08,3.167650e-07,0.000000e+00,0.000000e+00,0.000000e+00,0.000000e+00,0.000000e+00,0.000000e+00,0.000000e+00,682,901
0.000000e+00,8.047603e-08,-5.642401e-08,4.053065e-07,0.000000e+00,0.000000e+00,0.000000e+00,0.000000e+00,0.000000e+00,0.000000e+00,0.000000e+00,683,901
0.000000e+00,-8.162923e-08,-1.248973e-08,5.315013e-07,0.000000e+00,0.000000e+00,0.000000e+00,0.000000e+00,0.000000e+00,0.000000e+00,0.000000e+00,684,901
0.000000e+00,1.448069e-07,2.458873e-08,4.479056e-07,0.000000e+00,0.000000e+00,0.000000e+00,0.000000e+00,0.000000e+00,0.000000e+00,0.000000e+00,685,901
0.000000e+00,-4.394858e-08,8.578363e-09,3.772489e-07,0.000000e+00,0.000000e+00,0.000000e+00,0.000000e+00,0.000000e+00,0.000000e+00,0.000000e+00,686,901
0.000000e+00,1.057270e-07,-1.784254e-07,2.628102e-07,0.000000e+00,0.000000e+00,0.000000e+00,0.000000e+00,0.000000e+00,0.000000e+00,0.000000e+00,687,901
0.000000e+00,4.940701e-08,-1.094433e-07,5.908367e-07,0.000000e+00,0.000000e+00,0.000000e+00,0.000000e+00,0.000000e+00,0.000000e+00,0.000000e+00,688,901
0.000000e+00,-2.060994e-08,8.258093e-09,4.275724e-07,0.000000e+00,0.000000e+00,0.000000e+00,0.000000e+00,0.000000e+00,0.000000e+00,0.000000e+00,689,901
0.000000e+00,8.019883e-08,1.040480e-07,6.024252e-07,0.000000e+00,0.000000e+00,0.000000e+00,0.000000e+00,0.000000e+00,0.000000e+00,0.000000e+00,690,901
0.000000e+00,-1.165443e-07,2.008202e-08,2.480248e-07,0.000000e+00,0.000000e+00,0.000000e+00,0.000000e+00,0.000000e+00,0.000000e+00,0.000000e+00,691,901
0.000000e+00,1.403419e-08,-1.837082e-08,6.125190e-07,0.000000e+00,0.000000e+00,0.000000e+00,0.000000e+00,0.000000e+00,0.000000e+00,0.000000e+00,692,901
0.000000e+00,1.140616e-07,1.766044e-07,2.421754e-07,0.000000e+00,0.000000e+00,0.000000e+00,0.000000e+00,0.000000e+00,0.000000e+00,0.000000e+00,693,901
0.000000e+00,2.215041e-07,8.967920e-09,3.708294e-07,0.000000e+00,0.000000e+00,0.000000e+00,0.000000e+00,0.000000e+00,0.000000e+00,0.000000e+00,694,901
0.000000e+00,-1.406334e-07,-6.730168e-08,3.781618e-07,0.000000e+00,0.000000e+00,0.000000e+00,0.000000e+00,0.000000e+00,0.000000e+00,0.000000e+00,695,901
0.000000e+00,2.171430e-08,-3.619427e-08,2.482739e-07,0.000000e+00,0.000000e+00,0.000000e+00,0.000000e+00,0.000000e+00,0.000000e+00,0.000000e+00,696,901
0.000000e+00,-2.266661e-07,4.611075e-09,4.986173e-07,0.000000e+00,0.000000e+00,0.000000e+00,0.000000e+00,0.000000e+00,0.000000e+00,0.000000e+00,697,901
0.000000e+00,-1.445301e-07,4.618946e-08,4.849773e-07,0.000000e+00,0.000000e+00,0.000000e+00,0.000000e+00,0.000000e+00,0.000000e+00,0.000000e+00,698,901
0.000000e+00,-8.043619e-08,9.880048e-08,5.322106e-07,0.000000e+00,0.000000e+00,0.000000e+00,0.000000e+00,0.000000e+00,0.000000e+00,0.000000e+00,699,901
0.000000e+00,-1.953209e-07,1.363434e-07,3.953833e-07,0.000000e+00,0.000000e+00,0.000000e+00,0.000000e+00,0.000000e+00,0.000000e+00,0.000000e+00,700,901
0.000000e+00,-3.019961e-09,1.419612e-07,5.781411e-07,0.000000e+00,0.000000e+00,0.000000e+00,0.000000e+00,0.000000e+00,0.000000e+00,0.000000e+00,701,901
0.000000e+00,9.684749e-08,2.082723e-07,3.212405e-07,0.000000e+00,0.000000e+00,0.000000e+00,0.000000e+00,0.000000e+00,0.000000e+00,0.000000e+00,702,901
0.000000e+00,5.241315e-08,7.746330e-08,3.102061e-07,0.000000e+00,0.000000e+00,0.000000e+00,0.000000e+00,0.000000e+00,0.000000e+00,0.000000e+00,703,901
0.000000e+00,-1.834443e-07,-7.116958e-09,5.070149e-07,0.000000e+00,0.000000e+00,0.000000e+00,0.000000e+00,0.000000e+00,0.000000e+00,0.000000e+00,704,901
0.000000e+00,-1.644509e-07,-2.017732e-07,5.232692e-07,0.000000e+00,0.000000e+00,0.000000e+00,0.000000e+00,0.000000e+00,0.000000e+00,0.000000e+00,705,901
0.000000e+00,-1.357213e-07,-2.503787e-07,3.643207e-07,0.000000e+00,0.000000e+00,0.000000e+00,0.000000e+00,0.000000e+00,0.000000e+00,0.000000e+00,706,901
0.000000e+00,2.674766e-07,1.027483e-07,4.104780e-07,0.000000e+00,0.000000e+00,0.000000e+00,0.000000e+00,0.000000e+00,0.000000e+00,0.000000e+00,707,901
0.000000e+00,1.366818e-07,2.408685e-07,3.576385e-07,0.000000e+00,0.000000e+00,0.000000e+00,0.000000e+00,0.000000e+00,0.000000e+00,0.000000e+00,708,901
0.000000e+00,-1.696033e-07,-1.322593e-07,5.053025e-07,0.000000e+00,0.000000e+00,0.000000e+00,0.000000e+00,0.000000e+00,0.000000e+00,0.000000e+00,709,901
0.000000e+00,-1.770228e-07,1.614779e-07,4.809776e-07,0.000000e+00,0.000000e+00,0.000000e+00,0.000000e+00,0.000000e+00,0.000000e+00,0.000000e+00,710,901
0.000000e+00,9.642355e-08,-2.405629e-07,4.568739e-07,0.000000e+00,0.000000e+00,0.000000e+00,0.000000e+00,0.000000e+00,0.000000e+00,0.000000e+00,711,901
0.000000e+00,5.738316e-08,-2.098192e-07,2.714352e-07,0.000000e+00,0.000000e+00,0.000000e+00,0.000000e+00,0.000000e+00,0.000000e+00,0.000000e+00,712,901
0.000000e+00,9.279369e-08,5.139662e-08,5.892280e-07,0.000000e+00,0.000000e+00,0.000000e+00,0.000000e+00,0.000000e+00,0.000000e+00,0.000000e+00,713,901
0.000000e+00,-7.652538e-08,-2.057326e-07,5.530650e-07,0.000000e+00,0.000000e+00,0.000000e+00,0.000000e+00,0.000000e+00,0.000000e+00,0.000000e+00,714,901
0.000000e+00,-1.768769e-07,-1.042298e-08,5.217391e-07,0.000000e+00,0.000000e+00,0.000000e+00,0.000000e+00,0.000000e+00,0.000000e+00,0.000000e+00,715,901
0.000000e+00,-4.655011e-08,-1.908827e-07,4.132289e-07,0.000000e+00,0.000000e+00,0.000000e+00,0.000000e+00,0.000000e+00,0.000000e+00,0.000000e+00,716,901
0.000000e+00,5.863140e-08,-6.732929e-08,1.651462e-07,0.000000e+00,0.000000e+00,0.000000e+00,0.000000e+00,0.000000e+00,0.000000e+00,0.000000e+00,717,901
0.000000e+00,2.004474e-07,8.744621e-08,3.257853e-07,0.000000e+00,0.000000e+00,0.000000e+00,0.000000e+00,0.000000e+00,0.000000e+00,0.000000e+00,718,901
0.000000e+00,3.016441e-09,-3.656155e-08,4.706417e-07,0.000000e+00,0.000000e+00,0.000000e+00,0.000000e+00,0.000000e+00,0.000000e+00,0.000000e+00,719,901
0.000000e+00,4.598603e-08,-9.573432e-08,4.279968e-07,0.000000e+00,0.000000e+00,0.000000e+00,0.000000e+00,0.000000e+00,0.000000e+00,0.000000e+00,720,901
0.000000e+00,-1.225655e-08,2.542645e-07,3.559001e-07,0.000000e+00,0.000000e+00,0.000000e+00,0.000000e+00,0.000000e+00,0.000000e+00,0.000000e+00,721,901
0.000000e+00,1.714539e-07,-3.842020e-08,4.709253e-07,0.000000e+00,0.000000e+00,0.000000e+00,0.000000e+00,0.000000e+00,0.000000e+00,0.000000e+00,722,901
0.000000e+00,-7.861041e-08,1.366055e-08,2.489909e-07,0.000000e+00,0.000000e+00,0.000000e+00,0.000000e+00,0.000000e+00,0.000000e+00,0.000000e+00,723,901
0.000000e+00,-1.069540e-07,2.230886e-07,2.951783e-07,0.000000e+00,0.000000e+00,0.000000e+00,0.000000e+00,0.000000e+00,0.000000e+00,0.000000e+00,724,901
0.000000e+00,3.325963e-08,2.518681e-07,4.445807e-07,0.000000e+00,0.000000e+00,0.000000e+00,0.000000e+00,0.000000e+00,0.000000e+00,0.000000e+00,725,901
0.000000e+00,1.016058e-07,-4.273396e-08,2.015190e-07,0.000000e+00,0.000000e+00,0.000000e+00,0.000000e+00,0.000000e+00,0.000000e+00,0.000000e+00,726,901
0.000000e+00,-5.272811e-08,1.081462e-07,3.130973e-07,0.000000e+00,0.000000e+00,0.000000e+00,0.000000e+00,0.000000e+00,0.000000e+00,0.000000e+00,727,901
0.000000e+00,3.616384e-08,1.554022e-07,5.336393e-07,0.000000e+00,0.000000e+00,0.000000e+00,0.000000e+00,0.000000e+00,0.000000e+00,0.000000e+00,728,901
0.000000e+00,-1.614808e-07,2.260177e-07,3.507730e-07,0.000000e+00,0.000000e+00,0.000000e+00,0.000000e+00,0.000000e+00,0.000000e+00,0.000000e+00,729,901
0.000000e+00,-9.202288e-08,-4.037446e-08,2.857427e-07,0.000000e+00,0.000000e+00,0.000000e+00,0.000000e+00,0.000000e+00,0.000000e+00,0.000000e+00,730,901
0.000000e+00,-2.209710e-07,5.871623e-08,5.063603e-07,0.000000e+00,0.000000e+00,0.000000e+00,0.000000e+00,0.000000e+00,0.000000e+00,0.000000e+00,731,901
0.000000e+00,-1.038586e-07,-1.315551e-08,6.072805e-07,0.000000e+00,0.000000e+00,0.000000e+00,0.000000e+00,0.000000e+00,0.000000e+00,0.000000e+00,732,901
0.000000e+00,-1.456665e-07,-6.181866e-08,1.517714e-07,0.000000e+00,0.000000e+00,0.000000e+00,0.000000e+00,0.000000e+00,0.000000e+00,0.000000e+00,733,901
0.000000e+00,1.734394e-07,1.048451e-07,3.800318e-07,0.000000e+00,0.000000e+00,0.000000e+00,0.000000e+00,0.000000e+00,0.000000e+00,0.000000e+00,734,901
0.000000e+00,-2.128183e-07,1.451109e-07,3.473888e-07,0.000000e+00,0.000000e+00,0.000000e+00,0.000000e+00,0.000000e+00,0.000000e+00,0.000000e+00,735,901
0.000000e+00,2.896140e-08,1.839664e-07,2.445630e-07,0.000000e+00,0.000000e+00,0.000000e+00,0.000000e+00,0.000000e+00,0.000000e+00,0.000000e+00,736,901
0.000000e+00,-1.093301e-07,-1.351410e-07,5.529144e-07,0.000000e+00,0.000000e+00,0.000000e+00,0.000000e+00,0.000000e+00,0.000000e+00,0.000000e+00,737,901
0.000000e+00,9.579810e-08,5.908443e-08,3.023559e-07,0.000000e+00,0.000000e+00,0.000000e+00,0.000000e+00,0.000000e+00,0.000000e+00,0.000000e+00,738,901
0.000000e+00,1.520674e-07,4.583180e-08,5.548452e-07,0.000000e+00,0.000000e+00,0.000000e+00,0.000000e+00,0.000000e+00,0.000000e+00,0.000000e+00,739,901
0.000000e+00,-1.074908e-07,-6.091588e-08,1.812821e-07,0.000000e+00,0.000000e+00,0.000000e+00,0.000000e+00,0.000000e+00,0.000000e+00,0.000000e+00,740,901
0.000000e+00,-4.647926e-08,-3.775816e-08,3.438078e-07,0.000000e+00,0.000000e+00,0.000000e+00,0.000000e+00,0.000000e+00,0.000000e+00,0.000000e+00,741,901
0.000000e+00,-1.881030e-07,7.372928e-08,2.396573e-07,0.000000e+00,0.000000e+00,0.000000e+00,0.000000e+00,0.000000e+00,0.000000e+00,0.000000e+00,742,901
0.000000e+00,-9.555890e-08,3.828973e-08,5.679677e-07,0.000000e+00,0.000000e+00,0.000000e+00,0.000000e+00,0.000000e+00,0.000000e+00,0.000000e+00,743,901
0.000000e+00,-1.552973e-07,6.827044e-08,4.014119e-07,0.000000e+00,0.000000e+00,0.000000e+00,0.000000e+00,0.000000e+00,0.000000e+00,0.000000e+00,744,901
0.000000e+00,-1.494265e-07,1.295580e-08,5.255655e-07,0.000000e+00,0.000000e+00,0.000000e+00,0.000000e+00,0.000000e+00,0.000000e+00,0.000000e+00,745,901
0.000000e+00,-1.009657e-07,6.004395e-08,5.353496e-07,0.000000e+00,0.000000e+00,0.000000e+00,0.000000e+00,0.000000e+00,0.000000e+00,0.000000e+00,746,901
0.000000e+00,5.147026e-08,-8.496310e-08,6.716670e-07,0.000000e+00,0.000000e+00,0.000000e+00,0.000000e+00,0.000000e+00,0.000000e+00,0.000000e+00,747,901
0.000000e+00,2.789880e-07,-7.231498e-08,4.612122e-07,0.000000e+00,0.000000e+00,0.000000e+00,0.000000e+00,0.000000e+00,0.000000e+00,0.000000e+00,748,901
0.000000e+00,1.093575e-08,3.169300e-08,1.706856e-07,0.000000e+00,0.000000e+00,0.000000e+00,0.000000e+00,0.000000e+00,0.000000e+00,0.000000e+00,749,901
0.000000e+00,-8.488606e-08,2.438724e-07,3.965814e-07,0.000000e+00,0.000000e+00,0.000000e+00,0.000000e+00,0.000000e+00,0.000000e+00,0.000000e+00,750,901
0.000000e+00,3.204813e-08,6.168961e-08,6.369680e-07,0.000000e+00,0.000000e+00,0.000000e+00,0.000000e+00,0.000000e+00,0.000000e+00,0.000000e+00,751,901
0.000000e+00,5.160220e-08,8.352611e-08,4.883056e-07,0.000000e+00,0.000000e+00,0.000000e+00,0.000000e+00,0.000000e+00,0.000000e+00,0.000000e+00,752,901
0.000000e+00,2.166822e-07,-6.275620e-08,4.285171e-07,0.000000e+00,0.000000e+00,0.000000e+00,0.000000e+00,0.000000e+00,0.000000e+00,0.000000e+00,753,901
0.000000e+00,2.294138e-07,-1.243200e-07,4.337951e-07,0.000000e+00,0.000000e+00,0.000000e+00,0.000000e+00,0.000000e+00,0.000000e+00,0.000000e+00,754,901
0.000000e+00,-2.755703e-08,-1.027594e-07,5.755431e-07,0.000000e+00,0.000000e+00,0.000000e+00,0.000000e+00,0.000000e+00,0.000000e+00,0.000000e+00,755,901
0.000000e+00,1.352978e-08,-3.634252e-08,2.101915e-07,0.000000e+00,0.000000e+00,0.000000e+00,0.000000e+00,0.000000e+00,0.000000e+00,0.000000e+00,756,901
0.000000e+00,4.825679e-08,4.330035e-08,4.294357e-07,0.000000e+00,0.000000e+00,0.000000e+00,0.000000e+00,0.000000e+00,0.000000e+00,0.000000e+00,757,901
0.000000e+00,-1.212955e-08,5.394095e-08,6.022459e-07,0.000000e+00,0.000000e+00,0.000000e+00,0.000000e+00,0.000000e+00,0.000000e+00,0.000000e+00,758,901
0.000000e+00,-1.500717e-07,-1.144753e-07,5.603575e-07,0.000000e+00,0.000000e+00,0.000000e+00,0.000000e+00,0.000000e+00,0.000000e+00,0.000000e+00,759,901
0.000000e+00,-2.370985e-07,-7.413284e-08,5.244856e-07,0.000000e+00,0.000000e+00,0.000000e+00,0.000000e+00,0.000000e+00,0.000000e+00,0.000000e+00,760,901
0.000000e+00,9.556002e-08,1.533332e-07,3.664106e-07,0.000000e+00,0.000000e+00,0.000000e+00,0.000000e+00,0.000000e+00,0.000000e+00,0.000000e+00,761,901
0.000000e+00,-3.188270e-08,2.546384e-07,2.674617e-07,0.000000e+00,0.000000e+00,0.000000e+00,0.000000e+00,0.000000e+00,0.000000e+00,0.000000e+00,762,901
0.000000e+00,3.411899e-08,-9.014713e-08,2.781173e-07,0.000000e+00,0.000000e+00,0.000000e+00,0.000000e+00,0.000000e+00,0.000000e+00,0.000000e+00,763,901
0.000000e+00,2.298933e-07,3.439559e-08,5.095601e-07,0.000000e+00,0.000000e+00,0.000000e+00,0.000000e+00,0.000000e+00,0.000000e+00,0.000000e+00,764,901
0.000000e+00,-4.289264e-09,-1.017387e-07,3.900770e-07,0.000000e+00,0.000000e+00,0.000000e+00,0.000000e+00,0.000000e+00,0.000000e+00,0.000000e+00,765,901
0.000000e+00,1.235341e-08,-2.666608e-07,4.796453e-07,0.000000e+00,0.000000e+00,0.000000e+00,0.000000e+00,0.000000e+00,0.000000e+00,0.000000e+00,766,901
0.000000e+00,1.621314e-07,-6.314596e-08,3.927394e-07,0.000000e+00,0.000000e+00,0.000000e+00,0.000000e+00,0.000000e+00,0.000000e+00,0.000000e+00,767,901
0.000000e+00,4.250252e-08,1.949283e-07,1.822914e-07,0.000000e+00,0.000000e+00,0.000000e+00,0.000000e+00,0.000000e+00,0.000000e+00,0.000000e+00,768,901
0.000000e+00,2.235472e-07,1.369000e-07,4.191704e-07,0.000000e+00,0.000000e+00,0.000000e+00,0.000000e+00,0.000000e+00,0.000000e+00,0.000000e+00,769,901
0.000000e+00,-9.567168e-08,8.152470e-08,2.731476e-07,0.000000e+00,0.000000e+00,0.000000e+00,0.000000e+00,0.000000e+00,0.000000e+00,0.000000e+00,770,901
0.000000e+00,-8.843743e-08,1.463966e-07,3.100347e-07,0.000000e+00,0.000000e+00,0.000000e+00,0.000000e+00,0.000000e+00,0.000000e+00,0.000000e+00,771,901
0.000000e+00,2.151355e-07,-1.373189e-07,4.685558e-07,0.000000e+00,0.000000e+00,0.000000e+00,0.000000e+00,0.000000e+00,0.000000e+00,0.000000e+00,772,901
0.000000e+00,-7.247041e-08,-1.224472e-07,5.182014e-07,0.000000e+00,0.000000e+00,0.000000e+00,0.000000e+00,0.000000e+00,0.000000e+00,0.000000e+00,773,901
0.000000e+00,-1.337248e-08,9.022679e-08,6.301123e-07,0.000000e+00,0.000000e+00,0.000000e+00,0.000000e+00,0.000000e+00,0.000000e+00,0.000000e+00,774,901
0.000000e+00,-1.542290e-07,-2.109060e-07,3.362547e-07,0.000000e+00,0.000000e+00,0.000000e+00,0.000000e+00,0.000000e+00,0.000000e+00,0.000000e+00,775,901
0.000000e+00,-1.293227e-07,9.673301e-08,5.938530e-07,0.000000e+00,0.000000e+00,0.000000e+00,0.000000e+00,0.000000e+00,0.000000e+00,0.000000e+00,776,901
0.000000e+00,-6.974768e-08,1.386962e-07,2.014764e-07,0.000000e+00,0.000000e+00,0.000000e+00,0.000000e+00,0.000000e+00,0.000000e+00,0.000000e+00,777,901
0.000000e+00,-1.228609e-07,2.690737e-08,1.343216e-07,0.000000e+00,0.000000e+00,0.000000e+00,0.000000e+00,0.000000e+00,0.000000e+00,0.000000e+00,778,901
0.000000e+00,-1.088690e-07,-7.831018e-08,3.296405e-07,0.000000e+00,0.000000e+00,0.000000e+00,0.000000e+00,0.000000e+00,0.000000e+00,0.000000e+00,779,901
0.000000e+00,-1.874621e-07,-1.623082e-07,3.251085e-07,0.000000e+00,0.000000e+00,0.000000e+00,0.000000e+00,0.000000e+00,0.000000e+00,0.000000e+00,780,901
0.000000e+00,-6.703566e-08,-9.191820e-08,3.482733e-07,0.000000e+00,0.000000e+00,0.000000e+00,0.000000e+00,0.000000e+00,0.000000e+00,0.000000e+00,781,901
0.000000e+00,1.555261e-07,3.387649e-08,3.812818e-07,0.000000e+00,0.000000e+00,0.000000e+00,0.000000e+00,0.000000e+00,0.000000e+00,0.000000e+00,782,901
0.000000e+00,5.067462e-08,-8.764652e-08,6.619351e-07,0.000000e+00,0.000000e+00,0.000000e+00,0.000000e+00,0.000000e+00,0.000000e+00,0.000000e+00,783,901
0.000000e+00,1.033730e-07,-2.342546e-07,2.678768e-07,0.000000e+00,0.000000e+00,0.000000e+00,0.000000e+00,0.000000e+00,0.000000e+00,0.000000e+00,784,901
0.000000e+00,1.406086e-07,-9.377355e-08,1.962346e-07,0.000000e+00,0.000000e+00,0.000000e+00,0.000000e+00,0.000000e+00,0.000000e+00,0.000000e+00,785,901
0.000000e+00,-1.699582e-07,1.658104e-07,4.040345e-07,0.000000e+00,0.000000e+00,0.000000e+00,0.000000e+00,0.000000e+00,0.000000e+00,0.000000e+00,786,901
0.000000e+00,1.935959e-07,5.555168e-08,2.947322e-07,0.000000e+00,0.000000e+00,0.000000e+00,0.000000e+00,0.000000e+00,0.000000e+00,0.000000e+00,787,901
0.000000e+00,1.594202e-07,-2.625791e-08,5.774221e-07,0.000000e+00,0.000000e+00,0.000000e+00,0.000000e+00,0.000000e+00,0.000000e+00,0.000000e+00,788,901
0.000000e+00,-8.261871e-09,4.456211e-08,1.852546e-07,0.000000e+00,0.000000e+00,0.000000e+00,0.000000e+00,0.000000e+00,0.000000e+00,0.000000e+00,789,901
0.000000e+00,-5.409612e-09,-1.207412e-07,3.560103e-07,0.000000e+00,0.000000e+00,0.000000e+00,0.000000e+00,0.000000e+00,0.000000e+00,0.000000e+00,790,901
0.000000e+00,-2.027988e-09,-2.591642e-07,4.627434e-07,0.000000e+00,0.000000e+00,0.000000e+00,0.000000e+00,0.000000e+00,0.000000e+00,0.000000e+00,791,901
0.000000e+00,-1.413051e-07,6.786636e-08,2.562244e-07,0.000000e+00,0.000000e+00,0.000000e+00,0.000000e+00,0.000000e+00,0.000000e+00,0.000000e+00,792,901
0.000000e+00,-2.337906e-08,5.091545e-08,4.505295e-07,0.000000e+00,0.000000e+00,0.000000e+00,0.000000e+00,0.000000e+00,0.000000e+00,0.000000e+00,793,901
0.000000e+00,7.797003e-08,1.319589e-08,6.700401e-07,0.000000e+00,0.000000e+00,0.000000e+00,0.000000e+00,0.000000e+00,0.000000e+00,0.000000e+00,794,901
0.000000e+00,1.824276e-07,1.496868e-07,3.092485e-07,0.000000e+00,0.000000e+00,0.000000e+00,0.000000e+00,0.000000e+00,0.000000e+00,0.000000e+00,795,901
0.000000e+00,-2.790606e-07,-2.691957e-08,3.012716e-07,0.000000e+00,0.000000e+00,0.000000e+00,0.000000e+00,0.000000e+00,0.000000e+00,0.000000e+00,796,901
0.000000e+00,-1.610236e-07,1.357190e-08,5.969978e-07,0.000000e+00,0.000000e+00,0.000000e+00,0.000000e+00,0.000000e+00,0.000000e+00,0.000000e+00,797,901
0.000000e+00,1.884843e-07,1.671792e-07,4.315373e-07,0.000000e+00,0.000000e+00,0.000000e+00,0.000000e+00,0.000000e+00,0.000000e+00,0.000000e+00,798,901
0.000000e+00,7.849499e-09,4.984234e-08,1.761950e-07,0.000000e+00,0.000000e+00,0.000000e+00,0.000000e+00,0.000000e+00,0.000000e+00,0.000000e+00,799,901
0.000000e+00,3.354624e-08,-1.166741e-07,4.419484e-07,0.000000e+00,0.000000e+00,0.000000e+00,0.000000e+00,0.000000e+00,0.000000e+00,0.000000e+00,800,901
0.000000e+00,1.119137e-07,-6.833217e-08,2.863208e-07,0.000000e+00,0.000000e+00,0.000000e+00,0.000000e+00,0.000000e+00,0.000000e+00,0.000000e+00,801,901
0.000000e+00,2.086053e-07,2.199436e-08,5.441261e-07,0.000000e+00,0.000000e+00,0.000000e+00,0.000000e+00,0.000000e+00,0.000000e+00,0.000000e+00,802,901
0.000000e+00,-7.286306e-08,-2.594928e-07,3.660849e-07,0.000000e+00,0.000000e+00,0.000000e+00,0.000000e+00,0.000000e+00,0.000000e+00,0.000000e+00,803,901
0.000000e+00,-6.730428e-09,2.604901e-07,4.467565e-07,0.000000e+00,0.000000e+00,0.000000e+00,0.000000e+00,0.000000e+00,0.000000e+00,0.000000e+00,804,901
0.000000e+00,-4.935836e-08,6.844674e-08,3.261955e-07,0.000000e+00,0.000000e+00,0.000000e+00,0.000000e+00,0.000000e+00,0.000000e+00,0.000000e+00,805,901
0.000000e+00,7.638602e-08,1.915785e-07,3.493728e-07,0.000000e+00,0.000000e+00,0.000000e+00,0.000000e+00,0.000000e+00,0.000000e+00,0.000000e+00,806,901
0.000000e+00,-1.704442e-07,3.919434e-08,3.404247e-07,0.000000e+00,0.000000e+00,0.000000e+00,0.000000e+00,0.000000e+00,0.000000e+00,0.000000e+00,807,901
0.000000e+00,8.528899e-08,-1.109574e-07,2.525262e-07,0.000000e+00,0.000000e+00,0.000000e+00,0.000000e+00,0.000000e+00,0.000000e+00,0.000000e+00,808,901
0.000000e+00,1.825016e-07,3.052941e-08,4.726292e-07,0.000000e+00,0.000000e+00,0.000000e+00,0.000000e+00,0.000000e+00,0.000000e+00,0.000000e+00,809,901
0.000000e+00,2.726993e-07,1.081679e-07,4.278910e-07,0.000000e+00,0.000000e+00,0.000000e+00,0.000000e+00,0.000000e+00,0.000000e+00,0.000000e+00,810,901
0.000000e+00,-3.401225e-08,2.296285e-07,3.916411e-07,0.000000e+00,0.000000e+00,0.000000e+00,0.000000e+00,0.000000e+00,0.000000e+00,0.000000e+00,811,901
0.000000e+00,-1.563780e-07,-1.201922e-07,6.106548e-07,0.000000e+00,0.000000e+00,0.000000e+00,0.000000e+00,0.000000e+00,0.000000e+00,0.000000e+00,812,901
0.000000e+00,-1.576731e-07,6.508514e-08,2.037603e-07,0.000000e+00,0.000000e+00,0.000000e+00,0.000000e+00,0.000000e+00,0.000000e+00,0.000000e+00,813,901
0.000000e+00,-1.901222e-07,-9.156060e-08,5.752670e-07,0.000000e+00,0.000000e+00,0.000000e+00,0.000000e+00,0.000000e+00,0.000000e+00,0.000000e+00,814,901
0.000000e+00,8.364348e-08,2.698956e-07,3.362747e-07,0.000000e+00,0.000000e+00,0.000000e+00,0.000000e+00,0.000000e+00,0.000000e+00,0.000000e+00,815,901
0.000000e+00,-1.189611e-07,-8.242665e-08,3.944034e-07,0.000000e+00,0.000000e+00,0.000000e+00,0.000000e+00,0.000000e+00,0.000000e+00,0.000000e+00,816,901
0.000000e+00,-2.374960e-07,-1.210133e-07,3.187703e-07,0.000000e+00,0.000000e+00,0.000000e+00,0.000000e+00,0.000000e+00,0.000000e+00,0.000000e+00,817,901
0.000000e+00,1.348971e-07,1.844150e-08,2.925483e-07,0.000000e+00,0.000000e+00,0.000000e+00,0.000000e+00,0.000000e+00,0.000000e+00,0.000000e+00,818,901
0.000000e+00,1.020247e-07,4.700285e-08,3.696818e-07,0.000000e+00,0.000000e+00,0.000000e+00,0.000000e+00,0.000000e+00,0.000000e+00,0.000000e+00,819,901
0.000000e+00,1.420664e-07,1.466269e-07,2.004672e-07,0.000000e+00,0.000000e+00,0.000000e+00,0.000000e+00,0.000000e+00,0.000000e+00,0.000000e+00,820,901
0.000000e+00,-1.039321e-07,-7.837232e-08,5.259062e-07,0.000000e+00,0.000000e+00,0.000000e+00,0.000000e+00,0.000000e+00,0.000000e+00,0.000000e+00,821,901
0.000000e+00,-1.446259e-07,2.812344e-08,4.224998e-07,0.000000e+00,0.000000e+00,0.000000e+00,0.000000e+00,0.000000e+00,0.000000e+00,0.000000e+00,822,901
0.000000e+00,1.322957e-07,5.983320e-08,2.335199e-07,0.000000e+00,0.000000e+00,0.000000e+00,0.000000e+00,0.000000e+00,0.000000e+00,0.000000e+00,823,901
0.000000e+00,5.243859e-08,-1.989977e-07,2.870289e-07,0.000000e+00,0.000000e+00,0.000000e+00,0.000000e+00,0.000000e+00,0.000000e+00,0.000000e+00,824,901
0.000000e+00,-1.029994e-07,-6.979953e-08,1.470410e-07,0.000000e+00,0.000000e+00,0.000000e+00,0.000000e+00,0.000000e+00,0.000000e+00,0.000000e+00,825,901
0.000000e+00,-2.139047e-08,-2.179551e-07,4.005345e-07,0.000000e+00,0.000000e+00,0.000000e+00,0.000000e+00,0.000000e+00,0.000000e+00,0.000000e+00,826,901
0.000000e+00,1.223396e-07,-4.877011e-08,3.054927e-07,0.000000e+00,0.000000e+00,0.000000e+00,0.000000e+00,0.000000e+00,0.000000e+00,0.000000e+00,827,901
0.000000e+00,-5.153278e-09,-1.265441e-07,4.223288e-07,0.000000e+00,0.000000e+00,0.000000e+00,0.000000e+00,0.000000e+00,0.000000e+00,0.000000e+00,828,901
0.000000e+00,-1.140175e-07,1.043697e-07,4.916627e-07,0.000000e+00,0.000000e+00,0.000000e+00,0.000000e+00,0.000000e+00,0.000000e+00,0.000000e+00,829,901
0.000000e+00,3.639527e-08,2.487523e-08,5.119887e-07,0.000000e+00,0.000000e+00,0.000000e+00,0.000000e+00,0.000000e+00,0.000000e+00,0.000000e+00,830,901
0.000000e+00,1.574008e-07,5.419688e-08,4.567870e-07,0.000000e+00,0.000000e+00,0.000000e+00,0.000000e+00,0.000000e+00,0.000000e+00,0.000000e+00,831,901
0.000000e+00,-2.633898e-07,9.770024e-08,4.585179e-07,0.000000e+00,0.000000e+00,0.000000e+00,0.000000e+00,0.000000e+00,0.000000e+00,0.000000e+00,832,901
0.000000e+00,-1.158122e-07,7.273915e-09,1.254292e-07,0.000000e+00,0.000000e+00,0.000000e+00,0.000000e+00,0.000000e+00,0.000000e+00,0.000000e+00,833,901
0.000000e+00,6.200133e-08,4.464916e-08,4.968220e-07,0.000000e+00,0.000000e+00,0.000000e+00,0.000000e+00,0.000000e+00,0.000000e+00,0.000000e+00,834,901
0.000000e+00,-6.544680e-08,-4.972078e-08,3.804338e-07,0.000000e+00,0.000000e+00,0.000000e+00,0.000000e+00,0.000000e+00,0.000000e+00,0.000000e+00,835,901
0.000000e+00,-1.360160e-07,-3.938246e-08,3.772112e-07,0.000000e+00,0.000000e+00,0.000000e+00,0.000000e+00,0.000000e+00,0.000000e+00,0.000000e+00,836,901
0.000000e+00,1.199871e-07,-1.645219e-08,5.767353e-07,0.000000e+00,0.000000e+00,0.000000e+00,0.000000e+00,0.000000e+00,0.000000e+00,0.000000e+00,837,901
0.000000e+00,-1.877445e-07,6.023682e-08,3.615398e-07,0.000000e+00,0.000000e+00,0.000000e+00,0.000000e+00,0.000000e+00,0.000000e+00,0.000000e+00,838,901
0.000000e+00,-5.278362e-08,5.661635e-08,5.973406e-07,0.000000e+00,0.000000e+00,0.000000e+00,0.000000e+00,0.000000e+00,0.000000e+00,0.000000e+00,839,901
0.000000e+00,2.244863e-07,9.207043e-08,3.264241e-07,0.000000e+00,0.000000e+00,0.000000e+00,0.000000e+00,0.000000e+00,0.000000e+00,0.000000e+00,840,901
0.000000e+00,2.818084e-08,-2.147796e-07,3.900060e-07,0.000000e+00,0.000000e+00,0.000000e+00,0.000000e+00,0.000000e+00,0.000000e+00,0.000000e+00,841,901
0.000000e+00,9.441348e-08,-8.192875e-08,3.842022e-07,0.000000e+00,0.000000e+00,0.000000e+00,0.000000e+00,0.000000e+00,0.000000e+00,0.000000e+00,842,901
0.000000e+00,2.224031e-07,6.632654e-08,3.291152e-07,0.000000e+00,0.000000e+00,0.000000e+00,0.000000e+00,0.000000e+00,0.000000e+00,0.000000e+00,843,901
0.000000e+00,2.588355e-08,-2.061625e-08,5.816476e-07,0.000000e+00,0.000000e+00,0.000000e+00,0.000000e+00,0.000000e+00,0.000000e+00,0.000000e+00,844,901
0.000000e+00,-1.205079e-07,1.153848e-07,2.401973e-07,0.000000e+00,0.000000e+00,0.000000e+00,0.000000e+00,0.000000e+00,0.000000e+00,0.000000e+00,845,901
0.000000e+00,-1.432626e-07,-9.825626e-08,2.743890e-07,0.000000e+00,0.000000e+00,0.000000e+00,0.000000e+00,0.000000e+00,0.000000e+00,0.000000e+00,846,901
0.000000e+00,1.035181e-07,-3.113107e-08,3.018917e-07,0.000000e+00,0.000000e+00,0.000000e+00,0.000000e+00,0.000000e+00,0.000000e+00,0.000000e+00,847,901
0.000000e+00,-6.524499e-08,1.008328e-07,4.259444e-07,0.000000e+00,0.000000e+00,0.000000e+00,0.000000e+00,0.000000e+00,0.000000e+00,0.000000e+00,848,901
0.000000e+00,-1.935204e-07,-6.164111e-08,1.965458e-07,0.000000e+00,0.000000e+00,0.000000e+00,0.000000e+00,0.000000e+00,0.000000e+00,0.000000e+00,849,901
0.000000e+00,1.580458e-07,9.748649e-08,4.315523e-07,0.000000e+00,0.000000e+00,0.000000e+00,0.000000e+00,0.000000e+00,0.000000e+00,0.000000e+00,850,901
0.000000e+00,-1.299255e-07,-2.468335e-08,5.524962e-07,0.000000e+00,0.000000e+00,0.000000e+00,0.000000e+00,0.000000e+00,0.000000e+00,0.000000e+00,851,901
0.000000e+00,-1.916867e-07,-1.984859e-08,2.593080e-07,0.000000e+00,0.000000e+00,0.000000e+00,0.000000e+00,0.000000e+00,0.000000e+00,0.000000e+00,852,901
0.000000e+00,2.338015e-07,-9.793756e-08,4.212771e-07,0.000000e+00,0.000000e+00,0.000000e+00,0.000000e+00,0.000000e+00,0.000000e+00,0.000000e+00,853,901
0.000000e+00,-1.741979e-07,-6.744816e-08,2.746844e-07,0.000000e+00,0.000000e+00,0.000000e+00,0.000000e+00,0.000000e+00,0.000000e+00,0.000000e+00,854,901
0.000000e+00,-1.166774e-07,1.330090e-07,2.424890e-07,0.000000e+00,0.000000e+00,0.000000e+00,0.000000e+00,0.000000e+00,0.000000e+00,0.000000e+00,855,901
0.000000e+00,-3.509382e-08,2.784729e-07,3.234060e-07,0.000000e+00,0.000000e+00,0.000000e+00,0.000000e+00,0.000000e+00,0.000000e+00,0.000000e+00,856,901
0.000000e+00,-5.950040e-08,-1.751564e-08,2.300042e-07,0.000000e+00,0.000000e+00,0.000000e+00,0.000000e+00,0.000000e+00,0.000000e+00,0.000000e+00,857,901
0.000000e+00,1.782063e-07,3.520376e-08,2.520544e-07,0.000000e+00,0.000000e+00,0.000000e+00,0.000000e+00,0.000000e+00,0.000000e+00,0.000000e+00,858,901
0.000000e+00,7.194810e-08,-6.919179e-08,1.202203e-07,0.000000e+00,0.000000e+00,0.000000e+00,0.000000e+00,0.000000e+00,0.000000e+00,0.000000e+00,859,901
0.000000e+00,1.324220e-07,-1.791958e-07,4.225694e-07,0.000000e+00,0.000000e+00,0.000000e+00,0.000000e+00,0.000000e+00,0.000000e+00,0.000000e+00,860,901
0.000000e+00,-3.868350e-08,-2.083197e-07,4.217781e-07,0.000000e+00,0.000000e+00,0.000000e+00,0.000000e+00,0.000000e+00,0.000000e+00,0.000000e+00,861,901
0.000000e+00,-1.892751e-07,1.646090e-07,4.291336e-07,0.000000e+00,0.000000e+00,0.000000e+00,0.000000e+00,0.000000e+00,0.000000e+00,0.000000e+00,862,901
0.000000e+00,-1.282364e-07,-1.555939e-07,5.535427e-07,0.000000e+00,0.000000e+00,0.000000e+00,0.000000e+00,0.000000e+00,0.000000e+00,0.000000e+00,863,901
0.000000e+00,-1.439101e-07,-9.684505e-08,2.268781e-07,0.000000e+00,0.000000e+00,0.000000e+00,0.000000e+00,0.000000e+00,0.000000e+00,0.000000e+00,864,901
0.000000e+00,1.415387e-08,2.676731e-07,3.753335e-07,0.000000e+00,0.000000e+00,0.000000e+00,0.000000e+00,0.000000e+00,0.000000e+00,0.000000e+00,865,901
0.000000e+00,1.350661e-07,-2.798505e-08,3.853086e-07,0.000000e+00,0.000000e+00,0.000000e+00,0.000000e+00,0.000000e+00,0.000000e+00,0.000000e+00,866,901
0.000000e+00,-5.897357e-08,-5.041072e-08,6.100430e-07,0.000000e+00,0.000000e+00,0.000000e+00,0.000000e+00,0.000000e+00,0.000000e+00,0.000000e+00,867,901
0.000000e+00,-1.141035e-07,1.650666e-07,3.679939e-07,0.000000e+00,0.000000e+00,0.000000e+00,0.000000e+00,0.000000e+00,0.000000e+00,0.000000e+00,868,901
0.000000e+00,-7.444218e-08,-5.107479e-08,2.256460e-07,0.000000e+00,0.000000e+00,0.000000e+00,0.000000e+00,0.000000e+00,0.000000e+00,0.000000e+00,869,901
0.000000e+00,1.817042e-07,1.153234e-07,5.130189e-07,0.000000e+00,0.000000e+00,0.000000e+00,0.000000e+00,0.000000e+00,0.000000e+00,0.000000e+00,870,901
0.000000e+00,-1.288627e-08,1.854200e-08,2.426958e-07,0.000000e+00,0.000000e+00,0.000000e+00,0.000000e+00,0.000000e+00,0.000000e+00,0.000000e+00,871,901
0.000000e+00,-2.273666e-07,-5.436587e-08,5.482626e-07,0.000000e+00,0.000000e+00,0.000000e+00,0.000000e+00,0.000000e+00,0.000000e+00,0.000000e+00,872,901
0.000000e+00,-2.254614e-08,-7.375245e-08,4.018708e-07,0.000000e+00,0.000000e+00,0.000000e+00,0.000000e+00,0.000000e+00,0.000000e+00,0.000000e+00,873,901
0.000000e+00,-1.964452e-07,8.234434e-08,5.287867e-07,0.000000e+00,0.000000e+00,0.000000e+00,0.000000e+00,0.000000e+00,0.000000e+00,0.000000e+00,874,901
0.000000e+00,7.048678e-08,1.529097e-07,5.487122e-07,0.000000e+00,0.000000e+00,0.000000e+00,0.000000e+00,0.000000e+00,0.000000e+00,0.000000e+00,875,901
0.000000e+00,-5.073388e-08,-4.036200e-08,6.556777e-07,0.000000e+00,0.000000e+00,0.000000e+00,0.000000e+00,0.000000e+00,0.000000e+00,0.000000e+00,876,901
0.000000e+00,-1.739540e-08,2.609608e-07,4.671286e-07,0.000000e+00,0.000000e+00,0.000000e+00,0.000000e+00,0.000000e+00,0.000000e+00,0.000000e+00,877,901
0.000000e+00,-1.516245e-07,-1.176103e-07,4.224198e-07,0.000000e+00,0.000000e+00,0.000000e+00,0.000000e+00,0.000000e+00,0.000000e+00,0.000000e+00,878,901
0.000000e+00,-1.655547e-08,-3.950058e-08,4.092385e-07,0.000000e+00,0.000000e+00,0.000000e+00,0.000000e+00,0.000000e+00,0.000000e+00,0.000000e+00,879,901
0.000000e+00,-1.465228e-07,-2.283615e-07,3.829470e-07,0.000000e+00,0.000000e+00,0.000000e+00,0.000000e+00,0.000000e+00,0.000000e+00,0.000000e+00,880,901
0.000000e+00,6.312630e-08,1.168715e-07,4.908848e-07,0.000000e+00,0.000000e+00,0.000000e+00,0.000000e+00,0.000000e+00,0.000000e+00,0.000000e+00,881,901
0.000000e+00,2.508458e-07,2.952979e-08,4.731095e-07,0.000000e+00,0.000000e+00,0.000000e+00,0.000000e+00,0.000000e+00,0.000000e+00,0.000000e+00,882,901
0.000000e+00,4.386926e-08,1.436087e-08,3.571569e-07,0.000000e+00,0.000000e+00,0.000000e+00,0.000000e+00,0.000000e+00,0.000000e+00,0.000000e+00,883,901
0.000000e+00,-1.809172e-07,-2.898376e-08,1.737606e-07,0.000000e+00,0.000000e+00,0.000000e+00,0.000000e+00,0.000000e+00,0.000000e+00,0.000000e+00,884,901
0.000000e+00,1.520103e-07,1.603819e-07,3.531932e-07,0.000000e+00,0.000000e+00,0.000000e+00,0.000000e+00,0.000000e+00,0.000000e+00,0.000000e+00,885,901
0.000000e+00,-8.472725e-08,2.470962e-07,4.158953e-07,0.000000e+00,0.000000e+00,0.000000e+00,0.000000e+00,0.000000e+00,0.000000e+00,0.000000e+00,886,901
0.000000e+00,-9.050940e-08,1.688855e-07,5.732996e-07,0.000000e+00,0.000000e+00,0.000000e+00,0.000000e+00,0.000000e+00,0.000000e+00,0.000000e+00,887,901
0.000000e+00,1.263610e-08,-1.160622e-07,1.420133e-07,0.000000e+00,0.000000e+00,0.000000e+00,0.000000e+00,0.000000e+00,0.000000e+00,0.000000e+00,888,901
0.000000e+00,-4.218584e-08,-6.581425e-08,4.689361e-07,0.000000e+00,0.000000e+00,0.000000e+00,0.000000e+00,0.000000e+00,0.000000e+00,0.000000e+00,889,901
0.000000e+00,-9.192207e-08,2.496335e-08,2.189766e-07,0.000000e+00,0.000000e+00,0.000000e+00,0.000000e+00,0.000000e+00,0.000000e+00,0.000000e+00,890,901
0.000000e+00,-1.201856e-08,1.748416e-07,1.855486e-07,0.000000e+00,0.000000e+00,0.000000e+00,0.000000e+00,0.000000e+00,0.000000e+00,0.000000e+00,891,901
0.000000e+00,6.182046e-09,-8.646050e-08,3.114664e-07,0.000000e+00,0.000000e+00,0.000000e+00,0.000000e+00,0.000000e+00,0.000000e+00,0.000000e+00,892,901
0.000000e+00,2.349022e-08,-1.226587e-07,3.743598e-07,0.000000e+00,0.000000e+00,0.000000e+00,0.000000e+00,0.000000e+00,0.000000e+00,0.000000e+00,893,901
0.000000e+00,2.180430e-08,-1.320832e-07,3.702217e-07,0.000000e+00,0.000000e+00,0.000000e+00,0.000000e+00,0.000000e+00,0.000000e+00,0.000000e+00,894,901
0.000000e+00,-7.921909e-09,-1.198019e-07,3.348160e-07,0.000000e+00,0.000000e+00,0.000000e+00,0.000000e+00,0.000000e+00,0.000000e+00,0.000000e+00,895,901
0.000000e+00,-6.865008e-08,1.349922e-08,5.819236e-07,0.000000e+00,0.000000e+00,0.000000e+00,0.000000e+00,0.000000e+00,0.000000e+00,0.000000e+00,896,901
0.000000e+00,7.300506e-08,-8.378287e-09,5.424663e-07,0.000000e+00,0.000000e+00,0.000000e+00,0.000000e+00,0.000000e+00,0.000000e+00,0.000000e+00,897,901
0.000000e+00,1.906851e-07,5.107991e-08,4.387633e-07,0.000000e+00,0.000000e+00,0.000000e+00,0.000000e+00,0.000000e+00,0.000000e+00,0.000000e+00,898,901
0.000000e+00,-2.645947e-08,3.231645e-08,4.651459e-07,0.000000e+00,0.000000e+00,0.000000e+00,0.000000e+00,0.000000e+00,0.000000e+00,0.000000e+00,899,901
0.000000e+00,1.449759e-07,1.889107e-08,3.566748e-07,0.000000e+00,0.000000e+00,0.000000e+00,0.000000e+00,0.000000e+00,0.000000e+00,0.000000e+00,900,901
0.000000e+00,5.944281e-08,2.186792e-07,3.297111e-07,0.000000e+00,0.000000e+00,0.000000e+00,0.000000e+00,0.000000e+00,0.000000e+00,0.000000e+00,901,901
0.000000e+00,1.066895e-07,1.081101e-07,6.124659e-07,0.000000e+00,0.000000e+00,0.000000e+00,0.000000e+00,0.000000e+00,0.000000e+00,0.000000e+00,902,901
0.000000e+00,6.637481e-08,5.212462e-08,6.578508e-07,0.000000e+00,0.000000e+00,0.000000e+00,0.000000e+00,0.000000e+00,0.000000e+00,0.000000e+00,903,901
0.000000e+00,-2.334574e-07,-2.144579e-09,5.749492e-07,0.000000e+00,0.000000e+00,0.000000e+00,0.000000e+00,0.000000e+00,0.000000e+00,0.000000e+00,904,901
0.000000e+00,-2.682282e-08,2.242389e-07,3.752496e-07,0.000000e+00,0.000000e+00,0.000000e+00,0.000000e+00,0.000000e+00,0.000000e+00,0.000000e+00,905,901
0.000000e+00,-3.923561e-08,-2.281775e-07,3.913988e-07,0.000000e+00,0.000000e+00,0.000000e+00,0.000000e+00,0.000000e+00,0.000000e+00,0.000000e+00,906,901
0.000000e+00,1.212081e-07,2.071851e-08,1.544372e-07,0.000000e+00,0.000000e+00,0.000000e+00,0.000000e+00,0.000000e+00,0.000000e+00,0.000000e+00,907,901
0.000000e+00,-1.194071e-07,1.873706e-07,2.296405e-07,0.000000e+00,0.000000e+00,0.000000e+00,0.000000e+00,0.000000e+00,0.000000e+00,0.000000e+00,908,901
0.000000e+00,-2.284385e-07,1.409630e-08,5.077172e-07,0.000000e+00,0.000000e+00,0.000000e+00,0.000000e+00,0.000000e+00,0.000000e+00,0.000000e+00,909,901
0.000000e+00,-1.689619e-07,3.191053e-08,4.249815e-07,0.000000e+00,0.000000e+00,0.000000e+00,0.000000e+00,0.000000e+00,0.000000e+00,0.000000e+00,910,901
0.000000e+00,-1.306558e-07,1.125664e-07,2.797975e-07,0.000000e+00,0.000000e+00,0.000000e+00,0.000000e+00,0.000000e+00,0.000000e+00,0.000000e+00,911,901
0.000000e+00,-1.463237e-08,-9.706328e-08,4.024059e-07,0.000000e+00,0.000000e+00,0.000000e+00,0.000000e+00,0.000000e+00,0.000000e+00,0.000000e+00,912,901
0.000000e+00,-9.026790e-08,-8.573649e-09,4.973789e-07,0.000000e+00,0.000000e+00,0.000000e+00,0.000000e+00,0.000000e+00,0.000000e+00,0.000000e+00,913,901
0.000000e+00,1.303449e-07,1.110490e-07,3.030400e-07,0.000000e+00,0.000000e+00,0.000000e+00,0.000000e+00,0.000000e+00,0.000000e+00,0.000000e+00,914,901
0.000000e+00,3.174045e-08,-1.425591e-08,4.511541e-07,0.000000e+00,0.000000e+00,0.000000e+00,0.000000e+00,0.000000e+00,0.000000e+00,0.000000e+00,915,901
0.000000e+00,-2.132529e-08,-6.864682e-08,2.129764e-07,0.000000e+00,0.000000e+00,0.000000e+00,0.000000e+00,0.000000e+00,0.000000e+00,0.000000e+00,916,901
0.000000e+00,-9.146952e-08,9.859789e-08,1.491568e-07,0.000000e+00,0.000000e+00,0.000000e+00,0.000000e+00,0.000000e+00,0.000000e+00,0.000000e+00,917,901
0.000000e+00,-8.936147e-08,4.517682e-08,1.892383e-07,0.000000e+00,0.000000e+00,0.000000e+00,0.000000e+00,0.000000e+00,0.000000e+00,0.000000e+00,918,901
0.000000e+00,7.388480e-08,1.278445e-07,4.308332e-07,0.000000e+00,0.000000e+00,0.000000e+00,0.000000e+00,0.000000e+00,0.000000e+00,0.000000e+00,919,901
0.000000e+00,1.152190e-07,1.279459e-07,5.063436e-07,0.000000e+00,0.000000e+00,0.000000e+00,0.000000e+00,0.000000e+00,0.000000e+00,0.000000e+00,920,901
0.000000e+00,7.396092e-08,-1.109367e-07,6.517502e-07,0.000000e+00,0.000000e+00,0.000000e+00,0.000000e+00,0.000000e+00,0.000000e+00,0.000000e+00,921,901
0.000000e+00,-2.634018e-07,-9.800912e-08,4.032876e-07,0.000000e+00,0.000000e+00,0.000000e+00,0.000000e+00,0.000000e+00,0.000000e+00,0.000000e+00,922,901
0.000000e+00,5.620280e-09,1.554064e-07,2.015450e-07,0.000000e+00,0.000000e+00,0.000000e+00,0.000000e+00,0.000000e+00,0.000000e+00,0.000000e+00,923,901
0.000000e+00,2.550576e-07,3.539711e-08,3.778763e-07,0.000000e+00,0.000000e+00,0.000000e+00,0.000000e+00,0.000000e+00,0.000000e+00,0.000000e+00,924,901
0.000000e+00,-2.589388e-08,1.623545e-07,5.482237e-07,0.000000e+00,0.000000e+00,0.000000e+00,0.000000e+00,0.000000e+00,0.000000e+00,0.000000e+00,925,901
0.000000e+00,6.072300e-08,-2.413779e-07,5.398051e-07,0.000000e+00,0.000000e+00,0.000000e+00,0.000000e+00,0.000000e+00,0.000000e+00,0.000000e+00,926,901
0.000000e+00,4.588404e-09,3.478391e-08,4.819409e-07,0.000000e+00,0.000000e+00,0.000000e+00,0.000000e+00,0.000000e+00,0.000000e+00,0.000000e+00,927,901
0.000000e+00,-1.488637e-07,-1.309117e-07,2.439018e-07,0.000000e+00,0.000000e+00,0.000000e+00,0.000000e+00,0.000000e+00,0.000000e+00,0.000000e+00,928,901
0.000000e+00,-3.217227e-09,3.745687e-08,6.882109e-07,0.000000e+00,0.000000e+00,0.000000e+00,0.000000e+00,0.000000e+00,0.000000e+00,0.000000e+00,929,901
0.000000e+00,-1.178315e-07,1.297195e-07,3.942262e-07,0.000000e+00,0.000000e+00,0.000000e+00,0.000000e+00,0.000000e+00,0.000000e+00,0.000000e+00,930,901
0.000000e+00,-6.884386e-08,-4.390255e-08,4.441153e-07,0.000000e+00,0.000000e+00,0.000000e+00,0.000000e+00,0.000000e+00,0.000000e+00,0.000000e+00,931,901
0.000000e+00,1.551776e-07,3.522974e-08,5.050223e-07,0.000000e+00,0.000000e+00,0.000000e+00,0.000000e+00,0.000000e+00,0.000000e+00,0.000000e+00,932,901
0.000000e+00,2.634544e-07,-8.148027e-09,3.605670e-07,0.000000e+00,0.000000e+00,0.000000e+00,0.000000e+00,0.000000e+00,0.000000e+00,0.000000e+00,933,901
0.000000e+00,1.670399e-07,-7.940696e-08,4.438996e-07,0.000000e+00,0.000000e+00,0.000000e+00,0.000000e+00,0.000000e+00,0.000000e+00,0.000000e+00,934,901
0.000000e+00,-1.154640e-07,1.405286e-07,2.203339e-07,0.000000e+00,0.000000e+00,0.000000e+00,0.000000e+00,0.000000e+00,0.000000e+00,0.000000e+00,935,901
0.000000e+00,8.922948e-08,1.675687e-07,2.692228e-07,0.000000e+00,0.000000e+00,0.000000e+00,0.000000e+00,0.000000e+00,0.000000e+00,0.000000e+00,936,901
0.000000e+00,1.681082e-08,2.284506e-07,3.426860e-07,0.000000e+00,0.000000e+00,0.000000e+00,0.000000e+00,0.000000e+00,0.000000e+00,0.000000e+00,937,901
0.000000e+00,8.997654e-08,-2.134795e-07,4.806349e-07,0.000000e+00,0.000000e+00,0.000000e+00,0.000000e+00,0.000000e+00,0.000000e+00,0.000000e+00,938,901
0.000000e+00,-4.110601e-08,-7.081832e-08,2.942591e-07,0.000000e+00,0.000000e+00,0.000000e+00,0.000000e+00,0.000000e+00,0.000000e+00,0.000000e+00,939,901
0.000000e+00,-2.376559e-07,2.207343e-08,5.699061e-07,0.000000e+00,0.000000e+00,0.000000e+00,0.000000e+00,0.000000e+00,0.000000e+00,0.000000e+00,940,901
0.000000e+00,2.154135e-07,-4.067422e-08,4.517485e-07,0.000000e+00,0.000000e+00,0.000000e+00,0.000000e+00,0.000000e+00,0.000000e+00,0.000000e+00,941,901
0.000000e+00,1.267973e-07,2.390904e-07,3.706378e-07,0.000000e+00,0.000000e+00,0.000000e+00,0.000000e+00,0.000000e+00,0.000000e+00,0.000000e+00,942,901
0.000000e+00,-1.997862e-07,2.201515e-08,5.136901e-07,0.000000e+00,0.000000e+00,0.000000e+00,0.000000e+00,0.000000e+00,0.000000e+00,0.000000e+00,943,901
0.000000e+00,1.416416e-07,9.642511e-08,2.148256e-07,0.000000e+00,0.000000e+00,0.000000e+00,0.000000e+00,0.000000e+00,0.000000e+00,0.000000e+00,944,901
0.000000e+00,6.689241e-08,-2.452190e-07,2.907256e-07,0.000000e+00,0.000000e+00,0.000000e+00,0.000000e+00,0.000000e+00,0.000000e+00,0.000000e+00,945,901
0.000000e+00,9.830007e-08,-2.582654e-07,3.435775e-07,0.000000e+00,0.000000e+00,0.000000e+00,0.000000e+00,0.000000e+00,0.000000e+00,0.000000e+00,946,901
0.000000e+00,1.212701e-07,-1.493594e-07,3.097602e-07,0.000000e+00,0.000000e+00,0.000000e+00,0.000000e+00,0.000000e+00,0.000000e+00,0.000000e+00,947,901
0.000000e+00,2.326092e-08,-7.605508e-08,1.691850e-07,0.000000e+00,0.000000e+00,0.000000e+00,0.000000e+00,0.000000e+00,0.000000e+00,0.000000e+00,948,901
0.000000e+00,-1.344515e-07,1.842811e-07,4.440378e-07,0.000000e+00,0.000000e+00,0.000000e+00,0.000000e+00,0.000000e+00,0.000000e+00,0.000000e+00,949,901
0.000000e+00,1.838998e-07,1.343478e-07,3.263969e-07,0.000000e+00,0.000000e+00,0.000000e+00,0.000000e+00,0.000000e+00,0.000000e+00,0.000000e+00,950,901
0.000000e+00,-1.911471e-07,-2.981264e-08,2.508051e-07,0.000000e+00,0.000000e+00,0.000000e+00,0.000000e+00,0.000000e+00,0.000000e+00,0.000000e+00,951,901
0.000000e+00,4.924952e-08,-1.780196e-07,4.880293e-07,0.000000e+00,0.000000e+00,0.000000e+00,0.000000e+00,0.000000e+00,0.000000e+00,0.000000e+00,952,901
0.000000e+00,-2.355990e-07,5.180540e-08,2.958054e-07,0.000000e+00,0.000000e+00,0.000000e+00,0.000000e+00,0.000000e+00,0.000000e+00,0.000000e+00,953,901
0.000000e+00,-1.015453e-07,-2.755615e-08,5.031589e-07,0.000000e+00,0.000000e+00,0.000000e+00,0.000000e+00,0.000000e+00,0.000000e+00,0.000000e+00,954,901
0.000000e+00,-1.382965e-07,5.323354e-08,3.317695e-07,0.000000e+00,0.000000e+00,0.000000e+00,0.000000e+00,0.000000e+00,0.000000e+00,0.000000e+00,955,901
0.000000e+00,-7.768501e-08,-2.833315e-08,1.713195e-07,0.000000e+00,0.000000e+00,0.000000e+00,0.000000e+00,0.000000e+00,0.000000e+00,0.000000e+00,956,901
0.000000e+00,-6.863953e-08,2.266957e-07,5.272983e-07,0.000000e+00,0.000000e+00,0.000000e+00,0.000000e+00,0.000000e+00,0.000000e+00,0.000000e+00,957,901
0.000000e+00,-6.296250e-08,1.580453e-07,6.057518e-07,0.000000e+00,0.000000e+00,0.000000e+00,0.000000e+00,0.000000e+00,0.000000e+00,0.000000e+00,958,901
0.000000e+00,8.508306e-08,-7.404701e-09,4.110141e-07,0.000000e+00,0.000000e+00,0.000000e+00,0.000000e+00,0.000000e+00,0.000000e+00,0.000000e+00,959,901
0.000000e+00,-9.156987e-08,2.462248e-07,3.219034e-07,0.000000e+00,0.000000e+00,0.000000e+00,0.000000e+00,0.000000e+00,0.000000e+00,0.000000e+00,960,901
0.000000e+00,3.700674e-08,8.396244e-08,5.817417e-07,0.000000e+00,0.000000e+00,0.000000e+00,0.000000e+00,0.000000e+00,0.000000e+00,0.000000e+00,961,901
0.000000e+00,-1.150559e-07,-1.505548e-07,3.921975e-07,0.000000e+00,0.000000e+00,0.000000e+00,0.000000e+00,0.000000e+00,0.000000e+00,0.000000e+00,962,901
0.000000e+00,1.258755e-07,1.432452e-07,2.350633e-07,0.000000e+00,0.000000e+00,0.000000e+00,0.000000e+00,0.000000e+00,0.000000e+00,0.000000e+00,963,901
0.000000e+00,-3.075593e-08,-1.717021e-07,2.993316e-07,0.000000e+00,0.000000e+00,0.000000e+00,0.000000e+00,0.000000e+00,0.000000e+00,0.000000e+00,964,901
0.000000e+00,-2.869752e-08,-2.908129e-08,1.740559e-07,0.000000e+00,0.000000e+00,0.000000e+00,0.000000e+00,0.000000e+00,0.000000e+00,0.000000e+00,965,901
0.000000e+00,1.924230e-08,5.541411e-08,1.322762e-07,0.000000e+00,0.000000e+00,0.000000e+00,0.000000e+00,0.000000e+00,0.000000e+00,0.000000e+00,966,901
0.000000e+00,-8.713510e-08,-6.550617e-08,3.734401e-07,0.000000e+00,0.000000e+00,0.000000e+00,0.000000e+00,0.000000e+00,0.000000e+00,0.000000e+00,967,901
0.000000e+00,-4.421674e-08,2.470451e-07,3.735339e-07,0.000000e+00,0.000000e+00,0.000000e+00,0.000000e+00,0.000000e+00,0.000000e+00,0.000000e+00,968,901
0.000000e+00,-2.185428e-07,-1.686304e-07,2.925808e-07,0.000000e+00,0.000000e+00,0.000000e+00,0.000000e+00,0.000000e+00,0.000000e+00,0.000000e+00,969,901
0.000000e+00,-2.037543e-07,7.724083e-08,4.737998e-07,0.000000e+00,0.000000e+00,0.000000e+00,0.000000e+00,0.000000e+00,0.000000e+00,0.000000e+00,970,901
0.000000e+00,-7.447668e-08,-1.750072e-07,4.936178e-07,0.000000e+00,0.000000e+00,0.000000e+00,0.000000e+00,0.000000e+00,0.000000e+00,0.000000e+00,971,901
0.000000e+00,1.538178e-07,5.729266e-08,6.293016e-07,0.000000e+00,0.000000e+00,0.000000e+00,0.000000e+00,0.000000e+00,0.000000e+00,0.000000e+00,972,901
0.000000e+00,-8.121642e-09,-2.678740e-07,3.069149e-07,0.000000e+00,0.000000e+00,0.000000e+00,0.000000e+00,0.000000e+00,0.000000e+00,0.000000e+00,973,901
0.000000e+00,-2.564407e-08,1.667503e-07,2.094412e-07,0.000000e+00,0.000000e+00,0.000000e+00,0.000000e+00,0.000000e+00,0.000000e+00,0.000000e+00,974,901
0.000000e+00,2.241987e-08,5.321593e-08,1.501136e-07,0.000000e+00,0.000000e+00,0.000000e+00,0.000000e+00,0.000000e+00,0.000000e+00,0.000000e+00,975,901
0.000000e+00,5.601445e-08,2.352824e-07,3.055498e-07,0.000000e+00,0.000000e+00,0.000000e+00,0.000000e+00,0.000000e+00,0.000000e+00,0.000000e+00,976,901
0.000000e+00,-1.560924e-07,1.532863e-07,5.865168e-07,0.000000e+00,0.000000e+00,0.000000e+00,0.000000e+00,0.000000e+00,0.000000e+00,0.000000e+00,977,901
0.000000e+00,2.162214e-07,-1.698359e-07,3.341782e-07,0.000000e+00,0.000000e+00,0.000000e+00,0.000000e+00,0.000000e+00,0.000000e+00,0.000000e+00,978,901
0.000000e+00,-2.171769e-07,-1.544634e-07,5.007245e-07,0.000000e+00,0.000000e+00,0.000000e+00,0.000000e+00,0.000000e+00,0.000000e+00,0.000000e+00,979,901
0.000000e+00,2.246347e-07,-1.815969e-07,3.544018e-07,0.000000e+00,0.000000e+00,0.000000e+00,0.000000e+00,0.000000e+00,0.000000e+00,0.000000e+00,980,901
0.000000e+00,7.085325e-08,6.073937e-08,4.667751e-07,0.000000e+00,0.000000e+00,0.000000e+00,0.000000e+00,0.000000e+00,0.000000e+00,0.000000e+00,981,901
0.000000e+00,1.803332e-07,2.228177e-07,4.210995e-07,0.000000e+00,0.000000e+00,0.000000e+00,0.000000e+00,0.000000e+00,0.000000e+00,0.000000e+00,982,901
0.000000e+00,4.993976e-09,-1.089555e-07,2.214950e-07,0.000000e+00,0.000000e+00,0.000000e+00,0.000000e+00,0.000000e+00,0.000000e+00,0.000000e+00,983,901
0.000000e+00,3.352858e-10,-2.201308e-07,3.975758e-07,0.000000e+00,0.000000e+00,0.000000e+00,0.000000e+00,0.000000e+00,0.000000e+00,0.000000e+00,984,901
0.000000e+00,8.712478e-09,6.075265e-08,4.805796e-07,0.000000e+00,0.000000e+00,0.000000e+00,0.000000e+00,0.000000e+00,0.000000e+00,0.000000e+00,985,901
0.000000e+00,2.134931e-07,9.974487e-08,4.444405e-07,0.000000e+00,0.000000e+00,0.000000e+00,0.000000e+00,0.000000e+00,0.000000e+00,0.000000e+00,986,901
0.000000e+00,-1.315522e-07,-2.232508e-07,4.960973e-07,0.000000e+00,0.000000e+00,0.000000e+00,0.000000e+00,0.000000e+00,0.000000e+00,0.000000e+00,987,901
0.000000e+00,8.413520e-08,-4.639837e-08,3.270807e-07,0.000000e+00,0.000000e+00,0.000000e+00,0.000000e+00,0.000000e+00,0.000000e+00,0.000000e+00,988,901
0.000000e+00,-1.747136e-07,-1.928114e-07,3.148110e-07,0.000000e+00,0.000000e+00,0.000000e+00,0.000000e+00,0.000000e+00,0.000000e+00,0.000000e+00,989,901
0.000000e+00,8.784002e-08,5.078570e-08,4.083424e-07,0.000000e+00,0.000000e+00,0.000000e+00,0.000000e+00,0.000000e+00,0.000000e+00,0.000000e+00,990,901
0.000000e+00,1.147397e-07,1.354583e-07,1.781343e-07,0.000000e+00,0.000000e+00,0.000000e+00,0.000000e+00,0.000000e+00,0.000000e+00,0.000000e+00,991,901
0.000000e+00,1.244259e-07,-1.333094e-07,4.486958e-07,0.000000e+00,0.000000e+00,0.000000e+00,0.000000e+00,0.000000e+00,0.000000e+00,0.000000e+00,992,901
0.000000e+00,-5.450482e-08,4.498932e-08,6.404784e-07,0.000000e+00,0.000000e+00,0.000000e+00,0.000000e+00,0.000000e+00,0.000000e+00,0.000000e+00,993,901
0.000000e+00,-1.278245e-07,-1.131496e-07,3.908148e-07,0.000000e+00,0.000000e+00,0.000000e+00,0.000000e+00,0.000000e+00,0.000000e+00,0.000000e+00,994,901
0.000000e+00,-1.971094e-07,1.604986e-07,3.696168e-07,0.000000e+00,0.000000e+00,0.000000e+00,0.000000e+00,0.000000e+00,0.000000e+00,0.000000e+00,995,901
0.000000e+00,4.491377e-08,-2.121767e-08,3.296002e-07,0.000000e+00,0.000000e+00,0.000000e+00,0.000000e+00,0.000000e+00,0.000000e+00,0.000000e+00,996,901
0.000000e+00,-9.824636e-08,1.496560e-07,4.988874e-07,0.000000e+00,0.000000e+00,0.000000e+00,0.000000e+00,0.000000e+00,0.000000e+00,0.000000e+00,997,901
0.000000e+00,2.162358e-07,9.256748e-08,4.169842e-07,0.000000e+00,0.000000e+00,0.000000e+00,0.000000e+00,0.000000e+00,0.000000e+00,0.000000e+00,998,901
0.000000e+00,-1.497609e-07,-1.955384e-07,3.250862e-07,0.000000e+00,0.000000e+00,0.000000e+00,0.000000e+00,0.000000e+00,0.000000e+00,0.000000e+00,999,901
