0.000000e+00,2.064098e-07,-3.750026e-08,5.527793e-07,0.000000e+00,0.000000e+00,0.000000e+00,-2.192288e+07,5.876253e+06,-3.720089e+07,3.148921e-18,0,0
8.602273e-10,9.663844e-04,2.526819e-05,2.500091e-03,1.123910e+06,2.946315e+04,2.907721e+06,-5.969348e-01,1.025206e-02,-1.500816e+00,3.148921e-18,0,3785
8.597955e-09,9.663414e-03,2.532371e-04,2.500055e-02,1.123991e+06,2.946176e+04,2.907925e+06,-5.804546e-03,1.596432e-07,-1.511434e-02,3.148921e-18,0,37831
0.000000e+00,-7.561431e-08,3.856993e-08,3.325383e-07,0.000000e+00,0.000000e+00,0.000000e+00,2.271890e+07,-8.813786e+06,-7.888390e+07,5.214919e-18,1,0
6.340909e-10,-7.517434e-04,2.893835e-04,2.500019e-03,-1.185923e+06,4.564861e+05,3.943705e+06,5.072689e-01,-1.697928e-01,-1.614853e+00,5.214919e-18,1,2790
6.339318e-09,-7.517946e-03,2.893821e-03,2.500052e-02,-1.185974e+06,4.565031e+05,3.943867e+06,4.884495e-03,-1.782603e-03,-1.634628e-02,5.214919e-18,1,27893
0.000000e+00,-2.990479e-08,1.812703e-07,4.905244e-07,0.000000e+00,0.000000e+00,0.000000e+00,4.603185e+06,-2.326997e+07,-3.966155e+07,3.537620e-18,2,0
1.014545e-09,-2.893664e-04,1.553591e-03,2.500223e-03,-2.853743e+05,1.532215e+06,2.465531e+06,1.205943e-01,-6.973636e-01,-1.059781e+00,3.537620e-18,2,4464
1.013977e-08,-2.893618e-03,1.553624e-02,2.500004e-02,-2.853937e+05,1.532326e+06,2.465701e+06,9.736024e-04,-6.608333e-03,-1.089673e-02,3.537620e-18,2,44615
0.000000e+00,2.595943e-08,8.145049e-08,2.101338e-07,0.000000e+00,0.000000e+00,0.000000e+00,-2.355631e+07,-7.378007e+07,-1.697077e+08,7.530901e-18,3,0
3.577273e-10,3.479430e-04,1.089793e-03,2.500285e-03,9.726777e+05,3.046519e+06,6.989465e+06,-2.048938e-01,-6.279163e-01,-1.409446e+00,7.530901e-18,3,1574
3.576818e-09,3.479112e-03,1.089691e-02,2.500022e-02,9.726893e+05,3.046555e+06,6.989544e+06,-2.053644e-03,-6.273074e-03,-1.410137e-02,7.530901e-18,3,15738
0.000000e+00,2.854121e-07,-4.509337e-08,3.420459e-07,0.000000e+00,0.000000e+00,0.000000e+00,-4.647161e+07,7.842640e+06,-3.472551e+07,3.965796e-18,4,0
1.332273e-09,3.577878e-03,-5.967615e-04,2.500195e-03,2.686358e+06,-4.480607e+05,1.877029e+06,-4.875600e-01,7.925651e-02,-3.082010e-01,3.965796e-18,4,5862
1.331886e-08,3.577917e-02,-5.967647e-03,2.500002e-02,2.686460e+06,-4.480774e+05,1.877094e+06,-4.665567e-03,7.499479e-04,-3.233882e-03,3.965796e-18,4,58603
0.000000e+00,-3.646236e-08,-2.060086e-07,2.228470e-07,0.000000e+00,0.000000e+00,0.000000e+00,1.600882e+07,8.156287e+07,-6.658000e+07,5.632740e-18,5,0
8.445455e-10,-6.145965e-04,-3.124466e-03,2.500402e-03,-7.278182e+05,-3.700049e+06,2.960907e+06,1.063549e-01,5.557480e-01,-4.169571e-01,5.632740e-18,5,3716
8.443409e-09,-6.145277e-03,-3.124110e-02,2.500028e-02,-7.278324e+05,-3.700123e+06,2.960963e+06,1.069903e-03,5.464090e-03,-4.222108e-03,5.632740e-18,5,37151
0.000000e+00,2.570237e-07,4.303629e-08,4.128381e-07,0.000000e+00,0.000000e+00,0.000000e+00,-3.605287e+07,-7.057338e+06,-3.738739e+07,3.710508e-18,6,0
1.116136e-09,2.504330e-03,4.539117e-04,2.500290e-03,2.244623e+06,4.068365e+05,2.240866e+06,-6.297380e-01,-1.117994e-01,-6.284015e-01,3.710508e-18,6,4911
1.115636e-08,2.504178e-02,4.538806e-03,2.500001e-02,2.244734e+06,4.068562e+05,2.240977e+06,-6.140597e-03,-1.188775e-03,-6.541887e-03,3.710508e-18,6,49088
0.000000e+00,-2.560859e-07,-1.045533e-07,4.920801e-07,0.000000e+00,0.000000e+00,0.000000e+00,2.792917e+07,1.304789e+07,-3.337328e+07,3.225421e-18,7,0
1.185682e-09,-2.255469e-03,-1.028881e-03,2.500455e-03,-1.903140e+06,-8.681316e+05,2.109619e+06,5.939541e-01,2.493042e-01,-6.255542e-01,3.225421e-18,7,5217
1.185045e-08,-2.255300e-02,-1.028772e-02,2.500010e-02,-1.903251e+06,-8.681783e+05,2.109736e+06,5.563997e-03,2.586416e-03,-6.452879e-03,3.225421e-18,7,52142
0.000000e+00,1.481231e-07,-9.317147e-08,6.022139e-07,0.000000e+00,0.000000e+00,0.000000e+00,-1.388894e+07,9.012946e+06,-3.489548e+07,2.979748e-18,8,0
1.014318e-09,1.108381e-03,-6.092296e-04,2.500405e-03,1.093468e+06,-6.010189e+05,2.466429e+06,-5.661240e-01,3.169122e-01,-1.230667e+00,2.979748e-18,8,4463
1.013614e-08,1.108348e-02,-6.091998e-03,2.500021e-02,1.093558e+06,-6.010697e+05,2.466626e+06,-5.467563e-03,3.090338e-03,-1.267732e-02,2.979748e-18,8,44599
0.000000e+00,1.190752e-07,-5.946988e-08,1.891641e-07,0.000000e+00,0.000000e+00,0.000000e+00,-1.104563e+08,5.356649e+07,-1.373240e+08,7.365685e-18,9,0
4.425000e-10,2.017688e-03,-9.785110e-04,2.500479e-03,4.559875e+06,-2.211384e+06,5.650840e+06,-6.338843e-01,3.103569e-01,-7.562164e-01,7.365685e-18,9,1947
4.424318e-09,2.017443e-02,-9.783912e-03,2.500127e-02,4.559919e+06,-2.211406e+06,5.650893e+06,-6.293846e-03,3.079554e-03,-7.621008e-03,7.365685e-18,9,19467
0.000000e+00,2.778339e-07,6.945585e-08,3.235569e-07,0.000000e+00,0.000000e+00,0.000000e+00,-4.810065e+07,-1.290449e+07,-3.499187e+07,4.091605e-18,10,0
1.370455e-09,3.719297e-03,1.041690e-03,2.500138e-03,2.714673e+06,7.603326e+05,1.824646e+06,-4.443387e-01,-1.261614e-01,-2.679413e-01,4.091605e-18,10,6030
1.370136e-08,3.719466e-02,1.041756e-02,2.500028e-02,2.714769e+06,7.603599e+05,1.824705e+06,-4.243928e-03,-1.189089e-03,-2.837618e-03,4.091605e-18,10,60286
0.000000e+00,-2.369470e-07,9.236513e-08,3.792217e-07,0.000000e+00,0.000000e+00,0.000000e+00,3.450091e+07,-1.808759e+07,-3.656957e+07,3.956308e-18,11,0
1.175227e-09,-2.368035e-03,1.098730e-03,2.500082e-03,-2.015813e+06,9.352760e+05,2.128033e+06,5.864462e-01,-2.534262e-01,-5.716441e-01,3.956308e-18,11,5171
1.174795e-08,-2.368162e-02,1.098756e-02,2.500013e-02,-2.015921e+06,9.353231e+05,2.128140e+06,5.577945e-03,-2.523973e-03,-5.885270e-03,3.956308e-18,11,51691
0.000000e+00,4.648855e-08,-1.900901e-07,4.857637e-07,0.000000e+00,0.000000e+00,0.000000e+00,-5.361034e+06,2.462654e+07,-3.019304e+07,3.538879e-18,12,0
1.168636e-09,4.720014e-04,-2.108776e-03,2.500295e-03,4.041441e+05,-1.805581e+06,2.140478e+06,-1.484108e-01,6.825386e-01,-7.358057e-01,3.538879e-18,12,5142
1.167977e-08,4.720253e-03,-2.108858e-02,2.500033e-02,4.041715e+05,-1.805707e+06,2.140614e+06,-1.442928e-03,6.496816e-03,-7.657592e-03,3.538879e-18,12,51391
0.000000e+00,-3.097309e-08,7.781011e-08,3.312188e-07,0.000000e+00,0.000000e+00,0.000000e+00,2.092195e+07,-3.579455e+07,-6.297627e+07,5.257175e-18,13,0
7.611364e-10,-8.303331e-04,1.446218e-03,2.500319e-03,-1.091269e+06,1.900708e+06,3.285841e+06,3.277483e-01,-6.168143e-01,-1.107849e+00,5.257175e-18,13,3349
7.608409e-09,-8.302770e-03,1.446130e-02,2.500012e-02,-1.091308e+06,1.900782e+06,3.285974e+06,3.052012e-03,-5.944514e-03,-1.140401e-02,5.257175e-18,13,33477
0.000000e+00,-2.651035e-08,7.017217e-08,4.925183e-07,0.000000e+00,0.000000e+00,0.000000e+00,7.727604e+06,-1.549036e+07,-4.508990e+07,3.773870e-18,14,0
8.793182e-10,-4.612221e-04,8.010810e-04,2.500064e-03,-5.248756e+05,9.115538e+05,2.844627e+06,2.855273e-01,-4.630610e-01,-1.490624e+00,3.773870e-18,14,3869
8.788636e-09,-4.612890e-03,8.011271e-03,2.500048e-02,-5.249153e+05,9.116181e+05,2.844834e+06,2.823792e-03,-4.577467e-03,-1.514901e-02,3.773870e-18,14,38670
0.000000e+00,-2.676833e-07,-2.725697e-08,4.647067e-07,0.000000e+00,0.000000e+00,0.000000e+00,3.586688e+07,2.831367e+06,-3.407840e+07,3.394591e-18,15,0
1.213864e-09,-2.739112e-03,-2.372182e-04,2.500092e-03,-2.257459e+06,-1.955227e+05,2.060228e+06,6.131193e-01,6.437343e-02,-5.232254e-01,3.394591e-18,15,5341
1.213455e-08,-2.739317e-02,-2.372571e-03,2.500010e-02,-2.257577e+06,-1.955350e+05,2.060329e+06,5.887404e-03,4.847231e-04,-5.400135e-03,3.394591e-18,15,53392
0.000000e+00,-9.226271e-08,-1.993036e-07,2.394402e-07,0.000000e+00,0.000000e+00,0.000000e+00,3.192355e+07,6.729495e+07,-6.186492e+07,5.321632e-18,16,0
8.872727e-10,-1.323929e-03,-2.787122e-03,2.500580e-03,-1.492367e+06,-3.141706e+06,2.818590e+06,2.509350e-01,5.235527e-01,-4.395964e-01,5.321632e-18,16,3904
8.869773e-09,-1.323698e-02,-2.786628e-02,2.500038e-02,-1.492403e+06,-3.141780e+06,2.818652e+06,2.446355e-03,5.146372e-03,-4.463586e-03,5.321632e-18,16,39027
0.000000e+00,-2.138149e-07,4.922932e-08,2.473020e-07,0.000000e+00,0.000000e+00,0.000000e+00,7.470329e+07,-1.607437e+07,-6.515568e+07,5.258409e-18,17,0
8.488636e-10,-2.929522e-03,6.288859e-04,2.500366e-03,-3.451609e+06,7.409499e+05,2.945847e+06,5.845472e-01,-1.165853e-01,-4.694791e-01,5.258409e-18,17,3735
8.486591e-09,-2.929247e-02,6.288158e-03,2.500034e-02,-3.451688e+06,7.409656e+05,2.945910e+06,5.764501e-03,-1.190375e-03,-4.754443e-03,5.258409e-18,17,37341
0.000000e+00,2.412281e-07,5.405715e-09,5.630319e-07,0.000000e+00,0.000000e+00,0.000000e+00,-2.574134e+07,2.974173e+06,-3.700542e+07,3.022888e-18,18,0
1.019545e-09,1.750738e-03,-2.607147e-04,2.500194e-03,1.718045e+06,-2.559440e+05,2.453232e+06,-7.021322e-01,1.279188e-01,-9.591976e-01,3.022888e-18,18,4486
1.019068e-08,1.750802e-02,-2.608168e-03,2.500029e-02,1.718158e+06,-2.559646e+05,2.453386e+06,-6.644574e-03,8.818673e-04,-9.973511e-03,3.022888e-18,18,44839
0.000000e+00,4.313187e-08,1.501909e-07,4.478066e-07,0.000000e+00,0.000000e+00,0.000000e+00,-6.312779e+06,-1.982359e+07,-4.738503e+07,3.901947e-18,19,0
8.918182e-10,3.403356e-04,1.194678e-03,2.500508e-03,3.818571e+05,1.340357e+06,2.805130e+06,-2.125304e-01,-6.719056e-01,-1.334699e+00,3.901947e-18,19,3924
8.912273e-09,3.403202e-03,1.194558e-02,2.500017e-02,3.818870e+05,1.340452e+06,2.805318e+06,-2.088188e-03,-6.540824e-03,-1.362635e-02,3.901947e-18,19,39214
0.000000e+00,-3.987702e-08,8.399154e-08,2.420956e-07,0.000000e+00,0.000000e+00,0.000000e+00,2.456609e+07,-5.256185e+07,-1.292208e+08,6.673555e-18,20,0
4.543182e-10,-4.791209e-04,1.024300e-03,2.500872e-03,-1.054689e+06,2.254795e+06,5.505054e+06,2.802881e-01,-5.985953e-01,-1.423475e+00,6.673555e-18,20,1999
4.541364e-09,-4.789752e-03,1.023989e-02,2.500063e-02,-1.054709e+06,2.254838e+06,5.505157e+06,2.864122e-03,-5.986189e-03,-1.430709e-02,6.673555e-18,20,19982
0.000000e+00,-3.396477e-08,-1.796167e-07,3.247692e-07,0.000000e+00,0.000000e+00,0.000000e+00,7.538233e+06,4.434614e+07,-5.933903e+07,4.764542e-18,21,0
8.295455e-10,-3.304148e-04,-1.951971e-03,2.500444e-03,-3.984221e+05,-2.353768e+06,3.014953e+06,1.203222e-01,7.204513e-01,-8.822785e-01,4.764542e-18,21,3650
8.292045e-09,-3.303737e-03,-1.951755e-02,2.500024e-02,-3.984379e+05,-2.353863e+06,3.015069e+06,1.243387e-03,7.142568e-03,-8.883190e-03,4.764542e-18,21,36485
0.000000e+00,-2.256908e-07,-1.375959e-07,3.953837e-07,0.000000e+00,0.000000e+00,0.000000e+00,3.082022e+07,1.994627e+07,-3.792096e+07,3.784826e-18,22,0
1.148864e-09,-2.210087e-03,-1.428828e-03,2.500489e-03,-1.924489e+06,-1.244223e+06,2.177172e+06,5.390659e-01,3.670317e-01,-5.760559e-01,3.784826e-18,22,5055
1.148295e-08,-2.209877e-02,-1.428731e-02,2.500047e-02,-1.924587e+06,-1.244290e+06,2.177277e+06,5.106959e-03,3.546784e-03,-5.896978e-03,3.784826e-18,22,50525
0.000000e+00,2.466987e-08,-2.385907e-07,5.687069e-07,0.000000e+00,0.000000e+00,0.000000e+00,-7.848525e+04,2.126406e+07,-3.697432e+07,2.987164e-18,23,0
9.761364e-10,2.905275e-05,-1.459463e-03,2.500235e-03,2.975556e+04,-1.495889e+06,2.562594e+06,-4.912478e-04,6.662229e-01,-1.163200e+00,2.987164e-18,23,4295
9.755909e-09,2.903007e-04,-1.459378e-02,2.500053e-02,2.975569e+04,-1.495992e+06,2.562773e+06,-2.342609e-05,6.331468e-03,-1.183471e-02,2.987164e-18,23,42926
0.000000e+00,-3.422641e-08,-2.537395e-08,5.435439e-07,0.000000e+00,0.000000e+00,0.000000e+00,6.084830e+06,5.520672e+06,-4.094032e+07,3.470934e-18,24,0
9.011364e-10,-3.989315e-04,-3.199343e-04,2.500201e-03,-4.430675e+05,-3.553071e+05,2.776188e+06,3.030612e-01,2.278393e-01,-1.669631e+00,3.470934e-18,24,3965
9.005227e-09,-3.989880e-03,-3.199593e-03,2.500028e-02,-4.431106e+05,-3.553396e+05,2.776426e+06,2.664028e-03,2.265353e-03,-1.691585e-02,3.470934e-18,24,39623
0.000000e+00,2.621658e-08,2.812686e-07,3.937955e-07,0.000000e+00,0.000000e+00,0.000000e+00,3.246095e+06,-4.328304e+07,-3.450678e+07,3.724389e-18,25,0
1.285000e-09,-2.632790e-04,3.282715e-03,2.500021e-03,-2.049936e+05,2.555511e+06,1.945977e+06,4.339622e-02,-5.411153e-01,-3.645494e-01,3.724389e-18,25,5654
1.284705e-08,-2.633508e-03,3.283070e-02,2.500020e-02,-2.050023e+05,2.555621e+06,1.946051e+06,3.536261e-04,-5.161096e-03,-3.947700e-03,3.724389e-18,25,56527
0.000000e+00,-2.188615e-08,6.782179e-08,2.574104e-07,0.000000e+00,0.000000e+00,0.000000e+00,1.174597e+07,-3.862274e+07,-1.247787e+08,6.512935e-18,26,0
4.629545e-10,-2.371104e-04,7.803264e-04,2.500030e-03,-5.122211e+05,1.685734e+06,5.400680e+06,1.472445e-01,-5.099885e-01,-1.623411e+00,6.512935e-18,26,2037
4.629091e-09,-2.371131e-03,7.803451e-03,2.500041e-02,-5.122319e+05,1.685771e+06,5.400799e+06,1.548935e-03,-5.166515e-03,-1.630359e-02,6.512935e-18,26,20368
0.000000e+00,2.229123e-08,2.579736e-07,3.411116e-07,0.000000e+00,0.000000e+00,0.000000e+00,-9.254863e+05,-4.653141e+07,-3.858249e+07,4.172355e-18,27,0
1.213864e-09,1.171919e-04,3.251936e-03,2.500340e-03,9.658928e+04,2.679851e+06,2.060278e+06,-3.123238e-02,-5.576986e-01,-3.897313e-01,4.172355e-18,27,5341
1.213432e-08,1.172045e-03,3.251809e-02,2.500019e-02,9.659525e+04,2.679958e+06,2.060353e+06,-2.978027e-04,-5.216174e-03,-4.093099e-03,4.172355e-18,27,53391
0.000000e+00,-8.810760e-08,1.846020e-07,5.595840e-07,0.000000e+00,0.000000e+00,0.000000e+00,7.976159e+06,-1.968595e+07,-3.504049e+07,3.109920e-18,28,0
1.046591e-09,-5.280374e-04,1.489130e-03,2.500244e-03,-5.048146e+05,1.423710e+06,2.390064e+06,2.353302e-01,-6.543456e-01,-1.027731e+00,3.109920e-18,28,4605
1.046000e-08,-5.280366e-03,1.489194e-02,2.500021e-02,-5.048535e+05,1.423818e+06,2.390234e+06,2.213283e-03,-6.261804e-03,-1.077426e-02,3.109920e-18,28,46024
0.000000e+00,-1.858792e-08,7.679929e-09,2.445692e-07,0.000000e+00,0.000000e+00,0.000000e+00,1.341629e+07,-2.625831e+06,-1.552966e+08,7.031262e-18,29,0
3.827273e-10,-2.176608e-04,4.171109e-05,2.500910e-03,-5.687526e+05,1.089742e+05,6.534803e+06,1.660912e-01,-1.802384e-02,-1.866510e+00,7.031262e-18,29,1684
3.825682e-09,-2.175879e-03,4.169073e-04,2.500026e-02,-5.687627e+05,1.089752e+05,6.534916e+06,1.655757e-03,-1.784404e-04,-1.870719e-02,7.031262e-18,29,16833
0.000000e+00,2.349360e-07,-1.499028e-07,4.733865e-07,0.000000e+00,0.000000e+00,0.000000e+00,-2.815628e+07,2.082598e+07,-3.192997e+07,3.312897e-18,30,0
1.263182e-09,2.385914e-03,-1.679964e-03,2.500096e-03,1.889588e+06,-1.330508e+06,1.979755e+06,-4.813913e-01,3.456305e-01,-4.585266e-01,3.312897e-18,30,5558
1.262795e-08,2.386156e-02,-1.680153e-02,2.500042e-02,1.889684e+06,-1.330577e+06,1.979847e+06,-4.642251e-03,3.311109e-03,-4.874119e-03,3.312897e-18,30,55563
0.000000e+00,-1.696358e-07,2.027464e-07,5.077907e-07,0.000000e+00,0.000000e+00,0.000000e+00,1.799352e+07,-1.922988e+07,-3.474448e+07,3.191530e-18,31,0
1.110682e-09,-1.356969e-03,1.444799e-03,2.500401e-03,-1.222437e+06,1.301491e+06,2.252185e+06,5.000693e-01,-4.954655e-01,-8.239016e-01,3.191530e-18,31,4887
1.110045e-08,-1.356956e-02,1.444711e-02,2.500041e-02,-1.222525e+06,1.301578e+06,2.252330e+06,4.522884e-03,-4.986060e-03,-8.553306e-03,3.191530e-18,31,48842
0.000000e+00,1.421098e-07,1.760069e-07,4.272600e-07,0.000000e+00,0.000000e+00,0.000000e+00,-1.971539e+07,-2.657635e+07,-4.028411e+07,3.787489e-18,32,0
1.016818e-09,1.291867e-03,1.567850e-03,2.500004e-03,1.271094e+06,1.542599e+06,2.459532e+06,-4.656798e-01,-5.520861e-01,-8.167060e-01,3.787489e-18,32,4474
1.016455e-08,1.292005e-02,1.567979e-02,2.500012e-02,1.271169e+06,1.542687e+06,2.459663e+06,-4.363981e-03,-5.241547e-03,-8.377949e-03,3.787489e-18,32,44724
0.000000e+00,-2.063788e-08,3.920927e-08,2.899969e-07,0.000000e+00,0.000000e+00,0.000000e+00,8.712990e+06,-1.368366e+07,-1.078850e+08,6.006820e-18,33,0
5.100000e-10,-2.049297e-04,3.240222e-04,2.500303e-03,-4.018953e+05,6.354435e+05,4.903357e+06,1.466198e-01,-2.360254e-01,-1.838088e+00,6.006820e-18,33,2244
5.098636e-09,-2.049126e-03,3.239914e-03,2.500059e-02,-4.019071e+05,6.354625e+05,4.903505e+06,1.478863e-03,-2.422111e-03,-1.846146e-02,6.006820e-18,33,22434
0.000000e+00,-2.264193e-07,1.397309e-07,5.090866e-07,0.000000e+00,0.000000e+00,0.000000e+00,2.443184e+07,-1.383669e+07,-3.244298e+07,3.177375e-18,34,0
1.197727e-09,-2.017317e-03,1.130167e-03,2.500465e-03,-1.685182e+06,9.440548e+05,2.088505e+06,5.856586e-01,-3.099840e-01,-6.730550e-01,3.177375e-18,34,5270
1.197023e-08,-2.017193e-02,1.130052e-02,2.500002e-02,-1.685293e+06,9.441134e+05,2.088632e+06,5.620279e-03,-3.146443e-03,-6.995257e-03,3.177375e-18,34,52669
0.000000e+00,1.696622e-07,1.032362e-07,6.136149e-07,0.000000e+00,0.000000e+00,0.000000e+00,-1.286712e+07,-1.088017e+07,-3.656197e+07,2.880717e-18,35,0
9.788636e-10,9.361241e-04,7.867653e-04,2.500310e-03,9.569206e+05,8.042821e+05,2.555563e+06,-5.065236e-01,-4.288957e-01,-1.264255e+00,2.880717e-18,35,4307
9.782727e-09,9.361293e-03,7.868038e-03,2.500056e-02,9.569990e+05,8.043483e+05,2.555759e+06,-4.954222e-03,-3.923181e-03,-1.310226e-02,2.880717e-18,35,43044
0.000000e+00,-6.242762e-08,-1.244683e-09,5.884328e-07,0.000000e+00,0.000000e+00,0.000000e+00,7.124640e+06,-8.676310e+04,-3.573926e+07,3.206558e-18,36,0
9.138636e-10,-7.035007e-04,4.569270e-04,2.500172e-03,-7.703784e+05,5.004152e+05,2.737338e+06,4.321690e-01,-2.623944e-01,-1.491017e+00,3.206558e-18,36,4021
9.132955e-09,-7.035735e-03,4.570143e-03,2.500007e-02,-7.704408e+05,5.004532e+05,2.737554e+06,4.238091e-03,-2.536162e-03,-1.542273e-02,3.206558e-18,36,40185
0.000000e+00,-4.194533e-08,1.240713e-07,1.387249e-07,0.000000e+00,0.000000e+00,0.000000e+00,6.323524e+07,-1.842888e+08,-1.861319e+08,8.777232e-18,37,0
3.331818e-10,-8.506450e-04,2.478847e-03,2.501701e-03,-2.553065e+06,7.439828e+06,7.508370e+06,2.097442e-01,-6.096838e-01,-6.045840e-01,8.777232e-18,37,1466
3.329773e-09,-8.501165e-03,2.477305e-02,2.500129e-02,-2.553076e+06,7.439860e+06,7.508402e+06,2.097723e-03,-6.100557e-03,-6.054327e-03,8.777232e-18,37,14651
0.000000e+00,-2.260935e-07,2.211105e-08,3.947220e-07,0.000000e+00,0.000000e+00,0.000000e+00,3.851188e+07,-3.390335e+06,-4.000543e+07,3.987148e-18,38,0
1.108636e-09,-2.512279e-03,1.793129e-04,2.500429e-03,-2.267022e+06,1.617482e+05,2.256066e+06,6.594993e-01,-1.036877e-02,-5.858410e-01,3.987148e-18,38,4878
1.108136e-08,-2.512162e-02,1.792399e-03,2.500040e-02,-2.267137e+06,1.617501e+05,2.256169e+06,6.526521e-03,-4.992919e-04,-6.271252e-03,3.987148e-18,38,48758
0.000000e+00,-2.022418e-08,-1.583141e-07,1.911317e-07,0.000000e+00,0.000000e+00,0.000000e+00,1.420544e+07,1.095582e+08,-1.130411e+08,6.826059e-18,39,0
5.302273e-10,-3.161654e-04,-2.436819e-03,2.501069e-03,-5.963105e+05,-4.596011e+06,4.717112e+06,8.584223e-02,6.665287e-01,-6.632332e-01,6.826059e-18,39,2333
5.300000e-09,-3.160459e-03,-2.435897e-02,2.500084e-02,-5.963177e+05,-4.596067e+06,4.717168e+06,8.568856e-04,6.657480e-03,-6.646081e-03,6.826059e-18,39,23320
0.000000e+00,1.018924e-07,8.866716e-08,6.553616e-07,0.000000e+00,0.000000e+00,0.000000e+00,-8.126952e+06,-7.757535e+06,-3.514403e+07,2.784537e-18,40,0
9.568182e-10,5.919510e-04,5.653697e-04,2.500062e-03,6.191044e+05,5.913357e+05,2.614345e+06,-3.690841e-01,-3.709701e-01,-1.458084e+00,2.784537e-18,40,4210
9.562727e-09,5.920304e-03,5.654750e-03,2.500045e-02,6.191602e+05,5.913918e+05,2.614566e+06,-3.451120e-03,-3.030845e-03,-1.541795e-02,2.784537e-18,40,42076
0.000000e+00,1.432826e-07,7.770763e-08,3.217211e-07,0.000000e+00,0.000000e+00,0.000000e+00,-3.766668e+07,-2.018534e+07,-6.335932e+07,4.931090e-18,41,0
7.759091e-10,1.550931e-03,8.313330e-04,2.500435e-03,1.999463e+06,1.071756e+06,3.223370e+06,-6.558319e-01,-3.534596e-01,-1.011551e+00,4.931090e-18,41,3414
7.755909e-09,1.550764e-02,8.312440e-03,2.500027e-02,1.999543e+06,1.071799e+06,3.223494e+06,-6.505058e-03,-3.473029e-03,-1.019325e-02,4.931090e-18,41,34126
0.000000e+00,-8.040476e-09,-3.177925e-08,1.037752e-07,0.000000e+00,0.000000e+00,0.000000e+00,6.291194e+07,2.488321e+08,-7.911524e+08,1.507561e-17,42,0
7.931818e-11,-1.992856e-04,-7.882226e-04,2.506109e-03,-2.512393e+06,-9.937122e+06,3.159447e+07,1.263348e-01,4.983855e-01,-1.576341e+00,1.507561e-17,42,349
7.913636e-10,-1.988224e-03,-7.863909e-03,2.500282e-02,-2.512394e+06,-9.937128e+06,3.159449e+07,1.269162e-03,5.006800e-03,-1.583630e-02,1.507561e-17,42,3482
0.000000e+00,1.486276e-07,-1.571873e-07,3.307959e-07,0.000000e+00,0.000000e+00,0.000000e+00,-3.130385e+07,3.406003e+07,-5.054731e+07,4.500607e-18,43,0
9.518182e-10,1.616232e-03,-1.774073e-03,2.500038e-03,1.698555e+06,-1.864450e+06,2.627230e+06,-4.489338e-01,4.965756e-01,-6.776840e-01,4.500607e-18,43,4188
9.515909e-09,1.616329e-02,-1.774192e-02,2.500059e-02,1.698622e+06,-1.864524e+06,2.627332e+06,-4.403444e-03,4.878897e-03,-6.842819e-03,4.500607e-18,43,41870
0.000000e+00,1.304051e-07,-8.059300e-08,4.898962e-07,0.000000e+00,0.000000e+00,0.000000e+00,-1.943739e+07,1.039075e+07,-4.150798e+07,3.639609e-18,44,0
9.545455e-10,1.248188e-03,-6.730730e-04,2.500410e-03,1.308394e+06,-7.055514e+05,2.620702e+06,-6.146477e-01,3.497124e-01,-1.183052e+00,3.639609e-18,44,4200
9.539545e-09,1.248141e-02,-6.730606e-03,2.500040e-02,1.308487e+06,-7.056041e+05,2.620880e+06,-5.965511e-03,3.277211e-03,-1.200538e-02,3.639609e-18,44,41974
0.000000e+00,3.606698e-08,-8.060294e-08,4.726833e-07,0.000000e+00,0.000000e+00,0.000000e+00,-4.201642e+06,1.235972e+07,-4.812653e+07,3.878955e-18,45,0
8.538636e-10,3.570031e-04,-6.014661e-04,2.500633e-03,4.183747e+05,-7.048550e+05,2.930179e+06,-2.252135e-01,4.381807e-01,-1.648849e+00,3.878955e-18,45,3757
8.532045e-09,3.569553e-03,-6.013846e-03,2.500049e-02,4.184051e+05,-7.049141e+05,2.930402e+06,-2.202444e-03,4.319584e-03,-1.659433e-02,3.878955e-18,45,37541
0.000000e+00,-3.872257e-08,5.027948e-08,4.948528e-07,0.000000e+00,0.000000e+00,0.000000e+00,1.098836e+07,-7.269843e+06,-4.839242e+07,3.770414e-18,46,0
8.475000e-10,-7.144987e-04,3.613260e-04,2.500540e-03,-8.436474e+05,4.265424e+05,2.951938e+06,4.795633e-01,-1.922298e-01,-1.581667e+00,3.770414e-18,46,3729
8.469091e-09,-7.144839e-03,3.612420e-03,2.500034e-02,-8.437116e+05,4.265682e+05,2.952150e+06,4.743893e-03,-1.992908e-03,-1.611828e-02,3.770414e-18,46,37264
0.000000e+00,2.489825e-08,4.717042e-08,2.368192e-07,0.000000e+00,0.000000e+00,0.000000e+00,-1.750620e+07,-3.474222e+07,-1.538761e+08,7.101504e-18,47,0
3.875000e-10,2.861040e-04,5.669102e-04,2.501283e-03,7.383823e+05,1.463087e+06,6.455239e+06,-2.081111e-01,-3.902140e-01,-1.715106e+00,7.101504e-18,47,1705
3.872955e-09,2.859739e-03,5.666504e-03,2.500103e-02,7.383950e+05,1.463111e+06,6.455344e+06,-2.075223e-03,-3.914035e-03,-1.719525e-02,7.101504e-18,47,17041
0.000000e+00,1.646862e-07,-1.580269e-07,5.299371e-07,0.000000e+00,0.000000e+00,0.000000e+00,-1.639950e+07,1.905129e+07,-3.344197e+07,3.198985e-18,48,0
1.119091e-09,1.313979e-03,-1.521223e-03,2.500268e-03,1.174803e+06,-1.360125e+06,2.235152e+06,-4.596965e-01,5.362459e-01,-8.155741e-01,3.198985e-18,48,4924
1.118500e-08,1.314012e-02,-1.521291e-02,2.500030e-02,1.174885e+06,-1.360220e+06,2.235296e+06,-4.331031e-03,5.179080e-03,-8.432715e-03,3.198985e-18,48,49214
0.000000e+00,3.595281e-08,2.636119e-07,4.854372e-07,0.000000e+00,0.000000e+00,0.000000e+00,-1.982956e+06,-3.102835e+07,-3.399163e+07,3.307261e-18,49,0
1.179545e-09,2.599814e-04,2.419848e-03,2.500024e-03,2.205421e+05,2.052464e+06,2.120200e+06,-8.681735e-02,-6.450793e-01,-6.128259e-01,3.307261e-18,49,5190
1.179136e-08,2.600476e-03,2.420127e-02,2.500020e-02,2.205583e+05,2.052584e+06,2.120315e+06,-8.286871e-04,-6.234610e-03,-6.536433e-03,3.307261e-18,49,51882
0.000000e+00,-1.292950e-07,1.471788e-07,2.021992e-07,0.000000e+00,0.000000e+00,0.000000e+00,5.809700e+07,-6.543582e+07,-9.251060e+07,6.108737e-18,50,0
6.277273e-10,-1.591677e-03,1.789942e-03,2.500485e-03,-2.535842e+06,2.851706e+06,3.983702e+06,4.639613e-01,-5.141970e-01,-6.978758e-01,6.108737e-18,50,2762
6.275682e-09,-1.591421e-02,1.789649e-02,2.500058e-02,-2.535888e+06,2.851757e+06,3.983771e+06,4.602403e-03,-5.122927e-03,-7.013675e-03,6.108737e-18,50,27613
0.000000e+00,1.908831e-07,-1.344522e-07,2.177263e-07,0.000000e+00,0.000000e+00,0.000000e+00,-7.046057e+07,4.970280e+07,-5.684169e+07,5.400586e-18,51,0
9.872727e-10,3.168660e-03,-2.237997e-03,2.500413e-03,3.209886e+06,-2.267117e+06,2.532841e+06,-3.777343e-01,2.685933e-01,-2.794065e-01,5.400586e-18,51,4344
9.870455e-09,3.168309e-02,-2.237752e-02,2.500042e-02,3.209945e+06,-2.267159e+06,2.532884e+06,-3.668351e-03,2.604427e-03,-2.835364e-03,5.400586e-18,51,43430
0.000000e+00,-2.473078e-07,-1.370296e-07,3.876500e-07,0.000000e+00,0.000000e+00,0.000000e+00,3.710856e+07,1.979827e+07,-3.420972e+07,3.734571e-18,52,0
1.275682e-09,-2.818503e-03,-1.539646e-03,2.500061e-03,-2.210195e+06,-1.207371e+06,1.960280e+06,4.902540e-01,2.799078e-01,-3.969772e-01,3.734571e-18,52,5613
1.275341e-08,-2.818745e-02,-1.539805e-02,2.500038e-02,-2.210293e+06,-1.207427e+06,1.960360e+06,4.625990e-03,2.677063e-03,-4.115961e-03,3.734571e-18,52,56115
0.000000e+00,2.015197e-07,-1.533196e-08,4.762545e-07,0.000000e+00,0.000000e+00,0.000000e+00,-2.488845e+07,5.099137e+06,-3.123489e+07,3.594443e-18,53,0
1.157955e-09,2.056589e-03,-3.888257e-04,2.500490e-03,1.777092e+06,-3.359948e+05,2.160385e+06,-6.651710e-01,1.238178e-01,-7.535863e-01,3.594443e-18,53,5095
1.157205e-08,2.056443e-02,-3.888101e-03,2.500013e-02,1.777213e+06,-3.360175e+05,2.160523e+06,-6.462293e-03,1.286127e-03,-8.029037e-03,3.594443e-18,53,50917
0.000000e+00,1.619291e-07,-8.013761e-08,2.118658e-07,0.000000e+00,0.000000e+00,0.000000e+00,-7.780708e+07,3.865325e+07,-8.664028e+07,6.179115e-18,54,0
6.650000e-10,2.267576e-03,-1.129823e-03,2.500528e-03,3.410224e+06,-1.699155e+06,3.760493e+06,-5.867393e-01,2.959919e-01,-6.407521e-01,6.179115e-18,54,2926
6.648182e-09,2.267187e-02,-1.129633e-02,2.500058e-02,3.410286e+06,-1.699186e+06,3.760561e+06,-5.846985e-03,2.915375e-03,-6.443882e-03,6.179115e-18,54,29252
0.000000e+00,5.385730e-08,2.654630e-07,5.059471e-07,0.000000e+00,0.000000e+00,0.000000e+00,-5.959543e+06,-3.007273e+07,-3.585786e+07,3.189832e-18,55,0
1.113864e-09,4.793857e-04,2.174051e-03,2.500217e-03,4.306364e+05,1.952704e+06,2.245418e+06,-1.792495e-01,-6.589446e-01,-7.151064e-01,3.189832e-18,55,4901
1.113386e-08,4.794624e-03,2.174111e-02,2.500035e-02,4.306679e+05,1.952820e+06,2.245544e+06,-1.609673e-03,-6.332766e-03,-7.478612e-03,3.189832e-18,55,48989
0.000000e+00,4.787849e-08,1.461672e-08,6.625366e-07,0.000000e+00,0.000000e+00,0.000000e+00,-2.774701e+06,7.187527e+06,-4.120457e+07,2.834655e-18,56,0
8.720455e-10,1.852570e-04,-3.452694e-04,2.500583e-03,2.125130e+05,-3.962929e+05,2.869125e+06,-6.445906e-02,3.152801e-01,-1.859398e+00,2.834655e-18,56,3837
8.713409e-09,1.851706e-03,-3.453028e-03,2.500009e-02,2.125219e+05,-3.963364e+05,2.869381e+06,-6.407010e-04,3.170063e-03,-1.875767e-02,2.834655e-18,56,38339
0.000000e+00,2.415589e-07,-3.282404e-08,3.777811e-07,0.000000e+00,0.000000e+00,0.000000e+00,-4.175546e+07,8.580953e+06,-3.914117e+07,4.016001e-18,57,0
1.136136e-09,2.763661e-03,-5.552398e-04,2.500406e-03,2.433375e+06,-4.888961e+05,2.201380e+06,-6.094441e-01,1.237486e-01,-5.142683e-01,4.016001e-18,57,4999
1.135659e-08,2.763479e-02,-5.552168e-03,2.500029e-02,2.433485e+06,-4.889183e+05,2.201472e+06,-5.858743e-03,1.230433e-03,-5.307173e-03,4.016001e-18,57,49969
0.000000e+00,2.147580e-07,8.290538e-08,2.873720e-07,0.000000e+00,0.000000e+00,0.000000e+00,-5.397003e+07,-2.185992e+07,-5.135831e+07,4.774740e-18,58,0
9.931818e-10,2.739967e-03,1.116613e-03,2.500551e-03,2.759423e+06,1.124556e+06,2.518155e+06,-5.591688e-01,-2.357292e-01,-4.796041e-01,4.774740e-18,58,4370
9.927955e-09,2.739543e-02,1.116454e-02,2.500025e-02,2.759511e+06,1.124593e+06,2.518230e+06,-5.424478e-03,-2.287816e-03,-4.866059e-03,4.774740e-18,58,43683
0.000000e+00,-9.083996e-08,1.700514e-07,6.137843e-07,0.000000e+00,0.000000e+00,0.000000e+00,8.053831e+06,-1.742729e+07,-3.441660e+07,2.880740e-18,59,0
1.005000e-09,-5.663300e-04,1.210349e-03,2.500254e-03,-5.638463e+05,1.205017e+06,2.489069e+06,2.775847e-01,-5.645545e-01,-1.205182e+00,2.880740e-18,59,4422
1.004386e-08,-5.663190e-03,1.210301e-02,2.500004e-02,-5.638904e+05,1.205107e+06,2.489260e+06,2.716683e-03,-5.566915e-03,-1.239981e-02,2.880740e-18,59,44193
0.000000e+00,-1.267733e-07,-6.130529e-08,6.524889e-07,0.000000e+00,0.000000e+00,0.000000e+00,1.307348e+07,8.402746e+06,-3.524003e+07,2.793252e-18,60,0
9.581818e-10,-8.645612e-04,-6.225995e-04,2.500240e-03,-9.028732e+05,-6.502275e+05,2.610697e+06,4.968763e-01,3.619370e-01,-1.370752e+00,2.793252e-18,60,4216
9.576136e-09,-8.646017e-03,-6.226621e-03,2.500059e-02,-9.029484e+05,-6.502823e+05,2.610905e+06,4.760353e-03,3.421601e-03,-1.390258e-02,2.793252e-18,60,42135
0.000000e+00,1.494506e-07,5.927406e-08,4.321287e-07,0.000000e+00,0.000000e+00,0.000000e+00,-1.731629e+07,-7.833573e+05,-3.884938e+07,4.002738e-18,61,0
9.506818e-10,1.214049e-03,1.488057e-04,2.500244e-03,1.277865e+06,1.565776e+05,2.631405e+06,-6.592757e-01,-6.484359e-02,-1.281150e+00,4.002738e-18,61,4183
9.500682e-09,1.214049e-02,1.487613e-03,2.500012e-02,1.277964e+06,1.565873e+05,2.631597e+06,-6.201627e-03,-5.514754e-04,-1.312128e-02,4.002738e-18,61,41803
0.000000e+00,-2.164947e-08,2.206961e-07,4.146720e-07,0.000000e+00,0.000000e+00,0.000000e+00,2.557554e+06,-3.424307e+07,-4.362131e+07,3.886214e-18,62,0
9.934091e-10,-2.134682e-04,2.065098e-03,2.500553e-03,-2.149797e+05,2.079660e+06,2.518010e+06,6.792947e-02,-7.021390e-01,-8.387100e-01,3.886214e-18,62,4371
9.928636e-09,-2.134440e-03,2.064814e-02,2.500051e-02,-2.149904e+05,2.079770e+06,2.518141e+06,6.462916e-04,-6.775681e-03,-8.526429e-03,3.886214e-18,62,43686
0.000000e+00,-5.711953e-08,2.149999e-07,2.473893e-07,0.000000e+00,0.000000e+00,0.000000e+00,2.147532e+07,-6.592935e+07,-5.929933e+07,5.240061e-18,63,0
9.047727e-10,-9.332655e-04,2.866900e-03,2.500447e-03,-1.031694e+06,3.169207e+06,2.763993e+06,1.917519e-01,-5.768440e-01,-4.743457e-01,5.240061e-18,63,3981
9.045000e-09,-9.331672e-03,2.866552e-02,2.500043e-02,-1.031721e+06,3.169289e+06,2.764061e+06,1.870973e-03,-5.645110e-03,-4.808992e-03,5.240061e-18,63,39798
0.000000e+00,-1.607555e-07,1.597573e-07,3.160491e-07,0.000000e+00,0.000000e+00,0.000000e+00,3.974961e+07,-3.313359e+07,-5.091884e+07,4.574449e-18,64,0
9.729545e-10,-2.052628e-03,1.701718e-03,2.500411e-03,-2.110288e+06,1.749473e+06,2.570447e+06,5.111094e-01,-4.057761e-01,-5.772692e-01,4.574449e-18,64,4281
9.725909e-09,-2.052445e-02,1.701523e-02,2.500006e-02,-2.110367e+06,1.749535e+06,2.570536e+06,4.966438e-03,-3.954158e-03,-5.851433e-03,4.574449e-18,64,42794
0.000000e+00,6.178176e-08,1.293678e-07,5.163777e-07,0.000000e+00,0.000000e+00,0.000000e+00,-7.544524e+06,-1.761850e+07,-3.880118e+07,3.497784e-18,65,0
9.954545e-10,5.775023e-04,1.135216e-03,2.500397e-03,5.805390e+05,1.141107e+06,2.513135e+06,-3.006005e-01,-5.550193e-01,-1.212819e+00,3.497784e-18,65,4380
9.947727e-09,5.774996e-03,1.135137e-02,2.500008e-02,5.805862e+05,1.141195e+06,2.513326e+06,-2.889452e-03,-5.811906e-03,-1.270983e-02,3.497784e-18,65,43770
0.000000e+00,4.158358e-08,1.776485e-07,4.220012e-07,0.000000e+00,0.000000e+00,0.000000e+00,-5.106457e+06,-2.872490e+07,-4.194541e+07,3.997852e-18,66,0
9.931818e-10,3.575337e-04,1.724749e-03,2.500418e-03,3.602182e+05,1.737480e+06,2.518646e+06,-1.783223e-01,-7.062421e-01,-9.753138e-01,3.997852e-18,66,4370
9.926136e-09,3.575553e-03,1.724640e-02,2.500050e-02,3.602461e+05,1.737591e+06,2.518799e+06,-1.722498e-03,-6.682042e-03,-9.961544e-03,3.997852e-18,66,43675
0.000000e+00,-1.087932e-08,-8.516800e-08,4.844015e-07,0.000000e+00,0.000000e+00,0.000000e+00,2.571332e+06,1.280897e+07,-4.658819e+07,3.796172e-18,67,0
8.577273e-10,-1.989840e-04,-7.012961e-04,2.500440e-03,-2.321891e+05,-8.181272e+05,2.916726e+06,1.610767e-01,4.656847e-01,-1.608627e+00,3.796172e-18,67,3774
8.571364e-09,-1.990145e-03,-7.012434e-03,2.500040e-02,-2.322109e+05,-8.181903e+05,2.916944e+06,1.625567e-03,4.587561e-03,-1.622624e-02,3.796172e-18,67,37714
0.000000e+00,1.149703e-08,2.828622e-08,3.301269e-07,0.000000e+00,0.000000e+00,0.000000e+00,-6.050984e+06,-5.764499e+06,-8.738347e+07,5.387279e-18,68,0
5.829545e-10,1.816991e-04,1.673791e-04,2.500282e-03,3.118013e+05,2.871758e+05,4.290048e+06,-1.526047e-01,-1.140398e-01,-1.862331e+00,5.387279e-18,68,2565
5.827500e-09,1.817016e-03,1.673531e-03,2.500038e-02,3.118153e+05,2.871863e+05,4.290219e+06,-1.463570e-03,-1.156480e-03,-1.870886e-02,5.387279e-18,68,25641
0.000000e+00,-1.259843e-07,1.898173e-07,5.379466e-07,0.000000e+00,0.000000e+00,0.000000e+00,1.351465e+07,-1.952927e+07,-3.363936e+07,3.155301e-18,69,0
1.100909e-09,-1.093985e-03,1.491937e-03,2.500082e-03,-9.942968e+05,1.355961e+06,2.271945e+06,4.108675e-01,-5.605997e-01,-8.829522e-01,3.155301e-18,69,4844
1.100386e-08,-1.094105e-02,1.492076e-02,2.500031e-02,-9.943681e+05,1.356059e+06,2.272099e+06,3.779850e-03,-5.531996e-03,-9.231176e-03,3.155301e-18,69,48417
0.000000e+00,-7.577179e-08,1.000208e-07,3.655542e-07,0.000000e+00,0.000000e+00,0.000000e+00,1.773627e+07,-2.194756e+07,-6.227049e+07,4.682523e-18,70,0
7.409091e-10,-7.567536e-04,8.998096e-04,2.500237e-03,-1.021793e+06,1.214893e+06,3.375639e+06,4.413498e-01,-4.846635e-01,-1.390841e+00,4.682523e-18,70,3260
7.406136e-09,-7.567521e-03,8.997660e-03,2.500054e-02,-1.021845e+06,1.214950e+06,3.375802e+06,4.390780e-03,-4.822702e-03,-1.403122e-02,4.682523e-18,70,32587
0.000000e+00,1.571704e-07,1.340543e-07,2.557468e-07,0.000000e+00,0.000000e+00,0.000000e+00,-5.033447e+07,-4.453590e+07,-6.534825e+07,5.301488e-18,71,0
8.265909e-10,1.976111e-03,1.748827e-03,2.500304e-03,2.391102e+06,2.116095e+06,3.025254e+06,-4.890655e-01,-4.343127e-01,-5.864407e-01,5.301488e-18,71,3637
8.263864e-09,1.975978e-02,1.748715e-02,2.500041e-02,2.391166e+06,2.116151e+06,3.025331e+06,-4.843352e-03,-4.288904e-03,-5.905165e-03,5.301488e-18,71,36361
0.000000e+00,-7.081194e-08,2.709566e-07,3.183181e-07,0.000000e+00,0.000000e+00,0.000000e+00,1.468277e+07,-5.268125e+07,-3.847631e+07,4.179614e-18,72,0
1.290455e-09,-1.019116e-03,3.663343e-03,2.500068e-03,-7.899462e+05,2.839510e+06,1.937662e+06,1.331370e-01,-4.545061e-01,-2.761681e-01,4.179614e-18,72,5678
1.290227e-08,-1.019209e-02,3.663610e-02,2.500039e-02,-7.899733e+05,2.839602e+06,1.937719e+06,1.268866e-03,-4.296285e-03,-2.934343e-03,4.179614e-18,72,56770
0.000000e+00,-4.020940e-08,-1.770057e-07,2.405305e-07,0.000000e+00,0.000000e+00,0.000000e+00,1.777404e+07,7.065294e+07,-7.920348e+07,5.738316e-18,73,0
7.061364e-10,-5.705754e-04,-2.268861e-03,2.500260e-03,-8.081417e+05,-3.213525e+06,3.541161e+06,1.639626e-01,6.726483e-01,-7.138494e-01,5.738316e-18,73,3107
7.060000e-09,-5.705494e-03,-2.268755e-02,2.500073e-02,-8.081600e+05,-3.213600e+06,3.541241e+06,1.643832e-03,6.688124e-03,-7.162469e-03,5.738316e-18,73,31064
0.000000e+00,-6.319872e-08,-1.469654e-08,6.310280e-07,0.000000e+00,0.000000e+00,0.000000e+00,7.264506e+06,-1.423622e+06,-2.754409e+07,2.997503e-18,74,0
1.041136e-09,-6.236833e-04,2.024085e-04,2.500455e-03,-5.996355e+05,1.946200e+05,2.403646e+06,4.091498e-01,-1.204797e-01,-1.568733e+00,2.997503e-18,74,4581
1.040091e-08,-6.236656e-03,2.024161e-03,2.500003e-02,-5.997028e+05,1.946399e+05,2.403904e+06,4.003260e-03,-1.250777e-03,-1.606043e-02,2.997503e-18,74,45764
0.000000e+00,-4.215811e-09,-1.137926e-07,4.561224e-07,0.000000e+00,0.000000e+00,0.000000e+00,2.149126e+06,1.516156e+07,-4.657340e+07,3.946873e-18,75,0
8.940909e-10,-1.685381e-04,-9.468452e-04,2.500506e-03,-1.886743e+05,-1.059699e+06,2.798145e+06,1.295472e-01,5.992672e-01,-1.443334e+00,3.946873e-18,75,3934
8.934545e-09,-1.685687e-03,-9.467870e-03,2.500022e-02,-1.886926e+05,-1.059784e+06,2.798349e+06,1.325387e-03,5.631276e-03,-1.467756e-02,3.946873e-18,75,39312
0.000000e+00,-9.936988e-08,-9.238612e-08,3.062407e-07,0.000000e+00,0.000000e+00,0.000000e+00,2.869429e+07,2.757669e+07,-6.926751e+07,5.280607e-18,76,0
7.200000e-10,-1.069321e-03,-1.038490e-03,2.500700e-03,-1.485607e+06,-1.442780e+06,3.474050e+06,5.190596e-01,5.005520e-01,-1.169921e+00,5.280607e-18,76,3168
7.196364e-09,-1.069097e-02,-1.038276e-02,2.500063e-02,-1.485666e+06,-1.442837e+06,3.474183e+06,5.168898e-03,4.982174e-03,-1.176507e-02,5.280607e-18,76,31664
0.000000e+00,-2.625084e-07,-9.985495e-08,4.486349e-07,0.000000e+00,0.000000e+00,0.000000e+00,3.286701e+07,1.461164e+07,-3.147298e+07,3.423182e-18,77,0
1.300227e-09,-2.741056e-03,-1.203577e-03,2.500356e-03,-2.109011e+06,-9.260481e+05,1.923582e+06,5.280429e-01,2.255836e-01,-4.434205e-01,3.423182e-18,77,5721
1.299659e-08,-2.740987e-02,-1.203542e-02,2.500015e-02,-2.109119e+06,-9.260945e+05,1.923673e+06,5.017198e-03,2.265892e-03,-4.663179e-03,3.423182e-18,77,57185
0.000000e+00,-1.352064e-07,1.563104e-07,2.585497e-07,0.000000e+00,0.000000e+00,0.000000e+00,5.208660e+07,-5.951047e+07,-6.667542e+07,5.298195e-18,78,0
8.318182e-10,-1.972062e-03,2.266947e-03,2.500127e-03,-2.371117e+06,2.725673e+06,3.005898e+06,3.981645e-01,-4.538519e-01,-4.764210e-01,5.298195e-18,78,3660
8.317045e-09,-1.972074e-02,2.266960e-02,2.500034e-02,-2.371169e+06,2.725733e+06,3.005961e+06,3.915344e-03,-4.474523e-03,-4.817799e-03,5.298195e-18,78,36595
0.000000e+00,1.110000e-07,1.428625e-07,4.327242e-07,0.000000e+00,0.000000e+00,0.000000e+00,-1.575761e+07,-1.975571e+07,-4.429605e+07,3.924233e-18,79,0
9.534091e-10,1.015636e-03,1.192241e-03,2.500007e-03,1.065862e+06,1.251156e+06,2.623302e+06,-4.801933e-01,-5.474038e-01,-1.084477e+00,3.924233e-18,79,4195
9.530000e-09,1.015761e-02,1.192348e-02,2.500015e-02,1.065935e+06,1.251238e+06,2.623465e+06,-4.725965e-03,-5.362924e-03,-1.107773e-02,3.924233e-18,79,41932
0.000000e+00,3.396915e-08,1.261426e-07,4.239739e-07,0.000000e+00,0.000000e+00,0.000000e+00,-9.090169e+06,-2.008449e+07,-5.137532e+07,4.155221e-18,80,0
8.209091e-10,4.660895e-04,9.965100e-04,2.500626e-03,5.681016e+05,1.214485e+06,3.047472e+06,-2.964765e-01,-5.714847e-01,-1.443798e+00,4.155221e-18,80,3612
8.203636e-09,4.660463e-03,9.963173e-03,2.500042e-02,5.681400e+05,1.214559e+06,3.047659e+06,-2.897402e-03,-5.667100e-03,-1.456528e-02,4.155221e-18,80,36096
0.000000e+00,2.556620e-07,-1.031217e-07,3.669822e-07,0.000000e+00,0.000000e+00,0.000000e+00,-4.385427e+07,1.455355e+07,-3.350993e+07,3.899094e-18,81,0
1.347045e-09,3.420520e-03,-1.170964e-03,2.500229e-03,2.540074e+06,-8.695605e+05,1.856478e+06,-4.646810e-01,1.656226e-01,-3.115835e-01,3.899094e-18,81,5927
1.346636e-08,3.420548e-02,-1.170980e-02,2.500014e-02,2.540173e+06,-8.695957e+05,1.856544e+06,-4.467883e-03,1.539527e-03,-3.252889e-03,3.899094e-18,81,59252
0.000000e+00,-2.035030e-08,-2.544555e-08,2.107383e-07,0.000000e+00,0.000000e+00,0.000000e+00,2.329817e+07,2.974015e+07,-2.082355e+08,7.980234e-18,82,0
2.943182e-10,-2.805169e-04,-3.580925e-04,2.501873e-03,-9.531209e+05,-1.216705e+06,8.500562e+06,2.052077e-01,2.658632e-01,-1.780822e+00,7.980234e-18,82,1295
2.941136e-09,-2.803275e-03,-3.578517e-03,2.500150e-02,-9.531304e+05,-1.216717e+06,8.500645e+06,2.053808e-03,2.666820e-03,-1.783540e-02,7.980234e-18,82,12941
0.000000e+00,1.036102e-07,-3.309879e-08,6.618696e-07,0.000000e+00,0.000000e+00,0.000000e+00,-6.146998e+06,1.864137e+05,-3.918095e+07,2.794588e-18,83,0
8.968182e-10,4.396178e-04,-8.337091e-06,2.500457e-03,4.904925e+05,-9.264457e+03,2.789709e+06,-2.963200e-01,-9.524279e-04,-1.702659e+00,2.794588e-18,83,3946
8.961591e-09,4.395609e-03,-8.305240e-05,2.500043e-02,4.905345e+05,-9.264402e+03,2.789950e+06,-2.849378e-03,-3.281703e-05,-1.723242e-02,2.794588e-18,83,39431
0.000000e+00,1.593882e-07,7.783788e-08,3.888945e-07,0.000000e+00,0.000000e+00,0.000000e+00,-2.873120e+07,-1.421472e+07,-4.696614e+07,4.250826e-18,84,0
9.336364e-10,1.643602e-03,7.566428e-04,2.500504e-03,1.761224e+06,8.107882e+05,2.679198e+06,-6.627236e-01,-3.140379e-01,-9.535836e-01,4.250826e-18,84,4108
9.331136e-09,1.643416e-02,7.565559e-03,2.500005e-02,1.761322e+06,8.108345e+05,2.679339e+06,-6.440789e-03,-3.110946e-03,-9.673541e-03,4.250826e-18,84,41057
0.000000e+00,1.591212e-08,-2.062269e-07,4.768510e-07,0.000000e+00,0.000000e+00,0.000000e+00,-3.423654e+05,2.874971e+07,-3.482499e+07,3.546942e-18,85,0
1.129545e-09,6.160795e-05,-2.144924e-03,2.500464e-03,5.456025e+04,-1.899966e+06,2.214592e+06,-1.589743e-02,7.001821e-01,-7.467648e-01,3.546942e-18,85,4970
1.128886e-08,6.159269e-04,-2.144834e-02,2.500033e-02,5.456310e+04,-1.900091e+06,2.214725e+06,-1.308766e-04,6.691924e-03,-7.754899e-03,3.546942e-18,85,49671
0.000000e+00,1.282075e-07,3.625394e-08,2.836388e-07,0.000000e+00,0.000000e+00,0.000000e+00,-4.693764e+07,-1.372938e+07,-8.721526e+07,5.602479e-18,86,0
6.213636e-10,1.371800e-03,4.032783e-04,2.500778e-03,2.208157e+06,6.491560e+05,4.025328e+06,-6.839460e-01,-2.063394e-01,-1.228131e+00,5.602479e-18,86,2734
6.210682e-09,1.371420e-02,4.031711e-03,2.500017e-02,2.208225e+06,6.491762e+05,4.025448e+06,-6.807879e-03,-2.058055e-03,-1.231684e-02,5.602479e-18,86,27327
0.000000e+00,1.697638e-07,-7.213371e-08,3.174944e-07,0.000000e+00,0.000000e+00,0.000000e+00,-4.048394e+07,2.024327e+07,-6.186827e+07,4.837368e-18,87,0
8.018182e-10,1.704336e-03,-8.507454e-04,2.500022e-03,2.126188e+06,-1.061343e+06,3.118671e+06,-6.528190e-01,3.348286e-01,-9.253241e-01,4.837368e-18,87,3528
8.016364e-09,1.704431e-02,-8.508103e-03,2.500051e-02,2.126271e+06,-1.061385e+06,3.118788e+06,-6.485262e-03,3.298755e-03,-9.306584e-03,4.837368e-18,87,35272
0.000000e+00,-4.449869e-08,-5.594282e-08,3.018588e-07,0.000000e+00,0.000000e+00,0.000000e+00,1.363311e+07,2.123005e+07,-8.783485e+07,5.695630e-18,88,0
5.911364e-10,-4.060279e-04,-6.295772e-04,2.500235e-03,-6.870394e+05,-1.065335e+06,4.230488e+06,2.767395e-01,4.408763e-01,-1.642803e+00,5.695630e-18,88,2601
5.909545e-09,-4.060098e-03,-6.295648e-03,2.500038e-02,-6.870652e+05,-1.065377e+06,4.230641e+06,2.751048e-03,4.335196e-03,-1.648907e-02,5.695630e-18,88,26002
0.000000e+00,1.041104e-07,3.189573e-08,1.713604e-07,0.000000e+00,0.000000e+00,0.000000e+00,-1.270242e+08,-3.843939e+07,-1.919963e+08,8.314133e-18,89,0
3.209091e-10,1.655918e-03,5.010686e-04,2.500009e-03,5.160064e+06,1.561397e+06,7.790309e+06,-6.946530e-01,-2.109757e-01,-1.029848e+00,8.314133e-18,89,1412
3.209318e-09,1.656038e-02,5.011047e-03,2.500173e-02,5.160100e+06,1.561407e+06,7.790361e+06,-6.948163e-03,-2.108753e-03,-1.030207e-02,8.314133e-18,89,14121
0.000000e+00,-1.195423e-07,-5.599407e-08,4.319868e-07,0.000000e+00,0.000000e+00,0.000000e+00,2.171257e+07,1.109226e+07,-4.601949e+07,4.085761e-18,90,0
9.088636e-10,-1.237356e-03,-6.408125e-04,2.500235e-03,-1.362166e+06,-7.054450e+05,2.752147e+06,6.188302e-01,3.117886e-01,-1.200281e+00,4.085761e-18,90,3999
9.083864e-09,-1.237366e-02,-6.408128e-03,2.500020e-02,-1.362255e+06,-7.054897e+05,2.752320e+06,6.031382e-03,3.016126e-03,-1.212782e-02,4.085761e-18,90,39969
0.000000e+00,8.538919e-10,1.097352e-07,3.804731e-07,0.000000e+00,0.000000e+00,0.000000e+00,2.710361e+05,-2.261314e+07,-6.026054e+07,4.595389e-18,91,0
7.425000e-10,-2.124374e-05,9.549911e-04,2.500398e-03,-2.862332e+04,1.286713e+06,3.368782e+06,6.016969e-03,-5.884452e-01,-1.541325e+00,4.595389e-18,91,3267
7.421136e-09,-2.124124e-04,9.548860e-03,2.500027e-02,-2.862404e+04,1.286782e+06,3.368963e+06,1.104648e-04,-5.818288e-03,-1.550239e-02,4.595389e-18,91,32653
0.000000e+00,2.184770e-07,2.069605e-10,5.213932e-07,0.000000e+00,0.000000e+00,0.000000e+00,-2.592318e+07,7.210133e+05,-3.631009e+07,3.293275e-18,92,0
1.002955e-09,1.731207e-03,-4.978445e-05,2.500442e-03,1.727002e+06,-4.960520e+04,2.494084e+06,-7.232632e-01,-9.388332e-03,-9.756351e-01,3.293275e-18,92,4413
1.002386e-08,1.731119e-02,-4.972574e-04,2.500050e-02,1.727117e+06,-4.960371e+04,2.494239e+06,-6.773537e-03,-1.635602e-04,-1.014328e-02,3.293275e-18,92,44105
0.000000e+00,-1.515168e-08,6.043830e-08,4.911497e-07,0.000000e+00,0.000000e+00,0.000000e+00,-5.083127e+06,-6.032412e+06,-4.480098e+07,3.798449e-18,93,0
8.670455e-10,1.861308e-04,3.985761e-04,2.500358e-03,2.148086e+05,4.599962e+05,2.885475e+06,-1.049436e-01,-2.694064e-01,-1.719840e+00,3.798449e-18,93,3815
8.664091e-09,1.861096e-03,3.985426e-03,2.500006e-02,2.148229e+05,4.600332e+05,2.885711e+06,-1.018828e-03,-2.696200e-03,-1.741222e-02,3.798449e-18,93,38122
0.000000e+00,-2.652724e-08,1.740780e-08,5.266519e-07,0.000000e+00,0.000000e+00,0.000000e+00,2.525294e+06,-2.489252e+06,-4.262390e+07,3.581777e-18,94,0
8.729545e-10,-1.079567e-04,1.447543e-04,2.500576e-03,-1.237568e+05,1.659349e+05,2.866246e+06,9.378865e-02,-1.002731e-01,-1.765149e+00,3.581777e-18,94,3841
8.722273e-09,-1.079447e-03,1.447320e-03,2.500023e-02,-1.237698e+05,1.659488e+05,2.866490e+06,9.036602e-04,-1.074321e-03,-1.790861e-02,3.581777e-18,94,38378
0.000000e+00,-2.707512e-07,4.127989e-09,3.201418e-07,0.000000e+00,0.000000e+00,0.000000e+00,4.984997e+07,-3.169475e+06,-3.743064e+07,4.221257e-18,95,0
1.260909e-09,-3.523880e-03,2.093839e-04,2.500139e-03,-2.795509e+06,1.661096e+05,1.983210e+06,5.075070e-01,-2.858869e-02,-3.320220e-01,4.221257e-18,95,5548
1.260591e-08,-3.523988e-02,2.093951e-03,2.500028e-02,-2.795610e+06,1.661153e+05,1.983276e+06,4.819198e-03,-3.166504e-04,-3.419152e-03,4.221257e-18,95,55466
0.000000e+00,-1.069710e-07,-1.447899e-07,3.951278e-07,0.000000e+00,0.000000e+00,0.000000e+00,2.036746e+07,2.179002e+07,-4.769231e+07,4.189859e-18,96,0
9.254545e-10,-1.168684e-03,-1.295394e-03,2.500453e-03,-1.263417e+06,-1.400386e+06,2.702872e+06,4.910231e-01,5.545021e-01,-1.007111e+00,4.189859e-18,96,4072
9.249545e-09,-1.168598e-02,-1.295289e-02,2.500042e-02,-1.263489e+06,-1.400467e+06,2.703019e+06,4.805591e-03,5.418691e-03,-1.018890e-02,4.189859e-18,96,40698
0.000000e+00,-6.971443e-09,1.808915e-07,5.984856e-07,0.000000e+00,0.000000e+00,0.000000e+00,7.264244e+05,-1.829931e+07,-3.538866e+07,2.972098e-18,97,0
1.008409e-09,-7.034636e-05,1.355322e-03,2.500362e-03,-6.981004e+04,1.344851e+06,2.480733e+06,3.551280e-02,-6.554029e-01,-1.169654e+00,2.972098e-18,97,4437
1.007773e-08,-7.035183e-04,1.355298e-02,2.500031e-02,-6.981570e+04,1.344955e+06,2.480919e+06,1.615418e-04,-6.244540e-03,-1.214059e-02,2.972098e-18,97,44342
0.000000e+00,1.468457e-07,1.370895e-07,2.110056e-07,0.000000e+00,0.000000e+00,0.000000e+00,-7.038387e+07,-6.405423e+07,-8.062744e+07,5.907080e-18,98,0
7.200000e-10,2.210648e-03,2.006552e-03,2.500639e-03,3.070614e+06,2.787116e+06,3.473319e+06,-4.435539e-01,-4.028519e-01,-4.793662e-01,5.907080e-18,98,3168
7.197727e-09,2.210152e-02,2.006097e-02,2.500014e-02,3.070665e+06,2.787162e+06,3.473373e+06,-4.411822e-03,-3.999166e-03,-4.810562e-03,5.907080e-18,98,31670
0.000000e+00,1.905874e-07,3.801620e-08,2.104755e-07,0.000000e+00,0.000000e+00,0.000000e+00,-9.220232e+07,-1.784940e+07,-7.924892e+07,6.003612e-18,99,0
7.300000e-10,2.946978e-03,5.715811e-04,2.500206e-03,4.037334e+06,7.830626e+05,3.425159e+06,-5.875770e-01,-1.169317e-01,-4.753171e-01,6.003612e-18,99,3212
7.299091e-09,2.946896e-02,5.715664e-03,2.500068e-02,4.037402e+06,7.830761e+05,3.425214e+06,-5.812614e-03,-1.136614e-03,-4.776909e-03,6.003612e-18,99,32116
0.000000e+00,1.234786e-07,-2.022460e-07,3.525834e-07,0.000000e+00,0.000000e+00,0.000000e+00,-2.460898e+07,3.854428e+07,-4.267709e+07,4.202807e-18,100,0
1.097955e-09,1.530411e-03,-2.390857e-03,2.500443e-03,1.394312e+06,-2.178259e+06,2.277895e+06,-3.186157e-01,5.180266e-01,-4.995863e-01,4.202807e-18,100,4831
1.097500e-08,1.530255e-02,-2.390635e-02,2.500002e-02,1.394367e+06,-2.178349e+06,2.277982e+06,-3.147966e-03,5.009826e-03,-5.123240e-03,4.202807e-18,100,48290
0.000000e+00,7.644667e-08,-2.176719e-08,4.880736e-07,0.000000e+00,0.000000e+00,0.000000e+00,-2.669253e+06,4.915447e+06,-3.838108e+07,3.797216e-18,101,0
8.995455e-10,2.345944e-04,-3.097965e-04,2.500445e-03,2.609951e+05,-3.446249e+05,2.781447e+06,-2.195753e-01,1.572996e-01,-1.610722e+00,3.797216e-18,101,3958
8.988182e-09,2.345898e-03,-3.097492e-03,2.500009e-02,2.610263e+05,-3.446473e+05,2.781676e+06,-1.634786e-03,2.193852e-03,-1.741332e-02,3.797216e-18,101,39548
0.000000e+00,1.291682e-07,-1.713383e-07,2.291217e-07,0.000000e+00,0.000000e+00,0.000000e+00,-4.543212e+07,6.482951e+07,-6.406967e+07,5.499796e-18,102,0
8.670455e-10,1.808491e-03,-2.589319e-03,2.500482e-03,2.086088e+06,-2.986796e+06,2.884202e+06,-3.248249e-01,4.723523e-01,-4.291204e-01,5.499796e-18,102,3815
8.667955e-09,1.808216e-02,-2.588946e-02,2.500026e-02,2.086132e+06,-2.986861e+06,2.884261e+06,-3.221619e-03,4.666027e-03,-4.314755e-03,5.499796e-18,102,38139
0.000000e+00,2.054057e-07,-4.935524e-08,3.898146e-07,0.000000e+00,0.000000e+00,0.000000e+00,-2.769919e+07,1.029706e+07,-4.799394e+07,4.097074e-18,103,0
9.413636e-10,1.657425e-03,-5.967356e-04,2.500041e-03,1.761457e+06,-6.342404e+05,2.656777e+06,-6.850290e-01,2.688249e-01,-1.001443e+00,4.097074e-18,103,4142
9.410000e-09,1.657527e-02,-5.968167e-03,2.500037e-02,1.761558e+06,-6.342804e+05,2.656926e+06,-6.673016e-03,2.548764e-03,-1.015252e-02,4.097074e-18,103,41404
0.000000e+00,2.344257e-07,6.072893e-08,3.442156e-07,0.000000e+00,0.000000e+00,0.000000e+00,-4.335865e+07,-1.112976e+07,-4.260082e+07,4.247202e-18,104,0
1.090000e-09,2.733330e-03,6.930088e-04,2.500070e-03,2.508477e+06,6.360100e+05,2.294210e+06,-6.109521e-01,-1.647072e-01,-5.208671e-01,4.247202e-18,104,4796
1.089705e-08,2.733493e-02,6.930618e-03,2.500022e-02,2.508582e+06,6.360384e+05,2.294300e+06,-5.898662e-03,-1.622121e-03,-5.352420e-03,4.247202e-18,104,47947
0.000000e+00,1.686168e-07,-1.440078e-07,2.693876e-07,0.000000e+00,0.000000e+00,0.000000e+00,-5.179241e+07,4.100828e+07,-5.358632e+07,5.020834e-18,105,0
9.831818e-10,2.487151e-03,-1.978968e-03,2.500525e-03,2.530192e+06,-2.013209e+06,2.543651e+06,-4.408536e-01,3.522761e-01,-4.188212e-01,5.020834e-18,105,4326
9.828409e-09,2.486778e-02,-1.978666e-02,2.500018e-02,2.530261e+06,-2.013264e+06,2.543717e+06,-4.293258e-03,3.437651e-03,-4.237681e-03,5.020834e-18,105,43245
0.000000e+00,-7.220171e-08,-1.652837e-07,2.686671e-07,0.000000e+00,0.000000e+00,0.000000e+00,2.506937e+07,5.601578e+07,-7.178949e+07,5.388970e-18,106,0
7.502273e-10,-8.954356e-04,-1.999539e-03,2.500282e-03,-1.193786e+06,-2.665757e+06,3.333204e+06,2.902062e-01,6.435575e-01,-7.742756e-01,5.388970e-18,106,3301
7.500455e-09,-8.953957e-03,-1.999443e-02,2.500068e-02,-1.193821e+06,-2.665833e+06,3.333296e+06,2.883842e-03,6.405634e-03,-7.797809e-03,5.388970e-18,106,33002
0.000000e+00,-1.045528e-08,-1.210835e-09,4.838798e-07,0.000000e+00,0.000000e+00,0.000000e+00,5.921982e+06,1.561175e+06,-5.368814e+07,3.881393e-18,107,0
7.638636e-10,-2.453528e-04,-1.068879e-04,2.500564e-03,-3.214029e+05,-1.400440e+05,3.275061e+06,1.969857e-01,9.738566e-02,-1.817345e+00,3.881393e-18,107,3361
7.633636e-09,-2.453453e-03,-1.069025e-03,2.500074e-02,-3.214267e+05,-1.400558e+05,3.275281e+06,1.997416e-03,8.021529e-04,-1.831563e-02,3.881393e-18,107,33588
0.000000e+00,1.178157e-07,-5.416804e-08,2.154660e-07,0.000000e+00,0.000000e+00,0.000000e+00,-7.773621e+07,3.705232e+07,-1.312916e+08,6.825967e-18,108,0
4.550000e-10,1.487149e-03,-7.096381e-04,2.500693e-03,3.268623e+06,-1.559730e+06,5.496243e+06,-6.500208e-01,3.145293e-01,-1.076546e+00,6.825967e-18,108,2002
4.548636e-09,1.486786e-02,-7.094681e-03,2.500058e-02,3.268669e+06,-1.559752e+06,5.496320e+06,-6.549921e-03,3.178520e-03,-1.085662e-02,6.825967e-18,108,20014
0.000000e+00,-9.151559e-08,-1.199648e-07,1.462803e-07,0.000000e+00,0.000000e+00,0.000000e+00,1.015011e+08,1.350547e+08,-1.428329e+08,7.985876e-18,109,0
4.309091e-10,-1.780146e-03,-2.368555e-03,2.500882e-03,-4.131145e+06,-5.496656e+06,5.803687e+06,3.561212e-01,4.734990e-01,-4.881631e-01,7.985876e-18,109,1896
4.307727e-09,-1.779592e-02,-2.367819e-02,2.500083e-02,-4.131169e+06,-5.496688e+06,5.803720e+06,3.557072e-03,4.732540e-03,-4.889267e-03,7.985876e-18,109,18954
0.000000e+00,2.463360e-08,2.639056e-07,4.200234e-07,0.000000e+00,0.000000e+00,0.000000e+00,1.747206e+04,-3.584116e+07,-3.935712e+07,3.659631e-18,110,0
1.100909e-09,4.108211e-05,2.483246e-03,2.500349e-03,3.735242e+04,2.256554e+06,2.271875e+06,-3.110030e-02,-6.734925e-01,-6.365879e-01,3.659631e-18,110,4844
1.100409e-08,4.110342e-04,2.483127e-02,2.500005e-02,3.735780e+04,2.256671e+06,2.271986e+06,-1.895644e-04,-6.381458e-03,-6.592297e-03,3.659631e-18,110,48418
0.000000e+00,1.010780e-08,-1.317036e-07,4.688226e-07,0.000000e+00,0.000000e+00,0.000000e+00,-2.593293e+06,1.737714e+07,-4.593800e+07,3.817189e-18,111,0
9.077273e-10,1.495982e-04,-9.590356e-04,2.500465e-03,1.648476e+05,-1.057184e+06,2.756102e+06,-3.091281e-02,5.909138e-01,-1.448316e+00,3.817189e-18,111,3994
9.070909e-09,1.495309e-03,-9.589596e-03,2.500043e-02,1.648520e+05,-1.057269e+06,2.756310e+06,-6.909045e-04,5.548442e-03,-1.470657e-02,3.817189e-18,111,39912
0.000000e+00,-2.503688e-07,-2.326555e-08,4.180606e-07,0.000000e+00,0.000000e+00,0.000000e+00,5.702475e+07,6.447714e+06,-3.174005e+07,3.734727e-18,112,0
1.445227e-09,-4.384933e-03,-5.069525e-04,2.500341e-03,-3.034785e+06,-3.508676e+05,1.730262e+06,3.870799e-01,4.686605e-02,-2.046537e-01,3.734727e-18,112,6359
1.444864e-08,-4.384843e-02,-5.069543e-03,2.500015e-02,-3.034873e+06,-3.508783e+05,1.730309e+06,3.713656e-03,4.290330e-04,-2.113084e-03,3.734727e-18,112,63574
0.000000e+00,2.237245e-07,-1.936789e-08,2.329682e-07,0.000000e+00,0.000000e+00,0.000000e+00,-7.900626e+07,7.561464e+06,-5.767987e+07,5.355263e-18,113,0
9.581818e-10,3.517252e-03,-3.409339e-04,2.500134e-03,3.671279e+06,-3.558737e+05,2.609491e+06,-5.144951e-01,5.528108e-02,-3.369197e-01,5.355263e-18,113,4216
9.580455e-09,3.517257e-02,-3.409434e-03,2.500024e-02,3.671356e+06,-3.558821e+05,2.609542e+06,-4.996672e-03,4.992159e-04,-3.452843e-03,5.355263e-18,113,42154
0.000000e+00,-1.645636e-07,1.406422e-07,4.207739e-07,0.000000e+00,0.000000e+00,0.000000e+00,2.704473e+07,-1.666837e+07,-4.501803e+07,3.860208e-18,114,0
9.627273e-10,-1.612260e-03,1.005782e-03,2.500087e-03,-1.675431e+06,1.045126e+06,2.597789e+06,6.194255e-01,-3.617486e-01,-9.119423e-01,3.860208e-18,114,4236
9.623636e-09,-1.612369e-02,1.005792e-02,2.500030e-02,-1.675526e+06,1.045181e+06,2.597928e+06,5.995383e-03,-3.528992e-03,-9.254063e-03,3.860208e-18,114,42344
0.000000e+00,-1.052556e-07,-3.496634e-08,5.437077e-07,0.000000e+00,0.000000e+00,0.000000e+00,8.248758e+06,3.035705e+06,-3.765313e+07,3.401873e-18,115,0
9.493182e-10,-6.902720e-04,-2.223763e-04,2.500154e-03,-7.277012e+05,-2.344296e+05,2.635327e+06,4.661463e-01,1.499388e-01,-1.554739e+00,3.401873e-18,115,4177
9.486591e-09,-6.903349e-03,-2.223924e-03,2.500030e-02,-7.277711e+05,-2.344521e+05,2.635560e+06,4.337146e-03,1.473137e-03,-1.581376e-02,3.401873e-18,115,41741
0.000000e+00,1.387650e-07,5.301094e-08,5.720383e-07,0.000000e+00,0.000000e+00,0.000000e+00,-1.328225e+07,-6.292567e+06,-4.043382e+07,3.191939e-18,116,0
9.231818e-10,8.755833e-04,3.747791e-04,2.500313e-03,9.490623e+05,4.062010e+05,2.709765e+06,-5.460047e-01,-2.126762e-01,-1.438502e+00,3.191939e-18,116,4062
9.225909e-09,8.755936e-03,3.747568e-03,2.500019e-02,9.491419e+05,4.062320e+05,2.709975e+06,-4.903384e-03,-2.043376e-03,-1.485983e-02,3.191939e-18,116,40594
0.000000e+00,-1.255251e-08,1.680852e-07,2.044320e-07,0.000000e+00,0.000000e+00,0.000000e+00,6.823731e+06,-9.994178e+07,-9.962057e+07,6.469460e-18,117,0
5.929545e-10,-1.721997e-04,2.529354e-03,2.500602e-03,-2.904246e+05,4.265976e+06,4.217385e+06,4.106319e-02,-6.709177e-01,-6.358778e-01,6.469460e-18,117,2609
5.927955e-09,-1.721632e-03,2.528862e-02,2.500061e-02,-2.904285e+05,4.266039e+06,4.217444e+06,4.311435e-04,-6.669211e-03,-6.405737e-03,6.469460e-18,117,26083
0.000000e+00,1.608480e-07,1.790082e-08,4.957581e-07,0.000000e+00,0.000000e+00,0.000000e+00,-2.575430e+07,2.241979e+06,-4.342835e+07,3.603247e-18,118,0
9.268182e-10,1.474168e-03,-1.028992e-04,2.500146e-03,1.591363e+06,-1.111092e+05,2.698713e+06,-6.889762e-01,5.878432e-02,-1.184383e+00,3.603247e-18,118,4078
9.263636e-09,1.474177e-02,-1.029256e-03,2.500002e-02,1.591464e+06,-1.111178e+05,2.698886e+06,-6.611845e-03,5.187387e-04,-1.196288e-02,3.603247e-18,118,40760
0.000000e+00,8.099100e-08,6.453118e-08,5.235725e-07,0.000000e+00,0.000000e+00,0.000000e+00,-8.623775e+06,-7.423852e+06,-4.065485e+07,3.528134e-18,119,0
9.197727e-10,4.550749e-04,4.544062e-04,2.500011e-03,4.950245e+05,4.943479e+05,2.719752e+06,-2.506617e-01,-2.705318e-01,-1.617347e+00,3.528134e-18,119,4047
9.192045e-09,4.550302e-03,4.544056e-03,2.500015e-02,4.950609e+05,4.943873e+05,2.719987e+06,-2.452415e-03,-2.529465e-03,-1.656216e-02,3.528134e-18,119,40445
0.000000e+00,-5.877972e-08,8.196461e-08,2.226156e-07,0.000000e+00,0.000000e+00,0.000000e+00,4.406796e+07,-5.955571e+07,-1.402387e+08,7.030290e-18,120,0
4.256818e-10,-7.902537e-04,1.066747e-03,2.500365e-03,-1.856565e+06,2.506123e+06,5.874038e+06,4.309655e-01,-5.642884e-01,-1.297868e+00,7.030290e-18,120,1873
4.256136e-09,-7.901833e-03,1.066646e-02,2.500088e-02,-1.856594e+06,2.506161e+06,5.874126e+06,4.287695e-03,-5.633783e-03,-1.299790e-02,7.030290e-18,120,18727
0.000000e+00,2.202046e-07,-4.494570e-08,4.329646e-07,0.000000e+00,0.000000e+00,0.000000e+00,-3.115898e+07,7.535735e+06,-3.808324e+07,3.752985e-18,121,0
1.129091e-09,2.284102e-03,-4.707923e-04,2.500151e-03,2.023952e+06,-4.171480e+05,2.215096e+06,-6.779753e-01,1.329759e-01,-6.781826e-01,3.752985e-18,121,4968
1.128614e-08,2.284249e-02,-4.707983e-03,2.500000e-02,2.024073e+06,-4.171717e+05,2.215217e+06,-6.358506e-03,1.300143e-03,-7.071374e-03,3.752985e-18,121,49659
0.000000e+00,-8.223025e-08,3.122049e-08,2.408101e-07,0.000000e+00,0.000000e+00,0.000000e+00,5.735781e+07,-1.916142e+07,-1.363315e+08,6.738728e-18,122,0
4.343182e-10,-1.059479e-03,3.526736e-04,2.500344e-03,-2.439608e+06,8.120663e+05,5.757257e+06,6.283955e-01,-1.950504e-01,-1.427020e+00,6.738728e-18,122,1911
4.342500e-09,-1.059405e-02,3.526420e-03,2.500107e-02,-2.439651e+06,8.120797e+05,5.757355e+06,6.251233e-03,-1.967593e-03,-1.429483e-02,6.738728e-18,122,19107
0.000000e+00,-5.596974e-08,2.664143e-07,3.038196e-07,0.000000e+00,0.000000e+00,0.000000e+00,7.640913e+06,-5.460839e+07,-3.723655e+07,4.330563e-18,123,0
1.312955e-09,-5.360663e-04,3.879193e-03,2.500266e-03,-4.083722e+05,2.955299e+06,1.904611e+06,5.961064e-02,-4.590910e-01,-2.601476e-01,4.330563e-18,123,5777
1.312614e-08,-5.360363e-03,3.879161e-02,2.500031e-02,-4.083846e+05,2.955394e+06,1.904665e+06,6.138028e-04,-4.297511e-03,-2.755415e-03,4.330563e-18,123,57755
0.000000e+00,1.875446e-07,-1.481619e-07,4.288729e-07,0.000000e+00,0.000000e+00,0.000000e+00,-2.727728e+07,2.121660e+07,-3.539541e+07,3.706253e-18,124,0
1.175909e-09,1.942004e-03,-1.616730e-03,2.500298e-03,1.652208e+06,-1.375523e+06,2.127014e+06,-4.816159e-01,4.218457e-01,-6.058301e-01,3.706253e-18,124,5174
1.175364e-08,1.941939e-02,-1.616732e-02,2.500026e-02,1.652297e+06,-1.375601e+06,2.127127e+06,-4.674486e-03,4.056745e-03,-6.232492e-03,3.706253e-18,124,51716
0.000000e+00,-8.512114e-09,1.091033e-07,4.840347e-07,0.000000e+00,0.000000e+00,0.000000e+00,-4.031580e+06,-1.543598e+07,-3.954206e+07,3.773121e-18,125,0
9.513636e-10,1.775703e-04,9.944512e-04,2.500405e-03,1.867454e+05,1.045906e+06,2.629760e+06,-7.018113e-02,-4.876186e-01,-1.398861e+00,3.773121e-18,125,4186
9.506591e-09,1.775294e-03,9.942930e-03,2.500009e-02,1.867559e+05,1.045979e+06,2.629970e+06,-5.096579e-04,-5.060103e-03,-1.441554e-02,3.773121e-18,125,41829
0.000000e+00,-1.250500e-07,-1.270960e-07,2.975225e-07,0.000000e+00,0.000000e+00,0.000000e+00,3.737687e+07,3.782885e+07,-6.208687e+07,5.079125e-18,126,0
8.229545e-10,-1.562494e-03,-1.578230e-03,2.500129e-03,-1.899125e+06,-1.918244e+06,3.038572e+06,5.025205e-01,5.017922e-01,-7.545290e-01,5.079125e-18,126,3621
8.227727e-09,-1.562549e-02,-1.578279e-02,2.500066e-02,-1.899191e+06,-1.918309e+06,3.038670e+06,4.953647e-03,4.965178e-03,-7.632518e-03,5.079125e-18,126,36202
0.000000e+00,-5.448533e-08,-2.083199e-07,3.986490e-07,0.000000e+00,0.000000e+00,0.000000e+00,5.908110e+06,3.628054e+07,-4.263624e+07,3.994915e-18,127,0
9.911364e-10,-3.101967e-04,-2.132206e-03,2.500048e-03,-3.130651e+05,-2.152162e+06,2.523203e+06,9.790579e-02,7.145329e-01,-7.696699e-01,3.994915e-18,127,4361
9.908182e-09,-3.101925e-03,-2.132396e-02,2.500046e-02,-3.130804e+05,-2.152274e+06,2.523324e+06,1.027806e-03,6.874853e-03,-7.841273e-03,3.994915e-18,127,43596
0.000000e+00,-1.796600e-07,6.479026e-08,2.264482e-07,0.000000e+00,0.000000e+00,0.000000e+00,7.767368e+07,-2.684210e+07,-7.841201e+07,5.827645e-18,128,0
7.240909e-10,-2.514170e-03,8.690488e-04,2.500142e-03,-3.472595e+06,1.200330e+06,3.453112e+06,6.173830e-01,-2.082610e-01,-5.882166e-01,5.827645e-18,128,3186
7.240000e-09,-2.514166e-02,8.690419e-03,2.500067e-02,-3.472665e+06,1.200354e+06,3.453180e+06,6.118217e-03,-2.072815e-03,-5.905650e-03,5.827645e-18,128,31856
0.000000e+00,2.365646e-07,1.324878e-07,4.395420e-07,0.000000e+00,0.000000e+00,0.000000e+00,-2.889508e+07,-1.176615e+06,-3.186919e+07,3.528974e-18,129,0
1.222955e-09,2.416857e-03,2.694670e-04,2.500324e-03,1.977275e+06,2.203772e+05,2.045332e+06,-6.401132e-01,-6.073295e-02,-6.232027e-01,3.528974e-18,129,5381
1.222295e-08,2.416801e-02,2.693723e-03,2.500007e-02,1.977399e+06,2.203890e+05,2.045452e+06,-6.382464e-03,-6.806194e-04,-6.642177e-03,3.528974e-18,129,53781
0.000000e+00,-3.193429e-08,-6.460099e-09,3.039475e-07,0.000000e+00,0.000000e+00,0.000000e+00,1.288324e+07,5.354757e+06,-1.017995e+08,5.783885e-18,130,0
5.311364e-10,-3.252307e-04,-1.391012e-04,2.500613e-03,-6.124685e+05,-2.619843e+05,4.708908e+06,2.476431e-01,1.312284e-01,-1.838707e+00,5.783885e-18,130,2337
5.309091e-09,-3.251660e-03,-1.390894e-03,2.500017e-02,-6.124893e+05,-2.619953e+05,4.709062e+06,2.464288e-03,1.227844e-03,-1.845732e-02,5.783885e-18,130,23360
0.000000e+00,5.147369e-08,-7.041310e-09,5.819412e-07,0.000000e+00,0.000000e+00,0.000000e+00,-4.334163e+06,-1.166398e+05,-4.110922e+07,3.239504e-18,131,0
1.089545e-09,2.494666e-04,-4.118263e-04,2.500085e-03,2.291823e+05,-3.784533e+05,2.296724e+06,-1.626646e-01,2.833891e-01,-1.629043e+00,3.239504e-18,131,4794
1.088523e-08,2.494690e-03,-4.119429e-03,2.500033e-02,2.292103e+05,-3.785021e+05,2.297004e+06,-1.663442e-03,2.794051e-03,-1.679423e-02,3.239504e-18,131,47895
0.000000e+00,-1.153502e-07,-1.311919e-07,4.417846e-07,0.000000e+00,0.000000e+00,0.000000e+00,1.765807e+07,1.986126e+07,-4.300426e+07,3.873587e-18,132,0
9.725000e-10,-1.061913e-03,-1.211171e-03,2.500416e-03,-1.092479e+06,-1.246072e+06,2.572231e+06,4.386095e-01,5.291576e-01,-1.054345e+00,3.873587e-18,132,4279
9.719318e-09,-1.061811e-02,-1.211092e-02,2.500043e-02,-1.092546e+06,-1.246153e+06,2.572393e+06,4.375781e-03,5.218356e-03,-1.078707e-02,3.873587e-18,132,42765
0.000000e+00,2.440499e-07,-1.111641e-07,3.739274e-07,0.000000e+00,0.000000e+00,0.000000e+00,-3.371582e+07,2.170442e+07,-3.910118e+07,3.898898e-18,133,0
1.143864e-09,2.350303e-03,-1.444577e-03,2.500149e-03,2.055463e+06,-1.263376e+06,2.186330e+06,-5.385775e-01,3.275392e-01,-5.375342e-01,3.898898e-18,133,5033
1.143477e-08,2.350371e-02,-1.444636e-02,2.500030e-02,2.055560e+06,-1.263435e+06,2.186428e+06,-5.198127e-03,3.152845e-03,-5.499952e-03,3.898898e-18,133,50313
0.000000e+00,-1.098218e-07,3.903039e-08,3.469019e-07,0.000000e+00,0.000000e+00,0.000000e+00,2.766798e+07,-3.713613e+06,-6.816057e+07,4.916069e-18,134,0
7.047727e-10,-1.074493e-03,1.583702e-04,2.500756e-03,-1.525142e+06,2.247421e+05,3.549340e+06,6.396135e-01,-6.733655e-02,-1.410854e+00,4.916069e-18,134,3101
7.043636e-09,-1.074253e-02,1.583019e-03,2.500036e-02,-1.525213e+06,2.247496e+05,3.549497e+06,6.369059e-03,-7.379069e-04,-1.440358e-02,4.916069e-18,134,30992
0.000000e+00,2.293841e-08,2.364428e-07,5.458437e-07,0.000000e+00,0.000000e+00,0.000000e+00,-6.152217e+05,-2.341920e+07,-3.513113e+07,3.092997e-18,135,0
1.011136e-09,1.305619e-04,1.664556e-03,2.500283e-03,1.291927e+05,1.647094e+06,2.473799e+06,-5.357929e-02,-7.063863e-01,-1.004131e+00,3.092997e-18,135,4449
1.010591e-08,1.305605e-03,1.664535e-02,2.500013e-02,1.292013e+05,1.647206e+06,2.473960e+06,-6.754293e-04,-6.690492e-03,-1.035139e-02,3.092997e-18,135,44466
0.000000e+00,1.727075e-07,3.214228e-08,4.138754e-07,0.000000e+00,0.000000e+00,0.000000e+00,-2.846592e+07,-4.552509e+06,-4.339119e+07,4.071324e-18,136,0
9.709091e-10,1.736561e-03,3.352463e-04,2.500166e-03,1.789478e+06,3.454822e+05,2.576112e+06,-7.048972e-01,-1.437719e-01,-9.736020e-01,4.071324e-18,136,4272
9.704545e-09,1.736599e-02,3.352721e-03,2.500007e-02,1.789586e+06,3.455042e+05,2.576262e+06,-6.807872e-03,-1.401516e-03,-9.965549e-03,4.071324e-18,136,42700
0.000000e+00,-2.407518e-07,7.922942e-08,3.850644e-07,0.000000e+00,0.000000e+00,0.000000e+00,3.853975e+07,-5.169248e+06,-4.175039e+07,3.922136e-18,137,0
1.064545e-09,-2.472830e-03,2.871005e-04,2.500090e-03,-2.323810e+06,2.697917e+05,2.349227e+06,6.867227e-01,-1.106796e-01,-6.637296e-01,3.922136e-18,137,4684
1.064182e-08,-2.472951e-02,2.871116e-03,2.500016e-02,-2.323926e+06,2.698103e+05,2.349338e+06,6.640038e-03,-1.180798e-03,-6.753131e-03,3.922136e-18,137,46824
0.000000e+00,-1.475051e-07,-2.358855e-07,3.959335e-07,0.000000e+00,0.000000e+00,0.000000e+00,2.083993e+07,3.025067e+07,-3.447711e+07,3.710135e-18,138,0
1.265682e-09,-1.654174e-03,-2.435715e-03,2.500287e-03,-1.307480e+06,-1.925213e+06,1.976049e+06,3.291992e-01,4.870367e-01,-4.633185e-01,3.710135e-18,138,5569
1.265159e-08,-1.654164e-02,-2.435693e-02,2.500027e-02,-1.307546e+06,-1.925310e+06,1.976141e+06,3.166747e-03,4.691621e-03,-4.789234e-03,3.710135e-18,138,55667
0.000000e+00,8.829308e-08,6.310408e-08,4.663708e-07,0.000000e+00,0.000000e+00,0.000000e+00,-1.109931e+07,-6.199373e+06,-4.690920e+07,3.893832e-18,139,0
8.543182e-10,7.038066e-04,2.733081e-04,2.500310e-03,8.243314e+05,3.200219e+05,2.928253e+06,-4.568508e-01,-1.464038e-01,-1.636281e+00,3.893832e-18,139,3759
8.537500e-09,7.037687e-03,2.732220e-03,2.500002e-02,8.243931e+05,3.200417e+05,2.928474e+06,-4.468522e-03,-1.503177e-03,-1.650698e-02,3.893832e-18,139,37565
0.000000e+00,-6.873694e-08,2.082756e-07,3.529220e-07,0.000000e+00,0.000000e+00,0.000000e+00,1.289125e+07,-4.050468e+07,-4.519828e+07,4.340801e-18,140,0
1.001818e-09,-7.964858e-04,2.222229e-03,2.500293e-03,-7.953866e+05,2.218946e+06,2.496477e+06,2.663683e-01,-6.231211e-01,-6.966830e-01,4.340801e-18,140,4408
1.001409e-08,-7.965041e-03,2.222071e-02,2.500004e-02,-7.954288e+05,2.219044e+06,2.496587e+06,2.567085e-03,-5.999331e-03,-7.107383e-03,4.340801e-18,140,44062
0.000000e+00,2.465095e-07,1.269932e-07,3.830821e-07,0.000000e+00,0.000000e+00,0.000000e+00,-3.782024e+07,-1.563629e+07,-3.476249e+07,3.803283e-18,141,0
1.267955e-09,2.892418e-03,1.260393e-03,2.500416e-03,2.281986e+06,9.944046e+05,1.972520e+06,-5.065423e-01,-2.335637e-01,-4.079262e-01,3.803283e-18,141,5579
1.267409e-08,2.892202e-02,1.260315e-02,2.500001e-02,2.282087e+06,9.944514e+05,1.972601e+06,-4.914714e-03,-2.186870e-03,-4.258923e-03,3.803283e-18,141,55766
0.000000e+00,1.512359e-07,-9.706656e-08,4.272349e-07,0.000000e+00,0.000000e+00,0.000000e+00,-1.090289e+07,1.911700e+07,-3.725112e+07,3.964455e-18,142,0
1.011364e-09,9.062869e-04,-1.327149e-03,2.500360e-03,8.966548e+05,-1.313099e+06,2.473514e+06,-4.291882e-01,6.098495e-01,-1.043835e+00,3.964455e-18,142,4450
1.010727e-08,9.062694e-03,-1.327171e-02,2.500047e-02,8.967234e+05,-1.313196e+06,2.473681e+06,-3.795259e-03,5.631788e-03,-1.074575e-02,3.964455e-18,142,44472
0.000000e+00,1.293626e-07,-1.771418e-07,2.678805e-07,0.000000e+00,0.000000e+00,0.000000e+00,-3.226582e+07,5.397307e+07,-5.872565e+07,5.045889e-18,143,0
8.984091e-10,1.412774e-03,-2.375513e-03,2.500255e-03,1.572817e+06,-2.644687e+06,2.783416e+06,-3.118103e-01,5.463363e-01,-5.426194e-01,5.045889e-18,143,3953
8.981818e-09,1.412679e-02,-2.375412e-02,2.500026e-02,1.572861e+06,-2.644764e+06,2.783493e+06,-3.112225e-03,5.406873e-03,-5.463029e-03,5.045889e-18,143,39520
0.000000e+00,1.778444e-08,2.596199e-07,4.671755e-07,0.000000e+00,0.000000e+00,0.000000e+00,9.497753e+05,-3.174674e+07,-3.424677e+07,3.419272e-18,144,0
1.209545e-09,-9.796322e-05,2.515631e-03,2.500169e-03,-8.105196e+04,2.080776e+06,2.067725e+06,2.385088e-02,-6.263013e-01,-5.732037e-01,3.419272e-18,144,5322
1.209068e-08,-9.799418e-04,2.515791e-02,2.500035e-02,-8.105654e+04,2.080895e+06,2.067835e+06,1.895221e-04,-6.110061e-03,-6.208065e-03,3.419272e-18,144,53199
0.000000e+00,4.830635e-08,-2.031046e-07,5.586040e-07,0.000000e+00,0.000000e+00,0.000000e+00,-4.308429e+06,1.752485e+07,-3.452561e+07,3.117445e-18,145,0
1.063182e-09,3.574593e-04,-1.504021e-03,2.500113e-03,3.364245e+05,-1.415574e+06,2.352745e+06,-1.559398e-01,6.785154e-01,-1.060876e+00,3.117445e-18,145,4678
1.062591e-08,3.574803e-03,-1.504167e-02,2.500018e-02,3.364508e+05,-1.415688e+06,2.352924e+06,-1.480287e-03,6.491570e-03,-1.097836e-02,3.117445e-18,145,46754
0.000000e+00,-5.773715e-08,-2.412190e-07,4.377369e-07,0.000000e+00,0.000000e+00,0.000000e+00,6.448770e+06,3.339835e+07,-3.647090e+07,3.602836e-18,146,0
1.227955e-09,-6.030948e-04,-2.708111e-03,2.500042e-03,-4.913584e+05,-2.206348e+06,2.036553e+06,1.352377e-01,6.011372e-01,-5.101665e-01,3.602836e-18,146,5403
1.227568e-08,-6.031728e-03,-2.708431e-02,2.500023e-02,-4.913846e+05,-2.206465e+06,2.036652e+06,1.270564e-03,5.768310e-03,-5.298191e-03,3.602836e-18,146,54013
0.000000e+00,1.087752e-07,-5.522981e-08,1.929443e-07,0.000000e+00,0.000000e+00,0.000000e+00,-8.583212e+07,4.761892e+07,-1.551703e+08,7.465409e-18,147,0
3.911364e-10,1.386824e-03,-7.702229e-04,2.501085e-03,3.545693e+06,-1.969249e+06,6.394521e+06,-6.234818e-01,3.590816e-01,-1.123014e+00,7.465409e-18,147,1721
3.909773e-09,1.386294e-02,-7.699358e-03,2.500128e-02,3.545732e+06,-1.969271e+06,6.394591e+06,-6.281466e-03,3.563690e-03,-1.129859e-02,7.465409e-18,147,17203
0.000000e+00,-5.905141e-08,-1.421658e-08,6.499734e-07,0.000000e+00,0.000000e+00,0.000000e+00,1.540228e+07,-1.227825e+07,-6.382054e+07,2.917376e-18,148,0
7.534091e-10,-5.923673e-04,4.351329e-04,2.500522e-03,-7.865882e+05,5.778393e+05,3.319825e+06,4.048331e-01,-2.732330e-01,-1.642129e+00,2.917376e-18,148,3315
7.530455e-09,-5.923381e-03,4.351359e-03,2.500023e-02,-7.866364e+05,5.778719e+05,3.320021e+06,4.100802e-03,-2.771103e-03,-1.660417e-02,2.917376e-18,148,33134
0.000000e+00,6.581449e-08,2.240241e-07,2.989812e-07,0.000000e+00,0.000000e+00,0.000000e+00,-1.566510e+07,-5.347485e+07,-5.139350e+07,4.665856e-18,149,0
9.902273e-10,8.263166e-04,2.745107e-03,2.500116e-03,8.346982e+05,2.772880e+06,2.525251e+06,-1.909407e-01,-5.911254e-01,-5.073782e-01,4.665856e-18,149,4357
9.900000e-09,8.263508e-03,2.745152e-02,2.500011e-02,8.347281e+05,2.772973e+06,2.525330e+06,-1.816852e-03,-5.747072e-03,-5.139363e-03,4.665856e-18,149,43560
0.000000e+00,-8.594461e-08,2.044843e-07,4.115468e-07,0.000000e+00,0.000000e+00,0.000000e+00,1.543950e+07,-2.983883e+07,-4.270685e+07,3.902653e-18,150,0
1.028864e-09,-9.616782e-04,1.882535e-03,2.500234e-03,-9.351159e+05,1.830514e+06,2.430925e+06,3.148264e-01,-6.216284e-01,-7.818581e-01,3.902653e-18,150,4527
1.028432e-08,-9.616993e-03,1.882555e-02,2.500052e-02,-9.351671e+05,1.830615e+06,2.431052e+06,2.957978e-03,-6.004799e-03,-8.058636e-03,3.902653e-18,150,45251
0.000000e+00,1.547240e-07,1.480118e-08,2.675234e-07,0.000000e+00,0.000000e+00,0.000000e+00,-5.749007e+07,-5.273258e+06,-8.554049e+07,5.652679e-18,151,0
6.420455e-10,1.710914e-03,1.571356e-04,2.500737e-03,2.665251e+06,2.447823e+05,3.895522e+06,-7.329676e-01,-6.483233e-02,-1.046137e+00,5.652679e-18,151,2825
6.417727e-09,1.710491e-02,1.570951e-03,2.500054e-02,2.665325e+06,2.447888e+05,3.895629e+06,-7.234911e-03,-6.999412e-04,-1.051009e-02,5.652679e-18,151,28238
0.000000e+00,1.948394e-07,4.857659e-08,5.445487e-07,0.000000e+00,0.000000e+00,0.000000e+00,-1.764388e+07,-7.100170e+06,-3.412336e+07,3.224165e-18,152,0
1.055909e-09,1.425850e-03,5.189452e-04,2.500329e-03,1.351260e+06,4.918112e+05,2.369160e+06,-6.697410e-01,-2.437814e-01,-1.060171e+00,3.224165e-18,152,4646
1.055227e-08,1.425878e-02,5.189682e-03,2.500012e-02,1.351372e+06,4.918518e+05,2.369337e+06,-6.232289e-03,-2.322040e-03,-1.118210e-02,3.224165e-18,152,46430
0.000000e+00,-8.061291e-08,1.637215e-07,4.630752e-07,0.000000e+00,0.000000e+00,0.000000e+00,1.204636e+07,-2.133024e+07,-4.232057e+07,3.706859e-18,153,0
9.854545e-10,-7.761037e-04,1.411593e-03,2.500501e-03,-7.880171e+05,1.433208e+06,2.538540e+06,3.562734e-01,-6.186838e-01,-1.065544e+00,3.706859e-18,153,4336
9.848182e-09,-7.760490e-03,1.411443e-02,2.500010e-02,-7.880725e+05,1.433304e+06,2.538706e+06,3.492224e-03,-5.983556e-03,-1.091515e-02,3.706859e-18,153,43332
0.000000e+00,2.048452e-07,-1.468165e-08,2.567802e-07,0.000000e+00,0.000000e+00,0.000000e+00,-7.245070e+07,7.963866e+05,-6.277866e+07,5.316195e-18,154,0
8.672727e-10,2.948497e-03,-3.527594e-05,2.500015e-03,3.400295e+06,-4.066638e+04,2.882954e+06,-6.036281e-01,5.275612e-03,-4.873233e-01,5.316195e-18,154,3816
8.671818e-09,2.948679e-02,-3.526632e-04,2.500059e-02,3.400378e+06,-4.066710e+04,2.883021e+06,-5.944657e-03,4.985805e-05,-4.959157e-03,5.316195e-18,154,38156
0.000000e+00,2.984261e-08,1.254433e-07,4.997134e-07,0.000000e+00,0.000000e+00,0.000000e+00,-4.420047e+06,-1.707229e+07,-4.014731e+07,3.628281e-18,155,0
9.575000e-10,2.945414e-04,1.111457e-03,2.500461e-03,3.078932e+05,1.161537e+06,2.612828e+06,-2.245385e-01,-5.959746e-01,-1.291477e+00,3.628281e-18,155,4213
9.568182e-09,2.945954e-03,1.111373e-02,2.500008e-02,3.079271e+05,1.161628e+06,2.613024e+06,-1.399982e-03,-5.783549e-03,-1.356317e-02,3.628281e-18,155,42100
0.000000e+00,-1.855613e-07,-9.313549e-08,5.244477e-07,0.000000e+00,0.000000e+00,0.000000e+00,2.113450e+07,1.834539e+07,-3.767917e+07,3.291292e-18,156,0
1.024318e-09,-1.483933e-03,-1.105773e-03,2.500378e-03,-1.449416e+06,-1.080082e+06,2.442044e+06,5.538494e-01,4.247464e-01,-9.697624e-01,3.291292e-18,156,4507
1.023727e-08,-1.483802e-02,-1.105704e-02,2.500001e-02,-1.449506e+06,-1.080151e+06,2.442201e+06,5.220098e-03,4.181650e-03,-9.913046e-03,3.291292e-18,156,45044
0.000000e+00,-1.022784e-07,-1.149027e-07,2.587258e-07,0.000000e+00,0.000000e+00,0.000000e+00,4.238724e+07,4.818029e+07,-8.554788e+07,5.770820e-18,157,0
6.497727e-10,-1.261395e-03,-1.433571e-03,2.500167e-03,-1.941601e+06,-2.206624e+06,3.848242e+06,4.855772e-01,5.487023e-01,-9.267335e-01,5.770820e-18,157,2859
6.496591e-09,-1.261382e-02,-1.433557e-02,2.500060e-02,-1.941651e+06,-2.206680e+06,3.848337e+06,4.823640e-03,5.446574e-03,-9.288260e-03,5.770820e-18,157,28585
0.000000e+00,-4.868897e-08,4.862865e-08,3.183003e-07,0.000000e+00,0.000000e+00,0.000000e+00,1.892148e+07,-1.440290e+07,-8.690486e+07,5.470964e-18,158,0
5.945455e-10,-5.603017e-04,4.294800e-04,2.500756e-03,-9.426701e+05,7.225590e+05,4.207137e+06,3.822448e-01,-2.983630e-01,-1.693317e+00,5.470964e-18,158,2616
5.942273e-09,-5.601603e-03,4.293652e-03,2.500008e-02,-9.427060e+05,7.225870e+05,4.207296e+06,3.758290e-03,-2.961528e-03,-1.705342e-02,5.470964e-18,158,26146
0.000000e+00,-8.049844e-08,-1.938310e-07,3.900893e-07,0.000000e+00,0.000000e+00,0.000000e+00,7.121440e+06,2.979052e+07,-4.549322e+07,4.091161e-18,159,0
9.602273e-10,-4.911804e-04,-1.785614e-03,2.500105e-03,-5.117814e+05,-1.860417e+06,2.604651e+06,2.221281e-01,6.952679e-01,-9.546521e-01,4.091161e-18,159,4225
9.598182e-09,-4.912166e-03,-1.785656e-02,2.500000e-02,-5.118152e+05,-1.860522e+06,2.604796e+06,2.180597e-03,6.789155e-03,-9.664373e-03,4.091161e-18,159,42232
0.000000e+00,2.275712e-07,-6.957288e-09,3.843976e-07,0.000000e+00,0.000000e+00,0.000000e+00,-3.547102e+07,-4.602799e+06,-4.713589e+07,4.056924e-18,160,0
9.400000e-10,2.044078e-03,3.629740e-04,2.500386e-03,2.175372e+06,3.863469e+05,2.660798e+06,-7.130092e-01,-1.244642e-01,-8.366471e-01,4.056924e-18,160,4136
9.395682e-09,2.043907e-02,3.629930e-03,2.500012e-02,2.175478e+06,3.863654e+05,2.660922e+06,-6.895377e-03,-1.336582e-03,-8.528062e-03,4.056924e-18,160,41341
0.000000e+00,8.180453e-08,-5.589818e-08,5.482455e-07,0.000000e+00,0.000000e+00,0.000000e+00,-7.891941e+06,7.230615e+06,-4.196218e+07,3.385675e-18,161,0
8.738636e-10,4.893088e-04,-4.696040e-04,2.500218e-03,5.603208e+05,-5.377536e+05,2.862665e+06,-3.621856e-01,3.210973e-01,-1.628566e+00,3.385675e-18,161,3845
8.733182e-09,4.893373e-03,-4.696269e-03,2.500028e-02,5.603708e+05,-5.377979e+05,2.862890e+06,-3.214456e-03,3.301217e-03,-1.650155e-02,3.385675e-18,161,38426
0.000000e+00,-1.991310e-07,1.424252e-07,5.070887e-07,0.000000e+00,0.000000e+00,0.000000e+00,1.929897e+07,-1.511473e+07,-3.405000e+07,3.255301e-18,162,0
1.141591e-09,-1.590696e-03,1.127984e-03,2.500098e-03,-1.394226e+06,9.886260e+05,2.191048e+06,5.654567e-01,-3.825129e-01,-8.441299e-01,3.255301e-18,162,5023
1.141023e-08,-1.590836e-02,1.128041e-02,2.500046e-02,-1.394328e+06,9.886950e+05,2.191200e+06,5.358952e-03,-3.899190e-03,-8.716687e-03,3.255301e-18,162,50205
0.000000e+00,-3.463746e-08,1.244641e-07,5.947686e-07,0.000000e+00,0.000000e+00,0.000000e+00,1.684864e+06,-1.446048e+07,-3.931910e+07,3.092017e-18,163,0
9.172727e-10,-1.079858e-04,9.180373e-04,2.500322e-03,-1.178010e+05,1.001423e+06,2.727241e+06,8.379457e-02,-5.171182e-01,-1.474784e+00,3.092017e-18,163,4036
9.166818e-09,-1.079873e-03,9.179831e-03,2.500028e-02,-1.178131e+05,1.001498e+06,2.727455e+06,9.335541e-04,-5.061671e-03,-1.504485e-02,3.092017e-18,163,40334
0.000000e+00,4.581886e-08,-1.021772e-07,3.146081e-07,0.000000e+00,0.000000e+00,0.000000e+00,-1.265010e+07,3.048125e+07,-7.953431e+07,5.306491e-18,164,0
6.409091e-10,4.112088e-04,-9.888821e-04,2.500397e-03,6.417719e+05,-1.543367e+06,3.902237e+06,-2.430042e-01,5.999586e-01,-1.448510e+00,5.306491e-18,164,2820
6.406591e-09,4.111579e-03,-9.887733e-03,2.500016e-02,6.417965e+05,-1.543427e+06,3.902384e+06,-2.401328e-03,5.952721e-03,-1.452440e-02,5.306491e-18,164,28189
0.000000e+00,-2.027032e-08,1.384306e-07,4.199205e-07,0.000000e+00,0.000000e+00,0.000000e+00,5.075074e+06,-2.305007e+07,-5.069502e+07,4.152293e-18,165,0
8.497727e-10,-2.858052e-04,1.172004e-03,2.500383e-03,-3.365181e+05,1.379870e+06,2.943671e+06,1.588561e-01,-6.414033e-01,-1.355261e+00,4.152293e-18,165,3739
8.492955e-09,-2.858009e-03,1.171914e-02,2.500054e-02,-3.365395e+05,1.379956e+06,2.943853e+06,1.660286e-03,-6.331092e-03,-1.375175e-02,4.152293e-18,165,37369
0.000000e+00,2.695009e-07,5.618560e-08,4.734121e-07,0.000000e+00,0.000000e+00,0.000000e+00,-3.137240e+07,-7.170238e+06,-3.153230e+07,3.327676e-18,166,0
1.233636e-09,2.524581e-03,6.222897e-04,2.500349e-03,2.047396e+06,5.047095e+05,2.027518e+06,-6.008865e-01,-1.679336e-01,-5.584745e-01,3.327676e-18,166,5428
1.233045e-08,2.524523e-02,6.223259e-03,2.500035e-02,2.047513e+06,5.047422e+05,2.027627e+06,-5.990761e-03,-1.462730e-03,-5.958896e-03,3.327676e-18,166,54254
0.000000e+00,7.344838e-08,-1.365912e-07,6.256545e-07,0.000000e+00,0.000000e+00,0.000000e+00,-6.457993e+06,1.365993e+07,-3.365652e+07,2.897438e-18,167,0
9.940909e-10,4.483853e-04,-9.826676e-04,2.500422e-03,4.513356e+05,-9.891827e+05,2.516679e+06,-2.441104e-01,5.473146e-01,-1.324439e+00,2.897438e-18,167,4374
9.933864e-09,4.483507e-03,-9.826372e-03,2.500050e-02,4.513740e+05,-9.892686e+05,2.516887e+06,-2.307092e-03,5.245194e-03,-1.381578e-02,2.897438e-18,167,43709
0.000000e+00,-1.761616e-07,-1.630093e-07,5.533796e-07,0.000000e+00,0.000000e+00,0.000000e+00,1.747093e+07,1.593020e+07,-3.360266e+07,3.043323e-18,168,0
1.105455e-09,-1.341056e-03,-1.297427e-03,2.500010e-03,-1.213793e+06,-1.174347e+06,2.262524e+06,4.826141e-01,4.934836e-01,-8.772283e-01,3.043323e-18,168,4864
1.104955e-08,-1.341181e-02,-1.297595e-02,2.500001e-02,-1.213877e+06,-1.174433e+06,2.262677e+06,4.808312e-03,4.774781e-03,-9.138743e-03,3.043323e-18,168,48618
0.000000e+00,1.623334e-07,-1.793938e-07,2.986525e-07,0.000000e+00,0.000000e+00,0.000000e+00,-3.579218e+07,4.211700e+07,-4.997182e+07,4.583163e-18,169,0
1.010682e-09,1.870111e-03,-2.211833e-03,2.500509e-03,1.850798e+06,-2.189014e+06,2.474540e+06,-3.929914e-01,4.708952e-01,-4.894255e-01,4.583163e-18,169,4447
1.010295e-08,1.869854e-02,-2.211551e-02,2.500029e-02,1.850861e+06,-2.189089e+06,2.474618e+06,-3.820400e-03,4.534107e-03,-5.003343e-03,4.583163e-18,169,44453
0.000000e+00,-2.375454e-07,-1.097678e-08,5.495938e-07,0.000000e+00,0.000000e+00,0.000000e+00,2.409308e+07,8.243730e+04,-3.443401e+07,3.070457e-18,170,0
1.065227e-09,-1.806694e-03,6.787683e-06,2.500006e-03,-1.696988e+06,6.368766e+03,2.347946e+06,6.986292e-01,9.769932e-03,-9.320076e-01,3.070457e-18,170,4687
1.064773e-08,-1.806901e-02,6.780345e-05,2.500044e-02,-1.697105e+06,6.367159e+03,2.348103e+06,6.704756e-03,-7.764257e-07,-9.503948e-03,3.070457e-18,170,46850
0.000000e+00,5.174706e-08,-1.366970e-07,4.041625e-07,0.000000e+00,0.000000e+00,0.000000e+00,-2.866502e+06,4.318664e+07,-4.335280e+07,4.253432e-18,171,0
1.019091e-09,1.662186e-04,-2.493312e-03,2.500067e-03,1.631333e+05,-2.447528e+06,2.453845e+06,-4.797494e-02,6.672059e-01,-6.211803e-01,4.253432e-18,171,4484
1.018818e-08,1.662062e-03,-2.493573e-02,2.500036e-02,1.631411e+05,-2.447636e+06,2.453945e+06,-4.218567e-04,6.430292e-03,-6.311981e-03,4.253432e-18,171,44828
0.000000e+00,1.789588e-08,1.984377e-07,3.131519e-07,0.000000e+00,0.000000e+00,0.000000e+00,-3.304509e+06,-4.895965e+07,-5.730807e+07,4.792227e-18,172,0
8.672727e-10,1.845048e-04,2.219597e-03,2.500615e-03,2.128306e+05,2.560002e+06,2.883960e+06,-7.183220e-02,-7.106883e-01,-7.728594e-01,4.792227e-18,172,3816
8.668636e-09,1.844937e-03,2.219173e-02,2.500012e-02,2.128405e+05,2.560099e+06,2.884066e+06,-6.785665e-04,-7.013465e-03,-7.796044e-03,4.792227e-18,172,38142
0.000000e+00,-4.299679e-08,5.130137e-08,4.205795e-07,0.000000e+00,0.000000e+00,0.000000e+00,4.541676e+06,-6.806947e+06,-5.705112e+07,4.330222e-18,173,0
7.602273e-10,-2.068945e-04,3.285184e-04,2.500156e-03,-2.722710e+05,4.323342e+05,3.290192e+06,1.511564e-01,-2.247210e-01,-1.783236e+00,4.330222e-18,173,3345
7.598409e-09,-2.068836e-03,3.285051e-03,2.500030e-02,-2.722891e+05,4.323612e+05,3.290407e+06,1.597964e-03,-2.304328e-03,-1.798567e-02,4.330222e-18,173,33433
0.000000e+00,7.274665e-08,-2.110552e-07,5.143821e-07,0.000000e+00,0.000000e+00,0.000000e+00,-9.363386e+06,2.462284e+07,-3.424704e+07,3.298326e-18,174,0
1.108409e-09,6.811629e-04,-1.857178e-03,2.500391e-03,6.149085e+05,-1.676486e+06,2.256822e+06,-2.577701e-01,6.676070e-01,-8.379030e-01,3.298326e-18,174,4877
1.107750e-08,6.811614e-03,-1.857118e-02,2.500007e-02,6.149536e+05,-1.676603e+06,2.256969e+06,-2.425226e-03,6.340184e-03,-8.618294e-03,3.298326e-18,174,48741
0.000000e+00,2.380303e-07,-7.792492e-08,4.662778e-07,0.000000e+00,0.000000e+00,0.000000e+00,-3.065981e+07,9.935664e+06,-3.500155e+07,3.461671e-18,175,0
1.157727e-09,2.319495e-03,-7.864896e-04,2.500024e-03,2.004413e+06,-6.796968e+05,2.160155e+06,-6.248087e-01,2.365068e-01,-6.239691e-01,3.461671e-18,175,5094
1.157318e-08,2.319736e-02,-7.866214e-03,2.500001e-02,2.004528e+06,-6.797401e+05,2.160269e+06,-5.971404e-03,2.090346e-03,-6.492898e-03,3.461671e-18,175,50922
0.000000e+00,-2.352572e-07,1.392596e-07,3.601459e-07,0.000000e+00,0.000000e+00,0.000000e+00,3.826184e+07,-2.459622e+07,-3.561232e+07,3.954249e-18,176,0
1.282273e-09,-2.864729e-03,1.842919e-03,2.500425e-03,-2.234819e+06,1.437694e+06,1.950419e+06,4.447847e-01,-2.841748e-01,-3.487326e-01,3.954249e-18,176,5642
1.281773e-08,-2.864524e-02,1.842792e-02,2.500007e-02,-2.234909e+06,1.437752e+06,1.950490e+06,4.205401e-03,-2.701720e-03,-3.657519e-03,3.954249e-18,176,56398
0.000000e+00,1.526784e-07,4.833415e-08,5.424861e-07,0.000000e+00,0.000000e+00,0.000000e+00,-1.650404e+07,-6.271343e+06,-3.672669e+07,3.327443e-18,177,0
9.945455e-10,1.170574e-03,4.398437e-04,2.500389e-03,1.177766e+06,4.425577e+05,2.515470e+06,-6.104511e-01,-2.307204e-01,-1.248151e+00,3.327443e-18,177,4376
9.938636e-09,1.170533e-02,4.398388e-03,2.500043e-02,1.177862e+06,4.425939e+05,2.515666e+06,-5.707206e-03,-2.123611e-03,-1.294679e-02,3.327443e-18,177,43730
0.000000e+00,-7.876638e-08,2.219539e-07,3.609283e-07,0.000000e+00,0.000000e+00,0.000000e+00,1.456670e+07,-3.899943e+07,-3.983571e+07,4.190470e-18,178,0
1.163182e-09,-1.035936e-03,2.653286e-03,2.500002e-03,-8.909706e+05,2.281898e+06,2.149837e+06,2.381095e-01,-5.677960e-01,-4.816057e-01,4.190470e-18,178,5118
1.162886e-08,-1.036093e-02,2.653580e-02,2.500028e-02,-8.910143e+05,2.282002e+06,2.149926e+06,2.258832e-03,-5.346099e-03,-5.134984e-03,4.190470e-18,178,51167
0.000000e+00,-1.095576e-07,-2.008143e-07,4.236180e-07,0.000000e+00,0.000000e+00,0.000000e+00,1.448149e+07,3.033176e+07,-4.152702e+07,3.780574e-18,179,0
1.042727e-09,-9.292157e-04,-2.010902e-03,2.500244e-03,-8.915162e+05,-1.929338e+06,2.398567e+06,2.970118e-01,6.295165e-01,-7.317322e-01,3.780574e-18,179,4588
1.042295e-08,-9.292220e-03,-2.010933e-02,2.500028e-02,-8.915651e+05,-1.929441e+06,2.398688e+06,2.777130e-03,6.075332e-03,-7.489338e-03,3.780574e-18,179,45861
0.000000e+00,2.534137e-07,2.326809e-08,2.768748e-07,0.000000e+00,0.000000e+00,0.000000e+00,-6.075266e+07,-6.806011e+06,-4.621983e+07,4.658261e-18,180,0
1.108182e-09,3.430505e-03,3.878823e-04,2.500019e-03,3.096290e+06,3.500956e+05,2.256313e+06,-5.241780e-01,-5.757880e-02,-3.515578e-01,4.658261e-18,180,4876
1.108000e-08,3.430690e-02,3.879056e-03,2.500007e-02,3.096382e+06,3.501057e+05,2.256375e+06,-5.061094e-03,-5.720782e-04,-3.604520e-03,4.658261e-18,180,48752
0.000000e+00,1.583375e-07,-2.774271e-08,5.172914e-07,0.000000e+00,0.000000e+00,0.000000e+00,-4.946594e+07,4.157109e+07,-2.403774e+07,3.487197e-18,181,0
1.776591e-09,4.592785e-03,-3.742587e-03,2.500162e-03,2.585647e+06,-2.107052e+06,1.407306e+06,-1.962571e-01,1.610866e-01,-9.898541e-02,3.487197e-18,181,7817
1.776432e-08,4.593213e-02,-3.743015e-02,2.500016e-02,2.585702e+06,-2.107097e+06,1.407334e+06,-1.909505e-03,1.557748e-03,-1.037100e-03,3.487197e-18,181,78163
0.000000e+00,-1.574987e-07,4.354109e-08,5.134775e-07,0.000000e+00,0.000000e+00,0.000000e+00,1.778324e+07,-8.548929e+06,-4.010888e+07,3.458041e-18,182,0
9.829545e-10,-1.292138e-03,4.824581e-04,2.500330e-03,-1.315370e+06,4.911055e+05,2.544939e+06,6.504807e-01,-2.228204e-01,-1.180065e+00,3.458041e-18,182,4325
9.823409e-09,-1.292134e-02,4.824307e-03,2.500008e-02,-1.315471e+06,4.911401e+05,2.545122e+06,6.193951e-03,-2.171822e-03,-1.202052e-02,3.458041e-18,182,43223
0.000000e+00,1.026042e-07,8.169134e-08,5.617664e-07,0.000000e+00,0.000000e+00,0.000000e+00,9.142016e+05,-1.200574e+07,-4.136942e+07,3.274491e-18,183,0
9.763636e-10,-1.430328e-03,-1.864682e-03,2.500013e-03,-1.465920e+06,-1.911162e+06,2.561175e+06,4.189897e-01,5.489581e-01,-6.849519e-01,3.274491e-18,183,4296
9.761136e-09,-1.430857e-02,-1.865442e-02,2.500012e-02,-1.465984e+06,-1.911247e+06,2.561281e+06,4.056371e-03,5.311588e-03,-6.958965e-03,3.274491e-18,183,42949
0.000000e+00,-1.735792e-07,-1.085608e-07,4.727848e-07,0.000000e+00,0.000000e+00,0.000000e+00,2.247155e+07,1.655997e+07,-3.711576e+07,3.579600e-18,184,0
1.088182e-09,-1.651390e-03,-1.152106e-03,2.500437e-03,-1.518384e+06,-1.059299e+06,2.298721e+06,5.787936e-01,3.926004e-01,-7.972161e-01,3.579600e-18,184,4788
1.087568e-08,-1.651338e-02,-1.152054e-02,2.500028e-02,-1.518484e+06,-1.059366e+06,2.298858e+06,5.338570e-03,3.903101e-03,-8.585636e-03,3.579600e-18,184,47853
0.000000e+00,1.227067e-07,-6.064583e-09,5.896173e-07,0.000000e+00,0.000000e+00,0.000000e+00,-1.063572e+07,1.789998e+06,-3.968264e+07,3.129320e-18,185,0
9.213636e-10,5.796290e-04,-2.917007e-04,2.500580e-03,6.295107e+05,-3.168817e+05,2.715578e+06,-4.034830e-01,1.964576e-01,-1.591302e+00,3.129320e-18,185,4054
9.206136e-09,5.795385e-03,-2.917190e-03,2.500012e-02,6.295694e+05,-3.169104e+05,2.715810e+06,-3.519094e-03,1.987377e-03,-1.629305e-02,3.129320e-18,185,40507
0.000000e+00,-1.048352e-07,2.332807e-07,3.763683e-07,0.000000e+00,0.000000e+00,0.000000e+00,2.815507e+07,-4.009876e+07,-4.235624e+07,3.968450e-18,186,0
1.127955e-09,-1.793629e-03,2.517539e-03,2.500452e-03,-1.590668e+06,2.232584e+06,2.217219e+06,3.405115e-01,-4.763354e-01,-4.272517e-01,3.968450e-18,186,4963
1.127545e-08,-1.793544e-02,2.517340e-02,2.500032e-02,-1.590729e+06,2.232669e+06,2.217295e+06,3.196374e-03,-4.523341e-03,-4.430111e-03,3.968450e-18,186,49612
0.000000e+00,-7.943836e-08,1.346260e-07,3.819391e-07,0.000000e+00,0.000000e+00,0.000000e+00,1.553731e+07,-2.582241e+07,-5.480676e+07,4.403484e-18,187,0
8.227273e-10,-7.653589e-04,1.235859e-03,2.500365e-03,-9.306628e+05,1.502743e+06,3.040152e+06,3.806102e-01,-5.899760e-01,-1.190399e+00,4.403484e-18,187,3620
8.223409e-09,-7.653201e-03,1.235765e-02,2.500051e-02,-9.307123e+05,1.502820e+06,3.040307e+06,3.842943e-03,-5.893695e-03,-1.219248e-02,4.403484e-18,187,36183
0.000000e+00,2.893998e-08,-2.106330e-07,2.903173e-07,0.000000e+00,0.000000e+00,0.000000e+00,-8.573684e+06,5.640727e+07,-5.621860e+07,4.874668e-18,188,0
9.150000e-10,3.944828e-04,-2.612456e-03,2.500475e-03,4.312348e+05,-2.855820e+06,2.733246e+06,-9.901472e-02,6.437987e-01,-5.800603e-01,4.874668e-18,188,4026
9.146591e-09,3.944329e-03,-2.612104e-02,2.500001e-02,4.312491e+05,-2.855914e+06,2.733330e+06,-9.564667e-04,6.330661e-03,-5.840202e-03,4.874668e-18,188,40245
0.000000e+00,-7.413832e-08,1.295586e-07,3.169196e-07,0.000000e+00,0.000000e+00,0.000000e+00,1.794893e+07,-3.483686e+07,-6.878893e+07,5.090574e-18,189,0
7.152273e-10,-6.678797e-04,1.303436e-03,2.500505e-03,-9.340403e+05,1.822936e+06,3.497021e+06,3.036523e-01,-6.345745e-01,-1.252709e+00,5.090574e-18,189,3147
7.149091e-09,-6.677550e-03,1.303234e-02,2.500062e-02,-9.340746e+05,1.823008e+06,3.497163e+06,3.033265e-03,-6.283517e-03,-1.259907e-02,5.090574e-18,189,31456
0.000000e+00,6.175296e-08,-8.396101e-08,5.184462e-07,0.000000e+00,0.000000e+00,0.000000e+00,-5.078658e+06,1.613911e+07,-4.186904e+07,3.551800e-18,190,0
9.050000e-10,3.206482e-04,-9.552878e-04,2.500533e-03,3.545160e+05,-1.056267e+06,2.764475e+06,-2.077739e-01,5.847360e-01,-1.450025e+00,3.551800e-18,190,3982
9.043409e-09,3.206045e-03,-9.552180e-03,2.500036e-02,3.545458e+05,-1.056350e+06,2.764682e+06,-2.096442e-03,5.511928e-03,-1.469451e-02,3.551800e-18,190,39791
0.000000e+00,-2.136945e-07,-9.677429e-08,4.635012e-07,0.000000e+00,0.000000e+00,0.000000e+00,2.618473e+07,1.593642e+07,-3.486198e+07,3.529671e-18,191,0
1.157727e-09,-1.970676e-03,-1.182922e-03,2.500067e-03,-1.703036e+06,-1.022290e+06,2.160289e+06,5.730809e-01,3.439101e-01,-6.816517e-01,3.529671e-18,191,5094
1.157250e-08,-1.970831e-02,-1.183039e-02,2.500006e-02,-1.703140e+06,-1.022353e+06,2.160413e+06,5.361495e-03,3.467904e-03,-7.133875e-03,3.529671e-18,191,50919
0.000000e+00,-1.324772e-07,-1.264039e-07,2.129802e-07,0.000000e+00,0.000000e+00,0.000000e+00,6.394788e+07,6.171686e+07,-8.722487e+07,6.101351e-18,192,0
6.634091e-10,-1.854627e-03,-1.789550e-03,2.500438e-03,-2.795870e+06,-2.697765e+06,3.769343e+06,4.773113e-01,4.573815e-01,-6.125437e-01,6.101351e-18,192,2919
6.632500e-09,-1.854368e-02,-1.789299e-02,2.500031e-02,-2.795920e+06,-2.697813e+06,3.769408e+06,4.722224e-03,4.536200e-03,-6.142486e-03,6.101351e-18,192,29183
0.000000e+00,2.357702e-07,-7.066724e-08,5.508774e-07,0.000000e+00,0.000000e+00,0.000000e+00,-2.401993e+07,7.911188e+06,-3.267652e+07,3.054811e-18,193,0
1.073182e-09,1.748338e-03,-5.886125e-04,2.500073e-03,1.629967e+06,-5.488137e+05,2.330593e+06,-6.495769e-01,2.506254e-01,-9.024762e-01,3.054811e-18,193,4722
1.072705e-08,1.748470e-02,-5.887124e-03,2.500053e-02,1.630077e+06,-5.488561e+05,2.330747e+06,-6.255977e-03,2.258413e-03,-9.414230e-03,3.054811e-18,193,47199
0.000000e+00,-1.198353e-07,5.283238e-08,3.463494e-07,0.000000e+00,0.000000e+00,0.000000e+00,3.471400e+07,-1.528711e+07,-6.521402e+07,4.857922e-18,194,0
7.479545e-10,-1.379759e-03,5.914887e-04,2.500189e-03,-1.845330e+06,7.910516e+05,3.343557e+06,6.796449e-01,-2.743091e-01,-1.160003e+00,4.857922e-18,194,3291
7.477045e-09,-1.379760e-02,5.914728e-03,2.500005e-02,-1.845410e+06,7.910841e+05,3.343694e+06,6.657331e-03,-2.674361e-03,-1.172404e-02,4.857922e-18,194,32899
0.000000e+00,-8.690844e-08,1.431317e-07,3.259217e-07,0.000000e+00,0.000000e+00,0.000000e+00,2.241613e+07,-3.745182e+07,-6.318278e+07,4.882320e-18,195,0
7.820455e-10,-9.479638e-04,1.538945e-03,2.500275e-03,-1.212602e+06,1.968466e+06,3.197818e+06,4.696668e-01,-6.713493e-01,-9.435849e-01,4.882320e-18,195,3441
7.817955e-09,-9.480058e-03,1.538938e-02,2.500051e-02,-1.212660e+06,1.968549e+06,3.197935e+06,3.925117e-03,-6.204266e-03,-1.005842e-02,4.882320e-18,195,34399
0.000000e+00,-5.809403e-08,2.367870e-07,4.823179e-07,0.000000e+00,0.000000e+00,0.000000e+00,6.330980e+06,-2.788435e+07,-3.689423e+07,3.392032e-18,196,0
1.091136e-09,-4.800008e-04,2.025772e-03,2.500511e-03,-4.401373e+05,1.857484e+06,2.292528e+06,1.661729e-01,-6.683158e-01,-7.776470e-01,3.392032e-18,196,4801
1.090500e-08,-4.799681e-03,2.025580e-02,2.500015e-02,-4.401659e+05,1.857599e+06,2.292662e+06,1.627241e-03,-6.364737e-03,-8.119258e-03,3.392032e-18,196,47982
0.000000e+00,1.094697e-07,-9.500363e-08,5.529423e-07,0.000000e+00,0.000000e+00,0.000000e+00,-1.007410e+07,1.213930e+07,-3.804297e+07,3.281760e-18,197,0
9.720455e-10,8.060302e-04,-8.837166e-04,2.500106e-03,8.297816e+05,-9.097346e+05,2.573370e+06,-4.522029e-01,4.710741e-01,-1.291175e+00,3.281760e-18,197,4277
9.715000e-09,8.061276e-03,-8.838008e-03,2.500040e-02,8.298511e+05,-9.098069e+05,2.573569e+06,-4.255538e-03,4.463054e-03,-1.320993e-02,3.281760e-18,197,42746
0.000000e+00,1.545276e-07,1.848033e-07,3.749211e-07,0.000000e+00,0.000000e+00,0.000000e+00,-1.886847e+07,-3.010790e+07,-3.908558e+07,4.057120e-18,198,0
1.123636e-09,1.351806e-03,2.097609e-03,2.500073e-03,1.203566e+06,1.867612e+06,2.225711e+06,-3.648892e-01,-5.555797e-01,-6.079553e-01,4.057120e-18,198,4944
1.123250e-08,1.351903e-02,2.097787e-02,2.500039e-02,1.203631e+06,1.867710e+06,2.225819e+06,-3.412902e-03,-5.305025e-03,-6.283820e-03,4.057120e-18,198,49423
0.000000e+00,-1.346492e-07,1.987044e-07,2.486050e-07,0.000000e+00,0.000000e+00,0.000000e+00,3.962027e+07,-6.113838e+07,-5.208955e+07,5.040356e-18,199,0
1.036591e-09,-1.965882e-03,3.029170e-03,2.500182e-03,-1.896801e+06,2.922728e+06,2.412194e+06,2.778594e-01,-4.249592e-01,-3.221766e-01,5.040356e-18,199,4561
1.036409e-08,-1.965865e-02,3.029146e-02,2.500033e-02,-1.896847e+06,2.922798e+06,2.412247e+06,2.672529e-03,-4.073866e-03,-3.293611e-03,5.040356e-18,199,45602
0.000000e+00,-1.066347e-08,-2.035807e-07,4.987095e-07,0.000000e+00,0.000000e+00,0.000000e+00,6.482422e+06,2.859508e+07,-3.913661e+07,3.431421e-18,200,0
1.016364e-09,-3.945506e-04,-1.828817e-03,2.500074e-03,-3.883997e+05,-1.800228e+06,2.460721e+06,1.422846e-01,6.779334e-01,-8.769582e-01,3.431421e-18,200,4472
1.015977e-08,-3.946020e-03,-1.828986e-02,2.500052e-02,-3.884225e+05,-1.800337e+06,2.460862e+06,1.464781e-03,6.719585e-03,-9.183287e-03,3.431421e-18,200,44703
0.000000e+00,4.367940e-08,2.350241e-07,3.526644e-07,0.000000e+00,0.000000e+00,0.000000e+00,-5.690767e+06,-4.026744e+07,-4.117660e+07,4.219733e-18,201,0
1.101364e-09,4.327072e-04,2.620917e-03,2.500433e-03,3.930712e+05,2.380595e+06,2.270950e+06,-1.312478e-01,-6.414864e-01,-5.632657e-01,4.219733e-18,201,4846
1.100864e-08,4.327158e-03,2.620704e-02,2.500016e-02,3.930940e+05,2.380707e+06,2.271048e+06,-1.142409e-03,-6.101364e-03,-5.803739e-03,4.219733e-18,201,48438
0.000000e+00,8.541102e-09,-1.421278e-08,1.379043e-07,0.000000e+00,0.000000e+00,0.000000e+00,-3.213194e+07,5.652564e+07,-5.016760e+08,1.193453e-17,202,0
1.247727e-10,1.603362e-04,-2.820741e-04,2.503251e-03,1.284975e+06,-2.260620e+06,2.006165e+07,-1.153661e-01,2.047059e-01,-1.798773e+00,1.193453e-17,202,549
1.246364e-09,1.601555e-03,-2.817569e-03,2.500425e-02,1.284977e+06,-2.260624e+06,2.006169e+07,-1.155010e-03,2.053983e-03,-1.803123e-02,1.193453e-17,202,5484
0.000000e+00,1.328142e-07,2.771862e-08,5.641953e-07,0.000000e+00,0.000000e+00,0.000000e+00,-2.234006e+07,-2.454805e+07,1.327786e+06,3.270809e-18,203,0
2.706136e-09,5.361561e-03,5.102139e-03,2.500026e-03,1.981858e+06,1.885983e+06,9.239744e+05,-1.264469e-01,-1.202471e-01,-5.508784e-02,3.270809e-18,203,11907
2.272727e-08,4.504146e-02,4.286249e-02,2.099942e-02,1.981910e+06,1.886034e+06,9.239977e+05,-1.762041e-03,-1.677901e-03,-8.191229e-04,3.270809e-18,203,100000
0.000000e+00,3.653185e-08,2.825497e-07,3.256124e-07,0.000000e+00,0.000000e+00,0.000000e+00,-4.684185e+06,-5.066479e+07,-3.421351e+07,4.099503e-18,204,0
1.382955e-09,3.755998e-04,3.953441e-03,2.500272e-03,2.716769e+05,2.859472e+06,1.808232e+06,-5.141242e-02,-4.477224e-01,-2.489604e-01,4.099503e-18,204,6085
1.382568e-08,3.756117e-03,3.953407e-02,2.500017e-02,2.716881e+05,2.859569e+06,1.808287e+06,-4.032119e-04,-4.238924e-03,-2.670711e-03,4.099503e-18,204,60833
0.000000e+00,-1.877446e-07,7.162843e-08,3.518695e-07,0.000000e+00,0.000000e+00,0.000000e+00,4.246077e+07,-1.218267e+07,-5.055577e+07,4.442134e-18,205,0
9.331818e-10,-2.186512e-03,6.484312e-04,2.500027e-03,-2.343846e+06,6.950671e+05,2.679707e+06,6.731762e-01,-1.905563e-01,-7.293656e-01,4.442134e-18,205,4106
9.329545e-09,-2.186698e-02,6.484663e-03,2.500057e-02,-2.343945e+06,6.950952e+05,2.679814e+06,6.573284e-03,-1.895958e-03,-7.381163e-03,4.442134e-18,205,41050
0.000000e+00,8.273409e-08,2.310158e-07,2.823377e-07,0.000000e+00,0.000000e+00,0.000000e+00,-2.364635e+07,-5.910742e+07,-4.703633e+07,4.703585e-18,206,0
1.164545e-09,1.352444e-03,3.577060e-03,2.500447e-03,1.161587e+06,3.072253e+06,2.147393e+06,-1.726068e-01,-4.387172e-01,-2.826788e-01,4.703585e-18,206,5124
1.164205e-08,1.352325e-02,3.576730e-02,2.500021e-02,1.161619e+06,3.072334e+06,2.147445e+06,-1.605581e-03,-4.188365e-03,-2.902525e-03,4.703585e-18,206,51225
0.000000e+00,-6.614462e-08,-3.088270e-08,6.491043e-07,0.000000e+00,0.000000e+00,0.000000e+00,1.115307e+06,7.495837e+06,-3.931205e+07,2.907766e-18,207,0
8.945455e-10,-1.406134e-04,-4.433363e-04,2.500093e-03,-1.573001e+05,-4.959960e+05,2.796387e+06,1.303732e-01,3.349594e-01,-1.689896e+00,2.907766e-18,207,3936
8.940227e-09,-1.406322e-03,-4.434278e-03,2.500053e-02,-1.573185e+05,-4.960434e+05,2.796626e+06,1.171514e-03,3.350566e-03,-1.713001e-02,2.907766e-18,207,39337
0.000000e+00,-1.265986e-07,2.112432e-07,3.988520e-07,0.000000e+00,0.000000e+00,0.000000e+00,2.165512e+07,-3.188071e+07,-4.115488e+07,3.864932e-18,208,0
1.057727e-09,-1.289773e-03,1.980551e-03,2.500509e-03,-1.219874e+06,1.873198e+06,2.364742e+06,3.833674e-01,-5.776228e-01,-6.565960e-01,3.864932e-18,208,4654
1.057205e-08,-1.289655e-02,1.980352e-02,2.500028e-02,-1.219938e+06,1.873295e+06,2.364852e+06,3.560011e-03,-5.446834e-03,-6.887786e-03,3.864932e-18,208,46517
0.000000e+00,7.857297e-08,-5.553249e-08,3.593921e-07,0.000000e+00,0.000000e+00,0.000000e+00,-1.895142e+07,1.416615e+07,-6.543927e+07,4.836969e-18,209,0
7.354545e-10,9.209559e-04,-7.145381e-04,2.500355e-03,1.252759e+06,-9.719955e+05,3.400793e+06,-5.241455e-01,4.174247e-01,-1.385395e+00,4.836969e-18,209,3236
7.351364e-09,9.209426e-03,-7.145437e-03,2.500058e-02,1.252819e+06,-9.720440e+05,3.400954e+06,-5.211539e-03,4.141767e-03,-1.391153e-02,4.836969e-18,209,32346
0.000000e+00,1.008949e-07,-4.103204e-08,1.826898e-07,0.000000e+00,0.000000e+00,0.000000e+00,-1.050026e+08,4.141042e+07,-1.763951e+08,7.968276e-18,210,0
3.472727e-10,1.491037e-03,-5.879761e-04,2.500611e-03,4.293597e+06,-1.693134e+06,7.200717e+06,-6.774115e-01,2.649022e-01,-1.118524e+00,7.968276e-18,210,1528
3.472045e-09,1.490765e-02,-5.878673e-03,2.500138e-02,4.293634e+06,-1.693149e+06,7.200779e+06,-6.774887e-03,2.638550e-03,-1.119448e-02,7.968276e-18,210,15277
0.000000e+00,4.671468e-08,1.572449e-07,5.777367e-07,0.000000e+00,0.000000e+00,0.000000e+00,-2.874697e+06,-1.837094e+07,-3.927108e+07,3.115262e-18,211,0
9.370455e-10,1.624924e-04,1.182344e-03,2.500136e-03,1.734367e+05,1.262564e+06,2.669402e+06,-4.664363e-02,-6.798899e-01,-1.326223e+00,3.115262e-18,211,4123
9.365455e-09,1.624336e-03,1.182445e-02,2.500031e-02,1.734436e+05,1.262665e+06,2.669598e+06,-4.842300e-04,-6.647680e-03,-1.363757e-02,3.115262e-18,211,41208
0.000000e+00,4.592278e-08,-9.002784e-08,4.271504e-07,0.000000e+00,0.000000e+00,0.000000e+00,-9.564173e+06,1.735678e+07,-4.590150e+07,4.200009e-18,212,0
8.947727e-10,5.958364e-04,-1.050503e-03,2.500589e-03,6.663500e+05,-1.174784e+06,2.796047e+06,-3.416290e-01,6.006077e-01,-1.351411e+00,4.200009e-18,212,3937
8.941364e-09,5.958004e-03,-1.050408e-02,2.500051e-02,6.663984e+05,-1.174869e+06,2.796239e+06,-3.273432e-03,5.767440e-03,-1.364184e-02,4.200009e-18,212,39342
0.000000e+00,7.699753e-08,1.920895e-07,4.284023e-07,0.000000e+00,0.000000e+00,0.000000e+00,-1.203518e+07,-3.349018e+07,-4.298484e+07,3.859970e-18,213,0
9.938636e-10,7.445096e-04,1.982396e-03,2.500448e-03,7.494486e+05,1.995464e+06,2.516683e+06,-2.742955e-01,-6.651183e-01,-7.923570e-01,3.859970e-18,213,4373
9.933864e-09,7.444898e-03,1.982262e-02,2.500051e-02,7.494916e+05,1.995568e+06,2.516807e+06,-2.573031e-03,-6.374744e-03,-8.051831e-03,3.859970e-18,213,43709
0.000000e+00,2.555897e-07,3.408988e-08,3.692317e-07,0.000000e+00,0.000000e+00,0.000000e+00,-3.739039e+07,-7.285084e+06,-3.823940e+07,3.994268e-18,214,0
1.197955e-09,2.820242e-03,4.863527e-04,2.500367e-03,2.355171e+06,4.061338e+05,2.087747e+06,-6.178856e-01,-9.561867e-02,-4.640322e-01,3.994268e-18,214,5271
1.197477e-08,2.820253e-02,4.863344e-03,2.500042e-02,2.355287e+06,4.061519e+05,2.087835e+06,-5.878400e-03,-9.626572e-04,-5.112551e-03,3.994268e-18,214,52689
0.000000e+00,-2.437735e-07,-9.445414e-10,4.672615e-07,0.000000e+00,0.000000e+00,0.000000e+00,3.223412e+07,-3.435372e+06,-3.699929e+07,3.479597e-18,215,0
1.112955e-09,-2.294810e-03,1.726089e-04,2.500218e-03,-2.062795e+06,1.551560e+05,2.247240e+06,6.382721e-01,-4.246258e-02,-6.904826e-01,3.479597e-18,215,4897
1.112477e-08,-2.294807e-02,1.726064e-03,2.500018e-02,-2.062908e+06,1.551635e+05,2.247361e+06,6.465424e-03,-5.164555e-04,-7.101393e-03,3.479597e-18,215,48949
0.000000e+00,-6.772387e-08,2.293249e-07,2.755738e-07,0.000000e+00,0.000000e+00,0.000000e+00,1.965535e+07,-6.259586e+07,-4.656785e+07,4.819129e-18,216,0
1.121364e-09,-1.118546e-03,3.521058e-03,2.500473e-03,-9.976982e+05,3.140606e+06,2.230131e+06,1.546052e-01,-4.749395e-01,-3.044424e-01,4.819129e-18,216,4934
1.121023e-08,-1.118442e-02,3.520691e-02,2.500041e-02,-9.977255e+05,3.140690e+06,2.230185e+06,1.475887e-03,-4.517475e-03,-3.167845e-03,4.819129e-18,216,49325
0.000000e+00,1.420150e-07,-7.456497e-09,5.062330e-07,0.000000e+00,0.000000e+00,0.000000e+00,-1.111382e+07,9.417765e+05,-3.859402e+07,3.576472e-18,217,0
9.479545e-10,8.300964e-04,-6.414764e-05,2.500433e-03,8.762921e+05,-6.773680e+04,2.639352e+06,-5.211886e-01,5.550481e-02,-1.491071e+00,3.576472e-18,217,4171
9.472045e-09,8.300241e-03,-6.416010e-04,2.500009e-02,8.763702e+05,-6.774511e+04,2.639576e+06,-4.897465e-03,4.946493e-04,-1.527532e-02,3.576472e-18,217,41677
0.000000e+00,5.235030e-08,-1.840526e-08,6.285706e-07,0.000000e+00,0.000000e+00,0.000000e+00,-4.345587e+06,-1.630594e+06,-3.676741e+07,2.995328e-18,218,0
7.281818e-10,3.135455e-04,3.134626e-04,2.500589e-03,4.308073e+05,4.307981e+05,3.435439e+06,-2.286074e-01,-2.151630e-01,-1.791217e+00,2.995328e-18,218,3204
7.277273e-09,3.135084e-03,3.134933e-03,2.500071e-02,4.308336e+05,4.308229e+05,3.435645e+06,-2.264753e-03,-2.151030e-03,-1.803282e-02,2.995328e-18,218,32020
0.000000e+00,-2.727395e-07,-1.057807e-07,3.699364e-07,0.000000e+00,0.000000e+00,0.000000e+00,4.025397e+07,1.551054e+07,-3.362208e+07,3.778570e-18,219,0
1.315000e-09,-3.161514e-03,-1.158161e-03,2.500072e-03,-2.405030e+06,-8.810141e+05,1.901665e+06,5.065509e-01,1.766514e-01,-3.628939e-01,3.778570e-18,219,5786
1.314636e-08,-3.161733e-02,-1.158212e-02,2.500010e-02,-2.405136e+06,-8.810508e+05,1.901741e+06,4.735922e-03,1.745453e-03,-3.744700e-03,3.778570e-18,219,57844
0.000000e+00,1.239236e-08,-4.400815e-08,6.577429e-07,0.000000e+00,0.000000e+00,0.000000e+00,-5.456771e+05,3.631813e+06,-3.712494e+07,2.854411e-18,220,0
9.175000e-10,-2.837914e-06,-2.710581e-04,2.500252e-03,-3.151176e+03,-2.956298e+05,2.726732e+06,3.722779e-02,1.714766e-01,-1.713545e+00,2.854411e-18,220,4037
9.168636e-09,-2.887562e-05,-2.710510e-03,2.500059e-02,-3.156586e+03,-2.956547e+05,2.726981e+06,1.525722e-04,1.962507e-03,-1.759425e-02,2.854411e-18,220,40342
0.000000e+00,-1.544446e-07,1.625306e-07,4.194995e-07,0.000000e+00,0.000000e+00,0.000000e+00,2.165162e+07,-2.864000e+07,-4.445727e+07,3.836083e-18,221,0
9.772727e-10,-1.272999e-03,1.633696e-03,2.500541e-03,-1.303125e+06,1.672341e+06,2.559518e+06,4.506168e-01,-5.436176e-01,-8.328825e-01,3.836083e-18,221,4300
9.767500e-09,-1.272827e-02,1.633456e-02,2.500022e-02,-1.303195e+06,1.672425e+06,2.559646e+06,4.374291e-03,-5.270982e-03,-8.510656e-03,3.836083e-18,221,42977
0.000000e+00,-2.192006e-08,-8.961062e-08,1.534720e-07,0.000000e+00,0.000000e+00,0.000000e+00,3.923259e+07,1.621935e+08,-2.566345e+08,9.341640e-18,222,0
2.422727e-10,-3.824741e-04,-1.581143e-03,2.500696e-03,-1.578656e+06,-6.526147e+06,1.032153e+07,1.688434e-01,6.969336e-01,-1.085665e+00,9.341640e-18,222,1066
2.422273e-09,-3.823956e-03,-1.580819e-02,2.500171e-02,-1.578663e+06,-6.526174e+06,1.032157e+07,1.688570e-03,6.971276e-03,-1.086319e-02,9.341640e-18,222,10658
0.000000e+00,-1.443088e-07,-2.988017e-09,5.616334e-07,0.000000e+00,0.000000e+00,0.000000e+00,1.719329e+07,-2.253555e+06,-3.776112e+07,3.237494e-18,223,0
9.695455e-10,-1.209486e-03,1.015324e-04,2.500304e-03,-1.248292e+06,1.047677e+05,2.580175e+06,6.508575e-01,-3.190219e-02,-1.282268e+00,3.237494e-18,223,4266
9.689318e-09,-1.209503e-02,1.015119e-03,2.500026e-02,-1.248392e+06,1.047727e+05,2.580372e+06,6.235256e-03,-3.595785e-04,-1.302314e-02,3.237494e-18,223,42633
0.000000e+00,1.690466e-07,-2.910501e-08,2.307314e-07,0.000000e+00,0.000000e+00,0.000000e+00,-7.934375e+07,1.363971e+07,-8.902347e+07,6.019080e-18,224,0
6.436364e-10,2.256264e-03,-3.882093e-04,2.500401e-03,3.505891e+06,-6.032213e+05,3.885139e+06,-6.915289e-01,1.228941e-01,-7.414452e-01,6.019080e-18,224,2832
6.434773e-09,2.255970e-02,-3.881606e-03,2.500013e-02,3.505962e+06,-6.032338e+05,3.885214e+06,-6.868413e-03,1.209600e-03,-7.444510e-03,6.019080e-18,224,28313
0.000000e+00,7.702087e-08,1.538428e-07,5.550261e-07,0.000000e+00,0.000000e+00,0.000000e+00,-9.738684e+06,-1.809672e+07,-3.752098e+07,3.219784e-18,225,0
9.881818e-10,7.075188e-04,1.248179e-03,2.500550e-03,7.164798e+05,1.263896e+06,2.531637e+06,-3.876421e-01,-6.303832e-01,-1.136719e+00,3.219784e-18,225,4348
9.875000e-09,7.075189e-03,1.248092e-02,2.500006e-02,7.165402e+05,1.263994e+06,2.531815e+06,-3.672914e-03,-6.129039e-03,-1.176611e-02,3.219784e-18,225,43450
0.000000e+00,-5.048837e-08,2.120833e-07,2.756270e-07,0.000000e+00,0.000000e+00,0.000000e+00,9.516736e+06,-5.813842e+07,-5.502458e+07,5.006449e-18,226,0
9.318182e-10,-4.277539e-04,2.741834e-03,2.500151e-03,-4.591285e+05,2.943145e+06,2.683569e+06,9.216918e-02,-6.365505e-01,-5.456094e-01,5.006449e-18,226,4100
9.316136e-09,-4.277328e-03,2.741875e-02,2.500061e-02,-4.591421e+05,2.943239e+06,2.683649e+06,9.313176e-04,-6.239399e-03,-5.546669e-03,5.006449e-18,226,40991
0.000000e+00,1.069388e-07,3.130112e-08,1.298674e-07,0.000000e+00,0.000000e+00,0.000000e+00,-2.175858e+08,-6.327293e+07,-2.448986e+08,9.737631e-18,227,0
2.543182e-10,2.222486e-03,6.462845e-04,2.500669e-03,8.738800e+06,2.541185e+06,9.832568e+06,-6.554327e-01,-1.903947e-01,-7.270763e-01,9.737631e-18,227,1119
2.542727e-09,2.222048e-02,6.461570e-03,2.500166e-02,8.738826e+06,2.541193e+06,9.832597e+06,-6.555071e-03,-1.903304e-03,-7.274732e-03,9.737631e-18,227,11188
0.000000e+00,-1.098206e-07,9.451477e-08,5.410243e-07,0.000000e+00,0.000000e+00,0.000000e+00,1.353523e+07,-1.041638e+07,-3.913972e+07,3.336937e-18,228,0
9.570455e-10,-9.029563e-04,7.044774e-04,2.500526e-03,-9.441105e+05,7.365463e+05,2.614127e+06,5.138787e-01,-3.743929e-01,-1.319918e+00,3.336937e-18,228,4211
9.563409e-09,-9.028868e-03,7.043866e-03,2.500007e-02,-9.441882e+05,7.366029e+05,2.614327e+06,4.817379e-03,-3.553317e-03,-1.352992e-02,3.336937e-18,228,42079
0.000000e+00,-7.741884e-08,2.576694e-07,4.210795e-07,0.000000e+00,0.000000e+00,0.000000e+00,1.080167e+07,-3.666342e+07,-3.624806e+07,3.627787e-18,229,0
1.259091e-09,-7.198547e-04,2.920606e-03,2.500252e-03,-5.719349e+05,2.320518e+06,1.986265e+06,1.436615e-01,-5.602808e-01,-4.304650e-01,3.627787e-18,229,5540
1.258636e-08,-7.198585e-03,2.920679e-02,2.500002e-02,-5.719634e+05,2.320629e+06,1.986351e+06,1.504304e-03,-5.301558e-03,-4.680527e-03,3.627787e-18,229,55380
0.000000e+00,-1.265199e-07,-1.457296e-08,4.691868e-07,0.000000e+00,0.000000e+00,0.000000e+00,2.823421e+07,3.675463e+06,-5.516187e+07,3.837411e-18,230,0
8.100000e-10,-1.311303e-03,-1.717150e-04,2.500460e-03,-1.619583e+06,-2.121023e+05,3.087953e+06,6.916077e-01,1.049756e-01,-1.254557e+00,3.837411e-18,230,3564
8.096136e-09,-1.311234e-02,-1.717202e-03,2.500067e-02,-1.619671e+06,-2.121157e+05,3.088114e+06,6.819403e-03,9.482156e-04,-1.268926e-02,3.837411e-18,230,35623
0.000000e+00,1.732610e-07,-8.794538e-08,2.151129e-07,0.000000e+00,0.000000e+00,0.000000e+00,-8.490244e+07,4.469857e+07,-7.981851e+07,5.944445e-18,231,0
7.275000e-10,2.696071e-03,-1.421554e-03,2.500616e-03,3.706270e+06,-1.954210e+06,3.437461e+06,-5.247325e-01,2.814863e-01,-4.554569e-01,5.944445e-18,231,3201
7.272955e-09,2.695562e-02,-1.421292e-02,2.500064e-02,3.706330e+06,-1.954242e+06,3.437513e+06,-5.158893e-03,2.726487e-03,-4.650605e-03,5.944445e-18,231,32001
0.000000e+00,2.968392e-08,2.023062e-07,2.484977e-07,0.000000e+00,0.000000e+00,0.000000e+00,-7.097872e+06,-7.447832e+07,-6.357473e+07,5.423938e-18,232,0
8.622727e-10,2.939362e-04,2.993322e-03,2.500296e-03,3.409380e+05,3.471987e+06,2.899980e+06,-6.572912e-02,-6.011165e-01,-4.730123e-01,5.423938e-18,232,3794
8.620909e-09,2.939208e-03,2.993173e-02,2.500060e-02,3.409469e+05,3.472069e+06,2.900045e+06,-6.275486e-04,-5.928377e-03,-4.769518e-03,5.423938e-18,232,37932
0.000000e+00,-4.281608e-08,2.219221e-07,3.938929e-07,0.000000e+00,0.000000e+00,0.000000e+00,2.195521e+06,-3.746486e+07,-3.899313e+07,4.012783e-18,233,0
1.128636e-09,-2.559668e-04,2.535612e-03,2.500010e-03,-2.269073e+05,2.247565e+06,2.215762e+06,8.011391e-02,-6.559306e-01,-5.955069e-01,4.012783e-18,233,4966
1.128295e-08,-2.560175e-03,2.535909e-02,2.500046e-02,-2.269216e+05,2.247682e+06,2.215869e+06,6.943723e-04,-6.190868e-03,-6.277662e-03,4.012783e-18,233,49645
0.000000e+00,1.253379e-07,1.155504e-07,3.643752e-07,0.000000e+00,0.000000e+00,0.000000e+00,-2.621487e+07,-2.223224e+07,-5.164385e+07,4.486348e-18,234,0
8.788636e-10,1.373169e-03,1.132563e-03,2.500097e-03,1.563085e+06,1.289182e+06,2.845606e+06,-5.741530e-01,-4.737674e-01,-9.808798e-01,4.486348e-18,234,3867
8.785455e-09,1.373236e-02,1.132603e-02,2.500003e-02,1.563165e+06,1.289248e+06,2.845743e+06,-5.660678e-03,-4.661732e-03,-9.922419e-03,4.486348e-18,234,38656
0.000000e+00,-1.444158e-07,1.702109e-07,3.809968e-07,0.000000e+00,0.000000e+00,0.000000e+00,2.553762e+07,-2.906865e+07,-4.387725e+07,4.097820e-18,235,0
1.035000e-09,-1.656185e-03,1.765674e-03,2.500014e-03,-1.600825e+06,1.706589e+06,2.416151e+06,4.799350e-01,-4.864258e-01,-6.543818e-01,4.097820e-18,235,4554
1.034705e-08,-1.656374e-02,1.765812e-02,2.500015e-02,-1.600903e+06,1.706668e+06,2.416258e+06,4.488812e-03,-4.720404e-03,-6.741213e-03,4.097820e-18,235,45527
0.000000e+00,-3.696524e-08,1.738875e-07,2.597841e-07,0.000000e+00,0.000000e+00,0.000000e+00,1.259983e+07,-6.351514e+07,-7.480831e+07,5.550731e-18,236,0
7.275000e-10,-4.296151e-04,2.167428e-03,2.500181e-03,-5.906360e+05,2.979819e+06,3.437168e+06,1.354863e-01,-7.055126e-01,-7.886969e-01,5.550731e-18,236,3201
7.273409e-09,-4.295949e-03,2.167349e-02,2.500006e-02,-5.906516e+05,2.979900e+06,3.437258e+06,1.362737e-03,-7.003901e-03,-7.933667e-03,5.550731e-18,236,32003
0.000000e+00,-2.164506e-07,1.443089e-07,4.125601e-07,0.000000e+00,0.000000e+00,0.000000e+00,2.951788e+07,-2.157409e+07,-3.731115e+07,3.712482e-18,237,0
1.154773e-09,-2.054471e-03,1.590354e-03,2.500453e-03,-1.779841e+06,1.377775e+06,2.165990e+06,5.128422e-01,-3.866018e-01,-5.718437e-01,3.712482e-18,237,5081
1.154205e-08,-2.054297e-02,1.590229e-02,2.500007e-02,-1.779935e+06,1.377846e+06,2.166094e+06,4.803547e-03,-3.814308e-03,-5.939426e-03,3.712482e-18,237,50785
0.000000e+00,-1.669600e-07,1.447151e-07,2.307990e-07,0.000000e+00,0.000000e+00,0.000000e+00,6.617175e+07,-4.745541e+07,-6.019759e+07,5.426826e-18,238,0
9.240909e-10,-2.815317e-03,2.010627e-03,2.500336e-03,-3.047013e+06,2.176058e+06,2.705970e+06,4.363862e-01,-3.012627e-01,-3.578227e-01,5.426826e-18,238,4066
9.238864e-09,-2.815097e-02,2.010436e-02,2.500022e-02,-3.047077e+06,2.176102e+06,2.706022e+06,4.262420e-03,-2.966771e-03,-3.620688e-03,5.426826e-18,238,40651
0.000000e+00,-1.863924e-07,1.921775e-07,3.631667e-07,0.000000e+00,0.000000e+00,0.000000e+00,3.127054e+07,-3.146774e+07,-3.793557e+07,3.966704e-18,239,0
1.217045e-09,-2.232679e-03,2.283644e-03,2.500256e-03,-1.835113e+06,1.876994e+06,2.054818e+06,3.956550e-01,-3.977492e-01,-3.924936e-01,3.966704e-18,239,5355
1.216659e-08,-2.232703e-02,2.283657e-02,2.500026e-02,-1.835189e+06,1.877070e+06,2.054894e+06,3.696437e-03,-3.811180e-03,-4.141173e-03,3.966704e-18,239,53533
0.000000e+00,8.429074e-08,3.566328e-08,3.685815e-07,0.000000e+00,0.000000e+00,0.000000e+00,-2.234633e+07,-1.382108e+07,-6.646916e+07,4.774667e-18,240,0
7.022727e-10,8.659716e-04,5.193567e-04,2.500316e-03,1.233563e+06,7.398233e+05,3.561414e+06,-5.361257e-01,-3.143637e-01,-1.498624e+00,4.774667e-18,240,3090
7.019773e-09,8.659317e-03,5.193373e-03,2.500042e-02,1.233623e+06,7.398582e+05,3.561581e+06,-5.347969e-03,-3.117428e-03,-1.505264e-02,4.774667e-18,240,30887
0.000000e+00,-1.674154e-07,1.658666e-07,2.647185e-07,0.000000e+00,0.000000e+00,0.000000e+00,5.125942e+07,-4.680164e+07,-5.375556e+07,4.941601e-18,241,0
9.981818e-10,-2.467544e-03,2.238478e-03,2.500281e-03,-2.472495e+06,2.242945e+06,2.505141e+06,4.092985e-01,-3.644683e-01,-3.794698e-01,4.941601e-18,241,4392
9.979545e-09,-2.467440e-02,2.238361e-02,2.500031e-02,-2.472560e+06,2.243002e+06,2.505201e+06,3.966963e-03,-3.531207e-03,-3.877462e-03,4.941601e-18,241,43910
0.000000e+00,-5.347004e-08,2.307404e-07,3.994498e-07,0.000000e+00,0.000000e+00,0.000000e+00,1.238666e+07,-4.172351e+07,-4.451381e+07,3.920826e-18,242,0
1.002045e-09,-6.648673e-04,2.346319e-03,2.500358e-03,-6.637030e+05,2.342359e+06,2.495901e+06,1.591050e-01,-6.866110e-01,-6.656768e-01,3.920826e-18,242,4409
1.001659e-08,-6.648036e-03,2.346243e-02,2.500056e-02,-6.637282e+05,2.342468e+06,2.496007e+06,1.813230e-03,-6.344300e-03,-6.787145e-03,3.920826e-18,242,44073
0.000000e+00,6.692783e-08,1.363639e-07,3.441291e-07,0.000000e+00,0.000000e+00,0.000000e+00,-1.830186e+07,-3.279503e+07,-5.989109e+07,4.775089e-18,243,0
7.818182e-10,7.940625e-04,1.423728e-03,2.500163e-03,1.016028e+06,1.821667e+06,3.198766e+06,-3.715873e-01,-6.473727e-01,-1.091575e+00,4.775089e-18,243,3440
7.815682e-09,7.940933e-03,1.423755e-02,2.500063e-02,1.016074e+06,1.821747e+06,3.198901e+06,-3.668505e-03,-6.387988e-03,-1.096809e-02,4.775089e-18,243,34389
0.000000e+00,-2.737592e-08,1.730605e-08,3.401429e-07,0.000000e+00,0.000000e+00,0.000000e+00,8.162812e+06,-2.059824e+06,-8.346134e+07,5.246810e-18,244,0
5.990909e-10,-2.529155e-04,7.059316e-05,2.500448e-03,-4.222944e+05,1.178419e+05,4.174840e+06,1.881203e-01,-3.141470e-02,-1.845265e+00,5.246810e-18,244,2636
5.988409e-09,-2.528874e-03,7.056938e-04,2.500077e-02,-4.223122e+05,1.178449e+05,4.175015e+06,1.887279e-03,-3.528580e-04,-1.862454e-02,5.246810e-18,244,26349
0.000000e+00,1.815811e-07,-8.207062e-09,2.556851e-07,0.000000e+00,0.000000e+00,0.000000e+00,-6.427881e+07,1.354540e+06,-7.592683e+07,5.564549e-18,245,0
7.197727e-10,2.162755e-03,-4.750304e-05,2.500542e-03,3.005297e+06,-6.600783e+04,3.474561e+06,-7.123547e-01,2.017370e-02,-7.939155e-01,5.564549e-18,245,3167
7.195227e-09,2.162385e-02,-4.749460e-04,2.500039e-02,3.005378e+06,-6.601012e+04,3.474652e+06,-7.067588e-03,1.899691e-04,-8.040391e-03,5.564549e-18,245,31659
0.000000e+00,-3.098086e-08,1.341873e-07,2.115742e-07,0.000000e+00,0.000000e+00,0.000000e+00,2.083024e+07,-9.032113e+07,-1.200309e+08,6.795781e-18,246,0
4.956818e-10,-4.368089e-04,1.893090e-03,2.500921e-03,-8.812836e+05,3.819404e+06,5.045634e+06,1.646811e-01,-7.147668e-01,-9.187280e-01,6.795781e-18,246,2181
4.954773e-09,-4.366580e-03,1.892437e-02,2.500013e-02,-8.812965e+05,3.819460e+06,5.045706e+06,1.649619e-03,-7.093312e-03,-9.225968e-03,6.795781e-18,246,21801
0.000000e+00,1.682594e-07,1.865775e-07,3.752837e-07,0.000000e+00,0.000000e+00,0.000000e+00,-3.524593e+07,-3.134609e+07,-3.878753e+07,3.998194e-18,247,0
1.165909e-09,2.312613e-03,2.097548e-03,2.500267e-03,1.984151e+06,1.799611e+06,2.144936e+06,-4.209386e-01,-3.825008e-01,-4.224435e-01,3.998194e-18,247,5130
1.165545e-08,2.312613e-02,2.097526e-02,2.500035e-02,1.984228e+06,1.799681e+06,2.145014e+06,-4.013817e-03,-3.687770e-03,-4.329532e-03,3.998194e-18,247,51284
0.000000e+00,-1.214971e-07,1.637146e-07,5.630509e-07,0.000000e+00,0.000000e+00,0.000000e+00,1.174661e+07,-1.611813e+07,-3.404415e+07,3.095997e-18,248,0
1.045000e-09,-8.626784e-04,1.135783e-03,2.500421e-03,-8.260783e+05,1.087520e+06,2.394024e+06,4.213540e-01,-5.051400e-01,-1.131914e+00,3.095997e-18,248,4598
1.044273e-08,-8.626477e-03,1.135665e-02,2.500025e-02,-8.261478e+05,1.087603e+06,2.394211e+06,3.910617e-03,-5.074378e-03,-1.170911e-02,3.095997e-18,248,45948
0.000000e+00,2.098152e-09,-1.448980e-07,4.456250e-07,0.000000e+00,0.000000e+00,0.000000e+00,-3.978534e+05,2.514180e+07,-4.171448e+07,3.940190e-18,249,0
1.011364e-09,2.454352e-05,-1.673640e-03,2.500486e-03,2.426089e+04,-1.655861e+06,2.473435e+06,-2.900723e-03,7.440891e-01,-9.974867e-01,3.940190e-18,249,4450
1.010750e-08,2.452277e-04,-1.673647e-02,2.500039e-02,2.426140e+04,-1.655979e+06,2.473594e+06,-4.800931e-05,6.821054e-03,-1.034825e-02,3.940190e-18,249,44473
0.000000e+00,1.799556e-07,1.092592e-07,5.142668e-07,0.000000e+00,0.000000e+00,0.000000e+00,-1.836445e+07,-1.344767e+07,-3.733025e+07,3.346398e-18,250,0
1.027273e-09,1.325087e-03,9.446824e-04,2.500429e-03,1.290663e+06,9.201536e+05,2.435158e+06,-5.894069e-01,-4.202067e-01,-1.017399e+00,3.346398e-18,250,4520
1.026636e-08,1.325038e-02,9.446586e-03,2.500034e-02,1.290759e+06,9.202218e+05,2.435323e+06,-5.558160e-03,-4.068711e-03,-1.051950e-02,3.346398e-18,250,45172
0.000000e+00,-9.795522e-08,2.714833e-08,3.143726e-07,0.000000e+00,0.000000e+00,0.000000e+00,3.431258e+07,-5.415434e+06,-7.974986e+07,5.376128e-18,251,0
6.420455e-10,-1.115076e-03,1.750323e-04,2.500805e-03,-1.737270e+06,2.726593e+05,3.895948e+06,6.792421e-01,-8.130913e-02,-1.426839e+00,5.376128e-18,251,2825
6.417045e-09,-1.114814e-02,1.749679e-03,2.500060e-02,-1.737339e+06,2.726676e+05,3.896093e+06,6.604213e-03,-8.667410e-04,-1.435421e-02,5.376128e-18,251,28235
0.000000e+00,-2.858400e-08,-7.287946e-08,3.906557e-07,0.000000e+00,0.000000e+00,0.000000e+00,7.788879e+06,1.804881e+07,-5.800489e+07,4.573173e-18,252,0
7.872727e-10,-4.382409e-04,-9.312017e-04,2.500200e-03,-5.569666e+05,-1.183433e+06,3.177009e+06,2.749240e-01,5.673200e-01,-1.453846e+00,4.573173e-18,252,3464
7.869091e-09,-4.382777e-03,-9.312470e-03,2.500026e-02,-5.570008e+05,-1.183503e+06,3.177190e+06,2.758390e-03,5.590368e-03,-1.462827e-02,4.573173e-18,252,34624
0.000000e+00,-2.497501e-07,1.078426e-07,3.902421e-07,0.000000e+00,0.000000e+00,0.000000e+00,3.953155e+07,-1.902157e+07,-3.616450e+07,3.792077e-18,253,0
1.234318e-09,-2.905129e-03,1.372172e-03,2.500184e-03,-2.354420e+06,1.112037e+06,2.026016e+06,5.104248e-01,-2.260946e-01,-3.966484e-01,3.792077e-18,253,5431
1.233955e-08,-2.905241e-02,1.372201e-02,2.500027e-02,-2.354519e+06,1.112082e+06,2.026094e+06,4.790024e-03,-2.193580e-03,-4.106072e-03,3.792077e-18,253,54294
0.000000e+00,1.133246e-07,-6.521956e-08,4.836358e-07,0.000000e+00,0.000000e+00,0.000000e+00,-8.603177e+06,1.840630e+07,-3.692621e+07,3.736525e-18,254,0
1.002500e-09,6.931272e-04,-1.225615e-03,2.500507e-03,6.918158e+05,-1.223424e+06,2.495596e+06,-3.281740e-01,6.100867e-01,-1.148136e+00,3.736525e-18,254,4411
1.001773e-08,6.930392e-03,-1.225578e-02,2.500023e-02,6.918678e+05,-1.223521e+06,2.495778e+06,-3.004408e-03,5.604841e-03,-1.189959e-02,3.736525e-18,254,44078
0.000000e+00,1.252457e-07,7.563051e-08,5.930493e-07,0.000000e+00,0.000000e+00,0.000000e+00,-1.048196e+07,-8.281267e+06,-4.161052e+07,3.078949e-18,255,0
8.902273e-10,6.827326e-04,5.044627e-04,2.500290e-03,7.673754e+05,5.670459e+05,2.810042e+06,-4.376316e-01,-3.431164e-01,-1.556474e+00,3.078949e-18,255,3917
8.896818e-09,6.827201e-03,5.044887e-03,2.500059e-02,7.674369e+05,5.670942e+05,2.810261e+06,-4.266250e-03,-3.141539e-03,-1.584101e-02,3.078949e-18,255,39146
0.000000e+00,2.069918e-07,-8.642504e-08,5.777609e-07,0.000000e+00,0.000000e+00,0.000000e+00,-1.977899e+07,8.667782e+06,-3.430322e+07,2.987145e-18,256,0
1.046818e-09,1.458267e-03,-6.456879e-04,2.500314e-03,1.393873e+06,-6.171910e+05,2.389600e+06,-6.432551e-01,2.930193e-01,-1.027885e+00,2.987145e-18,256,4606
1.046205e-08,1.458272e-02,-6.457059e-03,2.500027e-02,1.393979e+06,-6.172395e+05,2.389770e+06,-6.170956e-03,2.773535e-03,-1.066358e-02,2.987145e-18,256,46033
0.000000e+00,1.199139e-07,1.732207e-07,4.537566e-07,0.000000e+00,0.000000e+00,0.000000e+00,-1.520060e+07,-2.385599e+07,-4.150379e+07,3.681596e-18,257,0
9.984091e-10,9.712602e-04,1.550671e-03,2.500455e-03,9.732479e+05,1.553913e+06,2.505432e+06,-3.600917e-01,-6.100042e-01,-9.399292e-01,3.681596e-18,257,4393
9.978409e-09,9.711448e-03,1.550553e-02,2.500033e-02,9.733047e+05,1.554009e+06,2.505580e+06,-3.387915e-03,-5.949512e-03,-9.620443e-03,3.681596e-18,257,43905
0.000000e+00,1.391780e-07,1.042404e-07,5.124983e-07,0.000000e+00,0.000000e+00,0.000000e+00,-1.481937e+07,-1.590375e+07,-3.765344e+07,3.455465e-18,258,0
1.029091e-09,1.168245e-03,1.083031e-03,2.500530e-03,1.135926e+06,1.053059e+06,2.430988e+06,-5.225204e-01,-4.756571e-01,-1.034812e+00,3.455465e-18,258,4528
1.028386e-08,1.168163e-02,1.082944e-02,2.500006e-02,1.136011e+06,1.053136e+06,2.431156e+06,-4.866513e-03,-4.651021e-03,-1.081008e-02,3.455465e-18,258,45249
0.000000e+00,-8.505574e-08,-3.662472e-08,4.870266e-07,0.000000e+00,0.000000e+00,0.000000e+00,1.256654e+07,7.924812e+06,-4.718220e+07,3.781648e-18,259,0
8.429545e-10,-8.267644e-04,-4.168585e-04,2.500224e-03,-9.813950e+05,-4.947879e+05,2.967421e+06,5.243822e-01,2.408716e-01,-1.519484e+00,3.781648e-18,259,3709
8.425000e-09,-8.268184e-03,-4.168564e-03,2.500062e-02,-9.814649e+05,-4.948200e+05,2.967624e+06,5.216118e-03,2.264481e-03,-1.529221e-02,3.781648e-18,259,37070
0.000000e+00,6.293327e-08,-5.451240e-08,4.576641e-07,0.000000e+00,0.000000e+00,0.000000e+00,-7.848698e+06,7.813555e+06,-4.887079e+07,4.001707e-18,260,0
8.643182e-10,5.935804e-04,-3.167775e-04,2.500136e-03,6.872670e+05,-3.666570e+05,2.894266e+06,-4.315684e-01,1.882934e-01,-1.693716e+00,4.001707e-18,260,3803
8.637955e-09,5.936523e-03,-3.167201e-03,2.500059e-02,6.873259e+05,-3.666828e+05,2.894497e+06,-4.300338e-03,1.832264e-03,-1.711325e-02,4.001707e-18,260,38007
0.000000e+00,7.626879e-08,-1.083405e-07,1.945781e-07,0.000000e+00,0.000000e+00,0.000000e+00,-6.135834e+07,9.067310e+07,-1.387379e+08,7.224952e-18,261,0
4.363636e-10,1.109516e-03,-1.640324e-03,2.500270e-03,2.542716e+06,-3.759199e+06,5.729879e+06,-4.065708e-01,5.997786e-01,-8.884356e-01,7.224952e-18,261,1920
4.363182e-09,1.109439e-02,-1.640215e-02,2.500066e-02,2.542744e+06,-3.759240e+06,5.729940e+06,-4.034118e-03,5.988207e-03,-8.918392e-03,7.224952e-18,261,19198
0.000000e+00,5.694728e-08,-2.199446e-07,5.715109e-07,0.000000e+00,0.000000e+00,0.000000e+00,-5.520722e+06,2.161667e+07,-3.690515e+07,3.010270e-18,262,0
1.053409e-09,5.007941e-04,-1.705296e-03,2.500505e-03,4.756814e+05,-1.619762e+06,2.374711e+06,-2.017600e-01,6.996057e-01,-9.447400e-01,3.010270e-18,262,4635
1.052773e-08,5.007814e-03,-1.705235e-02,2.500051e-02,4.757149e+05,-1.619879e+06,2.374869e+06,-1.901690e-03,6.575033e-03,-9.625839e-03,3.010270e-18,262,46322
0.000000e+00,-2.676987e-07,7.167608e-08,4.288189e-07,0.000000e+00,0.000000e+00,0.000000e+00,3.473939e+07,-8.479699e+06,-3.632473e+07,3.543963e-18,263,0
1.189318e-09,-2.551214e-03,7.483456e-04,2.500265e-03,-2.146002e+06,6.294880e+05,2.102921e+06,6.091802e-01,-1.701626e-01,-5.506053e-01,3.543963e-18,263,5233
1.188818e-08,-2.551201e-02,7.483435e-03,2.500005e-02,-2.146116e+06,6.295200e+05,2.103025e+06,5.788793e-03,-1.677444e-03,-5.709237e-03,3.543963e-18,263,52308
0.000000e+00,1.144610e-07,-9.927276e-09,2.366681e-07,0.000000e+00,0.000000e+00,0.000000e+00,-6.576457e+07,6.208011e+06,-1.235088e+08,6.562947e-18,264,0
4.750000e-10,1.340080e-03,-1.267157e-04,2.500429e-03,2.821458e+06,-2.667939e+05,5.264421e+06,-6.969541e-01,6.502546e-02,-1.273980e+00,6.562947e-18,264,2090
4.748864e-09,1.339879e-02,-1.266974e-03,2.500018e-02,2.821510e+06,-2.667988e+05,5.264517e+06,-6.893297e-03,6.587728e-04,-1.278524e-02,6.562947e-18,264,20895
0.000000e+00,-7.752192e-08,-3.875569e-08,6.479338e-07,0.000000e+00,0.000000e+00,0.000000e+00,7.321871e+06,1.482358e+07,-3.394925e+07,2.900442e-18,265,0
9.856818e-10,-4.917619e-04,-8.886264e-04,2.500286e-03,-4.992221e+05,-9.021201e+05,2.537960e+06,2.833625e-01,4.447044e-01,-1.332261e+00,2.900442e-18,265,4337
9.850455e-09,-4.917575e-03,-8.886223e-03,2.500024e-02,-4.992662e+05,-9.021893e+05,2.538167e+06,2.778237e-03,4.912156e-03,-1.419496e-02,2.900442e-18,265,43342
0.000000e+00,-1.806195e-07,2.896870e-08,2.896017e-07,0.000000e+00,0.000000e+00,0.000000e+00,5.334288e+07,-5.752477e+06,-6.374335e+07,5.139573e-18,266,0
8.052273e-10,-2.159834e-03,2.292010e-04,2.500142e-03,-2.682928e+06,2.847004e+05,3.105490e+06,7.150597e-01,-7.793418e-02,-7.869229e-01,5.139573e-18,266,3543
8.050227e-09,-2.159819e-02,2.291915e-03,2.500002e-02,-2.683019e+06,2.847103e+05,3.105591e+06,7.091716e-03,-7.918909e-04,-7.910569e-03,5.139573e-18,266,35421
0.000000e+00,-1.077526e-07,-5.622578e-08,4.484304e-07,0.000000e+00,0.000000e+00,0.000000e+00,1.592644e+07,1.072500e+07,-4.873363e+07,3.991938e-18,267,0
8.511364e-10,-6.247965e-04,-8.179060e-04,2.500171e-03,-7.344480e+05,-9.616335e+05,2.938921e+06,3.981501e-01,5.520728e-01,-1.531737e+00,3.991938e-18,267,3745
8.506591e-09,-6.247669e-03,-8.180118e-03,2.500025e-02,-7.345015e+05,-9.617077e+05,2.939127e+06,3.993150e-03,5.356810e-03,-1.539140e-02,3.991938e-18,267,37429
0.000000e+00,1.074119e-07,1.024798e-07,4.819861e-07,0.000000e+00,0.000000e+00,0.000000e+00,-1.370936e+07,-1.495614e+07,-4.146332e+07,3.696433e-18,268,0
9.711364e-10,8.539512e-04,1.077596e-03,2.500021e-03,8.798422e+05,1.110354e+06,2.575592e+06,-4.176122e-01,-5.542426e-01,-1.187491e+00,3.696433e-18,268,4273
9.706591e-09,8.540236e-03,1.077765e-02,2.500030e-02,8.799062e+05,1.110439e+06,2.575774e+06,-3.801336e-03,-5.086211e-03,-1.238104e-02,3.696433e-18,268,42709
0.000000e+00,1.303854e-07,-1.635502e-07,4.735146e-07,0.000000e+00,0.000000e+00,0.000000e+00,-1.627806e+07,2.188514e+07,-3.685221e+07,3.551976e-18,269,0
1.101818e-09,1.238661e-03,-1.631110e-03,2.500206e-03,1.124870e+06,-1.481192e+06,2.270086e+06,-4.683653e-01,5.623859e-01,-7.905456e-01,3.551976e-18,269,4848
1.101295e-08,1.238807e-02,-1.631221e-02,2.500047e-02,1.124952e+06,-1.481290e+06,2.270224e+06,-4.077403e-03,5.368345e-03,-8.192878e-03,3.551976e-18,269,48457
0.000000e+00,1.042165e-07,1.035325e-07,1.952070e-07,0.000000e+00,0.000000e+00,0.000000e+00,-7.897410e+07,-7.551014e+07,-1.251092e+08,6.994127e-18,270,0
4.811364e-10,1.584602e-03,1.515592e-03,2.500977e-03,3.293587e+06,3.150147e+06,5.198190e+06,-5.017212e-01,-4.880770e-01,-7.861115e-01,6.994127e-18,270,2117
4.809545e-09,1.584073e-02,1.515085e-02,2.500108e-02,3.293625e+06,3.150184e+06,5.198250e+06,-5.023792e-03,-4.874435e-03,-7.884393e-03,6.994127e-18,270,21162
0.000000e+00,-2.814664e-08,-3.744199e-08,4.433277e-07,0.000000e+00,0.000000e+00,0.000000e+00,1.115431e+07,-6.730373e+05,-5.745481e+07,4.174042e-18,271,0
7.388636e-10,-4.873667e-04,-1.342783e-05,2.500154e-03,-6.599755e+05,-1.814711e+04,3.385213e+06,3.537810e-01,4.955972e-03,-1.790824e+00,4.174042e-18,271,3251
7.385227e-09,-4.874031e-03,-1.340433e-04,2.500066e-02,-6.600168e+05,-1.814769e+04,3.385422e+06,3.518114e-03,4.456503e-05,-1.797828e-02,4.174042e-18,271,32495
0.000000e+00,-8.999977e-08,1.214719e-07,2.987608e-07,0.000000e+00,0.000000e+00,0.000000e+00,3.038898e+07,-3.664580e+07,-7.205345e+07,5.290365e-18,272,0
7.172727e-10,-1.087069e-03,1.310300e-03,2.500707e-03,-1.515949e+06,1.827242e+06,3.487116e+06,4.678698e-01,-5.753156e-01,-1.039018e+00,5.290365e-18,272,3156
7.169318e-09,-1.086832e-02,1.310010e-02,2.500037e-02,-1.516002e+06,1.827307e+06,3.487234e+06,4.684380e-03,-5.659304e-03,-1.045705e-02,5.290365e-18,272,31545
0.000000e+00,-1.075556e-07,1.937178e-07,3.198431e-07,0.000000e+00,0.000000e+00,0.000000e+00,2.483263e+07,-4.426943e+07,-4.884720e+07,4.580056e-18,273,0
9.997727e-10,-1.253264e-03,2.377813e-03,2.500039e-03,-1.253893e+06,2.379040e+06,2.501142e+06,2.980175e-01,-5.677818e-01,-5.559583e-01,4.580056e-18,273,4399
9.995455e-09,-1.253324e-02,2.377957e-02,2.500017e-02,-1.253940e+06,2.379130e+06,2.501230e+06,2.855369e-03,-5.499797e-03,-5.657887e-03,4.580056e-18,273,43980
0.000000e+00,1.289019e-08,1.669722e-07,5.169487e-07,0.000000e+00,0.000000e+00,0.000000e+00,-2.724814e+05,-2.229446e+07,-3.838132e+07,3.433544e-18,274,0
1.005909e-09,5.383277e-06,1.528578e-03,2.500330e-03,5.302689e+03,1.520519e+06,2.486804e+06,2.839456e-02,-7.057783e-01,-1.077504e+00,3.433544e-18,274,4426
1.005318e-08,5.332437e-05,1.528597e-02,2.500041e-02,5.298163e+03,1.520631e+06,2.486975e+06,7.169827e-05,-6.794996e-03,-1.106410e-02,3.433544e-18,274,44234
0.000000e+00,3.930872e-08,-1.580771e-07,2.344217e-07,0.000000e+00,0.000000e+00,0.000000e+00,-1.887335e+07,7.610520e+07,-9.195044e+07,6.038306e-18,275,0
6.240909e-10,5.197592e-04,-2.096027e-03,2.500885e-03,8.329239e+05,-3.358912e+06,4.007591e+06,-1.755171e-01,6.911383e-01,-7.998955e-01,6.038306e-18,275,2746
6.238182e-09,5.195950e-03,-2.095358e-02,2.500023e-02,8.329412e+05,-3.358980e+06,4.007670e+06,-1.758587e-03,6.878498e-03,-8.030538e-03,6.038306e-18,275,27448
0.000000e+00,1.405616e-07,7.399881e-08,1.537791e-07,0.000000e+00,0.000000e+00,0.000000e+00,-1.365594e+08,-6.985098e+07,-1.281115e+08,7.632150e-18,276,0
4.775000e-10,2.671986e-03,1.366361e-03,2.500163e-03,5.595847e+06,2.861516e+06,5.235942e+06,-5.292985e-01,-2.674789e-01,-4.799630e-01,7.632150e-18,276,2101
4.774773e-09,2.671901e-02,1.366315e-02,2.500056e-02,5.595887e+06,2.861537e+06,5.235978e+06,-5.271718e-03,-2.671513e-03,-4.810129e-03,7.632150e-18,276,21009
0.000000e+00,4.950536e-08,2.542944e-08,6.575100e-07,0.000000e+00,0.000000e+00,0.000000e+00,-5.283894e+06,-1.071824e+07,-3.300999e+07,2.855823e-18,277,0
9.779545e-10,3.266596e-04,7.105283e-04,2.500228e-03,3.342960e+05,7.271531e+05,2.558145e+06,-2.267362e-01,-4.465329e-01,-1.480799e+00,2.855823e-18,277,4303
9.772727e-09,3.266972e-03,7.106176e-03,2.500020e-02,3.343310e+05,7.272221e+05,2.558374e+06,-1.905690e-03,-4.353629e-03,-1.545421e-02,2.855823e-18,277,43000
0.000000e+00,-2.063112e-07,-3.722077e-08,4.035876e-07,0.000000e+00,0.000000e+00,0.000000e+00,3.377041e+07,8.377927e+06,-4.287209e+07,4.005999e-18,278,0
1.025909e-09,-2.153225e-03,-4.457929e-04,2.500355e-03,-2.099779e+06,-4.346778e+05,2.437981e+06,7.077082e-01,1.158646e-01,-7.330285e-01,4.005999e-18,278,4514
1.025455e-08,-2.153220e-02,-4.457419e-03,2.500051e-02,-2.099894e+06,-4.346965e+05,2.438100e+06,6.642682e-03,1.246575e-03,-7.661179e-03,4.005999e-18,278,45120
0.000000e+00,-8.653912e-08,2.027486e-08,4.641218e-07,0.000000e+00,0.000000e+00,0.000000e+00,1.505799e+07,-2.266204e+06,-5.073754e+07,3.946784e-18,279,0
8.245455e-10,-8.470040e-04,1.718556e-04,2.500377e-03,-1.027829e+06,2.085842e+05,3.033833e+06,5.443952e-01,-1.426670e-01,-1.563929e+00,3.946784e-18,279,3628
8.240455e-09,-8.469725e-03,1.718811e-03,2.500026e-02,-1.027900e+06,2.086028e+05,3.034037e+06,5.543359e-03,-1.161404e-03,-1.576591e-02,3.946784e-18,279,36258
0.000000e+00,-8.904905e-08,8.591651e-08,2.423947e-07,0.000000e+00,0.000000e+00,0.000000e+00,5.004237e+07,-4.629490e+07,-1.111948e+08,6.366079e-18,280,0
5.215909e-10,-1.136390e-03,1.050632e-03,2.500831e-03,-2.178935e+06,2.014497e+06,4.795011e+06,5.320733e-01,-4.979506e-01,-1.145143e+00,6.366079e-18,280,2295
5.213864e-09,-1.136072e-02,1.050336e-02,2.500070e-02,-2.178979e+06,2.014538e+06,4.795106e+06,5.337034e-03,-4.968423e-03,-1.147912e-02,6.366079e-18,280,22941
0.000000e+00,1.349392e-07,7.113895e-09,2.155472e-07,0.000000e+00,0.000000e+00,0.000000e+00,-8.718660e+07,-5.026416e+06,-1.210681e+08,6.749869e-18,281,0
4.902273e-10,1.812193e-03,1.048373e-04,2.501053e-03,3.696883e+06,2.138730e+05,5.102066e+06,-7.350179e-01,-4.725878e-02,-9.816793e-01,6.749869e-18,281,2157
4.900000e-09,1.811481e-02,1.047982e-03,2.500028e-02,3.696940e+06,2.138766e+05,5.102142e+06,-7.274013e-03,-4.473016e-04,-9.849681e-03,6.749869e-18,281,21560
0.000000e+00,2.241013e-07,5.374294e-08,4.992177e-07,0.000000e+00,0.000000e+00,0.000000e+00,-2.785103e+07,-8.325508e+06,-3.383965e+07,3.364072e-18,282,0
1.130455e-09,1.969162e-03,4.690767e-04,2.500434e-03,1.742862e+06,4.151099e+05,2.212845e+06,-6.631020e-01,-1.321900e-01,-8.023069e-01,3.364072e-18,282,4974
1.129773e-08,1.969031e-02,4.689811e-03,2.500024e-02,1.742981e+06,4.151335e+05,2.212989e+06,-6.260793e-03,-1.637734e-03,-8.446873e-03,3.364072e-18,282,49710
0.000000e+00,6.170095e-08,-1.778610e-09,2.660348e-07,0.000000e+00,0.000000e+00,0.000000e+00,-3.317938e+07,2.644485e+06,-1.250610e+08,6.372843e-18,283,0
4.609091e-10,6.692142e-04,-5.363616e-05,2.500264e-03,1.452116e+06,-1.163888e+05,5.425171e+06,-4.546594e-01,3.128365e-02,-1.691756e+00,6.372843e-18,283,2028
4.608182e-09,6.691649e-03,-5.363399e-04,2.500035e-02,1.452149e+06,-1.163911e+05,5.425295e+06,-4.600510e-03,3.590340e-04,-1.701706e-02,6.372843e-18,283,20276
0.000000e+00,3.218107e-09,-1.667964e-07,2.555514e-07,0.000000e+00,0.000000e+00,0.000000e+00,-2.305214e+06,6.506904e+07,-8.245511e+07,5.689037e-18,284,0
6.718182e-10,7.194830e-05,-2.008534e-03,2.500691e-03,1.071196e+05,-2.990177e+06,3.722761e+06,-2.996768e-02,7.211859e-01,-8.811588e-01,5.689037e-18,284,2956
6.715455e-09,7.193561e-04,-2.008046e-02,2.500017e-02,1.071228e+05,-2.990253e+06,3.722854e+06,-3.391253e-04,7.193591e-03,-8.856129e-03,5.689037e-18,284,29548
0.000000e+00,2.128036e-07,3.344172e-09,3.453836e-07,0.000000e+00,0.000000e+00,0.000000e+00,-4.061334e+07,-1.509798e+06,-4.644714e+07,4.414724e-18,285,0
9.929545e-10,2.358066e-03,1.099271e-04,2.500262e-03,2.375673e+06,1.107648e+05,2.518703e+06,-6.994070e-01,-4.002002e-02,-6.818772e-01,4.414724e-18,285,4369
9.925909e-09,2.358066e-02,1.099430e-03,2.500051e-02,2.375783e+06,1.107711e+05,2.518810e+06,-6.635613e-03,-3.332667e-04,-6.966460e-03,4.414724e-18,285,43674
0.000000e+00,1.870905e-07,5.087621e-08,4.662746e-07,0.000000e+00,0.000000e+00,0.000000e+00,-2.694055e+07,-9.245352e+06,-3.565734e+07,3.670525e-18,286,0
1.101591e-09,1.909886e-03,6.831975e-04,2.500056e-03,1.734734e+06,6.205078e+05,2.270458e+06,-6.920715e-01,-2.039947e-01,-8.062430e-01,3.670525e-18,286,4847
1.101114e-08,1.910130e-02,6.832439e-03,2.500041e-02,1.734854e+06,6.205432e+05,2.270598e+06,-6.278701e-03,-2.521923e-03,-8.451685e-03,3.670525e-18,286,48449
0.000000e+00,1.044978e-07,1.119005e-07,5.842762e-07,0.000000e+00,0.000000e+00,0.000000e+00,-9.547255e+06,-1.307982e+07,-3.953180e+07,3.107140e-18,287,0
9.656818e-10,6.756155e-04,8.390504e-04,2.500019e-03,7.000624e+05,8.694384e+05,2.590224e+06,-3.743518e-01,-4.770032e-01,-1.345797e+00,3.107140e-18,287,4249
9.651818e-09,6.756863e-03,8.391634e-03,2.500053e-02,7.001195e+05,8.695112e+05,2.590429e+06,-3.507801e-03,-4.422827e-03,-1.389602e-02,3.107140e-18,287,42468
0.000000e+00,-1.819213e-07,5.959434e-08,1.864818e-07,0.000000e+00,0.000000e+00,0.000000e+00,1.025537e+08,-3.239365e+07,-8.597520e+07,6.381554e-18,288,0
6.856818e-10,-3.008535e-03,9.497517e-04,2.500085e-03,-4.387940e+06,1.385206e+06,3.646288e+06,5.429863e-01,-1.710022e-01,-4.318151e-01,6.381554e-18,288,3017
6.856364e-09,-3.008542e-02,9.497514e-03,2.500040e-02,-4.387999e+06,1.385225e+06,3.646335e+06,5.398093e-03,-1.710930e-03,-4.344797e-03,6.381554e-18,288,30168
0.000000e+00,-1.199244e-07,2.365272e-08,6.567374e-07,0.000000e+00,0.000000e+00,0.000000e+00,1.425803e+07,-1.126668e+06,-3.440851e+07,2.799456e-18,289,0
9.793182e-10,-1.032169e-03,9.620536e-05,2.500505e-03,-1.054756e+06,9.828994e+04,2.554685e+06,6.205312e-01,-5.129830e-02,-1.360789e+00,2.799456e-18,289,4309
9.785909e-09,-1.032167e-02,9.618624e-04,2.500010e-02,-1.054852e+06,9.829788e+04,2.554895e+06,5.737306e-03,-5.710824e-04,-1.404730e-02,2.799456e-18,289,43058
0.000000e+00,-6.203586e-09,-1.563065e-07,6.359151e-07,0.000000e+00,0.000000e+00,0.000000e+00,1.591011e+06,1.055799e+07,-3.565149e+07,2.844850e-18,290,0
9.425000e-10,-9.501651e-05,-8.141955e-04,2.500109e-03,-1.008335e+05,-8.644982e+05,2.654105e+06,1.755179e-02,5.527109e-01,-1.481370e+00,2.844850e-18,290,4147
9.419318e-09,-9.497823e-04,-8.142967e-03,2.500002e-02,-1.008361e+05,-8.645804e+05,2.654326e+06,3.259681e-05,4.302305e-03,-1.576728e-02,2.844850e-18,290,41445
0.000000e+00,1.351962e-07,-9.529885e-08,6.360073e-07,0.000000e+00,0.000000e+00,0.000000e+00,-1.177706e+07,8.940183e+06,-3.583848e+07,2.838125e-18,291,0
9.081818e-10,6.120378e-04,-4.244423e-04,2.500356e-03,6.743668e+05,-4.676471e+05,2.754588e+06,-4.454136e-01,2.961696e-01,-1.528078e+00,2.838125e-18,291,3996
9.075909e-09,6.120513e-03,-4.244343e-03,2.500056e-02,6.744307e+05,-4.676895e+05,2.754807e+06,-4.346065e-03,2.462661e-03,-1.597926e-02,2.838125e-18,291,39934
0.000000e+00,5.739946e-08,1.357501e-07,5.655746e-07,0.000000e+00,0.000000e+00,0.000000e+00,-5.150481e+06,-1.371047e+07,-3.911105e+07,3.214503e-18,292,0
9.386364e-10,3.531279e-04,9.416580e-04,2.500560e-03,3.764562e+05,1.003919e+06,2.665458e+06,-2.104345e-01,-5.938655e-01,-1.409677e+00,3.214503e-18,292,4130
9.379318e-09,3.530893e-03,9.416034e-03,2.500030e-02,3.764874e+05,1.004007e+06,2.665667e+06,-1.823924e-03,-5.563747e-03,-1.441521e-02,3.214503e-18,292,41269
0.000000e+00,1.973718e-07,1.133901e-07,5.083461e-07,0.000000e+00,0.000000e+00,0.000000e+00,-2.664423e+07,-1.507929e+07,-3.457529e+07,3.324111e-18,293,0
1.106364e-09,1.951663e-03,1.106074e-03,2.500379e-03,1.764913e+06,1.000156e+06,2.260835e+06,-6.179380e-01,-3.002190e-01,-7.403871e-01,3.324111e-18,293,4868
1.105795e-08,1.951624e-02,1.105965e-02,2.500035e-02,1.765020e+06,1.000209e+06,2.260964e+06,-5.811882e-03,-2.799791e-03,-7.662757e-03,3.324111e-18,293,48655
0.000000e+00,-9.637098e-08,-1.670663e-07,4.149618e-07,0.000000e+00,0.000000e+00,0.000000e+00,1.446841e+07,2.728482e+07,-4.635018e+07,3.990420e-18,294,0
9.181818e-10,-7.621235e-04,-1.534770e-03,2.500444e-03,-8.304153e+05,-1.672327e+06,2.724289e+06,3.488692e-01,6.901979e-01,-1.050692e+00,3.990420e-18,294,4040
9.176818e-09,-7.620567e-03,-1.534659e-02,2.500040e-02,-8.304659e+05,-1.672427e+06,2.724442e+06,3.442277e-03,6.691603e-03,-1.057291e-02,3.990420e-18,294,40378
0.000000e+00,-1.757240e-07,-7.546436e-08,4.778656e-07,0.000000e+00,0.000000e+00,0.000000e+00,1.902000e+07,1.349059e+07,-3.632700e+07,3.601259e-18,295,0
1.060227e-09,-1.444246e-03,-9.579735e-04,2.500460e-03,-1.363003e+06,-9.041084e+05,2.359542e+06,5.815581e-01,3.868281e-01,-9.583844e-01,3.601259e-18,295,4665
1.059545e-08,-1.444156e-02,-9.579363e-03,2.500050e-02,-1.363101e+06,-9.041731e+05,2.359703e+06,5.453581e-03,3.747320e-03,-9.921772e-03,3.601259e-18,295,46620
0.000000e+00,-1.090684e-07,3.780216e-08,6.607503e-07,0.000000e+00,0.000000e+00,0.000000e+00,7.784707e+06,-8.122523e+06,-3.606258e+07,2.787563e-18,296,0
9.422727e-10,-6.023465e-04,4.889169e-04,2.500103e-03,-6.397047e+05,5.192331e+05,2.654774e+06,3.979178e-01,-2.861855e-01,-1.535021e+00,2.787563e-18,296,4146
9.417045e-09,-6.024114e-03,4.889598e-03,2.500031e-02,-6.397639e+05,5.192757e+05,2.655002e+06,3.796473e-03,-2.643431e-03,-1.569029e-02,2.787563e-18,296,41435
0.000000e+00,-2.362003e-07,-1.258391e-07,3.318387e-07,0.000000e+00,0.000000e+00,0.000000e+00,4.186154e+07,2.587319e+07,-3.826052e+07,4.158291e-18,297,0
1.231591e-09,-2.912836e-03,-1.791594e-03,2.500109e-03,-2.365793e+06,-1.455123e+06,2.030396e+06,4.556926e-01,2.708275e-01,-3.535558e-01,4.158291e-18,297,5419
1.231295e-08,-2.912986e-02,-1.791683e-02,2.500030e-02,-2.365882e+06,-1.455176e+06,2.030465e+06,4.373275e-03,2.556168e-03,-3.668998e-03,4.158291e-18,297,54177
0.000000e+00,-1.370456e-07,-1.421104e-07,3.455173e-07,0.000000e+00,0.000000e+00,0.000000e+00,2.889011e+07,2.973551e+07,-5.014951e+07,4.499690e-18,298,0
9.293182e-10,-1.517756e-03,-1.579768e-03,2.500266e-03,-1.633769e+06,-1.700525e+06,2.691173e+06,4.984786e-01,5.204443e-01,-7.791417e-01,4.499690e-18,298,4089
9.289773e-09,-1.517731e-02,-1.579746e-02,2.500049e-02,-1.633842e+06,-1.700602e+06,2.691287e+06,4.861126e-03,5.016813e-03,-7.859320e-03,4.499690e-18,298,40875
0.000000e+00,-9.527676e-08,2.108800e-08,4.033672e-07,0.000000e+00,0.000000e+00,0.000000e+00,1.941691e+07,-3.079610e+05,-5.306368e+07,4.417187e-18,299,0
8.218182e-10,-9.757092e-04,2.193497e-07,2.500393e-03,-1.187931e+06,2.275333e+02,3.043887e+06,6.249484e-01,1.043562e-02,-1.494348e+00,4.417187e-18,299,3616
8.213182e-09,-9.756633e-03,1.892833e-06,2.500005e-02,-1.188012e+06,2.261760e+02,3.044081e+06,6.161832e-03,9.542041e-05,-1.504172e-02,4.417187e-18,299,36138
0.000000e+00,2.537088e-07,4.475074e-08,5.398493e-07,0.000000e+00,0.000000e+00,0.000000e+00,-2.775623e+07,-6.374826e+06,-3.181356e+07,3.080591e-18,300,0
1.161591e-09,2.249271e-03,4.268415e-04,2.500156e-03,1.937403e+06,3.676147e+05,2.153139e+06,-6.947160e-01,-1.102806e-01,-6.757181e-01,3.080591e-18,300,5111
1.161091e-08,2.249491e-02,4.268339e-03,2.500006e-02,1.937530e+06,3.676349e+05,2.153263e+06,-6.273057e-03,-1.274796e-03,-7.456828e-03,3.080591e-18,300,51088
0.000000e+00,-1.889016e-07,-6.516322e-08,3.921504e-07,0.000000e+00,0.000000e+00,0.000000e+00,3.202637e+07,1.525779e+07,-4.537803e+07,4.124960e-18,301,0
9.729545e-10,-1.848253e-03,-8.957034e-04,2.500186e-03,-1.900422e+06,-9.210273e+05,2.570536e+06,6.529681e-01,3.271819e-01,-8.358201e-01,4.124960e-18,301,4281
9.725682e-09,-1.848286e-02,-8.957568e-03,2.500031e-02,-1.900523e+06,-9.210776e+05,2.570664e+06,6.339692e-03,3.179252e-03,-8.519818e-03,4.124960e-18,301,42793
0.000000e+00,6.564168e-10,-1.638080e-08,1.825933e-07,0.000000e+00,0.000000e+00,0.000000e+00,-1.050307e+06,2.777522e+07,-2.848533e+08,9.185369e-18,302,0
2.179545e-10,9.203238e-06,-2.440864e-04,2.502095e-03,4.222438e+04,-1.119872e+06,1.147958e+07,-7.472102e-03,1.776029e-01,-1.839849e+00,9.185369e-18,302,959
2.177955e-09,9.196344e-05,-2.439045e-03,2.500217e-02,4.222464e+04,-1.119878e+06,1.147964e+07,-6.430656e-05,1.762728e-03,-1.842892e-02,9.185369e-18,302,9583
0.000000e+00,1.028455e-07,-2.003205e-07,5.351812e-07,0.000000e+00,0.000000e+00,0.000000e+00,-1.366327e+07,2.163013e+07,-3.477126e+07,3.183673e-18,303,0
1.068182e-09,1.009775e-03,-1.642759e-03,2.500220e-03,9.458305e+05,-1.538773e+06,2.341600e+06,-3.651818e-01,6.412264e-01,-8.752313e-01,3.183673e-18,303,4700
1.067659e-08,1.009819e-02,-1.642878e-02,2.500044e-02,9.458920e+05,-1.538881e+06,2.341748e+06,-3.356438e-03,6.056822e-03,-8.925078e-03,3.183673e-18,303,46977
0.000000e+00,1.157245e-08,-6.172570e-08,5.156939e-07,0.000000e+00,0.000000e+00,0.000000e+00,-1.200540e+06,9.218528e+06,-4.371673e+07,3.618546e-18,304,0
8.786364e-10,1.496974e-04,-4.887190e-04,2.500172e-03,1.705529e+05,-5.566067e+05,2.847191e+06,-1.382527e-01,3.443546e-01,-1.700809e+00,3.618546e-18,304,3866
8.780682e-09,1.497540e-03,-4.887363e-03,2.500034e-02,1.705721e+05,-5.566545e+05,2.847427e+06,-1.208801e-03,3.821613e-03,-1.722398e-02,3.618546e-18,304,38635
0.000000e+00,8.912745e-08,9.547609e-08,1.649193e-07,0.000000e+00,0.000000e+00,0.000000e+00,-1.029176e+08,-1.012784e+08,-1.641282e+08,8.033511e-18,305,0
3.743182e-10,1.570198e-03,1.544962e-03,2.500053e-03,4.194844e+06,4.127404e+06,6.678911e+06,-4.979195e-01,-4.939496e-01,-7.820005e-01,8.033511e-18,305,1647
3.743182e-09,1.570214e-02,1.544970e-02,2.500052e-02,4.194873e+06,4.127433e+06,6.678958e+06,-4.972866e-03,-4.932830e-03,-7.823391e-03,8.033511e-18,305,16470
0.000000e+00,-1.153832e-07,7.610074e-08,2.865706e-07,0.000000e+00,0.000000e+00,0.000000e+00,4.263928e+07,-2.654610e+07,-8.226196e+07,5.533579e-18,306,0
6.522727e-10,-1.327438e-03,8.245412e-04,2.500739e-03,-2.035538e+06,1.264371e+06,3.834543e+06,6.284756e-01,-3.901656e-01,-1.134019e+00,5.533579e-18,306,2870
6.519773e-09,-1.327127e-02,8.243435e-03,2.500049e-02,-2.035603e+06,1.264412e+06,3.834660e+06,6.254983e-03,-3.890340e-03,-1.139410e-02,5.533579e-18,306,28687
0.000000e+00,1.708771e-07,-1.220975e-09,1.970315e-07,0.000000e+00,0.000000e+00,0.000000e+00,-1.053036e+08,9.394783e+05,-9.856003e+07,6.558372e-18,307,0
6.013636e-10,2.692925e-03,-2.435897e-05,2.500312e-03,4.478313e+06,-4.051012e+04,4.157902e+06,-6.432657e-01,6.567156e-03,-5.696258e-01,6.558372e-18,307,2646
6.012727e-09,2.692698e-02,-2.435767e-04,2.500047e-02,4.478374e+06,-4.051074e+04,4.157956e+06,-6.366901e-03,6.886850e-05,-5.741154e-03,6.558372e-18,307,26456
0.000000e+00,-8.019580e-08,-2.584648e-07,3.223084e-07,0.000000e+00,0.000000e+00,0.000000e+00,1.305594e+07,5.055097e+07,-3.880166e+07,4.191554e-18,308,0
1.240000e-09,-8.782045e-04,-3.434678e-03,2.500280e-03,-7.084071e+05,-2.770651e+06,2.016730e+06,1.243696e-01,4.924063e-01,-3.281581e-01,4.191554e-18,308,5456
1.239636e-08,-8.781677e-03,-3.434596e-02,2.500025e-02,-7.084315e+05,-2.770747e+06,2.016795e+06,1.191164e-03,4.695688e-03,-3.385303e-03,4.191554e-18,308,54544
0.000000e+00,1.526113e-07,5.961386e-08,2.240420e-07,0.000000e+00,0.000000e+00,0.000000e+00,-7.793857e+07,-3.563068e+07,-9.531490e+07,6.218554e-18,309,0
6.090909e-10,2.065073e-03,9.436727e-04,2.500577e-03,3.390736e+06,1.549474e+06,4.105711e+06,-6.342715e-01,-2.882710e-01,-7.441325e-01,6.218554e-18,309,2680
6.089091e-09,2.064659e-02,9.434914e-03,2.500020e-02,3.390798e+06,1.549501e+06,4.105782e+06,-6.335542e-03,-2.857970e-03,-7.480312e-03,6.218554e-18,309,26792
0.000000e+00,-1.259177e-07,-1.715917e-07,5.411406e-07,0.000000e+00,0.000000e+00,0.000000e+00,1.261826e+07,1.879421e+07,-3.614047e+07,3.177902e-18,310,0
1.027045e-09,-8.683362e-04,-1.370589e-03,2.500493e-03,-8.459313e+05,-1.335305e+06,2.435732e+06,3.708154e-01,6.220215e-01,-1.012761e+00,3.177902e-18,310,4519
1.026386e-08,-8.682509e-03,-1.370533e-02,2.500016e-02,-8.459914e+05,-1.335406e+06,2.435896e+06,3.417077e-03,5.566297e-03,-1.064753e-02,3.177902e-18,310,45161
0.000000e+00,-9.518204e-08,-2.356705e-09,6.220450e-07,0.000000e+00,0.000000e+00,0.000000e+00,1.197489e+07,-3.936587e+06,-3.522909e+07,3.002762e-18,311,0
9.304545e-10,-7.715506e-04,2.565434e-04,2.500417e-03,-8.298363e+05,2.759912e+05,2.688846e+06,5.147337e-01,-1.938289e-01,-1.520453e+00,3.002762e-18,311,4094
9.297727e-09,-7.715541e-03,2.566034e-03,2.500027e-02,-8.299120e+05,2.760196e+05,2.689070e+06,4.885744e-03,-1.869120e-03,-1.552714e-02,3.002762e-18,311,40910
0.000000e+00,5.146717e-08,9.994675e-08,5.641371e-07,0.000000e+00,0.000000e+00,0.000000e+00,-4.973909e+06,-1.043860e+07,-4.113553e+07,3.278982e-18,312,0
9.825000e-10,1.663074e-03,3.058687e-03,2.500316e-03,1.693317e+06,3.114290e+06,2.544985e+06,-2.484395e-01,-4.590148e-01,-3.491476e-01,3.278982e-18,312,4323
9.823182e-09,1.663343e-02,3.059165e-02,2.500011e-02,1.693355e+06,3.114361e+06,2.545039e+06,-2.402488e-03,-4.448384e-03,-3.531458e-03,3.278982e-18,312,43222
0.000000e+00,1.776872e-07,-2.018432e-07,2.902514e-07,0.000000e+00,0.000000e+00,0.000000e+00,-3.773163e+07,4.535416e+07,-4.230305e+07,4.430335e-18,313,0
1.195909e-09,2.328048e-03,-2.808180e-03,2.500019e-03,1.947103e+06,-2.348684e+06,2.090806e+06,-3.085555e-01,3.745110e-01,-3.112171e-01,4.430335e-18,313,5262
1.195727e-08,2.328205e-02,-2.808386e-02,2.500047e-02,1.947161e+06,-2.348755e+06,2.090865e+06,-2.987455e-03,3.616001e-03,-3.190771e-03,4.430335e-18,313,52612
0.000000e+00,2.524443e-07,-2.523509e-09,4.577222e-07,0.000000e+00,0.000000e+00,0.000000e+00,-3.656586e+07,1.226174e+06,-3.172939e+07,3.504007e-18,314,0
1.292727e-09,3.003398e-03,-1.468409e-04,2.500057e-03,2.324279e+06,-1.136543e+05,1.934497e+06,-5.770404e-01,3.179242e-02,-4.423721e-01,3.504007e-18,314,5688
1.292318e-08,3.003695e-02,-1.468754e-03,2.500001e-02,2.324397e+06,-1.136607e+05,1.934588e+06,-5.514352e-03,2.376821e-04,-4.665364e-03,3.504007e-18,314,56862
0.000000e+00,-1.996525e-07,-5.161039e-09,4.272656e-07,0.000000e+00,0.000000e+00,0.000000e+00,2.744377e+07,1.017996e+06,-4.047018e+07,3.892907e-18,315,0
1.044545e-09,-1.920140e-03,-4.439912e-05,2.500106e-03,-1.839222e+06,-4.250493e+04,2.394457e+06,7.120760e-01,1.364713e-03,-8.577774e-01,3.892907e-18,315,4596
1.044091e-08,-1.920305e-02,-4.437927e-04,2.500040e-02,-1.839339e+06,-4.250517e+04,2.394599e+06,6.827786e-03,7.457339e-05,-8.885290e-03,3.892907e-18,315,45940
0.000000e+00,-7.299871e-08,-5.618975e-08,4.544967e-07,0.000000e+00,0.000000e+00,0.000000e+00,1.015961e+07,1.327737e+07,-4.707926e+07,4.009567e-18,316,0
8.611364e-10,-5.679611e-04,-7.106759e-04,2.500315e-03,-6.598816e+05,-8.256942e+05,2.905020e+06,3.123725e-01,3.559257e-01,-1.549426e+00,4.009567e-18,316,3789
8.605909e-09,-5.678866e-03,-7.105800e-03,2.500038e-02,-6.599241e+05,-8.257426e+05,2.905231e+06,3.529100e-03,4.044418e-03,-1.575280e-02,4.009567e-18,316,37866
0.000000e+00,2.131271e-07,3.163207e-08,5.975884e-07,0.000000e+00,0.000000e+00,0.000000e+00,-2.034637e+07,-2.455349e+06,-3.767915e+07,2.925561e-18,317,0
9.809091e-10,1.471256e-03,2.029867e-04,2.500275e-03,1.500826e+06,2.070968e+05,2.550014e+06,-7.347640e-01,-1.102014e-01,-1.106530e+00,2.925561e-18,317,4316
9.803864e-09,1.471381e-02,2.030317e-03,2.500019e-02,1.500940e+06,2.071139e+05,2.550186e+06,-6.576873e-03,-7.656950e-04,-1.147366e-02,2.925561e-18,317,43137
0.000000e+00,-2.454362e-07,-7.611210e-08,3.601532e-07,0.000000e+00,0.000000e+00,0.000000e+00,4.230240e+07,1.193077e+07,-3.978477e+07,4.042758e-18,318,0
1.157500e-09,-2.849190e-03,-7.896129e-04,2.500185e-03,-2.462339e+06,-6.823905e+05,2.160504e+06,5.785877e-01,1.572578e-01,-4.592612e-01,4.042758e-18,318,5093
1.157136e-08,-2.849256e-02,-7.896182e-03,2.500011e-02,-2.462445e+06,-6.824192e+05,2.160588e+06,5.478500e-03,1.512652e-03,-4.810888e-03,4.042758e-18,318,50914
0.000000e+00,-2.444256e-07,-8.142844e-08,4.567652e-07,0.000000e+00,0.000000e+00,0.000000e+00,3.082175e+07,1.130905e+07,-3.336191e+07,3.481276e-18,319,0
1.231364e-09,-2.495188e-03,-8.852535e-04,2.500170e-03,-2.027308e+06,-7.192525e+05,2.031076e+06,5.969841e-01,2.076890e-01,-5.388751e-01,3.481276e-18,319,5418
1.230886e-08,-2.495376e-02,-8.853143e-03,2.500037e-02,-2.027424e+06,-7.192928e+05,2.031181e+06,5.752058e-03,2.003878e-03,-5.748579e-03,3.481276e-18,319,54159
0.000000e+00,-2.527960e-07,1.216844e-07,4.245916e-07,0.000000e+00,0.000000e+00,0.000000e+00,3.412887e+07,-1.636782e+07,-3.149482e+07,3.558378e-18,320,0
1.345227e-09,-2.993191e-03,1.545323e-03,2.500419e-03,-2.225857e+06,1.149185e+06,1.859190e+06,4.623132e-01,-2.439952e-01,-3.577185e-01,3.558378e-18,320,5919
1.344682e-08,-2.993059e-02,1.545281e-02,2.500033e-02,-2.225956e+06,1.149236e+06,1.859266e+06,4.451082e-03,-2.346397e-03,-3.741086e-03,3.558378e-18,320,59166
0.000000e+00,9.630854e-08,-2.212788e-07,2.276554e-07,0.000000e+00,0.000000e+00,0.000000e+00,-2.958011e+07,7.095023e+07,-5.472683e+07,5.193040e-18,321,0
1.001136e-09,1.385624e-03,-3.329655e-03,2.500431e-03,1.384249e+06,-3.326360e+06,2.497853e+06,-1.922081e-01,4.592652e-01,-3.241028e-01,5.193040e-18,321,4405
1.000864e-08,1.385448e-02,-3.329239e-02,2.500023e-02,1.384280e+06,-3.326433e+06,2.497905e+06,-1.867467e-03,4.476347e-03,-3.287020e-03,5.193040e-18,321,44038
0.000000e+00,4.794404e-08,-2.212994e-07,3.861065e-07,0.000000e+00,0.000000e+00,0.000000e+00,-6.393946e+06,3.701116e+07,-4.138232e+07,4.027048e-18,322,0
1.015682e-09,6.833789e-04,-2.543849e-03,2.500426e-03,6.731050e+05,-2.505424e+06,2.462408e+06,-1.747739e-01,6.231971e-01,-5.789843e-01,4.027048e-18,322,4469
1.015273e-08,6.833782e-03,-2.543678e-02,2.500026e-02,6.731330e+05,-2.505524e+06,2.462501e+06,-1.668839e-03,6.043662e-03,-5.859369e-03,4.027048e-18,322,44672
0.000000e+00,-9.663838e-08,6.369332e-08,3.345062e-07,0.000000e+00,0.000000e+00,0.000000e+00,2.690795e+07,-1.927843e+07,-7.054838e+07,5.062025e-18,323,0
6.956818e-10,-9.967579e-04,7.054004e-04,2.500530e-03,-1.433240e+06,1.014304e+06,3.595308e+06,5.542077e-01,-3.976764e-01,-1.352245e+00,5.062025e-18,323,3061
6.953636e-09,-9.966224e-03,7.053094e-03,2.500057e-02,-1.433301e+06,1.014348e+06,3.595457e+06,5.563403e-03,-3.979317e-03,-1.360335e-02,5.062025e-18,323,30596
0.000000e+00,-1.246322e-07,-2.133775e-07,3.538055e-07,0.000000e+00,0.000000e+00,0.000000e+00,2.361999e+07,3.786339e+07,-4.065814e+07,4.136839e-18,324,0
1.134773e-09,-1.534036e-03,-2.499818e-03,2.500183e-03,-1.352287e+06,-2.203656e+06,2.203776e+06,3.105689e-01,5.150656e-01,-4.759208e-01,4.136839e-18,324,4993
1.134432e-08,-1.534075e-02,-2.499892e-02,2.500046e-02,-1.352343e+06,-2.203748e+06,2.203862e+06,2.970578e-03,4.849986e-03,-4.881801e-03,4.136839e-18,324,49915
0.000000e+00,1.464943e-07,-1.500581e-08,4.357373e-07,0.000000e+00,0.000000e+00,0.000000e+00,-2.217569e+07,2.020483e+06,-4.234430e+07,4.012377e-18,325,0
9.465909e-10,1.398800e-03,-1.472491e-04,2.500544e-03,1.478612e+06,-1.556718e+05,2.642895e+06,-7.152245e-01,8.674507e-02,-1.182170e+00,4.012377e-18,325,4165
9.459318e-09,1.398657e-02,-1.472532e-03,2.500003e-02,1.478719e+06,-1.556848e+05,2.643071e+06,-6.766054e-03,8.426870e-04,-1.201067e-02,4.012377e-18,325,41621
0.000000e+00,1.291673e-07,-8.551933e-08,2.060762e-07,0.000000e+00,0.000000e+00,0.000000e+00,-8.063225e+07,5.850526e+07,-1.123593e+08,6.645846e-18,326,0
5.297727e-10,1.805525e-03,-1.311211e-03,2.500998e-03,3.408303e+06,-2.475200e+06,4.721071e+06,-5.697505e-01,4.131477e-01,-7.615349e-01,6.645846e-18,326,2331
5.295455e-09,1.804860e-02,-1.310736e-02,2.500037e-02,3.408351e+06,-2.475234e+06,4.721135e+06,-5.669611e-03,4.116278e-03,-7.646889e-03,6.645846e-18,326,23300
0.000000e+00,6.890011e-08,2.394138e-07,3.529403e-07,0.000000e+00,0.000000e+00,0.000000e+00,-1.398395e+07,-3.967994e+07,-3.964905e+07,4.158926e-18,327,0
1.154318e-09,9.282920e-04,2.724450e-03,2.500293e-03,8.044681e+05,2.361097e+06,2.166593e+06,-1.860771e-01,-5.962603e-01,-4.801931e-01,4.158926e-18,327,5079
1.153886e-08,9.282619e-03,2.724430e-02,2.500013e-02,8.045020e+05,2.361206e+06,2.166681e+06,-1.806105e-03,-5.518051e-03,-5.023260e-03,4.158926e-18,327,50771
0.000000e+00,-7.631523e-08,-6.091915e-08,2.600772e-07,0.000000e+00,0.000000e+00,0.000000e+00,4.206918e+07,3.273408e+07,-1.122128e+08,6.250893e-18,328,0
5.104545e-10,-9.487191e-04,-7.386230e-04,2.500036e-03,-1.858831e+06,-1.447189e+06,4.898166e+06,5.407090e-01,4.254604e-01,-1.375739e+00,6.250893e-18,328,2246
5.104091e-09,-9.487680e-03,-7.386614e-03,2.500085e-02,-1.858875e+06,-1.447223e+06,4.898277e+06,5.358531e-03,4.196383e-03,-1.377573e-02,6.250893e-18,328,22458
0.000000e+00,-1.414224e-07,-2.007457e-07,5.381500e-07,0.000000e+00,0.000000e+00,0.000000e+00,1.446059e+07,2.081265e+07,-3.369687e+07,3.100032e-18,329,0
1.072955e-09,-1.171287e-03,-1.518240e-03,2.500381e-03,-1.092260e+06,-1.415753e+06,2.331311e+06,4.457816e-01,5.626385e-01,-8.557383e-01,3.100032e-18,329,4721
1.072364e-08,-1.171294e-02,-1.518198e-02,2.500028e-02,-1.092335e+06,-1.415848e+06,2.331456e+06,4.154365e-03,5.286502e-03,-8.942792e-03,3.100032e-18,329,47184
0.000000e+00,2.201623e-07,8.138048e-08,5.396228e-07,0.000000e+00,0.000000e+00,0.000000e+00,-2.423839e+07,-1.147466e+07,-3.370491e+07,3.146991e-18,330,0
1.090227e-09,1.807676e-03,8.034375e-04,2.500039e-03,1.658915e+06,7.374009e+05,2.294090e+06,-6.139740e-01,-3.232514e-01,-8.453769e-01,3.146991e-18,330,4797
1.089773e-08,1.807834e-02,8.035948e-03,2.500051e-02,1.659020e+06,7.374566e+05,2.294236e+06,-5.775445e-03,-3.237007e-03,-8.764041e-03,3.146991e-18,330,47950
0.000000e+00,-2.164340e-08,1.115283e-07,4.898119e-07,0.000000e+00,0.000000e+00,0.000000e+00,8.613640e+06,-1.791457e+07,-4.413988e+07,3.726958e-18,331,0
9.093182e-10,-4.227570e-04,1.136997e-03,2.500015e-03,-4.651817e+05,1.251194e+06,2.750620e+06,2.177716e-01,-6.658645e-01,-1.307937e+00,3.726958e-18,331,4001
9.088864e-09,-4.227944e-03,1.137184e-02,2.500011e-02,-4.652130e+05,1.251289e+06,2.750808e+06,2.157373e-03,-6.450333e-03,-1.315686e-02,3.726958e-18,331,39991
0.000000e+00,-1.669607e-07,-8.776614e-09,3.806537e-07,0.000000e+00,0.000000e+00,0.000000e+00,2.997076e+07,1.154498e+06,-4.938536e+07,4.363578e-18,332,0
8.965909e-10,-1.645708e-03,-1.845387e-05,2.500561e-03,-1.836374e+06,-2.054237e+04,2.789977e+06,7.473685e-01,-2.227747e-02,-1.037319e+00,4.363578e-18,332,3945
8.960682e-09,-1.645510e-02,-1.840884e-04,2.500017e-02,-1.836480e+06,-2.053923e+04,2.790124e+06,7.161646e-03,-5.097320e-05,-1.072348e-02,4.363578e-18,332,39427
0.000000e+00,-1.574268e-07,-2.352797e-08,4.240387e-07,0.000000e+00,0.000000e+00,0.000000e+00,2.507379e+07,4.542949e+06,-4.560183e+07,4.058772e-18,333,0
8.461364e-10,-1.463616e-03,-1.075662e-04,2.500178e-03,-1.730620e+06,-1.271163e+05,2.956042e+06,7.049201e-01,5.715103e-02,-1.209766e+00,4.058772e-18,333,3723
8.457273e-09,-1.463620e-02,-1.075113e-03,2.500003e-02,-1.730715e+06,-1.271239e+05,2.956204e+06,6.889626e-03,5.432973e-04,-1.216914e-02,4.058772e-18,333,37212
0.000000e+00,-9.643380e-08,1.516676e-07,1.814735e-07,0.000000e+00,0.000000e+00,0.000000e+00,6.186335e+07,-9.336697e+07,-9.746601e+07,6.674333e-18,334,0
6.106818e-10,-1.598128e-03,2.411909e-03,2.500396e-03,-2.617099e+06,3.949742e+06,4.094580e+06,3.346337e-01,-5.093038e-01,-5.067881e-01,6.674333e-18,334,2687
6.105682e-09,-1.597924e-02,2.411596e-02,2.500034e-02,-2.617132e+06,3.949791e+06,4.094629e+06,3.339887e-03,-5.062860e-03,-5.087414e-03,6.674333e-18,334,26865
0.000000e+00,-1.565865e-07,1.592507e-07,2.413748e-07,0.000000e+00,0.000000e+00,0.000000e+00,5.520152e+07,-5.553560e+07,-5.938948e+07,5.295657e-18,335,0
9.368182e-10,-2.398682e-03,2.414350e-03,2.500132e-03,-2.560824e+06,2.577551e+06,2.669003e+06,3.740375e-01,-3.781484e-01,-3.683733e-01,5.295657e-18,335,4122
9.366818e-09,-2.398681e-02,2.414350e-02,2.500021e-02,-2.560879e+06,2.577607e+06,2.669058e+06,3.655042e-03,-3.695898e-03,-3.713656e-03,5.295657e-18,335,41214
0.000000e+00,2.068202e-07,1.528941e-07,4.574653e-07,0.000000e+00,0.000000e+00,0.000000e+00,-2.549320e+07,-1.654455e+07,-3.556824e+07,3.489365e-18,336,0
1.142727e-09,1.994211e-03,1.271517e-03,2.500160e-03,1.745960e+06,1.113296e+06,2.188598e+06,-5.627275e-01,-4.090985e-01,-6.179992e-01,3.489365e-18,336,5028
1.142295e-08,1.994394e-02,1.271708e-02,2.500039e-02,1.746062e+06,1.113370e+06,2.188709e+06,-5.424536e-03,-3.503808e-03,-6.794801e-03,3.489365e-18,336,50261
0.000000e+00,2.356667e-07,-2.667025e-08,3.083932e-07,0.000000e+00,0.000000e+00,0.000000e+00,-5.192286e+07,4.354134e+06,-4.821603e+07,4.551584e-18,337,0
1.020682e-09,2.833636e-03,-2.390039e-04,2.500162e-03,2.776973e+06,-2.342260e+05,2.450001e+06,-6.192720e-01,5.778650e-02,-5.110257e-01,4.551584e-18,337,4491
1.020409e-08,2.833647e-02,-2.390068e-03,2.500015e-02,2.777073e+06,-2.342353e+05,2.450084e+06,-5.896140e-03,5.213484e-04,-5.218129e-03,4.551584e-18,337,44898
0.000000e+00,-6.713751e-09,6.261599e-08,5.927505e-07,0.000000e+00,0.000000e+00,0.000000e+00,-1.380964e+06,-4.267903e+06,-4.071725e+07,3.180433e-18,338,0
8.852273e-10,7.572673e-05,3.123491e-04,2.500614e-03,8.565897e+04,3.530820e+05,2.826515e+06,-8.384622e-02,-2.250504e-01,-1.757501e+00,3.180433e-18,338,3895
8.844773e-09,7.576103e-04,3.122928e-03,2.500001e-02,8.567069e+04,3.531134e+05,2.826761e+06,-8.726536e-04,-2.153811e-03,-1.780813e-02,3.180433e-18,338,38917
0.000000e+00,1.036666e-07,1.981918e-07,3.788184e-07,0.000000e+00,0.000000e+00,0.000000e+00,-1.832969e+07,-3.532738e+07,-4.188680e+07,4.117217e-18,339,0
1.052500e-09,1.156370e-03,2.196460e-03,2.500306e-03,1.099140e+06,2.087703e+06,2.376259e+06,-3.355035e-01,-6.047080e-01,-6.231279e-01,4.117217e-18,339,4631
1.052091e-08,1.156391e-02,2.196447e-02,2.500051e-02,1.099196e+06,2.087803e+06,2.376363e+06,-3.078349e-03,-5.657118e-03,-6.472363e-03,4.117217e-18,339,46292
0.000000e+00,-7.559889e-08,-9.157933e-08,1.962774e-07,0.000000e+00,0.000000e+00,0.000000e+00,6.649080e+07,8.126176e+07,-1.534516e+08,7.402745e-18,340,0
3.961364e-10,-1.086717e-03,-1.328074e-03,2.500800e-03,-2.743356e+06,-3.352649e+06,6.313050e+06,4.614992e-01,5.628471e-01,-1.038453e+00,7.402745e-18,340,1743
3.960227e-09,-1.086437e-02,-1.327732e-02,2.500127e-02,-2.743385e+06,-3.352684e+06,6.313115e+06,4.600595e-03,5.627075e-03,-1.040300e-02,7.402745e-18,340,17425
0.000000e+00,6.796831e-08,-1.157771e-07,6.515857e-07,0.000000e+00,0.000000e+00,0.000000e+00,-8.917625e+06,1.153006e+07,-3.736879e+07,2.812029e-18,341,0
9.454545e-10,5.777533e-04,-8.029833e-04,2.500401e-03,6.115379e+05,-8.499065e+05,2.645995e+06,-3.784271e-01,5.042298e-01,-1.407201e+00,2.812029e-18,341,4160
9.448182e-09,5.777891e-03,-8.030036e-03,2.500005e-02,6.115945e+05,-8.499818e+05,2.646205e+06,-3.365429e-03,4.462716e-03,-1.443511e-02,2.812029e-18,341,41572
0.000000e+00,-4.713331e-08,-1.065626e-07,5.801391e-07,0.000000e+00,0.000000e+00,0.000000e+00,4.699067e+06,1.256507e+07,-3.809081e+07,3.171834e-18,342,0
9.259091e-10,-2.561908e-04,-6.898265e-04,2.500130e-03,-2.768825e+05,-7.454769e+05,2.701774e+06,1.841715e-01,4.120246e-01,-1.568652e+00,3.171834e-18,342,4074
9.253182e-09,-2.562053e-03,-6.898031e-03,2.500012e-02,-2.769095e+05,-7.455371e+05,2.702004e+06,1.695000e-03,3.630285e-03,-1.612007e-02,3.171834e-18,342,40714
0.000000e+00,-1.235401e-07,2.257703e-07,4.804612e-07,0.000000e+00,0.000000e+00,0.000000e+00,1.257835e+07,-2.635363e+07,-4.042467e+07,3.359799e-18,343,0
1.025455e-09,-8.600792e-04,1.727551e-03,2.500211e-03,-8.391136e+05,1.685469e+06,2.439043e+06,3.141218e-01,-6.502543e-01,-8.677993e-01,3.359799e-18,343,4512
1.025000e-08,-8.600909e-03,1.727604e-02,2.500035e-02,-8.391644e+05,1.685575e+06,2.439184e+06,2.987007e-03,-6.219732e-03,-8.828203e-03,3.359799e-18,343,45100
0.000000e+00,-1.673555e-07,-9.543752e-08,3.255051e-07,0.000000e+00,0.000000e+00,0.000000e+00,3.984818e+07,2.324968e+07,-5.328428e+07,4.700228e-18,344,0
9.038636e-10,-1.968144e-03,-1.151907e-03,2.500194e-03,-2.178159e+06,-1.274834e+06,2.766782e+06,6.122988e-01,3.651982e-01,-7.362305e-01,4.700228e-18,344,3977
9.035909e-09,-1.968162e-02,-1.151927e-02,2.500050e-02,-2.178246e+06,-1.274886e+06,2.766887e+06,6.055682e-03,3.521630e-03,-7.443684e-03,4.700228e-18,344,39758
0.000000e+00,5.998616e-09,1.734597e-07,3.838976e-07,0.000000e+00,0.000000e+00,0.000000e+00,-1.487697e+06,-2.946402e+07,-5.139112e+07,4.321834e-18,345,0
8.886364e-10,-2.520271e-05,1.492961e-03,2.500220e-03,-2.842605e+04,1.680837e+06,2.814658e+06,3.314645e-02,-7.253441e-01,-1.159054e+00,4.321834e-18,345,3910
8.882045e-09,-2.524546e-04,1.492925e-02,2.500001e-02,-2.843071e+04,1.680939e+06,2.814821e+06,3.045850e-04,-7.138530e-03,-1.166473e-02,4.321834e-18,345,39081
0.000000e+00,2.191589e-07,-7.998568e-08,2.320431e-07,0.000000e+00,0.000000e+00,0.000000e+00,-7.365130e+07,2.505649e+07,-5.638528e+07,5.262269e-18,346,0
9.754545e-10,3.353727e-03,-1.141796e-03,2.500535e-03,3.438613e+06,-1.170691e+06,2.563714e+06,-4.814395e-01,1.639913e-01,-3.378747e-01,5.262269e-18,346,4292
9.751591e-09,3.353201e-02,-1.141612e-02,2.500042e-02,3.438687e+06,-1.170716e+06,2.563766e+06,-4.695953e-03,1.628852e-03,-3.420530e-03,5.262269e-18,346,42907
0.000000e+00,8.115010e-08,2.518837e-07,4.252701e-07,0.000000e+00,0.000000e+00,0.000000e+00,-1.289382e+07,-3.290706e+07,-3.904470e+07,3.632353e-18,347,0
1.112045e-09,8.426389e-04,2.297506e-03,2.500077e-03,7.580208e+05,2.066873e+06,2.248861e+06,-2.072342e-01,-6.248823e-01,-6.181793e-01,3.632353e-18,347,4893
1.111682e-08,8.426766e-03,2.297701e-02,2.500032e-02,7.580572e+05,2.066983e+06,2.248970e+06,-2.102035e-03,-5.858272e-03,-6.544966e-03,3.632353e-18,347,48914
0.000000e+00,1.822899e-07,5.334576e-08,3.699002e-07,0.000000e+00,0.000000e+00,0.000000e+00,-3.411570e+07,-9.503327e+06,-4.821214e+07,4.341437e-18,348,0
9.386364e-10,2.034826e-03,6.531796e-04,2.500227e-03,2.168708e+06,6.961680e+05,2.664457e+06,-6.908586e-01,-2.172023e-01,-7.988386e-01,4.341437e-18,348,4130
9.382955e-09,2.034880e-02,6.532069e-03,2.500057e-02,2.168810e+06,6.962002e+05,2.664575e+06,-6.729691e-03,-2.169670e-03,-8.062999e-03,4.341437e-18,348,41285
0.000000e+00,-1.844561e-07,-1.704402e-07,4.825391e-07,0.000000e+00,0.000000e+00,0.000000e+00,2.260002e+07,2.098381e+07,-3.494267e+07,3.357765e-18,349,0
1.148409e-09,-1.752687e-03,-1.557006e-03,2.500181e-03,-1.526947e+06,-1.356430e+06,2.177836e+06,5.158677e-01,4.425737e-01,-6.547249e-01,3.357765e-18,349,5053
1.147932e-08,-1.752824e-02,-1.557085e-02,2.500022e-02,-1.527040e+06,-1.356510e+06,2.177955e+06,4.760812e-03,4.298946e-03,-6.895469e-03,3.357765e-18,349,50509
0.000000e+00,-8.531288e-09,-2.007172e-07,3.013752e-07,0.000000e+00,0.000000e+00,0.000000e+00,1.574782e+06,5.336003e+07,-5.842884e+07,4.862875e-18,350,0
8.720455e-10,-6.948762e-05,-2.375774e-03,2.500561e-03,-7.969441e+04,-2.725061e+06,2.868029e+06,1.412836e-02,6.873812e-01,-6.894402e-01,4.862875e-18,350,3837
8.716818e-09,-6.946848e-04,-2.375388e-02,2.500021e-02,-7.969635e+04,-2.725156e+06,2.868124e+06,1.205807e-04,6.851443e-03,-6.974049e-03,4.862875e-18,350,38354
0.000000e+00,-1.466242e-07,-1.677984e-07,3.248252e-07,0.000000e+00,0.000000e+00,0.000000e+00,3.234877e+07,3.789308e+07,-4.553017e+07,4.505294e-18,351,0
1.055455e-09,-1.873118e-03,-2.209670e-03,2.500106e-03,-1.775228e+06,-2.094195e+06,2.369252e+06,4.018284e-01,4.709533e-01,-4.951534e-01,4.505294e-18,351,4644
1.055182e-08,-1.873186e-02,-2.209752e-02,2.500003e-02,-1.775295e+06,-2.094273e+06,2.369334e+06,3.847217e-03,4.474751e-03,-5.041858e-03,4.505294e-18,351,46428
0.000000e+00,7.478340e-08,1.907605e-07,2.701600e-07,0.000000e+00,0.000000e+00,0.000000e+00,-2.510848e+07,-5.444852e+07,-6.085726e+07,5.173022e-18,352,0
8.593182e-10,1.076451e-03,2.317919e-03,2.500395e-03,1.252966e+06,2.697981e+06,2.910236e+06,-2.804315e-01,-6.098709e-01,-6.205971e-01,5.173022e-18,352,3781
8.590455e-09,1.076354e-02,2.317691e-02,2.500037e-02,1.253004e+06,2.698064e+06,2.910321e+06,-2.774161e-03,-6.030210e-03,-6.244026e-03,5.173022e-18,352,37798
0.000000e+00,2.379011e-07,1.425805e-07,4.400542e-07,0.000000e+00,0.000000e+00,0.000000e+00,-3.230655e+07,-2.982467e+07,-3.178531e+07,3.500845e-18,353,0
1.424773e-09,3.000685e-03,2.460734e-03,2.500068e-03,2.106726e+06,1.727644e+06,1.755019e+06,-3.495240e-01,-2.835408e-01,-2.694508e-01,3.500845e-18,353,6269
1.424477e-08,3.000974e-02,2.460981e-02,2.500006e-02,2.106804e+06,1.727708e+06,1.755080e+06,-3.355013e-03,-2.725006e-03,-2.811921e-03,3.500845e-18,353,62677
0.000000e+00,-2.175884e-07,-1.821856e-07,3.306378e-07,0.000000e+00,0.000000e+00,0.000000e+00,3.593073e+07,3.178599e+07,-3.402795e+07,4.054309e-18,354,0
1.355455e-09,-2.807660e-03,-2.496124e-03,2.500287e-03,-2.071979e+06,-1.842099e+06,1.844978e+06,3.529751e-01,3.228269e-01,-2.835817e-01,4.054309e-18,354,5964
1.355045e-08,-2.807621e-02,-2.496122e-02,2.500041e-02,-2.072055e+06,-1.842168e+06,1.845039e+06,3.386001e-03,3.006731e-03,-3.002103e-03,4.054309e-18,354,59622
0.000000e+00,9.553638e-08,8.046495e-08,4.599452e-07,0.000000e+00,0.000000e+00,0.000000e+00,-1.449455e+07,-1.449738e+07,-4.403317e+07,3.903317e-18,355,0
9.206818e-10,8.340078e-04,7.268909e-04,2.500084e-03,9.064432e+05,7.899634e+05,2.716895e+06,-4.931611e-01,-3.991532e-01,-1.375587e+00,3.903317e-18,355,4051
9.201818e-09,8.340879e-03,7.269083e-03,2.500044e-02,9.065150e+05,7.900214e+05,2.717096e+06,-4.707013e-03,-3.787352e-03,-1.405809e-02,3.903317e-18,355,40488
0.000000e+00,2.663401e-08,-9.011299e-08,2.081808e-07,0.000000e+00,0.000000e+00,0.000000e+00,-2.198291e+07,8.089641e+07,-1.698350e+08,7.466361e-18,356,0
3.581818e-10,3.240451e-04,-1.194014e-03,2.500472e-03,9.047049e+05,-3.333611e+06,6.981084e+06,-1.707870e-01,6.462898e-01,-1.331395e+00,7.466361e-18,356,1576
3.581136e-09,3.239894e-03,-1.193819e-02,2.500039e-02,9.047146e+05,-3.333648e+06,6.981159e+06,-1.751213e-03,6.535407e-03,-1.343990e-02,7.466361e-18,356,15757
0.000000e+00,1.727613e-08,-1.625160e-07,5.291844e-07,0.000000e+00,0.000000e+00,0.000000e+00,4.788438e+05,1.621359e+07,-3.989955e+07,3.368501e-18,357,0
9.570455e-10,-1.144298e-04,-1.220524e-03,2.500543e-03,-1.196240e+05,-1.276142e+06,2.614099e+06,1.475190e-02,6.775187e-01,-1.280562e+00,3.368501e-18,357,4211
9.563636e-09,-1.144000e-03,-1.220449e-02,2.500040e-02,-1.196262e+05,-1.276245e+06,2.614292e+06,4.321089e-04,6.525695e-03,-1.302106e-02,3.368501e-18,357,42080
0.000000e+00,-1.467150e-07,-2.531111e-07,3.928785e-07,0.000000e+00,0.000000e+00,0.000000e+00,1.898511e+07,3.946945e+07,-3.172008e+07,3.651374e-18,358,0
1.435682e-09,-1.723243e-03,-3.344139e-03,2.500263e-03,-1.200685e+06,-2.330071e+06,1.741884e+06,2.136098e-01,4.184031e-01,-2.832290e-01,3.651374e-18,358,6317
1.435227e-08,-1.723251e-02,-3.344173e-02,2.500016e-02,-1.200733e+06,-2.330166e+06,1.741949e+06,2.066243e-03,4.014012e-03,-2.990724e-03,3.651374e-18,358,63150
0.000000e+00,-1.847658e-07,-4.363901e-08,3.793189e-07,0.000000e+00,0.000000e+00,0.000000e+00,3.194333e+07,9.509422e+06,-4.523689e+07,4.271803e-18,359,0
9.736364e-10,-1.863611e-03,-5.265202e-04,2.500281e-03,-1.914919e+06,-5.410075e+05,2.568938e+06,6.857339e-01,1.843370e-01,-9.008327e-01,4.271803e-18,359,4284
9.731818e-09,-1.863558e-02,-5.264967e-03,2.500051e-02,-1.915024e+06,-5.410358e+05,2.569076e+06,6.614314e-03,1.848201e-03,-9.205528e-03,4.271803e-18,359,42820
0.000000e+00,3.843712e-08,-1.644593e-07,4.960295e-07,0.000000e+00,0.000000e+00,0.000000e+00,-4.038941e+06,1.667906e+07,-3.926720e+07,3.551908e-18,360,0
1.000455e-09,3.042154e-04,-1.188361e-03,2.500404e-03,3.042771e+05,-1.188639e+06,2.500689e+06,-1.536235e-01,6.420230e-01,-1.263606e+00,3.551908e-18,360,4402
9.997273e-09,3.041922e-03,-1.188309e-02,2.500014e-02,3.043014e+05,-1.188741e+06,2.500889e+06,-1.313705e-03,6.036897e-03,-1.290597e-02,3.551908e-18,360,43988
0.000000e+00,-3.713425e-08,1.889607e-08,4.750477e-07,0.000000e+00,0.000000e+00,0.000000e+00,6.737816e+06,-9.709181e+05,-4.641511e+07,3.928584e-18,361,0
8.479545e-10,-3.494173e-04,5.962558e-05,2.500141e-03,-4.123599e+05,7.033041e+04,2.950176e+06,2.620621e-01,-3.017909e-02,-1.779821e+00,3.928584e-18,361,3731
8.474091e-09,-3.494352e-03,5.960004e-04,2.500009e-02,-4.123950e+05,7.033444e+04,2.950414e+06,2.637759e-03,-2.288181e-04,-1.798498e-02,3.928584e-18,361,37286
0.000000e+00,1.657955e-07,-1.044660e-08,5.227700e-07,0.000000e+00,0.000000e+00,0.000000e+00,-2.150637e+07,-3.634214e+06,-4.169701e+07,3.433430e-18,362,0
9.538636e-10,1.272429e-03,1.407962e-04,2.500125e-03,1.334687e+06,1.477010e+05,2.622312e+06,-6.549029e-01,-8.879207e-02,-1.260967e+00,3.433430e-18,362,4197
9.533636e-09,1.272444e-02,1.408132e-03,2.500032e-02,1.334785e+06,1.477143e+05,2.622502e+06,-6.232338e-03,-6.629602e-04,-1.288149e-02,3.433430e-18,362,41948
0.000000e+00,1.790982e-07,1.470329e-07,3.373354e-07,0.000000e+00,0.000000e+00,0.000000e+00,-3.699557e+07,-2.907316e+07,-4.405695e+07,4.361484e-18,363,0
1.026136e-09,1.984789e-03,1.651161e-03,2.500309e-03,1.934866e+06,1.609649e+06,2.437261e+06,-5.186435e-01,-4.362003e-01,-6.021115e-01,4.361484e-18,363,4515
1.025750e-08,1.984688e-02,1.651096e-02,2.500030e-02,1.934950e+06,1.609720e+06,2.437359e+06,-4.973090e-03,-4.212193e-03,-6.108208e-03,4.361484e-18,363,45133
0.000000e+00,-6.803963e-08,1.954724e-07,3.070556e-07,0.000000e+00,0.000000e+00,0.000000e+00,1.662331e+07,-4.557400e+07,-5.588390e+07,4.799071e-18,364,0
8.786364e-10,-7.966263e-04,2.113891e-03,2.500410e-03,-9.069226e+05,2.406552e+06,2.846431e+06,2.424727e-01,-6.581031e-01,-7.390382e-01,4.799071e-18,364,3866
8.782955e-09,-7.965452e-03,2.113664e-02,2.500017e-02,-9.069563e+05,2.406643e+06,2.846533e+06,2.430730e-03,-6.505902e-03,-7.439337e-03,4.799071e-18,364,38645
0.000000e+00,1.547621e-07,6.797384e-08,4.367943e-07,0.000000e+00,0.000000e+00,0.000000e+00,-2.806012e+07,-1.926369e+07,-4.664154e+07,3.943116e-18,365,0
9.165909e-10,1.521819e-03,1.029333e-03,2.500343e-03,1.661005e+06,1.123505e+06,2.728771e+06,-6.140465e-01,-4.124532e-01,-9.645484e-01,3.943116e-18,365,4033
9.161591e-09,1.521741e-02,1.029304e-02,2.500002e-02,1.661094e+06,1.123565e+06,2.728911e+06,-5.992870e-03,-4.096206e-03,-9.776365e-03,3.943116e-18,365,40311
0.000000e+00,-2.139032e-07,-7.618861e-08,2.493553e-07,0.000000e+00,0.000000e+00,0.000000e+00,5.519212e+07,2.228701e+07,-6.406752e+07,5.149846e-18,366,0
8.261364e-10,-2.246124e-03,-9.082250e-04,2.500494e-03,-2.719393e+06,-1.099604e+06,3.027272e+06,6.485788e-01,2.619412e-01,-6.837045e-01,5.149846e-18,366,3635
8.258409e-09,-2.245792e-02,-9.080993e-03,2.500055e-02,-2.719478e+06,-1.099638e+06,3.027361e+06,6.421937e-03,2.585936e-03,-6.874262e-03,5.149846e-18,366,36337
0.000000e+00,1.123713e-07,-8.441167e-08,3.330697e-07,0.000000e+00,0.000000e+00,0.000000e+00,-2.875218e+07,2.034580e+07,-6.585466e+07,4.935661e-18,367,0
7.336364e-10,1.135364e-03,-8.064401e-04,2.500242e-03,1.548095e+06,-1.099599e+06,3.408938e+06,-5.835632e-01,4.177899e-01,-1.229961e+00,4.935661e-18,367,3228
7.333636e-09,1.135316e-02,-8.064058e-03,2.500001e-02,1.548163e+06,-1.099648e+06,3.409080e+06,-5.803908e-03,4.142520e-03,-1.235749e-02,4.935661e-18,367,32268
0.000000e+00,-1.923601e-07,6.688029e-08,2.766827e-07,0.000000e+00,0.000000e+00,0.000000e+00,5.715358e+07,-1.974111e+07,-6.054591e+07,5.106567e-18,368,0
8.643182e-10,-2.435722e-03,8.433139e-04,2.500634e-03,-2.818694e+06,9.759134e+05,2.893666e+06,6.265059e-01,-2.206101e-01,-6.124159e-01,5.106567e-18,368,3803
8.639545e-09,-2.435226e-02,8.431456e-03,2.500008e-02,-2.818779e+06,9.759435e+05,2.893750e+06,6.179766e-03,-2.150914e-03,-6.177203e-03,5.106567e-18,368,38014
0.000000e+00,6.866295e-09,1.829763e-07,3.614919e-07,0.000000e+00,0.000000e+00,0.000000e+00,-1.838791e+06,-3.692936e+07,-4.846412e+07,4.460826e-18,369,0
9.495455e-10,1.267432e-04,2.051789e-03,2.500216e-03,1.335246e+05,2.161692e+06,2.633887e+06,-3.187716e-02,-7.271433e-01,-8.230377e-01,4.460826e-18,369,4178
9.491818e-09,1.267380e-03,2.051832e-02,2.500047e-02,1.335294e+05,2.161801e+06,2.634010e+06,-3.265681e-04,-7.002346e-03,-8.342648e-03,4.460826e-18,369,41764
0.000000e+00,2.240295e-08,1.390551e-07,1.689207e-07,0.000000e+00,0.000000e+00,0.000000e+00,-2.164799e+07,-1.381279e+08,-1.460290e+08,7.693646e-18,370,0
4.190909e-10,3.713858e-04,2.370965e-03,2.500754e-03,8.861775e+05,5.657463e+06,5.967088e+06,-1.032447e-01,-6.687086e-01,-6.876602e-01,7.693646e-18,370,1844
4.189773e-09,3.712900e-03,2.370360e-02,2.500088e-02,8.861843e+05,5.657508e+06,5.967133e+06,-1.035460e-03,-6.679005e-03,-6.885432e-03,7.693646e-18,370,18435
0.000000e+00,-1.325571e-07,-2.158724e-07,2.900308e-07,0.000000e+00,0.000000e+00,0.000000e+00,3.090024e+07,4.925403e+07,-4.411262e+07,4.549575e-18,371,0
1.141364e-09,-1.844172e-03,-2.936029e-03,2.500110e-03,-1.616146e+06,-2.573001e+06,2.190820e+06,2.799741e-01,4.510173e-01,-3.490340e-01,4.549575e-18,371,5022
1.141136e-08,-1.844242e-02,-2.936144e-02,2.500036e-02,-1.616196e+06,-2.573082e+06,2.190883e+06,2.646695e-03,4.229012e-03,-3.560220e-03,4.549575e-18,371,50210
0.000000e+00,-6.056103e-08,-1.458751e-07,4.657354e-07,0.000000e+00,0.000000e+00,0.000000e+00,6.330491e+06,2.065904e+07,-4.283018e+07,3.762390e-18,372,0
9.506818e-10,-3.886907e-04,-1.245900e-03,2.500060e-03,-4.090515e+05,-1.311334e+06,2.631057e+06,1.758554e-01,6.645790e-01,-1.243735e+00,3.762390e-18,372,4183
9.502045e-09,-3.886826e-03,-1.246030e-02,2.500051e-02,-4.090779e+05,-1.311433e+06,2.631244e+06,1.866407e-03,6.430469e-03,-1.263907e-02,3.762390e-18,372,41809
0.000000e+00,-2.122207e-07,-9.530359e-08,5.255786e-07,0.000000e+00,0.000000e+00,0.000000e+00,2.549818e+07,1.321166e+07,-3.659533e+07,3.208262e-18,373,0
1.066591e-09,-1.746576e-03,-9.186565e-04,2.500215e-03,-1.638341e+06,-8.617616e+05,2.345007e+06,6.229580e-01,3.382946e-01,-8.353984e-01,3.208262e-18,373,4693
1.066091e-08,-1.746617e-02,-9.187124e-03,2.500008e-02,-1.638445e+06,-8.618186e+05,2.345148e+06,5.836225e-03,3.260539e-03,-8.747544e-03,3.208262e-18,373,46908
0.000000e+00,1.552800e-08,-2.171122e-08,3.915485e-07,0.000000e+00,0.000000e+00,0.000000e+00,-5.669408e+06,3.437877e+06,-6.001995e+07,4.648109e-18,374,0
7.306818e-10,2.735673e-04,-1.824477e-04,2.500623e-03,3.746221e+05,-2.498342e+05,3.423837e+06,-2.121903e-01,1.422523e-01,-1.848830e+00,4.648109e-18,374,3215
7.301818e-09,2.735394e-03,-1.824231e-03,2.500029e-02,3.746466e+05,-2.498506e+05,3.424051e+06,-2.130953e-03,1.410492e-03,-1.857367e-02,4.648109e-18,374,32128
0.000000e+00,-2.095843e-07,-4.945414e-08,3.018110e-07,0.000000e+00,0.000000e+00,0.000000e+00,5.224666e+07,1.294045e+07,-5.128599e+07,4.759761e-18,375,0
9.711364e-10,-2.665109e-03,-6.493841e-04,2.500220e-03,-2.745059e+06,-6.688539e+05,2.575034e+06,6.332498e-01,1.453868e-01,-5.460815e-01,4.759761e-18,375,4273
9.708636e-09,-2.665076e-02,-6.493656e-03,2.500018e-02,-2.745156e+06,-6.688762e+05,2.575118e+06,6.081684e-03,1.431621e-03,-5.580992e-03,4.759761e-18,375,42718
0.000000e+00,9.849878e-08,7.651623e-09,4.242785e-07,0.000000e+00,0.000000e+00,0.000000e+00,-1.836523e+07,-5.391644e+05,-5.092139e+07,4.232235e-18,376,0
8.302273e-10,9.544967e-04,5.192209e-05,2.500374e-03,1.150335e+06,6.256144e+04,3.013073e+06,-6.112250e-01,-1.859203e-02,-1.507581e+00,4.232235e-18,376,3653
8.297273e-09,9.544599e-03,5.190863e-04,2.500035e-02,1.150416e+06,6.256388e+04,3.013270e+06,-5.904669e-03,-3.138400e-04,-1.525245e-02,4.232235e-18,376,36508
0.000000e+00,-1.059671e-07,-9.751183e-08,3.195284e-07,0.000000e+00,0.000000e+00,0.000000e+00,3.132006e+07,2.784058e+07,-7.143641e+07,5.072852e-18,377,0
7.054545e-10,-1.140179e-03,-1.005117e-03,2.500764e-03,-1.616685e+06,-1.425173e+06,3.545696e+06,5.505664e-01,4.894536e-01,-1.171119e+00,5.072852e-18,377,3104
7.050909e-09,-1.139910e-02,-1.004877e-02,2.500050e-02,-1.616746e+06,-1.425228e+06,3.545827e+06,5.470880e-03,4.854148e-03,-1.178241e-02,5.072852e-18,377,31024
0.000000e+00,6.690604e-08,-6.573098e-08,5.208373e-07,0.000000e+00,0.000000e+00,0.000000e+00,-6.110447e+06,7.746488e+06,-4.276546e+07,3.557596e-18,378,0
8.925000e-10,3.528488e-04,-7.182981e-04,2.500591e-03,3.955788e+05,-8.054512e+05,2.803337e+06,-2.292397e-01,5.015744e-01,-1.571267e+00,3.557596e-18,378,3927
8.917955e-09,3.527763e-03,-7.182880e-03,2.500011e-02,3.956111e+05,-8.055219e+05,2.803558e+06,-2.215634e-03,4.727372e-03,-1.587454e-02,3.557596e-18,378,39239
0.000000e+00,-1.745416e-07,-3.692965e-08,3.170673e-07,0.000000e+00,0.000000e+00,0.000000e+00,4.112555e+07,1.158213e+07,-5.437937e+07,4.888952e-18,379,0
8.754545e-10,-2.017519e-03,-5.463311e-04,2.500112e-03,-2.305315e+06,-6.242598e+05,2.856554e+06,7.074676e-01,1.811681e-01,-8.373529e-01,4.888952e-18,379,3852
8.751818e-09,-2.017566e-02,-5.463391e-03,2.500012e-02,-2.305413e+06,-6.242848e+05,2.856669e+06,6.986594e-03,1.772425e-03,-8.442374e-03,4.888952e-18,379,38508
0.000000e+00,-1.267525e-07,-2.325610e-07,5.211998e-07,0.000000e+00,0.000000e+00,0.000000e+00,1.287079e+07,2.297244e+07,-3.317268e+07,3.120778e-18,380,0
1.143864e-09,-1.028823e-03,-1.886939e-03,2.500495e-03,-8.999101e+05,-1.650501e+06,2.186861e+06,3.358672e-01,6.117216e-01,-7.339718e-01,3.120778e-18,380,5033
1.143205e-08,-1.028778e-02,-1.886853e-02,2.500044e-02,-8.999707e+05,-1.650611e+06,2.186994e+06,3.205466e-03,5.781365e-03,-7.764717e-03,3.120778e-18,380,50301
0.000000e+00,-2.135736e-07,1.197111e-07,5.387811e-07,0.000000e+00,0.000000e+00,0.000000e+00,2.083833e+07,-1.034363e+07,-3.382756e+07,3.099178e-18,381,0
1.094318e-09,-1.645301e-03,7.676871e-04,2.500106e-03,-1.504386e+06,7.019080e+05,2.285665e+06,6.450882e-01,-2.961850e-01,-9.055887e-01,3.099178e-18,381,4815
1.093773e-08,-1.645450e-02,7.677271e-03,2.500011e-02,-1.504498e+06,7.019591e+05,2.285821e+06,6.275850e-03,-2.682105e-03,-9.501352e-03,3.099178e-18,381,48126
0.000000e+00,1.890357e-08,8.706869e-08,4.606034e-07,0.000000e+00,0.000000e+00,0.000000e+00,-3.330905e+06,-1.268134e+07,-4.638757e+07,3.967736e-18,382,0
8.715909e-10,2.075577e-04,7.617416e-04,2.500321e-03,2.382927e+05,8.745708e+05,2.870295e+06,-1.277289e-01,-5.175376e-01,-1.615058e+00,3.967736e-18,382,3835
8.710000e-09,2.075507e-03,7.617447e-03,2.500031e-02,2.383103e+05,8.746421e+05,2.870518e+06,-1.301510e-03,-5.061729e-03,-1.625679e-02,3.967736e-18,382,38324
0.000000e+00,-1.128595e-07,7.011367e-08,2.004275e-07,0.000000e+00,0.000000e+00,0.000000e+00,8.686447e+07,-5.325181e+07,-1.334949e+08,7.100009e-18,383,0
4.511364e-10,-1.633801e-03,1.001465e-03,2.500766e-03,-3.621669e+06,2.219961e+06,5.543400e+06,6.145661e-01,-3.811566e-01,-9.258591e-01,7.100009e-18,383,1985
4.510000e-09,-1.633381e-02,1.001207e-02,2.500089e-02,-3.621713e+06,2.219988e+06,5.543466e+06,6.146860e-03,-3.814594e-03,-9.274977e-03,7.100009e-18,383,19844
0.000000e+00,-5.469498e-08,-5.244534e-08,3.235341e-07,0.000000e+00,0.000000e+00,0.000000e+00,2.130833e+07,1.579948e+07,-8.825115e+07,5.360446e-18,384,0
5.925000e-10,-6.214457e-04,-4.633509e-04,2.500188e-03,-1.049134e+06,-7.822226e+05,4.220626e+06,4.122918e-01,3.132288e-01,-1.642474e+00,5.360446e-18,384,2607
5.923409e-09,-6.214455e-03,-4.633438e-03,2.500064e-02,-1.049173e+06,-7.822519e+05,4.220780e+06,4.149595e-03,3.113342e-03,-1.654076e-02,5.360446e-18,384,26063
0.000000e+00,1.590678e-07,-1.342789e-07,2.137211e-07,0.000000e+00,0.000000e+00,0.000000e+00,-6.212559e+07,6.046709e+07,-6.658488e+07,5.770001e-18,385,0
8.488636e-10,2.374950e-03,-2.312773e-03,2.500088e-03,2.798116e+06,-2.724884e+06,2.945460e+06,-3.921442e-01,3.800911e-01,-3.910414e-01,5.770001e-18,385,3735
8.487727e-09,2.374971e-02,-2.312811e-02,2.500039e-02,2.798169e+06,-2.724935e+06,2.945512e+06,-3.856971e-03,3.752941e-03,-3.945180e-03,5.770001e-18,385,37346
0.000000e+00,4.816568e-08,-2.053096e-07,1.989725e-07,0.000000e+00,0.000000e+00,0.000000e+00,-2.168719e+07,9.323050e+07,-7.235795e+07,5.891686e-18,386,0
7.979545e-10,7.591901e-04,-3.267064e-03,2.500350e-03,9.515051e+05,-4.094670e+06,3.133646e+06,-1.216311e-01,5.267608e-01,-3.812613e-01,5.891686e-18,386,3511
7.977955e-09,7.591088e-03,-3.266719e-02,2.500022e-02,9.515204e+05,-4.094737e+06,3.133695e+06,-1.211193e-03,5.206085e-03,-3.851983e-03,5.891686e-18,386,35103
0.000000e+00,1.832853e-07,-2.655928e-08,5.203790e-07,0.000000e+00,0.000000e+00,0.000000e+00,-2.494445e+07,7.689392e+06,-4.003181e+07,3.393685e-18,387,0
9.825000e-10,1.589350e-03,-4.534910e-04,2.500453e-03,1.618535e+06,-4.618499e+05,2.546023e+06,-7.111749e-01,2.129702e-01,-1.027720e+00,3.393685e-18,387,4323
9.819318e-09,1.589286e-02,-4.535017e-03,2.500036e-02,1.618646e+06,-4.618830e+05,2.546183e+06,-6.630611e-03,1.853240e-03,-1.052410e-02,3.393685e-18,387,43205
0.000000e+00,-2.488781e-08,1.026932e-07,5.351937e-07,0.000000e+00,0.000000e+00,0.000000e+00,3.550452e+06,-1.327804e+07,-4.062729e+07,3.454557e-18,388,0
9.202273e-10,-8.415605e-05,8.801241e-04,2.500382e-03,-9.149827e+04,9.571087e+05,2.718651e+06,6.920497e-02,-5.724837e-01,-1.487934e+00,3.454557e-18,388,4049
9.195909e-09,-8.414355e-04,8.801420e-03,2.500056e-02,-9.150833e+04,9.571919e+05,2.718868e+06,7.436067e-04,-5.434785e-03,-1.505035e-02,3.454557e-18,388,40462
0.000000e+00,2.511927e-08,1.671111e-07,2.868210e-07,0.000000e+00,0.000000e+00,0.000000e+00,-8.163417e+06,-5.175685e+07,-7.081936e+07,5.296708e-18,389,0
7.361364e-10,2.931213e-04,1.879924e-03,2.500139e-03,3.982756e+05,2.554371e+06,3.396941e+06,-1.068483e-01,-7.341974e-01,-9.318042e-01,5.296708e-18,389,3239
7.359545e-09,2.931132e-03,1.879904e-02,2.500006e-02,3.982880e+05,2.554457e+06,3.397050e+06,-1.063962e-03,-7.282788e-03,-9.344316e-03,5.296708e-18,389,32382
0.000000e+00,-3.642819e-08,-2.494472e-07,2.498523e-07,0.000000e+00,0.000000e+00,0.000000e+00,9.991161e+06,6.850960e+07,-4.960119e+07,4.882143e-18,390,0
1.073636e-09,-5.193253e-04,-3.572817e-03,2.500276e-03,-4.837906e+05,-3.328364e+06,2.329086e+06,7.095634e-02,4.985689e-01,-3.233688e-01,4.882143e-18,390,4724
1.073386e-08,-5.192948e-03,-3.572625e-02,2.500021e-02,-4.838026e+05,-3.328449e+06,2.329141e+06,6.700431e-04,4.791190e-03,-3.285411e-03,4.882143e-18,390,47229
0.000000e+00,-9.898921e-08,1.285211e-07,4.181157e-07,0.000000e+00,0.000000e+00,0.000000e+00,1.677762e+07,-2.038372e+07,-4.919003e+07,4.084394e-18,391,0
8.961364e-10,-1.046658e-03,1.128886e-03,2.500030e-03,-1.168562e+06,1.260344e+06,2.790859e+06,4.957779e-01,-5.531286e-01,-1.125911e+00,4.084394e-18,391,3943
8.957955e-09,-1.046786e-02,1.129007e-02,2.500049e-02,-1.168632e+06,1.260423e+06,2.791019e+06,4.897780e-03,-5.436991e-03,-1.133786e-02,4.084394e-18,391,39415
0.000000e+00,-4.675854e-08,-1.471212e-07,4.292080e-07,0.000000e+00,0.000000e+00,0.000000e+00,7.260935e+06,2.443289e+07,-4.542631e+07,4.024300e-18,392,0
9.309091e-10,-3.722814e-04,-1.496623e-03,2.500609e-03,-4.000434e+05,-1.608588e+06,2.687352e+06,1.263026e-01,7.255546e-01,-1.129387e+00,4.024300e-18,392,4096
9.302955e-09,-3.721591e-03,-1.496453e-02,2.500039e-02,-4.000619e+05,-1.608694e+06,2.687518e+06,1.365180e-03,7.031879e-03,-1.138226e-02,4.024300e-18,392,40933
0.000000e+00,8.430576e-08,-1.836822e-08,4.967396e-07,0.000000e+00,0.000000e+00,0.000000e+00,-1.558945e+07,-1.316703e+06,-5.054616e+07,3.730120e-18,393,0
8.031818e-10,7.594149e-04,2.179391e-04,2.500477e-03,9.460155e+05,2.715740e+05,3.114590e+06,-5.061907e-01,-1.513198e-01,-1.617875e+00,3.730120e-18,393,3534
8.026818e-09,7.593471e-03,2.179806e-03,2.500037e-02,9.460798e+05,2.715932e+05,3.114795e+06,-5.027396e-03,-1.480655e-03,-1.627257e-02,3.730120e-18,393,35318
0.000000e+00,9.317639e-08,7.321443e-08,4.069463e-07,0.000000e+00,0.000000e+00,0.000000e+00,-1.916625e+07,-1.103165e+07,-5.106886e+07,4.330007e-18,394,0
8.454545e-10,9.902674e-04,5.619115e-04,2.500119e-03,1.171928e+06,6.649569e+05,2.958442e+06,-5.851659e-01,-3.214562e-01,-1.391868e+00,4.330007e-18,394,3720
8.450455e-09,9.903274e-03,5.619179e-03,2.500024e-02,1.172006e+06,6.649998e+05,2.958628e+06,-5.689187e-03,-3.102658e-03,-1.405002e-02,4.330007e-18,394,37182
0.000000e+00,-2.371712e-07,1.044642e-07,4.128425e-07,0.000000e+00,0.000000e+00,0.000000e+00,3.042021e+07,-1.338816e+07,-3.961984e+07,3.722266e-18,395,0
1.089318e-09,-2.087915e-03,9.156079e-04,2.500477e-03,-1.917561e+06,8.409057e+05,2.296253e+06,6.281704e-01,-2.783521e-01,-7.055322e-01,3.722266e-18,395,4793
1.088727e-08,-2.087697e-02,9.155152e-03,2.500005e-02,-1.917669e+06,8.409536e+05,2.296375e+06,6.008091e-03,-2.611584e-03,-7.246572e-03,3.722266e-18,395,47904
0.000000e+00,-1.558535e-07,2.447584e-07,3.578968e-07,0.000000e+00,0.000000e+00,0.000000e+00,2.497000e+07,-3.786847e+07,-3.461010e+07,3.867101e-18,396,0
1.318636e-09,-1.918937e-03,2.914432e-03,2.500168e-03,-1.455701e+06,2.210888e+06,1.896452e+06,2.762666e-01,-4.274571e-01,-3.369295e-01,3.867101e-18,396,5802
1.318250e-08,-1.918974e-02,2.914498e-02,2.500010e-02,-1.455758e+06,2.210977e+06,1.896522e+06,2.679473e-03,-4.083009e-03,-3.484912e-03,3.867101e-18,396,58003
0.000000e+00,1.497398e-07,2.211083e-08,4.927232e-07,0.000000e+00,0.000000e+00,0.000000e+00,-5.579804e+06,-7.123247e+06,-4.071614e+07,3.644711e-18,397,0
9.175000e-10,5.464462e-04,3.939702e-04,2.500347e-03,5.960152e+05,4.297502e+05,2.726856e+06,-3.961336e-01,-2.875988e-01,-1.582805e+00,3.644711e-18,397,4037
9.168182e-09,5.464370e-03,3.939986e-03,2.500033e-02,5.960726e+05,4.297918e+05,2.727085e+06,-3.625081e-03,-2.714086e-03,-1.621917e-02,3.644711e-18,397,40340
0.000000e+00,8.016315e-08,-5.824694e-09,3.023557e-07,0.000000e+00,0.000000e+00,0.000000e+00,-3.093704e+07,4.416325e+06,-9.322191e+07,5.638705e-18,398,0
5.736364e-10,8.487307e-04,-1.217926e-04,2.500167e-03,1.479907e+06,-2.123780e+05,4.359275e+06,-5.609811e-01,8.295808e-02,-1.589166e+00,5.638705e-18,398,2524
5.735000e-09,8.487288e-03,-1.217985e-03,2.500059e-02,1.479958e+06,-2.123856e+05,4.359419e+06,-5.630599e-03,8.359164e-04,-1.597127e-02,5.638705e-18,398,25234
0.000000e+00,2.416019e-08,1.102272e-07,6.644432e-07,0.000000e+00,0.000000e+00,0.000000e+00,-2.239988e+06,-9.623029e+06,-3.524906e+07,2.767026e-18,399,0
9.418182e-10,1.394911e-04,6.653430e-04,2.500365e-03,1.481671e+05,7.069399e+05,2.656384e+06,-5.904725e-02,-4.368787e-01,-1.574548e+00,2.767026e-18,399,4144
9.411364e-09,1.394461e-03,6.653258e-03,2.500037e-02,1.481759e+05,7.070049e+05,2.656619e+06,-4.638659e-04,-4.231556e-03,-1.617493e-02,2.767026e-18,399,41410
0.000000e+00,-2.256612e-07,-1.667498e-07,3.570811e-07,0.000000e+00,0.000000e+00,0.000000e+00,3.571627e+07,2.652636e+07,-3.534929e+07,3.919361e-18,400,0
1.274091e-09,-2.663596e-03,-1.979317e-03,2.500010e-03,-2.091260e+06,-1.554015e+06,1.962653e+06,4.242663e-01,3.158046e-01,-3.706389e-01,3.919361e-18,400,5606
1.273795e-08,-2.663832e-02,-1.979494e-02,2.500030e-02,-2.091345e+06,-1.554079e+06,1.962728e+06,4.123471e-03,2.977576e-03,-3.883158e-03,3.919361e-18,400,56047
0.000000e+00,5.466797e-08,1.147045e-07,3.290383e-07,0.000000e+00,0.000000e+00,0.000000e+00,-1.711849e+07,-3.027013e+07,-6.856581e+07,5.066251e-18,401,0
7.081818e-10,6.447231e-04,1.143864e-03,2.500293e-03,9.106942e+05,1.615729e+06,3.531532e+06,-3.436483e-01,-6.155986e-01,-1.306282e+00,5.066251e-18,401,3116
7.079091e-09,6.446875e-03,1.143789e-02,2.500013e-02,9.107326e+05,1.615798e+06,3.531678e+06,-3.426226e-03,-6.114589e-03,-1.309849e-02,5.066251e-18,401,31148
0.000000e+00,-8.989034e-08,-6.075752e-08,6.132909e-07,0.000000e+00,0.000000e+00,0.000000e+00,1.106630e+07,1.210464e+07,-3.603308e+07,3.029226e-18,402,0
9.747727e-10,-8.149979e-04,-7.581628e-04,2.500226e-03,-8.367017e+05,-7.782545e+05,2.566255e+06,4.751576e-01,3.714579e-01,-1.307903e+00,3.029226e-18,402,4289
9.741818e-09,-8.150930e-03,-7.581570e-03,2.500016e-02,-8.367749e+05,-7.783117e+05,2.566457e+06,4.505569e-03,3.889506e-03,-1.366040e-02,3.029226e-18,402,42864
0.000000e+00,-2.497555e-07,1.095048e-07,2.828694e-07,0.000000e+00,0.000000e+00,0.000000e+00,5.326355e+07,-2.399765e+07,-4.005400e+07,4.458167e-18,403,0
1.246136e-09,-3.489452e-03,1.582106e-03,2.500176e-03,-2.800853e+06,1.269910e+06,2.006660e+06,4.265038e-01,-1.991013e-01,-2.810223e-01,4.458167e-18,403,5483
1.245864e-08,-3.489479e-02,1.582134e-02,2.500036e-02,-2.800937e+06,1.269950e+06,2.006715e+06,4.085705e-03,-1.868287e-03,-2.904051e-03,4.458167e-18,403,54818
0.000000e+00,-1.936124e-07,1.677238e-07,4.420955e-07,0.000000e+00,0.000000e+00,0.000000e+00,2.545679e+07,-2.210684e+07,-3.734614e+07,3.559780e-18,404,0
1.141364e-09,-1.838746e-03,1.600089e-03,2.500115e-03,-1.611713e+06,1.402544e+06,2.191199e+06,4.933356e-01,-4.426542e-01,-6.359675e-01,3.559780e-18,404,5022
1.140932e-08,-1.838850e-02,1.600202e-02,2.500022e-02,-1.611802e+06,1.402624e+06,2.191313e+06,4.779123e-03,-4.162693e-03,-6.522883e-03,3.559780e-18,404,50201
0.000000e+00,8.217033e-08,1.813115e-07,3.779529e-07,0.000000e+00,0.000000e+00,0.000000e+00,-1.379478e+07,-3.185329e+07,-4.537594e+07,4.247279e-18,405,0
9.970455e-10,8.588004e-04,1.913910e-03,2.500120e-03,8.617075e+05,1.920388e+06,2.508363e+06,-2.836062e-01,-6.349555e-01,-7.906416e-01,4.247279e-18,405,4387
9.966818e-09,8.588453e-03,1.914009e-02,2.500049e-02,8.617522e+05,1.920488e+06,2.508488e+06,-2.673397e-03,-6.282422e-03,-8.271956e-03,4.247279e-18,405,43854
0.000000e+00,1.489784e-07,1.738691e-07,4.828420e-07,0.000000e+00,0.000000e+00,0.000000e+00,-1.715050e+07,-2.132912e+07,-3.750783e+07,3.448558e-18,406,0
1.063636e-09,1.215859e-03,1.521255e-03,2.500444e-03,1.143708e+06,1.430954e+06,2.351763e+06,-4.460688e-01,-5.340570e-01,-8.313111e-01,3.448558e-18,406,4680
1.063045e-08,1.215809e-02,1.521164e-02,2.500044e-02,1.143782e+06,1.431044e+06,2.351903e+06,-4.196329e-03,-5.396450e-03,-8.741323e-03,3.448558e-18,406,46774
0.000000e+00,1.693027e-07,-1.679763e-07,2.555101e-07,0.000000e+00,0.000000e+00,0.000000e+00,-5.186201e+07,4.934466e+07,-5.006201e+07,4.986723e-18,407,0
1.070000e-09,2.668581e-03,-2.548112e-03,2.500208e-03,2.494425e+06,-2.381812e+06,2.336906e+06,-3.527683e-01,3.344384e-01,-3.077090e-01,4.986723e-18,407,4708
1.069795e-08,2.668527e-02,-2.548054e-02,2.500024e-02,2.494485e+06,-2.381868e+06,2.336958e+06,-3.407071e-03,3.244550e-03,-3.143073e-03,4.986723e-18,407,47071
0.000000e+00,2.537746e-09,-6.401160e-08,3.161663e-07,0.000000e+00,0.000000e+00,0.000000e+00,-4.793142e+06,2.348793e+07,-8.844527e+07,5.494527e-18,408,0
5.877273e-10,1.369416e-04,-6.845684e-04,2.500865e-03,2.330843e+05,-1.165093e+06,4.256088e+06,-1.000421e-01,4.772470e-01,-1.683104e+00,5.494527e-18,408,2586
5.874091e-09,1.369150e-03,-6.843865e-03,2.500078e-02,2.330936e+05,-1.165137e+06,4.256244e+06,-1.010612e-03,4.749205e-03,-1.687809e-02,5.494527e-18,408,25846
0.000000e+00,-5.845970e-08,3.794648e-08,1.546924e-07,0.000000e+00,0.000000e+00,0.000000e+00,1.229816e+08,-7.885159e+07,-3.040299e+08,9.858428e-18,409,0
2.050000e-10,-1.012568e-03,6.491959e-04,2.502451e-03,-4.939217e+06,3.166719e+06,1.220668e+07,5.567665e-01,-3.585179e-01,-1.356150e+00,9.858428e-18,409,902
2.048182e-09,-1.011647e-02,6.486053e-03,2.500165e-02,-4.939235e+06,3.166731e+06,1.220672e+07,5.539160e-03,-3.591822e-03,-1.358975e-02,9.858428e-18,409,9012
0.000000e+00,1.771495e-07,3.525522e-08,4.937272e-07,0.000000e+00,0.000000e+00,0.000000e+00,-3.814646e+07,2.612220e+06,-4.555559e+07,3.565904e-18,410,0
9.575000e-10,2.072045e-03,-9.979602e-05,2.500544e-03,2.164873e+06,-1.043149e+05,2.612250e+06,-7.198430e-01,4.574550e-02,-8.321502e-01,3.565904e-18,410,4213
9.570227e-09,2.071828e-02,-9.982815e-04,2.500004e-02,2.164982e+06,-1.043219e+05,2.612376e+06,-6.940440e-03,4.087942e-04,-8.466442e-03,3.565904e-18,410,42109
0.000000e+00,-2.381113e-07,7.626265e-08,2.892495e-07,0.000000e+00,0.000000e+00,0.000000e+00,5.442830e+07,-1.695205e+07,-4.509506e+07,4.598053e-18,411,0
1.106818e-09,-3.160391e-03,9.794636e-04,2.500334e-03,-2.856075e+06,8.851394e+05,2.259428e+06,5.231971e-01,-1.565544e-01,-3.866158e-01,4.598053e-18,411,4870
1.106477e-08,-3.160181e-02,9.793867e-03,2.500017e-02,-2.856166e+06,8.851668e+05,2.259495e+06,5.008808e-03,-1.492531e-03,-3.953261e-03,4.598053e-18,411,48685
0.000000e+00,1.649612e-07,1.589955e-07,3.801101e-07,0.000000e+00,0.000000e+00,0.000000e+00,-2.904761e+07,-2.229067e+07,-4.085117e+07,4.077393e-18,412,0
1.086364e-09,1.915431e-03,1.509808e-03,2.500023e-03,1.763901e+06,1.390366e+06,2.302000e+06,-5.271668e-01,-4.287106e-01,-6.362505e-01,4.077393e-18,412,4780
1.086023e-08,1.915630e-02,1.509965e-02,2.500034e-02,1.763992e+06,1.390440e+06,2.302109e+06,-5.004641e-03,-4.228395e-03,-6.580435e-03,4.077393e-18,412,47785
0.000000e+00,1.642660e-07,-9.418277e-08,5.459647e-07,0.000000e+00,0.000000e+00,0.000000e+00,-1.552760e+07,4.783437e+06,-4.578368e+07,3.239157e-18,413,0
8.838636e-10,9.030578e-04,-4.034814e-04,2.500355e-03,1.022275e+06,-4.567714e+05,2.830220e+06,-5.661228e-01,2.675278e-01,-1.462863e+00,3.239157e-18,413,3889
8.833182e-09,9.029967e-03,-4.034749e-03,2.500002e-02,1.022354e+06,-4.568088e+05,2.830424e+06,-5.446816e-03,2.532608e-03,-1.478539e-02,3.239157e-18,413,38866
0.000000e+00,5.379998e-08,2.029592e-07,5.112225e-07,0.000000e+00,0.000000e+00,0.000000e+00,-5.461990e+06,-1.833577e+07,-3.362250e+07,3.356602e-18,414,0
1.078409e-09,4.268334e-04,1.502371e-03,2.500492e-03,3.960679e+05,1.394056e+06,2.319933e+06,-1.938569e-01,-6.566980e-01,-1.021252e+00,3.356602e-18,414,4745
1.077636e-08,4.268147e-03,1.502276e-02,2.500049e-02,3.961009e+05,1.394168e+06,2.320107e+06,-1.781569e-03,-6.519017e-03,-1.083555e-02,3.356602e-18,414,47416
0.000000e+00,-5.237174e-08,-1.350399e-07,6.455019e-07,0.000000e+00,0.000000e+00,0.000000e+00,5.541089e+06,1.233796e+07,-3.373332e+07,2.811613e-18,415,0
9.790909e-10,-3.926825e-04,-9.969699e-04,2.500145e-03,-4.012520e+05,-1.019041e+06,2.554902e+06,1.535558e-01,6.148937e-01,-1.338236e+00,2.811613e-18,415,4308
9.785227e-09,-3.926335e-03,-9.971473e-03,2.500047e-02,-4.012758e+05,-1.019136e+06,2.555109e+06,1.842937e-03,5.986845e-03,-1.398272e-02,2.811613e-18,415,43055
0.000000e+00,1.889423e-07,2.035033e-07,3.001417e-07,0.000000e+00,0.000000e+00,0.000000e+00,-4.099955e+07,-3.743109e+07,-3.231551e+07,4.308206e-18,416,0
1.469091e-09,3.285297e-03,3.028698e-03,2.500353e-03,2.236816e+06,2.062097e+06,1.702234e+06,-2.831550e-01,-2.639803e-01,-1.972044e-01,4.308206e-18,416,6464
1.468659e-08,3.285113e-02,3.028514e-02,2.500013e-02,2.236881e+06,2.062159e+06,1.702280e+06,-2.706536e-03,-2.499971e-03,-2.055149e-03,4.308206e-18,416,64621
0.000000e+00,1.517259e-07,1.093860e-07,1.684374e-07,0.000000e+00,0.000000e+00,0.000000e+00,-1.115992e+08,-7.922588e+07,-9.428958e+07,6.753870e-18,417,0
6.406818e-10,2.976913e-03,2.113122e-03,2.500226e-03,4.646621e+06,3.298338e+06,3.902478e+06,-4.068741e-01,-2.874005e-01,-3.191475e-01,6.753870e-18,417,2819
6.406364e-09,2.976805e-02,2.113043e-02,2.500082e-02,4.646662e+06,3.298367e+06,3.902510e+06,-3.997726e-03,-2.830883e-03,-3.261498e-03,6.753870e-18,417,28188
0.000000e+00,-1.554999e-07,8.739517e-08,4.335081e-07,0.000000e+00,0.000000e+00,0.000000e+00,2.315174e+07,-1.443527e+07,-4.430538e+07,3.915889e-18,418,0
9.522727e-10,-1.382375e-03,8.630702e-04,2.500017e-03,-1.452409e+06,9.068052e+05,2.626413e+06,6.226631e-01,-3.905707e-01,-1.063494e+00,3.915889e-18,418,4190
9.518864e-09,-1.382523e-02,8.631716e-03,2.500056e-02,-1.452503e+06,9.068639e+05,2.626573e+06,5.746089e-03,-3.633964e-03,-1.098164e-02,3.915889e-18,418,41883
0.000000e+00,-1.597931e-07,2.221933e-07,4.470993e-07,0.000000e+00,0.000000e+00,0.000000e+00,2.063125e+07,-2.677109e+07,-3.280608e+07,3.461941e-18,419,0
1.258864e-09,-1.680572e-03,2.184000e-03,2.500238e-03,-1.335589e+06,1.735681e+06,1.986777e+06,3.685266e-01,-4.884191e-01,-5.194990e-01,3.461941e-18,419,5539
1.258318e-08,-1.680589e-02,2.184031e-02,2.500010e-02,-1.335662e+06,1.735778e+06,1.986880e+06,3.594367e-03,-4.671353e-03,-5.360059e-03,3.461941e-18,419,55366
0.000000e+00,-4.779319e-08,2.679657e-08,5.661953e-07,0.000000e+00,0.000000e+00,0.000000e+00,5.893963e+06,-3.686369e+06,-3.969591e+07,3.332422e-18,420,0
8.981818e-10,-4.074101e-04,2.660985e-04,2.500567e-03,-4.539316e+05,2.965053e+05,2.785709e+06,2.828329e-01,-1.975276e-01,-1.681140e+00,3.332422e-18,420,3952
8.974545e-09,-4.073795e-03,2.660970e-03,2.500056e-02,-4.539717e+05,2.965333e+05,2.785947e+06,2.594728e-03,-1.649161e-03,-1.713911e-02,3.332422e-18,420,39488
0.000000e+00,-2.004914e-07,3.817076e-08,4.111209e-07,0.000000e+00,0.000000e+00,0.000000e+00,2.986933e+07,-9.590551e+06,-4.583788e+07,3.979589e-18,421,0
9.300000e-10,-1.715174e-03,5.076988e-04,2.500002e-03,-1.845082e+06,5.461663e+05,2.689130e+06,7.071840e-01,-2.105917e-01,-9.720571e-01,3.979589e-18,421,4092
9.296818e-09,-1.715336e-02,5.077587e-03,2.500045e-02,-1.845186e+06,5.461973e+05,2.689273e+06,6.901290e-03,-1.923205e-03,-9.838174e-03,3.979589e-18,421,40906
0.000000e+00,-1.066167e-07,-1.075757e-07,4.213632e-07,0.000000e+00,0.000000e+00,0.000000e+00,1.690502e+07,1.747386e+07,-4.611877e+07,4.096475e-18,422,0
9.186364e-10,-1.030655e-03,-9.947677e-04,2.500256e-03,-1.122621e+06,-1.083465e+06,2.722921e+06,5.614340e-01,5.021011e-01,-1.193873e+00,4.096475e-18,422,4042
9.181364e-09,-1.030712e-02,-9.947641e-03,2.500020e-02,-1.122702e+06,-1.083538e+06,2.723095e+06,5.169066e-03,4.652768e-03,-1.211367e-02,4.096475e-18,422,40398
0.000000e+00,-2.268333e-07,-7.188495e-08,4.800397e-07,0.000000e+00,0.000000e+00,0.000000e+00,2.767486e+07,1.094201e+07,-3.686239e+07,3.434001e-18,423,0
1.083409e-09,-1.934373e-03,-7.159259e-04,2.500301e-03,-1.786330e+06,-6.611159e+05,2.308675e+06,6.572516e-01,2.242034e-01,-7.801136e-01,3.434001e-18,423,4767
1.082886e-08,-1.934388e-02,-7.159110e-03,2.500047e-02,-1.786443e+06,-6.611543e+05,2.308809e+06,6.248156e-03,2.250300e-03,-8.317661e-03,3.434001e-18,423,47647
0.000000e+00,-1.768264e-07,1.915052e-07,3.109761e-07,0.000000e+00,0.000000e+00,0.000000e+00,3.817419e+07,-4.063101e+07,-4.199481e+07,4.361159e-18,424,0
1.184318e-09,-2.398876e-03,2.546636e-03,2.500379e-03,-2.026035e+06,2.150827e+06,2.111601e+06,3.512877e-01,-3.744285e-01,-3.410034e-01,4.361159e-18,424,5211
1.183932e-08,-2.398686e-02,2.546432e-02,2.500005e-02,-2.026101e+06,2.150897e+06,2.111665e+06,3.370278e-03,-3.581963e-03,-3.484014e-03,4.361159e-18,424,52093
0.000000e+00,-2.228569e-08,-2.406930e-07,3.439571e-07,0.000000e+00,0.000000e+00,0.000000e+00,3.464814e+06,4.584919e+07,-4.290232e+07,4.225359e-18,425,0
1.100227e-09,-2.116319e-04,-2.849649e-03,2.500082e-03,-1.924003e+05,-2.590892e+06,2.272868e+06,3.966416e-02,6.147887e-01,-4.999106e-01,4.225359e-18,425,4841
1.099932e-08,-2.116277e-03,-2.849800e-02,2.500012e-02,-1.924072e+05,-2.590999e+06,2.272955e+06,3.900596e-04,5.893921e-03,-5.112164e-03,4.225359e-18,425,48397
0.000000e+00,1.895537e-07,9.742773e-08,5.979539e-07,0.000000e+00,0.000000e+00,0.000000e+00,-1.889981e+07,-1.055579e+07,-3.444145e+07,2.924957e-18,426,0
1.045682e-09,1.425871e-03,8.153432e-04,2.500500e-03,1.364359e+06,7.801792e+05,2.392336e+06,-5.983053e-01,-3.424831e-01,-1.017930e+00,2.924957e-18,426,4601
1.045000e-08,1.425751e-02,8.152837e-03,2.500010e-02,1.364458e+06,7.802358e+05,2.392505e+06,-5.626079e-03,-3.448243e-03,-1.059216e-02,2.924957e-18,426,45980
0.000000e+00,-2.392058e-07,-1.156501e-07,2.663108e-07,0.000000e+00,0.000000e+00,0.000000e+00,5.511834e+07,2.813505e+07,-4.316775e+07,4.626635e-18,427,0
1.182727e-09,-3.338598e-03,-1.704391e-03,2.500114e-03,-2.823397e+06,-1.441376e+06,2.114170e+06,4.350856e-01,2.188886e-01,-2.955774e-01,4.626635e-18,427,5204
1.182500e-08,-3.338667e-02,-1.704427e-02,2.500017e-02,-2.823478e+06,-1.441417e+06,2.114225e+06,4.137749e-03,2.077177e-03,-3.036000e-03,4.626635e-18,427,52030
0.000000e+00,-1.417347e-07,1.541298e-07,5.751150e-07,0.000000e+00,0.000000e+00,0.000000e+00,1.517538e+07,-1.355012e+07,-3.482170e+07,3.023399e-18,428,0
1.035909e-09,-1.130978e-03,1.008548e-03,2.500162e-03,-1.092439e+06,9.741871e+05,2.414692e+06,5.071092e-01,-4.726871e-01,-1.096280e+00,3.023399e-18,428,4558
1.035341e-08,-1.131042e-02,1.008613e-02,2.500043e-02,-1.092522e+06,9.742644e+05,2.414871e+06,4.703573e-03,-4.482772e-03,-1.137823e-02,3.023399e-18,428,45555
0.000000e+00,-2.709778e-07,9.651077e-08,3.539998e-07,0.000000e+00,0.000000e+00,0.000000e+00,4.440549e+07,-1.580621e+07,-3.297432e+07,3.907587e-18,429,0
1.381364e-09,-3.551401e-03,1.258434e-03,2.500172e-03,-2.571712e+06,9.112735e+05,1.810297e+06,4.432432e-01,-1.527137e-01,-2.839274e-01,3.907587e-18,429,6078
1.381000e-08,-3.551527e-02,1.258466e-02,2.500034e-02,-2.571809e+06,9.113068e+05,1.810360e+06,4.250212e-03,-1.509290e-03,-2.982911e-03,3.907587e-18,429,60764
0.000000e+00,-6.451587e-08,9.752654e-08,4.877871e-07,0.000000e+00,0.000000e+00,0.000000e+00,1.298020e+07,-1.301248e+07,-4.268127e+07,3.722456e-18,430,0
9.359091e-10,-8.563533e-04,8.340042e-04,2.500514e-03,-9.156283e+05,8.916746e+05,2.673113e+06,4.884709e-01,-4.611396e-01,-1.317469e+00,3.722456e-18,430,4118
9.352500e-09,-8.563325e-03,8.339339e-03,2.500037e-02,-9.157005e+05,8.917428e+05,2.673307e+06,4.460561e-03,-4.478125e-03,-1.337716e-02,3.722456e-18,430,41151
0.000000e+00,-2.431369e-08,4.792411e-08,6.474454e-07,0.000000e+00,0.000000e+00,0.000000e+00,1.553220e+06,-3.594440e+06,-3.947258e+07,2.905120e-18,431,0
8.852273e-10,-1.142745e-04,1.756849e-04,2.500348e-03,-1.291837e+05,1.985509e+05,2.826164e+06,8.634578e-02,-1.115990e-01,-1.762383e+00,2.905120e-18,431,3895
8.845909e-09,-1.142744e-03,1.756388e-03,2.500017e-02,-1.291957e+05,1.985664e+05,2.826411e+06,7.304191e-04,-1.039095e-03,-1.794422e-02,2.905120e-18,431,38922
0.000000e+00,6.364587e-08,5.526313e-08,6.090871e-07,0.000000e+00,0.000000e+00,0.000000e+00,-5.795137e+06,-5.322488e+06,-3.839243e+07,3.067138e-18,432,0
9.193182e-10,4.438601e-04,2.431284e-04,2.500534e-03,4.831669e+05,2.645961e+05,2.721622e+06,-2.964793e-01,-1.485281e-01,-1.642662e+00,3.067138e-18,432,4045
9.185682e-09,4.438188e-03,2.430523e-03,2.500008e-02,4.832100e+05,2.646177e+05,2.721861e+06,-2.923456e-03,-1.598799e-03,-1.693318e-02,3.067138e-18,432,40417
0.000000e+00,8.963350e-08,-7.628366e-08,6.567862e-07,0.000000e+00,0.000000e+00,0.000000e+00,-7.079059e+06,7.219894e+06,-3.642787e+07,2.806887e-18,433,0
9.293182e-10,4.876227e-04,-5.331899e-04,2.500401e-03,5.250423e+05,-5.741716e+05,2.692045e+06,-3.048470e-01,3.651396e-01,-1.531316e+00,2.806887e-18,433,4089
9.286591e-09,4.875854e-03,-5.332069e-03,2.500011e-02,5.250871e+05,-5.742252e+05,2.692270e+06,-3.182024e-03,3.227350e-03,-1.589362e-02,2.806887e-18,433,40861
0.000000e+00,-9.979965e-08,-9.438514e-08,4.617985e-07,0.000000e+00,0.000000e+00,0.000000e+00,1.359636e+07,1.490961e+07,-4.458585e+07,3.849267e-18,434,0
9.104545e-10,-8.393381e-04,-8.723279e-04,2.500464e-03,-9.224736e+05,-9.586705e+05,2.747728e+06,4.939762e-01,4.625505e-01,-1.331137e+00,3.849267e-18,434,4006
9.098409e-09,-8.392991e-03,-8.722328e-03,2.500003e-02,-9.225447e+05,-9.587370e+05,2.747919e+06,4.599091e-03,4.388444e-03,-1.366789e-02,3.849267e-18,434,40033
0.000000e+00,-6.453910e-08,1.213416e-07,5.870112e-07,0.000000e+00,0.000000e+00,0.000000e+00,8.874645e+06,-1.197516e+07,-4.011722e+07,3.120313e-18,435,0
9.000000e-10,-5.459407e-04,7.439291e-04,2.500174e-03,-6.069824e+05,8.270738e+05,2.779423e+06,3.285946e-01,-4.595882e-01,-1.523092e+00,3.120313e-18,435,3960
8.994773e-09,-5.459638e-03,7.439341e-03,2.500042e-02,-6.070292e+05,8.271392e+05,2.779639e+06,3.223061e-03,-4.394256e-03,-1.532884e-02,3.120313e-18,435,39577
0.000000e+00,-2.748119e-07,-1.323026e-08,3.290139e-07,0.000000e+00,0.000000e+00,0.000000e+00,4.939469e+07,6.635347e+06,-3.876207e+07,4.132880e-18,436,0
1.226136e-09,-3.349384e-03,-4.512528e-04,2.500159e-03,-2.732446e+06,-3.681385e+05,2.039469e+06,5.294124e-01,6.231652e-02,-3.573685e-01,4.132880e-18,436,5395
1.225818e-08,-3.349478e-02,-4.512684e-03,2.500031e-02,-2.732548e+06,-3.681506e+05,2.039538e+06,5.027991e-03,6.605202e-04,-3.724746e-03,4.132880e-18,436,53936
0.000000e+00,-1.805356e-07,1.487816e-07,5.717224e-07,0.000000e+00,0.000000e+00,0.000000e+00,1.712293e+07,-1.315714e+07,-3.244673e+07,2.976904e-18,437,0
1.097955e-09,-1.355016e-03,1.054391e-03,2.500404e-03,-1.234919e+06,9.609210e+05,2.278402e+06,5.722761e-01,-4.395208e-01,-9.386785e-01,2.976904e-18,437,4831
1.097273e-08,-1.355037e-02,1.054389e-02,2.500043e-02,-1.235018e+06,9.609972e+05,2.278565e+06,5.165040e-03,-4.272513e-03,-1.006427e-02,2.976904e-18,437,48280
0.000000e+00,-8.002088e-08,2.357125e-08,1.696843e-07,0.000000e+00,0.000000e+00,0.000000e+00,1.242133e+08,-3.361291e+07,-2.394395e+08,8.897244e-18,438,0
2.588636e-10,-1.298160e-03,3.513602e-04,2.500863e-03,-5.014760e+06,1.357289e+06,9.660706e+06,6.650129e-01,-1.802268e-01,-1.264167e+00,8.897244e-18,438,1139
2.587955e-09,-1.297804e-02,3.512625e-03,2.500163e-02,-5.014787e+06,1.357297e+06,9.660758e+06,6.640866e-03,-1.817576e-03,-1.267469e-02,8.897244e-18,438,11387
0.000000e+00,1.756885e-07,-5.657661e-08,3.030372e-07,0.000000e+00,0.000000e+00,0.000000e+00,-4.640049e+07,1.405053e+07,-6.233877e+07,4.985889e-18,439,0
8.077273e-10,1.932536e-03,-5.864095e-04,2.500699e-03,2.393210e+06,-7.261975e+05,3.096644e+06,-6.955593e-01,2.155942e-01,-8.569394e-01,4.985889e-18,439,3554
8.073409e-09,1.932137e-02,-5.862895e-03,2.500059e-02,2.393298e+06,-7.262250e+05,3.096753e+06,-6.892265e-03,2.146254e-03,-8.627203e-03,4.985889e-18,439,35523
0.000000e+00,-1.184746e-07,-4.879585e-08,5.465428e-07,0.000000e+00,0.000000e+00,0.000000e+00,1.576121e+07,1.076299e+07,-3.838450e+07,3.355822e-18,440,0
9.179545e-10,-1.256095e-03,-3.882042e-04,2.500562e-03,-1.369201e+06,-4.230849e+05,2.725275e+06,6.548613e-01,1.907079e-01,-1.243353e+00,3.355822e-18,440,4039
9.173409e-09,-1.256012e-02,-3.881151e-03,2.500018e-02,-1.369296e+06,-4.231126e+05,2.725455e+06,6.360955e-03,1.792274e-03,-1.263831e-02,3.355822e-18,440,40363
0.000000e+00,-1.382908e-09,-9.737608e-10,4.752186e-07,0.000000e+00,0.000000e+00,0.000000e+00,-7.839967e+06,7.876346e+05,-4.193973e+07,3.944325e-18,441,0
8.809091e-10,4.248454e-04,-1.373790e-06,2.500467e-03,4.826775e+05,-1.501415e+03,2.840319e+06,-3.075167e-01,-3.468802e-02,-1.735596e+00,3.944325e-18,441,3876
8.802045e-09,4.248480e-03,-1.323510e-05,2.500060e-02,4.827203e+05,-1.496577e+03,2.840561e+06,-3.096578e-03,-3.265268e-04,-1.795428e-02,3.944325e-18,441,38729
0.000000e+00,-1.065885e-07,5.442091e-09,1.461360e-07,0.000000e+00,0.000000e+00,0.000000e+00,1.862605e+08,-7.194289e+06,-2.339798e+08,9.238894e-18,442,0
2.656818e-10,-1.992228e-03,7.687219e-05,2.501303e-03,-7.498402e+06,2.893278e+05,9.414414e+06,7.149054e-01,-2.572974e-02,-8.794077e-01,9.238894e-18,442,1169
2.655682e-09,-1.991347e-02,7.683678e-04,2.500183e-02,-7.498432e+06,2.893289e+05,9.414451e+06,7.115793e-03,-2.739985e-04,-8.812331e-03,9.238894e-18,442,11685
0.000000e+00,2.233802e-07,7.316587e-08,3.229803e-07,0.000000e+00,0.000000e+00,0.000000e+00,-4.609978e+07,-1.637182e+07,-4.402353e+07,4.448668e-18,443,0
1.088182e-09,2.791848e-03,9.970003e-04,2.500506e-03,2.566377e+06,9.164856e+05,2.298368e+06,-5.688639e-01,-2.013475e-01,-4.666215e-01,4.448668e-18,443,4788
1.087727e-08,2.791514e-02,9.968842e-03,2.500009e-02,2.566475e+06,9.165202e+05,2.298449e+06,-5.440346e-03,-1.959148e-03,-4.768867e-03,4.448668e-18,443,47860
0.000000e+00,-1.191694e-07,-1.291068e-07,5.391619e-07,0.000000e+00,0.000000e+00,0.000000e+00,1.274573e+07,1.669530e+07,-3.706457e+07,3.286936e-18,444,0
1.006591e-09,-8.778183e-04,-1.153276e-03,2.500562e-03,-8.726094e+05,-1.146410e+06,2.485377e+06,4.319357e-01,5.278051e-01,-1.115499e+00,3.286936e-18,444,4429
1.005886e-08,-8.777431e-03,-1.153152e-02,2.500020e-02,-8.726781e+05,-1.146494e+06,2.485554e+06,3.950875e-03,4.834502e-03,-1.170252e-02,3.286936e-18,444,44259
0.000000e+00,-1.983601e-09,-8.863805e-08,6.252748e-07,0.000000e+00,0.000000e+00,0.000000e+00,1.205930e+06,9.075008e+06,-3.542115e+07,2.978912e-18,445,0
8.954545e-10,-3.568475e-05,-6.504579e-04,2.500488e-03,-3.984197e+04,-7.269149e+05,2.794031e+06,-7.136070e-03,4.441500e-01,-1.652860e+00,2.978912e-18,445,3940
8.947727e-09,-3.564964e-04,-6.504193e-03,2.500035e-02,-3.984095e+04,-7.269777e+05,2.794265e+06,-2.893999e-04,3.818355e-03,-1.680833e-02,2.978912e-18,445,39370
0.000000e+00,1.357391e-07,1.367025e-07,1.990272e-07,0.000000e+00,0.000000e+00,0.000000e+00,-6.765912e+07,-7.325279e+07,-8.118568e+07,6.190284e-18,446,0
7.190909e-10,2.105998e-03,2.286882e-03,2.500681e-03,2.928920e+06,3.180506e+06,3.477747e+06,-3.872672e-01,-4.251754e-01,-4.424642e-01,6.190284e-18,446,3164
7.188636e-09,2.105501e-02,2.286357e-02,2.500039e-02,2.928964e+06,3.180555e+06,3.477797e+06,-3.881498e-03,-4.221407e-03,-4.461972e-03,6.190284e-18,446,31630
0.000000e+00,1.031949e-10,-2.728205e-07,4.627366e-07,0.000000e+00,0.000000e+00,0.000000e+00,1.125858e+06,3.190006e+07,-3.176711e+07,3.370546e-18,447,0
1.250682e-09,-8.834275e-05,-2.687085e-03,2.500095e-03,-7.066066e+04,-2.149526e+06,1.999669e+06,1.219343e-02,6.394088e-01,-5.327263e-01,3.370546e-18,447,5503
1.250205e-08,-8.833940e-04,-2.687336e-02,2.500007e-02,-7.066309e+04,-2.149652e+06,1.999774e+06,2.309388e-04,6.000247e-03,-5.584482e-03,3.370546e-18,447,55009
0.000000e+00,2.279488e-07,-1.436986e-07,3.036318e-07,0.000000e+00,0.000000e+00,0.000000e+00,-4.524966e+07,2.971803e+07,-3.991536e+07,4.337009e-18,448,0
1.230682e-09,3.007815e-03,-1.976410e-03,2.500417e-03,2.444636e+06,-1.606353e+06,2.032098e+06,-4.118952e-01,2.693012e-01,-3.200807e-01,4.337009e-18,448,5415
1.230250e-08,3.007511e-02,-1.976214e-02,2.500000e-02,2.444716e+06,-1.606406e+06,2.032160e+06,-3.964889e-03,2.621511e-03,-3.281099e-03,4.337009e-18,448,54131
0.000000e+00,-7.454489e-08,1.340799e-07,5.781663e-07,0.000000e+00,0.000000e+00,0.000000e+00,1.183940e+07,-1.736926e+07,-3.406529e+07,3.133641e-18,449,0
1.040682e-09,-8.629329e-04,1.213852e-03,2.500401e-03,-8.297461e+05,1.167195e+06,2.403860e+06,3.907102e-01,-5.911439e-01,-1.087853e+00,3.133641e-18,449,4579
1.040000e-08,-8.629288e-03,1.213875e-02,2.500028e-02,-8.298103e+05,1.167292e+06,2.404039e+06,3.763602e-03,-5.526105e-03,-1.125321e-02,3.133641e-18,449,45760
0.000000e+00,5.370375e-08,2.156333e-07,5.208485e-07,0.000000e+00,0.000000e+00,0.000000e+00,-4.969219e+06,-2.719572e+07,-3.974628e+07,3.270542e-18,450,0
1.002045e-09,3.240802e-04,1.757503e-03,2.500067e-03,3.235496e+05,1.754808e+06,2.495899e+06,-1.175967e-01,-7.313339e-01,-9.402581e-01,3.270542e-18,450,4409
1.001636e-08,3.240798e-03,1.757676e-02,2.500000e-02,3.235682e+05,1.754924e+06,2.496048e+06,-1.195183e-03,-7.092747e-03,-9.672173e-03,3.270542e-18,450,44072
0.000000e+00,-7.760118e-08,2.343054e-07,3.768775e-07,0.000000e+00,0.000000e+00,0.000000e+00,7.920181e+06,-4.308028e+07,-4.466315e+07,4.018710e-18,451,0
1.055000e-09,-4.398334e-04,2.600286e-03,2.500246e-03,-4.170281e+05,2.465552e+06,2.370465e+06,1.251880e-01,-6.385305e-01,-5.670281e-01,4.018710e-18,451,4642
1.054659e-08,-4.398258e-03,2.600313e-02,2.500047e-02,-4.170490e+05,2.465658e+06,2.370559e+06,1.201489e-03,-6.103636e-03,-5.767216e-03,4.018710e-18,451,46405
0.000000e+00,6.113280e-08,2.221595e-08,3.339454e-07,0.000000e+00,0.000000e+00,0.000000e+00,-1.775220e+07,-3.519780e+06,-7.849139e+07,5.253994e-18,452,0
6.254545e-10,5.845586e-04,1.187287e-04,2.500105e-03,9.349223e+05,1.898789e+05,3.998384e+06,-4.175020e-01,-8.928826e-02,-1.740336e+00,5.253994e-18,452,2752
6.252727e-09,5.845814e-03,1.187270e-03,2.500090e-02,9.349636e+05,1.898877e+05,3.998556e+06,-4.211490e-03,-8.376339e-04,-1.747801e-02,5.253994e-18,452,27512
0.000000e+00,1.784893e-07,1.000688e-07,2.188090e-07,0.000000e+00,0.000000e+00,0.000000e+00,-7.636972e+07,-4.281853e+07,-7.311929e+07,5.755685e-18,453,0
7.806818e-10,2.654632e-03,1.488468e-03,2.500509e-03,3.400773e+06,1.906832e+06,3.203225e+06,-5.115428e-01,-2.860059e-01,-4.566586e-01,5.755685e-18,453,3435
7.804773e-09,2.654234e-02,1.488244e-02,2.500058e-02,3.400836e+06,1.906868e+06,3.203282e+06,-5.092813e-03,-2.849721e-03,-4.623566e-03,5.755685e-18,453,34341
0.000000e+00,-9.749469e-08,-1.205382e-07,1.631635e-07,0.000000e+00,0.000000e+00,0.000000e+00,9.164537e+07,1.118959e+08,-1.365645e+08,7.493211e-18,454,0
4.479545e-10,-1.682345e-03,-2.053901e-03,2.500735e-03,-3.755657e+06,-4.585111e+06,5.582565e+06,4.084675e-01,4.982183e-01,-5.882116e-01,7.493211e-18,454,1971
4.478409e-09,-1.681944e-02,-2.053410e-02,2.500115e-02,-3.755685e+06,-4.585146e+06,5.582607e+06,4.061820e-03,4.960576e-03,-5.902076e-03,7.493211e-18,454,19705
0.000000e+00,-1.417613e-08,-4.047100e-08,5.474341e-07,0.000000e+00,0.000000e+00,0.000000e+00,2.635452e+05,7.960986e+06,-4.147957e+07,3.444075e-18,455,0
8.852273e-10,-5.219297e-05,-4.143229e-04,2.500310e-03,-5.903094e+04,-4.683387e+05,2.826177e+06,6.108736e-02,2.617142e-01,-1.716786e+00,3.444075e-18,455,3895
8.845909e-09,-5.221757e-04,-4.142859e-03,2.500019e-02,-5.903948e+04,-4.683753e+05,2.826417e+06,4.910890e-04,2.426897e-03,-1.745038e-02,3.444075e-18,455,38922
0.000000e+00,-1.819333e-07,5.520467e-08,5.650222e-07,0.000000e+00,0.000000e+00,0.000000e+00,1.964027e+07,-6.519792e+06,-3.620013e+07,3.112561e-18,456,0
1.010455e-09,-1.438494e-03,4.247127e-04,2.500017e-03,-1.424473e+06,4.205547e+05,2.475314e+06,6.716455e-01,-1.903725e-01,-1.103543e+00,3.112561e-18,456,4446
1.009977e-08,-1.438679e-02,4.247497e-03,2.500026e-02,-1.424580e+06,4.205851e+05,2.475491e+06,6.386708e-03,-1.756719e-03,-1.130225e-02,3.112561e-18,456,44439
0.000000e+00,-1.357579e-07,5.997998e-08,1.812493e-07,0.000000e+00,0.000000e+00,0.000000e+00,1.128885e+08,-4.760082e+07,-1.288836e+08,7.248272e-18,457,0
4.702273e-10,-2.198285e-03,9.261861e-04,2.500196e-03,-4.675078e+06,1.969705e+06,5.317068e+06,6.331297e-01,-2.632857e-01,-6.946603e-01,7.248272e-18,457,2069
4.701818e-09,-2.198147e-02,9.261239e-03,2.500003e-02,-4.675125e+06,1.969724e+06,5.317119e+06,6.273571e-03,-2.646873e-03,-6.970153e-03,7.248272e-18,457,20688
0.000000e+00,6.600807e-08,-9.127286e-09,2.425188e-07,0.000000e+00,0.000000e+00,0.000000e+00,-4.441288e+07,8.560114e+06,-1.425488e+08,6.859049e-18,458,0
4.147727e-10,7.832167e-04,-1.516623e-04,2.500344e-03,1.888453e+06,-3.656915e+05,6.028595e+06,-5.204307e-01,1.033546e-01,-1.636933e+00,6.859049e-18,458,1825
4.147045e-09,7.831542e-03,-1.516544e-03,2.500104e-02,1.888487e+06,-3.656982e+05,6.028703e+06,-5.195411e-03,1.048050e-03,-1.638593e-02,6.859049e-18,458,18247
0.000000e+00,-9.268414e-08,-2.303626e-07,4.310024e-07,0.000000e+00,0.000000e+00,0.000000e+00,1.150184e+07,3.355490e+07,-3.768119e+07,3.645027e-18,459,0
1.112273e-09,-7.967299e-04,-2.265139e-03,2.500468e-03,-7.166079e+05,-2.037413e+06,2.248815e+06,2.214403e-01,6.595601e-01,-6.545379e-01,3.645027e-18,459,4894
1.111705e-08,-7.966551e-03,-2.264995e-02,2.500031e-02,-7.166468e+05,-2.037529e+06,2.248930e+06,2.088785e-03,6.132112e-03,-6.771572e-03,3.645027e-18,459,48915
0.000000e+00,1.055343e-08,-2.096513e-08,5.531740e-07,0.000000e+00,0.000000e+00,0.000000e+00,-3.156895e+06,2.781388e+06,-4.204100e+07,3.417509e-18,460,0
8.743182e-10,1.089825e-04,-1.771322e-04,2.500557e-03,1.247347e+05,-2.027332e+05,2.861719e+06,-8.214206e-02,1.152032e-01,-1.763424e+00,3.417509e-18,460,3847
8.736136e-09,1.089698e-03,-1.771087e-03,2.500046e-02,1.247461e+05,-2.027491e+05,2.861963e+06,-5.023201e-04,7.136900e-04,-1.803517e-02,3.417509e-18,460,38439
0.000000e+00,4.571964e-09,-4.653445e-08,1.929233e-07,0.000000e+00,0.000000e+00,0.000000e+00,-4.964888e+06,6.346412e+07,-2.370187e+08,8.520486e-18,461,0
2.604545e-10,5.233051e-05,-6.702475e-04,2.500637e-03,2.009140e+05,-2.573357e+06,9.600887e+06,-3.390578e-02,4.555776e-01,-1.681831e+00,8.520486e-18,461,1146
2.604091e-09,5.232027e-04,-6.701297e-03,2.500176e-02,2.009154e+05,-2.573376e+06,9.600956e+06,-3.292319e-04,4.525262e-03,-1.685651e-02,8.520486e-18,461,11458
0.000000e+00,4.718686e-08,-2.739609e-07,4.171556e-07,0.000000e+00,0.000000e+00,0.000000e+00,-5.211179e+06,3.645707e+07,-3.353119e+07,3.585478e-18,462,0
1.312955e-09,4.036231e-04,-3.030670e-03,2.500073e-03,3.075418e+05,-2.309237e+06,1.904724e+06,-8.029831e-02,5.662005e-01,-4.325628e-01,3.585478e-18,462,5777
1.312523e-08,4.036553e-03,-3.030915e-02,2.500007e-02,3.075584e+05,-2.309354e+06,1.904814e+06,-6.769235e-04,5.449702e-03,-4.474647e-03,3.585478e-18,462,57751
0.000000e+00,6.513322e-08,-1.426675e-07,3.354619e-07,0.000000e+00,0.000000e+00,0.000000e+00,-1.397029e+07,3.311280e+07,-6.316150e+07,4.823016e-18,463,0
7.602273e-10,5.884104e-04,-1.376999e-03,2.500080e-03,7.742525e+05,-1.811905e+06,3.289503e+06,-2.908915e-01,6.688353e-01,-1.161786e+00,4.823016e-18,463,3345
7.600000e-09,5.884319e-03,-1.377047e-02,2.500032e-02,7.742874e+05,-1.811985e+06,3.289642e+06,-2.899464e-03,6.647293e-03,-1.167067e-02,4.823016e-18,463,33440
0.000000e+00,2.942055e-08,-8.422745e-08,1.924321e-07,0.000000e+00,0.000000e+00,0.000000e+00,-3.127731e+07,9.320979e+07,-1.890636e+08,7.996100e-18,464,0
3.243182e-10,4.143916e-04,-1.235082e-03,2.500746e-03,1.277741e+06,-3.808275e+06,7.710761e+06,-2.249207e-01,6.577707e-01,-1.307886e+00,7.996100e-18,464,1427
3.242273e-09,4.142809e-03,-1.234754e-02,2.500056e-02,1.277752e+06,-3.808309e+06,7.710828e+06,-2.231389e-03,6.601159e-03,-1.311170e-02,7.996100e-18,464,14266
0.000000e+00,-8.058723e-08,-1.628415e-07,4.790503e-07,0.000000e+00,0.000000e+00,0.000000e+00,9.328142e+06,2.446389e+07,-4.134444e+07,3.609786e-18,465,0
9.597727e-10,-6.193394e-04,-1.482207e-03,2.500145e-03,-6.456216e+05,-1.545147e+06,2.606025e+06,2.679131e-01,6.725951e-01,-1.067671e+00,3.609786e-18,465,4223
9.593182e-09,-6.193545e-03,-1.482282e-02,2.500018e-02,-6.456622e+05,-1.545249e+06,2.606187e+06,2.459832e-03,6.458323e-03,-1.097815e-02,3.609786e-18,465,42210
0.000000e+00,-5.368972e-08,1.064083e-07,5.767761e-07,0.000000e+00,0.000000e+00,0.000000e+00,8.417863e+06,-9.887985e+06,-3.642696e+07,3.203262e-18,466,0
9.631818e-10,-5.745763e-04,6.588903e-04,2.500434e-03,-5.969758e+05,6.845880e+05,2.597535e+06,3.373870e-01,-4.353917e-01,-1.430328e+00,3.203262e-18,466,4238
9.624545e-09,-5.745569e-03,6.588830e-03,2.500019e-02,-5.970272e+05,6.846542e+05,2.597753e+06,3.376363e-03,-3.944894e-03,-1.497723e-02,3.203262e-18,466,42348
0.000000e+00,-2.784750e-08,7.328327e-08,3.379788e-07,0.000000e+00,0.000000e+00,0.000000e+00,1.266952e+07,-2.274586e+07,-8.664527e+07,5.194691e-18,467,0
6.006818e-10,-3.735200e-04,6.775398e-04,2.500749e-03,-6.220045e+05,1.128251e+06,4.164085e+06,2.462874e-01,-4.637581e-01,-1.641201e+00,5.194691e-18,467,2643
6.003864e-09,-3.734428e-03,6.773880e-03,2.500075e-02,-6.220279e+05,1.128295e+06,4.164241e+06,2.468944e-03,-4.596302e-03,-1.644962e-02,5.194691e-18,467,26417
0.000000e+00,2.074280e-07,-1.713512e-08,4.938034e-07,0.000000e+00,0.000000e+00,0.000000e+00,-3.165541e+07,1.762463e+06,-3.954006e+07,3.478362e-18,468,0
1.040227e-09,2.062348e-03,-1.955455e-04,2.500123e-03,1.983513e+06,-1.881014e+05,2.404241e+06,-6.991400e-01,8.082673e-02,-7.878959e-01,3.478362e-18,468,4577
1.039841e-08,2.062531e-02,-1.955936e-03,2.500045e-02,1.983628e+06,-1.881147e+05,2.404371e+06,-6.752330e-03,7.106824e-04,-8.249216e-03,3.478362e-18,468,45753
0.000000e+00,-4.421667e-08,1.104807e-07,5.069047e-07,0.000000e+00,0.000000e+00,0.000000e+00,8.466204e+06,-1.485219e+07,-4.296369e+07,3.602099e-18,469,0
9.147727e-10,-5.486704e-04,9.426475e-04,2.500225e-03,-6.001790e+05,1.031170e+06,2.734534e+06,3.121373e-01,-5.884996e-01,-1.376401e+00,3.602099e-18,469,4025
9.142500e-09,-5.487087e-03,9.427408e-03,2.500058e-02,-6.002242e+05,1.031255e+06,2.734733e+06,2.954537e-03,-5.571779e-03,-1.395198e-02,3.602099e-18,469,40227
0.000000e+00,9.471099e-08,9.099764e-08,4.118910e-07,0.000000e+00,0.000000e+00,0.000000e+00,-1.798712e+07,-2.025903e+07,-5.119004e+07,4.248186e-18,470,0
8.431818e-10,9.338012e-04,1.041012e-03,2.500291e-03,1.107991e+06,1.235216e+06,2.966430e+06,-4.792512e-01,-5.353269e-01,-1.239374e+00,4.248186e-18,470,3710
8.427727e-09,9.337806e-03,1.041001e-02,2.500035e-02,1.108054e+06,1.235287e+06,2.966595e+06,-4.718549e-03,-5.303541e-03,-1.248376e-02,4.248186e-18,470,37082
0.000000e+00,-1.066903e-07,1.062154e-07,1.515523e-07,0.000000e+00,0.000000e+00,0.000000e+00,1.143710e+08,-1.127792e+08,-1.424974e+08,7.880539e-18,471,0
4.311364e-10,-2.010890e-03,1.982837e-03,2.500645e-03,-4.664182e+06,4.599113e+06,5.800092e+06,4.382891e-01,-4.344426e-01,-5.319743e-01,7.880539e-18,471,1897
4.310455e-09,-2.010483e-02,1.982436e-02,2.500116e-02,-4.664212e+06,4.599143e+06,5.800128e+06,4.378694e-03,-4.337892e-03,-5.329812e-03,7.880539e-18,471,18966
0.000000e+00,1.617485e-07,-5.581462e-08,6.273423e-07,0.000000e+00,0.000000e+00,0.000000e+00,-1.682563e+07,7.287412e+06,-3.855285e+07,2.871623e-18,472,0
9.500000e-10,1.159617e-03,-3.740338e-04,2.500059e-03,1.221392e+06,-3.939538e+05,2.632827e+06,-6.309060e-01,2.183978e-01,-1.276465e+00,2.871623e-18,472,4180
9.495455e-09,1.159764e-02,-3.740780e-03,2.500012e-02,1.221487e+06,-3.939866e+05,2.633019e+06,-5.854303e-03,2.055158e-03,-1.308380e-02,2.871623e-18,472,41780
0.000000e+00,7.272751e-08,-1.874930e-07,5.936387e-07,0.000000e+00,0.000000e+00,0.000000e+00,-7.333474e+06,1.668677e+07,-3.525703e+07,2.961748e-18,473,0
1.008182e-09,5.640246e-04,-1.236035e-03,2.500476e-03,5.598086e+05,-1.226781e+06,2.481441e+06,-2.829353e-01,6.268249e-01,-1.191660e+00,2.961748e-18,473,4436
1.007477e-08,5.639918e-03,-1.235951e-02,2.500011e-02,5.598536e+05,-1.226881e+06,2.481631e+06,-2.414888e-03,5.849412e-03,-1.215329e-02,2.961748e-18,473,44329
0.000000e+00,5.763994e-08,-1.488524e-08,5.575851e-07,0.000000e+00,0.000000e+00,0.000000e+00,-5.782606e+06,2.091576e+06,-3.966464e+07,3.372496e-18,474,0
9.068182e-10,4.487565e-04,-1.531841e-04,2.500322e-03,4.952631e+05,-1.690976e+05,2.758921e+06,-3.188450e-01,1.272790e-01,-1.644814e+00,3.372496e-18,474,3990
9.061591e-09,4.487822e-03,-1.532259e-03,2.500029e-02,4.953088e+05,-1.691158e+05,2.759157e+06,-3.139951e-03,1.040943e-03,-1.718549e-02,3.372496e-18,474,39871
0.000000e+00,1.630096e-07,-1.383820e-07,2.836233e-07,0.000000e+00,0.000000e+00,0.000000e+00,-4.464023e+07,3.437037e+07,-6.423407e+07,4.951982e-18,475,0
8.145455e-10,1.793478e-03,-1.387745e-03,2.500558e-03,2.202304e+06,-1.704065e+06,3.070428e+06,-5.562387e-01,4.224305e-01,-7.339483e-01,4.951982e-18,475,3584
8.142273e-09,1.793179e-02,-1.387499e-02,2.500039e-02,2.202376e+06,-1.704119e+06,3.070522e+06,-5.510524e-03,4.166063e-03,-7.389769e-03,4.951982e-18,475,35826
0.000000e+00,1.632209e-07,-9.271642e-08,4.977353e-07,0.000000e+00,0.000000e+00,0.000000e+00,-2.087883e+07,1.317033e+07,-3.729954e+07,3.495001e-18,476,0
1.033864e-09,1.440222e-03,-9.343633e-04,2.500032e-03,1.393848e+06,-9.043233e+05,2.419236e+06,-6.048258e-01,4.127399e-01,-9.795101e-01,3.495001e-18,476,4549
1.033386e-08,1.440377e-02,-9.345088e-03,2.500016e-02,1.393947e+06,-9.043906e+05,2.419396e+06,-5.751277e-03,3.895510e-03,-9.992177e-03,3.495001e-18,476,45469
0.000000e+00,-8.917318e-08,2.662985e-09,5.580621e-07,0.000000e+00,0.000000e+00,0.000000e+00,1.105495e+07,-2.501857e+06,-3.923593e+07,3.342649e-18,477,0
9.409091e-10,-7.088538e-04,8.007000e-05,2.500493e-03,-7.539041e+05,8.510150e+04,2.659136e+06,4.521035e-01,-1.500400e-02,-1.549584e+00,3.342649e-18,477,4140
9.401591e-09,-7.087867e-03,8.001023e-04,2.500021e-02,-7.539713e+05,8.510374e+04,2.659366e+06,4.400905e-03,-6.071714e-04,-1.594865e-02,3.342649e-18,477,41367
0.000000e+00,-2.052758e-07,-4.031051e-08,5.668039e-07,0.000000e+00,0.000000e+00,0.000000e+00,2.116096e+07,4.031480e+06,-3.631944e+07,3.063531e-18,478,0
1.101136e-09,-1.396294e-03,-5.115268e-04,2.500509e-03,-1.268842e+06,-4.649089e+05,2.272039e+06,6.407234e-01,2.207772e-01,-1.086763e+00,3.063531e-18,478,4845
1.100341e-08,-1.396163e-02,-5.115497e-03,2.500040e-02,-1.268954e+06,-4.649473e+05,2.272228e+06,6.250851e-03,2.256877e-03,-1.125432e-02,3.063531e-18,478,48415
0.000000e+00,-8.288510e-08,-1.983324e-07,5.055756e-07,0.000000e+00,0.000000e+00,0.000000e+00,8.771491e+06,2.456576e+07,-3.649344e+07,3.352324e-18,479,0
1.060455e-09,-6.540621e-04,-1.851107e-03,2.500461e-03,-6.170585e+05,-1.746521e+06,2.358832e+06,2.160015e-01,6.823085e-01,-8.418383e-01,3.352324e-18,479,4666
1.059841e-08,-6.539824e-03,-1.851025e-02,2.500000e-02,-6.170947e+05,-1.746635e+06,2.358973e+06,2.076072e-03,6.303269e-03,-8.821494e-03,3.352324e-18,479,46633
0.000000e+00,1.412415e-07,-3.273050e-08,2.274737e-07,0.000000e+00,0.000000e+00,0.000000e+00,-7.673621e+07,1.881157e+07,-1.085208e+08,6.396711e-18,480,0
5.381818e-10,1.783325e-03,-4.387153e-04,2.500547e-03,3.313906e+06,-8.152618e+05,4.646605e+06,-7.130610e-01,1.807103e-01,-9.610804e-01,6.396711e-18,480,2368
5.380455e-09,1.783041e-02,-4.386497e-03,2.500100e-02,3.313967e+06,-8.152772e+05,4.646686e+06,-7.084001e-03,1.758167e-03,-9.685268e-03,6.396711e-18,480,23674
0.000000e+00,1.151979e-07,-1.703881e-07,5.769962e-07,0.000000e+00,0.000000e+00,0.000000e+00,-1.110358e+07,1.728673e+07,-3.396997e+07,3.029255e-18,481,0
1.020909e-09,8.298163e-04,-1.261334e-03,2.500349e-03,8.133205e+05,-1.236230e+06,2.450393e+06,-3.897186e-01,5.674509e-01,-1.143207e+00,3.029255e-18,481,4492
1.020250e-08,8.297870e-03,-1.261258e-02,2.500026e-02,8.133833e+05,-1.236321e+06,2.450578e+06,-3.414965e-03,5.355814e-03,-1.164419e-02,3.029255e-18,481,44891
0.000000e+00,-9.326671e-08,-1.014223e-07,5.407033e-07,0.000000e+00,0.000000e+00,0.000000e+00,8.028906e+06,1.268162e+07,-3.960149e+07,3.358152e-18,482,0
9.463636e-10,-5.883792e-04,-9.246236e-04,2.500204e-03,-6.221623e+05,-9.777255e+05,2.643327e+06,3.558572e-01,5.406925e-01,-1.378237e+00,3.358152e-18,482,4164
9.457955e-09,-5.884345e-03,-9.247192e-03,2.500057e-02,-6.222155e+05,-9.778063e+05,2.643533e+06,3.665769e-03,5.057910e-03,-1.429027e-02,3.358152e-18,482,41615
0.000000e+00,2.188061e-08,-1.077664e-07,1.689461e-07,0.000000e+00,0.000000e+00,0.000000e+00,-2.668233e+07,1.400395e+08,-1.935710e+08,8.351709e-18,483,0
3.188636e-10,3.449804e-04,-1.811407e-03,2.500624e-03,1.081896e+06,-5.680794e+06,7.842183e+06,-1.349274e-01,7.174591e-01,-9.635277e-01,8.351709e-18,483,1403
3.187955e-09,3.449053e-03,-1.811021e-02,2.500068e-02,1.081902e+06,-5.680830e+06,7.842232e+06,-1.343658e-03,7.161805e-03,-9.648230e-03,8.351709e-18,483,14027
0.000000e+00,-2.148899e-08,2.179174e-07,3.637723e-07,0.000000e+00,0.000000e+00,0.000000e+00,2.548044e+06,-4.087399e+07,-4.318783e+07,4.251376e-18,484,0
1.055455e-09,-1.601158e-04,2.558506e-03,2.500365e-03,-1.517409e+05,2.424964e+06,2.369622e+06,3.125745e-02,-6.545581e-01,-5.906786e-01,4.251376e-18,484,4644
1.055023e-08,-1.600902e-03,2.558384e-02,2.500016e-02,-1.517461e+05,2.425073e+06,2.369721e+06,4.170820e-04,-6.251837e-03,-6.029431e-03,4.251376e-18,484,46421
0.000000e+00,2.728844e-07,-1.640591e-08,3.003564e-07,0.000000e+00,0.000000e+00,0.000000e+00,-5.507593e+07,2.812411e+06,-3.935486e+07,4.335714e-18,485,0
1.248864e-09,3.696550e-03,-1.908913e-04,2.500382e-03,2.960663e+06,-1.528895e+05,2.002467e+06,-4.837160e-01,2.556771e-02,-2.986429e-01,4.335714e-18,485,5495
1.248455e-08,3.696250e-02,-1.908755e-03,2.500001e-02,2.960758e+06,-1.528944e+05,2.002526e+06,-4.700433e-03,2.202514e-04,-3.129072e-03,4.335714e-18,485,54932
0.000000e+00,5.611370e-08,2.651965e-08,4.255390e-07,0.000000e+00,0.000000e+00,0.000000e+00,-8.123687e+06,-5.853843e+06,-5.201955e+07,4.294162e-18,486,0
8.068182e-10,4.566111e-04,3.576913e-04,2.500343e-03,5.662854e+05,4.436275e+05,3.100622e+06,-3.180161e-01,-2.649445e-01,-1.732353e+00,4.294162e-18,486,3550
8.062955e-09,4.565899e-03,3.576915e-03,2.500020e-02,5.663260e+05,4.436612e+05,3.100843e+06,-3.254322e-03,-2.533290e-03,-1.741535e-02,4.294162e-18,486,35477
0.000000e+00,1.170984e-07,2.656775e-07,4.265259e-07,0.000000e+00,0.000000e+00,0.000000e+00,-1.623238e+07,-3.301848e+07,-3.384100e+07,3.502992e-18,487,0
1.267500e-09,1.283142e-03,2.690477e-03,2.500437e-03,1.012752e+06,2.123507e+06,1.973266e+06,-2.552107e-01,-5.273093e-01,-4.375853e-01,3.502992e-18,487,5577
1.266932e-08,1.283084e-02,2.690331e-02,2.500008e-02,1.012803e+06,2.123612e+06,1.973354e+06,-2.400072e-03,-5.072001e-03,-4.687478e-03,3.502992e-18,487,55745
0.000000e+00,5.447631e-08,1.761295e-07,5.445341e-07,0.000000e+00,0.000000e+00,0.000000e+00,-4.821055e+06,-2.067090e+07,-3.739977e+07,3.244071e-18,488,0
1.005455e-09,3.269613e-04,1.494534e-03,2.500352e-03,3.253546e+05,1.487315e+06,2.487959e+06,-1.380175e-01,-6.866542e-01,-1.106438e+00,3.244071e-18,488,4424
1.004841e-08,3.269292e-03,1.494507e-02,2.500016e-02,3.253765e+05,1.487424e+06,2.488134e+06,-1.358743e-03,-6.755767e-03,-1.133806e-02,3.244071e-18,488,44213
0.000000e+00,-1.304683e-08,-1.914932e-07,2.520252e-07,0.000000e+00,0.000000e+00,0.000000e+00,3.232181e+06,6.880684e+07,-7.276347e+07,5.481328e-18,489,0
7.563636e-10,-1.148302e-04,-2.419306e-03,2.500233e-03,-1.518430e+05,-3.199134e+06,3.306014e+06,3.648381e-02,6.896377e-01,-6.728339e-01,5.481328e-18,489,3328
7.562045e-09,-1.148250e-03,-2.419206e-02,2.500036e-02,-1.518473e+05,-3.199217e+06,3.306094e+06,3.017282e-04,6.822430e-03,-6.830128e-03,5.481328e-18,489,33273
0.000000e+00,2.190315e-07,-8.964078e-08,4.428213e-07,0.000000e+00,0.000000e+00,0.000000e+00,-2.838807e+07,1.330636e+07,-3.526190e+07,3.643564e-18,490,0
1.175000e-09,2.235206e-03,-9.053691e-04,2.500439e-03,1.903249e+06,-7.709079e+05,2.128832e+06,-6.168888e-01,2.561939e-01,-6.402432e-01,3.643564e-18,490,5170
1.174364e-08,2.235096e-02,-9.053230e-03,2.500033e-02,1.903364e+06,-7.709554e+05,2.128951e+06,-5.902734e-03,2.444522e-03,-6.632456e-03,3.643564e-18,490,51672
0.000000e+00,9.850048e-08,-1.676210e-07,1.998410e-07,0.000000e+00,0.000000e+00,0.000000e+00,-4.828165e+07,8.555141e+07,-8.187189e+07,6.128903e-18,491,0
7.118182e-10,1.490319e-03,-2.642654e-03,2.500515e-03,2.093848e+06,-3.712847e+06,3.513058e+06,-2.909578e-01,5.127311e-01,-4.647754e-01,6.128903e-18,491,3132
7.116364e-09,1.490064e-02,-2.642206e-02,2.500033e-02,2.093881e+06,-3.712905e+06,3.513110e+06,-2.885622e-03,5.093042e-03,-4.678341e-03,6.128903e-18,491,31312
0.000000e+00,-5.677252e-09,-2.609026e-07,5.232085e-07,0.000000e+00,0.000000e+00,0.000000e+00,2.098987e+06,2.678944e+07,-3.131904e+07,3.124686e-18,492,0
1.200909e-09,-1.315497e-04,-2.353265e-03,2.500085e-03,-1.095902e+05,-1.960570e+06,2.082650e+06,3.013218e-02,6.458294e-01,-6.691196e-01,3.124686e-18,492,5284
1.200409e-08,-1.315523e-03,-2.353476e-02,2.500047e-02,-1.095959e+05,-1.960693e+06,2.082778e+06,3.887981e-04,6.202236e-03,-6.903649e-03,3.124686e-18,492,52818
0.000000e+00,-2.619936e-08,-1.783011e-07,3.852787e-07,0.000000e+00,0.000000e+00,0.000000e+00,3.439008e+06,3.301415e+07,-4.689455e+07,4.251852e-18,493,0
9.447727e-10,-2.858171e-04,-1.880126e-03,2.500330e-03,-3.026424e+05,-1.990922e+06,2.647409e+06,8.628049e-02,7.374410e-01,-9.140500e-01,4.251852e-18,493,4157
9.443182e-09,-2.857887e-03,-1.880057e-02,2.500005e-02,-3.026553e+05,-1.991032e+06,2.647545e+06,9.116678e-04,7.071797e-03,-9.212820e-03,4.251852e-18,493,41550
0.000000e+00,-6.128221e-08,-2.514031e-08,2.772452e-07,0.000000e+00,0.000000e+00,0.000000e+00,3.057323e+07,1.535894e+07,-1.099321e+08,6.134704e-18,494,0
5.095455e-10,-7.058099e-04,-3.555286e-04,2.500016e-03,-1.385411e+06,-6.978708e+05,4.907039e+06,4.689177e-01,2.418768e-01,-1.646546e+00,6.134704e-18,494,2242
5.094773e-09,-7.058377e-03,-3.555499e-03,2.500041e-02,-1.385449e+06,-6.978903e+05,4.907172e+06,4.674952e-03,2.418827e-03,-1.648158e-02,6.134704e-18,494,22417
0.000000e+00,-8.081697e-08,-3.893590e-08,6.033294e-07,0.000000e+00,0.000000e+00,0.000000e+00,6.981162e+06,4.266972e+06,-3.660541e+07,3.106280e-18,495,0
9.179545e-10,-4.562514e-04,-2.667851e-04,2.500516e-03,-4.973860e+05,-2.908334e+05,2.725673e+06,3.185822e-01,1.767811e-01,-1.647944e+00,3.106280e-18,495,4039
9.172045e-09,-4.562036e-03,-2.667525e-03,2.500010e-02,-4.974322e+05,-2.908590e+05,2.725912e+06,2.829316e-03,1.680064e-03,-1.691305e-02,3.106280e-18,495,40357
0.000000e+00,-6.982043e-08,-3.565479e-09,2.840777e-07,0.000000e+00,0.000000e+00,0.000000e+00,3.461407e+07,1.988072e+06,-1.059804e+08,5.996076e-18,496,0
5.247727e-10,-8.321851e-04,-4.805688e-05,2.500164e-03,-1.586101e+06,-9.158573e+04,4.764968e+06,5.540931e-01,1.484248e-02,-1.610184e+00,5.996076e-18,496,2309
5.246818e-09,-8.322007e-03,-4.805337e-04,2.500108e-02,-1.586147e+06,-9.158697e+04,4.765101e+06,5.501722e-03,2.773951e-04,-1.614673e-02,5.996076e-18,496,23086
0.000000e+00,4.805695e-08,1.675104e-07,3.734721e-07,0.000000e+00,0.000000e+00,0.000000e+00,-9.529047e+06,-3.184695e+07,-5.032726e+07,4.400887e-18,497,0
8.872727e-10,5.247485e-04,1.649638e-03,2.500548e-03,5.916569e+05,1.859998e+06,2.819226e+06,-2.053105e-01,-6.982186e-01,-1.031968e+00,4.400887e-18,497,3904
8.867727e-09,5.246629e-03,1.649391e-02,2.500021e-02,5.916857e+05,1.860095e+06,2.819371e+06,-2.041042e-03,-6.883873e-03,-1.044056e-02,4.400887e-18,497,39018
0.000000e+00,-2.018753e-08,4.124334e-08,1.643566e-07,0.000000e+00,0.000000e+00,0.000000e+00,4.912338e+07,-7.921687e+07,-3.112749e+08,9.825769e-18,498,0
2.000000e-10,-3.949219e-04,6.367636e-04,2.501478e-03,-1.974575e+06,3.183721e+06,1.250699e+07,2.553451e-01,-4.225744e-01,-1.631988e+00,9.825769e-18,498,880
1.999091e-09,-3.947374e-03,6.364587e-03,2.500276e-02,-1.974583e+06,3.183734e+06,1.250704e+07,2.555782e-03,-4.229617e-03,-1.633496e-02,9.825769e-18,498,8796
0.000000e+00,8.194174e-08,-2.729205e-07,4.025455e-07,0.000000e+00,0.000000e+00,0.000000e+00,-1.133424e+07,3.718711e+07,-3.336173e+07,3.630944e-18,499,0
1.319773e-09,9.361701e-04,-2.991993e-03,2.500223e-03,7.096392e+05,-2.267937e+06,1.894981e+06,-1.752167e-01,5.307021e-01,-4.147009e-01,3.630944e-18,499,5807
1.319273e-08,9.362042e-03,-2.992019e-02,2.500010e-02,7.096756e+05,-2.268048e+06,1.895068e+06,-1.605890e-03,5.136720e-03,-4.274965e-03,3.630944e-18,499,58048
0.000000e+00,-1.141214e-07,-2.441856e-07,5.027558e-07,0.000000e+00,0.000000e+00,0.000000e+00,1.018602e+07,2.658577e+07,-3.035077e+07,3.190409e-18,500,0
1.258182e-09,-8.699241e-04,-2.339516e-03,2.500448e-03,-6.917530e+05,-1.860436e+06,1.988112e+06,2.190098e-01,6.093469e-01,-5.867741e-01,3.190409e-18,500,5536
1.257477e-08,-8.698617e-03,-2.339445e-02,2.500019e-02,-6.917965e+05,-1.860557e+06,1.988229e+06,2.171455e-03,5.867862e-03,-6.259889e-03,3.190409e-18,500,55329
0.000000e+00,-2.115265e-08,6.331192e-08,6.817672e-07,0.000000e+00,0.000000e+00,0.000000e+00,1.307077e+06,-6.045268e+06,-3.696089e+07,2.730545e-18,501,0
9.163636e-10,-8.717115e-05,4.303321e-04,2.500264e-03,-9.522034e+04,4.699931e+05,2.730043e+06,8.305397e-02,-3.299942e-01,-1.672086e+00,2.730545e-18,501,4032
9.157500e-09,-8.719769e-04,4.303935e-03,2.500057e-02,-9.523236e+04,4.700409e+05,2.730285e+06,7.429772e-04,-2.853784e-03,-1.712913e-02,2.730545e-18,501,40293
0.000000e+00,-9.195554e-08,1.616092e-07,2.463769e-07,0.000000e+00,0.000000e+00,0.000000e+00,3.371958e+07,-6.245910e+07,-7.533545e+07,5.640637e-18,502,0
7.352273e-10,-1.142198e-03,2.114629e-03,2.500606e-03,-1.553765e+06,2.876608e+06,3.401539e+06,3.230899e-01,-6.067293e-01,-6.815231e-01,5.640637e-18,502,3235
7.349773e-09,-1.141985e-02,2.114247e-02,2.500067e-02,-1.553803e+06,2.876679e+06,3.401618e+06,3.228134e-03,-6.003030e-03,-6.849674e-03,5.640637e-18,502,32339
0.000000e+00,9.525281e-08,-1.742027e-07,5.249955e-07,0.000000e+00,0.000000e+00,0.000000e+00,-1.244645e+07,1.717721e+07,-3.466529e+07,3.308077e-18,503,0
1.081818e-09,9.559314e-04,-1.387337e-03,2.500469e-03,8.842400e+05,-1.283218e+06,2.312452e+06,-4.257148e-01,5.774594e-01,-9.462724e-01,3.308077e-18,503,4760
1.081114e-08,9.559569e-03,-1.387297e-02,2.500035e-02,8.843127e+05,-1.283316e+06,2.312614e+06,-3.794138e-03,5.553709e-03,-1.010885e-02,3.308077e-18,503,47569
0.000000e+00,1.408890e-07,1.037006e-07,1.674795e-07,0.000000e+00,0.000000e+00,0.000000e+00,-9.834198e+07,-7.492677e+07,-1.048176e+08,7.012575e-18,504,0
5.738636e-10,2.357832e-03,1.797049e-03,2.500933e-03,4.108844e+06,3.131612e+06,4.358171e+06,-4.703911e-01,-3.613718e-01,-4.898803e-01,7.012575e-18,504,2525
5.736364e-09,2.356992e-02,1.796413e-02,2.500018e-02,4.108887e+06,3.131645e+06,4.358215e+06,-4.681278e-03,-3.596401e-03,-4.946081e-03,7.012575e-18,504,25240
0.000000e+00,1.442100e-07,-1.430367e-07,2.744092e-07,0.000000e+00,0.000000e+00,0.000000e+00,-3.710259e+07,4.213347e+07,-6.273185e+07,5.135580e-18,505,0
8.284091e-10,1.529396e-03,-1.742156e-03,2.500140e-03,1.846586e+06,-2.103507e+06,3.018556e+06,-4.515727e-01,5.229444e-01,-7.104531e-01,5.135580e-18,505,3645
8.282273e-09,1.529396e-02,-1.742184e-02,2.500062e-02,1.846645e+06,-2.103576e+06,3.018649e+06,-4.512869e-03,5.132449e-03,-7.157902e-03,5.135580e-18,505,36442
0.000000e+00,-1.452223e-07,-1.599588e-07,4.355675e-07,0.000000e+00,0.000000e+00,0.000000e+00,2.178301e+07,2.316836e+07,-3.921458e+07,3.758746e-18,506,0
1.071818e-09,-1.452733e-03,-1.617569e-03,2.500475e-03,-1.356045e+06,-1.509924e+06,2.333773e+06,4.785576e-01,5.343356e-01,-7.527620e-01,3.758746e-18,506,4716
1.071227e-08,-1.452626e-02,-1.617464e-02,2.500012e-02,-1.356126e+06,-1.510014e+06,2.333900e+06,4.510715e-03,5.055171e-03,-7.758860e-03,3.758746e-18,506,47134
0.000000e+00,5.322326e-08,3.959815e-09,4.404627e-07,0.000000e+00,0.000000e+00,0.000000e+00,1.491587e+06,2.470540e+06,-4.981849e+07,4.185015e-18,507,0
8.050000e-10,-5.515827e-05,-8.587238e-05,2.500520e-03,-6.863343e+04,-1.067412e+05,3.107992e+06,4.738622e-02,6.044676e-02,-1.865628e+00,4.185015e-18,507,3542
8.043864e-09,-5.520224e-04,-8.586032e-04,2.500027e-02,-6.863946e+04,-1.067489e+05,3.108229e+06,4.402814e-04,6.112521e-04,-1.878268e-02,4.185015e-18,507,35393
0.000000e+00,9.905846e-08,2.635935e-07,3.567139e-07,0.000000e+00,0.000000e+00,0.000000e+00,-1.484821e+07,-3.594814e+07,-5.035624e+07,3.946518e-18,508,0
9.309091e-10,7.965379e-04,1.932337e-03,2.500590e-03,8.559448e+05,2.076469e+06,2.686980e+06,-2.732205e-01,-6.970040e-01,-8.460353e-01,3.946518e-18,508,4096
9.304091e-09,7.963797e-03,1.931970e-02,2.500002e-02,8.559849e+05,2.076571e+06,2.687104e+06,-2.585199e-03,-6.766828e-03,-8.599623e-03,3.946518e-18,508,40938
0.000000e+00,-2.105650e-07,1.217170e-07,3.764431e-07,0.000000e+00,0.000000e+00,0.000000e+00,3.260567e+07,-2.144876e+07,-4.049265e+07,4.023437e-18,509,0
1.130227e-09,-2.212067e-03,1.474918e-03,2.500375e-03,-1.957943e+06,1.305503e+06,2.212923e+06,5.329282e-01,-3.604233e-01,-5.622131e-01,4.023437e-18,509,4973
1.129727e-08,-2.211936e-02,1.474857e-02,2.500011e-02,-1.958038e+06,1.305567e+06,2.213023e+06,5.092516e-03,-3.382969e-03,-5.745472e-03,4.023437e-18,509,49708
0.000000e+00,1.142122e-07,1.630082e-07,3.729679e-07,0.000000e+00,0.000000e+00,0.000000e+00,-2.108199e+07,-2.740064e+07,-4.406276e+07,4.283275e-18,510,0
1.040455e-09,1.281118e-03,1.703156e-03,2.500280e-03,1.231908e+06,1.637712e+06,2.403924e+06,-4.503850e-01,-5.851026e-01,-7.694374e-01,4.283275e-18,510,4578
1.039977e-08,1.281151e-02,1.703177e-02,2.500034e-02,1.231982e+06,1.637808e+06,2.404050e+06,-4.117075e-03,-5.605064e-03,-7.926375e-03,4.283275e-18,510,45759
0.000000e+00,1.864701e-07,1.992499e-08,5.914060e-07,0.000000e+00,0.000000e+00,0.000000e+00,-1.642116e+07,1.866161e+05,-3.766033e+07,3.013944e-18,511,0
9.650000e-10,1.132399e-03,5.471313e-06,2.500318e-03,1.174156e+06,5.638652e+03,2.592316e+06,-5.991968e-01,1.258125e-02,-1.311904e+00,3.013944e-18,511,4246
9.643864e-09,1.132340e-02,5.439461e-05,2.500011e-02,1.174248e+06,5.636721e+03,2.592516e+06,-5.987232e-03,1.261222e-04,-1.351375e-02,3.013944e-18,511,42433
0.000000e+00,-8.872081e-09,9.497675e-08,6.174154e-07,0.000000e+00,0.000000e+00,0.000000e+00,-7.653654e+05,-1.099177e+07,-3.997049e+07,3.017823e-18,512,0
8.927273e-10,1.051791e-04,7.058405e-04,2.500576e-03,1.178954e+05,7.912551e+05,2.802570e+06,-4.238666e-02,-5.392914e-01,-1.621186e+00,3.017823e-18,512,3928
8.920455e-09,1.051651e-03,7.058325e-03,2.500036e-02,1.179014e+05,7.913311e+05,2.802798e+06,-3.980696e-04,-5.156753e-03,-1.645320e-02,3.017823e-18,512,39250
0.000000e+00,1.134946e-07,7.772477e-08,5.594032e-07,0.000000e+00,0.000000e+00,0.000000e+00,-1.827259e+07,-5.293017e+06,-3.681916e+07,3.279020e-18,513,0
9.845455e-10,1.185832e-03,3.983639e-04,2.500447e-03,1.205242e+06,4.048519e+05,2.541032e+06,-6.168175e-01,-2.048396e-01,-1.257044e+00,3.279020e-18,513,4332
9.838636e-09,1.185785e-02,3.983193e-03,2.500041e-02,1.205337e+06,4.048838e+05,2.541228e+06,-5.680661e-03,-1.921973e-03,-1.294139e-02,3.279020e-18,513,43290
0.000000e+00,-1.651397e-07,1.003441e-07,1.828543e-07,0.000000e+00,0.000000e+00,0.000000e+00,9.662798e+07,-5.774491e+07,-8.461686e+07,6.408028e-18,514,0
6.997727e-10,-2.881162e-03,1.721488e-03,2.500763e-03,-4.117528e+06,2.460212e+06,3.573807e+06,4.652038e-01,-2.785553e-01,-3.837958e-01,6.408028e-18,514,3079
6.995455e-09,-2.880408e-02,1.721036e-02,2.500054e-02,-4.117580e+06,2.460243e+06,3.573850e+06,4.591473e-03,-2.757102e-03,-3.863422e-03,6.408028e-18,514,30780
0.000000e+00,-1.543795e-07,9.261068e-08,2.097356e-07,0.000000e+00,0.000000e+00,0.000000e+00,8.082158e+07,-4.711549e+07,-9.052797e+07,6.215149e-18,515,0
6.440909e-10,-2.253608e-03,1.313063e-03,2.500681e-03,-3.499192e+06,2.038796e+06,3.882738e+06,5.632399e-01,-3.272149e-01,-6.088133e-01,6.215149e-18,515,2834
6.438864e-09,-2.253090e-02,1.312758e-02,2.500056e-02,-3.499249e+06,2.038829e+06,3.882800e+06,5.605216e-03,-3.268737e-03,-6.098137e-03,6.215149e-18,515,28331
0.000000e+00,-2.169885e-07,1.591578e-07,3.180302e-07,0.000000e+00,0.000000e+00,0.000000e+00,4.203527e+07,-3.011191e+07,-3.924721e+07,4.246855e-18,516,0
1.225909e-09,-2.830547e-03,2.033540e-03,2.500076e-03,-2.309563e+06,1.659250e+06,2.039752e+06,4.162304e-01,-2.993965e-01,-3.382494e-01,4.246855e-18,516,5394
1.225636e-08,-2.830681e-02,2.033635e-02,2.500007e-02,-2.309643e+06,1.659308e+06,2.039818e+06,3.981081e-03,-2.882880e-03,-3.513469e-03,4.246855e-18,516,53928
0.000000e+00,4.853813e-08,1.327181e-07,1.835476e-07,0.000000e+00,0.000000e+00,0.000000e+00,-4.027458e+07,-1.150950e+08,-1.379488e+08,7.340913e-18,517,0
4.406818e-10,7.317734e-04,2.093387e-03,2.500803e-03,1.660577e+06,4.750449e+06,5.674903e+06,-2.222925e-01,-6.651059e-01,-7.668555e-01,7.340913e-18,517,1939
4.405455e-09,7.315634e-03,2.092799e-02,2.500068e-02,1.660592e+06,4.750495e+06,5.674956e+06,-2.299611e-03,-6.642739e-03,-7.740187e-03,7.340913e-18,517,19384
0.000000e+00,2.251195e-07,-7.491582e-09,4.324514e-07,0.000000e+00,0.000000e+00,0.000000e+00,-3.178316e+07,6.383338e+05,-3.624396e+07,3.756116e-18,518,0
1.164318e-09,2.452193e-03,-9.623205e-05,2.500244e-03,2.107151e+06,-8.271065e+04,2.148127e+06,-6.656148e-01,3.788698e-02,-6.117448e-01,3.756116e-18,518,5123
1.163818e-08,2.452327e-02,-9.625925e-04,2.500041e-02,2.107274e+06,-8.271761e+04,2.148239e+06,-6.280476e-03,3.243045e-04,-6.463359e-03,3.756116e-18,518,51208
0.000000e+00,4.471772e-08,-1.375786e-07,4.682367e-07,0.000000e+00,0.000000e+00,0.000000e+00,-3.497890e+06,2.097404e+07,-4.464406e+07,3.789055e-18,519,0
8.893182e-10,2.340636e-04,-1.235443e-03,2.500126e-03,2.633162e+05,-1.389983e+06,2.812549e+06,-1.208432e-01,6.792900e-01,-1.294600e+00,3.789055e-18,519,3913
8.888864e-09,2.340586e-03,-1.235531e-02,2.500044e-02,2.633332e+05,-1.390078e+06,2.812731e+06,-1.159896e-03,6.596532e-03,-1.312288e-02,3.789055e-18,519,39111
0.000000e+00,-1.074804e-07,-1.454934e-07,3.348814e-07,0.000000e+00,0.000000e+00,0.000000e+00,2.243341e+07,3.662629e+07,-5.508160e+07,4.689129e-18,520,0
8.665909e-10,-1.071491e-03,-1.745739e-03,2.500074e-03,-1.236833e+06,-2.015173e+06,2.885678e+06,3.778148e-01,6.314335e-01,-8.330013e-01,4.689129e-18,520,3813
8.663636e-09,-1.071547e-02,-1.745869e-02,2.500058e-02,-1.236884e+06,-2.015259e+06,2.885793e+06,3.722448e-03,6.180018e-03,-8.427793e-03,4.689129e-18,520,38120
0.000000e+00,-1.694191e-07,7.370076e-08,3.406718e-07,0.000000e+00,0.000000e+00,0.000000e+00,3.482951e+07,-1.245554e+07,-4.966911e+07,4.633186e-18,521,0
9.197727e-10,-1.844760e-03,6.520151e-04,2.500569e-03,-2.006481e+06,7.091726e+05,2.719578e+06,6.965681e-01,-2.603837e-01,-8.930573e-01,4.633186e-18,521,4047
9.192727e-09,-1.844498e-02,6.519227e-03,2.500040e-02,-2.006582e+06,7.092105e+05,2.719708e+06,6.809127e-03,-2.571246e-03,-9.078160e-03,4.633186e-18,521,40448
0.000000e+00,-1.709146e-07,5.522230e-08,4.912875e-07,0.000000e+00,0.000000e+00,0.000000e+00,2.204816e+07,-9.757067e+06,-3.940984e+07,3.543521e-18,522,0
1.013409e-09,-1.504406e-03,7.150436e-04,2.500525e-03,-1.485359e+06,7.060097e+05,2.468487e+06,6.593620e-01,-3.084145e-01,-9.778219e-01,3.543521e-18,522,4459
1.012773e-08,-1.504324e-02,7.150213e-03,2.500028e-02,-1.485465e+06,7.060590e+05,2.468643e+06,6.170492e-03,-2.927448e-03,-1.029864e-02,3.543521e-18,522,44562
0.000000e+00,-1.203794e-09,-2.215544e-07,2.102796e-07,0.000000e+00,0.000000e+00,0.000000e+00,-8.377465e+05,8.809958e+07,-6.379451e+07,5.613578e-18,523,0
8.877273e-10,3.385738e-05,-3.517450e-03,2.500470e-03,3.814483e+04,-3.962753e+06,2.816930e+06,-2.545136e-03,5.151042e-01,-3.468878e-01,5.613578e-18,523,3906
8.875000e-09,3.385329e-04,-3.516952e-02,2.500038e-02,3.814519e+04,-3.962825e+06,2.816979e+06,-2.897903e-05,5.060332e-03,-3.485453e-03,5.613578e-18,523,39050
0.000000e+00,-4.371185e-08,2.066826e-07,3.985869e-07,0.000000e+00,0.000000e+00,0.000000e+00,7.273867e+06,-2.533291e+07,-4.618747e+07,4.046066e-18,524,0
9.336364e-10,-4.052243e-04,1.509199e-03,2.500378e-03,-4.342455e+05,1.617291e+06,2.679245e+06,1.884108e-01,-7.185961e-01,-1.103634e+00,4.046066e-18,524,4108
9.331136e-09,-4.051994e-03,1.509113e-02,2.500047e-02,-4.342732e+05,1.617397e+06,2.679408e+06,1.783771e-03,-6.912670e-03,-1.119090e-02,4.046066e-18,524,41057
0.000000e+00,2.405331e-07,-5.340807e-08,4.854583e-07,0.000000e+00,0.000000e+00,0.000000e+00,-3.002059e+07,7.367225e+06,-3.530133e+07,3.376963e-18,525,0
1.096136e-09,2.218819e-03,-5.247839e-04,2.500053e-03,2.025153e+06,-4.790128e+05,2.281571e+06,-6.606490e-01,1.815339e-01,-7.031584e-01,3.376963e-18,525,4823
1.095750e-08,2.219052e-02,-5.248760e-03,2.500045e-02,2.025267e+06,-4.790442e+05,2.281693e+06,-6.266775e-03,1.682323e-03,-7.290767e-03,3.376963e-18,525,48213
0.000000e+00,7.706819e-08,1.755466e-07,4.270626e-07,0.000000e+00,0.000000e+00,0.000000e+00,-1.264225e+07,-2.158156e+07,-4.370938e+07,3.928577e-18,526,0
9.563636e-10,7.206741e-04,1.365377e-03,2.500453e-03,7.539345e+05,1.428444e+06,2.615736e+06,-3.152432e-01,-6.430728e-01,-1.127110e+00,3.928577e-18,526,4208
9.557727e-09,7.205877e-03,1.365263e-02,2.500057e-02,7.539821e+05,1.428541e+06,2.615907e+06,-2.939866e-03,-6.128610e-03,-1.150651e-02,3.928577e-18,526,42054
0.000000e+00,4.103414e-08,1.728324e-07,4.408766e-07,0.000000e+00,0.000000e+00,0.000000e+00,-4.361487e+06,-2.638764e+07,-4.788225e+07,3.883881e-18,527,0
8.893182e-10,2.381382e-04,1.445324e-03,2.500307e-03,2.678863e+05,1.625985e+06,2.812581e+06,-1.125266e-01,-7.150749e-01,-1.168977e+00,3.883881e-18,527,3913
8.888636e-09,2.381150e-03,1.445276e-02,2.500012e-02,2.679021e+05,1.626086e+06,2.812746e+06,-1.123635e-03,-7.020893e-03,-1.192102e-02,3.883881e-18,527,39110
0.000000e+00,6.578076e-08,-8.037316e-08,4.451313e-07,0.000000e+00,0.000000e+00,0.000000e+00,-1.198037e+07,1.569783e+07,-4.800591e+07,4.054397e-18,528,0
8.661364e-10,6.209980e-04,-9.098598e-04,2.500320e-03,7.173556e+05,-1.051115e+06,2.888121e+06,-3.469066e-01,5.440245e-01,-1.422111e+00,4.054397e-18,528,3811
8.656136e-09,6.209504e-03,-9.098526e-03,2.500004e-02,7.174030e+05,-1.051189e+06,2.888316e+06,-3.446366e-03,5.260055e-03,-1.432084e-02,4.054397e-18,528,38087
0.000000e+00,3.245000e-08,-6.415084e-08,1.709065e-07,0.000000e+00,0.000000e+00,0.000000e+00,-4.939823e+07,1.028687e+08,-2.529109e+08,9.068663e-18,529,0
2.452273e-10,4.887647e-04,-1.017986e-03,2.501197e-03,1.993067e+06,-4.151123e+06,1.019926e+07,-2.758799e-01,5.808669e-01,-1.400980e+00,9.068663e-18,529,1079
2.451364e-09,4.885761e-03,-1.017597e-02,2.500225e-02,1.993077e+06,-4.151145e+06,1.019931e+07,-2.760699e-03,5.804850e-03,-1.402502e-02,9.068663e-18,529,10786
0.000000e+00,2.009117e-07,-1.423204e-07,5.219324e-07,0.000000e+00,0.000000e+00,0.000000e+00,-2.092060e+07,1.780337e+07,-3.285170e+07,3.188313e-18,530,0
1.146136e-09,1.649481e-03,-1.378177e-03,2.500415e-03,1.439940e+06,-1.203107e+06,2.182481e+06,-5.371710e-01,4.408832e-01,-7.423108e-01,3.188313e-18,530,5043
1.145500e-08,1.649446e-02,-1.378153e-02,2.500046e-02,1.440038e+06,-1.203187e+06,2.182615e+06,-5.034638e-03,4.172679e-03,-7.782110e-03,3.188313e-18,530,50402
0.000000e+00,2.504982e-07,-6.411138e-08,2.988409e-07,0.000000e+00,0.000000e+00,0.000000e+00,-5.577304e+07,1.492996e+07,-4.140586e+07,4.461977e-18,531,0
1.203864e-09,3.536708e-03,-9.478151e-04,2.500239e-03,2.938494e+06,-7.874995e+05,2.077175e+06,-4.786952e-01,1.282251e-01,-3.079545e-01,4.461977e-18,531,5297
1.203568e-08,3.536675e-02,-9.478085e-03,2.500034e-02,2.938585e+06,-7.875239e+05,2.077233e+06,-4.546479e-03,1.176655e-03,-3.178112e-03,4.461977e-18,531,52957
0.000000e+00,2.181709e-07,4.856584e-09,4.671793e-07,0.000000e+00,0.000000e+00,0.000000e+00,-2.987154e+07,-2.565684e+06,-3.320660e+07,3.588632e-18,532,0
1.182500e-09,2.338540e-03,2.433985e-04,2.500362e-03,1.978657e+06,2.059946e+05,2.115282e+06,-6.612376e-01,-9.228648e-02,-6.454760e-01,3.588632e-18,532,5203
1.181886e-08,2.338534e-02,2.434584e-03,2.500033e-02,1.978780e+06,2.060118e+05,2.115403e+06,-6.378826e-03,-6.801493e-04,-6.851523e-03,3.588632e-18,532,52003
0.000000e+00,1.011790e-07,2.670506e-07,3.482268e-07,0.000000e+00,0.000000e+00,0.000000e+00,-2.288353e+07,-4.894149e+07,-2.094896e+07,3.971895e-18,533,0
2.037727e-09,2.626794e-03,5.680549e-03,2.500265e-03,1.289359e+06,2.788271e+06,1.227113e+06,-9.780144e-02,-2.115421e-01,-8.413702e-02,3.971895e-18,533,8966
2.037295e-08,2.626796e-02,5.680517e-02,2.500007e-02,1.289390e+06,2.788339e+06,1.227140e+06,-9.499710e-04,-2.053745e-03,-9.032011e-04,3.971895e-18,533,89641
0.000000e+00,7.786505e-08,1.095537e-07,1.650308e-07,0.000000e+00,0.000000e+00,0.000000e+00,-8.344955e+07,-1.209297e+08,-1.571341e+08,7.946879e-18,534,0
3.909091e-10,1.330999e-03,1.928525e-03,2.501179e-03,3.404898e+06,4.933464e+06,6.398328e+06,-3.982390e-01,-5.654238e-01,-7.161170e-01,7.946879e-18,534,1720
3.907273e-09,1.330393e-02,1.927648e-02,2.500016e-02,3.404923e+06,4.933499e+06,6.398373e+06,-4.001485e-03,-5.683758e-03,-7.196404e-03,7.946879e-18,534,17192
0.000000e+00,1.708559e-07,4.032362e-08,4.906672e-07,0.000000e+00,0.000000e+00,0.000000e+00,-8.750845e+06,-2.110561e+07,-3.210249e+07,3.596926e-18,535,0
1.088182e-09,8.595126e-04,1.494130e-03,2.500491e-03,7.903006e+05,1.373967e+06,2.299077e+06,-3.252066e-01,-5.638181e-01,-9.648197e-01,3.596926e-18,535,4788
1.087409e-08,8.593775e-03,1.494044e-02,2.500039e-02,7.903565e+05,1.374064e+06,2.299243e+06,-3.193759e-03,-5.421733e-03,-1.013099e-02,3.596926e-18,535,47846
0.000000e+00,1.851464e-07,-1.253345e-07,3.750164e-07,0.000000e+00,0.000000e+00,0.000000e+00,-3.078954e+07,2.293786e+07,-4.288308e+07,4.123532e-18,536,0
1.020682e-09,1.819583e-03,-1.362856e-03,2.500542e-03,1.783421e+06,-1.335782e+06,2.450662e+06,-5.663633e-01,4.224511e-01,-7.299827e-01,4.123532e-18,536,4491
1.020136e-08,1.819330e-02,-1.362677e-02,2.500018e-02,1.783512e+06,-1.335850e+06,2.450780e+06,-5.422305e-03,4.043174e-03,-7.406836e-03,4.123532e-18,536,44886
0.000000e+00,7.883433e-08,-1.514666e-07,4.299807e-07,0.000000e+00,0.000000e+00,0.000000e+00,-1.377276e+07,2.503959e+07,-4.467948e+07,3.961809e-18,537,0
9.431818e-10,7.576142e-04,-1.462125e-03,2.500199e-03,8.036380e+05,-1.551009e+06,2.651890e+06,-3.238748e-01,6.684511e-01,-1.058551e+00,3.961809e-18,537,4150
9.427273e-09,7.576091e-03,-1.462173e-02,2.500018e-02,8.036863e+05,-1.551109e+06,2.652048e+06,-3.076354e-03,6.463889e-03,-1.075520e-02,3.961809e-18,537,41480
0.000000e+00,1.740629e-07,2.084645e-07,4.865059e-07,0.000000e+00,0.000000e+00,0.000000e+00,-1.871083e+07,-2.409437e+07,-3.372459e+07,3.277186e-18,538,0
1.169773e-09,1.627907e-03,1.869955e-03,2.500175e-03,1.392283e+06,1.599255e+06,2.138032e+06,-4.251784e-01,-4.727058e-01,-6.130931e-01,3.277186e-18,538,5147
1.169295e-08,1.627984e-02,1.869996e-02,2.500006e-02,1.392362e+06,1.599342e+06,2.138145e+06,-4.126839e-03,-4.325961e-03,-6.474044e-03,3.277186e-18,538,51449
0.000000e+00,-3.519188e-08,6.184873e-08,6.315424e-07,0.000000e+00,0.000000e+00,0.000000e+00,5.461504e+06,-7.445935e+06,-3.708604e+07,2.971980e-18,539,0
9.145455e-10,-3.323847e-04,5.192810e-04,2.500021e-03,-3.637317e+05,5.682576e+05,2.735195e+06,2.497257e-01,-3.817453e-01,-1.610897e+00,2.971980e-18,539,4024
9.140227e-09,-3.324571e-03,5.193962e-03,2.500045e-02,-3.637677e+05,5.683127e+05,2.735428e+06,2.538444e-03,-3.328666e-03,-1.651928e-02,2.971980e-18,539,40217
0.000000e+00,-1.679955e-07,-3.000510e-08,2.912297e-07,0.000000e+00,0.000000e+00,0.000000e+00,5.098306e+07,9.456321e+06,-6.453172e+07,5.212859e-18,540,0
7.888636e-10,-2.017149e-03,-3.634120e-04,2.500691e-03,-2.557676e+06,-4.607924e+05,3.170656e+06,7.086746e-01,1.297009e-01,-8.651199e-01,5.212859e-18,540,3471
7.884773e-09,-2.016670e-02,-3.633248e-03,2.500001e-02,-2.557764e+06,-4.608086e+05,3.170764e+06,7.038083e-03,1.296302e-03,-8.687299e-03,5.212859e-18,540,34693
0.000000e+00,1.740793e-07,1.999622e-07,4.313217e-07,0.000000e+00,0.000000e+00,0.000000e+00,-2.188117e+07,-2.943090e+07,-3.610852e+07,3.594354e-18,541,0
1.176818e-09,1.653088e-03,2.188014e-03,2.500472e-03,1.405285e+06,1.860070e+06,2.125391e+06,-3.928191e-01,-5.350261e-01,-5.306023e-01,3.594354e-18,541,5178
1.176250e-08,1.652963e-02,2.187899e-02,2.500005e-02,1.405358e+06,1.860169e+06,2.125490e+06,-3.806484e-03,-4.969544e-03,-5.526769e-03,3.594354e-18,541,51755
0.000000e+00,6.818272e-08,1.210812e-07,6.123225e-07,0.000000e+00,0.000000e+00,0.000000e+00,-6.153471e+06,-1.179465e+07,-3.829559e+07,2.983097e-18,542,0
9.334091e-10,4.319611e-04,8.242799e-04,2.500504e-03,4.630801e+05,8.836856e+05,2.680293e+06,-2.646579e-01,-5.162326e-01,-1.442871e+00,2.983097e-18,542,4107
9.327500e-09,4.319368e-03,8.242546e-03,2.500060e-02,4.631191e+05,8.837617e+05,2.680506e+06,-2.277290e-03,-4.678538e-03,-1.485023e-02,2.983097e-18,542,41041
0.000000e+00,-1.272190e-07,-2.567801e-08,6.459153e-07,0.000000e+00,0.000000e+00,0.000000e+00,1.909156e+07,3.241018e+06,-3.722542e+07,2.845184e-18,543,0
9.479545e-10,-1.156890e-03,-2.567179e-04,2.500517e-03,-1.221164e+06,-2.711573e+05,2.639107e+06,6.240801e-01,2.591509e-01,-1.326750e+00,2.845184e-18,543,4171
9.472955e-09,-1.156797e-02,-2.568607e-03,2.500030e-02,-1.221257e+06,-2.711960e+05,2.639305e+06,6.129840e-03,2.374008e-03,-1.353807e-02,2.845184e-18,543,41681
0.000000e+00,-2.030521e-07,-2.295502e-08,3.783589e-07,0.000000e+00,0.000000e+00,0.000000e+00,3.752390e+07,3.584819e+06,-4.248868e+07,4.209679e-18,544,0
1.043636e-09,-2.317422e-03,-2.450791e-04,2.500210e-03,-2.221429e+06,-2.349550e+05,2.396422e+06,6.757870e-01,8.974928e-02,-6.878404e-01,4.209679e-18,544,4592
1.043227e-08,-2.317447e-02,-2.451101e-03,2.500023e-02,-2.221540e+06,-2.349698e+05,2.396536e+06,6.385866e-03,7.697435e-04,-7.041593e-03,4.209679e-18,544,45902
0.000000e+00,1.232307e-07,1.006562e-07,5.385318e-07,0.000000e+00,0.000000e+00,0.000000e+00,-1.274573e+07,-1.368633e+07,-3.795417e+07,3.344196e-18,545,0
9.418182e-10,8.489396e-04,8.396764e-04,2.500199e-03,9.019132e+05,8.920829e+05,2.656007e+06,-4.544289e-01,-4.485639e-01,-1.321499e+00,3.344196e-18,545,4144
9.412727e-09,8.489438e-03,8.396897e-03,2.500037e-02,9.019808e+05,8.921496e+05,2.656204e+06,-4.181847e-03,-4.184823e-03,-1.349915e-02,3.344196e-18,545,41416
0.000000e+00,-2.826930e-07,2.791734e-08,3.900413e-07,0.000000e+00,0.000000e+00,0.000000e+00,4.307745e+07,-4.570279e+06,-3.312323e+07,3.726898e-18,546,0
1.327727e-09,-3.397409e-03,3.295593e-04,2.500345e-03,-2.559672e+06,2.482823e+05,1.883610e+06,5.123119e-01,-4.387022e-02,-3.457342e-01,3.726898e-18,546,5842
1.327250e-08,-3.397317e-02,3.295326e-03,2.500036e-02,-2.559780e+06,2.482915e+05,1.883683e+06,4.955999e-03,-3.870053e-04,-3.659813e-03,3.726898e-18,546,58399
0.000000e+00,3.842727e-08,6.615795e-08,2.520185e-07,0.000000e+00,0.000000e+00,0.000000e+00,-2.477500e+07,-4.148359e+07,-1.309015e+08,6.588795e-18,547,0
4.470455e-10,4.763464e-04,7.981657e-04,2.500267e-03,1.065650e+06,1.785603e+06,5.593288e+06,-2.989391e-01,-5.083042e-01,-1.552533e+00,6.588795e-18,547,1967
4.469773e-09,4.763237e-03,7.981279e-03,2.500090e-02,1.065671e+06,1.785639e+06,5.593397e+06,-3.007317e-03,-5.030561e-03,-1.556674e-02,6.588795e-18,547,19667
0.000000e+00,7.512292e-08,2.441325e-07,4.794969e-07,0.000000e+00,0.000000e+00,0.000000e+00,-1.141120e+07,-2.842630e+07,-3.357649e+07,3.375615e-18,548,0
1.209318e-09,8.364169e-04,2.344035e-03,2.500232e-03,6.919662e+05,1.939283e+06,2.068214e+06,-2.076486e-01,-6.235144e-01,-6.024196e-01,3.375615e-18,548,5321
1.208773e-08,8.364265e-03,2.344142e-02,2.500015e-02,6.920059e+05,1.939402e+06,2.068329e+06,-2.097390e-03,-5.852322e-03,-6.326913e-03,3.375615e-18,548,53186
0.000000e+00,8.891927e-08,-5.759146e-08,4.370281e-07,0.000000e+00,0.000000e+00,0.000000e+00,-1.715513e+07,1.181413e+07,-4.819974e+07,4.114076e-18,549,0
8.706818e-10,9.787536e-04,-6.374161e-04,2.500228e-03,1.124793e+06,-7.325228e+05,2.872906e+06,-5.747713e-01,3.822437e-01,-1.374507e+00,4.114076e-18,549,3831
8.702045e-09,9.787926e-03,-6.374409e-03,2.500022e-02,1.124872e+06,-7.325754e+05,2.873095e+06,-5.433978e-03,3.708745e-03,-1.385709e-02,4.114076e-18,549,38289
0.000000e+00,6.930840e-08,2.491313e-07,3.961041e-07,0.000000e+00,0.000000e+00,0.000000e+00,-2.167705e+07,-2.639228e+07,-3.567243e+07,3.842740e-18,550,0
1.186591e-09,1.499727e-03,2.084525e-03,2.500305e-03,1.264447e+06,1.757518e+06,2.107855e+06,-3.302448e-01,-5.273848e-01,-5.709671e-01,3.842740e-18,550,5221
1.186045e-08,1.499680e-02,2.084490e-02,2.500021e-02,1.264508e+06,1.757617e+06,2.107962e+06,-3.567444e-03,-4.990987e-03,-6.056949e-03,3.842740e-18,550,52186
0.000000e+00,1.628764e-07,1.370933e-07,5.402824e-07,0.000000e+00,0.000000e+00,0.000000e+00,-1.741752e+07,-1.613358e+07,-3.658107e+07,3.198388e-18,551,0
1.028409e-09,1.261697e-03,1.107344e-03,2.500015e-03,1.227542e+06,1.077327e+06,2.432020e+06,-5.427069e-01,-4.475200e-01,-9.998267e-01,3.198388e-18,551,4525
1.027955e-08,1.261853e-02,1.107440e-02,2.500021e-02,1.227630e+06,1.077399e+06,2.432183e+06,-5.030463e-03,-4.350889e-03,-1.031179e-02,3.198388e-18,551,45230
0.000000e+00,1.104719e-07,1.181700e-07,2.569132e-07,0.000000e+00,0.000000e+00,0.000000e+00,-4.533947e+07,-4.816754e+07,-8.578868e+07,5.737133e-18,552,0
6.504545e-10,1.343448e-03,1.426521e-03,2.500117e-03,2.065720e+06,2.193450e+06,3.844111e+06,-5.077353e-01,-5.338098e-01,-9.037480e-01,5.737133e-18,552,2862
6.503636e-09,1.343473e-02,1.426545e-02,2.500085e-02,2.065772e+06,2.193505e+06,3.844204e+06,-5.054434e-03,-5.325347e-03,-9.074490e-03,5.737133e-18,552,28616
0.000000e+00,7.052961e-08,5.701099e-08,4.036977e-07,0.000000e+00,0.000000e+00,0.000000e+00,-1.231524e+07,-9.797324e+06,-5.478187e+07,4.433257e-18,553,0
7.827273e-10,6.411588e-04,5.441027e-04,2.500720e-03,8.195918e+05,6.955037e+05,3.196279e+06,-4.457795e-01,-3.480259e-01,-1.592255e+00,4.433257e-18,553,3444
7.821591e-09,6.410474e-03,5.439909e-03,2.500004e-02,8.196469e+05,6.955468e+05,3.196476e+06,-4.422006e-03,-3.539220e-03,-1.610696e-02,4.433257e-18,553,34415
0.000000e+00,-1.092013e-07,-1.200699e-07,3.315563e-07,0.000000e+00,0.000000e+00,0.000000e+00,2.590230e+07,3.055016e+07,-6.082300e+07,4.834326e-18,554,0
7.940909e-10,-1.114772e-03,-1.323990e-03,2.500639e-03,-1.404289e+06,-1.667851e+06,3.149886e+06,4.812430e-01,5.657454e-01,-1.025537e+00,4.834326e-18,554,3494
7.936818e-09,-1.114558e-02,-1.323742e-02,2.500018e-02,-1.404349e+06,-1.667922e+06,3.150015e+06,4.768034e-03,5.616114e-03,-1.031256e-02,4.834326e-18,554,34922
0.000000e+00,-1.303755e-07,-1.200967e-07,5.661535e-07,0.000000e+00,0.000000e+00,0.000000e+00,1.487269e+07,1.365156e+07,-3.956595e+07,3.140430e-18,555,0
9.456818e-10,-9.466328e-04,-9.083686e-04,2.500278e-03,-1.001549e+06,-9.611621e+05,2.645101e+06,4.690802e-01,5.191142e-01,-1.240082e+00,3.140430e-18,555,4161
9.451591e-09,-9.466212e-03,-9.084472e-03,2.500057e-02,-1.001619e+06,-9.612397e+05,2.645286e+06,4.345470e-03,4.949834e-03,-1.256506e-02,3.140430e-18,555,41587
0.000000e+00,-8.366254e-08,4.311049e-08,4.538592e-07,0.000000e+00,0.000000e+00,0.000000e+00,1.764565e+07,-1.379969e+07,-5.284720e+07,4.014471e-18,556,0
8.004545e-10,-8.313736e-04,6.179964e-04,2.500421e-03,-1.039110e+06,7.724433e+05,3.124996e+06,4.786662e-01,-3.663216e-01,-1.473757e+00,4.014471e-18,556,3522
8.000000e-09,-8.312855e-03,6.179513e-03,2.500008e-02,-1.039171e+06,7.724896e+05,3.125182e+06,4.663403e-03,-3.816313e-03,-1.483187e-02,4.014471e-18,556,35200
0.000000e+00,-2.836230e-07,-4.936275e-09,3.890907e-07,0.000000e+00,0.000000e+00,0.000000e+00,4.216162e+07,3.727939e+06,-3.421263e+07,3.729776e-18,557,0
1.277273e-09,-3.196517e-03,-3.105231e-04,2.500185e-03,-2.503474e+06,-2.432342e+05,1.957925e+06,5.417967e-01,6.305840e-02,-3.918258e-01,3.729776e-18,557,5620
1.276864e-08,-3.196589e-02,-3.105737e-03,2.500016e-02,-2.503583e+06,-2.432469e+05,1.958004e+06,5.247067e-03,5.613812e-04,-4.109969e-03,3.729776e-18,557,56182
0.000000e+00,2.538384e-07,1.477368e-07,3.641439e-07,0.000000e+00,0.000000e+00,0.000000e+00,-3.934187e+07,-2.309734e+07,-2.923754e+07,3.814831e-18,558,0
1.489318e-09,3.502062e-03,2.040769e-03,2.500119e-03,2.352176e+06,1.370685e+06,1.679045e+06,-3.749235e-01,-2.156554e-01,-2.445949e-01,3.814831e-18,558,6553
1.488955e-08,3.502273e-02,2.040882e-02,2.500034e-02,2.352264e+06,1.370736e+06,1.679103e+06,-3.590120e-03,-2.089051e-03,-2.560065e-03,3.814831e-18,558,65514
0.000000e+00,-2.270836e-07,-8.763266e-08,3.442314e-07,0.000000e+00,0.000000e+00,0.000000e+00,4.005588e+07,1.613201e+07,-4.225801e+07,4.232134e-18,559,0
1.100000e-09,-2.596111e-03,-1.041080e-03,2.500030e-03,-2.360894e+06,-9.467648e+05,2.273317e+06,5.736132e-01,2.361937e-01,-5.121494e-01,4.232134e-18,559,4840
1.099727e-08,-2.596333e-02,-1.041181e-02,2.500039e-02,-2.360993e+06,-9.468058e+05,2.273406e+06,5.452277e-03,2.234077e-03,-5.260298e-03,4.232134e-18,559,48388
0.000000e+00,-6.946892e-08,-1.673881e-07,5.261141e-07,0.000000e+00,0.000000e+00,0.000000e+00,6.797705e+06,1.977383e+07,-3.844633e+07,3.335326e-18,560,0
9.772727e-10,-5.371229e-04,-1.398215e-03,2.500025e-03,-5.499581e+05,-1.431625e+06,2.559305e+06,2.697046e-01,7.039477e-01,-1.101585e+00,3.335326e-18,560,4300
9.768409e-09,-5.372182e-03,-1.398462e-02,2.500046e-02,-5.499997e+05,-1.431734e+06,2.559475e+06,2.439003e-03,6.337098e-03,-1.131151e-02,3.335326e-18,560,42981
0.000000e+00,8.113271e-08,5.408425e-08,3.169313e-07,0.000000e+00,0.000000e+00,0.000000e+00,-2.805997e+07,-1.808069e+07,-7.982084e+07,5.357305e-18,561,0
6.379545e-10,9.073721e-04,5.831764e-04,2.500279e-03,1.422734e+06,9.143923e+05,3.920126e+06,-5.593563e-01,-3.481729e-01,-1.464602e+00,5.357305e-18,561,2807
6.377500e-09,9.073488e-03,5.831540e-03,2.500072e-02,1.422791e+06,9.144275e+05,3.920274e+06,-5.589779e-03,-3.496735e-03,-1.467840e-02,5.357305e-18,561,28061
0.000000e+00,3.166218e-08,-1.791958e-07,6.138271e-07,0.000000e+00,0.000000e+00,0.000000e+00,-5.096596e+06,1.846101e+07,-3.311501e+07,2.907142e-18,562,0
1.026364e-09,3.364819e-04,-1.390906e-03,2.500434e-03,3.280269e+05,-1.356056e+06,2.437413e+06,-1.447915e-01,6.744484e-01,-1.128698e+00,2.907142e-18,562,4516
1.025682e-08,3.364499e-03,-1.390876e-02,2.500026e-02,3.280504e+05,-1.356166e+06,2.437596e+06,-1.482688e-03,6.352356e-03,-1.166967e-02,2.907142e-18,562,45130
0.000000e+00,5.726667e-08,2.871706e-07,4.051114e-07,0.000000e+00,0.000000e+00,0.000000e+00,-9.669623e+06,-4.303252e+07,-3.660643e+07,3.612430e-18,563,0
1.246591e-09,7.028587e-04,3.096050e-03,2.500214e-03,5.640017e+05,2.484408e+06,2.006121e+06,-1.138909e-01,-5.288734e-01,-4.172890e-01,3.612430e-18,563,5485
1.246182e-08,7.028474e-03,3.096021e-02,2.500008e-02,5.640241e+05,2.484512e+06,2.006203e+06,-1.142279e-03,-5.006809e-03,-4.309733e-03,3.612430e-18,563,54832
0.000000e+00,-5.165141e-09,1.230846e-07,1.674361e-07,0.000000e+00,0.000000e+00,0.000000e+00,6.534687e+06,-1.421773e+08,-1.742117e+08,8.122549e-18,564,0
3.531818e-10,-9.413192e-05,2.043372e-03,2.500290e-03,-2.665289e+05,5.785609e+06,7.079266e+06,3.730941e-02,-7.150782e-01,-8.571204e-01,8.122549e-18,564,1554
3.531591e-09,-9.412752e-04,2.043251e-02,2.500122e-02,-2.665310e+05,5.785649e+06,7.079314e+06,3.673925e-04,-7.138489e-03,-8.589856e-03,8.122549e-18,564,15539
0.000000e+00,1.545170e-07,-2.429561e-08,5.189485e-07,0.000000e+00,0.000000e+00,0.000000e+00,2.106894e+07,-2.136179e+07,-5.502318e+07,3.488248e-18,565,0
7.777273e-10,-7.525805e-04,8.794123e-04,2.500101e-03,-9.683076e+05,1.131372e+06,3.215661e+06,4.291723e-01,-5.308440e-01,-1.398774e+00,3.488248e-18,565,3422
7.774545e-09,-7.527958e-03,8.795791e-03,2.500049e-02,-9.683603e+05,1.131437e+06,3.215833e+06,4.165920e-03,-5.313024e-03,-1.404418e-02,3.488248e-18,565,34208
0.000000e+00,-1.283376e-07,1.504005e-07,2.543341e-07,0.000000e+00,0.000000e+00,0.000000e+00,3.284274e+07,-4.225500e+07,-6.084673e+07,5.433337e-18,566,0
8.215909e-10,-1.397543e-03,1.750497e-03,2.500102e-03,-1.701433e+06,2.131145e+06,3.043657e+06,4.379328e-01,-5.582574e-01,-7.590295e-01,5.433337e-18,566,3615
8.213864e-09,-1.397535e-02,1.750495e-02,2.500024e-02,-1.701490e+06,2.131218e+06,3.043755e+06,4.300045e-03,-5.542372e-03,-7.657749e-03,5.433337e-18,566,36141
0.000000e+00,-2.576303e-07,-3.972623e-08,2.618622e-07,0.000000e+00,0.000000e+00,0.000000e+00,6.246316e+07,9.781282e+06,-4.392939e+07,4.708963e-18,567,0
1.171136e-09,-3.716953e-03,-5.963090e-04,2.500007e-03,-3.174448e+06,-5.092898e+05,2.134992e+06,4.733458e-01,8.364220e-02,-2.937558e-01,4.708963e-18,567,5153
1.170977e-08,-3.717207e-02,-5.963663e-03,2.500038e-02,-3.174535e+06,-5.093052e+05,2.135046e+06,4.525018e-03,7.889085e-04,-3.015731e-03,4.708963e-18,567,51523
0.000000e+00,3.531057e-08,1.929837e-07,2.478016e-07,0.000000e+00,0.000000e+00,0.000000e+00,-1.985314e+07,-5.838212e+07,-6.660794e+07,5.516927e-18,568,0
7.936364e-10,7.630839e-04,2.264719e-03,2.500148e-03,9.617290e+05,2.854173e+06,3.150768e+06,-2.223920e-01,-6.659440e-01,-6.963733e-01,5.516927e-18,568,3492
7.934545e-09,7.630868e-03,2.264660e-02,2.500001e-02,9.617569e+05,2.854257e+06,3.150855e+06,-2.204036e-03,-6.576993e-03,-7.039550e-03,5.516927e-18,568,34912
0.000000e+00,2.690801e-08,1.348523e-07,3.111652e-07,0.000000e+00,0.000000e+00,0.000000e+00,-1.018361e+07,-4.081984e+07,-7.287523e+07,5.223735e-18,569,0
6.972727e-10,3.607033e-04,1.445227e-03,2.500555e-03,5.174611e+05,2.073261e+06,3.586993e+06,-1.816239e-01,-7.184551e-01,-1.180987e+00,5.223735e-18,569,3068
6.969773e-09,3.606582e-03,1.445017e-02,2.500064e-02,5.174811e+05,2.073340e+06,3.587123e+06,-1.705886e-03,-7.122047e-03,-1.189394e-02,5.223735e-18,569,30667
0.000000e+00,9.981478e-08,-3.218983e-08,4.494827e-07,0.000000e+00,0.000000e+00,0.000000e+00,-1.610223e+07,4.452310e+06,-4.639123e+07,4.022897e-18,570,0
8.793182e-10,8.994456e-04,-3.039945e-04,2.500455e-03,1.023513e+06,-3.459587e+05,2.845121e+06,-5.497452e-01,1.995030e-01,-1.499498e+00,4.022897e-18,570,3869
8.787045e-09,8.993606e-03,-3.039922e-03,2.500026e-02,1.023589e+06,-3.459864e+05,2.845330e+06,-5.344234e-03,2.057757e-03,-1.517767e-02,4.022897e-18,570,38663
0.000000e+00,-4.413223e-08,6.889212e-08,5.812916e-07,0.000000e+00,0.000000e+00,0.000000e+00,8.663747e+06,-6.161911e+06,-3.998753e+07,3.225373e-18,571,0
8.884091e-10,-5.007227e-04,4.690499e-04,2.500014e-03,-5.640747e+05,5.283204e+05,2.815598e+06,3.852598e-01,-3.084599e-01,-1.621606e+00,3.225373e-18,571,3909
8.879091e-09,-5.008421e-03,4.690976e-03,2.500007e-02,-5.641288e+05,5.283637e+05,2.815826e+06,3.697183e-03,-2.830234e-03,-1.639116e-02,3.225373e-18,571,39068
0.000000e+00,9.901716e-08,-2.360773e-07,2.797122e-07,0.000000e+00,0.000000e+00,0.000000e+00,-2.190115e+07,5.512652e+07,-4.565388e+07,4.603522e-18,572,0
1.112273e-09,1.254461e-03,-3.160192e-03,2.500244e-03,1.128094e+06,-2.841857e+06,2.248240e+06,-2.009143e-01,5.012925e-01,-3.643517e-01,4.603522e-18,572,4894
1.111977e-08,1.254415e-02,-3.160081e-02,2.500004e-02,1.128129e+06,-2.841945e+06,2.248305e+06,-1.878739e-03,4.782415e-03,-3.721277e-03,4.603522e-18,572,48927
0.000000e+00,-1.244730e-07,1.045381e-07,5.123181e-07,0.000000e+00,0.000000e+00,0.000000e+00,1.631385e+07,-1.317248e+07,-3.850497e+07,3.459174e-18,573,0
1.004318e-09,-1.115272e-03,9.434016e-04,2.500511e-03,-1.111175e+06,9.399937e+05,2.490971e+06,5.372999e-01,-4.919128e-01,-1.114083e+00,3.459174e-18,573,4419
1.003636e-08,-1.115209e-02,9.434050e-03,2.500039e-02,-1.111260e+06,9.400717e+05,2.491147e+06,4.993112e-03,-4.542872e-03,-1.154637e-02,3.459174e-18,573,44160
0.000000e+00,-1.307817e-07,-9.374334e-08,5.448674e-07,0.000000e+00,0.000000e+00,0.000000e+00,1.515746e+07,1.085806e+07,-3.937502e+07,3.292584e-18,574,0
9.520455e-10,-1.027821e-03,-7.673609e-04,2.500564e-03,-1.080266e+06,-8.064744e+05,2.627763e+06,5.578292e-01,3.777139e-01,-1.240265e+00,3.292584e-18,574,4189
9.513864e-09,-1.027745e-02,-7.672650e-03,2.500031e-02,-1.080350e+06,-8.065312e+05,2.627950e+06,5.065141e-03,3.837451e-03,-1.267916e-02,3.292584e-18,574,41861
0.000000e+00,-1.977161e-07,1.685499e-08,4.890948e-07,0.000000e+00,0.000000e+00,0.000000e+00,2.231571e+07,-2.634879e+06,-3.992417e+07,3.509160e-18,575,0
1.004318e-09,-1.578196e-03,1.968079e-04,2.500216e-03,-1.572341e+06,1.960674e+05,2.490556e+06,7.268052e-01,-7.725177e-02,-1.020966e+00,3.509160e-18,575,4419
1.003795e-08,-1.578302e-02,1.968101e-03,2.500021e-02,-1.572456e+06,1.960796e+05,2.490718e+06,6.600324e-03,-7.278397e-04,-1.070419e-02,3.509160e-18,575,44167
0.000000e+00,-3.851485e-09,2.159376e-07,4.329041e-07,0.000000e+00,0.000000e+00,0.000000e+00,1.895523e+05,-3.015600e+07,-4.355101e+07,3.789719e-18,576,0
9.452273e-10,-1.473647e-04,1.689968e-03,2.500119e-03,-1.560132e+05,1.788750e+06,2.646020e+06,6.574735e-02,-7.556246e-01,-1.017451e+00,3.789719e-18,576,4159
9.448182e-09,-1.474007e-03,1.690042e-02,2.500018e-02,-1.560230e+05,1.788862e+06,2.646172e+06,6.975768e-04,-7.196669e-03,-1.036463e-02,3.789719e-18,576,41572
0.000000e+00,-9.125237e-08,2.874276e-08,4.310402e-07,0.000000e+00,0.000000e+00,0.000000e+00,1.855641e+07,-3.712409e+06,-5.094299e+07,4.190116e-18,577,0
8.302273e-10,-9.105037e-04,2.208300e-04,2.500023e-03,-1.097282e+06,2.661305e+05,3.012657e+06,5.567005e-01,-1.343785e-01,-1.525033e+00,4.190116e-18,577,3653
8.298409e-09,-9.105657e-03,2.208450e-03,2.500033e-02,-1.097355e+06,2.661482e+05,3.012857e+06,5.519359e-03,-1.506604e-03,-1.532424e-02,4.190116e-18,577,36513
0.000000e+00,1.803382e-07,1.393730e-07,2.627849e-07,0.000000e+00,0.000000e+00,0.000000e+00,-5.348612e+07,-4.119093e+07,-5.687021e+07,5.019126e-18,578,0
9.402273e-10,2.435087e-03,1.867809e-03,2.500418e-03,2.590377e+06,1.986916e+06,2.659734e+06,-4.695146e-01,-3.561756e-01,-4.497333e-01,5.019126e-18,578,4137
9.399545e-09,2.434839e-02,1.867613e-02,2.500042e-02,2.590446e+06,1.986969e+06,2.659801e+06,-4.579440e-03,-3.496705e-03,-4.547515e-03,5.019126e-18,578,41358
0.000000e+00,-1.509562e-07,-3.630700e-08,5.826418e-07,0.000000e+00,0.000000e+00,0.000000e+00,2.079850e+07,2.049817e+06,-3.967529e+07,3.111700e-18,579,0
9.468182e-10,-1.335448e-03,-1.624824e-04,2.500300e-03,-1.411396e+06,-1.716509e+05,2.641955e+06,7.693604e-01,4.770291e-02,-1.238756e+00,3.111700e-18,579,4166
9.462727e-09,-1.335558e-02,-1.624296e-03,2.500025e-02,-1.411511e+06,-1.716580e+05,2.642140e+06,7.373539e-03,2.595416e-04,-1.268508e-02,3.111700e-18,579,41636
0.000000e+00,-3.056245e-08,8.014393e-08,4.020554e-07,0.000000e+00,0.000000e+00,0.000000e+00,4.903795e+06,-1.681138e+07,-5.760155e+07,4.456052e-18,580,0
7.511364e-10,-2.328139e-04,7.824315e-04,2.500211e-03,-3.100959e+05,1.042172e+06,3.329901e+06,1.614658e-01,-5.203720e-01,-1.609558e+00,4.456052e-18,580,3305
7.507727e-09,-2.328112e-03,7.824304e-03,2.500006e-02,-3.101150e+05,1.042233e+06,3.330092e+06,1.501320e-03,-5.245419e-03,-1.617783e-02,4.456052e-18,580,33034
0.000000e+00,-7.694454e-08,2.188204e-07,4.589386e-07,0.000000e+00,0.000000e+00,0.000000e+00,9.695510e+06,-2.671692e+07,-3.914620e+07,3.566552e-18,581,0
1.062045e-09,-6.735804e-04,1.893810e-03,2.500425e-03,-6.345572e+05,1.784089e+06,2.355244e+06,2.449600e-01,-6.831011e-01,-8.112177e-01,3.566552e-18,581,4673
1.061477e-08,-6.735657e-03,1.893763e-02,2.500050e-02,-6.345983e+05,1.784204e+06,2.355380e+06,2.278650e-03,-6.400575e-03,-8.424753e-03,3.566552e-18,581,46705
0.000000e+00,2.497585e-08,-9.275158e-08,6.712331e-07,0.000000e+00,0.000000e+00,0.000000e+00,-3.379385e+06,8.106354e+06,-4.247918e+07,2.762784e-18,582,0
8.815909e-10,1.922867e-04,-5.082630e-04,2.500575e-03,2.182789e+05,-5.769333e+05,2.837930e+06,-1.623992e-01,3.956833e-01,-1.729394e+00,2.762784e-18,582,3879
8.809318e-09,1.922891e-03,-5.082394e-03,2.500049e-02,2.183016e+05,-5.769884e+05,2.838171e+06,-1.741122e-03,3.820311e-03,-1.745641e-02,2.762784e-18,582,38761
0.000000e+00,3.655950e-08,4.007539e-08,2.540447e-07,0.000000e+00,0.000000e+00,0.000000e+00,-2.603050e+07,-2.098715e+07,-1.387582e+08,6.679485e-18,583,0
4.229545e-10,4.723172e-04,3.799004e-04,2.500889e-03,1.116824e+06,8.982671e+05,5.913338e+06,-3.309650e-01,-2.544149e-01,-1.737087e+00,6.679485e-18,583,1861
4.227727e-09,4.721649e-03,3.797656e-03,2.500016e-02,1.116846e+06,8.982841e+05,5.913454e+06,-3.322422e-03,-2.560755e-03,-1.739214e-02,6.679485e-18,583,18602
0.000000e+00,2.565008e-07,6.280012e-09,5.219707e-07,0.000000e+00,0.000000e+00,0.000000e+00,-2.998322e+07,4.496329e+05,-3.167106e+07,3.167002e-18,584,0
1.150000e-09,2.129809e-03,-2.551950e-04,2.500188e-03,1.852937e+06,-2.220904e+05,2.174971e+06,-6.651011e-01,9.001827e-02,-7.451650e-01,3.167002e-18,584,5060
1.149455e-08,2.129863e-02,-2.552759e-03,2.500043e-02,1.853058e+06,-2.221068e+05,2.175107e+06,-6.400803e-03,8.780056e-04,-7.768588e-03,3.167002e-18,584,50576
0.000000e+00,8.039976e-08,2.678487e-07,3.174039e-07,0.000000e+00,0.000000e+00,0.000000e+00,-1.602299e+07,-4.887743e+07,-3.215296e+07,4.190659e-18,585,0
1.446591e-09,1.310322e-03,3.990978e-03,2.500221e-03,9.060494e+05,2.759619e+06,1.728654e+06,-1.320520e-01,-3.977047e-01,-2.239469e-01,4.190659e-18,585,6365
1.446227e-08,1.310350e-02,3.991028e-02,2.500039e-02,9.060795e+05,2.759710e+06,1.728706e+06,-1.231114e-03,-3.782768e-03,-2.380788e-03,4.190659e-18,585,63634
0.000000e+00,-1.402707e-07,-2.486538e-08,5.085039e-07,0.000000e+00,0.000000e+00,0.000000e+00,1.773809e+07,2.319110e+06,-4.110264e+07,3.543228e-18,586,0
9.502273e-10,-1.090775e-03,-1.536814e-04,2.500222e-03,-1.148460e+06,-1.617483e+05,2.632580e+06,4.857397e-01,4.643425e-02,-1.385010e+00,3.543228e-18,586,4181
9.496364e-09,-1.090619e-02,-1.536053e-03,2.500008e-02,-1.148533e+06,-1.617552e+05,2.632788e+06,5.261596e-03,1.235264e-03,-1.419338e-02,3.543228e-18,586,41784
0.000000e+00,1.414657e-07,2.359691e-07,3.349969e-07,0.000000e+00,0.000000e+00,0.000000e+00,-2.464376e+07,-4.101117e+07,-3.549090e+07,4.103518e-18,587,0
1.301591e-09,1.822165e-03,3.073549e-03,2.500190e-03,1.400367e+06,2.362101e+06,1.921272e+06,-2.543386e-01,-4.388961e-01,-3.190922e-01,4.103518e-18,587,5727
1.301227e-08,1.822193e-02,3.073624e-02,2.500023e-02,1.400419e+06,2.362191e+06,1.921338e+06,-2.447172e-03,-4.102704e-03,-3.353717e-03,4.103518e-18,587,57254
0.000000e+00,-1.437130e-07,-4.882587e-08,5.724333e-07,0.000000e+00,0.000000e+00,0.000000e+00,1.684519e+07,1.010822e+07,-3.498519e+07,3.171264e-18,588,0
1.026818e-09,-1.341513e-03,-6.694016e-04,2.500411e-03,-1.307349e+06,-6.523713e+05,2.436267e+06,6.419523e-01,3.285866e-01,-1.074851e+00,3.171264e-18,588,4518
1.026159e-08,-1.341538e-02,-6.694309e-03,2.500012e-02,-1.307453e+06,-6.524245e+05,2.436442e+06,6.019123e-03,3.017977e-03,-1.119332e-02,3.171264e-18,588,45151
0.000000e+00,-1.634499e-07,1.110100e-07,3.147708e-07,0.000000e+00,0.000000e+00,0.000000e+00,3.888698e+07,-3.007052e+07,-5.363047e+07,4.787173e-18,589,0
9.143182e-10,-1.908290e-03,1.462516e-03,2.500246e-03,-2.087726e+06,1.600044e+06,2.735143e+06,5.510570e-01,-4.197083e-01,-6.684582e-01,4.787173e-18,589,4023
9.140455e-09,-1.908275e-02,1.462511e-02,2.500057e-02,-2.087805e+06,1.600105e+06,2.735240e+06,5.344836e-03,-4.081183e-03,-6.808686e-03,4.787173e-18,589,40218
0.000000e+00,-2.071081e-07,4.039897e-08,3.140409e-07,0.000000e+00,0.000000e+00,0.000000e+00,5.203843e+07,-7.004954e+06,-5.104818e+07,4.691822e-18,590,0
9.661364e-10,-2.658748e-03,3.583549e-04,2.500192e-03,-2.752697e+06,3.710053e+05,2.588348e+06,6.464832e-01,-8.707944e-02,-5.696500e-01,4.691822e-18,590,4251
9.658636e-09,-2.658727e-02,3.583414e-03,2.500003e-02,-2.752795e+06,3.710185e+05,2.588435e+06,6.227030e-03,-8.634202e-04,-5.794504e-03,4.691822e-18,590,42498
0.000000e+00,2.471082e-07,-1.048187e-07,3.135709e-07,0.000000e+00,0.000000e+00,0.000000e+00,-4.810462e+07,2.146835e+07,-4.023525e+07,4.280238e-18,591,0
1.207273e-09,3.164698e-03,-1.420485e-03,2.500386e-03,2.622056e+06,-1.176929e+06,2.071491e+06,-4.740884e-01,2.161396e-01,-3.449984e-01,4.280238e-18,591,5312
1.206864e-08,3.164462e-02,-1.420391e-02,2.500019e-02,2.622147e+06,-1.176970e+06,2.071557e+06,-4.547525e-03,1.986605e-03,-3.545660e-03,4.280238e-18,591,53102
0.000000e+00,1.532037e-07,4.475556e-08,2.308807e-07,0.000000e+00,0.000000e+00,0.000000e+00,-7.589551e+07,-1.860754e+07,-9.880305e+07,6.161969e-18,592,0
5.845455e-10,1.940581e-03,4.763236e-04,2.500031e-03,3.320158e+06,8.149334e+05,4.277230e+06,-7.088679e-01,-1.720899e-01,-8.835775e-01,6.161969e-18,592,2572
5.845000e-09,1.940641e-02,4.763313e-03,2.500056e-02,3.320224e+06,8.149494e+05,4.277312e+06,-7.078075e-03,-1.738316e-03,-8.855013e-03,6.161969e-18,592,25718
0.000000e+00,-6.291159e-08,9.616232e-09,1.164234e-07,0.000000e+00,0.000000e+00,0.000000e+00,2.727395e+08,-3.976545e+07,-4.843915e+08,1.244235e-17,593,0
1.293182e-10,-1.409885e-03,2.055592e-04,2.503894e-03,-1.090207e+07,1.589503e+06,1.936156e+07,6.842679e-01,-9.877016e-02,-1.204629e+00,1.244235e-17,593,569
1.291364e-09,-1.407860e-02,2.052636e-03,2.500294e-02,-1.090208e+07,1.589505e+06,1.936159e+07,6.852486e-03,-9.912103e-04,-1.208167e-02,1.244235e-17,593,5682
0.000000e+00,-8.853335e-08,-1.198926e-07,4.992818e-07,0.000000e+00,0.000000e+00,0.000000e+00,9.451494e+06,1.571264e+07,-4.160394e+07,3.575061e-18,594,0
9.400000e-10,-5.975606e-04,-1.012030e-03,2.500147e-03,-6.361053e+05,-1.077281e+06,2.661095e+06,3.495585e-01,5.426647e-01,-1.323815e+00,3.575061e-18,594,4136
9.394773e-09,-5.976049e-03,-1.012076e-02,2.500048e-02,-6.361571e+05,-1.077362e+06,2.661292e+06,3.204136e-03,5.153447e-03,-1.344011e-02,3.575061e-18,594,41337
0.000000e+00,-1.796235e-07,-1.442886e-07,3.809852e-07,0.000000e+00,0.000000e+00,0.000000e+00,3.089409e+07,2.078581e+07,-4.361661e+07,4.050841e-18,595,0
1.025000e-09,-1.878522e-03,-1.282692e-03,2.500438e-03,-1.833429e+06,-1.251904e+06,2.440177e+06,5.657759e-01,4.006687e-01,-6.918051e-01,4.050841e-18,595,4510
1.024523e-08,-1.878385e-02,-1.282602e-02,2.500028e-02,-1.833521e+06,-1.251969e+06,2.440289e+06,5.425648e-03,3.734015e-03,-7.213230e-03,4.050841e-18,595,45079
0.000000e+00,1.164474e-08,1.475771e-08,1.325271e-07,0.000000e+00,0.000000e+00,0.000000e+00,-3.596757e+07,-5.499091e+07,-5.305904e+08,1.237316e-17,596,0
1.179545e-10,1.696012e-04,2.593304e-04,2.502205e-03,1.437769e+06,2.198463e+06,2.121243e+07,-1.090823e-01,-1.802489e-01,-1.812586e+00,1.237316e-17,596,519
1.178636e-09,1.694618e-03,2.591203e-03,2.500188e-02,1.437771e+06,2.198466e+06,2.121247e+07,-1.092485e-03,-1.805278e-03,-1.815437e-02,1.237316e-17,596,5186
0.000000e+00,-7.978406e-08,-5.548666e-08,5.352618e-07,0.000000e+00,0.000000e+00,0.000000e+00,6.868085e+06,9.384863e+06,-4.040813e+07,3.462242e-18,597,0
9.134091e-10,-4.131697e-04,-6.510075e-04,2.500226e-03,-4.526819e+05,-7.132681e+05,2.738833e+06,3.194400e-01,4.381363e-01,-1.551928e+00,3.462242e-18,597,4019
9.127955e-09,-4.132059e-03,-6.510610e-03,2.500001e-02,-4.527281e+05,-7.133313e+05,2.739057e+06,2.662549e-03,4.033832e-03,-1.577991e-02,3.462242e-18,597,40163
0.000000e+00,1.621800e-07,-8.048135e-08,4.246115e-07,0.000000e+00,0.000000e+00,0.000000e+00,-2.513333e+07,9.249166e+06,-3.863085e+07,3.978283e-18,598,0
1.037500e-09,1.719274e-03,-6.670583e-04,2.500339e-03,1.658061e+06,-6.432930e+05,2.411042e+06,-6.730764e-01,2.598570e-01,-9.216815e-01,3.978283e-18,598,4565
1.036909e-08,1.719247e-02,-6.670334e-03,2.500037e-02,1.658171e+06,-6.433356e+05,2.411194e+06,-6.301510e-03,2.400795e-03,-9.462450e-03,3.978283e-18,598,45624
0.000000e+00,2.335307e-07,1.571161e-08,5.477699e-07,0.000000e+00,0.000000e+00,0.000000e+00,-2.409571e+07,-1.743314e+06,-3.279191e+07,3.118604e-18,599,0
1.095455e-09,1.892344e-03,2.125952e-04,2.500066e-03,1.728494e+06,1.941952e+05,2.283211e+06,-7.328298e-01,-8.081716e-02,-8.602946e-01,3.118604e-18,599,4820
1.094955e-08,1.892611e-02,2.126326e-03,2.500025e-02,1.728620e+06,1.942092e+05,2.283360e+06,-6.490742e-03,-8.530363e-04,-9.042070e-03,3.118604e-18,599,48178
0.000000e+00,-9.398126e-08,-1.435867e-07,4.671934e-07,0.000000e+00,0.000000e+00,0.000000e+00,1.308473e+07,1.977531e+07,-4.122991e+07,3.716774e-18,600,0
9.827273e-10,-8.229347e-04,-1.313203e-03,2.500208e-03,-8.379043e+05,-1.337078e+06,2.545293e+06,4.032350e-01,6.219653e-01,-1.069393e+00,3.716774e-18,600,4324
9.822045e-09,-8.229895e-03,-1.313277e-02,2.500007e-02,-8.379668e+05,-1.337175e+06,2.545459e+06,3.619389e-03,5.770148e-03,-1.093843e-02,3.716774e-18,600,43217
0.000000e+00,6.242188e-08,6.867721e-08,4.267097e-07,0.000000e+00,0.000000e+00,0.000000e+00,-8.532970e+06,-1.269385e+07,-5.356939e+07,4.228050e-18,601,0
8.013636e-10,4.496171e-04,6.364690e-04,2.500391e-03,5.613420e+05,7.946814e+05,3.121600e+06,-2.795186e-01,-4.362763e-01,-1.613622e+00,4.228050e-18,601,3526
8.008864e-09,4.495700e-03,6.364464e-03,2.500054e-02,5.613774e+05,7.947366e+05,3.121804e+06,-3.057874e-03,-4.280587e-03,-1.642572e-02,4.228050e-18,601,35239
0.000000e+00,-2.532658e-08,6.109264e-08,5.576361e-07,0.000000e+00,0.000000e+00,0.000000e+00,2.860035e+06,-5.241279e+06,-3.825640e+07,3.373058e-18,602,0
9.263636e-10,-1.527074e-04,4.574255e-04,2.500276e-03,-1.649447e+05,4.942064e+05,2.700732e+06,8.880038e-02,-3.345609e-01,-1.633376e+00,3.373058e-18,602,4076
9.256818e-09,-1.526861e-03,4.574726e-03,2.500025e-02,-1.649576e+05,4.942553e+05,2.700971e+06,1.004204e-03,-2.963557e-03,-1.693572e-02,3.373058e-18,602,40730
0.000000e+00,-3.204631e-08,1.230722e-07,2.357210e-07,0.000000e+00,0.000000e+00,0.000000e+00,1.765258e+07,-7.017572e+07,-1.145992e+08,6.456242e-18,603,0
5.097727e-10,-3.883306e-04,1.544021e-03,2.500920e-03,-7.618439e+05,3.029128e+06,4.906302e+06,1.838542e-01,-7.115982e-01,-1.118073e+00,6.456242e-18,603,2243
5.095455e-09,-3.881961e-03,1.543485e-02,2.500000e-02,-7.618587e+05,3.029185e+06,4.906392e+06,1.814869e-03,-7.128997e-03,-1.120634e-02,6.456242e-18,603,22420
0.000000e+00,-1.592752e-07,-1.559270e-07,3.529344e-07,0.000000e+00,0.000000e+00,0.000000e+00,3.093161e+07,3.073461e+07,-4.351550e+07,4.291330e-18,604,0
9.740909e-10,-1.570924e-03,-1.622739e-03,2.500527e-03,-1.613258e+06,-1.666495e+06,2.567791e+06,4.859196e-01,5.087199e-01,-7.215192e-01,4.291330e-18,604,4286
9.736136e-09,-1.570690e-02,-1.622521e-02,2.500044e-02,-1.613332e+06,-1.666574e+06,2.567902e+06,4.679395e-03,4.880863e-03,-7.340742e-03,4.291330e-18,604,42839
0.000000e+00,1.285174e-07,-1.444482e-07,5.907118e-07,0.000000e+00,0.000000e+00,0.000000e+00,-1.158415e+07,1.402512e+07,-3.468833e+07,2.993139e-18,605,0
1.020909e-09,8.814651e-04,-1.052743e-03,2.500202e-03,8.639528e+05,-1.031853e+06,2.450216e+06,-4.267174e-01,5.257750e-01,-1.140964e+00,2.993139e-18,605,4492
1.020318e-08,8.815038e-03,-1.052814e-02,2.500015e-02,8.640216e+05,-1.031938e+06,2.450400e+06,-4.046224e-03,4.954898e-03,-1.204211e-02,2.993139e-18,605,44894
0.000000e+00,-2.976989e-08,3.995580e-08,4.818556e-07,0.000000e+00,0.000000e+00,0.000000e+00,2.996658e+06,-4.291375e+06,-4.352293e+07,3.875614e-18,606,0
8.818182e-10,-1.985666e-04,2.751417e-04,2.500293e-03,-2.254114e+05,3.123523e+05,2.837119e+06,2.047666e-01,-2.972110e-01,-1.718785e+00,3.875614e-18,606,3880
8.811818e-09,-1.986266e-03,2.752366e-03,2.500021e-02,-2.254399e+05,3.123936e+05,2.837358e+06,1.626721e-03,-1.459785e-03,-1.779587e-02,3.875614e-18,606,38772
0.000000e+00,2.261070e-07,-1.553759e-07,4.196820e-07,0.000000e+00,0.000000e+00,0.000000e+00,-2.971936e+07,2.187564e+07,-3.301806e+07,3.598873e-18,607,0
1.292955e-09,2.447937e-03,-1.811978e-03,2.500252e-03,1.894058e+06,-1.401998e+06,1.934305e+06,-4.627648e-01,3.405432e-01,-4.309225e-01,3.598873e-18,607,5689
1.292455e-08,2.447975e-02,-1.812012e-02,2.500015e-02,1.894152e+06,-1.402068e+06,1.934394e+06,-4.428769e-03,3.284479e-03,-4.519327e-03,3.598873e-18,607,56868
0.000000e+00,8.155931e-08,2.205691e-08,3.659194e-07,0.000000e+00,0.000000e+00,0.000000e+00,-1.891053e+07,4.805881e+06,-6.547522e+07,4.821791e-18,608,0
7.054545e-10,8.096769e-04,-1.595960e-04,2.500642e-03,1.148246e+06,-2.263746e+05,3.545958e+06,-5.585429e-01,1.176021e-01,-1.622067e+00,4.821791e-18,608,3104
7.050455e-09,8.095627e-03,-1.596012e-03,2.500070e-02,1.148309e+06,-2.263877e+05,3.546139e+06,-5.354173e-03,1.129444e-03,-1.631206e-02,4.821791e-18,608,31022
0.000000e+00,-1.291238e-07,-4.938341e-08,5.948869e-07,0.000000e+00,0.000000e+00,0.000000e+00,1.341897e+07,7.810736e+06,-3.960742e+07,3.077916e-18,609,0
9.315909e-10,-8.804505e-04,-3.899652e-04,2.500563e-03,-9.456559e+05,-4.188692e+05,2.685572e+06,4.903811e-01,2.497381e-01,-1.430504e+00,3.077916e-18,609,4099
9.309091e-09,-8.803183e-03,-3.899296e-03,2.500040e-02,-9.457280e+05,-4.189059e+05,2.685782e+06,4.683390e-03,2.393416e-03,-1.463426e-02,3.077916e-18,609,40960
0.000000e+00,2.428106e-07,7.320809e-08,3.824379e-07,0.000000e+00,0.000000e+00,0.000000e+00,-3.744797e+07,-1.193311e+07,-3.890071e+07,3.926850e-18,610,0
1.135682e-09,2.562318e-03,8.188676e-04,2.500487e-03,2.257063e+06,7.213180e+05,2.202379e+06,-6.104883e-01,-1.959142e-01,-5.448103e-01,3.926850e-18,610,4997
1.135136e-08,2.562068e-02,8.187920e-03,2.500011e-02,2.257172e+06,7.213531e+05,2.202476e+06,-5.777929e-03,-1.879408e-03,-5.616628e-03,3.926850e-18,610,49946
0.000000e+00,-2.014763e-07,-2.058435e-07,3.807428e-07,0.000000e+00,0.000000e+00,0.000000e+00,2.850980e+07,3.064906e+07,-3.341956e+07,3.739886e-18,611,0
1.336591e-09,-2.311592e-03,-2.484344e-03,2.500370e-03,-1.730045e+06,-1.859354e+06,1.871150e+06,3.425495e-01,3.743382e-01,-3.473305e-01,3.739886e-18,611,5881
1.336091e-08,-2.311492e-02,-2.484259e-02,2.500041e-02,-1.730117e+06,-1.859433e+06,1.871224e+06,3.430762e-03,3.678518e-03,-3.695738e-03,3.739886e-18,611,58788
0.000000e+00,7.248728e-08,-2.461179e-07,5.112212e-07,0.000000e+00,0.000000e+00,0.000000e+00,-6.347185e+06,2.904988e+07,-3.164021e+07,3.203910e-18,612,0
1.191136e-09,5.412169e-04,-2.337676e-03,2.500198e-03,4.545645e+05,-1.963569e+06,2.099774e+06,-1.330908e-01,6.598715e-01,-6.375349e-01,3.203910e-18,612,5241
1.190614e-08,5.412097e-03,-2.337842e-02,2.500034e-02,4.545895e+05,-1.963693e+06,2.099895e+06,-1.430317e-03,6.203689e-03,-6.650259e-03,3.203910e-18,612,52387
0.000000e+00,-1.407754e-08,-6.914878e-08,5.630765e-07,0.000000e+00,0.000000e+00,0.000000e+00,1.163998e+06,1.040845e+07,-4.065445e+07,3.324379e-18,613,0
9.118182e-10,-2.573813e-04,-5.865277e-04,2.500516e-03,-2.825047e+05,-6.437046e+05,2.743971e+06,1.622109e-01,3.884556e-01,-1.623119e+00,3.324379e-18,613,4012
9.110909e-09,-2.573822e-03,-5.864700e-03,2.500017e-02,-2.825282e+05,-6.437605e+05,2.744205e+06,1.517903e-03,3.621368e-03,-1.664417e-02,3.324379e-18,613,40088
0.000000e+00,-6.947788e-08,-2.270653e-08,4.567365e-07,0.000000e+00,0.000000e+00,0.000000e+00,9.373810e+06,5.910792e+05,-4.425632e+07,4.031987e-18,614,0
8.797727e-10,-6.090407e-04,-6.946069e-05,2.500392e-03,-6.927758e+05,-7.900936e+04,2.843784e+06,4.308457e-01,5.667547e-02,-1.644680e+00,4.031987e-18,614,3871
8.791136e-09,-6.090234e-03,-6.945840e-04,2.500010e-02,-6.928357e+05,-7.901722e+04,2.844013e+06,4.017591e-03,4.399955e-04,-1.659152e-02,4.031987e-18,614,38681
0.000000e+00,6.332758e-08,-5.769959e-08,6.083488e-07,0.000000e+00,0.000000e+00,0.000000e+00,-4.953027e+06,7.689277e+06,-3.396051e+07,3.074779e-18,615,0
9.384091e-10,1.155561e-04,-4.422110e-04,2.500120e-03,1.231851e+05,-4.715783e+05,2.665945e+06,-9.177649e-02,2.865756e-01,-1.643736e+00,3.074779e-18,615,4129
9.377727e-09,1.155249e-03,-4.422307e-03,2.500058e-02,1.231988e+05,-4.716207e+05,2.666189e+06,-1.103684e-03,2.817021e-03,-1.719570e-02,3.074779e-18,615,41262
0.000000e+00,9.463698e-08,1.274957e-07,1.948421e-07,0.000000e+00,0.000000e+00,0.000000e+00,-6.427198e+07,-9.086591e+07,-1.141471e+08,6.800382e-18,616,0
5.256818e-10,1.415463e-03,2.001972e-03,2.501057e-03,2.692738e+06,3.808509e+06,4.757863e+06,-3.912289e-01,-5.510777e-01,-6.646844e-01,6.800382e-18,616,2313
5.254545e-09,1.414918e-02,2.001207e-02,2.500056e-02,2.692771e+06,3.808554e+06,4.757918e+06,-3.894171e-03,-5.531029e-03,-6.701537e-03,6.800382e-18,616,23120
0.000000e+00,2.656153e-07,-1.914974e-08,3.905431e-07,0.000000e+00,0.000000e+00,0.000000e+00,-4.171686e+07,2.989608e+06,-3.759514e+07,3.815437e-18,617,0
1.183636e-09,2.934670e-03,-2.103281e-04,2.500323e-03,2.480269e+06,-1.777576e+05,2.112944e+06,-6.104786e-01,4.058588e-02,-4.651543e-01,3.815437e-18,617,5208
1.183182e-08,2.934604e-02,-2.103190e-03,2.500010e-02,2.480384e+06,-1.777652e+05,2.113031e+06,-5.625897e-03,4.083657e-04,-4.839448e-03,3.815437e-18,617,52060
0.000000e+00,-3.250559e-08,-5.599187e-08,3.442257e-07,0.000000e+00,0.000000e+00,0.000000e+00,8.178392e+06,1.774037e+07,-7.859463e+07,5.118816e-18,618,0
6.293182e-10,-2.712079e-04,-5.868206e-04,2.500279e-03,-4.311035e+05,-9.327768e+05,3.974077e+06,2.092562e-01,4.039989e-01,-1.712100e+00,5.118816e-18,618,2769
6.290909e-09,-2.712037e-03,-5.868009e-03,2.500067e-02,-4.311243e+05,-9.328170e+05,3.974247e+06,2.090541e-03,4.129687e-03,-1.716994e-02,5.118816e-18,618,27680
0.000000e+00,7.830759e-08,1.048232e-07,1.450604e-07,0.000000e+00,0.000000e+00,0.000000e+00,-1.072795e+08,-1.447609e+08,-1.750152e+08,8.594501e-18,619,0
3.534091e-10,1.534796e-03,2.070976e-03,2.501124e-03,4.342800e+06,5.859958e+06,7.077024e+06,-3.938945e-01,-5.280747e-01,-6.230353e-01,8.594501e-18,619,1555
3.532727e-09,1.534200e-02,2.070172e-02,2.500133e-02,4.342822e+06,5.859988e+06,7.077059e+06,-3.930066e-03,-5.279046e-03,-6.241571e-03,8.594501e-18,619,15544
0.000000e+00,-8.595507e-08,-4.404705e-08,5.824823e-07,0.000000e+00,0.000000e+00,0.000000e+00,8.400692e+06,7.167864e+06,-3.503419e+07,3.203680e-18,620,0
9.761364e-10,-4.524219e-05,-5.058780e-04,2.500526e-03,-4.631616e+04,-5.187034e+05,2.563453e+06,7.950972e-02,3.447058e-01,-1.591344e+00,3.203680e-18,620,4295
9.752500e-09,-4.518186e-04,-5.058593e-03,2.500010e-02,-4.632834e+04,-5.187565e+05,2.563699e+06,2.933618e-04,3.275688e-03,-1.684514e-02,3.203680e-18,620,42911
0.000000e+00,5.504678e-08,7.181969e-08,3.650044e-07,0.000000e+00,0.000000e+00,0.000000e+00,-1.492341e+07,-1.828139e+07,-6.587013e+07,4.813254e-18,621,0
6.859091e-10,5.726630e-04,7.355468e-04,2.500517e-03,8.352198e+05,1.072788e+06,3.646702e+06,-3.745360e-01,-4.767413e-01,-1.558311e+00,4.813254e-18,621,3018
6.855682e-09,5.725986e-03,7.354667e-03,2.500070e-02,8.352604e+05,1.072839e+06,3.646871e+06,-3.720013e-03,-4.697943e-03,-1.568195e-02,4.813254e-18,621,30165
0.000000e+00,-2.374026e-07,-3.450427e-08,4.717494e-07,0.000000e+00,0.000000e+00,0.000000e+00,1.020456e+08,1.909448e+06,-2.894004e+07,3.496964e-18,622,0
1.867273e-09,-8.429475e-03,-1.771262e-04,2.500117e-03,-4.514616e+06,-9.485087e+04,1.338788e+06,1.418677e-01,3.224150e-03,-3.872315e-02,3.496964e-18,622,8216
1.867341e-08,-8.430331e-02,-1.771216e-03,2.500012e-02,-4.514658e+06,-9.485181e+04,1.338799e+06,1.371592e-03,2.893775e-05,-4.063737e-04,3.496964e-18,622,82163
0.000000e+00,-2.140866e-07,4.607397e-09,4.397059e-07,0.000000e+00,0.000000e+00,0.000000e+00,3.175381e+07,-3.846982e+06,-4.183948e+07,3.756058e-18,623,0
1.013636e-09,-1.976403e-03,2.068160e-04,2.500354e-03,-1.950714e+06,2.041115e+05,2.467593e+06,7.144344e-01,-5.371204e-02,-8.375899e-01,3.756058e-18,623,4460
1.013136e-08,-1.976334e-02,2.067913e-03,2.500020e-02,-1.950828e+06,2.041201e+05,2.467727e+06,6.599944e-03,-5.930158e-04,-8.614939e-03,3.756058e-18,623,44578
0.000000e+00,1.925588e-09,7.751589e-08,5.729750e-07,0.000000e+00,0.000000e+00,0.000000e+00,-4.032964e+06,-8.462697e+06,-3.864247e+07,3.275725e-18,624,0
9.163636e-10,1.397204e-04,5.933497e-04,2.500471e-03,1.525680e+05,6.479659e+05,2.730294e+06,-8.814280e-02,-3.749612e-01,-1.586602e+00,3.275725e-18,624,4032
9.156591e-09,1.397002e-03,5.933106e-03,2.500028e-02,1.525808e+05,6.480201e+05,2.730524e+06,-8.776597e-04,-3.746101e-03,-1.647349e-02,3.275725e-18,624,40289
0.000000e+00,-4.385410e-08,-2.425793e-08,6.675366e-07,0.000000e+00,0.000000e+00,0.000000e+00,-4.280952e+06,4.717403e+06,-3.976133e+07,2.819801e-18,625,0
8.829545e-10,1.500726e-04,-2.720548e-04,2.500180e-03,1.701292e+05,-3.083329e+05,2.833212e+06,-1.094222e-01,1.794987e-01,-1.777019e+00,2.819801e-18,625,3885
8.823864e-09,1.501153e-03,-2.720663e-03,2.500009e-02,1.701445e+05,-3.083579e+05,2.833460e+06,-1.096247e-03,1.734661e-03,-1.795439e-02,2.819801e-18,625,38825
0.000000e+00,7.143493e-08,-2.324410e-07,5.582853e-07,0.000000e+00,0.000000e+00,0.000000e+00,-9.456547e+06,2.484608e+07,-3.191337e+07,3.027227e-18,626,0
1.126818e-09,6.656572e-04,-1.967634e-03,2.500447e-03,5.910242e+05,-1.747147e+06,2.219966e+06,-1.951594e-01,6.732487e-01,-8.111096e-01,3.027227e-18,626,4958
1.126136e-08,6.655710e-03,-1.967518e-02,2.500000e-02,5.910589e+05,-1.747267e+06,2.220111e+06,-1.885526e-03,6.405862e-03,-8.390843e-03,3.027227e-18,626,49550
0.000000e+00,1.219414e-07,-3.603895e-08,6.492627e-07,0.000000e+00,0.000000e+00,0.000000e+00,-1.497948e+07,-4.300233e+04,-3.665183e+07,2.834892e-18,627,0
9.279545e-10,9.710698e-04,-1.054437e-04,2.500305e-03,1.047145e+06,-1.136906e+05,2.695775e+06,-5.883347e-01,5.984127e-02,-1.432482e+00,2.834892e-18,627,4083
9.273864e-09,9.711045e-03,-1.054355e-03,2.500044e-02,1.047232e+06,-1.136993e+05,2.695985e+06,-5.444724e-03,5.435173e-04,-1.472794e-02,2.834892e-18,627,40805
0.000000e+00,1.125743e-07,2.235308e-07,5.506467e-07,0.000000e+00,0.000000e+00,0.000000e+00,-1.209278e+07,-2.225380e+07,-3.336421e+07,3.039810e-18,628,0
1.117955e-09,9.300874e-04,1.698811e-03,2.500408e-03,8.324227e+05,1.520420e+06,2.237527e+06,-3.364190e-01,-6.289610e-01,-8.186411e-01,3.039810e-18,628,4919
1.117318e-08,9.300781e-03,1.698790e-02,2.500045e-02,8.324821e+05,1.520531e+06,2.237671e+06,-3.134801e-03,-5.856318e-03,-8.825144e-03,3.039810e-18,628,49162
0.000000e+00,-1.867036e-07,-1.007044e-07,2.225484e-07,0.000000e+00,0.000000e+00,0.000000e+00,7.191669e+07,3.905388e+07,-6.727030e+07,5.593263e-18,629,0
8.340909e-10,-2.723382e-03,-1.480910e-03,2.500201e-03,-3.265506e+06,-1.775710e+06,2.997798e+06,5.075732e-01,2.802390e-01,-4.433745e-01,5.593263e-18,629,3670
8.339545e-09,-2.723290e-02,-1.480865e-02,2.500040e-02,-3.265573e+06,-1.775747e+06,2.997857e+06,5.020652e-03,2.764977e-03,-4.450052e-03,5.593263e-18,629,36694
0.000000e+00,8.926094e-08,-1.538950e-08,1.477698e-07,0.000000e+00,0.000000e+00,0.000000e+00,-1.726173e+08,3.121590e+07,-2.676677e+08,9.645322e-18,630,0
2.325000e-10,1.613326e-03,-2.917806e-04,2.500856e-03,6.938867e+06,-1.254944e+06,1.075606e+07,-7.054699e-01,1.298023e-01,-1.079549e+00,9.645322e-18,630,1023
2.324318e-09,1.612822e-02,-2.916904e-03,2.500065e-02,6.938893e+06,-1.254949e+06,1.075610e+07,-7.054067e-03,1.295591e-03,-1.080624e-02,9.645322e-18,630,10227
0.000000e+00,-2.038895e-07,4.886437e-08,3.806590e-07,0.000000e+00,0.000000e+00,0.000000e+00,3.472192e+07,-8.684428e+06,-4.397903e+07,4.168901e-18,631,0
1.014318e-09,-2.113677e-03,5.023419e-04,2.500033e-03,-2.084735e+06,4.954606e+05,2.465534e+06,6.985539e-01,-1.681425e-01,-7.458607e-01,4.168901e-18,631,4463
1.013977e-08,-2.113868e-02,5.023848e-03,2.500006e-02,-2.084847e+06,4.954875e+05,2.465654e+06,6.505816e-03,-1.551662e-03,-7.746988e-03,4.168901e-18,631,44615
0.000000e+00,1.869143e-07,2.846158e-08,2.667688e-07,0.000000e+00,0.000000e+00,0.000000e+00,-6.342727e+07,-7.647805e+06,-6.995520e+07,5.355665e-18,632,0
7.722727e-10,2.324009e-03,2.853385e-04,2.500551e-03,3.009878e+06,3.695462e+05,3.238383e+06,-6.919912e-01,-8.845494e-02,-7.118493e-01,5.355665e-18,632,3398
7.720000e-09,2.323630e-02,2.852907e-03,2.500045e-02,3.009962e+06,3.695570e+05,3.238470e+06,-6.874078e-03,-8.721630e-04,-7.163829e-03,5.355665e-18,632,33968
0.000000e+00,3.461390e-08,7.912016e-08,5.440884e-07,0.000000e+00,0.000000e+00,0.000000e+00,-3.531785e+06,-7.621667e+06,-4.082743e+07,3.427218e-18,633,0
9.052273e-10,3.287220e-04,4.837144e-04,2.500123e-03,3.634634e+05,5.347189e+05,2.763522e+06,-2.553810e-01,-3.235424e-01,-1.632006e+00,3.427218e-18,633,3983
9.046591e-09,3.288055e-03,4.837367e-03,2.500053e-02,3.634999e+05,5.347652e+05,2.763755e+06,-2.320832e-03,-2.917970e-03,-1.666326e-02,3.427218e-18,633,39805
0.000000e+00,-9.277856e-08,1.442500e-07,6.123679e-07,0.000000e+00,0.000000e+00,0.000000e+00,9.872329e+06,-1.200708e+07,-3.599072e+07,2.928349e-18,634,0
9.775000e-10,-7.102868e-04,8.825857e-04,2.500426e-03,-7.270887e+05,9.035081e+05,2.559329e+06,3.656725e-01,-5.103808e-01,-1.320983e+00,2.928349e-18,634,4301
9.768182e-09,-7.102302e-03,8.825611e-03,2.500015e-02,-7.271451e+05,9.035869e+05,2.559533e+06,3.437805e-03,-4.896022e-03,-1.352402e-02,2.928349e-18,634,42980
0.000000e+00,1.128169e-08,-2.562405e-07,3.911628e-07,0.000000e+00,0.000000e+00,0.000000e+00,-1.979288e+05,4.011919e+07,-3.622754e+07,3.835075e-18,635,0
1.208864e-09,1.689807e-06,-2.945851e-03,2.500149e-03,1.371946e+03,-2.437787e+06,2.068739e+06,1.053451e-02,5.910079e-01,-4.638515e-01,3.835075e-18,635,5319
1.208477e-08,1.659290e-05,-2.946001e-02,2.500037e-02,1.369957e+03,-2.437899e+06,2.068828e+06,4.797974e-06,5.667229e-03,-4.795272e-03,3.835075e-18,635,53173
0.000000e+00,3.959645e-08,1.367501e-07,2.521527e-07,0.000000e+00,0.000000e+00,0.000000e+00,-1.904211e+07,-6.269886e+07,-9.540945e+07,6.006277e-18,636,0
5.929545e-10,5.059221e-04,1.666099e-03,2.500542e-03,8.533429e+05,2.810222e+06,4.217552e+06,-2.128192e-01,-7.143501e-01,-1.031463e+00,6.006277e-18,636,2609
5.927727e-09,5.058401e-03,1.665829e-02,2.500065e-02,8.533629e+05,2.810289e+06,4.217649e+06,-2.139374e-03,-7.148173e-03,-1.035546e-02,6.006277e-18,636,26082
0.000000e+00,2.147356e-07,-1.826330e-07,4.683270e-07,0.000000e+00,0.000000e+00,0.000000e+00,-2.253969e+07,2.249314e+07,-3.153267e+07,3.317146e-18,637,0
1.253409e-09,1.869197e-03,-1.915984e-03,2.500443e-03,1.491969e+06,-1.529360e+06,1.995599e+06,-4.339231e-01,4.534440e-01,-5.356857e-01,3.317146e-18,637,5515
1.252750e-08,1.869060e-02,-1.915896e-02,2.500000e-02,1.492055e+06,-1.529450e+06,1.995706e+06,-4.168468e-03,4.331485e-03,-5.634827e-03,3.317146e-18,637,55121
0.000000e+00,-2.423674e-07,-2.232227e-08,4.197372e-07,0.000000e+00,0.000000e+00,0.000000e+00,1.552670e+07,1.616018e+06,-4.098893e+07,3.762333e-18,638,0
9.825000e-10,-1.212980e-03,-8.705183e-05,2.500318e-03,-1.235350e+06,-8.857230e+04,2.546192e+06,6.526324e-01,-2.470474e-02,-1.184564e+00,3.762333e-18,638,4323
9.818636e-09,-1.212944e-02,-8.696608e-04,2.500016e-02,-1.235451e+06,-8.856851e+04,2.546376e+06,6.192003e-03,5.262545e-04,-1.294613e-02,3.762333e-18,638,43202
0.000000e+00,-1.705154e-08,1.813471e-07,5.396120e-07,0.000000e+00,0.000000e+00,0.000000e+00,3.218645e+06,-2.133143e+07,-3.805342e+07,3.267218e-18,639,0
9.945455e-10,-1.738116e-04,1.473727e-03,2.500275e-03,-1.748643e+05,1.482673e+06,2.515137e+06,8.122903e-02,-6.863544e-01,-1.102120e+00,3.267218e-18,639,4376
9.939773e-09,-1.738107e-03,1.473737e-02,2.500003e-02,-1.748770e+05,1.482781e+06,2.515310e+06,9.335726e-04,-6.622691e-03,-1.141766e-02,3.267218e-18,639,43735
0.000000e+00,-4.331255e-09,1.306178e-07,3.103803e-07,0.000000e+00,0.000000e+00,0.000000e+00,6.000109e+04,-4.159466e+07,-7.406691e+07,5.278386e-18,640,0
6.888636e-10,-8.124294e-06,1.450596e-03,2.500019e-03,-1.180871e+04,2.106376e+06,3.629991e+06,2.143951e-02,-7.442525e-01,-1.200137e+00,5.278386e-18,640,3031
6.887045e-09,-8.132876e-05,1.450671e-02,2.500003e-02,-1.181103e+04,2.106457e+06,3.630122e+06,1.992684e-04,-7.296473e-03,-1.210202e-02,5.278386e-18,640,30303
0.000000e+00,-1.305673e-07,-4.659449e-09,4.212852e-07,0.000000e+00,0.000000e+00,0.000000e+00,2.216968e+07,-2.491076e+05,-4.813024e+07,4.170447e-18,641,0
8.779545e-10,-1.252730e-03,1.201541e-05,2.500138e-03,-1.427681e+06,1.371066e+04,2.849016e+06,7.020158e-01,-1.272262e-02,-1.352210e+00,4.170447e-18,641,3863
8.775000e-09,-1.252783e-02,1.203006e-04,2.500017e-02,-1.427779e+06,1.371244e+04,2.849204e+06,6.835917e-03,-2.018277e-04,-1.362415e-02,4.170447e-18,641,38610
0.000000e+00,1.178845e-07,-2.340877e-07,3.936141e-07,0.000000e+00,0.000000e+00,0.000000e+00,-1.913971e+07,3.557835e+07,-3.735149e+07,3.796737e-18,642,0
1.186818e-09,1.366856e-03,-2.519470e-03,2.500011e-03,1.152136e+06,-2.123668e+06,2.107054e+06,-2.908319e-01,5.341586e-01,-4.887659e-01,3.796737e-18,642,5222
1.186500e-08,1.367005e-02,-2.519727e-02,2.500033e-02,1.152190e+06,-2.123768e+06,2.107146e+06,-2.750513e-03,5.084533e-03,-5.047136e-03,3.796737e-18,642,52206
0.000000e+00,-9.991382e-08,4.537073e-08,3.883036e-07,0.000000e+00,0.000000e+00,0.000000e+00,2.219223e+07,-1.051275e+07,-5.569828e+07,4.519084e-18,643,0
8.115909e-10,-1.074389e-03,6.254940e-04,2.500312e-03,-1.324452e+06,7.711035e+05,3.081933e+06,6.157120e-01,-3.456678e-01,-1.342957e+00,4.519084e-18,643,3571
8.111818e-09,-1.074367e-02,6.254992e-03,2.500016e-02,-1.324531e+06,7.711478e+05,3.082105e+06,5.765329e-03,-3.500032e-03,-1.353410e-02,4.519084e-18,643,35692
0.000000e+00,3.670022e-08,1.145371e-07,3.663864e-07,0.000000e+00,0.000000e+00,0.000000e+00,-8.987458e+06,-2.528953e+07,-6.147192e+07,4.696544e-18,644,0
7.409091e-10,3.931600e-04,1.088213e-03,2.500164e-03,5.308587e+05,1.469341e+06,3.375556e+06,-2.234388e-01,-6.360872e-01,-1.393823e+00,4.696544e-18,644,3260
7.406364e-09,3.931719e-03,1.088245e-02,2.500068e-02,5.308849e+05,1.469416e+06,3.375720e+06,-2.245570e-03,-6.345628e-03,-1.409246e-02,4.696544e-18,644,32588
0.000000e+00,2.137913e-07,-4.523069e-08,3.790979e-07,0.000000e+00,0.000000e+00,0.000000e+00,-3.752329e+07,7.063531e+06,-3.741165e+07,4.138650e-18,645,0
1.152727e-09,2.653338e-03,-5.376749e-04,2.500120e-03,2.302751e+06,-4.666556e+05,2.169520e+06,-6.308113e-01,1.428302e-01,-5.332617e-01,4.138650e-18,645,5072
1.152341e-08,2.653542e-02,-5.377435e-03,2.500036e-02,2.302866e+06,-4.666816e+05,2.169617e+06,-5.848638e-03,1.310082e-03,-5.563779e-03,4.138650e-18,645,50703
0.000000e+00,-2.684737e-07,5.376328e-08,2.894960e-07,0.000000e+00,0.000000e+00,0.000000e+00,5.579046e+07,-1.006378e+07,-3.926608e+07,4.402069e-18,646,0
1.259318e-09,-3.751377e-03,6.776407e-04,2.500012e-03,-2.979610e+06,5.382323e+05,1.985536e+06,4.678663e-01,-8.809505e-02,-2.828314e-01,4.402069e-18,646,5541
1.259114e-08,-3.751665e-02,6.776955e-03,2.500028e-02,-2.979703e+06,5.382498e+05,1.985593e+06,4.479221e-03,-8.177584e-04,-2.946632e-03,4.402069e-18,646,55401
0.000000e+00,-1.479894e-07,1.688950e-07,2.968533e-07,0.000000e+00,0.000000e+00,0.000000e+00,3.726322e+07,-4.269851e+07,-5.075161e+07,4.756342e-18,647,0
9.993182e-10,-1.940239e-03,2.206713e-03,2.500126e-03,-1.942055e+06,2.208763e+06,2.502263e+06,4.112280e-01,-4.588033e-01,-4.747580e-01,4.756342e-18,647,4397
9.990909e-09,-1.940288e-02,2.206754e-02,2.500001e-02,-1.942120e+06,2.208835e+06,2.502338e+06,3.977054e-03,-4.398072e-03,-4.865282e-03,4.756342e-18,647,43960
0.000000e+00,2.166936e-07,-1.496474e-07,3.382481e-07,0.000000e+00,0.000000e+00,0.000000e+00,-3.952132e+07,2.589272e+07,-3.795535e+07,4.147113e-18,648,0
1.230455e-09,2.756891e-03,-1.831213e-03,2.500032e-03,2.241250e+06,-1.488710e+06,2.032248e+06,-4.557788e-01,3.047555e-01,-3.781021e-01,4.147113e-18,648,5414
1.230182e-08,2.757140e-02,-1.831381e-02,2.500046e-02,2.241339e+06,-1.488770e+06,2.032321e+06,-4.378182e-03,2.850072e-03,-3.894473e-03,4.147113e-18,648,54128
0.000000e+00,-9.222524e-08,2.319347e-07,3.716327e-07,0.000000e+00,0.000000e+00,0.000000e+00,1.779850e+07,-3.998166e+07,-3.783205e+07,4.039703e-18,649,0
1.207955e-09,-1.282805e-03,2.825419e-03,2.500258e-03,-1.062334e+06,2.339804e+06,2.070323e+06,2.338375e-01,-5.184944e-01,-4.236387e-01,4.039703e-18,649,5315
1.207545e-08,-1.282812e-02,2.825412e-02,2.500022e-02,-1.062379e+06,2.339902e+06,2.070404e+06,2.253851e-03,-4.973677e-03,-4.375594e-03,4.039703e-18,649,53132
0.000000e+00,1.771332e-07,7.956223e-08,5.747466e-07,0.000000e+00,0.000000e+00,0.000000e+00,-1.902107e+07,-9.557607e+06,-3.640533e+07,3.082209e-18,650,0
1.013636e-09,1.366925e-03,5.894398e-04,2.500157e-03,1.349386e+06,5.818671e+05,2.467676e+06,-6.659585e-01,-2.919462e-01,-1.101444e+00,3.082209e-18,650,4460
1.013114e-08,1.367076e-02,5.894966e-03,2.500052e-02,1.349493e+06,5.819138e+05,2.467853e+06,-6.036401e-03,-2.667392e-03,-1.137544e-02,3.082209e-18,650,44577
0.000000e+00,1.705945e-07,-1.538347e-07,4.382729e-07,0.000000e+00,0.000000e+00,0.000000e+00,-1.955461e+07,2.346641e+07,-3.898872e+07,3.687229e-18,651,0
1.065227e-09,1.373588e-03,-1.612254e-03,2.500073e-03,1.290080e+06,-1.514297e+06,2.347871e+06,-4.560012e-01,5.535711e-01,-7.844247e-01,3.687229e-18,651,4687
1.064795e-08,1.373668e-02,-1.612409e-02,2.500012e-02,1.290156e+06,-1.514390e+06,2.348003e+06,-4.268837e-03,5.231847e-03,-8.047438e-03,3.687229e-18,651,46851
0.000000e+00,-1.701002e-07,-3.653010e-08,4.932681e-07,0.000000e+00,0.000000e+00,0.000000e+00,2.059231e+07,3.600714e+06,-4.097300e+07,3.558687e-18,652,0
9.663636e-10,-1.352542e-03,-2.991830e-04,2.500218e-03,-1.400537e+06,-3.099302e+05,2.588410e+06,7.442752e-01,2.557330e-01,-1.138221e+00,3.558687e-18,652,4252
9.658409e-09,-1.352689e-02,-2.993391e-03,2.500004e-02,-1.400650e+06,-3.099692e+05,2.588584e+06,6.583601e-03,1.646165e-03,-1.199921e-02,3.558687e-18,652,42497
0.000000e+00,2.067753e-07,2.091054e-07,4.107278e-07,0.000000e+00,0.000000e+00,0.000000e+00,-2.794117e+07,-2.777561e+07,-3.187532e+07,3.566144e-18,653,0
1.348409e-09,2.305945e-03,2.321339e-03,2.500123e-03,1.710796e+06,1.722203e+06,1.854594e+06,-3.935231e-01,-3.875225e-01,-3.589924e-01,3.566144e-18,653,5933
1.348000e-08,2.306146e-02,2.321523e-02,2.500006e-02,1.710880e+06,1.722285e+06,1.854671e+06,-3.651462e-03,-3.679073e-03,-3.965768e-03,3.566144e-18,653,59312
0.000000e+00,6.726770e-08,1.158017e-07,1.776803e-07,0.000000e+00,0.000000e+00,0.000000e+00,-6.048158e+07,-1.122984e+08,-1.526972e+08,7.629505e-18,654,0
4.002273e-10,9.925465e-04,1.843149e-03,2.501082e-03,2.479977e+06,4.605315e+06,6.249172e+06,-3.353245e-01,-6.239370e-01,-8.368439e-01,7.629505e-18,654,1761
4.000682e-09,9.921655e-03,1.842449e-02,2.500110e-02,2.479998e+06,4.605355e+06,6.249225e+06,-3.439716e-03,-6.282695e-03,-8.406812e-03,7.629505e-18,654,17603
0.000000e+00,-1.453538e-09,4.430857e-08,6.251302e-07,0.000000e+00,0.000000e+00,0.000000e+00,-2.610423e+06,-3.321076e+06,-3.819768e+07,3.018619e-18,655,0
9.009091e-10,2.006963e-04,1.724852e-04,2.500516e-03,2.229906e+05,1.915871e+05,2.777205e+06,-1.657581e-01,-1.363522e-01,-1.710181e+00,3.018619e-18,655,3964
9.001818e-09,2.007281e-03,1.724645e-03,2.500003e-02,2.230142e+05,1.916065e+05,2.777449e+06,-1.619359e-03,-1.242554e-03,-1.765459e-02,3.018619e-18,655,39608
0.000000e+00,7.651083e-08,-1.625605e-07,5.489244e-07,0.000000e+00,0.000000e+00,0.000000e+00,-7.752218e+06,1.481225e+07,-3.720352e+07,3.228569e-18,656,0
9.861364e-10,5.550813e-04,-1.089040e-03,2.500009e-03,5.632203e+05,-1.105066e+06,2.536509e+06,-2.706956e-01,5.819791e-01,-1.265835e+00,3.228569e-18,656,4339
9.856136e-09,5.551155e-03,-1.089164e-02,2.500029e-02,5.632625e+05,-1.105157e+06,2.536707e+06,-2.623681e-03,5.484054e-03,-1.302241e-02,3.228569e-18,656,43367
0.000000e+00,6.954189e-08,-2.275535e-07,3.503888e-07,0.000000e+00,0.000000e+00,0.000000e+00,-1.245688e+07,4.421801e+07,-4.119025e+07,4.213591e-18,657,0
1.101591e-09,7.487071e-04,-2.831099e-03,2.500079e-03,6.798531e+05,-2.570828e+06,2.270035e+06,-1.482597e-01,5.860449e-01,-4.796551e-01,4.213591e-18,657,4847
1.101318e-08,7.487345e-03,-2.831293e-02,2.500042e-02,6.798789e+05,-2.570930e+06,2.270119e+06,-1.355890e-03,5.602178e-03,-4.938556e-03,4.213591e-18,657,48458
0.000000e+00,1.860455e-07,1.769211e-07,4.282466e-07,0.000000e+00,0.000000e+00,0.000000e+00,-2.631995e+07,-2.517490e+07,-3.484832e+07,3.651940e-18,658,0
1.219318e-09,2.025794e-03,1.948770e-03,2.500321e-03,1.662146e+06,1.598897e+06,2.051194e+06,-4.664520e-01,-4.152221e-01,-4.999851e-01,3.651940e-18,658,5365
1.218818e-08,2.025846e-02,1.948758e-02,2.500046e-02,1.662235e+06,1.598977e+06,2.051290e+06,-4.187567e-03,-3.945172e-03,-5.351203e-03,3.651940e-18,658,53628
0.000000e+00,1.974357e-07,-2.516798e-08,2.644676e-07,0.000000e+00,0.000000e+00,0.000000e+00,-6.170793e+07,1.327062e+07,-7.041322e+07,5.292989e-18,659,0
7.654545e-10,2.245397e-03,-4.763103e-04,2.500044e-03,2.933957e+06,-6.223862e+05,3.266587e+06,-6.886617e-01,1.406406e-01,-7.425219e-01,5.292989e-18,659,3368
7.653409e-09,2.245484e-02,-4.763375e-03,2.500066e-02,2.934041e+06,-6.224032e+05,3.266677e+06,-6.844150e-03,1.392500e-03,-7.456492e-03,5.292989e-18,659,33675
0.000000e+00,1.564388e-07,3.381134e-08,6.127167e-07,0.000000e+00,0.000000e+00,0.000000e+00,-1.326925e+07,-2.857305e+06,-3.911858e+07,2.956736e-18,660,0
9.250000e-10,8.863787e-04,2.067143e-04,2.500307e-03,9.588410e+05,2.236392e+05,2.704438e+06,-5.434188e-01,-1.445064e-01,-1.470089e+00,2.956736e-18,660,4070
9.244091e-09,8.863610e-03,2.067334e-03,2.500025e-02,9.589204e+05,2.236603e+05,2.704653e+06,-4.976845e-03,-1.222584e-03,-1.504294e-02,2.956736e-18,660,40674
0.000000e+00,5.306620e-08,-1.108326e-07,6.437197e-07,0.000000e+00,0.000000e+00,0.000000e+00,-3.414491e+05,9.124775e+06,-3.304507e+07,2.861959e-18,661,0
9.368182e-10,8.153378e-05,-6.422282e-04,2.500101e-03,8.706185e+04,-6.861159e+05,2.670334e+06,-4.850024e-02,5.062664e-01,-1.586016e+00,2.861959e-18,661,4122
9.362273e-09,8.151195e-04,-6.423589e-03,2.500051e-02,8.706910e+04,-6.861908e+05,2.670569e+06,-6.627454e-04,4.607349e-03,-1.639500e-02,2.861959e-18,661,41194
0.000000e+00,-2.587449e-07,-6.058341e-09,2.953434e-07,0.000000e+00,0.000000e+00,0.000000e+00,5.409479e+07,2.186216e+06,-4.055193e+07,4.476977e-18,662,0
1.209091e-09,-3.547380e-03,-1.369431e-04,2.500314e-03,-2.934681e+06,-1.132986e+05,2.068304e+06,5.087793e-01,2.288900e-02,-3.287698e-01,4.476977e-18,662,5320
1.208727e-08,-3.547224e-02,-1.369465e-03,2.500026e-02,-2.934778e+06,-1.133029e+05,2.068367e+06,4.877383e-03,2.357442e-04,-3.410022e-03,4.476977e-18,662,53184
0.000000e+00,1.165873e-08,7.768176e-08,1.798611e-07,0.000000e+00,0.000000e+00,0.000000e+00,-1.613254e+07,-1.057759e+08,-2.252442e+08,8.604665e-18,663,0
2.743182e-10,1.792134e-04,1.175345e-03,2.500933e-03,6.532981e+05,4.284563e+06,9.116751e+06,-9.643208e-02,-6.499701e-01,-1.373497e+00,8.604665e-18,663,1207
2.742273e-09,1.791532e-03,1.174951e-02,2.500078e-02,6.533022e+05,4.284591e+06,9.116810e+06,-9.597319e-04,-6.493936e-03,-1.376366e-02,8.604665e-18,663,12066
0.000000e+00,1.539231e-07,8.002877e-08,1.913536e-07,0.000000e+00,0.000000e+00,0.000000e+00,-9.770650e+07,-4.972060e+07,-1.014491e+08,6.616373e-18,664,0
5.870455e-10,2.424580e-03,1.233454e-03,2.500354e-03,4.130365e+06,2.101233e+06,4.259365e+06,-5.703815e-01,-2.890306e-01,-5.645686e-01,6.616373e-18,664,2583
5.869545e-09,2.424346e-02,1.233333e-02,2.500068e-02,4.130418e+06,2.101260e+06,4.259418e+06,-5.678143e-03,-2.886297e-03,-5.670572e-03,6.616373e-18,664,25826
0.000000e+00,-1.348033e-08,9.476346e-08,3.258089e-07,0.000000e+00,0.000000e+00,0.000000e+00,1.265022e+06,-3.306547e+07,-7.736551e+07,5.267211e-18,665,0
6.515909e-10,-4.933372e-05,1.093658e-03,2.500051e-03,-7.573778e+04,1.678941e+06,3.837773e+06,4.559819e-02,-6.436241e-01,-1.455505e+00,5.267211e-18,665,2867
6.514318e-09,-4.933864e-04,1.093715e-02,2.500060e-02,-7.574247e+04,1.679007e+06,3.837923e+06,4.392888e-04,-6.443065e-03,-1.458768e-02,5.267211e-18,665,28663
0.000000e+00,8.294217e-08,-1.087067e-07,2.626988e-07,0.000000e+00,0.000000e+00,0.000000e+00,-3.179111e+07,4.809307e+07,-9.034432e+07,5.880670e-18,666,0
6.129545e-10,8.939215e-04,-1.357259e-03,2.500685e-03,1.458617e+06,-2.214691e+06,4.080291e+06,-4.045150e-01,6.323085e-01,-1.109963e+00,5.880670e-18,666,2697
6.127045e-09,8.937048e-03,-1.356954e-02,2.500027e-02,1.458656e+06,-2.214752e+06,4.080399e+06,-4.034610e-03,6.304286e-03,-1.111245e-02,5.880670e-18,666,26959
0.000000e+00,2.055701e-08,-1.381780e-07,3.332485e-07,0.000000e+00,0.000000e+00,0.000000e+00,-1.449258e+06,4.418946e+07,-7.128319e+07,4.938279e-18,667,0
7.172727e-10,5.506461e-05,-1.593796e-03,2.500092e-03,7.676211e+04,-2.222639e+06,3.486282e+06,-1.616770e-02,7.449663e-01,-1.109474e+00,4.938279e-18,667,3156
7.171136e-09,5.504866e-04,-1.593886e-02,2.500075e-02,7.676395e+04,-2.222724e+06,3.486407e+06,-2.210570e-04,7.355416e-03,-1.114637e-02,4.938279e-18,667,31553
0.000000e+00,1.425835e-08,2.271669e-07,4.673844e-07,0.000000e+00,0.000000e+00,0.000000e+00,-1.566363e+05,-2.696925e+07,-3.870759e+07,3.537195e-18,668,0
1.054773e-09,6.473027e-05,1.811477e-03,2.500252e-03,6.138986e+04,1.718349e+06,2.371445e+06,-1.578137e-02,-7.206941e-01,-9.117406e-01,3.537195e-18,668,4641
1.054227e-08,6.471872e-04,1.811525e-02,2.500053e-02,6.139243e+04,1.718469e+06,2.371597e+06,-1.149289e-06,-6.817538e-03,-9.505509e-03,3.537195e-18,668,46386
0.000000e+00,-2.029946e-07,5.202494e-08,1.902867e-07,0.000000e+00,0.000000e+00,0.000000e+00,1.016950e+08,-2.243169e+07,-7.363260e+07,6.034390e-18,669,0
7.929545e-10,-3.494160e-03,7.685918e-04,2.500113e-03,-4.406839e+06,9.693377e+05,3.153061e+06,4.951462e-01,-1.075358e-01,-3.378804e-01,6.034390e-18,669,3489
7.928864e-09,-3.494133e-02,7.685777e-03,2.500032e-02,-4.406901e+06,9.693512e+05,3.153103e+06,4.914423e-03,-1.084007e-03,-3.391308e-03,6.034390e-18,669,34887
0.000000e+00,7.444145e-08,-1.580815e-07,3.280185e-07,0.000000e+00,0.000000e+00,0.000000e+00,-1.907818e+07,4.187675e+07,-5.634747e+07,4.792207e-18,670,0
8.620455e-10,9.133272e-04,-1.968591e-03,2.500558e-03,1.059827e+06,-2.284342e+06,2.901390e+06,-3.126847e-01,6.631031e-01,-7.838977e-01,4.792207e-18,670,3793
8.616591e-09,9.132079e-03,-1.968320e-02,2.500020e-02,1.059870e+06,-2.284432e+06,2.901497e+06,-3.080919e-03,6.548509e-03,-7.950799e-03,4.792207e-18,670,37913
0.000000e+00,4.586388e-08,2.769461e-07,3.890648e-07,0.000000e+00,0.000000e+00,0.000000e+00,-6.455285e+06,-4.463843e+07,-3.127255e+07,3.767322e-18,671,0
1.415682e-09,5.141872e-04,3.720424e-03,2.500350e-03,3.632896e+05,2.628854e+06,1.766547e+06,-4.923035e-02,-4.662360e-01,-2.833007e-01,3.767322e-18,671,6229
1.415182e-08,5.141209e-03,3.720297e-02,2.500000e-02,3.633006e+05,2.628958e+06,1.766611e+06,-5.926075e-04,-4.480172e-03,-3.015633e-03,3.767322e-18,671,62268
0.000000e+00,2.374645e-07,6.495774e-09,2.478237e-07,0.000000e+00,0.000000e+00,0.000000e+00,-7.209014e+07,-3.322654e+06,-5.301482e+07,5.067599e-18,672,0
1.016818e-09,3.512399e-03,1.644738e-04,2.500501e-03,3.454881e+06,1.617874e+05,2.459427e+06,-5.177578e-01,-2.601578e-02,-3.423792e-01,5.067599e-18,672,4474
1.016500e-08,3.511891e-02,1.644566e-03,2.500020e-02,3.454964e+06,1.617916e+05,2.459482e+06,-5.007471e-03,-2.473249e-04,-3.483611e-03,5.067599e-18,672,44726
0.000000e+00,4.810005e-08,-2.185027e-07,3.433759e-07,0.000000e+00,0.000000e+00,0.000000e+00,-5.623572e+06,4.364441e+07,-4.412537e+07,4.348083e-18,673,0
1.023182e-09,3.363131e-04,-2.596449e-03,2.500340e-03,3.287645e+05,-2.538461e+06,2.444303e+06,-6.901646e-02,6.467042e-01,-5.871723e-01,4.348083e-18,673,4502
1.022795e-08,3.362601e-03,-2.596320e-02,2.500032e-02,3.287757e+05,-2.538565e+06,2.444398e+06,-6.781642e-04,6.203022e-03,-5.973226e-03,4.348083e-18,673,45003
0.000000e+00,-1.881072e-07,4.599148e-08,3.228865e-07,0.000000e+00,0.000000e+00,0.000000e+00,4.299737e+07,-9.069764e+06,-5.564921e+07,4.733070e-18,674,0
8.593182e-10,-2.005584e-03,4.061200e-04,2.500576e-03,-2.334671e+06,4.727413e+05,2.910713e+06,7.235916e-01,-1.416570e-01,-8.618253e-01,4.733070e-18,674,3781
8.589091e-09,-2.005269e-02,4.060426e-03,2.500047e-02,-2.334769e+06,4.727605e+05,2.910830e+06,7.136288e-03,-1.421992e-03,-8.662707e-03,4.733070e-18,674,37792
0.000000e+00,-4.137852e-08,-1.765287e-07,2.977514e-07,0.000000e+00,0.000000e+00,0.000000e+00,1.219617e+07,5.010147e+07,-6.318594e+07,5.050600e-18,675,0
8.095455e-10,-5.053097e-04,-2.063938e-03,2.500101e-03,-6.243580e+05,-2.550160e+06,3.088888e+06,1.766695e-01,7.029382e-01,-7.996304e-01,5.050600e-18,675,3562
8.093636e-09,-5.053326e-03,-2.064008e-02,2.500046e-02,-6.243806e+05,-2.550250e+06,3.088991e+06,1.718489e-03,6.931281e-03,-8.040003e-03,5.050600e-18,675,35612
0.000000e+00,1.939221e-08,-1.974922e-07,5.113915e-07,0.000000e+00,0.000000e+00,0.000000e+00,6.691931e+05,2.421631e+07,-3.839613e+07,3.383984e-18,676,0
1.032727e-09,4.315073e-05,-1.816873e-03,2.500181e-03,4.178864e+04,-1.760280e+06,2.421934e+06,-6.418748e-03,7.298596e-01,-9.235646e-01,3.383984e-18,676,4544
1.032227e-08,4.313562e-04,-1.816998e-02,2.500001e-02,4.178969e+04,-1.760399e+06,2.422085e+06,-6.540044e-05,6.873559e-03,-9.457672e-03,3.383984e-18,676,45418
0.000000e+00,-1.231341e-07,2.043413e-07,4.789668e-07,0.000000e+00,0.000000e+00,0.000000e+00,1.426326e+07,-1.901021e+07,-3.704658e+07,3.430194e-18,677,0
1.090227e-09,-1.112842e-03,1.501766e-03,2.500155e-03,-1.021344e+06,1.378268e+06,2.294284e+06,4.229877e-01,-5.761996e-01,-8.848344e-01,3.430194e-18,677,4797
1.089682e-08,-1.112933e-02,1.501868e-02,2.500050e-02,-1.021417e+06,1.378367e+06,2.294437e+06,4.002320e-03,-5.438130e-03,-9.182229e-03,3.430194e-18,677,47946
0.000000e+00,-2.965171e-08,9.625295e-08,5.675594e-07,0.000000e+00,0.000000e+00,0.000000e+00,4.431077e+06,-1.247671e+07,-3.510654e+07,3.282831e-18,678,0
1.009091e-09,-3.001479e-04,8.720078e-04,2.500038e-03,-2.976888e+05,8.648667e+05,2.479154e+06,1.816175e-01,-5.351403e-01,-1.419236e+00,3.282831e-18,678,4440
1.008409e-08,-3.001891e-03,8.721314e-03,2.500006e-02,-2.977177e+05,8.649520e+05,2.479380e+06,1.820583e-03,-5.066231e-03,-1.468123e-02,3.282831e-18,678,44370
0.000000e+00,6.311955e-08,-1.310781e-07,2.976735e-07,0.000000e+00,0.000000e+00,0.000000e+00,-1.909322e+07,4.656176e+07,-7.365423e+07,5.320788e-18,679,0
7.100000e-10,6.646769e-04,-1.627091e-03,2.500565e-03,9.363752e+05,-2.292248e+06,3.522586e+06,-2.752597e-01,6.979773e-01,-1.016593e+00,5.320788e-18,679,3124
7.097045e-09,6.645511e-03,-1.626820e-02,2.500008e-02,9.364061e+05,-2.292326e+06,3.522700e+06,-2.800814e-03,6.851339e-03,-1.026044e-02,5.320788e-18,679,31227
0.000000e+00,6.645063e-08,-1.101061e-07,2.993983e-07,0.000000e+00,0.000000e+00,0.000000e+00,-2.246702e+07,3.486167e+07,-7.964716e+07,5.413885e-18,680,0
6.545455e-10,7.249444e-04,-1.125783e-03,2.500418e-03,1.107833e+06,-1.720367e+06,3.820880e+06,-3.801022e-01,5.887766e-01,-1.284132e+00,5.413885e-18,680,2880
6.543182e-09,7.248761e-03,-1.125670e-02,2.500084e-02,1.107872e+06,-1.720428e+06,3.821013e+06,-3.843718e-03,5.913657e-03,-1.289481e-02,5.413885e-18,680,28790
0.000000e+00,-1.622714e-07,1.864136e-08,5.188281e-07,0.000000e+00,0.000000e+00,0.000000e+00,1.941769e+07,-2.306573e+06,-3.937796e+07,3.430940e-18,681,0
9.772727e-10,-1.313996e-03,1.979917e-04,2.500070e-03,-1.345352e+06,2.027578e+05,2.559471e+06,6.431711e-01,-1.218250e-01,-1.197248e+00,3.430940e-18,681,4300
9.767727e-09,-1.314098e-02,1.980462e-03,2.500033e-02,-1.345452e+06,2.027766e+05,2.559656e+06,6.217256e-03,-9.603079e-04,-1.236341e-02,3.430940e-18,681,42978
0.000000e+00,-1.613872e-08,-1.112437e-07,3.849060e-07,0.000000e+00,0.000000e+00,0.000000e+00,3.187603e+06,2.486326e+07,-5.636330e+07,4.525590e-18,682,0
7.961364e-10,-1.539719e-04,-1.171657e-03,2.500549e-03,-1.935005e+05,-1.472386e+06,3.142048e+06,1.008908e-01,6.929919e-01,-1.382819e+00,4.525590e-18,682,3503
7.956591e-09,-1.539598e-03,-1.171512e-02,2.500007e-02,-1.935131e+05,-1.472473e+06,3.142222e+06,9.725748e-04,6.934794e-03,-1.395038e-02,4.525590e-18,682,35009
0.000000e+00,-1.610656e-07,4.873280e-08,4.329656e-07,0.000000e+00,0.000000e+00,0.000000e+00,2.428645e+07,-8.028521e+06,-4.541252e+07,3.957271e-18,683,0
9.365909e-10,-1.527777e-03,3.782580e-04,2.500493e-03,-1.632081e+06,4.040608e+05,2.670898e+06,7.101969e-01,-1.811746e-01,-1.101680e+00,3.957271e-18,683,4121
9.360227e-09,-1.527656e-02,3.782106e-03,2.500031e-02,-1.632186e+06,4.040876e+05,2.671062e+06,6.880875e-03,-1.815009e-03,-1.119938e-02,3.957271e-18,683,41185
0.000000e+00,8.432128e-08,-1.773280e-07,3.790574e-07,0.000000e+00,0.000000e+00,0.000000e+00,-1.506292e+07,3.691030e+07,-5.232235e+07,4.235889e-18,684,0
8.822727e-10,7.201237e-04,-1.800902e-03,2.500010e-03,8.164703e+05,-2.041923e+06,2.834383e+06,-2.591298e-01,6.782491e-01,-8.955474e-01,4.235889e-18,684,3882
8.820227e-09,7.201465e-03,-1.801021e-02,2.500004e-02,8.165065e+05,-2.042017e+06,2.834508e+06,-2.643279e-03,6.747736e-03,-9.088223e-03,4.235889e-18,684,38809
0.000000e+00,-2.059531e-07,4.515140e-08,2.365474e-07,0.000000e+00,0.000000e+00,0.000000e+00,7.183824e+07,-1.155101e+07,-6.016468e+07,5.467665e-18,685,0
9.050000e-10,-3.072747e-03,4.899663e-04,2.500119e-03,-3.395872e+06,5.414768e+05,2.762902e+06,5.766295e-01,-9.250418e-02,-4.425392e-01,5.467665e-18,685,3982
9.048636e-09,-3.072805e-02,4.899646e-03,2.500062e-02,-3.395955e+06,5.414900e+05,2.762966e+06,5.663397e-03,-9.112201e-04,-4.455515e-03,5.467665e-18,685,39814
0.000000e+00,1.841202e-07,-6.119511e-08,2.591756e-07,0.000000e+00,0.000000e+00,0.000000e+00,-6.209932e+07,2.313668e+07,-7.002682e+07,5.392748e-18,686,0
7.754545e-10,2.268924e-03,-8.515271e-04,2.500456e-03,2.926445e+06,-1.098322e+06,3.224951e+06,-6.416274e-01,2.578723e-01,-6.780312e-01,5.392748e-18,686,3412
7.752045e-09,2.268598e-02,-8.514255e-03,2.500010e-02,2.926523e+06,-1.098354e+06,3.225034e+06,-6.380034e-03,2.445992e-03,-6.823491e-03,5.392748e-18,686,34109
0.000000e+00,-3.249114e-08,1.544101e-07,1.692583e-07,0.000000e+00,0.000000e+00,0.000000e+00,2.824658e+07,-1.330002e+08,-1.243853e+08,7.321492e-18,687,0
4.890909e-10,-5.700763e-04,2.682883e-03,2.500890e-03,-1.165611e+06,5.485565e+06,5.113380e+06,1.338343e-01,-6.165958e-01,-5.568011e-01,7.321492e-18,687,2152
4.889318e-09,-5.699065e-03,2.682079e-02,2.500108e-02,-1.165621e+06,5.485612e+06,5.113423e+06,1.314508e-03,-6.161058e-03,-5.592073e-03,7.321492e-18,687,21513
0.000000e+00,2.841272e-07,1.990268e-08,3.601558e-07,0.000000e+00,0.000000e+00,0.000000e+00,-4.712239e+07,-1.265365e+06,-3.359844e+07,3.890658e-18,688,0
1.354318e-09,3.684350e-03,1.238679e-04,2.500367e-03,2.721277e+06,9.149081e+04,1.846592e+06,-4.864071e-01,-1.994017e-02,-2.972834e-01,3.890658e-18,688,5959
1.353841e-08,3.684168e-02,1.238643e-03,2.500006e-02,2.721381e+06,9.149506e+04,1.846656e+06,-4.616828e-03,-1.485914e-04,-3.129708e-03,3.890658e-18,688,59569
0.000000e+00,-1.718682e-07,-9.731461e-08,3.687457e-07,0.000000e+00,0.000000e+00,0.000000e+00,3.300157e+07,1.885670e+07,-4.764558e+07,4.307819e-18,689,0
9.484091e-10,-1.822643e-03,-1.062948e-03,2.500389e-03,-1.922532e+06,-1.121191e+06,2.637205e+06,6.252474e-01,3.513533e-01,-8.128522e-01,4.307819e-18,689,4173
9.479773e-09,-1.822512e-02,-1.062860e-02,2.500020e-02,-1.922625e+06,-1.121243e+06,2.637326e+06,6.051551e-03,3.370129e-03,-8.206634e-03,4.307819e-18,689,41711
0.000000e+00,-1.933837e-08,-1.261756e-07,4.361382e-07,0.000000e+00,0.000000e+00,0.000000e+00,5.021491e+06,2.044002e+07,-4.523162e+07,4.056711e-18,690,0
9.095455e-10,-2.756837e-04,-1.206518e-03,2.500008e-03,-3.032649e+05,-1.327305e+06,2.749970e+06,1.392716e-01,6.713282e-01,-1.301552e+00,4.056711e-18,690,4002
9.091136e-09,-2.757008e-03,-1.206663e-02,2.500040e-02,-3.032849e+05,-1.327401e+06,2.750157e+06,1.161081e-03,6.573129e-03,-1.330930e-02,4.056711e-18,690,40001
0.000000e+00,1.515663e-07,-9.788271e-08,5.600439e-07,0.000000e+00,0.000000e+00,0.000000e+00,-1.198155e+07,1.159650e+07,-3.974473e+07,3.179934e-18,691,0
9.570455e-10,8.754458e-04,-8.720963e-04,2.500120e-03,9.152864e+05,-9.118088e+05,2.613623e+06,-4.768814e-01,4.507692e-01,-1.287846e+00,3.179934e-18,691,4211
9.565227e-09,8.754911e-03,-8.721597e-03,2.500005e-02,9.153585e+05,-9.118769e+05,2.613818e+06,-4.541111e-03,4.137536e-03,-1.327019e-02,3.179934e-18,691,42087
0.000000e+00,-1.503527e-07,9.963934e-08,6.265014e-07,0.000000e+00,0.000000e+00,0.000000e+00,1.208778e+07,-1.127393e+07,-3.571537e+07,2.845132e-18,692,0
9.806818e-10,-8.865234e-04,7.876342e-04,2.500117e-03,-9.045469e+05,8.036535e+05,2.550670e+06,4.809017e-01,-4.076337e-01,-1.292492e+00,2.845132e-18,692,4315
9.801364e-09,-8.865787e-03,7.876867e-03,2.500023e-02,-9.046213e+05,8.037166e+05,2.550871e+06,4.325624e-03,-4.026857e-03,-1.325844e-02,2.845132e-18,692,43126
0.000000e+00,1.067802e-07,1.750120e-07,2.783240e-07,0.000000e+00,0.000000e+00,0.000000e+00,-3.346683e+07,-4.957178e+07,-6.068608e+07,5.077826e-18,693,0
8.609091e-10,1.426405e-03,2.110624e-03,2.500068e-03,1.657235e+06,2.452157e+06,2.904475e+06,-3.792195e-01,-5.583697e-01,-6.250111e-01,5.077826e-18,693,3788
8.607500e-09,1.426466e-02,2.110696e-02,2.500039e-02,1.657287e+06,2.452233e+06,2.904560e+06,-3.727057e-03,-5.531323e-03,-6.322440e-03,5.077826e-18,693,37873
0.000000e+00,-2.520575e-07,1.189578e-07,4.564677e-07,0.000000e+00,0.000000e+00,0.000000e+00,2.925252e+07,-1.141455e+07,-4.037234e+07,3.395925e-18,694,0
1.049091e-09,-1.931824e-03,7.931319e-04,2.500017e-03,-1.842239e+06,7.563704e+05,2.383827e+06,6.565504e-01,-2.863516e-01,-7.670089e-01,3.395925e-18,694,4616
1.048750e-08,-1.932048e-02,7.932435e-03,2.500054e-02,-1.842348e+06,7.564178e+05,2.383954e+06,6.189242e-03,-2.528318e-03,-8.067101e-03,3.395925e-18,694,46145
0.000000e+00,-1.450384e-07,1.485098e-07,2.241472e-07,0.000000e+00,0.000000e+00,0.000000e+00,5.760429e+07,-5.750986e+07,-6.681716e+07,5.667675e-18,695,0
8.329545e-10,-2.197791e-03,2.183974e-03,2.500224e-03,-2.638901e+06,2.622304e+06,3.001920e+06,4.128251e-01,-4.117677e-01,-4.438906e-01,5.667675e-18,695,3665
8.328182e-09,-2.197729e-02,2.183907e-02,2.500066e-02,-2.638955e+06,2.622358e+06,3.001978e+06,4.082475e-03,-4.072405e-03,-4.470830e-03,5.667675e-18,695,36644
0.000000e+00,1.113785e-07,1.804756e-08,5.390049e-07,0.000000e+00,0.000000e+00,0.000000e+00,-8.963775e+06,-1.209783e+06,-3.956877e+07,3.426640e-18,696,0
9.222727e-10,6.238760e-04,8.930350e-05,2.500096e-03,6.769176e+05,9.690304e+04,2.712420e+06,-4.064619e-01,-6.662334e-02,-1.570904e+00,3.426640e-18,696,4058
9.217045e-09,6.239160e-03,8.931588e-04,2.500057e-02,6.769768e+05,9.691275e+04,2.712649e+06,-3.686945e-03,-5.167527e-04,-1.636682e-02,3.426640e-18,696,40555
0.000000e+00,2.006621e-07,7.583142e-08,3.442287e-07,0.000000e+00,0.000000e+00,0.000000e+00,-3.846876e+07,-1.610099e+07,-4.784932e+07,4.412620e-18,697,0
9.590909e-10,2.099530e-03,8.827318e-04,2.500319e-03,2.189852e+06,9.207147e+05,2.607697e+06,-6.533134e-01,-2.733705e-01,-7.322873e-01,4.412620e-18,697,4220
9.587045e-09,2.099418e-02,8.826912e-03,2.500020e-02,2.189951e+06,9.207561e+05,2.607808e+06,-6.333300e-03,-2.654141e-03,-7.400052e-03,4.412620e-18,697,42183
0.000000e+00,-1.407811e-07,1.764415e-07,3.217814e-07,0.000000e+00,0.000000e+00,0.000000e+00,3.093773e+07,-4.047277e+07,-5.046808e+07,4.536280e-18,698,0
1.000455e-09,-1.633030e-03,2.172152e-03,2.500250e-03,-1.632716e+06,2.171780e+06,2.499611e+06,3.665198e-01,-5.103807e-01,-5.417605e-01,4.536280e-18,698,4402
1.000159e-08,-1.632976e-02,2.172124e-02,2.500023e-02,-1.632774e+06,2.171861e+06,2.499697e+06,3.691780e-03,-4.913413e-03,-5.555062e-03,4.536280e-18,698,44007
0.000000e+00,-2.232125e-08,-5.258748e-09,5.466283e-07,0.000000e+00,0.000000e+00,0.000000e+00,7.212793e+05,-2.727073e+05,-4.257243e+07,3.462821e-18,699,0
8.656818e-10,-3.310946e-05,-5.223056e-05,2.500058e-03,-3.830165e+04,-6.046637e+04,2.889740e+06,5.962440e-02,9.422652e-02,-1.835120e+00,3.462821e-18,699,3809
8.651364e-09,-3.313664e-04,-5.230854e-04,2.500027e-02,-3.830979e+04,-6.047924e+04,2.889991e+06,4.666143e-04,8.339933e-04,-1.847037e-02,3.462821e-18,699,38066
0.000000e+00,-2.329392e-07,-3.460908e-08,4.720874e-07,0.000000e+00,0.000000e+00,0.000000e+00,-4.172601e+07,4.991252e+06,-3.957462e+07,3.511596e-18,700,0
9.922727e-10,2.122124e-03,-3.136286e-04,2.500436e-03,2.139924e+06,-3.162045e+05,2.520782e+06,-7.094967e-01,1.046092e-01,-8.112168e-01,3.511596e-18,700,4366
9.917727e-09,2.122274e-02,-3.136018e-03,2.500050e-02,2.140036e+06,-3.162209e+05,2.520909e+06,-6.809613e-03,1.011611e-03,-8.220783e-03,3.511596e-18,700,43638
0.000000e+00,1.966648e-07,-2.842323e-08,4.951541e-07,0.000000e+00,0.000000e+00,0.000000e+00,-2.132776e+07,1.233848e+07,-3.788155e+07,3.496754e-18,701,0
9.545455e-10,1.204066e-03,-4.950780e-04,2.500098e-03,1.262077e+06,-5.190045e+05,2.620452e+06,-6.175400e-01,2.820102e-01,-1.226514e+00,3.496754e-18,701,4200
9.540455e-09,1.204081e-02,-4.951505e-03,2.500037e-02,1.262170e+06,-5.190470e+05,2.620637e+06,-5.937721e-03,2.447707e-03,-1.262709e-02,3.496754e-18,701,41978
0.000000e+00,-1.414604e-07,1.276683e-07,3.717575e-07,0.000000e+00,0.000000e+00,0.000000e+00,2.704614e+07,-2.287483e+07,-5.031905e+07,4.330330e-18,702,0
9.065909e-10,-1.409437e-03,1.241533e-03,2.500500e-03,-1.555263e+06,1.370015e+06,2.758994e+06,5.443102e-01,-4.995984e-01,-9.123641e-01,4.330330e-18,702,3989
9.061364e-09,-1.409277e-02,1.241418e-02,2.500035e-02,-1.555340e+06,1.370086e+06,2.759125e+06,5.340135e-03,-4.806857e-03,-9.317189e-03,4.330330e-18,702,39870
0.000000e+00,6.658075e-08,-4.839281e-08,6.284020e-07,0.000000e+00,0.000000e+00,0.000000e+00,-7.770841e+06,4.821277e+06,-3.779311e+07,2.980854e-18,703,0
9.152273e-10,4.747630e-04,-3.171122e-04,2.500328e-03,5.191124e+05,-3.467404e+05,2.733510e+06,-3.322638e-01,2.260771e-01,-1.633224e+00,2.980854e-18,703,4027
9.145909e-09,4.747739e-03,-3.171245e-03,2.500058e-02,5.191605e+05,-3.467731e+05,2.733746e+06,-3.084536e-03,2.137413e-03,-1.664800e-02,2.980854e-18,703,40242
0.000000e+00,-1.412411e-07,-1.057881e-07,5.088172e-07,0.000000e+00,0.000000e+00,0.000000e+00,1.863065e+07,1.748687e+07,-3.979038e+07,3.458700e-18,704,0
9.902273e-10,-1.220912e-03,-1.067847e-03,2.500182e-03,-1.233670e+06,-1.079017e+06,2.525910e+06,5.632328e-01,4.971455e-01,-1.023103e+00,3.458700e-18,704,4357
9.897500e-09,-1.221020e-02,-1.067952e-02,2.500033e-02,-1.233758e+06,-1.079095e+06,2.526070e+06,5.126236e-03,4.570785e-03,-1.051336e-02,3.458700e-18,704,43549
0.000000e+00,1.605775e-07,2.005278e-07,3.321222e-07,0.000000e+00,0.000000e+00,0.000000e+00,-2.827521e+07,-3.607611e+07,-3.924270e+07,4.241934e-18,705,0
1.176591e-09,1.901728e-03,2.444434e-03,2.500237e-03,1.616846e+06,2.078256e+06,2.125499e+06,-3.692383e-01,-4.720684e-01,-4.335344e-01,4.241934e-18,705,5177
1.176205e-08,1.901738e-02,2.444449e-02,2.500032e-02,1.616914e+06,2.078344e+06,2.125580e+06,-3.508101e-03,-4.446450e-03,-4.471013e-03,4.241934e-18,705,51753
0.000000e+00,6.335976e-08,3.303331e-08,5.313365e-07,0.000000e+00,0.000000e+00,0.000000e+00,-6.048814e+06,-3.039202e+06,-4.262457e+07,3.518958e-18,706,0
8.422727e-10,2.841054e-04,1.711743e-04,2.500500e-03,3.375172e+05,2.033527e+05,2.970485e+06,-2.261384e-01,-1.260697e-01,-1.822157e+00,3.518958e-18,706,3706
8.416136e-09,2.840603e-03,1.711445e-03,2.500007e-02,3.375473e+05,2.033694e+05,2.970728e+06,-2.318891e-03,-1.342219e-03,-1.836949e-02,3.518958e-18,706,37031
0.000000e+00,-5.363163e-09,-1.889526e-07,4.895602e-07,0.000000e+00,0.000000e+00,0.000000e+00,3.686336e+06,2.059578e+07,-3.623029e+07,3.529574e-18,707,0
1.047500e-09,-2.787400e-04,-1.583403e-03,2.500219e-03,-2.662904e+05,-1.512574e+06,2.388032e+06,1.230068e-01,7.103760e-01,-1.015839e+00,3.529574e-18,707,4609
1.046886e-08,-2.787717e-03,-1.583483e-02,2.500004e-02,-2.663107e+05,-1.512691e+06,2.388200e+06,1.260072e-03,6.687289e-03,-1.055993e-02,3.529574e-18,707,46063
0.000000e+00,-1.698489e-07,2.146624e-07,4.836172e-07,0.000000e+00,0.000000e+00,0.000000e+00,1.971450e+07,-2.307128e+07,-3.225164e+07,3.278066e-18,708,0
1.216364e-09,-1.533994e-03,1.848489e-03,2.500407e-03,-1.261785e+06,1.520469e+06,2.056451e+06,4.268036e-01,-5.135242e-01,-6.366375e-01,3.278066e-18,708,5352
1.215682e-08,-1.533924e-02,1.848400e-02,2.500003e-02,-1.261867e+06,1.520568e+06,2.056574e+06,4.060652e-03,-4.939947e-03,-6.663462e-03,3.278066e-18,708,53490
0.000000e+00,5.330443e-08,-1.899478e-07,5.012835e-07,0.000000e+00,0.000000e+00,0.000000e+00,-1.052138e+07,2.378245e+07,-3.047676e+07,3.453046e-18,709,0
1.182500e-09,8.269695e-04,-1.983066e-03,2.500356e-03,6.997962e+05,-1.677995e+06,2.115405e+06,-2.844424e-01,6.186694e-01,-7.210651e-01,3.453046e-18,709,5203
1.181818e-08,8.270247e-03,-1.983070e-02,2.500031e-02,6.998493e+05,-1.678110e+06,2.115540e+06,-2.554316e-03,6.053116e-03,-7.729096e-03,3.453046e-18,709,52000
0.000000e+00,8.943249e-08,-2.475832e-07,3.621549e-07,0.000000e+00,0.000000e+00,0.000000e+00,-1.551594e+07,4.329544e+07,-3.677895e+07,3.983116e-18,710,0
1.259545e-09,1.151887e-03,-3.168906e-03,2.500168e-03,9.148158e+05,-2.516707e+06,1.985391e+06,-1.805160e-01,4.984465e-01,-3.538685e-01,3.983116e-18,710,5542
1.259205e-08,1.151937e-02,-3.169042e-02,2.500027e-02,9.148517e+05,-2.516806e+06,1.985461e+06,-1.724268e-03,4.749320e-03,-3.738066e-03,3.983116e-18,710,55405
0.000000e+00,1.512870e-07,7.967991e-08,5.684023e-07,0.000000e+00,0.000000e+00,0.000000e+00,-1.522527e+07,-1.122701e+07,-3.741659e+07,3.165333e-18,711,0
9.813636e-10,1.075587e-03,7.371209e-04,2.500414e-03,1.096694e+06,7.515899e+05,2.549162e+06,-5.573857e-01,-3.733834e-01,-1.222887e+00,3.165333e-18,711,4318
9.807273e-09,1.075554e-02,7.371008e-03,2.500047e-02,1.096780e+06,7.516478e+05,2.549351e+06,-5.046724e-03,-3.664656e-03,-1.257987e-02,3.165333e-18,711,43152
0.000000e+00,5.553716e-08,2.438778e-07,4.938891e-07,0.000000e+00,0.000000e+00,0.000000e+00,-5.526975e+06,-2.526289e+07,-3.556091e+07,3.322728e-18,712,0
1.100455e-09,3.933825e-04,1.954198e-03,2.500132e-03,3.576407e+05,1.776775e+06,2.272862e+06,-1.273597e-01,-6.975256e-01,-8.232672e-01,3.322728e-18,712,4842
1.099932e-08,3.933800e-03,1.954325e-02,2.500006e-02,3.576628e+05,1.776897e+06,2.273006e+06,-1.163465e-03,-6.614469e-03,-8.547163e-03,3.322728e-18,712,48397
0.000000e+00,1.188941e-07,1.452683e-07,5.668150e-07,0.000000e+00,0.000000e+00,0.000000e+00,-1.213060e+07,-1.634899e+07,-3.716091e+07,3.123618e-18,713,0
9.754545e-10,8.021701e-04,1.097298e-03,2.500378e-03,8.228117e+05,1.125580e+06,2.564519e+06,-3.881788e-01,-5.513567e-01,-1.197150e+00,3.123618e-18,713,4292
9.748409e-09,8.021094e-03,1.097257e-02,2.500012e-02,8.228715e+05,1.125665e+06,2.564703e+06,-3.633097e-03,-5.171537e-03,-1.234994e-02,3.123618e-18,713,42893
0.000000e+00,9.314533e-08,2.139972e-07,4.735172e-07,0.000000e+00,0.000000e+00,0.000000e+00,-1.263593e+07,-2.552678e+07,-3.722650e+07,3.483162e-18,714,0
1.072500e-09,8.713402e-04,1.824678e-03,2.500395e-03,8.128312e+05,1.702252e+06,2.332317e+06,-2.885368e-01,-6.731039e-01,-8.349745e-01,3.483162e-18,714,4719
1.071909e-08,8.712780e-03,1.824651e-02,2.500044e-02,8.128801e+05,1.702366e+06,2.332459e+06,-2.803452e-03,-6.391313e-03,-8.639792e-03,3.483162e-18,714,47164
0.000000e+00,5.143779e-09,-2.452020e-07,2.703169e-07,0.000000e+00,0.000000e+00,0.000000e+00,-2.225542e+06,6.323215e+07,-5.003832e+07,4.772367e-18,715,0
1.041591e-09,1.128411e-04,-3.279709e-03,2.500228e-03,1.083522e+05,-3.149400e+06,2.400753e+06,-1.268303e-02,5.513745e-01,-3.906746e-01,4.772367e-18,715,4583
1.041341e-08,1.128314e-03,-3.279602e-02,2.500014e-02,1.083543e+05,-3.149491e+06,2.400817e+06,-1.276466e-04,5.287718e-03,-3.967628e-03,4.772367e-18,715,45819
0.000000e+00,-6.774769e-08,-1.627665e-07,5.711272e-07,0.000000e+00,0.000000e+00,0.000000e+00,6.209579e+06,1.768703e+07,-3.681263e+07,3.109023e-18,716,0
9.743182e-10,-4.471509e-04,-1.174329e-03,2.500175e-03,-4.592056e+05,-1.206009e+06,2.567335e+06,2.233317e-01,6.082245e-01,-1.226702e+00,3.109023e-18,716,4287
9.737727e-09,-4.471606e-03,-1.174376e-02,2.500015e-02,-4.592399e+05,-1.206102e+06,2.567524e+06,2.229907e-03,5.690185e-03,-1.275190e-02,3.109023e-18,716,42846
0.000000e+00,-5.705374e-08,1.369434e-07,5.126691e-07,0.000000e+00,0.000000e+00,0.000000e+00,8.877715e+06,-1.893696e+07,-4.027979e+07,3.499883e-18,717,0
9.700000e-10,-5.270059e-04,1.235351e-03,2.500472e-03,-5.436331e+05,1.274328e+06,2.579055e+06,2.663670e-01,-6.133777e-01,-1.196024e+00,3.499883e-18,717,4268
9.693636e-09,-5.269758e-03,1.235280e-02,2.500053e-02,-5.436739e+05,1.274422e+06,2.579239e+06,2.593396e-03,-6.139147e-03,-1.226627e-02,3.499883e-18,717,42652
0.000000e+00,1.212263e-07,4.145192e-08,1.882431e-07,0.000000e+00,0.000000e+00,0.000000e+00,-1.084211e+08,-3.662422e+07,-1.494651e+08,7.469057e-18,718,0
4.070455e-10,1.818660e-03,6.138949e-04,2.500539e-03,4.468049e+06,1.508201e+06,6.143203e+06,-6.894183e-01,-2.282168e-01,-9.259558e-01,7.469057e-18,718,1791
4.069545e-09,1.818302e-02,6.137727e-03,2.500020e-02,4.468093e+06,1.508216e+06,6.143263e+06,-6.886810e-03,-2.299617e-03,-9.271438e-03,7.469057e-18,718,17906
0.000000e+00,-7.341861e-08,1.899939e-07,4.290642e-07,0.000000e+00,0.000000e+00,0.000000e+00,1.080572e+07,-2.503791e+07,-4.474276e+07,3.859505e-18,719,0
9.461364e-10,-6.180872e-04,1.415485e-03,2.500461e-03,-6.536529e+05,1.496823e+06,2.643944e+06,3.234796e-01,-6.699989e-01,-1.101469e+00,3.859505e-18,719,4163
9.455682e-09,-6.180717e-03,1.415347e-02,2.500038e-02,-6.537012e+05,1.496923e+06,2.644108e+06,2.888845e-03,-6.568811e-03,-1.121304e-02,3.859505e-18,719,41605
0.000000e+00,7.633377e-08,-5.370024e-08,4.203278e-07,0.000000e+00,0.000000e+00,0.000000e+00,-1.222026e+07,9.983875e+06,-4.732086e+07,4.274832e-18,720,0
8.659091e-10,7.005902e-04,-5.676638e-04,2.500349e-03,8.095547e+05,-6.559872e+05,2.889073e+06,-4.172421e-01,3.616585e-01,-1.525453e+00,4.274832e-18,720,3810
8.653409e-09,7.005365e-03,-5.676483e-03,2.500035e-02,8.096118e+05,-6.560367e+05,2.889282e+06,-4.131821e-03,3.486922e-03,-1.537103e-02,4.274832e-18,720,38075
0.000000e+00,1.316329e-07,2.508842e-08,5.687778e-07,0.000000e+00,0.000000e+00,0.000000e+00,-7.661846e+05,2.303531e+07,-8.169724e+07,3.247715e-18,721,0
6.422727e-10,5.943988e-05,-6.759786e-04,2.500534e-03,9.240906e+04,-1.052916e+06,3.893899e+06,-4.791591e-02,4.710235e-01,-1.694926e+00,3.247715e-18,721,2826
6.420227e-09,5.933984e-04,-6.759907e-03,2.500013e-02,9.241391e+04,-1.052964e+06,3.894071e+06,-3.160630e-04,4.728807e-03,-1.702194e-02,3.247715e-18,721,28249
0.000000e+00,1.558069e-07,-4.643116e-08,6.152210e-07,0.000000e+00,0.000000e+00,0.000000e+00,-1.295413e+07,9.617580e+05,-3.176207e+07,2.942774e-18,722,0
1.032045e-09,9.842399e-04,-2.443984e-04,2.500057e-03,9.543998e+05,-2.370121e+05,2.423982e+06,-5.584553e-01,1.499289e-01,-1.354099e+00,2.942774e-18,722,4541
1.031364e-08,9.843287e-03,-2.444435e-03,2.500016e-02,9.544908e+05,-2.370365e+05,2.424203e+06,-5.380042e-03,1.409101e-03,-1.414121e-02,2.942774e-18,722,45380
0.000000e+00,2.108751e-07,-1.173079e-07,5.251797e-07,0.000000e+00,0.000000e+00,0.000000e+00,-2.344513e+07,1.202262e+07,-3.376230e+07,3.189722e-18,723,0
1.105000e-09,1.749686e-03,-9.446011e-04,2.500027e-03,1.584288e+06,-8.553249e+05,2.263411e+06,-6.197813e-01,3.422195e-01,-8.214296e-01,3.189722e-18,723,4862
1.104523e-08,1.749876e-02,-9.447216e-03,2.500003e-02,1.584396e+06,-8.553846e+05,2.263555e+06,-5.916277e-03,3.145523e-03,-8.541805e-03,3.189722e-18,723,48599
0.000000e+00,1.484804e-07,1.445097e-07,4.227454e-07,0.000000e+00,0.000000e+00,0.000000e+00,-1.847523e+07,-2.118993e+07,-4.178594e+07,3.895780e-18,724,0
1.017045e-09,1.254113e-03,1.343278e-03,2.500050e-03,1.233731e+06,1.321456e+06,2.459193e+06,-4.940907e-01,-5.349651e-01,-9.406770e-01,3.895780e-18,724,4475
1.016591e-08,1.254195e-02,1.343375e-02,2.500001e-02,1.233810e+06,1.321542e+06,2.459344e+06,-4.600270e-03,-5.079524e-03,-9.612958e-03,3.895780e-18,724,44730
0.000000e+00,-5.406901e-08,-6.375401e-08,3.100100e-07,0.000000e+00,0.000000e+00,0.000000e+00,2.453135e+07,3.108295e+07,-8.731245e+07,5.520521e-18,725,0
6.088636e-10,-7.162227e-04,-9.088672e-04,2.500155e-03,-1.176626e+06,-1.493108e+06,4.107024e+06,4.244040e-01,5.308731e-01,-1.401969e+00,5.520521e-18,725,2679
6.087273e-09,-7.162444e-03,-9.088957e-03,2.500072e-02,-1.176666e+06,-1.493159e+06,4.107159e+06,4.187547e-03,5.297267e-03,-1.403106e-02,5.520521e-18,725,26784
0.000000e+00,1.526751e-07,-3.662045e-08,4.545371e-07,0.000000e+00,0.000000e+00,0.000000e+00,-2.147352e+07,6.685061e+06,-4.168057e+07,3.855352e-18,726,0
9.500000e-10,1.368058e-03,-3.718547e-04,2.500520e-03,1.440942e+06,-3.916191e+05,2.633383e+06,-7.091804e-01,1.715822e-01,-1.178711e+00,3.855352e-18,726,4180
9.493636e-09,1.367969e-02,-3.717887e-03,2.500044e-02,1.441048e+06,-3.916448e+05,2.633560e+06,-6.618682e-03,1.580172e-03,-1.201000e-02,3.855352e-18,726,41772
0.000000e+00,1.522958e-07,1.908417e-08,4.752407e-07,0.000000e+00,0.000000e+00,0.000000e+00,-1.680823e+07,-1.752061e+06,-3.205816e+07,3.741843e-18,727,0
1.036136e-09,1.390466e-03,9.959738e-05,2.500103e-03,1.342930e+06,9.617034e+04,2.414360e+06,-6.712054e-01,-3.645614e-02,-1.151696e+00,3.741843e-18,727,4559
1.035477e-08,1.390559e-02,9.958198e-04,2.500010e-02,1.343040e+06,9.617630e+04,2.414548e+06,-6.225928e-03,-3.918290e-04,-1.193466e-02,3.741843e-18,727,45561
0.000000e+00,1.629070e-07,1.355016e-07,4.208288e-07,0.000000e+00,0.000000e+00,0.000000e+00,-2.792054e+07,-1.512072e+07,-3.965466e+07,3.887107e-18,728,0
1.058409e-09,1.827767e-03,1.017455e-03,2.500321e-03,1.727769e+06,9.617243e+05,2.363245e+06,-6.289495e-01,-3.297053e-01,-7.949528e-01,3.887107e-18,728,4657
1.057864e-08,1.827735e-02,1.017372e-02,2.500000e-02,1.727874e+06,9.617794e+05,2.363378e+06,-5.928480e-03,-3.133476e-03,-8.130250e-03,3.887107e-18,728,46546
0.000000e+00,-1.659750e-07,9.532127e-08,5.706053e-07,0.000000e+00,0.000000e+00,0.000000e+00,1.676353e+07,-9.582134e+06,-3.464767e+07,3.081492e-18,729,0
1.028636e-09,-1.202974e-03,7.359146e-04,2.500383e-03,-1.170227e+06,7.158644e+05,2.431995e+06,5.810249e-01,-3.351032e-01,-1.119760e+00,3.081492e-18,729,4526
1.027977e-08,-1.202963e-02,7.358890e-03,2.500049e-02,-1.170322e+06,7.159188e+05,2.432177e+06,5.640089e-03,-3.395103e-03,-1.174480e-02,3.081492e-18,729,45231
0.000000e+00,1.932829e-07,-2.012528e-07,3.721896e-07,0.000000e+00,0.000000e+00,0.000000e+00,-2.805880e+07,3.123241e+07,-3.567294e+07,3.833286e-18,730,0
1.250682e-09,2.090257e-03,-2.351521e-03,2.500391e-03,1.671879e+06,-1.880875e+06,1.999734e+06,-3.766217e-01,4.307322e-01,-4.123164e-01,3.833286e-18,730,5503
1.250182e-08,2.090149e-02,-2.351429e-02,2.500043e-02,1.671953e+06,-1.880960e+06,1.999815e+06,-3.587298e-03,4.091640e-03,-4.265402e-03,3.833286e-18,730,55008
0.000000e+00,-9.793273e-08,-4.791513e-08,4.054685e-07,0.000000e+00,0.000000e+00,0.000000e+00,1.692964e+07,9.929675e+06,-5.115303e+07,4.361447e-18,731,0
8.613636e-10,-9.132853e-04,-4.759634e-04,2.500248e-03,-1.060895e+06,-5.529178e+05,2.904105e+06,5.484442e-01,3.097176e-01,-1.480877e+00,4.361447e-18,731,3790
8.608636e-09,-9.132804e-03,-4.759839e-03,2.500044e-02,-1.060969e+06,-5.529600e+05,2.904307e+06,5.443599e-03,3.044163e-03,-1.487786e-02,4.361447e-18,731,37878
0.000000e+00,-2.241474e-08,-4.597533e-08,4.396803e-07,0.000000e+00,0.000000e+00,0.000000e+00,-2.024386e+06,2.100392e+07,-5.090308e+07,4.197822e-18,732,0
8.386364e-10,-6.680601e-05,-1.021771e-03,2.500427e-03,-7.971434e+04,-1.219078e+06,2.982877e+06,3.428820e-02,6.040616e-01,-1.456609e+00,4.197822e-18,732,3690
8.381364e-09,-6.680979e-04,-1.021744e-02,2.500066e-02,-7.971888e+04,-1.219158e+06,2.983070e+06,3.846836e-04,6.219996e-03,-1.479288e-02,4.197822e-18,732,36878
0.000000e+00,5.276716e-08,2.045827e-07,2.891604e-07,0.000000e+00,0.000000e+00,0.000000e+00,-1.485174e+07,-5.340479e+07,-5.776759e+07,4.932532e-18,733,0
8.822727e-10,6.578165e-04,2.384120e-03,2.500319e-03,7.457637e+05,2.702905e+06,2.834485e+06,-1.680528e-01,-6.559862e-01,-6.417682e-01,4.932532e-18,733,3882
8.820000e-09,6.577639e-03,2.383965e-02,2.500028e-02,7.457871e+05,2.702997e+06,2.834575e+06,-1.729030e-03,-6.488485e-03,-6.578766e-03,4.932532e-18,733,38808
0.000000e+00,2.135139e-07,-4.000259e-08,2.869867e-07,0.000000e+00,0.000000e+00,0.000000e+00,-5.620767e+07,1.136700e+07,-5.649925e+07,4.894507e-18,734,0
9.086364e-10,2.582078e-03,-5.206990e-04,2.500047e-03,2.842374e+06,-5.731930e+05,2.751919e+06,-6.439378e-01,1.305473e-01,-5.858798e-01,4.894507e-18,734,3998
9.084545e-09,2.582169e-02,-5.207199e-03,2.500005e-02,2.842466e+06,-5.732117e+05,2.752003e+06,-6.339766e-03,1.301366e-03,-5.983728e-03,4.894507e-18,734,39972
0.000000e+00,2.052152e-07,1.724187e-07,4.659690e-07,0.000000e+00,0.000000e+00,0.000000e+00,-2.427020e+07,-2.369139e+07,-3.654831e+07,3.400181e-18,735,0
1.103864e-09,1.711088e-03,1.613207e-03,2.500193e-03,1.550778e+06,1.462036e+06,2.265732e+06,-5.109384e-01,-4.573283e-01,-7.002843e-01,3.400181e-18,735,4857
1.103409e-08,1.711140e-02,1.613221e-02,2.500043e-02,1.550867e+06,1.462115e+06,2.265854e+06,-4.777124e-03,-4.295597e-03,-7.210223e-03,3.400181e-18,735,48550
0.000000e+00,7.342369e-08,2.709423e-07,3.367368e-07,0.000000e+00,0.000000e+00,0.000000e+00,-1.074429e+07,-4.785717e+07,-3.659776e+07,4.067037e-18,736,0
1.284545e-09,8.039805e-04,3.481961e-03,2.500329e-03,6.260599e+05,2.711463e+06,1.946868e+06,-1.112493e-01,-5.031226e-01,-3.283343e-01,4.067037e-18,736,5652
1.284114e-08,8.039314e-03,3.481820e-02,2.500013e-02,6.260824e+05,2.711565e+06,1.946935e+06,-1.064686e-03,-4.669359e-03,-3.426760e-03,4.067037e-18,736,56501
0.000000e+00,-2.096847e-08,-7.258528e-08,3.090914e-07,0.000000e+00,0.000000e+00,0.000000e+00,5.739352e+06,3.086019e+07,-8.837731e+07,5.559554e-18,737,0
5.950000e-10,-1.689668e-04,-8.992089e-04,2.500725e-03,-2.840472e+05,-1.511689e+06,4.203770e+06,1.151444e-01,5.926221e-01,-1.568768e+00,5.559554e-18,737,2618
5.947045e-09,-1.689248e-03,-8.990081e-03,2.500014e-02,-2.840580e+05,-1.511744e+06,4.203917e+06,1.143496e-03,5.912778e-03,-1.570333e-02,5.559554e-18,737,26167
0.000000e+00,-1.757195e-07,-1.615790e-07,3.721550e-07,0.000000e+00,0.000000e+00,0.000000e+00,2.985713e+07,3.090598e+07,-4.017697e+07,4.067044e-18,738,0
1.250000e-09,-2.340991e-03,-2.453558e-03,2.500114e-03,-1.873409e+06,-1.963507e+06,2.000504e+06,3.732486e-01,3.900351e-01,-3.699645e-01,4.067044e-18,738,5500
1.249682e-08,-2.341157e-02,-2.453748e-02,2.500010e-02,-1.873482e+06,-1.963584e+06,2.000578e+06,3.604556e-03,3.733718e-03,-3.812647e-03,4.067044e-18,738,54986
0.000000e+00,-6.465696e-08,2.133017e-07,2.927204e-07,0.000000e+00,0.000000e+00,0.000000e+00,1.673740e+07,-5.278527e+07,-5.384096e+07,4.809983e-18,739,0
9.363636e-10,-8.103294e-04,2.549858e-03,2.500024e-03,-8.656131e+05,2.723821e+06,2.670431e+06,1.942677e-01,-6.176359e-01,-5.658055e-01,4.809983e-18,739,4120
9.361818e-09,-8.103714e-03,2.549992e-02,2.500020e-02,-8.656418e+05,2.723912e+06,2.670515e+06,1.898752e-03,-6.011815e-03,-5.716754e-03,4.809983e-18,739,41192
0.000000e+00,-6.549824e-08,-6.624872e-08,1.483969e-07,0.000000e+00,0.000000e+00,0.000000e+00,1.251296e+08,1.273177e+08,-2.642039e+08,9.535977e-18,740,0
2.356818e-10,-1.185566e-03,-1.206302e-03,2.502326e-03,-5.030247e+06,-5.118229e+06,1.061708e+07,5.020773e-01,5.113320e-01,-1.044791e+00,9.535977e-18,740,1037
2.354773e-09,-1.184515e-02,-1.205233e-02,2.500095e-02,-5.030265e+06,-5.118248e+06,1.061712e+07,5.026362e-03,5.117231e-03,-1.046948e-02,9.535977e-18,740,10361
0.000000e+00,-6.890993e-08,1.133980e-07,2.744396e-07,0.000000e+00,0.000000e+00,0.000000e+00,2.731825e+07,-4.528819e+07,-8.847122e+07,5.755454e-18,741,0
6.179545e-10,-7.879074e-04,1.303090e-03,2.500427e-03,-1.275269e+06,2.109113e+06,4.046912e+06,3.828785e-01,-6.271744e-01,-1.162929e+00,5.755454e-18,741,2719
6.177727e-09,-7.878283e-03,1.302956e-02,2.500086e-02,-1.275306e+06,2.109174e+06,4.047025e+06,3.796320e-03,-6.287938e-03,-1.165741e-02,5.755454e-18,741,27182
0.000000e+00,1.174491e-07,-5.590420e-08,4.881652e-07,0.000000e+00,0.000000e+00,0.000000e+00,-1.840102e+07,-1.697705e+06,-4.649941e+07,3.709810e-18,742,0
8.640909e-10,1.139537e-03,1.189035e-04,2.500114e-03,1.319546e+06,1.377513e+05,2.894615e+06,-6.738458e-01,-6.429279e-02,-1.373005e+00,3.709810e-18,742,3802
8.636818e-09,1.139660e-02,1.189664e-03,2.500037e-02,1.319638e+06,1.377601e+05,2.894802e+06,-6.594336e-03,-7.452628e-04,-1.404933e-02,3.709810e-18,742,38002
0.000000e+00,-1.264077e-07,-5.811568e-08,2.690543e-07,0.000000e+00,0.000000e+00,0.000000e+00,5.268545e+07,2.440574e+07,-8.747454e+07,5.754789e-18,743,0
6.306818e-10,-1.534817e-03,-7.117708e-04,2.500715e-03,-2.434016e+06,-1.128779e+06,3.965649e+06,6.703871e-01,3.161770e-01,-1.056697e+00,5.754789e-18,743,2775
6.304318e-09,-1.534485e-02,-7.116202e-03,2.500086e-02,-2.434083e+06,-1.128811e+06,3.965754e+06,6.658851e-03,3.158636e-03,-1.057983e-02,5.754789e-18,743,27739
0.000000e+00,4.736793e-08,2.798777e-08,4.828926e-07,0.000000e+00,0.000000e+00,0.000000e+00,-9.284690e+06,-2.656501e+06,-4.620892e+07,3.856827e-18,744,0
8.577273e-10,5.801695e-04,4.048196e-05,2.500416e-03,6.768779e+05,4.717379e+04,2.916842e+06,-4.015818e-01,-1.367573e-02,-1.721346e+00,3.856827e-18,744,3774
8.570909e-09,5.801399e-03,4.043538e-04,2.500004e-02,6.769323e+05,4.717566e+04,2.917076e+06,-3.921455e-03,-2.632788e-04,-1.739847e-02,3.856827e-18,744,37712
0.000000e+00,1.555537e-07,-1.333084e-07,5.004335e-07,0.000000e+00,0.000000e+00,0.000000e+00,-1.734204e+07,1.809113e+07,-3.566044e+07,3.422366e-18,745,0
1.077273e-09,1.297493e-03,-1.244405e-03,2.500168e-03,1.205120e+06,-1.155817e+06,2.321911e+06,-5.061274e-01,4.863235e-01,-9.286399e-01,3.422366e-18,745,4740
1.076705e-08,1.297552e-02,-1.244468e-02,2.500023e-02,1.205206e+06,-1.155900e+06,2.322069e+06,-4.695566e-03,4.687657e-03,-9.618458e-03,3.422366e-18,745,47375
0.000000e+00,-1.696084e-07,8.279175e-08,3.545393e-07,0.000000e+00,0.000000e+00,0.000000e+00,3.207973e+07,-2.038419e+07,-5.605652e+07,4.489478e-18,746,0
8.331818e-10,-1.513968e-03,9.462262e-04,2.500562e-03,-1.817716e+06,1.136092e+06,3.002071e+06,6.371190e-01,-3.995631e-01,-9.982056e-01,4.489478e-18,746,3666
8.327727e-09,-1.513745e-02,9.461047e-03,2.500054e-02,-1.817800e+06,1.136145e+06,3.002203e+06,6.208288e-03,-3.928601e-03,-1.005765e-02,4.489478e-18,746,36642
0.000000e+00,1.720934e-08,1.416977e-07,5.264599e-07,0.000000e+00,0.000000e+00,0.000000e+00,-9.416361e+05,-1.734018e+07,-4.128278e+07,3.437717e-18,747,0
9.240909e-10,7.945622e-05,1.077203e-03,2.500467e-03,8.602491e+04,1.166424e+06,2.707238e+06,-3.873950e-02,-6.335449e-01,-1.372777e+00,3.437717e-18,747,4066
9.234545e-09,7.944012e-04,1.077135e-02,2.500022e-02,8.603057e+04,1.166516e+06,2.707438e+06,-3.923928e-04,-5.928579e-03,-1.401024e-02,3.437717e-18,747,40632
0.000000e+00,-1.205231e-08,1.396583e-08,6.720614e-07,0.000000e+00,0.000000e+00,0.000000e+00,-4.542353e+05,-1.350800e+06,-3.753512e+07,2.796316e-18,748,0
9.011364e-10,4.418355e-05,6.762051e-05,2.500209e-03,4.908837e+04,7.508402e+04,2.776136e+06,-2.518711e-02,-3.867808e-02,-1.730951e+00,2.796316e-18,748,3965
9.005455e-09,4.420354e-04,6.761623e-04,2.500055e-02,4.909196e+04,7.508953e+04,2.776383e+06,-2.362511e-04,-4.164374e-04,-1.789944e-02,2.796316e-18,748,39624
0.000000e+00,-3.878142e-08,2.552160e-08,5.955552e-07,0.000000e+00,0.000000e+00,0.000000e+00,2.629463e+06,-3.348087e+06,-3.982144e+07,3.175818e-18,749,0
8.704545e-10,-1.681571e-04,1.811018e-04,2.500325e-03,-1.933023e+05,2.080520e+05,2.874221e+06,1.171055e-01,-1.081633e-02,-1.831425e+00,3.175818e-18,749,3830
8.698182e-09,-1.681379e-03,1.809686e-03,2.500058e-02,-1.933184e+05,2.080536e+05,2.874473e+06,1.098813e-03,1.554484e-04,-1.844331e-02,3.175818e-18,749,38272
0.000000e+00,1.863124e-07,1.551615e-07,4.341535e-07,0.000000e+00,0.000000e+00,0.000000e+00,-2.567634e+07,-1.819450e+07,-3.692219e+07,3.679262e-18,750,0
1.127955e-09,1.814608e-03,1.388093e-03,2.500427e-03,1.609556e+06,1.231185e+06,2.217600e+06,-5.562531e-01,-3.880667e-01,-6.900163e-01,3.679262e-18,750,4963
1.127341e-08,1.814512e-02,1.387960e-02,2.500002e-02,1.609655e+06,1.231254e+06,2.217723e+06,-5.204937e-03,-3.782993e-03,-7.206574e-03,3.679262e-18,750,49603
0.000000e+00,2.918642e-09,-4.043597e-08,4.118947e-07,0.000000e+00,0.000000e+00,0.000000e+00,-1.501359e+07,3.236135e+06,-6.544229e+07,4.451406e-18,751,0
6.897727e-10,5.366219e-04,-1.474049e-04,2.500175e-03,7.783359e+05,-2.137732e+05,3.625910e+06,-3.642054e-01,1.159782e-01,-1.771139e+00,4.451406e-18,751,3035
6.895000e-09,5.366577e-03,-1.473981e-03,2.500076e-02,7.783756e+05,-2.137859e+05,3.626103e+06,-3.615034e-03,1.123702e-03,-1.775455e-02,4.451406e-18,751,30338
0.000000e+00,-1.525172e-07,7.660111e-08,4.622645e-07,0.000000e+00,0.000000e+00,0.000000e+00,2.063466e+07,-1.194199e+07,-4.412349e+07,3.747523e-18,752,0
9.406818e-10,-1.298396e-03,7.538770e-04,2.500082e-03,-1.381015e+06,8.018859e+05,2.658894e+06,6.191566e-01,-3.791124e-01,-1.145788e+00,3.747523e-18,752,4139
9.402500e-09,-1.298494e-02,7.539684e-03,2.500035e-02,-1.381107e+06,8.019422e+05,2.659064e+06,6.029591e-03,-3.637911e-03,-1.173807e-02,3.747523e-18,752,41371
0.000000e+00,-1.868025e-07,-3.895340e-08,3.230098e-07,0.000000e+00,0.000000e+00,0.000000e+00,5.271307e+07,1.163744e+07,-5.865558e+07,4.747376e-18,753,0
8.695455e-10,-2.336846e-03,-5.272610e-04,2.500331e-03,-2.688123e+06,-6.065399e+05,2.875959e+06,6.757932e-01,1.654893e-01,-6.720431e-01,4.747376e-18,753,3826
8.692727e-09,-2.336712e-02,-5.272480e-03,2.500008e-02,-2.688216e+06,-6.065627e+05,2.876052e+06,6.614237e-03,1.572258e-03,-6.878052e-03,4.747376e-18,753,38248
0.000000e+00,-5.798754e-08,-1.770420e-08,6.780494e-07,0.000000e+00,0.000000e+00,0.000000e+00,6.188902e+06,-5.766012e+05,-4.388695e+07,2.764246e-18,754,0
8.695455e-10,-3.730488e-04,-2.025260e-05,2.500319e-03,-4.293149e+05,-2.332530e+04,2.876903e+06,2.865120e-01,3.773848e-02,-1.744030e+00,2.764246e-18,754,3826
8.690000e-09,-3.730741e-03,-2.027005e-04,2.500056e-02,-4.293543e+05,-2.333047e+04,2.877143e+06,2.712511e-03,3.412245e-04,-1.754298e-02,2.764246e-18,754,38236
0.000000e+00,1.246973e-07,-9.549320e-08,4.882074e-07,0.000000e+00,0.000000e+00,0.000000e+00,-1.304170e+07,2.124779e+07,-3.962535e+07,3.634883e-18,755,0
9.922727e-10,9.147210e-04,-1.332184e-03,2.500508e-03,9.223537e+05,-1.343368e+06,2.521098e+06,-4.091419e-01,6.003687e-01,-1.044189e+00,3.634883e-18,755,4366
9.916364e-09,9.146363e-03,-1.332121e-02,2.500023e-02,9.224178e+05,-1.343462e+06,2.521262e+06,-3.723520e-03,5.749567e-03,-1.075946e-02,3.634883e-18,755,43632
0.000000e+00,1.745157e-07,-4.434818e-08,2.090259e-07,0.000000e+00,0.000000e+00,0.000000e+00,-9.302023e+07,2.415362e+07,-8.686609e+07,6.228514e-18,756,0
6.711364e-10,2.707207e-03,-7.030134e-04,2.500257e-03,4.034113e+06,-1.047590e+06,3.725624e+06,-6.105051e-01,1.609870e-01,-5.405955e-01,6.228514e-18,756,2953
6.710455e-09,2.707082e-02,-7.029831e-03,2.500077e-02,4.034177e+06,-1.047608e+06,3.725681e+06,-6.070835e-03,1.589555e-03,-5.417905e-03,6.228514e-18,756,29526
0.000000e+00,-2.713508e-07,2.463686e-08,4.072860e-07,0.000000e+00,0.000000e+00,0.000000e+00,3.691688e+07,-3.426444e+06,-3.933939e+07,3.688652e-18,757,0
1.110909e-09,-2.544034e-03,1.964733e-04,2.500329e-03,-2.290933e+06,1.769120e+05,2.251355e+06,6.503715e-01,-4.556305e-02,-5.891001e-01,3.688652e-18,757,4888
1.110455e-08,-2.543973e-02,1.964533e-03,2.500041e-02,-2.291047e+06,1.769200e+05,2.251458e+06,6.103550e-03,-4.683335e-04,-6.170480e-03,3.688652e-18,757,48860
0.000000e+00,-1.276839e-08,4.574909e-08,1.710329e-07,0.000000e+00,0.000000e+00,0.000000e+00,1.534374e+07,-8.773033e+07,-3.009033e+08,9.470091e-18,758,0
2.068182e-10,-1.275866e-04,7.297670e-04,2.502228e-03,-6.168640e+05,3.528451e+06,1.209829e+07,8.827887e-02,-4.790314e-01,-1.638340e+00,9.470091e-18,758,910
2.066591e-09,-1.274818e-03,7.291909e-03,2.500239e-02,-6.168669e+05,3.528467e+06,1.209835e+07,8.831046e-04,-4.796685e-03,-1.641752e-02,9.470091e-18,758,9093
0.000000e+00,-9.845725e-08,-1.597186e-07,3.869007e-07,0.000000e+00,0.000000e+00,0.000000e+00,1.642070e+07,3.035534e+07,-4.337534e+07,4.219431e-18,759,0
1.026591e-09,-1.044767e-03,-1.871664e-03,2.500125e-03,-1.018159e+06,-1.824016e+06,2.436192e+06,3.422676e-01,6.233492e-01,-7.589939e-01,4.219431e-18,759,4517
1.026205e-08,-1.044835e-02,-1.871806e-02,2.500041e-02,-1.018214e+06,-1.824118e+06,2.436316e+06,3.304686e-03,5.852636e-03,-7.778000e-03,4.219431e-18,759,45153
0.000000e+00,2.403277e-07,3.192097e-09,4.733515e-07,0.000000e+00,0.000000e+00,0.000000e+00,-3.310013e+07,-1.543623e+06,-3.688717e+07,3.471455e-18,760,0
1.114773e-09,2.399793e-03,1.191438e-04,2.500067e-03,2.153714e+06,1.069691e+05,2.243421e+06,-6.964693e-01,-5.761644e-02,-6.733021e-01,3.471455e-18,760,4905
1.114364e-08,2.400011e-02,1.192007e-03,2.500001e-02,2.153836e+06,1.069793e+05,2.243539e+06,-6.565352e-03,-5.191577e-04,-6.904764e-03,3.471455e-18,760,49032
0.000000e+00,1.246557e-07,1.766525e-07,3.945412e-07,0.000000e+00,0.000000e+00,0.000000e+00,-2.036900e+07,-2.868666e+07,-4.356863e+07,4.045993e-18,761,0
9.988636e-10,1.128638e-03,1.907124e-03,2.500414e-03,1.130341e+06,1.910112e+06,2.504060e+06,-3.538952e-01,-6.223175e-01,-7.674684e-01,4.045993e-18,761,4395
9.983864e-09,1.128517e-02,1.907021e-02,2.500029e-02,1.130397e+06,1.910210e+06,2.504181e+06,-3.370668e-03,-5.990553e-03,-7.812907e-03,4.045993e-18,761,43929
0.000000e+00,3.660251e-08,5.782645e-08,3.571287e-07,0.000000e+00,0.000000e+00,0.000000e+00,-8.451331e+06,-1.302757e+07,-7.095234e+07,4.963724e-18,762,0
6.584091e-10,3.109925e-04,4.671844e-04,2.500589e-03,4.725029e+05,7.098127e+05,3.799178e+06,-2.076227e-01,-3.245993e-01,-1.774197e+00,4.963724e-18,762,2897
6.580455e-09,3.109282e-03,4.670893e-03,2.500040e-02,4.725245e+05,7.098464e+05,3.799362e+06,-2.099461e-03,-3.269563e-03,-1.778107e-02,4.963724e-18,762,28954
0.000000e+00,-2.803944e-07,5.578204e-08,3.677764e-07,0.000000e+00,0.000000e+00,0.000000e+00,4.472897e+07,-9.027530e+06,-3.365193e+07,3.840026e-18,763,0
1.341364e-09,-3.499686e-03,7.258153e-04,2.500249e-03,-2.609864e+06,5.412963e+05,1.864357e+06,4.820777e-01,-1.125680e-01,-3.157195e-01,3.840026e-18,763,5902
1.340955e-08,-3.499702e-02,7.258516e-03,2.500031e-02,-2.609966e+06,5.413201e+05,1.864424e+06,4.676198e-03,-9.642199e-04,-3.335698e-03,3.840026e-18,763,59002
0.000000e+00,9.935679e-08,2.801466e-08,3.968389e-07,0.000000e+00,0.000000e+00,0.000000e+00,-2.196585e+07,-4.389533e+06,-5.569992e+07,4.458164e-18,764,0
7.897727e-10,1.047627e-03,2.031613e-04,2.500388e-03,1.327154e+06,2.573669e+05,3.167234e+06,-6.453138e-01,-1.339552e-01,-1.473649e+00,4.458164e-18,764,3475
7.893409e-09,1.047572e-02,2.031501e-03,2.500035e-02,1.327235e+06,2.573837e+05,3.167418e+06,-6.358198e-03,-1.347359e-03,-1.486295e-02,4.458164e-18,764,34731
0.000000e+00,1.864638e-08,1.870022e-08,1.365232e-07,0.000000e+00,0.000000e+00,0.000000e+00,-8.500476e+07,-7.833464e+07,-5.018796e+08,1.192938e-17,765,0
1.247727e-10,4.241587e-04,3.908640e-04,2.504017e-03,3.399347e+06,3.132499e+06,2.006779e+07,-3.027885e-01,-2.725531e-01,-1.699376e+00,1.192938e-17,765,549
1.245909e-09,4.235295e-03,3.902828e-03,2.500278e-02,3.399353e+06,3.132505e+06,2.006782e+07,-2.914019e-03,-2.675083e-03,-1.711559e-02,1.192938e-17,765,5482
0.000000e+00,1.974731e-07,8.862505e-09,4.764750e-07,0.000000e+00,0.000000e+00,0.000000e+00,-2.424267e+07,-3.984021e+06,-3.594702e+07,3.606683e-18,766,0
1.064545e-09,1.685612e-03,2.352609e-04,2.500274e-03,1.584301e+06,2.211662e+05,2.349861e+06,-6.728126e-01,-1.135903e-01,-9.977183e-01,3.606683e-18,766,4684
1.063909e-08,1.685547e-02,2.352978e-03,2.500046e-02,1.584414e+06,2.211853e+05,2.350029e+06,-6.153020e-03,-1.071822e-03,-1.029514e-02,3.606683e-18,766,46812
0.000000e+00,9.896106e-08,-1.065379e-07,2.731363e-07,0.000000e+00,0.000000e+00,0.000000e+00,-4.024500e+07,4.158596e+07,-8.554943e+07,5.652865e-18,767,0
6.422727e-10,1.200797e-03,-1.239308e-03,2.500487e-03,1.869960e+06,-1.929911e+06,3.893736e+06,-5.310728e-01,5.301575e-01,-1.032724e+00,5.652865e-18,767,2826
6.420682e-09,1.200645e-02,-1.239138e-02,2.500059e-02,1.870014e+06,-1.929965e+06,3.893841e+06,-5.192732e-03,5.338430e-03,-1.038183e-02,5.652865e-18,767,28251
0.000000e+00,-1.558974e-07,8.555778e-08,6.156431e-07,0.000000e+00,0.000000e+00,0.000000e+00,1.542512e+07,-4.374107e+06,-3.186878e+07,2.898513e-18,768,0
1.014091e-09,-1.091861e-03,3.000571e-04,2.500222e-03,-1.077450e+06,2.960934e+05,2.466862e+06,6.056278e-01,-1.904534e-01,-1.267264e+00,2.898513e-18,768,4462
1.013432e-08,-1.091919e-02,3.000723e-03,2.500010e-02,-1.077548e+06,2.961235e+05,2.467065e+06,5.874101e-03,-1.638962e-03,-1.340628e-02,2.898513e-18,768,44591
0.000000e+00,-1.236852e-07,1.975996e-07,3.642057e-07,0.000000e+00,0.000000e+00,0.000000e+00,2.392909e+07,-3.491764e+07,-4.335948e+07,4.166670e-18,769,0
1.081818e-09,-1.539767e-03,2.233562e-03,2.500347e-03,-1.423819e+06,2.065344e+06,2.311825e+06,3.627144e-01,-5.231227e-01,-5.463678e-01,4.166670e-18,769,4760
1.081409e-08,-1.539726e-02,2.233478e-02,2.500041e-02,-1.423881e+06,2.065434e+06,2.311919e+06,3.560834e-03,-5.017320e-03,-5.570530e-03,4.166670e-18,769,47582
0.000000e+00,4.607958e-08,2.390796e-07,3.950016e-07,0.000000e+00,0.000000e+00,0.000000e+00,-4.217324e+06,-2.884565e+07,-4.059940e+07,3.919756e-18,770,0
1.043182e-09,3.324466e-04,1.964441e-03,2.500202e-03,3.188491e+05,1.884029e+06,2.397677e+06,-1.186496e-01,-6.908422e-01,-8.410246e-01,3.919756e-18,770,4590
1.042682e-08,3.324571e-03,1.964437e-02,2.500021e-02,3.188698e+05,1.884144e+06,2.397816e+06,-1.136227e-03,-6.650587e-03,-8.626191e-03,3.919756e-18,770,45878
0.000000e+00,6.780651e-08,5.180250e-08,6.558630e-07,0.000000e+00,0.000000e+00,0.000000e+00,-6.622457e+06,-5.980790e+06,-3.656424e+07,2.836045e-18,771,0
9.279545e-10,4.690931e-04,3.418299e-04,2.500595e-03,5.059000e+05,3.686245e+05,2.696332e+06,-3.309227e-01,-2.381038e-01,-1.632836e+00,2.836045e-18,771,4083
9.271818e-09,4.690587e-03,3.417816e-03,2.500009e-02,5.059485e+05,3.686582e+05,2.696573e+06,-3.143842e-03,-2.260807e-03,-1.663382e-02,2.836045e-18,771,40796
0.000000e+00,1.095458e-07,-4.615448e-08,6.402354e-07,0.000000e+00,0.000000e+00,0.000000e+00,-7.529996e+06,6.070169e+06,-3.276920e+07,2.887741e-18,772,0
9.622727e-10,4.786106e-04,-3.399279e-04,2.500421e-03,4.977116e+05,-3.535016e+05,2.600145e+06,-3.295248e-01,2.060471e-01,-1.613586e+00,2.887741e-18,772,4234
9.615000e-09,4.785528e-03,-3.398904e-03,2.500053e-02,4.977612e+05,-3.535328e+05,2.600392e+06,-3.250615e-03,2.123330e-03,-1.658136e-02,2.887741e-18,772,42306
0.000000e+00,2.278516e-07,-1.067145e-07,4.679656e-07,0.000000e+00,0.000000e+00,0.000000e+00,-2.755522e+07,1.386922e+07,-3.508234e+07,3.446918e-18,773,0
1.070227e-09,2.107173e-03,-8.966731e-04,2.500404e-03,1.969757e+06,-8.381402e+05,2.337105e+06,-6.143584e-01,2.410206e-01,-7.018751e-01,3.446918e-18,773,4709
1.069705e-08,2.107050e-02,-8.965621e-03,2.500024e-02,1.969862e+06,-8.381809e+05,2.337224e+06,-6.209972e-03,2.517281e-03,-7.265592e-03,3.446918e-18,773,47067
0.000000e+00,-2.360363e-07,9.316116e-08,3.541147e-07,0.000000e+00,0.000000e+00,0.000000e+00,4.033165e+07,-1.638398e+07,-3.553121e+07,4.114215e-18,774,0
1.259545e-09,-3.033036e-03,1.188693e-03,2.500296e-03,-2.408869e+06,9.440710e+05,1.985572e+06,5.128461e-01,-2.015880e-01,-3.868044e-01,4.114215e-18,774,5542
1.259091e-08,-3.032976e-02,1.188668e-02,2.500026e-02,-2.408971e+06,9.441110e+05,1.985649e+06,4.897219e-03,-1.892898e-03,-3.992343e-03,4.114215e-18,774,55400
0.000000e+00,-8.791157e-08,4.590410e-08,2.030622e-07,0.000000e+00,0.000000e+00,0.000000e+00,8.131558e+07,-4.026467e+07,-1.646232e+08,7.542691e-18,775,0
3.693182e-10,-1.238699e-03,6.131374e-04,2.501009e-03,-3.354104e+06,1.660225e+06,6.772045e+06,6.303625e-01,-3.152958e-01,-1.244144e+00,7.542691e-18,775,1625
3.691818e-09,-1.238281e-02,6.129286e-03,2.500133e-02,-3.354141e+06,1.660243e+06,6.772117e+06,6.311989e-03,-3.151222e-03,-1.247446e-02,7.542691e-18,775,16244
0.000000e+00,-6.693239e-09,6.771295e-08,3.371049e-07,0.000000e+00,0.000000e+00,0.000000e+00,-7.812849e+06,-1.785883e+07,-7.965910e+07,5.223326e-18,776,0
6.234091e-10,2.403577e-04,5.835170e-04,2.500702e-03,3.857273e+05,9.363029e+05,4.012394e+06,-1.811570e-01,-4.166598e-01,-1.690823e+00,5.223326e-18,776,2743
6.230682e-09,2.403319e-03,5.833814e-03,2.500006e-02,3.857451e+05,9.363442e+05,4.012561e+06,-1.722060e-03,-4.165694e-03,-1.714279e-02,5.223326e-18,776,27415
0.000000e+00,4.702869e-08,-6.678554e-08,1.820706e-07,0.000000e+00,0.000000e+00,0.000000e+00,-6.534081e+07,8.716046e+07,-2.197064e+08,8.464875e-18,777,0
2.811364e-10,7.445370e-04,-9.932720e-04,2.501235e-03,2.648298e+06,-3.533028e+06,8.896726e+06,-4.021136e-01,5.369328e-01,-1.331786e+00,8.464875e-18,777,1237
2.810227e-09,7.442360e-03,-9.928670e-03,2.500199e-02,2.648316e+06,-3.533052e+06,8.896785e+06,-4.024854e-03,5.387826e-03,-1.334395e-02,8.464875e-18,777,12365
0.000000e+00,-7.311228e-08,3.505848e-08,4.453715e-07,0.000000e+00,0.000000e+00,0.000000e+00,6.654700e+06,-5.287117e+06,-4.823770e+07,4.106618e-18,778,0
8.393182e-10,-3.941473e-04,3.535665e-04,2.500623e-03,-4.698561e+05,4.215518e+05,2.981014e+06,2.544069e-01,-2.624534e-01,-1.717344e+00,4.106618e-18,778,3693
8.386591e-09,-3.940495e-03,3.535350e-03,2.500058e-02,-4.698906e+05,4.215865e+05,2.981243e+06,2.559128e-03,-2.559002e-03,-1.735184e-02,4.106618e-18,778,36901
0.000000e+00,1.611435e-07,-9.795656e-08,4.331717e-07,0.000000e+00,0.000000e+00,0.000000e+00,-3.135521e+07,2.124351e+07,-4.791153e+07,3.893427e-18,779,0
9.354545e-10,1.695744e-03,-1.146730e-03,2.500361e-03,1.813448e+06,-1.226335e+06,2.673637e+06,-6.051422e-01,4.098300e-01,-8.480122e-01,3.893427e-18,779,4116
9.350682e-09,1.695695e-02,-1.146704e-02,2.500050e-02,1.813538e+06,-1.226395e+06,2.673763e+06,-5.798736e-03,4.007857e-03,-8.651255e-03,3.893427e-18,779,41143
0.000000e+00,-1.200195e-07,-1.263777e-08,4.618865e-07,0.000000e+00,0.000000e+00,0.000000e+00,9.603704e+06,-1.990900e+06,-3.556178e+07,3.904131e-18,780,0
9.359091e-10,-7.951448e-04,1.192974e-04,2.500111e-03,-8.502234e+05,1.276417e+05,2.673057e+06,5.013339e-01,-1.291769e-01,-1.516775e+00,3.904131e-18,780,4118
9.352727e-09,-7.951843e-03,1.193761e-03,2.500032e-02,-8.502983e+05,1.276599e+05,2.673283e+06,4.988036e-03,-1.338367e-03,-1.564689e-02,3.904131e-18,780,41152
0.000000e+00,-3.069205e-10,1.970027e-07,3.932639e-07,0.000000e+00,0.000000e+00,0.000000e+00,-2.361175e+05,-3.418923e+07,-4.714978e+07,4.144557e-18,781,0
9.422727e-10,1.681876e-05,2.009296e-03,2.500252e-03,1.786842e+04,2.133256e+06,2.654258e+06,-1.128007e-02,-7.174510e-01,-8.536218e-01,4.144557e-18,781,4146
9.418864e-09,1.682965e-04,2.009279e-02,2.500020e-02,1.787047e+04,2.133363e+06,2.654385e+06,-8.178521e-05,-6.985059e-03,-8.745882e-03,4.144557e-18,781,41443
0.000000e+00,5.280982e-09,4.215797e-08,2.972912e-07,0.000000e+00,0.000000e+00,0.000000e+00,-5.846197e+06,-1.661169e+07,-1.063750e+08,5.881756e-18,782,0
5.181818e-10,1.392359e-04,4.016695e-04,2.500150e-03,2.687693e+05,7.753127e+05,4.825615e+06,-1.043414e-01,-3.155253e-01,-1.771943e+00,5.881756e-18,782,2280
5.180682e-09,1.392406e-03,4.016665e-03,2.500014e-02,2.687779e+05,7.753386e+05,4.825761e+06,-1.119414e-03,-3.013211e-03,-1.820358e-02,5.881756e-18,782,22795
0.000000e+00,4.254867e-08,2.572744e-07,3.908292e-07,0.000000e+00,0.000000e+00,0.000000e+00,-7.059985e+05,-3.762310e+07,-3.530403e+07,3.862978e-18,783,0
1.216818e-09,8.867856e-05,2.840221e-03,2.500192e-03,7.289033e+04,2.335075e+06,2.055321e+06,-2.093266e-02,-6.038983e-01,-4.923069e-01,3.862978e-18,783,5354
1.216364e-08,8.866360e-04,2.840292e-02,2.500028e-02,7.289477e+04,2.335191e+06,2.055416e+06,-2.165609e-04,-5.867574e-03,-5.141953e-03,3.862978e-18,783,53520
0.000000e+00,1.683549e-07,-6.793802e-08,4.430973e-07,0.000000e+00,0.000000e+00,0.000000e+00,-2.513951e+07,9.105350e+06,-4.299580e+07,3.851329e-18,784,0
1.018182e-09,1.767447e-03,-8.937521e-04,2.500460e-03,1.736720e+06,-8.782222e+05,2.456750e+06,-6.183999e-01,2.856514e-01,-8.865569e-01,3.851329e-18,784,4480
1.017614e-08,1.767301e-02,-8.936821e-03,2.500034e-02,1.736820e+06,-8.782684e+05,2.456893e+06,-5.996056e-03,2.915753e-03,-9.048557e-03,3.851329e-18,784,44775
0.000000e+00,1.005306e-07,-1.991792e-07,4.041254e-07,0.000000e+00,0.000000e+00,0.000000e+00,-1.671487e+07,3.158152e+07,-4.306735e+07,3.923220e-18,785,0
9.261364e-10,9.336137e-04,-1.692779e-03,2.500332e-03,1.008486e+06,-1.828514e+06,2.700640e+06,-3.601575e-01,6.634391e-01,-8.985722e-01,3.923220e-18,785,4075
9.257045e-09,9.335583e-03,-1.692664e-02,2.500002e-02,1.008539e+06,-1.828612e+06,2.700771e+06,-3.591649e-03,6.382437e-03,-9.140143e-03,3.923220e-18,785,40731
0.000000e+00,3.649962e-08,-1.028682e-07,5.868457e-07,0.000000e+00,0.000000e+00,0.000000e+00,-2.675979e+06,1.104108e+07,-3.675278e+07,3.149766e-18,786,0
9.354545e-10,1.809380e-04,-8.032643e-04,2.500506e-03,1.935840e+05,-8.592700e+05,2.674591e+06,-1.538828e-01,4.756904e-01,-1.518931e+00,3.149766e-18,786,4116
9.347273e-09,1.809476e-03,-8.031786e-03,2.500025e-02,1.936048e+05,-8.593416e+05,2.674817e+06,-1.337083e-03,4.649465e-03,-1.572044e-02,3.149766e-18,786,41128
0.000000e+00,2.011216e-08,-9.208718e-08,6.580841e-07,0.000000e+00,0.000000e+00,0.000000e+00,1.938957e+06,7.918439e+06,-2.960044e+07,2.824958e-18,787,0
1.024545e-09,1.542717e-04,-6.534589e-04,2.500384e-03,1.507454e+05,-6.383454e+05,2.442292e+06,-1.134766e-01,4.004781e-01,-1.552631e+00,2.824958e-18,787,4508
1.023636e-08,1.543039e-03,-6.534284e-03,2.500025e-02,1.507623e+05,-6.384114e+05,2.442544e+06,-9.562409e-04,4.111408e-03,-1.616970e-02,2.824958e-18,787,45040
0.000000e+00,8.249138e-08,-1.852087e-07,3.494929e-07,0.000000e+00,0.000000e+00,0.000000e+00,-1.521823e+07,3.801135e+07,-4.865689e+07,4.434468e-18,788,0
9.538636e-10,8.074997e-04,-2.092836e-03,2.500434e-03,8.468409e+05,-2.194868e+06,2.622119e+06,-2.477234e-01,6.716522e-01,-7.557521e-01,4.434468e-18,788,4197
9.534318e-09,8.074046e-03,-2.092653e-02,2.500021e-02,8.468785e+05,-2.194970e+06,2.622233e+06,-2.485191e-03,6.375089e-03,-7.686302e-03,4.434468e-18,788,41951
0.000000e+00,1.871764e-08,-1.689559e-07,6.203759e-07,0.000000e+00,0.000000e+00,0.000000e+00,1.148306e+06,1.265693e+07,-3.534334e+07,2.898012e-18,789,0
9.561364e-10,-4.363694e-05,-9.586992e-04,2.500086e-03,-4.567872e+04,-1.003342e+06,2.616213e+06,-7.709856e-02,3.878064e-01,-1.636437e+00,2.898012e-18,789,4207
9.555909e-09,-4.364860e-04,-9.587830e-03,2.500047e-02,-4.568183e+04,-1.003429e+06,2.616430e+06,-6.400884e-04,4.022430e-03,-1.685241e-02,2.898012e-18,789,42046
0.000000e+00,-2.507158e-07,1.263449e-07,4.413912e-07,0.000000e+00,0.000000e+00,0.000000e+00,2.942070e+07,-1.913208e+07,-3.543845e+07,3.469094e-18,790,0
1.148864e-09,-2.174618e-03,1.273893e-03,2.500286e-03,-1.893636e+06,1.109297e+06,2.177017e+06,5.680966e-01,-3.322888e-01,-6.001980e-01,3.469094e-18,790,5055
1.148364e-08,-2.174580e-02,1.273874e-02,2.500020e-02,-1.893739e+06,1.109357e+06,2.177127e+06,5.397055e-03,-3.171076e-03,-6.258552e-03,3.469094e-18,790,50528
0.000000e+00,1.607639e-07,-4.322473e-09,5.479280e-07,0.000000e+00,0.000000e+00,0.000000e+00,-1.658646e+07,1.210350e+06,-4.287829e+07,3.296092e-18,791,0
8.981818e-10,1.021511e-03,-8.008482e-05,2.500322e-03,1.137969e+06,-8.919772e+04,2.785072e+06,-6.124637e-01,2.174286e-02,-1.409418e+00,3.296092e-18,791,3952
8.976591e-09,1.021507e-02,-8.006895e-04,2.500062e-02,1.138056e+06,-8.920197e+04,2.785273e+06,-5.919417e-03,2.957420e-04,-1.437675e-02,3.296092e-18,791,39497
0.000000e+00,-8.026341e-08,-5.962964e-08,1.653852e-07,0.000000e+00,0.000000e+00,0.000000e+00,1.175071e+08,8.523321e+07,-2.199679e+08,8.693827e-18,792,0
2.815909e-10,-1.337096e-03,-9.698976e-04,2.501144e-03,-4.748300e+06,-3.444299e+06,8.882003e+06,5.821653e-01,4.238108e-01,-1.073118e+00,8.693827e-18,792,1239
2.814773e-09,-1.336546e-02,-9.694972e-03,2.500097e-02,-4.748326e+06,-3.444318e+06,8.882050e+06,5.826139e-03,4.240753e-03,-1.075040e-02,8.693827e-18,792,12385
0.000000e+00,9.556691e-08,-2.319462e-07,5.049138e-07,0.000000e+00,0.000000e+00,0.000000e+00,-1.201819e+07,2.553130e+07,-3.128617e+07,3.254314e-18,793,0
1.195227e-09,8.945645e-04,-2.121811e-03,2.500024e-03,7.488259e+05,-1.776185e+06,2.092531e+06,-2.499006e-01,6.182027e-01,-6.790075e-01,3.254314e-18,793,5259
1.194727e-08,8.946396e-03,-2.122048e-02,2.500016e-02,7.488734e+05,-1.776302e+06,2.092660e+06,-2.595233e-03,5.944407e-03,-7.097834e-03,3.254314e-18,793,52568
0.000000e+00,1.355744e-07,1.823477e-07,5.615655e-07,0.000000e+00,0.000000e+00,0.000000e+00,-1.322403e+07,-1.858274e+07,-3.461957e+07,3.050848e-18,794,0
1.042045e-09,1.005954e-03,1.358344e-03,2.500292e-03,9.659234e+05,1.304282e+06,2.400472e+06,-4.267588e-01,-5.750586e-01,-9.855905e-01,3.050848e-18,794,4585
1.041477e-08,1.005984e-02,1.358376e-02,2.500053e-02,9.659946e+05,1.304377e+06,2.400636e+06,-3.971036e-03,-5.479615e-03,-1.016197e-02,3.050848e-18,794,45825
0.000000e+00,-9.023983e-08,4.343290e-08,4.118598e-07,0.000000e+00,0.000000e+00,0.000000e+00,1.709876e+07,-1.179554e+07,-5.364114e+07,4.338054e-18,795,0
8.122727e-10,-8.303760e-04,5.408879e-04,2.500412e-03,-1.022823e+06,6.662604e+05,3.079618e+06,5.225341e-01,-3.483945e-01,-1.487155e+00,4.338054e-18,795,3574
8.117955e-09,-8.303204e-03,5.408645e-03,2.500028e-02,-1.022891e+06,6.663052e+05,3.079809e+06,5.071005e-03,-3.458623e-03,-1.499619e-02,4.338054e-18,795,35719
0.000000e+00,2.220725e-07,-7.569826e-08,3.821475e-07,0.000000e+00,0.000000e+00,0.000000e+00,-3.675517e+07,1.507169e+07,-3.991398e+07,4.028558e-18,796,0
1.069773e-09,2.289775e-03,-9.336534e-04,2.500150e-03,2.141309e+06,-8.730989e+05,2.337799e+06,-6.638369e-01,2.533769e-01,-6.358282e-01,4.028558e-18,796,4707
1.069386e-08,2.289882e-02,-9.336775e-03,2.500020e-02,2.141421e+06,-8.731414e+05,2.337907e+06,-6.428291e-03,2.525161e-03,-6.527773e-03,4.028558e-18,796,47053
0.000000e+00,-7.555569e-08,-1.979401e-07,2.045475e-07,0.000000e+00,0.000000e+00,0.000000e+00,3.339715e+07,8.582263e+07,-6.949516e+07,5.811126e-18,797,0
8.234091e-10,-1.219200e-03,-3.133651e-03,2.500466e-03,-1.480823e+06,-3.806088e+06,3.036942e+06,1.947542e-01,5.047424e-01,-3.836391e-01,5.811126e-18,797,3623
8.232045e-09,-1.219024e-02,-3.133198e-02,2.500037e-02,-1.480849e+06,-3.806154e+06,3.036992e+06,1.952705e-03,4.993180e-03,-3.849681e-03,5.811126e-18,797,36221
0.000000e+00,-1.667814e-07,1.379029e-07,4.597315e-07,0.000000e+00,0.000000e+00,0.000000e+00,2.129118e+07,-1.716015e+07,-4.114817e+07,3.609997e-18,798,0
9.684091e-10,-1.243611e-03,1.090870e-03,2.500239e-03,-1.284798e+06,1.127021e+06,2.582873e+06,5.356388e-01,-4.728759e-01,-1.030638e+00,3.609997e-18,798,4261
9.679318e-09,-1.243596e-02,1.090878e-02,2.500056e-02,-1.284880e+06,1.127094e+06,2.583032e+06,5.295136e-03,-4.423943e-03,-1.047254e-02,3.609997e-18,798,42589
0.000000e+00,2.105594e-07,-9.685056e-08,3.034025e-07,0.000000e+00,0.000000e+00,0.000000e+00,-4.712523e+07,2.367920e+07,-4.948992e+07,4.627248e-18,799,0
9.970455e-10,2.486095e-03,-1.250458e-03,2.500251e-03,2.494133e+06,-1.254511e+06,2.508173e+06,-5.734278e-01,2.889678e-01,-5.351877e-01,4.627248e-18,799,4387
9.967500e-09,2.486027e-02,-1.250433e-02,2.500033e-02,2.494224e+06,-1.254557e+06,2.508257e+06,-5.547980e-03,2.851901e-03,-5.400324e-03,4.627248e-18,799,43857
0.000000e+00,-6.897436e-08,2.384214e-07,3.009267e-07,0.000000e+00,0.000000e+00,0.000000e+00,1.614055e+07,-5.460287e+07,-4.593702e+07,4.538775e-18,800,0
1.084773e-09,-9.225075e-04,3.091380e-03,2.500232e-03,-8.506256e+05,2.850487e+06,2.305252e+06,1.620111e-01,-5.411317e-01,-4.091021e-01,4.538775e-18,800,4773
1.084477e-08,-9.224839e-03,3.091288e-02,2.500006e-02,-8.506535e+05,2.850579e+06,2.305322e+06,1.602548e-03,-5.248877e-03,-4.181097e-03,4.538775e-18,800,47717
0.000000e+00,-1.542925e-07,-1.333311e-07,2.057529e-07,0.000000e+00,0.000000e+00,0.000000e+00,7.201287e+07,6.098218e+07,-7.419787e+07,5.908373e-18,801,0
7.768182e-10,-2.458643e-03,-2.079918e-03,2.500065e-03,-3.165320e+06,-2.677731e+06,3.218552e+06,4.313198e-01,3.605712e-01,-4.185054e-01,5.908373e-18,801,3418
7.767500e-09,-2.458669e-02,-2.079934e-02,2.500023e-02,-3.165373e+06,-2.677775e+06,3.218603e+06,4.293980e-03,3.583611e-03,-4.196639e-03,5.908373e-18,801,34177
0.000000e+00,-9.166690e-08,-2.390835e-07,2.527237e-07,0.000000e+00,0.000000e+00,0.000000e+00,2.401857e+07,6.279481e+07,-4.754700e+07,4.819446e-18,802,0
1.105682e-09,-1.306281e-03,-3.422113e-03,2.500342e-03,-1.181645e+06,-3.095608e+06,2.261658e+06,1.773455e-01,4.678476e-01,-3.120697e-01,4.819446e-18,802,4865
1.105386e-08,-1.306176e-02,-3.421845e-02,2.500018e-02,-1.181676e+06,-3.095689e+06,2.261713e+06,1.723999e-03,4.514764e-03,-3.177764e-03,4.819446e-18,802,48637
0.000000e+00,-2.193595e-07,-1.836897e-07,4.500614e-07,0.000000e+00,0.000000e+00,0.000000e+00,2.543683e+07,2.149994e+07,-3.244559e+07,3.385621e-18,803,0
1.243864e-09,-2.083025e-03,-1.638687e-03,2.500003e-03,-1.675452e+06,-1.317995e+06,2.010558e+06,5.142533e-01,3.789981e-01,-5.348041e-01,3.385621e-18,803,5473
1.243432e-08,-2.083303e-02,-1.638834e-02,2.500004e-02,-1.675553e+06,-1.318070e+06,2.010664e+06,4.826545e-03,3.755559e-03,-5.713496e-03,3.385621e-18,803,54711
0.000000e+00,2.240794e-08,-2.484885e-07,5.547137e-07,0.000000e+00,0.000000e+00,0.000000e+00,4.709727e+05,2.755600e+07,-2.841428e+07,3.023414e-18,804,0
1.233864e-09,-1.676153e-05,-2.432769e-03,2.500021e-03,-1.362101e+04,-1.972756e+06,2.026987e+06,1.468495e-02,6.806845e-01,-6.398642e-01,3.023414e-18,804,5429
1.233364e-08,-1.679773e-04,-2.433113e-02,2.500027e-02,-1.362382e+04,-1.972889e+06,2.027113e+06,2.369422e-04,6.597143e-03,-6.714419e-03,3.023414e-18,804,54268
0.000000e+00,2.132648e-07,4.115900e-08,5.715269e-07,0.000000e+00,0.000000e+00,0.000000e+00,-2.189286e+07,-4.679559e+06,-3.872490e+07,3.049635e-18,805,0
9.890909e-10,1.459106e-03,3.438679e-04,2.500263e-03,1.475992e+06,3.478551e+05,2.528963e+06,-6.710493e-01,-1.543290e-01,-1.127482e+00,3.049635e-18,805,4352
9.885455e-09,1.459085e-02,3.438696e-03,2.500014e-02,1.476098e+06,3.478798e+05,2.529141e+06,-6.537658e-03,-1.396549e-03,-1.155815e-02,3.049635e-18,805,43496
0.000000e+00,-2.668850e-08,-1.346179e-07,3.342916e-07,0.000000e+00,0.000000e+00,0.000000e+00,7.273474e+06,3.577473e+07,-6.584173e+07,4.932339e-18,806,0
7.381818e-10,-2.969967e-04,-1.413200e-03,2.500033e-03,-4.024794e+05,-1.915067e+06,3.387661e+06,1.562668e-01,7.142394e-01,-1.221122e+00,4.932339e-18,806,3248
7.379773e-09,-2.970202e-03,-1.413275e-02,2.500027e-02,-4.024978e+05,-1.915150e+06,3.387803e+06,1.525155e-03,7.098847e-03,-1.225908e-02,4.932339e-18,806,32471
0.000000e+00,4.451748e-08,-7.586621e-08,1.299371e-07,0.000000e+00,0.000000e+00,0.000000e+00,-1.172147e+08,2.009696e+08,-3.224864e+08,1.058357e-17,807,0
1.936364e-10,9.093676e-04,-1.559165e-03,2.501538e-03,4.696124e+06,-8.051788e+06,1.291831e+07,-3.606497e-01,6.175445e-01,-9.809031e-01,1.058357e-17,807,852
1.935455e-09,9.089178e-03,-1.558394e-02,2.500293e-02,4.696135e+06,-8.051807e+06,1.291834e+07,-3.606293e-03,6.193600e-03,-9.824442e-03,1.058357e-17,807,8516
0.000000e+00,-6.231581e-08,1.947400e-07,3.488893e-07,0.000000e+00,0.000000e+00,0.000000e+00,9.217376e+06,-3.244013e+07,-4.776989e+07,4.454525e-18,808,0
9.536364e-10,-5.367932e-04,1.875892e-03,2.500438e-03,-5.631206e+05,1.967926e+06,2.622921e+06,1.945291e-01,-6.854118e-01,-8.841140e-01,4.454525e-18,808,4196
9.531364e-09,-5.367305e-03,1.875697e-02,2.500008e-02,-5.631510e+05,1.968031e+06,2.623054e+06,1.933401e-03,-6.703954e-03,-9.031994e-03,4.454525e-18,808,41938
0.000000e+00,-1.511498e-07,-9.098375e-09,5.924404e-07,0.000000e+00,0.000000e+00,0.000000e+00,1.766783e+07,-2.058794e+06,-3.896730e+07,3.063404e-18,809,0
9.375000e-10,-1.159410e-03,1.040286e-04,2.500415e-03,-1.237502e+06,1.110780e+05,2.668393e+06,6.836770e-01,-8.744505e-02,-1.326126e+00,3.063404e-18,809,4125
9.369091e-09,-1.159423e-02,1.040678e-03,2.500058e-02,-1.237603e+06,1.110902e+05,2.668590e+06,6.118989e-03,-6.835501e-04,-1.355319e-02,3.063404e-18,809,41224
0.000000e+00,1.277064e-07,-1.600350e-07,3.763202e-07,0.000000e+00,0.000000e+00,0.000000e+00,-2.530520e+07,2.965122e+07,-4.633523e+07,4.208558e-18,810,0
9.745455e-10,1.430602e-03,-1.689937e-03,2.500399e-03,1.468540e+06,-1.734738e+06,2.566456e+06,-4.632049e-01,5.439061e-01,-7.528591e-01,4.208558e-18,810,4288
9.741136e-09,1.430521e-02,-1.689829e-02,2.500031e-02,1.468612e+06,-1.734823e+06,2.566572e+06,-4.338456e-03,5.211505e-03,-7.699703e-03,4.208558e-18,810,42861
0.000000e+00,-1.817844e-07,-7.882189e-08,5.256702e-07,0.000000e+00,0.000000e+00,0.000000e+00,1.813970e+07,3.934694e+06,-3.964614e+07,3.311912e-18,811,0
9.556818e-10,-1.223714e-03,-3.275407e-04,2.500544e-03,-1.281205e+06,-3.429370e+05,2.617772e+06,6.475578e-01,1.912955e-01,-1.242399e+00,3.311912e-18,811,4205
9.550227e-09,-1.223578e-02,-3.275141e-03,2.500044e-02,-1.281302e+06,-3.429668e+05,2.617960e+06,6.045772e-03,1.568305e-03,-1.284157e-02,3.311912e-18,811,42021
0.000000e+00,-1.363320e-08,7.267031e-08,2.901132e-07,0.000000e+00,0.000000e+00,0.000000e+00,4.113858e+06,-3.320622e+07,-1.003463e+08,5.888800e-18,812,0
5.459091e-10,-1.039118e-04,8.419777e-04,2.500050e-03,-1.903754e+05,1.542666e+06,4.580348e+06,6.532591e-02,-5.649458e-01,-1.587379e+00,5.888800e-18,812,2402
5.458182e-09,-1.039111e-03,8.420171e-03,2.500052e-02,-1.903811e+05,1.542715e+06,4.580485e+06,6.581193e-04,-5.552266e-03,-1.596989e-02,5.888800e-18,812,24016
0.000000e+00,3.139848e-08,1.488559e-07,6.203121e-07,0.000000e+00,0.000000e+00,0.000000e+00,-2.462992e+06,-1.444923e+07,-3.673452e+07,2.921292e-18,813,0
9.522727e-10,1.782769e-04,9.725682e-04,2.500172e-03,1.873515e+05,1.022000e+06,2.626870e+06,-1.171627e-01,-5.903438e-01,-1.400875e+00,2.921292e-18,813,4190
9.517045e-09,1.783027e-03,9.726404e-03,2.500022e-02,1.873694e+05,1.022090e+06,2.627082e+06,-1.024299e-03,-5.533956e-03,-1.439470e-02,2.921292e-18,813,41875
0.000000e+00,8.317335e-09,1.031690e-07,5.091161e-07,0.000000e+00,0.000000e+00,0.000000e+00,-2.029528e+06,-1.243280e+07,-4.348612e+07,3.618413e-18,814,0
8.813636e-10,1.269355e-04,7.296303e-04,2.500545e-03,1.441596e+05,8.283626e+05,2.838698e+06,-1.141988e-01,-4.787578e-01,-1.596166e+00,3.618413e-18,814,3878
8.807045e-09,1.269603e-03,7.295408e-03,2.500063e-02,1.441755e+05,8.284296e+05,2.838921e+06,-1.052770e-03,-4.728778e-03,-1.613734e-02,3.618413e-18,814,38751
0.000000e+00,4.679017e-08,-4.093520e-08,6.363052e-07,0.000000e+00,0.000000e+00,0.000000e+00,-7.215900e+05,4.173585e+06,-3.876251e+07,2.955055e-18,815,0
9.000000e-10,1.358518e-04,-2.717798e-04,2.500283e-03,1.510540e+05,-3.021643e+05,2.779754e+06,-1.169178e-01,1.644930e-01,-1.756962e+00,2.955055e-18,815,3960
8.993636e-09,1.358529e-03,-2.717553e-03,2.500026e-02,1.510691e+05,-3.021889e+05,2.780003e+06,-1.040107e-03,1.590444e-03,-1.788072e-02,2.955055e-18,815,39572
0.000000e+00,1.803265e-08,1.239184e-07,4.164595e-07,0.000000e+00,0.000000e+00,0.000000e+00,8.367223e+05,-2.001479e+07,-5.006801e+07,4.230843e-18,816,0
8.586364e-10,-4.087945e-05,1.113880e-03,2.500173e-03,-4.763820e+04,1.297989e+06,2.913126e+06,7.866470e-03,-6.514389e-01,-1.391660e+00,4.230843e-18,816,3778
8.582045e-09,-4.088155e-04,1.113935e-02,2.500065e-02,-4.763924e+04,1.298078e+06,2.913316e+06,1.487465e-04,-6.456675e-03,-1.404601e-02,4.230843e-18,816,37761
0.000000e+00,-5.761031e-08,-3.407521e-08,4.043638e-07,0.000000e+00,0.000000e+00,0.000000e+00,1.273924e+07,8.419737e+06,-5.477248e+07,4.471587e-18,817,0
7.988636e-10,-9.955557e-04,-5.152799e-04,2.500124e-03,-1.246935e+06,-6.453756e+05,3.130848e+06,5.706873e-01,3.020777e-01,-1.418721e+00,4.471587e-18,817,3515
7.985227e-09,-9.956917e-03,-5.153413e-03,2.500060e-02,-1.247008e+06,-6.454141e+05,3.131027e+06,5.696636e-03,3.034579e-03,-1.430355e-02,4.471587e-18,817,35135
0.000000e+00,-2.221995e-07,-7.710954e-08,2.426095e-07,0.000000e+00,0.000000e+00,0.000000e+00,7.639577e+07,2.441783e+07,-4.631979e+07,5.129658e-18,818,0
1.168636e-09,-4.188867e-03,-1.343638e-03,2.500334e-03,-3.584899e+06,-1.149901e+06,2.139706e+06,3.773722e-01,1.204956e-01,-2.104170e-01,5.129658e-18,818,5142
1.168386e-08,-4.188550e-02,-1.343530e-02,2.500016e-02,-3.584969e+06,-1.149923e+06,2.139745e+06,3.618784e-03,1.158466e-03,-2.126419e-03,5.129658e-18,818,51409
0.000000e+00,-1.642182e-07,-2.904084e-08,3.277018e-07,0.000000e+00,0.000000e+00,0.000000e+00,3.597771e+07,4.655105e+06,-6.390047e+07,4.851600e-18,819,0
7.506818e-10,-1.487903e-03,-1.580547e-04,2.500279e-03,-1.982719e+06,-2.105830e+05,3.331595e+06,7.388023e-01,6.559522e-02,-1.179475e+00,4.851600e-18,819,3303
7.504091e-09,-1.487851e-02,-1.580252e-03,2.500068e-02,-1.982808e+06,-2.105909e+05,3.331735e+06,7.339216e-03,7.005488e-04,-1.185858e-02,4.851600e-18,819,33018
0.000000e+00,8.988908e-08,2.120723e-07,5.437945e-07,0.000000e+00,0.000000e+00,0.000000e+00,-8.173975e+06,-2.109722e+07,-3.481523e+07,3.128659e-18,820,0
1.056136e-09,5.975767e-04,1.568990e-03,2.500033e-03,5.661289e+05,1.486469e+06,2.368263e+06,-2.428120e-01,-6.625093e-01,-9.935805e-01,3.128659e-18,820,4647
1.055636e-08,5.976249e-03,1.569166e-02,2.500038e-02,5.661696e+05,1.486581e+06,2.368430e+06,-2.439498e-03,-6.336152e-03,-1.018495e-02,3.128659e-18,820,46448
0.000000e+00,-1.533299e-07,-1.495284e-07,4.724275e-07,0.000000e+00,0.000000e+00,0.000000e+00,2.300478e+07,2.001094e+07,-3.279657e+07,3.550744e-18,821,0
1.182500e-09,-1.778411e-03,-1.567920e-03,2.500022e-03,-1.504697e+06,-1.326602e+06,2.115025e+06,4.812675e-01,4.307344e-01,-6.653909e-01,3.550744e-18,821,5203
1.182023e-08,-1.778576e-02,-1.568066e-02,2.500018e-02,-1.504787e+06,-1.326682e+06,2.115150e+06,4.663841e-03,4.244411e-03,-6.907955e-03,3.550744e-18,821,52009
0.000000e+00,1.004834e-07,1.400198e-07,5.095354e-07,0.000000e+00,0.000000e+00,0.000000e+00,-1.210506e+07,-1.846270e+07,-3.826109e+07,3.467331e-18,822,0
9.929545e-10,7.744003e-04,1.201781e-03,2.500395e-03,7.803373e+05,1.211021e+06,2.519403e+06,-3.566934e-01,-5.640605e-01,-1.163332e+00,3.467331e-18,822,4369
9.922955e-09,7.743230e-03,1.201685e-02,2.500002e-02,7.803938e+05,1.211110e+06,2.519587e+06,-3.383608e-03,-5.463120e-03,-1.184891e-02,3.467331e-18,822,43661
0.000000e+00,-7.672351e-08,2.531749e-07,3.391608e-07,0.000000e+00,0.000000e+00,0.000000e+00,1.452050e+07,-4.710570e+07,-3.951355e+07,4.150855e-18,823,0
1.206364e-09,-9.822858e-04,3.135875e-03,2.500089e-03,-8.144999e+05,2.600201e+06,2.072848e+06,1.650736e-01,-5.155791e-01,-3.773120e-01,4.150855e-18,823,5308
1.206068e-08,-9.823410e-03,3.136017e-02,2.500009e-02,-8.145314e+05,2.600300e+06,2.072920e+06,1.636797e-03,-5.022216e-03,-3.954230e-03,4.150855e-18,823,53067
0.000000e+00,-1.193330e-07,-9.849332e-08,3.580622e-07,0.000000e+00,0.000000e+00,0.000000e+00,2.534887e+07,2.043882e+07,-5.714953e+07,4.614581e-18,824,0
7.936364e-10,-1.167741e-03,-9.059417e-04,2.500155e-03,-1.471947e+06,-1.141942e+06,3.151264e+06,5.746680e-01,4.568204e-01,-1.192123e+00,4.614581e-18,824,3492
7.933409e-09,-1.167753e-02,-9.059486e-03,2.500034e-02,-1.472019e+06,-1.141999e+06,3.151413e+06,5.718663e-03,4.453841e-03,-1.201137e-02,4.614581e-18,824,34907
0.000000e+00,2.709830e-07,4.165287e-08,3.570361e-07,0.000000e+00,0.000000e+00,0.000000e+00,-4.565199e+07,-9.987933e+06,-3.380104e+07,3.973607e-18,825,0
1.327955e-09,3.516678e-03,7.409134e-04,2.500254e-03,2.649006e+06,5.581170e+05,1.883194e+06,-4.874442e-01,-1.045379e-01,-3.171955e-01,3.973607e-18,825,5843
1.327545e-08,3.516669e-02,7.409232e-03,2.500038e-02,2.649108e+06,5.581388e+05,1.883261e+06,-4.666365e-03,-9.880914e-04,-3.287028e-03,3.973607e-18,825,58412
0.000000e+00,-3.613707e-08,-8.074165e-08,1.249144e-07,0.000000e+00,0.000000e+00,0.000000e+00,1.012928e+08,2.310249e+08,-3.350711e+08,1.083566e-17,826,0
1.863636e-10,-7.559056e-04,-1.724101e-03,2.500251e-03,-4.055952e+06,-9.250997e+06,1.341553e+07,2.834826e-01,6.544827e-01,-9.368709e-01,1.083566e-17,826,820
1.863636e-09,-7.558855e-03,-1.724057e-02,2.500179e-02,-4.055961e+06,-9.251016e+06,1.341556e+07,2.869169e-03,6.540409e-03,-9.384114e-03,1.083566e-17,826,8200
0.000000e+00,-1.972013e-07,-1.728567e-07,3.997152e-07,0.000000e+00,0.000000e+00,0.000000e+00,2.889018e+07,2.574463e+07,-3.802899e+07,3.768306e-18,827,0
1.150227e-09,-2.104003e-03,-1.778947e-03,2.500257e-03,-1.829927e+06,-1.547186e+06,2.174316e+06,4.932406e-01,4.087629e-01,-5.298643e-01,3.768306e-18,827,5061
1.149795e-08,-2.104036e-02,-1.778944e-02,2.500032e-02,-1.830017e+06,-1.547260e+06,2.174413e+06,4.706296e-03,3.951473e-03,-5.443236e-03,3.768306e-18,827,50591
0.000000e+00,-1.192740e-07,1.486799e-07,3.410489e-07,0.000000e+00,0.000000e+00,0.000000e+00,3.418840e+07,-2.504829e+07,-5.301710e+07,4.601229e-18,828,0
8.852273e-10,-1.658487e-03,1.260167e-03,2.500617e-03,-1.874164e+06,1.424002e+06,2.825570e+06,5.715426e-01,-4.425392e-01,-8.198930e-01,4.601229e-18,828,3895
8.847955e-09,-1.658247e-02,1.259952e-02,2.500062e-02,-1.874245e+06,1.424064e+06,2.825685e+06,5.647264e-03,-4.394698e-03,-8.271349e-03,4.601229e-18,828,38931
0.000000e+00,2.142258e-07,-1.041366e-07,2.343826e-07,0.000000e+00,0.000000e+00,0.000000e+00,-6.850097e+07,3.524353e+07,-5.531737e+07,5.184111e-18,829,0
9.900000e-10,3.177078e-03,-1.630195e-03,2.500382e-03,3.209641e+06,-1.646905e+06,2.525900e+06,-4.557227e-01,2.309580e-01,-3.331765e-01,5.184111e-18,829,4356
9.897500e-09,3.176748e-02,-1.630026e-02,2.500022e-02,3.209712e+06,-1.646941e+06,2.525952e+06,-4.425980e-03,2.274124e-03,-3.360931e-03,5.184111e-18,829,43549
0.000000e+00,-1.459802e-07,-1.487785e-07,4.858084e-07,0.000000e+00,0.000000e+00,0.000000e+00,1.591362e+07,1.881699e+07,-4.311170e+07,3.493760e-18,830,0
9.304545e-10,-9.643253e-04,-1.145289e-03,2.500217e-03,-1.036912e+06,-1.231512e+06,2.688189e+06,4.698863e-01,5.487611e-01,-1.132729e+00,3.493760e-18,830,4094
9.300000e-09,-9.643288e-03,-1.145305e-02,2.500029e-02,-1.036981e+06,-1.231593e+06,2.688356e+06,4.615548e-03,5.292053e-03,-1.151012e-02,3.493760e-18,830,40920
0.000000e+00,-2.185159e-08,-1.255745e-07,5.456706e-07,0.000000e+00,0.000000e+00,0.000000e+00,2.716799e+06,1.473573e+07,-3.920247e+07,3.340460e-18,831,0
9.329545e-10,-2.892933e-04,-9.998512e-04,2.500012e-03,-3.103327e+05,-1.072417e+06,2.681109e+06,2.109253e-01,5.955586e-01,-1.418482e+00,3.340460e-18,831,4105
9.324545e-09,-2.893673e-03,-9.999746e-03,2.500023e-02,-3.103607e+05,-1.072505e+06,2.681318e+06,2.098522e-03,5.685896e-03,-1.448377e-02,3.340460e-18,831,41028
0.000000e+00,1.053058e-07,-8.886780e-08,2.963860e-07,0.000000e+00,0.000000e+00,0.000000e+00,-3.530518e+07,2.829771e+07,-7.946337e+07,5.391577e-18,832,0
6.615909e-10,1.137528e-03,-9.137291e-04,2.500788e-03,1.719794e+06,-1.381427e+06,3.780709e+06,-5.703724e-01,4.474714e-01,-1.214608e+00,5.391577e-18,832,2911
6.612500e-09,1.137216e-02,-9.134707e-03,2.500007e-02,1.719854e+06,-1.381474e+06,3.780836e+06,-5.689504e-03,4.467576e-03,-1.218712e-02,5.391577e-18,832,29095
0.000000e+00,8.272278e-08,-1.660962e-07,3.694562e-07,0.000000e+00,0.000000e+00,0.000000e+00,-1.429696e+07,2.706428e+07,-4.714213e+07,4.365822e-18,833,0
9.265909e-10,7.965586e-04,-1.515478e-03,2.500471e-03,8.600281e+05,-1.636269e+06,2.699609e+06,-3.078151e-01,6.293583e-01,-1.011528e+00,4.365822e-18,833,4077
9.260682e-09,7.964422e-03,-1.515293e-02,2.500028e-02,8.600732e+05,-1.636361e+06,2.699757e+06,-3.285188e-03,6.312800e-03,-1.032245e-02,4.365822e-18,833,40747
0.000000e+00,2.318332e-07,-6.093812e-08,3.123439e-07,0.000000e+00,0.000000e+00,0.000000e+00,-4.794956e+07,1.410727e+07,-4.851614e+07,4.502300e-18,834,0
1.002045e-09,2.592076e-03,-7.652694e-04,2.500365e-03,2.587527e+06,-7.639160e+05,2.495817e+06,-6.308291e-01,1.745891e-01,-5.668836e-01,4.502300e-18,834,4409
1.001682e-08,2.591878e-02,-7.652002e-03,2.500026e-02,2.587626e+06,-7.639433e+05,2.495907e+06,-6.121526e-03,1.789621e-03,-5.719001e-03,4.502300e-18,834,44074
0.000000e+00,2.076120e-07,-1.599814e-07,3.512773e-07,0.000000e+00,0.000000e+00,0.000000e+00,-3.294612e+07,3.042199e+07,-4.189904e+07,4.067654e-18,835,0
1.109091e-09,2.085562e-03,-1.920388e-03,2.500372e-03,1.881036e+06,-1.732081e+06,2.254981e+06,-4.643555e-01,4.258850e-01,-5.052175e-01,4.067654e-18,835,4880
1.108659e-08,2.085427e-02,-1.920285e-02,2.500017e-02,1.881117e+06,-1.732156e+06,2.255069e+06,-4.464300e-03,4.059582e-03,-5.216765e-03,4.067654e-18,835,48781
0.000000e+00,-1.018987e-07,-1.403318e-07,5.691590e-07,0.000000e+00,0.000000e+00,0.000000e+00,9.277368e+06,1.608008e+07,-3.843989e+07,3.129738e-18,836,0
9.568182e-10,-6.372982e-04,-1.074871e-03,2.500389e-03,-6.664766e+05,-1.124061e+06,2.614493e+06,3.642925e-01,5.718452e-01,-1.261993e+00,3.129738e-18,836,4210
9.562045e-09,-6.372872e-03,-1.074829e-02,2.500005e-02,-6.665316e+05,-1.124148e+06,2.614684e+06,3.365831e-03,5.441237e-03,-1.294762e-02,3.129738e-18,836,42073
0.000000e+00,-3.493504e-08,-3.106064e-08,4.732120e-07,0.000000e+00,0.000000e+00,0.000000e+00,4.186856e+06,6.308657e+06,-5.034286e+07,3.934734e-18,837,0
7.888636e-10,-1.347871e-04,-3.637792e-04,2.500442e-03,-1.708268e+05,-4.614193e+05,3.171219e+06,1.291378e-02,2.408568e-01,-1.761841e+00,3.934734e-18,837,3471
7.883409e-09,-1.346737e-03,-3.637520e-03,2.500009e-02,-1.708288e+05,-4.614501e+05,3.171439e+06,8.492550e-04,2.479401e-03,-1.798699e-02,3.934734e-18,837,34687
0.000000e+00,-7.459553e-08,-3.114982e-08,4.699128e-07,0.000000e+00,0.000000e+00,0.000000e+00,1.094174e+07,6.482377e+06,-4.946122e+07,3.923989e-18,838,0
7.895455e-10,-5.465671e-04,-2.214554e-04,2.500527e-03,-6.926225e+05,-2.806139e+05,3.168564e+06,3.744513e-01,1.534193e-01,-1.726474e+00,3.923989e-18,838,3474
7.890000e-09,-5.464780e-03,-2.214057e-03,2.500004e-02,-6.926699e+05,-2.806335e+05,3.168780e+06,3.515255e-03,1.622689e-03,-1.737755e-02,3.923989e-18,838,34716
0.000000e+00,-9.429048e-08,9.395712e-08,6.264346e-07,0.000000e+00,0.000000e+00,0.000000e+00,9.838781e+06,-8.485310e+06,-3.620220e+07,2.919732e-18,839,0
9.559091e-10,-6.710698e-04,6.173931e-04,2.500002e-03,-7.025089e+05,6.463456e+05,2.616768e+06,4.090922e-01,-4.021393e-01,-1.443428e+00,2.919732e-18,839,4206
9.553864e-09,-6.711652e-03,6.175079e-03,2.500042e-02,-7.025711e+05,6.464068e+05,2.616988e+06,3.934023e-03,-3.641693e-03,-1.480957e-02,2.919732e-18,839,42037
0.000000e+00,-1.387685e-07,3.137993e-08,1.610319e-07,0.000000e+00,0.000000e+00,0.000000e+00,1.474546e+08,-3.042728e+07,-1.500757e+08,7.842620e-18,840,0
4.090909e-10,-2.461663e-03,5.077060e-04,2.500830e-03,-6.017429e+06,1.241059e+06,6.113109e+06,6.474483e-01,-1.341730e-01,-6.412510e-01,7.842620e-18,840,1800
4.089773e-09,-2.461003e-02,5.075675e-03,2.500137e-02,-6.017471e+06,1.241067e+06,6.113151e+06,6.456323e-03,-1.332344e-03,-6.427336e-03,7.842620e-18,840,17995
0.000000e+00,-1.332781e-07,-9.075510e-08,5.030860e-07,0.000000e+00,0.000000e+00,0.000000e+00,1.408504e+07,8.738572e+06,-3.813151e+07,3.531518e-18,841,0
9.956818e-10,-1.029267e-03,-7.169297e-04,2.500429e-03,-1.034420e+06,-7.205391e+05,2.512665e+06,5.449689e-01,3.917074e-01,-1.244471e+00,3.531518e-18,841,4381
9.949773e-09,-1.029219e-02,-7.169152e-03,2.500051e-02,-1.034505e+06,-7.205998e+05,2.512861e+06,5.295311e-03,3.632476e-03,-1.278192e-02,3.531518e-18,841,43779
0.000000e+00,1.880666e-07,1.955663e-07,3.500253e-07,0.000000e+00,0.000000e+00,0.000000e+00,-3.434744e+07,-3.199400e+07,-3.647469e+07,4.033035e-18,842,0
1.274545e-09,2.531911e-03,2.363908e-03,2.500006e-03,1.987135e+06,1.855261e+06,1.961906e+06,-3.805195e-01,-3.531258e-01,-3.430779e-01,4.033035e-18,842,5608
1.274273e-08,2.532146e-02,2.364105e-02,2.500016e-02,1.987211e+06,1.855332e+06,1.961975e+06,-3.635102e-03,-3.353622e-03,-3.542191e-03,4.033035e-18,842,56068
0.000000e+00,-4.512585e-08,-1.046077e-08,4.171640e-07,0.000000e+00,0.000000e+00,0.000000e+00,8.498509e+06,-3.696810e+04,-5.440743e+07,4.388688e-18,843,0
7.772727e-10,-2.479874e-04,-3.961364e-04,2.500334e-03,-3.192558e+05,-5.100690e+05,3.218397e+06,2.490503e-01,3.083258e-01,-1.794303e+00,4.388688e-18,843,3420
7.767955e-09,-2.479983e-03,-3.962089e-03,2.500040e-02,-3.192868e+05,-5.101075e+05,3.218618e+06,2.484809e-03,3.113412e-03,-1.804343e-02,4.388688e-18,843,34179
0.000000e+00,-9.589500e-08,1.823888e-07,2.210503e-07,0.000000e+00,0.000000e+00,0.000000e+00,3.837873e+07,-7.677792e+07,-6.949202e+07,5.716075e-18,844,0
8.145455e-10,-1.403970e-03,2.807593e-03,2.500549e-03,-1.723821e+06,3.447224e+06,3.070124e+06,2.553734e-01,-5.094156e-01,-4.348963e-01,5.716075e-18,844,3584
8.142955e-09,-1.403704e-02,2.807066e-02,2.500001e-02,-1.723854e+06,3.447289e+06,3.070180e+06,2.547084e-03,-5.061832e-03,-4.373418e-03,5.716075e-18,844,35829
0.000000e+00,-2.152521e-07,3.538847e-08,4.800469e-07,0.000000e+00,0.000000e+00,0.000000e+00,2.654940e+07,-1.018245e+07,-3.534804e+07,3.496009e-18,845,0
1.119773e-09,-1.953941e-03,7.076339e-04,2.500101e-03,-1.745880e+06,6.323212e+05,2.233623e+06,6.557915e-01,-2.388391e-01,-7.789986e-01,3.496009e-18,845,4927
1.119273e-08,-1.954109e-02,7.077332e-03,2.500044e-02,-1.745997e+06,6.323639e+05,2.233762e+06,6.277514e-03,-2.220340e-03,-8.078583e-03,3.496009e-18,845,49248
0.000000e+00,-5.587996e-08,-6.789340e-08,2.487329e-07,0.000000e+00,0.000000e+00,0.000000e+00,3.158182e+07,4.301862e+07,-1.245841e+08,6.550380e-18,846,0
4.677273e-10,-6.389443e-04,-8.709642e-04,2.500474e-03,-1.366199e+06,-1.862326e+06,5.346440e+06,3.796516e-01,5.183588e-01,-1.449452e+00,6.550380e-18,846,2058
4.676136e-09,-6.388568e-03,-8.708526e-03,2.500085e-02,-1.366227e+06,-1.862364e+06,5.346547e+06,3.805638e-03,5.184521e-03,-1.452594e-02,6.550380e-18,846,20575
0.000000e+00,2.377054e-08,-2.096308e-07,5.518232e-07,0.000000e+00,0.000000e+00,0.000000e+00,2.289770e+06,2.071794e+07,-3.448981e+07,3.140604e-18,847,0
1.040682e-09,-1.655736e-04,-1.494606e-03,2.500032e-03,-1.592192e+05,-1.437081e+06,2.403507e+06,8.250410e-02,6.948856e-01,-1.090986e+00,3.140604e-18,847,4579
1.040159e-08,-1.656094e-03,-1.494789e-02,2.500042e-02,-1.592300e+05,-1.437197e+06,2.403685e+06,8.060777e-04,6.647721e-03,-1.130488e-02,3.140604e-18,847,45767
0.000000e+00,-1.967608e-07,-2.651569e-08,4.692608e-07,0.000000e+00,0.000000e+00,0.000000e+00,2.519445e+07,2.964368e+06,-4.130593e+07,3.632331e-18,848,0
9.643182e-10,-1.636758e-03,-1.850185e-04,2.500199e-03,-1.698220e+06,-1.919009e+05,2.593827e+06,7.393257e-01,3.522462e-02,-1.076260e+00,3.632331e-18,848,4243
9.638409e-09,-1.636808e-02,-1.849626e-03,2.500047e-02,-1.698333e+06,-1.919067e+05,2.593991e+06,7.009048e-03,5.574349e-04,-1.094074e-02,3.632331e-18,848,42409
0.000000e+00,1.044495e-07,-1.444546e-07,3.852212e-07,0.000000e+00,0.000000e+00,0.000000e+00,-1.958463e+07,2.483479e+07,-5.012195e+07,4.267667e-18,849,0
8.736364e-10,1.004879e-03,-1.321498e-03,2.500383e-03,1.150710e+06,-1.513258e+06,2.863041e+06,-4.462459e-01,5.689991e-01,-1.068990e+00,4.267667e-18,849,3844
8.732045e-09,1.004803e-02,-1.321381e-02,2.500029e-02,1.150772e+06,-1.513337e+06,2.863189e+06,-4.486577e-03,5.563539e-03,-1.086081e-02,4.267667e-18,849,38421
0.000000e+00,2.829658e-08,-1.667258e-07,5.746640e-07,0.000000e+00,0.000000e+00,0.000000e+00,-9.185155e+05,1.485475e+07,-3.594651e+07,3.116204e-18,850,0
9.470455e-10,1.991117e-04,-1.126234e-03,2.500048e-03,2.104208e+05,-1.189982e+06,2.641180e+06,-1.451128e-01,6.546184e-01,-1.317116e+00,3.116204e-18,850,4167
9.465455e-09,1.991698e-03,-1.126367e-02,2.500009e-02,2.104401e+05,-1.190079e+06,2.641377e+06,-1.349062e-03,6.245589e-03,-1.371565e-02,3.116204e-18,850,41648
0.000000e+00,-2.634975e-07,6.280650e-09,3.683727e-07,0.000000e+00,0.000000e+00,0.000000e+00,4.138986e+07,8.910104e+05,-3.543188e+07,3.961264e-18,851,0
1.233182e-09,-3.053295e-03,-5.266883e-05,2.500189e-03,-2.476855e+06,-4.273442e+04,2.027982e+06,5.782797e-01,1.253746e-02,-4.376430e-01,3.961264e-18,851,5426
1.232750e-08,-3.053334e-02,-5.267987e-04,2.500005e-02,-2.476967e+06,-4.273665e+04,2.028067e+06,5.535795e-03,8.757292e-05,-4.482278e-03,3.961264e-18,851,54241
0.000000e+00,-2.327841e-07,-4.112317e-08,4.900525e-07,0.000000e+00,0.000000e+00,0.000000e+00,2.805513e+07,6.175937e+06,-4.418549e+07,3.389823e-18,852,0
9.609091e-10,-1.726026e-03,-4.253779e-04,2.500085e-03,-1.797130e+06,-4.429350e+05,2.602761e+06,7.763068e-01,2.030973e-01,-1.018449e+00,3.389823e-18,852,4228
9.605227e-09,-1.726183e-02,-4.254472e-03,2.500029e-02,-1.797248e+06,-4.429661e+05,2.602916e+06,7.349474e-03,2.008533e-03,-1.037508e-02,3.389823e-18,852,42263
0.000000e+00,-2.554194e-07,4.546567e-08,3.640858e-07,0.000000e+00,0.000000e+00,0.000000e+00,4.079993e+07,-6.399953e+06,-3.646271e+07,4.014394e-18,853,0
1.212500e-09,-2.969934e-03,4.591669e-04,2.500375e-03,-2.450324e+06,3.788335e+05,2.062728e+06,5.808614e-01,-9.240851e-02,-4.539875e-01,4.014394e-18,853,5335
1.212000e-08,-2.969785e-02,4.591454e-03,2.500036e-02,-2.450435e+06,3.788514e+05,2.062814e+06,5.541665e-03,-8.743381e-04,-4.628300e-03,4.014394e-18,853,53328
0.000000e+00,-8.451117e-08,1.555766e-07,5.242156e-07,0.000000e+00,0.000000e+00,0.000000e+00,1.116900e+07,-1.841092e+07,-3.745839e+07,3.361342e-18,854,0
1.017045e-09,-7.774289e-04,1.288326e-03,2.500509e-03,-7.648889e+05,1.267510e+06,2.459801e+06,3.704651e-01,-6.079377e-01,-1.101983e+00,3.361342e-18,854,4475
1.016341e-08,-7.773833e-03,1.288217e-02,2.500007e-02,-7.649487e+05,1.267608e+06,2.459977e+06,3.942367e-03,-5.563284e-03,-1.245841e-02,3.361342e-18,854,44719
0.000000e+00,2.409228e-07,1.437550e-07,3.802306e-07,0.000000e+00,0.000000e+00,0.000000e+00,-3.200043e+07,-2.466562e+07,-3.510370e+07,3.801820e-18,855,0
1.250682e-09,2.473775e-03,1.808092e-03,2.500289e-03,1.978660e+06,1.446227e+06,1.999689e+06,-4.661901e-01,-3.408796e-01,-4.322868e-01,3.801820e-18,855,5503
1.250205e-08,2.473725e-02,1.808074e-02,2.500032e-02,1.978752e+06,1.446294e+06,1.999775e+06,-4.455104e-03,-3.202078e-03,-4.468532e-03,3.801820e-18,855,55009
0.000000e+00,1.457635e-07,2.307447e-07,3.775909e-07,0.000000e+00,0.000000e+00,0.000000e+00,-1.611855e+07,-3.285875e+07,-3.795567e+07,3.864447e-18,856,0
1.153182e-09,1.198491e-03,2.359843e-03,2.500348e-03,1.039689e+06,2.047198e+06,2.168901e+06,-2.882091e-01,-5.689130e-01,-5.630659e-01,3.864447e-18,856,5074
1.152659e-08,1.198405e-02,2.359715e-02,2.500013e-02,1.039741e+06,2.047301e+06,2.169004e+06,-2.818673e-03,-5.433794e-03,-5.763361e-03,3.864447e-18,856,50717
0.000000e+00,-1.322985e-07,1.506682e-07,1.943087e-07,0.000000e+00,0.000000e+00,0.000000e+00,7.324914e+07,-8.235839e+07,-6.191223e+07,6.144720e-18,857,0
9.409091e-10,-2.986470e-03,3.356658e-03,2.500232e-03,-3.174252e+06,3.567712e+06,2.657332e+06,2.561325e-01,-2.862840e-01,-2.029128e-01,6.144720e-18,857,4140
9.407955e-09,-2.986327e-02,3.356494e-02,2.500020e-02,-3.174290e+06,3.567755e+06,2.657363e+06,2.505978e-03,-2.806766e-03,-2.043621e-03,6.144720e-18,857,41395
0.000000e+00,1.742398e-07,8.994481e-08,4.574413e-07,0.000000e+00,0.000000e+00,0.000000e+00,-2.387388e+07,-1.343169e+07,-3.870616e+07,3.711676e-18,858,0
1.028636e-09,1.512902e-03,9.045879e-04,2.500338e-03,1.471569e+06,8.799060e+05,2.431827e+06,-6.100377e-01,-3.729792e-01,-9.694013e-01,3.711676e-18,858,4526
1.028045e-08,1.512836e-02,9.045790e-03,2.500036e-02,1.471669e+06,8.799676e+05,2.431985e+06,-5.821642e-03,-3.545130e-03,-9.857058e-03,3.711676e-18,858,45234
0.000000e+00,-1.203874e-07,-5.070746e-08,3.382702e-07,0.000000e+00,0.000000e+00,0.000000e+00,3.099092e+07,1.320575e+07,-6.601490e+07,4.930488e-18,859,0
7.293182e-10,-1.226915e-03,-5.323686e-04,2.500573e-03,-1.682860e+06,-7.302080e+05,3.429619e+06,6.618674e-01,2.822820e-01,-1.295951e+00,4.930488e-18,859,3209
7.289545e-09,-1.226727e-02,-5.322877e-03,2.500046e-02,-1.682936e+06,-7.302408e+05,3.429769e+06,6.603193e-03,2.801618e-03,-1.301451e-02,4.930488e-18,859,32074
0.000000e+00,-1.859007e-07,-2.365256e-08,4.484607e-07,0.000000e+00,0.000000e+00,0.000000e+00,2.394655e+07,3.970864e+06,-4.044618e+07,3.798051e-18,860,0
1.038182e-09,-1.690845e-03,-2.695243e-04,2.500244e-03,-1.629569e+06,-2.597182e+05,2.409322e+06,6.810648e-01,7.292972e-02,-9.200422e-01,3.798051e-18,860,4568
1.037636e-08,-1.690892e-02,-2.694916e-03,2.500010e-02,-1.629681e+06,-2.597305e+05,2.409473e+06,6.794876e-03,1.037220e-03,-9.975228e-03,3.798051e-18,860,45656
0.000000e+00,-2.128079e-07,-6.098062e-08,5.219388e-07,0.000000e+00,0.000000e+00,0.000000e+00,2.496471e+07,5.745969e+06,-3.816639e+07,3.262605e-18,861,0
1.017727e-09,-1.740752e-03,-4.114886e-04,2.500295e-03,-1.711366e+06,-4.045396e+05,2.457678e+06,7.313173e-01,1.828949e-01,-9.001232e-01,3.262605e-18,861,4478
1.017227e-08,-1.740842e-02,-4.115090e-03,2.500032e-02,-1.711484e+06,-4.045693e+05,2.457823e+06,7.116472e-03,1.628778e-03,-9.734733e-03,3.262605e-18,861,44758
0.000000e+00,5.415899e-08,-1.288946e-07,4.065383e-07,0.000000e+00,0.000000e+00,0.000000e+00,-1.490794e+07,5.648333e+06,-5.442651e+07,4.257107e-18,862,0
7.863636e-10,6.789306e-04,-2.881491e-04,2.500410e-03,8.638461e+05,-3.665095e+05,3.181166e+06,-4.505505e-01,1.794419e-01,-1.647176e+00,4.257107e-18,862,3460
7.858864e-09,6.788810e-03,-2.880420e-03,2.500041e-02,8.639023e+05,-3.665322e+05,3.181371e+06,-4.441832e-03,1.818857e-03,-1.657204e-02,4.257107e-18,862,34579
0.000000e+00,-6.963307e-08,-5.878960e-08,6.289467e-07,0.000000e+00,0.000000e+00,0.000000e+00,3.717795e+06,1.190792e+07,-3.611040e+07,2.972238e-18,863,0
9.681818e-10,-3.183057e-04,-7.346882e-04,2.500383e-03,-3.290402e+05,-7.593834e+05,2.584029e+06,2.445674e-01,4.347038e-01,-1.457804e+00,2.972238e-18,863,4260
9.674773e-09,-3.183391e-03,-7.346817e-03,2.500007e-02,-3.290772e+05,-7.594511e+05,2.584252e+06,2.097089e-03,4.388107e-03,-1.548486e-02,2.972238e-18,863,42569
0.000000e+00,-1.069560e-07,-2.268697e-07,3.332538e-07,0.000000e+00,0.000000e+00,0.000000e+00,2.141126e+07,4.337889e+07,-4.030781e+07,4.255792e-18,864,0
1.146818e-09,-1.320662e-03,-2.838143e-03,2.500095e-03,-1.151959e+06,-2.475580e+06,2.180491e+06,2.637911e-01,5.452056e-01,-4.146087e-01,4.255792e-18,864,5046
1.146545e-08,-1.320771e-02,-2.838359e-02,2.500043e-02,-1.152006e+06,-2.475679e+06,2.180566e+06,2.368643e-03,4.982190e-03,-4.314246e-03,4.255792e-18,864,50448
0.000000e+00,-4.420281e-08,9.117370e-08,6.546266e-07,0.000000e+00,0.000000e+00,0.000000e+00,4.855748e+06,-9.796485e+06,-3.706277e+07,2.827420e-18,865,0
9.320455e-10,-3.367494e-04,6.588621e-04,2.500011e-03,-3.615470e+05,7.074007e+05,2.683772e+06,2.120891e-01,-4.373491e-01,-1.544339e+00,2.827420e-18,865,4101
9.315227e-09,-3.367883e-03,6.589579e-03,2.500015e-02,-3.615786e+05,7.074653e+05,2.684001e+06,1.950367e-03,-4.116558e-03,-1.580379e-02,2.827420e-18,865,40987
0.000000e+00,-2.509494e-08,1.529185e-07,3.796581e-07,0.000000e+00,0.000000e+00,0.000000e+00,6.338618e+06,-2.880690e+07,-5.383831e+07,4.432771e-18,866,0
8.236364e-10,-2.989686e-04,1.419948e-03,2.500446e-03,-3.631353e+05,1.724716e+06,3.036914e+06,1.417428e-01,-6.995419e-01,-1.187693e+00,4.432771e-18,866,3624
8.232045e-09,-2.989336e-03,1.419791e-02,2.500010e-02,-3.631537e+05,1.724807e+06,3.037069e+06,1.379751e-03,-6.964198e-03,-1.202656e-02,4.432771e-18,866,36221
0.000000e+00,-7.670392e-08,-1.997132e-07,3.478722e-07,0.000000e+00,0.000000e+00,0.000000e+00,1.320732e+07,3.957092e+07,-4.602067e+07,4.375481e-18,867,0
1.012273e-09,-7.436137e-04,-2.380422e-03,2.500498e-03,-7.348145e+05,-2.352378e+06,2.470871e+06,1.842843e-01,6.318198e-01,-6.626277e-01,4.375481e-18,867,4454
1.011795e-08,-7.434822e-03,-2.380119e-02,2.500026e-02,-7.348439e+05,-2.352479e+06,2.470977e+06,1.759021e-03,6.090244e-03,-6.734984e-03,4.375481e-18,867,44519
0.000000e+00,2.852553e-08,2.016927e-07,2.836383e-07,0.000000e+00,0.000000e+00,0.000000e+00,-5.692599e+06,-5.800456e+07,-6.022588e+07,5.049359e-18,868,0
8.609091e-10,2.388385e-04,2.488853e-03,2.500329e-03,2.774796e+05,2.891605e+06,2.904795e+06,-6.236351e-02,-6.674349e-01,-6.428625e-01,5.049359e-18,868,3788
8.606591e-09,2.388167e-03,2.488689e-02,2.500050e-02,2.774890e+05,2.891696e+06,2.904882e+06,-5.972379e-04,-6.598899e-03,-6.464901e-03,5.049359e-18,868,37869
0.000000e+00,8.406779e-08,-4.552692e-08,5.156283e-07,0.000000e+00,0.000000e+00,0.000000e+00,-9.846072e+06,5.742480e+06,-4.308651e+07,3.590264e-18,869,0
8.870455e-10,6.835926e-04,-2.429348e-04,2.500458e-03,7.711733e+05,-2.739768e+05,2.820451e+06,-4.434632e-01,1.238233e-01,-1.591857e+00,3.590264e-18,869,3903
8.863864e-09,6.835513e-03,-2.428518e-03,2.500016e-02,7.712356e+05,-2.739950e+05,2.820675e+06,-4.425730e-03,1.279101e-03,-1.620704e-02,3.590264e-18,869,39001
0.000000e+00,1.169549e-07,-4.646748e-08,1.441540e-07,0.000000e+00,0.000000e+00,0.000000e+00,-1.724763e+08,6.968771e+07,-1.908757e+08,8.755269e-18,870,0
3.247727e-10,2.262237e-03,-9.141386e-04,2.501626e-03,6.965515e+06,-2.814671e+06,7.702546e+06,-6.192797e-01,2.502078e-01,-6.712235e-01,8.755269e-18,870,1429
3.245682e-09,2.260795e-02,-9.135567e-03,2.500015e-02,6.965547e+06,-2.814683e+06,7.702580e+06,-6.186483e-03,2.495507e-03,-6.733614e-03,8.755269e-18,870,14281
0.000000e+00,1.129500e-07,-2.113550e-07,4.754138e-07,0.000000e+00,0.000000e+00,0.000000e+00,-1.493141e+07,2.539019e+07,-3.282459e+07,3.435366e-18,871,0
1.185909e-09,1.239818e-03,-1.991082e-03,2.500015e-03,1.046020e+06,-1.679804e+06,2.108940e+06,-3.507594e-01,5.611250e-01,-6.642799e-01,3.435366e-18,871,5218
1.185432e-08,1.239977e-02,-1.991285e-02,2.500016e-02,1.046086e+06,-1.679909e+06,2.109065e+06,-3.520098e-03,5.439772e-03,-6.923153e-03,3.435366e-18,871,52159
0.000000e+00,-3.939687e-08,8.855867e-08,1.571162e-07,0.000000e+00,0.000000e+00,0.000000e+00,6.528958e+07,-1.443486e+08,-2.370421e+08,9.090115e-18,872,0
2.618182e-10,-6.891026e-04,1.523433e-03,2.500437e-03,-2.631942e+06,5.818560e+06,9.550046e+06,2.955957e-01,-6.553769e-01,-1.059199e+00,9.090115e-18,872,1152
2.617955e-09,-6.890341e-03,1.523281e-02,2.500173e-02,-2.631954e+06,5.818587e+06,9.550089e+06,2.963380e-03,-6.562590e-03,-1.060680e-02,9.090115e-18,872,11519
0.000000e+00,-9.270530e-08,-2.399729e-07,3.558899e-07,0.000000e+00,0.000000e+00,0.000000e+00,1.414664e+07,4.347865e+07,-4.103646e+07,4.060017e-18,873,0
1.111591e-09,-8.771690e-04,-2.704670e-03,2.500318e-03,-7.893330e+05,-2.433928e+06,2.249859e+06,1.756112e-01,5.763912e-01,-4.957778e-01,4.060017e-18,873,4891
1.111182e-08,-8.770933e-03,-2.704534e-02,2.500014e-02,-7.893638e+05,-2.434029e+06,2.249947e+06,1.657394e-03,5.496444e-03,-5.248309e-03,4.060017e-18,873,48892
0.000000e+00,5.182799e-08,-1.883670e-07,5.131137e-07,0.000000e+00,0.000000e+00,0.000000e+00,-5.534282e+06,1.950550e+07,-4.747706e+07,3.392097e-18,874,0
8.568182e-10,3.272335e-04,-1.082334e-03,2.500636e-03,3.821313e+05,-1.263811e+06,2.919714e+06,-2.210591e-01,6.364567e-01,-1.384136e+00,3.392097e-18,874,3770
8.562500e-09,3.271996e-03,-1.082142e-02,2.500022e-02,3.821596e+05,-1.263898e+06,2.919901e+06,-2.042012e-03,6.210192e-03,-1.417656e-02,3.392097e-18,874,37675
0.000000e+00,-2.034768e-07,1.853497e-08,4.006398e-07,0.000000e+00,0.000000e+00,0.000000e+00,3.082511e+07,-1.376680e+06,-4.233001e+07,4.054269e-18,875,0
1.024091e-09,-1.995296e-03,9.279652e-05,2.500191e-03,-1.949331e+06,9.063673e+04,2.442277e+06,7.460404e-01,-2.315492e-02,-8.196730e-01,4.054269e-18,875,4506
1.023636e-08,-1.995399e-02,9.277933e-04,2.500013e-02,-1.949452e+06,9.064025e+04,2.442410e+06,6.833415e-03,-3.313088e-04,-8.511581e-03,4.054269e-18,875,45040
0.000000e+00,1.988530e-08,-2.187710e-07,4.155758e-07,0.000000e+00,0.000000e+00,0.000000e+00,-1.010053e+06,3.277428e+07,-5.695746e+07,3.870694e-18,876,0
8.295455e-10,5.117096e-05,-1.539658e-03,2.500571e-03,6.169893e+04,-1.856697e+06,3.015289e+06,-3.066432e-02,7.475890e-01,-1.139186e+00,3.870694e-18,876,3650
8.291136e-09,5.115663e-04,-1.539418e-02,2.500034e-02,6.170270e+04,-1.856795e+06,3.015438e+06,-2.845688e-04,7.352526e-03,-1.155020e-02,3.870694e-18,876,36481
0.000000e+00,2.053149e-07,1.151527e-07,2.482217e-07,0.000000e+00,0.000000e+00,0.000000e+00,-6.265029e+07,-3.469891e+07,-5.501023e+07,5.080809e-18,877,0
9.811364e-10,2.934413e-03,1.632323e-03,2.500111e-03,2.991328e+06,1.663988e+06,2.548484e+06,-4.699969e-01,-2.631931e-01,-3.773877e-01,5.080809e-18,877,4317
9.809773e-09,2.934429e-02,1.632337e-02,2.500018e-02,2.991401e+06,1.664029e+06,2.548543e+06,-4.590393e-03,-2.554248e-03,-3.805852e-03,5.080809e-18,877,43163
0.000000e+00,2.416437e-08,-1.287079e-07,3.260733e-07,0.000000e+00,0.000000e+00,0.000000e+00,-7.552736e+06,3.017591e+07,-6.491347e+07,5.066939e-18,878,0
7.240909e-10,2.415433e-04,-1.193348e-03,2.500719e-03,3.336903e+05,-1.648646e+06,3.454677e+06,-1.431180e-01,6.751427e-01,-1.375644e+00,5.066939e-18,878,3186
7.236591e-09,2.414788e-03,-1.193058e-02,2.500016e-02,3.337065e+05,-1.648724e+06,3.454835e+06,-1.435392e-03,6.728420e-03,-1.381141e-02,5.066939e-18,878,31841
0.000000e+00,-1.277622e-07,-5.346717e-08,4.052918e-07,0.000000e+00,0.000000e+00,0.000000e+00,2.437233e+07,1.110673e+07,-4.788152e+07,4.271282e-18,879,0
8.997727e-10,-1.407112e-03,-6.358115e-04,2.500065e-03,-1.564639e+06,-7.070237e+05,2.779660e+06,6.666246e-01,3.211950e-01,-1.124342e+00,4.271282e-18,879,3959
8.994091e-09,-1.407243e-02,-6.358994e-03,2.500059e-02,-1.564734e+06,-7.070696e+05,2.779820e+06,6.454071e-03,3.115088e-03,-1.146616e-02,4.271282e-18,879,39574
0.000000e+00,7.904941e-08,2.150755e-07,2.687510e-07,0.000000e+00,0.000000e+00,0.000000e+00,-2.444761e+07,-5.950589e+07,-5.012055e+07,4.965167e-18,880,0
9.888636e-10,1.238119e-03,2.824277e-03,2.500185e-03,1.252343e+06,2.856653e+06,2.528760e+06,-2.326249e-01,-5.280206e-01,-4.437329e-01,4.965167e-18,880,4351
9.886364e-09,1.238111e-02,2.824195e-02,2.500034e-02,1.252379e+06,2.856735e+06,2.528830e+06,-2.320667e-03,-5.209320e-03,-4.483370e-03,4.965167e-18,880,43500
0.000000e+00,-5.172828e-08,6.248460e-08,4.100493e-07,0.000000e+00,0.000000e+00,0.000000e+00,1.219293e+07,-1.467215e+07,-5.376913e+07,4.397004e-18,881,0
7.943182e-10,-5.662908e-04,6.825027e-04,2.500331e-03,-7.132895e+05,8.597016e+05,3.149147e+06,3.505126e-01,-4.586464e-01,-1.554791e+00,4.397004e-18,881,3495
7.938864e-09,-5.662683e-03,6.825022e-03,2.500071e-02,-7.133340e+05,8.597595e+05,3.149343e+06,3.490668e-03,-4.521076e-03,-1.564868e-02,4.397004e-18,881,34931
0.000000e+00,-4.051322e-08,1.505477e-07,5.984971e-07,0.000000e+00,0.000000e+00,0.000000e+00,3.537080e+06,-1.836331e+07,-3.733374e+07,3.024264e-18,882,0
9.693182e-10,-2.487057e-04,1.226301e-03,2.500223e-03,-2.567124e+05,1.265916e+06,2.580609e+06,1.182059e-01,-6.534748e-01,-1.248419e+00,3.024264e-18,882,4265
9.687727e-09,-2.486960e-03,1.226380e-02,2.500041e-02,-2.567305e+05,1.266017e+06,2.580801e+06,1.149064e-03,-6.135539e-03,-1.282960e-02,3.024264e-18,882,42626
0.000000e+00,-5.492852e-08,-6.243943e-08,1.216808e-07,0.000000e+00,0.000000e+00,0.000000e+00,1.753903e+08,1.969844e+08,-3.658541e+08,1.123783e-17,883,0
1.709091e-10,-1.199657e-03,-1.347333e-03,2.502163e-03,-7.019051e+06,-7.883079e+06,1.463981e+07,4.776344e-01,5.312364e-01,-9.821842e-01,1.123783e-17,883,752
1.707727e-09,-1.198668e-02,-1.346221e-02,2.500093e-02,-7.019064e+06,-7.883093e+06,1.463984e+07,4.791961e-03,5.327768e-03,-9.841609e-03,1.123783e-17,883,7514
0.000000e+00,-1.868541e-07,-6.409207e-08,4.851030e-07,0.000000e+00,0.000000e+00,0.000000e+00,2.524442e+07,6.741223e+06,-3.982286e+07,3.541937e-18,884,0
1.023864e-09,-1.646309e-03,-5.798979e-04,2.500090e-03,-1.608768e+06,-5.667922e+05,2.442813e+06,6.555364e-01,2.968940e-01,-9.367070e-01,3.541937e-18,884,4505
1.023409e-08,-1.646423e-02,-5.800551e-03,2.500011e-02,-1.608874e+06,-5.668405e+05,2.442965e+06,6.504479e-03,2.356759e-03,-9.832234e-03,3.541937e-18,884,45030
0.000000e+00,6.264858e-08,2.574709e-07,3.982733e-07,0.000000e+00,0.000000e+00,0.000000e+00,-7.205555e+06,-4.555256e+07,-4.079604e+07,3.800941e-18,885,0
1.113864e-09,4.431414e-04,2.810339e-03,2.500114e-03,3.979600e+05,2.523856e+06,2.245057e+06,-1.016673e-01,-6.083583e-01,-5.022274e-01,3.800941e-18,885,4901
1.113568e-08,4.431575e-03,2.810485e-02,2.500040e-02,3.979782e+05,2.523962e+06,2.245146e+06,-9.027273e-04,-5.931753e-03,-5.186837e-03,3.800941e-18,885,48997
0.000000e+00,1.042339e-07,-5.498790e-08,5.755188e-07,0.000000e+00,0.000000e+00,0.000000e+00,-1.033995e+07,6.179482e+06,-3.903360e+07,3.208017e-18,886,0
9.295455e-10,8.675475e-04,-4.497928e-04,2.500324e-03,9.339690e+05,-4.842098e+05,2.691255e+06,-5.317019e-01,2.649181e-01,-1.428836e+00,3.208017e-18,886,4090
9.289318e-09,8.675859e-03,-4.497952e-03,2.500005e-02,9.340476e+05,-4.842495e+05,2.691465e+06,-5.133471e-03,2.422483e-03,-1.461621e-02,3.208017e-18,886,40873
0.000000e+00,-1.458040e-07,3.112645e-08,5.537463e-07,0.000000e+00,0.000000e+00,0.000000e+00,1.574134e+07,-6.316451e+06,-3.895724e+07,3.263814e-18,887,0
9.340909e-10,-1.038274e-03,3.675854e-04,2.500391e-03,-1.112247e+06,3.938457e+05,2.678217e+06,6.107682e-01,-2.714936e-01,-1.378727e+00,3.263814e-18,887,4110
9.334545e-09,-1.038229e-02,3.676342e-03,2.500005e-02,-1.112338e+06,3.938851e+05,2.678421e+06,5.791484e-03,-2.486095e-03,-1.402287e-02,3.263814e-18,887,41072
0.000000e+00,8.189182e-08,7.555557e-08,2.303554e-07,0.000000e+00,0.000000e+00,0.000000e+00,-5.401316e+07,-4.676768e+07,-1.302758e+08,6.735343e-18,888,0
4.547727e-10,1.042787e-03,9.022653e-04,2.500549e-03,2.293154e+06,1.984122e+06,5.498749e+06,-5.377328e-01,-4.549845e-01,-1.244499e+00,6.735343e-18,888,2001
4.546591e-09,1.042609e-02,9.021043e-03,2.500073e-02,2.293193e+06,1.984155e+06,5.498839e+06,-5.413976e-03,-4.604504e-03,-1.250529e-02,6.735343e-18,888,20005
0.000000e+00,-9.935160e-10,1.080324e-07,1.212890e-07,0.000000e+00,0.000000e+00,0.000000e+00,1.946680e+06,-2.560848e+08,-2.688962e+08,1.023157e-17,889,0
2.320455e-10,-1.810477e-05,2.382684e-03,2.501377e-03,-7.801956e+04,1.026792e+07,1.077937e+07,4.237444e-03,-6.709249e-01,-6.955273e-01,1.023157e-17,889,1021
2.319318e-09,-1.809531e-04,2.381467e-02,2.500091e-02,-7.801971e+04,1.026794e+07,1.077940e+07,4.573767e-05,-6.723477e-03,-6.967590e-03,1.023157e-17,889,10205
0.000000e+00,-1.546603e-07,1.488130e-07,4.076116e-07,0.000000e+00,0.000000e+00,0.000000e+00,2.229975e+07,-2.127179e+07,-3.866867e+07,3.958066e-18,890,0
1.073864e-09,-1.540836e-03,1.466095e-03,2.500271e-03,-1.435554e+06,1.365925e+06,2.329203e+06,5.019990e-01,-4.888498e-01,-7.644476e-01,3.958066e-18,890,4725
1.073341e-08,-1.540832e-02,1.466098e-02,2.500035e-02,-1.435640e+06,1.366008e+06,2.329333e+06,4.899193e-03,-4.582871e-03,-7.906822e-03,3.958066e-18,890,47227
0.000000e+00,-3.731312e-08,5.021835e-08,2.846264e-07,0.000000e+00,0.000000e+00,0.000000e+00,2.161726e+07,-2.261487e+07,-1.057587e+08,6.034940e-18,891,0
5.238636e-10,-5.194091e-04,5.441964e-04,2.500889e-03,-9.917044e+05,1.039008e+06,4.774648e+06,3.590473e-01,-3.741680e-01,-1.646586e+00,6.034940e-18,891,2305
5.236136e-09,-5.192707e-03,5.440408e-03,2.500086e-02,-9.917343e+05,1.039039e+06,4.774784e+06,3.544379e-03,-3.698138e-03,-1.654058e-02,6.034940e-18,891,23039
0.000000e+00,5.915624e-08,-1.328249e-07,4.625811e-07,0.000000e+00,0.000000e+00,0.000000e+00,-1.438255e+07,1.821379e+07,-4.189593e+07,3.823266e-18,892,0
9.545455e-10,8.528589e-04,-1.178940e-03,2.500458e-03,8.939945e+05,-1.235765e+06,2.620737e+06,-4.041028e-01,5.550064e-01,-1.149018e+00,3.823266e-18,892,4200
9.539318e-09,8.528031e-03,-1.178830e-02,2.500012e-02,8.940555e+05,-1.235850e+06,2.620911e+06,-3.942662e-03,5.561937e-03,-1.175069e-02,3.823266e-18,892,41973
0.000000e+00,1.363084e-07,-9.514050e-08,3.615878e-07,0.000000e+00,0.000000e+00,0.000000e+00,-2.930168e+07,1.950162e+07,-5.537185e+07,4.522761e-18,893,0
8.297727e-10,1.353080e-03,-9.059435e-04,2.500238e-03,1.631278e+06,-1.092182e+06,3.014120e+06,-6.102183e-01,3.884637e-01,-1.101498e+00,4.522761e-18,893,3651
8.294318e-09,1.353033e-02,-9.058896e-03,2.500016e-02,1.631359e+06,-1.092232e+06,3.014264e+06,-5.977118e-03,3.903638e-03,-1.111291e-02,4.522761e-18,893,36495
0.000000e+00,-5.699124e-08,4.680007e-08,1.251535e-07,0.000000e+00,0.000000e+00,0.000000e+00,1.889617e+08,-1.551087e+08,-3.931248e+08,1.140888e-17,894,0
1.590909e-10,-1.202887e-03,9.873821e-04,2.502347e-03,-7.560755e+06,6.206197e+06,1.572847e+07,5.458756e-01,-4.482406e-01,-1.126324e+00,1.140888e-17,894,700
1.589545e-09,-1.201822e-02,9.865078e-03,2.500125e-02,-7.560769e+06,6.206208e+06,1.572850e+07,5.482173e-03,-4.497564e-03,-1.129279e-02,1.140888e-17,894,6994
0.000000e+00,-2.364795e-07,-1.042649e-07,3.251803e-07,0.000000e+00,0.000000e+00,0.000000e+00,4.494770e+07,1.949980e+07,-3.821948e+07,4.266531e-18,895,0
1.229318e-09,-3.117658e-03,-1.405538e-03,2.500286e-03,-2.536820e+06,-1.143690e+06,2.034301e+06,4.756489e-01,2.186006e-01,-3.531070e-01,4.266531e-18,895,5409
1.228932e-08,-3.117574e-02,-1.405513e-02,2.500028e-02,-2.536913e+06,-1.143732e+06,2.034370e+06,4.587510e-03,2.078620e-03,-3.623173e-03,4.266531e-18,895,54073
0.000000e+00,1.527187e-07,-1.747960e-07,2.608068e-07,0.000000e+00,0.000000e+00,0.000000e+00,-4.037803e+07,5.391636e+07,-5.396786e+07,4.999867e-18,896,0
9.820455e-10,1.927677e-03,-2.573562e-03,2.500393e-03,1.963277e+06,-2.621118e+06,2.546453e+06,-3.505002e-01,4.621837e-01,-4.186228e-01,4.999867e-18,896,4321
9.817727e-09,1.927496e-02,-2.573345e-02,2.500051e-02,1.963330e+06,-2.621189e+06,2.546517e+06,-3.389301e-03,4.472119e-03,-4.210229e-03,4.999867e-18,896,43198
0.000000e+00,-1.480558e-07,-2.043691e-07,4.295478e-07,0.000000e+00,0.000000e+00,0.000000e+00,2.112257e+07,2.779685e+07,-3.796547e+07,3.642202e-18,897,0
1.094091e-09,-1.457885e-03,-1.836906e-03,2.500465e-03,-1.333110e+06,-1.679615e+06,2.286216e+06,4.357947e-01,5.153257e-01,-6.909810e-01,3.642202e-18,897,4814
1.093523e-08,-1.457781e-02,-1.836695e-02,2.500040e-02,-1.333185e+06,-1.679704e+06,2.286336e+06,4.215380e-03,4.897012e-03,-7.129361e-03,3.642202e-18,897,48115
0.000000e+00,1.653297e-07,-1.943709e-07,4.212898e-07,0.000000e+00,0.000000e+00,0.000000e+00,-2.189526e+07,2.818646e+07,-3.593433e+07,3.669234e-18,898,0
1.180909e-09,1.640417e-03,-2.096372e-03,2.500116e-03,1.389709e+06,-1.775981e+06,2.117770e+06,-3.950471e-01,4.979443e-01,-5.515390e-01,3.669234e-18,898,5196
1.180500e-08,1.640546e-02,-2.096539e-02,2.500040e-02,1.389783e+06,-1.776075e+06,2.117873e+06,-3.859165e-03,4.774187e-03,-5.765987e-03,3.669234e-18,898,51942
0.000000e+00,1.773253e-07,4.620815e-08,1.749842e-07,0.000000e+00,0.000000e+00,0.000000e+00,-1.184357e+08,-2.972768e+07,-9.511285e+07,6.710892e-18,899,0
6.295455e-10,3.132314e-03,7.859740e-04,2.500250e-03,4.975731e+06,1.248529e+06,3.971613e+06,-5.372406e-01,-1.349417e-01,-4.152461e-01,6.710892e-18,899,2770
6.294773e-09,3.132121e-02,7.859240e-03,2.500054e-02,4.975785e+06,1.248543e+06,3.971655e+06,-5.352829e-03,-1.348249e-03,-4.164675e-03,6.710892e-18,899,27697
0.000000e+00,-2.640917e-08,1.300340e-07,3.231775e-07,0.000000e+00,0.000000e+00,0.000000e+00,8.915767e+06,-3.848356e+07,-7.178366e+07,5.112154e-18,900,0
7.013636e-10,-3.166988e-04,1.379915e-03,2.500777e-03,-4.516772e+05,1.968042e+06,3.566431e+06,1.558511e-01,-7.012268e-01,-1.227364e+00,5.112154e-18,900,3086
7.010000e-09,-3.166256e-03,1.379599e-02,2.500080e-02,-4.516945e+05,1.968120e+06,3.566567e+06,1.549663e-03,-6.978086e-03,-1.236820e-02,5.112154e-18,900,30844
0.000000e+00,-2.420914e-07,-6.991474e-08,2.993005e-07,0.000000e+00,0.000000e+00,0.000000e+00,5.276006e+07,1.552117e+07,-4.345809e+07,4.497271e-18,901,0
1.130682e-09,-3.174763e-03,-9.245012e-04,2.500079e-03,-2.808545e+06,-8.178491e+05,2.211537e+06,5.254120e-01,1.492705e-01,-3.862978e-01,4.497271e-18,901,4975
1.130432e-08,-3.174867e-02,-9.245223e-03,2.500004e-02,-2.808639e+06,-8.178755e+05,2.211606e+06,5.042495e-03,1.415607e-03,-3.902616e-03,4.497271e-18,901,49739
0.000000e+00,-8.725082e-08,-3.431446e-08,6.537327e-07,0.000000e+00,0.000000e+00,0.000000e+00,1.976429e+07,2.622738e+06,-4.418433e+07,2.861979e-18,902,0
8.943182e-10,-1.035370e-03,-1.665085e-04,2.500141e-03,-1.158420e+06,-1.863092e+05,2.796791e+06,6.314254e-01,1.193134e-01,-1.453984e+00,2.861979e-18,902,3935
8.938864e-09,-1.035493e-02,-1.665405e-03,2.500042e-02,-1.158509e+06,-1.863278e+05,2.796996e+06,6.035541e-03,1.200004e-03,-1.477016e-02,2.861979e-18,902,39331
0.000000e+00,-1.190265e-07,-1.674762e-07,2.293233e-07,0.000000e+00,0.000000e+00,0.000000e+00,4.659930e+07,6.508582e+07,-6.981121e+07,5.595814e-18,903,0
8.015909e-10,-1.696547e-03,-2.370806e-03,2.500604e-03,-2.116755e+06,-2.958017e+06,3.119862e+06,3.558970e-01,4.958653e-01,-5.024309e-01,5.595814e-18,903,3527
8.013182e-09,-1.696199e-02,-2.370319e-02,2.500015e-02,-2.116800e+06,-2.958080e+06,3.119926e+06,3.555446e-03,4.913830e-03,-5.042434e-03,5.595814e-18,903,35258
0.000000e+00,-1.276664e-07,2.311185e-07,4.661344e-07,0.000000e+00,0.000000e+00,0.000000e+00,1.660817e+07,-3.005464e+07,-2.947469e+07,3.408329e-18,904,0
1.331364e-09,-1.427965e-03,2.612787e-03,2.500135e-03,-1.073045e+06,1.963374e+06,1.878488e+06,2.804656e-01,-5.102050e-01,-4.495741e-01,3.408329e-18,904,5858
1.330864e-08,-1.428070e-02,2.612971e-02,2.500024e-02,-1.073104e+06,1.963481e+06,1.878583e+06,2.750565e-03,-4.958876e-03,-4.703747e-03,3.408329e-18,904,58558
0.000000e+00,9.900331e-09,3.633183e-08,2.786027e-07,0.000000e+00,0.000000e+00,0.000000e+00,-8.323062e+06,-1.470930e+07,-1.151874e+08,6.233147e-18,905,0
4.859091e-10,1.871016e-04,3.205420e-04,2.500344e-03,3.851538e+05,6.597650e+05,5.146444e+06,-1.680936e-01,-2.283189e-01,-1.867006e+00,6.233147e-18,905,2138
4.857727e-09,1.870971e-03,3.204978e-03,2.500018e-02,3.851667e+05,6.597826e+05,5.146588e+06,-1.646921e-03,-2.281297e-03,-1.879461e-02,6.233147e-18,905,21374
0.000000e+00,-8.234103e-08,-2.333097e-07,3.189724e-07,0.000000e+00,0.000000e+00,0.000000e+00,1.448452e+07,4.660173e+07,-4.178573e+07,4.379034e-18,906,0
1.158409e-09,-9.014373e-04,-3.055311e-03,2.500480e-03,-7.783644e+05,-2.638338e+06,2.158983e+06,1.466881e-01,5.667976e-01,-3.939543e-01,4.379034e-18,906,5097
1.157955e-08,-9.013110e-03,-3.055068e-02,2.500016e-02,-7.783912e+05,-2.638442e+06,2.159055e+06,1.536732e-03,5.177585e-03,-4.165379e-03,4.379034e-18,906,50950
0.000000e+00,-1.119086e-07,-2.009546e-08,6.411057e-07,0.000000e+00,0.000000e+00,0.000000e+00,1.101291e+07,-5.684279e+05,-3.534821e+07,2.892526e-18,907,0
9.472727e-10,-7.337679e-04,-6.252288e-06,2.500124e-03,-7.750770e+05,-6.659932e+03,2.640817e+06,4.040040e-01,5.440942e-02,-1.517413e+00,2.892526e-18,907,4168
9.466818e-09,-7.337505e-03,-6.305544e-05,2.500029e-02,-7.751385e+05,-6.669002e+03,2.641045e+06,4.533968e-03,-7.388370e-05,-1.580889e-02,2.892526e-18,907,41654
0.000000e+00,-1.194541e-07,-3.773430e-08,1.836902e-07,0.000000e+00,0.000000e+00,0.000000e+00,1.158877e+08,3.729334e+07,-1.570162e+08,7.610842e-18,908,0
3.890909e-10,-1.849247e-03,-5.952958e-04,2.500044e-03,-4.752804e+06,-1.529989e+06,6.425358e+06,6.866304e-01,2.213367e-01,-9.067902e-01,7.610842e-18,908,1712
3.890909e-09,-1.849282e-02,-5.953080e-03,2.500064e-02,-4.752846e+06,-1.530003e+06,6.425414e+06,6.862824e-03,2.212075e-03,-9.085347e-03,7.610842e-18,908,17120
0.000000e+00,1.189280e-07,-2.468628e-07,5.048772e-07,0.000000e+00,0.000000e+00,0.000000e+00,-1.481562e+07,2.666845e+07,-3.034814e+07,3.171768e-18,909,0
1.453864e-09,1.555331e-03,-2.804687e-03,2.500126e-03,1.070313e+06,-1.930054e+06,1.720183e+06,-2.606389e-01,4.865135e-01,-3.902646e-01,3.171768e-18,909,6397
1.453341e-08,1.555520e-02,-2.805011e-02,2.500031e-02,1.070374e+06,-1.930164e+06,1.720273e+06,-2.582636e-03,4.668444e-03,-4.129172e-03,3.171768e-18,909,63947
0.000000e+00,1.857192e-07,4.594305e-08,2.737131e-07,0.000000e+00,0.000000e+00,0.000000e+00,-5.865471e+07,-1.896578e+07,-7.020095e+07,5.252862e-18,910,0
7.652273e-10,2.135763e-03,6.900361e-04,2.500086e-03,2.791542e+06,9.019271e+05,3.267614e+06,-6.620218e-01,-2.143067e-01,-7.540800e-01,5.252862e-18,910,3367
7.650909e-09,2.135789e-02,6.900568e-03,2.500036e-02,2.791623e+06,9.019532e+05,3.267706e+06,-6.593724e-03,-2.141484e-03,-7.579135e-03,5.252862e-18,910,33664
0.000000e+00,2.049286e-08,-2.192545e-07,4.064731e-07,0.000000e+00,0.000000e+00,0.000000e+00,-3.067719e+06,3.537994e+07,-2.378822e+07,3.927300e-18,911,0
1.460909e-09,2.990323e-04,-3.574543e-03,2.500371e-03,2.047736e+05,-2.447826e+06,1.712030e+06,-4.062736e-02,4.934915e-01,-3.155923e-01,3.927300e-18,911,6428
1.460273e-08,2.990233e-03,-3.574467e-02,2.500035e-02,2.047831e+05,-2.447940e+06,1.712103e+06,-3.790044e-04,4.770971e-03,-3.295628e-03,3.927300e-18,911,64252
0.000000e+00,8.777556e-08,2.136887e-07,2.249754e-07,0.000000e+00,0.000000e+00,0.000000e+00,-3.143740e+07,-7.371969e+07,-5.687828e+07,5.356497e-18,912,0
9.702273e-10,1.416823e-03,3.316923e-03,2.500070e-03,1.460505e+06,3.419173e+06,2.577037e+06,-1.984837e-01,-4.620894e-01,-3.280164e-01,5.356497e-18,912,4269
9.701136e-09,1.416858e-02,3.316993e-02,2.500031e-02,1.460535e+06,3.419244e+06,2.577087e+06,-1.938147e-03,-4.536630e-03,-3.299388e-03,5.356497e-18,912,42685
0.000000e+00,-5.546337e-08,-5.666849e-10,6.095383e-07,0.000000e+00,0.000000e+00,0.000000e+00,3.005869e+06,-1.852493e+06,-3.791763e+07,3.102250e-18,913,0
8.961364e-10,-2.220894e-04,9.148430e-05,2.500164e-03,-2.479658e+05,1.021786e+05,2.791646e+06,1.404426e-01,-8.044010e-02,-1.746878e+00,3.102250e-18,913,3943
8.955455e-09,-2.220641e-03,9.150550e-04,2.500058e-02,-2.479836e+05,1.021905e+05,2.791894e+06,1.456489e-03,-8.083769e-04,-1.778857e-02,3.102250e-18,913,39404
0.000000e+00,1.738561e-07,-1.575338e-07,5.682586e-07,0.000000e+00,0.000000e+00,0.000000e+00,-1.634461e+07,1.669423e+07,-3.263461e+07,3.001126e-18,914,0
1.080682e-09,1.252500e-03,-1.225351e-03,2.500334e-03,1.159657e+06,-1.134535e+06,2.314733e+06,-4.976126e-01,4.982568e-01,-9.468232e-01,3.001126e-18,914,4755
1.080045e-08,1.252480e-02,-1.225345e-02,2.500031e-02,1.159744e+06,-1.134620e+06,2.314894e+06,-4.861939e-03,4.754807e-03,-9.816755e-03,3.001126e-18,914,47522
0.000000e+00,-1.167440e-07,-1.889189e-07,2.916056e-07,0.000000e+00,0.000000e+00,0.000000e+00,2.923585e+07,4.698327e+07,-5.208473e+07,4.790714e-18,915,0
9.627273e-10,-1.466697e-03,-2.342066e-03,2.500456e-03,-1.523877e+06,-2.433347e+06,2.597767e+06,3.468593e-01,5.367279e-01,-5.476475e-01,4.790714e-18,915,4236
9.623636e-09,-1.466523e-02,-2.341765e-02,2.500008e-02,-1.523930e+06,-2.433429e+06,2.597850e+06,3.403858e-03,5.236653e-03,-5.535209e-03,4.790714e-18,915,42344
0.000000e+00,-4.121647e-09,-4.346213e-08,4.061253e-07,0.000000e+00,0.000000e+00,0.000000e+00,1.036985e+07,1.303319e+07,-4.688250e+07,4.502361e-18,916,0
8.515909e-10,-5.360621e-04,-7.324599e-04,2.500446e-03,-6.299350e+05,-8.606600e+05,2.937745e+06,3.527550e-01,4.572559e-01,-1.527236e+00,4.502361e-18,916,3747
8.510000e-09,-5.360665e-03,-7.324138e-03,2.500020e-02,-6.299828e+05,-8.607218e+05,2.937951e+06,3.450460e-03,4.415932e-03,-1.546975e-02,4.502361e-18,916,37444
0.000000e+00,1.660502e-07,7.993122e-10,3.740615e-07,0.000000e+00,0.000000e+00,0.000000e+00,-3.126281e+07,4.504211e+05,-5.082125e+07,4.418230e-18,917,0
9.334091e-10,1.705292e-03,-3.960910e-05,2.500409e-03,1.827803e+06,-4.245303e+04,2.679800e+06,-7.243046e-01,6.679605e-03,-1.016725e+00,4.418230e-18,917,4107
9.329091e-09,1.705169e-02,-3.960426e-04,2.500020e-02,1.827910e+06,-4.245465e+04,2.679950e+06,-7.016388e-03,1.165959e-04,-1.025614e-02,4.418230e-18,917,41048
0.000000e+00,-1.262244e-07,3.550797e-08,2.506854e-07,0.000000e+00,0.000000e+00,0.000000e+00,6.317147e+07,-1.229034e+07,-1.004716e+08,6.135679e-18,918,0
5.668182e-10,-1.592386e-03,3.065277e-04,2.500020e-03,-2.809725e+06,5.408325e+05,4.411078e+06,7.261808e-01,-1.304551e-01,-1.098714e+00,6.135679e-18,918,2494
5.667727e-09,-1.592481e-02,3.065314e-03,2.500094e-02,-2.809790e+06,5.408442e+05,4.411177e+06,7.232161e-03,-1.304689e-03,-1.102495e-02,6.135679e-18,918,24938
0.000000e+00,1.678640e-07,1.264885e-07,3.320964e-07,0.000000e+00,0.000000e+00,0.000000e+00,-3.543443e+07,-2.461352e+07,-4.877578e+07,4.538390e-18,919,0
9.586364e-10,1.909768e-03,1.339764e-03,2.500033e-03,1.992839e+06,1.398040e+06,2.608610e+06,-5.636103e-01,-3.993954e-01,-7.097617e-01,4.538390e-18,919,4218
9.583636e-09,1.909861e-02,1.339829e-02,2.500006e-02,1.992924e+06,1.398100e+06,2.608718e+06,-5.512709e-03,-3.906683e-03,-7.153944e-03,4.538390e-18,919,42168
0.000000e+00,2.368543e-08,2.143198e-07,2.500176e-07,0.000000e+00,0.000000e+00,0.000000e+00,-2.602031e+06,-7.999938e+07,-6.020421e+07,5.283567e-18,920,0
9.190909e-10,1.132758e-04,3.391713e-03,2.500076e-03,1.232510e+05,3.690804e+06,2.720405e+06,-1.982075e-02,-5.329119e-01,-3.727217e-01,5.283567e-18,920,4044
9.189773e-09,1.132666e-03,3.391771e-02,2.500005e-02,1.232540e+05,3.690881e+06,2.720459e+06,-1.931148e-04,-5.253769e-03,-3.757907e-03,5.283567e-18,920,40435
0.000000e+00,9.700704e-08,-2.369549e-08,3.946347e-07,0.000000e+00,0.000000e+00,0.000000e+00,-2.007378e+07,6.246741e+06,-5.447298e+07,4.480028e-18,921,0
8.068182e-10,1.025586e-03,-3.801987e-04,2.500489e-03,1.271807e+06,-4.714871e+05,3.100459e+06,-6.186820e-01,2.131888e-01,-1.419113e+00,4.480028e-18,921,3550
8.063409e-09,1.025504e-02,-3.801754e-03,2.500035e-02,1.271886e+06,-4.715148e+05,3.100641e+06,-6.017156e-03,2.065423e-03,-1.429933e-02,4.480028e-18,921,35479
0.000000e+00,3.003853e-08,3.577720e-08,4.863150e-07,0.000000e+00,0.000000e+00,0.000000e+00,-1.479839e+06,-6.381201e+06,-4.699573e+07,3.840088e-18,922,0
8.270455e-10,1.441747e-04,2.823684e-04,2.500311e-03,1.744546e+05,3.416289e+05,3.024843e+06,-1.254881e-01,-2.172748e-01,-1.777154e+00,3.840088e-18,922,3639
8.265000e-09,1.441861e-03,2.823562e-03,2.500039e-02,1.744710e+05,3.416570e+05,3.025076e+06,-1.159578e-03,-2.052360e-03,-1.798768e-02,3.840088e-18,922,36366
0.000000e+00,9.042750e-08,-1.994284e-07,3.358967e-07,0.000000e+00,0.000000e+00,0.000000e+00,-1.975524e+07,4.425424e+07,-4.392573e+07,4.442472e-18,923,0
1.079091e-09,1.188902e-03,-2.666951e-03,2.500003e-03,1.102106e+06,-2.472253e+06,2.317268e+06,-2.480110e-01,5.686105e-01,-4.799297e-01,4.442472e-18,923,4748
1.078864e-08,1.189019e-02,-2.667218e-02,2.500028e-02,1.102149e+06,-2.472349e+06,2.317350e+06,-2.439577e-03,5.413089e-03,-4.925899e-03,4.442472e-18,923,47470
0.000000e+00,-2.228277e-07,2.545632e-08,4.935980e-07,0.000000e+00,0.000000e+00,0.000000e+00,3.009307e+07,-3.875200e+06,-4.137081e+07,3.401247e-18,924,0
9.909091e-10,-1.855296e-03,2.557686e-04,2.500330e-03,-1.873183e+06,2.582963e+05,2.524182e+06,7.211854e-01,-1.438039e-01,-9.200038e-01,3.401247e-18,924,4360
9.904318e-09,-1.855258e-02,2.558233e-03,2.500046e-02,-1.873297e+06,2.583185e+05,2.524326e+06,6.852073e-03,-1.309594e-03,-9.333331e-03,3.401247e-18,924,43579
0.000000e+00,-1.104142e-07,1.563381e-07,3.434900e-07,0.000000e+00,0.000000e+00,0.000000e+00,1.738120e+07,-3.923152e+07,-5.683273e+07,4.575996e-18,925,0
8.509091e-10,-8.181820e-04,1.797804e-03,2.500026e-03,-9.618179e+05,2.113489e+06,2.938804e+06,3.079923e-01,-6.635405e-01,-8.818962e-01,4.575996e-18,925,3744
8.507045e-09,-8.182256e-03,1.797953e-02,2.500066e-02,-9.618597e+05,2.113578e+06,2.938923e+06,3.036257e-03,-6.578209e-03,-8.903673e-03,4.575996e-18,925,37431
0.000000e+00,-1.249963e-08,-1.922283e-07,4.180239e-07,0.000000e+00,0.000000e+00,0.000000e+00,2.214350e+06,3.107501e+07,-4.315301e+07,3.958777e-18,926,0
9.875000e-10,-1.526452e-04,-1.925155e-03,2.500487e-03,-1.546482e+05,-1.950450e+06,2.533067e+06,5.689704e-02,7.424714e-01,-8.857577e-01,3.958777e-18,926,4345
9.869545e-09,-1.526299e-03,-1.924999e-02,2.500032e-02,-1.546565e+05,-1.950565e+06,2.533205e+06,5.243484e-04,6.972325e-03,-9.096404e-03,3.958777e-18,926,43426
0.000000e+00,8.395771e-08,1.363897e-07,3.915802e-07,0.000000e+00,0.000000e+00,0.000000e+00,-1.569500e+07,-2.339162e+07,-5.018711e+07,4.309615e-18,927,0
8.720455e-10,7.933453e-04,1.265138e-03,2.500536e-03,9.101680e+05,1.451446e+06,2.868541e+06,-3.819980e-01,-6.106877e-01,-1.161348e+00,4.309615e-18,927,3837
8.715227e-09,7.932303e-03,1.264964e-02,2.500007e-02,9.102212e+05,1.451530e+06,2.868702e+06,-3.751593e-03,-6.031456e-03,-1.168282e-02,4.309615e-18,927,38347
0.000000e+00,1.194040e-07,-7.921614e-08,1.842846e-07,0.000000e+00,0.000000e+00,0.000000e+00,-9.837977e+07,7.264379e+07,-1.295623e+08,7.283187e-18,928,0
4.679545e-10,1.905203e-03,-1.407706e-03,2.500987e-03,4.071452e+06,-3.008313e+06,5.344573e+06,-5.480213e-01,4.040911e-01,-7.012403e-01,7.283187e-18,928,2059
4.677727e-09,1.904523e-02,-1.407212e-02,2.500061e-02,4.071492e+06,-3.008343e+06,5.344625e+06,-5.477622e-03,4.041071e-03,-7.032755e-03,7.283187e-18,928,20582
0.000000e+00,-8.997614e-08,-2.023844e-07,3.854076e-07,0.000000e+00,0.000000e+00,0.000000e+00,1.912514e+07,4.038596e+07,-3.939691e+07,4.066764e-18,929,0
1.140682e-09,-1.234067e-03,-2.618352e-03,2.500296e-03,-1.082245e+06,-2.296177e+06,2.192459e+06,2.584607e-01,5.197399e-01,-4.809155e-01,4.066764e-18,929,5019
1.140273e-08,-1.234051e-02,-2.618262e-02,2.500015e-02,-1.082292e+06,-2.296271e+06,2.192546e+06,2.390175e-03,5.019727e-03,-5.002217e-03,4.066764e-18,929,50172
0.000000e+00,-1.618831e-07,-2.348514e-07,4.359670e-07,0.000000e+00,0.000000e+00,0.000000e+00,2.008729e+07,2.969227e+07,-3.406956e+07,3.460432e-18,930,0
1.222273e-09,-1.630510e-03,-2.319598e-03,2.500281e-03,-1.334574e+06,-1.898548e+06,2.046161e+06,3.669042e-01,5.019299e-01,-4.733355e-01,3.460432e-18,930,5378
1.221795e-08,-1.630570e-02,-2.319631e-02,2.500005e-02,-1.334644e+06,-1.898645e+06,2.046253e+06,3.412297e-03,4.828766e-03,-5.159505e-03,3.460432e-18,930,53759
0.000000e+00,-6.880937e-08,-1.577036e-07,3.953233e-07,0.000000e+00,0.000000e+00,0.000000e+00,8.746382e+06,2.712981e+07,-4.726713e+07,4.216675e-18,931,0
9.143182e-10,-5.211962e-04,-1.537701e-03,2.500456e-03,-5.703177e+05,-1.682612e+06,2.735849e+06,2.507599e-01,6.980385e-01,-1.073027e+00,4.216675e-18,931,4023
9.137955e-09,-5.211528e-03,-1.537557e-02,2.500014e-02,-5.703539e+05,-1.682713e+06,2.736004e+06,2.469642e-03,6.809925e-03,-1.090104e-02,4.216675e-18,931,40207
0.000000e+00,-9.934900e-08,2.354286e-07,5.422024e-07,0.000000e+00,0.000000e+00,0.000000e+00,9.020581e+06,-2.242344e+07,-3.261569e+07,3.055581e-18,932,0
1.116591e-09,-7.886554e-04,1.830772e-03,2.500176e-03,-7.067023e+05,1.640498e+06,2.240074e+06,2.805296e-01,-6.295340e-01,-8.267402e-01,3.055581e-18,932,4913
1.116045e-08,-7.887089e-03,1.830864e-02,2.500039e-02,-7.067517e+05,1.640610e+06,2.240220e+06,2.610063e-03,-6.222078e-03,-8.741452e-03,3.055581e-18,932,49106
0.000000e+00,1.690910e-07,-1.266858e-07,2.244576e-07,0.000000e+00,0.000000e+00,0.000000e+00,-6.607343e+07,4.768002e+07,-7.092736e+07,5.606349e-18,933,0
7.929545e-10,2.365118e-03,-1.710721e-03,2.500616e-03,2.983040e+06,-2.157669e+06,3.153845e+06,-4.943294e-01,3.576812e-01,-5.010459e-01,5.606349e-18,933,3489
7.926818e-09,2.364609e-02,-1.710350e-02,2.500009e-02,2.983102e+06,-2.157714e+06,3.153908e+06,-4.913514e-03,3.558623e-03,-5.030452e-03,5.606349e-18,933,34878
0.000000e+00,-1.299976e-07,-2.009695e-07,4.047838e-07,0.000000e+00,0.000000e+00,0.000000e+00,2.053089e+07,3.070954e+07,-3.736373e+07,3.850695e-18,934,0
1.137273e-09,-1.335740e-03,-2.121076e-03,2.500095e-03,-1.174968e+06,-1.865858e+06,2.199065e+06,3.327245e-01,5.595041e-01,-6.168234e-01,3.850695e-18,934,5004
1.136864e-08,-1.335777e-02,-2.121220e-02,2.500047e-02,-1.175027e+06,-1.865958e+06,2.199176e+06,3.225640e-03,5.238116e-03,-6.528573e-03,3.850695e-18,934,50022
0.000000e+00,1.653656e-07,1.691427e-07,5.237848e-07,0.000000e+00,0.000000e+00,0.000000e+00,-1.771677e+07,-1.948693e+07,-3.478421e+07,3.210579e-18,935,0
1.066591e-09,1.335559e-03,1.371640e-03,2.500403e-03,1.252851e+06,1.286680e+06,2.345263e+06,-5.038419e-01,-5.130208e-01,-8.725053e-01,3.210579e-18,935,4693
1.065977e-08,1.335507e-02,1.371569e-02,2.500011e-02,1.252937e+06,1.286767e+06,2.345411e+06,-4.713510e-03,-4.935593e-03,-8.934310e-03,3.210579e-18,935,46903
0.000000e+00,2.120353e-07,4.466791e-08,5.524766e-07,0.000000e+00,0.000000e+00,0.000000e+00,-2.462106e+07,-5.854939e+06,-3.348162e+07,3.145534e-18,936,0
1.081364e-09,1.797296e-03,4.371217e-04,2.500195e-03,1.663010e+06,4.044605e+05,2.313087e+06,-7.080215e-01,-1.856201e-01,-8.987984e-01,3.145534e-18,936,4758
1.080818e-08,1.797405e-02,4.371470e-03,2.500041e-02,1.663129e+06,4.044895e+05,2.313241e+06,-6.624551e-03,-1.623981e-03,-9.313238e-03,3.145534e-18,936,47556
0.000000e+00,2.638759e-07,1.972357e-08,3.811257e-07,0.000000e+00,0.000000e+00,0.000000e+00,-4.133715e+07,-1.042503e+06,-4.015350e+07,3.883383e-18,937,0
1.117955e-09,2.738956e-03,1.043739e-04,2.500112e-03,2.450831e+06,9.340383e+04,2.236927e+06,-6.325949e-01,-3.707254e-02,-5.375517e-01,3.883383e-18,937,4919
1.117614e-08,2.739079e-02,1.043897e-03,2.500033e-02,2.450942e+06,9.340987e+04,2.237023e+06,-6.076622e-03,-2.989666e-04,-5.489237e-03,3.883383e-18,937,49175
0.000000e+00,2.022998e-07,5.919148e-08,2.422179e-07,0.000000e+00,0.000000e+00,0.000000e+00,-7.289417e+07,-2.232016e+07,-6.520807e+07,5.408756e-18,938,0
8.481818e-10,2.857113e-03,8.741668e-04,2.500557e-03,3.369011e+06,1.030789e+06,2.948451e+06,-5.727287e-01,-1.741793e-01,-4.746570e-01,5.408756e-18,938,3732
8.479091e-09,2.856622e-02,8.740169e-03,2.500032e-02,3.369088e+06,1.030812e+06,2.948515e+06,-5.651744e-03,-1.719103e-03,-4.790770e-03,5.408756e-18,938,37308
0.000000e+00,2.279528e-07,-1.553047e-08,3.728341e-07,0.000000e+00,0.000000e+00,0.000000e+00,-3.713699e+07,4.095423e+06,-3.591400e+07,4.133487e-18,939,0
1.181818e-09,2.741148e-03,-2.819083e-04,2.500303e-03,2.320385e+06,-2.386253e+05,2.116314e+06,-6.224446e-01,5.252476e-02,-5.269571e-01,4.133487e-18,939,5200
1.181318e-08,2.741101e-02,-2.818912e-03,2.500047e-02,2.320499e+06,-2.386356e+05,2.116413e+06,-5.976537e-03,5.138162e-04,-5.438149e-03,4.133487e-18,939,51978
0.000000e+00,-1.317104e-09,-1.498619e-07,4.742129e-07,0.000000e+00,0.000000e+00,0.000000e+00,3.226818e+06,2.328100e+07,-4.456490e+07,3.733641e-18,940,0
9.172727e-10,-1.752491e-04,-1.423479e-03,2.500059e-03,-1.911653e+05,-1.552704e+06,2.726695e+06,8.375026e-02,7.174979e-01,-1.189176e+00,3.733641e-18,940,4036
9.168636e-09,-1.752707e-03,-1.423611e-02,2.500018e-02,-1.911775e+05,-1.552808e+06,2.726867e+06,8.942675e-04,7.019748e-03,-1.214701e-02,3.733641e-18,940,40342
0.000000e+00,-6.357860e-08,2.590387e-08,5.392603e-07,0.000000e+00,0.000000e+00,0.000000e+00,1.003891e+07,-4.497692e+06,-4.000432e+07,3.474093e-18,941,0
9.065909e-10,-6.936353e-04,2.844239e-04,2.500535e-03,-7.656245e+05,3.140012e+05,2.759783e+06,4.183267e-01,-2.356881e-01,-1.583378e+00,3.474093e-18,941,3989
9.058864e-09,-6.935625e-03,2.844469e-03,2.500058e-02,-7.656852e+05,3.140342e+05,2.760011e+06,4.008478e-03,-2.247979e-03,-1.611487e-02,3.474093e-18,941,39859
0.000000e+00,2.028940e-07,1.100733e-07,4.692456e-07,0.000000e+00,0.000000e+00,0.000000e+00,-2.638809e+07,-1.337170e+07,-3.587769e+07,3.519992e-18,942,0
1.135682e-09,2.032389e-03,9.895361e-04,2.500214e-03,1.790462e+06,8.717240e+05,2.202354e+06,-6.037392e-01,-2.882474e-01,-7.113250e-01,3.519992e-18,942,4997
1.135159e-08,2.032450e-02,9.895426e-03,2.500035e-02,1.790570e+06,8.717756e+05,2.202483e+06,-5.741856e-03,-2.742607e-03,-7.311415e-03,3.519992e-18,942,49947
0.000000e+00,-1.710755e-07,8.695943e-08,3.827289e-07,0.000000e+00,0.000000e+00,0.000000e+00,2.974441e+07,-1.609384e+07,-5.088008e+07,4.237412e-18,943,0
8.856818e-10,-1.533641e-03,7.822972e-04,2.500028e-03,-1.732291e+06,8.836204e+05,2.823656e+06,6.525836e-01,-3.354213e-01,-1.014028e+00,4.237412e-18,943,3897
8.853864e-09,-1.533746e-02,7.823453e-03,2.500037e-02,-1.732383e+06,8.836671e+05,2.823798e+06,6.430197e-03,-3.348191e-03,-1.021567e-02,4.237412e-18,943,38957
0.000000e+00,-4.598247e-08,2.752471e-07,3.858739e-07,0.000000e+00,0.000000e+00,0.000000e+00,6.328458e+06,-4.218815e+07,-3.549766e+07,3.775146e-18,944,0
1.256364e-09,-4.617866e-04,3.140519e-03,2.500446e-03,-3.676753e+05,2.500552e+06,1.990718e+06,7.802088e-02,-5.516724e-01,-4.031782e-01,3.775146e-18,944,5528
1.255841e-08,-4.617415e-03,3.140289e-02,2.500038e-02,-3.676908e+05,2.500661e+06,1.990798e+06,7.852996e-04,-5.342047e-03,-4.256165e-03,3.775146e-18,944,55257
0.000000e+00,-1.302909e-07,5.318025e-08,2.622910e-07,0.000000e+00,0.000000e+00,0.000000e+00,5.785653e+07,-2.260518e+07,-9.242305e+07,5.861454e-18,945,0
6.070455e-10,-1.589258e-03,6.209288e-04,2.500118e-03,-2.618423e+06,1.023031e+06,4.118987e+06,6.844955e-01,-2.778032e-01,-1.036281e+00,5.861454e-18,945,2671
6.069545e-09,-1.589269e-02,6.209356e-03,2.500053e-02,-2.618489e+06,1.023058e+06,4.119086e+06,6.845812e-03,-2.679497e-03,-1.045465e-02,5.861454e-18,945,26706
0.000000e+00,2.250679e-07,-1.334339e-07,4.737218e-07,0.000000e+00,0.000000e+00,0.000000e+00,-2.397537e+07,1.506306e+07,-3.376027e+07,3.378096e-18,946,0
1.158409e-09,1.846825e-03,-1.256377e-03,2.500040e-03,1.595058e+06,-1.085152e+06,2.159018e+06,-5.399812e-01,3.884317e-01,-6.962435e-01,3.378096e-18,946,5097
1.157932e-08,1.846964e-02,-1.256526e-02,2.500007e-02,1.595158e+06,-1.085223e+06,2.159146e+06,-5.490737e-03,3.563386e-03,-7.550364e-03,3.378096e-18,946,50949
0.000000e+00,-3.979638e-08,2.448387e-07,5.155451e-07,0.000000e+00,0.000000e+00,0.000000e+00,4.238379e+06,-2.564814e+07,-3.509040e+07,3.205639e-18,947,0
1.082500e-09,-2.582322e-04,1.882420e-03,2.500462e-03,-2.386540e+05,1.739887e+06,2.310886e+06,8.379715e-02,-6.939178e-01,-8.747580e-01,3.205639e-18,947,4763
1.081841e-08,-2.581861e-03,1.882277e-02,2.500025e-02,-2.386683e+05,1.740007e+06,2.311037e+06,8.187696e-04,-6.693036e-03,-9.080740e-03,3.205639e-18,947,47601
0.000000e+00,-2.161465e-08,9.292548e-08,5.841125e-07,0.000000e+00,0.000000e+00,0.000000e+00,2.093666e+05,-1.107938e+07,-4.254019e+07,3.199828e-18,948,0
8.872727e-10,-9.451176e-05,6.569697e-04,2.500072e-03,-1.065828e+05,7.409114e+05,2.819220e+06,5.620116e-02,-4.395397e-01,-1.620549e+00,3.199828e-18,948,3904
8.867727e-09,-9.451435e-04,6.570187e-03,2.500023e-02,-1.065908e+05,7.409732e+05,2.819448e+06,3.892962e-04,-4.370353e-03,-1.642019e-02,3.199828e-18,948,39018
0.000000e+00,2.400818e-07,1.079750e-07,3.910590e-07,0.000000e+00,0.000000e+00,0.000000e+00,-3.445455e+07,-1.278145e+07,-3.760893e+07,3.826581e-18,949,0
1.150455e-09,2.460227e-03,9.326322e-04,2.500454e-03,2.139367e+06,8.109707e+05,2.174134e+06,-6.118832e-01,-2.223110e-01,-5.695165e-01,3.826581e-18,949,5062
1.149886e-08,2.460022e-02,9.325234e-03,2.500017e-02,2.139478e+06,8.110110e+05,2.174238e+06,-5.800855e-03,-2.132267e-03,-5.822098e-03,3.826581e-18,949,50595
0.000000e+00,-2.576102e-07,-6.170151e-08,4.195813e-07,0.000000e+00,0.000000e+00,0.000000e+00,3.604248e+07,1.045230e+07,-3.380931e+07,3.649112e-18,950,0
1.235227e-09,-2.770492e-03,-7.489500e-04,2.500453e-03,-2.243813e+06,-6.065723e+05,2.024893e+06,5.799894e-01,1.580393e-01,-4.841376e-01,3.649112e-18,950,5435
1.234636e-08,-2.770285e-02,-7.488939e-03,2.500019e-02,-2.243927e+06,-6.066029e+05,2.024988e+06,5.596943e-03,1.501725e-03,-4.996806e-03,3.649112e-18,950,54324
0.000000e+00,1.946171e-07,-8.672178e-08,3.956632e-07,0.000000e+00,0.000000e+00,0.000000e+00,-3.002633e+07,1.623624e+07,-4.186238e+07,4.039032e-18,951,0
1.092045e-09,1.886423e-03,-1.122243e-03,2.500513e-03,1.728239e+06,-1.028170e+06,2.290614e+06,-6.020286e-01,3.576931e-01,-7.405109e-01,4.039032e-18,951,4805
1.091409e-08,1.886212e-02,-1.122148e-02,2.500007e-02,1.728344e+06,-1.028232e+06,2.290742e+06,-5.970520e-03,3.230368e-03,-7.858836e-03,4.039032e-18,951,48022
0.000000e+00,6.178917e-08,9.237022e-08,2.477838e-07,0.000000e+00,0.000000e+00,0.000000e+00,-3.469047e+07,-5.182775e+07,-1.172380e+08,6.386222e-18,952,0
4.961364e-10,7.457436e-04,1.114834e-03,2.500203e-03,1.503256e+06,2.247265e+06,5.039742e+06,-3.867880e-01,-5.850450e-01,-1.264282e+00,6.386222e-18,952,2183
4.960682e-09,7.457210e-03,1.114802e-02,2.500073e-02,1.503286e+06,2.247311e+06,5.039842e+06,-3.931635e-03,-5.834876e-03,-1.271721e-02,6.386222e-18,952,21827
0.000000e+00,-1.391145e-08,-1.739958e-07,6.274811e-07,0.000000e+00,0.000000e+00,0.000000e+00,4.906424e+06,1.778100e+07,-3.227101e+07,2.852372e-18,953,0
1.019545e-09,-4.022612e-04,-1.312079e-03,2.500001e-03,-3.948655e+05,-1.287759e+06,2.453300e+06,2.259512e-01,6.535013e-01,-1.160197e+00,2.852372e-18,953,4486
1.019045e-08,-4.023807e-03,-1.312280e-02,2.500041e-02,-3.949010e+05,-1.287864e+06,2.453487e+06,2.135566e-03,6.173338e-03,-1.208423e-02,2.852372e-18,953,44838
0.000000e+00,-1.585983e-09,-6.489403e-08,4.016576e-07,0.000000e+00,0.000000e+00,0.000000e+00,-1.557224e+06,1.891629e+07,-5.571392e+07,4.500561e-18,954,0
7.636364e-10,2.018567e-04,-8.440003e-04,2.500298e-03,2.645312e+05,-1.105788e+06,3.275576e+06,-1.429959e-01,5.374979e-01,-1.609196e+00,4.500561e-18,954,3360
7.632273e-09,2.018921e-03,-8.439627e-03,2.500014e-02,2.645481e+05,-1.105853e+06,3.275771e+06,-1.414265e-03,5.441940e-03,-1.618568e-02,4.500561e-18,954,33582
0.000000e+00,-1.724492e-07,9.770225e-08,3.218757e-07,0.000000e+00,0.000000e+00,0.000000e+00,4.357989e+07,-2.106757e+07,-5.425428e+07,4.717731e-18,955,0
8.988636e-10,-2.090620e-03,1.011510e-03,2.500378e-03,-2.326538e+06,1.125636e+06,2.782331e+06,6.338066e-01,-3.029282e-01,-7.072936e-01,4.717731e-18,955,3955
8.985455e-09,-2.090499e-02,1.011436e-02,2.500063e-02,-2.326629e+06,1.125679e+06,2.782432e+06,6.159163e-03,-3.008454e-03,-7.133071e-03,4.717731e-18,955,39536
0.000000e+00,1.671661e-07,-9.832503e-08,5.370908e-07,0.000000e+00,0.000000e+00,0.000000e+00,-2.245474e+07,1.730243e+07,-2.375328e+07,3.272374e-18,956,0
1.349318e-09,2.176624e-03,-1.656490e-03,2.500279e-03,1.614043e+06,-1.228364e+06,1.853751e+06,-4.899808e-01,3.744850e-01,-5.176664e-01,3.272374e-18,956,5937
1.348614e-08,2.176701e-02,-1.656572e-02,2.500002e-02,1.614147e+06,-1.228444e+06,1.853861e+06,-4.838039e-03,3.628353e-03,-5.513017e-03,3.272374e-18,956,59339
0.000000e+00,2.362581e-08,-1.082184e-07,2.186260e-07,0.000000e+00,0.000000e+00,0.000000e+00,-1.546425e+07,8.306178e+07,-1.422169e+08,6.984036e-18,957,0
4.225000e-10,2.727865e-04,-1.466396e-03,2.500203e-03,6.456715e+05,-3.470925e+06,5.917815e+06,-1.325214e-01,7.061944e-01,-1.176232e+00,6.984036e-18,957,1859
4.224545e-09,2.727687e-03,-1.466316e-02,2.500025e-02,6.456803e+05,-3.470972e+06,5.917893e+06,-1.323059e-03,7.062338e-03,-1.178258e-02,6.984036e-18,957,18588
0.000000e+00,7.939525e-08,-2.259807e-07,3.858702e-07,0.000000e+00,0.000000e+00,0.000000e+00,-1.280558e+07,3.724137e+07,-4.142882e+07,3.964439e-18,958,0
1.081364e-09,7.953833e-04,-2.407750e-03,2.500093e-03,7.357974e+05,-2.227449e+06,2.312630e+06,-1.973521e-01,6.387453e-01,-5.975792e-01,3.964439e-18,958,4758
1.081023e-08,7.954129e-03,-2.407918e-02,2.500018e-02,7.358314e+05,-2.227558e+06,2.312732e+06,-2.483164e-03,5.914089e-03,-6.467438e-03,3.964439e-18,958,47565
0.000000e+00,1.151367e-07,-1.101780e-07,3.474156e-07,0.000000e+00,0.000000e+00,0.000000e+00,-2.561063e+07,2.676517e+07,-5.879391e+07,4.689690e-18,959,0
7.995455e-10,1.144623e-03,-1.202075e-03,2.500672e-03,1.432093e+06,-1.503982e+06,3.128520e+06,-5.175002e-01,5.351763e-01,-1.090480e+00,4.689690e-18,959,3518
7.991136e-09,1.144403e-02,-1.201850e-02,2.500054e-02,1.432158e+06,-1.504049e+06,3.128659e+06,-5.124397e-03,5.309297e-03,-1.098510e-02,4.689690e-18,959,35161
0.000000e+00,-1.763924e-08,-3.198288e-08,4.245707e-07,0.000000e+00,0.000000e+00,0.000000e+00,2.501929e+06,2.387544e+06,-5.273247e+07,4.339297e-18,960,0
7.859091e-10,-8.011220e-05,-1.211843e-04,2.500427e-03,-1.019491e+05,-1.542233e+05,3.183229e+06,3.322318e-02,4.848611e-02,-1.836839e+00,4.339297e-18,960,3458
7.853864e-09,-8.007110e-04,-1.211270e-03,2.500068e-02,-1.019537e+05,-1.542305e+05,3.183458e+06,4.220542e-04,6.294348e-04,-1.849949e-02,4.339297e-18,960,34557
0.000000e+00,2.367741e-08,2.716841e-08,2.189751e-07,0.000000e+00,0.000000e+00,0.000000e+00,-2.316697e+07,-2.268819e+07,-1.881113e+08,7.702505e-18,961,0
3.231818e-10,3.086814e-04,3.020952e-04,2.500806e-03,9.551606e+05,9.347672e+05,7.738191e+06,-2.272582e-01,-2.203223e-01,-1.791333e+00,7.702505e-18,961,1422
3.230909e-09,3.086056e-03,3.020170e-03,2.500158e-02,9.551721e+05,9.347784e+05,7.738283e+06,-2.258014e-03,-2.190843e-03,-1.804915e-02,7.702505e-18,961,14216
0.000000e+00,-4.903026e-08,2.230880e-07,2.384456e-07,0.000000e+00,0.000000e+00,0.000000e+00,1.141429e+07,-7.743983e+07,-5.135499e+07,5.262091e-18,962,0
1.060227e-09,-5.736921e-04,3.862257e-03,2.500238e-03,-5.411692e+05,3.643390e+06,2.358431e+06,6.802939e-02,-4.536988e-01,-2.741973e-01,5.262091e-18,962,4665
1.060023e-08,-5.736537e-03,3.862080e-02,2.500003e-02,-5.411806e+05,3.643466e+06,2.358477e+06,6.491023e-04,-4.416390e-03,-2.781347e-03,5.262091e-18,962,46641
0.000000e+00,-1.885107e-07,9.289314e-09,5.452620e-07,0.000000e+00,0.000000e+00,0.000000e+00,2.216427e+07,-2.014350e+06,-3.797718e+07,3.222273e-18,963,0
9.915909e-10,-1.511871e-03,1.299296e-04,2.500187e-03,-1.525575e+06,1.311417e+05,2.522510e+06,7.116403e-01,-8.785421e-02,-1.087740e+00,3.222273e-18,963,4363
9.910909e-09,-1.511978e-02,1.299723e-03,2.500051e-02,-1.525686e+06,1.311551e+05,2.522681e+06,6.725232e-03,-7.070803e-04,-1.116518e-02,3.222273e-18,963,43608
0.000000e+00,1.581967e-07,2.364946e-07,3.751058e-07,0.000000e+00,0.000000e+00,0.000000e+00,-3.041715e+07,-3.873219e+07,-3.384368e+07,3.814065e-18,964,0
1.353864e-09,2.239830e-03,3.025598e-03,2.500346e-03,1.654858e+06,2.235428e+06,1.847158e+06,-2.751881e-01,-3.823753e-01,-2.830866e-01,3.814065e-18,964,5957
1.353432e-08,2.239734e-02,3.025494e-02,2.500018e-02,1.654916e+06,2.235509e+06,1.847219e+06,-2.705179e-03,-3.643045e-03,-2.985653e-03,3.814065e-18,964,59551
0.000000e+00,3.213749e-08,-8.780483e-08,4.400742e-07,0.000000e+00,0.000000e+00,0.000000e+00,-1.688764e+06,1.508131e+07,-5.037642e+07,4.114776e-18,965,0
8.334091e-10,1.458915e-04,-8.179433e-04,2.500128e-03,1.751563e+05,-9.819907e+05,3.001351e+06,-1.120129e-01,4.964909e-01,-1.585471e+00,4.114776e-18,965,3667
8.329773e-09,1.459006e-03,-8.179718e-03,2.500065e-02,1.751690e+05,-9.820577e+05,3.001560e+06,-1.080794e-03,4.949159e-03,-1.627845e-02,4.114776e-18,965,36651
0.000000e+00,1.125165e-07,-1.095023e-07,6.146114e-07,0.000000e+00,0.000000e+00,0.000000e+00,-8.766010e+06,1.110525e+07,-3.472472e+07,2.949427e-18,966,0
9.597727e-10,6.160471e-04,-8.058625e-04,2.500274e-03,6.422899e+05,-8.402015e+05,2.606503e+06,-3.721344e-01,4.629949e-01,-1.400904e+00,2.949427e-18,966,4223
9.591364e-09,6.160434e-03,-8.058644e-03,2.500007e-02,6.423464e+05,-8.402723e+05,2.606717e+06,-3.570489e-03,4.593803e-03,-1.433916e-02,2.949427e-18,966,42202
0.000000e+00,4.115635e-08,-2.147103e-07,4.567445e-07,0.000000e+00,0.000000e+00,0.000000e+00,-6.176522e+06,3.000142e+07,-3.526945e+07,3.618187e-18,967,0
1.116818e-09,4.493839e-04,-2.178167e-03,2.500029e-03,4.025778e+05,-1.951311e+06,2.239400e+06,-1.347494e-01,6.781887e-01,-7.263437e-01,3.618187e-18,967,4914
1.116386e-08,4.494299e-03,-2.178407e-02,2.500045e-02,4.026016e+05,-1.951430e+06,2.239529e+06,-1.325628e-03,6.447348e-03,-7.607770e-03,3.618187e-18,967,49121
0.000000e+00,4.995096e-08,-2.664105e-07,4.705038e-07,0.000000e+00,0.000000e+00,0.000000e+00,-5.441969e+06,3.116985e+07,-3.157552e+07,3.342779e-18,968,0
1.302273e-09,7.764633e-05,-2.392697e-03,2.500285e-03,5.962108e+04,-1.838372e+06,1.920832e+06,-2.928797e-02,6.403896e-01,-6.252437e-01,3.342779e-18,968,5730
1.301523e-08,7.760443e-04,-2.392674e-02,2.500016e-02,5.962717e+04,-1.838504e+06,1.920962e+06,-1.074250e-04,6.440410e-03,-6.726825e-03,3.342779e-18,968,57267
0.000000e+00,-1.354881e-07,-1.137698e-07,3.809441e-07,0.000000e+00,0.000000e+00,0.000000e+00,2.589041e+07,2.132043e+07,-5.052616e+07,4.311949e-18,969,0
9.022727e-10,-1.426996e-03,-1.155696e-03,2.500098e-03,-1.582227e+06,-1.281403e+06,2.771771e+06,5.818843e-01,4.686926e-01,-9.433536e-01,4.311949e-18,969,3970
9.019545e-09,-1.427092e-02,-1.155764e-02,2.500022e-02,-1.582310e+06,-1.281470e+06,2.771905e+06,5.685165e-03,4.464006e-03,-9.626537e-03,4.311949e-18,969,39686
0.000000e+00,6.497050e-08,5.759134e-09,4.430533e-07,0.000000e+00,0.000000e+00,0.000000e+00,-1.908911e+07,-1.056309e+06,-5.322612e+07,4.149465e-18,970,0
8.043182e-10,9.058313e-04,9.937740e-05,2.500627e-03,1.126821e+06,1.236630e+05,3.110322e+06,-5.715193e-01,-9.068110e-02,-1.524421e+00,4.149465e-18,970,3539
8.037727e-09,9.057022e-03,9.939480e-04,2.500002e-02,1.126894e+06,1.236740e+05,3.110517e+06,-5.668686e-03,-8.455415e-04,-1.539235e-02,4.149465e-18,970,35366
0.000000e+00,-8.853560e-08,2.506293e-07,4.496185e-07,0.000000e+00,0.000000e+00,0.000000e+00,1.163379e+07,-3.233072e+07,-3.620170e+07,3.485208e-18,971,0
1.133864e-09,-8.516063e-04,2.233727e-03,2.500019e-03,-7.514073e+05,1.970884e+06,2.205624e+06,2.502060e-01,-6.330775e-01,-6.604519e-01,3.485208e-18,971,4989
1.133477e-08,-8.517009e-03,2.233949e-02,2.500038e-02,-7.514505e+05,1.970997e+06,2.205741e+06,2.404540e-03,-5.952231e-03,-6.941248e-03,3.485208e-18,971,49873
0.000000e+00,-1.201092e-07,-2.454417e-08,5.549830e-07,0.000000e+00,0.000000e+00,0.000000e+00,1.523206e+07,-7.983178e+05,-3.996885e+07,3.318833e-18,972,0
9.275000e-10,-9.780153e-04,-3.049570e-05,2.500160e-03,-1.055151e+06,-3.290413e+04,2.697009e+06,5.805296e-01,1.568994e-02,-1.422921e+00,3.318833e-18,972,4081
9.269545e-09,-9.780722e-03,-3.050087e-04,2.500017e-02,-1.055236e+06,-3.290781e+04,2.697218e+06,5.684193e-03,4.720790e-04,-1.469006e-02,3.318833e-18,972,40786
0.000000e+00,-9.108022e-08,-2.513205e-08,5.078971e-07,0.000000e+00,0.000000e+00,0.000000e+00,1.181388e+07,1.861178e+06,-4.460483e+07,3.638858e-18,973,0
8.568182e-10,-7.172308e-04,-1.192220e-04,2.500575e-03,-8.375827e+05,-1.392430e+05,2.919995e+06,4.508376e-01,8.218547e-02,-1.635107e+00,3.638858e-18,973,3770
8.561818e-09,-7.171201e-03,-1.192170e-03,2.500055e-02,-8.376446e+05,-1.392558e+05,2.920217e+06,4.317731e-03,9.503059e-04,-1.666301e-02,3.638858e-18,973,37672
0.000000e+00,8.562181e-08,8.811004e-08,2.032853e-07,0.000000e+00,0.000000e+00,0.000000e+00,-6.671324e+07,-6.751851e+07,-1.429643e+08,7.197795e-18,974,0
4.218182e-10,1.170631e-03,1.184896e-03,2.500112e-03,2.775306e+06,2.809123e+06,5.927135e+06,-5.162455e-01,-5.232545e-01,-1.067893e+00,7.197795e-18,974,1856
4.217955e-09,1.170618e-02,1.184882e-02,2.500055e-02,2.775341e+06,2.809158e+06,5.927206e+06,-5.162512e-03,-5.232494e-03,-1.070002e-02,7.197795e-18,974,18559
0.000000e+00,-2.092761e-07,2.037552e-07,4.025560e-07,0.000000e+00,0.000000e+00,0.000000e+00,2.785817e+07,-2.711652e+07,-3.347695e+07,3.609253e-18,975,0
1.275227e-09,-2.188407e-03,2.041112e-03,2.500017e-03,-1.716773e+06,1.601207e+06,1.961034e+06,4.117850e-01,-3.955880e-01,-4.754757e-01,3.609253e-18,975,5611
1.274841e-08,-2.188607e-02,2.041281e-02,2.500018e-02,-1.716859e+06,1.601287e+06,1.961125e+06,4.135336e-03,-3.825654e-03,-4.658911e-03,3.609253e-18,975,56093
0.000000e+00,2.612586e-07,-9.666267e-08,4.280695e-07,0.000000e+00,0.000000e+00,0.000000e+00,-3.427608e+07,1.331553e+07,-3.300274e+07,3.541097e-18,976,0
1.312955e-09,2.932298e-03,-1.141156e-03,2.500409e-03,2.234244e+06,-8.694984e+05,1.904925e+06,-5.254660e-01,2.061559e-01,-4.013447e-01,3.541097e-18,976,5777
1.312386e-08,2.932181e-02,-1.141114e-02,2.500013e-02,2.234352e+06,-8.695408e+05,1.905009e+06,-5.069273e-03,1.952598e-03,-4.257415e-03,3.541097e-18,976,57745
0.000000e+00,-2.869193e-08,-3.436898e-08,3.169043e-07,0.000000e+00,0.000000e+00,0.000000e+00,7.649572e+06,1.225814e+07,-9.192058e+07,5.548821e-18,977,0
5.686364e-10,-2.053337e-04,-3.419556e-04,2.500277e-03,-3.611704e+05,-6.015223e+05,4.397947e+06,1.507653e-01,2.600688e-01,-1.817818e+00,5.548821e-18,977,2502
5.684545e-09,-2.053107e-03,-3.419389e-03,2.500047e-02,-3.611841e+05,-6.015459e+05,4.398111e+06,1.528529e-03,2.528559e-03,-1.828650e-02,5.548821e-18,977,25012
0.000000e+00,-2.295666e-08,6.645142e-08,3.423515e-07,0.000000e+00,0.000000e+00,0.000000e+00,6.155273e+05,-3.413078e+06,-9.026817e+07,5.158362e-18,978,0
5.745455e-10,-2.192791e-05,1.150592e-04,2.500162e-03,-3.814048e+04,2.002370e+05,4.352541e+06,9.434537e-03,-9.032089e-02,-1.866089e+00,5.158362e-18,978,2528
5.743864e-09,-2.190916e-04,1.150182e-03,2.500056e-02,-3.814129e+04,2.002450e+05,4.352711e+06,1.600868e-04,-9.233332e-04,-1.887070e-02,5.158362e-18,978,25273
0.000000e+00,-9.252304e-08,1.677691e-07,1.775432e-07,0.000000e+00,0.000000e+00,0.000000e+00,5.407105e+07,-1.066915e+08,-8.631906e+07,6.522784e-18,979,0
6.900000e-10,-1.577058e-03,3.112115e-03,2.500256e-03,-2.285695e+06,4.510538e+06,3.623659e+06,2.330187e-01,-4.608514e-01,-3.574741e-01,6.522784e-18,979,3036
6.899091e-09,-1.576928e-02,3.111871e-02,2.500009e-02,-2.285720e+06,4.510588e+06,3.623698e+06,2.323117e-03,-4.593563e-03,-3.586518e-03,6.522784e-18,979,30356
0.000000e+00,-5.085408e-08,8.056137e-09,1.904880e-07,0.000000e+00,0.000000e+00,0.000000e+00,6.918380e+07,-8.032283e+06,-2.371577e+08,8.569429e-18,980,0
2.604545e-10,-7.302886e-04,8.469539e-05,2.501223e-03,-2.803874e+06,3.251715e+05,9.603134e+06,4.851518e-01,-5.681587e-02,-1.645017e+00,8.569429e-18,980,1146
2.603409e-09,-7.299678e-03,8.465620e-04,2.500106e-02,-2.803894e+06,3.251739e+05,9.603201e+06,4.877007e-03,-5.636718e-04,-1.649071e-02,8.569429e-18,980,11455
0.000000e+00,1.798629e-07,2.064184e-07,3.116307e-07,0.000000e+00,0.000000e+00,0.000000e+00,-3.144931e+07,-3.982538e+07,-4.082331e+07,4.263874e-18,981,0
1.170000e-09,2.088204e-03,2.546378e-03,2.500403e-03,1.785279e+06,2.176989e+06,2.137553e+06,-3.446594e-01,-4.239911e-01,-3.963940e-01,4.263874e-18,981,5148
1.169568e-08,2.088003e-02,2.546135e-02,2.500025e-02,1.785342e+06,2.177067e+06,2.137627e+06,-3.315681e-03,-4.061653e-03,-4.021330e-03,4.263874e-18,981,51461
0.000000e+00,2.439220e-07,1.480071e-07,4.644522e-07,0.000000e+00,0.000000e+00,0.000000e+00,-2.982679e+07,-1.712650e+07,-3.530145e+07,3.338156e-18,982,0
1.165227e-09,2.210794e-03,1.258170e-03,2.500391e-03,1.898115e+06,1.080235e+06,2.146526e+06,-5.684497e-01,-3.369302e-01,-5.945685e-01,3.338156e-18,982,5127
1.164682e-08,2.210697e-02,1.258129e-02,2.500035e-02,1.898220e+06,1.080297e+06,2.146636e+06,-5.419007e-03,-3.041006e-03,-6.129832e-03,3.338156e-18,982,51246
0.000000e+00,-4.345919e-08,-2.490394e-07,5.039153e-07,0.000000e+00,0.000000e+00,0.000000e+00,5.931078e+06,2.695913e+07,-3.279722e+07,3.238311e-18,983,0
1.155227e-09,-4.447838e-04,-2.130229e-03,2.500135e-03,-3.852387e+05,-1.844975e+06,2.165086e+06,1.494963e-01,6.757323e-01,-7.344581e-01,3.238311e-18,983,5083
1.154705e-08,-4.448346e-03,-2.130393e-02,2.500047e-02,-3.852657e+05,-1.845098e+06,2.165220e+06,1.482368e-03,6.510398e-03,-7.670597e-03,3.238311e-18,983,50807
0.000000e+00,2.819754e-07,-5.480191e-08,3.896455e-07,0.000000e+00,0.000000e+00,0.000000e+00,-4.039306e+07,8.900561e+06,-3.425571e+07,3.706867e-18,984,0
1.284773e-09,3.149062e-03,-6.959377e-04,2.500047e-03,2.451940e+06,-5.418696e+05,1.946395e+06,-5.460808e-01,1.158054e-01,-3.873767e-01,3.706867e-18,984,5653
1.284432e-08,3.149343e-02,-6.959928e-03,2.500025e-02,2.452051e+06,-5.418930e+05,1.946475e+06,-5.218483e-03,1.094178e-03,-4.070940e-03,3.706867e-18,984,56515
0.000000e+00,-5.121274e-08,-9.039019e-08,6.553549e-07,0.000000e+00,0.000000e+00,0.000000e+00,4.190128e+06,9.984143e+06,-3.577619e+07,2.820685e-18,985,0
9.175000e-10,-2.311021e-04,-6.815973e-04,2.500362e-03,-2.520042e+05,-7.433620e+05,2.726782e+06,1.363812e-01,4.005526e-01,-1.632780e+00,2.820685e-18,985,4037
9.168409e-09,-2.310499e-03,-6.815415e-03,2.500041e-02,-2.520238e+05,-7.434214e+05,2.727019e+06,1.406169e-03,3.819426e-03,-1.667981e-02,2.820685e-18,985,40341
0.000000e+00,8.356043e-08,3.431626e-08,3.462579e-07,0.000000e+00,0.000000e+00,0.000000e+00,-2.530697e+07,-9.092432e+06,-6.707769e+07,5.022688e-18,986,0
7.029545e-10,9.874890e-04,3.403400e-04,2.500468e-03,1.405308e+06,4.843381e+05,3.558167e+06,-5.990879e-01,-2.159806e-01,-1.457020e+00,5.022688e-18,986,3093
7.026136e-09,9.873856e-03,3.403023e-03,2.500026e-02,1.405375e+06,4.843621e+05,3.558330e+06,-5.965419e-03,-2.172917e-03,-1.467002e-02,5.022688e-18,986,30915
0.000000e+00,-6.975799e-08,2.428186e-08,2.314443e-07,0.000000e+00,0.000000e+00,0.000000e+00,4.976479e+07,-1.347242e+07,-1.493374e+08,7.080693e-18,987,0
3.993182e-10,-8.370813e-04,2.257055e-04,2.501389e-03,-2.096407e+06,5.652473e+05,6.264452e+06,5.390944e-01,-1.454085e-01,-1.578605e+00,7.080693e-18,987,1757
3.990909e-09,-8.366620e-03,2.255870e-03,2.500103e-02,-2.096441e+06,5.652565e+05,6.264551e+06,5.435184e-03,-1.466383e-03,-1.584235e-02,7.080693e-18,987,17560
0.000000e+00,-1.269522e-07,-1.769146e-07,4.883075e-07,0.000000e+00,0.000000e+00,0.000000e+00,1.471282e+07,2.389217e+07,-3.731724e+07,3.442763e-18,988,0
1.104318e-09,-1.023496e-03,-1.767496e-03,2.500483e-03,-9.272765e+05,-1.601382e+06,2.265200e+06,3.448706e-01,5.968314e-01,-8.029712e-01,3.442763e-18,988,4859
1.103659e-08,-1.023395e-02,-1.767372e-02,2.500022e-02,-9.273366e+05,-1.601486e+06,2.265341e+06,3.318376e-03,5.719185e-03,-8.312912e-03,3.442763e-18,988,48561
0.000000e+00,-5.002574e-08,1.201222e-07,4.611813e-07,0.000000e+00,0.000000e+00,0.000000e+00,9.183662e+06,-1.861431e+07,-4.361750e+07,3.872298e-18,989,0
9.352273e-10,-5.154718e-04,1.103223e-03,2.500395e-03,-5.515133e+05,1.180349e+06,2.674927e+06,2.825457e-01,-5.985063e-01,-1.300421e+00,3.872298e-18,989,4115
9.346136e-09,-5.154491e-03,1.103165e-02,2.500031e-02,-5.515550e+05,1.180438e+06,2.675120e+06,2.545671e-03,-5.601244e-03,-1.329153e-02,3.872298e-18,989,41123
0.000000e+00,-5.565778e-08,-1.586214e-08,6.440513e-07,0.000000e+00,0.000000e+00,0.000000e+00,-1.661053e+07,4.010692e+06,-1.571751e+07,2.948302e-18,990,0
1.115455e-09,1.321637e-03,-3.935535e-04,2.500256e-03,1.186012e+06,-3.531371e+05,2.243186e+06,-6.362181e-01,1.811491e-01,-1.164194e+00,2.948302e-18,990,4908
1.114500e-08,1.321775e-02,-3.935629e-03,2.500010e-02,1.186126e+06,-3.531697e+05,2.243392e+06,-6.182772e-03,1.855308e-03,-1.201880e-02,2.948302e-18,990,49038
0.000000e+00,9.939919e-08,-9.470201e-09,1.651070e-07,0.000000e+00,0.000000e+00,0.000000e+00,-1.430964e+08,1.253954e+07,-2.193875e+08,8.722527e-18,991,0
2.822727e-10,1.632580e-03,-1.430779e-04,2.501228e-03,5.783618e+06,-5.068678e+05,8.860855e+06,-7.152843e-01,5.986530e-02,-1.079994e+00,8.722527e-18,991,1242
2.821591e-09,1.631909e-02,-1.430182e-03,2.500186e-02,5.783650e+06,-5.068705e+05,8.860903e+06,-7.158324e-03,6.111348e-04,-1.081876e-02,8.722527e-18,991,12415
0.000000e+00,1.740246e-07,-1.287878e-07,5.921812e-07,0.000000e+00,0.000000e+00,0.000000e+00,-1.626062e+07,1.249229e+07,-3.408958e+07,2.938183e-18,992,0
1.045227e-09,1.207079e-03,-9.036122e-04,2.500128e-03,1.155558e+06,-8.650087e+05,2.393145e+06,-5.511041e-01,3.928400e-01,-1.101993e+00,2.938183e-18,992,4599
1.044659e-08,1.207161e-02,-9.036379e-03,2.500037e-02,1.155649e+06,-8.650737e+05,2.393327e+06,-5.314859e-03,3.874244e-03,-1.128107e-02,2.938183e-18,992,45965
0.000000e+00,-1.742610e-07,-1.555095e-07,2.325711e-07,0.000000e+00,0.000000e+00,0.000000e+00,5.689845e+07,5.101214e+07,-5.768334e+07,5.232523e-18,993,0
9.509091e-10,-2.527173e-03,-2.262180e-03,2.500400e-03,-2.658034e+06,-2.379314e+06,2.629767e+06,3.992433e-01,3.527201e-01,-3.694112e-01,5.232523e-18,993,4184
9.506591e-09,-2.526889e-02,-2.261921e-02,2.500024e-02,-2.658094e+06,-2.379367e+06,2.629823e+06,3.918802e-03,3.475087e-03,-3.740205e-03,5.232523e-18,993,41829
0.000000e+00,-1.354050e-07,1.515678e-07,2.750201e-07,0.000000e+00,0.000000e+00,0.000000e+00,4.091759e+07,-4.237535e+07,-6.875543e+07,5.148025e-18,994,0
7.729545e-10,-1.530744e-03,1.583260e-03,2.500420e-03,-1.980786e+06,2.048728e+06,3.235418e+06,4.942179e-01,-5.125980e-01,-7.711979e-01,5.148025e-18,994,3401
7.727045e-09,-1.530566e-02,1.583067e-02,2.500035e-02,-1.980847e+06,2.048791e+06,3.235513e+06,4.926877e-03,-5.098621e-03,-7.759346e-03,5.148025e-18,994,33999
0.000000e+00,3.527380e-08,1.726058e-07,1.779021e-07,0.000000e+00,0.000000e+00,0.000000e+00,-2.457548e+07,-1.201677e+08,-1.023009e+08,6.792173e-18,995,0
5.872727e-10,6.040704e-04,2.952901e-03,2.500917e-03,1.028644e+06,5.028356e+06,4.258621e+06,-1.183546e-01,-5.753249e-01,-4.727868e-01,6.792173e-18,995,2584
5.870455e-09,6.038631e-03,2.951886e-02,2.500018e-02,1.028655e+06,5.028410e+06,4.258665e+06,-1.181607e-03,-5.732275e-03,-4.743398e-03,6.792173e-18,995,25830
0.000000e+00,6.433611e-08,1.048608e-07,5.264019e-07,0.000000e+00,0.000000e+00,0.000000e+00,-7.550528e+06,-1.127859e+07,-4.020263e+07,3.479662e-18,996,0
9.393182e-10,5.201670e-04,7.879188e-04,2.500452e-03,5.541746e+05,8.393902e+05,2.663507e+06,-3.280308e-01,-4.712903e-01,-1.449181e+00,3.479662e-18,996,4133
9.386136e-09,5.201519e-03,7.878591e-03,2.500013e-02,5.542234e+05,8.394611e+05,2.663724e+06,-3.055200e-03,-4.512269e-03,-1.471775e-02,3.479662e-18,996,41299
0.000000e+00,-2.408904e-08,5.740984e-09,2.858379e-07,0.000000e+00,0.000000e+00,0.000000e+00,1.011645e+07,2.579005e+05,-1.116346e+08,6.119708e-18,997,0
4.965909e-10,-2.290320e-04,-7.033942e-06,2.501093e-03,-4.612923e+05,-1.418323e+04,5.037307e+06,1.799229e-01,9.181365e-03,-1.871963e+00,6.119708e-18,997,2185
4.962955e-09,-2.289384e-03,-7.038444e-05,2.500008e-02,-4.613065e+05,-1.418406e+04,5.037454e+06,1.792298e-03,7.618550e-05,-1.879676e-02,6.119708e-18,997,21837
0.000000e+00,-2.229979e-08,-2.132440e-07,2.410591e-07,0.000000e+00,0.000000e+00,0.000000e+00,6.754032e+06,7.585798e+07,-6.499771e+07,5.366898e-18,998,0
8.497727e-10,-2.606522e-04,-2.973123e-03,2.500133e-03,-3.067672e+05,-3.499243e+06,2.942439e+06,4.863418e-02,5.983593e-01,-4.778285e-01,5.366898e-18,998,3739
8.496364e-09,-2.606417e-03,-2.973091e-02,2.500017e-02,-3.067737e+05,-3.499324e+06,2.942503e+06,5.063573e-04,5.930236e-03,-4.799889e-03,5.366898e-18,998,37384
0.000000e+00,1.506855e-07,8.644720e-08,5.066022e-07,0.000000e+00,0.000000e+00,0.000000e+00,-1.846451e+07,-9.438297e+06,-3.698858e+07,3.491193e-18,999,0
1.008409e-09,1.275703e-03,6.742927e-04,2.500274e-03,1.265833e+06,6.690803e+05,2.480716e+06,-5.891933e-01,-3.170354e-01,-1.148758e+00,3.491193e-18,999,4437
1.007773e-08,1.275666e-02,6.742783e-03,2.500006e-02,1.265928e+06,6.691319e+05,2.480900e+06,-5.720407e-03,-3.098969e-03,-1.174654e-02,3.491193e-18,999,44342
