0.000000e+00,-1.119324e-08,1.705739e-07,4.053247e-07,0.000000e+00,0.000000e+00,0.000000e+00,-3.665553e+06,-3.168644e+07,-4.828219e+07,4.160337e-18,0,0
9.104545e-10,1.252589e-04,1.759351e-03,2.500458e-03,1.376548e+05,1.933322e+06,2.747317e+06,-5.574380e-02,-8.131982e-01,-9.847050e-01,4.160337e-18,0,4006
9.099773e-09,1.252612e-03,1.759273e-02,2.500007e-02,1.376628e+05,1.933439e+06,2.747459e+06,-5.922554e-04,-7.633777e-03,-1.032742e-02,4.160337e-18,0,40039
0.000000e+00,-2.537062e-08,-5.266908e-08,5.488631e-07,0.000000e+00,0.000000e+00,0.000000e+00,2.985350e+06,8.749916e+06,-4.011282e+07,3.445175e-18,1,0
9.611364e-10,-1.664891e-04,-5.314216e-04,2.500081e-03,-1.733395e+05,-5.533166e+05,2.602638e+06,1.114107e-01,3.398936e-01,-1.447033e+00,3.445175e-18,1,4229
9.605682e-09,-1.665051e-03,-5.314961e-03,2.500027e-02,-1.733564e+05,-5.533681e+05,2.602858e+06,7.514796e-04,2.969116e-03,-1.611632e-02,3.445175e-18,1,42265
0.000000e+00,-9.330150e-08,-1.524000e-07,6.254056e-07,0.000000e+00,0.000000e+00,0.000000e+00,8.466024e+06,1.208988e+07,-3.596777e+07,2.863262e-18,2,0
9.979545e-10,-5.529179e-04,-9.372621e-04,2.500422e-03,-5.544449e+05,-9.398723e+05,2.506807e+06,3.574848e-01,5.754038e-01,-1.270336e+00,2.863262e-18,2,4391
9.972955e-09,-5.529479e-03,-9.373290e-03,2.500050e-02,-5.545012e+05,-9.399629e+05,2.507008e+06,3.598245e-03,4.717456e-03,-1.414203e-02,2.863262e-18,2,43881
0.000000e+00,-1.523460e-07,1.628601e-09,4.401143e-07,0.000000e+00,0.000000e+00,0.000000e+00,2.115380e+07,1.217686e+06,-4.549506e+07,3.976130e-18,3,0
9.054545e-10,-1.242475e-03,-9.525860e-06,2.500295e-03,-1.373068e+06,-1.051388e+04,2.762715e+06,7.560731e-01,3.536910e-03,-1.350166e+00,3.976130e-18,3,3984
9.049091e-09,-1.242497e-02,-9.515045e-05,2.500014e-02,-1.373176e+06,-1.051438e+04,2.762908e+06,7.295329e-03,-3.233694e-05,-1.404304e-02,3.976130e-18,3,39816
0.000000e+00,4.318925e-08,1.219629e-07,3.248752e-07,0.000000e+00,0.000000e+00,0.000000e+00,-1.114721e+07,-4.131131e+07,-7.045800e+07,5.108163e-18,4,0
7.163636e-10,4.108753e-04,1.528042e-03,2.500507e-03,5.737243e+05,2.133770e+06,3.491349e+06,-2.099166e-01,-8.275223e-01,-1.157326e+00,5.108163e-18,4,3152
7.160682e-09,4.108264e-03,1.527923e-02,2.500057e-02,5.737481e+05,2.133863e+06,3.491480e+06,-2.192900e-03,-7.937569e-03,-1.186467e-02,5.108163e-18,4,31507
0.000000e+00,-1.021128e-07,-1.292395e-07,3.751417e-07,0.000000e+00,0.000000e+00,0.000000e+00,3.113197e+07,3.540957e+07,-5.610033e+07,4.442395e-18,5,0
8.684091e-10,-1.426454e-03,-1.617424e-03,2.500637e-03,-1.643179e+06,-1.863127e+06,2.880166e+06,5.335742e-01,5.862520e-01,-7.801083e-01,4.442395e-18,5,3821
8.680000e-09,-1.426277e-02,-1.617193e-02,2.500001e-02,-1.643252e+06,-1.863207e+06,2.880273e+06,5.206950e-03,5.636007e-03,-8.165510e-03,4.442395e-18,5,38192
0.000000e+00,-7.586733e-09,-2.514874e-07,2.747132e-07,0.000000e+00,0.000000e+00,0.000000e+00,5.245401e+05,6.257459e+07,-4.647727e+07,4.700031e-18,6,0
1.126136e-09,-2.292507e-05,-3.571175e-03,2.500466e-03,-2.034776e+04,-3.171889e+06,2.220638e+06,-1.962496e-03,5.450758e-01,-2.776369e-01,4.700031e-18,6,4955
1.125818e-08,-2.290866e-04,-3.570971e-02,2.500049e-02,-2.034742e+04,-3.171986e+06,2.220688e+06,-1.089147e-06,4.738833e-03,-3.100288e-03,4.700031e-18,6,49536
0.000000e+00,-8.153989e-08,1.171866e-07,3.164983e-07,0.000000e+00,0.000000e+00,0.000000e+00,2.542370e+07,-3.440165e+07,-6.827365e+07,5.119539e-18,7,0
7.304545e-10,-9.774289e-04,1.301475e-03,2.500069e-03,-1.338563e+06,1.782325e+06,3.423453e+06,5.089200e-01,-6.876013e-01,-1.146903e+00,5.119539e-18,7,3214
7.302727e-09,-9.775147e-03,1.301583e-02,2.500066e-02,-1.338621e+06,1.782404e+06,3.423586e+06,4.949621e-03,-6.704264e-03,-1.166610e-02,5.119539e-18,7,32132
0.000000e+00,2.347586e-07,3.502101e-08,4.846953e-07,0.000000e+00,0.000000e+00,0.000000e+00,-2.693734e+07,-1.670246e+06,-3.441390e+07,3.391296e-18,8,0
1.190682e-09,2.188603e-03,1.673810e-04,2.500248e-03,1.839177e+06,1.406647e+05,2.100570e+06,-7.103847e-01,-6.604380e-02,-6.171323e-01,3.391296e-18,8,5239
1.190159e-08,2.188905e-02,1.674138e-03,2.500029e-02,1.839310e+06,1.406771e+05,2.100686e+06,-5.749282e-03,-5.756542e-04,-7.108252e-03,3.391296e-18,8,52367
0.000000e+00,1.471345e-07,-1.503830e-07,4.084690e-07,0.000000e+00,0.000000e+00,0.000000e+00,-2.514294e+07,2.451220e+07,-3.903757e+07,3.963098e-18,9,0
1.149091e-09,1.755142e-03,-1.649782e-03,2.500063e-03,1.528162e+06,-1.436424e+06,2.176336e+06,-5.165417e-01,4.936497e-01,-5.724187e-01,3.963098e-18,9,5056
1.148727e-08,1.755436e-02,-1.650056e-02,2.500031e-02,1.528256e+06,-1.436514e+06,2.176440e+06,-4.469233e-03,4.066902e-03,-6.522958e-03,3.963098e-18,9,50544
0.000000e+00,-1.134227e-07,-1.439318e-07,3.846665e-07,0.000000e+00,0.000000e+00,0.000000e+00,2.319974e+07,2.721447e+07,-4.887246e+07,4.272989e-18,10,0
9.236364e-10,-1.217305e-03,-1.541280e-03,2.500538e-03,-1.318535e+06,-1.669444e+06,2.708090e+06,5.116205e-01,6.280177e-01,-8.660048e-01,4.272989e-18,10,4064
9.231591e-09,-1.217215e-02,-1.541158e-02,2.500010e-02,-1.318610e+06,-1.669536e+06,2.708217e+06,4.819404e-03,5.948924e-03,-9.098251e-03,4.272989e-18,10,40619
0.000000e+00,5.414752e-08,-2.172084e-08,6.770130e-07,0.000000e+00,0.000000e+00,0.000000e+00,-5.321818e+06,1.476089e+06,-3.626642e+07,2.755470e-18,11,0
9.356818e-10,3.478015e-04,-3.370165e-05,2.500582e-03,3.719231e+05,-3.608231e+04,2.673997e+06,-2.139899e-01,1.055274e-01,-1.608917e+00,2.755470e-18,11,4117
9.349318e-09,3.477247e-03,-3.373935e-04,2.500027e-02,3.719547e+05,-3.609788e+04,2.674235e+06,-1.588345e-03,1.130251e-03,-1.738770e-02,2.755470e-18,11,41137
0.000000e+00,-1.538488e-07,1.424786e-07,3.272091e-07,0.000000e+00,0.000000e+00,0.000000e+00,3.528279e+07,-3.169627e+07,-4.963460e+07,4.574367e-18,12,0
9.743182e-10,-1.916343e-03,1.703523e-03,2.500079e-03,-1.967541e+06,1.749012e+06,2.566527e+06,5.640170e-01,-4.912014e-01,-5.864541e-01,4.574367e-18,12,4287
9.740909e-09,-1.916560e-02,1.703695e-02,2.500042e-02,-1.967628e+06,1.749088e+06,2.566617e+06,5.154857e-03,-4.463306e-03,-6.133712e-03,4.574367e-18,12,42860
0.000000e+00,-5.963873e-08,1.935493e-09,5.421342e-07,0.000000e+00,0.000000e+00,0.000000e+00,5.162275e+06,-4.511222e+06,-4.096905e+07,3.480714e-18,13,0
9.595455e-10,-3.165144e-04,3.127921e-04,2.500485e-03,-3.300616e+05,3.262306e+05,2.607395e+06,2.022570e-01,-1.757130e-01,-1.487351e+00,3.480714e-18,13,4222
9.588182e-09,-3.164715e-03,3.127907e-03,2.500036e-02,-3.300922e+05,3.262572e+05,2.607621e+06,1.592247e-03,-1.500282e-03,-1.657305e-02,3.480714e-18,13,42188
0.000000e+00,-2.041918e-08,1.048797e-07,3.750705e-07,0.000000e+00,0.000000e+00,0.000000e+00,5.738730e+06,-1.849348e+07,-5.636417e+07,4.662227e-18,14,0
7.829545e-10,-2.378713e-04,8.475984e-04,2.500724e-03,-3.039837e+05,1.083162e+06,3.195384e+06,1.780936e-01,-6.299935e-01,-1.616662e+00,4.662227e-18,14,3445
7.823864e-09,-2.378321e-03,8.474499e-03,2.500029e-02,-3.040057e+05,1.083240e+06,3.195584e+06,1.657853e-03,-6.140601e-03,-1.679189e-02,4.662227e-18,14,34425
0.000000e+00,-6.013999e-08,-9.344298e-08,5.206642e-07,0.000000e+00,0.000000e+00,0.000000e+00,5.680427e+06,1.625344e+07,-3.942613e+07,3.532538e-18,15,0
1.008636e-09,-3.461718e-04,-1.111801e-03,2.500343e-03,-3.434547e+05,-1.103110e+06,2.480250e+06,2.070604e-01,6.374566e-01,-1.238025e+00,3.532538e-18,15,4438
1.007977e-08,-3.461944e-03,-1.111903e-02,2.500051e-02,-3.434876e+05,-1.103212e+06,2.480447e+06,1.918411e-03,5.358954e-03,-1.348987e-02,3.532538e-18,15,44351
0.000000e+00,-2.352389e-07,6.249486e-08,3.334438e-07,0.000000e+00,0.000000e+00,0.000000e+00,4.780430e+07,-1.374394e+07,-3.998632e+07,4.312026e-18,16,0
1.212273e-09,-3.257419e-03,9.153887e-04,2.500196e-03,-2.687881e+06,7.553429e+05,2.062713e+06,5.533815e-01,-1.582884e-01,-3.007044e-01,4.312026e-18,16,5334
1.212000e-08,-3.257705e-02,9.154737e-03,2.500023e-02,-2.687987e+06,7.553731e+05,2.062771e+06,4.717755e-03,-1.265042e-03,-3.482881e-03,4.312026e-18,16,53328
0.000000e+00,-1.272954e-07,3.163960e-08,2.721748e-07,0.000000e+00,0.000000e+00,0.000000e+00,5.335633e+07,-1.357943e+07,-9.531756e+07,5.800805e-18,17,0
5.856818e-10,-1.425529e-03,3.638141e-04,2.500781e-03,-2.434408e+06,6.212980e+05,4.270441e+06,7.777190e-01,-2.013925e-01,-1.236636e+00,5.800805e-18,17,2577
5.854318e-09,-1.425186e-02,3.637288e-03,2.500068e-02,-2.434480e+06,6.213166e+05,4.270556e+06,7.806951e-03,-2.022022e-03,-1.263957e-02,5.800805e-18,17,25759
0.000000e+00,-1.698892e-07,-1.787529e-08,4.636776e-07,0.000000e+00,0.000000e+00,0.000000e+00,2.236579e+07,5.762262e+06,-3.815280e+07,3.762427e-18,18,0
1.117273e-09,-1.686410e-03,-3.572327e-04,2.500099e-03,-1.510303e+06,-3.198818e+05,2.238553e+06,6.481738e-01,9.925141e-02,-7.815564e-01,3.762427e-18,18,4916
1.116795e-08,-1.686694e-02,-3.572408e-03,2.500023e-02,-1.510417e+06,-3.198992e+05,2.238692e+06,5.055685e-03,1.087108e-03,-9.259950e-03,3.762427e-18,18,49139
0.000000e+00,1.532868e-07,8.933151e-08,3.976724e-07,0.000000e+00,0.000000e+00,0.000000e+00,-2.827445e+07,-1.596676e+07,-5.062595e+07,4.183001e-18,19,0
8.881818e-10,1.490289e-03,8.255264e-04,2.500556e-03,1.678701e+06,9.298600e+05,2.816261e+06,-7.225508e-01,-3.800000e-01,-9.945479e-01,4.183001e-18,19,3908
8.877045e-09,1.490187e-02,8.254403e-03,2.500021e-02,1.678802e+06,9.299133e+05,2.816401e+06,-6.693528e-03,-3.474421e-03,-1.063471e-02,4.183001e-18,19,39059
0.000000e+00,-7.189860e-08,2.413849e-07,5.423252e-07,0.000000e+00,0.000000e+00,0.000000e+00,8.468191e+06,-2.554350e+07,-3.267906e+07,3.075594e-18,20,0
1.241818e-09,-6.400641e-04,2.248269e-03,2.500237e-03,-5.157084e+05,1.811498e+06,2.013977e+06,1.877431e-01,-6.596370e-01,-5.420774e-01,3.075594e-18,20,5464
1.241318e-08,-6.401570e-03,2.248637e-02,2.500010e-02,-5.157451e+05,1.811627e+06,2.014085e+06,1.547430e-03,-5.543516e-03,-6.441657e-03,3.075594e-18,20,54618
0.000000e+00,1.640065e-07,-8.696878e-08,5.763086e-07,0.000000e+00,0.000000e+00,0.000000e+00,-1.962294e+07,9.219042e+06,-3.579885e+07,3.081379e-18,21,0
1.061818e-09,1.539232e-03,-7.267544e-04,2.500035e-03,1.450561e+06,-6.848891e+05,2.355419e+06,-6.892888e-01,3.281592e-01,-9.073699e-01,3.081379e-18,21,4672
1.061386e-08,1.539597e-02,-7.269280e-03,2.500031e-02,1.450676e+06,-6.849440e+05,2.355572e+06,-5.867816e-03,2.498226e-03,-1.002967e-02,3.081379e-18,21,46701
0.000000e+00,-4.107738e-08,-3.319286e-08,1.577890e-07,0.000000e+00,0.000000e+00,0.000000e+00,8.821552e+07,7.530031e+07,-3.342104e+08,1.007047e-17,22,0
1.865909e-10,-6.605847e-04,-5.639192e-04,2.502181e-03,-3.540167e+06,-3.022134e+06,1.340952e+07,4.387956e-01,3.815303e-01,-1.621975e+00,1.007047e-17,22,821
1.864545e-09,-6.600842e-03,-5.634938e-03,2.500281e-02,-3.540180e+06,-3.022145e+06,1.340957e+07,4.417224e-03,3.817046e-03,-1.629096e-02,1.007047e-17,22,8204
0.000000e+00,-9.188781e-08,-2.931995e-08,4.421387e-07,0.000000e+00,0.000000e+00,0.000000e+00,1.610442e+07,2.503442e+06,-4.381630e+07,4.103017e-18,23,0
9.872727e-10,-9.982127e-04,-2.051173e-04,2.500495e-03,-1.011704e+06,-2.079402e+05,2.533871e+06,4.904649e-01,1.531015e-01,-1.105295e+00,4.103017e-18,23,4344
9.866364e-09,-9.981788e-03,-2.051612e-03,2.500023e-02,-1.011781e+06,-2.079640e+05,2.534044e+06,4.488219e-03,1.358743e-03,-1.380085e-02,4.103017e-18,23,43412
0.000000e+00,-1.947970e-07,3.436227e-08,4.367441e-07,0.000000e+00,0.000000e+00,0.000000e+00,3.209375e+07,-5.759972e+06,-4.001789e+07,3.845624e-18,24,0
1.081591e-09,-2.230335e-03,4.542698e-04,2.500100e-03,-2.063107e+06,4.201888e+05,2.312256e+06,7.301848e-01,-1.269813e-01,-6.943116e-01,3.845624e-18,24,4759
1.081205e-08,-2.230631e-02,4.543072e-03,2.500036e-02,-2.063231e+06,4.202104e+05,2.312375e+06,5.789785e-03,-8.137391e-04,-7.603824e-03,3.845624e-18,24,47573
0.000000e+00,-1.039397e-07,-1.477071e-07,2.950664e-07,0.000000e+00,0.000000e+00,0.000000e+00,3.070541e+07,4.338732e+07,-6.410140e+07,5.105977e-18,25,0
8.013636e-10,-1.247419e-03,-1.767978e-03,2.500483e-03,-1.557053e+06,-2.206835e+06,3.120891e+06,4.640697e-01,6.688748e-01,-8.070354e-01,5.105977e-18,25,3526
8.010682e-09,-1.247306e-02,-1.767826e-02,2.500059e-02,-1.557111e+06,-2.206919e+06,3.120993e+06,4.484647e-03,6.437682e-03,-8.287496e-03,5.105977e-18,25,35247
0.000000e+00,-1.443338e-07,2.514629e-07,4.316247e-07,0.000000e+00,0.000000e+00,0.000000e+00,1.945925e+07,-3.262633e+07,-3.290080e+07,3.468153e-18,26,0
1.353409e-09,-1.594860e-03,2.797538e-03,2.500410e-03,-1.178856e+06,2.067858e+06,1.847819e+06,2.723106e-01,-4.859152e-01,-2.969537e-01,3.468153e-18,26,5955
1.352955e-08,-1.594936e-02,2.797710e-02,2.500034e-02,-1.178914e+06,2.067961e+06,1.847883e+06,2.320495e-03,-4.157374e-03,-3.692239e-03,3.468153e-18,26,59530
0.000000e+00,-5.413280e-08,1.517165e-07,3.494383e-07,0.000000e+00,0.000000e+00,0.000000e+00,1.104950e+07,-3.642778e+07,-5.775855e+07,4.670860e-18,27,0
8.086364e-10,-4.751006e-04,1.683832e-03,2.500399e-03,-5.877163e+05,2.083129e+06,3.092959e+06,2.007685e-01,-8.097871e-01,-1.018920e+00,4.670860e-18,27,3558
8.082955e-09,-4.750490e-03,1.683780e-02,2.500035e-02,-5.877420e+05,2.083233e+06,3.093089e+06,2.082193e-03,-7.806453e-03,-1.061568e-02,4.670860e-18,27,35565
0.000000e+00,1.565896e-08,2.207737e-07,2.271068e-07,0.000000e+00,0.000000e+00,0.000000e+00,-5.837687e+06,-8.044056e+07,-6.287365e+07,5.438062e-18,28,0
8.902273e-10,2.383674e-04,3.289035e-03,2.500164e-03,2.677995e+05,3.695144e+06,2.808689e+06,-4.300134e-02,-5.953283e-01,-3.649646e-01,5.438062e-18,28,3917
8.900909e-09,2.383664e-03,3.289021e-02,2.500002e-02,2.678055e+05,3.695228e+06,2.808741e+06,-4.154549e-04,-5.627485e-03,-3.778855e-03,5.438062e-18,28,39164
0.000000e+00,-3.045129e-08,1.319791e-07,3.071035e-07,0.000000e+00,0.000000e+00,0.000000e+00,9.033375e+06,-4.344818e+07,-7.503851e+07,5.278415e-18,29,0
6.879545e-10,-3.078442e-04,1.504351e-03,2.500646e-03,-4.476017e+05,2.187360e+06,3.635687e+06,1.650732e-01,-8.283583e-01,-1.204936e+00,5.278415e-18,29,3027
6.876364e-09,-3.077878e-03,1.504109e-02,2.500044e-02,-4.476196e+05,2.187450e+06,3.635818e+06,1.572691e-03,-8.087258e-03,-1.225856e-02,5.278415e-18,29,30256
0.000000e+00,2.392123e-07,-6.888163e-09,2.437055e-07,0.000000e+00,0.000000e+00,0.000000e+00,-7.520954e+07,3.072333e+06,-4.820715e+07,5.090764e-18,30,0
1.129773e-09,4.062154e-03,-1.598105e-04,2.500319e-03,3.596140e+06,-1.414754e+05,2.213275e+06,-4.633054e-01,1.630407e-02,-2.107211e-01,5.090764e-18,30,4971
1.129545e-08,4.062006e-02,-1.598028e-03,2.500008e-02,3.596222e+06,-1.414783e+05,2.213312e+06,-4.018256e-03,1.606555e-04,-2.350776e-03,5.090764e-18,30,49700
0.000000e+00,-1.136146e-07,-1.769979e-07,3.239848e-07,0.000000e+00,0.000000e+00,0.000000e+00,2.593734e+07,3.974910e+07,-5.187630e+07,4.613083e-18,31,0
9.393182e-10,-1.334540e-03,-2.055660e-03,2.500511e-03,-1.421225e+06,-2.189184e+06,2.662622e+06,4.125849e-01,6.343953e-01,-6.343271e-01,4.613083e-18,31,4133
9.389318e-09,-1.334432e-02,-2.055492e-02,2.500032e-02,-1.421286e+06,-2.189278e+06,2.662716e+06,3.859562e-03,5.799194e-03,-6.729592e-03,4.613083e-18,31,41313
0.000000e+00,1.155685e-07,2.103356e-07,3.525417e-07,0.000000e+00,0.000000e+00,0.000000e+00,-1.981099e+07,-4.173661e+07,-4.053676e+07,4.188908e-18,32,0
1.180455e-09,1.328011e-03,2.822310e-03,2.500047e-03,1.125369e+06,2.391709e+06,2.118224e+06,-2.576528e-01,-5.630838e-01,-3.496623e-01,4.188908e-18,32,5194
1.180227e-08,1.328189e-02,2.822753e-02,2.500001e-02,1.125416e+06,2.391814e+06,2.118290e+06,-2.149763e-03,-4.737048e-03,-4.016578e-03,4.188908e-18,32,51930
0.000000e+00,-2.309756e-07,1.017516e-07,3.686382e-07,0.000000e+00,0.000000e+00,0.000000e+00,3.658807e+07,-2.008518e+07,-3.539748e+07,4.019487e-18,33,0
1.317273e-09,-2.939691e-03,1.589263e-03,2.500235e-03,-2.232515e+06,1.206934e+06,1.898365e+06,5.111778e-01,-2.611571e-01,-2.876609e-01,4.019487e-18,33,5796
1.316932e-08,-2.940060e-02,1.589443e-02,2.500033e-02,-2.232621e+06,1.206988e+06,1.898425e+06,4.056149e-03,-2.295097e-03,-3.499509e-03,4.019487e-18,33,57945
0.000000e+00,2.338280e-07,-2.358083e-09,2.759414e-07,0.000000e+00,0.000000e+00,0.000000e+00,-5.440683e+07,1.205301e+07,-6.321856e+07,4.860901e-18,34,0
8.290909e-10,2.241466e-03,-4.622713e-04,2.500542e-03,2.704156e+06,-5.577122e+05,3.016542e+06,-7.381770e-01,1.268851e-01,-7.051527e-01,4.860901e-18,34,3648
8.287727e-09,2.241138e-02,-4.622146e-03,2.500040e-02,2.704253e+06,-5.577288e+05,3.016635e+06,-7.318546e-03,1.472466e-03,-7.538281e-03,4.860901e-18,34,36466
0.000000e+00,5.474570e-08,1.043416e-07,3.097705e-07,0.000000e+00,0.000000e+00,0.000000e+00,-1.885329e+07,-3.824808e+07,-7.672758e+07,5.365455e-18,35,0
6.729545e-10,6.395082e-04,1.292424e-03,2.500537e-03,9.505883e+05,1.921122e+06,3.716564e+06,-3.674626e-01,-7.563726e-01,-1.260915e+00,5.365455e-18,35,2961
6.726818e-09,6.394436e-03,1.292304e-02,2.500078e-02,9.506274e+05,1.921203e+06,3.716698e+06,-3.657505e-03,-7.252401e-03,-1.287541e-02,5.365455e-18,35,29598
0.000000e+00,2.279029e-07,1.079512e-08,5.344723e-07,0.000000e+00,0.000000e+00,0.000000e+00,-2.336769e+07,-6.380407e+05,-3.333397e+07,3.165438e-18,36,0
1.183182e-09,1.955950e-03,2.378121e-05,2.500138e-03,1.654180e+06,2.009362e+04,2.113823e+06,-7.121183e-01,-4.033171e-03,-6.692172e-01,3.165438e-18,36,5206
1.182682e-08,1.956361e-02,2.376572e-04,2.500001e-02,1.654313e+06,2.009437e+04,2.113949e+06,-5.678540e-03,-1.013051e-04,-8.015072e-03,3.165438e-18,36,52038
0.000000e+00,1.104087e-07,7.220907e-08,1.818858e-07,0.000000e+00,0.000000e+00,0.000000e+00,-1.040476e+08,-6.823498e+07,-1.489304e+08,7.556364e-18,37,0
4.097727e-10,1.753196e-03,1.149786e-03,2.501195e-03,4.278557e+06,2.805976e+06,6.103888e+06,-6.493587e-01,-4.264996e-01,-8.394792e-01,7.556364e-18,37,1803
4.095909e-09,1.752467e-02,1.149308e-02,2.500112e-02,4.278599e+06,2.806003e+06,6.103942e+06,-6.419089e-03,-4.222449e-03,-8.488921e-03,7.556364e-18,37,18022
0.000000e+00,3.528540e-08,-2.142640e-08,5.185515e-07,0.000000e+00,0.000000e+00,0.000000e+00,-5.122028e+06,-1.548557e+06,-4.204362e+07,3.622230e-18,38,0
9.550000e-10,3.608424e-04,8.006152e-05,2.500426e-03,3.781046e+05,8.395429e+04,2.619755e+06,-2.120858e-01,-9.533387e-02,-1.508617e+00,3.622230e-18,38,4202
9.542955e-09,3.608215e-03,8.011594e-04,2.500038e-02,3.781366e+05,8.396863e+04,2.619983e+06,-1.771385e-03,2.425838e-04,-1.680460e-02,3.622230e-18,38,41989
0.000000e+00,1.845456e-08,7.745516e-08,4.341595e-07,0.000000e+00,0.000000e+00,0.000000e+00,-5.124972e+06,-1.320584e+07,-5.473402e+07,4.179489e-18,39,0
7.906818e-10,2.333435e-04,6.701433e-04,2.500497e-03,2.953072e+05,8.480728e+05,3.163926e+06,-1.851365e-01,-5.224984e-01,-1.711229e+00,4.179489e-18,39,3479
7.901591e-09,2.333382e-03,6.701096e-03,2.500014e-02,2.953303e+05,8.481381e+05,3.164140e+06,-1.769290e-03,-5.070358e-03,-1.769554e-02,4.179489e-18,39,34767
0.000000e+00,-9.668884e-08,2.561734e-07,3.171990e-07,0.000000e+00,0.000000e+00,0.000000e+00,2.022745e+07,-4.722191e+07,-3.841173e+07,4.210831e-18,40,0
1.272500e-09,-1.409882e-03,3.345772e-03,2.500269e-03,-1.108283e+06,2.630059e+06,1.965124e+06,2.019292e-01,-4.920800e-01,-2.579506e-01,4.210831e-18,40,5599
1.272182e-08,-1.409935e-02,3.345909e-02,2.500009e-02,-1.108324e+06,2.630157e+06,1.965176e+06,1.701015e-03,-4.212886e-03,-2.975402e-03,4.210831e-18,40,55976
0.000000e+00,-9.213754e-08,2.531706e-07,4.457265e-07,0.000000e+00,0.000000e+00,0.000000e+00,1.266580e+07,-3.211102e+07,-3.435607e+07,3.482124e-18,41,0
1.275000e-09,-1.002319e-03,2.675752e-03,2.500219e-03,-7.864392e+05,2.099584e+06,1.961397e+06,1.921517e-01,-5.915215e-01,-3.927079e-01,3.482124e-18,41,5610
1.274614e-08,-1.002404e-02,2.676150e-02,2.500042e-02,-7.864778e+05,2.099703e+06,1.961477e+06,1.637095e-03,-5.017976e-03,-4.685470e-03,3.482124e-18,41,56083
0.000000e+00,1.197961e-07,4.566904e-08,1.600093e-07,0.000000e+00,0.000000e+00,0.000000e+00,-1.463664e+08,-5.568484e+07,-1.738788e+08,8.222137e-18,42,0
3.547727e-10,2.109240e-03,8.024155e-04,2.501473e-03,5.945327e+06,2.261772e+06,7.050831e+06,-6.985815e-01,-2.647553e-01,-7.601867e-01,8.222137e-18,42,1561
3.545682e-09,2.108034e-02,8.019564e-03,2.500014e-02,5.945367e+06,2.261787e+06,7.050873e+06,-6.917720e-03,-2.626753e-03,-7.667703e-03,8.222137e-18,42,15601
0.000000e+00,1.752990e-07,1.172974e-07,3.331383e-07,0.000000e+00,0.000000e+00,0.000000e+00,-3.830106e+07,-2.844525e+07,-4.914905e+07,4.522025e-18,43,0
9.854545e-10,2.084312e-03,1.552935e-03,2.500304e-03,2.115780e+06,1.576414e+06,2.537719e+06,-5.836409e-01,-4.511578e-01,-5.532090e-01,4.522025e-18,43,4336
9.851364e-09,2.084329e-02,1.552979e-02,2.500012e-02,2.115871e+06,1.576484e+06,2.537806e+06,-5.305235e-03,-3.924492e-03,-5.916859e-03,4.522025e-18,43,43346
0.000000e+00,-1.394811e-07,1.800265e-07,3.056922e-07,0.000000e+00,0.000000e+00,0.000000e+00,3.314199e+07,-4.237865e+07,-4.879661e+07,4.627826e-18,44,0
1.026364e-09,-1.820539e-03,2.321544e-03,2.500497e-03,-1.774298e+06,2.262569e+06,2.436684e+06,4.157871e-01,-5.260763e-01,-4.460260e-01,4.627826e-18,44,4516
1.026000e-08,-1.820427e-02,2.321394e-02,2.500050e-02,-1.774365e+06,2.262654e+06,2.436757e+06,3.710793e-03,-4.725101e-03,-4.730461e-03,4.627826e-18,44,45144
0.000000e+00,-8.248773e-09,-1.204107e-07,5.765279e-07,0.000000e+00,0.000000e+00,0.000000e+00,-3.401324e+03,1.413937e+07,-3.666408e+07,3.201029e-18,45,0
1.025909e-09,3.673610e-05,-1.014670e-03,2.500304e-03,3.590237e+04,-9.897817e+05,2.438429e+06,-6.312441e-02,5.811064e-01,-1.210892e+00,3.201029e-18,45,4514
1.025250e-08,3.680709e-04,-1.014770e-02,2.500019e-02,3.591266e+04,-9.898757e+05,2.438626e+06,-1.582797e-04,5.142988e-03,-1.386262e-02,3.201029e-18,45,45111
0.000000e+00,2.844288e-07,3.278107e-08,4.652096e-07,0.000000e+00,0.000000e+00,0.000000e+00,-3.287443e+07,-3.379141e+06,-3.242558e+07,3.309790e-18,46,0
1.311818e-09,2.839713e-03,3.057873e-04,2.500373e-03,2.165710e+06,2.332054e+05,1.906498e+06,-6.056868e-01,-6.364526e-02,-3.925022e-01,3.309790e-18,46,5772
1.311295e-08,2.839877e-02,3.058005e-03,2.500001e-02,2.165835e+06,2.332185e+05,1.906580e+06,-5.064917e-03,-3.711714e-04,-4.704791e-03,3.309790e-18,46,57697
0.000000e+00,7.286118e-08,-1.388450e-07,5.652224e-07,0.000000e+00,0.000000e+00,0.000000e+00,-6.604528e+06,1.517516e+07,-3.659272e+07,3.196274e-18,47,0
1.314091e-09,1.141951e-03,-1.089378e-03,2.500062e-03,8.698472e+05,-8.297045e+05,1.903696e+06,-4.635075e-01,4.370190e-01,-8.467845e-01,3.196274e-18,47,5782
1.313227e-08,1.142290e-02,-1.089586e-02,2.500001e-02,8.699432e+05,-8.297950e+05,1.903873e+06,-4.435693e-03,4.176134e-03,-9.689525e-03,3.196274e-18,47,57782
0.000000e+00,-9.765036e-08,1.367037e-07,4.265800e-07,0.000000e+00,0.000000e+00,0.000000e+00,1.366659e+07,-2.455980e+07,-4.363034e+07,4.015537e-18,48,0
9.995455e-10,-9.329348e-04,1.521317e-03,2.500072e-03,-9.339104e+05,1.522893e+06,2.502102e+06,4.263481e-01,-6.889902e-01,-8.556369e-01,4.015537e-18,48,4398
9.991591e-09,-9.331200e-03,1.521605e-02,2.500009e-02,-9.339776e+05,1.523002e+06,2.502237e+06,3.625772e-03,-6.005792e-03,-9.820883e-03,4.015537e-18,48,43963
0.000000e+00,6.407937e-08,2.707502e-07,4.760512e-07,0.000000e+00,0.000000e+00,0.000000e+00,-9.495647e+06,-3.123960e+07,-3.093946e+07,3.291525e-18,49,0
1.383409e-09,7.521273e-04,2.907853e-03,2.500327e-03,5.439364e+05,2.102919e+06,1.807762e+06,-1.504084e-01,-5.524490e-01,-3.364644e-01,3.291525e-18,49,6087
1.382932e-08,7.522249e-03,2.908184e-02,2.500033e-02,5.439692e+05,2.103040e+06,1.807837e+06,-1.249369e-03,-4.883880e-03,-4.189171e-03,3.291525e-18,49,60849
0.000000e+00,-3.663986e-08,-8.366809e-08,6.393591e-07,0.000000e+00,0.000000e+00,0.000000e+00,1.869394e+06,9.151096e+06,-4.102594e+07,2.932767e-18,50,0
8.981818e-10,-1.809438e-04,-5.732523e-04,2.500073e-03,-2.016213e+05,-6.387264e+05,2.784944e+06,1.534828e-01,4.537330e-01,-1.641353e+00,2.932767e-18,50,3952
8.976818e-09,-1.809914e-03,-5.733721e-03,2.500018e-02,-2.016430e+05,-6.387908e+05,2.785178e+06,1.177600e-03,3.891362e-03,-1.723992e-02,2.932767e-18,50,39498
0.000000e+00,-1.776602e-08,-6.259194e-08,5.364545e-07,0.000000e+00,0.000000e+00,0.000000e+00,4.234285e+06,8.673700e+06,-3.333251e+07,3.509560e-18,51,0
1.063182e-09,-3.051371e-04,-6.777121e-04,2.500483e-03,-2.872003e+05,-6.379651e+05,2.353307e+06,1.226954e-01,3.844698e-01,-1.214487e+00,3.509560e-18,51,4678
1.062341e-08,-3.051000e-03,-6.777314e-03,2.500024e-02,-2.872208e+05,-6.380295e+05,2.353511e+06,1.737210e-03,3.412497e-03,-1.431733e-02,3.509560e-18,51,46743
0.000000e+00,-2.052210e-07,-3.695948e-08,2.977421e-07,0.000000e+00,0.000000e+00,0.000000e+00,5.872522e+07,1.138154e+07,-5.642001e+07,4.863511e-18,52,0
9.290909e-10,-2.740346e-03,-5.414039e-04,2.500313e-03,-2.950231e+06,-5.828828e+05,2.691511e+06,6.859851e-01,1.405616e-01,-4.883183e-01,4.863511e-18,52,4088
9.288409e-09,-2.740296e-02,-5.414050e-03,2.500000e-02,-2.950332e+06,-5.829035e+05,2.691583e+06,6.365115e-03,1.228066e-03,-5.197484e-03,4.863511e-18,52,40869
0.000000e+00,-1.809134e-07,-3.226620e-09,4.835709e-07,0.000000e+00,0.000000e+00,0.000000e+00,2.244911e+07,-3.075560e+06,-3.650400e+07,3.616032e-18,53,0
1.139773e-09,-1.766776e-03,1.739594e-04,2.500492e-03,-1.551114e+06,1.527147e+05,2.194705e+06,6.885904e-01,-5.006532e-02,-7.466354e-01,3.616032e-18,53,5015
1.139114e-08,-1.766886e-02,1.739570e-03,2.500035e-02,-1.551238e+06,1.527237e+05,2.194840e+06,5.987732e-03,-5.947245e-04,-8.969198e-03,3.616032e-18,53,50121
0.000000e+00,-2.079793e-08,1.550613e-07,2.189361e-07,0.000000e+00,0.000000e+00,0.000000e+00,7.338719e+06,-9.307880e+07,-1.025767e+08,6.398553e-18,54,0
5.745455e-10,-1.787219e-04,2.294605e-03,2.500394e-03,-3.110697e+05,3.994134e+06,4.352162e+06,4.720372e-02,-7.682681e-01,-7.216847e-01,6.398553e-18,54,2528
5.744318e-09,-1.786900e-03,2.294367e-02,2.500036e-02,-3.110740e+05,3.994204e+06,4.352228e+06,5.864307e-04,-7.483655e-03,-7.373687e-03,6.398553e-18,54,25275
0.000000e+00,-2.484934e-08,-1.934556e-07,3.700114e-07,0.000000e+00,0.000000e+00,0.000000e+00,5.272205e+06,4.052989e+07,-4.848881e+07,4.334412e-18,55,0
9.409091e-10,-2.954208e-04,-2.151438e-03,2.500282e-03,-3.140979e+05,-2.287453e+06,2.658034e+06,1.031526e-01,7.793052e-01,-7.672613e-01,4.334412e-18,55,4140
9.405455e-09,-2.954224e-03,-2.151450e-02,2.500013e-02,-3.141132e+05,-2.287569e+06,2.658148e+06,9.635974e-04,7.089967e-03,-8.130459e-03,4.334412e-18,55,41384
0.000000e+00,-1.417222e-08,7.112541e-08,6.160160e-07,0.000000e+00,0.000000e+00,0.000000e+00,1.514428e+06,-7.494014e+06,-3.748911e+07,3.040904e-18,56,0
9.461364e-10,-1.873692e-04,5.145043e-04,2.500383e-03,-1.981162e+05,5.442235e+05,2.644290e+06,5.196175e-02,-3.861932e-01,-1.588549e+00,3.040904e-18,56,4163
9.454318e-09,-1.873033e-03,5.145263e-03,2.500015e-02,-1.981241e+05,5.442811e+05,2.644528e+06,3.649309e-04,-3.023020e-03,-1.713688e-02,3.040904e-18,56,41599
0.000000e+00,8.834525e-08,-8.070348e-08,5.627378e-07,0.000000e+00,0.000000e+00,0.000000e+00,-9.600416e+06,6.109234e+06,-4.624231e+07,3.286369e-18,57,0
8.352273e-10,5.365828e-04,-4.196827e-04,2.500561e-03,6.428810e+05,-5.027764e+05,2.995278e+06,-4.509516e-01,3.047884e-01,-1.656091e+00,3.286369e-18,57,3675
8.346591e-09,5.365865e-03,-4.196469e-03,2.500054e-02,6.429405e+05,-5.028166e+05,2.995497e+06,-4.153291e-03,3.419350e-03,-1.758290e-02,3.286369e-18,57,36725
0.000000e+00,1.367004e-07,7.418288e-09,6.021447e-07,0.000000e+00,0.000000e+00,0.000000e+00,-9.968614e+06,-2.880800e+06,-3.020570e+07,3.044926e-18,58,0
1.150000e-09,9.683685e-04,2.707484e-04,2.500480e-03,8.428123e+05,2.356562e+05,2.175688e+06,-5.241386e-01,-1.390510e-01,-1.100045e+00,3.044926e-18,58,5060
1.149068e-08,9.684436e-03,2.707810e-03,2.500029e-02,8.429072e+05,2.356814e+05,2.175889e+06,-4.791584e-03,-1.339550e-03,-1.284023e-02,3.044926e-18,58,50559
0.000000e+00,2.450715e-07,-3.015857e-08,5.284411e-07,0.000000e+00,0.000000e+00,0.000000e+00,-2.569321e+07,2.987145e+06,-3.186166e+07,3.139189e-18,59,0
1.244091e-09,2.217808e-03,-2.134577e-04,2.500424e-03,1.783705e+06,-1.716796e+05,2.010477e+06,-6.621862e-01,7.197120e-02,-5.491033e-01,3.139189e-18,59,5474
1.243477e-08,2.217989e-02,-2.134800e-03,2.500004e-02,1.783835e+06,-1.716937e+05,2.010586e+06,-5.858162e-03,6.614311e-04,-6.705977e-03,3.139189e-18,59,54713
0.000000e+00,-1.685840e-07,-6.358076e-08,2.497897e-07,0.000000e+00,0.000000e+00,0.000000e+00,6.898928e+07,2.372007e+07,-7.761247e+07,5.654638e-18,60,0
7.206818e-10,-2.277218e-03,-7.814292e-04,2.500356e-03,-3.160345e+06,-1.084462e+06,3.469800e+06,7.272806e-01,2.439306e-01,-6.769843e-01,5.654638e-18,60,3171
7.205000e-09,-2.277035e-02,-7.813573e-03,2.500006e-02,-3.160428e+06,-1.084489e+06,3.469877e+06,7.086008e-03,2.397051e-03,-6.959001e-03,5.654638e-18,60,31702
0.000000e+00,-1.780920e-07,-5.615314e-08,3.342355e-07,0.000000e+00,0.000000e+00,0.000000e+00,4.138154e+07,1.257773e+07,-5.611660e+07,4.675973e-18,61,0
8.600000e-10,-1.959711e-03,-6.167421e-04,2.500221e-03,-2.279548e+06,-7.174215e+05,2.907943e+06,7.806944e-01,2.611970e-01,-8.346744e-01,4.675973e-18,61,3784
8.597273e-09,-1.959787e-02,-6.167855e-03,2.500049e-02,-2.279654e+06,-7.174569e+05,2.908056e+06,7.378038e-03,2.608695e-03,-8.685335e-03,4.675973e-18,61,37828
0.000000e+00,-6.106269e-09,5.323012e-08,2.409919e-07,0.000000e+00,0.000000e+00,0.000000e+00,7.367942e+06,-3.482575e+07,-1.532376e+08,7.016016e-18,62,0
3.884091e-10,-1.212831e-04,5.709771e-04,2.501379e-03,-3.122964e+05,1.470142e+06,6.440439e+06,1.051668e-01,-4.438812e-01,-1.868525e+00,7.016016e-18,62,1709
3.881818e-09,-1.212281e-03,5.706864e-03,2.500080e-02,-3.123028e+05,1.470170e+06,6.440554e+06,9.784040e-04,-4.469500e-03,-1.885960e-02,7.016016e-18,62,17080
0.000000e+00,-2.074914e-07,-1.280563e-08,5.519807e-07,0.000000e+00,0.000000e+00,0.000000e+00,1.925901e+07,-2.165724e+06,-3.840930e+07,3.163693e-18,63,0
1.000455e-09,-1.298635e-03,2.128895e-04,2.500422e-03,-1.298889e+06,2.129371e+05,2.500347e+06,7.227628e-01,-8.686471e-02,-1.065127e+00,3.163693e-18,63,4402
9.998636e-09,-1.298712e-02,2.129038e-03,2.500025e-02,-1.299003e+06,2.129508e+05,2.500515e+06,6.390802e-03,-9.999293e-04,-1.198906e-02,3.163693e-18,63,43994
0.000000e+00,-1.782446e-07,-1.852928e-07,5.231255e-07,0.000000e+00,0.000000e+00,0.000000e+00,1.811993e+07,2.050296e+07,-3.233862e+07,3.145599e-18,64,0
1.251364e-09,-1.547562e-03,-1.869611e-03,2.500176e-03,-1.237338e+06,-1.494872e+06,1.998516e+06,4.150825e-01,5.055453e-01,-4.959632e-01,3.145599e-18,64,5506
1.250932e-08,-1.547822e-02,-1.869975e-02,2.500029e-02,-1.237420e+06,-1.494972e+06,1.998614e+06,3.606403e-03,4.365346e-03,-5.977835e-03,3.145599e-18,64,55041
0.000000e+00,3.511157e-08,-8.601245e-09,3.065894e-07,0.000000e+00,0.000000e+00,0.000000e+00,-1.394936e+07,5.838776e+06,-9.858259e+07,5.734366e-18,65,0
5.404545e-10,3.617442e-04,-1.522908e-04,2.500825e-03,6.695126e+05,-2.818849e+05,4.628262e+06,-3.070607e-01,1.534694e-01,-1.989859e+00,5.734366e-18,65,2378
5.401591e-09,3.616442e-03,-1.522624e-03,2.500012e-02,6.695388e+05,-2.818980e+05,4.628432e+06,-2.906819e-03,1.461161e-03,-2.007905e-02,5.734366e-18,65,23767
0.000000e+00,-6.050654e-09,-1.341862e-08,1.300787e-07,0.000000e+00,0.000000e+00,0.000000e+00,2.475795e+07,6.248698e+07,-5.656930e+08,1.264706e-17,66,0
1.106818e-10,-1.095267e-04,-2.764570e-04,2.502629e-03,-9.895197e+05,-2.497670e+06,2.261009e+07,7.921044e-02,2.135068e-01,-1.860927e+00,1.264706e-17,66,487
1.105909e-09,-1.094325e-03,-2.762210e-03,2.500484e-02,-9.895211e+05,-2.497674e+06,2.261013e+07,7.943411e-04,2.125603e-03,-1.865305e-02,1.264706e-17,66,4866
0.000000e+00,1.729703e-07,-8.328803e-08,6.142132e-07,0.000000e+00,0.000000e+00,0.000000e+00,-1.937349e+07,6.850528e+06,-3.442243e+07,2.887756e-18,67,0
1.041591e-09,1.425901e-03,-4.647231e-04,2.500221e-03,1.369817e+06,-4.464487e+05,2.401407e+06,-6.647677e-01,2.421238e-01,-1.001019e+00,2.887756e-18,67,4583
1.041068e-08,1.426069e-02,-4.647850e-03,2.500050e-02,1.369926e+06,-4.464884e+05,2.401572e+06,-5.470401e-03,1.697435e-03,-1.100172e-02,2.887756e-18,67,45807
0.000000e+00,-2.689714e-08,1.453409e-07,6.035953e-07,0.000000e+00,0.000000e+00,0.000000e+00,-7.800340e+06,1.680256e+06,-4.457999e+07,3.025990e-18,68,0
8.418182e-10,3.233788e-04,7.009089e-05,2.500521e-03,3.844372e+05,8.317255e+04,2.971966e+06,-2.468526e-01,-2.414310e-02,-1.828484e+00,3.025990e-18,68,3704
8.412045e-09,3.233862e-03,6.997461e-04,2.500050e-02,3.844701e+05,8.317578e+04,2.972210e+06,-2.499565e-03,-1.588809e-04,-1.906762e-02,3.025990e-18,68,37013
0.000000e+00,3.690615e-09,2.597617e-07,4.675751e-07,0.000000e+00,0.000000e+00,0.000000e+00,1.182197e+06,-2.591713e+07,-2.832201e+07,3.407877e-18,69,0
1.367500e-09,-7.720319e-05,2.616382e-03,2.500241e-03,-5.648031e+04,1.914365e+06,1.828889e+06,1.195645e-02,-6.249944e-01,-4.066718e-01,3.407877e-18,69,6017
1.366955e-08,-7.720527e-04,2.616836e-02,2.500021e-02,-5.648286e+04,1.914499e+06,1.828978e+06,1.829196e-04,-5.521888e-03,-5.271829e-03,3.407877e-18,69,60146
0.000000e+00,1.751940e-07,4.239169e-08,5.730979e-07,0.000000e+00,0.000000e+00,0.000000e+00,-1.784020e+07,-4.667134e+06,-3.572673e+07,3.094680e-18,70,0
1.053636e-09,1.322565e-03,3.853425e-04,2.500536e-03,1.256097e+06,3.660241e+05,2.374277e+06,-6.658108e-01,-2.110529e-01,-9.875853e-01,3.094680e-18,70,4636
1.052955e-08,1.322609e-02,3.854029e-03,2.500026e-02,1.256207e+06,3.660592e+05,2.374443e+06,-5.255585e-03,-1.553081e-03,-1.147065e-02,3.094680e-18,70,46330
0.000000e+00,-1.540550e-07,7.327456e-08,4.255069e-07,0.000000e+00,0.000000e+00,0.000000e+00,2.326207e+07,-1.369211e+07,-4.391818e+07,4.014906e-18,71,0
1.000000e-09,-1.575949e-03,8.709279e-04,2.500522e-03,-1.576800e+06,8.714285e+05,2.501458e+06,6.571074e-01,-3.895404e-01,-9.094402e-01,4.014906e-18,71,4400
9.994318e-09,-1.575896e-02,8.709291e-03,2.500050e-02,-1.576904e+06,8.714900e+05,2.501602e+06,5.574696e-03,-3.434342e-03,-9.811494e-03,4.014906e-18,71,43975
0.000000e+00,7.607401e-08,-1.396328e-07,2.100474e-07,0.000000e+00,0.000000e+00,0.000000e+00,-4.833975e+07,8.018946e+07,-1.032782e+08,6.516516e-18,72,0
5.672727e-10,1.168544e-03,-1.945697e-03,2.500337e-03,2.060104e+06,-3.430201e+06,4.407916e+06,-3.816363e-01,6.619615e-01,-7.855719e-01,6.516516e-18,72,2496
5.671591e-09,1.168412e-02,-1.945478e-02,2.500004e-02,2.060139e+06,-3.430260e+06,4.407986e+06,-3.758828e-03,6.518179e-03,-7.932583e-03,6.516516e-18,72,24955
0.000000e+00,2.372506e-07,8.957430e-08,2.909475e-07,0.000000e+00,0.000000e+00,0.000000e+00,-5.491263e+07,-2.060863e+07,-4.523407e+07,4.546699e-18,73,0
1.138636e-09,3.240892e-03,1.213827e-03,2.500426e-03,2.846998e+06,1.066297e+06,2.196249e+06,-5.255886e-01,-1.954492e-01,-2.918370e-01,4.546699e-18,73,5010
1.138318e-08,3.240789e-02,1.213785e-02,2.500044e-02,2.847092e+06,1.066332e+06,2.196301e+06,-4.533506e-03,-1.714286e-03,-3.296178e-03,4.546699e-18,73,50086
0.000000e+00,-4.594367e-08,-1.913627e-08,1.183209e-07,0.000000e+00,0.000000e+00,0.000000e+00,2.183186e+08,9.078914e+07,-5.415268e+08,1.287698e-17,74,0
1.156818e-10,-1.009368e-03,-4.197538e-04,2.503590e-03,-8.725063e+06,-3.628389e+06,2.164121e+07,6.013149e-01,2.511540e-01,-1.451718e+00,1.287698e-17,74,509
1.155227e-09,-1.007948e-02,-4.191633e-03,2.500063e-02,-8.725074e+06,-3.628394e+06,2.164124e+07,6.009113e-03,2.511886e-03,-1.456450e-02,1.287698e-17,74,5083
0.000000e+00,-1.388128e-07,-7.718341e-08,4.979185e-07,0.000000e+00,0.000000e+00,0.000000e+00,1.707140e+07,1.258205e+07,-3.844911e+07,3.573859e-18,75,0
1.063409e-09,-1.332965e-03,-1.001800e-03,2.500000e-03,-1.254288e+06,-9.427673e+05,2.351904e+06,5.764975e-01,4.799110e-01,-9.047771e-01,3.573859e-18,75,4679
1.062977e-08,-1.333270e-02,-1.002129e-02,2.500037e-02,-1.254384e+06,-9.428478e+05,2.352056e+06,4.558383e-03,3.932730e-03,-1.013158e-02,3.573859e-18,75,46771
0.000000e+00,1.324053e-07,-1.265884e-07,2.605515e-07,0.000000e+00,0.000000e+00,0.000000e+00,-4.450727e+07,4.697947e+07,-7.480825e+07,5.488291e-18,76,0
7.304545e-10,1.523849e-03,-1.610399e-03,2.500172e-03,2.086559e+06,-2.205100e+06,3.423241e+06,-5.330823e-01,5.776324e-01,-7.774843e-01,5.488291e-18,76,3214
7.303182e-09,1.523857e-02,-1.610428e-02,2.500069e-02,2.086620e+06,-2.205167e+06,3.423331e+06,-5.189183e-03,5.595629e-03,-7.965799e-03,5.488291e-18,76,32134
0.000000e+00,-9.269311e-08,-2.129569e-07,4.559003e-07,0.000000e+00,0.000000e+00,0.000000e+00,1.145433e+07,2.885075e+07,-3.847229e+07,3.578571e-18,77,0
1.261364e-09,-9.106569e-04,-2.184045e-03,2.500411e-03,-7.223281e+05,-1.732471e+06,1.982883e+06,2.376775e-01,6.219010e-01,-5.032584e-01,3.578571e-18,77,5550
1.260795e-08,-9.107062e-03,-2.184284e-02,2.500031e-02,-7.223753e+05,-1.732594e+06,1.982984e+06,2.147556e-03,5.302126e-03,-6.173389e-03,3.578571e-18,77,55475
0.000000e+00,9.413509e-08,-2.581168e-07,4.319805e-07,0.000000e+00,0.000000e+00,0.000000e+00,-1.219597e+07,3.590017e+07,-3.306706e+07,3.539321e-18,78,0
1.337955e-09,1.035655e-03,-2.994523e-03,2.500235e-03,7.743824e+05,-2.239053e+06,1.869029e+06,-1.912401e-01,5.412957e-01,-3.002005e-01,3.539321e-18,78,5887
1.337591e-08,1.035804e-02,-2.994928e-02,2.500016e-02,7.744227e+05,-2.239167e+06,1.869093e+06,-1.567601e-03,4.583395e-03,-3.809335e-03,3.539321e-18,78,58854
0.000000e+00,-6.808663e-09,-6.888460e-08,5.418994e-07,0.000000e+00,0.000000e+00,0.000000e+00,-7.363790e+06,1.449336e+07,-4.204082e+07,3.469571e-18,79,0
9.270455e-10,4.043120e-04,-8.556740e-04,2.500043e-03,4.364801e+05,-9.237394e+05,2.698087e+06,-2.686759e-01,6.122452e-01,-1.367317e+00,3.469571e-18,79,4079
9.265909e-09,4.044331e-03,-8.559229e-03,2.500040e-02,4.365194e+05,-9.238289e+05,2.698287e+06,-2.025474e-03,5.405373e-03,-1.487264e-02,3.469571e-18,79,40770
0.000000e+00,1.357756e-07,-1.880135e-07,4.420196e-07,0.000000e+00,0.000000e+00,0.000000e+00,-1.654731e+07,2.565626e+07,-3.727831e+07,3.668238e-18,80,0
1.165227e-09,1.333336e-03,-1.963565e-03,2.500432e-03,1.144875e+06,-1.685986e+06,2.146546e+06,-4.010916e-01,5.709462e-01,-5.867159e-01,3.668238e-18,80,5127
1.164659e-08,1.333383e-02,-1.963591e-02,2.500010e-02,1.144949e+06,-1.686091e+06,2.146655e+06,-3.376581e-03,4.838751e-03,-6.718858e-03,3.668238e-18,80,51245
0.000000e+00,5.704635e-08,7.066224e-08,5.570294e-07,0.000000e+00,0.000000e+00,0.000000e+00,-7.472880e+06,-8.439771e+06,-3.747086e+07,3.329610e-18,81,0
1.045455e-09,6.527777e-04,6.030589e-04,2.500099e-03,6.249727e+05,5.772527e+05,2.392620e+06,-4.167373e-01,-3.247533e-01,-1.149140e+00,3.329610e-18,81,4600
1.044886e-08,6.530187e-03,6.031619e-03,2.500036e-02,6.250414e+05,5.773062e+05,2.392810e+06,-3.253719e-03,-2.897918e-03,-1.385739e-02,3.329610e-18,81,45975
0.000000e+00,1.792466e-07,-2.255492e-07,4.532224e-07,0.000000e+00,0.000000e+00,0.000000e+00,-2.015232e+07,2.946858e+07,-3.326027e+07,3.375399e-18,82,0
1.280455e-09,1.729745e-03,-2.371748e-03,2.500089e-03,1.351515e+06,-1.853058e+06,1.952933e+06,-3.916692e-01,4.933723e-01,-3.802008e-01,3.375399e-18,82,5634
1.280136e-08,1.730118e-02,-2.372161e-02,2.500039e-02,1.351594e+06,-1.853158e+06,1.953011e+06,-3.167313e-03,4.220576e-03,-4.564887e-03,3.375399e-18,82,56326
0.000000e+00,-3.596530e-08,-2.475514e-07,2.681003e-07,0.000000e+00,0.000000e+00,0.000000e+00,9.960695e+06,6.322489e+07,-4.669626e+07,4.766920e-18,83,0
1.125909e-09,-5.557347e-04,-3.591141e-03,2.500124e-03,-4.936919e+05,-3.190247e+06,2.220778e+06,7.952194e-02,5.332257e-01,-2.718013e-01,4.766920e-18,83,4954
1.125727e-08,-5.557625e-03,-3.591349e-02,2.500004e-02,-4.937060e+05,-3.190342e+06,2.220826e+06,6.668811e-04,4.655721e-03,-3.007975e-03,4.766920e-18,83,49532
0.000000e+00,-2.869473e-08,1.247375e-07,2.346753e-07,0.000000e+00,0.000000e+00,0.000000e+00,1.607172e+07,-7.317183e+07,-1.179070e+08,6.472458e-18,84,0
4.984091e-10,-3.436281e-04,1.566847e-03,2.500674e-03,-6.895131e+05,3.144006e+06,5.017639e+06,1.721328e-01,-7.954451e-01,-1.140068e+00,6.472458e-18,84,2193
4.982500e-09,-3.435518e-03,1.566509e-02,2.500056e-02,-6.895267e+05,3.144068e+06,5.017729e+06,1.687075e-03,-7.779464e-03,-1.161638e-02,6.472458e-18,84,21923
0.000000e+00,-5.124380e-08,1.556057e-07,4.035737e-07,0.000000e+00,0.000000e+00,0.000000e+00,1.284615e+07,-2.608014e+07,-4.551391e+07,4.201009e-18,85,0
9.659091e-10,-6.085640e-04,1.688389e-03,2.500305e-03,-6.302769e+05,1.748945e+06,2.589475e+06,2.071894e-01,-7.486993e-01,-8.834259e-01,4.201009e-18,85,4250
9.654545e-09,-6.085038e-03,1.688516e-02,2.500028e-02,-6.303085e+05,1.749059e+06,2.589611e+06,2.177733e-03,-6.729142e-03,-9.774921e-03,4.201009e-18,85,42480
0.000000e+00,-7.050353e-08,1.270488e-07,4.584358e-07,0.000000e+00,0.000000e+00,0.000000e+00,9.519758e+06,-1.944384e+07,-4.545676e+07,3.860961e-18,86,0
9.527273e-10,-6.238211e-04,1.243071e-03,2.500305e-03,-6.551677e+05,1.305625e+06,2.625510e+06,3.228279e-01,-7.106125e-01,-1.148352e+00,3.860961e-18,86,4192
9.522045e-09,-6.238506e-03,1.243215e-02,2.500036e-02,-6.552162e+05,1.305732e+06,2.625683e+06,2.862062e-03,-6.144874e-03,-1.218215e-02,3.860961e-18,86,41897
0.000000e+00,1.798049e-07,-4.286153e-08,4.373224e-07,0.000000e+00,0.000000e+00,0.000000e+00,-2.904422e+07,4.889435e+06,-4.342597e+07,3.857817e-18,87,0
1.018636e-09,1.918369e-03,-3.499775e-04,2.500508e-03,1.884287e+06,-3.437470e+05,2.455582e+06,-7.707705e-01,1.354294e-01,-8.035675e-01,3.857817e-18,87,4482
1.018091e-08,1.918366e-02,-3.499646e-03,2.500020e-02,1.884411e+06,-3.437687e+05,2.455711e+06,-6.928826e-03,1.187984e-03,-8.799411e-03,3.857817e-18,87,44796
0.000000e+00,-4.901084e-08,4.633104e-08,3.395939e-07,0.000000e+00,0.000000e+00,0.000000e+00,1.485963e+07,-1.279355e+07,-7.897597e+07,5.175119e-18,88,0
6.243182e-10,-4.849629e-04,4.232233e-04,2.500126e-03,-7.770739e+05,6.781494e+05,4.005746e+06,3.905013e-01,-3.480267e-01,-1.844622e+00,5.175119e-18,88,2747
6.241136e-09,-4.849824e-03,4.232425e-03,2.500052e-02,-7.771124e+05,6.781838e+05,4.005928e+06,3.872846e-03,-3.439807e-03,-1.874993e-02,5.175119e-18,88,27461
0.000000e+00,-2.149728e-07,-1.690081e-08,4.296681e-07,0.000000e+00,0.000000e+00,0.000000e+00,3.407767e+07,6.184879e+06,-3.912919e+07,3.813817e-18,89,0
1.126136e-09,-2.457045e-03,-4.552784e-04,2.500206e-03,-2.182860e+06,-4.044767e+05,2.220759e+06,7.005861e-01,1.205106e-01,-5.547124e-01,3.813817e-18,89,4955
1.125750e-08,-2.457343e-02,-4.553358e-03,2.500035e-02,-2.182984e+06,-4.044980e+05,2.220858e+06,5.933140e-03,9.492837e-04,-6.143298e-03,3.813817e-18,89,49533
0.000000e+00,4.069648e-08,-7.249017e-08,3.153483e-07,0.000000e+00,0.000000e+00,0.000000e+00,-1.282920e+07,2.479687e+07,-8.488048e+07,5.445924e-18,90,0
6.047727e-10,3.934297e-04,-7.576676e-04,2.500857e-03,6.507433e+05,-1.253216e+06,4.136226e+06,-2.964648e-01,5.779829e-01,-1.726886e+00,5.445924e-18,90,2661
6.044318e-09,3.933305e-03,-7.574840e-03,2.500079e-02,6.507716e+05,-1.253271e+06,4.136392e+06,-2.947260e-03,5.647282e-03,-1.746527e-02,5.445924e-18,90,26595
0.000000e+00,-7.295869e-08,-1.166960e-07,3.670886e-07,0.000000e+00,0.000000e+00,0.000000e+00,1.192530e+07,2.265903e+07,-5.682588e+07,4.621474e-18,91,0
7.861364e-10,-5.247678e-04,-1.055574e-03,2.500721e-03,-6.678292e+05,-1.343390e+06,3.182289e+06,3.346316e-01,6.705973e-01,-1.454758e+00,4.621474e-18,91,3459
7.856136e-09,-5.246563e-03,-1.055383e-02,2.500056e-02,-6.678707e+05,-1.343473e+06,3.182470e+06,3.143791e-03,6.502301e-03,-1.485892e-02,4.621474e-18,91,34567
0.000000e+00,-1.334454e-07,1.114721e-07,5.002800e-07,0.000000e+00,0.000000e+00,0.000000e+00,1.404475e+07,-1.357621e+07,-3.924568e+07,3.524244e-18,92,0
1.050000e-09,-1.042400e-03,9.821433e-04,2.500331e-03,-9.934765e+05,9.360976e+05,2.382264e+06,5.424991e-01,-5.449394e-01,-9.528028e-01,3.524244e-18,92,4620
1.049432e-08,-1.042581e-02,9.823652e-03,2.500043e-02,-9.935662e+05,9.361877e+05,2.382423e+06,4.543409e-03,-4.294835e-03,-1.093183e-02,3.524244e-18,92,46175
0.000000e+00,2.111685e-07,-1.457417e-07,5.228604e-07,0.000000e+00,0.000000e+00,0.000000e+00,-2.265209e+07,1.376168e+07,-3.279871e+07,3.142609e-18,93,0
1.211136e-09,1.920887e-03,-1.113285e-03,2.500332e-03,1.586948e+06,-9.197074e+05,2.065084e+06,-6.091846e-01,3.443307e-01,-5.609897e-01,3.142609e-18,93,5329
1.210614e-08,1.921173e-02,-1.113409e-02,2.500039e-02,1.587064e+06,-9.197731e+05,2.065192e+06,-5.015772e-03,3.022315e-03,-6.799258e-03,3.142609e-18,93,53267
0.000000e+00,-1.811559e-07,2.130931e-07,3.509566e-07,0.000000e+00,0.000000e+00,0.000000e+00,2.959641e+07,-3.460320e+07,-3.467160e+07,3.959082e-18,94,0
1.355909e-09,-2.364826e-03,2.750003e-03,2.500353e-03,-1.744675e+06,2.028822e+06,1.844307e+06,3.419996e-01,-3.856016e-01,-2.376741e-01,3.959082e-18,94,5966
1.355523e-08,-2.364940e-02,2.750108e-02,2.500016e-02,-1.744747e+06,2.028904e+06,1.844359e+06,2.761794e-03,-3.286747e-03,-2.933234e-03,3.959082e-18,94,59643
0.000000e+00,1.182352e-07,-4.778356e-08,1.963464e-07,0.000000e+00,0.000000e+00,0.000000e+00,-9.992390e+07,4.184024e+07,-1.436965e+08,7.290342e-18,95,0
4.218182e-10,1.745481e-03,-7.313464e-04,2.500008e-03,4.138142e+06,-1.733865e+06,5.926833e+06,-7.334790e-01,3.141551e-01,-9.567957e-01,7.290342e-18,95,1856
4.218182e-09,1.745553e-02,-7.313795e-03,2.500062e-02,4.138191e+06,-1.733886e+06,5.926897e+06,-7.312262e-03,3.138630e-03,-9.691271e-03,7.290342e-18,95,18560
0.000000e+00,-2.569485e-09,-9.942099e-08,1.509771e-07,0.000000e+00,0.000000e+00,0.000000e+00,3.824175e+06,1.735077e+08,-2.401251e+08,9.271662e-18,96,0
2.588636e-10,-3.984547e-05,-1.809042e-03,2.502012e-03,-1.539200e+05,-6.988275e+06,9.665124e+06,1.571203e-02,7.721258e-01,-1.004142e+00,9.271662e-18,96,1139
2.586818e-09,-3.981655e-04,-1.807749e-02,2.500206e-02,-1.539206e+05,-6.988307e+06,9.665165e+06,1.643280e-04,7.690044e-03,-1.007977e-02,9.271662e-18,96,11382
0.000000e+00,1.408731e-07,-8.110616e-09,4.358305e-07,0.000000e+00,0.000000e+00,0.000000e+00,-2.404904e+07,-1.184963e+06,-4.847889e+07,4.013425e-18,97,0
9.061364e-10,1.380664e-03,1.268869e-04,2.500063e-03,1.524599e+06,1.401616e+05,2.760172e+06,-7.896223e-01,-8.245192e-02,-1.188678e+00,4.013425e-18,97,3987
9.057500e-09,1.380899e-02,1.269474e-03,2.500038e-02,1.524712e+06,1.401734e+05,2.760342e+06,-7.490236e-03,-7.661012e-04,-1.263099e-02,4.013425e-18,97,39853
0.000000e+00,-6.144192e-08,-1.910268e-07,2.076954e-07,0.000000e+00,0.000000e+00,0.000000e+00,3.092815e+07,8.967072e+07,-7.735942e+07,5.946669e-18,98,0
7.495455e-10,-1.018787e-03,-2.945834e-03,2.500719e-03,-1.359356e+06,-3.930553e+06,3.336500e+06,2.108898e-01,5.885592e-01,-4.210299e-01,5.946669e-18,98,3298
7.492955e-09,-1.018562e-02,-2.945155e-02,2.500038e-02,-1.359381e+06,-3.930623e+06,3.336550e+06,2.002763e-03,5.754020e-03,-4.321001e-03,5.946669e-18,98,32969
0.000000e+00,1.159883e-07,-2.963750e-08,1.717780e-07,0.000000e+00,0.000000e+00,0.000000e+00,-1.334380e+08,3.207080e+07,-1.708653e+08,8.076719e-18,99,0
3.597727e-10,1.957841e-03,-4.703248e-04,2.501495e-03,5.441935e+06,-1.307289e+06,6.952943e+06,-7.636679e-01,1.790744e-01,-8.906978e-01,8.076719e-18,99,1583
3.595682e-09,1.956757e-02,-4.700619e-03,2.500072e-02,5.441979e+06,-1.307299e+06,6.952994e+06,-7.523181e-03,1.778495e-03,-8.960371e-03,8.076719e-18,99,15821
0.000000e+00,1.125915e-07,1.022844e-07,6.033423e-07,0.000000e+00,0.000000e+00,0.000000e+00,-1.185015e+07,-1.020187e+07,-3.572890e+07,2.994339e-18,100,0
1.034545e-09,9.248061e-04,7.609973e-04,2.500356e-03,8.945037e+05,7.361572e+05,2.417956e+06,-4.388463e-01,-4.398783e-01,-1.075559e+00,2.994339e-18,100,4552
1.033932e-08,9.248511e-03,7.611326e-03,2.500024e-02,8.945753e+05,7.362289e+05,2.418132e+06,-4.231003e-03,-3.592270e-03,-1.247001e-02,2.994339e-18,100,45493
0.000000e+00,9.138931e-09,-1.809158e-07,2.942676e-07,0.000000e+00,0.000000e+00,0.000000e+00,-1.003509e+07,4.600902e+07,-6.445213e+07,5.121859e-18,101,0
7.809091e-10,3.985954e-04,-1.886964e-03,2.500017e-03,5.106208e+05,-2.417116e+06,3.202154e+06,-1.813609e-01,8.256786e-01,-9.436643e-01,5.121859e-18,101,3436
7.807273e-09,3.986533e-03,-1.887109e-02,2.500019e-02,5.106431e+05,-2.417218e+06,3.202271e+06,-1.753503e-03,7.918580e-03,-9.693441e-03,5.121859e-18,101,34352
0.000000e+00,4.080452e-08,1.361261e-07,6.249569e-07,0.000000e+00,0.000000e+00,0.000000e+00,-3.073644e+06,-1.205626e+07,-3.825019e+07,2.917887e-18,102,0
9.534091e-10,2.330705e-04,8.415594e-04,2.500037e-03,2.446456e+05,8.833523e+05,2.623592e+06,-1.594075e-01,-5.878186e-01,-1.439318e+00,2.917887e-18,102,4195
9.528864e-09,2.331188e-03,8.417335e-03,2.500007e-02,2.446696e+05,8.834408e+05,2.623809e+06,-1.595758e-03,-5.198000e-03,-1.532169e-02,2.917887e-18,102,41927
0.000000e+00,2.271604e-07,-7.809266e-08,4.749022e-07,0.000000e+00,0.000000e+00,0.000000e+00,-2.889067e+07,1.030917e+07,-3.516709e+07,3.432130e-18,103,0
1.221364e-09,2.382865e-03,-8.160328e-04,2.500062e-03,1.952019e+06,-6.684219e+05,2.047462e+06,-6.596894e-01,1.894342e-01,-4.704596e-01,3.432130e-18,103,5374
1.221023e-08,2.383450e-02,-8.161561e-03,2.500017e-02,1.952146e+06,-6.684583e+05,2.047553e+06,-5.376900e-03,1.758260e-03,-5.658687e-03,3.432130e-18,103,53725
0.000000e+00,9.344369e-08,1.062352e-09,2.026331e-07,0.000000e+00,0.000000e+00,0.000000e+00,-8.829137e+07,-1.270079e+06,-1.729348e+08,7.642343e-18,104,0
3.522727e-10,1.280199e-03,1.844162e-05,2.500665e-03,3.634210e+06,5.235254e+04,7.098743e+06,-7.556907e-01,-1.047366e-02,-1.376217e+00,7.642343e-18,104,1550
3.521818e-09,1.279910e-02,1.843769e-04,2.500065e-02,3.634252e+06,5.235313e+04,7.098820e+06,-7.498992e-03,-1.229986e-04,-1.382825e-02,7.642343e-18,104,15496
0.000000e+00,-1.705776e-07,4.470317e-08,5.067449e-07,0.000000e+00,0.000000e+00,0.000000e+00,2.015994e+07,-5.084031e+06,-4.146639e+07,3.482298e-18,105,0
9.643182e-10,-1.306907e-03,3.228644e-04,2.500307e-03,-1.356108e+06,3.350797e+05,2.594070e+06,7.144199e-01,-2.321386e-01,-1.234980e+00,3.482298e-18,105,4243
9.637500e-09,-1.306946e-02,3.229325e-03,2.500050e-02,-1.356216e+06,3.351150e+05,2.594259e+06,6.258254e-03,-1.860039e-03,-1.309857e-02,3.482298e-18,105,42405
0.000000e+00,5.588461e-08,1.228456e-07,5.612666e-07,0.000000e+00,0.000000e+00,0.000000e+00,-7.809442e+06,-1.002238e+07,-3.479574e+07,3.247005e-18,106,0
1.088864e-09,6.061217e-04,8.025885e-04,2.500515e-03,5.571202e+05,7.377022e+05,2.297639e+06,-3.355765e-01,-4.684314e-01,-1.067071e+00,3.247005e-18,106,4791
1.088068e-08,6.061809e-03,8.026686e-03,2.500007e-02,5.571778e+05,7.377825e+05,2.297824e+06,-2.855041e-03,-3.920619e-03,-1.295153e-02,3.247005e-18,106,47875
0.000000e+00,1.273718e-07,-1.313082e-08,2.202534e-07,0.000000e+00,0.000000e+00,0.000000e+00,-8.464891e+07,6.868738e+06,-1.263222e+08,6.750919e-18,107,0
4.709091e-10,1.686860e-03,-1.363405e-04,2.500078e-03,3.582400e+06,-2.895383e+05,5.309294e+06,-8.090106e-01,6.027233e-02,-1.088666e+00,6.750919e-18,107,2072
4.708864e-09,1.686912e-02,-1.363406e-03,2.500091e-02,3.582460e+06,-2.895428e+05,5.309375e+06,-8.059548e-03,6.078950e-04,-1.102522e-02,6.750919e-18,107,20719
0.000000e+00,2.902234e-07,3.852242e-08,4.121259e-07,0.000000e+00,0.000000e+00,0.000000e+00,-3.618441e+07,-4.451760e+06,-3.189449e+07,3.543379e-18,108,0
1.377500e-09,3.201938e-03,3.944190e-04,2.500160e-03,2.325445e+06,2.864471e+05,1.815353e+06,-5.662041e-01,-6.835909e-02,-2.930433e-01,3.543379e-18,108,6061
1.377136e-08,3.202445e-02,3.944757e-03,2.500005e-02,2.325568e+06,2.864619e+05,1.815417e+06,-4.722998e-03,-5.568443e-04,-3.677687e-03,3.543379e-18,108,60594
0.000000e+00,-8.067016e-08,2.064847e-08,5.627198e-07,0.000000e+00,0.000000e+00,0.000000e+00,2.822463e+07,-2.110465e+07,-3.463017e+07,3.343717e-18,109,0
1.091136e-09,-1.843255e-03,1.339896e-03,2.500442e-03,-1.690242e+06,1.228639e+06,2.292253e+06,6.370482e-01,-4.235778e-01,-6.563902e-01,3.343717e-18,109,4801
1.090636e-08,-1.843426e-02,1.339986e-02,2.500035e-02,-1.690352e+06,1.228712e+06,2.292367e+06,5.075123e-03,-3.779192e-03,-7.389999e-03,3.343717e-18,109,47988
0.000000e+00,2.496804e-08,-9.087022e-08,6.127428e-07,0.000000e+00,0.000000e+00,0.000000e+00,-9.215872e+06,1.198385e+07,-3.956003e+07,3.055217e-18,110,0
9.531818e-10,5.680490e-04,-7.276232e-04,2.500153e-03,5.963806e+05,-7.637792e+05,2.624207e+06,-3.494525e-01,3.810953e-01,-1.348096e+00,3.055217e-18,110,4194
9.526818e-09,5.681572e-03,-7.276395e-03,2.500059e-02,5.964331e+05,-7.638365e+05,2.624411e+06,-2.582403e-03,3.361947e-03,-1.483887e-02,3.055217e-18,110,41918
0.000000e+00,1.952413e-08,-2.380157e-07,4.459072e-07,0.000000e+00,0.000000e+00,0.000000e+00,-1.742421e+06,3.120045e+07,-4.176669e+07,3.619879e-18,111,0
1.036818e-09,6.316283e-05,-2.303830e-03,2.500100e-03,6.093865e+04,-2.223025e+06,2.411967e+06,-2.699357e-02,7.553663e-01,-6.598113e-01,3.619879e-18,111,4562
1.036500e-08,6.316437e-04,-2.304157e-02,2.500020e-02,6.094306e+04,-2.223149e+06,2.412075e+06,-2.424937e-04,6.645359e-03,-7.250568e-03,3.619879e-18,111,45606
0.000000e+00,-3.100337e-08,-1.741147e-07,3.697072e-07,0.000000e+00,0.000000e+00,0.000000e+00,7.738733e+06,3.055638e+07,-5.150361e+07,4.426485e-18,112,0
8.975000e-10,-2.511461e-04,-1.683443e-03,2.500489e-03,-2.798775e+05,-1.876666e+06,2.787021e+06,1.094610e-01,8.555971e-01,-1.034602e+00,4.426485e-18,112,3949
8.970227e-09,-2.510624e-03,-1.683407e-02,2.500033e-02,-2.798929e+05,-1.876787e+06,2.787168e+06,1.296828e-03,7.782868e-03,-1.099566e-02,4.426485e-18,112,39469
0.000000e+00,2.187447e-07,-1.797403e-07,4.807013e-07,0.000000e+00,0.000000e+00,0.000000e+00,-2.538388e+07,1.820264e+07,-3.239535e+07,3.255890e-18,113,0
1.292045e-09,2.230590e-03,-1.621123e-03,2.500237e-03,1.727210e+06,-1.255215e+06,1.935578e+06,-4.922592e-01,3.297655e-01,-4.147994e-01,3.255890e-18,113,5685
1.291614e-08,2.230880e-02,-1.621250e-02,2.500039e-02,1.727310e+06,-1.255282e+06,1.935663e+06,-4.149493e-03,2.757951e-03,-5.063533e-03,3.255890e-18,113,56831
0.000000e+00,-1.157281e-08,-2.612007e-07,4.035209e-07,0.000000e+00,0.000000e+00,0.000000e+00,1.950932e+06,3.976219e+07,-3.794595e+07,3.760831e-18,114,0
1.201364e-09,-1.707555e-04,-2.864993e-03,2.500298e-03,-1.422270e+05,-2.385704e+06,2.081645e+06,5.509585e-02,6.219268e-01,-4.050682e-01,3.760831e-18,114,5286
1.200977e-08,-1.708096e-03,-2.865171e-02,2.500026e-02,-1.422374e+05,-2.385822e+06,2.081722e+06,5.500976e-04,5.178665e-03,-4.772824e-03,3.760831e-18,114,52843
0.000000e+00,-2.729825e-08,1.705875e-08,2.833255e-07,0.000000e+00,0.000000e+00,0.000000e+00,1.350151e+07,-7.048234e+06,-1.174748e+08,6.156617e-18,115,0
4.800000e-10,-2.922739e-04,1.568111e-04,2.500858e-03,-6.090275e+05,3.267438e+05,5.210859e+06,2.669648e-01,-1.177283e-01,-1.953713e+00,6.156617e-18,115,2112
4.797727e-09,-2.921961e-03,1.567634e-03,2.500046e-02,-6.090478e+05,3.267528e+05,5.211008e+06,2.586637e-03,-1.389035e-03,-2.005533e-02,6.156617e-18,115,21110
0.000000e+00,-1.807801e-08,1.520917e-07,4.899263e-07,0.000000e+00,0.000000e+00,0.000000e+00,4.625846e+04,-1.846824e+07,-3.955813e+07,3.629452e-18,116,0
1.043636e-09,5.012566e-06,1.338009e-03,2.500477e-03,4.835735e+03,1.282963e+06,2.397032e+06,-1.211671e-02,-6.978063e-01,-1.035914e+00,3.629452e-18,116,4592
1.042955e-08,5.041588e-05,1.338067e-02,2.500013e-02,4.837718e+03,1.283078e+06,2.397204e+06,-3.521097e-05,-5.214654e-03,-1.182253e-02,3.629452e-18,116,45890
0.000000e+00,8.044523e-08,1.562327e-07,6.130729e-07,0.000000e+00,0.000000e+00,0.000000e+00,-1.147489e+07,-1.565715e+07,-3.570229e+07,2.914928e-18,117,0
1.032500e-09,9.169876e-04,1.086422e-03,2.500071e-03,8.887621e+05,1.052982e+06,2.422413e+06,-4.582241e-01,-6.188368e-01,-1.038409e+00,2.914928e-18,117,4543
1.032023e-08,9.172141e-03,1.086701e-02,2.500008e-02,8.888367e+05,1.053083e+06,2.422583e+06,-3.723052e-03,-4.753447e-03,-1.141847e-02,2.914928e-18,117,45409
0.000000e+00,-8.797183e-08,-2.137111e-07,3.283527e-07,0.000000e+00,0.000000e+00,0.000000e+00,1.814646e+07,4.454728e+07,-4.632583e+07,4.436975e-18,118,0
1.038409e-09,-1.019150e-03,-2.577233e-03,2.500478e-03,-9.817591e+05,-2.482718e+06,2.408478e+06,2.456337e-01,6.393369e-01,-4.988121e-01,4.436975e-18,118,4569
1.038000e-08,-1.019065e-02,-2.577058e-02,2.500013e-02,-9.817993e+05,-2.482823e+06,2.408561e+06,2.123195e-03,5.566219e-03,-5.403127e-03,4.436975e-18,118,45672
0.000000e+00,3.251633e-08,8.663654e-08,3.835947e-07,0.000000e+00,0.000000e+00,0.000000e+00,-1.038750e+07,-1.153239e+07,-6.522695e+07,4.620946e-18,119,0
6.977273e-10,4.376705e-04,5.085998e-04,2.500229e-03,6.276041e+05,7.292645e+05,3.584723e+06,-3.471174e-01,-4.145403e-01,-1.788138e+00,4.620946e-18,119,3070
6.974091e-09,4.376941e-03,5.085967e-03,2.500027e-02,6.276424e+05,7.293103e+05,3.584920e+06,-3.442672e-03,-4.070895e-03,-1.830072e-02,4.620946e-18,119,30686
0.000000e+00,-3.522117e-08,1.725372e-07,6.090903e-07,0.000000e+00,0.000000e+00,0.000000e+00,4.885548e+06,-1.964015e+07,-3.571479e+07,2.943746e-18,120,0
1.052727e-09,-3.391623e-04,1.434455e-03,2.500501e-03,-3.224062e+05,1.363534e+06,2.376207e+06,1.772524e-01,-7.060849e-01,-9.566511e-01,2.943746e-18,120,4632
1.052091e-08,-3.391993e-03,1.434556e-02,2.500011e-02,-3.224356e+05,1.363651e+06,2.376367e+06,1.404320e-03,-5.775065e-03,-1.079011e-02,2.943746e-18,120,46292
0.000000e+00,3.284325e-08,3.544040e-08,5.924230e-07,0.000000e+00,0.000000e+00,0.000000e+00,-3.022976e+06,-8.602969e+05,-3.769342e+07,3.184800e-18,121,0
9.818182e-10,1.249102e-04,-1.806104e-05,2.500481e-03,1.273071e+05,-1.850768e+04,2.548263e+06,-8.497044e-02,5.627000e-02,-1.470964e+00,3.184800e-18,121,4320
9.810682e-09,1.248984e-03,-1.815266e-04,2.500042e-02,1.273203e+05,-1.851642e+04,2.548492e+06,-8.358251e-04,5.022885e-05,-1.664128e-02,3.184800e-18,121,43167
0.000000e+00,-7.267138e-08,-2.021337e-07,4.976696e-07,0.000000e+00,0.000000e+00,0.000000e+00,9.718866e+06,2.476903e+07,-3.522624e+07,3.406366e-18,122,0
1.193636e-09,-7.335785e-04,-1.882056e-03,2.500224e-03,-6.149406e+05,-1.577723e+06,2.095366e+06,2.461735e-01,6.638592e-01,-6.401517e-01,3.406366e-18,122,5252
1.193114e-08,-7.336915e-03,-1.882397e-02,2.500029e-02,-6.149868e+05,-1.577848e+06,2.095487e+06,2.027823e-03,5.383747e-03,-7.714843e-03,3.406366e-18,122,52497
0.000000e+00,-6.356826e-08,2.508797e-07,3.376729e-07,0.000000e+00,0.000000e+00,0.000000e+00,1.253945e+07,-4.761027e+07,-3.926216e+07,4.176491e-18,123,0
1.209545e-09,-8.294091e-04,3.198990e-03,2.500088e-03,-6.859267e+05,2.645605e+06,2.067326e+06,1.410491e-01,-5.532402e-01,-3.346060e-01,4.176491e-18,123,5322
1.209295e-08,-8.294872e-03,3.199314e-02,2.500022e-02,-6.859536e+05,2.645710e+06,2.067390e+06,1.166405e-03,-4.695022e-03,-3.779857e-03,4.176491e-18,123,53209
0.000000e+00,1.082520e-07,-2.467988e-07,2.977486e-07,0.000000e+00,0.000000e+00,0.000000e+00,-2.141174e+07,5.236912e+07,-3.993731e+07,4.386364e-18,124,0
1.270682e-09,1.446421e-03,-3.539937e-03,2.500280e-03,1.138587e+06,-2.786564e+06,1.967880e+06,-1.880871e-01,4.598076e-01,-2.197698e-01,4.386364e-18,124,5591
1.270409e-08,1.446471e-02,-3.540073e-02,2.500028e-02,1.138625e+06,-2.786656e+06,1.967925e+06,-1.534218e-03,3.835570e-03,-2.637490e-03,4.386364e-18,124,55898
0.000000e+00,1.413765e-07,6.163754e-08,4.055972e-07,0.000000e+00,0.000000e+00,0.000000e+00,-2.744349e+07,-1.247033e+07,-5.188140e+07,4.211648e-18,125,0
8.481818e-10,1.382420e-03,5.744807e-04,2.500112e-03,1.630639e+06,6.776062e+05,2.948634e+06,-7.413810e-01,-2.979399e-01,-1.161424e+00,4.211648e-18,125,3732
8.478636e-09,1.382557e-02,5.745176e-03,2.500051e-02,1.630739e+06,6.776461e+05,2.948790e+06,-7.007124e-03,-2.776908e-03,-1.210870e-02,4.211648e-18,125,37306
0.000000e+00,-1.767677e-08,-1.938157e-07,2.200532e-07,0.000000e+00,0.000000e+00,0.000000e+00,7.937306e+06,8.771042e+07,-7.666621e+07,5.869537e-18,126,0
7.484091e-10,-2.639813e-04,-2.917281e-03,2.500336e-03,-3.527664e+05,-3.898451e+06,3.341098e+06,6.085771e-02,6.675527e-01,-4.753000e-01,5.869537e-18,126,3293
7.482727e-09,-2.639663e-03,-2.917113e-02,2.500066e-02,-3.527736e+05,-3.898530e+06,3.341154e+06,5.616688e-04,6.469386e-03,-4.896828e-03,5.869537e-18,126,32924
0.000000e+00,1.943399e-07,-4.129995e-08,2.499168e-07,0.000000e+00,0.000000e+00,0.000000e+00,-6.975213e+07,1.202355e+07,-6.431662e+07,5.461497e-18,127,0
8.493182e-10,2.813051e-03,-4.838682e-04,2.500184e-03,3.312772e+06,-5.698086e+05,2.944091e+06,-6.845955e-01,1.114798e-01,-4.935960e-01,5.461497e-18,127,3737
8.491591e-09,2.813074e-02,-4.838595e-03,2.500015e-02,3.312864e+06,-5.698235e+05,2.944157e+06,-6.383474e-03,1.095989e-03,-5.116905e-03,5.461497e-18,127,37363
0.000000e+00,5.656745e-08,-2.611727e-07,4.607273e-07,0.000000e+00,0.000000e+00,0.000000e+00,-7.772105e+06,3.225283e+07,-3.624076e+07,3.419339e-18,128,0
1.176136e-09,5.737152e-04,-2.466659e-03,2.500000e-03,4.880057e+05,-2.098269e+06,2.126217e+06,-1.471122e-01,6.815954e-01,-5.463751e-01,3.419339e-18,128,5175
1.175795e-08,5.737943e-03,-2.467127e-02,2.500014e-02,4.880330e+05,-2.098395e+06,2.126319e+06,-1.252160e-03,5.806102e-03,-6.213457e-03,3.419339e-18,128,51735
0.000000e+00,1.406707e-07,1.799824e-07,4.728529e-07,0.000000e+00,0.000000e+00,0.000000e+00,-1.850918e+07,-2.869979e+07,-3.781583e+07,3.493729e-18,129,0
1.137273e-09,1.318250e-03,2.044163e-03,2.500489e-03,1.159683e+06,1.798373e+06,2.199216e+06,-3.928446e-01,-6.571489e-01,-5.362135e-01,3.493729e-18,129,5004
1.136773e-08,1.318294e-02,2.044334e-02,2.500029e-02,1.159754e+06,1.798491e+06,2.199313e+06,-3.182658e-03,-5.286215e-03,-6.355040e-03,3.493729e-18,129,50018
0.000000e+00,-1.503539e-07,-1.482765e-07,4.103117e-07,0.000000e+00,0.000000e+00,0.000000e+00,2.438857e+07,1.253487e+07,-5.271645e+07,3.964686e-18,130,0
8.415909e-10,-1.257115e-03,-6.912835e-04,2.500465e-03,-1.494479e+06,-8.217493e+05,2.972176e+06,7.242812e-01,4.011343e-01,-1.217463e+00,3.964686e-18,130,3703
8.411364e-09,-1.257058e-02,-6.912073e-03,2.500017e-02,-1.494575e+06,-8.218026e+05,2.972338e+06,6.693797e-03,3.964818e-03,-1.265159e-02,3.964686e-18,130,37010
0.000000e+00,-2.434110e-07,-1.065184e-07,4.809126e-07,0.000000e+00,0.000000e+00,0.000000e+00,3.050042e+07,1.336713e+07,-2.853887e+07,3.327764e-18,131,0
1.447727e-09,-2.844226e-03,-1.290450e-03,2.500101e-03,-1.965520e+06,-8.917890e+05,1.727293e+06,4.884087e-01,2.274498e-01,-3.036266e-01,3.327764e-18,131,6370
1.447341e-08,-2.844767e-02,-1.290717e-02,2.500003e-02,-1.965631e+06,-8.918408e+05,1.727364e+06,4.340879e-03,1.976572e-03,-3.913766e-03,3.327764e-18,131,63683
0.000000e+00,-9.019672e-08,-5.330803e-08,1.524832e-07,0.000000e+00,0.000000e+00,0.000000e+00,1.502250e+08,8.703309e+07,-2.320233e+08,9.081935e-18,132,0
2.677273e-10,-1.620710e-03,-9.389524e-04,2.501528e-03,-6.053484e+06,-3.507059e+06,9.343337e+06,6.618760e-01,3.825285e-01,-9.623616e-01,9.081935e-18,132,1178
2.675909e-09,-1.619866e-02,-9.384620e-03,2.500206e-02,-6.053512e+06,-3.507075e+06,9.343378e+06,6.611067e-03,3.816890e-03,-9.695059e-03,9.081935e-18,132,11774
0.000000e+00,-1.585508e-07,-2.833238e-08,3.881671e-07,0.000000e+00,0.000000e+00,0.000000e+00,3.187786e+07,7.720713e+06,-5.219933e+07,4.335256e-18,133,0
8.702273e-10,-1.717068e-03,-4.037463e-04,2.500587e-03,-1.974026e+06,-4.641611e+05,2.874368e+06,8.011192e-01,1.773957e-01,-9.912861e-01,4.335256e-18,133,3829
8.697727e-09,-1.716947e-02,-4.037125e-03,2.500059e-02,-1.974136e+06,-4.641855e+05,2.874505e+06,7.563487e-03,1.909505e-03,-1.031738e-02,4.335256e-18,133,38270
0.000000e+00,-9.586678e-08,1.787286e-07,3.330997e-07,0.000000e+00,0.000000e+00,0.000000e+00,2.320302e+07,-4.304563e+07,-4.843270e+07,4.574413e-18,134,0
9.968182e-10,-1.260241e-03,2.383075e-03,2.500270e-03,-1.264680e+06,2.391493e+06,2.508741e+06,3.367393e-01,-6.457800e-01,-5.285197e-01,4.574413e-18,134,4386
9.965227e-09,-1.260280e-02,2.383172e-02,2.500030e-02,-1.264733e+06,2.391595e+06,2.508824e+06,2.939953e-03,-5.726051e-03,-5.596256e-03,4.574413e-18,134,43847
0.000000e+00,6.962150e-08,-2.203476e-07,5.745839e-07,0.000000e+00,0.000000e+00,0.000000e+00,-4.699464e+06,2.274674e+07,-3.437518e+07,2.982915e-18,135,0
1.147727e-09,4.529339e-04,-1.875934e-03,2.500013e-03,3.948602e+05,-1.635454e+06,2.178985e+06,-1.571675e-01,6.868734e-01,-7.313012e-01,2.982915e-18,135,5050
1.147318e-08,4.530289e-03,-1.876380e-02,2.500016e-02,3.948887e+05,-1.635578e+06,2.179118e+06,-1.281882e-03,5.948274e-03,-8.393321e-03,2.982915e-18,135,50482
0.000000e+00,-2.165821e-07,6.463920e-08,4.167932e-07,0.000000e+00,0.000000e+00,0.000000e+00,3.426420e+07,-6.560358e+06,-3.941109e+07,3.853831e-18,136,0
1.123864e-09,-2.396829e-03,5.581876e-04,2.500432e-03,-2.133731e+06,4.969598e+05,2.225435e+06,7.367772e-01,-1.968717e-01,-5.391536e-01,3.853831e-18,136,4945
1.123386e-08,-2.396994e-02,5.582743e-03,2.500038e-02,-2.133861e+06,4.969946e+05,2.225531e+06,5.873263e-03,-1.310104e-03,-6.471650e-03,3.853831e-18,136,49429
0.000000e+00,-9.391803e-08,-6.401398e-08,6.003857e-07,0.000000e+00,0.000000e+00,0.000000e+00,1.103081e+07,8.665251e+06,-3.850204e+07,3.098993e-18,137,0
9.593182e-10,-7.672886e-04,-6.057215e-04,2.500239e-03,-8.003831e+05,-6.318546e+05,2.607569e+06,4.688112e-01,3.771569e-01,-1.351155e+00,3.098993e-18,137,4221
9.587500e-09,-7.673647e-03,-6.057886e-03,2.500028e-02,-8.004542e+05,-6.319117e+05,2.607774e+06,3.569090e-03,3.393050e-03,-1.473500e-02,3.098993e-18,137,42185
0.000000e+00,-3.555027e-11,-1.898509e-07,3.807369e-07,0.000000e+00,0.000000e+00,0.000000e+00,-3.737991e+06,3.489946e+07,-4.845271e+07,4.271761e-18,138,0
9.565909e-10,1.280946e-04,-1.772519e-03,2.500287e-03,1.339653e+05,-1.853867e+06,2.614661e+06,-4.888316e-02,8.091111e-01,-9.207323e-01,4.271761e-18,138,4209
9.561591e-09,1.280919e-03,-1.772591e-02,2.500043e-02,1.339727e+05,-1.853989e+06,2.614800e+06,-2.651567e-04,7.288391e-03,-9.946476e-03,4.271761e-18,138,42071
0.000000e+00,2.111354e-07,1.096722e-07,4.685173e-07,0.000000e+00,0.000000e+00,0.000000e+00,-2.509887e+07,-1.363326e+07,-3.682730e+07,3.475943e-18,139,0
1.144318e-09,1.741906e-03,1.145405e-03,2.500467e-03,1.523098e+06,1.001502e+06,2.185889e+06,-6.340201e-01,-3.735572e-01,-6.792583e-01,3.475943e-18,139,5035
1.143705e-08,1.741971e-02,1.145416e-02,2.500027e-02,1.523212e+06,1.001569e+06,2.186012e+06,-5.327136e-03,-3.129191e-03,-7.779931e-03,3.475943e-18,139,50323
0.000000e+00,4.864726e-08,-2.226707e-07,2.969874e-07,0.000000e+00,0.000000e+00,0.000000e+00,-1.179109e+07,5.402696e+07,-4.893394e+07,4.718448e-18,140,0
1.034091e-09,6.471652e-04,-2.948300e-03,2.500349e-03,6.260019e+05,-2.851907e+06,2.418306e+06,-1.375961e-01,6.444512e-01,-4.200547e-01,4.718448e-18,140,4550
1.033795e-08,6.471575e-03,-2.948286e-02,2.500047e-02,6.260244e+05,-2.852012e+06,2.418375e+06,-1.206191e-03,5.704611e-03,-4.573541e-03,4.718448e-18,140,45487
0.000000e+00,-1.684326e-08,7.972472e-08,1.444347e-07,0.000000e+00,0.000000e+00,0.000000e+00,3.895137e+07,-1.805901e+08,-3.011226e+08,1.008362e-17,141,0
2.070455e-10,-3.236889e-04,1.500644e-03,2.501408e-03,-1.563333e+06,7.247708e+06,1.208106e+07,1.623108e-01,-7.437428e-01,-1.175238e+00,1.008362e-17,141,911
2.069545e-09,-3.235404e-03,1.499954e-02,2.500243e-02,-1.563338e+06,7.247733e+06,1.208109e+07,1.608878e-03,-7.396145e-03,-1.181635e-02,1.008362e-17,141,9106
0.000000e+00,-2.035595e-07,-2.050284e-07,4.460777e-07,0.000000e+00,0.000000e+00,0.000000e+00,2.485334e+07,2.446196e+07,-3.210447e+07,3.400238e-18,142,0
1.346136e-09,-2.128220e-03,-1.977160e-03,2.500192e-03,-1.581718e+06,-1.469420e+06,1.857733e+06,4.366111e-01,4.009785e-01,-3.545581e-01,3.400238e-18,142,5923
1.345727e-08,-2.128555e-02,-1.977436e-02,2.500021e-02,-1.581811e+06,-1.469505e+06,1.857810e+06,3.756827e-03,3.491602e-03,-4.449567e-03,3.400238e-18,142,59212
0.000000e+00,-1.882396e-07,-1.267001e-07,3.440509e-07,0.000000e+00,0.000000e+00,0.000000e+00,3.809989e+07,2.910629e+07,-4.219566e+07,4.344466e-18,143,0
1.130682e-09,-2.437681e-03,-1.808026e-03,2.500143e-03,-2.156683e+06,-1.599585e+06,2.211595e+06,5.240248e-01,3.709679e-01,-4.022470e-01,4.344466e-18,143,4975
1.130409e-08,-2.437929e-02,-1.808182e-02,2.500021e-02,-2.156776e+06,-1.599651e+06,2.211667e+06,4.510468e-03,3.167004e-03,-4.426052e-03,4.344466e-18,143,49738
0.000000e+00,2.544802e-08,-1.799769e-07,1.632224e-07,0.000000e+00,0.000000e+00,0.000000e+00,-1.857611e+07,1.324885e+08,-1.005747e+08,6.932228e-18,144,0
6.009091e-10,4.646828e-04,-3.314124e-03,2.500669e-03,7.733260e+05,-5.515374e+06,4.161527e+06,-7.960920e-02,5.678282e-01,-3.738578e-01,6.932228e-18,144,2644
6.007500e-09,4.645774e-03,-3.313373e-02,2.500050e-02,7.733335e+05,-5.515427e+06,4.161563e+06,-7.838865e-04,5.586658e-03,-3.797642e-03,6.932228e-18,144,26433
0.000000e+00,-7.507070e-08,-1.477116e-07,3.832284e-07,0.000000e+00,0.000000e+00,0.000000e+00,1.363095e+07,2.622655e+07,-5.275582e+07,4.361950e-18,145,0
8.545455e-10,-7.327785e-04,-1.375277e-03,2.500248e-03,-8.579361e+05,-1.610145e+06,2.926859e+06,3.959171e-01,7.299618e-01,-1.145831e+00,4.361950e-18,145,3760
8.541591e-09,-7.328112e-03,-1.375316e-02,2.500013e-02,-8.579895e+05,-1.610243e+06,2.927014e+06,3.743539e-03,6.920915e-03,-1.186242e-02,4.361950e-18,145,37583
0.000000e+00,6.861713e-08,7.479752e-08,6.733331e-07,0.000000e+00,0.000000e+00,0.000000e+00,-7.387673e+06,-7.387205e+06,-3.494580e+07,2.738104e-18,146,0
9.825000e-10,6.051121e-04,5.410478e-04,2.500188e-03,6.164380e+05,5.510770e+05,2.546101e+06,-4.271803e-01,-3.221261e-01,-1.408828e+00,2.738104e-18,146,4323
9.818864e-09,6.052667e-03,5.410930e-03,2.500006e-02,6.165042e+05,5.511269e+05,2.546320e+06,-3.453704e-03,-2.119309e-03,-1.550819e-02,2.738104e-18,146,43203
0.000000e+00,-5.105879e-09,-1.813006e-07,2.389650e-07,0.000000e+00,0.000000e+00,0.000000e+00,1.625415e+06,7.539222e+07,-8.038016e+07,5.780490e-18,147,0
7.006818e-10,-5.155918e-05,-2.393319e-03,2.500563e-03,-7.359392e+04,-3.416223e+06,3.569127e+06,1.676594e-02,7.607916e-01,-6.948183e-01,5.780490e-18,147,3083
7.004545e-09,-5.154949e-04,-2.392916e-02,2.500026e-02,-7.359577e+04,-3.416307e+06,3.569204e+06,8.976509e-05,7.456333e-03,-7.089852e-03,5.780490e-18,147,30820
0.000000e+00,5.226588e-08,-2.913025e-08,1.250683e-07,0.000000e+00,0.000000e+00,0.000000e+00,-1.997113e+08,1.117127e+08,-4.547691e+08,1.194369e-17,148,0
1.375000e-10,1.098192e-03,-6.142968e-04,2.500547e-03,7.986571e+06,-4.467459e+06,1.818511e+07,-6.110310e-01,3.421818e-01,-1.343557e+00,1.194369e-17,148,605
1.374773e-09,1.097977e-02,-6.141769e-03,2.500052e-02,7.986584e+06,-4.467466e+06,1.818514e+07,-6.100481e-03,3.412177e-03,-1.344906e-02,1.194369e-17,148,6049
0.000000e+00,-1.179080e-07,-3.814400e-08,2.200564e-07,0.000000e+00,0.000000e+00,0.000000e+00,8.040165e+07,2.662996e+07,-1.272083e+08,6.813643e-18,149,0
4.677273e-10,-1.591423e-03,-5.278235e-04,2.500451e-03,-3.402716e+06,-1.128577e+06,5.346209e+06,7.742262e-01,2.637971e-01,-1.103090e+00,6.813643e-18,149,2058
4.676364e-09,-1.591242e-02,-5.277661e-03,2.500099e-02,-3.402773e+06,-1.128596e+06,5.346291e+06,7.672366e-03,2.566049e-03,-1.112466e-02,6.813643e-18,149,20576
0.000000e+00,6.601307e-08,1.668821e-07,5.209144e-07,0.000000e+00,0.000000e+00,0.000000e+00,-7.643085e+06,-1.432021e+07,-4.434617e+07,3.382988e-18,150,0
9.150000e-10,3.890237e-04,8.851301e-04,2.500161e-03,4.254298e+05,9.680080e+05,2.733829e+06,-2.629526e-01,-6.228583e-01,-1.474151e+00,3.382988e-18,150,4026
9.144773e-09,3.890473e-03,8.852228e-03,2.500040e-02,4.254678e+05,9.680979e+05,2.734042e+06,-2.506611e-03,-5.821803e-03,-1.547167e-02,3.382988e-18,150,40237
0.000000e+00,1.365828e-07,5.830613e-08,5.911630e-07,0.000000e+00,0.000000e+00,0.000000e+00,-1.346828e+07,-7.864709e+06,-3.634223e+07,3.064529e-18,151,0
1.023864e-09,9.927956e-04,6.782061e-04,2.500280e-03,9.704591e+05,6.628414e+05,2.443182e+06,-6.382966e-01,-3.149475e-01,-1.145515e+00,3.064529e-18,151,4505
1.023250e-08,9.930187e-03,6.782460e-03,2.500007e-02,9.705622e+05,6.628923e+05,2.443368e+06,-5.457267e-03,-2.183643e-03,-1.284192e-02,3.064529e-18,151,45023
0.000000e+00,-8.893570e-08,-3.243984e-08,2.741609e-07,0.000000e+00,0.000000e+00,0.000000e+00,4.573269e+07,1.974344e+07,-1.139418e+08,6.050592e-18,152,0
5.031818e-10,-1.019848e-03,-4.397015e-04,2.501107e-03,-2.027117e+06,-8.739912e+05,4.971104e+06,6.945098e-01,3.001440e-01,-1.500107e+00,6.050592e-18,152,2214
5.029091e-09,-1.019460e-02,-4.395395e-03,2.500032e-02,-2.027172e+06,-8.740150e+05,4.971224e+06,6.656923e-03,2.905562e-03,-1.527372e-02,6.050592e-18,152,22128
0.000000e+00,1.367937e-07,7.417718e-08,5.453807e-07,0.000000e+00,0.000000e+00,0.000000e+00,-9.928203e+06,1.113891e+07,-5.915919e+07,3.301989e-18,153,0
7.502273e-10,4.804571e-04,-3.794619e-04,2.500448e-03,6.406777e+05,-5.061743e+05,3.334212e+06,-3.913331e-01,2.969989e-01,-1.846405e+00,3.301989e-18,153,3301
7.497955e-09,4.803834e-03,-3.795184e-03,2.500002e-02,6.407241e+05,-5.062095e+05,3.334431e+06,-3.893811e-03,2.763472e-03,-1.897573e-02,3.301989e-18,153,32991
0.000000e+00,-2.880551e-08,-7.694887e-08,4.309386e-07,0.000000e+00,0.000000e+00,0.000000e+00,6.776423e+06,6.673573e+07,-6.235336e+07,4.244137e-18,154,0
8.404545e-10,-2.767196e-04,-2.634744e-03,2.500514e-03,-3.292992e+05,-3.135699e+06,2.975436e+06,6.347841e-02,7.290308e-01,-5.803634e-01,4.244137e-18,154,3698
8.402045e-09,-2.766798e-03,-2.634622e-02,2.500003e-02,-3.293077e+05,-3.135796e+06,2.975513e+06,5.884632e-04,6.961601e-03,-6.009601e-03,4.244137e-18,154,36969
0.000000e+00,5.389330e-08,-1.794910e-07,4.724462e-07,0.000000e+00,0.000000e+00,0.000000e+00,-5.971726e+06,2.395935e+07,-4.252132e+07,3.637436e-18,155,0
9.665909e-10,4.615361e-04,-1.440239e-03,2.500085e-03,4.778083e+05,-1.490843e+06,2.587533e+06,-2.523703e-01,7.138982e-01,-1.040336e+00,3.637436e-18,155,4253
9.661818e-09,4.616465e-03,-1.440424e-02,2.500042e-02,4.778468e+05,-1.490952e+06,2.587693e+06,-1.968960e-03,6.513404e-03,-1.133928e-02,3.637436e-18,155,42512
0.000000e+00,-2.207363e-07,1.583073e-07,4.908427e-07,0.000000e+00,0.000000e+00,0.000000e+00,2.441635e+07,-1.790101e+07,-3.282367e+07,3.251729e-18,156,0
1.275682e-09,-2.081032e-03,1.608768e-03,2.500430e-03,-1.632081e+06,1.261751e+06,1.960517e+06,4.888432e-01,-3.966513e-01,-4.111134e-01,3.251729e-18,156,5613
1.275182e-08,-2.081194e-02,1.608955e-02,2.500038e-02,-1.632179e+06,1.261830e+06,1.960601e+06,4.276152e-03,-3.286774e-03,-5.280128e-03,3.251729e-18,156,56108
0.000000e+00,-1.285642e-07,-1.546243e-07,4.749832e-07,0.000000e+00,0.000000e+00,0.000000e+00,1.820453e+07,1.333551e+07,-4.034942e+07,3.586463e-18,157,0
1.227045e-09,-1.484734e-03,-1.127452e-03,2.500230e-03,-1.210822e+06,-9.194361e+05,2.038407e+06,5.190517e-01,4.023563e-01,-6.741699e-01,3.586463e-18,157,5399
1.226455e-08,-1.485010e-02,-1.127644e-02,2.500034e-02,-1.210923e+06,-9.195138e+05,2.038538e+06,4.821332e-03,3.661617e-03,-8.278483e-03,3.586463e-18,157,53964
0.000000e+00,-7.570615e-08,4.756271e-08,2.291414e-07,0.000000e+00,0.000000e+00,0.000000e+00,5.615769e+07,-3.490583e+07,-1.476226e+08,7.017059e-18,158,0
4.052273e-10,-9.566337e-04,5.941177e-04,2.500902e-03,-2.360897e+06,1.466230e+06,6.171875e+06,6.256885e-01,-3.795164e-01,-1.500350e+00,7.017059e-18,158,1783
4.050682e-09,-9.563298e-03,5.939267e-03,2.500048e-02,-2.360937e+06,1.466255e+06,6.171971e+06,6.216557e-03,-3.827021e-03,-1.516189e-02,7.017059e-18,158,17823
0.000000e+00,-1.294731e-07,2.601854e-07,3.620460e-07,0.000000e+00,0.000000e+00,0.000000e+00,2.168897e+07,-4.079202e+07,-3.585925e+07,3.833519e-18,159,0
1.315227e-09,-1.663122e-03,3.107675e-03,2.500327e-03,-1.264937e+06,2.363612e+06,1.901343e+06,2.572492e-01,-4.765620e-01,-2.636548e-01,3.833519e-18,159,5787
1.314864e-08,-1.663216e-02,3.107823e-02,2.500024e-02,-1.264990e+06,2.363710e+06,1.901399e+06,2.135011e-03,-4.048565e-03,-3.132742e-03,3.833519e-18,159,57854
0.000000e+00,-6.658140e-08,-4.240806e-08,4.016025e-07,0.000000e+00,0.000000e+00,0.000000e+00,1.106136e+07,5.955058e+06,-5.555460e+07,4.479967e-18,160,0
7.781818e-10,-5.159238e-04,-2.941831e-04,2.500421e-03,-6.633965e+05,-3.781863e+05,3.214759e+06,4.362318e-01,1.624993e-01,-1.822754e+00,4.479967e-18,160,3424
7.776818e-09,-5.159105e-03,-2.941087e-03,2.500065e-02,-6.634501e+05,-3.782062e+05,3.214983e+06,4.094077e-03,1.568130e-03,-1.858279e-02,4.479967e-18,160,34218
0.000000e+00,2.303078e-07,-1.735345e-07,4.192249e-07,0.000000e+00,0.000000e+00,0.000000e+00,-2.970913e+07,2.199060e+07,-3.261945e+07,3.536509e-18,161,0
1.327273e-09,2.497370e-03,-1.861835e-03,2.500032e-03,1.882379e+06,-1.403347e+06,1.883987e+06,-4.778012e-01,3.556975e-01,-3.378229e-01,3.536509e-18,161,5840
1.326977e-08,2.497867e-02,-1.862204e-02,2.500025e-02,1.882478e+06,-1.403421e+06,1.884058e+06,-4.073382e-03,2.822794e-03,-4.130494e-03,3.536509e-18,161,58387
0.000000e+00,1.500890e-07,-8.780260e-08,5.299567e-07,0.000000e+00,0.000000e+00,0.000000e+00,-1.979516e+07,1.006390e+07,-3.489282e+07,3.348619e-18,162,0
1.151591e-09,1.600614e-03,-7.796932e-04,2.500446e-03,1.390824e+06,-6.774659e+05,2.172129e+06,-6.136488e-01,2.841666e-01,-7.410037e-01,3.348619e-18,162,5067
1.150955e-08,1.600767e-02,-7.797297e-03,2.500042e-02,1.390936e+06,-6.775174e+05,2.172265e+06,-5.290207e-03,2.336823e-03,-8.886519e-03,3.348619e-18,162,50642
0.000000e+00,6.509235e-09,2.513923e-07,3.593031e-07,0.000000e+00,0.000000e+00,0.000000e+00,-7.517865e+05,-4.482937e+07,-3.975932e+07,4.068185e-18,163,0
1.198636e-09,4.278655e-05,3.112285e-03,2.500473e-03,3.570537e+04,2.597456e+06,2.086450e+06,-8.427136e-03,-6.236428e-01,-3.415559e-01,4.068185e-18,163,5274
1.198205e-08,4.278263e-04,3.112277e-02,2.500009e-02,3.570697e+04,2.597574e+06,2.086515e+06,-1.614172e-04,-5.224247e-03,-4.018445e-03,4.068185e-18,163,52721
0.000000e+00,-5.879265e-09,1.613933e-08,1.166572e-07,0.000000e+00,0.000000e+00,0.000000e+00,3.459844e+07,-9.893242e+07,-6.953314e+08,1.398023e-17,164,0
9.022727e-11,-1.247042e-04,3.565899e-04,2.506193e-03,-1.382056e+06,3.951978e+06,2.777535e+07,9.080260e-02,-2.652487e-01,-1.821658e+00,1.398023e-17,164,397
9.002273e-10,-1.244171e-03,3.557695e-03,2.500424e-02,-1.382057e+06,3.951982e+06,2.777537e+07,9.122371e-04,-2.664905e-03,-1.830167e-02,1.398023e-17,164,3961
0.000000e+00,1.357600e-07,-1.095458e-07,4.701649e-07,0.000000e+00,0.000000e+00,0.000000e+00,-1.473175e+07,7.136351e+06,-4.934778e+07,3.705878e-18,165,0
8.372727e-10,8.720018e-04,-3.763059e-04,2.500329e-03,1.042385e+06,-4.495472e+05,2.987333e+06,-8.740191e-01,1.501114e-01,-1.253985e+00,3.705878e-18,165,3684
8.368636e-09,8.723299e-03,-3.762133e-03,2.500005e-02,1.042500e+06,-4.495671e+05,2.987499e+06,-5.893701e-03,2.794833e-03,-1.579542e-02,3.705878e-18,165,36822
0.000000e+00,-1.780894e-09,-1.672749e-07,5.461417e-07,0.000000e+00,0.000000e+00,0.000000e+00,1.351008e+04,1.826747e+07,-3.592898e+07,3.270089e-18,166,0
1.125455e-09,-2.910712e-05,-1.189885e-03,2.500298e-03,-2.578681e+04,-1.058024e+06,2.222693e+06,-4.889241e-02,5.829893e-01,-9.782512e-01,3.270089e-18,166,4952
1.124773e-08,-2.900549e-04,-1.190036e-02,2.500046e-02,-2.577805e+04,-1.058128e+06,2.222868e+06,1.162645e-04,5.316919e-03,-1.191691e-02,3.270089e-18,166,49490
0.000000e+00,6.793428e-08,1.271242e-07,3.765219e-07,0.000000e+00,0.000000e+00,0.000000e+00,-1.112344e+07,-1.765229e+07,-5.299114e+07,4.512260e-18,167,0
8.300000e-10,5.781938e-04,9.330343e-04,2.500025e-03,6.969978e+05,1.124769e+06,3.013421e+06,-3.616653e-01,-6.233055e-01,-1.440094e+00,4.512260e-18,167,3652
8.296364e-09,5.782525e-03,9.331476e-03,2.500049e-02,6.970452e+05,1.124851e+06,3.013610e+06,-3.473247e-03,-5.985816e-03,-1.498827e-02,4.512260e-18,167,36504
0.000000e+00,-1.702139e-07,6.524629e-08,3.851611e-07,0.000000e+00,0.000000e+00,0.000000e+00,3.416476e+07,-1.717301e+07,-4.642705e+07,4.269544e-18,168,0
9.790909e-10,-1.976554e-03,9.654466e-04,2.500073e-03,-2.019668e+06,9.865147e+05,2.554174e+06,7.240931e-01,-3.511751e-01,-7.263393e-01,4.269544e-18,168,4308
9.787955e-09,-1.976835e-02,9.655916e-03,2.500026e-02,-2.019780e+06,9.865690e+05,2.554287e+06,6.537327e-03,-3.168387e-03,-7.788845e-03,4.269544e-18,168,43067
0.000000e+00,4.992724e-09,-1.527925e-07,2.857400e-07,0.000000e+00,0.000000e+00,0.000000e+00,-1.794731e+06,4.926263e+07,-7.625130e+07,5.432493e-18,169,0
6.884091e-10,5.887329e-05,-1.670548e-03,2.500587e-03,8.553909e+04,-2.427323e+06,3.633143e+06,-2.445279e-02,8.442463e-01,-1.120558e+00,5.432493e-18,169,3029
6.881136e-09,5.886072e-04,-1.670277e-02,2.500028e-02,8.554175e+04,-2.427415e+06,3.633265e+06,-2.818634e-04,8.201914e-03,-1.137048e-02,5.432493e-18,169,30277
0.000000e+00,2.260941e-08,1.014042e-07,3.876071e-07,0.000000e+00,0.000000e+00,0.000000e+00,-2.153532e+06,-2.402163e+07,-6.475470e+07,4.549922e-18,170,0
7.175000e-10,9.760019e-05,9.825807e-04,2.500305e-03,1.360760e+05,1.370067e+06,3.485903e+06,-6.900203e-02,-7.048833e-01,-1.571994e+00,4.549922e-18,170,3157
7.171818e-09,9.759197e-04,9.825859e-03,2.500038e-02,1.360838e+05,1.370147e+06,3.486081e+06,-7.460536e-04,-6.760489e-03,-1.618178e-02,4.549922e-18,170,31556
0.000000e+00,2.860022e-07,-2.618791e-08,3.311205e-07,0.000000e+00,0.000000e+00,0.000000e+00,-6.013231e+07,5.306403e+06,-3.808843e+07,4.038932e-18,171,0
1.338636e-09,4.129417e-03,-3.795693e-04,2.500005e-03,3.085465e+06,-2.836175e+05,1.867724e+06,-4.316352e-01,4.247042e-02,-1.838451e-01,4.038932e-18,171,5890
1.338523e-08,4.129967e-02,-3.796283e-03,2.500010e-02,3.085556e+06,-2.836265e+05,1.867763e+06,-3.673543e-03,3.459077e-04,-2.203373e-03,4.038932e-18,171,58895
0.000000e+00,3.486115e-08,9.879092e-08,2.378887e-07,0.000000e+00,0.000000e+00,0.000000e+00,-2.369776e+07,-6.800694e+07,-1.284998e+08,6.659743e-18,172,0
4.606818e-10,4.651989e-04,1.335489e-03,2.501092e-03,1.009900e+06,2.899218e+06,5.429409e+06,-2.641801e-01,-7.659816e-01,-1.268680e+00,6.659743e-18,172,2027
4.604545e-09,4.650152e-03,1.334964e-02,2.500014e-02,1.009919e+06,2.899274e+06,5.429501e+06,-2.608750e-03,-7.514777e-03,-1.292160e-02,6.659743e-18,172,20260
0.000000e+00,6.385876e-08,6.193917e-08,2.360819e-07,0.000000e+00,0.000000e+00,0.000000e+00,-4.838925e+07,-3.437052e+07,-1.391233e+08,6.855404e-18,173,0
4.261364e-10,8.766192e-04,6.219207e-04,2.500464e-03,2.057339e+06,1.459537e+06,5.868106e+06,-6.011351e-01,-4.057320e-01,-1.534550e+00,6.855404e-18,173,1875
4.260455e-09,8.765240e-03,6.218338e-03,2.500098e-02,2.057379e+06,1.459565e+06,5.868209e+06,-5.894316e-03,-4.070212e-03,-1.549264e-02,6.855404e-18,173,18746
0.000000e+00,-1.412555e-07,-3.983141e-08,6.129061e-07,0.000000e+00,0.000000e+00,0.000000e+00,1.994255e+07,3.843984e+06,-3.764922e+07,2.989409e-18,174,0
9.711364e-10,-1.327781e-03,-2.877025e-04,2.500209e-03,-1.368174e+06,-2.964623e+05,2.575640e+06,7.503063e-01,1.710710e-01,-1.165756e+00,2.989409e-18,174,4273
9.706364e-09,-1.327992e-02,-2.877558e-03,2.500031e-02,-1.368289e+06,-2.964885e+05,2.575820e+06,6.950342e-03,1.142150e-03,-1.262757e-02,2.989409e-18,174,42708
0.000000e+00,1.238336e-07,-1.529691e-07,4.358947e-07,0.000000e+00,0.000000e+00,0.000000e+00,-1.837470e+07,2.275104e+07,-4.232405e+07,3.841895e-18,175,0
9.795455e-10,1.424683e-03,-1.329333e-03,2.500391e-03,1.455194e+06,-1.357805e+06,2.553478e+06,-5.703764e-01,5.943970e-01,-8.626174e-01,3.841895e-18,175,4310
9.790682e-09,1.424723e-02,-1.329381e-02,2.500041e-02,1.455282e+06,-1.357897e+06,2.553612e+06,-5.173455e-03,5.123731e-03,-9.244748e-03,3.841895e-18,175,43079
0.000000e+00,-1.312274e-08,-8.763361e-08,2.090943e-07,0.000000e+00,0.000000e+00,0.000000e+00,1.138571e+07,7.972016e+07,-1.696678e+08,7.524629e-18,176,0
3.581818e-10,-1.684356e-04,-1.179170e-03,2.501372e-03,-4.702662e+05,-3.292212e+06,6.983639e+06,1.050702e-01,7.313909e-01,-1.435437e+00,7.524629e-18,176,1576
3.579773e-09,-1.683457e-03,-1.178544e-02,2.500002e-02,-4.702722e+05,-3.292253e+06,6.983720e+06,1.000556e-03,7.271119e-03,-1.443968e-02,7.524629e-18,176,15751
0.000000e+00,-2.629942e-07,8.683258e-09,4.520689e-07,0.000000e+00,0.000000e+00,0.000000e+00,3.878933e+07,-2.464964e+06,-3.205710e+07,3.489599e-18,177,0
1.375682e-09,-3.306568e-03,1.780818e-04,2.500327e-03,-2.404545e+06,1.294916e+05,1.817822e+06,5.451509e-01,-2.298652e-02,-2.826490e-01,3.489599e-18,177,6053
1.375273e-08,-3.306895e-02,1.780856e-03,2.500022e-02,-2.404663e+06,1.294966e+05,1.817884e+06,4.665233e-03,-3.667031e-04,-3.518415e-03,3.489599e-18,177,60512
0.000000e+00,-3.692242e-08,-1.873573e-07,1.950007e-07,0.000000e+00,0.000000e+00,0.000000e+00,1.962875e+07,1.019031e+08,-8.442170e+07,6.268328e-18,178,0
6.961364e-10,-5.888114e-04,-3.056496e-03,2.500390e-03,-8.458957e+05,-4.391015e+06,3.591967e+06,1.196062e-01,6.184494e-01,-4.306038e-01,6.268328e-18,178,3063
6.960000e-09,-5.887455e-03,-3.056157e-02,2.500023e-02,-8.459089e+05,-4.391083e+06,3.592014e+06,1.163577e-03,6.048511e-03,-4.383863e-03,6.268328e-18,178,30624
0.000000e+00,-1.145064e-07,1.124678e-07,4.478002e-07,0.000000e+00,0.000000e+00,0.000000e+00,1.963188e+07,-1.466374e+07,-4.736055e+07,3.897228e-18,179,0
8.970455e-10,-1.088539e-03,8.134636e-04,2.500035e-03,-1.214208e+06,9.073510e+05,2.788159e+06,6.536283e-01,-4.884309e-01,-1.252093e+00,3.897228e-18,179,3947
8.966591e-09,-1.088726e-02,8.135835e-03,2.500040e-02,-1.214300e+06,9.074202e+05,2.788337e+06,5.947672e-03,-4.574507e-03,-1.308049e-02,3.897228e-18,179,39453
0.000000e+00,1.949862e-07,-1.651342e-07,2.841495e-07,0.000000e+00,0.000000e+00,0.000000e+00,-4.604333e+07,3.982794e+07,-4.690069e+07,4.589145e-18,180,0
1.110909e-09,2.599183e-03,-2.239243e-03,2.500122e-03,2.340226e+06,-2.016151e+06,2.250791e+06,-4.204718e-01,3.646136e-01,-3.056061e-01,4.589145e-18,180,4888
1.110727e-08,2.599355e-02,-2.239395e-02,2.500029e-02,2.340300e+06,-2.016215e+06,2.250845e+06,-3.752690e-03,3.218611e-03,-3.408098e-03,4.589145e-18,180,48872
0.000000e+00,1.640843e-07,1.711015e-07,3.456070e-07,0.000000e+00,0.000000e+00,0.000000e+00,-3.225852e+07,-3.111313e+07,-4.091892e+07,4.258511e-18,181,0
1.147955e-09,2.157279e-03,2.027804e-03,2.500298e-03,1.879931e+06,1.767076e+06,2.178491e+06,-4.738803e-01,-4.432203e-01,-4.121628e-01,4.258511e-18,181,5051
1.147591e-08,2.157385e-02,2.027877e-02,2.500029e-02,1.880017e+06,1.767156e+06,2.178566e+06,-4.054796e-03,-3.719853e-03,-4.635243e-03,4.258511e-18,181,50494
0.000000e+00,8.658046e-08,-2.163086e-07,4.015024e-07,0.000000e+00,0.000000e+00,0.000000e+00,-1.425383e+07,3.295769e+07,-3.745286e+07,3.907588e-18,182,0
1.192045e-09,1.066488e-03,-2.464423e-03,2.500128e-03,8.950699e+05,-2.068335e+06,2.097864e+06,-2.561410e-01,6.213991e-01,-4.607039e-01,3.907588e-18,182,5245
1.191682e-08,1.066634e-02,-2.464789e-02,2.500002e-02,8.951179e+05,-2.068452e+06,2.097952e+06,-2.136138e-03,5.205935e-03,-5.355614e-03,3.907588e-18,182,52434
0.000000e+00,-1.475340e-07,-1.592502e-08,1.504430e-07,0.000000e+00,0.000000e+00,0.000000e+00,1.588981e+08,1.985410e+07,-1.408226e+08,7.983146e-18,183,0
4.359091e-10,-2.828355e-03,-3.549661e-04,2.500584e-03,-6.488469e+06,-8.143350e+05,5.736457e+06,6.615885e-01,9.714898e-02,-5.319620e-01,7.983146e-18,183,1918
4.358182e-09,-2.827805e-02,-3.549032e-03,2.500065e-02,-6.488514e+06,-8.143417e+05,5.736493e+06,6.545299e-03,9.318654e-04,-5.367447e-03,7.983146e-18,183,19176
0.000000e+00,-2.348583e-07,-1.664904e-08,5.463010e-07,0.000000e+00,0.000000e+00,0.000000e+00,2.818487e+07,4.148291e+05,-3.726337e+07,3.116488e-18,184,0
1.066364e-09,-1.973071e-03,-6.164493e-05,2.500055e-03,-1.851284e+06,-5.787655e+04,2.345240e+06,7.697328e-01,5.326281e-02,-7.762191e-01,3.116488e-18,184,4692
1.066000e-08,-1.973465e-02,-6.169627e-04,2.500047e-02,-1.851414e+06,-5.788552e+04,2.345371e+06,6.380676e-03,1.126693e-04,-8.569412e-03,3.116488e-18,184,46904
0.000000e+00,1.652871e-07,-1.115523e-07,4.557557e-07,0.000000e+00,0.000000e+00,0.000000e+00,-1.987536e+07,1.328347e+07,-3.505808e+07,3.711461e-18,185,0
1.167955e-09,1.641482e-03,-1.066588e-03,2.500270e-03,1.406332e+06,-9.137353e+05,2.141511e+06,-6.042469e-01,3.493473e-01,-6.607441e-01,3.711461e-18,185,5139
1.167409e-08,1.641757e-02,-1.066698e-02,2.500033e-02,1.406443e+06,-9.137996e+05,2.141633e+06,-4.740070e-03,3.305682e-03,-8.067840e-03,3.711461e-18,185,51366
0.000000e+00,5.566044e-08,-1.393689e-07,3.229311e-07,0.000000e+00,0.000000e+00,0.000000e+00,-1.576353e+07,3.808024e+07,-6.707445e+07,5.002568e-18,186,0
7.411364e-10,6.276563e-04,-1.486588e-03,2.500601e-03,8.471875e+05,-2.006493e+06,3.374845e+06,-3.372448e-01,7.683894e-01,-1.139918e+00,5.002568e-18,186,3261
7.407727e-09,6.275727e-03,-1.486355e-02,2.500005e-02,8.472270e+05,-2.006583e+06,3.374979e+06,-3.331849e-03,7.409349e-03,-1.166236e-02,5.002568e-18,186,32594
0.000000e+00,-1.193240e-07,8.097810e-08,2.845144e-07,0.000000e+00,0.000000e+00,0.000000e+00,4.416351e+07,-3.168766e+07,-8.176769e+07,5.509910e-18,187,0
6.618182e-10,-1.390050e-03,9.967979e-04,2.500053e-03,-2.100833e+06,1.506508e+06,3.778164e+06,6.808004e-01,-4.947741e-01,-1.072829e+00,5.509910e-18,187,2912
6.617045e-09,-1.390134e-02,9.968653e-03,2.500043e-02,-2.100904e+06,1.506560e+06,3.778276e+06,6.726957e-03,-4.834916e-03,-1.092305e-02,5.509910e-18,187,29115
0.000000e+00,-1.652278e-07,1.029719e-07,4.941416e-07,0.000000e+00,0.000000e+00,0.000000e+00,2.038517e+07,-1.529630e+07,-3.733941e+07,3.503742e-18,188,0
1.122955e-09,-1.496900e-03,1.133603e-03,2.500257e-03,-1.333775e+06,1.010042e+06,2.227299e+06,5.575249e-01,-3.889452e-01,-7.358762e-01,3.503742e-18,188,4941
1.122432e-08,-1.497068e-02,1.133698e-02,2.500011e-02,-1.333874e+06,1.010111e+06,2.227431e+06,4.650528e-03,-3.129274e-03,-8.505999e-03,3.503742e-18,188,49387
0.000000e+00,1.685399e-07,-1.467046e-07,2.736539e-07,0.000000e+00,0.000000e+00,0.000000e+00,-4.750965e+07,4.395737e+07,-5.787506e+07,4.964062e-18,189,0
9.247727e-10,2.134580e-03,-1.981303e-03,2.500402e-03,2.308703e+06,-2.142943e+06,2.704137e+06,-4.797689e-01,4.535670e-01,-4.511218e-01,4.964062e-18,189,4069
9.245227e-09,2.134452e-02,-1.981202e-02,2.500050e-02,2.308773e+06,-2.143010e+06,2.704203e+06,-4.568415e-03,4.245901e-03,-4.874204e-03,4.964062e-18,189,40679
0.000000e+00,-3.924978e-08,-8.795895e-08,2.779778e-07,0.000000e+00,0.000000e+00,0.000000e+00,1.663363e+07,4.140380e+07,-1.049408e+08,5.960586e-18,190,0
5.345455e-10,-4.036148e-04,-1.005191e-03,2.500779e-03,-7.551984e+05,-1.880823e+06,4.678975e+06,2.731760e-01,6.892844e-01,-1.526316e+00,5.960586e-18,190,2352
5.343182e-09,-4.035181e-03,-1.004962e-02,2.500078e-02,-7.552215e+05,-1.880881e+06,4.679104e+06,2.771915e-03,6.691418e-03,-1.554178e-02,5.960586e-18,190,23510
0.000000e+00,-8.539495e-08,2.333930e-07,2.525090e-07,0.000000e+00,0.000000e+00,0.000000e+00,2.405019e+07,-6.402108e+07,-4.937785e+07,4.901588e-18,191,0
1.082045e-09,-1.276379e-03,3.397232e-03,2.500222e-03,-1.179832e+06,3.140252e+06,2.310881e+06,1.895203e-01,-5.032964e-01,-2.808966e-01,4.901588e-18,191,4761
1.081841e-08,-1.276391e-02,3.397256e-02,2.500019e-02,-1.179864e+06,3.140338e+06,2.310929e+06,1.639130e-03,-4.415315e-03,-3.032762e-03,4.901588e-18,191,47601
0.000000e+00,2.311654e-07,7.249365e-08,5.394053e-07,0.000000e+00,0.000000e+00,0.000000e+00,-1.987534e+07,-2.322738e+06,-3.532070e+07,3.110468e-18,192,0
1.067727e-09,1.554229e-03,2.942457e-04,2.500215e-03,1.456606e+06,2.757839e+05,2.342655e+06,-7.494724e-01,-1.582788e-01,-9.430314e-01,3.110468e-18,192,4698
1.067159e-08,1.554428e-02,2.943049e-03,2.500002e-02,1.456732e+06,2.758105e+05,2.342815e+06,-5.867820e-03,-1.222124e-03,-1.059228e-02,3.110468e-18,192,46955
0.000000e+00,9.409674e-08,1.371320e-07,2.105986e-07,0.000000e+00,0.000000e+00,0.000000e+00,-5.331869e+07,-7.848110e+07,-9.624643e+07,6.399056e-18,193,0
6.095455e-10,1.401239e-03,2.063460e-03,2.500425e-03,2.299038e+06,3.385562e+06,4.102336e+06,-4.171484e-01,-6.189255e-01,-6.472577e-01,6.399056e-18,193,2682
6.094091e-09,1.401060e-02,2.063200e-02,2.500016e-02,2.299078e+06,3.385622e+06,4.102399e+06,-4.084033e-03,-6.070836e-03,-6.585717e-03,6.399056e-18,193,26814
0.000000e+00,-7.941059e-08,-9.490254e-08,1.564328e-07,0.000000e+00,0.000000e+00,0.000000e+00,1.048450e+08,1.270404e+08,-1.858331e+08,8.442224e-18,194,0
3.327273e-10,-1.413047e-03,-1.712179e-03,2.501379e-03,-4.246836e+06,-5.145867e+06,7.517685e+06,4.729771e-01,5.739059e-01,-7.772296e-01,8.442224e-18,194,1464
3.325682e-09,-1.412370e-02,-1.711360e-02,2.500157e-02,-4.246861e+06,-5.145897e+06,7.517726e+06,4.731331e-03,5.695542e-03,-7.827960e-03,8.442224e-18,194,14633
0.000000e+00,4.981753e-08,-1.341753e-07,4.248439e-07,0.000000e+00,0.000000e+00,0.000000e+00,-9.369634e+06,2.067050e+07,-4.946854e+07,4.106528e-18,195,0
8.856818e-10,4.884656e-04,-1.161037e-03,2.500415e-03,5.518683e+05,-1.311646e+06,2.824373e+06,-3.234614e-01,6.847848e-01,-1.289502e+00,4.106528e-18,195,3897
8.851591e-09,4.884896e-03,-1.161012e-02,2.500030e-02,5.519135e+05,-1.311742e+06,2.824554e+06,-3.058905e-03,6.416221e-03,-1.349942e-02,4.106528e-18,195,38947
0.000000e+00,-1.954738e-07,6.119997e-08,1.894411e-07,0.000000e+00,0.000000e+00,0.000000e+00,1.070585e+08,-5.033886e+07,-6.764948e+07,6.142941e-18,196,0
8.743182e-10,-3.999828e-03,1.876562e-03,2.500624e-03,-4.575058e+06,2.146471e+06,2.860120e+06,3.719255e-01,-1.752171e-01,-1.911711e-01,6.142941e-18,196,3847
8.740909e-09,-3.999027e-02,1.876213e-02,2.500019e-02,-4.575109e+06,2.146495e+06,2.860146e+06,3.537513e-03,-1.664195e-03,-1.987236e-03,6.142941e-18,196,38460
0.000000e+00,2.340909e-07,1.617095e-07,3.935227e-07,0.000000e+00,0.000000e+00,0.000000e+00,-3.284141e+07,-2.223696e+07,-3.367776e+07,3.685560e-18,197,0
1.358409e-09,2.696054e-03,1.815057e-03,2.500393e-03,1.985512e+06,1.336692e+06,1.841026e+06,-4.684876e-01,-3.124312e-01,-2.946998e-01,3.685560e-18,197,5977
1.357932e-08,2.696183e-02,1.815132e-02,2.500004e-02,1.985612e+06,1.336758e+06,1.841090e+06,-3.929988e-03,-2.648638e-03,-3.636739e-03,3.685560e-18,197,59749
0.000000e+00,-4.203148e-08,1.207009e-07,1.868066e-07,0.000000e+00,0.000000e+00,0.000000e+00,3.878168e+07,-1.125812e+08,-1.493210e+08,7.520238e-18,198,0
4.079545e-10,-6.514275e-04,1.891816e-03,2.500170e-03,-1.596854e+06,4.637446e+06,6.128595e+06,2.549812e-01,-7.499168e-01,-8.946863e-01,7.520238e-18,198,1795
4.079318e-09,-6.514110e-03,1.891771e-02,2.500064e-02,-1.596871e+06,4.637495e+06,6.128652e+06,2.534320e-03,-7.402681e-03,-9.032273e-03,7.520238e-18,198,17949
0.000000e+00,-2.458824e-08,8.599632e-09,1.967412e-07,0.000000e+00,0.000000e+00,0.000000e+00,3.040864e+07,-5.170184e+06,-2.415167e+08,8.562383e-18,199,0
2.554545e-10,-3.151495e-04,5.316802e-05,2.501133e-03,-1.233670e+06,2.081039e+05,9.790788e+06,2.528161e-01,-1.850311e-02,-1.940316e+00,8.562383e-18,199,1124
2.553409e-09,-3.150086e-03,5.313827e-04,2.500007e-02,-1.233680e+06,2.081046e+05,9.790867e+06,2.449420e-03,-2.484450e-04,-1.946302e-02,8.562383e-18,199,11235
0.000000e+00,1.481047e-08,1.763782e-07,5.224180e-07,0.000000e+00,0.000000e+00,0.000000e+00,-9.772861e+06,-1.917679e+07,-3.953354e+07,3.385680e-18,200,0
1.001136e-09,5.296901e-04,1.198712e-03,2.500196e-03,5.294522e+05,1.198171e+06,2.498520e+06,-2.746468e-01,-6.994214e-01,-1.127828e+00,3.385680e-18,200,4405
1.000591e-08,5.297610e-03,1.198880e-02,2.500013e-02,5.294955e+05,1.198282e+06,2.498699e+06,-2.354008e-03,-5.727407e-03,-1.223005e-02,3.385680e-18,200,44026
0.000000e+00,1.616600e-08,6.661619e-08,2.229807e-07,0.000000e+00,0.000000e+00,0.000000e+00,-9.134074e+06,-5.509915e+07,-1.716569e+08,7.385246e-18,201,0
3.525000e-10,1.328773e-04,8.059186e-04,2.501556e-03,3.769499e+05,2.286390e+06,7.096801e+06,-7.963291e-02,-5.929850e-01,-1.716398e+00,7.385246e-18,201,1551
3.522727e-09,1.327906e-03,8.054380e-03,2.500028e-02,3.769543e+05,2.286423e+06,7.096896e+06,-1.003051e-03,-5.900083e-03,-1.734025e-02,7.385246e-18,201,15500
0.000000e+00,-2.229555e-07,-1.005132e-07,5.016740e-07,0.000000e+00,0.000000e+00,0.000000e+00,1.826293e+07,1.027284e+07,-3.456512e+07,3.304442e-18,202,0
1.175682e-09,-1.662728e-03,-7.963918e-04,2.500253e-03,-1.415161e+06,-6.778157e+05,2.127417e+06,6.184887e-01,2.974780e-01,-6.765259e-01,3.304442e-18,202,5173
1.175136e-08,-1.663002e-02,-7.965238e-03,2.500024e-02,-1.415275e+06,-6.778707e+05,2.127543e+06,5.437688e-03,2.469170e-03,-8.462778e-03,3.304442e-18,202,51706
0.000000e+00,1.520471e-07,-8.302988e-08,4.770725e-07,0.000000e+00,0.000000e+00,0.000000e+00,-2.305139e+07,4.757598e+06,-3.985332e+07,3.655479e-18,203,0
1.060000e-09,1.601984e-03,-4.370973e-04,2.500102e-03,1.512341e+06,-4.126020e+05,2.359531e+06,-7.609660e-01,2.021436e-01,-8.845057e-01,3.655479e-18,203,4664
1.059545e-08,1.602385e-02,-4.371712e-03,2.500047e-02,1.512468e+06,-4.126358e+05,2.359680e+06,-5.979527e-03,1.598691e-03,-1.000300e-02,3.655479e-18,203,46620
0.000000e+00,6.780190e-08,1.800183e-07,5.785437e-07,0.000000e+00,0.000000e+00,0.000000e+00,-8.870398e+06,-1.831451e+07,-3.434768e+07,3.046633e-18,204,0
1.098864e-09,7.069602e-04,1.407439e-03,2.500050e-03,6.437210e+05,1.281642e+06,2.276073e+06,-2.561138e-01,-6.158627e-01,-8.885012e-01,3.046633e-18,204,4835
1.098386e-08,7.070505e-03,1.407734e-02,2.500029e-02,6.437653e+05,1.281748e+06,2.276228e+06,-1.869603e-03,-4.961264e-03,-1.013250e-02,3.046633e-18,204,48329
0.000000e+00,-1.622562e-07,5.013378e-08,3.857713e-07,0.000000e+00,0.000000e+00,0.000000e+00,2.853810e+07,-6.017619e+06,-4.855201e+07,4.321782e-18,205,0
9.088636e-10,-1.571557e-03,3.951196e-04,2.500080e-03,-1.730084e+06,4.349896e+05,2.751866e+06,8.174677e-01,-2.130109e-01,-1.094928e+00,4.321782e-18,205,3999
9.084773e-09,-1.571736e-02,3.951762e-03,2.500015e-02,-1.730201e+06,4.350201e+05,2.752023e+06,7.615639e-03,-1.917205e-03,-1.140648e-02,4.321782e-18,205,39973
0.000000e+00,-4.943471e-08,-5.856299e-08,2.814906e-07,0.000000e+00,0.000000e+00,0.000000e+00,2.048180e+07,2.646684e+07,-1.104615e+08,6.017920e-18,206,0
5.079545e-10,-4.698583e-04,-6.087667e-04,2.500335e-03,-9.251569e+05,-1.198689e+06,4.923073e+06,3.458154e-01,4.614481e-01,-1.749881e+00,6.017920e-18,206,2235
5.078182e-09,-4.698141e-03,-6.087187e-03,2.500043e-02,-9.251847e+05,-1.198726e+06,4.923213e+06,3.649714e-03,4.546453e-03,-1.773843e-02,6.017920e-18,206,22344
0.000000e+00,7.832781e-09,1.197215e-07,1.503239e-07,0.000000e+00,0.000000e+00,0.000000e+00,-1.544379e+07,-1.724081e+08,-2.051467e+08,8.749279e-18,207,0
3.020455e-10,1.886719e-04,2.103233e-03,2.500295e-03,6.246524e+05,6.963205e+06,8.277714e+06,-7.675062e-02,-7.486800e-01,-8.338181e-01,8.749279e-18,207,1329
3.020227e-09,1.886599e-03,2.103057e-02,2.500071e-02,6.246560e+05,6.963241e+06,8.277753e+06,-6.838612e-04,-7.450377e-03,-8.413491e-03,8.749279e-18,207,13289
0.000000e+00,1.753251e-07,1.067603e-07,2.308011e-07,0.000000e+00,0.000000e+00,0.000000e+00,-6.978006e+07,-4.219203e+07,-6.741193e+07,5.597000e-18,208,0
8.347727e-10,2.662874e-03,1.605828e-03,2.500087e-03,3.190419e+06,1.923949e+06,2.995174e+06,-5.569936e-01,-3.275541e-01,-4.170760e-01,5.597000e-18,208,3673
8.346818e-09,2.662990e-02,1.605889e-02,2.500031e-02,3.190492e+06,1.923992e+06,2.995229e+06,-5.301613e-03,-3.161475e-03,-4.309153e-03,5.597000e-18,208,36726
0.000000e+00,5.282031e-08,4.911721e-08,6.149318e-07,0.000000e+00,0.000000e+00,0.000000e+00,-7.391699e+06,-5.667837e+06,-3.949791e+07,3.047155e-18,209,0
9.229545e-10,5.205640e-04,3.827256e-04,2.500097e-03,5.644759e+05,4.149808e+05,2.710357e+06,-3.765405e-01,-2.586765e-01,-1.628098e+00,3.047155e-18,209,4061
9.223864e-09,5.206604e-03,3.827702e-03,2.500016e-02,5.645307e+05,4.150185e+05,2.710595e+06,-3.467816e-03,-2.099931e-03,-1.721292e-02,3.047155e-18,209,40585
0.000000e+00,1.923548e-07,5.998125e-08,3.340858e-07,0.000000e+00,0.000000e+00,0.000000e+00,-4.470773e+07,-1.918988e+07,-5.190344e+07,4.580577e-18,210,0
9.536364e-10,2.318996e-03,9.567463e-04,2.500261e-03,2.432551e+06,1.003591e+06,2.622327e+06,-6.993192e-01,-2.753664e-01,-5.866119e-01,4.580577e-18,210,4196
9.533636e-09,2.319103e-02,9.567855e-03,2.500045e-02,2.432657e+06,1.003633e+06,2.622415e+06,-6.404200e-03,-2.554442e-03,-6.334149e-03,4.580577e-18,210,41948
0.000000e+00,1.521257e-07,-1.005308e-07,6.112687e-07,0.000000e+00,0.000000e+00,0.000000e+00,-1.404144e+07,1.229154e+07,-3.508908e+07,2.921740e-18,211,0
9.647727e-10,9.183720e-04,-9.226890e-04,2.500315e-03,9.525078e+05,-9.570739e+05,2.592711e+06,-5.382255e-01,5.554894e-01,-1.153044e+00,2.921740e-18,211,4245
9.642500e-09,9.184563e-03,-9.228523e-03,2.500042e-02,9.525897e+05,-9.571584e+05,2.592888e+06,-4.432443e-03,4.611621e-03,-1.258375e-02,2.921740e-18,211,42427
0.000000e+00,-8.520710e-09,-5.764566e-09,3.042676e-07,0.000000e+00,0.000000e+00,0.000000e+00,3.901312e+06,4.317382e+06,-1.038883e+08,5.807598e-18,212,0
5.213636e-10,-9.630248e-05,-1.067134e-04,2.500615e-03,-1.847667e+05,-2.047509e+05,4.797244e+06,9.456350e-02,1.098963e-01,-2.032040e+00,5.807598e-18,212,2294
5.211364e-09,-9.628887e-04,-1.067030e-03,2.500034e-02,-1.847745e+05,-2.047600e+05,4.797412e+06,1.104689e-03,9.961304e-04,-2.055695e-02,5.807598e-18,212,22930
0.000000e+00,1.837102e-07,-1.895688e-07,4.581781e-07,0.000000e+00,0.000000e+00,0.000000e+00,-2.386572e+07,2.267693e+07,-3.589013e+07,3.450297e-18,213,0
1.194545e-09,1.984609e-03,-1.839566e-03,2.500271e-03,1.662202e+06,-1.540718e+06,2.093565e+06,-5.066316e-01,4.814665e-01,-4.597201e-01,3.450297e-18,213,5256
1.194136e-08,1.984884e-02,-1.839819e-02,2.500021e-02,1.662297e+06,-1.540808e+06,2.093653e+06,-3.992050e-03,3.889173e-03,-5.371163e-03,3.450297e-18,213,52542
0.000000e+00,2.197610e-08,-1.914745e-07,4.365080e-07,0.000000e+00,0.000000e+00,0.000000e+00,-7.246634e+06,2.384632e+07,-4.493991e+07,3.856558e-18,214,0
9.577273e-10,3.108462e-04,-1.613752e-03,2.500097e-03,3.247375e+05,-1.685928e+06,2.611436e+06,-1.628029e-01,7.753263e-01,-9.815287e-01,3.856558e-18,214,4214
9.573409e-09,3.108857e-03,-1.614000e-02,2.500046e-02,3.247621e+05,-1.686045e+06,2.611585e+06,-1.130446e-03,7.122664e-03,-1.065066e-02,3.856558e-18,214,42123
0.000000e+00,-6.809015e-08,-1.053573e-07,5.863416e-07,0.000000e+00,0.000000e+00,0.000000e+00,6.388836e+06,1.398905e+07,-3.482343e+07,3.147122e-18,215,0
1.031136e-09,-4.690487e-04,-9.447034e-04,2.500382e-03,-4.551305e+05,-9.168434e+05,2.426092e+06,1.950996e-01,5.258765e-01,-1.153489e+00,3.147122e-18,215,4537
1.030477e-08,-4.690007e-03,-9.447832e-03,2.500052e-02,-4.551622e+05,-9.169289e+05,2.426281e+06,2.291927e-03,4.647999e-03,-1.338275e-02,3.147122e-18,215,45341
0.000000e+00,-1.914562e-07,5.628128e-08,1.951550e-07,0.000000e+00,0.000000e+00,0.000000e+00,8.624593e+07,-2.210534e+07,-9.787014e+07,6.149036e-18,216,0
5.995455e-10,-2.242527e-03,5.777277e-04,2.500173e-03,-3.740709e+06,9.636880e+05,4.170389e+06,7.541809e-01,-1.982343e-01,-7.048282e-01,6.149036e-18,216,2638
5.994773e-09,-2.242482e-02,5.777127e-03,2.500067e-02,-3.740780e+06,9.637068e+05,4.170456e+06,7.251832e-03,-1.897425e-03,-7.339165e-03,6.149036e-18,216,26377
0.000000e+00,8.985401e-08,-1.549622e-08,4.609647e-07,0.000000e+00,0.000000e+00,0.000000e+00,-1.266005e+07,-4.369950e+05,-4.656084e+07,3.954731e-18,217,0
8.786364e-10,7.720641e-04,5.487462e-07,2.500526e-03,8.793452e+05,6.498192e+02,2.847456e+06,-5.596582e-01,-1.364284e-02,-1.575553e+00,3.954731e-18,217,3866
8.779773e-09,7.720398e-03,5.695516e-06,2.500009e-02,8.794228e+05,6.517303e+02,2.847675e+06,-5.358049e-03,1.045783e-04,-1.666464e-02,3.954731e-18,217,38631
0.000000e+00,6.194033e-08,7.584033e-08,2.374750e-07,0.000000e+00,0.000000e+00,0.000000e+00,-4.302232e+07,-5.652578e+07,-1.333185e+08,6.740000e-18,218,0
4.452273e-10,8.138240e-04,1.067757e-03,2.500637e-03,1.828049e+06,2.398449e+06,5.616829e+06,-4.887301e-01,-6.303623e-01,-1.329481e+00,6.740000e-18,218,1959
4.450909e-09,8.136519e-03,1.067533e-02,2.500018e-02,1.828083e+06,2.398493e+06,5.616923e+06,-4.783213e-03,-6.202469e-03,-1.349217e-02,6.740000e-18,218,19584
0.000000e+00,1.901878e-07,-2.117643e-07,4.407028e-07,0.000000e+00,0.000000e+00,0.000000e+00,-2.593293e+07,2.566898e+07,-2.890696e+07,3.452170e-18,219,0
1.469545e-09,2.440605e-03,-2.472305e-03,2.500180e-03,1.661467e+06,-1.683058e+06,1.701636e+06,-3.550342e-01,3.690991e-01,-2.507425e-01,3.452170e-18,219,6466
1.469182e-08,2.440988e-02,-2.472709e-02,2.500031e-02,1.661549e+06,-1.683143e+06,1.701695e+06,-3.112440e-03,3.152858e-03,-3.187607e-03,3.452170e-18,219,64644
0.000000e+00,2.695419e-07,6.394530e-09,2.842765e-07,0.000000e+00,0.000000e+00,0.000000e+00,-6.041843e+07,-2.759673e+06,-4.304395e+07,4.472605e-18,220,0
1.221364e-09,3.789954e-03,1.797330e-04,2.500044e-03,3.103751e+06,1.472034e+05,2.047137e+06,-4.921311e-01,-2.736993e-02,-2.314316e-01,4.472605e-18,220,5374
1.221227e-08,3.790386e-02,1.797680e-03,2.500035e-02,3.103846e+06,1.472087e+05,2.047182e+06,-4.220629e-03,-2.145460e-04,-2.703674e-03,4.472605e-18,220,53734
0.000000e+00,-1.849463e-07,-4.596303e-08,3.533413e-07,0.000000e+00,0.000000e+00,0.000000e+00,4.069146e+07,8.768074e+06,-5.428557e+07,4.481044e-18,221,0
8.790909e-10,-2.005547e-03,-4.022160e-04,2.500408e-03,-2.282249e+06,-4.576618e+05,2.845008e+06,8.052139e-01,1.345987e-01,-8.150323e-01,4.481044e-18,221,3868
8.787500e-09,-2.005524e-02,-4.021715e-03,2.500063e-02,-2.282361e+06,-4.576805e+05,2.845121e+06,7.513069e-03,1.537628e-03,-8.594247e-03,4.481044e-18,221,38665
0.000000e+00,1.886655e-07,-7.066212e-08,5.320125e-07,0.000000e+00,0.000000e+00,0.000000e+00,-2.339536e+07,9.690937e+06,-3.244017e+07,3.261111e-18,222,0
1.220909e-09,2.004675e-03,-8.325637e-04,2.500298e-03,1.642948e+06,-6.823036e+05,2.048566e+06,-6.298595e-01,2.388756e-01,-5.795017e-01,3.261111e-18,222,5372
1.220364e-08,2.004983e-02,-8.326536e-03,2.500016e-02,1.643069e+06,-6.823495e+05,2.048679e+06,-5.401468e-03,2.253223e-03,-6.940150e-03,3.261111e-18,222,53696
0.000000e+00,-1.354984e-07,5.122647e-08,1.442163e-07,0.000000e+00,0.000000e+00,0.000000e+00,1.658339e+08,-6.646009e+07,-1.542318e+08,8.228134e-18,223,0
4.002273e-10,-2.693870e-03,1.080007e-03,2.500835e-03,-6.730841e+06,2.698493e+06,6.248453e+06,5.969931e-01,-2.450169e-01,-5.014519e-01,8.228134e-18,223,1761
4.001136e-09,-2.693113e-02,1.079708e-02,2.500104e-02,-6.730879e+06,2.698508e+06,6.248485e+06,5.884858e-03,-2.379321e-03,-5.069461e-03,8.228134e-18,223,17605
0.000000e+00,1.421248e-07,3.532124e-08,6.320154e-07,0.000000e+00,0.000000e+00,0.000000e+00,-1.303219e+07,-6.752493e+06,-3.679043e+07,2.875237e-18,224,0
9.661364e-10,8.836479e-04,4.475118e-04,2.500281e-03,9.152790e+05,4.635615e+05,2.589281e+06,-5.700659e-01,-2.897746e-01,-1.391111e+00,2.875237e-18,224,4251
9.655227e-09,8.837216e-03,4.475757e-03,2.500030e-02,9.153659e+05,4.636057e+05,2.589494e+06,-4.934901e-03,-2.550353e-03,-1.487479e-02,2.875237e-18,224,42483
0.000000e+00,-1.537914e-07,-1.542224e-07,4.493971e-07,0.000000e+00,0.000000e+00,0.000000e+00,2.139992e+07,2.162343e+07,-3.997015e+07,3.679310e-18,225,0
1.074773e-09,-1.478433e-03,-1.426272e-03,2.500326e-03,-1.376300e+06,-1.327786e+06,2.327190e+06,5.379247e-01,5.524611e-01,-7.502115e-01,3.679310e-18,225,4729
1.074273e-08,-1.478517e-02,-1.426399e-02,2.500052e-02,-1.376391e+06,-1.327879e+06,2.327318e+06,4.395196e-03,4.664405e-03,-8.237909e-03,3.679310e-18,225,47268
0.000000e+00,-5.124018e-08,1.214471e-07,4.935355e-07,0.000000e+00,0.000000e+00,0.000000e+00,5.464100e+06,-1.146075e+07,-4.211304e+07,3.660726e-18,226,0
9.500000e-10,-3.210958e-04,7.912857e-04,2.500278e-03,-3.382042e+05,8.336082e+05,2.633344e+06,1.930334e-01,-5.744380e-01,-1.443165e+00,3.660726e-18,226,4180
9.493636e-09,-3.210794e-03,7.913940e-03,2.500014e-02,-3.382331e+05,8.336943e+05,2.633561e+06,1.875571e-03,-4.991469e-03,-1.541559e-02,3.660726e-18,226,41772
0.000000e+00,2.191057e-08,1.321754e-07,1.673774e-07,0.000000e+00,0.000000e+00,0.000000e+00,-2.686276e+07,-1.452094e+08,-1.612285e+08,7.888603e-18,227,0
3.813636e-10,4.177818e-04,2.257346e-03,2.500787e-03,1.095509e+06,5.919179e+06,6.557432e+06,-1.385781e-01,-7.295995e-01,-7.351093e-01,7.888603e-18,227,1678
3.812500e-09,4.176647e-03,2.256698e-02,2.500036e-02,1.095518e+06,5.919223e+06,6.557476e+06,-1.356859e-03,-7.255664e-03,-7.431006e-03,7.888603e-18,227,16775
0.000000e+00,7.938519e-08,-1.478720e-07,4.433153e-07,0.000000e+00,0.000000e+00,0.000000e+00,-1.705982e+07,2.631891e+06,-3.974593e+07,3.902403e-18,228,0
1.038636e-09,1.215514e-03,-3.481281e-04,2.500462e-03,1.171202e+06,-3.353572e+05,2.408642e+06,-6.525657e-01,1.978561e-01,-1.069211e+00,3.902403e-18,228,4570
1.037932e-08,1.215616e-02,-3.480843e-03,2.500017e-02,1.171309e+06,-3.353895e+05,2.408818e+06,-5.350949e-03,1.152849e-03,-1.198089e-02,3.902403e-18,228,45669
0.000000e+00,-4.013431e-08,1.370235e-07,4.963310e-07,0.000000e+00,0.000000e+00,0.000000e+00,1.574050e+06,-1.843655e+07,-4.203475e+07,3.618446e-18,229,0
9.643182e-10,-9.952745e-05,1.229577e-03,2.500132e-03,-1.032664e+05,1.276005e+06,2.593910e+06,6.652689e-02,-7.531367e-01,-1.250062e+00,3.618446e-18,229,4243
9.637955e-09,-9.952951e-04,1.229800e-02,2.500013e-02,-1.032765e+05,1.276120e+06,2.594101e+06,9.451412e-04,-6.664491e-03,-1.332742e-02,3.618446e-18,229,42407
0.000000e+00,-6.090064e-08,3.386552e-08,3.003192e-07,0.000000e+00,0.000000e+00,0.000000e+00,2.481853e+07,-1.357681e+07,-9.887305e+07,5.731692e-18,230,0
5.479545e-10,-6.426950e-04,3.532007e-04,2.500477e-03,-1.173195e+06,6.447437e+05,4.564157e+06,5.121335e-01,-2.812536e-01,-1.781654e+00,5.731692e-18,230,2411
5.477500e-09,-6.426193e-03,3.531594e-03,2.500033e-02,-1.173239e+06,6.447681e+05,4.564311e+06,5.058991e-03,-2.734977e-03,-1.810303e-02,5.731692e-18,230,24101
0.000000e+00,-1.312094e-07,-2.164239e-07,2.980452e-07,0.000000e+00,0.000000e+00,0.000000e+00,2.821606e+07,4.979410e+07,-4.396191e+07,4.510201e-18,231,0
1.168636e-09,-1.779228e-03,-3.049775e-03,2.500016e-03,-1.522906e+06,-2.610344e+06,2.139512e+06,3.006034e-01,4.679113e-01,-2.770669e-01,4.510201e-18,231,5142
1.168500e-08,-1.779514e-02,-3.050185e-02,2.500035e-02,-1.522961e+06,-2.610430e+06,2.139563e+06,2.423512e-03,4.045475e-03,-3.196655e-03,4.510201e-18,231,51414
0.000000e+00,1.105453e-07,-6.675374e-08,4.400647e-07,0.000000e+00,0.000000e+00,0.000000e+00,-1.869160e+07,1.561820e+07,-5.211347e+07,4.036012e-18,232,0
8.672727e-10,9.892730e-04,-8.623127e-04,2.500566e-03,1.141304e+06,-9.948836e+05,2.884423e+06,-5.893646e-01,5.239609e-01,-1.299928e+00,4.036012e-18,232,3816
8.667273e-09,9.891968e-03,-8.622868e-03,2.500022e-02,1.141385e+06,-9.949553e+05,2.884602e+06,-5.500275e-03,4.824183e-03,-1.347245e-02,4.036012e-18,232,38136
0.000000e+00,6.423160e-09,2.709770e-07,4.757848e-07,0.000000e+00,0.000000e+00,0.000000e+00,-1.715903e+06,-3.662463e+07,-3.537925e+07,3.324225e-18,233,0
1.230227e-09,5.355206e-05,2.770156e-03,2.500080e-03,4.354586e+04,2.252701e+06,2.032607e+06,-1.908303e-02,-6.367385e-01,-4.012993e-01,3.324225e-18,233,5413
1.229955e-08,5.356089e-04,2.770715e-02,2.500037e-02,4.354955e+04,2.252824e+06,2.032685e+06,-1.744098e-04,-5.585884e-03,-4.931779e-03,3.324225e-18,233,54118
0.000000e+00,6.817611e-08,-8.562951e-08,5.902410e-07,0.000000e+00,0.000000e+00,0.000000e+00,-1.140122e+07,3.510944e+06,-3.452325e+07,3.151460e-18,234,0
7.097727e-10,7.059688e-04,1.018061e-04,2.500774e-03,9.952073e+05,1.437031e+05,3.524805e+06,-5.475665e-01,-8.377885e-02,-1.773225e+00,3.151460e-18,234,3123
7.092727e-09,7.058656e-03,1.019106e-03,2.500049e-02,9.952687e+05,1.437125e+05,3.525004e+06,-5.370949e-03,-8.367007e-04,-1.824880e-02,3.151460e-18,234,31208
0.000000e+00,-1.363850e-07,1.913674e-07,3.674511e-07,0.000000e+00,0.000000e+00,0.000000e+00,2.314939e+07,-3.486467e+07,-4.070261e+07,4.118377e-18,235,0
1.097727e-09,-1.487760e-03,2.209196e-03,2.500223e-03,-1.355847e+06,2.013344e+06,2.278182e+06,3.952946e-01,-6.030011e-01,-5.090257e-01,4.118377e-18,235,4830
1.097364e-08,-1.487854e-02,2.209365e-02,2.500006e-02,-1.355915e+06,2.013449e+06,2.278270e+06,3.392234e-03,-5.078579e-03,-5.661892e-03,4.118377e-18,235,48284
0.000000e+00,1.242316e-07,-2.627214e-08,5.336600e-07,0.000000e+00,0.000000e+00,0.000000e+00,-1.407677e+07,-1.642262e+05,-3.536148e+07,3.419237e-18,236,0
1.086136e-09,1.151843e-03,-1.842114e-05,2.500293e-03,1.061331e+06,-1.696479e+04,2.303202e+06,-5.965094e-01,1.406639e-02,-1.045010e+00,3.419237e-18,236,4779
1.085455e-08,1.152019e-02,-1.841595e-04,2.500037e-02,1.061433e+06,-1.696719e+04,2.303382e+06,-5.315693e-03,1.736112e-04,-1.222442e-02,3.419237e-18,236,47760
0.000000e+00,1.354155e-07,-1.510211e-07,2.342293e-07,0.000000e+00,0.000000e+00,0.000000e+00,-5.297682e+07,5.871002e+07,-7.101979e+07,5.594781e-18,237,0
7.904545e-10,1.907931e-03,-2.116007e-03,2.500084e-03,2.414074e+06,-2.677352e+06,3.163135e+06,-4.548567e-01,5.073544e-01,-5.027151e-01,5.594781e-18,237,3478
7.903636e-09,1.908001e-02,-2.116087e-02,2.500041e-02,2.414130e+06,-2.677415e+06,3.163198e+06,-4.364374e-03,4.821316e-03,-5.202340e-03,5.594781e-18,237,34776
0.000000e+00,1.722657e-07,2.159325e-08,1.988075e-07,0.000000e+00,0.000000e+00,0.000000e+00,-1.020292e+08,-1.383621e+07,-9.780974e+07,6.480922e-18,238,0
6.050000e-10,2.633606e-03,3.580852e-04,2.500859e-03,4.353391e+06,5.919266e+05,4.133828e+06,-7.000533e-01,-9.891350e-02,-5.819207e-01,6.480922e-18,238,2662
6.047727e-09,2.632823e-02,3.579823e-03,2.500041e-02,4.353458e+06,5.919360e+05,4.133884e+06,-6.861401e-03,-9.721856e-04,-5.909444e-03,6.480922e-18,238,26610
0.000000e+00,4.540236e-08,5.465323e-08,6.673086e-07,0.000000e+00,0.000000e+00,0.000000e+00,-3.006636e+06,-4.533827e+06,-3.617581e+07,2.792149e-18,239,0
9.561364e-10,1.960912e-04,3.163203e-04,2.500192e-03,2.052438e+05,3.310524e+05,2.616363e+06,-1.741350e-01,-1.985963e-01,-1.536790e+00,2.792149e-18,239,4207
9.555227e-09,1.961188e-03,3.163283e-03,2.500019e-02,2.052701e+05,3.310823e+05,2.616596e+06,-1.230912e-03,-1.566875e-03,-1.677816e-02,2.792149e-18,239,42043
0.000000e+00,-3.289684e-08,-2.116646e-08,6.313639e-07,0.000000e+00,0.000000e+00,0.000000e+00,2.170275e+06,-5.195059e+06,-4.004156e+07,3.006286e-18,240,0
9.075000e-10,-2.002375e-04,2.368651e-04,2.500150e-03,-2.208013e+05,2.611693e+05,2.756554e+06,1.256746e-01,-1.112654e-01,-1.699710e+00,3.006286e-18,240,3993
9.069318e-09,-2.002499e-03,2.368589e-03,2.500028e-02,-2.208193e+05,2.611852e+05,2.756798e+06,1.079735e-03,-1.234872e-03,-1.811836e-02,3.006286e-18,240,39905
0.000000e+00,-1.183484e-07,1.272243e-07,4.405997e-07,0.000000e+00,0.000000e+00,0.000000e+00,2.123954e+07,-2.437662e+07,-4.265464e+07,3.901188e-18,241,0
9.836364e-10,-1.371194e-03,1.436846e-03,2.500223e-03,-1.394697e+06,1.461475e+06,2.542662e+06,5.374509e-01,-5.771252e-01,-8.460657e-01,3.901188e-18,241,4328
9.832273e-09,-1.371297e-02,1.436956e-02,2.500028e-02,-1.394780e+06,1.461564e+06,2.542794e+06,4.746688e-03,-5.044514e-03,-9.020660e-03,3.901188e-18,241,43262
0.000000e+00,6.381567e-08,1.395859e-07,6.089839e-07,0.000000e+00,0.000000e+00,0.000000e+00,-8.652923e+06,-1.169748e+07,-3.663105e+07,2.977913e-18,242,0
9.861364e-10,6.169093e-04,8.283224e-04,2.500102e-03,6.260711e+05,8.405975e+05,2.536551e+06,-3.930594e-01,-5.372187e-01,-1.301516e+00,2.977913e-18,242,4339
9.855909e-09,6.170467e-03,8.284845e-03,2.500022e-02,6.261323e+05,8.406811e+05,2.536754e+06,-3.346294e-03,-4.238123e-03,-1.409274e-02,2.977913e-18,242,43366
0.000000e+00,-1.040505e-07,-2.556398e-07,2.986742e-07,0.000000e+00,0.000000e+00,0.000000e+00,2.203664e+07,5.175284e+07,-3.910159e+07,4.326052e-18,243,0
1.297955e-09,-1.534733e-03,-3.577228e-03,2.500344e-03,-1.182724e+06,-2.756739e+06,1.926560e+06,1.873301e-01,4.419031e-01,-1.983281e-01,4.326052e-18,243,5711
1.297659e-08,-1.534770e-02,-3.577305e-02,2.500033e-02,-1.182762e+06,-2.756829e+06,1.926601e+06,1.590256e-03,3.717756e-03,-2.536393e-03,4.326052e-18,243,57097
0.000000e+00,3.755917e-08,1.454538e-07,5.916179e-07,0.000000e+00,0.000000e+00,0.000000e+00,-9.240535e+05,-1.561743e+07,-3.715937e+07,3.070935e-18,244,0
9.820455e-10,1.043783e-04,1.088124e-03,2.500231e-03,1.064172e+05,1.108844e+06,2.547283e+06,-1.227012e-01,-6.818200e-01,-1.327413e+00,3.070935e-18,244,4321
9.814318e-09,1.044423e-03,1.088251e-02,2.500003e-02,1.064362e+05,1.108949e+06,2.547489e+06,-9.828190e-04,-5.816238e-03,-1.418808e-02,3.070935e-18,244,43183
0.000000e+00,-6.090716e-08,-8.216457e-08,2.411499e-07,0.000000e+00,0.000000e+00,0.000000e+00,3.811540e+07,5.375237e+07,-1.249289e+08,6.611128e-18,245,0
4.700000e-10,-7.701069e-04,-1.087331e-03,2.500357e-03,-1.638701e+06,-2.313734e+06,5.320283e+06,4.611095e-01,6.632098e-01,-1.345730e+00,6.611128e-18,245,2068
4.699091e-09,-7.700441e-03,-1.087249e-02,2.500067e-02,-1.638735e+06,-2.313783e+06,5.320383e+06,4.553840e-03,6.448820e-03,-1.357022e-02,6.611128e-18,245,20676
0.000000e+00,-7.996339e-09,7.630005e-08,3.890268e-07,0.000000e+00,0.000000e+00,0.000000e+00,3.732045e+06,-1.630163e+07,-6.468685e+07,4.604618e-18,246,0
7.109091e-10,-1.820211e-04,6.336582e-04,2.500203e-03,-2.561984e+05,8.917396e+05,3.518258e+06,1.564286e-01,-4.844457e-01,-1.789521e+00,4.604618e-18,246,3128
7.105909e-09,-1.820503e-03,6.336620e-03,2.500053e-02,-2.562159e+05,8.917940e+05,3.518459e+06,1.385283e-03,-4.876239e-03,-1.847905e-02,4.604618e-18,246,31266
0.000000e+00,-1.898972e-07,7.241289e-08,4.921010e-07,0.000000e+00,0.000000e+00,0.000000e+00,2.866641e+07,-7.635537e+06,-3.642814e+07,3.492215e-18,247,0
1.164773e-09,-2.152887e-03,7.289465e-04,2.500343e-03,-1.849299e+06,6.261990e+05,2.147237e+06,6.477151e-01,-2.375270e-01,-5.702997e-01,3.492215e-18,247,5125
1.164295e-08,-2.153121e-02,7.290752e-03,2.500040e-02,-1.849418e+06,6.262425e+05,2.147343e+06,5.365443e-03,-1.758313e-03,-6.795656e-03,3.492215e-18,247,51229
0.000000e+00,-2.525673e-07,-1.081978e-07,4.292983e-07,0.000000e+00,0.000000e+00,0.000000e+00,3.386574e+07,1.373086e+07,-3.300242e+07,3.548023e-18,248,0
1.348409e-09,-2.954571e-03,-1.187408e-03,2.500157e-03,-2.192066e+06,-8.809514e+05,1.854515e+06,5.276367e-01,2.052075e-01,-3.163882e-01,3.548023e-18,248,5933
1.348068e-08,-2.955044e-02,-1.187579e-02,2.500032e-02,-2.192178e+06,-8.809949e+05,1.854584e+06,4.426509e-03,1.752476e-03,-3.915845e-03,3.548023e-18,248,59315
0.000000e+00,9.934852e-08,-4.669248e-08,1.829861e-07,0.000000e+00,0.000000e+00,0.000000e+00,-1.027582e+08,5.114652e+07,-1.760531e+08,7.949855e-18,249,0
3.479545e-10,1.462017e-03,-7.279530e-04,2.500126e-03,4.201794e+06,-2.092126e+06,7.185215e+06,-7.035603e-01,3.566664e-01,-1.133349e+00,7.949855e-18,249,1531
3.479545e-09,1.462042e-02,-7.279688e-03,2.500144e-02,4.201832e+06,-2.092146e+06,7.185277e+06,-6.971579e-03,3.569408e-03,-1.137653e-02,7.949855e-18,249,15310
0.000000e+00,-1.856125e-07,-1.117246e-07,3.495835e-07,0.000000e+00,0.000000e+00,0.000000e+00,3.666421e+07,1.688661e+07,-4.903588e+07,4.363697e-18,250,0
9.563636e-10,-2.004125e-03,-9.685229e-04,2.500150e-03,-2.096387e+06,-1.013105e+06,2.614898e+06,6.967107e-01,3.431200e-01,-7.049818e-01,4.363697e-18,250,4208
9.560682e-09,-2.004285e-02,-9.685966e-03,2.500033e-02,-2.096492e+06,-1.013156e+06,2.615005e+06,6.527699e-03,3.126687e-03,-7.578458e-03,4.363697e-18,250,42067
0.000000e+00,-1.330806e-07,-8.970576e-09,4.688974e-07,0.000000e+00,0.000000e+00,0.000000e+00,1.719754e+07,9.167678e+05,-4.283626e+07,3.826833e-18,251,0
1.001591e-09,-1.195563e-03,3.409150e-05,2.500236e-03,-1.194580e+06,3.410583e+04,2.497392e+06,7.345556e-01,-2.998332e-02,-1.101118e+00,3.826833e-18,251,4407
1.001045e-08,-1.195823e-02,3.413814e-04,2.500019e-02,-1.194696e+06,3.411051e+04,2.497566e+06,6.029575e-03,-1.540720e-04,-1.266637e-02,3.826833e-18,251,44046
0.000000e+00,1.285488e-07,-1.053796e-07,2.327222e-07,0.000000e+00,0.000000e+00,0.000000e+00,-5.934788e+07,5.030574e+07,-8.832640e+07,6.051678e-18,252,0
6.450000e-10,1.707461e-03,-1.446653e-03,2.500395e-03,2.647595e+06,-2.243191e+06,3.876952e+06,-6.063212e-01,5.138993e-01,-7.816764e-01,6.051678e-18,252,2838
6.448409e-09,1.707284e-02,-1.446506e-02,2.500032e-02,2.647657e+06,-2.243243e+06,3.877032e+06,-5.941591e-03,5.044037e-03,-7.935137e-03,6.051678e-18,252,28373
0.000000e+00,1.997291e-07,1.616350e-09,3.730047e-07,0.000000e+00,0.000000e+00,0.000000e+00,-3.962555e+07,6.227134e+05,-4.838031e+07,4.263171e-18,253,0
9.543182e-10,2.168752e-03,-4.235863e-05,2.500488e-03,2.273479e+06,-4.440481e+04,2.620851e+06,-7.761988e-01,1.002190e-02,-7.171762e-01,4.263171e-18,253,4199
9.538864e-09,2.168637e-02,-4.235644e-04,2.500007e-02,2.273596e+06,-4.440631e+04,2.620960e+06,-7.147994e-03,4.266780e-05,-7.856039e-03,4.263171e-18,253,41971
0.000000e+00,-3.075131e-08,-4.220742e-08,6.260806e-07,0.000000e+00,0.000000e+00,0.000000e+00,-1.907295e+07,7.794329e+06,-4.980960e+07,3.040153e-18,254,0
8.231818e-10,8.207445e-04,-3.922662e-04,2.500436e-03,9.975244e+05,-4.769470e+05,3.039018e+06,-3.842311e-01,4.515524e-01,-1.840785e+00,3.040153e-18,254,3622
8.226364e-09,8.205906e-03,-3.923551e-03,2.500030e-02,9.975745e+05,-4.770056e+05,3.039257e+06,-3.436052e-03,4.340559e-03,-1.893186e-02,3.040153e-18,254,36196
0.000000e+00,1.883654e-07,-1.084325e-07,3.105307e-07,0.000000e+00,0.000000e+00,0.000000e+00,4.527848e+06,2.999928e+07,-6.440449e+07,4.693572e-18,255,0
7.256818e-10,-4.674059e-05,-1.220497e-03,2.500527e-03,-6.463959e+04,-1.682568e+06,3.446931e+06,2.894662e-02,7.683746e-01,-1.438229e+00,4.693572e-18,255,3193
7.252955e-09,-4.686788e-04,-1.220355e-02,2.500048e-02,-6.464291e+04,-1.682656e+06,3.447096e+06,1.318031e-04,7.446660e-03,-1.482820e-02,4.693572e-18,255,31913
0.000000e+00,2.261711e-08,1.518393e-07,5.501055e-07,0.000000e+00,0.000000e+00,0.000000e+00,-3.318289e+06,-1.447945e+07,-3.794941e+07,3.277519e-18,256,0
1.045000e-09,2.623622e-04,1.082852e-03,2.500332e-03,2.513068e+05,1.037009e+06,2.393803e+06,-1.813450e-01,-6.201849e-01,-1.089220e+00,3.277519e-18,256,4598
1.044364e-08,2.624536e-03,1.083012e-02,2.500021e-02,2.513366e+05,1.037111e+06,2.393983e+06,-1.097217e-03,-5.106391e-03,-1.250674e-02,3.277519e-18,256,45952
0.000000e+00,7.599115e-08,1.721155e-07,3.195606e-07,0.000000e+00,0.000000e+00,0.000000e+00,-1.964944e+07,-4.461544e+07,-5.587650e+07,4.792064e-18,257,0
8.879545e-10,9.381277e-04,2.123768e-03,2.500403e-03,1.056857e+06,2.392540e+06,2.816504e+06,-3.261813e-01,-7.267433e-01,-6.990530e-01,4.792064e-18,257,3907
8.876364e-09,9.381039e-03,2.123703e-02,2.500044e-02,1.056903e+06,2.392642e+06,2.816602e+06,-3.147183e-03,-6.873617e-03,-7.289607e-03,4.792064e-18,257,39056
0.000000e+00,2.703408e-08,-5.770909e-08,4.897022e-07,0.000000e+00,0.000000e+00,0.000000e+00,-3.224473e+06,8.499757e+06,-4.514863e+07,3.799825e-18,258,0
9.388636e-10,1.594116e-04,-4.501248e-04,2.500542e-03,1.698947e+05,-4.797531e+05,2.664833e+06,-1.040137e-01,2.848653e-01,-1.480069e+00,3.799825e-18,258,4131
9.381591e-09,1.593894e-03,-4.500844e-03,2.500053e-02,1.699101e+05,-4.797953e+05,2.665053e+06,-1.036384e-03,2.893291e-03,-1.626259e-02,3.799825e-18,258,41279
0.000000e+00,2.372868e-07,8.544837e-08,4.481673e-07,0.000000e+00,0.000000e+00,0.000000e+00,-2.557952e+07,-1.010370e+07,-3.585949e+07,3.536715e-18,259,0
1.221818e-09,2.029712e-03,8.360428e-04,2.500397e-03,1.662110e+06,6.846689e+05,2.047126e+06,-6.094843e-01,-2.642316e-01,-5.698073e-01,3.536715e-18,259,5376
1.221227e-08,2.029813e-02,8.361328e-03,2.500025e-02,1.662227e+06,6.847197e+05,2.047237e+06,-5.413181e-03,-2.216573e-03,-6.910130e-03,3.536715e-18,259,53734
0.000000e+00,7.703978e-08,-1.556150e-07,4.456483e-07,0.000000e+00,0.000000e+00,0.000000e+00,-5.210307e+06,4.022648e+07,-4.990753e+07,3.867790e-18,260,0
9.236364e-10,3.382302e-04,-2.056136e-03,2.500315e-03,3.663045e+05,-2.227038e+06,2.707672e+06,-1.219999e-01,7.819126e-01,-7.894500e-01,3.867790e-18,260,4064
9.232955e-09,3.382093e-03,-2.056208e-02,2.500002e-02,3.663223e+05,-2.227152e+06,2.707788e+06,-1.142396e-03,7.213705e-03,-8.433602e-03,3.867790e-18,260,40625
0.000000e+00,-9.671046e-08,-1.226558e-07,3.723834e-07,0.000000e+00,0.000000e+00,0.000000e+00,1.070849e+07,1.032108e+07,-4.797617e+07,4.503558e-18,261,0
8.913636e-10,-6.724050e-04,-6.631865e-04,2.500057e-03,-7.548984e+05,-7.444843e+05,2.806316e+06,4.697222e-01,4.573488e-01,-1.543555e+00,4.503558e-18,261,3922
8.908636e-09,-6.725070e-03,-6.632347e-03,2.500050e-02,-7.549645e+05,-7.445487e+05,2.806534e+06,4.356603e-03,4.335750e-03,-1.619512e-02,4.503558e-18,261,39198
0.000000e+00,1.374472e-07,-7.155538e-08,6.102202e-07,0.000000e+00,0.000000e+00,0.000000e+00,-1.337690e+07,6.903754e+06,-3.436859e+07,2.979260e-18,262,0
1.044318e-09,9.959882e-04,-5.102547e-04,2.500508e-03,9.544049e+05,-4.889080e+05,2.395538e+06,-5.418843e-01,2.465515e-01,-1.099563e+00,2.979260e-18,262,4595
1.043614e-08,9.960280e-03,-5.102305e-03,2.500038e-02,9.544941e+05,-4.889485e+05,2.395720e+06,-4.450863e-03,2.239432e-03,-1.251363e-02,2.979260e-18,262,45919
0.000000e+00,8.702594e-08,1.815313e-07,2.637696e-07,0.000000e+00,0.000000e+00,0.000000e+00,-2.722484e+07,-6.177897e+07,-6.665672e+07,5.260661e-18,263,0
8.181818e-10,1.052538e-03,2.395411e-03,2.500539e-03,1.286677e+06,2.928311e+06,3.056590e+06,-2.859870e-01,-6.677542e-01,-5.737367e-01,5.260661e-18,263,3600
8.179091e-09,1.052387e-02,2.395097e-02,2.500027e-02,1.286714e+06,2.928397e+06,3.056664e+06,-2.847368e-03,-6.401626e-03,-5.960728e-03,5.260661e-18,263,35988
0.000000e+00,1.380061e-07,7.873911e-08,5.396137e-07,0.000000e+00,0.000000e+00,0.000000e+00,-1.830369e+07,-1.266704e+07,-1.898971e+07,3.329867e-18,264,0
1.413409e-09,2.070289e-03,1.394038e-03,2.500245e-03,1.465758e+06,9.869824e+05,1.769706e+06,-5.061252e-01,-3.412399e-01,-4.670365e-01,3.329867e-18,264,6219
1.412682e-08,2.070626e-02,1.394275e-02,2.500034e-02,1.465871e+06,9.870583e+05,1.769811e+06,-4.696385e-03,-3.150839e-03,-5.669642e-03,3.329867e-18,264,62158
0.000000e+00,-1.513435e-07,-1.551749e-07,4.023775e-07,0.000000e+00,0.000000e+00,0.000000e+00,2.663744e+07,3.050850e+07,-3.374123e+07,3.995005e-18,265,0
1.350682e-09,-2.160090e-03,-2.487522e-03,2.500203e-03,-1.599892e+06,-1.842417e+06,1.851377e+06,3.587326e-01,4.098723e-01,-2.766274e-01,3.995005e-18,265,5943
1.350341e-08,-2.160391e-02,-2.487879e-02,2.500008e-02,-1.599968e+06,-1.842504e+06,1.851437e+06,3.064794e-03,3.528666e-03,-3.537421e-03,3.995005e-18,265,59415
0.000000e+00,-1.174197e-07,-1.789382e-07,4.073845e-07,0.000000e+00,0.000000e+00,0.000000e+00,1.654380e+07,3.025871e+07,-4.386310e+07,3.966381e-18,266,0
1.005227e-09,-1.044518e-03,-1.805886e-03,2.500387e-03,-1.039572e+06,-1.797319e+06,2.488165e+06,3.935363e-01,6.623697e-01,-7.673241e-01,3.966381e-18,266,4423
1.004773e-08,-1.044532e-02,-1.805893e-02,2.500053e-02,-1.039635e+06,-1.797424e+06,2.488287e+06,3.469517e-03,5.863517e-03,-8.332549e-03,3.966381e-18,266,44210
0.000000e+00,-3.258393e-08,4.789810e-08,2.011434e-07,0.000000e+00,0.000000e+00,0.000000e+00,3.457484e+07,-5.784172e+07,-2.090903e+08,8.151050e-18,267,0
2.936364e-10,-4.139672e-04,6.934567e-04,2.501240e-03,-1.409797e+06,2.361656e+06,8.518134e+06,2.871266e-01,-5.145949e-01,-1.701918e+00,8.151050e-18,267,1292
2.935000e-09,-4.137783e-03,6.931500e-03,2.500090e-02,-1.409810e+06,2.361679e+06,8.518213e+06,2.903849e-03,-5.026850e-03,-1.718382e-02,8.151050e-18,267,12914
0.000000e+00,1.719514e-07,7.331877e-08,3.044247e-07,0.000000e+00,0.000000e+00,0.000000e+00,-4.710012e+07,-2.069146e+07,-6.030046e+07,4.955828e-18,268,0
8.365909e-10,2.039937e-03,9.014263e-04,2.500517e-03,2.439114e+06,1.077822e+06,2.989541e+06,-7.326703e-01,-3.231282e-01,-7.627673e-01,4.955828e-18,268,3681
8.362500e-09,2.039709e-02,9.013283e-03,2.500016e-02,2.439211e+06,1.077865e+06,2.989642e+06,-6.943928e-03,-3.084080e-03,-7.900959e-03,4.955828e-18,268,36795
0.000000e+00,2.534847e-07,1.377216e-07,4.503738e-07,0.000000e+00,0.000000e+00,0.000000e+00,-2.939520e+07,-1.582293e+07,-3.227685e+07,3.372918e-18,269,0
1.328409e-09,2.556124e-03,1.348500e-03,2.500121e-03,1.925087e+06,1.015569e+06,1.882486e+06,-5.344111e-01,-2.713296e-01,-3.721671e-01,3.372918e-18,269,5845
1.328023e-08,2.556552e-02,1.348696e-02,2.500002e-02,1.925199e+06,1.015626e+06,1.882565e+06,-4.540950e-03,-2.416365e-03,-4.510823e-03,3.372918e-18,269,58433
0.000000e+00,-1.867861e-07,-8.325893e-09,5.049150e-07,0.000000e+00,0.000000e+00,0.000000e+00,2.309699e+07,1.966985e+05,-4.338954e+07,3.474805e-18,270,0
9.415909e-10,-1.558588e-03,-1.213318e-04,2.500319e-03,-1.656305e+06,-1.289308e+05,2.656429e+06,8.683895e-01,4.007885e-02,-1.059432e+00,3.474805e-18,270,4143
9.411136e-09,-1.558764e-02,-1.213359e-03,2.500017e-02,-1.656434e+06,-1.289367e+05,2.656587e+06,7.495452e-03,6.221681e-04,-1.127261e-02,3.474805e-18,270,41409
0.000000e+00,7.933725e-08,-1.484237e-08,5.519417e-07,0.000000e+00,0.000000e+00,0.000000e+00,-9.841682e+06,2.016570e+05,-3.583616e+07,3.384577e-18,271,0
1.044091e-09,6.616336e-04,-2.740638e-05,2.500223e-03,6.341949e+05,-2.628471e+04,2.396055e+06,-3.905645e-01,3.257552e-02,-1.272380e+00,3.384577e-18,271,4594
1.043386e-08,6.617080e-03,-2.742555e-04,2.500027e-02,6.342591e+05,-2.629006e+04,2.396266e+06,-3.548998e-03,1.552249e-04,-1.468426e-02,3.384577e-18,271,45909
0.000000e+00,-1.599711e-07,1.718134e-07,3.645952e-07,0.000000e+00,0.000000e+00,0.000000e+00,2.940175e+07,-3.035757e+07,-3.993471e+07,4.139781e-18,272,0
1.153182e-09,-2.005526e-03,2.111373e-03,2.500426e-03,-1.739803e+06,1.831618e+06,2.168730e+06,4.614666e-01,-4.807121e-01,-4.150937e-01,4.139781e-18,272,5074
1.152750e-08,-2.005551e-02,2.111391e-02,2.500017e-02,-1.739886e+06,1.831705e+06,2.168806e+06,3.798863e-03,-3.961960e-03,-4.741849e-03,4.139781e-18,272,50721
0.000000e+00,-4.121628e-08,1.729971e-07,4.146549e-07,0.000000e+00,0.000000e+00,0.000000e+00,1.321653e+07,-3.041623e+07,-4.853024e+07,4.066525e-18,273,0
9.134091e-10,-6.733385e-04,1.654031e-03,2.500217e-03,-7.375268e+05,1.811702e+06,2.738163e+06,3.072445e-01,-7.767460e-01,-1.006654e+00,4.066525e-18,273,4019
9.130227e-09,-6.733763e-03,1.654122e-02,2.500019e-02,-7.375711e+05,1.811814e+06,2.738309e+06,2.929083e-03,-7.370436e-03,-1.057069e-02,4.066525e-18,273,40173
0.000000e+00,1.463517e-07,1.081986e-08,6.125746e-07,0.000000e+00,0.000000e+00,0.000000e+00,-1.861316e+07,-6.639326e+06,-3.880772e+07,2.978527e-18,274,0
9.700000e-10,1.228594e-03,3.848801e-04,2.500411e-03,1.267456e+06,3.970896e+05,2.578893e+06,-7.219764e-01,-2.333080e-01,-1.225068e+00,2.978527e-18,274,4268
9.694091e-09,1.228679e-02,3.849384e-03,2.500026e-02,1.267566e+06,3.971253e+05,2.579081e+06,-6.273792e-03,-1.956525e-03,-1.314477e-02,2.978527e-18,274,42654
0.000000e+00,1.242884e-07,1.397171e-07,2.524486e-07,0.000000e+00,0.000000e+00,0.000000e+00,-4.541905e+07,-5.218968e+07,-7.639980e+07,5.549868e-18,275,0
7.272727e-10,1.524767e-03,1.750617e-03,2.500323e-03,2.096920e+06,2.407522e+06,3.438350e+06,-5.031681e-01,-5.787654e-01,-7.060942e-01,5.549868e-18,275,3200
7.270909e-09,1.524656e-02,1.750493e-02,2.500007e-02,2.096978e+06,2.407589e+06,3.438431e+06,-4.750398e-03,-5.676326e-03,-7.331773e-03,5.549868e-18,275,31992
0.000000e+00,-1.189644e-07,5.761698e-08,4.863035e-07,0.000000e+00,0.000000e+00,0.000000e+00,1.396713e+07,-7.819341e+06,-4.135045e+07,3.710235e-18,276,0
1.030000e-09,-1.006666e-03,5.196736e-04,2.500019e-03,-9.780625e+05,5.048489e+05,2.428261e+06,5.512976e-01,-2.565175e-01,-1.026324e+00,3.710235e-18,276,4532
1.029545e-08,-1.006955e-02,5.197648e-03,2.500024e-02,-9.781519e+05,5.048905e+05,2.428428e+06,4.546361e-03,-2.260040e-03,-1.242973e-02,3.710235e-18,276,45300
0.000000e+00,-1.274141e-07,9.852188e-08,3.942309e-07,0.000000e+00,0.000000e+00,0.000000e+00,2.373593e+07,-1.981359e+07,-4.977293e+07,4.284803e-18,277,0
8.936364e-10,-1.285816e-03,1.098319e-03,2.500270e-03,-1.439559e+06,1.229671e+06,2.798839e+06,6.217616e-01,-5.423635e-01,-1.036037e+00,4.284803e-18,277,3932
8.932273e-09,-1.285849e-02,1.098371e-02,2.500009e-02,-1.439647e+06,1.229748e+06,2.798986e+06,5.859271e-03,-4.937773e-03,-1.086169e-02,4.284803e-18,277,39302
0.000000e+00,-6.890702e-09,9.590454e-08,2.642312e-07,0.000000e+00,0.000000e+00,0.000000e+00,4.543580e+06,-5.398211e+07,-1.147276e+08,6.214745e-18,278,0
5.020455e-10,-1.003205e-04,1.192677e-03,2.500614e-03,-1.998559e+05,2.375992e+06,4.981340e+06,6.472439e-02,-7.697253e-01,-1.429387e+00,6.214745e-18,278,2209
5.018864e-09,-1.003052e-03,1.192483e-02,2.500084e-02,-1.998610e+05,2.376053e+06,4.981453e+06,6.839775e-04,-7.570487e-03,-1.457726e-02,6.214745e-18,278,22083
0.000000e+00,1.261454e-08,7.420301e-08,3.306460e-07,0.000000e+00,0.000000e+00,0.000000e+00,-1.491667e+06,-2.408366e+07,-8.076015e+07,5.279396e-18,279,0
6.202273e-10,4.929368e-05,7.732027e-04,2.500164e-03,7.948613e+04,1.247091e+06,4.032146e+06,-2.750108e-02,-6.141139e-01,-1.771284e+00,5.279396e-18,279,2729
6.200227e-09,4.928387e-04,7.732250e-03,2.500034e-02,7.948882e+04,1.247151e+06,4.032320e+06,-3.398740e-04,-5.952636e-03,-1.802951e-02,5.279396e-18,279,27281
0.000000e+00,1.707876e-07,1.944263e-07,3.583113e-07,0.000000e+00,0.000000e+00,0.000000e+00,-3.074504e+07,-3.334918e+07,-3.827377e+07,4.042084e-18,280,0
1.239545e-09,2.215383e-03,2.435477e-03,2.500144e-03,1.787864e+06,1.965494e+06,2.017315e+06,-3.860311e-01,-4.362011e-01,-3.150120e-01,4.042084e-18,280,5454
1.239273e-08,2.215645e-02,2.435778e-02,2.500020e-02,1.787939e+06,1.965580e+06,2.017378e+06,-3.277651e-03,-3.608303e-03,-3.698766e-03,4.042084e-18,280,54528
0.000000e+00,-1.930969e-07,5.967982e-09,1.972023e-07,0.000000e+00,0.000000e+00,0.000000e+00,1.258598e+08,1.118420e+07,-6.777823e+07,6.223222e-18,281,0
8.781818e-10,-4.681371e-03,-4.129717e-04,2.500519e-03,-5.331025e+06,-4.703070e+05,2.847376e+06,3.755410e-01,3.352404e-02,-1.639416e-01,6.223222e-18,281,3864
8.780000e-09,-4.680650e-02,-4.129283e-03,2.500012e-02,-5.331077e+06,-4.703117e+05,2.847399e+06,3.568350e-03,3.138795e-04,-1.714936e-03,6.223222e-18,281,38632
0.000000e+00,9.956727e-08,-6.568720e-08,4.220555e-07,0.000000e+00,0.000000e+00,0.000000e+00,-1.326144e+07,1.220393e+07,-4.524368e+07,4.198985e-18,282,0
9.188636e-10,7.936064e-04,-7.720974e-04,2.500108e-03,8.642551e+05,-8.408781e+05,2.722269e+06,-5.103920e-01,4.818659e-01,-1.366114e+00,4.198985e-18,282,4043
9.183636e-09,7.936985e-03,-7.722242e-03,2.500040e-02,8.643291e+05,-8.409480e+05,2.722467e+06,-4.502873e-03,4.348447e-03,-1.447401e-02,4.198985e-18,282,40408
0.000000e+00,4.514203e-08,1.639417e-07,3.948172e-07,0.000000e+00,0.000000e+00,0.000000e+00,-9.189847e+06,-3.043246e+07,-4.832757e+07,4.239088e-18,283,0
9.338636e-10,5.427768e-04,1.739651e-03,2.500008e-03,5.815102e+05,1.863767e+06,2.677951e+06,-2.375934e-01,-7.679636e-01,-9.213173e-01,4.239088e-18,283,4109
9.335455e-09,5.428631e-03,1.739905e-02,2.500000e-02,5.815452e+05,1.863880e+06,2.678088e+06,-2.339645e-03,-7.298580e-03,-9.773156e-03,4.239088e-18,283,41076
0.000000e+00,2.118482e-07,9.052175e-08,5.409381e-07,0.000000e+00,0.000000e+00,0.000000e+00,-1.857761e+07,-1.142815e+07,-3.379758e+07,3.131484e-18,284,0
1.165909e-09,1.633915e-03,8.800136e-04,2.500108e-03,1.402305e+06,7.552662e+05,2.145124e+06,-6.208594e-01,-3.270019e-01,-6.962368e-01,3.131484e-18,284,5130
1.165432e-08,1.634286e-02,8.802077e-03,2.500016e-02,1.402419e+06,7.553262e+05,2.145253e+06,-5.150045e-03,-2.762659e-03,-8.458499e-03,3.131484e-18,284,51279
0.000000e+00,8.563872e-08,-1.910494e-07,5.437086e-07,0.000000e+00,0.000000e+00,0.000000e+00,-5.887153e+06,2.185259e+07,-3.188816e+07,3.190697e-18,285,0
1.241591e-09,5.924794e-04,-1.888505e-03,2.500013e-03,4.774991e+05,-1.522021e+06,2.014345e+06,-1.989632e-01,6.240447e-01,-6.481879e-01,3.190697e-18,285,5463
1.241091e-08,5.926179e-03,-1.888957e-02,2.500005e-02,4.775380e+05,-1.522143e+06,2.014473e+06,-1.895453e-03,5.867821e-03,-7.749417e-03,3.190697e-18,285,54608
0.000000e+00,2.476461e-09,1.764653e-07,4.515516e-07,0.000000e+00,0.000000e+00,0.000000e+00,-6.506862e+05,-2.614229e+07,-4.308805e+07,3.804563e-18,286,0
9.870455e-10,-4.513742e-05,1.570055e-03,2.500147e-03,-4.581174e+04,1.591588e+06,2.534007e+06,3.865822e-02,-7.813871e-01,-1.022317e+00,3.804563e-18,286,4343
9.865909e-09,-4.519379e-04,1.570244e-02,2.500042e-02,-4.581776e+04,1.591709e+06,2.534167e+06,3.977945e-04,-6.743574e-03,-1.097465e-02,3.804563e-18,286,43410
0.000000e+00,2.273221e-08,-1.996211e-07,3.012863e-07,0.000000e+00,0.000000e+00,0.000000e+00,-9.907663e+06,5.366811e+07,-5.829791e+07,4.893467e-18,287,0
8.768182e-10,4.388390e-04,-2.419308e-03,2.500413e-03,5.006410e+05,-2.759966e+06,2.852205e+06,-1.342094e-01,7.584858e-01,-6.451387e-01,4.893467e-18,287,3858
8.765227e-09,4.388221e-03,-2.419174e-02,2.500035e-02,5.006596e+05,-2.760071e+06,2.852294e+06,-1.255003e-03,7.122637e-03,-6.741007e-03,4.893467e-18,287,38567
0.000000e+00,-2.093400e-07,-1.533877e-07,3.565525e-07,0.000000e+00,0.000000e+00,0.000000e+00,3.932314e+07,2.922756e+07,-3.707572e+07,4.055149e-18,288,0
1.307500e-09,-2.918759e-03,-2.158510e-03,2.500366e-03,-2.233010e+06,-1.651368e+06,1.912558e+06,4.181429e-01,3.038205e-01,-2.383546e-01,4.055149e-18,288,5753
1.307159e-08,-2.918893e-02,-2.158596e-02,2.500035e-02,-2.233096e+06,-1.651430e+06,1.912608e+06,3.467159e-03,2.591684e-03,-2.932459e-03,4.055149e-18,288,57515
0.000000e+00,1.031888e-07,1.634842e-07,2.312211e-07,0.000000e+00,0.000000e+00,0.000000e+00,-4.239734e+07,-7.371780e+07,-7.211738e+07,5.743023e-18,289,0
7.886364e-10,1.502021e-03,2.613450e-03,2.500390e-03,1.904825e+06,3.314340e+06,3.170749e+06,-3.225802e-01,-5.711727e-01,-4.431182e-01,5.743023e-18,289,3470
7.884545e-09,1.501872e-02,2.613213e-02,2.500006e-02,1.904865e+06,3.314412e+06,3.170805e+06,-3.119268e-03,-5.394649e-03,-4.630435e-03,5.743023e-18,289,34692
0.000000e+00,-2.060841e-07,-3.291078e-09,4.150698e-07,0.000000e+00,0.000000e+00,0.000000e+00,3.419878e+07,1.363731e+06,-3.948284e+07,3.950048e-18,290,0
1.117500e-09,-3.238586e-03,2.980766e-04,2.500397e-03,-2.899085e+06,2.668721e+05,2.237775e+06,6.020719e-01,-4.967537e-02,-3.386159e-01,3.950048e-18,290,4917
1.117182e-08,-3.238779e-02,2.981366e-03,2.500019e-02,-2.899191e+06,2.668808e+05,2.237835e+06,5.163964e-03,-4.357748e-04,-3.813755e-03,3.950048e-18,290,49156
0.000000e+00,1.952684e-07,2.085816e-07,4.565204e-07,0.000000e+00,0.000000e+00,0.000000e+00,-2.285832e+07,-2.349983e+07,-3.361127e+07,3.354928e-18,291,0
1.274545e-09,1.983501e-03,1.932261e-03,2.500248e-03,1.556982e+06,1.516721e+06,1.962122e+06,-4.585295e-01,-4.366335e-01,-3.983430e-01,3.354928e-18,291,5608
1.274136e-08,1.983801e-02,1.932506e-02,2.500030e-02,1.557074e+06,1.516809e+06,1.962203e+06,-3.794271e-03,-3.723614e-03,-4.911147e-03,3.354928e-18,291,56062
0.000000e+00,2.020043e-07,1.146067e-07,5.691524e-07,0.000000e+00,0.000000e+00,0.000000e+00,-1.768337e+07,-1.179177e+07,-3.352317e+07,2.988292e-18,292,0
1.086818e-09,1.282568e-03,9.116624e-04,2.500510e-03,1.180841e+06,8.393826e+05,2.301703e+06,-5.808864e-01,-3.984949e-01,-8.750874e-01,2.988292e-18,292,4782
1.086159e-08,1.282583e-02,9.116989e-03,2.500035e-02,1.180941e+06,8.394508e+05,2.301854e+06,-4.792990e-03,-3.324495e-03,-1.017936e-02,2.988292e-18,292,47791
0.000000e+00,-6.017552e-08,-2.304328e-08,2.105318e-07,0.000000e+00,0.000000e+00,0.000000e+00,5.834303e+07,2.465721e+07,-1.876021e+08,7.765039e-18,293,0
3.250000e-10,-7.794827e-04,-3.299085e-04,2.500705e-03,-2.398467e+06,-1.015141e+06,7.694562e+06,5.563866e-01,2.473598e-01,-1.682688e+00,7.765039e-18,293,1430
3.249091e-09,-7.792887e-03,-3.298303e-03,2.500051e-02,-2.398495e+06,-1.015153e+06,7.694649e+06,5.549523e-03,2.395857e-03,-1.691812e-02,7.765039e-18,293,14296
0.000000e+00,5.757845e-08,7.227304e-08,2.018065e-07,0.000000e+00,0.000000e+00,0.000000e+00,-5.938194e+07,-7.303973e+07,-1.714148e+08,7.692048e-18,294,0
3.556818e-10,8.694863e-04,1.069120e-03,2.500847e-03,2.444644e+06,3.005924e+06,7.031196e+06,-5.028406e-01,-6.116805e-01,-1.301608e+00,7.692048e-18,294,1565
3.555682e-09,8.692420e-03,1.068817e-02,2.500087e-02,2.444672e+06,3.005959e+06,7.031269e+06,-4.954183e-03,-6.008955e-03,-1.313046e-02,7.692048e-18,294,15645
0.000000e+00,-3.411426e-08,-2.990259e-08,5.585486e-07,0.000000e+00,0.000000e+00,0.000000e+00,7.260241e+06,-6.188326e+06,-4.237124e+07,3.399378e-18,295,0
8.750000e-10,-3.558743e-04,3.074299e-04,2.500373e-03,-4.069940e+05,3.516674e+05,2.859220e+06,2.712057e-01,-2.276017e-01,-1.752281e+00,3.399378e-18,295,3850
8.743636e-09,-3.558606e-03,3.074777e-03,2.500011e-02,-4.070315e+05,3.516988e+05,2.859463e+06,2.693700e-03,-2.112851e-03,-1.840659e-02,3.399378e-18,295,38472
0.000000e+00,1.060772e-07,2.027700e-07,2.220078e-07,0.000000e+00,0.000000e+00,0.000000e+00,-3.816696e+07,-7.390656e+07,-5.953143e+07,5.405266e-18,296,0
9.450000e-10,1.651271e-03,3.199688e-03,2.500068e-03,1.747614e+06,3.386379e+06,2.645755e+06,-2.469620e-01,-4.803491e-01,-2.901437e-01,5.405266e-18,296,4158
9.449091e-09,1.651340e-02,3.199827e-02,2.500012e-02,1.747651e+06,3.386451e+06,2.645799e+06,-2.336052e-03,-4.406187e-03,-3.112333e-03,5.405266e-18,296,41576
0.000000e+00,1.047806e-07,-9.171406e-08,5.354067e-07,0.000000e+00,0.000000e+00,0.000000e+00,-1.098490e+07,1.111161e+07,-3.612000e+07,3.402944e-18,297,0
1.060227e-09,7.479554e-04,-9.436463e-04,2.500190e-03,7.059440e+05,-8.907103e+05,2.359317e+06,-3.789643e-01,4.807597e-01,-1.049259e+00,3.402944e-18,297,4665
1.059636e-08,7.480434e-03,-9.438216e-03,2.500035e-02,7.060073e+05,-8.907906e+05,2.359494e+06,-3.224219e-03,4.150638e-03,-1.207724e-02,3.402944e-18,297,46624
0.000000e+00,-1.331182e-07,8.068225e-08,3.748268e-07,0.000000e+00,0.000000e+00,0.000000e+00,2.740097e+07,-1.690596e+07,-5.183495e+07,4.471027e-18,298,0
8.675000e-10,-1.485073e-03,8.758428e-04,2.500241e-03,-1.712708e+06,1.010083e+06,2.883078e+06,7.154228e-01,-4.215424e-01,-1.038331e+00,4.471027e-18,298,3817
8.671364e-09,-1.485145e-02,8.758765e-03,2.500031e-02,-1.712806e+06,1.010141e+06,2.883221e+06,6.931028e-03,-4.017517e-03,-1.079023e-02,4.471027e-18,298,38154
0.000000e+00,-8.924239e-08,3.223261e-08,1.971177e-07,0.000000e+00,0.000000e+00,0.000000e+00,1.012606e+08,-3.275987e+07,-1.865320e+08,7.805846e-18,299,0
3.288636e-10,-1.362325e-03,4.392363e-04,2.500409e-03,-4.142602e+06,1.335617e+06,7.603135e+06,7.935961e-01,-2.174226e-01,-1.257660e+00,7.805846e-18,299,1447
3.288182e-09,-1.362170e-02,4.391780e-03,2.500067e-02,-4.142643e+06,1.335628e+06,7.603201e+06,7.352457e-03,-2.353638e-03,-1.272086e-02,7.805846e-18,299,14468
0.000000e+00,-3.751376e-08,-4.082398e-08,6.224185e-07,0.000000e+00,0.000000e+00,0.000000e+00,2.296555e+07,-2.043864e+06,-2.763971e+07,3.057668e-18,300,0
1.241364e-09,-1.739359e-03,2.493295e-04,2.500009e-03,-1.402272e+06,2.010439e+05,2.014843e+06,6.477443e-01,-8.961393e-02,-7.363443e-01,3.057668e-18,300,5462
1.240795e-08,-1.739913e-02,2.494467e-03,2.500027e-02,-1.402399e+06,2.010614e+05,2.014988e+06,6.043597e-03,-7.580429e-04,-8.783211e-03,3.057668e-18,300,54595
0.000000e+00,2.388295e-09,-4.283228e-08,4.714214e-07,0.000000e+00,0.000000e+00,0.000000e+00,-1.503545e+05,6.071772e+06,-5.134764e+07,3.953022e-18,301,0
8.104545e-10,-7.750397e-05,-3.445536e-04,2.500035e-03,-9.571398e+04,-4.254324e+05,3.086341e+06,5.614751e-02,2.855155e-01,-1.824657e+00,3.953022e-18,301,3566
8.100227e-09,-7.752805e-04,-3.446080e-03,2.500017e-02,-9.572115e+04,-4.254689e+05,3.086575e+06,6.719304e-04,2.698714e-03,-1.912348e-02,3.953022e-18,301,35641
0.000000e+00,1.479548e-07,-8.223409e-08,5.541666e-07,0.000000e+00,0.000000e+00,0.000000e+00,-1.776817e+07,8.922156e+06,-3.693106e+07,3.232760e-18,302,0
1.053409e-09,1.260723e-03,-5.878962e-04,2.500055e-03,1.197595e+06,-5.584920e+05,2.374345e+06,-6.089325e-01,3.192304e-01,-9.896364e-01,3.232760e-18,302,4635
1.052932e-08,1.260982e-02,-5.880531e-03,2.500043e-02,1.197696e+06,-5.585449e+05,2.374511e+06,-5.201577e-03,2.282912e-03,-1.114356e-02,3.232760e-18,302,46329
0.000000e+00,1.213418e-07,-1.341151e-07,4.136433e-07,0.000000e+00,0.000000e+00,0.000000e+00,-1.992949e+07,2.020540e+07,-4.291411e+07,4.053387e-18,303,0
1.003409e-09,1.251880e-03,-1.255455e-03,2.500198e-03,1.248275e+06,-1.251879e+06,2.492656e+06,-5.110795e-01,5.526003e-01,-8.997952e-01,4.053387e-18,303,4415
1.002955e-08,1.251959e-02,-1.255574e-02,2.500031e-02,1.248356e+06,-1.251966e+06,2.492799e+06,-4.649375e-03,4.828712e-03,-9.799054e-03,4.053387e-18,303,44130
0.000000e+00,-1.270166e-07,2.718775e-08,3.492989e-07,0.000000e+00,0.000000e+00,0.000000e+00,3.686194e+07,-1.667619e+06,-6.585154e+07,4.837393e-18,304,0
7.340909e-10,-1.455659e-03,8.268457e-05,2.500627e-03,-1.983682e+06,1.126599e+05,3.407343e+06,8.267547e-01,-5.027865e-02,-1.251404e+00,4.837393e-18,304,3230
7.337273e-09,-1.455480e-02,8.266304e-04,2.500073e-02,-1.983778e+06,1.126658e+05,3.407488e+06,8.082792e-03,-4.907821e-04,-1.275249e-02,4.837393e-18,304,32284
0.000000e+00,5.167497e-08,6.042889e-08,2.960476e-07,0.000000e+00,0.000000e+00,0.000000e+00,-2.396352e+07,-2.318596e+07,-9.848199e+07,5.770834e-18,305,0
5.527273e-10,6.256568e-04,6.029436e-04,2.500774e-03,1.132242e+06,1.091107e+06,4.525258e+06,-4.868586e-01,-4.535867e-01,-1.714813e+00,5.770834e-18,305,2432
5.524545e-09,6.255133e-03,6.027890e-03,2.500015e-02,1.132284e+06,1.091146e+06,4.525408e+06,-4.558480e-03,-4.435495e-03,-1.745712e-02,5.770834e-18,305,24308
0.000000e+00,3.802924e-08,-2.325871e-07,3.264549e-07,0.000000e+00,0.000000e+00,0.000000e+00,-7.673496e+06,4.974154e+07,-4.544892e+07,4.423496e-18,306,0
1.087500e-09,4.341064e-04,-2.943064e-03,2.500141e-03,3.992835e+05,-2.707112e+06,2.299365e+06,-8.500858e-02,6.402639e-01,-4.043578e-01,4.423496e-18,306,4785
1.087273e-08,4.341304e-03,-2.943366e-02,2.500051e-02,3.992981e+05,-2.707222e+06,2.299435e+06,-8.039336e-04,5.595144e-03,-4.543380e-03,4.423496e-18,306,47840
0.000000e+00,-2.484413e-07,8.648396e-09,4.981517e-07,0.000000e+00,0.000000e+00,0.000000e+00,3.273445e+07,-2.771731e+06,-3.537712e+07,3.308980e-18,307,0
1.177955e-09,-2.501201e-03,1.681622e-04,2.500105e-03,-2.124362e+06,1.427744e+05,2.122919e+06,6.879771e-01,-1.303596e-02,-4.972905e-01,3.308980e-18,307,5183
1.177636e-08,-2.501718e-02,1.681365e-03,2.500048e-02,-2.124490e+06,1.427768e+05,2.123012e+06,5.621165e-03,-1.407591e-04,-5.905200e-03,3.308980e-18,307,51816
0.000000e+00,2.195002e-07,4.332983e-08,3.899456e-07,0.000000e+00,0.000000e+00,0.000000e+00,-3.791202e+07,-7.231174e+06,-4.367460e+07,4.014805e-18,308,0
1.051591e-09,2.361101e-03,4.637780e-04,2.500077e-03,2.246201e+06,4.412076e+05,2.378006e+06,-7.178481e-01,-1.393384e-01,-5.853335e-01,4.014805e-18,308,4627
1.051295e-08,2.361416e-02,4.638385e-03,2.500002e-02,2.246320e+06,4.412308e+05,2.378104e+06,-6.322564e-03,-1.260146e-03,-6.507862e-03,4.014805e-18,308,46257
0.000000e+00,2.842993e-08,-1.430411e-07,4.166136e-07,0.000000e+00,0.000000e+00,0.000000e+00,-3.008606e+06,2.459356e+07,-4.855174e+07,4.161196e-18,309,0
8.852273e-10,1.730408e-04,-1.303401e-03,2.500273e-03,1.956365e+05,-1.473179e+06,2.825622e+06,-1.556107e-01,7.078163e-01,-1.239306e+00,4.161196e-18,309,3895
8.847727e-09,1.730940e-03,-1.303424e-02,2.500043e-02,1.956583e+05,-1.473278e+06,2.825796e+06,-9.421999e-04,7.077586e-03,-1.308234e-02,4.161196e-18,309,38930
0.000000e+00,2.192371e-08,6.181256e-08,2.112472e-07,0.000000e+00,0.000000e+00,0.000000e+00,-2.544269e+07,-5.541606e+07,-1.770200e+08,7.748773e-18,310,0
3.427273e-10,3.617573e-04,7.849795e-04,2.500766e-03,1.055595e+06,2.290472e+06,7.296832e+06,-2.881957e-01,-5.589916e-01,-1.691507e+00,7.748773e-18,310,1508
3.426136e-09,3.616629e-03,7.847518e-03,2.500012e-02,1.055611e+06,2.290502e+06,7.296924e+06,-2.863504e-03,-5.568943e-03,-1.702703e-02,7.748773e-18,310,15075
0.000000e+00,-7.911378e-08,6.711343e-08,5.949401e-07,0.000000e+00,0.000000e+00,0.000000e+00,4.418135e+06,-1.019908e+07,-3.719819e+07,3.125313e-18,311,0
1.000909e-09,-3.631772e-04,7.277648e-04,2.500064e-03,-3.631211e+05,7.277190e+05,2.499004e+06,2.356145e-01,-4.915595e-01,-1.222203e+00,3.125313e-18,311,4404
1.000409e-08,-3.632700e-03,7.280130e-03,2.500049e-02,-3.631583e+05,7.277966e+05,2.499197e+06,2.281924e-03,-3.882628e-03,-1.422571e-02,3.125313e-18,311,44018
0.000000e+00,4.365688e-08,1.624724e-07,4.307629e-07,0.000000e+00,0.000000e+00,0.000000e+00,-8.119914e+06,-2.445055e+07,-4.617139e+07,3.973745e-18,312,0
9.593182e-10,5.529575e-04,1.502021e-03,2.500023e-03,5.767937e+05,1.566587e+06,2.607069e+06,-2.899530e-01,-7.212160e-01,-1.029554e+00,3.973745e-18,312,4221
9.589318e-09,5.531000e-03,1.502244e-02,2.500014e-02,5.768376e+05,1.566696e+06,2.607225e+06,-2.417218e-03,-6.707596e-03,-1.092861e-02,3.973745e-18,312,42193
0.000000e+00,-8.475568e-08,-4.957644e-08,5.246106e-07,0.000000e+00,0.000000e+00,0.000000e+00,1.321163e+07,3.625800e+06,-3.940763e+07,3.545229e-18,313,0
1.025227e-09,-8.869492e-04,-3.532748e-04,2.500186e-03,-8.657650e+05,-3.448966e+05,2.439840e+06,5.028183e-01,2.339427e-01,-1.131704e+00,3.545229e-18,313,4511
1.024659e-08,-8.871104e-03,-3.533981e-03,2.500024e-02,-8.658463e+05,-3.449344e+05,2.440024e+06,4.360299e-03,1.592475e-03,-1.336294e-02,3.545229e-18,313,45085
0.000000e+00,-1.110726e-07,-2.204889e-07,3.803868e-07,0.000000e+00,0.000000e+00,0.000000e+00,1.766435e+07,3.692131e+07,-3.886381e+07,3.977352e-18,314,0
1.183864e-09,-1.209066e-03,-2.510727e-03,2.500422e-03,-1.021665e+06,-2.121628e+06,2.112566e+06,2.656062e-01,5.736607e-01,-4.360536e-01,3.977352e-18,314,5209
1.183409e-08,-1.209047e-02,-2.510750e-02,2.500045e-02,-1.021715e+06,-2.121735e+06,2.112648e+06,2.318699e-03,4.732751e-03,-5.060689e-03,3.977352e-18,314,52070
0.000000e+00,1.055403e-08,5.736796e-08,5.852141e-07,0.000000e+00,0.000000e+00,0.000000e+00,-2.320477e+05,-7.804311e+06,-3.714904e+07,3.213707e-18,315,0
1.028182e-09,1.825108e-04,6.215054e-04,2.500151e-03,1.776416e+05,6.049571e+05,2.432927e+06,-8.140176e-02,-3.657498e-01,-1.249196e+00,3.213707e-18,315,4524
1.027568e-08,1.825352e-03,6.216300e-03,2.500019e-02,1.776548e+05,6.050164e+05,2.433130e+06,-9.022410e-04,-3.244477e-03,-1.479359e-02,3.213707e-18,315,45213
0.000000e+00,-6.495833e-08,1.018161e-07,1.623852e-07,0.000000e+00,0.000000e+00,0.000000e+00,8.482470e+07,-1.328507e+08,-1.822743e+08,8.340814e-18,316,0
3.386364e-10,-1.165146e-03,1.825151e-03,2.500161e-03,-3.440694e+06,5.389702e+06,7.382914e+06,4.086181e-01,-6.432482e-01,-8.020230e-01,8.340814e-18,316,1490
3.386364e-09,-1.165150e-02,1.825158e-02,2.500138e-02,-3.440716e+06,5.389736e+06,7.382957e+06,4.037731e-03,-6.338312e-03,-8.126737e-03,8.340814e-18,316,14900
0.000000e+00,-2.888577e-08,-7.099239e-08,4.302894e-07,0.000000e+00,0.000000e+00,0.000000e+00,2.237108e+07,-9.260183e+06,-7.455656e+07,4.268658e-18,317,0
6.570455e-10,-7.402068e-04,2.644495e-04,2.500646e-03,-1.127081e+06,4.027249e+05,3.807036e+06,6.113393e-01,-1.625049e-01,-1.912508e+00,4.268658e-18,317,2891
6.566818e-09,-7.401308e-03,2.644545e-03,2.500033e-02,-1.127144e+06,4.027418e+05,3.807235e+06,5.940203e-03,-1.690782e-03,-1.945656e-02,4.268658e-18,317,28894
0.000000e+00,-1.533054e-07,2.199895e-07,3.930723e-07,0.000000e+00,0.000000e+00,0.000000e+00,2.243605e+07,-3.281483e+07,-3.545728e+07,3.778919e-18,318,0
1.340000e-09,-1.925413e-03,2.713027e-03,2.500355e-03,-1.437436e+06,2.025411e+06,1.866243e+06,3.227560e-01,-4.462896e-01,-2.807199e-01,3.778919e-18,318,5896
1.339591e-08,-1.925569e-02,2.713214e-02,2.500021e-02,-1.437504e+06,2.025505e+06,1.866303e+06,2.690958e-03,-3.777469e-03,-3.477762e-03,3.778919e-18,318,58942
0.000000e+00,1.155175e-07,1.500094e-07,4.636850e-07,0.000000e+00,0.000000e+00,0.000000e+00,-1.694986e+07,-1.749998e+07,-3.796893e+07,3.680222e-18,319,0
1.097273e-09,1.212501e-03,1.257690e-03,2.500244e-03,1.105704e+06,1.146940e+06,2.279511e+06,-4.921972e-01,-5.612427e-01,-8.071489e-01,3.680222e-18,319,4828
1.096727e-08,1.212649e-02,1.257878e-02,2.500016e-02,1.105789e+06,1.147037e+06,2.279652e+06,-4.099450e-03,-4.226416e-03,-9.230069e-03,3.680222e-18,319,48256
0.000000e+00,-2.174076e-07,1.364669e-09,2.877779e-07,0.000000e+00,0.000000e+00,0.000000e+00,6.009152e+07,-1.407691e+06,-5.634519e+07,4.880167e-18,320,0
9.311364e-10,-2.802645e-03,6.488728e-05,2.500558e-03,-3.010655e+06,6.970726e+04,2.685877e+06,6.913045e-01,-1.610231e-02,-4.924323e-01,4.880167e-18,320,4097
9.307955e-09,-2.802306e-02,6.488288e-04,2.500016e-02,-3.010757e+06,6.970962e+04,2.685949e+06,6.472409e-03,-8.073308e-05,-5.210859e-03,4.880167e-18,320,40955
0.000000e+00,7.252926e-08,1.622029e-07,4.835827e-07,0.000000e+00,0.000000e+00,0.000000e+00,-1.282043e+07,-2.237515e+07,-3.712605e+07,3.607444e-18,321,0
1.089318e-09,9.212098e-04,1.652454e-03,2.500141e-03,8.461746e+05,1.517851e+06,2.296041e+06,-3.527024e-01,-6.407035e-01,-8.087407e-01,3.607444e-18,321,4793
1.088841e-08,9.213444e-03,1.652691e-02,2.500038e-02,8.462352e+05,1.517961e+06,2.296180e+06,-2.842286e-03,-5.458936e-03,-8.920752e-03,3.607444e-18,321,47909
0.000000e+00,1.185978e-07,-1.792276e-07,2.146536e-07,0.000000e+00,0.000000e+00,0.000000e+00,-4.697046e+07,7.602917e+07,-6.620434e+07,5.671442e-18,322,0
8.620455e-10,1.813548e-03,-2.941394e-03,2.500387e-03,2.104013e+06,-3.412529e+06,2.900706e+06,-2.939974e-01,4.888006e-01,-3.300933e-01,5.671442e-18,322,3793
8.618636e-09,1.813378e-02,-2.941141e-02,2.500026e-02,2.104053e+06,-3.412596e+06,2.900751e+06,-2.837784e-03,4.589787e-03,-3.443174e-03,5.671442e-18,322,37922
0.000000e+00,-2.947814e-08,-2.260200e-07,3.784027e-07,0.000000e+00,0.000000e+00,0.000000e+00,6.159636e+06,4.174851e+07,-4.078927e+07,4.094086e-18,323,0
1.147955e-09,-4.432451e-04,-2.807532e-03,2.500380e-03,-3.862824e+05,-2.446608e+06,2.178565e+06,1.071220e-01,6.378989e-01,-4.329509e-01,4.094086e-18,323,5051
1.147545e-08,-4.432743e-03,-2.807586e-02,2.500018e-02,-3.863018e+05,-2.446723e+06,2.178644e+06,8.989791e-04,5.447369e-03,-4.978145e-03,4.094086e-18,323,50492
0.000000e+00,3.668566e-08,-1.690568e-07,2.338526e-07,0.000000e+00,0.000000e+00,0.000000e+00,-1.489770e+07,7.790871e+07,-8.755283e+07,5.950929e-18,324,0
6.536364e-10,4.367435e-04,-2.260701e-03,2.500573e-03,6.682671e+05,-3.459111e+06,3.825969e+06,-1.563061e-01,7.566675e-01,-7.329767e-01,5.950929e-18,324,2876
6.534318e-09,4.366688e-03,-2.260301e-02,2.500025e-02,6.682832e+05,-3.459189e+06,3.826045e+06,-1.507485e-03,7.489036e-03,-7.488515e-03,5.950929e-18,324,28751
0.000000e+00,2.349458e-07,-1.287374e-07,3.468852e-07,0.000000e+00,0.000000e+00,0.000000e+00,-4.000082e+07,2.386190e+07,-3.888668e+07,4.058464e-18,325,0
1.220682e-09,2.809155e-03,-1.632651e-03,2.500318e-03,2.302078e+06,-1.337925e+06,2.048651e+06,-5.182338e-01,2.883850e-01,-3.302138e-01,4.058464e-18,325,5371
1.220318e-08,2.809264e-02,-1.632692e-02,2.500021e-02,2.302178e+06,-1.337980e+06,2.048716e+06,-4.444348e-03,2.427366e-03,-3.791224e-03,4.058464e-18,325,53694
0.000000e+00,6.823012e-08,2.423918e-07,2.495528e-07,0.000000e+00,0.000000e+00,0.000000e+00,-1.584466e+07,-6.753155e+07,-5.154504e+07,4.894770e-18,326,0
1.045000e-09,7.998945e-04,3.421034e-03,2.500007e-03,7.655770e+05,3.274343e+06,2.392595e+06,-1.214172e-01,-5.437396e-01,-3.005861e-01,4.894770e-18,326,4598
1.044886e-08,7.999433e-03,3.421320e-02,2.500003e-02,7.655971e+05,3.274432e+06,2.392645e+06,-1.092497e-03,-4.784249e-03,-3.222381e-03,4.894770e-18,326,45975
0.000000e+00,-9.040221e-08,-6.005058e-09,1.557077e-07,0.000000e+00,0.000000e+00,0.000000e+00,1.600044e+08,1.141283e+07,-2.539009e+08,9.325631e-18,327,0
2.447727e-10,-1.577086e-03,-1.125158e-04,2.501031e-03,-6.442940e+06,-4.596684e+05,1.021750e+07,7.683225e-01,5.686423e-02,-1.152001e+00,9.325631e-18,327,1077
2.446818e-09,-1.576479e-02,-1.124730e-03,2.500051e-02,-6.442970e+06,-4.596706e+05,1.021754e+07,7.676233e-03,5.878225e-04,-1.156526e-02,9.325631e-18,327,10766
0.000000e+00,2.637355e-07,2.575742e-08,4.536759e-07,0.000000e+00,0.000000e+00,0.000000e+00,-2.999044e+07,-1.680028e+06,-3.251356e+07,3.451488e-18,328,0
1.292955e-09,2.577364e-03,1.525648e-04,2.500184e-03,1.994422e+06,1.180402e+05,1.934243e+06,-6.329520e-01,-3.180078e-02,-4.396585e-01,3.451488e-18,328,5689
1.292500e-08,2.577781e-02,1.525676e-03,2.500025e-02,1.994550e+06,1.180467e+05,1.934334e+06,-5.373797e-03,-1.179555e-04,-5.428196e-03,3.451488e-18,328,56870
0.000000e+00,9.442896e-08,-3.041541e-08,5.868578e-07,0.000000e+00,0.000000e+00,0.000000e+00,-9.235672e+06,3.459302e+06,-3.895047e+07,3.174288e-18,329,0
9.559091e-10,6.219156e-04,-2.225643e-04,2.500565e-03,6.510994e+05,-2.330420e+05,2.617302e+06,-4.379849e-01,1.862025e-01,-1.427410e+00,3.174288e-18,329,4206
9.551818e-09,6.219177e-03,-2.225972e-03,2.500019e-02,6.511654e+05,-2.330701e+05,2.617518e+06,-3.308284e-03,1.570426e-03,-1.571616e-02,3.174288e-18,329,42028
0.000000e+00,1.055385e-07,1.540508e-07,2.517910e-07,0.000000e+00,0.000000e+00,0.000000e+00,-3.976845e+07,-6.239212e+07,-8.009830e+07,5.560298e-18,330,0
7.065909e-10,1.292056e-03,2.030479e-03,2.500107e-03,1.828865e+06,2.874113e+06,3.538581e+06,-4.151972e-01,-6.708223e-01,-6.499273e-01,5.560298e-18,330,3109
7.065000e-09,1.292097e-02,2.030566e-02,2.500023e-02,1.828911e+06,2.874187e+06,3.538653e+06,-3.896764e-03,-6.256218e-03,-6.965228e-03,5.560298e-18,330,31086
0.000000e+00,-1.325646e-07,1.944502e-07,2.322653e-07,0.000000e+00,0.000000e+00,0.000000e+00,4.377141e+07,-6.424415e+07,-5.660583e+07,5.225692e-18,331,0
9.770455e-10,-1.996778e-03,2.931054e-03,2.500486e-03,-2.044008e+06,3.000385e+06,2.559445e+06,3.094716e-01,-4.561845e-01,-3.028362e-01,5.225692e-18,331,4299
9.767727e-09,-1.996535e-02,2.930699e-02,2.500009e-02,-2.044056e+06,3.000455e+06,2.559492e+06,2.846259e-03,-4.184400e-03,-3.210664e-03,5.225692e-18,331,42978
0.000000e+00,-5.144465e-08,2.418112e-07,3.464330e-07,0.000000e+00,0.000000e+00,0.000000e+00,4.919978e+06,-4.193550e+07,-4.407264e+07,4.187653e-18,332,0
1.067045e-09,-3.074970e-04,2.609827e-03,2.500103e-03,-2.882804e+05,2.446788e+06,2.343556e+06,9.596742e-02,-7.179462e-01,-5.241534e-01,4.187653e-18,332,4695
1.066750e-08,-3.075248e-03,2.610107e-02,2.500001e-02,-2.882965e+05,2.446909e+06,2.343645e+06,8.250838e-04,-6.112126e-03,-5.734871e-03,4.187653e-18,332,46937
0.000000e+00,1.149435e-07,1.646484e-07,4.872023e-07,0.000000e+00,0.000000e+00,0.000000e+00,-1.748341e+07,-2.019911e+07,-3.825101e+07,3.507865e-18,333,0
1.110227e-09,1.133956e-03,1.558773e-03,2.500117e-03,1.021981e+06,1.404800e+06,2.252706e+06,-4.470115e-01,-5.658865e-01,-7.426654e-01,3.507865e-18,333,4885
1.109773e-08,1.134164e-02,1.559003e-02,2.500009e-02,1.022059e+06,1.404899e+06,2.252836e+06,-3.395010e-03,-4.755023e-03,-8.355530e-03,3.507865e-18,333,48830
0.000000e+00,-7.696982e-08,-1.471677e-07,4.388768e-07,0.000000e+00,0.000000e+00,0.000000e+00,1.125875e+07,2.200972e+07,-4.628935e+07,3.926621e-18,334,0
9.465909e-10,-6.882042e-04,-1.392095e-03,2.500084e-03,-7.274414e+05,-1.471510e+06,2.642177e+06,3.423267e-01,7.161458e-01,-1.050221e+00,3.926621e-18,334,4165
9.462045e-09,-6.883059e-03,-1.392342e-02,2.500053e-02,-7.274925e+05,-1.471617e+06,2.642334e+06,3.038762e-03,6.540535e-03,-1.126207e-02,3.926621e-18,334,41633
0.000000e+00,-4.706952e-08,3.128408e-08,1.369662e-07,0.000000e+00,0.000000e+00,0.000000e+00,1.483424e+08,-9.608272e+07,-4.081533e+08,1.123346e-17,335,0
1.531818e-10,-9.095759e-04,5.891372e-04,2.502348e-03,-5.937681e+06,3.845863e+06,1.633519e+07,5.536818e-01,-3.571422e-01,-1.468746e+00,1.123346e-17,335,674
1.530455e-09,-9.087398e-03,5.885949e-03,2.500040e-02,-5.937695e+06,3.845872e+06,1.633522e+07,5.542950e-03,-3.599834e-03,-1.474917e-02,1.123346e-17,335,6734
0.000000e+00,-1.720293e-07,1.627484e-07,5.522727e-07,0.000000e+00,0.000000e+00,0.000000e+00,1.962852e+07,-1.719564e+07,-3.505742e+07,3.072706e-18,336,0
1.113636e-09,-1.486822e-03,1.330198e-03,2.500386e-03,-1.335832e+06,1.195130e+06,2.245981e+06,5.300900e-01,-4.883641e-01,-7.106918e-01,3.072706e-18,336,4900
1.113091e-08,-1.486898e-02,1.330285e-02,2.500003e-02,-1.335925e+06,1.195215e+06,2.246107e+06,4.555742e-03,-3.811394e-03,-8.126328e-03,3.072706e-18,336,48976
0.000000e+00,-1.127698e-08,1.306491e-07,4.241737e-07,0.000000e+00,0.000000e+00,0.000000e+00,-1.062567e+06,-1.953445e+07,-5.176495e+07,4.146580e-18,337,0
8.302273e-10,7.039630e-05,1.027854e-03,2.500420e-03,8.487985e+04,1.238755e+06,3.013068e+06,-6.095473e-02,-7.067208e-01,-1.480553e+00,4.146580e-18,337,3653
8.297273e-09,7.042474e-04,1.027827e-02,2.500033e-02,8.488785e+04,1.238848e+06,3.013262e+06,-6.524424e-04,-6.771670e-03,-1.542115e-02,4.146580e-18,337,36508
0.000000e+00,4.060859e-08,-2.719956e-07,3.466118e-07,0.000000e+00,0.000000e+00,0.000000e+00,-6.336293e+06,4.835635e+07,-3.376382e+07,4.027869e-18,338,0
1.407500e-09,5.058764e-04,-3.871073e-03,2.500269e-03,3.595179e+05,-2.751136e+06,1.776610e+06,-5.985273e-02,4.611493e-01,-2.020893e-01,4.027869e-18,338,6193
1.407182e-08,5.059065e-03,-3.871340e-02,2.500030e-02,3.595311e+05,-2.751238e+06,1.776656e+06,-5.041799e-04,3.890084e-03,-2.509111e-03,4.027869e-18,338,61916
0.000000e+00,4.845158e-08,2.590159e-07,4.892063e-07,0.000000e+00,0.000000e+00,0.000000e+00,-5.092774e+06,-2.756961e+07,-3.422779e+07,3.282720e-18,339,0
1.223182e-09,4.054695e-04,2.334386e-03,2.500045e-03,3.316666e+05,1.909467e+06,2.044480e+06,-1.221875e-01,-6.638904e-01,-5.233231e-01,3.282720e-18,339,5382
1.222795e-08,4.055599e-03,2.334881e-02,2.500001e-02,3.316901e+05,1.909595e+06,2.044582e+06,-1.062831e-03,-5.668629e-03,-6.242779e-03,3.282720e-18,339,53803
0.000000e+00,3.300635e-09,4.834720e-08,1.888199e-07,0.000000e+00,0.000000e+00,0.000000e+00,-6.225686e+06,-6.711856e+07,-2.415849e+08,8.701990e-18,340,0
2.556818e-10,6.471072e-05,6.955659e-04,2.500657e-03,2.530975e+05,2.720422e+06,9.780199e+06,-5.820686e-02,-5.239704e-01,-1.764598e+00,8.701990e-18,340,1125
2.556364e-09,6.470120e-04,6.954432e-03,2.500192e-02,2.530998e+05,2.720443e+06,9.780270e+06,-5.675528e-04,-5.155319e-03,-1.770799e-02,8.701990e-18,340,11248
0.000000e+00,1.244348e-08,-8.565649e-08,6.041183e-07,0.000000e+00,0.000000e+00,0.000000e+00,1.786263e+05,7.913867e+06,-3.284680e+07,3.109334e-18,341,0
1.075227e-09,-1.955142e-05,-6.705115e-04,2.500082e-03,-1.817394e+04,-6.241101e+05,2.326618e+06,-1.285334e-02,3.793293e-01,-1.277770e+00,3.109334e-18,341,4731
1.074523e-08,-1.952760e-04,-6.706171e-03,2.500021e-02,-1.817175e+04,-6.241744e+05,2.326835e+06,1.086158e-04,3.619537e-03,-1.455130e-02,3.109334e-18,341,47279
0.000000e+00,-9.276931e-08,1.763143e-07,2.560802e-07,0.000000e+00,0.000000e+00,0.000000e+00,3.119520e+07,-6.185892e+07,-6.908758e+07,5.365788e-18,342,0
7.947727e-10,-1.164872e-03,2.307198e-03,2.500631e-03,-1.465936e+06,2.903515e+06,3.146727e+06,3.251554e-01,-6.562917e-01,-5.957676e-01,5.365788e-18,342,3497
7.944773e-09,-1.164655e-02,2.306781e-02,2.500017e-02,-1.465977e+06,2.903597e+06,3.146802e+06,3.167985e-03,-6.311946e-03,-6.113279e-03,5.365788e-18,342,34957
0.000000e+00,1.406458e-07,-3.933457e-08,3.740343e-07,0.000000e+00,0.000000e+00,0.000000e+00,-2.859355e+07,9.129065e+06,-5.421149e+07,4.506728e-18,343,0
8.300000e-10,1.438408e-03,-4.933610e-04,2.500385e-03,1.733827e+06,-5.947246e+05,3.013547e+06,-7.644201e-01,2.821206e-01,-1.173634e+00,4.506728e-18,343,3652
8.295909e-09,1.438362e-02,-4.933749e-03,2.500020e-02,1.733928e+06,-5.947616e+05,3.013701e+06,-7.263371e-03,2.695751e-03,-1.207694e-02,4.506728e-18,343,36502
0.000000e+00,-5.622513e-09,-8.520923e-08,6.344712e-07,0.000000e+00,0.000000e+00,0.000000e+00,-1.019778e+05,8.763936e+06,-3.803093e+07,2.962615e-18,344,0
9.365909e-10,4.720824e-05,-6.449422e-04,2.500226e-03,5.044564e+04,-6.891116e+05,2.670865e+06,-2.402489e-02,4.327040e-01,-1.461450e+00,2.962615e-18,344,4121
9.360227e-09,4.721687e-04,-6.450213e-03,2.500013e-02,5.044923e+04,-6.891755e+05,2.671082e+06,-4.860243e-04,4.084797e-03,-1.596732e-02,2.962615e-18,344,41185
0.000000e+00,1.626694e-07,2.217705e-07,3.674661e-07,0.000000e+00,0.000000e+00,0.000000e+00,-2.556989e+07,-3.787151e+07,-3.536367e+07,3.889186e-18,345,0
1.339773e-09,1.991340e-03,2.985910e-03,2.500207e-03,1.486799e+06,2.229427e+06,1.866395e+06,-2.863675e-01,-4.449224e-01,-2.447481e-01,3.889186e-18,345,5895
1.339477e-08,1.991530e-02,2.986258e-02,2.500012e-02,1.486859e+06,2.229520e+06,1.866448e+06,-2.374277e-03,-3.640183e-03,-2.997440e-03,3.889186e-18,345,58937
0.000000e+00,2.902679e-08,9.189561e-08,6.523690e-07,0.000000e+00,0.000000e+00,0.000000e+00,-2.909442e+06,-8.358930e+06,-3.638439e+07,2.840516e-18,346,0
9.709091e-10,2.039532e-04,6.471123e-04,2.500574e-03,2.101838e+05,6.670680e+05,2.576913e+06,-1.038614e-01,-4.715805e-01,-1.455148e+00,2.840516e-18,346,4272
9.701591e-09,2.039116e-03,6.471593e-03,2.500040e-02,2.101997e+05,6.671402e+05,2.577137e+06,-9.651665e-04,-3.586103e-03,-1.597101e-02,2.840516e-18,346,42687
0.000000e+00,-2.113905e-07,-1.459345e-07,2.744066e-07,0.000000e+00,0.000000e+00,0.000000e+00,5.089021e+07,3.523136e+07,-4.547580e+07,4.648526e-18,347,0
1.144545e-09,-2.969965e-03,-2.052351e-03,2.500279e-03,-2.595482e+06,-1.793564e+06,2.184768e+06,4.466681e-01,3.047640e-01,-2.740029e-01,4.648526e-18,347,5036
1.144295e-08,-2.969998e-02,-2.052368e-02,2.500034e-02,-2.595562e+06,-1.793619e+06,2.184818e+06,3.842477e-03,2.600772e-03,-3.029765e-03,4.648526e-18,347,50349
0.000000e+00,1.920820e-07,-9.660256e-08,2.313225e-07,0.000000e+00,0.000000e+00,0.000000e+00,-7.825127e+07,3.381071e+07,-6.352225e+07,5.492096e-18,348,0
8.884091e-10,3.150543e-03,-1.378106e-03,2.500591e-03,3.546751e+06,-1.551423e+06,2.814869e+06,-5.231191e-01,2.453951e-01,-3.318665e-01,5.492096e-18,348,3909
8.881364e-09,3.150005e-02,-1.377879e-02,2.500002e-02,3.546825e+06,-1.551458e+06,2.814916e+06,-4.849530e-03,2.169631e-03,-3.492023e-03,5.492096e-18,348,39078
0.000000e+00,8.834483e-08,-2.189203e-07,5.579289e-07,0.000000e+00,0.000000e+00,0.000000e+00,-9.762752e+06,2.496753e+07,-3.130129e+07,3.047871e-18,349,0
1.225682e-09,7.680852e-04,-2.125334e-03,2.500198e-03,6.269866e+05,-1.734968e+06,2.040439e+06,-2.221504e-01,6.275554e-01,-5.449926e-01,3.047871e-18,349,5393
1.225227e-08,7.682001e-03,-2.125722e-02,2.500025e-02,6.270294e+05,-1.735089e+06,2.040545e+06,-2.005435e-03,5.659700e-03,-6.598965e-03,3.047871e-18,349,53910
0.000000e+00,1.142127e-07,-6.530240e-08,1.720763e-07,0.000000e+00,0.000000e+00,0.000000e+00,-1.194174e+08,7.134854e+07,-1.545819e+08,7.813069e-18,350,0
3.965909e-10,1.937188e-03,-1.157817e-03,2.500805e-03,4.884665e+06,-2.919474e+06,6.305732e+06,-6.482640e-01,3.941093e-01,-7.562725e-01,7.813069e-18,350,1745
3.964773e-09,1.936668e-02,-1.157511e-02,2.500094e-02,4.884705e+06,-2.919499e+06,6.305779e+06,-6.406576e-03,3.866271e-03,-7.652248e-03,7.813069e-18,350,17445
0.000000e+00,-1.182488e-07,3.029051e-08,2.197709e-07,0.000000e+00,0.000000e+00,0.000000e+00,8.334645e+07,-2.044219e+07,-1.298912e+08,6.848106e-18,351,0
4.590909e-10,-1.614173e-03,3.954247e-04,2.500488e-03,-3.516270e+06,8.613767e+05,5.446844e+06,7.937275e-01,-1.897007e-01,-1.117365e+00,6.848106e-18,351,2020
4.590000e-09,-1.613976e-02,3.953741e-03,2.500118e-02,-3.516328e+06,8.613905e+05,5.446925e+06,7.811982e-03,-1.946413e-03,-1.129833e-02,6.848106e-18,351,20196
0.000000e+00,-9.105224e-08,1.201045e-07,1.512225e-07,0.000000e+00,0.000000e+00,0.000000e+00,1.002406e+08,-1.311549e+08,-1.424828e+08,7.891797e-18,352,0
4.320455e-10,-1.765911e-03,2.309640e-03,2.500962e-03,-4.087353e+06,5.345855e+06,5.788601e+06,3.917350e-01,-5.115737e-01,-4.954663e-01,7.891797e-18,352,1901
4.318864e-09,-1.765279e-02,2.308812e-02,2.500031e-02,-4.087380e+06,5.345890e+06,5.788635e+06,3.844760e-03,-5.044665e-03,-5.030338e-03,7.891797e-18,352,19003
0.000000e+00,-2.150525e-07,-1.236843e-07,5.156462e-07,0.000000e+00,0.000000e+00,0.000000e+00,2.288294e+07,1.627286e+07,-3.454065e+07,3.217361e-18,353,0
1.173864e-09,-1.900937e-03,-1.196886e-03,2.500418e-03,-1.620275e+06,-1.020120e+06,2.130670e+06,5.983143e-01,3.575842e-01,-5.610532e-01,3.217361e-18,353,5165
1.173341e-08,-1.901128e-02,-1.196947e-02,2.500023e-02,-1.620386e+06,-1.020186e+06,2.130775e+06,4.865165e-03,2.923593e-03,-6.822011e-03,3.217361e-18,353,51627
0.000000e+00,-1.553815e-07,1.316425e-07,5.319192e-07,0.000000e+00,0.000000e+00,0.000000e+00,2.023325e+07,-5.750482e+06,-3.095109e+07,3.275005e-18,354,0
1.250909e-09,-1.720379e-03,6.733657e-04,2.500097e-03,-1.376299e+06,5.386741e+05,1.999539e+06,6.149129e-01,-2.517454e-01,-7.034963e-01,3.275005e-18,354,5504
1.250295e-08,-1.720768e-02,6.735014e-03,2.500029e-02,-1.376420e+06,5.387237e+05,1.999679e+06,5.661325e-03,-2.168273e-03,-8.339312e-03,3.275005e-18,354,55013
0.000000e+00,2.100097e-07,1.466081e-07,3.533260e-07,0.000000e+00,0.000000e+00,0.000000e+00,-3.785421e+07,-2.580668e+07,-3.915363e+07,4.085175e-18,355,0
1.210000e-09,2.690756e-03,1.844447e-03,2.500221e-03,2.224510e+06,1.524839e+06,2.066626e+06,-4.874141e-01,-3.305770e-01,-3.193937e-01,4.085175e-18,355,5324
1.209705e-08,2.690993e-02,1.844601e-02,2.500023e-02,2.224603e+06,1.524902e+06,2.066688e+06,-4.134646e-03,-2.780130e-03,-3.720584e-03,4.085175e-18,355,53227
0.000000e+00,-7.786160e-09,8.932636e-08,2.321279e-07,0.000000e+00,0.000000e+00,0.000000e+00,5.362654e+06,-6.826944e+07,-1.416206e+08,6.944450e-18,356,0
4.211364e-10,-9.463736e-05,1.214106e-03,2.501137e-03,-2.247317e+05,2.883166e+06,5.939298e+06,5.322547e-02,-7.716825e-01,-1.424454e+00,6.944450e-18,356,1853
4.209318e-09,-9.459730e-04,1.213623e-02,2.500058e-02,-2.247352e+05,2.883218e+06,5.939393e+06,5.734860e-04,-7.575266e-03,-1.444152e-02,6.944450e-18,356,18521
0.000000e+00,9.303838e-08,1.627416e-07,3.712936e-07,0.000000e+00,0.000000e+00,0.000000e+00,-1.751002e+07,-3.451544e+07,-4.941952e+07,4.349334e-18,357,0
9.288636e-10,9.491728e-04,1.831028e-03,2.500083e-03,1.022281e+06,1.972049e+06,2.692312e+06,-3.657473e-01,-6.870147e-01,-8.148747e-01,4.349334e-18,357,4087
9.285682e-09,9.492558e-03,1.831178e-02,2.500007e-02,1.022334e+06,1.972149e+06,2.692432e+06,-3.324060e-03,-6.501639e-03,-8.596926e-03,4.349334e-18,357,40857
0.000000e+00,-5.732962e-08,-1.645604e-07,3.455096e-07,0.000000e+00,0.000000e+00,0.000000e+00,1.384579e+07,3.646085e+07,-5.292678e+07,4.645767e-18,358,0
8.718182e-10,-5.994494e-04,-1.955760e-03,2.500411e-03,-6.878341e+05,-2.244204e+06,2.868800e+06,2.479127e-01,7.808211e-01,-8.448698e-01,4.645767e-18,358,3836
8.714545e-09,-5.994166e-03,-1.955714e-02,2.500038e-02,-6.878683e+05,-2.244311e+06,2.868917e+06,2.312597e-03,7.381399e-03,-8.776788e-03,4.645767e-18,358,38344
0.000000e+00,3.852346e-08,5.361561e-08,2.852057e-07,0.000000e+00,0.000000e+00,0.000000e+00,-1.593303e+07,-2.173674e+07,-1.056610e+08,6.015716e-18,359,0
5.206818e-10,3.827836e-04,5.258855e-04,2.500085e-03,7.353107e+05,1.010218e+06,4.802410e+06,-2.964694e-01,-4.315268e-01,-1.868567e+00,6.015716e-18,359,2291
5.205909e-09,3.827976e-03,5.259122e-03,2.500106e-02,7.353351e+05,1.010253e+06,4.802564e+06,-2.813516e-03,-4.346965e-03,-1.891294e-02,6.015716e-18,359,22906
0.000000e+00,-9.285901e-08,-1.933287e-07,5.956682e-07,0.000000e+00,0.000000e+00,0.000000e+00,7.545691e+06,2.086705e+07,-3.242443e+07,2.924993e-18,360,0
1.123636e-09,-6.292164e-04,-1.637816e-03,2.500369e-03,-5.603563e+05,-1.458516e+06,2.226088e+06,2.726437e-01,6.568830e-01,-7.927973e-01,2.924993e-18,360,4944
1.123045e-08,-6.293040e-03,-1.637975e-02,2.500022e-02,-5.604046e+05,-1.458633e+06,2.226230e+06,2.187095e-03,5.436106e-03,-9.227436e-03,2.924993e-18,360,49414
0.000000e+00,-2.374300e-09,-2.045797e-07,4.450303e-07,0.000000e+00,0.000000e+00,0.000000e+00,4.347478e+06,2.819987e+07,-4.788859e+07,3.757720e-18,361,0
9.259091e-10,-1.826124e-04,-1.668343e-03,2.500168e-03,-1.972788e+05,-1.802694e+06,2.701072e+06,5.971519e-02,7.653959e-01,-9.396829e-01,3.757720e-18,361,4074
9.255682e-09,-1.825960e-03,-1.668514e-02,2.500043e-02,-1.972875e+05,-1.802806e+06,2.701210e+06,7.769634e-04,7.251950e-03,-1.049844e-02,3.757720e-18,361,40725
0.000000e+00,7.510060e-08,9.085829e-08,3.439432e-07,0.000000e+00,0.000000e+00,0.000000e+00,-2.261371e+07,-2.302772e+07,-7.035893e+07,4.944330e-18,362,0
6.970455e-10,8.391215e-04,8.448691e-04,2.500051e-03,1.204285e+06,1.212509e+06,3.587643e+06,-5.448431e-01,-5.466146e-01,-1.433513e+00,4.944330e-18,362,3067
6.968409e-09,8.391944e-03,8.449265e-03,2.500028e-02,1.204345e+06,1.212569e+06,3.587801e+06,-5.342014e-03,-5.341529e-03,-1.479074e-02,4.944330e-18,362,30661
0.000000e+00,7.036012e-08,-1.460965e-07,6.156066e-07,0.000000e+00,0.000000e+00,0.000000e+00,-5.650738e+05,1.227604e+07,-3.519011e+07,2.939811e-18,363,0
1.035000e-09,1.666635e-04,-9.757641e-04,2.500226e-03,1.612495e+05,-9.434452e+05,2.416873e+06,-1.902881e-01,5.410740e-01,-1.163973e+00,2.939811e-18,363,4554
1.034386e-08,1.667952e-03,-9.758848e-03,2.500003e-02,1.612805e+05,-9.435335e+05,2.417064e+06,-1.222677e-03,4.585303e-03,-1.333297e-02,2.939811e-18,363,45513
0.000000e+00,5.176873e-08,5.642217e-09,4.317584e-07,0.000000e+00,0.000000e+00,0.000000e+00,-1.125467e+07,-2.759745e+06,-5.429694e+07,4.242925e-18,364,0
7.854545e-10,5.206832e-04,1.506364e-04,2.500227e-03,6.633409e+05,1.919294e+05,3.184732e+06,-4.377280e-01,-1.297133e-01,-1.809954e+00,4.242925e-18,364,3456
7.850000e-09,5.207202e-03,1.506624e-03,2.500022e-02,6.633952e+05,1.919455e+05,3.184957e+06,-4.285057e-03,-1.334758e-03,-1.876614e-02,4.242925e-18,364,34540
0.000000e+00,-2.625869e-07,-1.216222e-07,3.796740e-07,0.000000e+00,0.000000e+00,0.000000e+00,3.783766e+07,1.693504e+07,-3.302398e+07,3.739997e-18,365,0
1.391364e-09,-3.224775e-03,-1.441076e-03,2.500259e-03,-2.318564e+06,-1.036123e+06,1.797265e+06,4.849642e-01,2.262519e-01,-2.429135e-01,3.739997e-18,365,6122
1.391000e-08,-3.225113e-02,-1.441244e-02,2.500012e-02,-2.318670e+06,-1.036173e+06,1.797319e+06,4.031401e-03,1.833190e-03,-3.094482e-03,3.739997e-18,365,61204
0.000000e+00,6.851462e-08,1.799473e-07,5.128811e-07,0.000000e+00,0.000000e+00,0.000000e+00,-9.857637e+06,-2.837231e+07,-3.773673e+07,3.393766e-18,366,0
1.084091e-09,7.720970e-04,1.941869e-03,2.500242e-03,7.125924e+05,1.792216e+06,2.307025e+06,-2.670725e-01,-7.083611e-01,-7.083990e-01,3.393766e-18,366,4770
1.083659e-08,7.722023e-03,1.942143e-02,2.500048e-02,7.126380e+05,1.792337e+06,2.307146e+06,-2.131847e-03,-6.133845e-03,-7.891936e-03,3.393766e-18,366,47681
0.000000e+00,3.617111e-08,-2.060750e-07,3.393891e-07,0.000000e+00,0.000000e+00,0.000000e+00,-9.325872e+06,4.220220e+07,-5.055157e+07,4.491848e-18,367,0
9.509091e-10,5.091625e-04,-2.299259e-03,2.500002e-03,5.356702e+05,-2.418842e+06,2.629661e+06,-1.804114e-01,7.528686e-01,-6.501527e-01,4.491848e-18,367,4184
9.507045e-09,5.092621e-03,-2.299600e-02,2.500043e-02,5.356972e+05,-2.418955e+06,2.629759e+06,-1.478180e-03,6.710231e-03,-7.016860e-03,4.491848e-18,367,41831
0.000000e+00,2.374457e-08,-1.060436e-07,4.601414e-07,0.000000e+00,0.000000e+00,0.000000e+00,-3.919583e+06,1.713507e+07,-4.787289e+07,3.930106e-18,368,0
8.934091e-10,2.260627e-04,-1.055832e-03,2.500477e-03,2.532214e+05,-1.182622e+06,2.800064e+06,-1.647747e-01,7.002402e-01,-1.339511e+00,3.930106e-18,368,3931
8.928409e-09,2.260851e-03,-1.055886e-02,2.500025e-02,2.532446e+05,-1.182721e+06,2.800254e+06,-1.430090e-03,6.448068e-03,-1.437437e-02,3.930106e-18,368,39285
0.000000e+00,1.797242e-07,1.190375e-07,4.298510e-07,0.000000e+00,0.000000e+00,0.000000e+00,-2.569510e+07,-1.996626e+07,-4.359989e+07,3.793512e-18,369,0
1.014318e-09,1.702790e-03,1.252123e-03,2.500411e-03,1.679546e+06,1.235025e+06,2.465822e+06,-6.225635e-01,-4.545481e-01,-7.215772e-01,3.793512e-18,369,4463
1.013864e-08,1.702826e-02,1.252144e-02,2.500023e-02,1.679646e+06,1.235098e+06,2.465938e+06,-5.617357e-03,-4.024141e-03,-8.042419e-03,3.793512e-18,369,44610
0.000000e+00,-2.895062e-08,1.703813e-07,1.686134e-07,0.000000e+00,0.000000e+00,0.000000e+00,2.083426e+07,-1.321124e+08,-1.085219e+08,7.022456e-18,370,0
5.581818e-10,-4.818631e-04,3.061705e-03,2.500479e-03,-8.632935e+05,5.485320e+06,4.479728e+06,9.142774e-02,-6.116402e-01,-4.340732e-01,7.022456e-18,370,2456
5.580682e-09,-4.817788e-03,3.061195e-02,2.500007e-02,-8.633016e+05,5.485373e+06,4.479766e+06,9.121786e-04,-5.985208e-03,-4.419411e-03,7.022456e-18,370,24555
0.000000e+00,-8.709936e-08,2.182845e-08,6.590911e-07,0.000000e+00,0.000000e+00,0.000000e+00,-1.856886e+07,3.414569e+07,-3.876074e+07,2.848258e-18,371,0
1.024318e-09,9.264440e-04,-1.938986e-03,2.500089e-03,9.050017e+05,-1.894025e+06,2.441307e+06,-3.407677e-01,7.123947e-01,-7.401225e-01,2.848258e-18,371,4507
1.024045e-08,9.267484e-03,-1.939546e-02,2.500042e-02,9.050568e+05,-1.894140e+06,2.441427e+06,-3.081221e-03,6.183142e-03,-8.070065e-03,2.848258e-18,371,45058
0.000000e+00,1.138917e-07,-8.433539e-09,5.914242e-07,0.000000e+00,0.000000e+00,0.000000e+00,-1.123831e+07,-1.006112e+06,-3.652533e+07,3.129910e-18,372,0
1.019091e-09,8.655877e-04,8.790921e-05,2.500297e-03,8.500499e+05,8.633957e+04,2.454742e+06,-5.338652e-01,-4.156854e-02,-1.249584e+00,3.129910e-18,372,4484
1.018432e-08,8.657140e-03,8.792818e-04,2.500009e-02,8.501357e+05,8.634626e+04,2.454944e+06,-4.480879e-03,-5.323794e-04,-1.409552e-02,3.129910e-18,372,44811
0.000000e+00,-2.178070e-07,-7.932880e-08,3.966186e-07,0.000000e+00,0.000000e+00,0.000000e+00,3.526958e+07,1.270510e+07,-3.937280e+07,3.939419e-18,373,0
1.180000e-09,-2.683005e-03,-8.562776e-04,2.500012e-03,-2.274745e+06,-7.259549e+05,2.119124e+06,6.430766e-01,2.006770e-01,-4.421023e-01,3.939419e-18,373,5192
1.179727e-08,-2.683565e-02,-8.564267e-03,2.500006e-02,-2.274864e+06,-7.259921e+05,2.119207e+06,5.413523e-03,1.635702e-03,-5.031486e-03,3.939419e-18,373,51908
0.000000e+00,-3.523411e-08,2.478865e-07,5.401178e-07,0.000000e+00,0.000000e+00,0.000000e+00,2.379847e+06,-2.779865e+07,-3.311704e+07,3.089875e-18,374,0
1.156818e-09,-2.953344e-04,2.113887e-03,2.500051e-03,-2.554484e+05,1.828405e+06,2.161825e+06,9.915856e-02,-7.672276e-01,-6.503323e-01,3.089875e-18,374,5090
1.156432e-08,-2.954070e-03,2.114421e-02,2.500027e-02,-2.554664e+05,1.828544e+06,2.161945e+06,6.430571e-04,-6.012587e-03,-7.493937e-03,3.089875e-18,374,50883
0.000000e+00,-1.428411e-07,-1.270706e-07,2.965495e-07,0.000000e+00,0.000000e+00,0.000000e+00,4.121156e+07,3.796110e+07,-6.222078e+07,5.009094e-18,375,0
8.381818e-10,-1.738531e-03,-1.593875e-03,2.500595e-03,-2.074727e+06,-1.902088e+06,2.983856e+06,5.806592e-01,5.189329e-01,-6.756645e-01,5.009094e-18,375,3688
8.378409e-09,-1.738293e-02,-1.593648e-02,2.500010e-02,-2.074804e+06,-1.902157e+06,2.983946e+06,5.571417e-03,4.969460e-03,-7.101308e-03,5.009094e-18,375,36865
0.000000e+00,1.011797e-07,-7.016291e-09,4.750125e-07,0.000000e+00,0.000000e+00,0.000000e+00,-1.735142e+07,-3.254527e+06,-4.839471e+07,3.830974e-18,376,0
8.572727e-10,9.839670e-04,1.741327e-04,2.500657e-03,1.148520e+06,2.032861e+05,2.918322e+06,-6.686142e-01,-1.238217e-01,-1.463998e+00,3.830974e-18,376,3772
8.566591e-09,9.838850e-03,1.741437e-03,2.500019e-02,1.148610e+06,2.033029e+05,2.918520e+06,-6.352771e-03,-1.202618e-03,-1.545363e-02,3.830974e-18,376,37693
0.000000e+00,-1.300971e-07,2.018349e-07,5.363350e-07,0.000000e+00,0.000000e+00,0.000000e+00,1.181682e+07,-2.190116e+07,-3.275439e+07,3.137822e-18,377,0
1.212273e-09,-1.066249e-03,1.869007e-03,2.500057e-03,-8.800606e+05,1.542603e+06,2.062967e+06,3.384662e-01,-5.664044e-01,-6.029481e-01,3.137822e-18,377,5334
1.211841e-08,-1.066489e-02,1.869383e-02,2.500010e-02,-8.801252e+05,1.542711e+06,2.063083e+06,2.823462e-03,-5.011293e-03,-7.278952e-03,3.137822e-18,377,53321
0.000000e+00,1.940015e-08,2.330557e-07,3.050690e-07,0.000000e+00,0.000000e+00,0.000000e+00,-3.727296e+06,-5.502490e+07,-4.797729e+07,4.585751e-18,378,0
1.058864e-09,2.064021e-04,3.070395e-03,2.500296e-03,1.949731e+05,2.900520e+06,2.361650e+06,-3.954888e-02,-6.413832e-01,-3.881133e-01,4.585751e-18,378,4659
1.058591e-08,2.063972e-03,3.070463e-02,2.500036e-02,1.949797e+05,2.900627e+06,2.361716e+06,-3.754775e-04,-5.616365e-03,-4.228096e-03,4.585751e-18,378,46578
0.000000e+00,1.090187e-07,3.628111e-08,1.377288e-07,0.000000e+00,0.000000e+00,0.000000e+00,-1.950731e+08,-6.438560e+07,-2.222805e+08,9.321679e-18,379,0
2.797727e-10,2.196744e-03,7.250491e-04,2.501458e-03,7.851756e+06,2.591520e+06,8.940814e+06,-6.924420e-01,-2.282920e-01,-7.331221e-01,9.321679e-18,379,1231
2.796364e-09,2.195647e-02,7.246865e-03,2.500190e-02,7.851787e+06,2.591530e+06,8.940847e+06,-6.865180e-03,-2.261223e-03,-7.369939e-03,9.321679e-18,379,12304
0.000000e+00,3.720147e-08,-1.959451e-07,5.783851e-07,0.000000e+00,0.000000e+00,0.000000e+00,-2.738731e+06,1.929656e+07,-3.689084e+07,3.040777e-18,380,0
1.037500e-09,2.847502e-04,-1.359734e-03,2.500053e-03,2.747011e+05,-1.311419e+06,2.410701e+06,-1.816162e-01,6.802344e-01,-1.010756e+00,3.040777e-18,380,4565
1.037045e-08,2.848752e-03,-1.360001e-02,2.500029e-02,2.747308e+05,-1.311531e+06,2.410867e+06,-1.313132e-03,5.768103e-03,-1.128604e-02,3.040777e-18,380,45630
0.000000e+00,1.430834e-07,-9.757327e-08,4.886704e-07,0.000000e+00,0.000000e+00,0.000000e+00,-1.809227e+07,1.165579e+07,-4.440579e+07,3.588936e-18,381,0
9.350000e-10,1.173767e-03,-7.627126e-04,2.500118e-03,1.256119e+06,-8.161925e+05,2.675032e+06,-6.393747e-01,3.950559e-01,-1.155394e+00,3.588936e-18,381,4114
9.345682e-09,1.173924e-02,-7.627854e-03,2.500015e-02,1.256214e+06,-8.162508e+05,2.675203e+06,-5.737498e-03,3.638813e-03,-1.226934e-02,3.588936e-18,381,41121
0.000000e+00,-1.585057e-07,1.373896e-07,2.015742e-07,0.000000e+00,0.000000e+00,0.000000e+00,7.061526e+07,-6.592326e+07,-7.516132e+07,5.892729e-18,382,0
7.727273e-10,-2.386598e-03,2.229943e-03,2.500606e-03,-3.088822e+06,2.886093e+06,3.236249e+06,4.305601e-01,-4.076475e-01,-3.806553e-01,5.892729e-18,382,3400
7.725000e-09,-2.386123e-02,2.229513e-02,2.500016e-02,-3.088874e+06,2.886142e+06,3.236296e+06,4.173460e-03,-3.957741e-03,-3.910018e-03,5.892729e-18,382,33990
0.000000e+00,5.203502e-08,-5.867983e-08,5.018478e-07,0.000000e+00,0.000000e+00,0.000000e+00,-9.212806e+06,6.519929e+06,-4.267855e+07,3.699730e-18,383,0
9.552273e-10,4.907408e-04,-4.586045e-04,2.500526e-03,5.140708e+05,-4.804656e+05,2.619155e+06,-3.037161e-01,3.010687e-01,-1.408243e+00,3.699730e-18,383,4203
9.545227e-09,4.906934e-03,-4.586127e-03,2.500057e-02,5.141165e+05,-4.805110e+05,2.619368e+06,-2.295386e-03,3.045177e-03,-1.558528e-02,3.699730e-18,383,41999
0.000000e+00,1.806490e-07,-1.040195e-07,2.305028e-07,0.000000e+00,0.000000e+00,0.000000e+00,-6.464335e+07,4.586728e+07,-6.455968e+07,5.579181e-18,384,0
8.654545e-10,2.587181e-03,-1.823295e-03,2.500572e-03,2.989852e+06,-2.107092e+06,2.889563e+06,-5.192830e-01,3.606268e-01,-3.947885e-01,5.579181e-18,384,3808
8.651818e-09,2.586772e-02,-1.823020e-02,2.500011e-02,2.989923e+06,-2.107141e+06,2.889618e+06,-4.804009e-03,3.384170e-03,-4.162335e-03,5.579181e-18,384,38068
0.000000e+00,1.387850e-07,8.919022e-08,5.383245e-07,0.000000e+00,0.000000e+00,0.000000e+00,-1.670181e+07,-2.749259e+07,-3.375354e+07,3.314706e-18,385,0
1.168409e-09,1.391412e-03,1.893361e-03,2.500234e-03,1.191483e+06,1.621314e+06,2.140396e+06,-4.094132e-01,-5.443519e-01,-5.257482e-01,3.314706e-18,385,5141
1.168000e-08,1.391645e-02,1.893682e-02,2.500005e-02,1.191559e+06,1.621414e+06,2.140494e+06,-3.147946e-03,-4.879177e-03,-6.430424e-03,3.314706e-18,385,51392
0.000000e+00,-1.136409e-07,-2.200930e-08,5.041171e-07,0.000000e+00,0.000000e+00,0.000000e+00,1.520464e+07,2.718908e+06,-4.170903e+07,3.638169e-18,386,0
9.234091e-10,-8.809452e-04,-2.836396e-04,2.500588e-03,-9.545837e+05,-3.075181e+05,2.709519e+06,5.353263e-01,2.620448e-01,-1.512639e+00,3.638169e-18,386,4063
9.226818e-09,-8.807780e-03,-2.837351e-03,2.500035e-02,-9.546617e+05,-3.075564e+05,2.709740e+06,4.647004e-03,2.366079e-03,-1.581746e-02,3.638169e-18,386,40598
0.000000e+00,1.569511e-07,-8.060779e-09,6.215452e-07,0.000000e+00,0.000000e+00,0.000000e+00,-1.973914e+07,5.763294e+05,-3.716869e+07,2.917349e-18,387,0
9.884091e-10,1.342970e-03,-1.733962e-05,2.500539e-03,1.359638e+06,-1.750243e+04,2.531007e+06,-7.565824e-01,-2.854484e-02,-1.180363e+00,2.917349e-18,387,4349
9.877500e-09,1.342978e-02,-1.728875e-04,2.500024e-02,1.359756e+06,-1.749796e+04,2.531191e+06,-6.613917e-03,-3.550850e-04,-1.282549e-02,2.917349e-18,387,43461
0.000000e+00,-6.490084e-09,2.636343e-08,1.947524e-07,0.000000e+00,0.000000e+00,0.000000e+00,5.486996e+06,-3.185006e+07,-2.449150e+08,8.637744e-18,388,0
2.520455e-10,-5.580873e-05,3.253822e-04,2.500989e-03,-2.214076e+05,1.290946e+06,9.922637e+06,3.045785e-02,-2.539150e-01,-1.938845e+00,8.637744e-18,388,1109
2.519545e-09,-5.578528e-04,3.252620e-03,2.500071e-02,-2.214088e+05,1.290956e+06,9.922714e+06,2.942912e-04,-2.532752e-03,-1.944198e-02,8.637744e-18,388,11086
0.000000e+00,-6.471782e-08,-1.265870e-07,1.621549e-07,0.000000e+00,0.000000e+00,0.000000e+00,6.843342e+07,1.344669e+08,-1.491386e+08,7.831254e-18,389,0
4.115909e-10,-1.149403e-03,-2.259385e-03,2.500163e-03,-2.792610e+06,-5.489444e+06,6.074353e+06,3.219259e-01,6.270612e-01,-6.340625e-01,7.831254e-18,389,1811
4.115682e-09,-1.149355e-02,-2.259291e-02,2.500024e-02,-2.792631e+06,-5.489485e+06,6.074394e+06,3.177897e-03,6.207990e-03,-6.402692e-03,7.831254e-18,389,18109
0.000000e+00,-1.261803e-07,-7.230724e-08,5.744862e-07,0.000000e+00,0.000000e+00,0.000000e+00,1.357406e+07,9.707371e+06,-3.711247e+07,3.180678e-18,390,0
9.986364e-10,-8.901158e-04,-6.227359e-04,2.500018e-03,-8.919449e+05,-6.240257e+05,2.504548e+06,5.089474e-01,3.614104e-01,-1.126290e+00,3.180678e-18,390,4394
9.981818e-09,-8.903216e-03,-6.228895e-03,2.500015e-02,-8.920250e+05,-6.240826e+05,2.504727e+06,4.248435e-03,2.891684e-03,-1.305664e-02,3.180678e-18,390,43920
0.000000e+00,2.384505e-07,-9.946411e-08,3.557552e-07,0.000000e+00,0.000000e+00,0.000000e+00,-3.266359e+07,2.186920e+07,-3.509485e+07,4.065704e-18,391,0
1.294545e-09,2.669896e-03,-1.642781e-03,2.500361e-03,2.063264e+06,-1.269488e+06,1.931870e+06,-5.121936e-01,2.827504e-01,-3.324424e-01,4.065704e-18,391,5696
1.294091e-08,2.670043e-02,-1.642826e-02,2.500028e-02,2.063368e+06,-1.269545e+06,1.931939e+06,-4.361636e-03,2.295839e-03,-4.021831e-03,4.065704e-18,391,56940
0.000000e+00,7.182756e-08,-2.359529e-07,3.007301e-07,0.000000e+00,0.000000e+00,0.000000e+00,-1.653934e+07,5.330981e+07,-4.514851e+07,4.540668e-18,392,0
1.122955e-09,9.767985e-04,-3.170280e-03,2.500180e-03,8.700798e+05,-2.823924e+06,2.226734e+06,-1.712731e-01,5.664441e-01,-3.246190e-01,4.540668e-18,392,4941
1.122727e-08,9.768615e-03,-3.170495e-02,2.500029e-02,8.701100e+05,-2.824024e+06,2.226792e+06,-1.373266e-03,4.964291e-03,-3.672541e-03,4.540668e-18,392,49400
0.000000e+00,-6.631929e-08,1.375177e-07,5.107615e-07,0.000000e+00,0.000000e+00,0.000000e+00,8.586270e+06,-1.747560e+07,-4.219946e+07,3.508359e-18,393,0
9.281818e-10,-4.828207e-04,1.063926e-03,2.500611e-03,-5.204895e+05,1.146974e+06,2.695364e+06,2.853664e-01,-6.431958e-01,-1.294000e+00,3.508359e-18,393,4084
9.275227e-09,-4.827659e-03,1.063842e-02,2.500024e-02,-5.205313e+05,1.147068e+06,2.695554e+06,2.331009e-03,-6.059663e-03,-1.359864e-02,3.508359e-18,393,40811
0.000000e+00,-2.376147e-07,-1.626259e-08,5.244765e-07,0.000000e+00,0.000000e+00,0.000000e+00,2.856015e+07,2.006898e+06,-3.209783e+07,3.214193e-18,394,0
1.199773e-09,-2.321718e-03,-2.624539e-04,2.500445e-03,-1.936169e+06,-2.188605e+05,2.084671e+06,6.856720e-01,6.071269e-02,-5.291549e-01,3.214193e-18,394,5279
1.199227e-08,-2.321898e-02,-2.624609e-03,2.500016e-02,-1.936298e+06,-2.188720e+05,2.084772e+06,5.749060e-03,5.735027e-04,-6.395314e-03,3.214193e-18,394,52766
0.000000e+00,-1.778900e-07,-2.136705e-08,4.924032e-07,0.000000e+00,0.000000e+00,0.000000e+00,2.111322e+07,8.502682e+06,-3.814219e+07,3.568268e-18,395,0
1.079318e-09,-1.543226e-03,-5.224139e-04,2.500526e-03,-1.430741e+06,-4.843062e+05,2.317675e+06,6.767378e-01,1.978900e-01,-8.366485e-01,3.568268e-18,395,4749
1.078682e-08,-1.543307e-02,-5.224087e-03,2.500050e-02,-1.430856e+06,-4.843398e+05,2.317818e+06,5.236806e-03,1.953636e-03,-9.974261e-03,3.568268e-18,395,47462
0.000000e+00,1.676612e-07,9.086554e-08,3.478524e-07,0.000000e+00,0.000000e+00,0.000000e+00,-3.684415e+07,-2.125021e+07,-5.201551e+07,4.525583e-18,396,0
9.168182e-10,1.896454e-03,1.122464e-03,2.500325e-03,2.069283e+06,1.224800e+06,2.727847e+06,-6.767401e-01,-4.267022e-01,-7.461191e-01,4.525583e-18,396,4034
9.164773e-09,1.896448e-02,1.122498e-02,2.500022e-02,2.069381e+06,1.224862e+06,2.727955e+06,-6.313324e-03,-3.850865e-03,-7.905162e-03,4.525583e-18,396,40325
0.000000e+00,1.888190e-07,-4.768796e-08,2.668082e-07,0.000000e+00,0.000000e+00,0.000000e+00,-5.873014e+07,1.395778e+07,-6.735169e+07,5.310147e-18,397,0
7.847727e-10,2.242100e-03,-5.290028e-04,2.500414e-03,2.857681e+06,-6.742342e+05,3.186719e+06,-7.897728e-01,1.855609e-01,-7.691365e-01,5.310147e-18,397,3453
7.845227e-09,2.241920e-02,-5.289537e-03,2.500065e-02,2.857779e+06,-6.742572e+05,3.186814e+06,-7.599917e-03,1.893749e-03,-7.895422e-03,5.310147e-18,397,34519
0.000000e+00,-7.366758e-08,-2.676884e-08,6.698810e-07,0.000000e+00,0.000000e+00,0.000000e+00,8.569664e+06,4.870744e+06,-3.806100e+07,2.795143e-18,398,0
9.222727e-10,-4.806957e-04,-2.609167e-04,2.500324e-03,-5.215060e+05,-2.831526e+05,2.712515e+06,2.941257e-01,2.278836e-01,-1.605759e+00,2.795143e-18,398,4058
9.216591e-09,-4.806526e-03,-2.609702e-03,2.500039e-02,-5.215487e+05,-2.831857e+05,2.712750e+06,2.198459e-03,1.873317e-03,-1.700863e-02,2.795143e-18,398,40553
0.000000e+00,7.514264e-08,-2.631918e-08,2.885351e-07,0.000000e+00,0.000000e+00,0.000000e+00,-3.226845e+07,1.164741e+07,-1.012246e+08,5.873899e-18,399,0
5.418182e-10,8.150715e-04,-2.939711e-04,2.500222e-03,1.504672e+06,-5.426922e+05,4.615309e+06,-6.148139e-01,2.253087e-01,-1.713785e+00,5.873899e-18,399,2384
5.416818e-09,8.150559e-03,-2.939673e-03,2.500045e-02,1.504724e+06,-5.427115e+05,4.615456e+06,-5.988882e-03,2.206579e-03,-1.728359e-02,5.873899e-18,399,23834
0.000000e+00,9.992503e-08,-1.826202e-07,2.984002e-07,0.000000e+00,0.000000e+00,0.000000e+00,-2.038787e+07,4.908142e+07,-5.551235e+07,4.860794e-18,400,0
9.095455e-10,9.780911e-04,-2.314455e-03,2.500217e-03,1.075664e+06,-2.545364e+06,2.749385e+06,-2.971212e-01,6.821111e-01,-6.111721e-01,4.860794e-18,400,4002
9.092955e-09,9.780980e-03,-2.314487e-02,2.500015e-02,1.075707e+06,-2.545462e+06,2.749473e+06,-2.819801e-03,6.402217e-03,-6.395286e-03,4.860794e-18,400,40009
0.000000e+00,7.600513e-08,1.540134e-07,4.573577e-07,0.000000e+00,0.000000e+00,0.000000e+00,-1.166662e+07,-2.062347e+07,-3.783623e+07,3.780692e-18,401,0
1.107955e-09,8.684913e-04,1.471582e-03,2.500236e-03,7.844161e+05,1.329025e+06,2.257537e+06,-3.812104e-01,-5.931753e-01,-7.994198e-01,3.780692e-18,401,4875
1.107409e-08,8.686639e-03,1.471768e-02,2.500032e-02,7.844826e+05,1.329128e+06,2.257678e+06,-2.762016e-03,-5.087610e-03,-9.261767e-03,3.780692e-18,401,48726
0.000000e+00,1.131839e-07,3.294620e-08,2.810631e-07,0.000000e+00,0.000000e+00,0.000000e+00,-4.655405e+07,-1.265105e+07,-9.308731e+07,5.759693e-18,402,0
5.897727e-10,1.279203e-03,3.476865e-04,2.500410e-03,2.169455e+06,5.896511e+05,4.240301e+06,-7.814433e-01,-2.103352e-01,-1.362924e+00,5.759693e-18,402,2595
5.895909e-09,1.279095e-02,3.476541e-03,2.500058e-02,2.169528e+06,5.896707e+05,4.240428e+06,-7.653134e-03,-2.068112e-03,-1.378580e-02,5.759693e-18,402,25942
0.000000e+00,-4.236424e-08,4.258764e-08,1.216015e-07,0.000000e+00,0.000000e+00,0.000000e+00,1.718390e+08,-1.752221e+08,-4.686551e+08,1.221145e-17,403,0
1.336364e-10,-9.181959e-04,9.362816e-04,2.504042e-03,-6.870617e+06,7.005953e+06,1.873703e+07,4.964309e-01,-5.089723e-01,-1.310722e+00,1.221145e-17,403,588
1.334318e-09,-9.167631e-03,9.348212e-03,2.500128e-02,-6.870627e+06,7.005963e+06,1.873706e+07,4.971666e-03,-5.093198e-03,-1.315829e-02,1.221145e-17,403,5871
0.000000e+00,-7.430750e-08,-4.166014e-08,2.619035e-07,0.000000e+00,0.000000e+00,0.000000e+00,3.743887e+07,2.884089e+07,-1.188172e+08,6.341038e-18,404,0
4.843182e-10,-7.981965e-04,-6.154473e-04,2.500760e-03,-1.648314e+06,-1.270969e+06,5.164009e+06,5.578193e-01,4.462308e-01,-1.586117e+00,6.341038e-18,404,2131
4.841364e-09,-7.980127e-03,-6.153240e-03,2.500102e-02,-1.648356e+06,-1.271003e+06,5.164131e+06,5.481239e-03,4.374428e-03,-1.607614e-02,6.341038e-18,404,21302
0.000000e+00,-1.233033e-07,-1.672111e-07,4.743270e-07,0.000000e+00,0.000000e+00,0.000000e+00,1.198021e+07,2.891384e+07,-3.912376e+07,3.567498e-18,405,0
1.067273e-09,-8.764800e-04,-1.876822e-03,2.500199e-03,-8.215937e+05,-1.759434e+06,2.343359e+06,2.866788e-01,6.774762e-01,-7.246789e-01,3.567498e-18,405,4696
1.066841e-08,-8.765097e-03,-1.877029e-02,2.500008e-02,-8.216419e+05,-1.759548e+06,2.343481e+06,2.499772e-03,5.775623e-03,-8.120933e-03,3.567498e-18,405,46941
0.000000e+00,1.879389e-07,-5.649423e-08,5.446695e-07,0.000000e+00,0.000000e+00,0.000000e+00,-2.144178e+07,2.036541e+06,-3.713835e+07,3.209436e-18,406,0
1.012955e-09,1.483964e-03,-1.636717e-04,2.500158e-03,1.465951e+06,-1.617056e+05,2.469256e+06,-7.742161e-01,1.216273e-01,-1.037869e+00,3.209436e-18,406,4457
1.012455e-08,1.484204e-02,-1.637213e-03,2.500026e-02,1.466074e+06,-1.617250e+05,2.469422e+06,-6.640575e-03,8.404065e-04,-1.145047e-02,3.209436e-18,406,44548
0.000000e+00,-2.445974e-08,1.691978e-07,6.318258e-07,0.000000e+00,0.000000e+00,0.000000e+00,1.115620e+06,-1.544721e+07,-3.752730e+07,2.844028e-18,407,0
9.815909e-10,-8.941941e-05,1.064951e-03,2.500562e-03,-9.120817e+04,1.085630e+06,2.548680e+06,1.069873e-01,-6.286030e-01,-1.267939e+00,2.844028e-18,407,4319
9.809091e-09,-8.946804e-04,1.064906e-02,2.500047e-02,-9.122471e+04,1.085727e+06,2.548877e+06,8.605455e-04,-5.544761e-03,-1.378313e-02,2.844028e-18,407,43160
0.000000e+00,1.231738e-07,9.708257e-08,1.895872e-07,0.000000e+00,0.000000e+00,0.000000e+00,-9.101432e+07,-7.216594e+07,-1.160918e+08,6.926125e-18,408,0
5.186364e-10,1.972615e-03,1.564048e-03,2.500290e-03,3.803643e+06,3.015837e+06,4.820991e+06,-5.687745e-01,-4.506566e-01,-6.342284e-01,6.926125e-18,408,2282
5.185682e-09,1.972457e-02,1.563924e-02,2.500027e-02,3.803690e+06,3.015874e+06,4.821043e+06,-5.594855e-03,-4.445911e-03,-6.443404e-03,6.926125e-18,408,22817
0.000000e+00,-4.440553e-08,2.874772e-08,1.941705e-07,0.000000e+00,0.000000e+00,0.000000e+00,4.957636e+07,-3.556477e+07,-2.240320e+08,8.457572e-18,409,0
2.747727e-10,-5.540624e-04,3.973263e-04,2.501057e-03,-2.016427e+06,1.446019e+06,9.102217e+06,4.112110e-01,-2.897357e-01,-1.790757e+00,8.457572e-18,409,1209
2.746591e-09,-5.538339e-03,3.971647e-03,2.500024e-02,-2.016445e+06,1.446031e+06,9.102295e+06,4.012141e-03,-2.844637e-03,-1.801496e-02,8.457572e-18,409,12085
0.000000e+00,5.943107e-08,2.593944e-07,4.395118e-07,0.000000e+00,0.000000e+00,0.000000e+00,-7.197167e+06,-3.566598e+07,-3.362067e+07,3.524254e-18,410,0
1.325682e-09,5.208493e-04,3.029920e-03,2.500203e-03,3.930359e+05,2.286542e+06,1.886348e+06,-9.437355e-02,-5.809937e-01,-3.324623e-01,3.524254e-18,410,5833
1.325318e-08,5.208980e-03,3.030385e-02,2.500031e-02,3.930556e+05,2.286663e+06,1.886418e+06,-7.609482e-04,-5.015994e-03,-4.060528e-03,3.524254e-18,410,58314
0.000000e+00,2.302646e-07,2.532296e-08,5.775457e-07,0.000000e+00,0.000000e+00,0.000000e+00,-2.104307e+07,-2.335739e+06,-3.274112e+07,2.954759e-18,411,0
1.132500e-09,1.720915e-03,1.546228e-04,2.500187e-03,1.520534e+06,1.366214e+05,2.208515e+06,-6.939332e-01,-7.141997e-02,-7.765397e-01,2.954759e-18,411,4983
1.131977e-08,1.721206e-02,1.546530e-03,2.500011e-02,1.520658e+06,1.366342e+05,2.208655e+06,-5.672628e-03,-3.554009e-04,-9.258705e-03,2.954759e-18,411,49807
0.000000e+00,-4.755118e-08,-1.921556e-07,5.036188e-07,0.000000e+00,0.000000e+00,0.000000e+00,4.655692e+06,2.183775e+07,-3.572029e+07,3.424736e-18,412,0
1.144318e-09,-3.674391e-04,-1.720919e-03,2.500176e-03,-3.213024e+05,-1.504893e+06,2.185685e+06,1.459706e-01,7.067569e-01,-7.309550e-01,3.424736e-18,412,5035
1.143818e-08,-3.675107e-03,-1.721317e-02,2.500045e-02,-3.213287e+05,-1.505020e+06,2.185818e+06,1.189995e-03,5.928550e-03,-8.909807e-03,3.424736e-18,412,50328
0.000000e+00,1.850806e-07,1.789645e-07,5.029420e-07,0.000000e+00,0.000000e+00,0.000000e+00,-2.020410e+07,-1.922409e+07,-3.450528e+07,3.228576e-18,413,0
1.185909e-09,1.613060e-03,1.586869e-03,2.500358e-03,1.360892e+06,1.338823e+06,2.109018e+06,-4.797813e-01,-4.885227e-01,-5.706479e-01,3.228576e-18,413,5218
1.185386e-08,1.613178e-02,1.587018e-02,2.500022e-02,1.360981e+06,1.338914e+06,2.109126e+06,-4.090720e-03,-4.092378e-03,-6.703855e-03,3.228576e-18,413,52157
0.000000e+00,-1.132474e-07,3.248216e-08,3.491238e-07,0.000000e+00,0.000000e+00,0.000000e+00,1.867955e+07,-9.172208e+06,-6.795546e+07,4.890944e-18,414,0
6.804545e-10,-7.485390e-04,2.903502e-04,2.500296e-03,-1.100482e+06,4.268779e+05,3.675623e+06,5.420810e-01,-2.437135e-01,-1.572583e+00,4.890944e-18,414,2994
6.801591e-09,-7.485037e-03,2.903461e-03,2.500014e-02,-1.100541e+06,4.269041e+05,3.675792e+06,5.540535e-03,-2.186729e-03,-1.765273e-02,4.890944e-18,414,29927
0.000000e+00,-7.685660e-08,-1.863133e-07,3.976186e-07,0.000000e+00,0.000000e+00,0.000000e+00,1.363776e+07,3.307742e+07,-4.594001e+07,4.087974e-18,415,0
9.722727e-10,-9.608476e-04,-2.090541e-03,2.500496e-03,-9.886684e+05,-2.151038e+06,2.572446e+06,3.147813e-01,6.942376e-01,-6.821266e-01,4.087974e-18,415,4278
9.718409e-09,-9.608226e-03,-2.090458e-02,2.500022e-02,-9.887167e+05,-2.151144e+06,2.572552e+06,2.752259e-03,6.224995e-03,-7.300035e-03,4.087974e-18,415,42761
0.000000e+00,1.461198e-07,7.708045e-08,3.387230e-07,0.000000e+00,0.000000e+00,0.000000e+00,-3.311124e+07,-1.786215e+07,-5.805125e+07,4.753471e-18,416,0
8.065909e-10,1.525484e-03,8.098487e-04,2.500104e-03,1.892020e+06,1.004430e+06,3.100488e+06,-7.496418e-01,-3.966767e-01,-1.061452e+00,4.753471e-18,416,3549
8.063409e-09,1.525610e-02,8.099120e-03,2.500059e-02,1.892116e+06,1.004481e+06,3.100623e+06,-7.131645e-03,-3.817158e-03,-1.093760e-02,4.753471e-18,416,35479
0.000000e+00,-3.900264e-09,-2.136838e-07,4.127896e-07,0.000000e+00,0.000000e+00,0.000000e+00,-8.863287e+03,3.496278e+07,-4.064995e+07,3.934777e-18,417,0
1.115227e-09,-8.734701e-05,-2.370214e-03,2.500238e-03,-7.842308e+04,-2.126274e+06,2.242526e+06,5.792481e-02,6.869512e-01,-5.837635e-01,3.934777e-18,417,4907
1.114818e-08,-8.742467e-04,-2.370403e-02,2.500026e-02,-7.843323e+04,-2.126395e+06,2.242630e+06,4.566551e-04,5.897233e-03,-6.691402e-03,3.934777e-18,417,49052
0.000000e+00,2.188681e-07,-4.807978e-08,5.533818e-07,0.000000e+00,0.000000e+00,0.000000e+00,-2.368677e+07,4.103302e+06,-3.391276e+07,3.088408e-18,418,0
1.127273e-09,1.882928e-03,-3.798792e-04,2.500178e-03,1.671349e+06,-3.372108e+05,2.218656e+06,-7.137080e-01,1.561237e-01,-7.102954e-01,3.088408e-18,418,4960
1.126818e-08,1.883299e-02,-3.799736e-03,2.500043e-02,1.671475e+06,-3.372385e+05,2.218783e+06,-5.853030e-03,1.282286e-03,-8.332073e-03,3.088408e-18,418,49580
0.000000e+00,-1.594549e-08,-1.153396e-07,6.426387e-07,0.000000e+00,0.000000e+00,0.000000e+00,3.719902e+05,1.335578e+07,-4.018941e+07,2.884148e-18,419,0
9.227273e-10,-7.733137e-05,-8.359305e-04,2.500519e-03,-8.389553e+04,-9.065558e+05,2.711270e+06,7.443039e-02,5.585606e-01,-1.488781e+00,2.884148e-18,419,4060
9.220682e-09,-7.735671e-04,-8.359047e-03,2.500001e-02,-8.390633e+04,-9.066371e+05,2.711488e+06,2.621654e-04,5.008494e-03,-1.582605e-02,2.884148e-18,419,40571
0.000000e+00,5.407303e-08,-2.642160e-07,3.783881e-07,0.000000e+00,0.000000e+00,0.000000e+00,-4.973595e+07,3.485504e+07,-3.491194e+07,3.884244e-18,420,0
1.407500e-09,3.520184e-03,-2.672690e-03,2.500154e-03,2.501663e+06,-1.899251e+06,1.776414e+06,-3.190251e-01,2.414251e-01,-1.583083e-01,3.884244e-18,420,6193
1.407318e-08,3.520619e-02,-2.672855e-02,2.500002e-02,2.501733e+06,-1.899304e+06,1.776450e+06,-2.712162e-03,2.057715e-03,-1.909728e-03,3.884244e-18,420,61922
0.000000e+00,8.238349e-08,2.357430e-07,2.372734e-07,0.000000e+00,0.000000e+00,0.000000e+00,-2.604341e+07,-6.824558e+07,-4.905722e+07,5.022470e-18,421,0
1.107273e-09,1.384073e-03,3.627647e-03,2.500177e-03,1.250207e+06,3.276758e+06,2.258148e+06,-1.767635e-01,-4.569012e-01,-2.336921e-01,5.022470e-18,421,4872
1.107114e-08,1.384121e-02,3.627747e-02,2.500039e-02,1.250237e+06,3.276838e+06,2.258189e+06,-1.504112e-03,-3.973634e-03,-2.575168e-03,5.022470e-18,421,48713
0.000000e+00,1.671258e-07,-8.703709e-08,2.467310e-07,0.000000e+00,0.000000e+00,0.000000e+00,-6.399208e+07,3.130344e+07,-7.307168e+07,5.612100e-18,422,0
7.575000e-10,2.250340e-03,-1.101477e-03,2.500056e-03,2.971286e+06,-1.454352e+06,3.300789e+06,-6.812328e-01,3.324924e-01,-6.349413e-01,5.612100e-18,422,3333
7.574091e-09,2.250484e-02,-1.101543e-02,2.500061e-02,2.971368e+06,-1.454392e+06,3.300865e+06,-6.432236e-03,3.256212e-03,-6.539990e-03,5.612100e-18,422,33326
0.000000e+00,1.540066e-09,-1.091434e-07,3.204496e-07,0.000000e+00,0.000000e+00,0.000000e+00,-5.448690e+05,3.291319e+07,-7.740651e+07,5.256792e-18,423,0
6.497727e-10,1.366760e-05,-1.103279e-03,2.500253e-03,2.103177e+04,-1.698514e+06,3.848901e+06,-1.024420e-03,7.567182e-01,-1.558654e+00,5.256792e-18,423,2859
6.495455e-09,1.366131e-04,-1.103263e-02,2.500048e-02,2.103186e+04,-1.698592e+06,3.849061e+06,-5.815687e-05,7.376608e-03,-1.578848e-02,5.256792e-18,423,28580
0.000000e+00,-3.193007e-08,1.517011e-07,5.999857e-07,0.000000e+00,0.000000e+00,0.000000e+00,1.357322e+07,-2.445604e+07,-2.918735e+07,3.033319e-18,424,0
1.280000e-09,-8.912131e-04,2.061275e-03,2.500297e-03,-6.966559e+05,1.611355e+06,1.953929e+06,2.413467e-01,-5.938107e-01,-5.232515e-01,3.033319e-18,424,5632
1.279477e-08,-8.913511e-03,2.061680e-02,2.500036e-02,-6.967045e+05,1.611475e+06,1.954036e+06,2.334840e-03,-5.316624e-03,-6.610449e-03,3.033319e-18,424,56297
0.000000e+00,2.406937e-07,-1.449391e-07,4.081503e-07,0.000000e+00,0.000000e+00,0.000000e+00,-3.299991e+07,1.647932e+07,-3.436380e+07,3.626631e-18,425,0
1.256136e-09,2.607931e-03,-1.242862e-03,2.500086e-03,2.077061e+06,-9.897937e+05,1.990739e+06,-5.745050e-01,2.502357e-01,-3.775115e-01,3.626631e-18,425,5527
1.255818e-08,2.608403e-02,-1.243002e-02,2.500022e-02,2.077174e+06,-9.898431e+05,1.990815e+06,-4.803725e-03,2.011946e-03,-4.550304e-03,3.626631e-18,425,55256
0.000000e+00,-1.586448e-07,3.568515e-08,2.794266e-07,0.000000e+00,0.000000e+00,0.000000e+00,5.752911e+07,-1.369171e+07,-7.683250e+07,5.432857e-18,426,0
7.052273e-10,-1.926376e-03,4.600418e-04,2.500305e-03,-2.732175e+06,6.524829e+05,3.545925e+06,8.020463e-01,-1.951204e-01,-8.982557e-01,5.432857e-18,426,3103
7.050455e-09,-1.926312e-02,4.600308e-03,2.500053e-02,-2.732265e+06,6.525046e+05,3.546026e+06,7.861351e-03,-1.940911e-03,-9.227771e-03,5.432857e-18,426,31022
0.000000e+00,-1.446892e-08,2.338913e-07,5.080681e-07,0.000000e+00,0.000000e+00,0.000000e+00,6.860868e+05,-2.807374e+07,-3.234194e+07,3.292254e-18,427,0
1.256818e-09,-2.315153e-05,2.354497e-03,2.500379e-03,-1.839281e+04,1.874418e+06,1.990104e+06,-1.314218e-02,-6.495358e-01,-5.474781e-01,3.292254e-18,427,5530
1.256227e-08,-2.310661e-04,2.354685e-02,2.500043e-02,-1.839018e+04,1.874546e+06,1.990213e+06,-1.645312e-04,-5.649753e-03,-6.542957e-03,3.292254e-18,427,55274
0.000000e+00,-8.917170e-08,-4.631871e-08,6.499224e-07,0.000000e+00,0.000000e+00,0.000000e+00,9.839595e+06,6.037160e+06,-3.743963e+07,2.866381e-18,428,0
9.479545e-10,-6.841880e-04,-3.897396e-04,2.500388e-03,-7.222836e+05,-4.114827e+05,2.639003e+06,4.453753e-01,2.902016e-01,-1.439826e+00,2.866381e-18,428,4171
9.473182e-09,-6.842290e-03,-3.898029e-03,2.500001e-02,-7.223502e+05,-4.115261e+05,2.639219e+06,3.822026e-03,2.409994e-03,-1.543248e-02,2.866381e-18,428,41682
0.000000e+00,-1.051839e-07,1.407789e-07,6.279152e-07,0.000000e+00,0.000000e+00,0.000000e+00,7.966095e+06,-1.258449e+07,-3.427305e+07,2.850204e-18,429,0
1.110682e-09,-1.542767e-04,1.164718e-03,2.500100e-03,-1.388701e+05,1.049521e+06,2.251995e+06,1.049710e-01,-6.160142e-01,-1.007837e+00,2.850204e-18,429,4887
1.110114e-08,-1.541805e-03,1.165080e-02,2.500002e-02,-1.388885e+05,1.049629e+06,2.252173e+06,6.722732e-04,-5.380127e-03,-1.197235e-02,2.850204e-18,429,48845
0.000000e+00,-4.756977e-08,-1.335415e-07,4.582181e-07,0.000000e+00,0.000000e+00,0.000000e+00,6.294682e+06,1.991520e+07,-4.621152e+07,3.861742e-18,430,0
8.977273e-10,-3.361959e-04,-1.156354e-03,2.500185e-03,-3.747052e+05,-1.288881e+06,2.786295e+06,1.958473e-01,7.019530e-01,-1.326103e+00,3.861742e-18,430,3950
8.972500e-09,-3.362041e-03,-1.156444e-02,2.500014e-02,-3.747330e+05,-1.288981e+06,2.786483e+06,1.703499e-03,6.729624e-03,-1.386945e-02,3.861742e-18,430,39479
0.000000e+00,1.290781e-07,-1.081848e-07,3.872513e-07,0.000000e+00,0.000000e+00,0.000000e+00,-2.471540e+07,1.936168e+07,-4.762535e+07,4.298941e-18,431,0
9.277273e-10,1.398736e-03,-1.093068e-03,2.500177e-03,1.508475e+06,-1.178800e+06,2.695967e+06,-6.540333e-01,4.983508e-01,-1.015395e+00,4.298941e-18,431,4082
9.273182e-09,1.398831e-02,-1.093119e-02,2.500027e-02,1.508571e+06,-1.178873e+06,2.696116e+06,-6.036998e-03,4.562816e-03,-1.059571e-02,4.298941e-18,431,40802
0.000000e+00,4.338991e-08,-1.843538e-08,3.606366e-07,0.000000e+00,0.000000e+00,0.000000e+00,-1.041824e+07,2.300361e+06,-7.257695e+07,4.967853e-18,432,0
6.461364e-10,4.027059e-04,-7.362242e-05,2.500611e-03,6.235222e+05,-1.139656e+05,3.871449e+06,-3.317695e-01,5.585960e-02,-1.957327e+00,4.967853e-18,432,2843
6.457727e-09,4.026524e-03,-7.359714e-04,2.500085e-02,6.235560e+05,-1.139713e+05,3.871649e+06,-3.326555e-03,5.755445e-04,-1.994542e-02,4.967853e-18,432,28414
0.000000e+00,1.398580e-07,-2.330329e-07,3.152700e-07,0.000000e+00,0.000000e+00,0.000000e+00,-2.983218e+07,4.279996e+07,-4.185790e+07,4.245149e-18,433,0
1.182727e-09,1.914343e-03,-2.721260e-03,2.500060e-03,1.619080e+06,-2.301467e+06,2.114133e+06,-3.441228e-01,4.594784e-01,-3.181232e-01,4.245149e-18,433,5204
1.182523e-08,1.914597e-02,-2.721538e-02,2.500024e-02,1.619144e+06,-2.301552e+06,2.114192e+06,-2.850985e-03,3.929908e-03,-3.589646e-03,4.245149e-18,433,52031
0.000000e+00,1.378190e-07,-1.510949e-07,3.505890e-07,0.000000e+00,0.000000e+00,0.000000e+00,-2.888922e+07,3.093800e+07,-4.950464e+07,4.412659e-18,434,0
9.540909e-10,1.576172e-03,-1.718112e-03,2.500454e-03,1.652637e+06,-1.801455e+06,2.621389e+06,-5.251526e-01,5.625726e-01,-6.662000e-01,4.412659e-18,434,4198
9.537045e-09,1.576124e-02,-1.718052e-02,2.500043e-02,1.652716e+06,-1.801540e+06,2.621490e+06,-4.856036e-03,5.259150e-03,-7.059493e-03,4.412659e-18,434,41963
0.000000e+00,-1.165471e-07,2.506073e-07,3.524975e-07,0.000000e+00,0.000000e+00,0.000000e+00,1.636373e+07,-3.851614e+07,-3.476308e+07,3.973324e-18,435,0
1.322045e-09,-1.280532e-03,3.071417e-03,2.500299e-03,-9.689235e+05,2.324098e+06,1.891577e+06,2.014602e-01,-5.185175e-01,-2.852794e-01,3.973324e-18,435,5817
1.321659e-08,-1.280585e-02,3.071657e-02,2.500034e-02,-9.689653e+05,2.324206e+06,1.891638e+06,1.711841e-03,-4.369421e-03,-3.478536e-03,3.973324e-18,435,58153
0.000000e+00,1.744314e-07,-1.292752e-07,4.746256e-07,0.000000e+00,0.000000e+00,0.000000e+00,-2.486845e+07,1.996428e+07,-4.174390e+07,3.533008e-18,436,0
1.013409e-09,1.611199e-03,-1.256045e-03,2.500551e-03,1.590697e+06,-1.240024e+06,2.468205e+06,-6.426549e-01,4.747477e-01,-7.678813e-01,3.533008e-18,436,4459
1.012886e-08,1.611190e-02,-1.256000e-02,2.500029e-02,1.590799e+06,-1.240100e+06,2.468329e+06,-5.321316e-03,4.284249e-03,-8.608107e-03,3.533008e-18,436,44567
0.000000e+00,-2.812050e-08,1.788788e-07,4.115744e-07,0.000000e+00,0.000000e+00,0.000000e+00,1.279031e+06,-3.677031e+07,-4.513804e+07,4.075810e-18,437,0
9.645455e-10,-1.379915e-04,2.055378e-03,2.500008e-03,-1.431480e+05,2.131886e+06,2.592687e+06,7.360186e-02,-7.872164e-01,-8.083902e-01,4.075810e-18,437,4244
9.642500e-09,-1.380304e-03,2.055665e-02,2.500012e-02,-1.431592e+05,2.132006e+06,2.592811e+06,5.920683e-04,-7.061080e-03,-8.545075e-03,4.075810e-18,437,42427
0.000000e+00,-1.172133e-07,7.984374e-08,5.371176e-07,0.000000e+00,0.000000e+00,0.000000e+00,1.244515e+07,-9.380459e+06,-3.952088e+07,3.383882e-18,438,0
1.011818e-09,-8.364794e-04,6.955205e-04,2.500004e-03,-8.272298e+05,6.879354e+05,2.471932e+06,4.409266e-01,-4.233043e-01,-1.118330e+00,3.383882e-18,438,4452
1.011364e-08,-8.366305e-03,6.957493e-03,2.500043e-02,-8.273001e+05,6.880029e+05,2.472112e+06,3.568763e-03,-3.087599e-03,-1.304886e-02,3.383882e-18,438,44500
0.000000e+00,-1.991983e-07,1.629838e-08,3.304792e-07,0.000000e+00,0.000000e+00,0.000000e+00,4.575239e+07,-3.881203e+06,-5.270392e+07,4.619638e-18,439,0
9.161364e-10,-2.298179e-03,2.006538e-04,2.500150e-03,-2.509409e+06,2.191017e+05,2.729650e+06,7.671715e-01,-6.951623e-02,-7.075768e-01,4.619638e-18,439,4031
9.158864e-09,-2.298331e-02,2.006718e-03,2.500061e-02,-2.509520e+06,2.191118e+05,2.729753e+06,7.209619e-03,-5.911078e-04,-7.394482e-03,4.619638e-18,439,40299
0.000000e+00,-9.395819e-08,5.740280e-08,6.072078e-07,0.000000e+00,0.000000e+00,0.000000e+00,1.016495e+07,-6.934263e+06,-3.904465e+07,3.057532e-18,440,0
9.245455e-10,-6.638582e-04,4.350376e-04,2.500154e-03,-7.185785e+05,4.708103e+05,2.705651e+06,4.834418e-01,-2.343592e-01,-1.548598e+00,3.057532e-18,440,4068
9.240000e-09,-6.639651e-03,4.350275e-03,2.500043e-02,-7.186490e+05,4.708446e+05,2.705878e+06,4.188450e-03,-1.970401e-03,-1.640750e-02,3.057532e-18,440,40656
0.000000e+00,1.408917e-07,-6.656434e-08,6.386900e-07,0.000000e+00,0.000000e+00,0.000000e+00,-1.305349e+07,9.898672e+06,-3.888933e+07,2.843195e-18,441,0
9.729545e-10,8.329150e-04,-6.654427e-04,2.500371e-03,8.566209e+05,-6.844076e+05,2.571043e+06,-5.037429e-01,3.870726e-01,-1.265221e+00,2.843195e-18,441,4281
9.723636e-09,8.329492e-03,-6.654907e-03,2.500016e-02,8.566982e+05,-6.844670e+05,2.571238e+06,-4.034277e-03,3.808909e-03,-1.396363e-02,2.843195e-18,441,42784
0.000000e+00,1.216083e-07,-8.363345e-08,4.212735e-07,0.000000e+00,0.000000e+00,0.000000e+00,-2.231441e+07,1.586399e+07,-4.552731e+07,4.116343e-18,442,0
9.563636e-10,1.386092e-03,-9.468659e-04,2.500566e-03,1.450164e+06,-9.905775e+05,2.615658e+06,-6.585080e-01,4.098551e-01,-9.878865e-01,4.116343e-18,442,4208
9.557955e-09,1.386051e-02,-9.467848e-03,2.500044e-02,1.450263e+06,-9.906393e+05,2.615807e+06,-5.792716e-03,3.779981e-03,-1.060921e-02,4.116343e-18,442,42055
0.000000e+00,-1.843140e-07,-9.672320e-08,5.439838e-07,0.000000e+00,0.000000e+00,0.000000e+00,2.553612e+07,1.236548e+07,-3.575747e+07,3.200198e-18,443,0
1.101136e-09,-1.860639e-03,-9.085920e-04,2.500024e-03,-1.690696e+06,-8.256129e+05,2.271141e+06,6.841237e-01,3.414305e-01,-7.177951e-01,3.200198e-18,443,4845
1.100773e-08,-1.861064e-02,-9.088087e-03,2.500031e-02,-1.690814e+06,-8.256721e+05,2.271266e+06,5.480483e-03,2.833788e-03,-8.027387e-03,3.200198e-18,443,48434
0.000000e+00,-6.794200e-09,5.674036e-08,1.494493e-07,0.000000e+00,0.000000e+00,0.000000e+00,1.621076e+07,-1.398887e+08,-3.501008e+08,1.044906e-17,444,0
1.781818e-10,-1.157981e-04,9.994371e-04,2.500847e-03,-6.498649e+05,5.608910e+06,1.403487e+07,7.110604e-02,-6.344978e-01,-1.538687e+00,1.044906e-17,444,784
1.781364e-09,-1.157652e-03,9.991563e-03,2.500136e-02,-6.498669e+05,5.608928e+06,1.403491e+07,7.117294e-04,-6.344478e-03,-1.542475e-02,1.044906e-17,444,7838
0.000000e+00,-2.521143e-07,1.112138e-07,4.611939e-07,0.000000e+00,0.000000e+00,0.000000e+00,2.944484e+07,-1.486226e+07,-3.402367e+07,3.386633e-18,445,0
1.267045e-09,-2.481493e-03,1.222227e-03,2.500383e-03,-1.959380e+06,9.650585e+05,1.973813e+06,5.589689e-01,-2.695850e-01,-3.871788e-01,3.386633e-18,445,5575
1.266591e-08,-2.481725e-02,1.222331e-02,2.500034e-02,-1.959491e+06,9.651122e+05,1.973891e+06,4.635337e-03,-2.301213e-03,-4.920625e-03,3.386633e-18,445,55730
0.000000e+00,-7.163849e-08,-2.451523e-08,2.550298e-07,0.000000e+00,0.000000e+00,0.000000e+00,3.599666e+07,1.211774e+07,-1.236995e+08,6.546674e-18,446,0
4.652273e-10,-7.340118e-04,-2.483480e-04,2.501006e-03,-1.577952e+06,-5.338955e+05,5.376490e+06,5.388386e-01,1.923139e-01,-1.767350e+00,6.546674e-18,446,2047
4.650000e-09,-7.337521e-03,-2.482628e-03,2.500084e-02,-1.577992e+06,-5.339096e+05,5.376620e+06,5.370103e-03,1.816906e-03,-1.780992e-02,6.546674e-18,446,20460
0.000000e+00,1.396480e-07,2.053389e-07,3.696570e-07,0.000000e+00,0.000000e+00,0.000000e+00,-2.260410e+07,-3.682393e+07,-4.133309e+07,4.028851e-18,447,0
1.132045e-09,1.464171e-03,2.441588e-03,2.500017e-03,1.293850e+06,2.157605e+06,2.208844e+06,-3.429315e-01,-5.756606e-01,-4.282876e-01,4.028851e-18,447,4981
1.131818e-08,1.464402e-02,2.442012e-02,2.500025e-02,1.293911e+06,2.157708e+06,2.208921e+06,-2.844523e-03,-4.822690e-03,-4.895763e-03,4.028851e-18,447,49800
0.000000e+00,4.123908e-08,-4.212404e-08,5.375951e-07,0.000000e+00,0.000000e+00,0.000000e+00,-6.207785e+06,1.766495e+06,-4.233560e+07,3.496536e-18,448,0
9.275000e-10,4.600548e-04,-1.321518e-04,2.500431e-03,4.964529e+05,-1.426736e+05,2.697394e+06,-3.349114e-01,1.585742e-01,-1.557454e+00,3.496536e-18,448,4081
9.268182e-09,4.601149e-03,-1.322307e-03,2.500011e-02,4.965019e+05,-1.426968e+05,2.697623e+06,-2.454917e-03,1.316627e-03,-1.676217e-02,3.496536e-18,448,40780
0.000000e+00,-9.043067e-08,-1.064497e-07,3.262756e-07,0.000000e+00,0.000000e+00,0.000000e+00,2.420454e+07,2.931475e+07,-6.794547e+07,5.030656e-18,449,0
7.236364e-10,-9.291833e-04,-1.128126e-03,2.500480e-03,-1.284491e+06,-1.559516e+06,3.456353e+06,5.208835e-01,6.359072e-01,-1.253286e+00,5.030656e-18,449,3184
7.233182e-09,-9.290958e-03,-1.128026e-02,2.500054e-02,-1.284551e+06,-1.559588e+06,3.456496e+06,5.124140e-03,6.154866e-03,-1.277314e-02,5.030656e-18,449,31826
0.000000e+00,9.054751e-09,-7.848092e-08,4.335379e-07,0.000000e+00,0.000000e+00,0.000000e+00,-4.633575e+06,1.572522e+07,-5.174661e+07,4.200819e-18,450,0
8.597727e-10,1.064949e-04,-9.181583e-04,2.500221e-03,1.237984e+05,-1.068667e+06,2.909388e+06,-1.061053e-02,6.435861e-01,-1.540960e+00,4.200819e-18,450,3783
8.592955e-09,1.063860e-03,-9.182912e-03,2.500039e-02,1.237999e+05,-1.068754e+06,2.909598e+06,-5.169720e-04,5.900112e-03,-1.600358e-02,4.200819e-18,450,37809
0.000000e+00,-2.473706e-07,2.697358e-08,3.371627e-07,0.000000e+00,0.000000e+00,0.000000e+00,4.847273e+07,-4.239163e+06,-3.487597e+07,4.251430e-18,451,0
1.354773e-09,-3.756338e-03,3.256143e-04,2.500161e-03,-2.773531e+06,2.404101e+05,1.845694e+06,4.928953e-01,-3.895821e-02,-2.222105e-01,4.251430e-18,451,5961
1.354500e-08,-3.756737e-02,3.256352e-03,2.500007e-02,-2.773636e+06,2.404184e+05,1.845742e+06,4.161965e-03,-3.865285e-04,-2.708025e-03,4.251430e-18,451,59598
0.000000e+00,-1.625286e-07,6.678035e-08,4.737719e-07,0.000000e+00,0.000000e+00,0.000000e+00,1.987429e+07,-9.871984e+06,-4.002960e+07,3.683182e-18,452,0
1.029545e-09,-1.185751e-03,7.594188e-04,2.500327e-03,-1.152493e+06,7.382007e+05,2.429527e+06,6.354544e-01,-4.331429e-01,-9.263640e-01,3.683182e-18,452,4530
1.029000e-08,-1.185915e-02,7.596033e-03,2.500001e-02,-1.152596e+06,7.382710e+05,2.429678e+06,5.374218e-03,-3.071323e-03,-1.110190e-02,3.683182e-18,452,45276
0.000000e+00,-1.265949e-07,-3.538790e-08,6.141045e-07,0.000000e+00,0.000000e+00,0.000000e+00,7.327270e+06,8.862022e+05,-3.837846e+07,3.006878e-18,453,0
9.418182e-10,-5.409418e-04,-7.724204e-05,2.500463e-03,-5.747523e+05,-8.211162e+04,2.656364e+06,3.742012e-01,1.073964e-01,-1.500864e+00,3.006878e-18,453,4144
9.411364e-09,-5.409222e-03,-7.728021e-04,2.500022e-02,-5.748078e+05,-8.212759e+04,2.656588e+06,3.113578e-03,5.962680e-04,-1.640328e-02,3.006878e-18,453,41410
0.000000e+00,1.547880e-07,-2.411273e-08,3.929934e-07,0.000000e+00,0.000000e+00,0.000000e+00,-3.011663e+07,3.213458e+06,-5.239851e+07,4.298984e-18,454,0
8.513636e-10,1.543498e-03,-9.716576e-05,2.500406e-03,1.813830e+06,-1.141618e+05,2.937954e+06,-8.032135e-01,5.676293e-02,-1.137928e+00,4.298984e-18,454,3746
8.509318e-09,1.543441e-02,-9.714598e-04,2.500009e-02,1.813937e+06,-1.141694e+05,2.938107e+06,-7.576650e-03,5.170419e-04,-1.178232e-02,4.298984e-18,454,37441
0.000000e+00,6.228095e-08,-1.546823e-07,2.173193e-07,0.000000e+00,0.000000e+00,0.000000e+00,-5.230535e+07,8.117738e+07,-9.753980e+07,6.295232e-18,455,0
6.059091e-10,1.364499e-03,-2.121220e-03,2.500599e-03,2.252242e+06,-3.501183e+06,4.127191e+06,-4.095867e-01,6.239472e-01,-6.150869e-01,6.295232e-18,455,2666
6.057500e-09,1.364298e-02,-2.120851e-02,2.500062e-02,2.252281e+06,-3.501243e+06,4.127250e+06,-3.877441e-03,6.099664e-03,-6.480568e-03,6.295232e-18,455,26653
0.000000e+00,-6.612624e-08,7.875589e-08,4.590838e-07,0.000000e+00,0.000000e+00,0.000000e+00,9.101221e+06,-1.040812e+07,-4.582462e+07,3.954058e-18,456,0
8.922727e-10,-4.965215e-04,6.069664e-04,2.500098e-03,-5.568014e+05,6.807600e+05,2.803549e+06,3.161257e-01,-4.615380e-01,-1.637176e+00,3.954058e-18,456,3926
8.917273e-09,-4.965148e-03,6.070497e-03,2.500011e-02,-5.568459e+05,6.808250e+05,2.803780e+06,2.833543e-03,-4.163165e-03,-1.710916e-02,3.954058e-18,456,39236
0.000000e+00,-4.345003e-08,-5.837076e-08,6.123568e-07,0.000000e+00,0.000000e+00,0.000000e+00,4.620261e+06,9.081289e+06,-3.478650e+07,3.087563e-18,457,0
1.024773e-09,-3.954022e-04,-6.461380e-04,2.500254e-03,-3.862296e+05,-6.309892e+05,2.441224e+06,3.132542e-01,3.545741e-01,-1.337912e+00,3.087563e-18,457,4509
1.024068e-08,-3.955246e-03,-6.461714e-03,2.500000e-02,-3.862803e+05,-6.310464e+05,2.441441e+06,3.058349e-03,2.927625e-03,-1.494614e-02,3.087563e-18,457,45059
0.000000e+00,-1.527423e-07,-2.763433e-08,5.160035e-07,0.000000e+00,0.000000e+00,0.000000e+00,1.564488e+07,1.362099e+06,-4.034884e+07,3.487376e-18,458,0
9.793182e-10,-1.139399e-03,-1.504863e-04,2.500077e-03,-1.164357e+06,-1.537727e+05,2.554091e+06,7.435386e-01,8.599543e-02,-1.196023e+00,3.487376e-18,458,4309
9.788182e-09,-1.139690e-02,-1.505146e-03,2.500006e-02,-1.164472e+06,-1.537860e+05,2.554276e+06,5.537440e-03,1.009291e-03,-1.348133e-02,3.487376e-18,458,43068
0.000000e+00,6.524922e-08,1.360244e-07,1.826191e-07,0.000000e+00,0.000000e+00,0.000000e+00,-5.330552e+07,-1.113040e+08,-1.257100e+08,7.175340e-18,459,0
4.820455e-10,1.065506e-03,2.224898e-03,2.500266e-03,2.210463e+06,4.615701e+06,5.186848e+06,-3.152103e-01,-6.600062e-01,-6.564387e-01,7.175340e-18,459,2121
4.820000e-09,1.065448e-02,2.224778e-02,2.500076e-02,2.210488e+06,4.615751e+06,5.186898e+06,-3.084309e-03,-6.489883e-03,-6.648355e-03,7.175340e-18,459,21208
0.000000e+00,-3.172140e-08,1.477453e-07,4.186750e-07,0.000000e+00,0.000000e+00,0.000000e+00,4.630121e+06,-2.259883e+07,-5.014013e+07,4.132351e-18,460,0
8.697727e-10,-2.453663e-04,1.299806e-03,2.500113e-03,-2.822457e+05,1.495291e+06,2.875631e+06,1.357419e-01,-7.889522e-01,-1.274047e+00,4.132351e-18,460,3827
8.693864e-09,-2.453803e-03,1.299980e-02,2.500045e-02,-2.822643e+05,1.495399e+06,2.875806e+06,1.187828e-03,-7.426619e-03,-1.330061e-02,4.132351e-18,460,38253
0.000000e+00,-8.487157e-08,-1.889558e-08,1.290700e-07,0.000000e+00,0.000000e+00,0.000000e+00,2.306563e+08,5.066212e+07,-3.261656e+08,1.069664e-17,461,0
1.913636e-10,-1.768402e-03,-3.883987e-04,2.500154e-03,-9.240794e+06,-2.029577e+06,1.306451e+07,7.423702e-01,1.604089e-01,-9.997984e-01,1.069664e-17,461,842
1.913636e-09,-1.768360e-02,-3.883891e-03,2.500084e-02,-9.240817e+06,-2.029582e+06,1.306454e+07,7.390422e-03,1.601695e-03,-1.002207e-02,1.069664e-17,461,8420
0.000000e+00,7.232247e-08,2.223119e-07,2.970305e-07,0.000000e+00,0.000000e+00,0.000000e+00,-1.792378e+07,-5.390078e+07,-4.926575e+07,4.653261e-18,462,0
1.040000e-09,9.744151e-04,2.908593e-03,2.500035e-03,9.372002e+05,2.797468e+06,2.404229e+06,-2.103372e-01,-6.060569e-01,-3.954411e-01,4.653261e-18,462,4576
1.039841e-08,9.745385e-03,2.908922e-02,2.500030e-02,9.372347e+05,2.797568e+06,2.404294e+06,-1.868202e-03,-5.303259e-03,-4.282006e-03,4.653261e-18,462,45753
0.000000e+00,-8.868128e-08,-7.204252e-08,1.347825e-07,0.000000e+00,0.000000e+00,0.000000e+00,1.689296e+08,1.393819e+08,-2.290606e+08,9.464913e-18,463,0
2.718182e-10,-1.846235e-03,-1.523404e-03,2.501969e-03,-6.792041e+06,-5.604394e+06,9.204321e+06,5.487738e-01,4.569369e-01,-6.922574e-01,9.464913e-18,463,1196
2.716136e-09,-1.844819e-02,-1.522237e-02,2.500032e-02,-6.792064e+06,-5.604414e+06,9.204351e+06,5.461526e-03,4.508130e-03,-7.005055e-03,9.464913e-18,463,11951
0.000000e+00,2.429944e-08,-2.546570e-07,3.750742e-07,0.000000e+00,0.000000e+00,0.000000e+00,1.064799e+06,4.137168e+07,-3.890318e+07,3.967550e-18,464,0
1.214091e-09,-1.183770e-06,-3.032840e-03,2.500169e-03,-9.497568e+02,-2.499018e+06,2.059666e+06,-2.118935e-02,6.384181e-01,-3.547531e-01,3.967550e-18,464,5342
1.213795e-08,-1.152199e-05,-3.033288e-02,2.500030e-02,-9.456894e+02,-2.499140e+06,2.059735e+06,6.635162e-05,5.209371e-03,-4.237166e-03,3.967550e-18,464,53407
0.000000e+00,-2.396341e-08,-1.901259e-07,3.469194e-07,0.000000e+00,0.000000e+00,0.000000e+00,5.562128e+06,4.211214e+07,-4.711978e+07,4.538835e-18,465,0
1.012727e-09,-3.327386e-04,-2.422561e-03,2.500525e-03,-3.286959e+05,-2.393066e+06,2.469678e+06,1.045162e-01,7.378115e-01,-5.910774e-01,4.538835e-18,465,4456
1.012273e-08,-3.327285e-03,-2.422428e-02,2.500000e-02,-3.287126e+05,-2.393184e+06,2.469773e+06,9.433353e-04,6.433519e-03,-6.644649e-03,4.538835e-18,465,44540
0.000000e+00,6.678852e-08,2.394582e-07,4.315101e-07,0.000000e+00,0.000000e+00,0.000000e+00,-1.111228e+07,-3.275278e+07,-3.607764e+07,3.644850e-18,466,0
1.229773e-09,1.012914e-03,2.484153e-03,2.500362e-03,8.240660e+05,2.020961e+06,2.033678e+06,-2.399568e-01,-6.204682e-01,-4.372233e-01,3.644850e-18,466,5411
1.229295e-08,1.013013e-02,2.484351e-02,2.500009e-02,8.241124e+05,2.021081e+06,2.033764e+06,-2.047765e-03,-5.263734e-03,-5.229626e-03,3.644850e-18,466,54089
0.000000e+00,2.001113e-07,-6.382742e-08,2.951535e-07,0.000000e+00,0.000000e+00,0.000000e+00,-5.500995e+07,1.910705e+07,-6.365108e+07,4.881370e-18,467,0
8.222727e-10,2.210204e-03,-7.956594e-04,2.500678e-03,2.688531e+06,-9.679073e+05,3.041684e+06,-6.985801e-01,2.865526e-01,-7.082621e-01,4.881370e-18,467,3618
8.219091e-09,2.209733e-02,-7.955321e-03,2.500003e-02,2.688621e+06,-9.679445e+05,3.041776e+06,-6.751571e-03,2.643036e-03,-7.420837e-03,4.881370e-18,467,36164
0.000000e+00,-2.023822e-08,-1.458172e-07,6.409857e-07,0.000000e+00,0.000000e+00,0.000000e+00,4.578682e+05,1.464641e+07,-3.700151e+07,2.846301e-18,468,0
9.809091e-10,-6.175748e-05,-1.041305e-03,2.500540e-03,-6.299527e+04,-1.062352e+06,2.550492e+06,4.717755e-02,6.612157e-01,-1.329945e+00,2.846301e-18,468,4316
9.802045e-09,-6.175010e-04,-1.041321e-02,2.500028e-02,-6.300259e+04,-1.062455e+06,2.550699e+06,2.952873e-04,5.582371e-03,-1.457803e-02,2.846301e-18,468,43129
0.000000e+00,-2.246629e-07,-7.314265e-08,3.199386e-07,0.000000e+00,0.000000e+00,0.000000e+00,5.164388e+07,1.633237e+07,-4.682694e+07,4.458917e-18,469,0
1.085909e-09,-2.983982e-03,-9.372066e-04,2.500191e-03,-2.748693e+06,-8.633008e+05,2.302715e+06,5.976211e-01,1.848511e-01,-3.642713e-01,4.458917e-18,469,4778
1.085682e-08,-2.984204e-02,-9.372696e-03,2.500031e-02,-2.748796e+06,-8.633324e+05,2.302778e+06,5.255203e-03,1.595552e-03,-4.086161e-03,4.458917e-18,469,47770
0.000000e+00,-1.677710e-07,-8.980217e-08,3.036805e-07,0.000000e+00,0.000000e+00,0.000000e+00,4.735506e+07,2.676415e+07,-5.820418e+07,4.947813e-18,470,0
8.806818e-10,-2.146132e-03,-1.217152e-03,2.500061e-03,-2.437591e+06,-1.382463e+06,2.839268e+06,6.628756e-01,3.818724e-01,-6.209484e-01,4.947813e-18,470,3875
8.805227e-09,-2.146353e-02,-1.217289e-02,2.500053e-02,-2.437683e+06,-1.382516e+06,2.839354e+06,6.184138e-03,3.574187e-03,-6.534435e-03,4.947813e-18,470,38743
0.000000e+00,-1.739780e-07,8.095277e-08,4.967463e-07,0.000000e+00,0.000000e+00,0.000000e+00,1.898230e+07,-1.125451e+07,-4.031184e+07,3.501332e-18,471,0
9.775000e-10,-1.312871e-03,7.095287e-04,2.500109e-03,-1.343993e+06,7.263362e+05,2.558722e+06,7.394681e-01,-3.861754e-01,-1.050689e+00,3.501332e-18,471,4301
9.770455e-09,-1.313137e-02,7.096604e-03,2.500001e-02,-1.344107e+06,7.263958e+05,2.558884e+06,5.989076e-03,-3.373602e-03,-1.134375e-02,3.501332e-18,471,42990
0.000000e+00,-2.214205e-09,-1.871077e-07,2.941222e-07,0.000000e+00,0.000000e+00,0.000000e+00,1.003495e+07,5.283379e+07,-6.307662e+07,5.077968e-18,472,0
8.170455e-10,-4.014480e-04,-2.182099e-03,2.500052e-03,-4.915121e+05,-2.671446e+06,3.060453e+06,1.450517e-01,7.798776e-01,-7.706909e-01,5.077968e-18,472,3595
8.168864e-09,-4.015070e-03,-2.182270e-02,2.500055e-02,-4.915308e+05,-2.671547e+06,3.060553e+06,1.390731e-03,7.478875e-03,-7.918908e-03,5.077968e-18,472,35943
0.000000e+00,2.070827e-07,1.021207e-07,3.293728e-07,0.000000e+00,0.000000e+00,0.000000e+00,-4.538362e+07,-2.244456e+07,-4.641623e+07,4.420058e-18,473,0
1.068864e-09,2.631480e-03,1.309553e-03,2.500120e-03,2.462702e+06,1.225569e+06,2.339419e+06,-5.842438e-01,-2.944759e-01,-4.077594e-01,4.420058e-18,473,4703
1.068636e-08,2.631730e-02,1.309685e-02,2.500003e-02,2.462801e+06,1.225618e+06,2.339488e+06,-5.076738e-03,-2.531236e-03,-4.617654e-03,4.420058e-18,473,47020
0.000000e+00,-1.643201e-07,-1.743914e-07,3.974525e-07,0.000000e+00,0.000000e+00,0.000000e+00,3.059818e+07,3.011665e+07,-3.784193e+07,3.909198e-18,474,0
1.217727e-09,-2.243408e-03,-2.275139e-03,2.500269e-03,-1.842956e+06,-1.869028e+06,2.053546e+06,4.232671e-01,4.291613e-01,-3.261481e-01,3.909198e-18,474,5358
1.217409e-08,-2.243624e-02,-2.275364e-02,2.500024e-02,-1.843037e+06,-1.869110e+06,2.053609e+06,3.563797e-03,3.541020e-03,-3.866114e-03,3.909198e-18,474,53566
0.000000e+00,1.356288e-07,1.123453e-07,4.062021e-07,0.000000e+00,0.000000e+00,0.000000e+00,-2.711716e+07,-1.962787e+07,-4.819446e+07,4.123192e-18,475,0
9.188636e-10,1.445281e-03,1.109319e-03,2.500590e-03,1.573632e+06,1.207856e+06,2.722234e+06,-6.386103e-01,-5.032197e-01,-9.062401e-01,4.123192e-18,475,4043
9.183636e-09,1.445163e-02,1.109247e-02,2.500014e-02,1.573725e+06,1.207929e+06,2.722366e+06,-5.936177e-03,-4.461858e-03,-9.907388e-03,4.123192e-18,475,40408
0.000000e+00,2.248400e-08,-2.335003e-07,4.223771e-07,0.000000e+00,0.000000e+00,0.000000e+00,-4.898317e+06,3.480695e+07,-3.701270e+07,3.779098e-18,476,0
1.210682e-09,3.704855e-04,-2.595962e-03,2.500088e-03,3.061366e+05,-2.145187e+06,2.065531e+06,-7.749963e-02,6.386198e-01,-4.540129e-01,3.779098e-18,476,5327
1.210341e-08,3.705282e-03,-2.596400e-02,2.500014e-02,3.061514e+05,-2.145309e+06,2.065619e+06,-6.505647e-04,5.430740e-03,-5.427795e-03,3.779098e-18,476,53255
0.000000e+00,-2.604450e-08,-3.856777e-08,5.579642e-07,0.000000e+00,0.000000e+00,0.000000e+00,-6.173483e+06,6.248011e+06,-4.285740e+07,3.402939e-18,477,0
8.852273e-10,2.787423e-04,-3.753871e-04,2.500473e-03,3.151284e+05,-4.243305e+05,2.826205e+06,-1.917868e-01,2.464302e-01,-1.654457e+00,3.402939e-18,477,3895
8.845909e-09,2.787556e-03,-3.753574e-03,2.500051e-02,3.151552e+05,-4.243649e+05,2.826436e+06,-2.189719e-03,2.387520e-03,-1.755543e-02,3.402939e-18,477,38922
0.000000e+00,1.308256e-07,-2.356487e-07,2.899784e-07,0.000000e+00,0.000000e+00,0.000000e+00,-3.050148e+07,4.952529e+07,-4.005030e+07,4.439279e-18,478,0
1.284318e-09,2.071955e-03,-3.330734e-03,2.500005e-03,1.613678e+06,-2.594002e+06,1.946762e+06,-2.567831e-01,4.030679e-01,-2.073204e-01,4.439279e-18,478,5651
1.284182e-08,2.072254e-02,-3.331170e-02,2.500011e-02,1.613730e+06,-2.594084e+06,1.946805e+06,-2.092236e-03,3.389792e-03,-2.492973e-03,4.439279e-18,478,56504
0.000000e+00,-8.250695e-08,-2.498690e-07,3.571807e-07,0.000000e+00,0.000000e+00,0.000000e+00,1.494158e+07,4.058759e+07,-3.661654e+07,4.033724e-18,479,0
1.288182e-09,-1.104000e-03,-3.078642e-03,2.500072e-03,-8.573155e+05,-2.390757e+06,1.941097e+06,1.806796e-01,5.239922e-01,-2.910599e-01,4.033724e-18,479,5668
1.287932e-08,-1.104161e-02,-3.079126e-02,2.500016e-02,-8.573521e+05,-2.390863e+06,1.941157e+06,1.554026e-03,4.497524e-03,-3.617876e-03,4.033724e-18,479,56669
0.000000e+00,-5.220122e-08,1.264335e-07,4.392861e-07,0.000000e+00,0.000000e+00,0.000000e+00,6.058317e+06,-1.887122e+07,-4.666791e+07,4.018572e-18,480,0
9.261364e-10,-3.302321e-04,1.176689e-03,2.500369e-03,-3.567490e+05,1.271403e+06,2.701045e+06,1.777569e-01,-7.293315e-01,-1.264733e+00,4.018572e-18,480,4075
9.255682e-09,-3.301968e-03,1.176763e-02,2.500012e-02,-3.567749e+05,1.271510e+06,2.701231e+06,1.575957e-03,-6.829952e-03,-1.335476e-02,4.018572e-18,480,40725
0.000000e+00,-8.070364e-08,2.120142e-07,5.470522e-07,0.000000e+00,0.000000e+00,0.000000e+00,1.058388e+07,-2.243699e+07,-3.418122e+07,3.125635e-18,481,0
1.163409e-09,-8.164551e-04,1.856847e-03,2.500248e-03,-7.021430e+05,1.596979e+06,2.149823e+06,2.491536e-01,-6.386829e-01,-6.937028e-01,3.125635e-18,481,5119
1.162886e-08,-8.165097e-03,1.857098e-02,2.500023e-02,-7.021887e+05,1.597096e+06,2.149951e+06,2.205892e-03,-5.317188e-03,-8.097025e-03,3.125635e-18,481,51167
0.000000e+00,1.018764e-07,1.696441e-07,5.037337e-07,0.000000e+00,0.000000e+00,0.000000e+00,-1.418566e+07,-2.115353e+07,-4.085918e+07,3.424233e-18,482,0
1.087273e-09,1.237096e-03,1.840615e-03,2.500087e-03,1.138390e+06,1.693740e+06,2.300144e+06,-4.000777e-01,-5.899845e-01,-7.163040e-01,3.424233e-18,482,4784
1.086886e-08,1.237292e-02,1.840891e-02,2.500015e-02,1.138459e+06,1.693841e+06,2.300267e+06,-3.431446e-03,-5.131318e-03,-7.833634e-03,3.424233e-18,482,47823
0.000000e+00,-1.671335e-07,-9.668364e-08,5.480461e-07,0.000000e+00,0.000000e+00,0.000000e+00,1.479430e+07,1.085553e+07,-3.943895e+07,3.219459e-18,483,0
9.604545e-10,-1.072275e-03,-7.576842e-04,2.500103e-03,-1.117140e+06,-7.894118e+05,2.604249e+06,6.086090e-01,4.397936e-01,-1.217518e+00,3.219459e-18,483,4226
9.599773e-09,-1.072426e-02,-7.578140e-03,2.500036e-02,-1.117232e+06,-7.894784e+05,2.604434e+06,5.103615e-03,3.973838e-03,-1.294368e-02,3.219459e-18,483,42239
0.000000e+00,6.128828e-08,2.192420e-07,4.187081e-07,0.000000e+00,0.000000e+00,0.000000e+00,-9.555278e+06,-3.203351e+07,-3.864583e+07,3.812692e-18,484,0
1.128409e-09,6.510198e-04,2.212575e-03,2.500037e-03,5.772007e+05,1.961778e+06,2.216197e+06,-1.867153e-01,-7.013889e-01,-5.885573e-01,3.812692e-18,484,4965
1.128068e-08,6.511198e-03,2.213013e-02,2.500035e-02,5.772339e+05,1.961903e+06,2.216302e+06,-1.676674e-03,-5.794540e-03,-6.747757e-03,3.812692e-18,484,49635
0.000000e+00,-1.618253e-07,5.456500e-08,4.482924e-07,0.000000e+00,0.000000e+00,0.000000e+00,2.124167e+07,-1.005453e+07,-4.252771e+07,3.863081e-18,485,0
1.016591e-09,-1.627311e-03,4.815988e-04,2.500310e-03,-1.601764e+06,4.741278e+05,2.460472e+06,7.599940e-01,-2.994940e-01,-9.331263e-01,3.863081e-18,485,4473
1.016068e-08,-1.627491e-02,4.817430e-03,2.500022e-02,-1.601886e+06,4.741758e+05,2.460622e+06,6.050819e-03,-2.381750e-03,-1.033275e-02,3.863081e-18,485,44707
0.000000e+00,1.032470e-07,-2.267688e-07,4.421341e-07,0.000000e+00,0.000000e+00,0.000000e+00,-1.080117e+07,2.907430e+07,-3.863319e+07,3.600872e-18,486,0
1.111591e-09,8.309630e-04,-2.085738e-03,2.500202e-03,7.478843e+05,-1.877293e+06,2.249888e+06,-2.477672e-01,6.788948e-01,-6.253127e-01,3.600872e-18,486,4891
1.111182e-08,8.310336e-03,-2.086008e-02,2.500050e-02,7.479277e+05,-1.877412e+06,2.249998e+06,-2.224450e-03,5.689063e-03,-7.248376e-03,3.600872e-18,486,48892
0.000000e+00,-1.022409e-07,2.121164e-09,6.204628e-07,0.000000e+00,0.000000e+00,0.000000e+00,1.069549e+07,-7.471659e+05,-3.625539e+07,3.006813e-18,487,0
9.961364e-10,-7.474570e-04,9.821921e-05,2.500066e-03,-7.509249e+05,9.868567e+04,2.511008e+06,4.729644e-01,-5.113545e-02,-1.263839e+00,3.006813e-18,487,4383
9.956136e-09,-7.476295e-03,9.825025e-04,2.500017e-02,-7.509992e+05,9.869369e+04,2.511207e+06,4.074330e-03,-4.369642e-04,-1.444474e-02,3.006813e-18,487,43807
0.000000e+00,4.623730e-08,-1.094379e-07,3.908802e-07,0.000000e+00,0.000000e+00,0.000000e+00,-9.195475e+06,1.873625e+07,-5.667217e+07,4.466006e-18,488,0
6.688636e-10,1.633522e-04,-8.626441e-04,2.500501e-03,2.442292e+05,-1.290283e+06,3.739761e+06,-1.274094e-01,6.519480e-01,-1.676361e+00,4.466006e-18,488,2943
6.685000e-09,1.632735e-03,-8.625505e-03,2.500029e-02,2.442426e+05,-1.290352e+06,3.739938e+06,-1.214549e-03,6.176853e-03,-1.715281e-02,4.466006e-18,488,29414
0.000000e+00,-5.700805e-08,8.575676e-08,1.640938e-07,0.000000e+00,0.000000e+00,0.000000e+00,8.124928e+07,-1.203201e+08,-2.123953e+08,8.706397e-18,489,0
2.913636e-10,-9.578866e-04,1.418523e-03,2.501567e-03,-3.287573e+06,4.868523e+06,8.585575e+06,4.393873e-01,-6.495202e-01,-1.077013e+00,8.706397e-18,489,1282
2.912045e-09,-9.573613e-03,1.417744e-02,2.500174e-02,-3.287593e+06,4.868553e+06,8.585625e+06,4.358703e-03,-6.455300e-03,-1.081841e-02,8.706397e-18,489,12813
0.000000e+00,1.169267e-07,-5.509485e-08,2.741081e-07,0.000000e+00,0.000000e+00,0.000000e+00,-4.635924e+07,2.142346e+07,-9.314070e+07,5.781388e-18,490,0
5.920455e-10,1.270543e-03,-5.860992e-04,2.500685e-03,2.146458e+06,-9.901532e+05,4.224467e+06,-7.344957e-01,3.373528e-01,-1.315546e+00,5.781388e-18,490,2605
5.917955e-09,1.270269e-02,-5.859704e-03,2.500036e-02,2.146527e+06,-9.901848e+05,4.224591e+06,-7.199876e-03,3.280726e-03,-1.332368e-02,5.781388e-18,490,26039
0.000000e+00,-1.688302e-07,1.513513e-07,3.928348e-07,0.000000e+00,0.000000e+00,0.000000e+00,2.842965e+07,-2.498697e+07,-3.932594e+07,3.994036e-18,491,0
1.140909e-09,-1.983289e-03,1.745416e-03,2.500351e-03,-1.739107e+06,1.530524e+06,2.192072e+06,5.252961e-01,-4.669497e-01,-4.857336e-01,3.994036e-18,491,5020
1.140477e-08,-1.983405e-02,1.745522e-02,2.500022e-02,-1.739202e+06,1.530608e+06,2.192160e+06,4.225161e-03,-3.837900e-03,-5.597817e-03,3.994036e-18,491,50181
0.000000e+00,-9.245405e-08,1.839878e-07,3.625141e-07,0.000000e+00,0.000000e+00,0.000000e+00,1.797878e+07,-3.770555e+07,-4.795386e+07,4.315801e-18,492,0
9.811364e-10,-1.003928e-03,2.139018e-03,2.500485e-03,-1.023611e+06,2.181005e+06,2.549181e+06,3.158349e-01,-7.074028e-01,-6.579133e-01,4.315801e-18,492,4317
9.807045e-09,-1.003858e-02,2.138917e-02,2.500007e-02,-1.023659e+06,2.181115e+06,2.549284e+06,2.789935e-03,-6.142629e-03,-7.051148e-03,4.315801e-18,492,43151
0.000000e+00,-1.636399e-07,1.292152e-07,4.235559e-07,0.000000e+00,0.000000e+00,0.000000e+00,2.552343e+07,-2.003694e+07,-4.146530e+07,3.875973e-18,493,0
1.061818e-09,-1.688001e-03,1.416952e-03,2.500013e-03,-1.590464e+06,1.335179e+06,2.355213e+06,5.421318e-01,-5.088828e-01,-7.027263e-01,3.875973e-18,493,4672
1.061477e-08,-1.688235e-02,1.417253e-02,2.500019e-02,-1.590555e+06,1.335264e+06,2.355331e+06,4.450310e-03,-4.353608e-03,-7.728467e-03,3.875973e-18,493,46705
0.000000e+00,9.858179e-09,-7.863902e-08,6.484193e-07,0.000000e+00,0.000000e+00,0.000000e+00,-4.073838e+06,1.231106e+07,-4.453488e+07,2.896115e-18,494,0
8.629545e-10,1.782040e-04,-6.448389e-04,2.500336e-03,2.065178e+05,-7.477383e+05,2.898856e+06,-5.690966e-02,4.761354e-01,-1.732015e+00,2.896115e-18,494,3797
8.624091e-09,1.781067e-03,-6.448554e-03,2.500027e-02,2.065256e+05,-7.478031e+05,2.899093e+06,-8.687792e-04,4.739848e-03,-1.806344e-02,2.896115e-18,494,37946
0.000000e+00,2.268742e-07,-7.356959e-08,2.291859e-07,0.000000e+00,0.000000e+00,0.000000e+00,-7.763146e+07,2.479145e+07,-5.488959e+07,5.232532e-18,495,0
1.022727e-09,3.670424e-03,-1.170583e-03,2.500148e-03,3.589364e+06,-1.144730e+06,2.444736e+06,-4.714009e-01,1.501200e-01,-2.372449e-01,5.232532e-18,495,4500
1.022614e-08,3.670538e-02,-1.170618e-02,2.500034e-02,3.589440e+06,-1.144754e+06,2.444774e+06,-4.222380e-03,1.359398e-03,-2.666886e-03,5.232532e-18,495,44995
0.000000e+00,-1.032879e-07,6.545641e-09,5.262469e-07,0.000000e+00,0.000000e+00,0.000000e+00,1.450833e+07,-1.223229e+06,-4.222574e+07,3.523023e-18,496,0
9.193182e-10,-8.505935e-04,1.175337e-04,2.500403e-03,-9.258544e+05,1.279548e+05,2.721333e+06,5.486160e-01,-8.230887e-02,-1.526569e+00,3.523023e-18,496,4045
9.186818e-09,-8.505639e-03,1.175482e-03,2.500054e-02,-9.259340e+05,1.279667e+05,2.721555e+06,4.909982e-03,-7.935953e-04,-1.592400e-02,3.523023e-18,496,40422
0.000000e+00,-1.274314e-07,-1.750877e-07,5.318605e-07,0.000000e+00,0.000000e+00,0.000000e+00,1.346261e+07,2.013867e+07,-3.462101e+07,3.223232e-18,497,0
1.156818e-09,-1.026959e-03,-1.647429e-03,2.500083e-03,-8.882699e+05,-1.424979e+06,2.161929e+06,3.727701e-01,5.957701e-01,-6.886930e-01,3.223232e-18,497,5090
1.156386e-08,-1.027181e-02,-1.647819e-02,2.500046e-02,-8.883378e+05,-1.425088e+06,2.162056e+06,3.185555e-03,4.925522e-03,-8.076499e-03,3.223232e-18,497,50881
0.000000e+00,2.436303e-07,8.106361e-08,3.524652e-07,0.000000e+00,0.000000e+00,0.000000e+00,-4.346052e+07,-1.404052e+07,-4.033345e+07,4.085429e-18,498,0
1.176136e-09,2.941466e-03,9.204186e-04,2.500198e-03,2.501811e+06,7.828335e+05,2.126150e+06,-5.869175e-01,-1.810372e-01,-3.639260e-01,4.085429e-18,498,5175
1.175841e-08,2.941726e-02,9.204871e-03,2.500029e-02,2.501919e+06,7.828671e+05,2.126218e+06,-5.018868e-03,-1.608647e-03,-4.180281e-03,4.085429e-18,498,51737
0.000000e+00,-6.444326e-09,7.676436e-08,3.546008e-07,0.000000e+00,0.000000e+00,0.000000e+00,4.176506e+06,-1.917419e+07,-7.029990e+07,4.973540e-18,499,0
6.654545e-10,-1.816903e-04,7.449703e-04,2.500781e-03,-2.731902e+05,1.119988e+06,3.759262e+06,1.647424e-01,-5.997618e-01,-1.771356e+00,4.973540e-18,499,2928
6.650227e-09,-1.816757e-03,7.448157e-03,2.500003e-02,-2.732075e+05,1.120051e+06,3.759449e+06,1.471001e-03,-5.899363e-03,-1.809954e-02,4.973540e-18,499,29261
0.000000e+00,-1.684329e-07,-1.038750e-07,4.547108e-07,0.000000e+00,0.000000e+00,0.000000e+00,2.274155e+07,1.196002e+07,-3.948434e+07,3.716270e-18,500,0
1.066591e-09,-1.540895e-03,-9.862168e-04,2.500116e-03,-1.445572e+06,-9.252109e+05,2.344944e+06,6.659653e-01,4.090835e-01,-8.343837e-01,3.716270e-18,500,4693
1.066136e-08,-1.541172e-02,-9.863952e-03,2.500044e-02,-1.445684e+06,-9.252796e+05,2.345085e+06,5.014823e-03,3.322091e-03,-9.255315e-03,3.716270e-18,500,46910
0.000000e+00,4.616632e-08,-1.041995e-07,3.651694e-07,0.000000e+00,0.000000e+00,0.000000e+00,-1.111702e+07,2.331686e+07,-6.020317e+07,4.727121e-18,501,0
7.543182e-10,4.835955e-04,-1.019468e-03,2.500277e-03,6.414256e+05,-1.352139e+06,3.315822e+06,-3.373220e-01,6.736338e-01,-1.474613e+00,4.727121e-18,501,3319
7.539773e-09,4.836185e-03,-1.019479e-02,2.500062e-02,6.414658e+05,-1.352219e+06,3.315998e+06,-3.284010e-03,6.520908e-03,-1.514617e-02,4.727121e-18,501,33175
0.000000e+00,-9.522493e-08,1.098465e-07,4.156621e-07,0.000000e+00,0.000000e+00,0.000000e+00,1.438650e+07,-1.739451e+07,-4.569697e+07,4.174034e-18,502,0
9.402273e-10,-8.235240e-04,1.044906e-03,2.500389e-03,-8.764380e+05,1.112098e+06,2.660581e+06,4.943029e-01,-6.547838e-01,-1.208673e+00,4.174034e-18,502,4137
9.396591e-09,-8.235516e-03,1.044989e-02,2.500049e-02,-8.765113e+05,1.112195e+06,2.660761e+06,4.482517e-03,-5.840629e-03,-1.284567e-02,4.174034e-18,502,41345
0.000000e+00,-1.960743e-07,8.520795e-08,5.112045e-07,0.000000e+00,0.000000e+00,0.000000e+00,2.677215e+07,-1.192065e+07,-4.077472e+07,3.349452e-18,503,0
1.022273e-09,-1.784013e-03,8.709827e-04,2.500114e-03,-1.746068e+06,8.524426e+05,2.446384e+06,7.261957e-01,-3.299730e-01,-7.745042e-01,3.349452e-18,503,4498
1.021909e-08,-1.784317e-02,8.711147e-03,2.500002e-02,-1.746185e+06,8.524958e+05,2.446510e+06,5.875502e-03,-2.850475e-03,-8.623444e-03,3.349452e-18,503,44964
0.000000e+00,1.914217e-07,8.004639e-08,3.925057e-07,0.000000e+00,0.000000e+00,0.000000e+00,-3.619119e+07,-1.297882e+07,-4.713405e+07,4.082030e-18,504,0
9.729545e-10,2.173670e-03,6.857390e-04,2.500343e-03,2.235003e+06,7.050401e+05,2.570462e+06,-7.339853e-01,-2.214366e-01,-6.721658e-01,4.082030e-18,504,4281
9.725909e-09,2.173737e-02,6.857169e-03,2.500023e-02,2.235116e+06,7.050741e+05,2.570565e+06,-6.675227e-03,-2.025362e-03,-7.249083e-03,4.082030e-18,504,42794
0.000000e+00,-1.016890e-07,-9.097115e-08,3.849123e-07,0.000000e+00,0.000000e+00,0.000000e+00,2.169054e+07,1.644116e+07,-5.558890e+07,4.458391e-18,505,0
8.022727e-10,-1.036070e-03,-8.207664e-04,2.500559e-03,-1.292055e+06,-1.023582e+06,3.117989e+06,6.287909e-01,5.271483e-01,-1.327236e+00,4.458391e-18,505,3530
8.018182e-09,-1.035990e-02,-8.207243e-03,2.500069e-02,-1.292135e+06,-1.023649e+06,3.118158e+06,5.913088e-03,4.875121e-03,-1.362030e-02,4.458391e-18,505,35280
0.000000e+00,-2.778283e-08,6.558413e-08,5.620929e-07,0.000000e+00,0.000000e+00,0.000000e+00,1.177463e+06,-8.930244e+06,-3.935219e+07,3.330004e-18,506,0
1.007273e-09,-1.208981e-04,6.869925e-04,2.500517e-03,-1.201172e+05,6.825842e+05,2.483742e+06,8.774349e-02,-4.242562e-01,-1.270427e+00,3.330004e-18,506,4432
1.006545e-08,-1.209046e-03,6.870470e-03,2.500022e-02,-1.201312e+05,6.826515e+05,2.483945e+06,1.115829e-03,-3.611816e-03,-1.481970e-02,3.330004e-18,506,44288
0.000000e+00,-8.653008e-08,-4.080167e-08,4.758875e-07,0.000000e+00,0.000000e+00,0.000000e+00,9.550989e+06,8.466394e+06,-5.338827e+07,3.867231e-18,507,0
7.754545e-10,-4.661518e-04,-4.281235e-04,2.500279e-03,-6.014194e+05,-5.524967e+05,3.225772e+06,3.344917e-01,3.946685e-01,-1.782677e+00,3.867231e-18,507,3412
7.750227e-09,-4.661152e-03,-4.281941e-03,2.500057e-02,-6.014604e+05,-5.525450e+05,3.225991e+06,3.275036e-03,3.223459e-03,-1.826648e-02,3.867231e-18,507,34101
0.000000e+00,-1.784676e-07,-9.464127e-08,2.471184e-07,0.000000e+00,0.000000e+00,0.000000e+00,6.663691e+07,3.635998e+07,-6.738758e+07,5.449547e-18,508,0
8.259091e-10,-2.545407e-03,-1.389543e-03,2.500605e-03,-3.082457e+06,-1.682726e+06,3.027986e+06,5.943416e-01,3.267061e-01,-4.749005e-01,5.449547e-18,508,3634
8.256364e-09,-2.544994e-02,-1.389322e-02,2.500030e-02,-3.082535e+06,-1.682768e+06,3.028048e+06,5.682624e-03,3.124730e-03,-4.938564e-03,5.449547e-18,508,36328
0.000000e+00,1.882036e-07,-6.343172e-09,3.157010e-07,0.000000e+00,0.000000e+00,0.000000e+00,-4.746655e+07,8.440277e+05,-5.954640e+07,4.832008e-18,509,0
8.365909e-10,2.099096e-03,-4.126794e-05,2.500305e-03,2.509912e+06,-4.933881e+04,2.989354e+06,-8.173738e-01,1.277085e-02,-8.314938e-01,4.832008e-18,509,3681
8.363182e-09,2.099085e-02,-4.126315e-04,2.500064e-02,2.510020e+06,-4.934049e+04,2.989465e+06,-7.821514e-03,1.659571e-04,-8.580537e-03,4.832008e-18,509,36798
0.000000e+00,-8.849376e-08,9.894443e-08,4.877558e-07,0.000000e+00,0.000000e+00,0.000000e+00,1.049970e+07,-1.226917e+07,-4.299561e+07,3.697524e-18,510,0
9.502273e-10,-5.777960e-04,7.568892e-04,2.500102e-03,-6.084057e+05,7.971666e+05,2.632373e+06,3.310770e-01,-5.516089e-01,-1.322058e+00,3.697524e-18,510,4181
9.497273e-09,-5.778219e-03,7.570894e-03,2.500052e-02,-6.084553e+05,7.972493e+05,2.632572e+06,3.015051e-03,-4.345970e-03,-1.445794e-02,3.697524e-18,510,41788
0.000000e+00,-1.840484e-08,-6.407931e-08,4.482963e-07,0.000000e+00,0.000000e+00,0.000000e+00,-2.487986e+04,9.466922e+06,-5.713495e+07,4.109946e-18,511,0
7.561364e-10,-6.834321e-05,-4.006738e-04,2.500255e-03,-9.044766e+04,-5.302019e+05,3.308181e+06,6.167220e-02,3.595524e-01,-1.919785e+00,4.109946e-18,511,3327
7.557045e-09,-6.835110e-04,-4.006770e-03,2.500018e-02,-9.045501e+04,-5.302448e+05,3.308410e+06,4.192403e-04,3.446767e-03,-1.964916e-02,4.109946e-18,511,33251
0.000000e+00,-1.349349e-07,-1.226073e-07,2.615180e-07,0.000000e+00,0.000000e+00,0.000000e+00,4.780611e+07,4.560250e+07,-7.240379e+07,5.481399e-18,512,0
7.536364e-10,-1.701317e-03,-1.624730e-03,2.500671e-03,-2.257931e+06,-2.156302e+06,3.318586e+06,5.673412e-01,5.476510e-01,-7.105684e-01,5.481399e-18,512,3316
7.533409e-09,-1.700995e-02,-1.624433e-02,2.500040e-02,-2.257998e+06,-2.156367e+06,3.318671e+06,5.509819e-03,5.233270e-03,-7.286399e-03,5.481399e-18,512,33147
0.000000e+00,-7.986250e-08,-6.906810e-08,5.383031e-07,0.000000e+00,0.000000e+00,0.000000e+00,1.174359e+07,1.603815e+07,-4.158969e+07,3.450560e-18,513,0
9.431818e-10,-7.492915e-04,-9.754894e-04,2.500205e-03,-7.949494e+05,-1.034997e+06,2.652059e+06,4.318852e-01,5.940303e-01,-1.268862e+00,3.450560e-18,513,4150
9.426591e-09,-7.493624e-03,-9.756411e-03,2.500003e-02,-7.950137e+05,-1.035085e+06,2.652248e+06,3.615907e-03,5.257557e-03,-1.352221e-02,3.450560e-18,513,41477
0.000000e+00,-2.088099e-07,7.952025e-08,4.129656e-07,0.000000e+00,0.000000e+00,0.000000e+00,2.941437e+07,-1.732311e+07,-3.828847e+07,3.886498e-18,514,0
1.157500e-09,-2.153433e-03,1.189622e-03,2.500062e-03,-1.861360e+06,1.028222e+06,2.160510e+06,6.444592e-01,-3.113105e-01,-5.537664e-01,3.886498e-18,514,5093
1.157136e-08,-2.153840e-02,1.189787e-02,2.500020e-02,-1.861478e+06,1.028278e+06,2.160612e+06,5.227783e-03,-2.615119e-03,-6.398054e-03,3.886498e-18,514,50914
0.000000e+00,7.027700e-08,-5.172599e-08,4.662577e-07,0.000000e+00,0.000000e+00,0.000000e+00,-1.103696e+07,7.459318e+06,-4.750592e+07,3.927127e-18,515,0
1.386818e-09,8.160624e-04,-1.561982e-03,2.500167e-03,5.889772e+05,-1.127446e+06,1.803995e+06,-2.970801e-01,5.680140e-01,-7.688212e-01,3.927127e-18,515,6102
1.385818e-08,8.162082e-03,-1.562406e-02,2.500018e-02,5.890421e+05,-1.127570e+06,1.804164e+06,-2.847614e-03,5.454249e-03,-8.734575e-03,3.927127e-18,515,60976
0.000000e+00,1.473169e-07,-2.204846e-07,4.342717e-07,0.000000e+00,0.000000e+00,0.000000e+00,-1.987229e+07,3.015840e+07,-3.259955e+07,3.569038e-18,516,0
1.358636e-09,1.669993e-03,-2.623540e-03,2.500255e-03,1.229680e+06,-1.931863e+06,1.840597e+06,-3.019808e-01,4.864518e-01,-2.952623e-01,3.569038e-18,516,5978
1.358250e-08,1.670209e-02,-2.623943e-02,2.500010e-02,1.229745e+06,-1.931967e+06,1.840661e+06,-2.603783e-03,4.154418e-03,-3.942392e-03,3.569038e-18,516,59763
0.000000e+00,-1.436336e-07,-1.133040e-08,5.543079e-07,0.000000e+00,0.000000e+00,0.000000e+00,1.602483e+07,-5.718284e+05,-3.952237e+07,3.288975e-18,517,0
9.450000e-10,-1.047288e-03,5.126219e-05,2.500212e-03,-1.108980e+06,5.429381e+04,2.647121e+06,6.379450e-01,-3.158896e-02,-1.397820e+00,3.288975e-18,517,4158
9.444318e-09,-1.047353e-02,5.127559e-04,2.500040e-02,-1.109075e+06,5.429855e+04,2.647330e+06,5.354696e-03,-2.335087e-04,-1.481746e-02,3.288975e-18,517,41555
0.000000e+00,1.582933e-08,2.072287e-07,5.055407e-07,0.000000e+00,0.000000e+00,0.000000e+00,-4.273427e+06,-2.682449e+07,-3.507522e+07,3.386915e-18,518,0
1.186136e-09,2.270284e-04,2.045789e-03,2.500372e-03,1.915191e+05,1.725742e+06,2.108722e+06,-8.322172e-02,-6.688458e-01,-6.385561e-01,3.386915e-18,518,5219
1.185545e-08,2.270544e-03,2.045938e-02,2.500005e-02,1.915347e+05,1.725866e+06,2.108842e+06,-7.466229e-04,-5.724707e-03,-7.576692e-03,3.386915e-18,518,52164
0.000000e+00,1.086162e-08,5.966440e-08,2.561360e-07,0.000000e+00,0.000000e+00,0.000000e+00,-7.067200e+06,-3.610727e+07,-1.372717e+08,6.620740e-18,519,0
4.272727e-10,1.305910e-04,6.636945e-04,2.501311e-03,3.056782e+05,1.553500e+06,5.854604e+06,-1.087760e-01,-5.223870e-01,-1.805916e+00,6.620740e-18,519,1880
4.270227e-09,1.305322e-03,6.633836e-03,2.500067e-02,3.056856e+05,1.553535e+06,5.854726e+06,-1.067655e-03,-5.230370e-03,-1.835008e-02,6.620740e-18,519,18789
0.000000e+00,-1.876035e-07,2.095196e-07,4.456336e-07,0.000000e+00,0.000000e+00,0.000000e+00,2.087904e+07,-2.676131e+07,-3.360713e+07,3.436047e-18,520,0
1.275227e-09,-1.734222e-03,2.175009e-03,2.500052e-03,-1.360559e+06,1.706368e+06,1.960921e+06,4.010439e-01,-4.916921e-01,-3.932468e-01,3.436047e-18,520,5611
1.274909e-08,-1.734585e-02,2.175458e-02,2.500015e-02,-1.360639e+06,1.706466e+06,1.961001e+06,3.302094e-03,-4.011973e-03,-4.841471e-03,3.436047e-18,520,56096
0.000000e+00,9.325181e-08,-8.475577e-08,5.487425e-07,0.000000e+00,0.000000e+00,0.000000e+00,-1.362692e+07,9.371958e+06,-3.648334e+07,3.354945e-18,521,0
1.035909e-09,9.465901e-04,-6.519472e-04,2.500265e-03,9.144359e+05,-6.298569e+05,2.414750e+06,-5.130973e-01,3.985916e-01,-1.088364e+00,3.354945e-18,521,4558
1.035318e-08,9.467285e-03,-6.520998e-03,2.500053e-02,9.145196e+05,-6.299220e+05,2.414929e+06,-4.149010e-03,3.430877e-03,-1.253618e-02,3.354945e-18,521,45554
0.000000e+00,3.541322e-08,2.585409e-08,3.074009e-07,0.000000e+00,0.000000e+00,0.000000e+00,-1.288992e+07,-6.235019e+06,-9.664799e+07,5.711310e-18,522,0
5.477273e-10,3.395984e-04,1.657563e-04,2.500567e-03,6.201736e+05,3.026841e+05,4.566387e+06,-2.747062e-01,-1.272139e-01,-2.000165e+00,5.711310e-18,522,2410
5.474773e-09,3.395319e-03,1.657139e-03,2.500007e-02,6.201973e+05,3.026951e+05,4.566560e+06,-2.634665e-03,-1.216707e-03,-2.025137e-02,5.711310e-18,522,24089
0.000000e+00,1.191641e-07,-9.626704e-08,5.302711e-07,0.000000e+00,0.000000e+00,0.000000e+00,-1.900342e+07,1.386485e+07,-3.512760e+07,3.398710e-18,523,0
1.123636e-09,1.326753e-03,-1.062548e-03,2.500170e-03,1.181486e+06,-9.462176e+05,2.225984e+06,-5.064066e-01,4.036785e-01,-8.179606e-01,3.398710e-18,523,4944
1.123091e-08,1.326911e-02,-1.062683e-02,2.500001e-02,1.181576e+06,-9.462890e+05,2.226130e+06,-4.537480e-03,3.505362e-03,-9.362337e-03,3.398710e-18,523,49416
0.000000e+00,8.178181e-08,1.441548e-07,4.808120e-07,0.000000e+00,0.000000e+00,0.000000e+00,-1.311200e+07,-1.207893e+07,-4.040784e+07,3.651139e-18,524,0
1.020682e-09,9.312857e-04,8.981730e-04,2.500374e-03,9.130887e+05,8.806462e+05,2.450872e+06,-5.003989e-01,-5.549159e-01,-1.089748e+00,3.651139e-18,524,4491
1.020045e-08,9.313845e-03,8.982984e-03,2.500015e-02,9.131692e+05,8.807356e+05,2.451048e+06,-4.070411e-03,-4.389656e-03,-1.213437e-02,3.651139e-18,524,44882
0.000000e+00,3.141604e-08,1.761502e-07,4.065547e-07,0.000000e+00,0.000000e+00,0.000000e+00,-4.204937e+06,-3.344345e+07,-4.693014e+07,4.110739e-18,525,0
1.017500e-09,3.173217e-05,2.304897e-03,2.500116e-03,3.117316e+04,2.266289e+06,2.457759e+06,-2.881794e-02,-7.528684e-01,-6.724657e-01,4.110739e-18,525,4477
1.017182e-08,3.171363e-04,2.305214e-02,2.500005e-02,3.117780e+04,2.266409e+06,2.457868e+06,-1.959328e-04,-6.474594e-03,-7.314642e-03,4.110739e-18,525,44756
0.000000e+00,-1.400020e-07,4.599382e-08,1.944716e-07,0.000000e+00,0.000000e+00,0.000000e+00,1.054442e+08,-3.638788e+07,-1.245529e+08,7.002648e-18,526,0
4.838636e-10,-2.129497e-03,7.354450e-04,2.500536e-03,-4.401232e+06,1.520022e+06,5.167964e+06,7.271823e-01,-2.555646e-01,-7.569159e-01,7.002648e-18,526,2129
4.837500e-09,-2.129106e-02,7.353137e-03,2.500018e-02,-4.401288e+06,1.520041e+06,5.168022e+06,7.115915e-03,-2.527811e-03,-7.684995e-03,7.002648e-18,526,21285
0.000000e+00,-9.270390e-08,1.103389e-07,5.183761e-07,0.000000e+00,0.000000e+00,0.000000e+00,9.494515e+06,-1.365239e+07,-4.173278e+07,3.482849e-18,527,0
8.679545e-10,-8.340063e-04,7.026203e-04,2.500195e-03,-9.616605e+05,8.098823e+05,2.882002e+06,5.972061e-01,-3.914832e-01,-1.459851e+00,3.482849e-18,527,3819
8.674545e-09,-8.341825e-03,7.025387e-03,2.500010e-02,-9.617423e+05,8.099360e+05,2.882203e+06,5.176247e-03,-4.430731e-03,-1.528712e-02,3.482849e-18,527,38168
0.000000e+00,-8.687452e-08,-2.265357e-07,5.239672e-07,0.000000e+00,0.000000e+00,0.000000e+00,9.768972e+06,2.564918e+07,-3.385497e+07,3.182028e-18,528,0
1.207500e-09,-1.175428e-03,-2.027038e-03,2.500138e-03,-9.740146e+05,-1.679547e+06,2.071073e+06,3.426211e-01,5.643492e-01,-5.262212e-01,3.182028e-18,528,5313
1.207114e-08,-1.175736e-02,-2.027400e-02,2.500043e-02,-9.740798e+05,-1.679655e+06,2.071174e+06,2.947264e-03,4.929721e-03,-6.383539e-03,3.182028e-18,528,53113
0.000000e+00,2.751608e-07,-2.534039e-08,3.305714e-07,0.000000e+00,0.000000e+00,0.000000e+00,-3.698857e+07,3.332714e+06,-3.888328e+07,4.114426e-18,529,0
1.187045e-09,2.747017e-03,-2.552970e-04,2.500370e-03,2.315142e+06,-2.151522e+05,2.106867e+06,-6.654200e-01,5.294308e-02,-4.086949e-01,4.114426e-18,529,5223
1.186614e-08,2.747173e-02,-2.553014e-03,2.500048e-02,2.315266e+06,-2.151621e+05,2.106945e+06,-5.619846e-03,5.902676e-04,-4.953101e-03,4.114426e-18,529,52211
0.000000e+00,6.269740e-08,-2.785404e-08,3.692815e-07,0.000000e+00,0.000000e+00,0.000000e+00,-1.833420e+07,7.873803e+06,-6.919430e+07,4.822345e-18,530,0
6.763636e-10,7.064195e-04,-2.974126e-04,2.500151e-03,1.044925e+06,-4.399387e+05,3.697706e+06,-5.641493e-01,2.544388e-01,-1.751304e+00,4.822345e-18,530,2976
6.761136e-09,7.064857e-03,-2.974476e-03,2.500079e-02,1.044986e+06,-4.399658e+05,3.697893e+06,-5.485626e-03,2.392819e-03,-1.790783e-02,4.822345e-18,530,29749
0.000000e+00,-7.618306e-08,1.858691e-08,2.544754e-07,0.000000e+00,0.000000e+00,0.000000e+00,4.436468e+07,-1.105304e+07,-1.298907e+08,6.533391e-18,531,0
4.490909e-10,-8.619149e-04,2.153194e-04,2.500094e-03,-1.919470e+06,4.795186e+05,5.567496e+06,6.279652e-01,-1.649905e-01,-1.678420e+00,6.533391e-18,531,1976
4.490455e-09,-8.619341e-03,2.153267e-03,2.500077e-02,-1.919515e+06,4.795303e+05,5.567616e+06,6.188561e-03,-1.768469e-03,-1.692760e-02,6.533391e-18,531,19758
0.000000e+00,-7.187448e-08,1.023245e-07,3.533427e-07,0.000000e+00,0.000000e+00,0.000000e+00,1.224086e+07,-2.305736e+07,-6.319130e+07,4.809313e-18,532,0
7.327273e-10,-5.718403e-04,1.021275e-03,2.500093e-03,-7.807678e+05,1.394424e+06,3.413181e+06,3.786075e-01,-6.703672e-01,-1.457098e+00,4.809313e-18,532,3224
7.324545e-09,-5.718759e-03,1.021349e-02,2.500008e-02,-7.808117e+05,1.394501e+06,3.413350e+06,3.558795e-03,-6.493248e-03,-1.486753e-02,4.809313e-18,532,32228
0.000000e+00,-2.126219e-07,-6.429908e-08,4.372951e-07,0.000000e+00,0.000000e+00,0.000000e+00,3.035095e+07,1.044686e+07,-3.788547e+07,3.730185e-18,533,0
1.136364e-09,-2.166056e-03,-7.689951e-04,2.500311e-03,-1.907086e+06,-6.770661e+05,2.200977e+06,6.764733e-01,2.368187e-01,-6.313259e-01,3.730185e-18,533,5000
1.135864e-08,-2.166183e-02,-7.690509e-03,2.500026e-02,-1.907207e+06,-6.771085e+05,2.201091e+06,5.505104e-03,1.834321e-03,-7.097762e-03,3.730185e-18,533,49978
0.000000e+00,-1.567825e-07,6.833481e-08,3.459566e-07,0.000000e+00,0.000000e+00,0.000000e+00,3.662075e+07,-1.905153e+07,-5.548287e+07,4.653615e-18,534,0
8.534091e-10,-1.755376e-03,9.248496e-04,2.500341e-03,-2.057685e+06,1.084155e+06,2.930586e+06,7.442907e-01,-4.031927e-01,-8.879426e-01,4.653615e-18,534,3755
8.530682e-09,-1.755342e-02,9.248552e-03,2.500001e-02,-2.057785e+06,1.084210e+06,2.930706e+06,7.155098e-03,-3.756713e-03,-9.194615e-03,4.653615e-18,534,37535
0.000000e+00,-1.608418e-07,-1.430762e-07,3.781139e-07,0.000000e+00,0.000000e+00,0.000000e+00,2.972320e+07,2.291592e+07,-4.193208e+07,4.159361e-18,535,0
1.082045e-09,-1.944109e-03,-1.511916e-03,2.500385e-03,-1.797502e+06,-1.397878e+06,2.311425e+06,5.789270e-01,4.418387e-01,-5.852239e-01,4.159361e-18,535,4761
1.081591e-08,-1.944155e-02,-1.511927e-02,2.500029e-02,-1.797601e+06,-1.397953e+06,2.311525e+06,4.920092e-03,3.767989e-03,-6.367267e-03,4.159361e-18,535,47590
0.000000e+00,-6.226940e-08,-1.174981e-07,2.147251e-07,0.000000e+00,0.000000e+00,0.000000e+00,7.220600e+07,1.715800e+08,-1.239832e+08,6.824156e-18,536,0
4.965909e-10,-1.458054e-03,-3.463939e-03,2.500194e-03,-2.936136e+06,-6.975522e+06,5.034492e+06,1.936394e-01,4.599335e-01,-2.958328e-01,6.824156e-18,536,2185
4.965909e-09,-1.458064e-02,-3.463990e-02,2.500103e-02,-2.936151e+06,-6.975559e+06,5.034516e+06,1.904220e-03,4.512848e-03,-3.000170e-03,6.824156e-18,536,21850
0.000000e+00,2.175552e-07,-1.192301e-07,3.081935e-07,0.000000e+00,0.000000e+00,0.000000e+00,-4.980946e+07,2.765359e+07,-4.559575e+07,4.466500e-18,537,0
1.115227e-09,2.898658e-03,-1.598088e-03,2.500050e-03,2.599841e+06,-1.433336e+06,2.242040e+06,-5.148718e-01,2.782890e-01,-3.317448e-01,4.466500e-18,537,4907
1.115068e-08,2.899000e-02,-1.598267e-02,2.500043e-02,2.599932e+06,-1.433385e+06,2.242099e+06,-4.528493e-03,2.399306e-03,-3.662523e-03,4.466500e-18,537,49063
0.000000e+00,1.703379e-07,-1.317440e-07,5.548568e-07,0.000000e+00,0.000000e+00,0.000000e+00,-1.897938e+07,1.400456e+07,-3.411495e+07,3.109797e-18,538,0
1.122727e-09,1.508724e-03,-1.132910e-03,2.500113e-03,1.344609e+06,-1.009727e+06,2.227661e+06,-5.608968e-01,4.690189e-01,-7.713597e-01,3.109797e-18,538,4940
1.122250e-08,1.508980e-02,-1.133161e-02,2.500012e-02,1.344708e+06,-1.009810e+06,2.227798e+06,-4.844087e-03,4.061227e-03,-8.775740e-03,3.109797e-18,538,49379
0.000000e+00,-2.369807e-07,4.703945e-08,5.439887e-07,0.000000e+00,0.000000e+00,0.000000e+00,2.459575e+07,-6.770988e+06,-3.422128e+07,3.096259e-18,539,0
1.107500e-09,-1.863491e-03,5.781101e-04,2.500048e-03,-1.683516e+06,5.223484e+05,2.258088e+06,6.781004e-01,-2.371954e-01,-6.880084e-01,3.096259e-18,539,4873
1.107136e-08,-1.863879e-02,5.783061e-03,2.500032e-02,-1.683634e+06,5.223898e+05,2.258209e+06,5.608078e-03,-1.735734e-03,-8.236847e-03,3.096259e-18,539,48714
0.000000e+00,-6.525367e-08,-1.988040e-07,5.304413e-07,0.000000e+00,0.000000e+00,0.000000e+00,7.120740e+06,2.201091e+07,-3.734010e+07,3.249283e-18,540,0
1.049318e-09,-4.341119e-04,-1.605969e-03,2.500480e-03,-4.139481e+05,-1.531477e+06,2.383938e+06,2.052246e-01,7.570146e-01,-9.309581e-01,3.249283e-18,540,4617
1.048682e-08,-4.341012e-03,-1.606026e-02,2.500010e-02,-4.139820e+05,-1.531602e+06,2.384093e+06,1.791745e-03,6.483651e-03,-1.028296e-02,3.249283e-18,540,46142
0.000000e+00,-1.021856e-08,8.846213e-09,4.681354e-07,0.000000e+00,0.000000e+00,0.000000e+00,1.261251e+06,-2.957016e+06,-4.944028e+07,3.983163e-18,541,0
7.888636e-10,-9.694383e-05,1.034382e-04,2.500058e-03,-1.229859e+05,1.312017e+05,3.170911e+06,9.683437e-02,-8.955320e-02,-1.930764e+00,3.983163e-18,541,3471
7.884318e-09,-9.696557e-04,1.034439e-03,2.500052e-02,-1.229980e+05,1.312129e+05,3.171152e+06,7.450044e-04,-9.495060e-04,-1.999999e-02,3.983163e-18,541,34691
0.000000e+00,-2.191508e-07,-9.222761e-08,2.368371e-07,0.000000e+00,0.000000e+00,0.000000e+00,7.011276e+07,2.973132e+07,-5.487181e+07,5.159595e-18,542,0
1.004318e-09,-3.316214e-03,-1.405019e-03,2.500064e-03,-3.302492e+06,-1.399206e+06,2.489519e+06,4.984388e-01,2.110180e-01,-2.867482e-01,5.159595e-18,542,4419
1.004227e-08,-3.316458e-02,-1.405123e-02,2.500056e-02,-3.302571e+06,-1.399239e+06,2.489564e+06,4.493480e-03,1.872177e-03,-3.078838e-03,5.159595e-18,542,44186
0.000000e+00,2.659653e-08,4.394148e-08,2.495534e-07,0.000000e+00,0.000000e+00,0.000000e+00,-2.136212e+07,-2.414892e+07,-1.444386e+08,6.815971e-18,543,0
4.084091e-10,3.740508e-04,4.211452e-04,2.500950e-03,9.159897e+05,1.031263e+06,6.124089e+06,-3.203635e-01,-3.245010e-01,-1.877015e+00,6.815971e-18,543,1797
4.082273e-09,3.739335e-03,4.209930e-03,2.500039e-02,9.160104e+05,1.031284e+06,6.124210e+06,-3.116357e-03,-3.283353e-03,-1.896057e-02,6.815971e-18,543,17962
0.000000e+00,-7.474251e-08,2.572944e-07,3.095036e-07,0.000000e+00,0.000000e+00,0.000000e+00,1.224157e+07,-5.074613e+07,-3.830153e+07,4.303739e-18,544,0
1.296591e-09,-8.670751e-04,3.651663e-03,2.500123e-03,-6.688964e+05,2.817168e+06,1.928458e+06,1.071551e-01,-4.999433e-01,-2.227574e-01,4.303739e-18,544,5705
1.296386e-08,-8.671484e-03,3.652132e-02,2.500041e-02,-6.689183e+05,2.817270e+06,1.928504e+06,9.227510e-04,-4.069640e-03,-2.731421e-03,4.303739e-18,544,57041
0.000000e+00,-1.709151e-07,-1.286107e-07,4.518410e-07,0.000000e+00,0.000000e+00,0.000000e+00,2.380561e+07,1.770283e+07,-3.858898e+07,3.678043e-18,545,0
1.107955e-09,-1.710665e-03,-1.272622e-03,2.500437e-03,-1.544835e+06,-1.149268e+06,2.257585e+06,6.082848e-01,4.550975e-01,-6.988006e-01,3.678043e-18,545,4875
1.107386e-08,-1.710722e-02,-1.272678e-02,2.500033e-02,-1.544941e+06,-1.149347e+06,2.257707e+06,4.994254e-03,3.718384e-03,-7.839874e-03,3.678043e-18,545,48725
0.000000e+00,8.061999e-08,-1.103293e-07,3.000568e-07,0.000000e+00,0.000000e+00,0.000000e+00,-2.704125e+07,3.707391e+07,-7.861885e+07,5.361590e-18,546,0
6.686364e-10,8.898307e-04,-1.218942e-03,2.500461e-03,1.331177e+06,-1.823530e+06,3.740395e+06,-4.885698e-01,6.751627e-01,-1.218761e+00,5.361590e-18,546,2942
6.683864e-09,8.897420e-03,-1.218824e-02,2.500043e-02,1.331229e+06,-1.823601e+06,3.740524e+06,-4.804669e-03,6.542325e-03,-1.242300e-02,5.361590e-18,546,29409
0.000000e+00,-7.517621e-08,1.617516e-08,5.645844e-07,0.000000e+00,0.000000e+00,0.000000e+00,-1.226064e+07,1.155826e+07,-4.869849e+07,3.339851e-18,547,0
8.104545e-10,4.582647e-04,-5.325734e-04,2.500578e-03,5.658728e+05,-6.576464e+05,3.086805e+06,-3.223630e-01,4.513408e-01,-1.700305e+00,3.339851e-18,547,3566
8.099091e-09,4.582954e-03,-5.326267e-03,2.500049e-02,5.659140e+05,-6.577042e+05,3.087023e+06,-3.208081e-03,4.432663e-03,-1.790628e-02,3.339851e-18,547,35636
0.000000e+00,-8.880897e-08,-2.436796e-07,2.542073e-07,0.000000e+00,0.000000e+00,0.000000e+00,2.318035e+07,6.223807e+07,-4.444412e+07,4.790041e-18,548,0
1.189545e-09,-1.384206e-03,-3.721143e-03,2.500183e-03,-1.163877e+06,-3.128851e+06,2.101995e+06,1.677868e-01,4.641783e-01,-2.192641e-01,4.790041e-18,548,5234
1.189341e-08,-1.384247e-02,-3.721271e-02,2.500001e-02,-1.163909e+06,-3.128938e+06,2.102036e+06,1.414808e-03,3.867960e-03,-2.475210e-03,4.790041e-18,548,52331
0.000000e+00,-1.820846e-08,2.046061e-07,4.255324e-07,0.000000e+00,0.000000e+00,0.000000e+00,1.647644e+06,-3.555613e+07,-4.227283e+07,3.867035e-18,549,0
1.106591e-09,-7.698488e-05,2.570421e-03,2.500151e-03,-6.960264e+04,2.323845e+06,2.259823e+06,3.201763e-02,-6.986779e-01,-5.098178e-01,3.867035e-18,549,4869
1.106295e-08,-7.700202e-04,2.570848e-02,2.500051e-02,-6.960823e+04,2.323967e+06,2.259913e+06,3.300030e-04,-5.992120e-03,-5.924334e-03,3.867035e-18,549,48677
0.000000e+00,1.729221e-07,-1.038485e-07,4.366354e-07,0.000000e+00,0.000000e+00,0.000000e+00,-2.893167e+07,1.195138e+07,-3.588960e+07,3.812226e-18,550,0
1.180909e-09,2.210796e-03,-9.487020e-04,2.500294e-03,1.873091e+06,-8.037887e+05,2.117895e+06,-6.296859e-01,2.825350e-01,-5.400623e-01,3.812226e-18,550,5196
1.180432e-08,2.211044e-02,-9.488141e-03,2.500044e-02,1.873209e+06,-8.038412e+05,2.117996e+06,-5.313901e-03,2.484026e-03,-6.269607e-03,3.812226e-18,550,51939
0.000000e+00,-8.120279e-08,-1.617219e-08,4.810259e-07,0.000000e+00,0.000000e+00,0.000000e+00,8.689092e+06,-3.131674e+06,-4.608401e+07,3.844083e-18,551,0
8.593182e-10,-5.294346e-04,1.811489e-04,2.500085e-03,-6.165632e+05,2.109687e+05,2.911060e+06,4.238070e-01,-1.041480e-01,-1.754590e+00,3.844083e-18,551,3781
8.587955e-09,-5.294995e-03,1.811740e-03,2.500013e-02,-6.166207e+05,2.109829e+05,2.911298e+06,3.794921e-03,-1.155504e-03,-1.823159e-02,3.844083e-18,551,37787
0.000000e+00,-8.537108e-09,2.171690e-07,5.679089e-07,0.000000e+00,0.000000e+00,0.000000e+00,-2.178448e+06,-2.441720e+07,-3.688654e+07,3.048005e-18,552,0
1.048864e-09,1.422314e-04,1.750557e-03,2.500279e-03,1.357103e+05,1.669964e+06,2.384618e+06,-4.840007e-02,-7.394961e-01,-8.358990e-01,3.048005e-18,552,4615
1.048386e-08,1.422720e-03,1.750762e-02,2.500023e-02,1.357182e+05,1.670086e+06,2.384757e+06,-4.934407e-04,-6.403650e-03,-9.433810e-03,3.048005e-18,552,46129
0.000000e+00,-1.642728e-07,-4.467557e-08,5.124491e-07,0.000000e+00,0.000000e+00,0.000000e+00,2.045519e+07,8.839794e+06,-3.728159e+07,3.471046e-18,553,0
1.069318e-09,-1.460646e-03,-6.916416e-04,2.500197e-03,-1.366853e+06,-6.472940e+05,2.339069e+06,6.619564e-01,3.365655e-01,-8.816827e-01,3.471046e-18,553,4705
1.068795e-08,-1.460880e-02,-6.918179e-03,2.500004e-02,-1.366965e+06,-6.473507e+05,2.339219e+06,4.963327e-03,2.787179e-03,-1.022924e-02,3.471046e-18,553,47027
0.000000e+00,2.765648e-07,2.851698e-08,3.331721e-07,0.000000e+00,0.000000e+00,0.000000e+00,-4.756660e+07,-5.931509e+06,-3.869329e+07,4.076218e-18,554,0
1.244545e-09,3.331054e-03,4.119469e-04,2.500110e-03,2.677362e+06,3.311088e+05,2.009176e+06,-5.566177e-01,-6.861282e-02,-2.988567e-01,4.076218e-18,554,5476
1.244295e-08,3.331426e-02,4.119964e-03,2.500023e-02,2.677471e+06,3.311223e+05,2.009235e+06,-4.758712e-03,-5.556133e-04,-3.473744e-03,4.076218e-18,554,54749
0.000000e+00,7.918761e-08,-1.354363e-07,5.073014e-07,0.000000e+00,0.000000e+00,0.000000e+00,-8.977749e+06,1.753564e+07,-3.870245e+07,3.512928e-18,555,0
1.060000e-09,7.009388e-04,-1.188136e-03,2.500531e-03,6.616844e+05,-1.121545e+06,2.360051e+06,-3.185444e-01,5.146067e-01,-9.906482e-01,3.512928e-18,555,4664
1.059295e-08,7.009166e-03,-1.188045e-02,2.500010e-02,6.617375e+05,-1.121631e+06,2.360218e+06,-2.781032e-03,5.145820e-03,-1.119324e-02,3.512928e-18,555,46609
0.000000e+00,-6.932713e-09,1.120747e-07,1.491875e-07,0.000000e+00,0.000000e+00,0.000000e+00,1.726852e+07,-1.766213e+08,-2.161526e+08,8.997978e-18,556,0
2.870455e-10,-2.001565e-04,2.045170e-03,2.500864e-03,-6.973064e+05,7.124798e+06,8.712243e+06,8.341080e-02,-7.570189e-01,-8.661450e-01,8.997978e-18,556,1263
2.869545e-09,-2.000958e-03,2.044504e-02,2.500032e-02,-6.973101e+05,7.124833e+06,8.712282e+06,8.171458e-04,-7.531880e-03,-8.711550e-03,8.997978e-18,556,12626
0.000000e+00,2.759829e-07,1.052147e-07,3.814294e-07,0.000000e+00,0.000000e+00,0.000000e+00,-3.770934e+07,-1.428152e+07,-3.308219e+07,3.692259e-18,557,0
1.383182e-09,3.187042e-03,1.238071e-03,2.500173e-03,2.304996e+06,8.954418e+05,1.807873e+06,-4.949529e-01,-2.014794e-01,-2.683558e-01,3.692259e-18,557,6086
1.382841e-08,3.187436e-02,1.238250e-02,2.500017e-02,2.305104e+06,8.954856e+05,1.807932e+06,-4.211590e-03,-1.629150e-03,-3.290032e-03,3.692259e-18,557,60845
0.000000e+00,-1.169679e-08,9.633561e-08,6.408878e-07,0.000000e+00,0.000000e+00,0.000000e+00,1.370198e+06,-8.751587e+06,-3.695807e+07,2.894914e-18,558,0
9.500000e-10,-5.504500e-05,6.864729e-04,2.500538e-03,-5.793123e+04,7.232051e+05,2.633618e+06,1.089432e-02,-4.993343e-01,-1.517551e+00,2.894914e-18,558,4180
9.492727e-09,-5.499473e-04,6.865146e-03,2.500043e-02,-5.793287e+04,7.232799e+05,2.633847e+06,3.865397e-04,-3.998605e-03,-1.627076e-02,2.894914e-18,558,41768
0.000000e+00,-2.397090e-07,8.223814e-08,4.315505e-07,0.000000e+00,0.000000e+00,0.000000e+00,3.400897e+07,-1.218747e+07,-3.670003e+07,3.638215e-18,559,0
1.189545e-09,-2.497296e-03,9.113097e-04,2.500470e-03,-2.100296e+06,7.664623e+05,2.102550e+06,6.268674e-01,-2.411653e-01,-4.678794e-01,3.638215e-18,559,5234
1.189045e-08,-2.497342e-02,9.113554e-03,2.500044e-02,-2.100414e+06,7.665074e+05,2.102638e+06,5.129851e-03,-1.890701e-03,-5.481619e-03,3.638215e-18,559,52318
0.000000e+00,-1.427104e-07,-5.830544e-08,5.999386e-07,0.000000e+00,0.000000e+00,0.000000e+00,1.607066e+07,9.423608e+06,-3.658500e+07,3.037126e-18,560,0
9.895455e-10,-1.104673e-03,-5.993308e-04,2.500474e-03,-1.117055e+06,-6.060520e+05,2.528068e+06,5.853907e-01,3.144687e-01,-1.185255e+00,3.037126e-18,560,4354
9.889091e-09,-1.104663e-02,-5.993280e-03,2.500050e-02,-1.117147e+06,-6.061011e+05,2.528254e+06,4.967912e-03,2.732986e-03,-1.294068e-02,3.037126e-18,560,43512
0.000000e+00,1.310747e-07,5.087532e-08,4.142107e-07,0.000000e+00,0.000000e+00,0.000000e+00,-2.032001e+07,-5.839828e+06,-5.664409e+07,4.186744e-18,561,0
7.847727e-10,1.004261e-03,3.412054e-04,2.500467e-03,1.280370e+06,4.350403e+05,3.187460e+06,-7.169004e-01,-2.638314e-01,-1.486381e+00,4.186744e-18,561,3453
7.843409e-09,1.004245e-02,3.412188e-03,2.500067e-02,1.280459e+06,4.350730e+05,3.187645e+06,-6.302074e-03,-2.402260e-03,-1.546681e-02,4.186744e-18,561,34511
0.000000e+00,-8.128853e-08,-5.546645e-08,2.048358e-07,0.000000e+00,0.000000e+00,0.000000e+00,7.381256e+07,5.213321e+07,-1.640635e+08,7.518670e-18,562,0
3.704545e-10,-1.129146e-03,-7.980433e-04,2.501439e-03,-3.048103e+06,-2.154310e+06,6.752453e+06,6.358991e-01,4.585266e-01,-1.300571e+00,7.518670e-18,562,1630
3.702500e-09,-1.128567e-02,-7.976376e-03,2.500113e-02,-3.048140e+06,-2.154337e+06,6.752530e+06,6.308419e-03,4.525912e-03,-1.310100e-02,7.518670e-18,562,16291
0.000000e+00,-1.467213e-07,-8.207145e-10,4.036508e-07,0.000000e+00,0.000000e+00,0.000000e+00,2.270468e+07,2.975532e+06,-4.717323e+07,4.268440e-18,563,0
9.361364e-10,-1.417748e-03,-2.033381e-04,2.500168e-03,-1.515431e+06,-2.173860e+05,2.671917e+06,7.959231e-01,1.255534e-01,-1.172331e+00,4.268440e-18,563,4119
9.356591e-09,-1.417918e-02,-2.033957e-03,2.500013e-02,-1.515548e+06,-2.174046e+05,2.672091e+06,7.295442e-03,1.058300e-03,-1.238189e-02,4.268440e-18,563,41169
0.000000e+00,-6.200516e-09,2.051833e-08,6.237048e-07,0.000000e+00,0.000000e+00,0.000000e+00,-6.622896e+05,-5.723395e+06,-3.919695e+07,3.034093e-18,564,0
9.220455e-10,3.599865e-05,3.139210e-04,2.500449e-03,3.910196e+04,3.407241e+05,2.713351e+06,-4.211903e-02,-2.190192e-01,-1.596474e+00,3.034093e-18,564,4057
9.213636e-09,3.602586e-04,3.139285e-03,2.500004e-02,3.910816e+04,3.407560e+05,2.713584e+06,9.785007e-05,-1.782987e-03,-1.756917e-02,3.034093e-18,564,40540
0.000000e+00,-8.714173e-08,-1.663045e-07,5.590406e-07,0.000000e+00,0.000000e+00,0.000000e+00,6.865598e+06,1.748529e+07,-3.342780e+07,3.160385e-18,565,0
1.151364e-09,-4.839046e-04,-1.428450e-03,2.500344e-03,-4.205924e+05,-1.241546e+06,2.172591e+06,2.342182e-01,6.182465e-01,-8.345181e-01,3.160385e-18,565,5066
1.150705e-08,-4.839791e-03,-1.428647e-02,2.500031e-02,-4.206349e+05,-1.241658e+06,2.172744e+06,1.852306e-03,5.555154e-03,-1.012862e-02,3.160385e-18,565,50631
0.000000e+00,6.019729e-08,1.970724e-07,3.553163e-07,0.000000e+00,0.000000e+00,0.000000e+00,-1.180319e+07,-4.142969e+07,-4.794821e+07,4.368954e-18,566,0
9.686364e-10,6.702859e-04,2.296809e-03,2.500102e-03,6.922379e+05,2.372064e+06,2.581639e+06,-2.060430e-01,-7.338545e-01,-6.264331e-01,4.368954e-18,566,4262
9.683864e-09,6.703524e-03,2.297069e-02,2.500036e-02,6.922694e+05,2.372176e+06,2.581735e+06,-1.909463e-03,-6.520831e-03,-6.762965e-03,4.368954e-18,566,42609
0.000000e+00,1.840518e-07,1.030796e-07,4.193779e-07,0.000000e+00,0.000000e+00,0.000000e+00,-2.984389e+07,-1.312187e+07,-4.220142e+07,3.881090e-18,567,0
1.057273e-09,2.035990e-03,8.053409e-04,2.500292e-03,1.926649e+06,7.620513e+05,2.365552e+06,-6.971522e-01,-2.726867e-01,-6.741514e-01,3.881090e-18,567,4652
1.056841e-08,2.036152e-02,8.053673e-03,2.500026e-02,1.926765e+06,7.620967e+05,2.365665e+06,-6.209855e-03,-2.399681e-03,-7.483879e-03,3.881090e-18,567,46501
0.000000e+00,6.479923e-08,1.410228e-07,3.795645e-07,0.000000e+00,0.000000e+00,0.000000e+00,-8.307533e+06,-3.586147e+07,-5.564801e+07,4.437147e-18,568,0
8.300000e-10,4.128561e-04,1.692503e-03,2.500277e-03,4.975864e+05,2.040008e+06,3.013237e+06,-1.890872e-01,-8.090995e-01,-1.030001e+00,4.437147e-18,568,3652
8.296818e-09,4.128396e-03,1.692553e-02,2.500041e-02,4.976112e+05,2.040114e+06,3.013373e+06,-1.793076e-03,-7.704711e-03,-1.073931e-02,4.437147e-18,568,36506
0.000000e+00,-1.356953e-07,1.202589e-07,6.285519e-07,0.000000e+00,0.000000e+00,0.000000e+00,1.192109e+07,-1.079114e+07,-3.398309e+07,2.839115e-18,569,0
1.043182e-09,-9.846519e-04,8.280307e-04,2.500327e-03,-9.445572e+05,7.943183e+05,2.397803e+06,5.083288e-01,-4.463895e-01,-9.786907e-01,2.839115e-18,569,4590
1.042614e-08,-9.848039e-03,8.281654e-03,2.500005e-02,-9.446408e+05,7.943917e+05,2.397965e+06,4.450397e-03,-3.462556e-03,-1.157781e-02,2.839115e-18,569,45875
0.000000e+00,1.936510e-07,-1.080856e-07,3.094909e-07,0.000000e+00,0.000000e+00,0.000000e+00,-9.242198e+07,2.300228e+07,-4.415266e+07,4.670489e-18,570,0
1.272045e-09,5.282348e-03,-1.337208e-03,2.500293e-03,4.153061e+06,-1.051290e+06,1.965538e+06,-2.924326e-01,7.383273e-02,-1.016198e-01,4.670489e-18,570,5597
1.271909e-08,5.282318e-02,-1.337152e-02,2.500009e-02,4.153119e+06,-1.051305e+06,1.965558e+06,-2.494199e-03,6.316959e-04,-1.162145e-03,4.670489e-18,570,55964
0.000000e+00,1.874752e-08,-5.384190e-08,3.547141e-07,0.000000e+00,0.000000e+00,0.000000e+00,-2.547646e+06,1.845968e+07,-7.291248e+07,5.018427e-18,571,0
6.529545e-10,7.732476e-05,-6.581649e-04,2.500702e-03,1.184297e+05,-1.008398e+06,3.831087e+06,-3.449558e-02,5.024225e-01,-1.835020e+00,5.018427e-18,571,2873
6.525682e-09,7.728471e-04,-6.580463e-03,2.500055e-02,1.184332e+05,-1.008450e+06,3.831277e+06,-4.843256e-04,4.890907e-03,-1.861348e-02,5.018427e-18,571,28713
0.000000e+00,1.931247e-07,4.587487e-08,3.353583e-07,0.000000e+00,0.000000e+00,0.000000e+00,-4.541159e+07,-2.827720e+06,-5.378250e+07,4.586873e-18,572,0
9.070455e-10,2.258875e-03,1.757345e-04,2.500308e-03,2.491240e+06,1.938139e+05,2.757138e+06,-7.924507e-01,-8.701644e-02,-6.944037e-01,4.586873e-18,572,3991
9.067500e-09,2.258929e-02,1.757428e-03,2.500048e-02,2.491354e+06,1.938263e+05,2.757238e+06,-7.335838e-03,-6.716987e-04,-7.419702e-03,4.586873e-18,572,39897
0.000000e+00,2.296247e-07,2.654380e-09,3.961901e-07,0.000000e+00,0.000000e+00,0.000000e+00,-3.748248e+07,-1.401223e+06,-4.227610e+07,3.943171e-18,573,0
1.089545e-09,2.476740e-03,8.416752e-05,2.500508e-03,2.274159e+06,7.729822e+04,2.295561e+06,-7.151175e-01,-3.345881e-02,-5.487467e-01,3.943171e-18,573,4794
1.089068e-08,2.476708e-02,8.418247e-04,2.500038e-02,2.274281e+06,7.730398e+04,2.295655e+06,-6.241807e-03,-3.146242e-04,-6.195427e-03,3.943171e-18,573,47919
0.000000e+00,-3.479607e-09,-2.042940e-07,5.344664e-07,0.000000e+00,0.000000e+00,0.000000e+00,-6.257206e+05,2.366438e+07,-3.545165e+07,3.239683e-18,574,0
1.150000e-09,9.618882e-05,-1.935314e-03,2.500481e-03,8.370105e+04,-1.683904e+06,2.175090e+06,-3.051554e-02,7.023104e-01,-6.968096e-01,3.239683e-18,574,5060
1.149386e-08,9.620283e-04,-1.935448e-02,2.500040e-02,8.370656e+04,-1.684031e+06,2.175217e+06,-2.352777e-04,6.034626e-03,-8.134918e-03,3.239683e-18,574,50573
0.000000e+00,-1.342139e-07,-9.311426e-08,2.922927e-07,0.000000e+00,0.000000e+00,0.000000e+00,4.022506e+07,3.514131e+07,-7.207346e+07,5.278635e-18,575,0
7.293182e-10,-1.443206e-03,-1.249627e-03,2.500592e-03,-1.979338e+06,-1.713870e+06,3.429308e+06,6.234691e-01,5.360815e-01,-9.585401e-01,5.278635e-18,575,3209
7.290227e-09,-1.442985e-02,-1.249450e-02,2.500057e-02,-1.979410e+06,-1.713931e+06,3.429418e+06,6.090965e-03,5.138455e-03,-9.772928e-03,5.278635e-18,575,32077
0.000000e+00,1.204189e-07,1.150550e-07,4.119980e-07,0.000000e+00,0.000000e+00,0.000000e+00,-1.579052e+07,-1.992898e+07,-5.231195e+07,4.114680e-18,576,0
8.381818e-10,8.164682e-04,9.802636e-04,2.500555e-03,9.745811e+05,1.170120e+06,2.984462e+06,-5.011570e-01,-6.035400e-01,-1.300009e+00,4.114680e-18,576,3688
8.376818e-09,8.163895e-03,9.801871e-03,2.500040e-02,9.746475e+05,1.170200e+06,2.984634e+06,-4.590532e-03,-5.763568e-03,-1.360254e-02,4.114680e-18,576,36858
0.000000e+00,-5.172270e-08,1.614270e-07,5.636796e-07,0.000000e+00,0.000000e+00,0.000000e+00,6.304742e+06,-1.393973e+07,-3.760447e+07,3.179397e-18,577,0
9.904545e-10,-3.559818e-04,9.903950e-04,2.500182e-03,-3.596573e+05,1.000681e+06,2.525479e+06,2.179274e-01,-6.304963e-01,-1.187513e+00,3.179397e-18,577,4358
9.899091e-09,-3.560289e-03,9.905825e-03,2.500013e-02,-3.596913e+05,1.000779e+06,2.525666e+06,1.989704e-03,-5.271873e-03,-1.328172e-02,3.179397e-18,577,43556
0.000000e+00,-8.206903e-08,3.202978e-08,1.892469e-07,0.000000e+00,0.000000e+00,0.000000e+00,8.977191e+07,-3.708786e+07,-1.867607e+08,8.153907e-18,578,0
3.279545e-10,-1.202870e-03,4.982578e-04,2.500102e-03,-3.667839e+06,1.519327e+06,7.623337e+06,6.651468e-01,-3.064779e-01,-1.353979e+00,8.153907e-18,578,1443
3.279545e-09,-1.202892e-02,4.982729e-03,2.500124e-02,-3.667874e+06,1.519343e+06,7.623407e+06,6.503632e-03,-3.054794e-03,-1.369069e-02,8.153907e-18,578,14430
0.000000e+00,5.461070e-08,1.012959e-07,6.084584e-07,0.000000e+00,0.000000e+00,0.000000e+00,-6.659472e+06,-8.298178e+06,-3.681625e+07,3.031571e-18,579,0
9.906818e-10,5.001524e-04,6.906521e-04,2.500536e-03,5.052675e+05,6.977811e+05,2.525418e+06,-3.141969e-01,-5.020671e-01,-1.346068e+00,3.031571e-18,579,4359
9.899318e-09,5.001759e-03,6.907509e-03,2.500012e-02,5.053166e+05,6.978595e+05,2.525629e+06,-2.766476e-03,-4.003795e-03,-1.497125e-02,3.031571e-18,579,43557
0.000000e+00,-9.980765e-08,1.018019e-07,4.439287e-07,0.000000e+00,0.000000e+00,0.000000e+00,1.169653e+07,-1.115550e+07,-4.569681e+07,3.974646e-18,580,0
9.336364e-10,-7.584887e-04,6.934317e-04,2.500048e-03,-8.129788e+05,7.432423e+05,2.679159e+06,5.072080e-01,-4.620209e-01,-1.387633e+00,3.974646e-18,580,4108
9.331364e-09,-7.586182e-03,6.935451e-03,2.500032e-02,-8.130535e+05,7.433104e+05,2.679364e+06,4.589593e-03,-4.155488e-03,-1.488228e-02,3.974646e-18,580,41058
0.000000e+00,1.310510e-07,-6.265996e-08,5.641088e-07,0.000000e+00,0.000000e+00,0.000000e+00,-1.434889e+07,4.497966e+06,-3.803211e+07,3.226136e-18,581,0
1.003636e-09,1.036755e-03,-2.743465e-04,2.500470e-03,1.033715e+06,-2.735160e+05,2.492673e+06,-5.677784e-01,1.668460e-01,-1.220397e+00,3.226136e-18,581,4416
1.002955e-08,1.036765e-02,-2.743274e-03,2.500056e-02,1.033805e+06,-2.735424e+05,2.492867e+06,-4.682220e-03,1.244802e-03,-1.341516e-02,3.226136e-18,581,44130
0.000000e+00,1.411342e-08,-6.178599e-08,2.200737e-07,0.000000e+00,0.000000e+00,0.000000e+00,-1.370680e+07,5.427700e+07,-1.746942e+08,7.478483e-18,582,0
3.468182e-10,1.970957e-04,-7.796537e-04,2.500759e-03,5.683267e+05,-2.248111e+06,7.210746e+06,-1.495901e-01,5.728878e-01,-1.712061e+00,7.478483e-18,582,1526
3.467045e-09,1.970425e-03,-7.794351e-03,2.500017e-02,5.683349e+05,-2.248142e+06,7.210840e+06,-1.483149e-03,5.711621e-03,-1.719043e-02,7.478483e-18,582,15255
0.000000e+00,2.370532e-07,-5.673631e-08,3.477598e-07,0.000000e+00,0.000000e+00,0.000000e+00,-4.554917e+07,1.096308e+07,-4.590416e+07,4.203104e-18,583,0
1.075455e-09,2.653668e-03,-6.747018e-04,2.500389e-03,2.468280e+06,-6.276207e+05,2.325384e+06,-6.301656e-01,1.956147e-01,-4.552017e-01,4.203104e-18,583,4732
1.075091e-08,2.653626e-02,-6.747484e-03,2.500016e-02,2.468387e+06,-6.276539e+05,2.325462e+06,-5.848582e-03,1.508452e-03,-5.155390e-03,4.203104e-18,583,47304
0.000000e+00,-3.762763e-08,1.505906e-07,2.312669e-07,0.000000e+00,0.000000e+00,0.000000e+00,2.193309e+07,-8.268428e+07,-1.031007e+08,6.208168e-18,584,0
5.688636e-10,-5.383376e-04,2.031587e-03,2.500547e-03,-9.464368e+05,3.571661e+06,4.395939e+06,2.030885e-01,-7.626177e-01,-8.145270e-01,6.208168e-18,584,2503
5.687045e-09,-5.382451e-03,2.031229e-02,2.500007e-02,-9.464551e+05,3.571729e+06,4.396012e+06,2.044472e-03,-7.497757e-03,-8.424801e-03,6.208168e-18,584,25023
0.000000e+00,6.706169e-08,2.607254e-08,6.646661e-07,0.000000e+00,0.000000e+00,0.000000e+00,-6.527536e+06,-2.026184e+06,-3.634116e+07,2.802388e-18,585,0
9.670455e-10,4.823178e-04,1.444250e-04,2.500134e-03,4.991984e+05,1.494848e+05,2.586694e+06,-3.641210e-01,-1.205188e-01,-1.418051e+00,2.802388e-18,585,4255
9.664773e-09,4.824609e-03,1.444735e-03,2.500006e-02,4.992539e+05,1.495031e+05,2.586912e+06,-2.604147e-03,-4.298781e-04,-1.590335e-02,2.802388e-18,585,42525
0.000000e+00,4.279432e-09,-2.531902e-08,6.557037e-07,0.000000e+00,0.000000e+00,0.000000e+00,-2.933388e+06,8.033393e+04,-3.996780e+07,2.878099e-18,586,0
8.861364e-10,1.422982e-04,3.260987e-07,2.500092e-03,1.607963e+05,3.554056e+02,2.822933e+06,-1.715598e-01,3.397678e-02,-1.775903e+00,2.878099e-18,586,3899
8.856136e-09,1.424003e-03,3.127523e-06,2.500050e-02,1.608203e+05,3.506882e+02,2.823182e+06,-1.765041e-03,4.141608e-04,-1.885523e-02,2.878099e-18,586,38967
0.000000e+00,-5.381282e-08,-6.365715e-08,4.261876e-07,0.000000e+00,0.000000e+00,0.000000e+00,1.467060e+07,9.114665e+06,-5.335495e+07,4.261348e-18,587,0
8.093182e-10,-7.118201e-04,-5.114696e-04,2.500371e-03,-8.800825e+05,-6.323624e+05,3.090919e+06,5.136104e-01,3.706150e-01,-1.621324e+00,4.261348e-18,587,3561
8.088409e-09,-7.118416e-03,-5.114778e-03,2.500070e-02,-8.801482e+05,-6.324097e+05,3.091127e+06,4.929765e-03,3.485017e-03,-1.677209e-02,4.261348e-18,587,35589
0.000000e+00,-2.144491e-07,-1.309376e-07,3.606823e-07,0.000000e+00,0.000000e+00,0.000000e+00,4.071945e+07,2.029726e+07,-4.072460e+07,4.075757e-18,588,0
1.165455e-09,-2.712882e-03,-1.385732e-03,2.500296e-03,-2.328566e+06,-1.189410e+06,2.145734e+06,5.624924e-01,2.872697e-01,-3.830454e-01,4.075757e-18,588,5128
1.165114e-08,-2.713038e-02,-1.385797e-02,2.500039e-02,-2.328669e+06,-1.189463e+06,2.145804e+06,4.784549e-03,2.490237e-03,-4.305879e-03,4.075757e-18,588,51265
0.000000e+00,-1.878111e-07,-2.606505e-08,3.041243e-07,0.000000e+00,0.000000e+00,0.000000e+00,4.872354e+07,4.658897e+06,-6.282709e+07,4.945772e-18,589,0
8.068182e-10,-2.040662e-03,-1.930284e-04,2.500298e-03,-2.530029e+06,-2.392950e+05,3.099626e+06,8.149355e-01,6.250590e-02,-8.604498e-01,4.945772e-18,589,3550
8.065455e-09,-2.040585e-02,-1.930031e-03,2.500002e-02,-2.530133e+06,-2.393029e+05,3.099736e+06,7.826071e-03,6.007336e-04,-8.841868e-03,4.945772e-18,589,35488
0.000000e+00,5.590673e-08,-1.508324e-07,1.652764e-07,0.000000e+00,0.000000e+00,0.000000e+00,-4.890564e+07,1.300885e+08,-1.221583e+08,7.335622e-18,590,0
4.981818e-10,1.005112e-03,-2.672877e-03,2.500039e-03,2.017613e+06,-5.365394e+06,5.018356e+06,-2.335711e-01,6.156625e-01,-5.161584e-01,7.335622e-18,590,2192
4.981818e-09,1.005142e-02,-2.672953e-02,2.500067e-02,2.017632e+06,-5.365442e+06,5.018397e+06,-2.296171e-03,6.072087e-03,-5.208615e-03,7.335622e-18,590,21920
0.000000e+00,-9.564289e-09,-1.601490e-07,3.852307e-07,0.000000e+00,0.000000e+00,0.000000e+00,2.399822e+05,2.642911e+07,-5.338435e+07,4.363373e-18,591,0
8.288636e-10,-4.728105e-05,-1.303217e-03,2.500639e-03,-5.711456e+04,-1.573048e+06,3.018153e+06,5.828183e-02,7.593144e-01,-1.343700e+00,4.363373e-18,591,3647
8.283409e-09,-4.730911e-04,-1.303019e-02,2.500068e-02,-5.712216e+04,-1.573148e+06,3.018329e+06,4.727176e-04,7.404204e-03,-1.395873e-02,4.363373e-18,591,36447
0.000000e+00,9.720627e-08,-1.596158e-07,6.112832e-07,0.000000e+00,0.000000e+00,0.000000e+00,-8.660078e+06,1.855336e+07,-3.438632e+07,2.918381e-18,592,0
1.057500e-09,7.091017e-04,-1.314377e-03,2.500289e-03,6.709468e+05,-1.243786e+06,2.365308e+06,-3.089888e-01,6.783105e-01,-9.498780e-01,2.918381e-18,592,4653
1.056955e-08,7.091583e-03,-1.314622e-02,2.500045e-02,6.709982e+05,-1.243899e+06,2.365467e+06,-2.819647e-03,6.055341e-03,-1.073075e-02,2.918381e-18,592,46506
0.000000e+00,-1.623940e-07,-2.789657e-08,2.096826e-07,0.000000e+00,0.000000e+00,0.000000e+00,9.444876e+07,1.695266e+07,-1.034675e+08,6.444776e-18,593,0
5.709091e-10,-2.304880e-03,-4.138808e-04,2.500333e-03,-4.037533e+06,-7.250111e+05,4.379774e+06,7.450192e-01,1.343061e-01,-7.114578e-01,6.444776e-18,593,2512
5.708182e-09,-2.304708e-02,-4.138512e-03,2.500070e-02,-4.037600e+06,-7.250232e+05,4.379838e+06,7.322885e-03,1.292492e-03,-7.245202e-03,6.444776e-18,593,25116
0.000000e+00,-1.676071e-07,1.230144e-07,1.935305e-07,0.000000e+00,0.000000e+00,0.000000e+00,8.334311e+07,-5.759869e+07,-7.428724e+07,6.022228e-18,594,0
7.856818e-10,-2.848339e-03,1.968332e-03,2.500054e-03,-3.625626e+06,2.505462e+06,3.182161e+06,4.600149e-01,-3.150996e-01,-3.355507e-01,6.022228e-18,594,3457
7.856364e-09,-2.848432e-02,1.968388e-02,2.500035e-02,-3.625683e+06,2.505501e+06,3.182203e+06,4.406716e-03,-3.071621e-03,-3.453249e-03,6.022228e-18,594,34568
0.000000e+00,-1.065733e-07,-6.615070e-08,4.750187e-07,0.000000e+00,0.000000e+00,0.000000e+00,1.671752e+07,1.429714e+07,-4.290228e+07,3.800197e-18,595,0
9.693182e-10,-1.011904e-03,-9.554466e-04,2.500323e-03,-1.044621e+06,-9.863735e+05,2.580627e+06,5.596004e-01,5.231265e-01,-1.140081e+00,3.800197e-18,595,4265
9.687727e-09,-1.011996e-02,-9.555632e-03,2.500055e-02,-1.044707e+06,-9.864535e+05,2.580802e+06,4.772755e-03,4.633070e-03,-1.226763e-02,3.800197e-18,595,42626
0.000000e+00,1.980252e-07,6.755422e-08,2.599527e-07,0.000000e+00,0.000000e+00,0.000000e+00,-6.499545e+07,-2.063646e+07,-6.224254e+07,5.227278e-18,596,0
8.702273e-10,2.704123e-03,8.557388e-04,2.500611e-03,3.108002e+06,9.835372e+05,2.873862e+06,-6.573907e-01,-2.025364e-01,-4.928700e-01,5.227278e-18,596,3829
8.699091e-09,2.703683e-02,8.555898e-03,2.500012e-02,3.108092e+06,9.835650e+05,2.873930e+06,-6.184894e-03,-1.961996e-03,-5.117845e-03,5.227278e-18,596,38276
0.000000e+00,-2.165717e-08,1.154087e-07,3.835416e-07,0.000000e+00,0.000000e+00,0.000000e+00,6.136308e+06,-2.996400e+07,-6.218754e+07,4.543717e-18,597,0
7.509091e-10,-2.507210e-04,1.287657e-03,2.500524e-03,-3.340297e+05,1.715542e+06,3.331010e+06,1.509747e-01,-7.901560e-01,-1.337735e+00,4.543717e-18,597,3304
7.505227e-09,-2.506964e-03,1.287549e-02,2.500011e-02,-3.340476e+05,1.715635e+06,3.331169e+06,1.402112e-03,-7.573976e-03,-1.373187e-02,4.543717e-18,597,33023
0.000000e+00,1.767857e-07,-3.878427e-08,1.824348e-07,0.000000e+00,0.000000e+00,0.000000e+00,-1.130169e+08,2.472944e+07,-9.536753e+07,6.627440e-18,598,0
6.256818e-10,2.988183e-03,-6.537827e-04,2.500169e-03,4.776157e+06,-1.044972e+06,3.996022e+06,-6.178572e-01,1.353434e-01,-4.475453e-01,6.627440e-18,598,2753
6.256364e-09,2.988149e-02,-6.537752e-03,2.500070e-02,4.776218e+06,-1.044986e+06,3.996067e+06,-6.050375e-03,1.309795e-03,-4.554663e-03,6.627440e-18,598,27528
0.000000e+00,2.384724e-07,5.015118e-09,2.725161e-07,0.000000e+00,0.000000e+00,0.000000e+00,-7.248337e+07,-1.752443e+07,-5.044265e+07,4.848395e-18,599,0
1.077273e-09,3.714102e-03,8.791430e-04,2.500379e-03,3.448265e+06,8.162643e+05,2.321188e+06,-4.877904e-01,-1.179736e-01,-2.462352e-01,4.848395e-18,599,4740
1.077045e-08,3.713942e-02,8.791502e-03,2.500041e-02,3.448347e+06,8.162843e+05,2.321230e+06,-4.268912e-03,-1.025884e-03,-2.695981e-03,4.848395e-18,599,47390
0.000000e+00,1.067800e-07,1.836744e-07,5.500609e-07,0.000000e+00,0.000000e+00,0.000000e+00,-1.292229e+07,-1.867405e+07,-3.638727e+07,3.132590e-18,600,0
9.770455e-10,6.048900e-04,1.007859e-03,2.500379e-03,6.194833e+05,1.032240e+06,2.560381e+06,-3.659667e-01,-6.437223e-01,-1.232780e+00,3.132590e-18,600,4299
9.764318e-09,6.048869e-03,1.007915e-02,2.500053e-02,6.195397e+05,1.032339e+06,2.560572e+06,-3.089947e-03,-5.035752e-03,-1.324446e-02,3.132590e-18,600,42963
0.000000e+00,1.663281e-07,1.860682e-07,4.239433e-07,0.000000e+00,0.000000e+00,0.000000e+00,-2.250836e+07,-2.495476e+07,-3.715288e+07,3.682711e-18,601,0
1.174318e-09,1.610163e-03,1.835064e-03,2.500161e-03,1.371833e+06,1.563427e+06,2.129635e+06,-4.786422e-01,-5.219189e-01,-5.321430e-01,3.682711e-18,601,5167
1.173909e-08,1.610404e-02,1.835316e-02,2.500013e-02,1.371921e+06,1.563524e+06,2.129734e+06,-3.683889e-03,-4.542497e-03,-6.154778e-03,3.682711e-18,601,51652
0.000000e+00,-2.156535e-07,1.885907e-07,4.344326e-07,0.000000e+00,0.000000e+00,0.000000e+00,4.618134e+07,-3.477344e+07,-2.605218e+07,3.482571e-18,602,0
1.780000e-09,-4.355155e-03,3.304839e-03,2.500290e-03,-2.447233e+06,1.857031e+06,1.404698e+06,2.277692e-01,-1.726727e-01,-9.141890e-02,3.482571e-18,602,7832
1.779727e-08,-4.355400e-02,3.305006e-02,2.500007e-02,-2.447296e+06,1.857079e+06,1.404724e+06,2.004615e-03,-1.521175e-03,-1.150608e-03,3.482571e-18,602,78308
0.000000e+00,-8.943143e-08,-7.474364e-08,3.119052e-07,0.000000e+00,0.000000e+00,0.000000e+00,2.776482e+07,2.336509e+07,-8.022283e+07,5.333449e-18,603,0
6.415909e-10,-8.935321e-04,-7.529906e-04,2.500024e-03,-1.393097e+06,-1.173981e+06,3.897521e+06,5.801607e-01,4.882788e-01,-1.482824e+00,5.333449e-18,603,2823
6.414318e-09,-8.935782e-03,-7.530300e-03,2.500007e-02,-1.393156e+06,-1.174031e+06,3.897672e+06,5.748269e-03,4.783328e-03,-1.506071e-02,5.333449e-18,603,28223
0.000000e+00,8.679992e-08,-1.493696e-07,6.206636e-07,0.000000e+00,0.000000e+00,0.000000e+00,-8.224371e+06,1.128781e+07,-3.987953e+07,2.900177e-18,604,0
9.554545e-10,6.113779e-04,-8.398118e-04,2.500390e-03,6.403849e+05,-8.796999e+05,2.618123e+06,-4.069934e-01,6.265767e-01,-1.245282e+00,2.900177e-18,604,4204
9.548864e-09,6.114904e-03,-8.400105e-03,2.500033e-02,6.404462e+05,-8.797944e+05,2.618311e+06,-2.935340e-03,4.626337e-03,-1.393125e-02,2.900177e-18,604,42015
0.000000e+00,9.985835e-08,-2.430973e-07,3.247218e-07,0.000000e+00,0.000000e+00,0.000000e+00,-1.812435e+07,4.612662e+07,-4.230435e+07,4.247969e-18,605,0
1.159091e-09,1.158878e-03,-2.933433e-03,2.500023e-03,1.000122e+06,-2.531581e+06,2.157243e+06,-2.210052e-01,5.594328e-01,-3.542979e-01,4.247969e-18,605,5100
1.158886e-08,1.159027e-02,-2.933813e-02,2.500014e-02,1.000162e+06,-2.531683e+06,2.157308e+06,-1.887704e-03,4.873121e-03,-4.005369e-03,4.247969e-18,605,50991
0.000000e+00,-6.304183e-08,-1.653212e-07,3.795492e-07,0.000000e+00,0.000000e+00,0.000000e+00,1.079007e+07,3.232117e+07,-5.009553e+07,4.341838e-18,606,0
9.354545e-10,-5.234720e-04,-1.791435e-03,2.500247e-03,-5.598639e+05,-1.915955e+06,2.673569e+06,2.476966e-01,7.763591e-01,-8.606473e-01,4.341838e-18,606,4116
9.350909e-09,-5.235236e-03,-1.791587e-02,2.500043e-02,-5.599005e+05,-1.916070e+06,2.673697e+06,1.906418e-03,7.117167e-03,-9.385324e-03,4.341838e-18,606,41144
0.000000e+00,1.769624e-07,8.002978e-08,3.729357e-07,0.000000e+00,0.000000e+00,0.000000e+00,-3.526895e+07,-1.497628e+07,-4.861368e+07,4.298507e-18,607,0
9.750000e-10,2.023447e-03,1.015621e-03,2.500130e-03,2.076166e+06,1.042101e+06,2.564844e+06,-6.827603e-01,-3.321551e-01,-6.575484e-01,4.298507e-18,607,4290
9.747273e-09,2.023690e-02,1.015759e-02,2.500038e-02,2.076271e+06,1.042152e+06,2.564946e+06,-6.256519e-03,-3.036193e-03,-7.271524e-03,4.298507e-18,607,42888
0.000000e+00,1.426958e-07,1.648655e-07,4.683350e-07,0.000000e+00,0.000000e+00,0.000000e+00,-2.120516e+07,-1.616062e+07,-3.584313e+07,3.555856e-18,608,0
1.167955e-09,1.580709e-03,1.288324e-03,2.500390e-03,1.354165e+06,1.103682e+06,2.141581e+06,-5.149790e-01,-4.379485e-01,-6.496754e-01,3.555856e-18,608,5139
1.167364e-08,1.580796e-02,1.288395e-02,2.500020e-02,1.354260e+06,1.103762e+06,2.141701e+06,-4.324876e-03,-3.462682e-03,-7.655277e-03,3.555856e-18,608,51364
0.000000e+00,1.084027e-07,2.078932e-07,5.190443e-07,0.000000e+00,0.000000e+00,0.000000e+00,-1.311459e+07,-2.415963e+07,-3.508563e+07,3.226396e-18,609,0
1.159773e-09,1.024289e-03,1.890177e-03,2.500257e-03,8.836601e+05,1.630701e+06,2.156479e+06,-3.288458e-01,-6.344653e-01,-6.153418e-01,3.226396e-18,609,5103
1.159295e-08,1.024419e-02,1.890458e-02,2.500017e-02,8.837201e+05,1.630817e+06,2.156592e+06,-2.693339e-03,-5.219346e-03,-7.470168e-03,3.226396e-18,609,51009
0.000000e+00,-9.007562e-08,2.642821e-08,6.588981e-07,0.000000e+00,0.000000e+00,0.000000e+00,3.378907e+07,-4.599651e+07,-3.560449e+07,2.843794e-18,610,0
1.252955e-09,-2.195229e-03,2.889004e-03,2.500097e-03,-1.752575e+06,2.306514e+06,1.995400e+06,3.228794e-01,-4.294676e-01,-2.602298e-01,2.843794e-18,610,5513
1.252864e-08,-2.195730e-02,2.889732e-02,2.500007e-02,-1.752638e+06,2.306599e+06,1.995452e+06,2.751468e-03,-3.634690e-03,-3.015323e-03,2.843794e-18,610,55126
0.000000e+00,-1.771061e-07,-2.621813e-08,1.796180e-07,0.000000e+00,0.000000e+00,0.000000e+00,1.208330e+08,1.858304e+07,-9.997556e+07,6.722812e-18,611,0
6.009091e-10,-3.044724e-03,-4.680698e-04,2.500360e-03,-5.067098e+06,-7.789733e+05,4.161038e+06,6.157859e-01,9.359384e-02,-4.360244e-01,6.722812e-18,611,2644
6.008182e-09,-3.044417e-02,-4.680231e-03,2.500041e-02,-5.067157e+06,-7.789822e+05,4.161079e+06,6.013309e-03,9.214907e-04,-4.482980e-03,6.722812e-18,611,26436
0.000000e+00,-1.554814e-07,-3.209849e-08,6.432971e-07,0.000000e+00,0.000000e+00,0.000000e+00,1.534157e+07,3.185814e+06,-3.680359e+07,2.817960e-18,612,0
9.456818e-10,-1.002010e-03,-1.958741e-04,2.500442e-03,-1.060328e+06,-2.072721e+05,2.645512e+06,6.697281e-01,1.386342e-01,-1.520914e+00,2.817960e-18,612,4161
9.450000e-09,-1.002008e-02,-1.958727e-03,2.500032e-02,-1.060428e+06,-2.072927e+05,2.645740e+06,5.585564e-03,1.277166e-03,-1.630099e-02,2.817960e-18,612,41580
0.000000e+00,-1.892769e-07,-1.570058e-07,3.663919e-07,0.000000e+00,0.000000e+00,0.000000e+00,3.240071e+07,2.923598e+07,-4.070330e+07,4.071546e-18,613,0
1.152955e-09,-2.217554e-03,-1.919693e-03,2.500436e-03,-1.924068e+06,-1.665608e+06,2.169150e+06,4.870680e-01,4.114025e-01,-4.112338e-01,4.071546e-18,613,5073
1.152523e-08,-2.217528e-02,-1.919647e-02,2.500009e-02,-1.924157e+06,-1.665682e+06,2.169225e+06,4.242237e-03,3.440106e-03,-4.643161e-03,4.071546e-18,613,50711
0.000000e+00,-1.344884e-07,3.008051e-08,1.551468e-07,0.000000e+00,0.000000e+00,0.000000e+00,1.576219e+08,-3.496265e+07,-1.608098e+08,8.130123e-18,614,0
3.831818e-10,-2.456322e-03,5.447297e-04,2.501198e-03,-6.410343e+06,1.421597e+06,6.527379e+06,6.931296e-01,-1.519785e-01,-6.445834e-01,8.130123e-18,614,1686
3.830227e-09,-2.455319e-02,5.445067e-03,2.500148e-02,-6.410385e+06,1.421607e+06,6.527418e+06,6.845251e-03,-1.508611e-03,-6.518218e-03,8.130123e-18,614,16853
0.000000e+00,8.423126e-08,8.610055e-08,4.832920e-07,0.000000e+00,0.000000e+00,0.000000e+00,-1.157774e+07,-1.036149e+07,-4.361481e+07,3.726492e-18,615,0
9.184091e-10,7.126499e-04,6.173846e-04,2.500307e-03,7.765156e+05,6.727029e+05,2.723935e+06,-4.837337e-01,-4.252896e-01,-1.497635e+00,3.726492e-18,615,4041
9.177955e-09,7.126795e-03,6.174026e-03,2.500025e-02,7.765857e+05,6.727646e+05,2.724152e+06,-4.493849e-03,-3.793501e-03,-1.569679e-02,3.726492e-18,615,40383
0.000000e+00,1.428210e-07,-7.073088e-08,2.679068e-07,0.000000e+00,0.000000e+00,0.000000e+00,-5.234508e+07,2.510672e+07,-8.242609e+07,5.619063e-18,616,0
6.615909e-10,1.624501e-03,-7.772665e-04,2.500233e-03,2.455959e+06,-1.175081e+06,3.779719e+06,-7.501878e-01,3.534731e-01,-1.037243e+00,5.619063e-18,616,2911
6.614318e-09,1.624454e-02,-7.772382e-03,2.500040e-02,2.456037e+06,-1.175117e+06,3.779828e+06,-7.276997e-03,3.419849e-03,-1.059584e-02,5.619063e-18,616,29103
0.000000e+00,2.068985e-07,-2.767858e-08,2.768053e-07,0.000000e+00,0.000000e+00,0.000000e+00,-6.078972e+07,5.302171e+06,-6.154287e+07,5.069392e-18,617,0
8.629545e-10,2.592593e-03,-1.901615e-04,2.500053e-03,3.005036e+06,-2.203662e+05,2.897511e+06,-7.378553e-01,3.302631e-02,-5.756923e-01,5.069392e-18,617,3797
8.628182e-09,2.592803e-02,-1.901384e-03,2.500039e-02,3.005137e+06,-2.203707e+05,2.897590e+06,-6.902041e-03,4.700396e-04,-6.016033e-03,5.069392e-18,617,37964
0.000000e+00,7.972594e-08,1.319414e-07,3.837965e-07,0.000000e+00,0.000000e+00,0.000000e+00,-2.349787e+07,-2.491882e+07,-5.964250e+07,4.403779e-18,618,0
7.879545e-10,1.022336e-03,1.116974e-03,2.500435e-03,1.297998e+06,1.418139e+06,3.174253e+06,-5.462482e-01,-6.278938e-01,-1.187676e+00,4.403779e-18,618,3467
7.875909e-09,1.022289e-02,1.116914e-02,2.500026e-02,1.298066e+06,1.418217e+06,3.174401e+06,-5.169890e-03,-6.010436e-03,-1.235839e-02,4.403779e-18,618,34654
0.000000e+00,-1.029587e-07,4.317633e-08,3.957093e-07,0.000000e+00,0.000000e+00,0.000000e+00,1.789142e+07,-8.038614e+06,-5.623274e+07,4.442778e-18,619,0
7.734091e-10,-9.123815e-04,3.881451e-04,2.500087e-03,-1.180326e+06,5.021259e+05,3.233894e+06,6.435048e-01,-2.690458e-01,-1.570883e+00,4.442778e-18,619,3403
7.730682e-09,-9.124686e-03,3.881761e-03,2.500028e-02,-1.180405e+06,5.021588e+05,3.234086e+06,6.248938e-03,-2.624286e-03,-1.616817e-02,4.442778e-18,619,34015
0.000000e+00,1.324310e-07,-4.770611e-08,4.250888e-07,0.000000e+00,0.000000e+00,0.000000e+00,-2.633967e+07,5.364803e+06,-4.693907e+07,4.105668e-18,620,0
9.190909e-10,1.475739e-03,-3.299404e-04,2.500371e-03,1.606571e+06,-3.591953e+05,2.721569e+06,-7.755222e-01,1.870320e-01,-1.112130e+00,4.105668e-18,620,4044
9.185909e-09,1.475774e-02,-3.299528e-03,2.500019e-02,1.606683e+06,-3.592224e+05,2.721731e+06,-7.269048e-03,1.550788e-03,-1.181454e-02,4.105668e-18,620,40418
0.000000e+00,-2.322219e-07,1.284444e-07,3.943156e-07,0.000000e+00,0.000000e+00,0.000000e+00,3.505840e+07,-2.102749e+07,-3.509077e+07,3.790098e-18,621,0
1.274091e-09,-2.687860e-03,1.697722e-03,2.500215e-03,-2.110416e+06,1.333047e+06,1.962714e+06,4.934479e-01,-3.262538e-01,-3.216551e-01,3.790098e-18,621,5606
1.273750e-08,-2.688136e-02,1.697961e-02,2.500022e-02,-2.110515e+06,1.333112e+06,1.962779e+06,3.912321e-03,-2.659329e-03,-3.889717e-03,3.790098e-18,621,56045
0.000000e+00,1.126726e-07,-1.565889e-07,6.039031e-07,0.000000e+00,0.000000e+00,0.000000e+00,-1.576138e+07,1.407350e+07,-3.260349e+07,2.937400e-18,622,0
1.095682e-09,1.021340e-03,-1.107789e-03,2.500184e-03,9.327490e+05,-1.011715e+06,2.282824e+06,-4.569343e-01,5.026521e-01,-9.120242e-01,2.937400e-18,622,4821
1.095136e-08,1.021486e-02,-1.107964e-02,2.500026e-02,9.328279e+05,-1.011802e+06,2.282982e+06,-3.633193e-03,4.227403e-03,-1.045569e-02,2.937400e-18,622,48186
0.000000e+00,-1.019029e-07,-4.250972e-08,5.807701e-07,0.000000e+00,0.000000e+00,0.000000e+00,1.116344e+07,3.079655e+06,-3.747612e+07,3.205041e-18,623,0
9.811364e-10,-7.567193e-04,-2.017557e-04,2.500445e-03,-7.717910e+05,-2.057596e+05,2.549830e+06,4.496285e-01,1.188185e-01,-1.304498e+00,3.205041e-18,623,4317
9.804545e-09,-7.567055e-03,-2.017391e-03,2.500011e-02,-7.718605e+05,-2.057780e+05,2.550032e+06,3.980427e-03,1.041487e-03,-1.466627e-02,3.205041e-18,623,43140
0.000000e+00,7.174321e-09,1.283064e-07,1.417268e-07,0.000000e+00,0.000000e+00,0.000000e+00,-1.125654e+07,-2.012825e+08,-1.808289e+08,8.775942e-18,624,0
3.429545e-10,1.559241e-04,2.786916e-03,2.500719e-03,4.546464e+05,8.126130e+06,7.291526e+06,-3.791975e-02,-6.589312e-01,-5.339034e-01,8.775942e-18,624,1509
3.428636e-09,1.558823e-03,2.786166e-02,2.500012e-02,4.546484e+05,8.126165e+06,7.291555e+06,-3.625721e-04,-6.492965e-03,-5.431375e-03,8.775942e-18,624,15086
0.000000e+00,4.795801e-08,-1.931307e-07,3.806235e-07,0.000000e+00,0.000000e+00,0.000000e+00,-1.093231e+07,3.379687e+07,-4.619691e+07,4.217887e-18,625,0
9.361364e-10,6.327985e-04,-1.788695e-03,2.500193e-03,6.763018e+05,-1.911583e+06,2.671641e+06,-2.727669e-01,7.615742e-01,-8.923441e-01,4.217887e-18,625,4119
9.357727e-09,6.328617e-03,-1.788805e-02,2.500058e-02,6.763421e+05,-1.911695e+06,2.671774e+06,-2.361989e-03,7.028853e-03,-9.467192e-03,4.217887e-18,625,41174
0.000000e+00,6.929957e-08,-7.946907e-08,1.787344e-07,0.000000e+00,0.000000e+00,0.000000e+00,-8.141713e+07,9.307275e+07,-1.897102e+08,8.153360e-18,626,0
3.243182e-10,1.074756e-03,-1.228752e-03,2.500190e-03,3.313905e+06,-3.788739e+06,7.709001e+06,-5.158699e-01,5.932227e-01,-1.120525e+00,8.153360e-18,626,1427
3.242955e-09,1.074690e-02,-1.228678e-02,2.500010e-02,3.313932e+06,-3.788769e+06,7.709058e+06,-5.122844e-03,5.941811e-03,-1.125585e-02,8.153360e-18,626,14269
0.000000e+00,-1.547494e-07,1.099956e-08,4.155410e-07,0.000000e+00,0.000000e+00,0.000000e+00,2.514567e+07,-3.785881e+06,-4.775906e+07,4.148604e-18,627,0
8.813636e-10,-1.387455e-03,1.658032e-04,2.500603e-03,-1.575116e+06,1.882235e+05,2.838430e+06,8.115099e-01,-9.629176e-02,-1.263536e+00,4.148604e-18,627,3878
8.807727e-09,-1.387314e-02,1.657819e-03,2.500018e-02,-1.575229e+06,1.882369e+05,2.838606e+06,7.753257e-03,-8.759357e-04,-1.307205e-02,4.148604e-18,627,38754
0.000000e+00,1.343738e-07,4.055138e-08,3.823438e-07,0.000000e+00,0.000000e+00,0.000000e+00,-2.574940e+07,-5.937289e+06,-5.488940e+07,4.459582e-18,628,0
8.052273e-10,1.269658e-03,2.646116e-04,2.500416e-03,1.577566e+06,3.287572e+05,3.106378e+06,-7.861324e-01,-1.576175e-01,-1.325205e+00,4.459582e-18,628,3543
8.047955e-09,1.269614e-02,2.645830e-03,2.500008e-02,1.577666e+06,3.287772e+05,3.106547e+06,-7.222413e-03,-1.595523e-03,-1.373557e-02,4.459582e-18,628,35411
0.000000e+00,-1.795385e-07,-5.899077e-08,5.790764e-07,0.000000e+00,0.000000e+00,0.000000e+00,1.957526e+07,7.218619e+06,-3.840965e+07,3.068738e-18,629,0
9.850000e-10,-1.346239e-03,-5.185446e-04,2.500182e-03,-1.367612e+06,-5.268118e+05,2.539357e+06,7.150817e-01,2.920657e-01,-1.128079e+00,3.068738e-18,629,4334
9.845000e-09,-1.346410e-02,-5.186430e-03,2.500017e-02,-1.367724e+06,-5.268572e+05,2.539533e+06,6.117430e-03,2.154108e-03,-1.213869e-02,3.068738e-18,629,43318
0.000000e+00,-1.090034e-07,-2.020613e-07,2.853942e-07,0.000000e+00,0.000000e+00,0.000000e+00,2.669856e+07,5.102000e+07,-4.905932e+07,4.801851e-18,630,0
1.029545e-09,-1.425502e-03,-2.725265e-03,2.500278e-03,-1.384968e+06,-2.647752e+06,2.428935e+06,3.050221e-01,5.652171e-01,-4.305034e-01,4.801851e-18,630,4530
1.029273e-08,-1.425509e-02,-2.725258e-02,2.500048e-02,-1.385017e+06,-2.647844e+06,2.429005e+06,2.649770e-03,4.928246e-03,-4.603984e-03,4.801851e-18,630,45288
0.000000e+00,-2.366723e-07,-1.012728e-07,4.997460e-07,0.000000e+00,0.000000e+00,0.000000e+00,3.352090e+07,1.087079e+07,-3.402288e+07,3.269963e-18,631,0
1.197955e-09,-2.403097e-03,-8.755660e-04,2.500303e-03,-2.006940e+06,-7.312519e+05,2.087640e+06,6.508726e-01,2.478594e-01,-4.698882e-01,3.269963e-18,631,5271
1.197523e-08,-2.403354e-02,-8.756885e-03,2.500016e-02,-2.007063e+06,-7.312986e+05,2.087729e+06,5.277127e-03,1.951009e-03,-5.753462e-03,3.269963e-18,631,52691
0.000000e+00,-5.139024e-08,-1.966469e-08,6.741496e-07,0.000000e+00,0.000000e+00,0.000000e+00,-4.117948e+05,5.792351e+06,-3.952485e+07,2.790056e-18,632,0
9.175000e-10,-6.013905e-05,-2.983572e-04,2.500459e-03,-6.555135e+04,-3.254112e+05,2.726710e+06,2.760425e-02,1.970271e-01,-1.584996e+00,2.790056e-18,632,4037
9.168636e-09,-6.010395e-04,-2.983565e-03,2.500049e-02,-6.555533e+04,-3.254398e+05,2.726940e+06,2.797061e-04,1.909034e-03,-1.708104e-02,2.790056e-18,632,40342
0.000000e+00,7.652972e-08,-4.040610e-09,5.739402e-07,0.000000e+00,0.000000e+00,0.000000e+00,-1.311286e+07,-4.191988e+06,-3.876544e+07,3.267962e-18,633,0
9.634091e-10,8.489799e-04,2.898658e-04,2.500249e-03,8.819262e+05,3.010534e+05,2.596590e+06,-5.638014e-01,-1.168648e-01,-1.379233e+00,3.267962e-18,633,4239
9.627955e-09,8.491085e-03,2.898484e-03,2.500002e-02,8.820119e+05,3.010711e+05,2.596800e+06,-4.928402e-03,-1.196829e-03,-1.485814e-02,3.267962e-18,633,42363
0.000000e+00,-1.395934e-07,1.537112e-07,4.048846e-07,0.000000e+00,0.000000e+00,0.000000e+00,2.325844e+07,-2.541607e+07,-4.141133e+07,4.003673e-18,634,0
1.081136e-09,-1.580477e-03,1.714075e-03,2.500301e-03,-1.462544e+06,1.586178e+06,2.313305e+06,4.864450e-01,-5.299567e-01,-6.090742e-01,4.003673e-18,634,4757
1.080705e-08,-1.580572e-02,1.714183e-02,2.500013e-02,-1.462627e+06,1.586269e+06,2.313410e+06,4.155572e-03,-4.528816e-03,-6.893199e-03,4.003673e-18,634,47551
0.000000e+00,-9.097798e-08,2.896844e-08,6.258227e-07,0.000000e+00,0.000000e+00,0.000000e+00,7.883094e+06,-5.498495e+06,-3.607726e+07,2.984574e-18,635,0
9.888636e-10,-5.500566e-04,3.375856e-04,2.500161e-03,-5.566228e+05,3.416272e+05,2.529665e+06,3.211435e-01,-1.900947e-01,-1.356407e+00,2.984574e-18,635,4351
9.882727e-09,-5.500953e-03,3.376190e-03,2.500022e-02,-5.566729e+05,3.416569e+05,2.529878e+06,2.546958e-03,-1.921810e-03,-1.526333e-02,2.984574e-18,635,43484
0.000000e+00,1.416012e-07,1.384066e-07,2.517427e-07,0.000000e+00,0.000000e+00,0.000000e+00,-5.327498e+07,-5.211677e+07,-7.308213e+07,5.441907e-18,636,0
7.659091e-10,1.877378e-03,1.829878e-03,2.500250e-03,2.451587e+06,2.389545e+06,3.264736e+06,-5.286896e-01,-5.052221e-01,-5.692720e-01,5.441907e-18,636,3370
7.657727e-09,1.877363e-02,1.829854e-02,2.500061e-02,2.451650e+06,2.389606e+06,3.264805e+06,-4.912634e-03,-4.909159e-03,-5.953180e-03,5.441907e-18,636,33694
0.000000e+00,-8.386959e-09,-3.126228e-09,6.115560e-07,0.000000e+00,0.000000e+00,0.000000e+00,-1.047038e+06,-2.417022e+06,-3.705443e+07,3.105122e-18,637,0
9.688636e-10,-3.179171e-07,1.327623e-04,2.500091e-03,-3.869338e+02,1.371239e+05,2.581915e+06,3.734802e-02,-6.609423e-02,-1.487066e+00,3.105122e-18,637,4263
9.682727e-09,-3.730767e-06,1.327714e-03,2.500019e-02,-3.926167e+02,1.371340e+05,2.582144e+06,1.254587e-04,-7.373466e-04,-1.665254e-02,3.105122e-18,637,42604
0.000000e+00,-2.452060e-07,5.094675e-08,4.150917e-07,0.000000e+00,0.000000e+00,0.000000e+00,3.830027e+07,-5.666301e+06,-3.542776e+07,3.744705e-18,638,0
1.275682e-09,-3.021986e-03,4.603497e-04,2.500262e-03,-2.369909e+06,3.610019e+05,1.960308e+06,6.048828e-01,-8.840272e-02,-3.386436e-01,3.744705e-18,638,5613
1.275318e-08,-3.022377e-02,4.603918e-03,2.500034e-02,-2.370030e+06,3.610196e+05,1.960376e+06,4.876330e-03,-8.649361e-04,-4.157210e-03,3.744705e-18,638,56114
0.000000e+00,2.310626e-07,9.093694e-10,2.577882e-07,0.000000e+00,0.000000e+00,0.000000e+00,-6.351790e+07,-3.562933e+06,-5.034673e+07,5.048760e-18,639,0
1.027500e-09,3.248280e-03,1.883613e-04,2.500152e-03,3.162048e+06,1.833836e+05,2.433564e+06,-5.960048e-01,-4.207075e-02,-3.598816e-01,5.048760e-18,639,4521
1.027295e-08,3.248359e-02,1.883878e-03,2.500001e-02,3.162145e+06,1.833904e+05,2.433623e+06,-5.301040e-03,-3.441914e-04,-3.891849e-03,5.048760e-18,639,45201
0.000000e+00,-1.143009e-07,2.093675e-07,4.665043e-07,0.000000e+00,0.000000e+00,0.000000e+00,1.418003e+07,-2.684078e+07,-3.621227e+07,3.492823e-18,640,0
1.173182e-09,-1.058614e-03,2.078213e-03,2.500251e-03,-9.027923e+05,1.772375e+06,2.131816e+06,3.089210e-01,-6.330451e-01,-5.755482e-01,3.492823e-18,640,5162
1.172705e-08,-1.058706e-02,2.078464e-02,2.500008e-02,-9.028494e+05,1.772492e+06,2.131923e+06,2.698963e-03,-5.328606e-03,-6.696765e-03,3.492823e-18,640,51599
0.000000e+00,1.412220e-07,2.252161e-08,5.048877e-07,0.000000e+00,0.000000e+00,0.000000e+00,-1.885612e+07,-3.207059e+06,-3.958227e+07,3.542412e-18,641,0
1.020455e-09,1.281473e-03,1.899588e-04,2.500047e-03,1.256630e+06,1.862505e+05,2.451094e+06,-6.627829e-01,-9.178533e-02,-1.090919e+00,3.542412e-18,641,4490
1.019955e-08,1.281700e-02,1.899681e-03,2.500020e-02,1.256736e+06,1.862653e+05,2.451270e+06,-5.572473e-03,-5.564210e-04,-1.212778e-02,3.542412e-18,641,44878
0.000000e+00,-2.430733e-08,-1.309701e-07,6.143377e-07,0.000000e+00,0.000000e+00,0.000000e+00,2.840089e+06,1.572130e+07,-3.376309e+07,2.994604e-18,642,0
1.068409e-09,-2.357279e-04,-1.169765e-03,2.500225e-03,-2.208605e+05,-1.095583e+06,2.341254e+06,1.891032e-01,5.340875e-01,-1.079155e+00,2.994604e-18,642,4701
1.067795e-08,-2.358350e-03,-1.169853e-02,2.500006e-02,-2.208924e+05,-1.095673e+06,2.341437e+06,1.950767e-03,4.592968e-03,-1.252198e-02,2.994604e-18,642,46983
0.000000e+00,2.369867e-07,-1.646441e-07,3.810584e-07,0.000000e+00,0.000000e+00,0.000000e+00,-3.320015e+07,2.343469e+07,-3.237536e+07,3.735878e-18,643,0
1.405682e-09,2.893319e-03,-2.049565e-03,2.500071e-03,2.059081e+06,-1.458607e+06,1.778814e+06,-4.337244e-01,3.045936e-01,-2.311973e-01,3.735878e-18,643,6185
1.405432e-08,2.893890e-02,-2.049966e-02,2.500018e-02,2.059177e+06,-1.458675e+06,1.778866e+06,-3.573335e-03,2.492626e-03,-3.064975e-03,3.735878e-18,643,61839
0.000000e+00,1.300669e-08,-6.607692e-08,6.424188e-07,0.000000e+00,0.000000e+00,0.000000e+00,-6.660626e+06,-9.531159e+05,-3.769117e+07,2.933126e-18,644,0
9.090909e-10,3.930928e-04,-6.095152e-04,2.500614e-03,4.327843e+05,-6.710228e+05,2.752038e+06,-3.105525e-01,3.994917e-01,-1.490779e+00,2.933126e-18,644,4000
9.084318e-09,3.931504e-03,-6.095667e-03,2.500060e-02,4.328289e+05,-6.710801e+05,2.752253e+06,-2.200163e-03,3.753477e-03,-1.616772e-02,2.933126e-18,644,39971
0.000000e+00,-2.287949e-07,-2.560415e-08,3.793383e-07,0.000000e+00,0.000000e+00,0.000000e+00,4.100655e+07,5.577054e+06,-4.030879e+07,4.062798e-18,645,0
1.137727e-09,-2.781977e-03,-3.824064e-04,2.500271e-03,-2.446186e+06,-3.362396e+05,2.198073e+06,6.773529e-01,8.281628e-02,-4.457418e-01,4.062798e-18,645,5006
1.137364e-08,-2.782195e-02,-3.824250e-03,2.500022e-02,-2.446308e+06,-3.362544e+05,2.198153e+06,5.669216e-03,7.137924e-04,-4.990966e-03,4.062798e-18,645,50044
0.000000e+00,-1.697361e-08,1.997102e-07,5.593192e-07,0.000000e+00,0.000000e+00,0.000000e+00,1.929210e+05,-1.891713e+07,-3.649390e+07,3.135068e-18,646,0
1.062273e-09,-1.658807e-05,1.496839e-03,2.500223e-03,-1.562459e+04,1.410122e+06,2.354573e+06,1.807724e-02,-7.733243e-01,-8.843677e-01,3.135068e-18,646,4674
1.061773e-08,-1.659122e-04,1.497222e-02,2.500041e-02,-1.562764e+04,1.410251e+06,2.354722e+06,2.808499e-05,-5.906251e-03,-1.048881e-02,3.135068e-18,646,46718
0.000000e+00,2.878901e-08,1.138882e-07,3.574362e-07,0.000000e+00,0.000000e+00,0.000000e+00,-4.587694e+06,-3.177568e+07,-6.196876e+07,4.804208e-18,647,0
7.540909e-10,1.655951e-04,1.361611e-03,2.500047e-03,2.196578e+05,1.806410e+06,3.316321e+06,-9.123073e-02,-8.100515e-01,-1.286834e+00,4.804208e-18,647,3318
7.538636e-09,1.655935e-03,1.361782e-02,2.500064e-02,2.196687e+05,1.806507e+06,3.316475e+06,-9.301940e-04,-7.711815e-03,-1.327292e-02,4.804208e-18,647,33170
0.000000e+00,-2.860882e-08,-2.058667e-07,4.141319e-07,0.000000e+00,0.000000e+00,0.000000e+00,-6.531851e+06,3.001720e+07,-5.676444e+07,3.956968e-18,648,0
8.118182e-10,2.586051e-04,-1.423093e-03,2.500136e-03,3.187668e+05,-1.753695e+06,3.080667e+06,-1.639253e-01,7.980051e-01,-1.242597e+00,3.956968e-18,648,3572
8.115227e-09,2.586817e-03,-1.423166e-02,2.500047e-02,3.187878e+05,-1.753797e+06,3.080827e+06,-1.579061e-03,7.637015e-03,-1.284774e-02,3.956968e-18,648,35707
0.000000e+00,-1.201236e-07,-1.794179e-07,3.719735e-07,0.000000e+00,0.000000e+00,0.000000e+00,2.195459e+07,3.311082e+07,-4.222663e+07,4.203136e-18,649,0
1.135909e-09,-1.496807e-03,-2.143379e-03,2.500469e-03,-1.318242e+06,-1.887702e+06,2.201801e+06,3.709738e-01,5.509430e-01,-4.857408e-01,4.203136e-18,649,4998
1.135432e-08,-1.496771e-02,-2.143352e-02,2.500011e-02,-1.318309e+06,-1.887800e+06,2.201889e+06,3.380319e-03,4.760403e-03,-5.642990e-03,4.203136e-18,649,49959
0.000000e+00,-9.041604e-08,-4.009423e-08,4.013132e-07,0.000000e+00,0.000000e+00,0.000000e+00,2.015760e+07,5.486388e+06,-5.570746e+07,4.433514e-18,650,0
7.818182e-10,-9.313077e-04,-2.922236e-04,2.500128e-03,-1.191860e+06,-3.739621e+05,3.199206e+06,6.555857e-01,1.926821e-01,-1.587453e+00,4.433514e-18,650,3440
7.814545e-09,-9.313806e-03,-2.922335e-03,2.500041e-02,-1.191941e+06,-3.739859e+05,3.199402e+06,6.303626e-03,1.778528e-03,-1.621632e-02,4.433514e-18,650,34384
0.000000e+00,-1.297213e-07,-2.146411e-07,4.444115e-07,0.000000e+00,0.000000e+00,0.000000e+00,1.691035e+07,2.955801e+07,-3.713541e+07,3.571645e-18,651,0
1.141591e-09,-1.137670e-03,-2.101990e-03,2.500214e-03,-9.970183e+05,-1.842164e+06,2.190722e+06,3.329941e-01,6.275442e-01,-5.645185e-01,3.571645e-18,651,5023
1.141182e-08,-1.137778e-02,-2.102240e-02,2.500029e-02,-9.970781e+05,-1.842277e+06,2.190824e+06,2.881184e-03,5.296776e-03,-6.562092e-03,3.571645e-18,651,50212
0.000000e+00,-1.399838e-07,-2.061013e-07,3.717777e-07,0.000000e+00,0.000000e+00,0.000000e+00,2.607068e+07,3.651908e+07,-3.783323e+07,4.018966e-18,652,0
1.256136e-09,-1.913547e-03,-2.673761e-03,2.500247e-03,-1.523902e+06,-2.129302e+06,1.990733e+06,3.369907e-01,4.683363e-01,-3.001182e-01,4.018966e-18,652,5527
1.255818e-08,-1.913738e-02,-2.674010e-02,2.500016e-02,-1.523969e+06,-2.129395e+06,1.990793e+06,2.803029e-03,3.917859e-03,-3.626035e-03,4.018966e-18,652,55256
0.000000e+00,1.816395e-07,1.757448e-08,3.845179e-07,0.000000e+00,0.000000e+00,0.000000e+00,-3.368120e+07,-3.181639e+06,-5.161353e+07,4.256561e-18,653,0
8.840909e-10,1.762600e-03,1.579629e-04,2.500437e-03,1.994567e+06,1.787452e+05,2.829113e+06,-8.120216e-01,-7.147763e-02,-9.564668e-01,4.256561e-18,653,3890
8.836818e-09,1.762560e-02,1.579540e-03,2.500048e-02,1.994681e+06,1.787552e+05,2.829247e+06,-7.571083e-03,-7.779925e-04,-1.009912e-02,4.256561e-18,653,38882
0.000000e+00,-2.000668e-08,-1.446166e-07,3.429465e-07,0.000000e+00,0.000000e+00,0.000000e+00,4.299737e+06,3.250342e+07,-6.102403e+07,4.817922e-18,654,0
7.597727e-10,-2.246793e-04,-1.377900e-03,2.500585e-03,-2.958799e+05,-1.814311e+06,3.292286e+06,1.582122e-01,8.103167e-01,-1.297774e+00,4.817922e-18,654,3343
7.593636e-09,-2.246789e-03,-1.377720e-02,2.500050e-02,-2.958989e+05,-1.814408e+06,3.292442e+06,1.292219e-03,7.773138e-03,-1.340043e-02,4.817922e-18,654,33412
0.000000e+00,6.599105e-08,1.602872e-07,3.553329e-07,0.000000e+00,0.000000e+00,0.000000e+00,-1.318298e+07,-3.723259e+07,-5.181934e+07,4.555659e-18,655,0
9.040909e-10,6.936979e-04,1.921499e-03,2.500022e-03,7.675876e+05,2.126205e+06,2.765988e+06,-2.680035e-01,-7.596810e-01,-8.286784e-01,4.555659e-18,655,3978
9.038409e-09,6.937757e-03,1.921746e-02,2.500025e-02,7.676258e+05,2.126313e+06,2.766107e+06,-2.535204e-03,-7.172948e-03,-8.720294e-03,4.555659e-18,655,39769
0.000000e+00,4.074235e-08,-1.965789e-07,5.577419e-07,0.000000e+00,0.000000e+00,0.000000e+00,-3.386700e+06,2.058005e+07,-3.103700e+07,3.136600e-18,656,0
1.240000e-09,2.681611e-04,-1.809116e-03,2.500106e-03,2.163894e+05,-1.459986e+06,2.017111e+06,-8.972054e-02,6.520096e-01,-7.168893e-01,3.136600e-18,656,5456
1.239409e-08,2.681950e-03,-1.809511e-02,2.500044e-02,2.164069e+05,-1.460113e+06,2.017252e+06,-8.599852e-04,6.085686e-03,-8.436959e-03,3.136600e-18,656,54534
0.000000e+00,1.057408e-09,-1.073608e-07,1.813339e-07,0.000000e+00,0.000000e+00,0.000000e+00,-1.343700e+06,1.229253e+08,-1.838017e+08,8.042048e-18,657,0
3.345455e-10,1.840909e-05,-1.676184e-03,2.501528e-03,5.502906e+04,-5.010367e+06,7.477343e+06,-1.081892e-02,7.885476e-01,-1.089607e+00,8.042048e-18,657,1472
3.343636e-09,1.839980e-04,-1.675294e-02,2.500167e-02,5.502963e+04,-5.010409e+06,7.477400e+06,-1.443312e-04,7.842165e-03,-1.099605e-02,8.042048e-18,657,14712
0.000000e+00,1.583516e-07,-1.829064e-07,4.455999e-07,0.000000e+00,0.000000e+00,0.000000e+00,-2.137740e+07,2.332771e+07,-3.616993e+07,3.607893e-18,658,0
1.178409e-09,1.547475e-03,-1.846065e-03,2.500347e-03,1.313845e+06,-1.567348e+06,2.122415e+06,-4.515826e-01,5.114842e-01,-5.420935e-01,3.607893e-18,658,5185
1.177909e-08,1.547586e-02,-1.846186e-02,2.500027e-02,1.313929e+06,-1.567443e+06,2.122516e+06,-3.772378e-03,4.277263e-03,-6.312353e-03,3.607893e-18,658,51828
0.000000e+00,-6.728173e-08,4.300208e-08,4.415724e-07,0.000000e+00,0.000000e+00,0.000000e+00,9.747050e+06,-6.303797e+06,-4.964216e+07,4.125478e-18,659,0
8.215909e-10,-4.766099e-04,3.505760e-04,2.500000e-03,-5.804822e+05,4.269998e+05,3.044578e+06,3.871537e-01,-2.864740e-01,-1.822691e+00,4.125478e-18,659,3615
8.211364e-09,-4.766548e-03,3.506235e-03,2.500019e-02,-5.805324e+05,4.270370e+05,3.044815e+06,3.623115e-03,-2.705397e-03,-1.871617e-02,4.125478e-18,659,36130
0.000000e+00,-9.350230e-08,-4.531881e-08,4.639287e-07,0.000000e+00,0.000000e+00,0.000000e+00,1.937029e+07,1.341231e+07,-3.998318e+07,3.933822e-18,660,0
1.061136e-09,-1.254342e-03,-8.325899e-04,2.500339e-03,-1.182817e+06,-7.851671e+05,2.357278e+06,5.495301e-01,4.041989e-01,-9.120164e-01,3.933822e-18,660,4669
1.060545e-08,-1.254425e-02,-8.327009e-03,2.500015e-02,-1.182909e+06,-7.852347e+05,2.357431e+06,4.396192e-03,3.175926e-03,-1.059428e-02,3.933822e-18,660,46664
0.000000e+00,1.363868e-07,8.910269e-08,3.747854e-07,0.000000e+00,0.000000e+00,0.000000e+00,-2.566077e+07,-1.822636e+07,-5.236876e+07,4.433320e-18,661,0
8.638636e-10,1.248659e-03,9.146939e-04,2.500059e-03,1.446069e+06,1.059332e+06,2.895085e+06,-6.155142e-01,-4.628065e-01,-1.129434e+00,4.433320e-18,661,3801
8.635455e-09,1.248745e-02,9.147797e-03,2.500047e-02,1.446153e+06,1.059395e+06,2.895240e+06,-5.833374e-03,-4.271034e-03,-1.181357e-02,4.433320e-18,661,37996
0.000000e+00,1.726665e-07,-4.170447e-08,4.979573e-07,0.000000e+00,0.000000e+00,0.000000e+00,-2.269639e+07,2.468674e+06,-3.781241e+07,3.503197e-18,662,0
1.111136e-09,1.707401e-03,-1.318530e-04,2.500182e-03,1.537658e+06,-1.187701e+05,2.250964e+06,-7.320994e-01,9.470109e-02,-7.812250e-01,3.503197e-18,662,4889
1.110636e-08,1.707770e-02,-1.319125e-03,2.500022e-02,1.537786e+06,-1.187867e+05,2.251102e+06,-5.759984e-03,6.369110e-04,-9.419677e-03,3.503197e-18,662,48868
0.000000e+00,-2.207600e-07,-1.192398e-07,4.259725e-07,0.000000e+00,0.000000e+00,0.000000e+00,3.053824e+07,1.686348e+07,-3.520802e+07,3.673875e-18,663,0
1.250682e-09,-2.413495e-03,-1.378209e-03,2.500380e-03,-1.930646e+06,-1.102479e+06,1.999679e+06,5.685312e-01,3.172764e-01,-4.072462e-01,3.673875e-18,663,5503
1.250205e-08,-2.413694e-02,-1.378318e-02,2.500025e-02,-1.930758e+06,-1.102541e+06,1.999760e+06,4.549324e-03,2.758206e-03,-4.923268e-03,3.673875e-18,663,55009
0.000000e+00,-7.816567e-08,-2.633478e-07,3.701438e-07,0.000000e+00,0.000000e+00,0.000000e+00,1.163878e+07,4.449290e+07,-3.903915e+07,3.885334e-18,664,0
1.204545e-09,-7.783096e-04,-3.025727e-03,2.500338e-03,-6.463455e+05,-2.512759e+06,2.076115e+06,1.464354e-01,5.736269e-01,-3.516315e-01,3.885334e-18,664,5300
1.204182e-08,-7.783181e-03,-3.025816e-02,2.500036e-02,-6.463732e+05,-2.512868e+06,2.076182e+06,1.190392e-03,4.893097e-03,-4.091016e-03,3.885334e-18,664,52984
0.000000e+00,-2.112168e-07,1.633835e-08,5.568197e-07,0.000000e+00,0.000000e+00,0.000000e+00,2.143904e+07,-5.111836e+06,-3.730458e+07,3.120645e-18,665,0
9.906818e-10,-1.487377e-03,3.063350e-04,2.500448e-03,-1.502285e+06,3.093562e+05,2.525077e+06,7.727034e-01,-1.198206e-01,-1.058044e+00,3.120645e-18,665,4359
9.900682e-09,-1.487363e-02,3.062837e-03,2.500010e-02,-1.502406e+06,3.093749e+05,2.525243e+06,6.221220e-03,-1.028371e-03,-1.170533e-02,3.120645e-18,665,43563
0.000000e+00,-3.237789e-08,-1.666608e-07,6.340115e-07,0.000000e+00,0.000000e+00,0.000000e+00,3.821130e+06,1.780183e+07,-3.376017e+07,2.839017e-18,666,0
1.065227e-09,-3.127047e-04,-1.350820e-03,2.500437e-03,-2.938375e+05,-1.269019e+06,2.348339e+06,2.037479e-01,6.946867e-01,-9.970404e-01,2.839017e-18,666,4687
1.064591e-08,-3.128140e-03,-1.350981e-02,2.500046e-02,-2.938717e+05,-1.269136e+06,2.348508e+06,1.550854e-03,5.956782e-03,-1.143630e-02,2.839017e-18,666,46842
0.000000e+00,1.530960e-07,1.314202e-07,2.441033e-07,0.000000e+00,0.000000e+00,0.000000e+00,-6.315233e+07,-4.640204e+07,-6.620530e+07,5.487014e-18,667,0
8.443182e-10,2.444534e-03,1.811217e-03,2.500383e-03,2.895733e+06,2.145522e+06,2.961670e+06,-5.102433e-01,-3.942147e-01,-4.238149e-01,5.487014e-18,667,3715
8.441136e-09,2.444332e-02,1.811069e-02,2.500001e-02,2.895801e+06,2.145575e+06,2.961727e+06,-4.901243e-03,-3.712648e-03,-4.442172e-03,5.487014e-18,667,37141
0.000000e+00,5.960958e-08,-8.404013e-08,2.469117e-07,0.000000e+00,0.000000e+00,0.000000e+00,-3.230351e+07,5.189272e+07,-1.190640e+08,6.479868e-18,668,0
4.881818e-10,6.849595e-04,-1.101398e-03,2.500871e-03,1.403244e+06,-2.256418e+06,5.123278e+06,-4.093918e-01,6.775579e-01,-1.388724e+00,6.479868e-18,668,2148
4.879773e-09,6.847549e-03,-1.101085e-02,2.500060e-02,1.403276e+06,-2.256470e+06,5.123385e+06,-4.040940e-03,6.612941e-03,-1.400108e-02,6.479868e-18,668,21471
0.000000e+00,2.109937e-07,3.693149e-08,2.173842e-07,0.000000e+00,0.000000e+00,0.000000e+00,-8.488027e+07,-1.683260e+07,-6.759603e+07,5.643343e-18,669,0
8.400000e-10,3.209526e-03,6.386960e-04,2.500079e-03,3.821348e+06,7.604587e+05,2.976497e+06,-5.892021e-01,-1.207520e-01,-3.763684e-01,5.643343e-18,669,3696
8.399091e-09,3.209593e-02,6.387173e-03,2.500000e-02,3.821426e+06,7.604747e+05,2.976547e+06,-5.634195e-03,-1.143151e-03,-3.879434e-03,5.643343e-18,669,36956
0.000000e+00,2.560124e-08,7.850534e-08,2.203282e-07,0.000000e+00,0.000000e+00,0.000000e+00,-2.630131e+07,-7.404429e+07,-1.586919e+08,7.314525e-18,670,0
3.809091e-10,4.166010e-04,1.172759e-03,2.501126e-03,1.093771e+06,3.079019e+06,6.566351e+06,-2.607901e-01,-7.342518e-01,-1.400637e+00,7.314525e-18,670,1676
3.807273e-09,4.164303e-03,1.172272e-02,2.500007e-02,1.093787e+06,3.079063e+06,6.566436e+06,-2.593677e-03,-7.197161e-03,-1.420525e-02,7.314525e-18,670,16752
0.000000e+00,8.107076e-08,8.581754e-08,3.094710e-07,0.000000e+00,0.000000e+00,0.000000e+00,-3.317724e+07,-2.846421e+07,-8.269509e+07,5.366825e-18,671,0
6.406818e-10,1.037638e-03,8.853321e-04,2.500201e-03,1.620058e+06,1.382221e+06,3.903165e+06,-6.422833e-01,-5.258894e-01,-1.321214e+00,5.366825e-18,671,2819
6.405227e-09,1.037685e-02,8.853462e-03,2.500081e-02,1.620123e+06,1.382274e+06,3.903299e+06,-6.174367e-03,-5.140152e-03,-1.352413e-02,5.366825e-18,671,28183
0.000000e+00,1.064615e-07,1.276752e-07,3.771052e-07,0.000000e+00,0.000000e+00,0.000000e+00,-2.374075e+07,-2.304784e+07,-5.237075e+07,4.400637e-18,672,0
8.668182e-10,1.243562e-03,1.196111e-03,2.500575e-03,1.435270e+06,1.380530e+06,2.885680e+06,-5.762262e-01,-6.001431e-01,-1.008224e+00,4.400637e-18,672,3814
8.663636e-09,1.243461e-02,1.196038e-02,2.500059e-02,1.435349e+06,1.380612e+06,2.885819e+06,-5.383062e-03,-5.439308e-03,-1.065862e-02,4.400637e-18,672,38120
0.000000e+00,-1.373048e-07,1.562286e-07,5.645815e-07,0.000000e+00,0.000000e+00,0.000000e+00,1.259947e+07,-1.595457e+07,-3.727198e+07,3.087927e-18,673,0
1.035227e-09,-9.888353e-04,1.224804e-03,2.500323e-03,-9.558283e+05,1.183889e+06,2.416161e+06,4.904052e-01,-5.776195e-01,-9.296050e-01,3.087927e-18,673,4555
1.034705e-08,-9.889952e-03,1.224969e-02,2.500035e-02,-9.559083e+05,1.183983e+06,2.416314e+06,4.070917e-03,-4.721579e-03,-1.049885e-02,3.087927e-18,673,45527
0.000000e+00,-1.024459e-07,-1.677539e-07,5.772318e-07,0.000000e+00,0.000000e+00,0.000000e+00,1.157712e+07,1.648360e+07,-3.463479e+07,3.053177e-18,674,0
1.057955e-09,-9.905927e-04,-1.238717e-03,2.500027e-03,-9.369701e+05,-1.171637e+06,2.364038e+06,4.645662e-01,5.982961e-01,-9.269154e-01,3.053177e-18,674,4655
1.057523e-08,-9.908603e-03,-1.239029e-02,2.500044e-02,-9.370475e+05,-1.171737e+06,2.364193e+06,3.781504e-03,4.602660e-03,-1.063748e-02,3.053177e-18,674,46531
0.000000e+00,4.819274e-08,-2.655962e-07,3.790285e-07,0.000000e+00,0.000000e+00,0.000000e+00,2.722760e+07,5.358343e+07,-4.358118e+07,3.879958e-18,675,0
1.145909e-09,-1.496330e-03,-3.186125e-03,2.500467e-03,-1.306235e+06,-2.781099e+06,2.182294e+06,2.372521e-01,5.099299e-01,-2.940710e-01,3.879958e-18,675,5042
1.145591e-08,-1.496398e-02,-3.186004e-02,2.500037e-02,-1.306278e+06,-2.781191e+06,2.182347e+06,2.009043e-03,4.324163e-03,-3.362268e-03,3.879958e-18,675,50406
0.000000e+00,6.416450e-08,2.280169e-07,3.777340e-07,0.000000e+00,0.000000e+00,0.000000e+00,-1.159223e+07,-4.075900e+07,-4.107915e+07,4.030472e-18,676,0
1.158636e-09,8.329712e-04,2.816475e-03,2.500427e-03,7.191961e+05,2.431750e+06,2.158464e+06,-1.819580e-01,-6.098406e-01,-3.901110e-01,4.030472e-18,676,5098
1.158227e-08,8.329897e-03,2.816511e-02,2.500009e-02,7.192294e+05,2.431861e+06,2.158536e+06,-1.515900e-03,-5.278135e-03,-4.500740e-03,4.030472e-18,676,50962
0.000000e+00,-8.808010e-08,-5.735898e-08,3.843579e-07,0.000000e+00,0.000000e+00,0.000000e+00,1.909475e+07,1.291841e+07,-5.566691e+07,4.571654e-18,677,0
7.959091e-10,-9.104228e-04,-6.224521e-04,2.500055e-03,-1.144492e+06,-7.824900e+05,3.142445e+06,6.034181e-01,4.122057e-01,-1.493759e+00,4.571654e-18,677,3502
7.955682e-09,-9.105178e-03,-6.225210e-03,2.500036e-02,-1.144568e+06,-7.825418e+05,3.142633e+06,5.757003e-03,3.836651e-03,-1.526597e-02,4.571654e-18,677,35005
0.000000e+00,2.229531e-07,1.544154e-07,4.335555e-07,0.000000e+00,0.000000e+00,0.000000e+00,-2.798764e+07,-1.980435e+07,-3.443754e+07,3.532544e-18,678,0
1.272500e-09,2.273628e-03,1.573081e-03,2.500022e-03,1.787558e+06,1.236776e+06,1.965137e+06,-5.163181e-01,-3.560511e-01,-4.127738e-01,3.532544e-18,678,5599
1.272182e-08,2.274093e-02,1.573400e-02,2.500029e-02,1.787662e+06,1.236847e+06,1.965221e+06,-4.275858e-03,-3.112273e-03,-4.955023e-03,3.532544e-18,678,55976
0.000000e+00,1.094344e-07,2.299835e-08,5.576284e-07,0.000000e+00,0.000000e+00,0.000000e+00,-1.244368e+07,-5.206364e+06,-3.696645e+07,3.301358e-18,679,0
1.035455e-09,8.915793e-04,4.289945e-04,2.500474e-03,8.617115e+05,4.146219e+05,2.416050e+06,-5.168793e-01,-2.268422e-01,-1.135067e+00,3.301358e-18,679,4556
1.034750e-08,8.916527e-03,4.290258e-03,2.500027e-02,8.617959e+05,4.146589e+05,2.416236e+06,-4.291037e-03,-2.198823e-03,-1.333415e-02,3.301358e-18,679,45529
0.000000e+00,1.364249e-07,-1.167284e-07,4.626159e-07,0.000000e+00,0.000000e+00,0.000000e+00,-1.720792e+07,2.558547e+07,-3.169020e+07,3.736561e-18,680,0
1.290227e-09,1.506651e-03,-2.078330e-03,2.500431e-03,1.168357e+06,-1.611678e+06,1.938505e+06,-3.687811e-01,4.886781e-01,-4.293311e-01,3.736561e-18,680,5677
1.289659e-08,1.506774e-02,-2.078501e-02,2.500027e-02,1.168431e+06,-1.611777e+06,1.938593e+06,-3.211750e-03,4.484241e-03,-5.477350e-03,3.736561e-18,680,56745
0.000000e+00,-4.607004e-08,7.806703e-08,4.731821e-07,0.000000e+00,0.000000e+00,0.000000e+00,2.274778e+06,-1.020158e+07,-4.781882e+07,3.870353e-18,681,0
8.536364e-10,-1.768664e-04,6.635269e-04,2.500525e-03,-2.073061e+05,7.778975e+05,2.930851e+06,1.210928e-01,-5.385824e-01,-1.687830e+00,3.870353e-18,681,3756
8.530000e-09,-1.768327e-03,6.635412e-03,2.500025e-02,-2.073224e+05,7.779701e+05,2.931079e+06,8.529562e-04,-4.961443e-03,-1.756491e-02,3.870353e-18,681,37532
0.000000e+00,-2.478753e-07,2.577179e-08,3.514297e-07,0.000000e+00,0.000000e+00,0.000000e+00,4.643896e+07,-2.636175e+06,-4.724956e+07,4.150012e-18,682,0
1.028182e-09,-2.669264e-03,1.625843e-04,2.500101e-03,-2.596963e+06,1.581585e+05,2.432049e+06,7.033314e-01,-3.126858e-02,-5.095785e-01,4.150012e-18,682,4524
1.027955e-08,-2.669559e-02,1.625805e-03,2.500051e-02,-2.597077e+06,1.581635e+05,2.432132e+06,6.287043e-03,-2.476361e-04,-5.598900e-03,4.150012e-18,682,45230
0.000000e+00,-5.447365e-08,1.932978e-07,5.500745e-07,0.000000e+00,0.000000e+00,0.000000e+00,2.729596e+07,-3.038784e+07,-4.182945e+07,3.191946e-18,683,0
1.055455e-09,-1.547346e-03,1.885867e-03,2.500117e-03,-1.466715e+06,1.787518e+06,2.369252e+06,4.735020e-01,-5.868389e-01,-6.134182e-01,3.191946e-18,683,4644
1.055182e-08,-1.547642e-02,1.886156e-02,2.500020e-02,-1.466794e+06,1.787616e+06,2.369355e+06,4.018101e-03,-5.062156e-03,-6.662424e-03,3.191946e-18,683,46428
0.000000e+00,-2.841380e-07,-5.037732e-08,4.209863e-07,0.000000e+00,0.000000e+00,0.000000e+00,3.617785e+07,7.403979e+06,-3.128609e+07,3.526494e-18,684,0
1.414318e-09,-3.295495e-03,-6.867904e-04,2.500386e-03,-2.331118e+06,-4.857685e+05,1.768130e+06,5.824019e-01,8.412943e-02,-2.114860e-01,3.526494e-18,684,6223
1.413932e-08,-3.296034e-02,-6.868392e-03,2.500034e-02,-2.331248e+06,-4.857872e+05,1.768178e+06,4.485486e-03,9.135733e-04,-3.391345e-03,3.526494e-18,684,62213
0.000000e+00,-6.475006e-09,-3.333522e-08,3.873809e-07,0.000000e+00,0.000000e+00,0.000000e+00,6.825311e+05,1.828535e+06,-6.300476e+07,4.691380e-18,685,0
7.029545e-10,-7.810369e-05,-7.232106e-05,2.500049e-03,-1.112037e+05,-1.029076e+05,3.558073e+06,9.113827e-02,7.105748e-02,-2.024716e+00,4.691380e-18,685,3093
7.026364e-09,-7.813430e-04,-7.230889e-04,2.500038e-02,-1.112138e+05,-1.029154e+05,3.558298e+06,7.373777e-04,5.867036e-04,-2.057627e-02,4.691380e-18,685,30916
0.000000e+00,1.094844e-07,-6.735912e-08,6.171192e-07,0.000000e+00,0.000000e+00,0.000000e+00,-7.599047e+06,6.458436e+06,-3.779845e+07,2.980171e-18,686,0
9.977273e-10,6.516433e-04,-4.590025e-04,2.500145e-03,6.536550e+05,-4.604034e+05,2.507086e+06,-4.189102e-01,2.952719e-01,-1.270573e+00,2.980171e-18,686,4390
9.971818e-09,6.518093e-03,-4.591050e-03,2.500045e-02,6.537209e+05,-4.604499e+05,2.507287e+06,-3.151933e-03,2.563132e-03,-1.444945e-02,2.980171e-18,686,43876
0.000000e+00,-2.098732e-07,-2.143070e-08,4.615649e-07,0.000000e+00,0.000000e+00,0.000000e+00,2.958227e+07,5.996721e+06,-3.724515e+07,3.638983e-18,687,0
1.127727e-09,-2.098131e-03,-4.599242e-04,2.500024e-03,-1.861506e+06,-4.080633e+05,2.217600e+06,7.226753e-01,1.458627e-01,-6.594811e-01,3.638983e-18,687,4962
1.127341e-08,-2.098546e-02,-4.600223e-03,2.500007e-02,-1.861635e+06,-4.080892e+05,2.217718e+06,5.811142e-03,1.079218e-03,-7.488162e-03,3.638983e-18,687,49603
0.000000e+00,-7.667671e-08,-6.560694e-08,5.145452e-07,0.000000e+00,0.000000e+00,0.000000e+00,7.949977e+06,1.287354e+07,-3.638140e+07,3.597849e-18,688,0
1.056136e-09,-5.989617e-04,-8.830483e-04,2.500355e-03,-5.676112e+05,-8.367031e+05,2.368642e+06,3.697030e-01,4.349808e-01,-1.067126e+00,3.597849e-18,688,4647
1.055455e-08,-5.990850e-03,-8.830967e-03,2.500008e-02,-5.676728e+05,-8.367756e+05,2.368820e+06,2.920567e-03,3.945796e-03,-1.271234e-02,3.597849e-18,688,46440
0.000000e+00,-8.617246e-08,1.749678e-07,5.414558e-07,0.000000e+00,0.000000e+00,0.000000e+00,1.071637e+07,-1.777146e+07,-3.585614e+07,3.235362e-18,689,0
1.106136e-09,-7.681258e-04,1.351780e-03,2.500099e-03,-6.948049e+05,1.222833e+06,2.261112e+06,2.874423e-01,-5.708539e-01,-8.459396e-01,3.235362e-18,689,4867
1.105659e-08,-7.682164e-03,1.352035e-02,2.500041e-02,-6.948550e+05,1.222933e+06,2.261261e+06,2.878267e-03,-4.984270e-03,-1.006418e-02,3.235362e-18,689,48649
0.000000e+00,-2.653736e-07,1.122141e-07,4.239174e-07,0.000000e+00,0.000000e+00,0.000000e+00,3.485258e+07,-1.529067e+07,-3.165177e+07,3.518141e-18,690,0
1.384545e-09,-3.039407e-03,1.295328e-03,2.500014e-03,-2.196107e+06,9.359207e+05,1.805964e+06,4.968214e-01,-2.084278e-01,-2.719201e-01,3.518141e-18,690,6092
1.384295e-08,-3.040052e-02,1.295588e-02,2.500007e-02,-2.196215e+06,9.359660e+05,1.806025e+06,4.215728e-03,-1.822348e-03,-3.517619e-03,3.518141e-18,690,60909
0.000000e+00,-2.354266e-07,-1.782573e-08,2.415782e-07,0.000000e+00,0.000000e+00,0.000000e+00,7.499927e+07,5.203690e+06,-5.643255e+07,5.136294e-18,691,0
9.761364e-10,-3.446940e-03,-2.355941e-04,2.500500e-03,-3.531797e+06,-2.413889e+05,2.561851e+06,5.670769e-01,3.663401e-02,-3.150991e-01,5.136294e-18,691,4295
9.758636e-09,-3.446558e-02,-2.355633e-03,2.500031e-02,-3.531885e+06,-2.413945e+05,2.561899e+06,5.142036e-03,3.647219e-04,-3.367973e-03,5.136294e-18,691,42938
0.000000e+00,-1.526445e-07,-1.665499e-07,5.663996e-07,0.000000e+00,0.000000e+00,0.000000e+00,1.457969e+07,1.697248e+07,-3.424797e+07,3.031492e-18,692,0
1.115455e-09,-1.163042e-03,-1.343303e-03,2.500161e-03,-1.043332e+06,-1.205037e+06,2.242154e+06,4.889562e-01,5.589420e-01,-7.432373e-01,3.031492e-18,692,4908
1.115000e-08,-1.163312e-02,-1.343611e-02,2.500025e-02,-1.043418e+06,-1.205135e+06,2.242286e+06,3.873447e-03,4.429505e-03,-8.970088e-03,3.031492e-18,692,49060
0.000000e+00,-5.880506e-08,1.435856e-07,3.198799e-07,0.000000e+00,0.000000e+00,0.000000e+00,1.624352e+07,-4.132755e+07,-6.408176e+07,5.005528e-18,693,0
7.745455e-10,-6.647137e-04,1.703816e-03,2.500605e-03,-8.584909e+05,2.200516e+06,3.229243e+06,3.192462e-01,-7.987385e-01,-9.995204e-01,5.005528e-18,693,3408
7.741818e-09,-6.646279e-03,1.703597e-02,2.500033e-02,-8.585299e+05,2.200613e+06,3.229365e+06,3.038502e-03,-7.648015e-03,-1.026086e-02,5.005528e-18,693,34064
0.000000e+00,-7.116470e-08,-5.483027e-08,5.429628e-07,0.000000e+00,0.000000e+00,0.000000e+00,5.040809e+06,5.224840e+06,-4.357370e+07,3.447597e-18,694,0
8.884091e-10,-2.102576e-04,-3.716685e-04,2.500384e-03,-2.368047e+05,-4.186543e+05,2.816009e+06,1.823607e-01,2.653068e-01,-1.666929e+00,3.447597e-18,694,3909
8.877955e-09,-2.102389e-03,-3.716772e-03,2.500056e-02,-2.368303e+05,-4.186915e+05,2.816243e+06,1.390098e-03,2.378896e-03,-1.765420e-02,3.447597e-18,694,39063
0.000000e+00,-3.066350e-08,-2.688159e-07,3.855909e-07,0.000000e+00,0.000000e+00,0.000000e+00,6.195667e+06,4.241928e+07,-3.516637e+07,3.816345e-18,695,0
1.328636e-09,-4.688020e-04,-3.350122e-03,2.500241e-03,-3.529662e+05,-2.522365e+06,1.882084e+06,7.081095e-02,5.334816e-01,-2.623339e-01,3.816345e-18,695,5846
1.328318e-08,-4.688500e-03,-3.350496e-02,2.500024e-02,-3.529810e+05,-2.522477e+06,1.882139e+06,6.245786e-04,4.528874e-03,-3.362481e-03,3.816345e-18,695,58446
0.000000e+00,2.532826e-07,8.658491e-08,4.427400e-07,0.000000e+00,0.000000e+00,0.000000e+00,-3.599605e+07,-1.075908e+07,-3.183702e+07,3.501344e-18,696,0
1.357955e-09,3.035847e-03,9.013279e-04,2.500205e-03,2.236532e+06,6.639984e+05,1.841523e+06,-5.380816e-01,-1.548082e-01,-3.161997e-01,3.501344e-18,696,5975
1.357568e-08,3.036235e-02,9.014215e-03,2.500012e-02,2.236647e+06,6.640315e+05,1.841592e+06,-4.590609e-03,-1.289341e-03,-3.826431e-03,3.501344e-18,696,59733
0.000000e+00,-7.337261e-08,-2.375564e-07,2.938794e-07,0.000000e+00,0.000000e+00,0.000000e+00,1.576983e+07,5.344963e+07,-4.496494e+07,4.576033e-18,697,0
1.120682e-09,-9.565233e-04,-3.183780e-03,2.500403e-03,-8.537367e+05,-2.841699e+06,2.231475e+06,1.625013e-01,5.682840e-01,-3.377546e-01,4.576033e-18,697,4931
1.120341e-08,-9.564758e-03,-3.183670e-02,2.500026e-02,-8.537654e+05,-2.841800e+06,2.231535e+06,1.383545e-03,4.916873e-03,-3.742211e-03,4.576033e-18,697,49295
0.000000e+00,2.271813e-07,-4.747007e-08,3.056685e-07,0.000000e+00,0.000000e+00,0.000000e+00,-5.494396e+07,1.101273e+07,-4.980913e+07,4.610134e-18,698,0
1.043182e-09,3.001102e-03,-5.808481e-04,2.500359e-03,2.877679e+06,-5.569509e+05,2.397184e+06,-6.466389e-01,1.233218e-01,-3.865149e-01,4.610134e-18,698,4590
1.042886e-08,3.001091e-02,-5.808369e-03,2.500006e-02,2.877785e+06,-5.569712e+05,2.397248e+06,-5.736732e-03,1.067462e-03,-4.305788e-03,4.610134e-18,698,45887
0.000000e+00,-2.039616e-07,6.667849e-09,4.993581e-07,0.000000e+00,0.000000e+00,0.000000e+00,2.639674e+07,-4.338143e+06,-3.866255e+07,3.452496e-18,699,0
1.051818e-09,-1.851509e-03,2.024047e-04,2.500491e-03,-1.761277e+06,1.925038e+05,2.378140e+06,7.480943e-01,-5.605731e-02,-8.141209e-01,3.452496e-18,699,4628
1.051250e-08,-1.851536e-02,2.023695e-03,2.500038e-02,-1.761401e+06,1.925131e+05,2.378276e+06,6.024061e-03,-7.078769e-04,-9.062359e-03,3.452496e-18,699,46255
0.000000e+00,2.747959e-10,-1.860429e-07,5.831052e-07,0.000000e+00,0.000000e+00,0.000000e+00,1.550526e+06,1.855160e+07,-3.449601e+07,3.043607e-18,700,0
1.049318e-09,-1.822036e-04,-1.423226e-03,2.500262e-03,-1.737093e+05,-1.357335e+06,2.383816e+06,3.952170e-02,7.653778e-01,-1.026619e+00,3.043607e-18,700,4617
1.048750e-08,-1.821755e-03,-1.423499e-02,2.500048e-02,-1.737158e+05,-1.357462e+06,2.383987e+06,1.746483e-04,6.459477e-03,-1.138995e-02,3.043607e-18,700,46145
0.000000e+00,-1.608457e-07,-1.137168e-07,5.402067e-07,0.000000e+00,0.000000e+00,0.000000e+00,1.472766e+07,1.808923e+07,-3.449129e+07,3.243735e-18,701,0
9.606818e-10,-1.020013e-03,-1.177593e-03,2.500574e-03,-1.062366e+06,-1.226541e+06,2.603977e+06,5.191646e-01,6.047860e-01,-1.050655e+00,3.243735e-18,701,4227
9.600682e-09,-1.019942e-02,-1.177556e-02,2.500007e-02,-1.062445e+06,-1.226632e+06,2.604136e+06,4.558082e-03,5.777714e-03,-1.133597e-02,3.243735e-18,701,42243
0.000000e+00,1.824287e-07,1.425302e-07,3.836137e-07,0.000000e+00,0.000000e+00,0.000000e+00,-3.102194e+07,-2.418813e+07,-4.227435e+07,4.022316e-18,702,0
1.076136e-09,1.952645e-03,1.580552e-03,2.500002e-03,1.815241e+06,1.469343e+06,2.323691e+06,-5.607001e-01,-4.552177e-01,-5.478971e-01,4.022316e-18,702,4735
1.075886e-08,1.952989e-02,1.580842e-02,2.500042e-02,1.815336e+06,1.469420e+06,2.323785e+06,-4.923867e-03,-3.793578e-03,-6.137623e-03,4.022316e-18,702,47339
0.000000e+00,-1.193248e-07,-1.600729e-09,3.642300e-07,0.000000e+00,0.000000e+00,0.000000e+00,2.547730e+07,1.945916e+06,-6.153251e+07,4.719280e-18,703,0
7.377273e-10,-1.087474e-03,-7.388541e-05,2.500465e-03,-1.474753e+06,-1.001998e+05,3.390638e+06,7.366554e-01,4.580264e-02,-1.526944e+00,4.719280e-18,703,3246
7.373409e-09,-1.087394e-02,-7.388089e-04,2.500064e-02,-1.474839e+06,-1.002051e+05,3.390816e+06,7.248923e-03,3.706730e-04,-1.554775e-02,4.719280e-18,703,32443
0.000000e+00,2.187936e-07,-2.477833e-08,2.175198e-07,0.000000e+00,0.000000e+00,0.000000e+00,-8.483838e+07,9.094908e+06,-6.251932e+07,5.571648e-18,704,0
9.022727e-10,3.481681e-03,-3.697068e-04,2.500104e-03,3.859305e+06,-4.097966e+05,2.771093e+06,-5.620579e-01,5.444326e-02,-3.211370e-01,5.571648e-18,704,3970
9.021818e-09,3.481802e-02,-3.697121e-03,2.500043e-02,3.859385e+06,-4.098044e+05,2.771139e+06,-5.185607e-03,5.502918e-04,-3.365043e-03,5.571648e-18,704,39696
0.000000e+00,-1.188772e-07,1.700552e-07,4.120922e-07,0.000000e+00,0.000000e+00,0.000000e+00,1.892386e+07,-3.002067e+07,-3.970900e+07,3.955175e-18,705,0
1.122500e-09,-1.324549e-03,2.080430e-03,2.500491e-03,-1.180524e+06,1.854255e+06,2.228207e+06,3.685795e-01,-5.958213e-01,-5.497352e-01,3.955175e-18,705,4939
1.121977e-08,-1.324517e-02,2.080423e-02,2.500012e-02,-1.180590e+06,1.854360e+06,2.228305e+06,3.290379e-03,-5.118766e-03,-6.316761e-03,3.955175e-18,705,49367
0.000000e+00,1.919341e-07,-1.511109e-07,2.380026e-07,0.000000e+00,0.000000e+00,0.000000e+00,-5.907607e+07,4.705654e+07,-5.135618e+07,5.083119e-18,706,0
1.069773e-09,3.002005e-03,-2.389170e-03,2.500386e-03,2.806667e+06,-2.233709e+06,2.337483e+06,-3.933446e-01,3.123829e-01,-2.420087e-01,5.083119e-18,706,4707
1.069523e-08,3.001798e-02,-2.389006e-02,2.500005e-02,2.806733e+06,-2.233762e+06,2.337524e+06,-3.489221e-03,2.748252e-03,-2.687398e-03,5.083119e-18,706,47059
0.000000e+00,-8.320711e-08,1.682602e-07,4.863940e-07,0.000000e+00,0.000000e+00,0.000000e+00,1.087699e+07,-2.341194e+07,-3.851454e+07,3.555026e-18,707,0
1.053182e-09,-7.731094e-04,1.553117e-03,2.500330e-03,-7.344550e+05,1.475589e+06,2.375001e+06,2.916699e-01,-6.891094e-01,-8.640367e-01,3.555026e-18,707,4634
1.052636e-08,-7.731115e-03,1.553253e-02,2.500027e-02,-7.345034e+05,1.475703e+06,2.375145e+06,2.571241e-03,-5.724894e-03,-9.802441e-03,3.555026e-18,707,46316
0.000000e+00,-9.463917e-09,1.753414e-07,5.210804e-07,0.000000e+00,0.000000e+00,0.000000e+00,1.700611e+07,-1.314924e+07,-4.537002e+07,3.406255e-18,708,0
8.586364e-10,-7.649041e-04,7.979028e-04,2.500283e-03,-8.913859e+05,9.298491e+05,2.913294e+06,4.544522e-01,-6.137061e-01,-1.496708e+00,3.406255e-18,708,3778
8.581364e-09,-7.649228e-03,7.979406e-03,2.500016e-02,-8.914475e+05,9.299324e+05,2.913498e+06,4.234444e-03,-5.899861e-03,-1.543568e-02,3.406255e-18,708,37758
0.000000e+00,6.291556e-08,-6.741926e-08,2.507229e-07,0.000000e+00,0.000000e+00,0.000000e+00,-3.642512e+07,3.400295e+07,-1.243918e+08,6.495204e-18,709,0
4.668182e-10,7.397084e-04,-6.908604e-04,2.501174e-03,1.584778e+06,-1.480105e+06,5.358429e+06,-5.130421e-01,4.753989e-01,-1.600961e+00,6.495204e-18,709,2054
4.665682e-09,7.394108e-03,-6.905740e-03,2.500090e-02,1.584816e+06,-1.480140e+06,5.358548e+06,-5.084050e-03,4.681699e-03,-1.611246e-02,6.495204e-18,709,20529
0.000000e+00,-2.092227e-07,1.846337e-07,4.367136e-07,0.000000e+00,0.000000e+00,0.000000e+00,8.140208e+06,-1.134308e+07,-4.043140e+07,3.504133e-18,710,0
1.052500e-09,-7.276915e-04,9.472157e-04,2.500312e-03,-6.917649e+05,9.006141e+05,2.376733e+06,3.528146e-01,-5.300515e-01,-1.023788e+00,3.504133e-18,710,4631
1.051864e-08,-7.276491e-03,9.473241e-03,2.500012e-02,-6.918234e+05,9.007020e+05,2.376904e+06,3.351730e-03,-4.107145e-03,-1.203856e-02,3.504133e-18,710,46282
0.000000e+00,5.401916e-08,-1.559120e-07,2.169255e-07,0.000000e+00,0.000000e+00,0.000000e+00,-8.731601e+06,8.760989e+07,-9.600031e+07,6.324649e-18,711,0
6.059091e-10,2.343069e-04,-2.309944e-03,2.500718e-03,3.866834e+05,-3.812780e+06,4.127503e+06,-7.516276e-02,7.735680e-01,-7.395157e-01,6.324649e-18,711,2666
6.057045e-09,2.342203e-03,-2.309426e-02,2.500062e-02,3.866906e+05,-3.812854e+06,4.127574e+06,-7.410173e-04,7.620659e-03,-7.478639e-03,6.324649e-18,711,26651
0.000000e+00,3.095414e-08,2.053291e-07,3.287956e-07,0.000000e+00,0.000000e+00,0.000000e+00,-5.587415e+06,-4.628245e+07,-5.132858e+07,4.575295e-18,712,0
9.472727e-10,2.969086e-04,2.418689e-03,2.500485e-03,3.135329e+05,2.554190e+06,2.640243e+06,-8.962459e-02,-7.525524e-01,-6.332638e-01,4.575295e-18,712,4168
9.468864e-09,2.968802e-03,2.418525e-02,2.500022e-02,3.135463e+05,2.554303e+06,2.640338e+06,-9.056733e-04,-6.903189e-03,-6.678888e-03,4.575295e-18,712,41663
0.000000e+00,-9.194748e-08,1.996798e-08,5.133389e-07,0.000000e+00,0.000000e+00,0.000000e+00,9.088063e+06,-6.581122e+06,-3.908412e+07,3.612107e-18,713,0
1.015455e-09,-6.821719e-04,4.081934e-04,2.500157e-03,-6.723304e+05,4.023144e+05,2.463367e+06,4.296108e-01,-2.474767e-01,-1.191720e+00,3.612107e-18,713,4468
1.014886e-08,-6.823361e-03,4.082995e-03,2.500054e-02,-6.723992e+05,4.023541e+05,2.463559e+06,3.550116e-03,-2.101982e-03,-1.414670e-02,3.612107e-18,713,44655
0.000000e+00,1.871488e-07,9.540119e-08,2.553016e-07,0.000000e+00,0.000000e+00,0.000000e+00,-6.243471e+07,-3.228463e+07,-6.265650e+07,5.269739e-18,714,0
8.693182e-10,2.577830e-03,1.330699e-03,2.500139e-03,2.965913e+06,1.531030e+06,2.876302e+06,-6.027238e-01,-3.101616e-01,-4.731021e-01,5.269739e-18,714,3825
8.691818e-09,2.577922e-02,1.330746e-02,2.500044e-02,2.965996e+06,1.531073e+06,2.876368e+06,-5.706761e-03,-3.009390e-03,-4.939245e-03,5.269739e-18,714,38244
0.000000e+00,-1.581772e-07,-4.731913e-08,1.739703e-07,0.000000e+00,0.000000e+00,0.000000e+00,1.211862e+08,3.624761e+07,-1.168403e+08,7.090327e-18,715,0
5.177273e-10,-2.605996e-03,-7.804444e-04,2.500477e-03,-5.033704e+06,-1.507499e+06,4.829793e+06,6.536603e-01,2.006803e-01,-5.641368e-01,7.090327e-18,715,2278
5.176364e-09,-2.605640e-02,-7.803397e-03,2.500090e-02,-5.033757e+06,-1.507515e+06,4.829839e+06,6.437802e-03,1.934661e-03,-5.717608e-03,7.090327e-18,715,22776
0.000000e+00,-1.405077e-07,9.935155e-08,5.480647e-07,0.000000e+00,0.000000e+00,0.000000e+00,1.705996e+07,-9.950025e+06,-3.929374e+07,3.259039e-18,716,0
9.684091e-10,-1.134486e-03,6.752406e-04,2.500164e-03,-1.172278e+06,6.977482e+05,2.582953e+06,6.471542e-01,-4.017823e-01,-1.225631e+00,3.259039e-18,716,4261
9.678864e-09,-1.134627e-02,6.753387e-03,2.500021e-02,-1.172377e+06,6.978096e+05,2.583141e+06,5.443386e-03,-3.623183e-03,-1.312455e-02,3.259039e-18,716,42587
0.000000e+00,-8.371599e-08,-1.995953e-08,2.666473e-07,0.000000e+00,0.000000e+00,0.000000e+00,4.277608e+07,3.215207e+06,-1.175597e+08,6.247101e-18,717,0
4.875000e-10,-9.241912e-04,-6.872050e-05,2.500843e-03,-1.896070e+06,-1.409507e+05,5.130513e+06,6.679459e-01,3.599879e-02,-1.634833e+00,6.247101e-18,717,2145
4.872955e-09,-9.239507e-03,-6.868636e-04,2.500093e-02,-1.896122e+06,-1.409535e+05,5.130639e+06,6.492133e-03,3.788829e-04,-1.663034e-02,6.247101e-18,717,21441
0.000000e+00,2.589695e-08,2.019677e-08,4.747393e-07,0.000000e+00,0.000000e+00,0.000000e+00,-6.076566e+06,-5.339252e+06,-4.863881e+07,3.919010e-18,718,0
8.372727e-10,3.947545e-04,2.207788e-04,2.500557e-03,4.718624e+05,2.639251e+05,2.988184e+06,-3.230159e-01,-2.282383e-01,-1.774391e+00,3.919010e-18,718,3684
8.366364e-09,3.947715e-03,2.208083e-03,2.500033e-02,4.719051e+05,2.639552e+05,2.988419e+06,-3.034042e-03,-1.604680e-03,-1.860927e-02,3.919010e-18,718,36812
0.000000e+00,2.927972e-08,3.127905e-08,5.175697e-07,0.000000e+00,0.000000e+00,0.000000e+00,-4.989297e+06,-6.281657e+06,-4.308957e+07,3.614681e-18,719,0
9.359091e-10,2.824994e-04,5.063740e-04,2.500268e-03,3.019951e+05,5.414933e+05,2.673109e+06,-1.292182e-01,-3.513834e-01,-1.642996e+00,3.614681e-18,719,4118
9.352500e-09,2.824403e-03,5.064264e-03,2.500043e-02,3.020144e+05,5.415453e+05,2.673353e+06,-1.141504e-03,-2.822879e-03,-1.736617e-02,3.614681e-18,719,41151
0.000000e+00,4.715303e-08,3.393651e-08,3.248661e-07,0.000000e+00,0.000000e+00,0.000000e+00,-1.845889e+07,-9.348642e+06,-8.985418e+07,5.409113e-18,720,0
5.804545e-10,5.365849e-04,2.742125e-04,2.500098e-03,9.247333e+05,4.725478e+05,4.308159e+06,-4.581117e-01,-2.241989e-01,-1.863854e+00,5.409113e-18,720,2554
5.802955e-09,5.366186e-03,2.742182e-03,2.500019e-02,9.247753e+05,4.725684e+05,4.308330e+06,-4.241870e-03,-2.259891e-03,-1.904595e-02,5.409113e-18,720,25533
0.000000e+00,-2.064002e-07,-1.344938e-07,4.591879e-07,0.000000e+00,0.000000e+00,0.000000e+00,2.718210e+07,1.806381e+07,-3.510074e+07,3.509731e-18,721,0
1.217727e-09,-2.141848e-03,-1.430488e-03,2.500024e-03,-1.759743e+06,-1.175318e+06,2.053538e+06,5.534568e-01,3.864914e-01,-4.633451e-01,3.509731e-18,721,5358
1.217409e-08,-2.142319e-02,-1.430837e-02,2.500015e-02,-1.759849e+06,-1.175392e+06,2.053628e+06,4.414025e-03,3.204009e-03,-5.583903e-03,3.509731e-18,721,53566
0.000000e+00,-2.745605e-07,-1.385876e-08,4.275764e-07,0.000000e+00,0.000000e+00,0.000000e+00,3.713541e+07,2.591060e+06,-3.150845e+07,3.558590e-18,722,0
1.396364e-09,-3.303764e-03,-2.026558e-04,2.500017e-03,-2.366939e+06,-1.451895e+05,1.790712e+06,5.366229e-01,3.300471e-02,-2.844447e-01,3.558590e-18,722,6144
1.396091e-08,-3.304451e-02,-2.026971e-03,2.500016e-02,-2.367057e+06,-1.451967e+05,1.790776e+06,4.641367e-03,2.138915e-04,-3.506547e-03,3.558590e-18,722,61428
0.000000e+00,-1.742915e-07,1.690096e-07,2.488930e-07,0.000000e+00,0.000000e+00,0.000000e+00,5.049117e+07,-4.817549e+07,-5.311026e+07,4.988387e-18,723,0
1.014545e-09,-2.474217e-03,2.361545e-03,2.500544e-03,-2.439211e+06,2.328123e+06,2.464955e+06,4.177077e-01,-3.920908e-01,-3.262718e-01,4.988387e-18,723,4464
1.014227e-08,-2.473917e-02,2.361249e-02,2.500038e-02,-2.439278e+06,2.328186e+06,2.465008e+06,3.764215e-03,-3.554548e-03,-3.448277e-03,4.988387e-18,723,44626
0.000000e+00,2.460631e-07,-9.439939e-08,3.614787e-07,0.000000e+00,0.000000e+00,0.000000e+00,-4.977267e+07,9.432460e+06,-4.685064e+07,3.996668e-18,724,0
1.067045e-09,2.816548e-03,-5.950050e-04,2.500028e-03,2.640398e+06,-5.577620e+05,2.343295e+06,-6.639438e-01,1.352637e-01,-4.166258e-01,3.996668e-18,724,4695
1.066886e-08,2.817006e-02,-5.950715e-03,2.500048e-02,2.640510e+06,-5.577847e+05,2.343365e+06,-6.018297e-03,1.083656e-03,-4.750545e-03,3.996668e-18,724,46943
0.000000e+00,-7.572686e-09,1.387636e-07,6.528530e-07,0.000000e+00,0.000000e+00,0.000000e+00,1.338075e+05,-1.120600e+07,-3.578140e+07,2.791453e-18,725,0
1.003182e-09,6.165379e-05,8.622351e-04,2.500157e-03,6.155885e+04,8.601664e+05,2.493520e+06,-6.360252e-02,-5.552186e-01,-1.308605e+00,2.791453e-18,725,4414
1.002591e-08,6.171574e-04,8.623938e-03,2.500005e-02,6.156888e+04,8.602542e+05,2.493728e+06,-4.389490e-04,-4.636837e-03,-1.463806e-02,2.791453e-18,725,44114
0.000000e+00,-1.685962e-07,-8.294928e-08,3.246245e-07,0.000000e+00,0.000000e+00,0.000000e+00,4.098835e+07,2.133087e+07,-6.022663e+07,4.759081e-18,726,0
8.265909e-10,-1.786434e-03,-9.382852e-04,2.500084e-03,-2.161892e+06,-1.135509e+06,3.025256e+06,7.133756e-01,3.891961e-01,-8.629860e-01,4.759081e-18,726,3637
8.263864e-09,-1.786559e-02,-9.383688e-03,2.500043e-02,-2.161986e+06,-1.135560e+06,3.025369e+06,6.833921e-03,3.740611e-03,-8.967728e-03,4.759081e-18,726,36361
0.000000e+00,-1.319318e-07,7.698581e-08,6.127439e-07,0.000000e+00,0.000000e+00,0.000000e+00,1.213846e+07,-8.037689e+06,-3.516913e+07,2.964455e-18,727,0
9.943182e-10,-8.311892e-04,5.082429e-04,2.500405e-03,-8.364832e+05,5.114576e+05,2.515939e+06,4.826498e-01,-2.941584e-01,-1.233388e+00,2.964455e-18,727,4375
9.936591e-09,-8.311811e-03,5.082178e-03,2.500006e-02,-8.365589e+05,5.115037e+05,2.516134e+06,3.852308e-03,-2.182337e-03,-1.395408e-02,2.964455e-18,727,43721
0.000000e+00,1.226524e-07,-2.111923e-08,1.975428e-07,0.000000e+00,0.000000e+00,0.000000e+00,-1.041755e+08,1.551918e+07,-1.440761e+08,7.310593e-18,728,0
4.204545e-10,1.816389e-03,-2.701561e-04,2.501119e-03,4.320233e+06,-6.425490e+05,5.948714e+06,-7.983964e-01,1.130903e-01,-9.954036e-01,7.310593e-18,728,1850
4.202727e-09,1.815685e-02,-2.700475e-03,2.500099e-02,4.320286e+06,-6.425565e+05,5.948781e+06,-7.923159e-03,1.185217e-03,-1.007004e-02,7.310593e-18,728,18492
0.000000e+00,-1.471824e-07,1.320619e-07,4.947820e-07,0.000000e+00,0.000000e+00,0.000000e+00,1.790123e+07,-2.012834e+07,-3.581776e+07,3.485741e-18,729,0
1.157045e-09,-1.393369e-03,1.492855e-03,2.500026e-03,-1.204906e+06,1.290990e+06,2.161413e+06,4.529503e-01,-5.155378e-01,-6.448183e-01,3.485741e-18,729,5091
1.156659e-08,-1.393661e-02,1.493229e-02,2.500037e-02,-1.204989e+06,1.291084e+06,2.161532e+06,4.177028e-03,-4.165488e-03,-7.688413e-03,3.485741e-18,729,50893
0.000000e+00,3.689281e-08,1.012247e-07,3.709437e-07,0.000000e+00,0.000000e+00,0.000000e+00,-1.232019e+07,-2.283197e+07,-6.237529e+07,4.703877e-18,730,0
7.286364e-10,5.328112e-04,9.932134e-04,2.500544e-03,7.315850e+05,1.363723e+06,3.432941e+06,-3.478843e-01,-6.694056e-01,-1.460111e+00,4.703877e-18,730,3206
7.282500e-09,5.327737e-03,9.931288e-03,2.500048e-02,7.316250e+05,1.363800e+06,3.433109e+06,-3.423368e-03,-6.499000e-03,-1.510887e-02,4.703877e-18,730,32043
0.000000e+00,1.599775e-07,4.240591e-08,3.755920e-07,0.000000e+00,0.000000e+00,0.000000e+00,-3.328875e+07,-6.946696e+06,-5.281514e+07,4.412141e-18,731,0
8.672727e-10,1.694353e-03,3.734666e-04,2.500108e-03,1.954525e+06,4.308323e+05,2.883610e+06,-8.019153e-01,-1.983690e-01,-9.952547e-01,4.412141e-18,731,3816
8.669773e-09,1.694525e-02,3.735211e-03,2.500035e-02,1.954635e+06,4.308595e+05,2.883746e+06,-7.460895e-03,-1.884779e-03,-1.040102e-02,4.412141e-18,731,38147
0.000000e+00,3.297438e-08,-5.781977e-08,4.086793e-07,0.000000e+00,0.000000e+00,0.000000e+00,-9.718295e+06,1.282880e+07,-5.599830e+07,4.435128e-18,732,0
7.725000e-10,5.003250e-04,-6.349251e-04,2.500233e-03,6.480960e+05,-8.224516e+05,3.237999e+06,-3.993589e-01,5.370731e-01,-1.701059e+00,4.435128e-18,732,3399
7.720909e-09,5.003841e-03,-6.350032e-03,2.500037e-02,6.481448e+05,-8.225171e+05,3.238207e+06,-3.847729e-03,5.044425e-03,-1.753387e-02,4.435128e-18,732,33972
0.000000e+00,-6.570107e-08,1.682539e-07,1.775970e-07,0.000000e+00,0.000000e+00,0.000000e+00,4.190375e+07,-1.140385e+08,-9.593152e+07,6.717760e-18,733,0
6.252273e-10,-1.100224e-03,2.998956e-03,2.500426e-03,-1.759796e+06,4.796830e+06,3.999305e+06,2.030995e-01,-5.716440e-01,-4.027443e-01,6.717760e-18,733,2751
6.251136e-09,-1.100077e-02,2.998575e-02,2.500034e-02,-1.759816e+06,4.796887e+06,3.999345e+06,1.960784e-03,-5.579512e-03,-4.135389e-03,6.717760e-18,733,27505
0.000000e+00,2.012438e-07,1.058353e-07,2.808299e-07,0.000000e+00,0.000000e+00,0.000000e+00,-5.452382e+07,-3.028925e+07,-5.394266e+07,4.853277e-18,734,0
9.802273e-10,2.655346e-03,1.485663e-03,2.500352e-03,2.709531e+06,1.516002e+06,2.551108e+06,-5.610500e-01,-3.253941e-01,-4.037832e-01,4.853277e-18,734,4313
9.799773e-09,2.655281e-02,1.485647e-02,2.500042e-02,2.709618e+06,1.516052e+06,2.551170e+06,-5.085179e-03,-2.902250e-03,-4.389497e-03,4.853277e-18,734,43119
0.000000e+00,2.389101e-08,-2.613334e-07,4.426433e-07,0.000000e+00,0.000000e+00,0.000000e+00,-2.722841e+06,3.679030e+07,-3.501391e+07,3.538458e-18,735,0
1.283182e-09,2.402069e-04,-2.978346e-03,2.500109e-03,1.872730e+05,-2.322041e+06,1.948713e+06,-4.749342e-02,6.027584e-01,-3.356050e-01,3.538458e-18,735,5646
1.282909e-08,2.402536e-03,-2.978959e-02,2.500042e-02,1.872826e+05,-2.322163e+06,1.948782e+06,-3.978603e-04,5.038949e-03,-4.247877e-03,3.538458e-18,735,56448
0.000000e+00,-6.103406e-08,-1.138418e-07,2.147400e-07,0.000000e+00,0.000000e+00,0.000000e+00,1.061522e+07,-1.189081e+07,-1.277145e+08,6.876369e-18,736,0
4.463636e-10,-2.165904e-04,2.126653e-04,2.500416e-03,-4.852214e+05,4.767835e+05,5.602568e+06,1.759786e-01,-1.896263e-01,-2.029967e+00,6.876369e-18,736,1964
4.462273e-09,-2.165236e-03,2.127429e-03,2.500030e-02,-4.852338e+05,4.767969e+05,5.602711e+06,1.694818e-03,-2.049953e-03,-2.047885e-02,6.876369e-18,736,19634
0.000000e+00,-8.543244e-08,1.621606e-07,3.408052e-07,0.000000e+00,0.000000e+00,0.000000e+00,1.918209e+07,-3.561066e+07,-5.413412e+07,4.628145e-18,737,0
8.722727e-10,-9.280263e-04,1.768239e-03,2.500541e-03,-1.064294e+06,2.027976e+06,2.867490e+06,3.902783e-01,-7.323208e-01,-8.820544e-01,4.628145e-18,737,3838
8.718409e-09,-9.278968e-03,1.768067e-02,2.500005e-02,-1.064347e+06,2.028077e+06,2.867612e+06,3.629057e-03,-6.962343e-03,-9.225372e-03,4.628145e-18,737,38361
0.000000e+00,-1.318945e-08,1.637619e-07,3.883409e-07,0.000000e+00,0.000000e+00,0.000000e+00,9.745848e+05,-3.089493e+07,-4.356511e+07,4.317685e-18,738,0
1.013636e-09,-7.603960e-05,1.916749e-03,2.500084e-03,-7.505786e+04,1.891976e+06,2.467327e+06,3.810343e-02,-7.728927e-01,-8.160362e-01,4.317685e-18,738,4460
1.013250e-08,-7.605280e-04,1.917035e-02,2.500029e-02,-7.506394e+04,1.892099e+06,2.467458e+06,3.563669e-04,-6.766163e-03,-8.897613e-03,4.317685e-18,738,44583
0.000000e+00,-4.032083e-09,7.386166e-08,2.755031e-07,0.000000e+00,0.000000e+00,0.000000e+00,4.058757e+06,-3.634969e+07,-1.171903e+08,6.149805e-18,739,0
4.865909e-10,-8.932068e-05,7.857927e-04,2.501150e-03,-1.836102e+05,1.615156e+06,5.140774e+06,7.852993e-02,-5.991077e-01,-1.730460e+00,6.149805e-18,739,2141
4.863182e-09,-8.929292e-04,7.854836e-03,2.500069e-02,-1.836162e+05,1.615202e+06,5.140907e+06,7.873145e-04,-5.944154e-03,-1.761533e-02,6.149805e-18,739,21398
0.000000e+00,1.153160e-07,-2.388937e-07,4.441357e-07,0.000000e+00,0.000000e+00,0.000000e+00,-1.887143e+07,3.471063e+07,-3.633505e+07,3.519318e-18,740,0
1.217955e-09,1.379194e-03,-2.541397e-03,2.500406e-03,1.132868e+06,-2.087465e+06,2.053363e+06,-3.118559e-01,5.661489e-01,-3.943809e-01,3.519318e-18,740,5359
1.217523e-08,1.379288e-02,-2.541530e-02,2.500036e-02,1.132927e+06,-2.087573e+06,2.053440e+06,-2.491613e-03,4.873966e-03,-4.665056e-03,3.519318e-18,740,53571
0.000000e+00,9.277029e-08,2.460664e-08,6.239672e-07,0.000000e+00,0.000000e+00,0.000000e+00,-8.550420e+06,-4.056352e+06,-3.739737e+07,2.977363e-18,741,0
9.675000e-10,6.347056e-04,3.055982e-04,2.500329e-03,6.565369e+05,3.160722e+05,2.585679e+06,-4.259899e-01,-1.618965e-01,-1.395938e+00,2.977363e-18,741,4257
9.668636e-09,6.347791e-03,3.055963e-03,2.500021e-02,6.566019e+05,3.160969e+05,2.585892e+06,-3.483224e-03,-1.127978e-03,-1.534326e-02,2.977363e-18,741,42542
0.000000e+00,-1.633672e-07,-6.981988e-08,5.345905e-07,0.000000e+00,0.000000e+00,0.000000e+00,1.673370e+07,8.871897e+06,-3.716298e+07,3.327874e-18,742,0
1.054091e-09,-1.244476e-03,-6.189777e-04,2.500278e-03,-1.181351e+06,-5.875668e+05,2.372962e+06,5.730698e-01,2.729298e-01,-9.384252e-01,3.327874e-18,742,4638
1.053545e-08,-1.244604e-02,-6.190268e-03,2.500042e-02,-1.181446e+06,-5.876121e+05,2.373119e+06,4.543634e-03,1.970136e-03,-1.120378e-02,3.327874e-18,742,46356
0.000000e+00,-2.010558e-07,4.902238e-08,1.845510e-07,0.000000e+00,0.000000e+00,0.000000e+00,1.113687e+08,-1.909194e+07,-7.138420e+07,6.168275e-18,743,0
8.265909e-10,-3.948898e-03,6.797900e-04,2.500675e-03,-4.777651e+06,8.224419e+05,3.025361e+06,4.608497e-01,-8.042875e-02,-2.412927e-01,6.168275e-18,743,3637
8.263636e-09,-3.948087e-02,6.796392e-03,2.500062e-02,-4.777711e+06,8.224524e+05,3.025393e+06,4.437421e-03,-7.765754e-04,-2.501915e-03,6.168275e-18,743,36360
0.000000e+00,1.059602e-07,3.711682e-08,3.999473e-07,0.000000e+00,0.000000e+00,0.000000e+00,-1.828132e+07,-6.358838e+06,-5.743613e+07,4.394204e-18,744,0
7.777273e-10,8.421096e-04,3.026741e-04,2.500111e-03,1.083297e+06,3.894014e+05,3.215987e+06,-5.569923e-01,-2.331270e-01,-1.609954e+00,4.394204e-18,744,3422
7.773636e-09,8.421150e-03,3.027057e-03,2.500001e-02,1.083365e+06,3.894300e+05,3.216185e+06,-5.311185e-03,-2.184905e-03,-1.669519e-02,4.394204e-18,744,34204
0.000000e+00,1.778557e-07,-1.163937e-08,3.543004e-07,0.000000e+00,0.000000e+00,0.000000e+00,-3.737585e+07,3.283749e+06,-5.409076e+07,4.531035e-18,745,0
8.613636e-10,1.840021e-03,-1.644965e-04,2.500180e-03,2.137032e+06,-1.910701e+05,2.903423e+06,-8.128284e-01,8.716042e-02,-9.521271e-01,4.531035e-18,745,3790
8.610682e-09,1.840127e-02,-1.645235e-03,2.500056e-02,2.137142e+06,-1.910819e+05,2.903553e+06,-7.641822e-03,7.857604e-04,-9.880849e-03,4.531035e-18,745,37887
0.000000e+00,-2.051393e-07,1.248171e-07,4.577107e-07,0.000000e+00,0.000000e+00,0.000000e+00,2.662414e+07,-1.725207e+07,-3.607949e+07,3.542621e-18,746,0
1.190682e-09,-2.059285e-03,1.287527e-03,2.500357e-03,-1.730341e+06,1.081851e+06,2.100451e+06,5.642625e-01,-3.456561e-01,-4.777124e-01,3.542621e-18,746,5239
1.190227e-08,-2.059493e-02,1.287645e-02,2.500033e-02,-1.730446e+06,1.081916e+06,2.100542e+06,4.789547e-03,-2.925726e-03,-6.152781e-03,3.542621e-18,746,52370
0.000000e+00,8.573527e-08,-1.862088e-07,4.483001e-07,0.000000e+00,0.000000e+00,0.000000e+00,-1.175370e+07,2.672421e+07,-4.137124e+07,3.731517e-18,747,0
1.048864e-09,8.420643e-04,-1.754903e-03,2.500360e-03,8.032413e+05,-1.674008e+06,2.384705e+06,-3.044538e-01,6.588039e-01,-7.910661e-01,3.731517e-18,747,4615
1.048364e-08,8.420857e-03,-1.754964e-02,2.500053e-02,8.032916e+05,-1.674117e+06,2.384837e+06,-2.815583e-03,5.719057e-03,-8.876353e-03,3.731517e-18,747,46128
0.000000e+00,1.717575e-07,-1.229957e-07,3.916201e-07,0.000000e+00,0.000000e+00,0.000000e+00,-3.080557e+07,1.997616e+07,-4.180488e+07,4.067559e-18,748,0
1.091818e-09,2.140172e-03,-1.214037e-03,2.500177e-03,1.961120e+06,-1.112403e+06,2.290536e+06,-6.470698e-01,3.568507e-01,-5.769296e-01,4.067559e-18,748,4804
1.091455e-08,2.140463e-02,-1.214137e-02,2.500029e-02,1.961232e+06,-1.112465e+06,2.290636e+06,-5.632812e-03,2.935043e-03,-6.369351e-03,4.067559e-18,748,48024
0.000000e+00,1.671097e-07,3.183214e-08,3.086010e-07,0.000000e+00,0.000000e+00,0.000000e+00,-4.652802e+07,-7.969735e+06,-6.487268e+07,5.030460e-18,749,0
7.777273e-10,1.870207e-03,3.249078e-04,2.500607e-03,2.405455e+06,4.179004e+05,3.215991e+06,-8.233263e-01,-1.504601e-01,-9.517220e-01,5.030460e-18,749,3422
7.773636e-09,1.869913e-02,3.248608e-03,2.500007e-02,2.405556e+06,4.179189e+05,3.216108e+06,-7.929272e-03,-1.489560e-03,-9.759520e-03,5.030460e-18,749,34204
0.000000e+00,2.096532e-07,9.962152e-09,1.898816e-07,0.000000e+00,0.000000e+00,0.000000e+00,-1.026808e+08,-5.498492e+06,-7.248611e+07,6.038391e-18,750,0
8.052273e-10,3.597901e-03,1.938084e-04,2.500187e-03,4.468562e+06,2.407124e+05,3.105079e+06,-5.397839e-01,-3.121561e-02,-3.094212e-01,6.038391e-18,750,3543
8.051364e-09,3.597813e-02,1.938067e-03,2.500025e-02,4.468631e+06,2.407164e+05,3.105118e+06,-5.204207e-03,-3.026580e-04,-3.186725e-03,6.038391e-18,750,35426
0.000000e+00,-1.293769e-07,3.569070e-08,2.488513e-07,0.000000e+00,0.000000e+00,0.000000e+00,6.686785e+07,-1.929075e+07,-1.023500e+08,6.150799e-18,751,0
5.615909e-10,-1.654722e-03,4.787283e-04,2.500321e-03,-2.946892e+06,8.525769e+05,4.452619e+06,7.833993e-01,-2.384588e-01,-1.060590e+00,6.150799e-18,751,2471
5.614773e-09,-1.654619e-02,4.787043e-03,2.500061e-02,-2.946962e+06,8.525981e+05,4.452713e+06,7.871326e-03,-2.349737e-03,-1.084906e-02,6.150799e-18,751,24705
0.000000e+00,-5.202550e-08,-6.506587e-08,2.494679e-07,0.000000e+00,0.000000e+00,0.000000e+00,2.850301e+07,3.846631e+07,-1.293136e+08,6.600825e-18,752,0
4.509091e-10,-5.550602e-04,-7.516373e-04,2.500176e-03,-1.231111e+06,-1.667143e+06,5.545240e+06,3.863482e-01,5.516290e-01,-1.662752e+00,6.600825e-18,752,1984
4.508409e-09,-5.550384e-03,-7.516202e-03,2.500038e-02,-1.231138e+06,-1.667182e+06,5.545358e+06,3.844319e-03,5.432132e-03,-1.672358e-02,6.600825e-18,752,19837
0.000000e+00,-2.373095e-07,8.397956e-08,3.806498e-07,0.000000e+00,0.000000e+00,0.000000e+00,3.901755e+07,-1.159165e+07,-3.847475e+07,3.948474e-18,753,0
1.225909e-09,-2.900674e-03,9.051806e-04,2.500393e-03,-2.367077e+06,7.386633e+05,2.040013e+06,5.976670e-01,-1.862969e-01,-3.609254e-01,3.948474e-18,753,5394
1.225477e-08,-2.900790e-02,9.052127e-03,2.500006e-02,-2.367192e+06,7.386992e+05,2.040083e+06,4.970057e-03,-1.463670e-03,-4.271519e-03,3.948474e-18,753,53921
0.000000e+00,-1.381719e-07,-7.788474e-08,2.914735e-07,0.000000e+00,0.000000e+00,0.000000e+00,4.530916e+07,1.999774e+07,-7.302378e+07,5.325227e-18,754,0
7.127273e-10,-1.605075e-03,-7.160863e-04,2.500774e-03,-2.252646e+06,-1.004976e+06,3.509449e+06,7.735033e-01,3.470351e-01,-1.056809e+00,5.325227e-18,754,3136
7.123636e-09,-1.604704e-02,-7.159101e-03,2.500017e-02,-2.252733e+06,-1.005015e+06,3.509568e+06,7.605324e-03,3.397129e-03,-1.077619e-02,5.325227e-18,754,31344
0.000000e+00,-1.269286e-07,2.545857e-08,5.641117e-07,0.000000e+00,0.000000e+00,0.000000e+00,1.516710e+07,-4.416138e+06,-3.973633e+07,3.257182e-18,755,0
9.479545e-10,-9.809985e-04,2.880075e-04,2.500186e-03,-1.035619e+06,3.040884e+05,2.638827e+06,6.475707e-01,-2.214017e-01,-1.414631e+00,3.257182e-18,755,4171
9.473864e-09,-9.811273e-03,2.880872e-03,2.500008e-02,-1.035716e+06,3.041216e+05,2.639039e+06,5.488162e-03,-1.520995e-03,-1.497140e-02,3.257182e-18,755,41685
0.000000e+00,1.369883e-07,-3.180068e-08,5.499537e-07,0.000000e+00,0.000000e+00,0.000000e+00,-1.843757e+07,1.108075e+06,-3.826654e+07,3.304349e-18,756,0
1.018409e-09,1.269182e-03,-7.809687e-05,2.500487e-03,1.247029e+06,-7.675034e+04,2.456387e+06,-6.259630e-01,7.036736e-02,-1.074717e+00,3.304349e-18,756,4481
1.017750e-08,1.269160e-02,-7.811459e-04,2.500007e-02,1.247130e+06,-7.676162e+04,2.456561e+06,-5.834007e-03,4.737788e-04,-1.223445e-02,3.304349e-18,756,44781
0.000000e+00,-1.812558e-09,5.800282e-08,3.814910e-07,0.000000e+00,0.000000e+00,0.000000e+00,1.420848e+05,-7.758229e+06,-6.518750e+07,4.717685e-18,757,0
6.806818e-10,2.137057e-05,3.202031e-04,2.500001e-03,3.142886e+04,4.706408e+05,3.674293e+06,-1.345982e-02,-2.888118e-01,-1.996952e+00,4.717685e-18,757,2995
6.804091e-09,2.138296e-04,3.202286e-03,2.500029e-02,3.143030e+04,4.706718e+05,3.674508e+06,-2.208138e-04,-2.915702e-03,-2.032086e-02,4.717685e-18,757,29938
0.000000e+00,-5.789083e-08,-2.288224e-08,5.505231e-07,0.000000e+00,0.000000e+00,0.000000e+00,6.930800e+06,2.361826e+06,-4.165495e+07,3.431019e-18,758,0
9.043182e-10,-3.729870e-04,-8.196205e-05,2.500411e-03,-4.126382e+05,-9.070914e+04,2.766599e+06,1.994784e-01,7.950289e-02,-1.695098e+00,3.431019e-18,758,3979
9.036364e-09,-3.728771e-03,-8.196892e-04,2.500015e-02,-4.126666e+05,-9.072047e+04,2.766841e+06,1.476569e-03,7.464759e-04,-1.786164e-02,3.431019e-18,758,39760
0.000000e+00,-1.199166e-07,-1.497002e-07,4.150652e-07,0.000000e+00,0.000000e+00,0.000000e+00,1.737232e+07,2.171807e+07,-4.742538e+07,4.007296e-18,759,0
9.300000e-10,-1.068940e-03,-1.286184e-03,2.500138e-03,-1.150031e+06,-1.383739e+06,2.689320e+06,5.410527e-01,6.480908e-01,-1.029629e+00,4.007296e-18,759,4092
9.296136e-09,-1.069081e-02,-1.286340e-02,2.500041e-02,-1.150110e+06,-1.383835e+06,2.689472e+06,4.972483e-03,6.169509e-03,-1.083975e-02,4.007296e-18,759,40903
0.000000e+00,-1.003999e-07,2.357356e-08,1.625269e-07,0.000000e+00,0.000000e+00,0.000000e+00,1.470776e+08,-3.501119e+07,-2.136329e+08,8.758738e-18,760,0
2.897727e-10,-1.723461e-03,4.102758e-04,2.500703e-03,-5.947580e+06,1.415842e+06,8.629713e+06,7.653037e-01,-1.816558e-01,-1.035933e+00,8.758738e-18,760,1275
2.897045e-09,-1.723050e-02,4.101781e-03,2.500082e-02,-5.947615e+06,1.415851e+06,8.629761e+06,7.601723e-03,-1.776541e-03,-1.041081e-02,8.758738e-18,760,12747
0.000000e+00,2.483651e-07,-1.616842e-08,4.565722e-07,0.000000e+00,0.000000e+00,0.000000e+00,-3.080463e+07,2.552460e+06,-3.521837e+07,3.494444e-18,761,0
1.217045e-09,2.462118e-03,-2.080424e-04,2.500079e-03,2.024080e+06,-1.710238e+05,2.054785e+06,-6.854664e-01,5.114996e-02,-4.924924e-01,3.494444e-18,761,5355
1.216682e-08,2.462653e-02,-2.080804e-03,2.500037e-02,2.024211e+06,-1.710336e+05,2.054880e+06,-5.890829e-03,6.429063e-04,-5.861934e-03,3.494444e-18,761,53534
0.000000e+00,2.596757e-07,7.785276e-08,5.123022e-07,0.000000e+00,0.000000e+00,0.000000e+00,-2.761259e+07,-7.882962e+06,-3.038460e+07,3.143973e-18,762,0
1.333864e-09,2.600252e-03,6.662086e-04,2.500026e-03,1.950430e+06,4.997059e+05,1.874768e+06,-5.962652e-01,-1.534223e-01,-4.154193e-01,3.143973e-18,762,5869
1.333500e-08,2.600888e-02,6.663568e-03,2.500025e-02,1.950555e+06,4.997381e+05,1.874857e+06,-5.176227e-03,-1.284979e-03,-5.081935e-03,3.143973e-18,762,58674
0.000000e+00,-7.635291e-08,-5.592957e-08,1.355304e-07,0.000000e+00,0.000000e+00,0.000000e+00,1.715262e+08,1.256065e+08,-2.844605e+08,1.010197e-17,763,0
2.190909e-10,-1.508027e-03,-1.104310e-03,2.500164e-03,-6.882936e+06,-5.040291e+06,1.141119e+07,6.145475e-01,4.498396e-01,-9.698256e-01,1.010197e-17,763,964
2.190909e-09,-1.507996e-02,-1.104287e-02,2.500101e-02,-6.882957e+06,-5.040307e+06,1.141122e+07,6.111536e-03,4.496900e-03,-9.750027e-03,1.010197e-17,763,9640
0.000000e+00,-1.447211e-07,-3.147683e-08,3.732015e-07,0.000000e+00,0.000000e+00,0.000000e+00,2.772914e+07,8.523946e+06,-5.280035e+07,4.517290e-18,764,0
8.477273e-10,-1.431744e-03,-4.699710e-04,2.500604e-03,-1.689749e+06,-5.546854e+05,2.950859e+06,7.757535e-01,2.547933e-01,-1.174328e+00,4.517290e-18,764,3730
8.472273e-09,-1.431597e-02,-4.699410e-03,2.500055e-02,-1.689853e+06,-5.547195e+05,2.951016e+06,7.263624e-03,2.667994e-03,-1.216438e-02,4.517290e-18,764,37278
0.000000e+00,-6.661304e-08,-2.609138e-07,4.398682e-07,0.000000e+00,0.000000e+00,0.000000e+00,8.769704e+06,3.372184e+07,-3.543273e+07,3.513525e-18,765,0
1.231136e-09,-6.809470e-04,-2.594007e-03,2.500058e-03,-5.533400e+05,-2.107926e+06,2.031178e+06,1.543043e-01,6.100266e-01,-4.375738e-01,3.513525e-18,765,5417
1.230818e-08,-6.810594e-03,-2.594468e-02,2.500029e-02,-5.533699e+05,-2.108044e+06,2.031264e+06,1.311148e-03,5.289300e-03,-5.129261e-03,3.513525e-18,765,54156
0.000000e+00,-4.635221e-08,-3.280139e-08,1.387518e-07,0.000000e+00,0.000000e+00,0.000000e+00,1.383783e+08,1.005589e+08,-3.965550e+08,1.110891e-17,766,0
1.575000e-10,-8.726088e-04,-6.341382e-04,2.500400e-03,-5.540183e+06,-4.026142e+06,1.587496e+07,5.325313e-01,3.904117e-01,-1.482728e+00,1.110891e-17,766,693
1.575000e-09,-8.725833e-03,-6.341206e-03,2.500320e-02,-5.540196e+06,-4.026152e+06,1.587500e+07,5.322137e-03,3.884657e-03,-1.485212e-02,1.110891e-17,766,6930
0.000000e+00,-2.807587e-08,-1.967265e-07,5.204270e-07,0.000000e+00,0.000000e+00,0.000000e+00,2.044475e+06,2.267256e+07,-3.668385e+07,3.329974e-18,767,0
1.100682e-09,-1.916696e-04,-1.721142e-03,2.500273e-03,-1.741925e+05,-1.564752e+06,2.272460e+06,4.360922e-02,7.580749e-01,-8.197198e-01,3.329974e-18,767,4843
1.100136e-08,-1.916356e-03,-1.721433e-02,2.500035e-02,-1.742001e+05,-1.564884e+06,2.272604e+06,4.406352e-04,6.112794e-03,-9.411729e-03,3.329974e-18,767,48406
0.000000e+00,6.148040e-08,-9.319244e-08,5.976331e-07,0.000000e+00,0.000000e+00,0.000000e+00,-2.077177e+06,1.515072e+07,-4.386385e+07,3.109466e-18,768,0
8.579545e-10,2.676119e-04,-8.137875e-04,2.500286e-03,3.122028e+05,-9.491319e+05,2.915669e+06,-2.163873e-01,6.013604e-01,-1.604489e+00,3.109466e-18,768,3775
8.574318e-09,2.676869e-03,-8.138155e-03,2.500003e-02,3.122321e+05,-9.492133e+05,2.915886e+06,-2.265791e-03,5.512152e-03,-1.665185e-02,3.109466e-18,768,37727
0.000000e+00,-1.905467e-07,-8.777397e-12,3.905790e-07,0.000000e+00,0.000000e+00,0.000000e+00,3.503245e+07,1.817195e+06,-4.213468e+07,4.189223e-18,769,0
1.046364e-09,-1.177723e-03,-9.114950e-05,2.500508e-03,-1.126180e+06,-8.716899e+04,2.390797e+06,6.228324e-01,3.810158e-02,-9.614551e-01,4.189223e-18,769,4604
1.045682e-08,-1.177639e-02,-9.114980e-04,2.500024e-02,-1.126282e+06,-8.717523e+04,2.390957e+06,5.251414e-03,2.787431e-04,-1.216320e-02,4.189223e-18,769,46010
0.000000e+00,9.871395e-09,-2.050083e-07,4.307169e-07,0.000000e+00,0.000000e+00,0.000000e+00,-2.943437e+06,3.039640e+07,-4.116848e+07,3.852804e-18,770,0
1.080682e-09,2.036638e-04,-1.972744e-03,2.500007e-03,1.885699e+05,-1.826450e+06,2.314159e+06,-7.584430e-02,7.415243e-01,-7.401414e-01,3.852804e-18,770,4755
1.080318e-08,2.037139e-03,-1.973142e-02,2.500043e-02,1.885828e+05,-1.826577e+06,2.314286e+06,-6.277432e-04,6.312977e-03,-8.402339e-03,3.852804e-18,770,47534
0.000000e+00,1.741818e-07,-2.036120e-07,5.172187e-07,0.000000e+00,0.000000e+00,0.000000e+00,-2.218535e+07,1.979282e+07,-3.414072e+07,3.142386e-18,771,0
1.153409e-09,1.621087e-03,-1.490781e-03,2.500300e-03,1.406173e+06,-1.293118e+06,2.168402e+06,-4.982112e-01,4.644842e-01,-6.079558e-01,3.142386e-18,771,5075
1.152932e-08,1.621219e-02,-1.490879e-02,2.500039e-02,1.406263e+06,-1.293203e+06,2.168513e+06,-4.495164e-03,3.930333e-03,-7.074041e-03,3.142386e-18,771,50729
0.000000e+00,-1.393863e-08,-4.976017e-08,3.862190e-07,0.000000e+00,0.000000e+00,0.000000e+00,5.118890e+06,1.377332e+07,-6.081722e+07,4.681388e-18,772,0
7.331818e-10,-2.470347e-04,-6.179203e-04,2.500544e-03,-3.371473e+05,-8.432836e+05,3.411995e+06,2.053415e-01,5.037317e-01,-1.797577e+00,4.681388e-18,772,3226
7.327273e-09,-2.470345e-03,-6.178927e-03,2.500069e-02,-3.371711e+05,-8.433419e+05,3.412204e+06,1.862545e-03,4.940060e-03,-1.828817e-02,4.681388e-18,772,32240
0.000000e+00,-2.640284e-08,-1.571355e-07,1.657095e-07,0.000000e+00,0.000000e+00,0.000000e+00,2.267649e+07,1.386977e+08,-1.241651e+08,7.362641e-18,773,0
4.909091e-10,-4.584650e-04,-2.804721e-03,2.501135e-03,-9.339291e+05,-5.713450e+06,5.094924e+06,1.052752e-01,6.493373e-01,-5.176654e-01,7.362641e-18,773,2160
4.906818e-09,-4.582641e-03,-2.803498e-02,2.500000e-02,-9.339373e+05,-5.713500e+06,5.094964e+06,1.061306e-03,6.408514e-03,-5.254300e-03,7.362641e-18,773,21590
0.000000e+00,9.407287e-08,-1.496110e-07,4.120850e-07,0.000000e+00,0.000000e+00,0.000000e+00,-1.541404e+07,2.501998e+07,-4.276072e+07,4.080932e-18,774,0
1.006591e-09,9.546227e-04,-1.560732e-03,2.500097e-03,9.489229e+05,-1.551320e+06,2.484686e+06,-4.312778e-01,6.368531e-01,-8.989669e-01,4.080932e-18,774,4429
1.006182e-08,9.547849e-03,-1.560904e-02,2.500056e-02,9.489914e+05,-1.551421e+06,2.484829e+06,-3.740886e-03,5.622031e-03,-9.647304e-03,4.080932e-18,774,44272
0.000000e+00,-1.855500e-07,-1.493844e-07,5.508403e-07,0.000000e+00,0.000000e+00,0.000000e+00,1.895922e+07,1.589492e+07,-3.385933e+07,3.074294e-18,775,0
1.144545e-09,-1.484240e-03,-1.262226e-03,2.500441e-03,-1.297520e+06,-1.103492e+06,2.185401e+06,5.236325e-01,4.788038e-01,-6.902514e-01,3.074294e-18,775,5036
1.143955e-08,-1.484302e-02,-1.262342e-02,2.500021e-02,-1.297615e+06,-1.103579e+06,2.185526e+06,4.458080e-03,3.888807e-03,-8.222028e-03,3.074294e-18,775,50334
0.000000e+00,-2.249083e-07,-3.261739e-08,2.197306e-07,0.000000e+00,0.000000e+00,0.000000e+00,8.313933e+07,1.340643e+07,-6.053672e+07,5.456898e-18,776,0
9.300000e-10,-3.531537e-03,-5.723461e-04,2.500082e-03,-3.797864e+06,-6.155175e+05,2.688450e+06,5.409538e-01,9.095919e-02,-3.033159e-01,5.456898e-18,776,4092
9.299091e-09,-3.531675e-02,-5.723760e-03,2.500028e-02,-3.797943e+06,-6.155308e+05,2.688495e+06,5.041375e-03,8.536820e-04,-3.167514e-03,5.456898e-18,776,40916
0.000000e+00,-1.697250e-07,-1.921247e-07,4.308772e-07,0.000000e+00,0.000000e+00,0.000000e+00,2.484243e+07,2.755196e+07,-3.717336e+07,3.626416e-18,777,0
1.167955e-09,-1.765022e-03,-1.950100e-03,2.500231e-03,-1.511868e+06,-1.670366e+06,2.141212e+06,4.573817e-01,4.864565e-01,-4.838627e-01,3.626416e-18,777,5139
1.167568e-08,-1.765205e-02,-1.950263e-02,2.500028e-02,-1.511952e+06,-1.670456e+06,2.141302e+06,3.842954e-03,4.245919e-03,-5.545051e-03,3.626416e-18,777,51373
0.000000e+00,-1.810379e-07,-1.539108e-07,4.935674e-07,0.000000e+00,0.000000e+00,0.000000e+00,2.102455e+07,1.898385e+07,-3.506608e+07,3.358233e-18,778,0
1.198409e-09,-1.737074e-03,-1.521420e-03,2.500461e-03,-1.450258e+06,-1.270254e+06,2.087058e+06,5.119602e-01,4.751744e-01,-5.316401e-01,3.358233e-18,778,5273
1.197864e-08,-1.737205e-02,-1.521585e-02,2.500032e-02,-1.450355e+06,-1.270344e+06,2.087159e+06,4.357729e-03,3.799101e-03,-6.524513e-03,3.358233e-18,778,52706
0.000000e+00,-1.352534e-07,-1.836643e-07,3.022087e-07,0.000000e+00,0.000000e+00,0.000000e+00,3.435398e+07,4.185553e+07,-4.919322e+07,4.669529e-18,779,0
1.024773e-09,-1.873710e-03,-2.271693e-03,2.500424e-03,-1.828961e+06,-2.217398e+06,2.440386e+06,4.339788e-01,5.103286e-01,-4.431587e-01,4.669529e-18,779,4509
1.024432e-08,-1.873643e-02,-2.271573e-02,2.500022e-02,-1.829031e+06,-2.217481e+06,2.440458e+06,3.858929e-03,4.539020e-03,-4.791837e-03,4.669529e-18,779,45075
0.000000e+00,2.328199e-07,6.662949e-08,4.791380e-07,0.000000e+00,0.000000e+00,0.000000e+00,-2.642602e+07,-7.962993e+06,-3.445626e+07,3.406049e-18,780,0
1.174773e-09,2.058446e-03,5.238113e-04,2.500052e-03,1.753228e+06,4.461075e+05,2.128880e+06,-7.005708e-01,-1.685219e-01,-6.479325e-01,3.406049e-18,780,5169
1.174341e-08,2.058881e-02,5.238832e-03,2.500046e-02,1.753358e+06,4.461387e+05,2.129001e+06,-5.756039e-03,-1.319281e-03,-7.394324e-03,3.406049e-18,780,51671
0.000000e+00,1.016563e-07,-8.126407e-09,3.818768e-07,0.000000e+00,0.000000e+00,0.000000e+00,-2.255532e+07,1.517372e+06,-6.076461e+07,4.594617e-18,781,0
7.470455e-10,9.985738e-04,-5.498902e-05,2.500570e-03,1.337377e+06,-7.365307e+04,3.348528e+06,-7.237286e-01,5.514819e-02,-1.561499e+00,4.594617e-18,781,3287
7.466136e-09,9.985007e-03,-5.499069e-04,2.500066e-02,1.337463e+06,-7.365956e+04,3.348713e+06,-6.848860e-03,4.424472e-04,-1.612362e-02,4.594617e-18,781,32851
0.000000e+00,-2.171993e-07,1.542737e-08,2.607696e-07,0.000000e+00,0.000000e+00,0.000000e+00,6.770373e+07,-6.598412e+06,-5.874196e+07,5.137853e-18,782,0
9.186364e-10,-3.006450e-03,2.996840e-04,2.500468e-03,-3.273402e+06,3.263146e+05,2.722254e+06,6.567632e-01,-7.638217e-02,-4.351159e-01,5.137853e-18,782,4042
9.183636e-09,-3.006177e-02,2.996750e-03,2.500033e-02,-3.273497e+06,3.263257e+05,2.722318e+06,6.181464e-03,-7.021687e-04,-4.530689e-03,5.137853e-18,782,40408
0.000000e+00,-2.601925e-07,1.002338e-07,3.693924e-07,0.000000e+00,0.000000e+00,0.000000e+00,4.296267e+07,-1.635201e+07,-3.331466e+07,3.862871e-18,783,0
1.406591e-09,-3.545439e-03,1.368851e-03,2.500104e-03,-2.521406e+06,9.734868e+05,1.777651e+06,4.563227e-01,-1.765194e-01,-2.138686e-01,3.862871e-18,783,6189
1.406341e-08,-3.545947e-02,1.369051e-02,2.500001e-02,-2.521506e+06,9.735258e+05,1.777700e+06,3.770523e-03,-1.459715e-03,-2.658465e-03,3.862871e-18,783,61879
0.000000e+00,2.077640e-08,6.583838e-08,1.723769e-07,0.000000e+00,0.000000e+00,0.000000e+00,-3.673311e+07,-1.075537e+08,-2.549644e+08,9.084575e-18,784,0
2.431818e-10,3.606315e-04,1.055535e-03,2.500339e-03,1.482959e+06,4.340458e+06,1.028153e+07,-2.339333e-01,-6.608577e-01,-1.478175e+00,9.084575e-18,784,1070
2.431591e-09,3.605969e-03,1.055428e-02,2.500063e-02,1.482968e+06,4.340484e+06,1.028158e+07,-2.322733e-03,-6.599994e-03,-1.481913e-02,9.084575e-18,784,10699
0.000000e+00,4.803702e-08,1.982070e-07,5.970218e-07,0.000000e+00,0.000000e+00,0.000000e+00,-4.787028e+06,-1.950516e+07,-3.452766e+07,2.934537e-18,785,0
1.062045e-09,3.080027e-04,1.433473e-03,2.500090e-03,2.902059e+05,1.350626e+06,2.355005e+06,-1.667361e-01,-7.036468e-01,-9.489720e-01,2.934537e-18,785,4673
1.061568e-08,3.080745e-03,1.433779e-02,2.500021e-02,2.902338e+05,1.350744e+06,2.355165e+06,-1.121265e-03,-5.847562e-03,-1.065577e-02,2.934537e-18,785,46709
0.000000e+00,-1.431642e-07,-1.899171e-07,4.084044e-07,0.000000e+00,0.000000e+00,0.000000e+00,2.251901e+07,3.240404e+07,-4.015389e+07,3.849535e-18,786,0
1.101364e-09,-1.608987e-03,-2.112767e-03,2.500211e-03,-1.461558e+06,-1.919092e+06,2.270659e+06,4.474721e-01,5.589398e-01,-5.263178e-01,3.849535e-18,786,4846
1.101000e-08,-1.609167e-02,-2.112915e-02,2.500010e-02,-1.461635e+06,-1.919189e+06,2.270751e+06,3.849179e-03,4.860350e-03,-5.816363e-03,3.849535e-18,786,48444
0.000000e+00,-1.575182e-07,2.087573e-07,5.341804e-07,0.000000e+00,0.000000e+00,0.000000e+00,1.709813e+07,-2.236897e+07,-3.127356e+07,3.083074e-18,787,0
1.272727e-09,-1.537494e-03,1.981120e-03,2.500343e-03,-1.208692e+06,1.557398e+06,1.965084e+06,4.072771e-01,-4.987565e-01,-4.717489e-01,3.083074e-18,787,5600
1.272205e-08,-1.537697e-02,1.981321e-02,2.500011e-02,-1.208773e+06,1.557498e+06,1.965180e+06,3.534629e-03,-4.284515e-03,-5.728396e-03,3.083074e-18,787,55977
0.000000e+00,2.776442e-08,-3.846136e-08,3.511299e-07,0.000000e+00,0.000000e+00,0.000000e+00,-8.301221e+06,8.550510e+06,-7.361206e+07,5.083468e-18,788,0
6.418182e-10,2.908191e-04,-3.222451e-04,2.500555e-03,4.532970e+05,-5.023089e+05,3.897397e+06,-2.277951e-01,2.909955e-01,-1.956990e+00,5.083468e-18,788,2824
6.414545e-09,2.907690e-03,-3.222078e-03,2.500011e-02,4.533201e+05,-5.023384e+05,3.897596e+06,-2.293293e-03,2.799341e-03,-1.986266e-02,5.083468e-18,788,28224
0.000000e+00,3.528380e-08,2.501071e-07,5.446592e-07,0.000000e+00,0.000000e+00,0.000000e+00,-4.806303e+06,-2.450988e+07,-3.243689e+07,3.053294e-18,789,0
1.113864e-09,7.016690e-04,1.743610e-03,2.500260e-03,6.303307e+05,1.566245e+06,2.245475e+06,-2.218859e-01,-6.709715e-01,-7.484007e-01,3.053294e-18,789,4901
1.113364e-08,7.017763e-03,1.743801e-02,2.500051e-02,6.303696e+05,1.566363e+06,2.245608e+06,-1.989522e-03,-5.689934e-03,-8.544758e-03,3.053294e-18,789,48988
0.000000e+00,-2.191809e-08,1.877012e-07,5.094292e-07,0.000000e+00,0.000000e+00,0.000000e+00,6.238113e+06,-2.485956e+07,-3.344462e+07,3.427400e-18,790,0
1.191364e-09,-4.755993e-04,1.922396e-03,2.500194e-03,-3.994763e+05,1.614562e+06,2.099402e+06,1.686066e-01,-6.367167e-01,-6.815243e-01,3.427400e-18,790,5242
1.190818e-08,-4.756995e-03,1.922643e-02,2.500024e-02,-3.995079e+05,1.614681e+06,2.099531e+06,1.286111e-03,-5.625132e-03,-7.971636e-03,3.427400e-18,790,52396
0.000000e+00,-1.956056e-07,1.829460e-07,4.084268e-07,0.000000e+00,0.000000e+00,0.000000e+00,2.672209e+07,-2.615310e+07,-3.279771e+07,3.697196e-18,791,0
1.370909e-09,-2.355447e-03,2.214118e-03,2.500081e-03,-1.718877e+06,1.615734e+06,1.824006e+06,4.043750e-01,-3.781720e-01,-2.890825e-01,3.697196e-18,791,6032
1.370614e-08,-2.355908e-02,2.214540e-02,2.500026e-02,-1.718964e+06,1.615816e+06,1.824070e+06,3.433452e-03,-3.267036e-03,-3.668261e-03,3.697196e-18,791,60307
0.000000e+00,-1.862502e-07,2.037946e-08,4.076845e-07,0.000000e+00,0.000000e+00,0.000000e+00,3.199104e+07,-4.547584e+06,-4.251928e+07,4.082586e-18,792,0
1.050909e-09,-2.099605e-03,1.700517e-04,2.500422e-03,-1.998973e+06,1.618307e+05,2.380098e+06,7.962392e-01,-3.161504e-02,-7.475104e-01,4.082586e-18,792,4624
1.050386e-08,-2.099684e-02,1.699871e-03,2.500035e-02,-1.999104e+06,1.618359e+05,2.380222e+06,6.799387e-03,-2.902085e-04,-8.078212e-03,4.082586e-18,792,46217
0.000000e+00,9.350461e-08,-1.932213e-07,5.632580e-07,0.000000e+00,0.000000e+00,0.000000e+00,-1.114022e+07,1.896026e+07,-3.759801e+07,3.081369e-18,793,0
1.029545e-09,8.343041e-04,-1.347717e-03,2.500130e-03,8.109145e+05,-1.309828e+06,2.429369e+06,-4.204976e-01,6.346640e-01,-9.809343e-01,3.081369e-18,793,4530
1.029068e-08,8.344818e-03,-1.347900e-02,2.500007e-02,8.109828e+05,-1.309931e+06,2.429529e+06,-3.784452e-03,5.603553e-03,-1.071104e-02,3.081369e-18,793,45279
0.000000e+00,-5.457709e-08,5.202688e-08,5.368365e-07,0.000000e+00,0.000000e+00,0.000000e+00,3.733171e+06,-8.625448e+06,-4.024027e+07,3.479277e-18,794,0
9.784091e-10,-2.767698e-04,4.905812e-04,2.500074e-03,-2.830391e+05,5.017330e+05,2.556601e+06,1.528319e-01,-2.887749e-01,-1.348138e+00,3.479277e-18,794,4305
9.778636e-09,-2.767750e-03,4.906271e-03,2.500026e-02,-2.830625e+05,5.017776e+05,2.556810e+06,1.581637e-03,-2.650038e-03,-1.564515e-02,3.479277e-18,794,43026
0.000000e+00,1.631700e-07,-8.210398e-08,2.891013e-07,0.000000e+00,0.000000e+00,0.000000e+00,-4.784884e+07,2.473085e+07,-7.029841e+07,5.159251e-18,795,0
7.525000e-10,1.760410e-03,-9.130494e-04,2.500049e-03,2.339984e+06,-1.213665e+06,3.322923e+06,-7.046412e-01,3.775432e-01,-8.847938e-01,5.159251e-18,795,3311
7.523636e-09,1.760523e-02,-9.131191e-03,2.500060e-02,2.340068e+06,-1.213710e+06,3.323028e+06,-6.834259e-03,3.764821e-03,-9.185438e-03,5.159251e-18,795,33104
0.000000e+00,-3.066899e-08,1.921901e-07,2.672774e-07,0.000000e+00,0.000000e+00,0.000000e+00,1.016175e+07,-6.344221e+07,-6.748660e+07,5.282777e-18,796,0
7.995455e-10,-3.881695e-04,2.427954e-03,2.500220e-03,-4.855922e+05,3.037315e+06,3.127490e+06,1.206313e-01,-7.475777e-01,-6.489713e-01,5.282777e-18,796,3518
7.993636e-09,-3.881655e-03,2.427924e-02,2.500015e-02,-4.856075e+05,3.037410e+06,3.127572e+06,1.166108e-03,-7.180482e-03,-6.657712e-03,5.282777e-18,796,35172
0.000000e+00,1.881485e-07,5.571994e-08,5.458053e-07,0.000000e+00,0.000000e+00,0.000000e+00,-1.926903e+07,-5.730680e+06,-3.474988e+07,3.194704e-18,797,0
1.152727e-09,1.534688e-03,5.849436e-04,2.500228e-03,1.332269e+06,5.077958e+05,2.169884e+06,-6.440607e-01,-2.330843e-01,-8.028989e-01,3.194704e-18,797,5072
1.152136e-08,1.534951e-02,5.850457e-03,2.500022e-02,1.332386e+06,5.078381e+05,2.170031e+06,-5.378709e-03,-2.018338e-03,-9.537176e-03,3.194704e-18,797,50694
0.000000e+00,-1.803810e-08,2.257818e-07,2.655373e-07,0.000000e+00,0.000000e+00,0.000000e+00,4.260370e+06,-6.604398e+07,-5.569842e+07,4.996876e-18,798,0
9.604545e-10,-1.976522e-04,3.096829e-03,2.500130e-03,-2.058283e+05,3.225018e+06,2.603379e+06,3.951987e-02,-6.341574e-01,-4.009352e-01,4.996876e-18,798,4226
9.602955e-09,-1.976567e-03,3.096974e-02,2.500027e-02,-2.058343e+05,3.225114e+06,2.603440e+06,3.192970e-04,-5.857022e-03,-4.227662e-03,4.996876e-18,798,42253
0.000000e+00,1.881152e-07,-9.024152e-09,5.920141e-07,0.000000e+00,0.000000e+00,0.000000e+00,-1.978699e+07,2.224579e+05,-3.354908e+07,2.989383e-18,799,0
1.084318e-09,1.555785e-03,-2.215664e-05,2.500274e-03,1.435735e+06,-2.040313e+04,2.306794e+06,-6.942797e-01,-1.364099e-02,-9.010575e-01,2.989383e-18,799,4771
1.083750e-08,1.555973e-02,-2.211334e-04,2.500010e-02,1.435854e+06,-2.040083e+04,2.306949e+06,-5.515681e-03,2.475644e-06,-1.064516e-02,2.989383e-18,799,47685
0.000000e+00,9.748822e-08,1.438149e-07,2.395659e-07,0.000000e+00,0.000000e+00,0.000000e+00,-3.833855e+07,-6.017090e+07,-8.252958e+07,5.865762e-18,800,0
6.765909e-10,1.157313e-03,1.827239e-03,2.500839e-03,1.710746e+06,2.701080e+06,3.696701e+06,-3.973416e-01,-6.588430e-01,-8.347809e-01,5.865762e-18,800,2977
6.762955e-09,1.156975e-02,1.826735e-02,2.500076e-02,1.710788e+06,2.701151e+06,3.696791e+06,-3.890908e-03,-6.348066e-03,-8.518532e-03,5.865762e-18,800,29757
0.000000e+00,-2.285954e-07,-1.096851e-09,4.932093e-07,0.000000e+00,0.000000e+00,0.000000e+00,2.858071e+07,1.364833e+06,-3.479925e+07,3.406629e-18,801,0
1.169773e-09,-2.123509e-03,4.309121e-05,2.500313e-03,-1.816324e+06,3.686896e+04,2.138095e+06,6.972639e-01,-8.969207e-03,-5.970413e-01,3.406629e-18,801,5147
1.169273e-08,-2.123772e-02,4.310759e-04,2.500035e-02,-1.816452e+06,3.687062e+04,2.138206e+06,5.847047e-03,-1.808191e-04,-7.275335e-03,3.406629e-18,801,51448
0.000000e+00,2.027826e-07,-6.942207e-08,2.230722e-07,0.000000e+00,0.000000e+00,0.000000e+00,-7.839264e+07,2.590048e+07,-6.358283e+07,5.588068e-18,802,0
8.795455e-10,3.149576e-03,-1.036715e-03,2.500638e-03,3.581429e+06,-1.178850e+06,2.843341e+06,-5.699865e-01,1.786341e-01,-3.706093e-01,5.588068e-18,802,3870
8.792500e-09,3.148978e-02,-1.036506e-02,2.500020e-02,3.581508e+06,-1.178875e+06,2.843392e+06,-5.306450e-03,1.644673e-03,-3.857190e-03,5.588068e-18,802,38687
0.000000e+00,2.070373e-07,2.024796e-07,3.524387e-07,0.000000e+00,0.000000e+00,0.000000e+00,-3.318505e+07,-3.148639e+07,-3.382648e+07,3.888644e-18,803,0
1.392045e-09,2.717182e-03,2.565222e-03,2.500029e-03,1.952572e+06,1.843355e+06,1.796186e+06,-3.629423e-01,-3.361652e-01,-2.207195e-01,3.888644e-18,803,6125
1.391841e-08,2.717663e-02,2.565652e-02,2.500022e-02,1.952651e+06,1.843429e+06,1.796236e+06,-3.023680e-03,-2.845997e-03,-2.753656e-03,3.888644e-18,803,61241
0.000000e+00,1.293672e-07,7.851230e-08,2.497852e-07,0.000000e+00,0.000000e+00,0.000000e+00,-5.987993e+07,-3.519102e+07,-9.129903e+07,5.953239e-18,804,0
6.197727e-10,1.670080e-03,9.810475e-04,2.500424e-03,2.695101e+06,1.583164e+06,4.034859e+06,-7.192869e-01,-4.186572e-01,-9.390367e-01,5.953239e-18,804,2727
6.196136e-09,1.669927e-02,9.809535e-03,2.500069e-02,2.695171e+06,1.583205e+06,4.034951e+06,-6.999631e-03,-4.144405e-03,-9.528991e-03,5.953239e-18,804,27263
0.000000e+00,-1.504074e-07,1.741068e-07,5.206838e-07,0.000000e+00,0.000000e+00,0.000000e+00,1.638190e+07,-2.056447e+07,-3.259182e+07,3.246065e-18,805,0
1.284545e-09,-1.334673e-03,1.924482e-03,2.500292e-03,-1.039598e+06,1.499030e+06,1.947031e+06,3.655483e-01,-5.129719e-01,-5.044299e-01,3.246065e-18,805,5652
1.284000e-08,-1.334841e-02,1.924745e-02,2.500011e-02,-1.039672e+06,1.499134e+06,1.947135e+06,3.304134e-03,-4.627416e-03,-6.243501e-03,3.246065e-18,805,56496
0.000000e+00,-5.548530e-08,4.127499e-08,2.038726e-07,0.000000e+00,0.000000e+00,0.000000e+00,6.137103e+07,-4.793708e+07,-1.973197e+08,7.941385e-18,806,0
3.104545e-10,-7.792377e-04,6.088421e-04,2.500061e-03,-2.510031e+06,1.961172e+06,8.052903e+06,5.296948e-01,-4.188636e-01,-1.576043e+00,7.941385e-18,806,1366
3.104545e-09,-7.792552e-03,6.088583e-03,2.500078e-02,-2.510057e+06,1.961193e+06,8.052980e+06,5.162560e-03,-4.119573e-03,-1.596614e-02,7.941385e-18,806,13660
0.000000e+00,-9.699526e-09,4.425202e-08,4.585908e-07,0.000000e+00,0.000000e+00,0.000000e+00,4.475444e+05,-8.436770e+06,-5.082659e+07,4.033799e-18,807,0
8.481818e-10,-5.133625e-05,4.638413e-04,2.500211e-03,-6.053480e+04,5.473052e+05,2.949432e+06,1.328540e-02,-3.997253e-01,-1.817234e+00,4.033799e-18,807,3732
8.476364e-09,-5.131180e-04,4.639123e-03,2.500055e-02,-6.053656e+04,5.473587e+05,2.949676e+06,-7.252381e-05,-3.703703e-03,-1.884229e-02,4.033799e-18,807,37296
0.000000e+00,7.198124e-08,-7.552533e-08,3.266621e-07,0.000000e+00,0.000000e+00,0.000000e+00,-2.190662e+07,2.133281e+07,-7.660603e+07,5.202534e-18,808,0
6.527273e-10,7.478215e-04,-7.285164e-04,2.500796e-03,1.146092e+06,-1.116491e+06,3.832327e+06,-5.248474e-01,5.036290e-01,-1.564447e+00,5.202534e-18,808,2872
6.523636e-09,7.476687e-03,-7.283586e-03,2.500082e-02,1.146146e+06,-1.116543e+06,3.832488e+06,-5.125382e-03,4.855817e-03,-1.590558e-02,5.202534e-18,808,28704
0.000000e+00,-2.375243e-07,5.484650e-08,2.915697e-07,0.000000e+00,0.000000e+00,0.000000e+00,5.655827e+07,-1.362225e+07,-4.644940e+07,4.624108e-18,809,0
1.101364e-09,-3.249416e-03,7.797039e-04,2.500218e-03,-2.951119e+06,7.081332e+05,2.270420e+06,5.796018e-01,-1.429945e-01,-3.341155e-01,4.624108e-18,809,4846
1.101114e-08,-3.249516e-02,7.797347e-03,2.500004e-02,-2.951219e+06,7.081581e+05,2.270478e+06,5.039968e-03,-1.218256e-03,-3.647483e-03,4.624108e-18,809,48449
0.000000e+00,5.883485e-08,1.657594e-07,4.935190e-07,0.000000e+00,0.000000e+00,0.000000e+00,-5.568050e+06,-2.324548e+07,-4.216074e+07,3.554475e-18,810,0
9.577273e-10,3.181154e-04,1.491336e-03,2.500111e-03,3.323029e+05,1.558064e+06,2.611540e+06,-1.537689e-01,-7.498862e-01,-1.088173e+00,3.554475e-18,810,4214
9.572955e-09,3.181146e-03,1.491522e-02,2.500030e-02,3.323261e+05,1.558178e+06,2.611705e+06,-1.443265e-03,-6.908032e-03,-1.146958e-02,3.554475e-18,810,42121
0.000000e+00,-6.160564e-08,2.739747e-07,3.836657e-07,0.000000e+00,0.000000e+00,0.000000e+00,7.691932e+06,-3.991517e+07,-3.509763e+07,3.758549e-18,811,0
1.301136e-09,-5.916300e-04,3.145655e-03,2.500286e-03,-4.548559e+05,2.418548e+06,1.921972e+06,1.001853e-01,-5.697525e-01,-3.118355e-01,3.758549e-18,811,5725
1.300750e-08,-5.916538e-03,3.145919e-02,2.500021e-02,-4.548764e+05,2.418664e+06,1.922037e+06,8.209283e-04,-4.753423e-03,-3.746975e-03,3.758549e-18,811,57233
0.000000e+00,-1.513045e-07,7.713376e-08,6.343731e-07,0.000000e+00,0.000000e+00,0.000000e+00,1.431540e+07,-6.912606e+06,-3.537831e+07,2.834648e-18,812,0
1.010227e-09,-1.092731e-03,5.709335e-04,2.500414e-03,-1.082470e+06,5.655396e+05,2.476224e+06,6.349192e-01,-3.099292e-01,-1.136510e+00,2.834648e-18,812,4445
1.009614e-08,-1.092872e-02,5.709746e-03,2.500052e-02,-1.082571e+06,5.655890e+05,2.476406e+06,5.405481e-03,-2.552284e-03,-1.273265e-02,2.834648e-18,812,44423
0.000000e+00,3.368241e-08,-4.015298e-08,4.576779e-07,0.000000e+00,0.000000e+00,0.000000e+00,-8.018138e+06,4.639940e+06,-4.914276e+07,4.043710e-18,813,0
8.540909e-10,4.661358e-04,-2.880567e-04,2.500613e-03,5.461697e+05,-3.374623e+05,2.929395e+06,-3.443868e-01,1.769077e-01,-1.693865e+00,4.043710e-18,813,3758
8.534318e-09,4.661138e-03,-2.879995e-03,2.500048e-02,5.462162e+05,-3.374861e+05,2.929623e+06,-3.716671e-03,2.016437e-03,-1.790787e-02,4.043710e-18,813,37551
0.000000e+00,1.388244e-07,-1.516927e-07,5.785282e-07,0.000000e+00,0.000000e+00,0.000000e+00,-1.504059e+07,1.503218e+07,-3.388000e+07,3.023634e-18,814,0
1.153636e-09,1.291517e-03,-1.300394e-03,2.500123e-03,1.120208e+06,-1.127980e+06,2.167958e+06,-4.721123e-01,5.269125e-01,-7.345006e-01,3.023634e-18,814,5076
1.153159e-08,1.291773e-02,-1.300734e-02,2.500024e-02,1.120294e+06,-1.128075e+06,2.168092e+06,-4.272472e-03,4.211878e-03,-8.579874e-03,3.023634e-18,814,50739
0.000000e+00,-3.999768e-08,1.353142e-07,2.135938e-07,0.000000e+00,0.000000e+00,0.000000e+00,2.797226e+07,-8.938608e+07,-1.165490e+08,6.715454e-18,815,0
5.097727e-10,-6.057945e-04,1.933512e-03,2.500631e-03,-1.188461e+06,3.793179e+06,4.905599e+06,2.454922e-01,-7.693846e-01,-8.823910e-01,6.715454e-18,815,2243
5.096364e-09,-6.056852e-03,1.933151e-02,2.500088e-02,-1.188480e+06,3.793241e+06,4.905670e+06,2.373870e-03,-7.476910e-03,-8.981408e-03,6.715454e-18,815,22424
0.000000e+00,-7.058331e-08,-2.606717e-07,3.220649e-07,0.000000e+00,0.000000e+00,0.000000e+00,1.212296e+07,4.996905e+07,-3.925900e+07,4.213976e-18,816,0
1.275227e-09,-8.033203e-04,-3.520252e-03,2.500017e-03,-6.300981e+05,-2.761305e+06,1.960692e+06,1.079720e-01,5.191346e-01,-2.450113e-01,4.213976e-18,816,5611
1.275068e-08,-8.034189e-03,-3.520847e-02,2.500032e-02,-6.301198e+05,-2.761409e+06,1.960742e+06,9.550024e-04,4.300338e-03,-2.978406e-03,4.213976e-18,816,56103
0.000000e+00,-1.125700e-08,-2.612321e-07,5.190238e-07,0.000000e+00,0.000000e+00,0.000000e+00,1.387886e+06,2.642809e+07,-3.249417e+07,3.144643e-18,817,0
1.229545e-09,-2.016390e-04,-2.212085e-03,2.500323e-03,-1.641170e+05,-1.800136e+06,2.034187e+06,6.972242e-02,6.796538e-01,-5.653371e-01,3.144643e-18,817,5410
1.229000e-08,-2.016972e-03,-2.212361e-02,2.500036e-02,-1.641305e+05,-1.800267e+06,2.034297e+06,5.517336e-04,5.909719e-03,-6.721384e-03,3.144643e-18,817,54076
0.000000e+00,-1.407305e-07,-8.812969e-08,2.354508e-07,0.000000e+00,0.000000e+00,0.000000e+00,6.531790e+07,4.709207e+07,-8.484849e+07,6.016161e-18,818,0
6.725000e-10,-1.959921e-03,-1.412718e-03,2.500702e-03,-2.914779e+06,-2.101007e+06,3.718833e+06,6.191148e-01,4.513811e-01,-6.800744e-01,6.016161e-18,818,2959
6.722500e-09,-1.959467e-02,-1.412405e-02,2.500000e-02,-2.914845e+06,-2.101055e+06,3.718905e+06,6.087687e-03,4.372607e-03,-6.941395e-03,6.016161e-18,818,29579
0.000000e+00,-5.577619e-08,8.127759e-08,2.139202e-07,0.000000e+00,0.000000e+00,0.000000e+00,4.797306e+07,-7.053229e+07,-1.539265e+08,7.287160e-18,819,0
3.925000e-10,-7.828921e-04,1.151255e-03,2.500381e-03,-1.994729e+06,2.933282e+06,6.370550e+06,4.482221e-01,-6.609906e-01,-1.294736e+00,7.287160e-18,819,1727
3.924318e-09,-7.827994e-03,1.151119e-02,2.500024e-02,-1.994757e+06,2.933323e+06,6.370630e+06,4.436156e-03,-6.539566e-03,-1.307407e-02,7.287160e-18,819,17267
0.000000e+00,-1.778959e-08,-1.021664e-07,6.213556e-07,0.000000e+00,0.000000e+00,0.000000e+00,1.923625e+06,1.218158e+07,-3.400734e+07,3.006708e-18,820,0
1.047273e-09,-1.657849e-04,-8.911049e-04,2.500360e-03,-1.584267e+05,-8.515014e+05,2.388793e+06,9.434367e-02,4.833195e-01,-1.222055e+00,3.006708e-18,820,4608
1.046545e-08,-1.657998e-03,-8.911322e-03,2.500003e-02,-1.584423e+05,-8.515812e+05,2.388996e+06,7.267019e-04,4.298044e-03,-1.381818e-02,3.006708e-18,820,46048
0.000000e+00,-1.938323e-10,-2.037663e-07,2.914813e-07,0.000000e+00,0.000000e+00,0.000000e+00,2.131333e+06,6.312156e+07,-5.639645e+07,4.968259e-18,821,0
9.331818e-10,-8.751548e-05,-2.910739e-03,2.500290e-03,-9.379554e+04,-3.119886e+06,2.679661e+06,9.431792e-03,6.745667e-01,-4.580939e-01,4.968259e-18,821,4106
9.329545e-09,-8.750666e-04,-2.910713e-02,2.500017e-02,-9.379695e+04,-3.119985e+06,2.679729e+06,1.567138e-04,6.269172e-03,-4.910800e-03,4.968259e-18,821,41050
0.000000e+00,-1.520364e-07,9.646686e-10,6.307157e-07,0.000000e+00,0.000000e+00,0.000000e+00,1.535890e+07,-2.445449e+06,-3.565805e+07,2.885107e-18,822,0
1.000000e-09,-1.099438e-03,2.103553e-04,2.500040e-03,-1.100206e+06,2.105535e+05,2.501122e+06,6.314586e-01,-1.261357e-01,-1.118277e+00,2.885107e-18,822,4400
9.995455e-09,-1.099703e-02,2.104528e-03,2.500008e-02,-1.100306e+06,2.105733e+05,2.501299e+06,5.481270e-03,-7.443196e-04,-1.286478e-02,2.885107e-18,822,43980
0.000000e+00,-1.011338e-07,-1.440855e-07,5.125543e-07,0.000000e+00,0.000000e+00,0.000000e+00,1.084805e+07,1.734900e+07,-3.808627e+07,3.434768e-18,823,0
1.098182e-09,-8.572321e-04,-1.243724e-03,2.500089e-03,-7.810796e+05,-1.133304e+06,2.277498e+06,3.561439e-01,5.737926e-01,-8.635474e-01,3.434768e-18,823,4832
1.097705e-08,-8.573916e-03,-1.244029e-02,2.500041e-02,-7.811413e+05,-1.133403e+06,2.277649e+06,3.240742e-03,4.610951e-03,-1.036832e-02,3.434768e-18,823,48299
0.000000e+00,-1.823276e-07,1.305643e-07,5.083890e-07,0.000000e+00,0.000000e+00,0.000000e+00,2.383117e+07,-1.678120e+07,-3.565707e+07,3.329480e-18,824,0
1.152273e-09,-1.826839e-03,1.251517e-03,2.500126e-03,-1.586196e+06,1.086655e+06,2.170372e+06,5.344563e-01,-3.728205e-01,-6.137377e-01,3.329480e-18,824,5070
1.151886e-08,-1.827112e-02,1.251700e-02,2.500044e-02,-1.586293e+06,1.086722e+06,2.170484e+06,4.350998e-03,-3.331510e-03,-7.282013e-03,3.329480e-18,824,50683
0.000000e+00,-3.711106e-08,1.201946e-09,5.384162e-07,0.000000e+00,0.000000e+00,0.000000e+00,-2.071086e+06,-4.147820e+06,-3.971613e+07,3.510816e-18,825,0
1.028182e-09,8.875047e-05,3.121132e-04,2.500151e-03,8.641510e+04,3.038377e+05,2.433110e+06,-5.267314e-02,-1.944008e-01,-1.367979e+00,3.510816e-18,825,4524
1.027500e-08,8.878807e-04,3.121887e-03,2.500038e-02,8.642366e+04,3.038692e+05,2.433333e+06,-3.300578e-04,-1.784617e-03,-1.584119e-02,3.510816e-18,825,45210
0.000000e+00,1.292747e-07,-1.601334e-07,2.138360e-07,0.000000e+00,0.000000e+00,0.000000e+00,-5.673292e+07,6.825177e+07,-6.900651e+07,5.803941e-18,826,0
8.277273e-10,2.106252e-03,-2.534949e-03,2.500259e-03,2.544942e+06,-3.062924e+06,3.020828e+06,-3.885816e-01,4.689025e-01,-3.675764e-01,5.803941e-18,826,3642
8.275909e-09,2.106176e-02,-2.534854e-02,2.500023e-02,2.544993e+06,-3.062985e+06,3.020876e+06,-3.689817e-03,4.381883e-03,-3.835186e-03,5.803941e-18,826,36414
0.000000e+00,-9.578009e-08,5.696481e-08,2.393711e-07,0.000000e+00,0.000000e+00,0.000000e+00,6.084026e+07,-3.771525e+07,-1.250643e+08,6.561251e-18,827,0
4.718182e-10,-1.227177e-03,7.617396e-04,2.500688e-03,-2.601201e+06,1.614642e+06,5.300424e+06,6.810981e-01,-4.324303e-01,-1.247170e+00,6.561251e-18,827,2076
4.716591e-09,-1.226886e-02,7.615642e-03,2.500011e-02,-2.601252e+06,1.614675e+06,5.300517e+06,6.695324e-03,-4.273269e-03,-1.270632e-02,6.561251e-18,827,20753
0.000000e+00,1.367971e-07,1.788364e-07,3.587937e-07,0.000000e+00,0.000000e+00,0.000000e+00,-2.593892e+07,-3.268067e+07,-4.299600e+07,4.236949e-18,828,0
1.008636e-09,1.422392e-03,1.953261e-03,2.500526e-03,1.410774e+06,1.937304e+06,2.479752e+06,-4.639131e-01,-6.097170e-01,-6.180034e-01,4.236949e-18,828,4438
1.008182e-08,1.422316e-02,1.953150e-02,2.500051e-02,1.410848e+06,1.937401e+06,2.479851e+06,-4.026975e-03,-5.470532e-03,-6.706257e-03,4.236949e-18,828,44360
0.000000e+00,-2.062362e-08,1.406281e-07,5.764184e-07,0.000000e+00,0.000000e+00,0.000000e+00,3.970007e+05,-1.121690e+07,-3.476913e+07,3.162491e-18,829,0
1.065682e-09,-2.309209e-05,8.939717e-04,2.500180e-03,-2.169772e+04,8.395453e+05,2.347319e+06,3.938864e-02,-5.262197e-01,-1.127170e+00,3.162491e-18,829,4689
1.065045e-08,-2.311121e-04,8.941524e-03,2.500020e-02,-2.170430e+04,8.396336e+05,2.347509e+06,1.646406e-04,-4.484339e-03,-1.360663e-02,3.162491e-18,829,46862
0.000000e+00,-1.633836e-07,-4.256893e-08,5.592988e-07,0.000000e+00,0.000000e+00,0.000000e+00,1.730819e+07,3.584511e+06,-3.818287e+07,3.216509e-18,830,0
1.020000e-09,-1.267976e-03,-3.158047e-04,2.500342e-03,-1.243956e+06,-3.098590e+05,2.452335e+06,6.699747e-01,1.844808e-01,-1.023109e+00,3.216509e-18,830,4488
1.019432e-08,-1.268124e-02,-3.158775e-03,2.500009e-02,-1.244063e+06,-3.098886e+05,2.452500e+06,5.540489e-03,1.088766e-03,-1.193649e-02,3.216509e-18,830,44855
0.000000e+00,-1.722190e-07,3.404332e-08,4.426695e-07,0.000000e+00,0.000000e+00,0.000000e+00,2.368573e+07,-4.340513e+06,-4.278341e+07,3.887959e-18,831,0
1.053864e-09,-1.618326e-03,3.653188e-04,2.500423e-03,-1.536556e+06,3.468552e+05,2.373412e+06,7.170152e-01,-1.458596e-01,-8.074303e-01,3.887959e-18,831,4637
1.053341e-08,-1.618511e-02,3.653539e-03,2.500035e-02,-1.536675e+06,3.468795e+05,2.373547e+06,5.539956e-03,-1.546082e-03,-9.982658e-03,3.887959e-18,831,46347
0.000000e+00,-1.231138e-07,1.941320e-07,5.792498e-07,0.000000e+00,0.000000e+00,0.000000e+00,1.101214e+07,-1.822933e+07,-3.442245e+07,2.962722e-18,832,0
1.085455e-09,-8.824079e-04,1.400338e-03,2.500346e-03,-8.134772e+05,1.290899e+06,2.304387e+06,3.996022e-01,-6.140620e-01,-8.501405e-01,2.962722e-18,832,4776
1.084886e-08,-8.825272e-03,1.400476e-02,2.500020e-02,-8.135456e+05,1.291004e+06,2.304534e+06,3.483754e-03,-5.120141e-03,-9.937776e-03,2.962722e-18,832,47735
0.000000e+00,5.094899e-08,-6.028047e-09,1.655204e-07,0.000000e+00,0.000000e+00,0.000000e+00,-1.011561e+08,1.320934e+07,-3.058775e+08,9.684149e-18,833,0
2.034091e-10,8.273083e-04,-1.080353e-04,2.500463e-03,4.067114e+06,-5.311137e+05,1.229239e+07,-5.773020e-01,7.706960e-02,-1.653284e+00,9.684149e-18,833,895
2.033864e-09,8.272003e-03,-1.080219e-03,2.500121e-02,4.067132e+06,-5.311162e+05,1.229244e+07,-5.757056e-03,7.666982e-04,-1.655525e-02,9.684149e-18,833,8949
0.000000e+00,-6.323318e-08,2.120087e-07,4.198470e-07,0.000000e+00,0.000000e+00,0.000000e+00,9.667326e+06,-3.433125e+07,-4.052774e+07,3.836968e-18,834,0
1.049545e-09,-5.502234e-04,2.331488e-03,2.500474e-03,-5.244483e+05,2.222400e+06,2.383061e+06,1.681876e-01,-7.191577e-01,-6.150650e-01,3.836968e-18,834,4618
1.049068e-08,-5.501829e-03,2.331440e-02,2.500008e-02,-5.244761e+05,2.222519e+06,2.383164e+06,1.466172e-03,-6.199952e-03,-6.657981e-03,3.836968e-18,834,46159
0.000000e+00,-2.519283e-07,2.973395e-08,4.697047e-07,0.000000e+00,0.000000e+00,0.000000e+00,3.240536e+07,-6.713417e+06,-3.490593e+07,3.433919e-18,835,0
1.236591e-09,-2.629839e-03,4.295547e-04,2.500289e-03,-2.127684e+06,3.474968e+05,2.022365e+06,6.371886e-01,-8.685182e-02,-4.256339e-01,3.433919e-18,835,5441
1.236182e-08,-2.630195e-02,4.295692e-03,2.500032e-02,-2.127808e+06,3.475137e+05,2.022449e+06,5.294530e-03,-6.510413e-04,-5.333444e-03,3.433919e-18,835,54392
0.000000e+00,4.478960e-08,-2.503146e-07,3.672795e-07,0.000000e+00,0.000000e+00,0.000000e+00,-8.660881e+06,3.597268e+07,-3.523091e+07,4.028675e-18,836,0
1.277045e-09,6.802372e-04,-2.911503e-03,2.500042e-03,5.328969e+05,-2.280869e+06,1.958098e+06,-1.366283e-01,6.063696e-01,-3.489263e-01,4.028675e-18,836,5619
1.276750e-08,6.803726e-03,-2.912088e-02,2.500015e-02,5.329243e+05,-2.280990e+06,1.958169e+06,-1.087875e-03,4.968348e-03,-4.292414e-03,4.028675e-18,836,56177
0.000000e+00,5.230351e-08,-1.298200e-07,3.907439e-07,0.000000e+00,0.000000e+00,0.000000e+00,-1.215572e+07,2.745660e+07,-5.175171e+07,4.392943e-18,837,0
8.629545e-10,7.125825e-04,-1.376601e-03,2.500194e-03,8.262299e+05,-1.595985e+06,2.898311e+06,-3.987795e-01,7.143423e-01,-1.137038e+00,4.392943e-18,837,3797
8.625909e-09,7.126916e-03,-1.376679e-02,2.500065e-02,8.262842e+05,-1.596083e+06,2.898467e+06,-3.728338e-03,6.799774e-03,-1.181586e-02,4.392943e-18,837,37954
0.000000e+00,2.146194e-08,2.310275e-07,3.847981e-07,0.000000e+00,0.000000e+00,0.000000e+00,-3.053221e+06,-3.975908e+07,-4.149101e+07,4.008066e-18,838,0
1.119773e-09,2.366086e-04,2.648176e-03,2.500079e-03,2.114328e+05,2.365894e+06,2.233175e+06,-8.782459e-02,-6.878184e-01,-4.875791e-01,4.008066e-18,838,4927
1.119477e-08,2.366923e-03,2.648557e-02,2.500004e-02,2.114483e+05,2.366015e+06,2.233262e+06,-6.221007e-04,-5.905094e-03,-5.532204e-03,4.008066e-18,838,49257
0.000000e+00,2.025624e-08,-3.937487e-08,4.141916e-07,0.000000e+00,0.000000e+00,0.000000e+00,-4.705874e+06,4.234663e+06,-5.712012e+07,4.419192e-18,839,0
7.547727e-10,2.367948e-04,-2.161134e-04,2.500316e-03,3.139165e+05,-2.864779e+05,3.314299e+06,-1.841354e-01,1.760453e-01,-1.927386e+00,4.419192e-18,839,3321
7.543182e-09,2.367912e-03,-2.160960e-03,2.500043e-02,3.139385e+05,-2.864988e+05,3.314529e+06,-1.976547e-03,1.637563e-03,-1.977603e-02,4.419192e-18,839,33190
0.000000e+00,1.003700e-07,-1.714072e-07,5.350620e-07,0.000000e+00,0.000000e+00,0.000000e+00,-3.030328e+07,3.115048e+07,-2.751372e+08,3.302647e-18,840,0
2.256818e-10,2.758014e-04,-2.839437e-04,2.500331e-03,1.221698e+06,-1.257467e+06,1.107716e+07,-2.228667e-01,2.316947e-01,-1.891004e+00,3.302647e-18,840,993
2.257045e-09,2.757529e-03,-2.838331e-03,2.500218e-02,1.221706e+06,-1.257476e+06,1.107723e+07,-2.239480e-03,2.330051e-03,-1.895173e-02,3.302647e-18,840,9931
0.000000e+00,-1.950211e-07,-6.781855e-08,3.108869e-07,0.000000e+00,0.000000e+00,0.000000e+00,5.089466e+07,1.763250e+07,-5.364660e+07,4.756951e-18,841,0
9.427273e-10,-2.502021e-03,-8.696052e-04,2.500053e-03,-2.654793e+06,-9.227083e+05,2.652395e+06,6.834441e-01,2.415600e-01,-5.430654e-01,4.756951e-18,841,4148
9.425455e-09,-2.502262e-02,-8.696940e-03,2.500016e-02,-2.654894e+06,-9.227442e+05,2.652476e+06,6.326569e-03,2.189285e-03,-5.775553e-03,4.756951e-18,841,41472
0.000000e+00,2.413315e-07,8.306588e-08,5.346882e-07,0.000000e+00,0.000000e+00,0.000000e+00,-2.748643e+07,-1.256402e+07,-3.132928e+07,3.094756e-18,842,0
1.199318e-09,2.161984e-03,8.039641e-04,2.500378e-03,1.803714e+06,6.707224e+05,2.085499e+06,-6.821421e-01,-2.518259e-01,-5.739984e-01,3.094756e-18,842,5277
1.198750e-08,2.162193e-02,8.040265e-03,2.500009e-02,1.803843e+06,6.707700e+05,2.085608e+06,-5.743644e-03,-2.048459e-03,-6.689300e-03,3.094756e-18,842,52745
0.000000e+00,-8.218336e-08,-3.151193e-08,4.629768e-07,0.000000e+00,0.000000e+00,0.000000e+00,6.828235e+06,-6.566183e+05,-4.227009e+07,3.970887e-18,843,0
1.000909e-09,-4.229812e-04,-1.313284e-04,2.500156e-03,-4.228376e+05,-1.313990e+05,2.499350e+06,2.236175e-01,1.304821e-01,-1.372732e+00,3.970887e-18,843,4404
1.000273e-08,-4.229552e-03,-1.314312e-03,2.500047e-02,-4.228729e+05,-1.314196e+05,2.499568e+06,2.570093e-03,8.976289e-04,-1.564131e-02,3.970887e-18,843,44012
0.000000e+00,9.374753e-08,-4.028733e-08,4.444283e-07,0.000000e+00,0.000000e+00,0.000000e+00,-1.315329e+07,2.777503e+06,-4.952074e+07,4.063626e-18,844,0
8.475000e-10,7.492597e-04,-2.032090e-04,2.500205e-03,8.846715e+05,-2.399172e+05,2.951594e+06,-5.500247e-01,1.325906e-01,-1.603390e+00,4.063626e-18,844,3729
8.470000e-09,7.493133e-03,-2.032090e-03,2.500008e-02,8.847451e+05,-2.399349e+05,2.951809e+06,-5.308561e-03,1.702769e-03,-1.679415e-02,4.063626e-18,844,37268
0.000000e+00,-1.019094e-07,-1.267261e-07,2.077105e-07,0.000000e+00,0.000000e+00,0.000000e+00,6.355486e+07,7.609421e+07,-1.031195e+08,6.502383e-18,845,0
5.738636e-10,-1.555909e-03,-1.862212e-03,2.500525e-03,-2.711504e+06,-3.245290e+06,4.357543e+06,4.812294e-01,5.706718e-01,-6.770117e-01,6.502383e-18,845,2525
5.737273e-09,-1.555670e-02,-1.861919e-02,2.500057e-02,-2.711548e+06,-3.245342e+06,4.357605e+06,4.750603e-03,5.589516e-03,-6.854434e-03,6.502383e-18,845,25244
0.000000e+00,6.588593e-08,-2.325893e-07,4.406388e-07,0.000000e+00,0.000000e+00,0.000000e+00,-8.539458e+06,3.079362e+07,-3.799843e+07,3.635149e-18,846,0
1.229091e-09,6.752045e-04,-2.455264e-03,2.500373e-03,5.496430e+05,-1.998539e+06,2.034806e+06,-1.836002e-01,6.042372e-01,-4.492479e-01,3.635149e-18,846,5408
1.228614e-08,6.752957e-03,-2.455427e-02,2.500011e-02,5.496784e+05,-1.998656e+06,2.034894e+06,-1.393074e-03,5.465400e-03,-5.612109e-03,3.635149e-18,846,54059
0.000000e+00,-4.519958e-08,-3.968045e-08,4.485717e-07,0.000000e+00,0.000000e+00,0.000000e+00,6.699619e+06,3.169009e+06,-5.133884e+07,4.112007e-18,847,0
8.147727e-10,-2.742509e-04,-1.794963e-04,2.500460e-03,-3.368093e+05,-2.204244e+05,3.070595e+06,2.436734e-01,1.394592e-01,-1.860076e+00,4.112007e-18,847,3585
8.141818e-09,-2.742258e-03,-1.794665e-03,2.500030e-02,-3.368406e+05,-2.204424e+05,3.070834e+06,2.318842e-03,1.406025e-03,-1.921022e-02,4.112007e-18,847,35824
0.000000e+00,1.151796e-08,1.908081e-07,2.913103e-07,0.000000e+00,0.000000e+00,0.000000e+00,-3.234440e+06,-5.559997e+07,-6.249862e+07,5.049771e-18,848,0
8.304545e-10,1.323283e-04,2.322706e-03,2.500622e-03,1.593827e+05,2.797654e+06,3.011683e+06,-4.208935e-02,-7.820443e-01,-7.083822e-01,5.049771e-18,848,3654
8.301136e-09,1.323060e-03,2.322372e-02,2.500052e-02,1.593882e+05,2.797757e+06,3.011776e+06,-3.788327e-04,-7.488411e-03,-7.291353e-03,5.049771e-18,848,36525
0.000000e+00,1.140263e-07,1.528749e-07,3.728920e-07,0.000000e+00,0.000000e+00,0.000000e+00,-2.595559e+07,-2.927091e+07,-4.889552e+07,4.318491e-18,849,0
9.422727e-10,1.414521e-03,1.599392e-03,2.500325e-03,1.501818e+06,1.698067e+06,2.654226e+06,-5.315956e-01,-5.956889e-01,-7.687990e-01,4.318491e-18,849,4146
9.419091e-09,1.414571e-02,1.599422e-02,2.500052e-02,1.501897e+06,1.698156e+06,2.654341e+06,-4.928790e-03,-5.348742e-03,-8.133761e-03,4.318491e-18,849,41444
0.000000e+00,1.109457e-07,1.827001e-07,3.780737e-07,0.000000e+00,0.000000e+00,0.000000e+00,-1.990771e+07,-3.579118e+07,-4.710734e+07,4.158275e-18,850,0
9.963636e-10,1.169683e-03,2.073206e-03,2.500511e-03,1.174413e+06,2.081611e+06,2.510228e+06,-3.742569e-01,-6.762501e-01,-6.312884e-01,4.158275e-18,850,4384
9.959318e-09,1.169633e-02,2.073138e-02,2.500031e-02,1.174471e+06,2.081717e+06,2.510328e+06,-3.176143e-03,-6.059844e-03,-6.897153e-03,4.158275e-18,850,43821
0.000000e+00,-4.889964e-08,5.915541e-09,6.810159e-07,0.000000e+00,0.000000e+00,0.000000e+00,-7.025745e+05,-6.455441e+06,-4.081582e+07,2.756432e-18,851,0
8.879545e-10,-3.446414e-05,3.363226e-04,2.500624e-03,-3.880703e+04,3.790716e+05,2.817740e+06,1.693820e-02,-2.631549e-01,-1.785869e+00,2.756432e-18,851,3907
8.872273e-09,-3.443277e-04,3.363195e-03,2.500001e-02,-3.880942e+04,3.791086e+05,2.817991e+06,2.212493e-04,-2.666863e-03,-1.888063e-02,2.756432e-18,851,39038
0.000000e+00,-4.778964e-08,1.900015e-07,5.482737e-07,0.000000e+00,0.000000e+00,0.000000e+00,-1.527889e+07,-9.258020e+06,-3.038381e+07,3.213872e-18,852,0
1.166818e-09,1.067114e-03,9.714834e-04,2.500291e-03,9.153566e+05,8.332184e+05,2.143922e+06,-4.719795e-01,-4.467667e-01,-8.691140e-01,3.213872e-18,852,5134
1.166091e-08,1.067370e-02,9.716067e-03,2.500020e-02,9.154433e+05,8.333005e+05,2.144083e+06,-4.231837e-03,-3.945152e-03,-1.046972e-02,3.213872e-18,852,51308
0.000000e+00,-1.592761e-07,5.335285e-08,3.283921e-07,0.000000e+00,0.000000e+00,0.000000e+00,4.190820e+07,-1.368400e+07,-5.749082e+07,4.841422e-18,853,0
8.409091e-10,-1.930868e-03,6.291991e-04,2.500662e-03,-2.296994e+06,7.484981e+05,2.974480e+06,7.906934e-01,-2.525200e-01,-8.582297e-01,4.841422e-18,853,3700
8.405000e-09,-1.930620e-02,6.291117e-03,2.500061e-02,-2.297099e+06,7.485316e+05,2.974594e+06,7.557767e-03,-2.395937e-03,-8.876304e-03,4.841422e-18,853,36982
0.000000e+00,1.370960e-07,-1.825396e-08,6.185695e-07,0.000000e+00,0.000000e+00,0.000000e+00,-1.135499e+07,3.021826e+06,-3.655457e+07,2.963409e-18,854,0
1.038864e-09,8.215289e-04,-2.155233e-04,2.500002e-03,7.913957e+05,-2.076637e+05,2.407735e+06,-4.935677e-01,1.517812e-01,-1.227344e+00,2.963409e-18,854,4571
1.038318e-08,8.217208e-03,-2.156191e-03,2.500020e-02,7.914765e+05,-2.076885e+05,2.407937e+06,-4.237930e-03,1.188070e-03,-1.394384e-02,2.963409e-18,854,45686
0.000000e+00,2.762505e-08,-5.338166e-08,1.624294e-07,0.000000e+00,0.000000e+00,0.000000e+00,-5.534144e+07,1.055579e+08,-3.001282e+08,9.682406e-18,855,0
2.075000e-10,4.616937e-04,-8.806078e-04,2.502646e-03,2.224977e+06,-4.243788e+06,1.206057e+07,-3.018680e-01,5.729317e-01,-1.545630e+00,9.682406e-18,855,913
2.072955e-09,4.612302e-03,-8.797231e-03,2.500117e-02,2.224987e+06,-4.243807e+06,1.206062e+07,-3.011842e-03,5.711807e-03,-1.550552e-02,9.682406e-18,855,9121
0.000000e+00,9.469850e-08,1.312552e-07,5.080276e-07,0.000000e+00,0.000000e+00,0.000000e+00,-1.325305e+07,-1.181992e+07,-4.162296e+07,3.488016e-18,856,0
9.418182e-10,9.054532e-04,7.906995e-04,2.500398e-03,9.621040e+05,8.401239e+05,2.656204e+06,-5.778694e-01,-5.082378e-01,-1.327714e+00,3.488016e-18,856,4144
9.412045e-09,9.055295e-03,7.907270e-03,2.500044e-02,9.621899e+05,8.401995e+05,2.656402e+06,-5.333029e-03,-4.577754e-03,-1.402783e-02,3.488016e-18,856,41413
0.000000e+00,7.347412e-08,-5.682539e-09,3.449660e-07,0.000000e+00,0.000000e+00,0.000000e+00,-2.266365e+07,1.317829e+06,-7.475502e+07,5.089801e-18,857,0
6.475000e-10,8.050048e-04,-3.446522e-05,2.500017e-03,1.243766e+06,-5.324223e+04,3.862203e+06,-6.407572e-01,3.105232e-02,-1.751552e+00,5.089801e-18,857,2849
6.473182e-09,8.051104e-03,-3.446528e-04,2.500085e-02,1.243831e+06,-5.324539e+04,3.862382e+06,-6.306442e-03,2.243027e-04,-1.781683e-02,5.089801e-18,857,28482
0.000000e+00,1.479529e-07,6.296422e-08,2.703287e-07,0.000000e+00,0.000000e+00,0.000000e+00,-5.629255e+07,-2.282178e+07,-8.001937e+07,5.566097e-18,858,0
6.834091e-10,1.804976e-03,7.305310e-04,2.500306e-03,2.641691e+06,1.069167e+06,3.659109e+06,-7.706835e-01,-3.065117e-01,-9.248700e-01,5.566097e-18,858,3007
6.832273e-09,1.804880e-02,7.304862e-03,2.500018e-02,2.641775e+06,1.069200e+06,3.659209e+06,-7.470665e-03,-3.057340e-03,-9.467591e-03,5.566097e-18,858,30062
0.000000e+00,1.101558e-07,-1.549090e-07,3.042228e-07,0.000000e+00,0.000000e+00,0.000000e+00,-3.015165e+07,3.823154e+07,-6.228304e+07,4.936076e-18,859,0
8.127273e-10,1.264630e-03,-1.610205e-03,2.500432e-03,1.556502e+06,-1.981817e+06,3.077257e+06,-4.956340e-01,6.287751e-01,-8.496459e-01,4.936076e-18,859,3576
8.124091e-09,1.264517e-02,-1.610048e-02,2.500004e-02,1.556566e+06,-1.981897e+06,3.077366e+06,-4.807272e-03,6.042643e-03,-8.791350e-03,4.936076e-18,859,35746
0.000000e+00,-1.281033e-07,2.389620e-07,4.268443e-07,0.000000e+00,0.000000e+00,0.000000e+00,1.412851e+07,-2.979400e+07,-3.342190e+07,3.577440e-18,860,0
1.303409e-09,-1.205042e-03,2.529043e-03,2.500136e-03,-9.249526e+05,1.941236e+06,1.918614e+06,2.616169e-01,-5.500972e-01,-3.853692e-01,3.577440e-18,860,5735
1.303023e-08,-1.205231e-02,2.529466e-02,2.500014e-02,-9.250062e+05,1.941349e+06,1.918694e+06,2.155196e-03,-4.664002e-03,-4.767377e-03,3.577440e-18,860,57333
0.000000e+00,-1.425159e-07,-7.588864e-08,2.451478e-07,0.000000e+00,0.000000e+00,0.000000e+00,6.351870e+07,3.068728e+07,-9.100629e+07,5.925438e-18,861,0
6.227273e-10,-1.775700e-03,-8.595727e-04,2.500789e-03,-2.851925e+06,-1.380537e+06,4.016298e+06,7.352474e-01,3.572245e-01,-9.196468e-01,5.925438e-18,861,2740
6.224773e-09,-1.775265e-02,-8.593567e-03,2.500069e-02,-2.851997e+06,-1.380572e+06,4.016389e+06,7.264732e-03,3.462120e-03,-9.365731e-03,5.925438e-18,861,27389
0.000000e+00,1.056018e-07,-1.822753e-07,2.629812e-07,0.000000e+00,0.000000e+00,0.000000e+00,-3.288943e+07,5.676169e+07,-6.066763e+07,5.188131e-18,862,0
8.818182e-10,1.406108e-03,-2.429296e-03,2.500189e-03,1.594894e+06,-2.755462e+06,2.835641e+06,-3.459185e-01,6.019253e-01,-5.052018e-01,5.188131e-18,862,3880
8.816364e-09,1.406118e-02,-2.429318e-02,2.500017e-02,1.594942e+06,-2.755546e+06,2.835711e+06,-3.345872e-03,5.707071e-03,-5.250069e-03,5.188131e-18,862,38792
0.000000e+00,-2.003789e-07,3.743237e-08,4.690459e-07,0.000000e+00,0.000000e+00,0.000000e+00,2.842670e+07,-6.362716e+06,-3.959796e+07,3.622731e-18,863,0
1.078864e-09,-2.020516e-03,3.933046e-04,2.500372e-03,-1.873820e+06,3.647526e+05,2.318347e+06,7.272206e-01,-1.503232e-01,-7.174072e-01,3.622731e-18,863,4747
1.078364e-08,-2.020651e-02,3.933352e-03,2.500039e-02,-1.873944e+06,3.647782e+05,2.318470e+06,5.793136e-03,-9.569487e-04,-8.050259e-03,3.622731e-18,863,47448
0.000000e+00,-1.510807e-07,-2.105649e-07,2.988348e-07,0.000000e+00,0.000000e+00,0.000000e+00,3.748510e+07,4.490676e+07,-4.255073e+07,4.453919e-18,864,0
1.201591e-09,-2.358799e-03,-2.824302e-03,2.500390e-03,-1.963571e+06,-2.351037e+06,2.081132e+06,3.442408e-01,4.013872e-01,-2.527368e-01,4.453919e-18,864,5287
1.201273e-08,-2.358782e-02,-2.824236e-02,2.500022e-02,-1.963636e+06,-2.351113e+06,2.081180e+06,2.861501e-03,3.399873e-03,-2.885197e-03,4.453919e-18,864,52856
0.000000e+00,1.435114e-07,-1.866993e-07,5.028192e-07,0.000000e+00,0.000000e+00,0.000000e+00,-1.474374e+07,1.948283e+07,-3.469030e+07,3.317182e-18,865,0
1.159545e-09,8.201950e-04,-1.649947e-03,2.500341e-03,7.077198e+05,-1.423804e+06,2.157160e+06,-3.088204e-01,6.065835e-01,-7.358368e-01,3.317182e-18,865,5102
1.158932e-08,8.202039e-03,-1.650086e-02,2.500019e-02,7.077761e+05,-1.423915e+06,2.157295e+06,-2.706169e-03,5.162088e-03,-8.629208e-03,3.317182e-18,865,50993
0.000000e+00,1.178377e-07,4.943223e-08,4.995002e-07,0.000000e+00,0.000000e+00,0.000000e+00,-1.469471e+07,-7.132291e+06,-4.071857e+07,3.607710e-18,866,0
1.003409e-09,1.066879e-03,5.045183e-04,2.500233e-03,1.064115e+06,5.031540e+05,2.492969e+06,-6.621651e-01,-2.779642e-01,-1.177634e+00,3.607710e-18,866,4415
1.002818e-08,1.067106e-02,5.045697e-03,2.500011e-02,1.064220e+06,5.031979e+05,2.493156e+06,-5.349000e-03,-2.130390e-03,-1.304423e-02,3.607710e-18,866,44124
0.000000e+00,-5.640153e-08,-6.975609e-08,1.321853e-07,0.000000e+00,0.000000e+00,0.000000e+00,1.371372e+08,1.780824e+08,-3.092969e+08,1.043025e-17,867,0
2.018182e-10,-1.109435e-03,-1.440814e-03,2.501757e-03,-5.497038e+06,-7.138981e+06,1.239569e+07,4.566618e-01,6.071078e-01,-9.954238e-01,1.043025e-17,867,888
2.017045e-09,-1.108783e-02,-1.439972e-02,2.500280e-02,-5.497053e+06,-7.139000e+06,1.239572e+07,4.567503e-03,6.035852e-03,-9.991426e-03,1.043025e-17,867,8875
0.000000e+00,5.114303e-08,2.328494e-07,3.324316e-07,0.000000e+00,0.000000e+00,0.000000e+00,-1.089338e+07,-4.914321e+07,-4.464626e+07,4.341373e-18,868,0
1.107955e-09,6.564209e-04,2.988524e-03,2.500257e-03,5.926396e+05,2.698180e+06,2.256997e+06,-1.313657e-01,-6.226008e-01,-3.776381e-01,4.341373e-18,868,4875
1.107682e-08,6.564553e-03,2.988721e-02,2.500050e-02,5.926625e+05,2.698288e+06,2.257064e+06,-1.159021e-03,-5.429300e-03,-4.224684e-03,4.341373e-18,868,48738
0.000000e+00,1.387273e-08,-1.978531e-07,6.097376e-07,0.000000e+00,0.000000e+00,0.000000e+00,-1.041949e+06,1.857652e+07,-3.488684e+07,2.893591e-18,869,0
1.046818e-09,6.693612e-05,-1.359612e-03,2.500116e-03,6.402125e+04,-1.299698e+06,2.389349e+06,-6.825812e-02,7.198023e-01,-1.037744e+00,2.893591e-18,869,4606
1.046318e-08,6.698715e-04,-1.359896e-02,2.500043e-02,6.403257e+04,-1.299816e+06,2.389521e+06,-6.132117e-04,5.977133e-03,-1.154767e-02,2.893591e-18,869,46038
0.000000e+00,8.782139e-08,4.693530e-08,3.554893e-07,0.000000e+00,0.000000e+00,0.000000e+00,-2.301599e+07,-1.069623e+07,-6.899640e+07,4.880825e-18,870,0
6.900000e-10,8.793994e-04,4.373992e-04,2.500678e-03,1.275027e+06,6.341859e+05,3.625320e+06,-6.381770e-01,-3.204536e-01,-1.602750e+00,4.880825e-18,870,3036
6.896136e-09,8.792750e-03,4.373422e-03,2.500081e-02,1.275097e+06,6.342208e+05,3.625495e+06,-6.215435e-03,-3.159304e-03,-1.639561e-02,4.880825e-18,870,30343
0.000000e+00,5.213609e-08,1.359788e-07,5.807429e-07,0.000000e+00,0.000000e+00,0.000000e+00,-7.959389e+06,-1.221558e+07,-3.503341e+07,3.133068e-18,871,0
1.067500e-09,5.595077e-04,1.005386e-03,2.500357e-03,5.245173e+05,9.426011e+05,2.343391e+06,-2.881595e-01,-5.928211e-01,-1.053171e+00,3.133068e-18,871,4697
1.066841e-08,5.595737e-03,1.005601e-02,2.500046e-02,5.245658e+05,9.427008e+05,2.343570e+06,-2.324110e-03,-4.845679e-03,-1.231486e-02,3.133068e-18,871,46941
0.000000e+00,-4.981200e-08,-7.970451e-08,4.146295e-07,0.000000e+00,0.000000e+00,0.000000e+00,1.225952e+07,2.017097e+07,-4.901027e+07,4.334176e-18,872,0
8.713636e-10,-6.437561e-04,-1.064707e-03,2.500508e-03,-7.392323e+05,-1.222635e+06,2.870949e+06,3.848333e-01,6.463408e-01,-1.344147e+00,4.334176e-18,872,3834
8.707955e-09,-6.437160e-03,-1.064658e-02,2.500016e-02,-7.392852e+05,-1.222724e+06,2.871134e+06,3.670345e-03,6.246730e-03,-1.401534e-02,4.334176e-18,872,38315
0.000000e+00,1.573353e-07,-2.071340e-07,5.123370e-07,0.000000e+00,0.000000e+00,0.000000e+00,-1.315237e+07,2.395787e+07,-3.284636e+07,3.192173e-18,873,0
1.179773e-09,1.052690e-03,-1.923531e-03,2.500052e-03,8.927228e+05,-1.631280e+06,2.119769e+06,-3.271671e-01,5.810699e-01,-5.989905e-01,3.192173e-18,873,5191
1.179386e-08,1.052867e-02,-1.923904e-02,2.500046e-02,8.927836e+05,-1.631388e+06,2.119882e+06,-2.765947e-03,4.992312e-03,-7.117259e-03,3.192173e-18,873,51893
0.000000e+00,2.266518e-08,1.058749e-07,1.354051e-07,0.000000e+00,0.000000e+00,0.000000e+00,-4.949280e+07,-2.073387e+08,-2.432680e+08,9.638951e-18,874,0
2.559091e-10,5.091936e-04,2.132634e-03,2.500989e-03,1.989715e+06,8.333391e+06,9.772695e+06,-1.781101e-01,-7.196843e-01,-7.938372e-01,9.638951e-18,874,1126
2.558182e-09,5.090075e-03,2.131843e-02,2.500046e-02,1.989723e+06,8.333420e+06,9.772727e+06,-1.762167e-03,-7.162756e-03,-7.969468e-03,9.638951e-18,874,11256
0.000000e+00,1.381847e-08,1.515630e-08,2.433673e-07,0.000000e+00,0.000000e+00,0.000000e+00,-1.129396e+07,-5.822171e+06,-1.596524e+08,7.078729e-18,875,0
3.734091e-10,1.781501e-04,9.069226e-05,2.500728e-03,4.771355e+05,2.428646e+05,6.697397e+06,-1.588202e-01,-5.361487e-02,-2.012644e+00,7.078729e-18,875,1643
3.732955e-09,1.781135e-03,9.066158e-04,2.500127e-02,4.771449e+05,2.428678e+05,6.697515e+06,-1.578741e-03,-5.808991e-04,-2.023219e-02,7.078729e-18,875,16425
0.000000e+00,7.446543e-08,-8.469436e-08,5.470973e-07,0.000000e+00,0.000000e+00,0.000000e+00,-2.882661e+06,9.762290e+06,-3.790758e+07,3.383078e-18,876,0
1.032500e-09,2.977498e-04,-7.633247e-04,2.500404e-03,2.886235e+05,-7.398836e+05,2.423038e+06,-2.081596e-01,4.462405e-01,-1.243022e+00,3.383078e-18,876,4543
1.031773e-08,2.977945e-03,-7.633871e-03,2.500042e-02,2.886574e+05,-7.399562e+05,2.423241e+06,-1.863816e-03,3.715921e-03,-1.414498e-02,3.383078e-18,876,45398
0.000000e+00,7.288116e-08,-1.009194e-07,2.678331e-07,0.000000e+00,0.000000e+00,0.000000e+00,-3.189216e+07,4.545662e+07,-9.729566e+07,5.917841e-18,877,0
5.752273e-10,8.343192e-04,-1.189842e-03,2.500705e-03,1.450679e+06,-2.068858e+06,4.347919e+06,-4.667976e-01,6.753878e-01,-1.268960e+00,5.917841e-18,877,2531
5.750000e-09,8.341433e-03,-1.189598e-02,2.500069e-02,1.450721e+06,-2.068920e+06,4.348035e+06,-4.596130e-03,6.657807e-03,-1.289018e-02,5.917841e-18,877,25300
0.000000e+00,-5.645494e-08,2.257818e-08,1.951945e-07,0.000000e+00,0.000000e+00,0.000000e+00,7.504366e+07,-1.904217e+07,-2.168931e+08,8.330477e-18,878,0
2.838636e-10,-8.669724e-04,2.194949e-04,2.501937e-03,-3.054218e+06,7.732110e+05,8.813800e+06,6.130126e-01,-1.316509e-01,-1.649138e+00,8.330477e-18,878,1249
2.836591e-09,-8.663616e-03,2.193304e-03,2.500132e-02,-3.054245e+06,7.732169e+05,8.813874e+06,5.986125e-03,-1.358354e-03,-1.659392e-02,8.330477e-18,878,12481
0.000000e+00,5.558155e-08,4.477778e-08,2.034880e-07,0.000000e+00,0.000000e+00,0.000000e+00,-6.044306e+07,-4.303811e+07,-1.920444e+08,7.911536e-18,879,0
3.184091e-10,7.890226e-04,5.613348e-04,2.500826e-03,2.478074e+06,1.762955e+06,7.854173e+06,-5.447029e-01,-3.724369e-01,-1.601383e+00,7.911536e-18,879,1401
3.183182e-09,7.888207e-03,5.611844e-03,2.500144e-02,2.478102e+06,1.762974e+06,7.854254e+06,-5.454086e-03,-3.748698e-03,-1.608986e-02,7.911536e-18,879,14006
0.000000e+00,1.604131e-07,-1.247277e-07,2.622240e-07,0.000000e+00,0.000000e+00,0.000000e+00,-5.329322e+07,4.288811e+07,-6.544732e+07,5.276379e-18,880,0
8.311364e-10,2.102122e-03,-1.682970e-03,2.500007e-03,2.529707e+06,-2.025295e+06,3.008303e+06,-5.541334e-01,4.396952e-01,-5.481013e-01,5.276379e-18,880,3657
8.310455e-09,2.102306e-02,-1.683115e-02,2.500051e-02,2.529780e+06,-2.025352e+06,3.008375e+06,-5.278566e-03,4.178197e-03,-5.765645e-03,5.276379e-18,880,36566
0.000000e+00,-1.945421e-07,-2.332811e-08,2.789102e-07,0.000000e+00,0.000000e+00,0.000000e+00,5.940935e+07,6.092378e+06,-6.072318e+07,5.157186e-18,881,0
8.638636e-10,-2.554921e-03,-2.535301e-04,2.500193e-03,-2.958288e+06,-2.935444e+05,2.894662e+06,7.390867e-01,6.797341e-02,-6.022263e-01,5.157186e-18,881,3801
8.636591e-09,-2.554954e-02,-2.535230e-03,2.500014e-02,-2.958389e+06,-2.935536e+05,2.894744e+06,6.965267e-03,6.906042e-04,-6.237399e-03,5.157186e-18,881,38001
0.000000e+00,2.370784e-07,-2.220509e-08,4.022169e-07,0.000000e+00,0.000000e+00,0.000000e+00,-3.734755e+07,5.351150e+06,-4.100722e+07,3.861765e-18,882,0
1.111818e-09,2.506313e-03,-3.846497e-04,2.500292e-03,2.255199e+06,-3.461456e+05,2.249384e+06,-6.907471e-01,1.187021e-01,-5.302117e-01,3.861765e-18,882,4892
1.111409e-08,2.506443e-02,-3.847064e-03,2.500002e-02,2.255320e+06,-3.461664e+05,2.249478e+06,-6.123210e-03,1.088333e-03,-6.017791e-03,3.861765e-18,882,48902
0.000000e+00,-5.401573e-08,-8.241064e-08,6.348100e-07,0.000000e+00,0.000000e+00,0.000000e+00,1.068577e+07,9.741710e+06,-3.844553e+07,2.946173e-18,883,0
9.356818e-10,-5.636731e-04,-6.314698e-04,2.500486e-03,-6.027374e+05,-6.752921e+05,2.673724e+06,2.964059e-01,3.719500e-01,-1.448093e+00,2.946173e-18,883,4117
9.350227e-09,-5.635739e-03,-6.314128e-03,2.500014e-02,-6.027812e+05,-6.753470e+05,2.673938e+06,2.725172e-03,3.366795e-03,-1.548675e-02,2.946173e-18,883,41141
0.000000e+00,-7.030865e-08,2.523754e-07,4.407351e-07,0.000000e+00,0.000000e+00,0.000000e+00,5.564375e+06,-3.305184e+07,-3.389217e+07,3.538100e-18,884,0
1.282045e-09,-4.458859e-04,2.780412e-03,2.500135e-03,-3.479234e+05,2.169742e+06,1.950577e+06,9.415128e-02,-6.156907e-01,-3.975411e-01,3.538100e-18,884,5641
1.281682e-08,-4.459285e-03,2.780908e-02,2.500037e-02,-3.479424e+05,2.169866e+06,1.950658e+06,7.633427e-04,-5.253635e-03,-4.746417e-03,3.538100e-18,884,56394
0.000000e+00,8.877875e-08,1.021150e-07,2.911920e-07,0.000000e+00,0.000000e+00,0.000000e+00,-3.488538e+07,-3.953896e+07,-8.064291e+07,5.496081e-18,885,0
6.670455e-10,1.112600e-03,1.264047e-03,2.500139e-03,1.668363e+06,1.895467e+06,3.748705e+06,-5.532099e-01,-6.378871e-01,-1.083038e+00,5.496081e-18,885,2935
6.669091e-09,1.112648e-02,1.264106e-02,2.500060e-02,1.668421e+06,1.895534e+06,3.748819e+06,-5.429269e-03,-6.108785e-03,-1.109480e-02,5.496081e-18,885,29344
0.000000e+00,-1.674092e-08,-8.882035e-08,2.601330e-07,0.000000e+00,0.000000e+00,0.000000e+00,5.884656e+06,4.826200e+07,-1.171893e+08,6.321990e-18,886,0
4.900000e-10,-1.258236e-04,-1.043123e-03,2.500285e-03,-2.568008e+05,-2.129146e+06,5.103178e+06,7.355017e-02,7.240684e-01,-1.567617e+00,6.321990e-18,886,2156
4.899091e-09,-1.258102e-03,-1.043093e-02,2.500110e-02,-2.568065e+05,-2.129202e+06,5.103300e+06,8.232720e-04,7.109946e-03,-1.579084e-02,6.321990e-18,886,21556
0.000000e+00,1.388195e-07,1.637127e-07,2.297970e-07,0.000000e+00,0.000000e+00,0.000000e+00,-5.461694e+07,-6.423576e+07,-6.371029e+07,5.497893e-18,887,0
8.875000e-10,2.203151e-03,2.590258e-03,2.500358e-03,2.482762e+06,2.918996e+06,2.817489e+06,-3.744204e-01,-4.391714e-01,-3.325090e-01,5.497893e-18,887,3905
8.873182e-09,2.203004e-02,2.590084e-02,2.500024e-02,2.482814e+06,2.919058e+06,2.817536e+06,-3.522744e-03,-4.086998e-03,-3.517604e-03,5.497893e-18,887,39042
0.000000e+00,1.220241e-07,-5.632381e-08,2.241385e-07,0.000000e+00,0.000000e+00,0.000000e+00,-7.419771e+07,3.526763e+07,-1.177867e+08,6.592697e-18,888,0
5.009091e-10,1.588379e-03,-7.550481e-04,2.500308e-03,3.171271e+06,-1.507493e+06,4.991832e+06,-7.386164e-01,3.538159e-01,-1.050797e+00,6.592697e-18,888,2204
5.008182e-09,1.588238e-02,-7.549834e-03,2.500017e-02,3.171330e+06,-1.507521e+06,4.991916e+06,-7.333429e-03,3.461607e-03,-1.062862e-02,6.592697e-18,888,22036
0.000000e+00,-2.756718e-08,7.628241e-08,2.368894e-07,0.000000e+00,0.000000e+00,0.000000e+00,2.210751e+07,-5.438576e+07,-1.446719e+08,6.911674e-18,889,0
4.115909e-10,-3.844627e-04,9.462454e-04,2.500805e-03,-9.341734e+05,2.299181e+06,6.076265e+06,2.653905e-01,-6.507465e-01,-1.570257e+00,6.911674e-18,889,1811
4.114545e-09,-3.843717e-03,9.460137e-03,2.500125e-02,-9.341906e+05,2.299223e+06,6.076367e+06,2.625530e-03,-6.445893e-03,-1.587813e-02,6.911674e-18,889,18104
0.000000e+00,1.061121e-07,-2.119895e-07,4.289471e-07,0.000000e+00,0.000000e+00,0.000000e+00,-1.583201e+07,2.679913e+07,-3.457025e+07,3.725379e-18,890,0
1.245227e-09,1.262502e-03,-2.235896e-03,2.500285e-03,1.014367e+06,-1.796495e+06,2.008426e+06,-3.082645e-01,5.747783e-01,-4.498165e-01,3.725379e-18,890,5479
1.244750e-08,1.262628e-02,-2.236177e-02,2.500004e-02,1.014428e+06,-1.796608e+06,2.008515e+06,-2.563280e-03,4.936065e-03,-5.590875e-03,3.725379e-18,890,54769
0.000000e+00,2.266416e-07,-5.166462e-08,4.712539e-07,0.000000e+00,0.000000e+00,0.000000e+00,-2.870398e+07,4.359913e+06,-3.559822e+07,3.478392e-18,891,0
1.195455e-09,2.310767e-03,-4.413996e-04,2.500422e-03,1.934002e+06,-3.694630e+05,2.092223e+06,-6.816396e-01,1.491480e-01,-5.431564e-01,3.478392e-18,891,5260
1.194909e-08,2.310947e-02,-4.414721e-03,2.500034e-02,1.934131e+06,-3.694911e+05,2.092326e+06,-5.758770e-03,1.289682e-03,-6.366270e-03,3.478392e-18,891,52576
0.000000e+00,-9.775973e-08,-2.740555e-09,6.644835e-07,0.000000e+00,0.000000e+00,0.000000e+00,1.149150e+07,1.181123e+06,-3.753595e+07,2.801753e-18,892,0
9.284091e-10,-7.370599e-04,-3.703081e-05,2.500368e-03,-7.944704e+05,-3.992845e+04,2.694630e+06,5.026997e-01,4.428837e-02,-1.554970e+00,2.801753e-18,892,4085
9.277727e-09,-7.370855e-03,-3.704509e-04,2.500026e-02,-7.945440e+05,-3.993492e+04,2.694858e+06,4.588450e-03,9.629741e-05,-1.625915e-02,2.801753e-18,892,40822
0.000000e+00,6.222139e-08,-6.794115e-09,5.765323e-07,0.000000e+00,0.000000e+00,0.000000e+00,3.359859e+05,-4.658641e+05,-4.078819e+07,3.266284e-18,893,0
9.127273e-10,3.571289e-05,1.139096e-05,2.500009e-03,3.902133e+04,1.245193e+04,2.740634e+06,6.587081e-02,2.424052e-02,-1.658872e+00,3.266284e-18,893,4016
9.122045e-09,3.559872e-04,1.135891e-04,2.500037e-02,3.901194e+04,1.244841e+04,2.740874e+06,-2.072764e-05,4.252513e-04,-1.814897e-02,3.266284e-18,893,40137
0.000000e+00,-2.010671e-07,1.325338e-07,4.006578e-07,0.000000e+00,0.000000e+00,0.000000e+00,3.058318e+07,-2.111818e+07,-3.773569e+07,3.875513e-18,894,0
1.192273e-09,-2.288967e-03,1.587933e-03,2.500081e-03,-1.920676e+06,1.332448e+06,2.097393e+06,5.520210e-01,-3.845735e-01,-4.418421e-01,3.875513e-18,894,5246
1.191955e-08,-2.289350e-02,1.588211e-02,2.500013e-02,-1.920779e+06,1.332520e+06,2.097477e+06,4.402456e-03,-3.227190e-03,-5.130135e-03,3.875513e-18,894,52446
0.000000e+00,-1.840520e-07,5.111096e-08,5.966586e-07,0.000000e+00,0.000000e+00,0.000000e+00,1.781677e+07,-5.612335e+06,-3.495443e+07,2.968506e-18,895,0
1.046591e-09,-1.267434e-03,4.663650e-04,2.500282e-03,-1.211841e+06,4.459251e+05,2.389942e+06,6.767094e-01,-2.342603e-01,-9.614613e-01,2.968506e-18,895,4605
1.046045e-08,-1.267641e-02,4.664544e-03,2.500011e-02,-1.211952e+06,4.459637e+05,2.390102e+06,5.230504e-03,-1.987861e-03,-1.130916e-02,2.968506e-18,895,46026
0.000000e+00,1.001877e-07,-1.712674e-07,5.326354e-07,0.000000e+00,0.000000e+00,0.000000e+00,6.064684e+06,3.747735e+06,2.068215e+08,3.315441e-18,896,0
2.272727e-08,-5.357118e-03,-4.272347e-03,-1.947645e-01,-2.357178e+05,-1.879765e+05,-8.569677e+06,7.238418e-06,5.768337e-06,2.631907e-04,3.315441e-18,896,100000
0.000000e+00,9.892463e-09,-1.763446e-07,3.464924e-07,0.000000e+00,0.000000e+00,0.000000e+00,-4.643395e+06,3.752203e+07,-5.434180e+07,4.623161e-18,897,0
8.270455e-10,3.134481e-04,-1.751163e-03,2.500086e-03,3.791866e+05,-2.118194e+06,3.023811e+06,-1.487136e-01,8.193710e-01,-1.016553e+00,4.623161e-18,897,3639
8.267727e-09,3.134974e-03,-1.751263e-02,2.500012e-02,3.792060e+05,-2.118301e+06,3.023944e+06,-1.462204e-03,7.824407e-03,-1.056821e-02,4.623161e-18,897,36378
0.000000e+00,-1.441848e-09,1.774109e-07,5.180533e-07,0.000000e+00,0.000000e+00,0.000000e+00,-1.461239e+07,-2.342500e+07,-3.095011e+07,3.419560e-18,898,0
1.284773e-09,1.107513e-03,2.061822e-03,2.500039e-03,8.625752e+05,1.605756e+06,1.946502e+06,-2.949693e-01,-5.596672e-01,-4.906633e-01,3.419560e-18,898,5653
1.284364e-08,1.107847e-02,2.062362e-02,2.500034e-02,8.626349e+05,1.605869e+06,1.946602e+06,-2.697385e-03,-4.933314e-03,-6.264393e-03,3.419560e-18,898,56512
0.000000e+00,3.061628e-09,-3.117908e-08,4.526570e-07,0.000000e+00,0.000000e+00,0.000000e+00,-9.779846e+05,8.074266e+05,-4.916507e+07,4.104873e-18,899,0
8.422727e-10,-2.081093e-05,-6.216032e-05,2.500663e-03,-2.477719e+04,-7.387474e+04,2.970692e+06,2.807577e-02,7.744528e-02,-1.854860e+00,4.104873e-18,899,3706
8.415682e-09,-2.084823e-04,-6.217084e-04,2.500048e-02,-2.478095e+04,-7.388502e+04,2.970939e+06,2.989600e-04,8.113827e-04,-1.940301e-02,4.104873e-18,899,37029
0.000000e+00,-5.664056e-08,6.753980e-08,2.408033e-07,0.000000e+00,0.000000e+00,0.000000e+00,3.867098e+07,-4.587604e+07,-1.392777e+08,6.756296e-18,900,0
4.261364e-10,-6.994564e-04,8.296046e-04,2.500752e-03,-1.641535e+06,1.946973e+06,5.868759e+06,4.685034e-01,-5.503728e-01,-1.511651e+00,6.756296e-18,900,1875
4.260000e-09,-6.992979e-03,8.294151e-03,2.500110e-02,-1.641567e+06,1.947010e+06,5.868861e+06,4.577925e-03,-5.549037e-03,-1.533999e-02,6.756296e-18,900,18744
0.000000e+00,-1.187140e-07,-1.035294e-07,5.626636e-07,0.000000e+00,0.000000e+00,0.000000e+00,1.214367e+07,1.418471e+07,-3.691825e+07,3.212842e-18,901,0
1.038182e-09,-8.926670e-04,-1.030826e-03,2.500116e-03,-8.604065e+05,-9.935601e+05,2.409213e+06,4.466692e-01,4.856078e-01,-1.020721e+00,3.212842e-18,901,4568
1.037682e-08,-8.928256e-03,-1.030994e-02,2.500018e-02,-8.604796e+05,-9.936395e+05,2.409381e+06,3.734593e-03,3.893932e-03,-1.171841e-02,3.212842e-18,901,45658
0.000000e+00,-1.025533e-07,9.087883e-08,3.689815e-07,0.000000e+00,0.000000e+00,0.000000e+00,2.201909e+07,-1.910033e+07,-5.747052e+07,4.602601e-18,902,0
7.775000e-10,-1.022473e-03,9.246888e-04,2.500553e-03,-1.315665e+06,1.189848e+06,3.217245e+06,5.997140e-01,-5.371623e-01,-1.311024e+00,4.602601e-18,902,3421
7.770682e-09,-1.022358e-02,9.245892e-03,2.500026e-02,-1.315739e+06,1.189914e+06,3.217406e+06,5.765510e-03,-5.235415e-03,-1.340930e-02,4.602601e-18,902,34191
0.000000e+00,6.571544e-08,-1.991960e-07,2.301951e-07,0.000000e+00,0.000000e+00,0.000000e+00,-2.498613e+07,7.654330e+07,-6.687341e+07,5.555602e-18,903,0
8.381818e-10,9.580205e-04,-2.935538e-03,2.500618e-03,1.143143e+06,-3.502790e+06,2.983643e+06,-1.978402e-01,6.086528e-01,-4.266648e-01,5.555602e-18,903,3688
8.379091e-09,9.578519e-03,-2.935026e-02,2.500035e-02,1.143169e+06,-3.502870e+06,2.983699e+06,-1.894320e-03,5.819691e-03,-4.407640e-03,5.555602e-18,903,36868
0.000000e+00,6.644449e-08,7.883318e-08,3.008926e-07,0.000000e+00,0.000000e+00,0.000000e+00,-2.478649e+07,-2.742386e+07,-8.604800e+07,5.574080e-18,904,0
6.115909e-10,7.397810e-04,8.213293e-04,2.500297e-03,1.209942e+06,1.343322e+06,4.089068e+06,-4.986320e-01,-5.691638e-01,-1.530398e+00,5.574080e-18,904,2691
6.113864e-09,7.397429e-03,8.212902e-03,2.500014e-02,1.209990e+06,1.343377e+06,4.089216e+06,-4.836984e-03,-5.468280e-03,-1.566423e-02,5.574080e-18,904,26901
0.000000e+00,1.157284e-07,-8.202302e-09,3.044688e-07,0.000000e+00,0.000000e+00,0.000000e+00,-4.014780e+07,3.168926e+06,-8.355428e+07,5.429829e-18,905,0
6.306818e-10,1.241985e-03,-9.663436e-05,2.500297e-03,1.969828e+06,-1.532665e+05,3.965261e+06,-7.930868e-01,6.307676e-02,-1.415405e+00,5.429829e-18,905,2775
6.304773e-09,1.241934e-02,-9.663119e-04,2.500021e-02,1.969907e+06,-1.532728e+05,3.965403e+06,-7.799018e-03,5.762731e-04,-1.437343e-02,5.429829e-18,905,27741
0.000000e+00,4.080137e-08,5.384481e-08,5.920554e-07,0.000000e+00,0.000000e+00,0.000000e+00,-6.460480e+06,-9.448406e+06,-3.652569e+07,3.172146e-18,906,0
1.024773e-09,3.927778e-04,6.330334e-04,2.500078e-03,3.835307e+05,6.182310e+05,2.440909e+06,-2.102223e-01,-3.891788e-01,-1.228663e+00,3.172146e-18,906,4509
1.024205e-08,3.928144e-03,6.331918e-03,2.500012e-02,3.835647e+05,6.182939e+05,2.441108e+06,-1.956760e-03,-3.359706e-03,-1.462648e-02,3.172146e-18,906,45065
0.000000e+00,-7.205203e-08,-9.360421e-09,5.244837e-07,0.000000e+00,0.000000e+00,0.000000e+00,7.946961e+06,4.650753e+05,-3.867260e+07,3.575513e-18,907,0
9.418182e-10,-5.441223e-04,6.408870e-05,2.500301e-03,-5.781850e+05,6.818757e+04,2.656369e+06,3.812871e-01,-8.431233e-02,-1.565226e+00,3.575513e-18,907,4144
9.411364e-09,-5.441483e-03,6.416943e-04,2.500017e-02,-5.782416e+05,6.820013e+04,2.656602e+06,3.401282e-03,-6.304163e-04,-1.678451e-02,3.575513e-18,907,41410
0.000000e+00,1.540731e-07,-1.008063e-07,2.618873e-07,0.000000e+00,0.000000e+00,0.000000e+00,-5.285622e+07,3.608049e+07,-7.446014e+07,5.468679e-18,908,0
7.329545e-10,1.821972e-03,-1.243853e-03,2.500144e-03,2.486283e+06,-1.697387e+06,3.411533e+06,-6.488140e-01,4.505942e-01,-7.802010e-01,5.468679e-18,908,3225
7.328182e-09,1.821998e-02,-1.243879e-02,2.500047e-02,2.486358e+06,-1.697439e+06,3.411624e+06,-6.242616e-03,4.403212e-03,-8.014319e-03,5.468679e-18,908,32244
0.000000e+00,1.232383e-07,-1.657187e-08,6.562003e-07,0.000000e+00,0.000000e+00,0.000000e+00,-9.457822e+06,3.017179e+05,-3.733833e+07,2.796913e-18,909,0
9.456818e-10,6.380542e-04,2.883821e-06,2.500144e-03,6.752071e+05,3.069040e+03,2.645166e+06,-4.768024e-01,-2.269962e-04,-1.503288e+00,2.796913e-18,909,4161
9.451136e-09,6.381499e-03,2.898769e-05,2.500007e-02,6.752783e+05,3.069061e+03,2.645391e+06,-4.005111e-03,3.049008e-04,-1.621525e-02,2.796913e-18,909,41585
0.000000e+00,-1.091758e-07,8.231376e-08,1.968751e-07,0.000000e+00,0.000000e+00,0.000000e+00,8.743105e+07,-6.713925e+07,-1.330151e+08,7.125258e-18,910,0
4.543182e-10,-1.651777e-03,1.268892e-03,2.500164e-03,-3.635881e+06,2.793083e+06,5.503211e+06,6.233895e-01,-4.832735e-01,-8.429480e-01,7.125258e-18,910,1999
4.542955e-09,-1.651772e-02,1.268891e-02,2.500100e-02,-3.635926e+06,2.793118e+06,5.503271e+06,6.119801e-03,-4.779422e-03,-8.536172e-03,7.125258e-18,910,19989
0.000000e+00,-1.530076e-07,1.402737e-07,5.381710e-07,0.000000e+00,0.000000e+00,0.000000e+00,1.419714e+07,-2.422477e+07,-4.312692e+07,3.231736e-18,911,0
9.459091e-10,-8.710447e-04,1.390901e-03,2.500329e-03,-9.213060e+05,1.471217e+06,2.644305e+06,4.284522e-01,-6.604019e-01,-1.095834e+00,3.231736e-18,911,4162
9.454318e-09,-8.710343e-03,1.390931e-02,2.500031e-02,-9.213699e+05,1.471316e+06,2.644469e+06,3.870439e-03,-6.031951e-03,-1.148529e-02,3.231736e-18,911,41599
0.000000e+00,-1.246865e-07,3.896230e-08,3.362815e-07,0.000000e+00,0.000000e+00,0.000000e+00,3.381167e+07,-1.452499e+07,-6.048274e+07,4.971896e-18,912,0
7.727273e-10,-1.434472e-03,5.470287e-04,2.500644e-03,-1.857122e+06,7.081945e+05,3.237113e+06,7.761260e-01,-2.942734e-01,-1.199170e+00,4.971896e-18,912,3400
7.722955e-09,-1.434244e-02,5.469348e-03,2.500016e-02,-1.857217e+06,7.082305e+05,3.237260e+06,7.555425e-03,-2.799868e-03,-1.226197e-02,4.971896e-18,912,33981
0.000000e+00,-8.033899e-08,-1.000115e-07,6.079843e-07,0.000000e+00,0.000000e+00,0.000000e+00,1.005633e+07,1.245513e+07,-3.835791e+07,3.034895e-18,913,0
9.418182e-10,-5.839712e-04,-8.023159e-04,2.500324e-03,-6.204056e+05,-8.525110e+05,2.656128e+06,3.406812e-01,5.371817e-01,-1.404380e+00,3.034895e-18,913,4144
9.412273e-09,-5.839444e-03,-8.024031e-03,2.500040e-02,-6.204563e+05,-8.525908e+05,2.656337e+06,3.098537e-03,4.282855e-03,-1.502197e-02,3.034895e-18,913,41414
0.000000e+00,-2.580612e-08,-1.253986e-07,1.710778e-07,0.000000e+00,0.000000e+00,0.000000e+00,2.764473e+07,1.357360e+08,-1.635952e+08,7.917027e-18,914,0
3.752273e-10,-4.234253e-04,-2.079035e-03,2.500368e-03,-1.128460e+06,-5.540784e+06,6.663578e+06,1.526847e-01,7.496334e-01,-8.296230e-01,7.917027e-18,914,1651
3.751818e-09,-4.233798e-03,-2.078812e-02,2.500068e-02,-1.128469e+06,-5.540829e+06,6.663627e+06,1.479094e-03,7.402464e-03,-8.367469e-03,7.917027e-18,914,16508
0.000000e+00,2.336142e-08,5.543197e-08,1.335374e-07,0.000000e+00,0.000000e+00,0.000000e+00,-7.814258e+07,-1.793351e+08,-4.092690e+08,1.134849e-17,915,0
1.527273e-10,4.776592e-04,1.096172e-03,2.501361e-03,3.127430e+06,7.177073e+06,1.637734e+07,-2.801055e-01,-6.327582e-01,-1.394000e+00,1.134849e-17,915,672
1.526591e-09,4.774329e-03,1.095651e-02,2.500164e-02,3.127437e+06,7.177089e+06,1.637738e+07,-2.804074e-03,-6.321576e-03,-1.397119e-02,1.134849e-17,915,6717
0.000000e+00,-5.380011e-08,-1.962542e-07,4.268106e-07,0.000000e+00,0.000000e+00,0.000000e+00,1.045014e+07,2.903770e+07,-4.591263e+07,3.876306e-18,916,0
8.781818e-10,-3.864185e-04,-1.578406e-03,2.500365e-03,-4.402873e+05,-1.798151e+06,2.848255e+06,2.417416e-01,7.608438e-01,-1.107394e+00,3.876306e-18,916,3864
8.777500e-09,-3.864607e-03,-1.578326e-02,2.500064e-02,-4.403208e+05,-1.798256e+06,2.848409e+06,2.278595e-03,7.099002e-03,-1.153811e-02,3.876306e-18,916,38621
0.000000e+00,-9.602668e-08,-1.712561e-07,6.099000e-07,0.000000e+00,0.000000e+00,0.000000e+00,8.925107e+06,1.613068e+07,-3.427220e+07,2.901875e-18,917,0
1.037273e-09,-6.076117e-04,-1.224853e-03,2.500061e-03,-5.861578e+05,-1.181677e+06,2.411288e+06,3.191345e-01,6.580225e-01,-1.047958e+00,2.901875e-18,917,4564
1.036795e-08,-6.077267e-03,-1.225154e-02,2.500035e-02,-5.862100e+05,-1.181785e+06,2.411461e+06,2.692325e-03,5.263724e-03,-1.169156e-02,2.901875e-18,917,45619
0.000000e+00,1.592233e-08,-9.118554e-08,1.782828e-07,0.000000e+00,0.000000e+00,0.000000e+00,-2.358108e+07,1.158296e+08,-2.086463e+08,8.417053e-18,918,0
2.956818e-10,2.831897e-04,-1.390104e-03,2.500968e-03,9.577601e+05,-4.701337e+06,8.458204e+06,-1.586498e-01,7.485347e-01,-1.269182e+00,8.417053e-18,918,1301
2.955909e-09,2.831066e-03,-1.389681e-02,2.500184e-02,9.577675e+05,-4.701372e+06,8.458263e+06,-1.562358e-03,7.463731e-03,-1.274416e-02,8.417053e-18,918,13006
0.000000e+00,3.874308e-08,1.833076e-07,4.574155e-07,0.000000e+00,0.000000e+00,0.000000e+00,-5.805575e+06,-2.767922e+07,-4.058716e+07,3.729794e-18,919,0
1.043409e-09,2.998508e-04,1.816645e-03,2.500351e-03,2.875462e+05,1.742084e+06,2.397204e+06,-1.550071e-01,-7.763258e-01,-8.268126e-01,3.729794e-18,919,4591
1.042886e-08,2.998801e-03,1.816789e-02,2.500026e-02,2.875718e+05,1.742212e+06,2.397341e+06,-1.308173e-03,-6.668445e-03,-9.163479e-03,3.729794e-18,919,45887
0.000000e+00,1.924882e-07,-5.823583e-08,3.402596e-07,0.000000e+00,0.000000e+00,0.000000e+00,-4.005587e+07,1.322184e+07,-5.425580e+07,4.523689e-18,920,0
8.918182e-10,1.980392e-03,-6.584671e-04,2.500404e-03,2.221428e+06,-7.386358e+05,2.804421e+06,-7.566272e-01,2.685635e-01,-8.058824e-01,4.523689e-18,920,3924
8.914545e-09,1.980301e-02,-6.584592e-03,2.500026e-02,2.221535e+06,-7.386736e+05,2.804535e+06,-7.302479e-03,2.461135e-03,-8.440120e-03,4.523689e-18,920,39224
0.000000e+00,1.894403e-07,-1.592741e-07,4.505630e-07,0.000000e+00,0.000000e+00,0.000000e+00,-2.727104e+07,1.789272e+07,-3.726168e+07,3.554082e-18,921,0
1.105909e-09,1.862740e-03,-1.249028e-03,2.500007e-03,1.685205e+06,-1.129931e+06,2.261279e+06,-6.226663e-01,3.976046e-01,-6.349525e-01,3.554082e-18,921,4866
1.105568e-08,1.863104e-02,-1.249216e-02,2.500013e-02,1.685314e+06,-1.130001e+06,2.261390e+06,-5.404961e-03,3.391655e-03,-7.235156e-03,3.554082e-18,921,48645
0.000000e+00,6.730900e-08,-2.314447e-07,2.395903e-07,0.000000e+00,0.000000e+00,0.000000e+00,-2.003092e+07,7.157994e+07,-5.264113e+07,5.102591e-18,922,0
1.038409e-09,9.876945e-04,-3.541778e-03,2.500113e-03,9.513183e+05,-3.411358e+06,2.407846e+06,-1.410691e-01,5.133633e-01,-2.745980e-01,5.102591e-18,922,4569
1.038273e-08,9.877294e-03,-3.541924e-02,2.500014e-02,9.513414e+05,-3.411442e+06,2.407891e+06,-1.258619e-03,4.569198e-03,-2.959347e-03,5.102591e-18,922,45684
0.000000e+00,-2.474561e-07,2.416014e-10,4.547202e-07,0.000000e+00,0.000000e+00,0.000000e+00,3.030616e+07,3.112393e+06,-3.444962e+07,3.541032e-18,923,0
1.377955e-09,-3.100946e-03,-6.935948e-04,2.500148e-03,-2.251292e+06,-5.036439e+05,1.814820e+06,4.859219e-01,1.391081e-01,-3.697373e-01,3.541032e-18,923,6063
1.377545e-08,-3.101242e-02,-6.937830e-03,2.500020e-02,-2.251397e+06,-5.036740e+05,1.814901e+06,4.098307e-03,1.307586e-03,-4.509300e-03,3.541032e-18,923,60612
0.000000e+00,3.379286e-08,-6.536181e-08,5.374220e-07,0.000000e+00,0.000000e+00,0.000000e+00,-3.167262e+06,9.116422e+06,-4.165413e+07,3.485741e-18,924,0
9.081818e-10,2.399020e-04,-6.491138e-04,2.500505e-03,2.643306e+05,-7.152840e+05,2.754718e+06,-1.629696e-01,4.501722e-01,-1.467487e+00,3.485741e-18,924,3996
9.075455e-09,2.398920e-03,-6.491469e-03,2.500046e-02,2.643539e+05,-7.153485e+05,2.754929e+06,-1.220719e-03,4.434377e-03,-1.644625e-02,3.485741e-18,924,39932
0.000000e+00,1.739916e-07,-5.927990e-08,3.940741e-07,0.000000e+00,0.000000e+00,0.000000e+00,-3.268386e+07,1.107546e+07,-4.736896e+07,4.173626e-18,925,0
9.431818e-10,1.838136e-03,-6.177651e-04,2.500192e-03,1.949756e+06,-6.552831e+05,2.651634e+06,-7.490578e-01,2.606761e-01,-8.608652e-01,4.173626e-18,925,4150
9.428182e-09,1.838260e-02,-6.178115e-03,2.500021e-02,1.949868e+06,-6.553219e+05,2.651762e+06,-7.018500e-03,2.324064e-03,-9.176982e-03,4.173626e-18,925,41484
0.000000e+00,-3.800765e-09,4.290534e-08,4.188304e-07,0.000000e+00,0.000000e+00,0.000000e+00,8.890254e+05,-7.507549e+06,-5.729858e+07,4.369938e-18,926,0
7.345455e-10,-5.107126e-05,2.512082e-04,2.500252e-03,-6.959026e+04,3.421629e+05,3.405418e+06,6.579724e-02,-2.195794e-01,-1.949785e+00,4.369938e-18,926,3232
7.341364e-09,-5.108831e-04,2.511956e-03,2.500047e-02,-6.959787e+04,3.421885e+05,3.405645e+06,3.299363e-04,-2.326625e-03,-2.015792e-02,4.369938e-18,926,32302
0.000000e+00,-8.744155e-08,1.070946e-07,3.534486e-07,0.000000e+00,0.000000e+00,0.000000e+00,2.514324e+07,-2.773433e+07,-5.991987e+07,4.749909e-18,927,0
7.913636e-10,-1.120102e-03,1.226308e-03,2.500603e-03,-1.415992e+06,1.550233e+06,3.160741e+06,5.770850e-01,-6.278974e-01,-1.089996e+00,4.749909e-18,927,3482
7.909545e-09,-1.119982e-02,1.226161e-02,2.500014e-02,-1.416064e+06,1.550312e+06,3.160878e+06,5.435591e-03,-6.018661e-03,-1.129228e-02,4.749909e-18,927,34802
0.000000e+00,-1.197890e-07,1.140219e-07,5.601443e-07,0.000000e+00,0.000000e+00,0.000000e+00,1.049104e+07,-1.327409e+07,-3.981808e+07,3.207353e-18,928,0
9.645455e-10,-7.556988e-04,9.383934e-04,2.500553e-03,-7.839556e+05,9.735940e+05,2.593632e+06,4.052967e-01,-5.640255e-01,-1.203856e+00,3.207353e-18,928,4244
9.639091e-09,-7.556600e-03,9.384496e-03,2.500045e-02,-7.840173e+05,9.736799e+05,2.593816e+06,3.563980e-03,-5.072089e-03,-1.319588e-02,3.207353e-18,928,42412
0.000000e+00,2.227793e-07,-4.108551e-08,3.336143e-07,0.000000e+00,0.000000e+00,0.000000e+00,-4.604430e+07,6.410491e+06,-4.956688e+07,4.421054e-18,929,0
9.881818e-10,2.485725e-03,-3.342944e-04,2.500362e-03,2.516311e+06,-3.383788e+05,2.530804e+06,-7.285410e-01,8.604440e-02,-5.819419e-01,4.421054e-18,929,4348
9.878409e-09,2.485714e-02,-3.342657e-03,2.500045e-02,2.516425e+06,-3.383922e+05,2.530895e+06,-6.561297e-03,6.939222e-04,-6.353284e-03,4.421054e-18,929,43465
0.000000e+00,-1.168559e-07,-2.412750e-07,3.967858e-07,0.000000e+00,0.000000e+00,0.000000e+00,1.788814e+07,3.783334e+07,-3.760293e+07,3.763148e-18,930,0
1.224318e-09,-1.348687e-03,-2.807775e-03,2.500080e-03,-1.101998e+06,-2.294189e+06,2.042380e+06,2.682530e-01,5.505011e-01,-3.507560e-01,3.763148e-18,930,5387
1.224068e-08,-1.348917e-02,-2.808236e-02,2.500030e-02,-1.102050e+06,-2.294295e+06,2.042448e+06,2.236253e-03,4.560060e-03,-4.143234e-03,3.763148e-18,930,53859
0.000000e+00,-3.491461e-08,-2.069920e-07,4.081772e-07,0.000000e+00,0.000000e+00,0.000000e+00,2.062456e+07,3.633155e+07,-3.134051e+07,3.988200e-18,931,0
1.406591e-09,-1.628065e-03,-3.112108e-03,2.500274e-03,-1.157936e+06,-2.213356e+06,1.777809e+06,2.399795e-01,4.505673e-01,-2.372509e-01,3.988200e-18,931,6189
1.406227e-08,-1.628309e-02,-3.112469e-02,2.500022e-02,-1.157989e+06,-2.213456e+06,1.777863e+06,2.032895e-03,3.893223e-03,-3.119739e-03,3.988200e-18,931,61874
0.000000e+00,5.852527e-08,-9.695695e-08,5.195588e-07,0.000000e+00,0.000000e+00,0.000000e+00,-1.877081e+07,3.143798e+07,-4.111887e+07,3.545082e-18,932,0
1.021591e-09,1.189024e-03,-1.874780e-03,2.500298e-03,1.164511e+06,-1.836052e+06,2.448103e+06,-4.398969e-01,6.486906e-01,-7.132595e-01,3.545082e-18,932,4495
1.021205e-08,1.189195e-02,-1.874973e-02,2.500035e-02,1.164582e+06,-1.836157e+06,2.448218e+06,-3.907316e-03,5.707609e-03,-7.644396e-03,3.545082e-18,932,44933
0.000000e+00,-2.144133e-07,-3.121046e-08,5.466842e-07,0.000000e+00,0.000000e+00,0.000000e+00,2.266683e+07,6.272332e+06,-3.449001e+07,3.169141e-18,933,0
1.122273e-09,-1.841201e-03,-3.655220e-04,2.500482e-03,-1.641699e+06,-3.258585e+05,2.228842e+06,7.607265e-01,1.146905e-01,-7.321037e-01,3.169141e-18,933,4938
1.121659e-08,-1.841415e-02,-3.655011e-03,2.500021e-02,-1.641833e+06,-3.258788e+05,2.228973e+06,5.593259e-03,9.605544e-04,-8.539854e-03,3.169141e-18,933,49353
0.000000e+00,-2.065326e-07,8.719068e-08,2.918884e-07,0.000000e+00,0.000000e+00,0.000000e+00,5.208616e+07,-2.422227e+07,-5.251137e+07,4.777681e-18,934,0
9.784091e-10,-2.617930e-03,1.226517e-03,2.500130e-03,-2.676397e+06,1.253931e+06,2.555696e+06,6.099955e-01,-2.952233e-01,-4.613169e-01,4.777681e-18,934,4305
9.782045e-09,-2.618064e-02,1.226600e-02,2.500007e-02,-2.676491e+06,1.253977e+06,2.555768e+06,5.595807e-03,-2.655822e-03,-4.864241e-03,4.777681e-18,934,43041
0.000000e+00,1.828178e-07,1.504241e-07,4.757853e-07,0.000000e+00,0.000000e+00,0.000000e+00,-2.265848e+07,-1.721294e+07,-3.646671e+07,3.440745e-18,935,0
1.182955e-09,1.786576e-03,1.390639e-03,2.500377e-03,1.511142e+06,1.176227e+06,2.114318e+06,-5.818357e-01,-4.478755e-01,-5.763773e-01,3.440745e-18,935,5205
1.182409e-08,1.786781e-02,1.390777e-02,2.500008e-02,1.511251e+06,1.176311e+06,2.114427e+06,-4.695866e-03,-3.453189e-03,-6.790306e-03,3.440745e-18,935,52026
0.000000e+00,-2.160709e-07,1.640728e-07,3.410274e-07,0.000000e+00,0.000000e+00,0.000000e+00,3.710380e+07,-2.819246e+07,-3.639203e+07,4.070518e-18,936,0
1.295682e-09,-2.781774e-03,2.117797e-03,2.500359e-03,-2.147668e+06,1.635052e+06,1.930070e+06,4.375875e-01,-3.366251e-01,-2.728750e-01,4.070518e-18,936,5701
1.295295e-08,-2.781859e-02,2.117871e-02,2.500025e-02,-2.147757e+06,1.635120e+06,1.930126e+06,3.592396e-03,-2.722026e-03,-3.194054e-03,4.070518e-18,936,56993
0.000000e+00,1.759951e-07,-1.133507e-07,4.641984e-07,0.000000e+00,0.000000e+00,0.000000e+00,-3.316811e+07,1.227988e+07,-4.199934e+07,3.623768e-18,937,0
1.040455e-09,2.070228e-03,-8.274071e-04,2.500006e-03,1.990670e+06,-7.955826e+05,2.403442e+06,-7.102963e-01,2.838472e-01,-6.732588e-01,3.623768e-18,937,4578
1.040182e-08,2.070652e-02,-8.275506e-03,2.500036e-02,1.990787e+06,-7.956292e+05,2.403553e+06,-6.247660e-03,2.349571e-03,-7.424771e-03,3.623768e-18,937,45768
0.000000e+00,-7.875366e-08,1.683432e-07,1.899934e-07,0.000000e+00,0.000000e+00,0.000000e+00,5.003511e+07,-1.002190e+08,-9.426372e+07,6.426673e-18,938,0
6.320455e-10,-1.341388e-03,2.683404e-03,2.500893e-03,-2.122437e+06,4.245836e+06,3.956938e+06,2.910548e-01,-5.658057e-01,-4.552383e-01,6.426673e-18,938,2781
6.318182e-09,-1.340999e-02,2.682607e-02,2.500080e-02,-2.122466e+06,4.245892e+06,3.956983e+06,2.775384e-03,-5.588304e-03,-4.676675e-03,6.426673e-18,938,27800
0.000000e+00,7.847544e-08,4.582453e-08,1.864947e-07,0.000000e+00,0.000000e+00,0.000000e+00,-9.463729e+07,-5.309460e+07,-1.965167e+08,8.177063e-18,939,0
3.129545e-10,1.206761e-03,6.768722e-04,2.501080e-03,3.856061e+06,2.162856e+06,7.991779e+06,-6.781441e-01,-3.752655e-01,-1.296523e+00,8.177063e-18,939,1377
3.128409e-09,1.206340e-02,6.766339e-03,2.500172e-02,3.856095e+06,2.162875e+06,7.991843e+06,-6.746373e-03,-3.750366e-03,-1.302379e-02,8.177063e-18,939,13765
0.000000e+00,-1.503900e-07,-1.407546e-07,2.485497e-07,0.000000e+00,0.000000e+00,0.000000e+00,5.413937e+07,5.209550e+07,-6.409481e+07,5.386877e-18,940,0
8.636364e-10,-2.182666e-03,-2.100889e-03,2.500584e-03,-2.527732e+06,-2.433033e+06,2.895684e+06,4.730508e-01,4.569346e-01,-4.312042e-01,5.386877e-18,940,3800
8.633636e-09,-2.182356e-02,-2.100596e-02,2.500043e-02,-2.527797e+06,-2.433096e+06,2.895743e+06,4.471341e-03,4.279093e-03,-4.504819e-03,5.386877e-18,940,37988
0.000000e+00,-3.523530e-08,-2.020046e-07,2.671601e-07,0.000000e+00,0.000000e+00,0.000000e+00,1.269801e+07,6.317529e+07,-6.180911e+07,5.196252e-18,941,0
8.625000e-10,-5.321283e-04,-2.654603e-03,2.500626e-03,-6.171271e+05,-3.078479e+06,2.899672e+06,1.662164e-01,7.029401e-01,-5.407495e-01,5.196252e-18,941,3795
8.621818e-09,-5.320759e-03,-2.654212e-02,2.500057e-02,-6.171497e+05,-3.078575e+06,2.899745e+06,1.362499e-03,6.698936e-03,-5.665002e-03,5.196252e-18,941,37936
0.000000e+00,-1.887374e-07,-7.095596e-08,5.195548e-07,0.000000e+00,0.000000e+00,0.000000e+00,2.388292e+07,9.555423e+06,-3.435830e+07,3.343951e-18,942,0
1.174545e-09,-1.962855e-03,-7.653447e-04,2.500289e-03,-1.672155e+06,-6.519818e+05,2.129398e+06,6.511909e-01,2.440722e-01,-6.075119e-01,3.343951e-18,942,5168
1.174045e-08,-1.963174e-02,-7.654521e-03,2.500030e-02,-1.672275e+06,-6.520269e+05,2.129511e+06,5.572319e-03,2.049847e-03,-7.355501e-03,3.343951e-18,942,51658
0.000000e+00,1.720915e-07,2.225678e-07,3.993415e-07,0.000000e+00,0.000000e+00,0.000000e+00,-2.337835e+07,-3.187630e+07,-3.480937e+07,3.672348e-18,943,0
1.315909e-09,1.873077e-03,2.606460e-03,2.500404e-03,1.423937e+06,1.981497e+06,1.900485e+06,-3.256560e-01,-4.607891e-01,-3.122956e-01,3.672348e-18,943,5790
1.315455e-08,1.873121e-02,2.606562e-02,2.500020e-02,1.424005e+06,1.981592e+06,1.900551e+06,-2.726071e-03,-3.860274e-03,-3.802091e-03,3.672348e-18,943,57880
0.000000e+00,1.016617e-07,1.008790e-07,2.541990e-07,0.000000e+00,0.000000e+00,0.000000e+00,-4.715208e+07,-4.628581e+07,-9.446264e+07,5.969630e-18,944,0
5.986364e-10,1.269625e-03,1.245803e-03,2.500519e-03,2.121211e+06,2.081406e+06,4.177501e+06,-6.000043e-01,-5.864295e-01,-1.045560e+00,5.969630e-18,944,2634
5.984545e-09,1.269453e-02,1.245631e-02,2.500060e-02,2.121268e+06,2.081461e+06,4.177600e+06,-5.869516e-03,-5.764430e-03,-1.060519e-02,5.969630e-18,944,26332
0.000000e+00,-1.663342e-07,2.113102e-08,1.640578e-07,0.000000e+00,0.000000e+00,0.000000e+00,1.387750e+08,-1.875880e+07,-1.149195e+08,7.229192e-18,945,0
5.290909e-10,-3.033290e-03,4.104723e-04,2.500128e-03,-5.733170e+06,7.758315e+05,4.725352e+06,6.164847e-01,-8.618760e-02,-4.467706e-01,7.229192e-18,945,2328
5.290682e-09,-3.033251e-02,4.104693e-03,2.500047e-02,-5.733222e+06,7.758387e+05,4.725390e+06,6.048655e-03,-8.401327e-04,-4.557937e-03,7.229192e-18,945,23279
0.000000e+00,9.018780e-08,-9.120251e-08,3.342052e-07,0.000000e+00,0.000000e+00,0.000000e+00,-2.715601e+07,2.554823e+07,-7.028418e+07,4.995019e-18,946,0
7.093182e-10,1.017100e-03,-9.524262e-04,2.500483e-03,1.434427e+06,-1.343193e+06,3.526077e+06,-6.028539e-01,5.503066e-01,-1.276512e+00,4.995019e-18,946,3121
7.090000e-09,1.017008e-02,-9.523242e-03,2.500001e-02,1.434494e+06,-1.343255e+06,3.526220e+06,-5.797227e-03,5.349345e-03,-1.311452e-02,4.995019e-18,946,31196
0.000000e+00,-1.572252e-07,-1.298318e-08,1.603467e-07,0.000000e+00,0.000000e+00,0.000000e+00,1.503558e+08,1.097874e+07,-1.322241e+08,7.529718e-18,947,0
4.631818e-10,-2.852567e-03,-2.070628e-04,2.500719e-03,-6.158711e+06,-4.470410e+05,5.398981e+06,6.447482e-01,3.897771e-02,-5.060080e-01,7.529718e-18,947,2038
4.630682e-09,-2.851916e-02,-2.070116e-03,2.500110e-02,-6.158759e+06,-4.470439e+05,5.399018e+06,6.473611e-03,4.642592e-04,-5.221557e-03,7.529718e-18,947,20375
0.000000e+00,-6.816227e-08,-5.400307e-08,6.039672e-07,0.000000e+00,0.000000e+00,0.000000e+00,8.064423e+06,4.863114e+06,-3.716910e+07,3.114217e-18,948,0
9.850000e-10,-5.563576e-04,-3.586057e-04,2.500574e-03,-5.651937e+05,-3.643927e+05,2.539974e+06,3.055105e-01,2.703832e-01,-1.333598e+00,3.114217e-18,948,4334
9.842727e-09,-5.563038e-03,-3.586604e-03,2.500049e-02,-5.652412e+05,-3.644346e+05,2.540182e+06,2.880649e-03,2.220186e-03,-1.514383e-02,3.114217e-18,948,43308
0.000000e+00,-5.810225e-08,-3.714009e-09,6.695130e-07,0.000000e+00,0.000000e+00,0.000000e+00,5.894260e+06,-3.371964e+06,-3.409705e+07,2.812224e-18,949,0
9.972727e-10,-4.473213e-04,1.399341e-04,2.500022e-03,-4.489960e+05,1.404456e+05,2.508247e+06,3.916211e-01,-1.138796e-01,-1.394658e+00,2.812224e-18,949,4388
9.967045e-09,-4.475171e-03,1.399832e-03,2.500006e-02,-4.490576e+05,1.404635e+05,2.508467e+06,3.815045e-03,-1.361350e-03,-1.575200e-02,2.812224e-18,949,43855
0.000000e+00,-1.619706e-07,-6.194490e-08,1.678826e-07,0.000000e+00,0.000000e+00,0.000000e+00,1.248391e+08,5.481534e+07,-1.061813e+08,7.033165e-18,950,0
5.706818e-10,-2.955775e-03,-1.299337e-03,2.500338e-03,-5.179532e+06,-2.276907e+06,4.381349e+06,5.417909e-01,2.471891e-01,-4.002750e-01,7.033165e-18,950,2511
5.706136e-09,-2.955524e-02,-1.299238e-02,2.500071e-02,-5.179581e+06,-2.276929e+06,4.381385e+06,5.324492e-03,2.356088e-03,-4.084365e-03,7.033165e-18,950,25107
0.000000e+00,-7.139885e-08,8.355259e-08,6.699431e-07,0.000000e+00,0.000000e+00,0.000000e+00,5.071047e+06,-7.899934e+06,-3.477723e+07,2.748585e-18,951,0
9.734091e-10,-3.978495e-04,5.371127e-04,2.500068e-03,-4.091044e+05,5.522190e+05,2.569733e+06,3.217436e-01,-3.819255e-01,-1.397279e+00,2.748585e-18,951,4283
9.728636e-09,-3.980009e-03,5.372341e-03,2.500022e-02,-4.091537e+05,5.522776e+05,2.569949e+06,2.969564e-03,-3.344737e-03,-1.548547e-02,2.748585e-18,951,42806
0.000000e+00,1.459493e-07,5.239552e-08,1.614818e-07,0.000000e+00,0.000000e+00,0.000000e+00,-1.404959e+08,-5.018959e+07,-1.321142e+08,7.546328e-18,952,0
4.631818e-10,2.667749e-03,9.529419e-04,2.500360e-03,5.759702e+06,2.057412e+06,5.398212e+06,-6.210563e-01,-2.209435e-01,-5.189395e-01,7.546328e-18,952,2038
4.631364e-09,2.667539e-02,9.528665e-03,2.500122e-02,5.759748e+06,2.057428e+06,5.398250e+06,-6.112513e-03,-2.194819e-03,-5.266770e-03,7.546328e-18,952,20378
0.000000e+00,2.129138e-07,4.713766e-08,5.045159e-07,0.000000e+00,0.000000e+00,0.000000e+00,-2.199534e+07,-4.348562e+06,-3.551228e+07,3.348776e-18,953,0
1.170000e-09,1.824481e-03,3.793742e-04,2.500047e-03,1.560401e+06,3.244910e+05,2.137611e+06,-6.920103e-01,-1.607706e-01,-7.127355e-01,3.348776e-18,953,5148
1.169523e-08,1.824917e-02,3.794974e-03,2.500004e-02,1.560528e+06,3.245206e+05,2.137743e+06,-5.598581e-03,-1.140407e-03,-8.423349e-03,3.348776e-18,953,51459
0.000000e+00,5.896444e-09,-1.480792e-07,4.460315e-07,0.000000e+00,0.000000e+00,0.000000e+00,1.645308e+05,2.198264e+07,-4.756189e+07,3.930927e-18,954,0
8.915909e-10,6.225516e-05,-1.379237e-03,2.500142e-03,6.979367e+04,-1.547862e+06,2.805255e+06,1.690866e-02,7.988233e-01,-1.186508e+00,3.930927e-18,954,3923
8.911818e-09,6.220002e-04,-1.379419e-02,2.500003e-02,6.979122e+04,-1.547974e+06,2.805422e+06,2.509263e-04,7.597045e-03,-1.268011e-02,3.930927e-18,954,39212
0.000000e+00,-8.708559e-08,1.279560e-07,2.144323e-07,0.000000e+00,0.000000e+00,0.000000e+00,5.423904e+07,-7.747058e+07,-1.080441e+08,6.497734e-18,955,0
5.479545e-10,-1.267742e-03,1.809743e-03,2.500975e-03,-2.313780e+06,3.302983e+06,4.564410e+06,4.485865e-01,-6.317060e-01,-7.724824e-01,6.497734e-18,955,2411
5.477273e-09,-1.267326e-02,1.809142e-02,2.500068e-02,-2.313819e+06,3.303038e+06,4.564477e+06,4.389500e-03,-6.201401e-03,-7.873686e-03,6.497734e-18,955,24100
0.000000e+00,1.946887e-07,-5.990566e-08,2.812693e-07,0.000000e+00,0.000000e+00,0.000000e+00,-5.585414e+07,1.836956e+07,-5.972875e+07,5.074674e-18,956,0
8.893182e-10,2.473236e-03,-8.401610e-04,2.500154e-03,2.781752e+06,-9.449919e+05,2.811704e+06,-6.984917e-01,2.497504e-01,-5.254695e-01,5.074674e-18,956,3913
8.891364e-09,2.473359e-02,-8.402261e-03,2.500003e-02,2.781850e+06,-9.450269e+05,2.811778e+06,-6.479650e-03,2.261230e-03,-5.900735e-03,5.074674e-18,956,39122
0.000000e+00,1.107312e-07,-5.127166e-08,4.363677e-07,0.000000e+00,0.000000e+00,0.000000e+00,-2.017898e+07,1.626736e+06,-4.848679e+07,4.082602e-18,957,0
8.845455e-10,1.142612e-03,-1.788160e-04,2.500137e-03,1.292577e+06,-2.022840e+05,2.827778e+06,-7.256490e-01,1.265828e-01,-1.365008e+00,4.082602e-18,957,3892
8.840909e-09,1.142750e-02,-1.788378e-03,2.500023e-02,1.292679e+06,-2.023017e+05,2.827970e+06,-6.623743e-03,1.156339e-03,-1.434348e-02,4.082602e-18,957,38900
0.000000e+00,1.177648e-07,-2.194611e-07,2.692625e-07,0.000000e+00,0.000000e+00,0.000000e+00,-3.029864e+07,5.500829e+07,-4.603508e+07,4.769574e-18,958,0
1.124318e-09,1.725340e-03,-3.159074e-03,2.500179e-03,1.534914e+06,-2.810400e+06,2.223992e+06,-2.633424e-01,4.770522e-01,-2.837328e-01,4.769574e-18,958,4947
1.124114e-08,1.725418e-02,-3.159209e-02,2.500033e-02,1.534961e+06,-2.810485e+06,2.224043e+06,-2.321144e-03,4.189367e-03,-3.127550e-03,4.769574e-18,958,49461
0.000000e+00,-2.579218e-08,-6.830544e-08,4.255639e-07,0.000000e+00,0.000000e+00,0.000000e+00,-1.876409e+07,-1.261359e+07,-1.737443e+07,4.305931e-18,959,0
1.077045e-09,1.525375e-03,8.560858e-04,2.500308e-03,1.417404e+06,7.955020e+05,2.322738e+06,-6.925018e-01,-3.693248e-01,-8.843691e-01,4.305931e-18,959,4739
1.076341e-08,1.525581e-02,8.562111e-03,2.500040e-02,1.417522e+06,7.955647e+05,2.322889e+06,-5.699861e-03,-2.884409e-03,-9.738639e-03,4.305931e-18,959,47359
0.000000e+00,4.269954e-08,9.708575e-08,3.272348e-07,0.000000e+00,0.000000e+00,0.000000e+00,-1.100305e+07,-2.835376e+07,-7.761056e+07,5.202815e-18,960,0
6.470455e-10,3.709736e-04,9.531023e-04,2.500819e-03,5.735169e+05,1.473518e+06,3.866002e+06,-2.530131e-01,-6.846283e-01,-1.583859e+00,5.202815e-18,960,2847
6.466818e-09,3.708836e-03,9.528978e-03,2.500085e-02,5.735427e+05,1.473588e+06,3.866164e+06,-2.510744e-03,-6.618622e-03,-1.616620e-02,5.202815e-18,960,28454
0.000000e+00,-6.727448e-08,2.575100e-07,5.121788e-07,0.000000e+00,0.000000e+00,0.000000e+00,7.453029e+06,-2.789996e+07,-2.971643e+07,3.166967e-18,961,0
1.351591e-09,-4.516231e-04,2.497276e-03,2.500328e-03,-3.342995e+05,1.848701e+06,1.850473e+06,1.089418e-01,-6.146662e-01,-4.434007e-01,3.166967e-18,961,5947
1.351000e-08,-4.516407e-03,2.497585e-02,2.500009e-02,-3.343227e+05,1.848831e+06,1.850568e+06,1.081552e-03,-5.508511e-03,-5.538946e-03,3.166967e-18,961,59444
0.000000e+00,-1.201019e-07,4.790032e-08,5.184890e-07,0.000000e+00,0.000000e+00,0.000000e+00,1.434648e+07,-6.440241e+06,-4.108921e+07,3.518293e-18,962,0
9.861364e-10,-8.922155e-04,3.045916e-04,2.500407e-03,-9.053525e+05,3.090453e+05,2.536834e+06,4.973316e-01,-1.682504e-01,-1.253222e+00,3.518293e-18,962,4339
9.854773e-09,-8.922026e-03,3.045594e-03,2.500010e-02,-9.054299e+05,3.090715e+05,2.537030e+06,4.598523e-03,-1.282098e-03,-1.410992e-02,3.518293e-18,962,43361
0.000000e+00,-5.693895e-08,2.288569e-07,2.695262e-07,0.000000e+00,0.000000e+00,0.000000e+00,1.480771e+07,-6.173132e+07,-5.261311e+07,4.874794e-18,963,0
1.000682e-09,-7.318748e-04,3.074844e-03,2.500108e-03,-7.315319e+05,3.073437e+06,2.498728e+06,1.403080e-01,-6.053412e-01,-3.866896e-01,4.874794e-18,963,4403
1.000523e-08,-7.319152e-03,3.075046e-02,2.500048e-02,-7.315540e+05,3.073532e+06,2.498790e+06,1.233331e-03,-5.467459e-03,-4.094093e-03,4.874794e-18,963,44023
0.000000e+00,1.160083e-07,2.338022e-07,4.833096e-07,0.000000e+00,0.000000e+00,0.000000e+00,-1.375854e+07,-2.712743e+07,-3.284309e+07,3.314429e-18,964,0
1.299318e-09,1.188838e-03,2.357716e-03,2.500054e-03,9.154423e+05,1.815525e+06,1.924608e+06,-2.865661e-01,-5.772236e-01,-4.151422e-01,3.314429e-18,964,5717
1.298977e-08,1.189134e-02,2.358317e-02,2.500042e-02,9.155009e+05,1.815643e+06,1.924694e+06,-2.453903e-03,-4.886049e-03,-5.224109e-03,3.314429e-18,964,57155
0.000000e+00,-1.385277e-07,-5.530861e-08,3.205596e-07,0.000000e+00,0.000000e+00,0.000000e+00,3.711341e+07,1.371851e+07,-6.897462e+07,5.041516e-18,965,0
7.209091e-10,-1.403499e-03,-5.224824e-04,2.500439e-03,-1.947484e+06,-7.249823e+05,3.469342e+06,7.623194e-01,2.755965e-01,-1.235225e+00,5.041516e-18,965,3172
7.206136e-09,-1.403384e-02,-5.224326e-03,2.500067e-02,-1.947571e+06,-7.250137e+05,3.469483e+06,7.612596e-03,2.811377e-03,-1.257478e-02,5.041516e-18,965,31707
0.000000e+00,1.703564e-07,9.099736e-08,4.943272e-07,0.000000e+00,0.000000e+00,0.000000e+00,-2.019065e+07,-1.080974e+07,-3.767384e+07,3.474972e-18,966,0
1.072727e-09,1.342095e-03,7.153869e-04,2.500364e-03,1.251931e+06,6.672750e+05,2.331934e+06,-6.434451e-01,-3.103578e-01,-9.607212e-01,3.474972e-18,966,4720
1.072068e-08,1.342154e-02,7.153645e-03,2.500006e-02,1.252040e+06,6.673274e+05,2.332098e+06,-5.085955e-03,-2.265571e-03,-1.076923e-02,3.474972e-18,966,47171
0.000000e+00,1.842898e-07,-1.642634e-07,4.289153e-07,0.000000e+00,0.000000e+00,0.000000e+00,-2.669778e+07,2.166048e+07,-3.210318e+07,3.677637e-18,967,0
1.357727e-09,2.324663e-03,-1.923130e-03,2.500174e-03,1.712915e+06,-1.417100e+06,1.841823e+06,-4.195066e-01,3.800450e-01,-3.214983e-01,3.677637e-18,967,5974
1.357364e-08,2.325038e-02,-1.923512e-02,2.500041e-02,1.713004e+06,-1.417181e+06,1.841892e+06,-3.826829e-03,3.113540e-03,-4.213052e-03,3.677637e-18,967,59724
0.000000e+00,-1.884182e-07,8.997948e-09,2.009094e-07,0.000000e+00,0.000000e+00,0.000000e+00,7.891491e+07,-1.941793e+07,-1.058933e+08,6.239825e-18,968,0
5.525000e-10,-1.892561e-03,4.595630e-04,2.500205e-03,-3.425738e+06,8.319159e+05,4.525619e+06,7.934446e-01,-1.882283e-01,-9.302533e-01,6.239825e-18,968,2431
5.524091e-09,-1.892421e-02,4.595576e-03,2.500007e-02,-3.425807e+06,8.319323e+05,4.525701e+06,7.799644e-03,-1.871080e-03,-9.509270e-03,6.239825e-18,968,24306
0.000000e+00,7.238983e-09,-3.907018e-08,5.994569e-07,0.000000e+00,0.000000e+00,0.000000e+00,-2.839224e+06,2.476535e+06,-3.518815e+07,3.164811e-18,969,0
1.028864e-09,1.564077e-04,-1.961156e-04,2.500459e-03,1.521541e+05,-1.908217e+05,2.431837e+06,-1.037392e-01,1.711594e-01,-1.412368e+00,3.164811e-18,969,4527
1.028023e-08,1.564169e-03,-1.961689e-03,2.500003e-02,1.521709e+05,-1.908494e+05,2.432067e+06,-8.682046e-04,1.011348e-03,-1.600173e-02,3.164811e-18,969,45233
0.000000e+00,-2.589384e-07,-5.144970e-08,5.227112e-07,0.000000e+00,0.000000e+00,0.000000e+00,2.819021e+07,6.582991e+06,-3.160559e+07,3.132895e-18,970,0
1.280682e-09,-2.445398e-03,-6.135946e-04,2.500402e-03,-1.910443e+06,-4.793647e+05,1.952896e+06,6.218207e-01,1.461504e-01,-4.486263e-01,3.132895e-18,970,5635
1.280159e-08,-2.445663e-02,-6.136593e-03,2.500041e-02,-1.910568e+06,-4.793941e+05,1.952988e+06,5.319251e-03,1.344792e-03,-5.673866e-03,3.132895e-18,970,56327
0.000000e+00,1.181993e-07,-2.400704e-07,3.445190e-07,0.000000e+00,0.000000e+00,0.000000e+00,-2.238638e+07,4.070464e+07,-4.169428e+07,4.081312e-18,971,0
1.154773e-09,1.463875e-03,-2.644529e-03,2.500333e-03,1.268122e+06,-2.290849e+06,2.165627e+06,-3.142116e-01,5.526867e-01,-3.955593e-01,4.081312e-18,971,5081
1.154409e-08,1.463929e-02,-2.644575e-02,2.500034e-02,1.268179e+06,-2.290950e+06,2.165699e+06,-2.706890e-03,4.796685e-03,-4.403616e-03,4.081312e-18,971,50794
0.000000e+00,1.966363e-08,-2.737236e-07,4.679847e-07,0.000000e+00,0.000000e+00,0.000000e+00,-9.962229e+05,3.291401e+07,-3.579860e+07,3.352626e-18,972,0
1.200455e-09,6.872601e-05,-2.544472e-03,2.500363e-03,5.726094e+04,-2.120543e+06,2.083338e+06,-1.368251e-02,6.498508e-01,-4.697240e-01,3.352626e-18,972,5282
1.200000e-08,6.871411e-04,-2.544647e-02,2.500027e-02,5.726348e+04,-2.120666e+06,2.083428e+06,9.388954e-06,5.494803e-03,-5.695448e-03,3.352626e-18,972,52800
0.000000e+00,5.375998e-08,-9.045565e-08,5.187889e-07,0.000000e+00,0.000000e+00,0.000000e+00,6.940178e+06,-3.972532e+06,-3.756163e+07,3.563728e-18,973,0
1.001818e-09,-3.570615e-04,1.083311e-04,2.500188e-03,-3.565931e+05,1.082082e+05,2.497157e+06,6.981054e-02,-3.334239e-04,-1.390160e+00,3.563728e-18,973,4408
1.001136e-08,-3.569886e-03,1.083239e-03,2.500008e-02,-3.566041e+05,1.082083e+05,2.497378e+06,2.136098e-03,-5.841717e-04,-1.581556e-02,3.563728e-18,973,44050
0.000000e+00,-6.283976e-08,1.924386e-07,3.918228e-07,0.000000e+00,0.000000e+00,0.000000e+00,1.156726e+07,-3.592167e+07,-4.265293e+07,4.114093e-18,974,0
1.093864e-09,-9.412674e-04,2.335913e-03,2.500343e-03,-8.608816e+05,2.136408e+06,2.286361e+06,2.500091e-01,-6.719832e-01,-5.481142e-01,4.114093e-18,974,4813
1.093455e-08,-9.413281e-03,2.336057e-02,2.500047e-02,-8.609247e+05,2.136524e+06,2.286457e+06,2.182928e-03,-5.753206e-03,-6.183089e-03,4.114093e-18,974,48112
0.000000e+00,1.384802e-07,4.032172e-09,2.527863e-07,0.000000e+00,0.000000e+00,0.000000e+00,-6.552194e+07,-2.639393e+06,-9.843786e+07,6.032723e-18,975,0
5.779545e-10,1.691498e-03,6.857185e-05,2.500981e-03,2.927151e+06,1.186681e+05,4.327768e+06,-8.342661e-01,-3.521208e-02,-1.095335e+00,6.032723e-18,975,2543
5.776818e-09,1.690968e-02,6.855249e-04,2.500088e-02,2.927227e+06,1.186713e+05,4.327868e+06,-8.224747e-03,-3.414384e-04,-1.108768e-02,6.032723e-18,975,25418
0.000000e+00,-1.502055e-07,-2.437736e-07,4.687283e-07,0.000000e+00,0.000000e+00,0.000000e+00,1.637176e+07,2.747273e+07,-3.231331e+07,3.299098e-18,976,0
1.347727e-09,-1.381705e-03,-2.527911e-03,2.500095e-03,-1.025672e+06,-1.876563e+06,1.855452e+06,2.819896e-01,5.167167e-01,-3.547328e-01,3.299098e-18,976,5930
1.347386e-08,-1.381975e-02,-2.528447e-02,2.500032e-02,-1.025732e+06,-1.876672e+06,1.855529e+06,2.428459e-03,4.535762e-03,-4.517691e-03,3.299098e-18,976,59285
0.000000e+00,2.149427e-08,5.264423e-08,3.255997e-07,0.000000e+00,0.000000e+00,0.000000e+00,-5.594365e+06,-1.469492e+07,-8.754758e+07,5.405234e-18,977,0
5.845455e-10,1.639761e-04,4.373409e-04,2.500861e-03,2.805881e+05,7.484057e+05,4.279413e+06,-1.167705e-01,-3.691205e-01,-1.938700e+00,5.405234e-18,977,2572
5.842045e-09,1.639215e-03,4.372232e-03,2.500065e-02,2.805989e+05,7.484398e+05,4.279592e+06,-1.230043e-03,-3.618010e-03,-1.973954e-02,5.405234e-18,977,25705
0.000000e+00,1.522635e-07,1.452937e-07,5.461567e-07,0.000000e+00,0.000000e+00,0.000000e+00,-1.623679e+07,-1.495133e+07,-3.556682e+07,3.151422e-18,978,0
1.079318e-09,1.232629e-03,1.057250e-03,2.500363e-03,1.142793e+06,9.802092e+05,2.317604e+06,-5.633237e-01,-5.090782e-01,-9.162443e-01,3.151422e-18,978,4749
1.078705e-08,1.232732e-02,1.057355e-02,2.500028e-02,1.142889e+06,9.802958e+05,2.317760e+06,-4.558282e-03,-3.980512e-03,-1.024784e-02,3.151422e-18,978,47463
0.000000e+00,1.134353e-07,-1.789388e-07,3.041671e-07,0.000000e+00,0.000000e+00,0.000000e+00,-3.468021e+07,4.437427e+07,-5.846428e+07,4.778002e-18,979,0
8.865909e-10,1.545634e-03,-1.989719e-03,2.500503e-03,1.743821e+06,-2.244813e+06,2.820816e+06,-4.558145e-01,5.859637e-01,-5.986522e-01,4.778002e-18,979,3901
8.862727e-09,1.545501e-02,-1.989519e-02,2.500027e-02,1.743884e+06,-2.244895e+06,2.820900e+06,-4.333120e-03,5.546998e-03,-6.309057e-03,4.778002e-18,979,38996
0.000000e+00,1.814649e-07,2.177096e-07,4.320069e-07,0.000000e+00,0.000000e+00,0.000000e+00,-2.188548e+07,-2.802430e+07,-3.318198e+07,3.489091e-18,980,0
1.431591e-09,2.115433e-03,2.484580e-03,2.500054e-03,1.478315e+06,1.736272e+06,1.746677e+06,-3.459278e-01,-4.071665e-01,-2.818953e-01,3.489091e-18,980,6299
1.431295e-08,2.115898e-02,2.485111e-02,2.500032e-02,1.478393e+06,1.736363e+06,1.746742e+06,-3.046118e-03,-3.578063e-03,-3.597634e-03,3.489091e-18,980,62977
0.000000e+00,9.127338e-08,2.541079e-08,1.572284e-07,0.000000e+00,0.000000e+00,0.000000e+00,-1.518544e+08,-4.070586e+07,-2.410464e+08,9.147706e-18,981,0
2.575000e-10,1.576229e-03,4.224640e-04,2.500383e-03,6.121175e+06,1.640605e+06,9.709993e+06,-7.466523e-01,-1.967074e-01,-1.120179e+00,9.147706e-18,981,1133
2.574773e-09,1.576072e-02,4.224208e-03,2.500117e-02,6.121205e+06,1.640613e+06,9.710039e+06,-7.424041e-03,-1.960457e-03,-1.122817e-02,9.147706e-18,981,11329
0.000000e+00,4.126075e-08,2.973705e-08,1.194943e-07,0.000000e+00,0.000000e+00,0.000000e+00,-1.925669e+08,-1.362122e+08,-5.301956e+08,1.272484e-17,982,0
1.181818e-10,9.096088e-04,6.434063e-04,2.504320e-03,7.696417e+06,5.444009e+06,2.118959e+07,-5.382891e-01,-3.776767e-01,-1.433775e+00,1.272484e-17,982,520
1.180000e-09,9.081813e-03,6.423960e-03,2.500384e-02,7.696427e+06,5.444016e+06,2.118962e+07,-5.385885e-03,-3.781563e-03,-1.438923e-02,1.272484e-17,982,5192
0.000000e+00,-8.437563e-08,-1.481506e-07,2.057277e-07,0.000000e+00,0.000000e+00,0.000000e+00,4.929663e+07,8.831855e+07,-9.796392e+07,6.417711e-18,983,0
6.031818e-10,-1.270437e-03,-2.276500e-03,2.500138e-03,-2.106386e+06,-3.774449e+06,4.145093e+06,3.472227e-01,6.255420e-01,-5.991306e-01,6.417711e-18,983,2654
6.031364e-09,-1.270443e-02,-2.276516e-02,2.500072e-02,-2.106419e+06,-3.774508e+06,4.145151e+06,3.470066e-03,6.110642e-03,-6.081266e-03,6.417711e-18,983,26538
0.000000e+00,-2.148740e-07,-4.871764e-08,5.628644e-07,0.000000e+00,0.000000e+00,0.000000e+00,2.297138e+07,7.954380e+06,-3.763851e+07,3.074542e-18,984,0
1.027273e-09,-1.628447e-03,-5.564473e-04,2.500285e-03,-1.586201e+06,-5.420250e+05,2.434834e+06,7.843930e-01,2.624636e-01,-9.376320e-01,3.074542e-18,984,4520
1.026773e-08,-1.628664e-02,-5.565330e-03,2.500042e-02,-1.586328e+06,-5.420674e+05,2.434987e+06,6.453354e-03,1.983074e-03,-1.026896e-02,3.074542e-18,984,45178
0.000000e+00,-1.991591e-07,7.284164e-08,2.536790e-07,0.000000e+00,0.000000e+00,0.000000e+00,6.569002e+07,-2.561804e+07,-6.300030e+07,5.262252e-18,985,0
8.668182e-10,-2.698232e-03,1.054782e-03,2.500362e-03,-3.113385e+06,1.217084e+06,2.884855e+06,6.287679e-01,-2.507532e-01,-4.760869e-01,5.262252e-18,985,3814
8.665909e-09,-2.698036e-02,1.054715e-02,2.500003e-02,-3.113471e+06,1.217118e+06,2.884920e+06,5.997798e-03,-2.376610e-03,-4.924134e-03,5.262252e-18,985,38130
0.000000e+00,1.605713e-08,-3.717403e-08,6.194129e-07,0.000000e+00,0.000000e+00,0.000000e+00,-6.325095e+06,1.146965e+06,-3.997286e+07,3.059128e-18,986,0
9.670455e-10,3.907713e-04,5.046451e-04,2.500256e-03,4.044892e+05,5.223210e+05,2.586860e+06,-3.139254e-01,-2.845261e-01,-1.459848e+00,3.059128e-18,986,4255
9.664318e-09,3.909068e-03,5.047726e-03,2.500049e-02,4.045370e+05,5.223643e+05,2.587084e+06,-1.915390e-03,-2.117509e-03,-1.623627e-02,3.059128e-18,986,42523
0.000000e+00,-2.225345e-07,6.162346e-08,3.516830e-07,0.000000e+00,0.000000e+00,0.000000e+00,4.040278e+07,-1.196052e+07,-4.428936e+07,4.259896e-18,987,0
1.052500e-09,-2.576358e-03,6.871640e-04,2.500120e-03,-2.448772e+06,6.531284e+05,2.375956e+06,6.914711e-01,-1.895366e-01,-5.322429e-01,4.259896e-18,987,4631
1.052205e-08,-2.576601e-02,6.872240e-03,2.500003e-02,-2.448887e+06,6.531598e+05,2.376044e+06,6.062583e-03,-1.632200e-03,-5.728581e-03,4.259896e-18,987,46297
0.000000e+00,6.305986e-08,-9.304601e-08,1.572778e-07,0.000000e+00,0.000000e+00,0.000000e+00,-9.082724e+07,1.349697e+08,-2.032046e+08,8.695002e-18,988,0
3.047727e-10,1.119436e-03,-1.663493e-03,2.501665e-03,3.672988e+06,-5.458098e+06,8.208143e+06,-4.299013e-01,6.391217e-01,-8.908953e-01,8.695002e-18,988,1341
3.045909e-09,1.118764e-02,-1.662495e-02,2.500140e-02,3.673008e+06,-5.458129e+06,8.208186e+06,-4.255821e-03,6.364460e-03,-8.947490e-03,8.695002e-18,988,13402
0.000000e+00,-7.202832e-08,-1.533249e-07,2.925888e-07,0.000000e+00,0.000000e+00,0.000000e+00,2.104600e+07,4.770232e+07,-6.825307e+07,5.218639e-18,989,0
7.586364e-10,-7.994249e-04,-1.813691e-03,2.500168e-03,-1.054051e+06,-2.391385e+06,3.296259e+06,3.353037e-01,7.588175e-01,-9.140480e-01,5.218639e-18,989,3338
7.584318e-09,-7.994271e-03,-1.813704e-02,2.500000e-02,-1.054092e+06,-2.391476e+06,3.296369e+06,3.259161e-03,7.369389e-03,-9.299534e-03,5.218639e-18,989,33371
0.000000e+00,-1.001051e-07,6.643013e-08,5.610864e-07,0.000000e+00,0.000000e+00,0.000000e+00,9.654629e+06,-8.649578e+06,-3.982342e+07,3.286023e-18,990,0
9.529545e-10,-6.070910e-04,5.576814e-04,2.500453e-03,-6.374647e+05,5.856675e+05,2.625258e+06,3.685113e-01,-3.907188e-01,-1.390142e+00,3.286023e-18,990,4193
9.522955e-09,-6.070556e-03,5.577269e-03,2.500040e-02,-6.375200e+05,5.857263e+05,2.625468e+06,3.476260e-03,-3.290192e-03,-1.536910e-02,3.286023e-18,990,41901
0.000000e+00,-1.665970e-08,-1.336321e-07,5.504400e-07,0.000000e+00,0.000000e+00,0.000000e+00,2.282653e+06,1.612521e+07,-3.607311e+07,3.313980e-18,991,0
1.094773e-09,-1.513738e-04,-1.259498e-03,2.500018e-03,-1.382673e+05,-1.151420e+06,2.284636e+06,1.552951e-03,6.960378e-01,-9.696647e-01,3.313980e-18,991,4817
1.094273e-08,-1.513027e-03,-1.259961e-02,2.500038e-02,-1.382677e+05,-1.151540e+06,2.284804e+06,8.823371e-04,5.618992e-03,-1.179400e-02,3.313980e-18,991,48148
0.000000e+00,-1.159485e-07,1.656215e-07,2.446558e-07,0.000000e+00,0.000000e+00,0.000000e+00,4.383612e+07,-5.956187e+07,-6.932711e+07,5.466764e-18,992,0
8.000000e-10,-1.624443e-03,2.204628e-03,2.500308e-03,-2.030905e+06,2.756244e+06,3.125720e+06,4.199749e-01,-5.617042e-01,-5.398566e-01,5.466764e-18,992,3520
7.998182e-09,-1.624359e-02,2.204499e-02,2.500021e-02,-2.030958e+06,2.756315e+06,3.125788e+06,4.062209e-03,-5.424964e-03,-5.536946e-03,5.466764e-18,992,35192
0.000000e+00,4.679694e-08,1.562643e-07,4.860967e-07,0.000000e+00,0.000000e+00,0.000000e+00,-1.423224e+05,-1.508243e+07,-3.870979e+07,3.628661e-18,993,0
1.040682e-09,5.024120e-05,1.159061e-03,2.500465e-03,4.829475e+04,1.114584e+06,2.403862e+06,-3.975553e-02,-6.470153e-01,-1.054413e+00,3.628661e-18,993,4579
1.040000e-08,5.022978e-04,1.159163e-02,2.500032e-02,4.830127e+04,1.114690e+06,2.404036e+06,-1.694528e-04,-5.071470e-03,-1.249848e-02,3.628661e-18,993,45760
0.000000e+00,-3.590061e-08,2.208348e-07,5.313865e-07,0.000000e+00,0.000000e+00,0.000000e+00,3.817939e+06,-2.455165e+07,-3.299004e+07,3.213342e-18,994,0
1.162273e-09,-2.685882e-04,1.965536e-03,2.500283e-03,-2.311657e+05,1.692038e+06,2.152010e+06,5.960207e-02,-6.319142e-01,-7.103237e-01,3.213342e-18,994,5114
1.161705e-08,-2.685467e-03,1.965642e-02,2.500019e-02,-2.311766e+05,1.692154e+06,2.152141e+06,3.453613e-04,-5.268551e-03,-8.174298e-03,3.213342e-18,994,51115
0.000000e+00,2.471767e-08,1.880502e-08,4.200950e-07,0.000000e+00,0.000000e+00,0.000000e+00,-5.486142e+06,-4.561842e+06,-5.662025e+07,4.368656e-18,995,0
7.322727e-10,2.886889e-04,2.160161e-04,2.500108e-03,3.944860e+05,2.951828e+05,3.415776e+06,-2.422522e-01,-1.938135e-01,-1.928707e+00,4.368656e-18,995,3222
7.319091e-09,2.887249e-03,2.160454e-03,2.500042e-02,3.945141e+05,2.952053e+05,3.415999e+06,-2.423007e-03,-2.021781e-03,-1.979397e-02,4.368656e-18,995,32204
0.000000e+00,-1.096789e-07,1.682503e-07,4.314664e-07,0.000000e+00,0.000000e+00,0.000000e+00,1.527971e+07,-2.808948e+07,-4.430825e+07,3.854512e-18,996,0
9.865909e-10,-9.873098e-04,1.789897e-03,2.500091e-03,-1.001201e+06,1.815111e+06,2.534843e+06,3.845929e-01,-6.984391e-01,-7.902068e-01,3.854512e-18,996,4341
9.862500e-09,-9.874316e-03,1.790145e-02,2.500003e-02,-1.001261e+06,1.815220e+06,2.534966e+06,3.255963e-03,-6.114287e-03,-8.519469e-03,3.854512e-18,996,43395
0.000000e+00,-1.058916e-07,-1.546716e-08,2.587814e-07,0.000000e+00,0.000000e+00,0.000000e+00,5.898193e+07,6.553823e+06,-1.106243e+08,6.229930e-18,997,0
5.195455e-10,-1.351727e-03,-1.504610e-04,2.500222e-03,-2.602140e+06,-2.896379e+05,4.812801e+06,8.039072e-01,8.965612e-02,-1.318775e+00,6.229930e-18,997,2286
5.194545e-09,-1.351699e-02,-1.504547e-03,2.500049e-02,-2.602206e+06,-2.896453e+05,4.812910e+06,7.774234e-03,8.943354e-04,-1.340277e-02,6.229930e-18,997,22856
0.000000e+00,1.394969e-07,-4.974155e-08,6.348795e-07,0.000000e+00,0.000000e+00,0.000000e+00,-1.269104e+07,-1.567563e+05,-3.651291e+07,2.872694e-18,998,0
9.575000e-10,1.005490e-03,-5.800832e-05,2.500501e-03,1.050868e+06,-6.059570e+04,2.612770e+06,-6.182181e-01,3.711565e-02,-1.345208e+00,2.872694e-18,998,4213
9.568409e-09,1.005508e-02,-5.798322e-04,2.500028e-02,1.050961e+06,-6.060129e+04,2.612974e+06,-5.400287e-03,4.061099e-04,-1.456878e-02,2.872694e-18,998,42101
0.000000e+00,-2.695392e-07,8.619371e-08,4.636953e-07,0.000000e+00,0.000000e+00,0.000000e+00,3.236528e+07,-9.071288e+06,-3.306745e+07,3.344240e-18,999,0
1.281818e-09,-2.630173e-03,6.889129e-04,2.500435e-03,-2.052845e+06,5.376937e+05,1.951118e+06,5.935561e-01,-1.616749e-01,-3.879397e-01,3.344240e-18,999,5640
1.281318e-08,-2.630342e-02,6.889566e-03,2.500023e-02,-2.052964e+06,5.377262e+05,1.951197e+06,5.125235e-03,-1.351484e-03,-5.006828e-03,3.344240e-18,999,56378
