0.000000e+00,-5.425090e-08,-1.272983e-07,2.842229e-07,0.000000e+00,0.000000e+00,0.000000e+00,2.333540e+07,4.762321e+07,-8.338751e+07,5.560976e-18,0,0
6.518182e-10,-7.134159e-04,-1.447059e-03,2.500844e-03,-1.094748e+06,-2.220477e+06,3.837324e+06,3.460360e-01,6.662113e-01,-1.088863e+00,5.560976e-18,0,2868
6.515000e-09,-7.132296e-03,-1.446645e-02,2.500032e-02,-1.094784e+06,-2.220546e+06,3.837436e+06,3.302259e-03,6.597773e-03,-1.095324e-02,5.560976e-18,0,28666
0.000000e+00,-5.786741e-08,1.330571e-07,2.693027e-07,0.000000e+00,0.000000e+00,0.000000e+00,2.956741e+07,-5.027627e+07,-8.696734e+07,5.742211e-18,1,0
6.352273e-10,-8.604411e-04,1.463196e-03,2.500151e-03,-1.354809e+06,2.303812e+06,3.936385e+06,3.892164e-01,-6.442961e-01,-1.049192e+00,5.742211e-18,1,2795
6.351136e-09,-8.604593e-03,1.463188e-02,2.500067e-02,-1.354848e+06,2.303877e+06,3.936490e+06,3.840424e-03,-6.448472e-03,-1.052962e-02,5.742211e-18,1,27945
0.000000e+00,-1.576756e-07,1.689308e-07,4.409733e-07,0.000000e+00,0.000000e+00,0.000000e+00,2.763590e+07,-2.473025e+07,-3.732592e+07,3.692177e-18,2,0
1.105227e-09,-1.822159e-03,1.650199e-03,2.500261e-03,-1.649364e+06,1.493688e+06,2.262906e+06,4.945126e-01,-4.453794e-01,-6.283505e-01,3.692177e-18,2,4863
1.104773e-08,-1.822167e-02,1.650184e-02,2.500011e-02,-1.649450e+06,1.493766e+06,2.263016e+06,4.718624e-03,-4.211192e-03,-6.461180e-03,3.692177e-18,2,48610
0.000000e+00,-2.567397e-08,-1.766569e-07,1.908157e-07,0.000000e+00,0.000000e+00,0.000000e+00,1.473182e+07,1.114311e+08,-9.781633e+07,6.536752e-18,3,0
6.086364e-10,-3.782926e-04,-2.859475e-03,2.500314e-03,-6.215702e+05,-4.698409e+06,4.108188e+06,8.079729e-02,6.067851e-01,-5.069941e-01,6.536752e-18,3,2678
6.085455e-09,-3.782555e-03,-2.859207e-02,2.500034e-02,-6.215779e+05,-4.698468e+06,4.108237e+06,8.135725e-04,6.026856e-03,-5.098383e-03,6.536752e-18,3,26776
0.000000e+00,-5.016715e-08,2.103371e-07,3.043442e-07,0.000000e+00,0.000000e+00,0.000000e+00,1.219027e+07,-5.276424e+07,-5.616713e+07,4.763032e-18,4,0
9.000000e-10,-5.598187e-04,2.402954e-03,2.500057e-03,-6.221719e+05,2.670616e+06,2.778373e+06,1.503452e-01,-6.606309e-01,-6.377310e-01,4.763032e-18,4,3960
8.998182e-09,-5.598423e-03,2.403072e-02,2.500043e-02,-6.221933e+05,2.670710e+06,2.778463e+06,1.463760e-03,-6.433509e-03,-6.482118e-03,4.763032e-18,4,39592
0.000000e+00,-3.205414e-08,-1.825597e-08,1.455226e-07,0.000000e+00,0.000000e+00,0.000000e+00,9.605417e+07,5.451881e+07,-4.088412e+08,1.110011e-17,5,0
1.527273e-10,-5.873995e-04,-3.334011e-04,2.500011e-03,-3.845933e+06,-2.182907e+06,1.636848e+07,3.972759e-01,2.263195e-01,-1.672490e+00,1.110011e-17,5,672
1.527500e-09,-5.874694e-03,-3.334408e-03,2.500300e-02,-3.845943e+06,-2.182912e+06,1.636852e+07,3.971799e-03,2.262644e-03,-1.672085e-02,1.110011e-17,5,6721
0.000000e+00,-7.067400e-08,-8.864362e-08,4.378958e-07,0.000000e+00,0.000000e+00,0.000000e+00,1.225331e+07,1.389396e+07,-4.958256e+07,4.077595e-18,6,0
8.272727e-10,-6.701790e-04,-7.280838e-04,2.500386e-03,-8.105766e+05,-8.805648e+05,3.023766e+06,4.402882e-01,4.519531e-01,-1.459337e+00,4.077595e-18,6,3640
8.267955e-09,-6.701776e-03,-7.280450e-03,2.500044e-02,-8.106341e+05,-8.806239e+05,3.023956e+06,4.209961e-03,4.418219e-03,-1.482651e-02,4.077595e-18,6,36379
0.000000e+00,3.958277e-08,7.047398e-08,2.855862e-07,0.000000e+00,0.000000e+00,0.000000e+00,-1.597990e+07,-2.717497e+07,-1.031206e+08,5.949163e-18,7,0
5.368182e-10,3.920259e-04,6.676636e-04,2.500489e-03,7.304102e+05,1.243968e+06,4.658720e+06,-2.655703e-01,-4.567769e-01,-1.646312e+00,5.949163e-18,7,2362
5.366364e-09,3.919665e-03,6.675619e-03,2.500055e-02,7.304327e+05,1.244007e+06,4.658860e+06,-2.662880e-03,-4.555785e-03,-1.652870e-02,5.949163e-18,7,23612
0.000000e+00,8.248114e-08,-2.359994e-07,3.953031e-07,0.000000e+00,0.000000e+00,0.000000e+00,-3.824430e+07,5.349366e+07,-5.088497e+07,3.867481e-18,8,0
1.014773e-09,1.824821e-03,-2.613903e-03,2.500409e-03,1.798654e+06,-2.576320e+06,2.464286e+06,-3.277329e-01,4.638841e-01,-4.356842e-01,3.867481e-18,8,4465
1.014500e-08,1.824734e-02,-2.613685e-02,2.500043e-02,1.798707e+06,-2.576395e+06,2.464356e+06,-3.188472e-03,4.444785e-03,-4.434645e-03,3.867481e-18,8,44638
0.000000e+00,1.545023e-07,2.144097e-07,4.809954e-07,0.000000e+00,0.000000e+00,0.000000e+00,-1.919166e+07,-2.240283e+07,-3.222629e+07,3.325840e-18,9,0
1.148864e-09,1.404548e-03,1.717770e-03,2.500163e-03,1.223178e+06,1.495942e+06,2.177080e+06,-4.351677e-01,-5.324312e-01,-7.174932e-01,3.325840e-18,9,5055
1.148341e-08,1.404621e-02,1.717848e-02,2.500040e-02,1.223257e+06,1.496039e+06,2.177210e+06,-4.233872e-03,-5.068315e-03,-7.426023e-03,3.325840e-18,9,50527
0.000000e+00,-9.202762e-08,5.379177e-08,6.176332e-07,0.000000e+00,0.000000e+00,0.000000e+00,6.032075e+06,3.962370e+06,-3.976723e+07,3.022317e-18,10,0
8.986364e-10,-4.344059e-04,-1.616483e-04,2.500377e-03,-4.837174e+05,-1.800584e+05,2.783979e+06,3.053242e-01,1.047117e-01,-1.676358e+00,3.022317e-18,10,3954
8.980000e-09,-4.343792e-03,-1.616865e-03,2.500032e-02,-4.837608e+05,-1.800732e+05,2.784218e+06,2.898914e-03,9.584980e-04,-1.710964e-02,3.022317e-18,10,39512
0.000000e+00,-2.044545e-07,-1.953833e-07,4.596614e-07,0.000000e+00,0.000000e+00,0.000000e+00,2.440786e+07,2.253297e+07,-3.308468e+07,3.351136e-18,11,0
1.177727e-09,-1.814978e-03,-1.708598e-03,2.500286e-03,-1.541754e+06,-1.451422e+06,2.123713e+06,4.663953e-01,4.595116e-01,-6.106570e-01,3.351136e-18,11,5182
1.177182e-08,-1.814922e-02,-1.708585e-02,2.500009e-02,-1.541841e+06,-1.451508e+06,2.123827e+06,4.573909e-03,4.298155e-03,-6.290613e-03,3.351136e-18,11,51796
0.000000e+00,-2.192847e-08,5.646540e-08,4.532628e-07,0.000000e+00,0.000000e+00,0.000000e+00,2.749794e+06,-7.228544e+06,-5.161026e+07,4.060994e-18,12,0
7.825000e-10,-1.584685e-04,4.158887e-04,2.500580e-03,-2.026664e+05,5.317970e+05,3.197111e+06,1.497401e-01,-3.140160e-01,-1.722052e+00,4.060994e-18,12,3443
7.819545e-09,-1.584749e-03,4.158394e-03,2.500003e-02,-2.026849e+05,5.318358e+05,3.197324e+06,1.418656e-03,-2.996374e-03,-1.767502e-02,4.060994e-18,12,34406
0.000000e+00,-1.201992e-08,-9.951983e-08,5.170777e-07,0.000000e+00,0.000000e+00,0.000000e+00,2.534187e+06,1.074728e+07,-3.957184e+07,3.560518e-18,13,0
8.979545e-10,-1.671794e-04,-6.959639e-04,2.500457e-03,-1.863200e+05,-7.755580e+05,2.786230e+06,1.189799e-01,4.465422e-01,-1.599684e+00,3.560518e-18,13,3951
8.972727e-09,-1.671784e-03,-6.958841e-03,2.500015e-02,-1.863369e+05,-7.756213e+05,2.786457e+06,1.059196e-03,4.406094e-03,-1.638480e-02,3.560518e-18,13,39480
0.000000e+00,-2.540655e-07,-7.031933e-08,5.086102e-07,0.000000e+00,0.000000e+00,0.000000e+00,2.662836e+07,9.449896e+06,-3.258962e+07,3.183909e-18,14,0
1.146818e-09,-2.043017e-03,-7.153286e-04,2.500175e-03,-1.782376e+06,-6.240933e+05,2.180964e+06,6.480373e-01,2.347792e-01,-7.333142e-01,3.183909e-18,14,5046
1.146295e-08,-2.043125e-02,-7.153923e-03,2.500043e-02,-1.782493e+06,-6.241358e+05,2.181097e+06,6.263682e-03,2.154390e-03,-7.654714e-03,3.183909e-18,14,50437
0.000000e+00,5.428806e-08,5.139812e-08,5.043333e-07,0.000000e+00,0.000000e+00,0.000000e+00,-8.176044e+06,-5.372449e+06,-4.598676e+07,3.664139e-18,15,0
8.465909e-10,4.143583e-04,2.500737e-04,2.500241e-03,4.897531e+05,2.955334e+05,2.954862e+06,-3.036328e-01,-1.642059e-01,-1.687859e+00,3.664139e-18,15,3725
8.460682e-09,4.143639e-03,2.500430e-03,2.500025e-02,4.897937e+05,2.955554e+05,2.955088e+06,-2.927435e-03,-1.708415e-03,-1.731185e-02,3.664139e-18,15,37227
0.000000e+00,-1.155527e-07,1.238154e-09,2.079900e-07,0.000000e+00,0.000000e+00,0.000000e+00,9.059193e+07,-2.593542e+06,-1.442855e+08,7.191573e-18,16,0
4.179545e-10,-1.573420e-03,4.545394e-05,2.500085e-03,-3.764719e+06,1.087658e+05,5.981865e+06,7.276907e-01,-2.686803e-02,-1.122757e+00,7.191573e-18,16,1839
4.179318e-09,-1.573405e-02,4.545671e-04,2.500029e-02,-3.764768e+06,1.087676e+05,5.981940e+06,7.267740e-03,-2.310368e-04,-1.124839e-02,7.191573e-18,16,18389
0.000000e+00,2.854197e-08,-1.280154e-07,4.396587e-07,0.000000e+00,0.000000e+00,0.000000e+00,-6.913431e+06,2.179288e+07,-5.144023e+07,4.025925e-18,17,0
8.297727e-10,3.722442e-04,-1.109981e-03,2.500010e-03,4.488800e+05,-1.338335e+06,3.014084e+06,-2.456562e-01,6.299631e-01,-1.368547e+00,4.025925e-18,17,3651
8.294545e-09,3.723230e-03,-1.110086e-02,2.500057e-02,4.489122e+05,-1.338417e+06,3.014264e+06,-2.192972e-03,5.918106e-03,-1.410470e-02,4.025925e-18,17,36496
0.000000e+00,-1.019669e-07,1.419674e-07,1.600677e-07,0.000000e+00,0.000000e+00,0.000000e+00,2.097823e+08,-1.804395e+08,-1.319662e+08,7.186190e-18,18,0
4.713636e-10,-3.975412e-03,3.419931e-03,2.500834e-03,-8.433791e+06,7.255231e+06,5.305286e+06,2.338579e-01,-2.010594e-01,-1.434944e-01,7.186190e-18,18,2074
4.712273e-09,-3.974242e-02,3.418876e-02,2.500011e-02,-8.433809e+06,7.255246e+06,5.305296e+06,2.332413e-03,-2.005758e-03,-1.437731e-03,7.186190e-18,18,20734
0.000000e+00,1.432430e-07,1.354963e-07,2.095090e-07,0.000000e+00,0.000000e+00,0.000000e+00,-1.006338e+08,-7.635851e+07,-7.973373e+07,6.014942e-18,19,0
7.472727e-10,3.160431e-03,2.400680e-03,2.500718e-03,4.229487e+06,3.212706e+06,3.346476e+06,-3.585308e-01,-2.720054e-01,-2.695100e-01,6.014942e-18,19,3288
7.470682e-09,3.159724e-02,2.400120e-02,2.500062e-02,4.229529e+06,3.212738e+06,3.346508e+06,-3.529381e-03,-2.679819e-03,-2.715917e-03,6.014942e-18,19,32871
0.000000e+00,1.876491e-07,-5.318509e-08,6.157659e-07,0.000000e+00,0.000000e+00,0.000000e+00,-1.452248e+07,8.130179e+06,-3.554093e+07,2.870691e-18,20,0
1.001591e-09,1.045758e-03,-5.336805e-04,2.500488e-03,1.044773e+06,-5.332036e+05,2.497843e+06,-5.812623e-01,2.924139e-01,-1.286487e+00,2.870691e-18,20,4407
1.000864e-08,1.045676e-02,-5.336614e-03,2.500019e-02,1.044865e+06,-5.332498e+05,2.498046e+06,-5.432015e-03,2.888940e-03,-1.320163e-02,2.870691e-18,20,44038
0.000000e+00,-1.285783e-07,-1.123016e-07,1.773754e-07,0.000000e+00,0.000000e+00,0.000000e+00,9.448327e+07,7.982706e+07,-1.049334e+08,6.909073e-18,21,0
5.729545e-10,-2.259890e-03,-1.908501e-03,2.500585e-03,-3.944431e+06,-3.331108e+06,4.364458e+06,4.638624e-01,3.912465e-01,-4.868120e-01,6.909073e-18,21,2521
5.728182e-09,-2.259451e-02,-1.908127e-02,2.500054e-02,-3.944473e+06,-3.331144e+06,4.364502e+06,4.604799e-03,3.899800e-03,-4.897806e-03,6.909073e-18,21,25204
0.000000e+00,2.912357e-07,3.073207e-10,4.136594e-07,0.000000e+00,0.000000e+00,0.000000e+00,-3.630627e+07,-2.019702e+04,-3.299812e+07,3.544344e-18,22,0
1.219773e-09,2.776787e-03,8.357630e-06,2.500442e-03,2.277396e+06,6.860970e+03,2.050570e+06,-6.107939e-01,-5.492094e-03,-5.108039e-01,3.544344e-18,22,5367
1.219182e-08,2.776555e-02,8.364613e-05,2.500029e-02,2.277514e+06,6.862030e+03,2.050669e+06,-5.887948e-03,-3.756050e-05,-5.306770e-03,3.544344e-18,22,53644
0.000000e+00,-3.760538e-08,-1.069855e-08,1.631379e-07,0.000000e+00,0.000000e+00,0.000000e+00,8.811997e+07,1.140044e+07,-3.323768e+08,1.000319e-17,23,0
1.875000e-10,-6.632362e-04,-8.581202e-05,2.501278e-03,-3.537166e+06,-4.576206e+05,1.333968e+07,4.496880e-01,5.618519e-02,-1.673455e+00,1.000319e-17,23,825
1.874318e-09,-6.629811e-03,-8.577371e-04,2.500296e-02,-3.537179e+06,-4.576223e+05,1.333973e+07,4.500459e-03,5.834343e-04,-1.677824e-02,1.000319e-17,23,8247
0.000000e+00,-1.980555e-08,-1.163338e-07,4.160561e-07,0.000000e+00,0.000000e+00,0.000000e+00,5.297971e+06,1.944281e+07,-5.138012e+07,4.249479e-18,24,0
8.111364e-10,-3.254779e-04,-1.061003e-03,2.500644e-03,-4.015143e+05,-1.308720e+06,3.084138e+06,2.178078e-01,6.439973e-01,-1.402473e+00,4.249479e-18,24,3569
8.106136e-09,-3.254693e-03,-1.060862e-02,2.500051e-02,-4.015422e+05,-1.308803e+06,3.084318e+06,2.011395e-03,6.227132e-03,-1.424341e-02,4.249479e-18,24,35667
0.000000e+00,1.017012e-08,2.376496e-07,3.625238e-07,0.000000e+00,0.000000e+00,0.000000e+00,-1.236086e+06,-4.558811e+07,-4.085374e+07,4.147443e-18,25,0
1.101591e-09,8.814961e-05,2.814289e-03,2.500284e-03,8.005006e+04,2.555580e+06,2.270252e+06,-2.260639e-02,-6.155067e-01,-5.078765e-01,4.147443e-18,25,4847
1.101205e-08,8.815144e-04,2.814213e-02,2.500024e-02,8.005400e+04,2.555687e+06,2.270341e+06,-2.119047e-04,-5.892021e-03,-5.200550e-03,4.147443e-18,25,48453
0.000000e+00,-5.728327e-08,-1.335787e-08,3.654790e-07,0.000000e+00,0.000000e+00,0.000000e+00,1.421273e+07,2.002538e+06,-7.442754e+07,4.906409e-18,26,0
6.500000e-10,-4.951915e-04,-7.654802e-05,2.500822e-03,-7.621200e+05,-1.178057e+05,3.848595e+06,3.844840e-01,5.871363e-02,-1.789998e+00,4.906409e-18,26,2860
6.495909e-09,-4.950667e-03,-7.652584e-04,2.500025e-02,-7.621595e+05,-1.178117e+05,3.848779e+06,3.814276e-03,6.009559e-04,-1.795512e-02,4.906409e-18,26,28582
0.000000e+00,7.014889e-08,-1.257056e-07,2.865247e-07,0.000000e+00,0.000000e+00,0.000000e+00,-2.155960e+07,4.133609e+07,-8.014036e+07,5.516164e-18,27,0
6.645455e-10,6.895074e-04,-1.318429e-03,2.500195e-03,1.037801e+06,-1.984423e+06,3.762974e+06,-3.489348e-01,6.665755e-01,-1.168371e+00,5.516164e-18,27,2924
6.643864e-09,6.895028e-03,-1.318427e-02,2.500082e-02,1.037837e+06,-1.984493e+06,3.763097e+06,-3.356912e-03,6.487018e-03,-1.181359e-02,5.516164e-18,27,29233
0.000000e+00,1.337798e-07,4.843543e-08,6.180346e-07,0.000000e+00,0.000000e+00,0.000000e+00,-1.137175e+07,-4.474556e+06,-3.539236e+07,2.947466e-18,28,0
9.595455e-10,7.665555e-04,2.754080e-04,2.500537e-03,7.994004e+05,2.871968e+05,2.607487e+06,-4.700260e-01,-1.623847e-01,-1.499895e+00,2.947466e-18,28,4222
9.587727e-09,7.664435e-03,2.753570e-03,2.500003e-02,7.994716e+05,2.872214e+05,2.607715e+06,-4.390235e-03,-1.580464e-03,-1.538798e-02,2.947466e-18,28,42186
0.000000e+00,-1.924287e-08,2.813552e-08,4.106637e-07,0.000000e+00,0.000000e+00,0.000000e+00,2.622558e+06,-6.908199e+06,-6.002302e+07,4.460516e-18,29,0
7.163636e-10,-1.478227e-04,2.883555e-04,2.500697e-03,-2.064617e+05,4.027248e+05,3.492267e+06,1.162716e-01,-2.178761e-01,-1.845448e+00,4.460516e-18,29,3152
7.158864e-09,-1.478022e-03,2.883042e-03,2.500074e-02,-2.064748e+05,4.027495e+05,3.492476e+06,1.099264e-03,-2.128072e-03,-1.858561e-02,4.460516e-18,29,31499
0.000000e+00,-7.544751e-09,-8.221326e-08,6.349416e-07,0.000000e+00,0.000000e+00,0.000000e+00,4.076655e+06,9.080210e+06,-3.671853e+07,2.943643e-18,30,0
9.300000e-10,-2.597603e-04,-5.346734e-04,2.500554e-03,-2.795635e+05,-5.752564e+05,2.690328e+06,1.945067e-01,3.174075e-01,-1.600536e+00,2.943643e-18,30,4092
9.292500e-09,-2.597808e-03,-5.345577e-03,2.500005e-02,-2.795920e+05,-5.753030e+05,2.690564e+06,1.568282e-03,3.217135e-03,-1.650520e-02,2.943643e-18,30,40887
0.000000e+00,-1.838265e-07,-8.467454e-08,5.388650e-07,0.000000e+00,0.000000e+00,0.000000e+00,2.190443e+07,9.167629e+06,-3.439308e+07,3.216114e-18,31,0
1.048409e-09,-1.542184e-03,-6.655300e-04,2.500059e-03,-1.471821e+06,-6.351725e+05,2.385711e+06,6.474274e-01,2.865329e-01,-9.881914e-01,3.216114e-18,31,4613
1.047909e-08,-1.542329e-02,-6.656010e-03,2.500021e-02,-1.471928e+06,-6.352199e+05,2.385875e+06,6.118484e-03,2.689428e-03,-1.021249e-02,3.216114e-18,31,46108
0.000000e+00,-4.127659e-08,2.859664e-07,4.467815e-07,0.000000e+00,0.000000e+00,0.000000e+00,3.995516e+06,-3.327430e+07,-3.214140e+07,3.395153e-18,32,0
1.212045e-09,-3.184030e-04,2.597875e-03,2.500136e-03,-2.628092e+05,2.144327e+06,2.063449e+06,7.632376e-02,-6.326948e-01,-5.634303e-01,3.395153e-18,32,5333
1.211568e-08,-3.184110e-03,2.597993e-02,2.500020e-02,-2.628238e+05,2.144448e+06,2.063557e+06,7.398293e-04,-6.068427e-03,-5.836820e-03,3.395153e-18,32,53309
0.000000e+00,-4.097529e-08,1.724695e-08,4.170184e-07,0.000000e+00,0.000000e+00,0.000000e+00,8.550884e+06,-2.520214e+06,-5.979715e+07,4.390744e-18,33,0
7.304545e-10,-3.684920e-04,1.262613e-04,2.500688e-03,-5.047328e+05,1.729293e+05,3.424872e+06,2.919058e-01,-8.428962e-02,-1.787523e+00,4.390744e-18,33,3214
7.299545e-09,-3.684311e-03,1.262302e-03,2.500010e-02,-5.047665e+05,1.729390e+05,3.425078e+06,2.696955e-03,-8.387157e-04,-1.808481e-02,4.390744e-18,33,32118
0.000000e+00,9.000090e-08,6.781477e-09,1.832480e-07,0.000000e+00,0.000000e+00,0.000000e+00,-1.138257e+08,-1.058161e+07,-2.014224e+08,8.312925e-18,34,0
3.059091e-10,1.414144e-03,1.312792e-04,2.500684e-03,4.622755e+06,4.291484e+05,8.174500e+06,-7.064524e-01,-6.464269e-02,-1.221869e+00,8.312925e-18,34,1346
3.058409e-09,1.413835e-02,1.312517e-03,2.500113e-02,4.622789e+06,4.291515e+05,8.174559e+06,-7.062439e-03,-6.356983e-04,-1.223149e-02,8.312925e-18,34,13457
0.000000e+00,2.521168e-08,-1.098343e-07,2.959215e-07,0.000000e+00,0.000000e+00,0.000000e+00,-6.364552e+06,4.068341e+07,-8.942743e+07,5.591228e-18,35,0
6.043182e-10,1.831911e-04,-1.157893e-03,2.500780e-03,3.031929e+05,-1.916452e+06,4.138922e+06,-1.086121e-01,6.777041e-01,-1.393722e+00,5.591228e-18,35,2659
6.040227e-09,1.831367e-03,-1.157584e-02,2.500018e-02,3.032033e+05,-1.916517e+06,4.139055e+06,-1.001013e-03,6.701639e-03,-1.403481e-02,5.591228e-18,35,26577
0.000000e+00,-1.748743e-08,-1.341912e-07,5.276571e-07,0.000000e+00,0.000000e+00,0.000000e+00,4.122493e+06,1.560396e+07,-3.876705e+07,3.439450e-18,36,0
9.404545e-10,-1.964423e-04,-9.390038e-04,2.500058e-03,-2.090797e+05,-9.991268e+05,2.659790e+06,1.747311e-01,5.858101e-01,-1.406137e+00,3.439450e-18,36,4138
9.399318e-09,-1.965200e-03,-9.391090e-03,2.500032e-02,-2.091056e+05,-9.992137e+05,2.659999e+06,7.954207e-04,5.407437e-03,-1.457533e-02,3.439450e-18,36,41357
0.000000e+00,1.543987e-07,-1.740325e-07,3.186712e-07,0.000000e+00,0.000000e+00,0.000000e+00,-3.515152e+07,3.910930e+07,-5.000761e+07,4.494386e-18,37,0
9.756818e-10,1.773054e-03,-1.966685e-03,2.500144e-03,1.817727e+06,-2.016220e+06,2.562998e+06,-4.308912e-01,4.676960e-01,-5.805628e-01,4.494386e-18,37,4293
9.754318e-09,1.773070e-02,-1.966687e-02,2.500042e-02,1.817794e+06,-2.016293e+06,2.563088e+06,-4.177830e-03,4.519045e-03,-5.902405e-03,4.494386e-18,37,42919
0.000000e+00,-2.370024e-07,4.234783e-08,2.450504e-07,0.000000e+00,0.000000e+00,0.000000e+00,7.405971e+07,-1.198828e+07,-5.254121e+07,5.056872e-18,38,0
1.022955e-09,-3.573433e-03,5.696642e-04,2.500154e-03,-3.493792e+06,5.569516e+05,2.444312e+06,4.980835e-01,-7.125155e-02,-3.192250e-01,5.056872e-18,38,4501
1.022795e-08,-3.573440e-02,5.696491e-03,2.500044e-02,-3.493872e+06,5.569631e+05,2.444364e+06,4.783577e-03,-7.210152e-04,-3.269940e-03,5.056872e-18,38,45003
0.000000e+00,2.267120e-08,-7.415361e-08,2.507775e-07,0.000000e+00,0.000000e+00,0.000000e+00,-8.785979e+06,4.628793e+07,-1.364299e+08,6.632991e-18,39,0
4.325000e-10,1.626194e-04,-8.510399e-04,2.501029e-03,3.760136e+05,-1.967881e+06,5.783099e+06,-1.101883e-01,5.444143e-01,-1.583244e+00,6.632991e-18,39,1903
4.322955e-09,1.625507e-03,-8.507111e-03,2.500026e-02,3.760211e+05,-1.967918e+06,5.783207e+06,-1.021177e-03,5.536038e-03,-1.594772e-02,6.632991e-18,39,19021
0.000000e+00,5.518151e-08,1.552332e-08,2.980136e-07,0.000000e+00,0.000000e+00,0.000000e+00,-2.217228e+07,-6.374238e+06,-1.026539e+08,5.833521e-18,40,0
5.350000e-10,5.461269e-04,1.572636e-04,2.500660e-03,1.021002e+06,2.940078e+05,4.674926e+06,-3.955497e-01,-1.095975e-01,-1.755039e+00,5.833521e-18,40,2354
5.347727e-09,5.460064e-03,1.572280e-03,2.500040e-02,1.021035e+06,2.940171e+05,4.675075e+06,-3.954443e-03,-1.114289e-03,-1.760723e-02,5.833521e-18,40,23530
0.000000e+00,1.141869e-07,-7.228642e-08,3.998669e-07,0.000000e+00,0.000000e+00,0.000000e+00,-2.222591e+07,1.728311e+07,-4.973609e+07,4.333166e-18,41,0
8.581818e-10,1.150913e-03,-8.890463e-04,2.500026e-03,1.341732e+06,-1.036455e+06,2.914242e+06,-5.777772e-01,4.369267e-01,-1.162329e+00,4.333166e-18,41,3776
8.578636e-09,1.151019e-02,-8.891325e-03,2.500031e-02,1.341810e+06,-1.036514e+06,2.914400e+06,-5.583786e-03,4.274721e-03,-1.180932e-02,4.333166e-18,41,37746
0.000000e+00,2.207026e-07,-6.244982e-08,3.870308e-07,0.000000e+00,0.000000e+00,0.000000e+00,-3.582066e+07,9.620351e+06,-4.071738e+07,4.011054e-18,42,0
1.042727e-09,2.226823e-03,-6.041707e-04,2.500466e-03,2.136424e+06,-5.796491e+05,2.398769e+06,-6.589780e-01,1.842789e-01,-6.966177e-01,4.011054e-18,42,4588
1.042205e-08,2.226586e-02,-6.041120e-03,2.500017e-02,2.136532e+06,-5.796795e+05,2.398884e+06,-6.333724e-03,1.724401e-03,-7.119643e-03,4.011054e-18,42,45857
0.000000e+00,-6.744727e-08,-1.315487e-07,6.492572e-07,0.000000e+00,0.000000e+00,0.000000e+00,6.739474e+06,1.025041e+07,-3.472751e+07,2.791337e-18,43,0
9.809091e-10,-5.199588e-04,-7.144215e-04,2.500364e-03,-5.305118e+05,-7.288067e+05,2.550479e+06,3.483571e-01,4.283242e-01,-1.435348e+00,2.791337e-18,43,4316
9.802045e-09,-5.200069e-03,-7.143809e-03,2.500011e-02,-5.305657e+05,-7.288730e+05,2.550702e+06,3.041930e-03,4.200998e-03,-1.491124e-02,2.791337e-18,43,43129
0.000000e+00,3.674442e-08,-7.084654e-08,5.506669e-07,0.000000e+00,0.000000e+00,0.000000e+00,-3.866995e+06,9.656590e+06,-3.815338e+07,3.389638e-18,44,0
9.088636e-10,2.860494e-04,-6.070990e-04,2.500072e-03,3.149821e+05,-6.684524e+05,2.752346e+06,-2.086037e-01,4.065143e-01,-1.561927e+00,3.389638e-18,44,3999
9.083182e-09,2.861016e-03,-6.071636e-03,2.500014e-02,3.150121e+05,-6.685108e+05,2.752571e+06,-1.766524e-03,3.948649e-03,-1.627754e-02,3.389638e-18,44,39966
0.000000e+00,-1.332893e-07,-1.118038e-07,1.992675e-07,0.000000e+00,0.000000e+00,0.000000e+00,8.092193e+07,6.457010e+07,-1.003388e+08,6.473173e-18,45,0
5.904545e-10,-2.025142e-03,-1.614760e-03,2.500695e-03,-3.430012e+06,-2.734930e+06,4.235380e+06,5.132661e-01,4.057383e-01,-6.086951e-01,6.473173e-18,45,2598
5.902727e-09,-2.024651e-02,-1.614362e-02,2.500044e-02,-3.430060e+06,-2.734968e+06,4.235437e+06,5.142305e-03,4.095310e-03,-6.133503e-03,6.473173e-18,45,25972
0.000000e+00,1.489197e-07,1.570112e-07,3.757808e-07,0.000000e+00,0.000000e+00,0.000000e+00,-2.269599e+07,-3.060876e+07,-4.315189e+07,4.172292e-18,46,0
1.014773e-09,1.418573e-03,1.848320e-03,2.500243e-03,1.398439e+06,1.822126e+06,2.464567e+06,-4.149656e-01,-5.515592e-01,-6.879540e-01,4.172292e-18,46,4465
1.014386e-08,1.418555e-02,1.848334e-02,2.500033e-02,1.398506e+06,1.822215e+06,2.464677e+06,-3.990677e-03,-5.303752e-03,-7.009656e-03,4.172292e-18,46,44633
0.000000e+00,-9.785517e-08,1.701269e-07,4.197567e-07,0.000000e+00,0.000000e+00,0.000000e+00,1.412645e+07,-2.592205e+07,-3.908744e+07,3.953168e-18,47,0
1.011591e-09,-9.392638e-04,1.700550e-03,2.500137e-03,-9.289662e+05,1.681908e+06,2.472464e+06,3.571307e-01,-6.474640e-01,-8.737304e-01,3.953168e-18,47,4451
1.011136e-08,-9.393075e-03,1.700631e-02,2.500005e-02,-9.290233e+05,1.682012e+06,2.472603e+06,3.427034e-03,-6.195370e-03,-8.971950e-03,3.953168e-18,47,44490
0.000000e+00,2.115479e-08,-8.852352e-08,2.251012e-07,0.000000e+00,0.000000e+00,0.000000e+00,-1.646241e+06,5.851810e+07,-1.483204e+08,7.107168e-18,48,0
4.031818e-10,2.805257e-05,-9.908696e-04,2.501256e-03,6.953183e+04,-2.457756e+06,6.204080e+06,-8.043972e-03,6.227900e-01,-1.518970e+00,7.107168e-18,48,1774
4.029773e-09,2.802176e-04,-9.904264e-03,2.500121e-02,6.953234e+04,-2.457796e+06,6.204176e+06,-7.910919e-05,6.211221e-03,-1.521329e-02,7.107168e-18,48,17731
0.000000e+00,-1.350600e-07,-5.790926e-08,3.325855e-07,0.000000e+00,0.000000e+00,0.000000e+00,3.698961e+07,1.615572e+07,-6.341238e+07,4.915823e-18,49,0
7.704545e-10,-1.482387e-03,-6.543941e-04,2.500142e-03,-1.924653e+06,-8.496401e+05,3.245851e+06,6.767280e-01,3.041858e-01,-1.081968e+00,4.915823e-18,49,3390
7.702273e-09,-1.482421e-02,-6.544157e-03,2.500055e-02,-1.924736e+06,-8.496772e+05,3.245983e+06,6.620197e-03,3.009456e-03,-1.089949e-02,4.915823e-18,49,33890
0.000000e+00,1.159359e-07,-9.494814e-08,3.089745e-07,0.000000e+00,0.000000e+00,0.000000e+00,-3.847356e+07,2.979108e+07,-7.445136e+07,5.178904e-18,50,0
7.065909e-10,1.311913e-03,-1.016591e-03,2.500316e-03,1.857130e+06,-1.439064e+06,3.539227e+06,-5.888257e-01,4.508800e-01,-1.055404e+00,5.178904e-18,50,3109
7.063864e-09,1.311854e-02,-1.016538e-02,2.500077e-02,1.857196e+06,-1.439114e+06,3.539345e+06,-5.795538e-03,4.454750e-03,-1.068495e-02,5.178904e-18,50,31081
0.000000e+00,6.058430e-08,-1.165707e-07,5.386131e-07,0.000000e+00,0.000000e+00,0.000000e+00,-9.202820e+06,1.150640e+07,-3.761685e+07,3.383275e-18,51,0
9.550000e-10,7.072357e-04,-7.866974e-04,2.500375e-03,7.411480e+05,-8.242919e+05,2.619615e+06,-4.558015e-01,4.481757e-01,-1.361822e+00,3.383275e-18,51,4202
9.543409e-09,7.073006e-03,-7.866534e-03,2.500016e-02,7.412167e+05,-8.243595e+05,2.619821e+06,-3.866139e-03,4.419778e-03,-1.404222e-02,3.383275e-18,51,41991
0.000000e+00,-7.744003e-08,-1.223013e-07,1.914339e-07,0.000000e+00,0.000000e+00,0.000000e+00,6.402517e+07,9.420449e+07,-1.260997e+08,7.110163e-18,52,0
4.786364e-10,-1.273065e-03,-1.872894e-03,2.501070e-03,-2.659879e+06,-3.913116e+06,5.225507e+06,3.933573e-01,5.809916e-01,-7.439928e-01,7.110163e-18,52,2106
4.784318e-09,-1.272576e-02,-1.872168e-02,2.500064e-02,-2.659909e+06,-3.913160e+06,5.225563e+06,3.896203e-03,5.775890e-03,-7.498204e-03,7.110163e-18,52,21051
0.000000e+00,4.478676e-08,2.115630e-07,5.110040e-07,0.000000e+00,0.000000e+00,0.000000e+00,-2.280806e+06,-2.190455e+07,-3.850369e+07,3.330329e-18,53,0
9.922727e-10,2.139450e-04,1.476032e-03,2.500398e-03,2.157614e+05,1.488357e+06,2.521014e+06,-1.270916e-01,-6.967218e-01,-1.094622e+00,3.330329e-18,53,4366
9.916818e-09,2.139665e-03,1.475975e-02,2.500057e-02,2.157813e+05,1.488467e+06,2.521186e+06,-1.167583e-03,-6.603627e-03,-1.133468e-02,3.330329e-18,53,43634
0.000000e+00,1.553425e-07,-2.483165e-07,3.807704e-07,0.000000e+00,0.000000e+00,0.000000e+00,-2.224857e+07,3.514426e+07,-3.261501e+07,3.713726e-18,54,0
1.285227e-09,1.702123e-03,-2.681214e-03,2.500153e-03,1.324837e+06,-2.086902e+06,1.945816e+06,-2.912094e-01,4.584055e-01,-3.970969e-01,3.713726e-18,54,5655
1.284818e-08,1.702172e-02,-2.681286e-02,2.500031e-02,1.324896e+06,-2.086995e+06,1.945897e+06,-2.853695e-03,4.495343e-03,-4.191381e-03,3.713726e-18,54,56532
0.000000e+00,-1.010033e-07,4.939118e-08,5.509740e-07,0.000000e+00,0.000000e+00,0.000000e+00,1.066972e+07,-4.983959e+06,-3.855338e+07,3.351324e-18,55,0
9.186364e-10,-7.100098e-04,3.275793e-04,2.500503e-03,-7.733888e+05,3.568528e+05,2.723516e+06,4.328180e-01,-2.308779e-01,-1.532977e+00,3.351324e-18,55,4042
9.179318e-09,-7.099158e-03,3.275656e-03,2.500013e-02,-7.734516e+05,3.568863e+05,2.723739e+06,4.129894e-03,-2.298516e-03,-1.570307e-02,3.351324e-18,55,40389
0.000000e+00,2.084725e-08,-6.807996e-08,6.165423e-07,0.000000e+00,0.000000e+00,0.000000e+00,-3.758455e+06,6.053991e+06,-3.654954e+07,3.043737e-18,56,0
9.195455e-10,2.341612e-04,-3.725588e-04,2.500593e-03,2.548675e+05,-4.053677e+05,2.721022e+06,-1.810755e-01,2.046778e-01,-1.657464e+00,3.043737e-18,56,4046
9.187727e-09,2.341632e-03,-3.724416e-03,2.500015e-02,2.548938e+05,-4.053975e+05,2.721263e+06,-1.577365e-03,2.462032e-03,-1.708694e-02,3.043737e-18,56,40426
0.000000e+00,-1.280311e-07,-1.573676e-08,5.847024e-07,0.000000e+00,0.000000e+00,0.000000e+00,1.106389e+07,-2.512866e+06,-3.646240e+07,3.145861e-18,57,0
9.456818e-10,-7.965670e-04,1.382402e-04,2.500079e-03,-8.428940e+05,1.462883e+05,2.645202e+06,4.978256e-01,-6.911037e-02,-1.491242e+00,3.145861e-18,57,4161
9.451136e-09,-7.966287e-03,1.382562e-03,2.500030e-02,-8.429683e+05,1.462987e+05,2.645425e+06,4.687428e-03,-8.063891e-04,-1.537767e-02,3.145861e-18,57,41585
0.000000e+00,1.960839e-07,4.313355e-08,5.267459e-07,0.000000e+00,0.000000e+00,0.000000e+00,-2.072079e+07,-4.162265e+06,-3.549048e+07,3.280805e-18,58,0
1.032500e-09,1.519916e-03,2.865170e-04,2.500315e-03,1.473037e+06,2.776561e+05,2.422788e+06,-7.420145e-01,-1.282068e-01,-1.060781e+00,3.280805e-18,58,4543
1.031886e-08,1.520000e-02,2.865093e-03,2.500053e-02,1.473158e+06,2.776770e+05,2.422961e+06,-6.841240e-03,-1.300234e-03,-1.094400e-02,3.280805e-18,58,45403
0.000000e+00,-2.060455e-09,-2.135717e-07,2.687307e-07,0.000000e+00,0.000000e+00,0.000000e+00,-1.233683e+06,6.621867e+07,-5.827394e+07,5.094249e-18,59,0
9.068182e-10,4.997837e-05,-2.880427e-03,2.500117e-03,5.512671e+04,-3.177019e+06,2.757410e+06,-7.859234e-03,6.159327e-01,-4.990619e-01,5.094249e-18,59,3990
9.066591e-09,4.998074e-04,-2.880477e-02,2.500044e-02,5.512783e+04,-3.177107e+06,2.757482e+06,-6.443390e-05,6.013171e-03,-5.064356e-03,5.094249e-18,59,39893
0.000000e+00,2.724354e-08,-9.472920e-08,2.232086e-07,0.000000e+00,0.000000e+00,0.000000e+00,-3.123986e+07,8.629969e+07,-1.376470e+08,7.068664e-18,60,0
4.365909e-10,5.681391e-04,-1.570389e-03,2.500197e-03,1.301398e+06,-3.597140e+06,5.726775e+06,-2.521179e-01,6.941946e-01,-1.067645e+00,7.068664e-18,60,1921
4.365455e-09,5.681211e-03,-1.570322e-02,2.500015e-02,1.301415e+06,-3.597188e+06,5.726848e+06,-2.477423e-03,6.895929e-03,-1.069450e-02,7.068664e-18,60,19208
0.000000e+00,2.134910e-07,-1.371741e-07,2.855021e-07,0.000000e+00,0.000000e+00,0.000000e+00,-5.046633e+07,3.203106e+07,-4.574960e+07,4.590106e-18,61,0
1.092045e-09,2.810155e-03,-1.779638e-03,2.500393e-03,2.573871e+06,-1.629994e+06,2.290021e+06,-4.591160e-01,2.863472e-01,-3.784176e-01,4.590106e-18,61,4805
1.091705e-08,2.809908e-02,-1.779473e-02,2.500038e-02,2.573951e+06,-1.630043e+06,2.290086e+06,-4.413544e-03,2.766191e-03,-3.881997e-03,4.590106e-18,61,48035
0.000000e+00,1.938032e-07,5.798467e-08,3.670822e-07,0.000000e+00,0.000000e+00,0.000000e+00,-3.769520e+07,-9.567191e+06,-5.015086e+07,4.311844e-18,62,0
9.093182e-10,1.922537e-03,4.783216e-04,2.500043e-03,2.115030e+06,5.262016e+05,2.750161e+06,-7.071667e-01,-1.765259e-01,-8.638538e-01,4.311844e-18,62,4001
9.090455e-09,1.922657e-02,4.783421e-03,2.500033e-02,2.115131e+06,5.262270e+05,2.750285e+06,-6.847056e-03,-1.670402e-03,-8.773541e-03,4.311844e-18,62,39998
0.000000e+00,1.842017e-07,-1.387744e-07,4.811684e-07,0.000000e+00,0.000000e+00,0.000000e+00,-2.042425e+07,1.790648e+07,-3.361398e+07,3.440036e-18,63,0
1.090227e-09,1.537564e-03,-1.283664e-03,2.500425e-03,1.411065e+06,-1.178031e+06,2.294468e+06,-5.464488e-01,4.378091e-01,-8.292156e-01,3.440036e-18,63,4797
1.089591e-08,1.537478e-02,-1.283567e-02,2.500040e-02,1.411159e+06,-1.178106e+06,2.294611e+06,-5.214965e-03,4.160340e-03,-8.521303e-03,3.440036e-18,63,47942
0.000000e+00,-1.619441e-07,-4.062826e-08,2.289399e-07,0.000000e+00,0.000000e+00,0.000000e+00,7.968708e+07,2.287133e+07,-9.277941e+07,6.096073e-18,64,0
6.225000e-10,-2.162119e-03,-6.189502e-04,2.500627e-03,-3.473637e+06,-9.944047e+05,4.017376e+06,6.783794e-01,1.917881e-01,-7.489562e-01,6.096073e-18,64,2739
6.222955e-09,-2.161637e-02,-6.188156e-03,2.500010e-02,-3.473703e+06,-9.944235e+05,4.017450e+06,6.742516e-03,1.930623e-03,-7.530857e-03,6.096073e-18,64,27381
0.000000e+00,-3.594131e-08,6.761978e-08,6.690561e-07,0.000000e+00,0.000000e+00,0.000000e+00,-2.915172e+06,-6.967250e+06,-3.860640e+07,2.784220e-18,65,0
9.150000e-10,1.195430e-04,4.737143e-04,2.500038e-03,1.307821e+05,5.182131e+05,2.733823e+06,-8.305790e-02,-4.300388e-01,-1.656053e+00,2.784220e-18,65,4026
9.144773e-09,1.195932e-03,4.738914e-03,2.500041e-02,1.307941e+05,5.182753e+05,2.734063e+06,-8.234247e-04,-4.178909e-03,-1.705717e-02,2.784220e-18,65,40237
0.000000e+00,-9.667756e-08,1.311977e-07,1.599033e-07,0.000000e+00,0.000000e+00,0.000000e+00,7.761707e+07,-9.261614e+07,-1.214740e+08,7.426364e-18,66,0
4.975000e-10,-1.602584e-03,1.912588e-03,2.500674e-03,-3.221384e+06,3.844495e+06,5.026612e+06,4.305593e-01,-5.107286e-01,-6.461715e-01,7.426364e-18,66,2189
4.973636e-09,-1.602206e-02,1.912122e-02,2.500066e-02,-3.221418e+06,3.844536e+06,5.026662e+06,4.279563e-03,-5.099711e-03,-6.477500e-03,7.426364e-18,66,21884
0.000000e+00,-1.360108e-07,-3.251334e-08,5.861097e-07,0.000000e+00,0.000000e+00,0.000000e+00,1.503055e+07,2.210126e+06,-4.024133e+07,3.125032e-18,67,0
9.254545e-10,-9.549448e-04,-1.702285e-04,2.500459e-03,-1.032517e+06,-1.840685e+05,2.703230e+06,5.812289e-01,1.163881e-01,-1.430459e+00,3.125032e-18,67,4072
9.248182e-09,-9.548883e-03,-1.702298e-03,2.500015e-02,-1.032601e+06,-1.840855e+05,2.703440e+06,5.548979e-03,1.040733e-03,-1.460683e-02,3.125032e-18,67,40692
0.000000e+00,-8.910174e-08,-7.942364e-08,3.283618e-07,0.000000e+00,0.000000e+00,0.000000e+00,2.404752e+07,2.571079e+07,-6.902133e+07,5.111234e-18,68,0
7.152273e-10,-9.015695e-04,-9.480044e-04,2.500124e-03,-1.260948e+06,-1.325901e+06,3.496482e+06,4.966178e-01,5.160893e-01,-1.277945e+00,5.111234e-18,68,3147
7.150227e-09,-9.016070e-03,-9.480490e-03,2.500076e-02,-1.261004e+06,-1.325960e+06,3.496627e+06,4.837547e-03,5.134137e-03,-1.286366e-02,5.111234e-18,68,31461
0.000000e+00,1.072726e-07,8.372304e-08,3.099047e-07,0.000000e+00,0.000000e+00,0.000000e+00,-3.442444e+07,-2.653948e+07,-7.693428e+07,5.268040e-18,69,0
6.793182e-10,1.135405e-03,8.820065e-04,2.500407e-03,1.671803e+06,1.298697e+06,3.681506e+06,-5.675344e-01,-4.448885e-01,-1.196254e+00,5.268040e-18,69,2989
6.790682e-09,1.135271e-02,8.819060e-03,2.500008e-02,1.671864e+06,1.298745e+06,3.681634e+06,-5.634564e-03,-4.405828e-03,-1.206123e-02,5.268040e-18,69,29879
0.000000e+00,-7.495735e-08,3.165455e-08,6.599250e-07,0.000000e+00,0.000000e+00,0.000000e+00,-7.533830e+06,1.352573e+07,-5.125418e+07,2.847250e-18,70,0
8.329545e-10,2.717205e-04,-5.568368e-04,2.500622e-03,3.264900e+05,-6.689470e+05,3.003328e+06,-1.943420e-01,3.695621e-01,-1.676405e+00,2.847250e-18,70,3665
8.324091e-09,2.717660e-03,-5.568312e-03,2.500033e-02,3.265156e+05,-6.689957e+05,3.003549e+06,-1.992120e-03,3.721632e-03,-1.731379e-02,2.847250e-18,70,36626
0.000000e+00,-1.726722e-07,-2.640671e-08,4.490673e-07,0.000000e+00,0.000000e+00,0.000000e+00,2.406183e+07,4.092757e+06,-4.336762e+07,3.823745e-18,71,0
9.211364e-10,-1.429380e-03,-2.419052e-04,2.500241e-03,-1.552547e+06,-2.627683e+05,2.715459e+06,6.936382e-01,1.309497e-01,-1.160568e+00,3.823745e-18,71,4053
9.206591e-09,-1.429363e-02,-2.419190e-03,2.500021e-02,-1.552648e+06,-2.627873e+05,2.715628e+06,6.677382e-03,1.229381e-03,-1.178775e-02,3.823745e-18,71,40509
0.000000e+00,3.133948e-08,-1.696306e-07,4.189057e-07,0.000000e+00,0.000000e+00,0.000000e+00,-8.208619e+06,3.023124e+07,-4.682458e+07,4.040988e-18,72,0
9.138636e-10,3.914020e-04,-1.643094e-03,2.500556e-03,4.284872e+05,-1.798801e+06,2.737218e+06,-1.706615e-01,7.399887e-01,-1.015824e+00,4.040988e-18,72,4021
9.133409e-09,3.913539e-03,-1.642914e-02,2.500024e-02,4.285118e+05,-1.798907e+06,2.737365e+06,-1.647167e-03,6.895087e-03,-1.044695e-02,4.040988e-18,72,40187
0.000000e+00,1.346980e-07,1.279695e-07,2.039284e-07,0.000000e+00,0.000000e+00,0.000000e+00,-6.327857e+07,-4.837919e+07,-6.728357e+07,6.256759e-18,73,0
8.245455e-10,2.377410e-03,1.822656e-03,2.500288e-03,2.883725e+06,2.210796e+06,3.032651e+06,-4.752019e-01,-3.627355e-01,-4.633706e-01,6.256759e-18,73,3628
8.243636e-09,2.377241e-02,1.822504e-02,2.500017e-02,2.883787e+06,2.210843e+06,3.032712e+06,-4.632060e-03,-3.518751e-03,-4.765226e-03,6.256759e-18,73,36272
0.000000e+00,-1.333427e-07,3.616276e-08,4.630925e-07,0.000000e+00,0.000000e+00,0.000000e+00,1.891634e+07,-5.187284e+06,-4.494818e+07,3.834582e-18,74,0
8.731818e-10,-1.068705e-03,3.140208e-04,2.500008e-03,-1.224577e+06,3.598287e+05,2.864435e+06,6.067778e-01,-1.778497e-01,-1.389993e+00,3.834582e-18,74,3842
8.727727e-09,-1.068774e-02,3.140471e-03,2.500009e-02,-1.224661e+06,3.598532e+05,2.864627e+06,5.858829e-03,-1.806944e-03,-1.417315e-02,3.834582e-18,74,38402
0.000000e+00,-1.626853e-07,-9.001030e-08,4.329294e-07,0.000000e+00,0.000000e+00,0.000000e+00,2.523541e+07,1.298311e+07,-4.252572e+07,3.888215e-18,75,0
9.556818e-10,-1.510648e-03,-8.252538e-04,2.500022e-03,-1.581462e+06,-8.639692e+05,2.616984e+06,6.355422e-01,3.664252e-01,-9.997283e-01,3.888215e-18,75,4205
9.552955e-09,-1.510759e-02,-8.253426e-03,2.500002e-02,-1.581558e+06,-8.640245e+05,2.617135e+06,6.102740e-03,3.491164e-03,-1.016591e-02,3.888215e-18,75,42033
0.000000e+00,-6.092899e-08,-2.525731e-07,4.580239e-07,0.000000e+00,0.000000e+00,0.000000e+00,9.014311e+06,3.049398e+07,-3.472244e+07,3.452760e-18,76,0
1.124773e-09,-6.579197e-04,-2.196839e-03,2.500003e-03,-5.852262e+05,-1.954039e+06,2.223481e+06,2.011588e-01,6.513434e-01,-6.895397e-01,3.452760e-18,76,4949
1.124364e-08,-6.580043e-03,-2.197046e-02,2.500013e-02,-5.852619e+05,-1.954154e+06,2.223603e+06,1.817186e-03,6.212865e-03,-7.108256e-03,3.452760e-18,76,49472
0.000000e+00,3.176642e-08,-9.128644e-08,4.079908e-07,0.000000e+00,0.000000e+00,0.000000e+00,-8.372081e+06,1.261899e+07,-5.405115e+07,4.380929e-18,77,0
7.754545e-10,3.745281e-04,-5.465207e-04,2.500246e-03,4.832770e+05,-7.050921e+05,3.225694e+06,-2.964445e-01,3.712673e-01,-1.685417e+00,4.380929e-18,77,3412
7.750455e-09,3.745594e-03,-5.464801e-03,2.500065e-02,4.833133e+05,-7.051376e+05,3.225900e+06,-2.848110e-03,3.575496e-03,-1.715716e-02,4.380929e-18,77,34102
0.000000e+00,-2.330174e-07,5.356419e-08,2.945198e-07,0.000000e+00,0.000000e+00,0.000000e+00,5.633219e+07,-1.330959e+07,-4.854977e+07,4.640817e-18,78,0
1.028864e-09,-2.943688e-03,6.904451e-04,2.500259e-03,-2.861778e+06,6.712294e+05,2.430544e+06,5.708079e-01,-1.310097e-01,-4.496216e-01,4.640817e-18,78,4527
1.028591e-08,-2.943601e-02,6.904209e-03,2.500048e-02,-2.861871e+06,6.712507e+05,2.430617e+06,5.528398e-03,-1.281675e-03,-4.615214e-03,4.640817e-18,78,45258
0.000000e+00,-4.135754e-08,-1.880904e-07,2.710594e-07,0.000000e+00,0.000000e+00,0.000000e+00,1.656282e+07,6.230492e+07,-6.774506e+07,5.265803e-18,79,0
7.936364e-10,-6.203707e-04,-2.331115e-03,2.500236e-03,-7.818428e+05,-2.937806e+06,3.150803e+06,1.817099e-01,6.625196e-01,-6.664122e-01,5.265803e-18,79,3492
7.934545e-09,-6.203574e-03,-2.331021e-02,2.500033e-02,-7.818656e+05,-2.937890e+06,3.150886e+06,1.773584e-03,6.479440e-03,-6.749493e-03,5.265803e-18,79,34912
0.000000e+00,1.398836e-07,-2.138167e-07,2.765808e-07,0.000000e+00,0.000000e+00,0.000000e+00,-3.312363e+07,5.230135e+07,-4.555286e+07,4.647186e-18,80,0
1.110000e-09,1.855135e-03,-2.943548e-03,2.500224e-03,1.671632e+06,-2.652425e+06,2.252781e+06,-2.690158e-01,4.531608e-01,-3.318373e-01,4.647186e-18,80,4884
1.109750e-08,1.855095e-02,-2.943530e-02,2.500036e-02,1.671679e+06,-2.652504e+06,2.252840e+06,-2.686807e-03,4.261725e-03,-3.555607e-03,4.647186e-18,80,48829
0.000000e+00,-1.024294e-07,-6.862899e-08,5.426484e-07,0.000000e+00,0.000000e+00,0.000000e+00,2.301656e+07,-7.604966e+06,-3.701087e+07,3.390623e-18,81,0
9.613636e-10,-1.430149e-03,2.598521e-04,2.500487e-03,-1.488544e+06,2.704849e+05,2.602143e+06,7.067976e-01,-1.045034e-01,-1.136269e+00,3.390623e-18,81,4230
9.607500e-09,-1.430107e-02,2.598615e-03,2.500020e-02,-1.488652e+06,2.705008e+05,2.602316e+06,6.683604e-03,-1.214330e-03,-1.169280e-02,3.390623e-18,81,42273
0.000000e+00,6.507796e-08,-1.366997e-07,5.982531e-07,0.000000e+00,0.000000e+00,0.000000e+00,-7.247247e+06,1.195518e+07,-3.750308e+07,3.036705e-18,82,0
9.381818e-10,4.955008e-04,-8.152440e-04,2.500178e-03,5.284956e+05,-8.695212e+05,2.666320e+06,-2.978835e-01,5.014966e-01,-1.425328e+00,3.036705e-18,82,4128
9.376364e-09,4.955351e-03,-8.152941e-03,2.500054e-02,5.285397e+05,-8.695955e+05,2.666531e+06,-2.576705e-03,4.730750e-03,-1.472727e-02,3.036705e-18,82,41256
0.000000e+00,-5.318055e-10,-9.347637e-08,2.962986e-07,0.000000e+00,0.000000e+00,0.000000e+00,3.588722e+06,3.606306e+07,-9.400977e+07,5.691090e-18,83,0
5.770455e-10,-1.002674e-04,-9.693369e-04,2.500057e-03,-1.738251e+05,-1.680175e+06,4.333285e+06,7.902548e-02,6.020718e-01,-1.533516e+00,5.691090e-18,83,2539
5.769318e-09,-1.002846e-03,-9.693501e-03,2.500026e-02,-1.738323e+05,-1.680230e+06,4.333425e+06,7.866287e-04,6.003119e-03,-1.538438e-02,5.691090e-18,83,25385
0.000000e+00,2.411573e-07,-1.439260e-07,3.429601e-07,0.000000e+00,0.000000e+00,0.000000e+00,-3.962130e+07,2.473807e+07,-3.741765e+07,3.997727e-18,84,0
1.203409e-09,2.690224e-03,-1.666623e-03,2.500130e-03,2.236182e+06,-1.385336e+06,2.078026e+06,-4.706884e-01,2.880374e-01,-4.078035e-01,3.997727e-18,84,5295
1.203068e-08,2.690278e-02,-1.666652e-02,2.500018e-02,2.236271e+06,-1.385391e+06,2.078104e+06,-4.549363e-03,2.807317e-03,-4.222503e-03,3.997727e-18,84,52935
0.000000e+00,5.183204e-08,1.361660e-07,3.576353e-07,0.000000e+00,0.000000e+00,0.000000e+00,-1.195547e+07,-3.197769e+07,-6.098141e+07,4.681026e-18,85,0
7.786364e-10,5.102525e-04,1.354421e-03,2.500330e-03,6.555629e+05,1.740119e+06,3.212091e+06,-2.675965e-01,-6.938400e-01,-1.174033e+00,4.681026e-18,85,3426
7.783182e-09,5.102363e-03,1.354366e-02,2.500040e-02,6.555958e+05,1.740204e+06,3.212236e+06,-2.513435e-03,-6.712555e-03,-1.188086e-02,4.681026e-18,85,34246
0.000000e+00,-7.859732e-08,1.762911e-07,5.880179e-07,0.000000e+00,0.000000e+00,0.000000e+00,6.478096e+06,-1.572344e+07,-3.601371e+07,2.994196e-18,86,0
9.850000e-10,-4.586510e-04,1.065493e-03,2.500527e-03,-4.659298e+05,1.082376e+06,2.539954e+06,2.538724e-01,-5.689252e-01,-1.304402e+00,2.994196e-18,86,4334
9.842727e-09,-4.586020e-03,1.065353e-02,2.500023e-02,-4.659693e+05,1.082464e+06,2.540157e+06,2.479927e-03,-5.387426e-03,-1.337370e-02,2.994196e-18,86,43308
0.000000e+00,1.402575e-07,1.062698e-07,6.020116e-07,0.000000e+00,0.000000e+00,0.000000e+00,-7.927601e+06,-8.337773e+06,-3.554593e+07,2.966744e-18,87,0
9.672727e-10,6.819660e-04,6.931172e-04,2.500250e-03,7.054602e+05,7.170490e+05,2.586274e+06,-3.773377e-01,-4.007277e-01,-1.397642e+00,2.966744e-18,87,4256
9.666364e-09,6.819243e-03,6.931232e-03,2.500002e-02,7.055178e+05,7.171102e+05,2.586488e+06,-3.688016e-03,-3.951790e-03,-1.444423e-02,2.966744e-18,87,42532
0.000000e+00,2.276125e-08,-1.110066e-07,4.190446e-07,0.000000e+00,0.000000e+00,0.000000e+00,-1.554675e+06,2.133650e+07,-5.943641e+07,4.246131e-18,88,0
7.538636e-10,5.453554e-05,-9.268631e-04,2.500415e-03,7.230962e+04,-1.230028e+06,3.318010e+06,3.261945e-03,6.100959e-01,-1.559257e+00,4.246131e-18,88,3317
7.534773e-09,5.448583e-04,-9.267977e-03,2.500058e-02,7.230924e+04,-1.230100e+06,3.318195e+06,-1.912232e-06,5.990036e-03,-1.575082e-02,4.246131e-18,88,33153
0.000000e+00,1.351599e-07,5.786115e-08,2.374258e-07,0.000000e+00,0.000000e+00,0.000000e+00,-6.815325e+07,-2.746249e+07,-9.808870e+07,6.222772e-18,89,0
5.850000e-10,1.749694e-03,7.036477e-04,2.500412e-03,2.991285e+06,1.202947e+06,4.274603e+06,-6.917093e-01,-2.697539e-01,-9.505420e-01,6.222772e-18,89,2574
5.848636e-09,1.749501e-02,7.035634e-03,2.500075e-02,2.991349e+06,1.202972e+06,4.274691e+06,-6.856314e-03,-2.667393e-03,-9.545317e-03,6.222772e-18,89,25734
0.000000e+00,-2.077608e-07,-1.676246e-07,4.472348e-07,0.000000e+00,0.000000e+00,0.000000e+00,2.671989e+07,1.942939e+07,-3.391810e+07,3.477865e-18,90,0
1.151818e-09,-1.963345e-03,-1.418552e-03,2.500316e-03,-1.705340e+06,-1.232112e+06,2.171527e+06,5.415969e-01,3.844265e-01,-6.407979e-01,3.477865e-18,90,5068
1.151273e-08,-1.963306e-02,-1.418495e-02,2.500031e-02,-1.705438e+06,-1.232182e+06,2.171644e+06,5.250380e-03,3.609595e-03,-6.586719e-03,3.477865e-18,90,50656
0.000000e+00,1.638510e-07,-1.299022e-07,2.514380e-07,0.000000e+00,0.000000e+00,0.000000e+00,-5.837696e+07,4.803925e+07,-5.894034e+07,5.332243e-18,91,0
9.188636e-10,2.499275e-03,-2.052607e-03,2.500403e-03,2.720390e+06,-2.234204e+06,2.721487e+06,-4.359878e-01,3.541123e-01,-4.087254e-01,5.332243e-18,91,4043
9.186136e-09,2.498991e-02,-2.052373e-02,2.500009e-02,2.720453e+06,-2.234255e+06,2.721547e+06,-4.265664e-03,3.446182e-03,-4.144104e-03,5.332243e-18,91,40419
0.000000e+00,2.033758e-07,-1.589060e-08,3.307527e-07,0.000000e+00,0.000000e+00,0.000000e+00,-4.911556e+07,4.380564e+06,-5.373310e+07,4.589670e-18,92,0
9.072727e-10,2.309997e-03,-2.022639e-04,2.500492e-03,2.546807e+06,-2.229961e+05,2.756669e+06,-6.853478e-01,5.626550e-02,-7.079052e-01,4.589670e-18,92,3992
9.069091e-09,2.309724e-02,-2.022372e-03,2.500061e-02,2.546906e+06,-2.230042e+05,2.756770e+06,-6.738577e-03,5.281236e-04,-7.200112e-03,4.589670e-18,92,39904
0.000000e+00,4.729679e-08,-1.769528e-07,5.021069e-07,0.000000e+00,0.000000e+00,0.000000e+00,-7.921565e+06,2.465892e+07,-3.438614e+07,3.476047e-18,93,0
1.059545e-09,5.626122e-04,-1.711329e-03,2.500281e-03,5.312849e+05,-1.616017e+06,2.360849e+06,-2.122768e-01,6.506071e-01,-9.425988e-01,3.476047e-18,93,4662
1.058955e-08,5.626037e-03,-1.711283e-02,2.500042e-02,5.313204e+05,-1.616125e+06,2.361007e+06,-1.918686e-03,6.166752e-03,-9.816771e-03,3.476047e-18,93,46594
0.000000e+00,1.892350e-07,8.696673e-09,6.110079e-07,0.000000e+00,0.000000e+00,0.000000e+00,-1.919451e+07,-2.307006e+06,-3.373425e+07,2.900623e-18,94,0
1.034091e-09,1.382067e-03,9.665566e-05,2.500277e-03,1.337379e+06,9.346180e+04,2.419081e+06,-6.911538e-01,-1.127408e-03,-1.154017e+00,2.900623e-18,94,4550
1.033455e-08,1.382117e-02,9.658943e-04,2.500028e-02,1.337492e+06,9.346200e+04,2.419270e+06,-6.530135e-03,-3.947074e-04,-1.188233e-02,2.900623e-18,94,45472
0.000000e+00,1.450628e-07,1.765489e-07,2.220299e-07,0.000000e+00,0.000000e+00,0.000000e+00,-5.154267e+07,-6.404753e+07,-5.831138e+07,5.436672e-18,95,0
9.481818e-10,2.230823e-03,2.778531e-03,2.500594e-03,2.353032e+06,2.930759e+06,2.637492e+06,-3.119102e-01,-3.958385e-01,-3.301070e-01,5.436672e-18,95,4172
9.478864e-09,2.230412e-02,2.778032e-02,2.500055e-02,2.353079e+06,2.930819e+06,2.637541e+06,-3.052995e-03,-3.857305e-03,-3.380918e-03,5.436672e-18,95,41707
0.000000e+00,1.779913e-07,1.391269e-07,5.009057e-07,0.000000e+00,0.000000e+00,0.000000e+00,-1.969165e+07,-1.432485e+07,-3.515973e+07,3.357649e-18,96,0
1.061818e-09,1.436426e-03,1.079633e-03,2.500066e-03,1.353550e+06,1.017379e+06,2.355561e+06,-5.679529e-01,-4.526410e-01,-9.243261e-01,3.357649e-18,96,4672
1.061318e-08,1.436543e-02,1.079759e-02,2.500011e-02,1.353646e+06,1.017455e+06,2.355717e+06,-5.354230e-03,-4.218777e-03,-9.541179e-03,3.357649e-18,96,46698
0.000000e+00,7.399384e-08,8.570261e-08,1.645087e-07,0.000000e+00,0.000000e+00,0.000000e+00,-9.743029e+07,-1.102803e+08,-1.939620e+08,8.460968e-18,97,0
3.184091e-10,1.256878e-03,1.422684e-03,2.500647e-03,3.947343e+06,4.468065e+06,7.853451e+06,-4.802233e-01,-5.424484e-01,-9.355137e-01,8.460968e-18,97,1401
3.183409e-09,1.256607e-02,1.422375e-02,2.500090e-02,3.947367e+06,4.468092e+06,7.853499e+06,-4.800513e-03,-5.416586e-03,-9.365557e-03,8.460968e-18,97,14007
0.000000e+00,-1.386581e-07,-1.220924e-07,2.253349e-07,0.000000e+00,0.000000e+00,0.000000e+00,6.374999e+07,5.493492e+07,-8.451188e+07,5.922891e-18,98,0
6.784091e-10,-1.898962e-03,-1.637070e-03,2.500318e-03,-2.799436e+06,-2.413355e+06,3.685857e+06,5.049475e-01,4.369011e-01,-6.363796e-01,5.922891e-18,98,2985
6.782727e-09,-1.898788e-02,-1.636919e-02,2.500031e-02,-2.799490e+06,-2.413401e+06,3.685925e+06,5.028802e-03,4.354018e-03,-6.428441e-03,5.922891e-18,98,29844
0.000000e+00,-9.397682e-08,6.293095e-08,6.125835e-07,0.000000e+00,0.000000e+00,0.000000e+00,1.071269e+07,-1.907072e+07,-2.839040e+07,3.037168e-18,99,0
1.089773e-09,-8.613435e-04,1.364401e-03,2.500178e-03,-7.908986e+05,1.252872e+06,2.295383e+06,3.554695e-01,-5.747512e-01,-9.932768e-01,3.037168e-18,99,4795
1.089159e-08,-8.614083e-03,1.364563e-02,2.500050e-02,-7.909597e+05,1.252971e+06,2.295555e+06,3.571464e-03,-5.688797e-03,-1.052700e-02,3.037168e-18,99,47923
0.000000e+00,-1.370918e-07,5.009795e-08,3.429965e-07,0.000000e+00,0.000000e+00,0.000000e+00,3.425575e+07,-1.336194e+07,-6.168058e+07,4.813083e-18,100,0
7.740909e-10,-1.428730e-03,5.518610e-04,2.500317e-03,-1.846334e+06,7.131685e+05,3.230912e+06,6.998582e-01,-2.725506e-01,-1.149505e+00,4.813083e-18,100,3406
7.737727e-09,-1.428642e-02,5.518299e-03,2.500002e-02,-1.846419e+06,7.132018e+05,3.231053e+06,6.867906e-03,-2.622724e-03,-1.157779e-02,4.813083e-18,100,34046
0.000000e+00,9.489734e-08,1.355036e-07,3.082838e-07,0.000000e+00,0.000000e+00,0.000000e+00,-1.468959e+08,-1.491882e+08,-2.631124e+07,5.134543e-18,101,0
2.307273e-09,1.380339e-02,1.402427e-02,2.500025e-03,5.982592e+06,6.078308e+06,1.083422e+06,-2.018600e-02,-2.052006e-02,-3.302069e-03,5.134543e-18,101,10152
2.272727e-08,1.359680e-01,1.381434e-01,2.462352e-02,5.982599e+06,6.078315e+06,1.083423e+06,-2.017869e-04,-2.050153e-04,-3.654311e-05,5.134543e-18,101,100000
0.000000e+00,1.179084e-07,1.387877e-07,5.169290e-07,0.000000e+00,0.000000e+00,0.000000e+00,-1.144243e+07,-1.422479e+07,-3.806928e+07,3.386284e-18,102,0
9.638636e-10,7.569571e-04,9.957092e-04,2.500431e-03,7.857774e+05,1.033700e+06,2.595479e+06,-3.855559e-01,-5.507930e-01,-1.246772e+00,3.386284e-18,102,4241
9.632273e-09,7.568818e-03,9.956842e-03,2.500047e-02,7.858360e+05,1.033783e+06,2.595669e+06,-3.740616e-03,-5.097454e-03,-1.288755e-02,3.386284e-18,102,42382
0.000000e+00,2.632651e-08,1.364770e-07,1.873161e-07,0.000000e+00,0.000000e+00,0.000000e+00,-2.132284e+07,-1.147146e+08,-1.320341e+08,7.320734e-18,103,0
4.586364e-10,4.048337e-04,2.177395e-03,2.500936e-03,8.827161e+05,4.747689e+06,5.453067e+06,-1.296648e-01,-6.925240e-01,-7.701857e-01,7.320734e-18,103,2018
4.584773e-09,4.047073e-03,2.176718e-02,2.500122e-02,8.827255e+05,4.747739e+06,5.453123e+06,-1.295186e-03,-6.908370e-03,-7.723816e-03,7.320734e-18,103,20173
0.000000e+00,-3.964205e-08,-1.470752e-07,5.046003e-07,0.000000e+00,0.000000e+00,0.000000e+00,5.886121e+06,1.818307e+07,-3.990102e+07,3.535241e-18,104,0
9.520455e-10,-4.565175e-04,-1.245047e-03,2.500486e-03,-4.798458e+05,-1.308568e+06,2.627676e+06,2.574822e-01,6.620943e-01,-1.209942e+00,3.535241e-18,104,4189
9.514091e-09,-4.565253e-03,-1.244977e-02,2.500006e-02,-4.798845e+05,-1.308668e+06,2.627858e+06,2.254139e-03,6.070105e-03,-1.243464e-02,3.535241e-18,104,41862
0.000000e+00,-5.698204e-08,-3.914704e-08,3.733359e-07,0.000000e+00,0.000000e+00,0.000000e+00,1.277098e+07,1.424538e+07,-6.783809e+07,4.787618e-18,105,0
6.913636e-10,-5.019108e-04,-5.299141e-04,2.500709e-03,-7.262743e+05,-7.668030e+05,3.618256e+06,3.645524e-01,3.710995e-01,-1.657714e+00,4.787618e-18,105,3042
6.909545e-09,-5.018221e-03,-5.298243e-03,2.500062e-02,-7.263141e+05,-7.668436e+05,3.618437e+06,3.547627e-03,3.638317e-03,-1.667040e-02,4.787618e-18,105,30402
0.000000e+00,1.922210e-07,3.063318e-08,2.783430e-07,0.000000e+00,0.000000e+00,0.000000e+00,-6.656238e+07,-4.425292e+06,-6.975513e+07,5.183941e-18,106,0
7.790909e-10,2.411625e-03,1.719003e-04,2.500671e-03,3.095976e+06,2.206763e+05,3.210146e+06,-6.823868e-01,-6.218523e-02,-6.699779e-01,5.183941e-18,106,3428
7.787955e-09,2.411138e-02,1.718634e-03,2.500062e-02,3.096060e+06,2.206839e+05,3.210228e+06,-6.710270e-03,-6.393247e-04,-6.773960e-03,5.183941e-18,106,34267
0.000000e+00,-1.817755e-07,1.134189e-07,5.143572e-07,0.000000e+00,0.000000e+00,0.000000e+00,2.196831e+07,-1.172479e+07,-3.619001e+07,3.318687e-18,107,0
1.041591e-09,-1.540461e-03,7.870377e-04,2.500208e-03,-1.479756e+06,7.560102e+05,2.401397e+06,6.182428e-01,-3.300729e-01,-9.493846e-01,3.318687e-18,107,4583
1.041068e-08,-1.540521e-02,7.870587e-03,2.500033e-02,-1.479857e+06,7.560645e+05,2.401554e+06,5.878912e-03,-3.084808e-03,-1.006489e-02,3.318687e-18,107,45807
0.000000e+00,2.726052e-07,-8.126012e-08,3.516616e-07,0.000000e+00,0.000000e+00,0.000000e+00,-4.648745e+07,1.170550e+07,-3.706009e+07,3.929216e-18,108,0
1.223636e-09,3.175383e-03,-8.153994e-04,2.500291e-03,2.595806e+06,-6.665693e+05,2.043768e+06,-5.230558e-01,1.371662e-01,-3.765642e-01,3.929216e-18,108,5384
1.223227e-08,3.175259e-02,-8.153660e-03,2.500005e-02,2.595907e+06,-6.665958e+05,2.043841e+06,-5.020800e-03,1.282139e-03,-3.949719e-03,3.929216e-18,108,53822
0.000000e+00,-1.876686e-07,-1.849063e-08,4.242969e-07,0.000000e+00,0.000000e+00,0.000000e+00,3.109437e+07,2.967297e+06,-4.357958e+07,3.941891e-18,109,0
9.572727e-10,-1.814383e-03,-1.668012e-04,2.500115e-03,-1.896236e+06,-1.743236e+05,2.612656e+06,7.301066e-01,6.785934e-02,-9.402483e-01,3.941891e-18,109,4212
9.568864e-09,-1.814478e-02,-1.668077e-03,2.500025e-02,-1.896347e+06,-1.743338e+05,2.612798e+06,6.934096e-03,6.613302e-04,-9.585680e-03,3.941891e-18,109,42103
0.000000e+00,-2.196347e-07,5.103163e-08,2.434657e-07,0.000000e+00,0.000000e+00,0.000000e+00,6.849679e+07,-1.857046e+07,-5.824201e+07,5.234375e-18,110,0
9.177273e-10,-2.972051e-03,8.040401e-04,2.500458e-03,-3.239035e+06,8.762789e+05,2.724988e+06,5.636943e-01,-1.546767e-01,-4.561166e-01,5.234375e-18,110,4038
9.174318e-09,-2.971600e-02,8.039270e-03,2.500002e-02,-3.239117e+06,8.763013e+05,2.725054e+06,5.508689e-03,-1.510826e-03,-4.608831e-03,5.234375e-18,110,40367
0.000000e+00,-4.273861e-09,9.870049e-08,4.688091e-07,0.000000e+00,0.000000e+00,0.000000e+00,-9.954949e+05,-7.910588e+06,-5.134061e+07,3.890064e-18,111,0
7.929545e-10,4.760577e-05,4.835450e-04,2.500419e-03,6.009168e+04,6.101404e+05,3.154756e+06,-4.436252e-02,-3.673134e-01,-1.706979e+00,3.890064e-18,111,3489
7.924545e-09,4.761879e-04,4.835088e-03,2.500011e-02,6.009725e+04,6.101864e+05,3.154970e+06,-2.199507e-04,-3.534098e-03,-1.750538e-02,3.890064e-18,111,34868
0.000000e+00,-3.114367e-08,1.308013e-07,3.167709e-07,0.000000e+00,0.000000e+00,0.000000e+00,1.096297e+07,-3.413250e+07,-7.597981e+07,5.195946e-18,112,0
6.729545e-10,-3.651734e-04,1.152777e-03,2.500070e-03,-5.427982e+05,1.713483e+06,3.715947e+06,2.026025e-01,-6.637691e-01,-1.357109e+00,5.195946e-18,112,2961
6.727727e-09,-3.651801e-03,1.152788e-02,2.500000e-02,-5.428197e+05,1.713553e+06,3.716091e+06,1.999328e-03,-6.513952e-03,-1.364541e-02,5.195946e-18,112,29602
0.000000e+00,1.566842e-07,-7.114018e-08,2.535054e-07,0.000000e+00,0.000000e+00,0.000000e+00,-7.166190e+07,2.746624e+07,-8.485878e+07,5.703343e-18,113,0
6.686364e-10,2.127037e-03,-8.172777e-04,2.500065e-03,3.181566e+06,-1.222448e+06,3.739387e+06,-6.606007e-01,2.538604e-01,-7.353711e-01,5.703343e-18,113,2942
6.685682e-09,2.127101e-02,-8.172933e-03,2.500051e-02,3.181636e+06,-1.222474e+06,3.739465e+06,-6.471059e-03,2.523484e-03,-7.429294e-03,5.703343e-18,113,29417
0.000000e+00,1.517594e-07,6.895738e-08,2.555619e-07,0.000000e+00,0.000000e+00,0.000000e+00,-6.515072e+07,-2.800362e+07,-8.293500e+07,5.736632e-18,114,0
6.772727e-10,1.987153e-03,8.525868e-04,2.500488e-03,2.934483e+06,1.259026e+06,3.692388e+06,-6.618266e-01,-2.760013e-01,-7.784685e-01,5.736632e-18,114,2980
6.770682e-09,1.986852e-02,8.524495e-03,2.500014e-02,2.934554e+06,1.259055e+06,3.692471e+06,-6.535091e-03,-2.725828e-03,-7.934627e-03,5.736632e-18,114,29791
0.000000e+00,-2.363061e-07,-1.196386e-07,3.357390e-07,0.000000e+00,0.000000e+00,0.000000e+00,4.305373e+07,2.299068e+07,-4.148301e+07,4.151253e-18,115,0
1.120909e-09,-2.641427e-03,-1.422584e-03,2.500116e-03,-2.357183e+06,-1.269515e+06,2.230931e+06,5.141572e-01,2.818143e-01,-4.545820e-01,4.151253e-18,115,4932
1.120614e-08,-2.641492e-02,-1.422635e-02,2.500023e-02,-2.357274e+06,-1.269565e+06,2.231012e+06,4.979095e-03,2.660774e-03,-4.653248e-03,4.151253e-18,115,49307
0.000000e+00,1.919244e-07,-1.021134e-08,2.673663e-07,0.000000e+00,0.000000e+00,0.000000e+00,-6.668533e+07,5.013773e+06,-6.834395e+07,5.318777e-18,116,0
7.918182e-10,2.467948e-03,-1.860576e-04,2.500233e-03,3.117365e+06,-2.350271e+05,3.158011e+06,-6.747786e-01,5.584361e-02,-6.476424e-01,5.318777e-18,116,3484
7.916364e-09,2.467825e-02,-1.860560e-03,2.500010e-02,3.117449e+06,-2.350341e+05,3.158092e+06,-6.632494e-03,4.451742e-04,-6.559395e-03,5.318777e-18,116,34832
0.000000e+00,-2.029088e-07,1.049832e-07,2.623343e-07,0.000000e+00,0.000000e+00,0.000000e+00,7.091929e+07,-2.559851e+07,-4.998450e+07,5.026889e-18,117,0
1.064318e-09,-3.561371e-03,1.305552e-03,2.500166e-03,-3.346689e+06,1.226834e+06,2.349309e+06,4.474288e-01,-1.677916e-01,-2.893192e-01,5.026889e-18,117,4683
1.064159e-08,-3.561412e-02,1.305550e-02,2.500053e-02,-3.346765e+06,1.226862e+06,2.349358e+06,4.285934e-03,-1.542491e-03,-2.978551e-03,5.026889e-18,117,46823
0.000000e+00,8.977384e-08,-4.534083e-08,3.324184e-07,0.000000e+00,0.000000e+00,0.000000e+00,-2.553067e+07,1.389462e+07,-7.515345e+07,5.166206e-18,118,0
6.645455e-10,8.703446e-04,-4.676942e-04,2.500559e-03,1.310105e+06,-7.039936e+05,3.763799e+06,-5.585051e-01,2.818352e-01,-1.499917e+00,5.166206e-18,118,2924
6.642273e-09,8.702083e-03,-4.676122e-03,2.500030e-02,1.310163e+06,-7.040232e+05,3.763957e+06,-5.551753e-03,2.840072e-03,-1.508319e-02,5.166206e-18,118,29226
0.000000e+00,-7.133103e-08,7.393175e-08,4.799372e-07,0.000000e+00,0.000000e+00,0.000000e+00,1.112634e+07,-1.072782e+07,-4.337973e+07,3.799595e-18,119,0
8.679545e-10,-6.359726e-04,6.418902e-04,2.500462e-03,-7.331539e+05,7.400094e+05,2.882307e+06,3.877942e-01,-4.176771e-01,-1.488140e+00,3.799595e-18,119,3819
8.673636e-09,-6.359082e-03,6.418538e-03,2.500015e-02,-7.332070e+05,7.400666e+05,2.882511e+06,3.701245e-03,-4.082427e-03,-1.519712e-02,3.799595e-18,119,38164
0.000000e+00,-7.284104e-08,-8.912780e-09,1.789116e-07,0.000000e+00,0.000000e+00,0.000000e+00,1.061706e+08,1.138017e+07,-2.358743e+08,8.734653e-18,120,0
2.625000e-10,-1.126668e-03,-1.207402e-04,2.501827e-03,-4.292014e+06,-4.599522e+05,9.530571e+06,6.447053e-01,6.770068e-02,-1.403707e+00,8.734653e-18,120,1155
2.623182e-09,-1.125880e-02,-1.206547e-03,2.500059e-02,-4.292041e+06,-4.599550e+05,9.530630e+06,6.451052e-03,6.783910e-04,-1.407602e-02,8.734653e-18,120,11542
0.000000e+00,-2.218660e-07,1.333689e-07,2.644965e-07,0.000000e+00,0.000000e+00,0.000000e+00,6.036317e+07,-2.983156e+07,-4.240240e+07,4.719103e-18,121,0
1.203182e-09,-3.580038e-03,1.796644e-03,2.500138e-03,-2.976020e+06,1.493513e+06,2.078198e+06,3.909225e-01,-2.023377e-01,-2.533047e-01,4.719103e-18,121,5294
1.202977e-08,-3.580085e-02,1.796665e-02,2.500037e-02,-2.976094e+06,1.493552e+06,2.078247e+06,3.772301e-03,-1.888830e-03,-2.629394e-03,4.719103e-18,121,52931
0.000000e+00,1.345088e-07,8.172414e-08,4.950214e-07,0.000000e+00,0.000000e+00,0.000000e+00,-1.364537e+07,-1.316903e+07,-4.134225e+07,3.576254e-18,122,0
9.143182e-10,8.243987e-04,7.850785e-04,2.500284e-03,9.021480e+05,8.591687e+05,2.735987e+06,-4.709491e-01,-4.481668e-01,-1.383467e+00,3.576254e-18,122,4023
9.137500e-09,8.243388e-03,7.850619e-03,2.500016e-02,9.022160e+05,8.592334e+05,2.736187e+06,-4.526601e-03,-4.295178e-03,-1.413844e-02,3.576254e-18,122,40205
0.000000e+00,7.868436e-08,-7.091701e-08,3.668080e-07,0.000000e+00,0.000000e+00,0.000000e+00,-1.521707e+07,1.949052e+07,-6.711275e+07,4.748557e-18,123,0
7.086364e-10,6.028849e-04,-7.405405e-04,2.500003e-03,8.510891e+05,-1.045420e+06,3.529006e+06,-4.014152e-01,4.680536e-01,-1.519377e+00,4.748557e-18,123,3118
7.084318e-09,6.029395e-03,-7.406080e-03,2.500072e-02,8.511341e+05,-1.045472e+06,3.529176e+06,-4.016978e-03,4.648074e-03,-1.534668e-02,4.748557e-18,123,31171
0.000000e+00,-1.788155e-09,9.913663e-08,3.504603e-07,0.000000e+00,0.000000e+00,0.000000e+00,-4.985929e+06,-1.704538e+07,-7.313748e+07,4.962440e-18,124,0
6.613636e-10,1.615004e-04,6.198499e-04,2.500755e-03,2.442999e+05,9.375389e+05,3.782389e+06,-1.104493e-01,-4.506991e-01,-1.730249e+00,4.962440e-18,124,2910
6.609773e-09,1.614753e-03,6.196946e-03,2.500084e-02,2.443115e+05,9.375860e+05,3.782570e+06,-1.125476e-03,-4.514068e-03,-1.739420e-02,4.962440e-18,124,29083
0.000000e+00,1.771189e-08,-4.808223e-08,4.031512e-07,0.000000e+00,0.000000e+00,0.000000e+00,-8.079022e+06,8.231828e+06,-6.355992e+07,4.516074e-18,125,0
7.043182e-10,3.366033e-04,-3.228603e-04,2.500343e-03,4.781711e+05,-4.585758e+05,3.551362e+06,-2.646775e-01,2.254010e-01,-1.796818e+00,4.516074e-18,125,3099
7.039545e-09,3.366081e-03,-3.228174e-03,2.500007e-02,4.782006e+05,-4.586009e+05,3.551562e+06,-2.614334e-03,2.241222e-03,-1.807016e-02,4.516074e-18,125,30974
0.000000e+00,-2.360692e-07,8.705183e-08,4.037153e-07,0.000000e+00,0.000000e+00,0.000000e+00,3.765648e+07,-1.245628e+07,-4.094024e+07,3.798268e-18,126,0
1.083636e-09,-2.387722e-03,7.481925e-04,2.500385e-03,-2.204291e+06,6.907282e+05,2.308020e+06,6.474633e-01,-2.215317e-01,-5.877365e-01,3.798268e-18,126,4768
1.083182e-08,-2.387644e-02,7.481842e-03,2.500019e-02,-2.204402e+06,6.907661e+05,2.308120e+06,6.049800e-03,-1.902397e-03,-6.269751e-03,3.798268e-18,126,47660
0.000000e+00,1.020843e-07,3.697793e-08,3.990281e-07,0.000000e+00,0.000000e+00,0.000000e+00,-1.869303e+07,-7.727431e+06,-5.549781e+07,4.425442e-18,127,0
7.700000e-10,7.840025e-04,3.713812e-04,2.500692e-03,1.018660e+06,4.825473e+05,3.248973e+06,-5.361551e-01,-2.365489e-01,-1.557220e+00,4.425442e-18,127,3388
7.694773e-09,7.838367e-03,3.713077e-03,2.500017e-02,1.018725e+06,4.825761e+05,3.249162e+06,-5.169553e-03,-2.348745e-03,-1.575948e-02,4.425442e-18,127,33857
0.000000e+00,-3.897878e-08,-2.437231e-07,3.788438e-07,0.000000e+00,0.000000e+00,0.000000e+00,3.463869e+06,3.620621e+07,-3.971153e+07,3.974449e-18,128,0
1.086818e-09,-1.432468e-04,-2.324026e-03,2.500305e-03,-1.318438e+05,-2.139275e+06,2.301363e+06,5.182725e-02,6.774144e-01,-6.794875e-01,3.974449e-18,128,4782
1.086318e-08,-1.432272e-03,-2.323930e-02,2.500021e-02,-1.318527e+05,-2.139391e+06,2.301480e+06,3.924488e-04,6.432836e-03,-6.991371e-03,3.974449e-18,128,47798
0.000000e+00,5.473568e-08,1.899549e-07,1.769724e-07,0.000000e+00,0.000000e+00,0.000000e+00,-3.277077e+07,-1.123366e+08,-8.177769e+07,6.433672e-18,129,0
7.245455e-10,1.005697e-03,3.449925e-03,2.500316e-03,1.388111e+06,4.761753e+06,3.450983e+06,-1.387295e-01,-4.812411e-01,-3.312960e-01,6.433672e-18,129,3188
7.244318e-09,1.005595e-02,3.449577e-02,2.500015e-02,1.388127e+06,4.761808e+06,3.451021e+06,-1.368256e-03,-4.750929e-03,-3.342254e-03,6.433672e-18,129,31875
0.000000e+00,1.094040e-07,9.832022e-10,2.782913e-07,0.000000e+00,0.000000e+00,0.000000e+00,-4.845625e+07,-1.385578e+06,-9.866917e+07,5.885112e-18,130,0
5.661364e-10,1.240592e-03,3.438962e-05,2.500434e-03,2.191704e+06,6.075652e+04,4.417265e+06,-6.907221e-01,-1.762363e-02,-1.339042e+00,5.885112e-18,130,2491
5.659773e-09,1.240460e-02,3.438679e-04,2.500088e-02,2.191766e+06,6.075810e+04,4.417385e+06,-6.850806e-03,-2.092609e-04,-1.345679e-02,5.885112e-18,130,24903
0.000000e+00,-2.272684e-07,-3.194500e-08,5.081816e-07,0.000000e+00,0.000000e+00,0.000000e+00,3.370545e+07,6.943191e+06,-3.809331e+07,3.308398e-18,131,0
1.078409e-09,-2.168245e-03,-4.395581e-04,2.500017e-03,-2.011485e+06,-4.077923e+05,2.318981e+06,6.816227e-01,1.387250e-01,-7.250081e-01,3.308398e-18,131,4745
1.078068e-08,-2.168515e-02,-4.396260e-03,2.500039e-02,-2.011601e+06,-4.078159e+05,2.319104e+06,6.477087e-03,1.246248e-03,-7.503383e-03,3.308398e-18,131,47435
0.000000e+00,2.153601e-08,-2.199473e-07,5.376607e-07,0.000000e+00,0.000000e+00,0.000000e+00,-2.784713e+05,2.209068e+07,-3.459600e+07,3.181935e-18,132,0
1.052045e-09,1.915604e-05,-1.649339e-03,2.500272e-03,1.819131e+04,-1.568671e+06,2.377684e+06,3.536009e-04,7.124231e-01,-9.954634e-01,3.181935e-18,132,4629
1.051455e-08,1.912908e-04,-1.649382e-02,2.500041e-02,1.819127e+04,-1.568790e+06,2.377850e+06,-1.131951e-05,6.717054e-03,-1.033653e-02,3.181935e-18,132,46264
0.000000e+00,-1.161767e-07,-3.273491e-08,1.941292e-07,0.000000e+00,0.000000e+00,0.000000e+00,1.041854e+08,2.995165e+07,-1.520736e+08,7.452954e-18,133,0
4.000000e-10,-1.716252e-03,-4.932899e-04,2.500796e-03,-4.290729e+06,-1.233255e+06,6.252054e+06,7.054179e-01,2.021493e-01,-9.969056e-01,7.452954e-18,133,1760
3.998864e-09,-1.715813e-02,-4.931643e-03,2.500127e-02,-4.290774e+06,-1.233267e+06,6.252117e+06,7.045608e-03,2.014884e-03,-9.987096e-03,7.452954e-18,133,17595
0.000000e+00,1.833384e-07,-2.916139e-08,1.958848e-07,0.000000e+00,0.000000e+00,0.000000e+00,-1.047279e+08,1.580513e+07,-8.784390e+07,6.345110e-18,134,0
6.697727e-10,2.994789e-03,-4.517391e-04,2.500113e-03,4.471652e+06,-6.745084e+05,3.732941e+06,-5.877186e-01,8.749498e-02,-4.677408e-01,6.345110e-18,134,2947
6.697273e-09,2.994798e-02,-4.517384e-03,2.500066e-02,4.471714e+06,-6.745176e+05,3.732990e+06,-5.800154e-03,8.755713e-04,-4.696512e-03,6.345110e-18,134,29468
0.000000e+00,-2.158362e-07,7.726847e-08,3.886489e-07,0.000000e+00,0.000000e+00,0.000000e+00,3.622455e+07,-9.611732e+06,-4.128457e+07,4.007455e-18,135,0
1.041364e-09,-2.219687e-03,5.544047e-04,2.500091e-03,-2.132371e+06,5.325235e+05,2.401554e+06,6.669932e-01,-1.340220e-01,-7.080624e-01,4.007455e-18,135,4582
1.041000e-08,-2.219795e-02,5.543595e-03,2.500028e-02,-2.132481e+06,5.325456e+05,2.401671e+06,6.311960e-03,-1.357291e-03,-7.315992e-03,4.007455e-18,135,45804
0.000000e+00,1.279607e-07,-1.307310e-07,1.721213e-07,0.000000e+00,0.000000e+00,0.000000e+00,-8.756999e+07,8.938523e+07,-9.699006e+07,6.765796e-18,136,0
6.184091e-10,2.264772e-03,-2.311862e-03,2.500559e-03,3.662396e+06,-3.738547e+06,4.043624e+06,-3.896606e-01,3.981841e-01,-4.131660e-01,6.765796e-18,136,2721
6.182727e-09,2.264369e-02,-2.311450e-02,2.500076e-02,3.662435e+06,-3.738586e+06,4.043665e+06,-3.867776e-03,3.954862e-03,-4.145554e-03,6.765796e-18,136,27204
0.000000e+00,-2.675661e-08,-1.253850e-07,2.977515e-07,0.000000e+00,0.000000e+00,0.000000e+00,1.199606e+07,4.438202e+07,-8.294527e+07,5.453504e-18,137,0
6.456818e-10,-3.727494e-04,-1.357823e-03,2.500781e-03,-5.774476e+05,-2.103397e+06,3.873782e+06,2.008658e-01,6.959913e-01,-1.221964e+00,5.453504e-18,137,2841
6.453636e-09,-3.726637e-03,-1.357460e-02,2.500013e-02,-5.774681e+05,-2.103468e+06,3.873906e+06,1.920424e-03,6.895842e-03,-1.231431e-02,5.453504e-18,137,28396
0.000000e+00,-2.794367e-08,2.335358e-07,5.480642e-07,0.000000e+00,0.000000e+00,0.000000e+00,1.826885e+06,-2.227159e+07,-3.564207e+07,3.083871e-18,138,0
1.045909e-09,-1.526894e-04,1.626912e-03,2.500029e-03,-1.460773e+05,1.556392e+06,2.391370e+06,7.222359e-02,-7.068206e-01,-1.002496e+00,3.083871e-18,138,4602
1.045432e-08,-1.527137e-03,1.627100e-02,2.500031e-02,-1.460892e+05,1.556509e+06,2.391536e+06,5.959554e-04,-6.767666e-03,-1.041931e-02,3.083871e-18,138,45999
0.000000e+00,-2.358820e-07,-9.251836e-08,2.680087e-07,0.000000e+00,0.000000e+00,0.000000e+00,5.881742e+07,2.241252e+07,-4.592531e+07,4.731693e-18,139,0
1.102955e-09,-3.255892e-03,-1.240568e-03,2.500199e-03,-2.952582e+06,-1.124999e+06,2.267167e+06,4.837823e-01,1.844481e-01,-3.442752e-01,4.731693e-18,139,4853
1.102705e-08,-3.255828e-02,-1.240542e-02,2.500026e-02,-2.952666e+06,-1.125031e+06,2.267227e+06,4.654675e-03,1.762649e-03,-3.514546e-03,4.731693e-18,139,48519
0.000000e+00,8.045214e-08,2.246646e-07,5.088036e-07,0.000000e+00,0.000000e+00,0.000000e+00,-1.591427e+07,-2.027498e+07,-3.144153e+07,3.283389e-18,140,0
1.193636e-09,1.057033e-03,1.983722e-03,2.500188e-03,8.860391e+05,1.662860e+06,2.095490e+06,-3.118239e-01,-6.049633e-01,-7.043291e-01,3.283389e-18,140,5252
1.193045e-08,1.057080e-02,1.983856e-02,2.500026e-02,8.860979e+05,1.662974e+06,2.095623e+06,-3.084963e-03,-5.781787e-03,-7.283293e-03,3.283389e-18,140,52494
0.000000e+00,1.741591e-07,-1.743104e-07,5.134163e-07,0.000000e+00,0.000000e+00,0.000000e+00,-1.994955e+07,2.045848e+07,-3.100474e+07,3.225577e-18,141,0
1.164545e-09,1.550844e-03,-1.626719e-03,2.500362e-03,1.332396e+06,-1.397609e+06,2.147919e+06,-4.656695e-01,4.972271e-01,-7.010481e-01,3.225577e-18,141,5124
1.163932e-08,1.550813e-02,-1.626715e-02,2.500045e-02,1.332482e+06,-1.397700e+06,2.148049e+06,-4.494154e-03,4.717956e-03,-7.294198e-03,3.225577e-18,141,51213
0.000000e+00,2.895004e-08,1.069526e-07,2.574494e-07,0.000000e+00,0.000000e+00,0.000000e+00,-1.883088e+07,-5.283694e+07,-1.195949e+08,6.252029e-18,142,0
4.863636e-10,3.949121e-04,1.110932e-03,2.500020e-03,8.120655e+05,2.284380e+06,5.140650e+06,-2.286027e-01,-6.395714e-01,-1.389288e+00,6.252029e-18,142,2140
4.863182e-09,3.949239e-03,1.110942e-02,2.500010e-02,8.120830e+05,2.284429e+06,5.140757e+06,-2.283637e-03,-6.375251e-03,-1.392835e-02,6.252029e-18,142,21398
0.000000e+00,1.210172e-08,-1.443822e-07,6.128702e-07,0.000000e+00,0.000000e+00,0.000000e+00,1.207043e+06,1.536504e+07,-3.908878e+07,2.976046e-18,143,0
9.388636e-10,-5.770410e-05,-9.537974e-04,2.500057e-03,-6.143371e+04,-1.016581e+06,2.664208e+06,-3.674184e-02,6.044313e-01,-1.413830e+00,2.976046e-18,143,4131
9.383636e-09,-5.764598e-04,-9.539219e-03,2.500015e-02,-6.142824e+04,-1.016671e+06,2.664418e+06,-4.780276e-04,5.564854e-03,-1.461491e-02,2.976046e-18,143,41288
0.000000e+00,-5.173353e-09,-8.309970e-08,4.361521e-07,0.000000e+00,0.000000e+00,0.000000e+00,2.507841e+06,1.254165e+07,-5.447367e+07,4.162163e-18,144,0
7.686364e-10,-1.178397e-04,-5.945672e-04,2.500630e-03,-1.534210e+05,-7.739107e+05,3.254762e+06,1.049998e-01,4.104483e-01,-1.710186e+00,4.162163e-18,144,3382
7.681136e-09,-1.178435e-03,-5.944510e-03,2.500036e-02,-1.534338e+05,-7.739605e+05,3.254970e+06,9.840072e-04,4.022230e-03,-1.731748e-02,4.162163e-18,144,33797
0.000000e+00,1.786308e-07,1.706727e-07,2.345794e-07,0.000000e+00,0.000000e+00,0.000000e+00,-5.787405e+07,-5.167042e+07,-5.300470e+07,5.094062e-18,145,0
1.025909e-09,2.765978e-03,2.473453e-03,2.500322e-03,2.696509e+06,2.411320e+06,2.437416e+06,-3.587263e-01,-3.198436e-01,-2.988602e-01,5.094062e-18,145,4514
1.025682e-08,2.765765e-02,2.473253e-02,2.500025e-02,2.696567e+06,2.411372e+06,2.437464e+06,-3.468508e-03,-3.109652e-03,-3.095059e-03,5.094062e-18,145,45130
0.000000e+00,-2.398744e-08,4.521160e-08,6.328557e-07,0.000000e+00,0.000000e+00,0.000000e+00,-1.690346e+06,-5.930131e+06,-3.697305e+07,2.972316e-18,146,0
9.234091e-10,1.146387e-04,3.547314e-04,2.500393e-03,1.242706e+05,3.843448e+05,2.709379e+06,-7.608972e-02,-1.803073e-01,-1.661234e+00,2.972316e-18,146,4063
9.227273e-09,1.146641e-03,3.546459e-03,2.500037e-02,1.242817e+05,3.843711e+05,2.709622e+06,-7.441428e-04,-2.589047e-03,-1.726651e-02,2.972316e-18,146,40600
0.000000e+00,1.068885e-07,1.753883e-07,5.266743e-07,0.000000e+00,0.000000e+00,0.000000e+00,-1.110629e+07,-1.779785e+07,-3.756416e+07,3.274483e-18,147,0
9.909091e-10,7.393316e-04,1.242268e-03,2.500198e-03,7.465279e+05,1.254440e+06,2.524311e+06,-3.483908e-01,-6.384153e-01,-1.121076e+00,3.274483e-18,147,4360
9.903864e-09,7.393503e-03,1.242377e-02,2.500056e-02,7.465824e+05,1.254539e+06,2.524486e+06,-3.392143e-03,-5.733334e-03,-1.157875e-02,3.274483e-18,147,43577
0.000000e+00,-2.559696e-07,-1.341056e-08,3.768459e-07,0.000000e+00,0.000000e+00,0.000000e+00,4.192565e+07,-7.554060e+04,-3.749917e+07,3.934232e-18,148,0
1.152955e-09,-2.829474e-03,-3.322527e-06,2.500092e-03,-2.454980e+06,-2.873419e+03,2.168997e+06,6.127059e-01,8.410431e-04,-4.950630e-01,3.934232e-18,148,5073
1.152614e-08,-2.829638e-02,-3.313034e-05,2.500026e-02,-2.455091e+06,-2.873567e+03,2.169087e+06,5.828834e-03,9.383834e-06,-5.141991e-03,3.934232e-18,148,50715
0.000000e+00,-1.705164e-07,2.062579e-08,3.027717e-07,0.000000e+00,0.000000e+00,0.000000e+00,5.086592e+07,-8.163556e+06,-6.978497e+07,5.088692e-18,149,0
7.452273e-10,-1.843902e-03,3.180488e-04,2.500234e-03,-2.474867e+06,4.268964e+05,3.355640e+06,7.347767e-01,-1.224270e-01,-9.479684e-01,5.088692e-18,149,3279
7.450227e-09,-1.843837e-02,3.180469e-03,2.500042e-02,-2.474954e+06,4.269109e+05,3.355752e+06,7.227733e-03,-1.192180e-03,-9.522825e-03,5.088692e-18,149,32781
0.000000e+00,5.541629e-08,-2.334835e-07,4.062692e-07,0.000000e+00,0.000000e+00,0.000000e+00,-5.152494e+06,3.569228e+07,-4.124131e+07,3.833818e-18,150,0
1.034773e-09,3.397530e-04,-2.206611e-03,2.500095e-03,3.284550e+05,-2.133326e+06,2.416852e+06,-1.056761e-01,6.900153e-01,-7.248701e-01,3.833818e-18,150,4553
1.034409e-08,3.397578e-03,-2.206729e-02,2.500025e-02,3.284723e+05,-2.133439e+06,2.416970e+06,-1.032705e-03,6.538516e-03,-7.453096e-03,3.833818e-18,150,45514
0.000000e+00,-1.345808e-07,2.944490e-08,3.920744e-07,0.000000e+00,0.000000e+00,0.000000e+00,2.585055e+07,-1.274723e+07,-5.802923e+07,4.391941e-18,151,0
7.827273e-10,-1.137907e-03,5.380600e-04,2.500577e-03,-1.454336e+06,6.877324e+05,3.195764e+06,6.184086e-01,-3.081301e-01,-1.321293e+00,4.391941e-18,151,3444
7.822955e-09,-1.137720e-02,5.380074e-03,2.500043e-02,-1.454412e+06,6.877705e+05,3.195927e+06,6.120018e-03,-2.978836e-03,-1.334996e-02,4.391941e-18,151,34421
0.000000e+00,2.199818e-07,-3.972120e-08,2.158593e-07,0.000000e+00,0.000000e+00,0.000000e+00,-8.618974e+07,1.495357e+07,-6.329622e+07,5.544423e-18,152,0
8.888636e-10,3.440573e-03,-5.953249e-04,2.500352e-03,3.871194e+06,-6.698309e+05,2.813196e+06,-5.147116e-01,8.679682e-02,-3.473924e-01,5.544423e-18,152,3911
8.886818e-09,3.440268e-02,-5.952683e-03,2.500049e-02,3.871266e+06,-6.698431e+05,2.813245e+06,-5.028565e-03,8.329952e-04,-3.539580e-03,5.544423e-18,152,39102
0.000000e+00,1.659941e-08,9.903612e-08,3.963437e-07,0.000000e+00,0.000000e+00,0.000000e+00,-4.170089e+06,-1.644510e+07,-5.861554e+07,4.476387e-18,153,0
7.500000e-10,1.871207e-04,7.438265e-04,2.500290e-03,2.496237e+05,9.922257e+05,3.335028e+06,-1.333736e-01,-5.131400e-01,-1.612316e+00,4.476387e-18,153,3300
7.496364e-09,1.871261e-03,7.438081e-03,2.500067e-02,2.496395e+05,9.922865e+05,3.335219e+06,-1.300174e-03,-4.931323e-03,-1.639490e-02,4.476387e-18,153,32984
0.000000e+00,5.424263e-09,-5.900630e-08,1.362518e-07,0.000000e+00,0.000000e+00,0.000000e+00,-1.676964e+07,1.819511e+08,-3.968124e+08,1.119498e-17,154,0
1.575000e-10,1.057224e-04,-1.147129e-03,2.501584e-03,6.712304e+05,-7.283109e+06,1.588247e+07,-5.978126e-02,6.424288e-01,-1.384232e+00,1.119498e-17,154,693
1.574091e-09,1.056583e-03,-1.146433e-02,2.500059e-02,6.712319e+05,-7.283125e+06,1.588251e+07,-5.903057e-04,6.422758e-03,-1.385994e-02,1.119498e-17,154,6926
0.000000e+00,5.623510e-08,-2.451723e-07,5.520035e-07,0.000000e+00,0.000000e+00,0.000000e+00,-7.913873e+06,2.389974e+07,-3.301871e+07,3.026785e-18,155,0
1.113636e-09,6.618642e-04,-1.908412e-03,2.500326e-03,5.947045e+05,-1.714639e+06,2.246043e+06,-2.505748e-01,6.867768e-01,-7.734124e-01,3.026785e-18,155,4900
1.113068e-08,6.619411e-03,-1.908503e-02,2.500017e-02,5.947485e+05,-1.714760e+06,2.246179e+06,-2.191738e-03,6.350245e-03,-8.347936e-03,3.026785e-18,155,48975
0.000000e+00,-5.187853e-08,-1.227756e-07,5.782487e-07,0.000000e+00,0.000000e+00,0.000000e+00,5.837018e+06,1.416640e+07,-3.824922e+07,3.163419e-18,156,0
9.436364e-10,-4.314023e-04,-9.257265e-04,2.500528e-03,-4.575350e+05,-9.816731e+05,2.651266e+06,3.002659e-01,5.576350e-01,-1.387830e+00,3.163419e-18,156,4152
9.429545e-09,-4.314317e-03,-9.256698e-03,2.500038e-02,-4.575797e+05,-9.817561e+05,2.651473e+06,2.333433e-03,5.255335e-03,-1.427802e-02,3.163419e-18,156,41490
0.000000e+00,-2.234288e-08,-1.998534e-08,3.888911e-07,0.000000e+00,0.000000e+00,0.000000e+00,3.943118e+06,4.771586e+06,-6.661100e+07,4.682599e-18,157,0
6.843182e-10,-1.547333e-04,-1.901828e-04,2.500652e-03,-2.262104e+05,-2.780433e+05,3.655576e+06,1.237119e-01,1.503128e-01,-1.859061e+00,4.682599e-18,157,3011
6.838864e-09,-1.547024e-03,-1.901496e-03,2.500008e-02,-2.262238e+05,-2.780596e+05,3.655777e+06,1.256398e-03,1.469405e-03,-1.868739e-02,4.682599e-18,157,30091
0.000000e+00,-4.906602e-08,-2.571919e-07,3.743094e-07,0.000000e+00,0.000000e+00,0.000000e+00,9.999771e+06,4.355040e+07,-3.554054e+07,3.921812e-18,158,0
1.227500e-09,-7.152763e-04,-3.088823e-03,2.500345e-03,-5.829168e+05,-2.517183e+06,2.037430e+06,1.300507e-01,5.440784e-01,-4.067979e-01,3.921812e-18,158,5401
1.227045e-08,-7.152631e-03,-3.088692e-02,2.500031e-02,-5.829420e+05,-2.517288e+06,2.037509e+06,1.206789e-03,5.196359e-03,-4.205042e-03,3.921812e-18,158,53990
0.000000e+00,-2.649546e-09,-6.939402e-08,5.517008e-07,0.000000e+00,0.000000e+00,0.000000e+00,-1.783905e+06,8.057534e+06,-3.760683e+07,3.396980e-18,159,0
9.034091e-10,6.549627e-05,-5.058760e-04,2.500593e-03,7.251939e+04,-5.603361e+05,2.769626e+06,-1.669589e-02,3.278119e-01,-1.653669e+00,3.396980e-18,159,3975
9.026591e-09,6.546004e-04,-5.057902e-03,2.500036e-02,7.252178e+04,-5.603829e+05,2.769863e+06,-1.288568e-04,3.347636e-03,-1.698595e-02,3.396980e-18,159,39717
0.000000e+00,-1.242221e-07,-2.279821e-07,4.474841e-07,0.000000e+00,0.000000e+00,0.000000e+00,1.606817e+07,3.029569e+07,-3.481117e+07,3.508496e-18,160,0
1.154091e-09,-1.177305e-03,-2.204555e-03,2.500036e-03,-1.020567e+06,-1.911035e+06,2.166957e+06,3.158224e-01,5.763228e-01,-6.109242e-01,3.508496e-18,160,5078
1.153705e-08,-1.177430e-02,-2.204765e-02,2.500040e-02,-1.020624e+06,-1.911140e+06,2.167068e+06,2.953436e-03,5.528284e-03,-6.269328e-03,3.508496e-18,160,50763
0.000000e+00,6.729955e-08,2.166226e-07,2.812839e-07,0.000000e+00,0.000000e+00,0.000000e+00,-1.974876e+07,-5.877481e+07,-5.380092e+07,4.872737e-18,161,0
9.588636e-10,9.273397e-04,2.769449e-03,2.500418e-03,9.673286e+05,2.888867e+06,2.608101e+06,-1.893152e-01,-5.704855e-01,-4.821412e-01,4.872737e-18,161,4219
9.585682e-09,9.272512e-03,2.769179e-02,2.500055e-02,9.673573e+05,2.888953e+06,2.608174e+06,-1.855589e-03,-5.553837e-03,-4.898113e-03,4.872737e-18,161,42177
0.000000e+00,3.663951e-09,1.116862e-07,4.110027e-07,0.000000e+00,0.000000e+00,0.000000e+00,1.870402e+06,-2.166693e+07,-5.684620e+07,4.311712e-18,162,0
7.747727e-10,-8.255843e-05,9.734249e-04,2.500195e-03,-1.066420e+05,1.256978e+06,3.228210e+06,7.219324e-02,-6.183825e-01,-1.475656e+00,4.311712e-18,162,3409
7.744318e-09,-8.258555e-04,9.734428e-03,2.500039e-02,-1.066508e+05,1.257054e+06,3.228391e+06,5.249818e-04,-6.025412e-03,-1.497201e-02,4.311712e-18,162,34075
0.000000e+00,-4.671232e-10,-1.375493e-07,2.923686e-07,0.000000e+00,0.000000e+00,0.000000e+00,1.736619e+06,5.120261e+07,-8.166134e+07,5.465234e-18,163,0
6.604545e-10,-5.314599e-05,-1.593470e-03,2.500126e-03,-8.049149e+04,-2.413212e+06,3.786086e+06,2.444938e-02,7.539628e-01,-1.099967e+00,5.465234e-18,163,2906
6.603182e-09,-5.314975e-04,-1.593492e-02,2.500037e-02,-8.049404e+04,-2.413290e+06,3.786201e+06,3.061079e-04,7.368535e-03,-1.110939e-02,5.465234e-18,163,29054
0.000000e+00,-1.185170e-07,1.701844e-07,5.432132e-07,0.000000e+00,0.000000e+00,0.000000e+00,1.181123e+07,-1.989928e+07,-3.530296e+07,3.190173e-18,164,0
1.028636e-09,-9.404242e-04,1.339046e-03,2.500326e-03,-9.148066e+05,1.302493e+06,2.431837e+06,4.361037e-01,-5.767359e-01,-1.041657e+00,3.190173e-18,164,4526
1.028045e-08,-9.404591e-03,1.339019e-02,2.500053e-02,-9.148774e+05,1.302587e+06,2.432006e+06,4.167289e-03,-5.572911e-03,-1.071397e-02,3.190173e-18,164,45234
0.000000e+00,9.803386e-08,-8.054276e-08,6.370660e-07,0.000000e+00,0.000000e+00,0.000000e+00,-9.501105e+06,7.057226e+06,-3.566901e+07,2.877614e-18,165,0
9.638636e-10,6.717741e-04,-4.637148e-04,2.500071e-03,6.974726e+05,-4.813983e+05,2.595303e+06,-4.335448e-01,2.675752e-01,-1.492951e+00,2.877614e-18,165,4241
9.632727e-09,6.718543e-03,-4.637183e-03,2.500003e-02,6.975386e+05,-4.814390e+05,2.595531e+06,-3.890685e-03,2.814617e-03,-1.533023e-02,2.877614e-18,165,42384
0.000000e+00,6.134156e-09,3.479983e-08,2.410954e-07,0.000000e+00,0.000000e+00,0.000000e+00,-8.238043e+06,-1.908279e+07,-1.521813e+08,7.112769e-18,166,0
3.906818e-10,1.352055e-04,3.149883e-04,2.500948e-03,3.461135e+05,8.062920e+05,6.401869e+06,-1.002368e-01,-2.339792e-01,-1.836665e+00,7.112769e-18,166,1719
3.905227e-09,1.351655e-03,3.148780e-03,2.500094e-02,3.461197e+05,8.063064e+05,6.401982e+06,-9.645665e-04,-2.366135e-03,-1.841765e-02,7.112769e-18,166,17183
0.000000e+00,-1.325221e-08,3.640123e-08,2.332634e-07,0.000000e+00,0.000000e+00,0.000000e+00,1.922245e+07,-2.673450e+07,-1.633206e+08,7.297439e-18,167,0
3.677273e-10,-2.952411e-04,4.103956e-04,2.500140e-03,-8.029578e+05,1.116086e+06,6.799157e+06,2.253121e-01,-2.990039e-01,-1.774854e+00,7.297439e-18,167,1618
3.677045e-09,-2.952520e-03,4.103925e-03,2.500100e-02,-8.029709e+05,1.116103e+06,6.799260e+06,2.238314e-03,-2.992836e-03,-1.776236e-02,7.297439e-18,167,16179
0.000000e+00,7.860280e-08,6.938440e-08,4.390071e-07,0.000000e+00,0.000000e+00,0.000000e+00,-1.288063e+07,-1.089351e+07,-5.307941e+07,4.091085e-18,168,0
7.961364e-10,5.448115e-04,4.893385e-04,2.500023e-03,6.846523e+05,6.149547e+05,3.141580e+06,-3.755881e-01,-3.418564e-01,-1.611470e+00,4.091085e-18,168,3503
7.957955e-09,5.448447e-03,4.893787e-03,2.500065e-02,6.846996e+05,6.149977e+05,3.141782e+06,-3.567613e-03,-3.330505e-03,-1.643222e-02,4.091085e-18,168,35015
0.000000e+00,-1.630052e-08,1.505160e-07,1.788976e-07,0.000000e+00,0.000000e+00,0.000000e+00,1.492774e+07,-1.274289e+08,-1.225469e+08,7.267941e-18,169,0
4.947727e-10,-3.054424e-04,2.606459e-03,2.500777e-03,-6.173595e+05,5.268141e+06,5.054447e+06,7.671207e-02,-6.468013e-01,-5.935831e-01,7.267941e-18,169,2177
4.946136e-09,-3.053556e-03,2.605706e-02,2.500013e-02,-6.173655e+05,5.268192e+06,5.054493e+06,7.607503e-04,-6.435225e-03,-5.990352e-03,7.267941e-18,169,21763
0.000000e+00,1.377264e-07,1.049617e-07,2.503305e-07,0.000000e+00,0.000000e+00,0.000000e+00,-6.045371e+07,-4.334791e+07,-7.886727e+07,5.745177e-18,170,0
7.104545e-10,1.936858e-03,1.389447e-03,2.500049e-03,2.726623e+06,1.955992e+06,3.519307e+06,-5.669563e-01,-4.045022e-01,-6.855584e-01,5.745177e-18,170,3126
7.103636e-09,1.936899e-02,1.389470e-02,2.500002e-02,2.726687e+06,1.956037e+06,3.519384e+06,-5.474675e-03,-3.901035e-03,-6.968651e-03,5.745177e-18,170,31256
0.000000e+00,1.081273e-07,-1.585977e-08,4.361482e-07,0.000000e+00,0.000000e+00,0.000000e+00,-1.607176e+07,9.792321e+05,-5.251950e+07,4.108261e-18,171,0
7.972727e-10,7.910487e-04,-6.529142e-05,2.500122e-03,9.927053e+05,-8.193771e+04,3.137209e+06,-5.376979e-01,4.964481e-02,-1.579077e+00,4.108261e-18,171,3508
7.968864e-09,7.910727e-03,-6.529522e-04,2.500008e-02,9.927731e+05,-8.194396e+04,3.137408e+06,-5.129401e-03,4.100521e-04,-1.598368e-02,4.108261e-18,171,35063
0.000000e+00,-1.761830e-07,-1.625595e-07,2.595566e-07,0.000000e+00,0.000000e+00,0.000000e+00,5.120229e+07,4.549148e+07,-5.242022e+07,4.933526e-18,172,0
1.007273e-09,-2.479781e-03,-2.211509e-03,2.500139e-03,-2.462316e+06,-2.195936e+06,2.482406e+06,4.006914e-01,3.618491e-01,-3.744963e-01,4.933526e-18,172,4432
1.007091e-08,-2.479780e-02,-2.211511e-02,2.500021e-02,-2.462380e+06,-2.195994e+06,2.482466e+06,3.887590e-03,3.495696e-03,-3.868438e-03,4.933526e-18,172,44312
0.000000e+00,1.104832e-07,8.555535e-08,2.532130e-07,0.000000e+00,0.000000e+00,0.000000e+00,-5.175431e+07,-3.735556e+07,-9.588970e+07,6.047212e-18,173,0
5.900000e-10,1.357657e-03,9.830752e-04,2.500243e-03,2.301433e+06,1.666459e+06,4.238182e+06,-5.918923e-01,-4.370170e-01,-1.071593e+00,6.047212e-18,173,2596
5.898864e-09,1.357589e-02,9.830260e-03,2.500061e-02,2.301488e+06,1.666500e+06,4.238282e+06,-5.916501e-03,-4.300445e-03,-1.076367e-02,6.047212e-18,173,25955
0.000000e+00,-1.584964e-07,-7.845017e-08,6.209496e-07,0.000000e+00,0.000000e+00,0.000000e+00,1.630101e+07,7.838781e+06,-3.282763e+07,2.877833e-18,174,0
1.036591e-09,-1.178865e-03,-5.943754e-04,2.500289e-03,-1.138008e+06,-5.737923e+05,2.413317e+06,5.928245e-01,3.085168e-01,-1.194024e+00,2.877833e-18,174,4561
1.035932e-08,-1.178895e-02,-5.944074e-03,2.500050e-02,-1.138105e+06,-5.738428e+05,2.413513e+06,5.619102e-03,2.869727e-03,-1.228925e-02,2.877833e-18,174,45581
0.000000e+00,2.256195e-07,-6.327785e-08,2.501331e-07,0.000000e+00,0.000000e+00,0.000000e+00,-6.932223e+07,1.939025e+07,-5.615142e+07,5.072734e-18,175,0
9.556818e-10,3.128201e-03,-8.764579e-04,2.500233e-03,3.273801e+06,-9.172547e+05,2.616492e+06,-5.327936e-01,1.513205e-01,-3.973120e-01,5.072734e-18,175,4205
9.554773e-09,3.128049e-02,-8.764177e-03,2.500011e-02,3.273882e+06,-9.172775e+05,2.616552e+06,-5.209981e-03,1.438254e-03,-4.064091e-03,5.072734e-18,175,42041
0.000000e+00,-3.099827e-08,1.525770e-07,2.343336e-07,0.000000e+00,0.000000e+00,0.000000e+00,1.937618e+07,-7.818509e+07,-9.329587e+07,6.178164e-18,176,0
6.175000e-10,-5.237998e-04,2.110885e-03,2.500081e-03,-8.483651e+05,3.418815e+06,4.049032e+06,1.746854e-01,-6.965254e-01,-7.803081e-01,6.178164e-18,176,2717
6.174318e-09,-5.238089e-03,2.110893e-02,2.500016e-02,-8.483822e+05,3.418883e+06,4.049108e+06,1.714162e-03,-6.937007e-03,-7.850868e-03,6.178164e-18,176,27167
0.000000e+00,2.151199e-08,1.223513e-07,3.868951e-07,0.000000e+00,0.000000e+00,0.000000e+00,-4.660009e+06,-2.503788e+07,-5.818160e+07,4.491142e-18,177,0
7.745455e-10,2.193932e-04,1.114004e-03,2.500022e-03,2.833891e+05,1.438901e+06,3.228853e+06,-1.370524e-01,-6.752085e-01,-1.379680e+00,4.491142e-18,177,3408
7.742727e-09,2.194197e-03,1.114101e-02,2.500023e-02,2.834059e+05,1.438984e+06,3.229022e+06,-1.325711e-03,-6.492364e-03,-1.398406e-02,4.491142e-18,177,34068
0.000000e+00,7.500445e-08,-4.670417e-08,1.674216e-07,0.000000e+00,0.000000e+00,0.000000e+00,-1.141420e+08,7.277597e+07,-2.304289e+08,8.907024e-18,178,0
2.688636e-10,1.239171e-03,-7.901194e-04,2.500576e-03,4.608853e+06,-2.938700e+06,9.300335e+06,-5.995031e-01,3.836166e-01,-1.188421e+00,8.907024e-18,178,1183
2.688182e-09,1.238950e-02,-7.899801e-03,2.500115e-02,4.608878e+06,-2.938716e+06,9.300386e+06,-5.990138e-03,3.835955e-03,-1.189276e-02,8.907024e-18,178,11828
0.000000e+00,9.952485e-09,-2.611778e-07,3.763144e-07,0.000000e+00,0.000000e+00,0.000000e+00,-2.014691e+06,4.125812e+07,-3.761483e+07,3.905470e-18,179,0
1.147500e-09,1.319038e-04,-2.789726e-03,2.500031e-03,1.149851e+05,-2.432011e+06,2.179263e+06,-2.470397e-02,6.215468e-01,-5.048963e-01,3.905470e-18,179,5049
1.147182e-08,1.319085e-03,-2.789954e-02,2.500021e-02,1.149896e+05,-2.432123e+06,2.179354e+06,-2.873222e-04,5.878655e-03,-5.260709e-03,3.905470e-18,179,50476
0.000000e+00,8.876472e-08,-8.119602e-08,2.674890e-07,0.000000e+00,0.000000e+00,0.000000e+00,-4.073350e+07,3.544164e+07,-9.566862e+07,5.987784e-18,180,0
5.834091e-10,1.074019e-03,-9.354091e-04,2.500443e-03,1.841249e+06,-1.603618e+06,4.286497e+06,-5.478013e-01,4.783696e-01,-1.229528e+00,5.987784e-18,180,2567
5.832273e-09,1.073870e-02,-9.352770e-03,2.500017e-02,1.841300e+06,-1.603662e+06,4.286610e+06,-5.443335e-03,4.749449e-03,-1.233272e-02,5.987784e-18,180,25662
0.000000e+00,1.764860e-07,3.637222e-08,4.027128e-07,0.000000e+00,0.000000e+00,0.000000e+00,-2.960824e+07,-3.007301e+06,-4.985855e+07,4.137756e-18,181,0
8.804545e-10,1.579346e-03,1.478916e-04,2.500426e-03,1.794569e+06,1.680080e+05,2.840930e+06,-7.292910e-01,-5.533634e-02,-1.088533e+00,4.137756e-18,181,3874
8.800000e-09,1.579218e-02,1.478489e-03,2.500029e-02,1.794671e+06,1.680157e+05,2.841082e+06,-7.109012e-03,-5.439285e-04,-1.102222e-02,4.137756e-18,181,38720
0.000000e+00,1.529761e-07,5.002564e-08,5.849332e-07,0.000000e+00,0.000000e+00,0.000000e+00,-1.518999e+07,-5.423516e+06,-3.405901e+07,3.074907e-18,182,0
1.029545e-09,1.228551e-03,3.075622e-04,2.500314e-03,1.194081e+06,2.988589e+05,2.429812e+06,-6.052362e-01,-1.054861e-01,-1.150715e+00,3.074907e-18,182,4530
1.028886e-08,1.228568e-02,3.074923e-03,2.500015e-02,1.194179e+06,2.988761e+05,2.429999e+06,-5.757455e-03,-1.521299e-03,-1.263316e-02,3.074907e-18,182,45271
0.000000e+00,-1.524596e-07,1.559800e-07,4.439107e-07,0.000000e+00,0.000000e+00,0.000000e+00,2.283517e+07,-1.016077e+07,-4.112600e+07,3.722642e-18,183,0
9.556818e-10,-1.348999e-03,8.058690e-04,2.500450e-03,-1.412263e+06,8.437005e+05,2.617560e+06,6.003304e-01,-4.036962e-01,-1.092622e+00,3.722642e-18,183,4205
9.550909e-09,-1.348836e-02,8.058100e-03,2.500015e-02,-1.412354e+06,8.437615e+05,2.617725e+06,5.775970e-03,-3.699409e-03,-1.117942e-02,3.722642e-18,183,42024
0.000000e+00,-1.134013e-07,-3.604265e-08,6.375186e-07,0.000000e+00,0.000000e+00,0.000000e+00,1.018479e+07,6.280812e+06,-3.579740e+07,2.893439e-18,184,0
9.631818e-10,-7.180922e-04,-4.182240e-04,2.500505e-03,-7.460764e+05,-4.345389e+05,2.597575e+06,4.615288e-01,2.615413e-01,-1.484757e+00,2.893439e-18,184,4238
9.624318e-09,-7.180464e-03,-4.182110e-03,2.500008e-02,-7.461465e+05,-4.345787e+05,2.597801e+06,4.340712e-03,2.437190e-03,-1.524413e-02,2.893439e-18,184,42347
0.000000e+00,4.707702e-09,1.230265e-07,2.372972e-07,0.000000e+00,0.000000e+00,0.000000e+00,2.481021e+06,-6.802710e+07,-1.145825e+08,6.509245e-18,185,0
5.086364e-10,-5.434561e-05,1.492684e-03,2.501058e-03,-1.068766e+05,2.934968e+06,4.917567e+06,3.120060e-02,-7.319340e-01,-1.178588e+00,6.509245e-18,185,2238
5.083864e-09,-5.433400e-04,1.492105e-02,2.500040e-02,-1.068791e+05,2.935027e+06,4.917662e+06,2.772390e-04,-7.303330e-03,-1.183226e-02,6.509245e-18,185,22369
0.000000e+00,-8.203766e-08,-1.458698e-08,4.540074e-07,0.000000e+00,0.000000e+00,0.000000e+00,1.365498e+07,1.594717e+06,-5.185656e+07,4.022223e-18,186,0
7.940909e-10,-6.696134e-04,-1.072488e-04,2.500089e-03,-8.437036e+05,-1.351447e+05,3.149784e+06,4.705788e-01,8.363364e-02,-1.647199e+00,4.022223e-18,186,3494
7.937045e-09,-6.696499e-03,-1.072643e-03,2.500007e-02,-8.437626e+05,-1.351552e+05,3.149990e+06,4.484803e-03,7.105808e-04,-1.672063e-02,4.022223e-18,186,34923
0.000000e+00,-4.038600e-08,2.693109e-08,5.661781e-07,0.000000e+00,0.000000e+00,0.000000e+00,1.598271e+06,-3.206129e+06,-3.950650e+07,3.326953e-18,187,0
8.847727e-10,-1.733900e-04,1.585378e-04,2.500054e-03,-1.961248e+05,1.793026e+05,2.827337e+06,1.429043e-01,-1.172374e-01,-1.738250e+00,3.326953e-18,187,3893
8.842273e-09,-1.734184e-03,1.585446e-03,2.500019e-02,-1.961447e+05,1.793190e+05,2.827580e+06,1.343553e-03,-1.255340e-03,-1.779195e-02,3.326953e-18,187,38906
0.000000e+00,1.639649e-07,1.539577e-07,3.808159e-07,0.000000e+00,0.000000e+00,0.000000e+00,-3.434013e+07,-2.716938e+07,-4.384378e+07,4.091557e-18,188,0
1.035227e-09,1.969136e-03,1.579703e-03,2.500445e-03,1.902784e+06,1.526458e+06,2.415966e+06,-5.158026e-01,-4.147258e-01,-6.067562e-01,4.091557e-18,188,4555
1.034795e-08,1.968990e-02,1.579571e-02,2.500045e-02,1.902869e+06,1.526526e+06,2.416066e+06,-4.959434e-03,-3.994665e-03,-6.197404e-03,4.091557e-18,188,45531
0.000000e+00,1.943428e-08,-1.397132e-08,6.256461e-07,0.000000e+00,0.000000e+00,0.000000e+00,-8.800464e+05,-1.008019e+06,-3.337452e+07,3.022875e-18,189,0
9.377273e-10,1.012783e-04,2.720136e-05,2.500207e-03,1.081004e+05,2.903462e+04,2.668040e+06,-7.726896e-02,-1.479798e-02,-1.728002e+00,3.022875e-18,189,4126
9.370227e-09,1.012915e-03,2.720511e-04,2.500024e-02,1.081118e+05,2.903682e+04,2.668296e+06,-6.680215e-04,-2.432285e-04,-1.774745e-02,3.022875e-18,189,41229
0.000000e+00,-1.110506e-07,7.529905e-09,3.582977e-07,0.000000e+00,0.000000e+00,0.000000e+00,2.704689e+07,-2.464681e+06,-6.282599e+07,4.813473e-18,190,0
7.363636e-10,-1.113072e-03,9.375680e-05,2.500083e-03,-1.512177e+06,1.273618e+05,3.396282e+06,6.645002e-01,-4.204635e-02,-1.421140e+00,4.813473e-18,190,3240
7.361136e-09,-1.113132e-02,9.375267e-04,2.500059e-02,-1.512254e+06,1.273667e+05,3.396448e+06,6.480519e-03,-3.909273e-04,-1.428371e-02,4.813473e-18,190,32389
0.000000e+00,1.595588e-07,-2.268922e-07,3.253956e-07,0.000000e+00,0.000000e+00,0.000000e+00,-2.572255e+07,4.436171e+07,-4.102789e+07,4.137655e-18,191,0
1.154318e-09,1.629851e-03,-2.757619e-03,2.500095e-03,1.412335e+06,-2.389616e+06,2.166284e+06,-2.847446e-01,4.800848e-01,-3.897343e-01,4.137655e-18,191,5079
1.154045e-08,1.629900e-02,-2.757725e-02,2.500003e-02,1.412387e+06,-2.389703e+06,2.166356e+06,-2.687533e-03,4.642095e-03,-4.172628e-03,4.137655e-18,191,50778
0.000000e+00,8.953598e-08,1.616155e-08,2.460896e-07,0.000000e+00,0.000000e+00,0.000000e+00,-5.476266e+07,-1.075856e+07,-1.283301e+08,6.623952e-18,192,0
4.572727e-10,1.071749e-03,2.106830e-04,2.500172e-03,2.344002e+06,4.607833e+05,5.467965e+06,-6.395005e-01,-1.243140e-01,-1.450660e+00,6.623952e-18,192,2012
4.572273e-09,1.071747e-02,2.106837e-03,2.500121e-02,2.344048e+06,4.607923e+05,5.468070e+06,-6.365197e-03,-1.241154e-03,-1.453447e-02,6.623952e-18,192,20118
0.000000e+00,6.850453e-08,2.287750e-07,5.114666e-07,0.000000e+00,0.000000e+00,0.000000e+00,1.445492e+06,-2.725874e+07,-3.771090e+07,3.268806e-18,193,0
1.042727e-09,2.691713e-06,1.858080e-03,2.500078e-03,2.553706e+03,1.782887e+06,2.398574e+06,-1.359570e-02,-7.414047e-01,-8.923547e-01,3.268806e-18,193,4588
1.042295e-08,2.666345e-05,1.858291e-02,2.500039e-02,2.555955e+03,1.783009e+06,2.398721e+06,-1.408771e-04,-6.959727e-03,-9.205363e-03,3.268806e-18,193,45861
0.000000e+00,1.867996e-07,8.779052e-08,5.786427e-07,0.000000e+00,0.000000e+00,0.000000e+00,-1.847024e+07,-6.728998e+06,-3.386281e+07,3.012424e-18,194,0
1.037273e-09,1.353312e-03,5.438236e-04,2.500132e-03,1.305519e+06,5.246593e+05,2.411484e+06,-6.552667e-01,-2.976125e-01,-1.098441e+00,3.012424e-18,194,4564
1.036705e-08,1.353433e-02,5.439152e-03,2.500011e-02,1.305626e+06,5.247081e+05,2.411664e+06,-6.112598e-03,-2.378854e-03,-1.146865e-02,3.012424e-18,194,45615
0.000000e+00,-3.653091e-08,-1.944005e-07,4.659030e-07,0.000000e+00,0.000000e+00,0.000000e+00,7.168415e+06,2.598745e+07,-3.967443e+07,3.642205e-18,195,0
9.954545e-10,-4.384105e-04,-1.600985e-03,2.500461e-03,-4.406731e+05,-1.609156e+06,2.512953e+06,2.019461e-01,7.082785e-01,-1.007300e+00,3.642205e-18,195,4380
9.948636e-09,-4.384072e-03,-1.600887e-02,2.500055e-02,-4.407048e+05,-1.609267e+06,2.513111e+06,1.861625e-03,6.547823e-03,-1.036978e-02,3.642205e-18,195,43774
0.000000e+00,-1.525343e-08,-1.492441e-07,4.467664e-07,0.000000e+00,0.000000e+00,0.000000e+00,-4.993923e+06,2.326401e+07,-4.802077e+07,3.926525e-18,196,0
8.684091e-10,2.035772e-04,-1.281989e-03,2.500372e-03,2.345250e+05,-1.477014e+06,2.880404e+06,-6.844001e-02,7.093978e-01,-1.250348e+00,3.926525e-18,196,3821
8.679318e-09,2.035492e-03,-1.281944e-02,2.500006e-02,2.345344e+05,-1.477111e+06,2.880576e+06,-8.114680e-04,6.671989e-03,-1.292254e-02,3.926525e-18,196,38189
0.000000e+00,2.217839e-08,-8.308851e-09,4.697768e-07,0.000000e+00,0.000000e+00,0.000000e+00,-3.475317e+06,2.255616e+06,-5.771012e+07,3.962365e-18,197,0
7.443182e-10,1.666503e-04,-9.256342e-05,2.500593e-03,2.240149e+05,-1.244190e+05,3.360984e+06,-1.298969e-01,6.484391e-02,-1.828989e+00,3.962365e-18,197,3275
7.438409e-09,1.666311e-03,-9.254776e-04,2.500051e-02,2.240302e+05,-1.244266e+05,3.361199e+06,-1.256391e-03,6.040639e-04,-1.851204e-02,3.962365e-18,197,32729
0.000000e+00,-1.472163e-07,2.271524e-07,4.990650e-07,0.000000e+00,0.000000e+00,0.000000e+00,1.502557e+07,-2.530145e+07,-3.316035e+07,3.217684e-18,198,0
1.155455e-09,-1.178165e-03,1.933752e-03,2.500332e-03,-1.020162e+06,1.674421e+06,2.164739e+06,3.579105e-01,-5.868815e-01,-6.849973e-01,3.217684e-18,198,5084
1.154886e-08,-1.178169e-02,1.933762e-02,2.500042e-02,-1.020227e+06,1.674528e+06,2.164864e+06,3.388562e-03,-5.567374e-03,-7.221380e-03,3.217684e-18,198,50815
0.000000e+00,-1.053863e-07,-3.573794e-08,2.631734e-07,0.000000e+00,0.000000e+00,0.000000e+00,5.111902e+07,1.818647e+07,-1.062610e+08,6.099686e-18,199,0
5.363636e-10,-1.211724e-03,-4.306201e-04,2.500538e-03,-2.259457e+06,-8.029630e+05,4.662533e+06,6.590284e-01,2.320610e-01,-1.311660e+00,6.099686e-18,199,2360
5.362045e-09,-1.211537e-02,-4.305543e-03,2.500088e-02,-2.259513e+06,-8.029827e+05,4.662644e+06,6.578831e-03,2.318433e-03,-1.315321e-02,6.099686e-18,199,23593
0.000000e+00,-1.631471e-07,6.069935e-08,4.778462e-07,0.000000e+00,0.000000e+00,0.000000e+00,2.223707e+07,-8.069170e+06,-4.086158e+07,3.638692e-18,200,0
9.515909e-10,-1.385098e-03,4.977558e-04,2.500348e-03,-1.456351e+06,5.233660e+05,2.628706e+06,6.646033e-01,-2.466444e-01,-1.135359e+00,3.638692e-18,200,4187
9.510455e-09,-1.385052e-02,4.977436e-03,2.500029e-02,-1.456451e+06,5.234031e+05,2.628877e+06,6.296827e-03,-2.308972e-03,-1.166709e-02,3.638692e-18,200,41846
0.000000e+00,9.184816e-09,1.570342e-07,4.598729e-07,0.000000e+00,0.000000e+00,0.000000e+00,7.579531e+05,-2.317323e+07,-4.290241e+07,3.808096e-18,201,0
9.202273e-10,-6.705346e-07,1.376902e-03,2.500317e-03,-7.337013e+02,1.497077e+06,2.718280e+06,2.145091e-03,-7.054123e-01,-1.210204e+00,3.808096e-18,201,4049
9.197045e-09,-6.745361e-06,1.376864e-02,2.500023e-02,-7.339992e+02,1.497179e+06,2.718456e+06,-2.015251e-05,-6.749873e-03,-1.240607e-02,3.808096e-18,201,40467
0.000000e+00,-9.572532e-08,2.076739e-07,5.038238e-07,0.000000e+00,0.000000e+00,0.000000e+00,1.058185e+07,-2.364905e+07,-3.673366e+07,3.331279e-18,202,0
1.041136e-09,-6.985360e-04,1.659339e-03,2.500407e-03,-6.712459e+05,1.594635e+06,2.402616e+06,2.541996e-01,-6.709566e-01,-9.249579e-01,3.331279e-18,202,4581
1.040545e-08,-6.984620e-03,1.659287e-02,2.500044e-02,-6.712877e+05,1.594746e+06,2.402768e+06,2.606958e-03,-6.372945e-03,-9.557621e-03,3.331279e-18,202,45784
0.000000e+00,-4.430429e-08,1.443067e-07,3.009707e-07,0.000000e+00,0.000000e+00,0.000000e+00,1.805206e+07,-4.413024e+07,-7.413922e+07,5.283076e-18,203,0
7.061364e-10,-6.185329e-04,1.520522e-03,2.500218e-03,-8.761703e+05,2.153826e+06,3.541393e+06,2.801146e-01,-6.977104e-01,-1.066772e+00,5.283076e-18,203,3107
7.059545e-09,-6.185365e-03,1.520507e-02,2.500076e-02,-8.762015e+05,2.153904e+06,3.541512e+06,2.710596e-03,-6.861625e-03,-1.080680e-02,5.283076e-18,203,31062
0.000000e+00,1.602469e-07,-1.884494e-07,2.540181e-07,0.000000e+00,0.000000e+00,0.000000e+00,-4.490409e+07,5.226937e+07,-4.928294e+07,4.907227e-18,204,0
1.061818e-09,2.320078e-03,-2.694525e-03,2.500136e-03,2.185410e+06,-2.538105e+06,2.354882e+06,-3.427450e-01,3.869558e-01,-3.308099e-01,4.907227e-18,204,4672
1.061636e-08,2.320113e-02,-2.694548e-02,2.500041e-02,2.185467e+06,-2.538170e+06,2.354938e+06,-3.242056e-03,3.709317e-03,-3.408089e-03,4.907227e-18,204,46712
0.000000e+00,-4.022937e-08,-1.287467e-07,1.817366e-07,0.000000e+00,0.000000e+00,0.000000e+00,3.617731e+07,1.182850e+08,-1.454640e+08,7.511070e-18,205,0
4.188636e-10,-6.225014e-04,-2.036364e-03,2.500143e-03,-1.486192e+06,-4.861731e+06,5.968909e+06,2.066220e-01,6.844488e-01,-8.136952e-01,7.511070e-18,205,1843
4.188409e-09,-6.224811e-03,-2.036302e-02,2.500038e-02,-1.486205e+06,-4.861776e+06,5.968962e+06,2.071501e-03,6.801091e-03,-8.145538e-03,7.511070e-18,205,18429
0.000000e+00,-2.192074e-07,9.657761e-08,5.089765e-07,0.000000e+00,0.000000e+00,0.000000e+00,2.429211e+07,-1.170354e+07,-3.303026e+07,3.265833e-18,206,0
1.117045e-09,-1.823873e-03,8.840795e-04,2.500435e-03,-1.633653e+06,7.918895e+05,2.239339e+06,6.395934e-01,-3.162946e-01,-7.774448e-01,3.265833e-18,206,4915
1.116409e-08,-1.823819e-02,8.840693e-03,2.500032e-02,-1.633766e+06,7.919453e+05,2.239476e+06,6.062104e-03,-2.934074e-03,-8.307448e-03,3.265833e-18,206,49122
0.000000e+00,-8.974908e-08,1.500133e-07,3.372237e-07,0.000000e+00,0.000000e+00,0.000000e+00,2.358781e+07,-3.197857e+07,-6.123252e+07,4.722336e-18,207,0
7.931818e-10,-9.907285e-04,1.346810e-03,2.500125e-03,-1.249477e+06,1.698515e+06,3.152847e+06,4.477944e-01,-5.983338e-01,-1.046885e+00,4.722336e-18,207,3490
7.929318e-09,-9.907498e-03,1.346809e-02,2.500004e-02,-1.249533e+06,1.698590e+06,3.152978e+06,4.299334e-03,-5.861481e-03,-1.060852e-02,4.722336e-18,207,34889
0.000000e+00,1.617847e-07,1.381247e-07,5.538612e-07,0.000000e+00,0.000000e+00,0.000000e+00,-1.392245e+07,-1.126353e+07,-3.802788e+07,3.126409e-18,208,0
9.795455e-10,1.012886e-03,8.398992e-04,2.500554e-03,1.034691e+06,8.579594e+05,2.553974e+06,-5.455532e-01,-4.408894e-01,-1.190487e+00,3.126409e-18,208,4310
9.788636e-09,1.012819e-02,8.398239e-03,2.500008e-02,1.034776e+06,8.580276e+05,2.554158e+06,-4.834789e-03,-4.235051e-03,-1.243662e-02,3.126409e-18,208,43070
0.000000e+00,5.838244e-08,-1.877957e-07,1.981756e-07,0.000000e+00,0.000000e+00,0.000000e+00,-3.046003e+07,9.799730e+07,-8.115827e+07,6.132724e-18,209,0
7.197727e-10,9.432074e-04,-3.036155e-03,2.500070e-03,1.310519e+06,-4.218525e+06,3.473587e+06,-1.670373e-01,5.415512e-01,-4.238841e-01,6.132724e-18,209,3167
7.197273e-09,9.432199e-03,-3.036198e-02,2.500049e-02,1.310538e+06,-4.218587e+06,3.473635e+06,-1.645258e-03,5.340089e-03,-4.266049e-03,6.132724e-18,209,31668
0.000000e+00,-1.178966e-07,-1.821090e-07,5.928219e-07,0.000000e+00,0.000000e+00,0.000000e+00,1.125594e+07,1.624231e+07,-3.290145e+07,2.917559e-18,210,0
1.045000e-09,-8.005687e-04,-1.227529e-03,2.500125e-03,-7.665987e+05,-1.175411e+06,2.393663e+06,3.996749e-01,5.859898e-01,-1.102064e+00,2.917559e-18,210,4598
1.044432e-08,-8.006587e-03,-1.227634e-02,2.500034e-02,-7.666646e+05,-1.175508e+06,2.393845e+06,3.629571e-03,5.548965e-03,-1.140159e-02,2.917559e-18,210,45955
0.000000e+00,5.042242e-09,1.043040e-07,4.536974e-07,0.000000e+00,0.000000e+00,0.000000e+00,-5.053254e+06,-1.589679e+07,-4.500535e+07,3.988048e-18,211,0
8.593182e-10,2.618894e-04,9.169140e-04,2.500494e-03,3.049627e+05,1.067655e+06,2.911247e+06,-1.624709e-01,-5.727675e-01,-1.442685e+00,3.988048e-18,211,3781
8.587500e-09,2.618837e-03,9.168443e-03,2.500039e-02,3.049847e+05,1.067733e+06,2.911443e+06,-1.538270e-03,-5.532799e-03,-1.487117e-02,3.988048e-18,211,37785
0.000000e+00,5.610849e-08,-1.014152e-07,3.157272e-07,0.000000e+00,0.000000e+00,0.000000e+00,-1.723871e+07,3.250446e+07,-8.258696e+07,5.301121e-18,212,0
6.361364e-10,5.354627e-04,-9.999270e-04,2.500164e-03,8.419545e+05,-1.572263e+06,3.931059e+06,-3.186764e-01,5.823316e-01,-1.420103e+00,5.301121e-18,212,2799
6.359773e-09,5.354656e-03,-9.999268e-03,2.500079e-02,8.419865e+05,-1.572322e+06,3.931202e+06,-3.127919e-03,5.837987e-03,-1.428791e-02,5.301121e-18,212,27983
0.000000e+00,-2.631510e-08,1.304062e-07,1.770572e-07,0.000000e+00,0.000000e+00,0.000000e+00,2.919959e+07,-1.235603e+08,-1.474682e+08,7.670979e-18,213,0
4.138636e-10,-4.963102e-04,2.098326e-03,2.501122e-03,-1.199245e+06,5.070170e+06,6.043380e+06,1.687333e-01,-6.884834e-01,-8.032472e-01,7.670979e-18,213,1821
4.136818e-09,-4.961080e-03,2.097448e-02,2.500051e-02,-1.199256e+06,5.070216e+06,6.043433e+06,1.681080e-03,-6.871678e-03,-8.047493e-03,7.670979e-18,213,18202
0.000000e+00,1.600540e-07,7.072532e-08,4.146662e-07,0.000000e+00,0.000000e+00,0.000000e+00,-2.479113e+07,-9.693893e+06,-4.823099e+07,4.072856e-18,214,0
8.845455e-10,1.373837e-03,5.500819e-04,2.500464e-03,1.553894e+06,6.221788e+05,2.827933e+06,-6.757092e-01,-2.777152e-01,-1.159132e+00,4.072856e-18,214,3892
8.840455e-09,1.373709e-02,5.500336e-03,2.500031e-02,1.553988e+06,6.222177e+05,2.828096e+06,-6.581680e-03,-2.662092e-03,-1.176247e-02,4.072856e-18,214,38898
0.000000e+00,1.794777e-07,-2.719013e-08,5.926715e-07,0.000000e+00,0.000000e+00,0.000000e+00,-1.499978e+07,1.700096e+06,-3.239793e+07,3.007746e-18,215,0
1.023864e-09,1.173385e-03,-1.680777e-04,2.500157e-03,1.146834e+06,-1.642968e+05,2.443308e+06,-6.305839e-01,1.036573e-01,-1.279544e+00,3.007746e-18,215,4505
1.023205e-08,1.173442e-02,-1.681081e-03,2.500016e-02,1.146936e+06,-1.643136e+05,2.443515e+06,-5.987742e-03,1.083205e-03,-1.310880e-02,3.007746e-18,215,45021
0.000000e+00,-1.371223e-07,2.201980e-07,3.289716e-07,0.000000e+00,0.000000e+00,0.000000e+00,2.844376e+07,-4.266159e+07,-4.173511e+07,4.242987e-18,216,0
1.129318e-09,-1.726374e-03,2.604443e-03,2.500006e-03,-1.529113e+06,2.306850e+06,2.214180e+06,3.143998e-01,-4.799806e-01,-4.200264e-01,4.242987e-18,216,4969
1.129091e-08,-1.726507e-02,2.604643e-02,2.500023e-02,-1.529170e+06,2.306936e+06,2.214256e+06,2.995637e-03,-4.562810e-03,-4.341576e-03,4.242987e-18,216,49680
0.000000e+00,-1.886448e-07,6.923174e-08,3.211359e-07,0.000000e+00,0.000000e+00,0.000000e+00,4.358881e+07,-1.708031e+07,-5.111160e+07,4.697111e-18,217,0
9.225000e-10,-2.176406e-03,9.256209e-04,2.500179e-03,-2.359956e+06,1.003723e+06,2.710864e+06,6.374900e-01,-2.835679e-01,-6.885673e-01,4.697111e-18,217,4059
9.222273e-09,-2.176414e-02,9.256574e-03,2.500042e-02,-2.360049e+06,1.003764e+06,2.710964e+06,6.196963e-03,-2.745056e-03,-6.986857e-03,4.697111e-18,217,40578
0.000000e+00,-1.921207e-07,8.887344e-08,3.991182e-07,0.000000e+00,0.000000e+00,0.000000e+00,3.149225e+07,-1.213181e+07,-4.335426e+07,4.022948e-18,218,0
9.829545e-10,-1.886720e-03,7.407360e-04,2.500011e-03,-1.920252e+06,7.539091e+05,2.544230e+06,6.666338e-01,-2.761944e-01,-8.359826e-01,4.022948e-18,218,4325
9.826136e-09,-1.886861e-02,7.408005e-03,2.500005e-02,-1.920355e+06,7.539519e+05,2.544360e+06,6.324017e-03,-2.613412e-03,-8.563830e-03,4.022948e-18,218,43235
0.000000e+00,1.695756e-07,-2.168641e-07,3.192106e-07,0.000000e+00,0.000000e+00,0.000000e+00,-3.597295e+07,3.613525e+07,-3.725941e+07,4.191480e-18,219,0
1.237500e-09,2.430005e-03,-2.470319e-03,2.500452e-03,1.964198e+06,-1.996743e+06,2.020974e+06,-3.613474e-01,3.609967e-01,-3.388268e-01,4.191480e-18,219,5445
1.237023e-08,2.429753e-02,-2.470017e-02,2.500002e-02,1.964268e+06,-1.996814e+06,2.021041e+06,-3.470832e-03,3.503184e-03,-3.551059e-03,4.191480e-18,219,54429
0.000000e+00,-6.089943e-08,-9.662420e-08,2.001628e-07,0.000000e+00,0.000000e+00,0.000000e+00,5.702256e+07,7.598539e+07,-1.475370e+08,7.415626e-18,220,0
4.097727e-10,-9.677479e-04,-1.289724e-03,2.500200e-03,-2.361770e+06,-3.147508e+06,6.101568e+06,4.378056e-01,5.792100e-01,-1.106392e+00,7.415626e-18,220,1803
4.097500e-09,-9.677398e-03,-1.289699e-02,2.500134e-02,-2.361798e+06,-3.147546e+06,6.101640e+06,4.367555e-03,5.768183e-03,-1.107356e-02,7.415626e-18,220,18029
0.000000e+00,1.562560e-08,8.587025e-08,1.447835e-07,0.000000e+00,0.000000e+00,0.000000e+00,-3.049092e+07,-1.804191e+08,-2.842012e+08,9.893604e-18,221,0
2.193182e-10,2.684751e-04,1.588736e-03,2.502190e-03,1.224097e+06,7.243786e+06,1.140860e+07,-1.183620e-01,-7.069206e-01,-1.097697e+00,9.893604e-18,221,965
2.191364e-09,2.682458e-03,1.587385e-02,2.500053e-02,1.224102e+06,7.243811e+06,1.140864e+07,-1.182863e-03,-7.075380e-03,-1.099764e-02,9.893604e-18,221,9642
0.000000e+00,4.112328e-08,4.876638e-08,2.089489e-07,0.000000e+00,0.000000e+00,0.000000e+00,-4.237251e+07,-4.803694e+07,-1.884432e+08,7.832126e-18,222,0
3.240909e-10,5.630084e-04,6.384383e-04,2.501319e-03,1.737226e+06,1.969968e+06,7.718004e+06,-3.649730e-01,-4.148040e-01,-1.591878e+00,7.832126e-18,222,1426
3.239318e-09,5.627462e-03,6.381393e-03,2.500125e-02,1.737245e+06,1.969989e+06,7.718086e+06,-3.669345e-03,-4.152009e-03,-1.594278e-02,7.832126e-18,222,14253
0.000000e+00,-2.421542e-07,-6.365314e-08,3.506950e-07,0.000000e+00,0.000000e+00,0.000000e+00,4.260222e+07,1.024747e+07,-4.038876e+07,4.142563e-18,223,0
1.104091e-09,-2.689453e-03,-6.435881e-04,2.500364e-03,-2.436720e+06,-5.831114e+05,2.265220e+06,6.094239e-01,1.509736e-01,-5.198726e-01,4.142563e-18,223,4858
1.103659e-08,-2.689305e-02,-6.435558e-03,2.500040e-02,-2.436826e+06,-5.831377e+05,2.265310e+06,5.808472e-03,1.377259e-03,-5.355984e-03,4.142563e-18,223,48561
0.000000e+00,1.619848e-08,1.606399e-07,2.557807e-07,0.000000e+00,0.000000e+00,0.000000e+00,-9.984862e+06,-5.099377e+07,-8.907955e+07,5.812891e-18,224,0
6.188636e-10,2.898788e-04,1.462489e-03,2.500857e-03,4.685228e+05,2.363587e+06,4.041682e+06,-1.598119e-01,-7.238399e-01,-1.169142e+00,5.812891e-18,224,2723
6.185682e-09,2.898132e-03,1.462047e-02,2.500069e-02,4.685384e+05,2.363657e+06,4.041796e+06,-1.603853e-03,-7.212035e-03,-1.178350e-02,5.812891e-18,224,27217
0.000000e+00,2.036556e-07,-9.280255e-08,5.114741e-07,0.000000e+00,0.000000e+00,0.000000e+00,-2.369496e+07,6.901919e+06,-3.556912e+07,3.305606e-18,225,0
9.884091e-10,1.413449e-03,-5.916762e-04,2.500554e-03,1.430788e+06,-5.989524e+05,2.531036e+06,-6.616836e-01,2.761921e-01,-1.088177e+00,3.305606e-18,225,4349
9.877500e-09,1.413261e-02,-5.916136e-03,2.500041e-02,1.430891e+06,-5.989955e+05,2.531206e+06,-6.301053e-03,2.699275e-03,-1.109992e-02,3.305606e-18,225,43461
0.000000e+00,2.026109e-07,1.340030e-07,5.465138e-07,0.000000e+00,0.000000e+00,0.000000e+00,-2.273814e+07,-1.155601e+07,-3.472520e+07,3.078291e-18,226,0
1.080909e-09,1.642457e-03,8.754054e-04,2.500435e-03,1.520370e+06,8.103102e+05,2.314234e+06,-6.432464e-01,-3.382838e-01,-8.824247e-01,3.078291e-18,226,4756
1.080273e-08,1.642410e-02,8.753558e-03,2.500021e-02,1.520480e+06,8.103679e+05,2.314385e+06,-5.981581e-03,-3.220406e-03,-9.165778e-03,3.078291e-18,226,47532
0.000000e+00,2.710132e-08,-1.096055e-07,4.064495e-07,0.000000e+00,0.000000e+00,0.000000e+00,-8.057470e+06,2.345626e+07,-4.550201e+07,4.353578e-18,227,0
8.827273e-10,4.617311e-04,-1.316947e-03,2.500137e-03,5.234095e+05,-1.492712e+06,2.833454e+06,-2.775080e-01,6.872545e-01,-1.176132e+00,4.353578e-18,227,3884
8.823182e-09,4.618095e-03,-1.317039e-02,2.500013e-02,5.234482e+05,-1.492808e+06,2.833618e+06,-2.381327e-03,6.426874e-03,-1.225837e-02,4.353578e-18,227,38822
0.000000e+00,8.708704e-08,-1.586933e-07,5.717412e-07,0.000000e+00,0.000000e+00,0.000000e+00,-1.014130e+07,1.469507e+07,-3.414575e+07,3.112141e-18,228,0
1.020909e-09,7.780183e-04,-1.118397e-03,2.500103e-03,7.626206e+05,-1.096212e+06,2.450157e+06,-4.069174e-01,5.685048e-01,-1.158012e+00,3.112141e-18,228,4492
1.020341e-08,7.781280e-03,-1.118506e-02,2.500009e-02,7.626861e+05,-1.096304e+06,2.450344e+06,-3.711876e-03,5.290516e-03,-1.204792e-02,3.112141e-18,228,44895
0.000000e+00,-1.591650e-07,-1.418054e-07,2.521379e-07,0.000000e+00,0.000000e+00,0.000000e+00,5.261041e+07,4.425393e+07,-6.311263e+07,5.271490e-18,229,0
8.511364e-10,-2.103203e-03,-1.771569e-03,2.500019e-03,-2.471481e+06,-2.081769e+06,2.937677e+06,4.808552e-01,4.055774e-01,-5.481043e-01,5.271490e-18,229,3745
8.510227e-09,-2.103291e-02,-1.771637e-02,2.500042e-02,-2.471546e+06,-2.081824e+06,2.937750e+06,4.720458e-03,3.995147e-03,-5.557648e-03,5.271490e-18,229,37445
0.000000e+00,1.250016e-07,-2.202584e-07,3.265272e-07,0.000000e+00,0.000000e+00,0.000000e+00,-2.352066e+07,4.336090e+07,-4.306753e+07,4.290739e-18,230,0
1.075000e-09,1.327753e-03,-2.529742e-03,2.500158e-03,1.235431e+06,-2.353932e+06,2.326284e+06,-2.587366e-01,5.369722e-01,-5.146677e-01,4.290739e-18,230,4730
1.074682e-08,1.327697e-02,-2.529728e-02,2.500025e-02,1.235475e+06,-2.354024e+06,2.326371e+06,-2.500088e-03,5.159395e-03,-5.265498e-03,4.290739e-18,230,47286
0.000000e+00,2.139036e-08,4.386665e-08,4.221933e-07,0.000000e+00,0.000000e+00,0.000000e+00,-5.156977e+06,-6.149392e+06,-5.771686e+07,4.336165e-18,231,0
7.393182e-10,2.303570e-04,2.756901e-04,2.500274e-03,3.117579e+05,3.730628e+05,3.383322e+06,-1.856111e-01,-1.956500e-01,-1.807219e+00,4.336165e-18,231,3253
7.389318e-09,2.303667e-03,2.756683e-03,2.500053e-02,3.117796e+05,3.730856e+05,3.383533e+06,-1.748231e-03,-1.953139e-03,-1.826012e-02,4.336165e-18,231,32513
0.000000e+00,-3.289437e-09,1.436714e-07,2.906234e-07,0.000000e+00,0.000000e+00,0.000000e+00,-3.904123e+05,-5.007416e+07,-8.556008e+07,5.469895e-18,232,0
6.363636e-10,1.611329e-05,1.480934e-03,2.500517e-03,2.532663e+04,2.327640e+06,3.930010e+06,2.932253e-03,-7.365355e-01,-1.169191e+00,5.469895e-18,232,2800
6.361364e-09,1.611069e-04,1.480702e-02,2.500038e-02,2.532635e+04,2.327714e+06,3.930128e+06,-1.313432e-04,-7.368675e-03,-1.180976e-02,5.469895e-18,232,27990
0.000000e+00,1.079591e-07,1.698082e-07,2.203938e-07,0.000000e+00,0.000000e+00,0.000000e+00,-4.639515e+07,-7.610316e+07,-7.356370e+07,5.800148e-18,233,0
7.750000e-10,1.586194e-03,2.605568e-03,2.500332e-03,2.046908e+06,3.362381e+06,3.226473e+06,-3.000348e-01,-5.029297e-01,-4.561381e-01,5.800148e-18,233,3410
7.748409e-09,1.586033e-02,2.605318e-02,2.500017e-02,2.046945e+06,3.362442e+06,3.226529e+06,-2.957210e-03,-4.941811e-03,-4.604727e-03,5.800148e-18,233,34093
0.000000e+00,8.535848e-08,1.215629e-07,1.616278e-07,0.000000e+00,0.000000e+00,0.000000e+00,-8.585677e+07,-1.212069e+08,-1.382880e+08,7.717313e-18,234,0
4.427273e-10,1.554526e-03,2.194702e-03,2.500548e-03,3.511286e+06,4.957281e+06,5.648046e+06,-3.694876e-01,-5.220270e-01,-5.759118e-01,7.717313e-18,234,1948
4.426364e-09,1.554230e-02,2.194283e-02,2.500044e-02,3.511312e+06,4.957318e+06,5.648086e+06,-3.686301e-03,-5.204005e-03,-5.782324e-03,7.717313e-18,234,19476
0.000000e+00,-1.660205e-07,1.983984e-07,4.146067e-07,0.000000e+00,0.000000e+00,0.000000e+00,2.635490e+07,-3.078587e+07,-3.192773e+07,3.715652e-18,235,0
1.266818e-09,-2.022459e-03,2.362381e-03,2.500137e-03,-1.597082e+06,1.865506e+06,1.974081e+06,3.675083e-01,-4.290638e-01,-4.169564e-01,3.715652e-18,235,5574
1.266409e-08,-2.022553e-02,2.362487e-02,2.500006e-02,-1.597155e+06,1.865592e+06,1.974165e+06,3.524545e-03,-4.116784e-03,-4.356172e-03,3.715652e-18,235,55722
0.000000e+00,-1.522926e-07,1.404550e-08,5.261460e-07,0.000000e+00,0.000000e+00,0.000000e+00,1.811225e+07,-1.163989e+06,-3.731623e+07,3.409622e-18,236,0
9.836364e-10,-1.238251e-03,1.214615e-04,2.500173e-03,-1.259639e+06,1.235416e+05,2.543076e+06,6.442280e-01,-4.567180e-02,-1.235255e+00,3.409622e-18,236,4328
9.830682e-09,-1.238307e-02,1.214492e-03,2.500029e-02,-1.259739e+06,1.235487e+05,2.543268e+06,6.237399e-03,-5.977293e-04,-1.279882e-02,3.409622e-18,236,43255
0.000000e+00,-5.966672e-08,3.574289e-08,4.093497e-07,0.000000e+00,0.000000e+00,0.000000e+00,1.389918e+07,-9.362262e+06,-5.793752e+07,4.419914e-18,237,0
7.463636e-10,-6.016713e-04,4.244251e-04,2.500136e-03,-8.065305e+05,5.689514e+05,3.351077e+06,4.209874e-01,-3.007739e-01,-1.638303e+00,4.419914e-18,237,3284
7.460455e-09,-6.017066e-03,4.244613e-03,2.500065e-02,-8.065801e+05,5.689868e+05,3.351270e+06,3.998524e-03,-2.861321e-03,-1.652630e-02,4.419914e-18,237,32826
0.000000e+00,1.298003e-07,1.091172e-07,2.702270e-07,0.000000e+00,0.000000e+00,0.000000e+00,-4.930823e+07,-4.132455e+07,-7.951267e+07,5.519200e-18,238,0
6.938636e-10,1.561760e-03,1.317433e-03,2.500648e-03,2.251177e+06,1.899016e+06,3.604412e+06,-5.372874e-01,-4.724352e-01,-8.404811e-01,5.519200e-18,238,3053
6.935909e-09,1.561402e-02,1.317144e-02,2.500003e-02,2.251236e+06,1.899068e+06,3.604504e+06,-5.315478e-03,-4.591017e-03,-8.529024e-03,5.519200e-18,238,30518
0.000000e+00,2.007286e-07,-7.646010e-08,4.794187e-07,0.000000e+00,0.000000e+00,0.000000e+00,-2.516416e+07,7.996460e+06,-3.786228e+07,3.506034e-18,239,0
1.085909e-09,1.976813e-03,-4.885241e-04,2.500065e-03,1.821379e+06,-4.500768e+05,2.303180e+06,-6.754721e-01,1.664572e-01,-8.039431e-01,3.506034e-18,239,4778
1.085455e-08,1.977014e-02,-4.885391e-03,2.500011e-02,1.821495e+06,-4.501053e+05,2.303318e+06,-6.523260e-03,1.582385e-03,-8.277876e-03,3.506034e-18,239,47760
0.000000e+00,-7.684911e-08,1.382787e-07,3.974279e-07,0.000000e+00,0.000000e+00,0.000000e+00,1.337761e+07,-2.395669e+07,-5.025427e+07,4.262816e-18,240,0
8.627273e-10,-6.971726e-04,1.266108e-03,2.500643e-03,-8.084680e+05,1.468239e+06,2.899628e+06,3.421331e-01,-6.285154e-01,-1.177888e+00,4.262816e-18,240,3796
8.621818e-09,-6.970448e-03,1.265886e-02,2.500015e-02,-8.085146e+05,1.468325e+06,2.899788e+06,3.317746e-03,-6.151053e-03,-1.200251e-02,4.262816e-18,240,37936
0.000000e+00,-2.270662e-07,3.074341e-08,5.275950e-07,0.000000e+00,0.000000e+00,0.000000e+00,2.545661e+07,-3.389611e+06,-3.412407e+07,3.204482e-18,241,0
1.084091e-09,-1.860975e-03,2.377336e-04,2.500352e-03,-1.717571e+06,2.193994e+05,2.307379e+06,7.065041e-01,-8.121290e-02,-8.687661e-01,3.204482e-18,241,4770
1.083477e-08,-1.860943e-02,2.377140e-03,2.500007e-02,-1.717691e+06,2.194133e+05,2.307528e+06,6.743034e-03,-8.550464e-04,-9.078598e-03,3.204482e-18,241,47673
0.000000e+00,1.503439e-07,7.266230e-08,6.385012e-07,0.000000e+00,0.000000e+00,0.000000e+00,-1.821566e+07,-4.966189e+06,-3.544484e+07,2.816769e-18,242,0
9.888636e-10,1.184630e-03,3.595695e-04,2.500464e-03,1.198712e+06,3.638761e+05,2.530002e+06,-6.102961e-01,-2.344995e-01,-1.361797e+00,2.816769e-18,242,4351
9.881364e-09,1.184488e-02,3.595607e-03,2.500007e-02,1.198808e+06,3.639127e+05,2.530215e+06,-5.733171e-03,-2.361683e-03,-1.393223e-02,2.816769e-18,242,43478
0.000000e+00,1.294560e-07,-6.483037e-08,2.508411e-07,0.000000e+00,0.000000e+00,0.000000e+00,-5.980993e+07,2.841661e+07,-9.448767e+07,6.031115e-18,243,0
5.995455e-10,1.594274e-03,-7.583408e-04,2.500537e-03,2.659503e+06,-1.265029e+06,4.171181e+06,-6.681096e-01,3.177367e-01,-1.013304e+00,6.031115e-18,243,2638
5.993636e-09,1.594016e-02,-7.582155e-03,2.500069e-02,2.659566e+06,-1.265059e+06,4.171277e+06,-6.595948e-03,3.150028e-03,-1.017186e-02,6.031115e-18,243,26372
0.000000e+00,5.527248e-08,5.361095e-08,3.638439e-07,0.000000e+00,0.000000e+00,0.000000e+00,-1.356604e+07,-1.333024e+07,-7.149007e+07,4.870135e-18,244,0
6.702273e-10,4.901698e-04,4.850957e-04,2.500808e-03,7.316308e+05,7.240458e+05,3.732440e+06,-3.634105e-01,-3.419743e-01,-1.689082e+00,4.870135e-18,244,2949
6.698182e-09,4.900599e-03,4.849791e-03,2.500068e-02,7.316693e+05,7.240820e+05,3.732619e+06,-3.543737e-03,-3.445140e-03,-1.700766e-02,4.870135e-18,244,29472
0.000000e+00,1.968691e-07,6.235413e-08,3.486718e-07,0.000000e+00,0.000000e+00,0.000000e+00,-4.223212e+07,-1.286647e+07,-4.556226e+07,4.434154e-18,245,0
1.007045e-09,2.392127e-03,7.297670e-04,2.500116e-03,2.376199e+06,7.249116e+05,2.483246e+06,-6.438220e-01,-2.007480e-01,-6.151865e-01,4.434154e-18,245,4431
1.006750e-08,2.392234e-02,7.298034e-03,2.500019e-02,2.376301e+06,7.249435e+05,2.483344e+06,-6.176269e-03,-1.892244e-03,-6.322503e-03,4.434154e-18,245,44297
0.000000e+00,-2.021027e-07,-2.265882e-08,3.305701e-07,0.000000e+00,0.000000e+00,0.000000e+00,4.734623e+07,5.021529e+06,-5.127573e+07,4.595123e-18,246,0
9.322727e-10,-2.348608e-03,-2.500866e-04,2.500394e-03,-2.519994e+06,-2.683386e+05,2.682677e+06,6.905599e-01,7.627631e-02,-6.906598e-01,4.595123e-18,246,4102
9.319091e-09,-2.348405e-02,-2.500671e-03,2.500022e-02,-2.520096e+06,-2.683498e+05,2.682778e+06,6.704025e-03,7.247591e-04,-6.998527e-03,4.595123e-18,246,41004
0.000000e+00,-5.259740e-08,1.891586e-07,5.801210e-07,0.000000e+00,0.000000e+00,0.000000e+00,3.040894e+06,-1.785358e+07,-3.517901e+07,3.022808e-18,247,0
1.005455e-09,-2.412492e-04,1.257518e-03,2.500486e-03,-2.400678e+05,1.251475e+06,2.488212e+06,1.151465e-01,-6.445237e-01,-1.221303e+00,3.022808e-18,247,4424
1.004750e-08,-2.412090e-03,1.257418e-02,2.500046e-02,-2.400861e+05,1.251578e+06,2.488406e+06,1.131446e-03,-6.116168e-03,-1.258646e-02,3.022808e-18,247,44209
0.000000e+00,-3.728997e-08,1.003708e-07,3.468286e-07,0.000000e+00,0.000000e+00,0.000000e+00,1.438685e+07,-2.495427e+07,-7.420099e+07,4.965115e-18,248,0
6.718182e-10,-4.917843e-04,8.557435e-04,2.500553e-03,-7.322807e+05,1.274155e+06,3.723055e+06,3.200856e-01,-5.290710e-01,-1.506184e+00,4.965115e-18,248,2956
6.715000e-09,-4.917259e-03,8.555974e-03,2.500045e-02,-7.323147e+05,1.274211e+06,3.723214e+06,3.116865e-03,-5.278917e-03,-1.512191e-02,4.965115e-18,248,29546
0.000000e+00,3.287570e-08,-1.558597e-07,6.087695e-07,0.000000e+00,0.000000e+00,0.000000e+00,-3.982776e+06,1.723954e+07,-3.757133e+07,2.972410e-18,249,0
9.759091e-10,3.098057e-04,-1.138664e-03,2.500218e-03,3.176659e+05,-1.167512e+06,2.563180e+06,-1.689470e-01,6.283513e-01,-1.267393e+00,2.972410e-18,249,4294
9.753636e-09,3.098379e-03,-1.138747e-02,2.500054e-02,3.176919e+05,-1.167609e+06,2.563376e+06,-1.548418e-03,5.891617e-03,-1.321674e-02,2.972410e-18,249,42916
0.000000e+00,-1.051784e-07,1.998288e-07,3.358576e-07,0.000000e+00,0.000000e+00,0.000000e+00,2.593999e+07,-4.089330e+07,-5.118841e+07,4.422835e-18,250,0
9.445455e-10,-1.281878e-03,2.045841e-03,2.500549e-03,-1.357541e+06,2.166578e+06,2.647957e+06,3.616276e-01,-5.822037e-01,-6.627518e-01,4.422835e-18,250,4156
9.441364e-09,-1.281704e-02,2.045547e-02,2.500045e-02,-1.357595e+06,2.166665e+06,2.648056e+06,3.477465e-03,-5.642411e-03,-6.756576e-03,4.422835e-18,250,41542
0.000000e+00,2.446796e-07,9.765971e-08,4.585977e-07,0.000000e+00,0.000000e+00,0.000000e+00,-3.144543e+07,-1.035933e+07,-3.507636e+07,3.439317e-18,251,0
1.142045e-09,2.250406e-03,7.844499e-04,2.500429e-03,1.971395e+06,6.871888e+05,2.190181e+06,-6.346465e-01,-2.227017e-01,-6.464477e-01,3.439317e-18,251,5025
1.141455e-08,2.250254e-02,7.843938e-03,2.500005e-02,1.971510e+06,6.872289e+05,2.190298e+06,-6.054520e-03,-2.128759e-03,-6.722475e-03,3.439317e-18,251,50224
0.000000e+00,2.402019e-07,-4.017964e-08,3.317687e-07,0.000000e+00,0.000000e+00,0.000000e+00,-4.829358e+07,7.330860e+06,-4.357369e+07,4.316050e-18,252,0
1.072273e-09,2.815691e-03,-4.217991e-04,2.500451e-03,2.626689e+06,-3.934742e+05,2.332442e+06,-6.073538e-01,8.571559e-02,-4.994790e-01,4.316050e-18,252,4718
1.071841e-08,2.815391e-02,-4.217421e-03,2.500018e-02,2.626791e+06,-3.934887e+05,2.332527e+06,-5.821307e-03,8.034860e-04,-5.169615e-03,4.316050e-18,252,47161
0.000000e+00,3.963618e-08,-1.511795e-07,5.683398e-07,0.000000e+00,0.000000e+00,0.000000e+00,-5.535900e+06,2.211398e+07,-6.004121e+07,3.196214e-18,253,0
7.852273e-10,2.381849e-04,-9.233569e-04,2.500140e-03,3.034680e+05,-1.176356e+06,3.184950e+06,-1.614898e-01,5.688568e-01,-1.517965e+00,3.196214e-18,253,3455
7.849318e-09,2.382027e-03,-9.233658e-03,2.500002e-02,3.034880e+05,-1.176427e+06,3.185139e+06,-1.359983e-03,5.486081e-03,-1.552941e-02,3.196214e-18,253,34537
0.000000e+00,5.493173e-08,-2.257454e-07,3.301897e-07,0.000000e+00,0.000000e+00,0.000000e+00,-8.735461e+06,4.789530e+07,-4.440830e+07,4.403421e-18,254,0
1.052273e-09,5.151187e-04,-2.742175e-03,2.500527e-03,4.896699e+05,-2.606744e+06,2.376851e+06,-1.171276e-01,6.187110e-01,-5.195876e-01,4.403421e-18,254,4630
1.051818e-08,5.150442e-03,-2.741818e-02,2.500026e-02,4.896894e+05,-2.606846e+06,2.376937e+06,-1.108143e-03,5.895625e-03,-5.314725e-03,4.403421e-18,254,46280
0.000000e+00,-1.195138e-07,6.789235e-08,6.177039e-07,0.000000e+00,0.000000e+00,0.000000e+00,1.467161e+07,-9.489512e+06,-3.689347e+07,2.969612e-18,255,0
9.750000e-10,-9.550178e-04,6.224371e-04,2.500440e-03,-9.801281e+05,6.388359e+05,2.565839e+06,5.191607e-01,-3.577552e-01,-1.301425e+00,2.969612e-18,255,4290
9.743409e-09,-9.549762e-03,6.224411e-03,2.500022e-02,-9.802081e+05,6.388909e+05,2.566040e+06,5.049347e-03,-3.264734e-03,-1.343922e-02,2.969612e-18,255,42871
0.000000e+00,1.170822e-07,-1.565653e-07,5.053872e-07,0.000000e+00,0.000000e+00,0.000000e+00,-1.242155e+07,1.715472e+07,-3.468184e+07,3.415424e-18,256,0
1.015909e-09,9.004896e-04,-1.248904e-03,2.500206e-03,8.869110e+05,-1.230098e+06,2.462253e+06,-4.104991e-01,5.837265e-01,-1.070054e+00,3.415424e-18,256,4470
1.015341e-08,9.005137e-03,-1.248963e-02,2.500034e-02,8.869768e+05,-1.230192e+06,2.462425e+06,-3.797066e-03,5.457740e-03,-1.105981e-02,3.415424e-18,256,44675
0.000000e+00,-1.841954e-07,1.355312e-07,4.823589e-07,0.000000e+00,0.000000e+00,0.000000e+00,2.678614e+07,-1.674795e+07,-3.685919e+07,3.447942e-18,257,0
1.075227e-09,-1.802337e-03,1.138664e-03,2.500093e-03,-1.677047e+06,1.059496e+06,2.326002e+06,6.022921e-01,-3.817515e-01,-7.598563e-01,3.447942e-18,257,4731
1.074818e-08,-1.802516e-02,1.138764e-02,2.500044e-02,-1.677150e+06,1.059561e+06,2.326131e+06,5.658893e-03,-3.538655e-03,-7.875541e-03,3.447942e-18,257,47292
0.000000e+00,1.458084e-07,-7.820274e-08,2.404979e-07,0.000000e+00,0.000000e+00,0.000000e+00,-6.943258e+07,3.893427e+07,-8.424374e+07,5.964038e-18,258,0
6.752273e-10,2.075428e-03,-1.164543e-03,2.500043e-03,3.074053e+06,-1.724889e+06,3.702843e+06,-6.039837e-01,3.422684e-01,-6.871758e-01,5.964038e-18,258,2971
6.751591e-09,2.075482e-02,-1.164578e-02,2.500023e-02,3.074118e+06,-1.724926e+06,3.702916e+06,-5.978878e-03,3.364416e-03,-6.942267e-03,5.964038e-18,258,29707
0.000000e+00,8.867217e-08,1.099378e-07,3.594915e-07,0.000000e+00,0.000000e+00,0.000000e+00,-2.012208e+07,-2.529318e+07,-6.210865e+07,4.684011e-18,259,0
7.613636e-10,8.306849e-04,1.044385e-03,2.500385e-03,1.091450e+06,1.372236e+06,3.285075e+06,-4.488730e-01,-5.676365e-01,-1.271499e+00,4.684011e-18,259,3350
7.610227e-09,8.306182e-03,1.044303e-02,2.500029e-02,1.091504e+06,1.372304e+06,3.285228e+06,-4.470375e-03,-5.562876e-03,-1.282864e-02,4.684011e-18,259,33485
0.000000e+00,5.583081e-08,8.672978e-08,2.354616e-07,0.000000e+00,0.000000e+00,0.000000e+00,-3.618797e+07,-5.192207e+07,-1.274272e+08,6.748792e-18,260,0
4.622727e-10,7.131666e-04,1.023645e-03,2.500563e-03,1.542877e+06,2.214559e+06,5.409638e+06,-3.947442e-01,-5.676974e-01,-1.336828e+00,6.748792e-18,260,2034
4.621364e-09,7.130229e-03,1.023434e-02,2.500008e-02,1.542905e+06,2.214600e+06,5.409736e+06,-3.917802e-03,-5.644702e-03,-1.341449e-02,6.748792e-18,260,20334
0.000000e+00,-2.038699e-07,-2.045408e-08,3.641522e-07,0.000000e+00,0.000000e+00,0.000000e+00,4.163502e+07,4.819732e+06,-4.842740e+07,4.309726e-18,261,0
9.327273e-10,-2.168950e-03,-2.466706e-04,2.500158e-03,-2.326200e+06,-2.645544e+05,2.681214e+06,7.229617e-01,8.097394e-02,-7.745622e-01,4.309726e-18,261,4104
9.324318e-09,-2.169020e-02,-2.466786e-03,2.500060e-02,-2.326306e+06,-2.645663e+05,2.681329e+06,6.937532e-03,8.135179e-04,-7.881660e-03,4.309726e-18,261,41027
0.000000e+00,-1.960003e-07,1.228104e-07,3.556689e-07,0.000000e+00,0.000000e+00,0.000000e+00,3.611496e+07,-2.325511e+07,-4.320458e+07,4.227125e-18,262,0
1.035909e-09,-2.143115e-03,1.345961e-03,2.500538e-03,-2.069554e+06,1.299751e+06,2.414504e+06,5.739453e-01,-3.561815e-01,-6.110367e-01,4.227125e-18,262,4558
1.035409e-08,-2.142832e-02,1.345773e-02,2.500010e-02,-2.069648e+06,1.299809e+06,2.414604e+06,5.443171e-03,-3.434171e-03,-6.246726e-03,4.227125e-18,262,45558
0.000000e+00,1.409147e-07,-2.186666e-07,4.231476e-07,0.000000e+00,0.000000e+00,0.000000e+00,-1.942471e+07,2.321571e+07,-3.348958e+07,3.647206e-18,263,0
1.136818e-09,1.475705e-03,-1.805798e-03,2.500024e-03,1.298743e+06,-1.589213e+06,2.199976e+06,-4.341127e-01,5.266872e-01,-6.685450e-01,3.647206e-18,263,5002
1.136386e-08,1.475867e-02,-1.805955e-02,2.500029e-02,1.298821e+06,-1.589308e+06,2.200096e+06,-4.129953e-03,4.994668e-03,-6.930878e-03,3.647206e-18,263,50001
0.000000e+00,-2.304207e-07,7.783533e-08,5.201991e-07,0.000000e+00,0.000000e+00,0.000000e+00,2.592855e+07,-7.075036e+06,-3.406158e+07,3.198315e-18,264,0
1.053182e-09,-1.835577e-03,3.701006e-04,2.500163e-03,-1.743773e+06,3.515451e+05,2.374910e+06,6.870683e-01,-1.350843e-01,-9.082504e-01,3.198315e-18,264,4634
1.052682e-08,-1.835635e-02,3.700687e-03,2.500038e-02,-1.743888e+06,3.515675e+05,2.375062e+06,6.561178e-03,-1.381932e-03,-9.326510e-03,3.198315e-18,264,46318
0.000000e+00,3.827040e-08,2.138253e-07,3.531198e-07,0.000000e+00,0.000000e+00,0.000000e+00,-7.304501e+06,-4.446254e+07,-4.819401e+07,4.336960e-18,265,0
9.650000e-10,4.063019e-04,2.353977e-03,2.500400e-03,4.211755e+05,2.440132e+06,2.591724e+06,-1.175043e-01,-6.735914e-01,-6.712097e-01,4.336960e-18,265,4246
9.646136e-09,4.062713e-03,2.353783e-02,2.500025e-02,4.211934e+05,2.440234e+06,2.591827e+06,-1.158734e-03,-6.557759e-03,-6.831963e-03,4.336960e-18,265,42443
0.000000e+00,4.139913e-08,1.578659e-07,4.885408e-07,0.000000e+00,0.000000e+00,0.000000e+00,-1.110605e+07,-2.348522e+07,-4.415288e+07,3.611599e-18,266,0
9.031818e-10,5.301196e-04,1.323320e-03,2.500344e-03,5.872085e+05,1.465939e+06,2.769453e+06,-2.460151e-01,-6.851481e-01,-1.160647e+00,3.611599e-18,266,3974
9.027045e-09,5.300757e-03,1.323307e-02,2.500011e-02,5.872436e+05,1.466037e+06,2.769618e+06,-2.579889e-03,-6.393763e-03,-1.201589e-02,3.611599e-18,266,39719
0.000000e+00,2.201919e-08,-2.598771e-07,5.326605e-07,0.000000e+00,0.000000e+00,0.000000e+00,-1.014964e+05,2.852275e+07,-3.042560e+07,3.087403e-18,267,0
1.184773e-09,-2.820029e-05,-2.284973e-03,2.500193e-03,-2.385026e+04,-1.929614e+06,2.111077e+06,1.765545e-02,6.749345e-01,-6.740551e-01,3.087403e-18,267,5213
1.184227e-08,-2.824136e-04,-2.285095e-02,2.500011e-02,-2.385356e+04,-1.929741e+06,2.111204e+06,1.306794e-04,6.473975e-03,-7.125894e-03,3.087403e-18,267,52106
0.000000e+00,1.197354e-07,-6.166004e-08,4.150727e-07,0.000000e+00,0.000000e+00,0.000000e+00,-2.229796e+07,1.042686e+07,-5.225523e+07,4.210853e-18,268,0
8.204545e-10,1.075535e-03,-5.107372e-04,2.500519e-03,1.311513e+06,-6.228219e+05,3.048912e+06,-6.116838e-01,3.183564e-01,-1.351756e+00,4.210853e-18,268,3610
8.199773e-09,1.075409e-02,-5.106990e-03,2.500048e-02,1.311592e+06,-6.228632e+05,3.049087e+06,-5.880404e-03,3.064854e-03,-1.368839e-02,4.210853e-18,268,36079
0.000000e+00,2.233497e-07,5.089306e-08,5.378548e-07,0.000000e+00,0.000000e+00,0.000000e+00,-2.226013e+07,-5.350650e+06,-3.309759e+07,3.148997e-18,269,0
1.084318e-09,1.680484e-03,4.393362e-04,2.500156e-03,1.550744e+06,4.054316e+05,2.306832e+06,-7.040877e-01,-1.846126e-01,-9.497224e-01,3.148997e-18,269,4771
1.083750e-08,1.680615e-02,4.393839e-03,2.500042e-02,1.550865e+06,4.054632e+05,2.306994e+06,-6.717621e-03,-1.823953e-03,-9.987191e-03,3.148997e-18,269,47685
0.000000e+00,-5.108392e-08,1.077729e-08,2.763796e-07,0.000000e+00,0.000000e+00,0.000000e+00,2.841886e+07,-4.570005e+06,-1.172006e+08,6.225806e-18,270,0
4.861364e-10,-6.112246e-04,9.869970e-05,2.500843e-03,-1.257513e+06,2.030589e+05,5.144946e+06,4.443728e-01,-7.589223e-02,-1.726269e+00,6.225806e-18,270,2139
4.859318e-09,-6.110682e-03,9.867344e-04,2.500111e-02,-1.257547e+06,2.030648e+05,5.145079e+06,4.411178e-03,-7.557796e-04,-1.732324e-02,6.225806e-18,270,21381
0.000000e+00,-1.494756e-07,1.982083e-07,5.174835e-07,0.000000e+00,0.000000e+00,0.000000e+00,1.483780e+07,-2.088314e+07,-3.368171e+07,3.203752e-18,271,0
1.105455e-09,-1.079408e-03,1.611791e-03,2.500428e-03,-9.769357e+05,1.458869e+06,2.262859e+06,3.784664e-01,-6.060855e-01,-8.357780e-01,3.203752e-18,271,4864
1.104795e-08,-1.079313e-02,1.611747e-02,2.500011e-02,-9.770017e+05,1.458975e+06,2.263005e+06,3.757898e-03,-5.586758e-03,-8.772242e-03,3.203752e-18,271,48611
0.000000e+00,4.037824e-08,-2.213803e-08,2.897312e-07,0.000000e+00,0.000000e+00,0.000000e+00,-1.835055e+07,7.553222e+06,-1.096008e+08,6.017872e-18,272,0
5.086364e-10,4.221463e-04,-1.732634e-04,2.500253e-03,8.301074e+05,-3.406923e+05,4.916349e+06,-3.132180e-01,1.261629e-01,-1.812815e+00,6.017872e-18,272,2238
5.085227e-09,4.221304e-03,-1.732511e-03,2.500092e-02,8.301326e+05,-3.407025e+05,4.916495e+06,-3.120025e-03,1.267626e-03,-1.819547e-02,6.017872e-18,272,22375
0.000000e+00,3.801194e-09,1.442797e-07,2.395746e-07,0.000000e+00,0.000000e+00,0.000000e+00,1.287324e+06,-7.416196e+07,-9.831252e+07,6.235736e-18,273,0
5.847727e-10,-3.256383e-05,1.895814e-03,2.500092e-03,-5.570369e+04,3.242338e+06,4.275698e+06,1.360824e-02,-7.316970e-01,-9.338056e-01,6.235736e-18,273,2573
5.847045e-09,-3.256973e-04,1.895817e-02,2.500036e-02,-5.570494e+04,3.242405e+06,4.275785e+06,1.348697e-04,-7.300193e-03,-9.378118e-03,6.235736e-18,273,25727
0.000000e+00,-8.764139e-08,2.615852e-07,5.010905e-07,0.000000e+00,0.000000e+00,0.000000e+00,9.303281e+06,-2.881708e+07,-3.184594e+07,3.187218e-18,274,0
1.187500e-09,-7.379657e-04,2.273422e-03,2.500445e-03,-6.217463e+05,1.915407e+06,2.106405e+06,2.062075e-01,-6.438455e-01,-6.385710e-01,3.187218e-18,274,5225
1.186864e-08,-7.379264e-03,2.273321e-02,2.500031e-02,-6.217849e+05,1.915527e+06,2.106525e+06,1.942820e-03,-6.077555e-03,-6.695781e-03,3.187218e-18,274,52222
0.000000e+00,5.084487e-08,2.712678e-07,4.608625e-07,0.000000e+00,0.000000e+00,0.000000e+00,-4.790931e+06,-3.277264e+07,-3.346642e+07,3.378666e-18,275,0
1.186818e-09,3.328028e-04,2.548266e-03,2.500336e-03,2.805448e+05,2.148075e+06,2.107445e+06,-9.673238e-02,-6.329647e-01,-5.773171e-01,3.378666e-18,275,5222
1.186273e-08,3.328034e-03,2.548197e-02,2.500018e-02,2.805629e+05,2.148193e+06,2.107553e+06,-9.601363e-04,-6.037270e-03,-6.017510e-03,3.378666e-18,275,52196
0.000000e+00,-1.138013e-07,-1.288862e-07,1.847435e-07,0.000000e+00,0.000000e+00,0.000000e+00,7.572644e+07,8.990619e+07,-1.041852e+08,6.754733e-18,276,0
5.750000e-10,-1.823458e-03,-2.164340e-03,2.500799e-03,-3.171364e+06,-3.764237e+06,4.349325e+06,3.997561e-01,4.766675e-01,-5.245342e-01,6.754733e-18,276,2530
5.748182e-09,-1.822966e-02,-2.163761e-02,2.500085e-02,-3.171401e+06,-3.764281e+06,4.349373e+06,3.979596e-03,4.710114e-03,-5.289075e-03,6.754733e-18,276,25292
0.000000e+00,-1.362607e-07,6.409578e-08,5.348018e-07,0.000000e+00,0.000000e+00,0.000000e+00,1.697863e+07,-6.551463e+06,-3.653345e+07,3.370565e-18,277,0
9.663636e-10,-1.141880e-03,4.443037e-04,2.500426e-03,-1.182384e+06,4.600460e+05,2.588815e+06,6.183123e-01,-2.360067e-01,-1.284913e+00,3.370565e-18,277,4252
9.657045e-09,-1.141828e-02,4.442676e-03,2.500041e-02,-1.182478e+06,4.600819e+05,2.589012e+06,5.730488e-03,-2.008746e-03,-1.312099e-02,3.370565e-18,277,42491
0.000000e+00,-9.827541e-08,-1.118242e-08,1.179590e-07,0.000000e+00,0.000000e+00,0.000000e+00,2.743757e+08,3.079873e+07,-3.096800e+08,1.077761e-17,278,0
2.018182e-10,-2.217445e-03,-2.489043e-04,2.502574e-03,-1.098703e+07,-1.233274e+06,1.239975e+07,6.840772e-01,7.620418e-02,-7.624741e-01,1.077761e-17,278,888
2.016364e-09,-2.215394e-02,-2.486740e-03,2.500252e-02,-1.098705e+07,-1.233276e+06,1.239978e+07,6.852408e-03,7.630976e-04,-7.638889e-03,1.077761e-17,278,8872
0.000000e+00,-7.745126e-08,2.393182e-07,5.111877e-07,0.000000e+00,0.000000e+00,0.000000e+00,7.143848e+06,-2.465644e+07,-3.543697e+07,3.220143e-18,279,0
1.076818e-09,-5.939460e-04,1.815914e-03,2.500386e-03,-5.518722e+05,1.687256e+06,2.322969e+06,2.209734e-01,-6.771419e-01,-8.618206e-01,3.220143e-18,279,4738
1.076205e-08,-5.939255e-03,1.815829e-02,2.500004e-02,-5.519097e+05,1.687371e+06,2.323116e+06,2.013071e-03,-6.398153e-03,-8.995007e-03,3.220143e-18,279,47353
0.000000e+00,-1.562201e-07,1.229734e-07,5.412772e-07,0.000000e+00,0.000000e+00,0.000000e+00,2.116480e+07,-1.134831e+07,-3.410414e+07,3.228091e-18,280,0
1.056591e-09,-1.484418e-03,8.331922e-04,2.500419e-03,-1.405741e+06,7.890100e+05,2.367582e+06,6.165734e-01,-3.490321e-01,-9.767789e-01,3.228091e-18,280,4649
1.055932e-08,-1.484360e-02,8.331397e-03,2.500019e-02,-1.405844e+06,7.890682e+05,2.367745e+06,5.843036e-03,-3.408308e-03,-1.008748e-02,3.228091e-18,280,46461
0.000000e+00,-2.278587e-07,7.947175e-08,3.305559e-07,0.000000e+00,0.000000e+00,0.000000e+00,4.818448e+07,-1.695146e+07,-4.371614e+07,4.344684e-18,281,0
1.080682e-09,-2.796592e-03,9.787069e-04,2.500039e-03,-2.588541e+06,9.058932e+05,2.313871e+06,5.710084e-01,-1.976783e-01,-4.658991e-01,4.344684e-18,281,4755
1.080455e-08,-2.796800e-02,9.787761e-03,2.500044e-02,-2.588639e+06,9.059269e+05,2.313950e+06,5.390613e-03,-1.902238e-03,-4.770207e-03,4.344684e-18,281,47540
0.000000e+00,1.254534e-08,4.970154e-08,1.867645e-07,0.000000e+00,0.000000e+00,0.000000e+00,-1.704377e+07,-7.152131e+07,-2.430268e+08,8.749175e-18,282,0
2.545455e-10,1.755262e-04,7.365914e-04,2.501636e-03,6.895567e+05,2.893722e+06,9.827666e+06,-1.154745e-01,-4.931844e-01,-1.636870e+00,8.749175e-18,282,1120
2.543864e-09,1.754150e-03,7.361279e-03,2.500042e-02,6.895614e+05,2.893742e+06,9.827732e+06,-1.156910e-03,-4.929568e-03,-1.639570e-02,8.749175e-18,282,11193
0.000000e+00,-1.307701e-07,-2.331826e-07,4.854364e-07,0.000000e+00,0.000000e+00,0.000000e+00,1.457425e+07,2.609317e+07,-3.418539e+07,3.281192e-18,283,0
1.028636e-09,-1.045178e-03,-1.641393e-03,2.500502e-03,-1.016576e+06,-1.596418e+06,2.431814e+06,3.900239e-01,6.091649e-01,-8.527943e-01,3.281192e-18,283,4526
1.028045e-08,-1.045084e-02,-1.641192e-02,2.500026e-02,-1.016639e+06,-1.596517e+06,2.431952e+06,3.730524e-03,5.741445e-03,-8.789539e-03,3.281192e-18,283,45234
0.000000e+00,1.405033e-08,-6.074520e-08,3.508473e-07,0.000000e+00,0.000000e+00,0.000000e+00,-3.017745e+06,1.718251e+07,-7.619730e+07,5.060085e-18,284,0
6.445455e-10,1.031759e-04,-5.775110e-04,2.500632e-03,1.601315e+05,-8.963061e+05,3.880813e+06,-8.051026e-02,4.172460e-01,-1.742169e+00,5.060085e-18,284,2836
6.442045e-09,1.031577e-03,-5.774049e-03,2.500050e-02,1.601396e+05,-8.963486e+05,3.880990e+06,-7.940718e-04,4.095517e-03,-1.754585e-02,5.060085e-18,284,28345
0.000000e+00,1.485281e-07,2.918380e-08,3.821867e-07,0.000000e+00,0.000000e+00,0.000000e+00,-2.887266e+07,-5.449099e+06,-5.581003e+07,4.425896e-18,285,0
7.997727e-10,1.308991e-03,2.648691e-04,2.500615e-03,1.637358e+06,3.313361e+05,3.127729e+06,-6.909322e-01,-1.571213e-01,-1.269036e+00,4.425896e-18,285,3519
7.993182e-09,1.308770e-02,2.648423e-03,2.500061e-02,1.637446e+06,3.313559e+05,3.127890e+06,-6.887651e-03,-1.588763e-03,-1.287931e-02,4.425896e-18,285,35170
0.000000e+00,1.942003e-07,-1.144332e-07,3.359796e-07,0.000000e+00,0.000000e+00,0.000000e+00,-4.019481e+07,2.044616e+07,-5.059684e+07,4.405441e-18,286,0
9.350000e-10,2.027515e-03,-1.057177e-03,2.500075e-03,2.169146e+06,-1.131021e+06,2.674544e+06,-6.242378e-01,3.284128e-01,-7.162655e-01,4.405441e-18,286,4114
9.347500e-09,2.027610e-02,-1.057223e-02,2.500042e-02,2.169238e+06,-1.131070e+06,2.674650e+06,-6.048483e-03,3.172233e-03,-7.298336e-03,4.405441e-18,286,41129
0.000000e+00,-9.208681e-08,4.160856e-08,6.625918e-07,0.000000e+00,0.000000e+00,0.000000e+00,1.516712e+07,-4.112507e+05,-4.195990e+07,2.815143e-18,287,0
9.154545e-10,-8.388664e-04,6.007982e-05,2.500504e-03,-9.169261e+05,6.566090e+04,2.732767e+06,5.349973e-01,-4.677632e-02,-1.515815e+00,2.815143e-18,287,4028
9.148182e-09,-8.388196e-03,6.006941e-04,2.500012e-02,-9.170035e+05,6.566763e+04,2.732986e+06,5.275751e-03,-8.387800e-05,-1.551861e-02,2.815143e-18,287,40252
0.000000e+00,-1.554967e-07,1.400928e-07,5.534790e-07,0.000000e+00,0.000000e+00,0.000000e+00,1.888606e+07,-1.846956e+07,-3.840421e+07,3.137616e-18,288,0
9.963636e-10,-1.195529e-03,1.122142e-03,2.500519e-03,-1.200518e+06,1.126767e+06,2.510711e+06,5.205420e-01,-4.502968e-01,-1.054347e+00,3.137616e-18,288,4384
9.957273e-09,-1.195387e-02,1.121953e-02,2.500001e-02,-1.200599e+06,1.126838e+06,2.510878e+06,4.510146e-03,-4.386038e-03,-1.078891e-02,3.137616e-18,288,43812
0.000000e+00,-1.641010e-07,1.535642e-08,2.866077e-07,0.000000e+00,0.000000e+00,0.000000e+00,5.224951e+07,-4.284907e+06,-7.058318e+07,5.329773e-18,289,0
7.397727e-10,-1.880197e-03,1.545837e-04,2.500604e-03,-2.542186e+06,2.090084e+05,3.380881e+06,7.405410e-01,-6.137190e-02,-9.388591e-01,5.329773e-18,289,3255
7.394545e-09,-1.879834e-02,1.545527e-03,2.500021e-02,-2.542272e+06,2.090156e+05,3.380991e+06,7.324028e-03,-5.860514e-04,-9.443064e-03,5.329773e-18,289,32536
0.000000e+00,-2.262720e-08,1.721229e-07,4.883506e-07,0.000000e+00,0.000000e+00,0.000000e+00,1.671994e+06,-2.147201e+07,-4.163406e+07,3.578881e-18,290,0
9.331818e-10,-9.953787e-05,1.330960e-03,2.500502e-03,-1.067160e+05,1.427064e+06,2.680756e+06,5.413698e-02,-6.984898e-01,-1.215765e+00,3.578881e-18,290,4106
9.325909e-09,-9.952320e-04,1.330864e-02,2.500060e-02,-1.067240e+05,1.427167e+06,2.680935e+06,5.106580e-04,-6.657509e-03,-1.254183e-02,3.578881e-18,290,41034
0.000000e+00,-3.767907e-08,-5.871878e-09,6.597543e-07,0.000000e+00,0.000000e+00,0.000000e+00,2.646890e+06,-1.430160e+06,-3.772281e+07,2.853578e-18,291,0
9.106818e-10,-2.083726e-04,9.178323e-05,2.500219e-03,-2.289966e+05,1.009190e+05,2.747086e+06,1.683489e-01,-1.021264e-01,-1.743845e+00,2.853578e-18,291,4007
9.100682e-09,-2.084018e-03,9.184092e-04,2.500055e-02,-2.290207e+05,1.009337e+05,2.747337e+06,1.464988e-03,-7.729597e-04,-1.775873e-02,2.853578e-18,291,40043
0.000000e+00,1.748935e-07,1.496484e-07,5.425576e-07,0.000000e+00,0.000000e+00,0.000000e+00,-1.776224e+07,-1.714359e+07,-3.443999e+07,3.137734e-18,292,0
1.069091e-09,1.268878e-03,1.233391e-03,2.500512e-03,1.187538e+06,1.154335e+06,2.339949e+06,-5.151154e-01,-4.944989e-01,-9.371222e-01,3.137734e-18,292,4704
1.068409e-08,1.268775e-02,1.233298e-02,2.500038e-02,1.187625e+06,1.154418e+06,2.340107e+06,-4.870004e-03,-4.743862e-03,-9.658255e-03,3.137734e-18,292,47010
0.000000e+00,1.055809e-07,-3.964033e-08,4.667110e-07,0.000000e+00,0.000000e+00,0.000000e+00,-1.539119e+07,5.553306e+06,-4.898406e+07,3.867781e-18,293,0
8.059091e-10,7.129939e-04,-3.055360e-04,2.500421e-03,8.851320e+05,-3.793382e+05,3.104014e+06,-4.632165e-01,2.182963e-01,-1.604077e+00,3.867781e-18,293,3546
8.054091e-09,7.128945e-03,-3.055215e-03,2.500010e-02,8.851910e+05,-3.793660e+05,3.104218e+06,-4.605499e-03,2.028873e-03,-1.625571e-02,3.867781e-18,293,35438
0.000000e+00,-1.285807e-07,4.030211e-08,5.624357e-07,0.000000e+00,0.000000e+00,0.000000e+00,1.505164e+07,-3.135511e+06,-3.766609e+07,3.251513e-18,294,0
9.425000e-10,-9.907933e-04,2.147523e-04,2.500429e-03,-1.051943e+06,2.280001e+05,2.654387e+06,6.010357e-01,-1.361143e-01,-1.397853e+00,3.251513e-18,294,4147
9.418409e-09,-9.907596e-03,2.147402e-03,2.500023e-02,-1.052033e+06,2.280203e+05,2.654595e+06,5.402337e-03,-9.271206e-04,-1.433434e-02,3.251513e-18,294,41441
0.000000e+00,-1.651008e-07,9.617568e-08,6.181580e-07,0.000000e+00,0.000000e+00,0.000000e+00,1.470707e+07,-1.096909e+07,-3.417745e+07,2.866998e-18,295,0
1.020455e-09,-1.032948e-03,7.355884e-04,2.500441e-03,-1.012872e+06,7.213086e+05,2.451608e+06,5.240972e-01,-3.741101e-01,-1.226599e+00,2.866998e-18,295,4490
1.019750e-08,-1.032877e-02,7.355528e-03,2.500046e-02,-1.012957e+06,7.213689e+05,2.451806e+06,4.972138e-03,-3.648721e-03,-1.265176e-02,2.866998e-18,295,44869
0.000000e+00,-1.234344e-08,-2.114847e-07,4.644343e-07,0.000000e+00,0.000000e+00,0.000000e+00,4.454864e+04,2.810621e+07,-3.628224e+07,3.604553e-18,296,0
1.051591e-09,-4.398136e-05,-1.919207e-03,2.500361e-03,-4.185793e+04,-1.825978e+06,2.378680e+06,2.510536e-02,7.040281e-01,-8.687426e-01,3.604553e-18,296,4627
1.051000e-08,-4.399234e-04,-1.919097e-02,2.500002e-02,-4.186209e+04,-1.826095e+06,2.378824e+06,2.115980e-04,6.739115e-03,-9.043126e-03,3.604553e-18,296,46244
0.000000e+00,-1.602450e-07,-7.967408e-08,4.699993e-07,0.000000e+00,0.000000e+00,0.000000e+00,2.115104e+07,1.166998e+07,-4.196057e+07,3.669486e-18,297,0
9.395455e-10,-1.277205e-03,-7.257653e-04,2.500173e-03,-1.360089e+06,-7.729072e+05,2.662183e+06,6.117147e-01,3.722279e-01,-1.133752e+00,3.669486e-18,297,4134
9.390909e-09,-1.277244e-02,-7.258271e-03,2.500042e-02,-1.360179e+06,-7.729624e+05,2.662351e+06,5.949854e-03,3.550614e-03,-1.154395e-02,3.669486e-18,297,41320
0.000000e+00,-5.619964e-10,9.210174e-09,3.953617e-07,0.000000e+00,0.000000e+00,0.000000e+00,-1.802383e+06,-2.015371e+06,-6.382862e+07,4.625228e-18,298,0
6.968182e-10,5.942990e-05,8.924346e-05,2.500535e-03,8.532010e+04,1.281485e+05,3.589918e+06,-3.181557e-02,-8.559257e-02,-1.877686e+00,4.625228e-18,298,3066
6.964091e-09,5.941724e-04,8.924338e-04,2.500060e-02,8.532360e+04,1.281579e+05,3.590125e+06,-3.513819e-04,-7.940085e-04,-1.892959e-02,4.625228e-18,298,30642
0.000000e+00,-2.131273e-07,-3.792405e-08,5.958637e-07,0.000000e+00,0.000000e+00,0.000000e+00,2.011446e+07,5.043419e+06,-3.315691e+07,2.911163e-18,299,0
1.054318e-09,-1.434097e-03,-3.210797e-04,2.500203e-03,-1.361043e+06,-3.047242e+05,2.372580e+06,6.661836e-01,1.487187e-01,-1.092990e+00,2.911163e-18,299,4639
1.053705e-08,-1.434136e-02,-3.210891e-03,2.500016e-02,-1.361153e+06,-3.047490e+05,2.372762e+06,6.409597e-03,1.530143e-03,-1.139237e-02,2.911163e-18,299,46363
0.000000e+00,6.677586e-08,-8.136575e-08,6.675755e-07,0.000000e+00,0.000000e+00,0.000000e+00,-5.639680e+06,6.627236e+06,-3.569440e+07,2.761011e-18,300,0
9.604545e-10,4.102053e-04,-4.898965e-04,2.500548e-03,4.274215e+05,-5.104543e+05,2.605052e+06,-2.808864e-01,3.346191e-01,-1.568493e+00,2.761011e-18,300,4226
9.596818e-09,4.101877e-03,-4.898728e-03,2.500043e-02,4.274641e+05,-5.105050e+05,2.605290e+06,-2.551834e-03,3.157236e-03,-1.617887e-02,2.761011e-18,300,42226
0.000000e+00,-4.760475e-08,2.212851e-07,2.789355e-07,0.000000e+00,0.000000e+00,0.000000e+00,1.106742e+07,-6.286463e+07,-5.203185e+07,4.909108e-18,301,0
9.909091e-10,-5.351343e-04,3.053197e-03,2.500475e-03,-5.401387e+05,3.081840e+06,2.523792e+06,9.387021e-02,-5.673676e-01,-4.325806e-01,4.909108e-18,301,4360
9.905682e-09,-5.350456e-03,3.052775e-02,2.500001e-02,-5.401534e+05,3.081929e+06,2.523860e+06,9.477088e-04,-5.495601e-03,-4.412527e-03,4.909108e-18,301,43585
0.000000e+00,2.333210e-07,4.049767e-08,3.354403e-07,0.000000e+00,0.000000e+00,0.000000e+00,-4.823746e+07,-5.764801e+06,-4.361681e+07,4.338662e-18,302,0
1.065682e-09,2.826688e-03,3.264217e-04,2.500197e-03,2.653282e+06,3.063798e+05,2.346621e+06,-6.271252e-01,-6.922139e-02,-4.990646e-01,4.338662e-18,302,4689
1.065364e-08,2.826708e-02,3.264069e-03,2.500016e-02,2.653388e+06,3.063914e+05,2.346705e+06,-5.871781e-03,-6.569679e-04,-5.141747e-03,4.338662e-18,302,46876
0.000000e+00,2.073402e-07,9.938540e-08,4.351266e-07,0.000000e+00,0.000000e+00,0.000000e+00,-3.012906e+07,-1.460026e+07,-3.950085e+07,3.712027e-18,303,0
1.049318e-09,1.952443e-03,9.594462e-04,2.500256e-03,1.861499e+06,9.147740e+05,2.383540e+06,-6.354051e-01,-3.228752e-01,-7.414265e-01,3.712027e-18,303,4617
1.048864e-08,1.952454e-02,9.594707e-03,2.500021e-02,1.861604e+06,9.148275e+05,2.383663e+06,-6.009088e-03,-2.948933e-03,-7.664098e-03,3.712027e-18,303,46150
0.000000e+00,-2.471163e-07,3.270255e-08,4.824702e-07,0.000000e+00,0.000000e+00,0.000000e+00,2.914945e+07,-4.215413e+06,-3.406161e+07,3.366267e-18,304,0
1.118864e-09,-2.138136e-03,3.030906e-04,2.500427e-03,-1.911942e+06,2.710180e+05,2.235647e+06,6.888936e-01,-9.150055e-02,-7.353761e-01,3.366267e-18,304,4923
1.118250e-08,-2.138024e-02,3.030652e-03,2.500025e-02,-1.912064e+06,2.710342e+05,2.235777e+06,6.581863e-03,-9.651191e-04,-7.730439e-03,3.366267e-18,304,49203
0.000000e+00,5.361052e-08,1.899347e-08,6.612171e-07,0.000000e+00,0.000000e+00,0.000000e+00,-3.410651e+06,-2.578142e+06,-3.784330e+07,2.827748e-18,305,0
9.204545e-10,2.563676e-04,1.952185e-04,2.500440e-03,2.786927e+05,2.122991e+05,2.718132e+06,-1.576031e-01,-1.705720e-01,-1.699054e+00,2.827748e-18,305,4050
9.197500e-09,2.563277e-03,1.952597e-03,2.500024e-02,2.787156e+05,2.123238e+05,2.718379e+06,-1.526685e-03,-1.474930e-03,-1.748644e-02,2.827748e-18,305,40469
0.000000e+00,1.321765e-07,-6.860710e-08,2.708507e-07,0.000000e+00,0.000000e+00,0.000000e+00,-5.499170e+07,2.728448e+07,-9.155375e+07,5.687235e-18,306,0
6.127273e-10,1.515176e-03,-7.515355e-04,2.500666e-03,2.473217e+06,-1.226721e+06,4.081695e+06,-6.683699e-01,3.277361e-01,-1.053010e+00,5.687235e-18,306,2696
6.125000e-09,1.514852e-02,-7.513702e-03,2.500055e-02,2.473282e+06,-1.226753e+06,4.081797e+06,-6.603522e-03,3.276253e-03,-1.059065e-02,5.687235e-18,306,26950
0.000000e+00,1.482399e-07,5.772760e-08,3.467843e-07,0.000000e+00,0.000000e+00,0.000000e+00,-3.618293e+07,-1.285654e+07,-6.050051e+07,4.720037e-18,307,0
7.931818e-10,1.540363e-03,5.593632e-04,2.500658e-03,1.942672e+06,7.054687e+05,3.153537e+06,-7.114183e-01,-2.724430e-01,-1.065543e+00,4.720037e-18,307,3490
7.927727e-09,1.540097e-02,5.592763e-03,2.500050e-02,1.942761e+06,7.055029e+05,3.153671e+06,-7.003971e-03,-2.666131e-03,-1.086794e-02,4.720037e-18,307,34882
0.000000e+00,-7.347228e-08,8.745156e-08,6.310449e-07,0.000000e+00,0.000000e+00,0.000000e+00,9.419088e+06,-1.806306e+07,-3.447723e+07,2.934234e-18,308,0
1.007955e-09,-6.400474e-04,1.141663e-03,2.500541e-03,-6.353962e+05,1.133407e+06,2.482029e+06,3.160089e-01,-5.753960e-01,-1.198361e+00,2.934234e-18,308,4435
1.007250e-08,-6.400003e-03,1.141617e-02,2.500043e-02,-6.354465e+05,1.133498e+06,2.482220e+06,2.998205e-03,-5.577524e-03,-1.241231e-02,2.934234e-18,308,44319
0.000000e+00,8.130545e-08,-6.021545e-09,5.728148e-07,0.000000e+00,0.000000e+00,0.000000e+00,-6.372464e+06,-9.737953e+05,-3.343445e+07,3.256829e-18,309,0
9.363636e-10,4.891155e-04,5.750389e-05,2.500390e-03,5.227457e+05,6.146002e+04,2.672038e+06,-3.347164e-01,-3.823137e-02,-1.603788e+00,3.256829e-18,309,4120
9.356364e-09,4.890979e-03,5.750367e-04,2.500060e-02,5.227952e+05,6.146564e+04,2.672275e+06,-3.175906e-03,-2.070937e-04,-1.692873e-02,3.256829e-18,309,41168
0.000000e+00,-2.213836e-07,4.201914e-09,2.667085e-07,0.000000e+00,0.000000e+00,0.000000e+00,6.548402e+07,-2.326770e+05,-5.814357e+07,5.047490e-18,310,0
9.072727e-10,-2.857989e-03,1.163840e-05,2.500550e-03,-3.150696e+06,1.282699e+04,2.756519e+06,6.225327e-01,-2.356583e-03,-5.071245e-01,5.047490e-18,310,3992
9.069545e-09,-2.857544e-02,1.163381e-04,2.500050e-02,-3.150786e+06,1.282733e+04,2.756592e+06,6.071359e-03,-2.443892e-05,-5.130478e-03,5.047490e-18,310,39906
0.000000e+00,-1.668470e-07,-1.999698e-07,2.950052e-07,0.000000e+00,0.000000e+00,0.000000e+00,3.771951e+07,4.348716e+07,-4.350013e+07,4.467077e-18,311,0
1.125682e-09,-2.198435e-03,-2.532864e-03,2.500154e-03,-1.953446e+06,-2.250596e+06,2.221402e+06,3.536667e-01,4.040872e-01,-3.705886e-01,4.467077e-18,311,4953
1.125432e-08,-2.198471e-02,-2.532893e-02,2.500048e-02,-1.953509e+06,-2.250668e+06,2.221468e+06,3.373918e-03,3.885132e-03,-3.795858e-03,4.467077e-18,311,49519
0.000000e+00,-1.494018e-08,-1.610089e-07,3.797897e-07,0.000000e+00,0.000000e+00,0.000000e+00,2.823699e+06,3.386819e+07,-5.057983e+07,4.391401e-18,312,0
8.702273e-10,-1.633364e-04,-1.695439e-03,2.500041e-03,-1.877848e+05,-1.949073e+06,2.873798e+06,7.926407e-02,7.416499e-01,-1.020755e+00,4.391401e-18,312,3829
8.699318e-09,-1.633592e-03,-1.695557e-02,2.500018e-02,-1.877957e+05,-1.949175e+06,2.873939e+06,7.033915e-04,7.204234e-03,-1.038369e-02,4.391401e-18,312,38277
0.000000e+00,-1.354802e-08,1.490145e-07,2.027134e-07,0.000000e+00,0.000000e+00,0.000000e+00,1.135624e+07,-1.022722e+08,-1.147513e+08,6.819199e-18,313,0
5.202273e-10,-2.486223e-04,2.235438e-03,2.500874e-03,-4.779443e+05,4.297271e+06,4.807439e+06,8.061015e-02,-6.991203e-01,-7.563215e-01,6.819199e-18,313,2289
5.200455e-09,-2.485536e-03,2.234787e-02,2.500102e-02,-4.779509e+05,4.297329e+06,4.807501e+06,7.965933e-04,-6.957976e-03,-7.587133e-03,6.819199e-18,313,22882
0.000000e+00,-1.489523e-07,-4.611388e-08,6.007728e-07,0.000000e+00,0.000000e+00,0.000000e+00,1.739566e+07,7.318430e+06,-3.844595e+07,3.016690e-18,314,0
9.700000e-10,-1.110598e-03,-4.686403e-04,2.500443e-03,-1.145628e+06,-4.834605e+05,2.579022e+06,5.845557e-01,2.658319e-01,-1.277805e+00,3.016690e-18,314,4268
9.693636e-09,-1.110528e-02,-4.686468e-03,2.500031e-02,-1.145717e+06,-4.835012e+05,2.579218e+06,5.567825e-03,2.563301e-03,-1.309559e-02,3.016690e-18,314,42652
0.000000e+00,-2.645066e-07,-4.811937e-08,3.903730e-07,0.000000e+00,0.000000e+00,0.000000e+00,4.068282e+07,8.347142e+06,-3.613495e+07,3.788778e-18,315,0
1.185682e-09,-2.879439e-03,-6.185958e-04,2.500169e-03,-2.429379e+06,-5.219316e+05,2.109179e+06,5.938473e-01,1.366382e-01,-4.638386e-01,3.788778e-18,315,5217
1.185295e-08,-2.879527e-02,-6.186408e-03,2.500012e-02,-2.429491e+06,-5.219571e+05,2.109266e+06,5.635783e-03,1.263966e-03,-4.831770e-03,3.788778e-18,315,52153
0.000000e+00,-1.885928e-07,3.284313e-09,5.700977e-07,0.000000e+00,0.000000e+00,0.000000e+00,2.478376e+07,-9.437345e+06,-2.046955e+07,3.117555e-18,316,0
1.315455e-09,-2.443611e-03,7.846297e-04,2.500086e-03,-1.858725e+06,5.968528e+05,1.901381e+06,6.069971e-01,-1.951061e-01,-5.708874e-01,3.117555e-18,316,5788
1.314841e-08,-2.443905e-02,7.847558e-03,2.500020e-02,-1.858851e+06,5.968933e+05,1.901500e+06,5.881267e-03,-1.888518e-03,-6.016297e-03,3.117555e-18,316,57853
0.000000e+00,-5.007825e-08,9.756186e-08,5.301430e-07,0.000000e+00,0.000000e+00,0.000000e+00,4.882809e+06,-1.631611e+07,-4.121045e+07,3.465335e-18,317,0
9.093182e-10,-2.947884e-04,9.699182e-04,2.500552e-03,-3.243751e+05,1.067302e+06,2.751297e+06,1.792638e-01,-5.650838e-01,-1.417074e+00,3.465335e-18,317,4001
9.086591e-09,-2.947466e-03,9.698084e-03,2.500004e-02,-3.244008e+05,1.067383e+06,2.751501e+06,1.653708e-03,-5.589703e-03,-1.444765e-02,3.465335e-18,317,39981
0.000000e+00,-1.051339e-07,8.388037e-08,5.502946e-07,0.000000e+00,0.000000e+00,0.000000e+00,1.010381e+07,-1.161744e+07,-3.846088e+07,3.315428e-18,318,0
9.318182e-10,-6.781300e-04,7.126646e-04,2.500210e-03,-7.282022e+05,7.652930e+05,2.684596e+06,4.007846e-01,-4.143159e-01,-1.434116e+00,3.315428e-18,318,4100
9.312500e-09,-6.781370e-03,7.126764e-03,2.500042e-02,-7.282612e+05,7.653540e+05,2.684808e+06,3.685699e-03,-4.013709e-03,-1.457624e-02,3.315428e-18,318,40975
0.000000e+00,1.813142e-07,1.781181e-07,4.277489e-07,0.000000e+00,0.000000e+00,0.000000e+00,-2.490166e+07,-2.554240e+07,-3.628671e+07,3.652352e-18,319,0
1.127500e-09,1.730093e-03,1.786022e-03,2.500479e-03,1.535091e+06,1.584727e+06,2.218428e+06,-4.622208e-01,-4.783260e-01,-6.141115e-01,3.652352e-18,319,4961
1.126932e-08,1.729939e-02,1.785875e-02,2.500029e-02,1.535173e+06,1.584812e+06,2.218537e+06,-4.389827e-03,-4.500934e-03,-6.320143e-03,3.652352e-18,319,49585
0.000000e+00,1.867660e-07,1.024083e-09,5.231587e-07,0.000000e+00,0.000000e+00,0.000000e+00,-2.225025e+07,-5.373896e+05,-3.739195e+07,3.336244e-18,320,0
9.865909e-10,1.528540e-03,-3.793700e-05,2.500035e-03,1.550163e+06,-3.848081e+04,2.535133e+06,-6.884934e-01,1.229975e-02,-1.079115e+00,3.336244e-18,320,4341
9.861591e-09,1.528702e-02,-3.794682e-04,2.500057e-02,1.550270e+06,-3.848273e+04,2.535301e+06,-6.532470e-03,2.646248e-04,-1.122055e-02,3.336244e-18,320,43391
0.000000e+00,1.506835e-08,2.134723e-07,4.309675e-07,0.000000e+00,0.000000e+00,0.000000e+00,-1.077294e+06,-3.160496e+07,-4.204598e+07,3.799124e-18,321,0
9.827273e-10,6.470482e-05,1.889223e-03,2.500161e-03,6.587295e+04,1.923310e+06,2.545027e+06,-3.253930e-02,-7.381628e-01,-8.959006e-01,3.799124e-18,321,4324
9.823182e-09,6.470886e-04,1.889300e-02,2.500037e-02,6.587801e+04,1.923425e+06,2.545166e+06,-3.404782e-04,-6.966944e-03,-9.206821e-03,3.799124e-18,321,43222
0.000000e+00,7.130560e-09,-1.336177e-07,1.947368e-07,0.000000e+00,0.000000e+00,0.000000e+00,-5.062657e+06,1.096095e+08,-1.364271e+08,7.223188e-18,322,0
4.436364e-10,9.303594e-05,-2.013890e-03,2.501225e-03,2.097170e+05,-4.539655e+06,5.638103e+06,-3.363072e-02,7.236129e-01,-8.676638e-01,7.223188e-18,322,1952
4.434091e-09,9.299097e-04,-2.012934e-02,2.500002e-02,2.097193e+05,-4.539705e+06,5.638164e+06,-3.285355e-04,7.206668e-03,-8.709024e-03,7.223188e-18,322,19510
0.000000e+00,-2.850487e-08,-6.993470e-09,3.132071e-07,0.000000e+00,0.000000e+00,0.000000e+00,1.233392e+07,1.967247e+06,-9.471787e+07,5.648699e-18,323,0
5.606818e-10,-3.323073e-04,-5.152115e-05,2.500315e-03,-5.928533e+05,-9.190047e+04,4.460372e+06,2.687648e-01,2.513133e-02,-1.848314e+00,5.648699e-18,323,2467
5.605000e-09,-3.322947e-03,-5.151057e-04,2.500054e-02,-5.928771e+05,-9.190270e+04,4.460536e+06,2.695100e-03,2.438807e-04,-1.856739e-02,5.648699e-18,323,24662
0.000000e+00,-6.088089e-08,2.116998e-07,2.568574e-07,0.000000e+00,0.000000e+00,0.000000e+00,2.001354e+07,-6.638554e+07,-5.723000e+07,5.175452e-18,324,0
9.284091e-10,-8.887550e-04,2.931955e-03,2.500591e-03,-9.574678e+05,3.158601e+06,2.693774e+06,1.744612e-01,-5.596336e-01,-4.503435e-01,5.175452e-18,324,4085
9.280682e-09,-8.885964e-03,2.931402e-02,2.500018e-02,-9.574934e+05,3.158683e+06,2.693840e+06,1.706968e-03,-5.477371e-03,-4.552373e-03,5.175452e-18,324,40835
0.000000e+00,-7.685192e-08,-7.027103e-08,5.545713e-07,0.000000e+00,0.000000e+00,0.000000e+00,5.291600e+05,5.479325e+06,-3.997172e+07,3.343766e-18,325,0
8.793182e-10,-1.344903e-04,-3.821546e-04,2.500406e-03,-1.530309e+05,-4.349147e+05,2.845241e+06,1.122737e-01,2.951842e-01,-1.721887e+00,3.343766e-18,325,3869
8.786591e-09,-1.344649e-03,-3.821412e-03,2.500007e-02,-1.530465e+05,-4.349557e+05,2.845480e+06,9.748493e-04,2.905577e-03,-1.750682e-02,3.343766e-18,325,38661
0.000000e+00,-2.267634e-07,1.793926e-07,4.359730e-07,0.000000e+00,0.000000e+00,0.000000e+00,2.928359e+07,-2.090997e+07,-3.091914e+07,3.450144e-18,326,0
1.273409e-09,-2.353219e-03,1.713051e-03,2.500083e-03,-1.848740e+06,1.345804e+06,1.963901e+06,4.825496e-01,-3.519501e-01,-4.649616e-01,3.450144e-18,326,5603
1.272977e-08,-2.353398e-02,1.713174e-02,2.500013e-02,-1.848837e+06,1.345875e+06,1.963995e+06,4.616524e-03,-3.365550e-03,-4.900113e-03,3.450144e-18,326,56011
0.000000e+00,1.921804e-07,1.072077e-07,5.314193e-07,0.000000e+00,0.000000e+00,0.000000e+00,-2.071779e+07,-7.830782e+06,-3.455588e+07,3.211512e-18,327,0
1.040455e-09,1.445489e-03,5.980345e-04,2.500354e-03,1.390088e+06,5.751509e+05,2.404318e+06,-6.301419e-01,-3.011031e-01,-1.061364e+00,3.211512e-18,327,4578
1.039795e-08,1.445404e-02,5.980392e-03,2.500011e-02,1.390192e+06,5.752004e+05,2.404493e+06,-6.087823e-03,-2.777309e-03,-1.104313e-02,3.211512e-18,327,45751
0.000000e+00,-4.557118e-08,-1.248241e-07,3.633351e-07,0.000000e+00,0.000000e+00,0.000000e+00,1.098067e+07,2.888026e+07,-5.960671e+07,4.670190e-18,328,0
7.645455e-10,-4.771994e-04,-1.208652e-03,2.500264e-03,-6.244437e+05,-1.581475e+06,3.271284e+06,2.978333e-01,6.569812e-01,-1.272644e+00,4.670190e-18,328,3364
7.642273e-09,-4.772158e-03,-1.208606e-02,2.500014e-02,-6.244797e+05,-1.581555e+06,3.271438e+06,2.638662e-03,6.397787e-03,-1.305351e-02,4.670190e-18,328,33626
0.000000e+00,8.042768e-08,-2.023141e-07,3.605860e-07,0.000000e+00,0.000000e+00,0.000000e+00,-1.796497e+07,3.723190e+07,-4.889346e+07,4.266727e-18,329,0
9.456818e-10,9.409908e-04,-2.110963e-03,2.500344e-03,9.953773e+05,-2.232979e+06,2.644598e+06,-2.915529e-01,6.534957e-01,-6.918362e-01,4.266727e-18,329,4161
9.453409e-09,9.409695e-03,-2.110923e-02,2.500059e-02,9.954208e+05,-2.233077e+06,2.644702e+06,-2.780807e-03,6.173176e-03,-7.134417e-03,4.266727e-18,329,41595
0.000000e+00,-8.949752e-08,1.981412e-07,1.981670e-07,0.000000e+00,0.000000e+00,0.000000e+00,4.047870e+07,-8.807125e+07,-6.731223e+07,5.835261e-18,330,0
8.518182e-10,-1.513039e-03,3.294697e-03,2.500449e-03,-1.776405e+06,3.868186e+06,2.935606e+06,2.070729e-01,-4.538857e-01,-3.250957e-01,5.835261e-18,330,3748
8.516136e-09,-1.512815e-02,3.294209e-02,2.500015e-02,-1.776433e+06,3.868247e+06,2.935650e+06,2.053417e-03,-4.464281e-03,-3.278914e-03,5.835261e-18,330,37471
0.000000e+00,8.652888e-08,7.081142e-08,3.244931e-07,0.000000e+00,0.000000e+00,0.000000e+00,-2.489291e+07,-1.962185e+07,-7.970617e+07,5.216635e-18,331,0
6.456818e-10,7.981440e-04,6.393213e-04,2.500234e-03,1.236462e+06,9.904322e+05,3.873161e+06,-4.876025e-01,-4.066064e-01,-1.497835e+00,5.216635e-18,331,2841
6.454773e-09,7.981105e-03,6.393032e-03,2.500051e-02,1.236512e+06,9.904737e+05,3.873314e+06,-4.815900e-03,-4.005165e-03,-1.504096e-02,5.216635e-18,331,28401
0.000000e+00,-6.847127e-08,5.468207e-08,5.836058e-07,0.000000e+00,0.000000e+00,0.000000e+00,4.637241e+06,-6.676062e+06,-3.812404e+07,3.203047e-18,332,0
9.072727e-10,-3.341741e-04,4.225570e-04,2.500412e-03,-3.685798e+05,4.660712e+05,2.757595e+06,2.379918e-01,-2.894892e-01,-1.655701e+00,3.203047e-18,332,3992
9.065909e-09,-3.341513e-03,4.225342e-03,2.500022e-02,-3.686139e+05,4.661126e+05,2.757832e+06,2.229607e-03,-2.781367e-03,-1.678442e-02,3.203047e-18,332,39890
0.000000e+00,-6.097328e-08,1.943560e-07,4.758422e-07,0.000000e+00,0.000000e+00,0.000000e+00,9.893845e+06,-2.408626e+07,-4.340265e+07,3.569510e-18,333,0
9.340909e-10,-5.430918e-04,1.413471e-03,2.500204e-03,-5.816799e+05,1.513964e+06,2.677679e+06,2.415912e-01,-6.879034e-01,-1.101533e+00,3.569510e-18,333,4110
9.336591e-09,-5.430905e-03,1.413525e-02,2.500053e-02,-5.817155e+05,1.514065e+06,2.677842e+06,2.365060e-03,-6.481281e-03,-1.144528e-02,3.569510e-18,333,41081
0.000000e+00,1.988596e-07,5.774546e-08,4.318594e-07,0.000000e+00,0.000000e+00,0.000000e+00,-3.106114e+07,-5.579926e+06,-4.250975e+07,3.825467e-18,334,0
9.915909e-10,1.918098e-03,3.963285e-04,2.500295e-03,1.935252e+06,3.998776e+05,2.522382e+06,-7.171314e-01,-1.580022e-01,-8.613491e-01,3.825467e-18,334,4363
9.911364e-09,1.918093e-02,3.963329e-03,2.500036e-02,1.935364e+06,3.999024e+05,2.522517e+06,-6.788152e-03,-1.427452e-03,-8.884560e-03,3.825467e-18,334,43610
0.000000e+00,-5.279875e-08,7.661472e-08,6.592778e-07,0.000000e+00,0.000000e+00,0.000000e+00,1.997583e+06,-1.215901e+07,-3.847989e+07,2.821867e-18,335,0
9.375000e-10,-1.522849e-04,7.037123e-04,2.500581e-03,-1.625283e+05,7.511420e+05,2.668740e+06,1.053424e-01,-4.502137e-01,-1.548406e+00,2.821867e-18,335,4125
9.367727e-09,-1.522544e-03,7.036475e-03,2.500026e-02,-1.625439e+05,7.512086e+05,2.668969e+06,9.169457e-04,-4.382375e-03,-1.584329e-02,2.821867e-18,335,41218
0.000000e+00,3.946908e-08,-1.349644e-07,3.090578e-07,0.000000e+00,0.000000e+00,0.000000e+00,-1.037225e+07,4.587694e+07,-7.778503e+07,5.235876e-18,336,0
6.800000e-10,3.347253e-04,-1.489780e-03,2.500580e-03,4.923383e+05,-2.191368e+06,3.678014e+06,-1.517338e-01,7.135586e-01,-1.145091e+00,5.235876e-18,336,2992
6.797273e-09,3.346575e-03,-1.489537e-02,2.500062e-02,4.923546e+05,-2.191445e+06,3.678137e+06,-1.614195e-03,7.167115e-03,-1.167944e-02,5.235876e-18,336,29908
0.000000e+00,4.579410e-08,-5.508820e-08,5.544264e-07,0.000000e+00,0.000000e+00,0.000000e+00,-8.324247e+06,1.045564e+06,-3.916029e+07,3.373626e-18,337,0
8.881818e-10,5.035159e-04,-1.417938e-04,2.500422e-03,5.673245e+05,-1.597927e+05,2.816837e+06,-3.588345e-01,1.619939e-01,-1.657753e+00,3.373626e-18,337,3908
8.875227e-09,5.035095e-03,-1.418215e-03,2.500016e-02,5.673749e+05,-1.598154e+05,2.817070e+06,-3.458334e-03,1.210522e-03,-1.708597e-02,3.373626e-18,337,39051
0.000000e+00,1.460791e-07,7.767478e-09,5.218344e-07,0.000000e+00,0.000000e+00,0.000000e+00,-1.668560e+07,-3.749031e+06,-3.908546e+07,3.439550e-18,338,0
9.311364e-10,1.035731e-03,2.137853e-04,2.500265e-03,1.112963e+06,2.297338e+05,2.686562e+06,-5.619175e-01,-1.089118e-01,-1.366507e+00,3.439550e-18,338,4097
9.305682e-09,1.035686e-02,2.137812e-03,2.500039e-02,1.113045e+06,2.297498e+05,2.686763e+06,-5.711626e-03,-1.227119e-03,-1.409074e-02,3.439550e-18,338,40945
0.000000e+00,-7.543883e-08,1.317455e-07,3.142397e-07,0.000000e+00,0.000000e+00,0.000000e+00,2.623620e+07,-3.587849e+07,-6.984639e+07,5.106304e-18,339,0
7.284091e-10,-9.451144e-04,1.311872e-03,2.500614e-03,-1.297870e+06,1.801491e+06,3.433746e+06,4.326427e-01,-6.048386e-01,-1.100156e+00,5.106304e-18,339,3205
7.280682e-09,-9.449380e-03,1.311611e-02,2.500014e-02,-1.297919e+06,1.801561e+06,3.433873e+06,4.273541e-03,-5.985611e-03,-1.105204e-02,5.106304e-18,339,32035
0.000000e+00,-7.634689e-08,-2.112273e-07,5.633587e-07,0.000000e+00,0.000000e+00,0.000000e+00,9.316433e+06,2.024105e+07,-3.418807e+07,3.038758e-18,340,0
1.067955e-09,-7.224581e-04,-1.485574e-03,2.500343e-03,-6.769067e+05,-1.391845e+06,2.342335e+06,3.062444e-01,6.229519e-01,-9.918594e-01,3.038758e-18,340,4699
1.067318e-08,-7.224711e-03,-1.485540e-02,2.500034e-02,-6.769583e+05,-1.391950e+06,2.342503e+06,2.963875e-03,6.090056e-03,-1.031192e-02,3.038758e-18,340,46962
0.000000e+00,1.251620e-07,8.727746e-08,3.682566e-07,0.000000e+00,0.000000e+00,0.000000e+00,-2.635692e+07,-1.779113e+07,-5.716884e+07,4.548870e-18,341,0
8.002273e-10,1.176732e-03,8.160470e-04,2.500309e-03,1.471058e+06,1.020183e+06,3.125494e+06,-5.897682e-01,-4.293898e-01,-1.192640e+00,4.548870e-18,341,3521
7.998864e-09,1.176679e-02,8.160296e-03,2.500050e-02,1.471133e+06,1.020237e+06,3.125645e+06,-5.869198e-03,-4.154353e-03,-1.210073e-02,4.548870e-18,341,35195
0.000000e+00,-3.744388e-09,-1.992149e-07,3.051368e-07,0.000000e+00,0.000000e+00,0.000000e+00,3.135771e+05,5.263900e+07,-6.050696e+07,4.853177e-18,342,0
8.400000e-10,-1.228052e-05,-2.215339e-03,2.500531e-03,-1.461364e+04,-2.637975e+06,2.977418e+06,-2.229766e-03,7.154076e-01,-7.577268e-01,4.853177e-18,342,3696
8.396591e-09,-1.227079e-04,-2.215003e-02,2.500029e-02,-1.461333e+04,-2.638070e+06,2.977518e+06,-6.736874e-05,7.007224e-03,-7.676501e-03,4.853177e-18,342,36945
0.000000e+00,1.572077e-07,2.316551e-07,3.460967e-07,0.000000e+00,0.000000e+00,0.000000e+00,-2.560419e+07,-4.018087e+07,-3.830933e+07,3.995452e-18,343,0
1.182045e-09,1.697081e-03,2.643146e-03,2.500282e-03,1.436145e+06,2.236751e+06,2.115697e+06,-3.067653e-01,-4.758777e-01,-4.163855e-01,3.995452e-18,343,5201
1.181659e-08,1.697033e-02,2.643076e-02,2.500044e-02,1.436202e+06,2.236840e+06,2.115775e+06,-2.923940e-03,-4.529188e-03,-4.278344e-03,3.995452e-18,343,51993
0.000000e+00,-1.915665e-07,6.827692e-08,3.430464e-07,0.000000e+00,0.000000e+00,0.000000e+00,3.940928e+07,-1.478816e+07,-5.294978e+07,4.492007e-18,344,0
8.895455e-10,-1.919113e-03,7.184072e-04,2.500185e-03,-2.158130e+06,8.078828e+05,2.811392e+06,6.897201e-01,-2.566167e-01,-8.437479e-01,4.492007e-18,344,3914
8.892500e-09,-1.919117e-02,7.184095e-03,2.500041e-02,-2.158227e+06,8.079188e+05,2.811510e+06,6.732422e-03,-2.474831e-03,-8.529933e-03,4.492007e-18,344,39127
0.000000e+00,-2.005556e-10,5.262325e-09,5.231003e-07,0.000000e+00,0.000000e+00,0.000000e+00,-2.191886e+06,-8.726475e+05,-4.273427e+07,3.592230e-18,345,0
8.429545e-10,7.500311e-05,7.312497e-05,2.500467e-03,8.898948e+04,8.683141e+04,2.968007e+06,-1.767504e-02,-7.120023e-02,-1.800552e+00,3.592230e-18,345,3709
8.423182e-09,7.495784e-04,7.313862e-04,2.500014e-02,8.899186e+04,8.684086e+04,2.968247e+06,-5.545285e-04,-5.623926e-04,-1.843942e-02,3.592230e-18,345,37062
0.000000e+00,-1.816305e-09,-2.499753e-07,4.544835e-07,0.000000e+00,0.000000e+00,0.000000e+00,-5.815002e+06,3.389915e+07,-3.293966e+07,3.514357e-18,346,0
1.196591e-09,3.696952e-04,-2.627721e-03,2.500176e-03,3.091060e+05,-2.196991e+06,2.090075e+06,-8.482542e-02,6.433786e-01,-5.449509e-01,3.514357e-18,346,5265
1.196136e-08,3.697294e-03,-2.627891e-02,2.500027e-02,3.091220e+05,-2.197112e+06,2.090178e+06,-8.546535e-04,6.003478e-03,-5.710909e-03,3.514357e-18,346,52630
0.000000e+00,-7.983289e-08,-1.713629e-07,4.397325e-07,0.000000e+00,0.000000e+00,0.000000e+00,1.053971e+07,2.834703e+07,-4.199981e+07,3.840856e-18,347,0
9.784091e-10,-6.594639e-04,-1.710237e-03,2.500287e-03,-6.743319e+05,-1.748823e+06,2.556406e+06,2.639831e-01,6.869838e-01,-9.189472e-01,3.840856e-18,347,4305
9.779318e-09,-6.594494e-03,-1.710224e-02,2.500002e-02,-6.743726e+05,-1.748929e+06,2.556548e+06,2.444774e-03,6.518792e-03,-9.473711e-03,3.840856e-18,347,43029
0.000000e+00,5.296568e-08,-2.597758e-07,4.875249e-07,0.000000e+00,0.000000e+00,0.000000e+00,-6.049656e+06,2.894100e+07,-3.161658e+07,3.281651e-18,348,0
1.178409e-09,5.094354e-04,-2.278358e-03,2.500279e-03,4.325276e+05,-1.934361e+06,2.122556e+06,-1.444724e-01,6.426905e-01,-6.643038e-01,3.281651e-18,348,5185
1.177841e-08,5.094464e-03,-2.278364e-02,2.500046e-02,4.325545e+05,-1.934481e+06,2.122680e+06,-1.395531e-03,6.173778e-03,-6.942298e-03,3.281651e-18,348,51825
0.000000e+00,-2.729326e-09,8.552792e-08,5.832524e-07,0.000000e+00,0.000000e+00,0.000000e+00,-2.077930e+06,-1.114376e+07,-3.850319e+07,3.185238e-18,349,0
9.170455e-10,1.222417e-04,6.989472e-04,2.500545e-03,1.334139e+05,7.626796e+05,2.728278e+06,-8.367678e-02,-4.390849e-01,-1.568170e+00,3.185238e-18,349,4035
9.163409e-09,1.222504e-03,6.988715e-03,2.500047e-02,1.334261e+05,7.627432e+05,2.728506e+06,-9.020903e-04,-4.437921e-03,-1.600854e-02,3.185238e-18,349,40319
0.000000e+00,-1.683022e-08,9.295821e-08,3.336099e-07,0.000000e+00,0.000000e+00,0.000000e+00,6.385381e+06,-2.321814e+07,-7.529740e+07,5.179611e-18,350,0
6.552273e-10,-2.172741e-04,7.981087e-04,2.500405e-03,-3.317249e+05,1.218456e+06,3.817158e+06,1.532008e-01,-5.365690e-01,-1.609833e+00,5.179611e-18,350,2883
6.549545e-09,-2.172644e-03,7.980347e-03,2.500076e-02,-3.317408e+05,1.218512e+06,3.817325e+06,1.445006e-03,-5.277887e-03,-1.618897e-02,5.179611e-18,350,28818
0.000000e+00,-1.207481e-07,-1.878100e-07,2.724670e-07,0.000000e+00,0.000000e+00,0.000000e+00,2.170097e+07,5.151791e+07,-4.458059e+07,4.976613e-18,351,0
1.082727e-09,-1.272911e-03,-2.922891e-03,2.500025e-03,-1.175937e+06,-2.700258e+06,2.309456e+06,2.305391e-01,5.138929e-01,-4.095174e-01,4.976613e-18,351,4764
1.082523e-08,-1.272980e-02,-2.923086e-02,2.500047e-02,-1.175977e+06,-2.700346e+06,2.309526e+06,2.170541e-03,4.925454e-03,-4.199871e-03,4.976613e-18,351,47631
0.000000e+00,5.694856e-08,-1.581693e-07,5.064982e-07,0.000000e+00,0.000000e+00,0.000000e+00,-1.063345e+07,1.668572e+07,-3.746552e+07,3.489028e-18,352,0
9.581818e-10,6.449182e-04,-1.115195e-03,2.500367e-03,6.734556e+05,-1.164554e+06,2.610810e+06,-3.135691e-01,5.836961e-01,-1.245995e+00,3.489028e-18,352,4216
9.575682e-09,6.448760e-03,-1.115137e-02,2.500037e-02,6.735031e+05,-1.164643e+06,2.610999e+06,-2.958886e-03,5.596458e-03,-1.272131e-02,3.489028e-18,352,42133
0.000000e+00,4.148111e-08,-1.237734e-07,2.800916e-07,0.000000e+00,0.000000e+00,0.000000e+00,-1.325195e+07,5.185511e+07,-8.682759e+07,5.701369e-18,353,0
6.286364e-10,3.882521e-04,-1.508505e-03,2.500584e-03,6.177200e+05,-2.400126e+06,3.978408e+06,-1.891622e-01,7.339228e-01,-1.155830e+00,5.701369e-18,353,2766
6.284091e-09,3.881828e-03,-1.508265e-02,2.500083e-02,6.177388e+05,-2.400199e+06,3.978523e+06,-1.930336e-03,7.261564e-03,-1.161863e-02,5.701369e-18,353,27650
0.000000e+00,1.434050e-07,-1.437321e-08,4.008630e-07,0.000000e+00,0.000000e+00,0.000000e+00,-2.897634e+07,2.849273e+06,-5.245765e+07,4.289943e-18,354,0
8.300000e-10,1.405666e-03,-1.717889e-04,2.500126e-03,1.694321e+06,-2.070957e+05,3.013268e+06,-7.281933e-01,1.083645e-01,-1.215918e+00,4.289943e-18,354,3652
8.296818e-09,1.405744e-02,-1.718223e-03,2.500064e-02,1.694416e+06,-2.071099e+05,3.013428e+06,-7.094744e-03,1.009506e-03,-1.235886e-02,4.289943e-18,354,36506
0.000000e+00,-1.046371e-08,1.136258e-07,4.693769e-07,0.000000e+00,0.000000e+00,0.000000e+00,3.228658e+06,-2.182201e+07,-4.897468e+07,3.855432e-18,355,0
8.427273e-10,-1.437223e-04,1.117655e-03,2.500294e-03,-1.706317e+05,1.326920e+06,2.968167e+06,8.286439e-02,-6.447246e-01,-1.415955e+00,3.855432e-18,355,3708
8.422727e-09,-1.437179e-03,1.117625e-02,2.500018e-02,-1.706427e+05,1.327006e+06,2.968355e+06,7.481743e-04,-6.284859e-03,-1.429106e-02,3.855432e-18,355,37060
0.000000e+00,3.749295e-08,-7.431950e-08,2.428693e-07,0.000000e+00,0.000000e+00,0.000000e+00,-2.911494e+07,4.785052e+07,-1.342345e+08,6.763826e-18,356,0
4.400000e-10,5.434656e-04,-8.947625e-04,2.500654e-03,1.235266e+06,-2.033719e+06,5.683660e+06,-3.286853e-01,5.449910e-01,-1.477482e+00,6.763826e-18,356,1936
4.398636e-09,5.433509e-03,-8.945639e-03,2.500054e-02,1.235289e+06,-2.033756e+06,5.683763e+06,-3.237266e-03,5.419834e-03,-1.484207e-02,6.763826e-18,356,19354
0.000000e+00,2.236843e-08,-5.441164e-09,4.562004e-07,0.000000e+00,0.000000e+00,0.000000e+00,-3.932451e+06,-1.073256e+06,-4.584321e+07,4.069284e-18,357,0
8.045455e-10,2.262749e-04,4.470244e-05,2.500297e-03,2.814357e+05,5.561332e+04,3.109446e+06,-1.766023e-01,-4.486707e-02,-1.845903e+00,4.069284e-18,357,3540
8.040227e-09,2.262789e-03,4.471369e-04,2.500066e-02,2.814582e+05,5.561901e+04,3.109680e+06,-1.756975e-03,-3.880417e-04,-1.870473e-02,4.069284e-18,357,35377
0.000000e+00,-1.126657e-07,-1.980176e-07,4.343535e-07,0.000000e+00,0.000000e+00,0.000000e+00,1.609717e+07,3.038906e+07,-3.822697e+07,3.719043e-18,358,0
1.180000e-09,-1.103831e-03,-2.314942e-03,2.500197e-03,-9.358515e+05,-1.962707e+06,2.119486e+06,2.785706e-01,5.821590e-01,-5.780453e-01,3.719043e-18,358,5192
1.179545e-08,-1.103878e-02,-2.315092e-02,2.500045e-02,-9.359034e+05,-1.962815e+06,2.119594e+06,2.666539e-03,5.573168e-03,-6.025733e-03,3.719043e-18,358,51900
0.000000e+00,-1.088666e-07,-1.227765e-07,2.695840e-07,0.000000e+00,0.000000e+00,0.000000e+00,4.044430e+07,4.507235e+07,-7.962117e+07,5.539492e-18,359,0
6.865909e-10,-1.285648e-03,-1.430238e-03,2.500262e-03,-1.872852e+06,-2.083474e+06,3.642086e+06,4.957680e-01,5.464128e-01,-9.121108e-01,5.539492e-18,359,3021
6.864318e-09,-1.285589e-02,-1.430168e-02,2.500058e-02,-1.872906e+06,-2.083533e+06,3.642185e+06,4.908057e-03,5.426503e-03,-9.165088e-03,5.539492e-18,359,30203
0.000000e+00,1.480452e-08,1.643964e-07,2.420629e-07,0.000000e+00,0.000000e+00,0.000000e+00,-6.860784e+06,-7.904817e+07,-7.470801e+07,5.965874e-18,360,0
7.490909e-10,2.313915e-04,2.661178e-03,2.500258e-03,3.089405e+05,3.553040e+06,3.338042e+06,-5.760880e-02,-6.453865e-01,-5.751696e-01,5.965874e-18,360,3296
7.489545e-09,2.313829e-03,2.661071e-02,2.500056e-02,3.089473e+05,3.553117e+06,3.338110e+06,-5.695861e-04,-6.403597e-03,-5.805686e-03,5.965874e-18,360,32954
0.000000e+00,-1.413267e-07,1.491236e-07,4.217719e-07,0.000000e+00,0.000000e+00,0.000000e+00,1.949362e+07,-1.790647e+07,-3.829938e+07,3.904201e-18,361,0
1.009773e-09,-1.351863e-03,1.220499e-03,2.500031e-03,-1.339571e+06,1.209328e+06,2.476883e+06,5.986612e-01,-5.105742e-01,-9.347724e-01,3.904201e-18,361,4443
1.009341e-08,-1.352076e-02,1.220621e-02,2.500025e-02,-1.339667e+06,1.209410e+06,2.477032e+06,5.155527e-03,-4.656340e-03,-9.645920e-03,3.904201e-18,361,44411
0.000000e+00,1.654386e-07,4.258173e-08,2.388409e-07,0.000000e+00,0.000000e+00,0.000000e+00,-7.623498e+07,-1.569729e+07,-8.636911e+07,5.923467e-18,362,0
6.586364e-10,2.222414e-03,4.605352e-04,2.500582e-03,3.374682e+06,6.993039e+05,3.796957e+06,-6.941803e-01,-1.483297e-01,-7.469685e-01,5.923467e-18,362,2898
6.584318e-09,2.222006e-02,4.604463e-03,2.500052e-02,3.374754e+06,6.993194e+05,3.797035e+06,-6.888181e-03,-1.464716e-03,-7.500962e-03,5.923467e-18,362,28971
0.000000e+00,2.084742e-07,3.231106e-08,2.245053e-07,0.000000e+00,0.000000e+00,0.000000e+00,-8.834931e+07,-8.451647e+06,-6.911371e+07,5.614560e-18,363,0
8.206818e-10,3.221242e-03,3.106956e-04,2.500149e-03,3.925507e+06,3.786095e+05,3.046650e+06,-5.588907e-01,-5.359945e-02,-4.052627e-01,5.614560e-18,363,3611
8.205909e-09,3.221245e-02,3.106855e-03,2.500067e-02,3.925580e+06,3.786164e+05,3.046702e+06,-5.466139e-03,-5.251532e-04,-4.101179e-03,5.614560e-18,363,36106
0.000000e+00,1.283474e-07,1.089401e-07,1.685464e-07,0.000000e+00,0.000000e+00,0.000000e+00,-1.032893e+08,-8.480500e+07,-1.104415e+08,7.133568e-18,364,0
5.479545e-10,2.343912e-03,1.924299e-03,2.500578e-03,4.277688e+06,3.511878e+06,4.563533e+06,-4.546864e-01,-3.715472e-01,-4.660300e-01,7.133568e-18,364,2411
5.478409e-09,2.343502e-02,1.923958e-02,2.500103e-02,4.277728e+06,3.511910e+06,4.563573e+06,-4.529880e-03,-3.697562e-03,-4.677652e-03,7.133568e-18,364,24105
0.000000e+00,-5.951260e-08,7.715422e-08,6.336560e-07,0.000000e+00,0.000000e+00,0.000000e+00,-1.168445e+06,-2.184768e+07,-3.699997e+07,2.948185e-18,365,0
9.888636e-10,4.052987e-05,1.282228e-03,2.500045e-03,4.108729e+04,1.297509e+06,2.529364e+06,-3.740479e-02,-6.557941e-01,-1.202058e+00,2.948185e-18,365,4351
9.883864e-09,4.060443e-04,1.282432e-02,2.500012e-02,4.109314e+04,1.297611e+06,2.529552e+06,-2.520769e-04,-6.351541e-03,-1.255924e-02,2.948185e-18,365,43489
0.000000e+00,1.192157e-07,2.100556e-07,5.542570e-07,0.000000e+00,0.000000e+00,0.000000e+00,-1.197095e+07,-1.939339e+07,-3.463459e+07,3.040775e-18,366,0
1.055909e-09,8.785409e-04,1.388089e-03,2.500374e-03,8.325145e+05,1.315299e+06,2.369072e+06,-3.819178e-01,-5.723611e-01,-1.001141e+00,3.040775e-18,366,4646
1.055273e-08,8.785280e-03,1.387999e-02,2.500033e-02,8.325781e+05,1.315394e+06,2.369239e+06,-3.559449e-03,-5.746917e-03,-1.037502e-02,3.040775e-18,366,46432
0.000000e+00,-1.241099e-07,1.545810e-07,3.071164e-07,0.000000e+00,0.000000e+00,0.000000e+00,3.476670e+07,-3.790552e+07,-5.681269e+07,4.850770e-18,367,0
8.734091e-10,-1.546771e-03,1.705314e-03,2.500129e-03,-1.771442e+06,1.953004e+06,2.863110e+06,4.723999e-01,-5.268679e-01,-7.264878e-01,4.850770e-18,367,3843
8.731818e-09,-1.546791e-02,1.705329e-02,2.500027e-02,-1.771507e+06,1.953077e+06,2.863210e+06,4.631768e-03,-5.183849e-03,-7.336873e-03,4.850770e-18,367,38420
0.000000e+00,1.846719e-07,-4.228725e-08,4.583107e-07,0.000000e+00,0.000000e+00,0.000000e+00,-2.523118e+07,4.309192e+06,-4.070850e+07,3.714865e-18,368,0
9.709091e-10,1.578428e-03,-3.236747e-04,2.500137e-03,1.626563e+06,-3.335728e+05,2.576133e+06,-6.984042e-01,1.632043e-01,-1.041782e+00,3.714865e-18,368,4272
9.704545e-09,1.578501e-02,-3.237159e-03,2.500030e-02,1.626670e+06,-3.335979e+05,2.576293e+06,-6.609668e-03,1.495113e-03,-1.077325e-02,3.714865e-18,368,42700
0.000000e+00,1.432332e-07,-1.307843e-07,3.154678e-07,0.000000e+00,0.000000e+00,0.000000e+00,-3.805274e+07,3.060035e+07,-6.139696e+07,4.802122e-18,369,0
8.202273e-10,1.574056e-03,-1.280226e-03,2.500420e-03,1.919567e+06,-1.561236e+06,3.049106e+06,-5.643591e-01,4.669163e-01,-8.466726e-01,4.802122e-18,369,3609
8.199091e-09,1.573873e-02,-1.280074e-02,2.500003e-02,1.919641e+06,-1.561296e+06,3.049216e+06,-5.532306e-03,4.595224e-03,-8.575136e-03,4.802122e-18,369,36076
0.000000e+00,-8.354647e-08,-3.024944e-08,3.869381e-07,0.000000e+00,0.000000e+00,0.000000e+00,1.958782e+07,1.212062e+07,-6.577289e+07,4.598450e-18,370,0
7.131818e-10,-7.523514e-04,-4.666433e-04,2.500539e-03,-1.055327e+06,-6.545891e+05,3.507304e+06,4.911744e-01,3.010432e-01,-1.563982e+00,4.598450e-18,370,3138
7.127955e-09,-7.522329e-03,-4.665864e-03,2.500003e-02,-1.055382e+06,-6.546231e+05,3.507480e+06,4.793880e-03,3.011906e-03,-1.575486e-02,4.598450e-18,370,31363
0.000000e+00,-3.925185e-08,-6.081402e-08,3.060626e-07,0.000000e+00,0.000000e+00,0.000000e+00,1.711699e+07,2.372758e+07,-9.278008e+07,5.633100e-18,371,0
5.779545e-10,-4.685027e-04,-6.475480e-04,2.500672e-03,-8.108301e+05,-1.120682e+06,4.327609e+06,3.275235e-01,4.425221e-01,-1.634797e+00,5.633100e-18,371,2543
5.777045e-09,-4.684211e-03,-6.474250e-03,2.500095e-02,-8.108600e+05,-1.120722e+06,4.327759e+06,3.261151e-03,4.371275e-03,-1.641149e-02,5.633100e-18,371,25419
0.000000e+00,7.006457e-08,-1.403580e-07,3.510740e-07,0.000000e+00,0.000000e+00,0.000000e+00,-1.698308e+07,3.288697e+07,-6.239955e+07,4.676864e-18,372,0
7.720455e-10,6.986200e-04,-1.335142e-03,2.500019e-03,9.052061e+05,-1.729915e+06,3.239066e+06,-3.461783e-01,6.366949e-01,-1.157785e+00,4.676864e-18,372,3397
7.718409e-09,6.986753e-03,-1.335220e-02,2.500056e-02,9.052483e+05,-1.729992e+06,3.239208e+06,-3.389161e-03,6.308009e-03,-1.171373e-02,4.676864e-18,372,33961
0.000000e+00,-1.971013e-07,7.059359e-08,4.383828e-07,0.000000e+00,0.000000e+00,0.000000e+00,2.912827e+07,-9.450692e+06,-4.175731e+07,3.766141e-18,373,0
1.020682e-09,-1.821023e-03,7.651264e-04,2.500424e-03,-1.784974e+06,7.500053e+05,2.450667e+06,6.746728e-01,-2.759187e-01,-8.566120e-01,3.766141e-18,373,4491
1.020136e-08,-1.820913e-02,7.651024e-03,2.500027e-02,-1.785083e+06,7.500498e+05,2.450805e+06,6.419719e-03,-2.672375e-03,-8.763530e-03,3.766141e-18,373,44886
0.000000e+00,-1.425481e-07,1.601428e-08,2.278830e-07,0.000000e+00,0.000000e+00,0.000000e+00,8.075073e+07,-1.149368e+07,-1.081935e+08,6.407203e-18,374,0
5.413636e-10,-1.875246e-03,2.674905e-04,2.500437e-03,-3.464230e+06,4.941598e+05,4.619072e+06,7.270480e-01,-1.098012e-01,-9.311536e-01,6.407203e-18,374,2382
5.412500e-09,-1.875023e-02,2.674648e-03,2.500089e-02,-3.464292e+06,4.941692e+05,4.619152e+06,7.244236e-03,-1.027571e-03,-9.356308e-03,6.407203e-18,374,23815
0.000000e+00,-2.361918e-08,-4.238863e-09,6.131828e-07,0.000000e+00,0.000000e+00,0.000000e+00,2.142175e+06,2.058583e+06,-3.698639e+07,3.087915e-18,375,0
9.054545e-10,-1.722880e-04,-1.488333e-04,2.500426e-03,-1.904470e+05,-1.645440e+05,2.763274e+06,1.501618e-01,1.309121e-01,-1.792512e+00,3.087915e-18,375,3984
9.047273e-09,-1.723018e-03,-1.488647e-03,2.500023e-02,-1.904685e+05,-1.645627e+05,2.763530e+06,1.283686e-03,1.532586e-03,-1.829211e-02,3.087915e-18,375,39808
0.000000e+00,-2.642875e-07,-2.974726e-08,5.192516e-07,0.000000e+00,0.000000e+00,0.000000e+00,2.782153e+07,2.911096e+06,-3.241924e+07,3.128965e-18,376,0
1.140909e-09,-2.089688e-03,-2.189622e-04,2.500466e-03,-1.832536e+06,-1.920286e+05,2.192542e+06,6.774663e-01,7.953214e-02,-7.653414e-01,3.128965e-18,376,5020
1.140227e-08,-2.089505e-02,-2.189559e-03,2.500011e-02,-1.832658e+06,-1.920430e+05,2.192680e+06,6.582821e-03,6.780899e-04,-7.978452e-03,3.128965e-18,376,50170
0.000000e+00,-9.347054e-08,1.682957e-07,4.376189e-07,0.000000e+00,0.000000e+00,0.000000e+00,1.096929e+07,-2.329047e+07,-4.610887e+07,3.847125e-18,377,0
8.972727e-10,-6.510988e-04,1.278982e-03,2.500424e-03,-7.260317e+05,1.426073e+06,2.787860e+06,3.588267e-01,-6.254389e-01,-1.212347e+00,3.847125e-18,377,3948
8.967500e-09,-6.510679e-03,1.278831e-02,2.500023e-02,-7.260826e+05,1.426162e+06,2.788032e+06,3.401985e-03,-6.152049e-03,-1.226364e-02,3.847125e-18,377,39457
0.000000e+00,2.273568e-08,-2.000600e-07,4.098028e-07,0.000000e+00,0.000000e+00,0.000000e+00,-3.960088e+06,3.445138e+07,-4.277402e+07,3.984921e-18,378,0
9.850000e-10,2.609315e-04,-2.024984e-03,2.500221e-03,2.650251e+05,-2.056706e+06,2.539141e+06,-9.269490e-02,7.213235e-01,-8.204446e-01,3.984921e-18,378,4334
9.845909e-09,2.609400e-03,-2.025009e-02,2.500025e-02,2.650395e+05,-2.056818e+06,2.539268e+06,-9.145560e-04,6.865588e-03,-8.487512e-03,3.984921e-18,378,43322
0.000000e+00,-2.980117e-08,-1.493083e-07,4.448636e-07,0.000000e+00,0.000000e+00,0.000000e+00,9.876792e+06,2.545684e+07,-4.617524e+07,3.934839e-18,379,0
9.022727e-10,-4.846367e-04,-1.375269e-03,2.500351e-03,-5.374106e+05,-1.524958e+06,2.772274e+06,2.413197e-01,6.594624e-01,-1.157561e+00,3.934839e-18,379,3970
9.017955e-09,-4.846321e-03,-1.375198e-02,2.500035e-02,-5.374450e+05,-1.525052e+06,2.772439e+06,2.238971e-03,6.469325e-03,-1.183592e-02,3.934839e-18,379,39679
0.000000e+00,1.480317e-08,2.764952e-07,4.199387e-07,0.000000e+00,0.000000e+00,0.000000e+00,-1.703419e+06,-3.665887e+07,-3.432713e+07,3.585518e-18,380,0
1.196364e-09,8.998641e-05,2.732703e-03,2.500455e-03,7.521917e+04,2.285114e+06,2.090681e+06,-7.510424e-03,-6.333743e-01,-5.223740e-01,3.585518e-18,380,5264
1.195795e-08,8.994770e-04,2.732523e-02,2.500039e-02,7.522060e+04,2.285233e+06,2.090780e+06,-2.087096e-04,-5.955796e-03,-5.443932e-03,3.585518e-18,380,52615
0.000000e+00,2.348258e-07,6.356419e-08,3.693528e-07,0.000000e+00,0.000000e+00,0.000000e+00,-3.963714e+07,-6.082305e+06,-4.097555e+07,4.068220e-18,381,0
1.058636e-09,2.433769e-03,4.030980e-04,2.500436e-03,2.299824e+06,3.808990e+05,2.362632e+06,-6.641904e-01,-1.124541e-01,-6.280005e-01,4.068220e-18,381,4658
1.058159e-08,2.433577e-02,4.030530e-03,2.500050e-02,2.299935e+06,3.809178e+05,2.362737e+06,-6.219320e-03,-1.039745e-03,-6.503924e-03,4.068220e-18,381,46559
0.000000e+00,1.871284e-07,-1.033173e-07,2.066437e-07,0.000000e+00,0.000000e+00,0.000000e+00,-8.495826e+07,6.408719e+07,-5.959274e+07,5.794492e-18,382,0
9.675000e-10,3.579247e-03,-2.691867e-03,2.500584e-03,3.699739e+06,-2.782522e+06,2.584668e+06,-3.081641e-01,2.319539e-01,-2.023489e-01,5.794492e-18,382,4257
9.672500e-09,3.578582e-02,-2.691398e-02,2.500034e-02,3.699786e+06,-2.782558e+06,2.584699e+06,-2.992272e-03,2.253701e-03,-2.057035e-03,5.794492e-18,382,42559
0.000000e+00,-1.574532e-07,-3.650879e-08,3.653490e-07,0.000000e+00,0.000000e+00,0.000000e+00,3.314402e+07,9.808407e+06,-5.399728e+07,4.522256e-18,383,0
8.331818e-10,-1.527059e-03,-4.862589e-04,2.500559e-03,-1.833490e+06,-5.838765e+05,3.002201e+06,6.918296e-01,2.364749e-01,-1.112349e+00,4.522256e-18,383,3666
8.327273e-09,-1.526797e-02,-4.862075e-03,2.500023e-02,-1.833581e+06,-5.839076e+05,3.002347e+06,6.747363e-03,2.344126e-03,-1.124392e-02,4.522256e-18,383,36640
0.000000e+00,2.155977e-07,1.283518e-07,3.795542e-07,0.000000e+00,0.000000e+00,0.000000e+00,-3.546198e+07,-2.241124e+07,-3.869740e+07,3.955294e-18,384,0
1.123864e-09,2.321517e-03,1.467733e-03,2.500081e-03,2.066390e+06,1.306449e+06,2.225132e+06,-5.320480e-01,-3.423346e-01,-5.248950e-01,3.955294e-18,384,4945
1.123545e-08,2.321680e-02,1.467852e-02,2.500049e-02,2.066484e+06,1.306509e+06,2.225226e+06,-5.063270e-03,-3.178270e-03,-5.407247e-03,3.955294e-18,384,49436
0.000000e+00,-5.190326e-08,1.959729e-07,4.627641e-07,0.000000e+00,0.000000e+00,0.000000e+00,2.513061e+06,-2.661445e+07,-3.513488e+07,3.649733e-18,385,0
1.053409e-09,-2.009392e-04,1.888909e-03,2.500237e-03,-1.908245e+05,1.794109e+06,2.374469e+06,7.317302e-02,-7.148446e-01,-8.640755e-01,3.649733e-18,385,4635
1.052864e-08,-2.009140e-03,1.888943e-02,2.500000e-02,-1.908366e+05,1.794228e+06,2.374613e+06,6.105438e-04,-6.776579e-03,-9.022095e-03,3.649733e-18,385,46326
0.000000e+00,8.020633e-08,-1.754459e-09,1.687108e-07,0.000000e+00,0.000000e+00,0.000000e+00,-1.249453e+08,5.032642e+06,-2.400501e+08,9.029378e-18,386,0
2.581818e-10,1.302080e-03,-5.240894e-05,2.500663e-03,5.043191e+06,-2.029945e+05,9.685454e+06,-6.877322e-01,2.657355e-02,-1.297271e+00,9.029378e-18,386,1136
2.581364e-09,1.301838e-02,-5.240043e-04,2.500184e-02,5.043219e+06,-2.029956e+05,9.685507e+06,-6.867746e-03,2.583767e-04,-1.298315e-02,9.029378e-18,386,11358
0.000000e+00,1.522783e-07,-1.556143e-07,5.174781e-07,0.000000e+00,0.000000e+00,0.000000e+00,-1.537473e+07,1.538825e+07,-3.346564e+07,3.293140e-18,387,0
1.051591e-09,1.193105e-03,-1.170551e-03,2.500401e-03,1.135268e+06,-1.113786e+06,2.378860e+06,-5.219046e-01,5.038863e-01,-9.862137e-01,3.293140e-18,387,4627
1.050932e-08,1.193083e-02,-1.170509e-02,2.500029e-02,1.135354e+06,-1.113870e+06,2.379024e+06,-4.856272e-03,4.721460e-03,-1.021157e-02,3.293140e-18,387,46241
0.000000e+00,1.572502e-07,-6.361508e-08,2.122865e-07,0.000000e+00,0.000000e+00,0.000000e+00,-9.034651e+07,3.530197e+07,-9.334816e+07,6.339840e-18,388,0
6.277273e-10,2.432483e-03,-9.501954e-04,2.500261e-03,3.875375e+06,-1.513823e+06,3.983245e+06,-6.175168e-01,2.382881e-01,-6.012937e-01,6.339840e-18,388,2762
6.276364e-09,2.432335e-02,-9.501342e-03,2.500044e-02,3.875436e+06,-1.513847e+06,3.983304e+06,-6.113691e-03,2.367269e-03,-6.042888e-03,6.339840e-18,388,27616
0.000000e+00,-2.199053e-07,7.546529e-08,5.774403e-07,0.000000e+00,0.000000e+00,0.000000e+00,2.115851e+07,-7.655570e+06,-3.270747e+07,2.958989e-18,389,0
1.072273e-09,-1.537233e-03,5.502836e-04,2.500002e-03,-1.434467e+06,5.134742e+05,2.332615e+06,6.577969e-01,-2.180866e-01,-1.006975e+00,2.958989e-18,389,4718
1.071773e-08,-1.537421e-02,5.503270e-03,2.500050e-02,-1.434578e+06,5.135111e+05,2.332786e+06,6.302058e-03,-2.252831e-03,-1.044509e-02,2.958989e-18,389,47158
0.000000e+00,-1.110637e-07,4.072474e-09,5.107418e-07,0.000000e+00,0.000000e+00,0.000000e+00,1.422572e+07,1.344142e+06,-4.169379e+07,3.582644e-18,390,0
8.881818e-10,-8.913380e-04,-8.815102e-05,2.500070e-03,-1.004218e+06,-9.938051e+04,2.816298e+06,5.882548e-01,9.897043e-02,-1.519755e+00,3.582644e-18,390,3908
8.877045e-09,-8.914443e-03,-8.821801e-04,2.500050e-02,-1.004300e+06,-9.939442e+04,2.816512e+06,5.706927e-03,1.078976e-03,-1.540399e-02,3.582644e-18,390,39059
0.000000e+00,-2.169825e-07,-8.544346e-08,2.235916e-07,0.000000e+00,0.000000e+00,0.000000e+00,7.455492e+07,3.008479e+07,-5.788300e+07,5.338004e-18,391,0
9.495455e-10,-3.253522e-03,-1.312267e-03,2.500544e-03,-3.426855e+06,-1.382181e+06,2.633672e+06,4.763905e-01,1.923842e-01,-3.445295e-01,5.338004e-18,391,4178
9.492500e-09,-3.252949e-02,-1.312038e-02,2.500025e-02,-3.426926e+06,-1.382210e+06,2.633723e+06,4.629451e-03,1.871594e-03,-3.483914e-03,5.338004e-18,391,41767
0.000000e+00,-5.186226e-08,-1.096239e-07,1.360192e-07,0.000000e+00,0.000000e+00,0.000000e+00,8.956242e+07,1.869861e+08,-2.099960e+08,9.179014e-18,392,0
2.959091e-10,-1.066948e-03,-2.227482e-03,2.500808e-03,-3.605600e+06,-7.527456e+06,8.451073e+06,2.886959e-01,6.009325e-01,-6.613900e-01,9.179014e-18,392,1302
2.958409e-09,-1.066689e-02,-2.226940e-02,2.500186e-02,-3.605613e+06,-7.527485e+06,8.451104e+06,2.886351e-03,6.006592e-03,-6.619238e-03,9.179014e-18,392,13017
0.000000e+00,1.854930e-07,9.572332e-08,4.632725e-07,0.000000e+00,0.000000e+00,0.000000e+00,-2.384607e+07,-1.229676e+07,-4.148849e+07,3.620627e-18,393,0
9.756818e-10,1.503803e-03,8.210920e-04,2.500382e-03,1.542034e+06,8.420108e+05,2.563718e+06,-6.307639e-01,-3.711900e-01,-9.944564e-01,3.620627e-18,393,4293
9.751591e-09,1.503726e-02,8.210917e-03,2.500045e-02,1.542131e+06,8.420680e+05,2.563871e+06,-6.028713e-03,-3.467381e-03,-1.020896e-02,3.620627e-18,393,42907
0.000000e+00,1.975662e-07,-2.858494e-08,5.991570e-07,0.000000e+00,0.000000e+00,0.000000e+00,-1.951398e+07,-5.445790e+06,-2.808950e+07,2.943947e-18,394,0
1.138182e-09,1.552483e-03,4.528171e-04,2.500269e-03,1.364924e+06,3.981815e+05,2.197942e+06,-6.399001e-01,-1.926726e-01,-9.839277e-01,2.943947e-18,394,5008
1.137432e-08,1.552500e-02,4.528950e-03,2.500021e-02,1.365039e+06,3.982161e+05,2.198120e+06,-6.512929e-03,-1.900702e-03,-1.048771e-02,2.943947e-18,394,50047
0.000000e+00,-8.167312e-08,-4.337268e-08,1.947306e-07,0.000000e+00,0.000000e+00,0.000000e+00,8.577495e+07,4.568485e+07,-1.862599e+08,7.890715e-18,395,0
3.290909e-10,-1.152844e-03,-6.138689e-04,2.500430e-03,-3.503144e+06,-1.865360e+06,7.597974e+06,6.155268e-01,3.236736e-01,-1.295904e+00,7.890715e-18,395,1448
3.290455e-09,-1.152701e-02,-6.137919e-03,2.500096e-02,-3.503176e+06,-1.865377e+06,7.598042e+06,6.138282e-03,3.253717e-03,-1.297422e-02,7.890715e-18,395,14478
0.000000e+00,2.047114e-07,-3.805295e-08,2.999456e-07,0.000000e+00,0.000000e+00,0.000000e+00,-5.502843e+07,1.134929e+07,-5.640190e+07,4.837706e-18,396,0
8.988636e-10,2.482764e-03,-5.092666e-04,2.500170e-03,2.762789e+06,-5.667121e+05,2.781989e+06,-6.626490e-01,1.388052e-01,-6.163964e-01,4.837706e-18,396,3955
8.986364e-09,2.482745e-02,-5.092683e-03,2.500009e-02,2.762883e+06,-5.667318e+05,2.782076e+06,-6.445655e-03,1.328772e-03,-6.260111e-03,4.837706e-18,396,39540
0.000000e+00,-1.519928e-08,-8.975484e-08,5.577325e-07,0.000000e+00,0.000000e+00,0.000000e+00,3.000574e+06,1.157960e+07,-3.974730e+07,3.338002e-18,397,0
9.006818e-10,-2.043325e-04,-7.240642e-04,2.500590e-03,-2.270604e+05,-8.044541e+05,2.777845e+06,1.605061e-01,4.826421e-01,-1.555562e+00,3.338002e-18,397,3963
8.999773e-09,-2.043468e-03,-7.239871e-03,2.500009e-02,-2.270832e+05,-8.045227e+05,2.778067e+06,1.542606e-03,4.612879e-03,-1.584435e-02,3.338002e-18,397,39599
0.000000e+00,-1.637399e-07,1.959622e-07,5.380585e-07,0.000000e+00,0.000000e+00,0.000000e+00,1.764361e+07,-1.903505e+07,-3.505918e+07,3.081553e-18,398,0
1.077273e-09,-1.255225e-03,1.406172e-03,2.500026e-03,-1.165805e+06,1.306024e+06,2.321616e+06,4.775152e-01,-5.475956e-01,-8.524841e-01,3.081553e-18,398,4740
1.076841e-08,-1.255386e-02,1.406378e-02,2.500028e-02,-1.165887e+06,1.306117e+06,2.321761e+06,4.655186e-03,-4.920838e-03,-9.103544e-03,3.081553e-18,398,47381
0.000000e+00,1.070617e-07,-2.487757e-07,4.681270e-07,0.000000e+00,0.000000e+00,0.000000e+00,-1.090234e+07,3.066946e+07,-3.300342e+07,3.359666e-18,399,0
1.192727e-09,8.433516e-04,-2.363992e-03,2.500105e-03,7.074169e+05,-1.982923e+06,2.096847e+06,-2.355643e-01,6.161355e-01,-5.951208e-01,3.359666e-18,399,5248
1.192273e-08,8.434328e-03,-2.364179e-02,2.500026e-02,7.074612e+05,-1.983039e+06,2.096959e+06,-2.150136e-03,5.865027e-03,-6.225320e-03,3.359666e-18,399,52460
0.000000e+00,-9.572694e-08,1.436549e-08,5.918771e-07,0.000000e+00,0.000000e+00,0.000000e+00,9.561894e+06,-3.302343e+05,-3.611652e+07,3.150551e-18,400,0
9.343182e-10,-6.614855e-04,6.234039e-05,2.500192e-03,-7.084667e+05,6.679308e+04,2.677548e+06,4.091748e-01,-6.057261e-02,-1.574605e+00,3.150551e-18,400,4111
9.337045e-09,-6.614958e-03,6.236465e-04,2.500052e-02,-7.085271e+05,6.680199e+04,2.677781e+06,4.087116e-03,-3.116280e-04,-1.612045e-02,3.150551e-18,400,41083
0.000000e+00,-5.962189e-08,6.682071e-08,6.314775e-07,0.000000e+00,0.000000e+00,0.000000e+00,6.310200e+05,4.071652e+06,-3.149189e+07,2.967911e-18,401,0
9.597727e-10,-1.459495e-04,-1.244513e-04,2.500280e-03,-1.521651e+05,-1.298295e+05,2.606849e+06,9.583917e-02,9.077824e-02,-1.653199e+00,2.967911e-18,401,4223
9.590227e-09,-1.459308e-03,-1.245037e-03,2.500036e-02,-1.521797e+05,-1.298433e+05,2.607100e+06,1.044336e-03,9.030948e-04,-1.760917e-02,2.967911e-18,401,42197
0.000000e+00,8.453228e-09,-1.432550e-07,4.157686e-07,0.000000e+00,0.000000e+00,0.000000e+00,-7.866053e+05,2.586443e+07,-4.971401e+07,4.175427e-18,402,0
8.556818e-10,6.205626e-05,-1.333940e-03,2.500113e-03,7.256318e+04,-1.559648e+06,2.922926e+06,-3.558986e-02,6.858871e-01,-1.247628e+00,4.175427e-18,402,3765
8.553182e-09,6.206420e-04,-1.333992e-02,2.500041e-02,7.256800e+04,-1.559741e+06,2.923095e+06,-3.652605e-04,6.719252e-03,-1.267262e-02,4.175427e-18,402,37634
0.000000e+00,-9.280675e-08,-1.346982e-07,5.035174e-07,0.000000e+00,0.000000e+00,0.000000e+00,1.242526e+07,1.571950e+07,-3.929669e+07,3.511206e-18,403,0
9.450000e-10,-7.990159e-04,-9.985004e-04,2.500051e-03,-8.460274e+05,-1.057215e+06,2.646828e+06,4.246747e-01,5.189400e-01,-1.240527e+00,3.511206e-18,403,4158
9.445455e-09,-7.991079e-03,-9.985853e-03,2.500059e-02,-8.460907e+05,-1.057292e+06,2.647013e+06,4.007417e-03,4.932540e-03,-1.266426e-02,3.511206e-18,403,41560
0.000000e+00,7.220617e-08,1.750558e-07,6.012093e-07,0.000000e+00,0.000000e+00,0.000000e+00,-6.168912e+06,-1.289082e+07,-3.568046e+07,2.935027e-18,404,0
9.818182e-10,4.303136e-04,9.163498e-04,2.500315e-03,4.385872e+05,9.339164e+05,2.548032e+06,-2.627664e-01,-5.291732e-01,-1.370153e+00,2.935027e-18,404,4320
9.811591e-09,4.303236e-03,9.163218e-03,2.500041e-02,4.386279e+05,9.339984e+05,2.548245e+06,-2.415705e-03,-5.061555e-03,-1.418441e-02,2.935027e-18,404,43171
0.000000e+00,9.683517e-08,1.276873e-07,2.363774e-07,0.000000e+00,0.000000e+00,0.000000e+00,-5.237417e+07,-6.496613e+07,-9.182405e+07,6.098000e-18,405,0
6.284091e-10,1.433370e-03,1.778848e-03,2.500379e-03,2.281196e+06,2.831010e+06,3.979192e+06,-4.391273e-01,-5.456749e-01,-7.315883e-01,6.098000e-18,405,2765
6.282727e-09,1.433218e-02,1.778653e-02,2.500033e-02,2.281240e+06,2.831064e+06,3.979264e+06,-4.369729e-03,-5.432904e-03,-7.351905e-03,6.098000e-18,405,27644
0.000000e+00,-1.238571e-07,-1.774136e-07,3.517158e-07,0.000000e+00,0.000000e+00,0.000000e+00,2.433256e+07,3.475531e+07,-4.708256e+07,4.334557e-18,406,0
9.631818e-10,-1.333627e-03,-1.849375e-03,2.500346e-03,-1.385093e+06,-1.920716e+06,2.596632e+06,4.148617e-01,5.645933e-01,-7.180967e-01,4.334557e-18,406,4238
9.627955e-09,-1.333560e-02,-1.849256e-02,2.500035e-02,-1.385156e+06,-1.920802e+06,2.596741e+06,3.978690e-03,5.448312e-03,-7.289945e-03,4.334557e-18,406,42363
0.000000e+00,-1.785792e-07,-3.306356e-08,3.882043e-07,0.000000e+00,0.000000e+00,0.000000e+00,3.420552e+07,7.897642e+06,-4.967877e+07,4.237625e-18,407,0
8.986364e-10,-1.777243e-03,-3.968806e-04,2.500389e-03,-1.978501e+06,-4.418235e+05,2.783301e+06,7.208983e-01,1.577453e-01,-9.480500e-01,4.237625e-18,407,3954
8.982273e-09,-1.777141e-02,-3.968571e-03,2.500048e-02,-1.978603e+06,-4.418459e+05,2.783435e+06,6.933474e-03,1.617948e-03,-9.732127e-03,4.237625e-18,407,39522
0.000000e+00,-1.658515e-07,1.594408e-07,3.337662e-07,0.000000e+00,0.000000e+00,0.000000e+00,3.367416e+07,-3.116311e+07,-4.693934e+07,4.398503e-18,408,0
9.959091e-10,-1.838535e-03,1.707531e-03,2.500445e-03,-1.846676e+06,1.715089e+06,2.511336e+06,4.943738e-01,-4.603588e-01,-6.199190e-01,4.398503e-18,408,4382
9.955000e-09,-1.838365e-02,1.707370e-02,2.500046e-02,-1.846754e+06,1.715161e+06,2.511434e+06,4.738539e-03,-4.485987e-03,-6.347659e-03,4.398503e-18,408,43802
0.000000e+00,-1.871236e-07,-7.887862e-08,3.847948e-07,0.000000e+00,0.000000e+00,0.000000e+00,3.253510e+07,1.459785e+07,-4.703931e+07,4.157217e-18,409,0
9.370455e-10,-1.765153e-03,-8.187569e-04,2.500061e-03,-1.884483e+06,-8.741473e+05,2.668871e+06,6.572626e-01,3.274507e-01,-8.704673e-01,4.157217e-18,409,4123
9.367273e-09,-1.765245e-02,-8.188355e-03,2.500015e-02,-1.884580e+06,-8.741958e+05,2.669000e+06,6.377694e-03,3.029996e-03,-8.888241e-03,4.157217e-18,409,41216
0.000000e+00,-6.834682e-08,-1.585171e-08,3.558343e-07,0.000000e+00,0.000000e+00,0.000000e+00,2.430243e+07,5.150058e+06,-6.430681e+07,4.986661e-18,410,0
7.204545e-10,-9.567535e-04,-1.893192e-04,2.500588e-03,-1.328554e+06,-2.628685e+05,3.472008e+06,6.106135e-01,1.048140e-01,-1.507342e+00,4.986661e-18,410,3170
7.200455e-09,-9.566153e-03,-1.892771e-03,2.500012e-02,-1.328623e+06,-2.628805e+05,3.472180e+06,5.933267e-03,1.209149e-03,-1.517340e-02,4.986661e-18,410,31682
0.000000e+00,-1.265316e-07,1.737705e-07,2.055079e-07,0.000000e+00,0.000000e+00,0.000000e+00,5.651916e+07,-7.500128e+07,-6.974385e+07,5.780516e-18,411,0
8.204545e-10,-2.040960e-03,2.707762e-03,2.500567e-03,-2.487836e+06,3.300626e+06,3.047986e+06,3.224968e-01,-4.245604e-01,-3.725705e-01,5.780516e-18,411,3610
8.202273e-09,-2.040597e-02,2.707272e-02,2.500054e-02,-2.487878e+06,3.300681e+06,3.048034e+06,3.192979e-03,-4.189262e-03,-3.758828e-03,5.780516e-18,411,36090
0.000000e+00,4.466949e-08,2.161713e-07,3.010943e-07,0.000000e+00,0.000000e+00,0.000000e+00,-1.106065e+07,-5.556826e+07,-5.434781e+07,4.745038e-18,412,0
9.277273e-10,5.214534e-04,2.595941e-03,2.500116e-03,5.622133e+05,2.798847e+06,2.695379e+06,-1.316508e-01,-6.450696e-01,-5.799792e-01,4.745038e-18,412,4082
9.275227e-09,5.214662e-03,2.595997e-02,2.500038e-02,5.622326e+05,2.798941e+06,2.695464e+06,-1.283788e-03,-6.281031e-03,-5.865841e-03,4.745038e-18,412,40811
0.000000e+00,8.762250e-08,2.419405e-07,5.203949e-07,0.000000e+00,0.000000e+00,0.000000e+00,-1.100194e+07,-3.002307e+07,-3.521708e+07,3.161356e-18,413,0
1.122273e-09,7.798322e-04,2.091206e-03,2.500136e-03,6.951998e+05,1.864251e+06,2.228510e+06,-2.423254e-01,-6.543987e-01,-7.081467e-01,3.161356e-18,413,4938
1.121818e-08,7.798865e-03,2.091349e-02,2.500002e-02,6.952427e+05,1.864367e+06,2.228636e+06,-2.323907e-03,-6.130829e-03,-7.370306e-03,3.161356e-18,413,49360
0.000000e+00,2.404142e-08,-1.649134e-07,5.641353e-07,0.000000e+00,0.000000e+00,0.000000e+00,2.725700e+06,2.255749e+07,-3.723353e+07,3.185558e-18,414,0
9.861364e-10,-1.423810e-04,-1.420857e-03,2.500213e-03,-1.445037e+05,-1.441665e+06,2.536504e+06,7.207666e-02,6.854449e-01,-1.133149e+00,3.185558e-18,414,4339
9.856136e-09,-1.424211e-03,-1.420921e-02,2.500030e-02,-1.445149e+05,-1.441772e+06,2.536681e+06,6.688268e-04,6.528157e-03,-1.171640e-02,3.185558e-18,414,43367
0.000000e+00,9.809554e-08,-7.691888e-08,4.351649e-07,0.000000e+00,0.000000e+00,0.000000e+00,-1.313547e+07,1.323480e+07,-5.145644e+07,4.078519e-18,415,0
8.090909e-10,6.551548e-04,-6.720888e-04,2.500483e-03,8.101215e+05,-8.311216e+05,3.091800e+06,-4.050659e-01,4.457836e-01,-1.501923e+00,4.078519e-18,415,3560
8.085909e-09,6.550573e-03,-6.720352e-03,2.500010e-02,8.101732e+05,-8.311786e+05,3.091992e+06,-3.994930e-03,4.275720e-03,-1.518522e-02,4.078519e-18,415,35578
0.000000e+00,2.537553e-07,-5.347342e-08,3.675954e-07,0.000000e+00,0.000000e+00,0.000000e+00,-4.186649e+07,7.167074e+06,-3.907494e+07,3.976828e-18,416,0
1.126818e-09,2.738315e-03,-4.688391e-04,2.500002e-03,2.430979e+06,-4.162136e+05,2.219216e+06,-6.164911e-01,1.076701e-01,-5.104444e-01,3.976828e-18,416,4958
1.126523e-08,2.738549e-02,-4.688743e-03,2.500009e-02,2.431088e+06,-4.162327e+05,2.219307e+06,-5.840592e-03,9.868906e-04,-5.305938e-03,3.976828e-18,416,49567
0.000000e+00,-1.439524e-07,2.425674e-07,3.864659e-07,0.000000e+00,0.000000e+00,0.000000e+00,2.087235e+07,-3.541267e+07,-3.243679e+07,3.751577e-18,417,0
1.275227e-09,-1.595803e-03,2.744626e-03,2.500134e-03,-1.251825e+06,2.153046e+06,1.961058e+06,2.760395e-01,-4.879208e-01,-4.010600e-01,3.751577e-18,417,5611
1.274818e-08,-1.595846e-02,2.744736e-02,2.500003e-02,-1.251881e+06,2.153145e+06,1.961139e+06,2.675938e-03,-4.607342e-03,-4.193949e-03,3.751577e-18,417,56092
0.000000e+00,6.249022e-08,-1.610714e-07,3.309292e-07,0.000000e+00,0.000000e+00,0.000000e+00,-1.458195e+07,4.219685e+07,-6.071236e+07,4.786711e-18,418,0
8.086364e-10,6.098315e-04,-1.770277e-03,2.500627e-03,7.543663e+05,-2.189881e+06,3.093137e+06,-2.423327e-01,7.117911e-01,-9.344401e-01,4.786711e-18,418,3558
8.082500e-09,6.097175e-03,-1.769972e-02,2.500040e-02,7.543972e+05,-2.189972e+06,3.093256e+06,-2.394880e-03,6.934931e-03,-9.519462e-03,4.786711e-18,418,35563
0.000000e+00,-7.456310e-08,-2.654827e-07,3.103178e-07,0.000000e+00,0.000000e+00,0.000000e+00,1.406140e+07,5.017889e+07,-3.896154e+07,4.237063e-18,419,0
1.204318e-09,-9.181127e-04,-3.284459e-03,2.500366e-03,-7.625508e+05,-2.727961e+06,2.076573e+06,1.396572e-01,5.046812e-01,-3.489920e-01,4.237063e-18,419,5299
1.203909e-08,-9.180415e-03,-3.284216e-02,2.500016e-02,-7.625773e+05,-2.728057e+06,2.076640e+06,1.343530e-03,4.812936e-03,-3.661028e-03,4.237063e-18,419,52972
0.000000e+00,2.043051e-07,-2.655685e-08,4.817946e-07,0.000000e+00,0.000000e+00,0.000000e+00,-2.758698e+07,8.500030e+05,-3.930372e+07,3.514880e-18,420,0
1.015909e-09,1.833174e-03,-8.812218e-05,2.500306e-03,1.805414e+06,-8.678000e+04,2.462088e+06,-7.455161e-01,3.917911e-02,-8.970776e-01,3.514880e-18,420,4470
1.015409e-08,1.833228e-02,-8.811812e-04,2.500040e-02,1.805534e+06,-8.678630e+04,2.462232e+06,-6.878615e-03,4.713709e-04,-9.404056e-03,3.514880e-18,420,44678
0.000000e+00,3.352393e-08,-1.340305e-07,5.557780e-07,0.000000e+00,0.000000e+00,0.000000e+00,-1.659827e+06,7.007287e+06,-3.526559e+07,3.286891e-18,421,0
9.293182e-10,1.445394e-04,-5.960764e-04,2.500485e-03,1.556454e+05,-6.418363e+05,2.692348e+06,-1.027199e-01,3.902514e-01,-1.604376e+00,3.286891e-18,421,4089
9.285682e-09,1.445274e-03,-5.959890e-03,2.500035e-02,1.556605e+05,-6.418936e+05,2.692583e+06,-9.153875e-04,3.631318e-03,-1.645150e-02,3.286891e-18,421,40857
0.000000e+00,1.771683e-07,-1.181070e-07,5.628458e-07,0.000000e+00,0.000000e+00,0.000000e+00,-1.794776e+07,8.017162e+06,-3.595240e+07,3.083634e-18,422,0
1.013636e-09,1.267483e-03,-6.648813e-04,2.500251e-03,1.251173e+06,-6.563397e+05,2.467802e+06,-6.019518e-01,3.341879e-01,-1.127992e+00,3.083634e-18,422,4460
1.013045e-08,1.267493e-02,-6.649015e-03,2.500011e-02,1.251269e+06,-6.563932e+05,2.467983e+06,-5.665002e-03,3.046216e-03,-1.166586e-02,3.083634e-18,422,44574
0.000000e+00,8.066442e-08,-1.854927e-07,3.469502e-07,0.000000e+00,0.000000e+00,0.000000e+00,-1.808691e+07,3.682811e+07,-5.021678e+07,4.462565e-18,423,0
9.161364e-10,9.563410e-04,-1.746978e-03,2.500553e-03,1.044302e+06,-1.907543e+06,2.730266e+06,-3.624542e-01,6.270362e-01,-8.512784e-01,4.462565e-18,423,4031
9.156591e-09,9.562226e-03,-1.746662e-02,2.500003e-02,1.044355e+06,-1.907634e+06,2.730389e+06,-3.447525e-03,6.112698e-03,-8.724493e-03,4.462565e-18,423,40289
0.000000e+00,-7.044499e-08,-7.784561e-08,4.758821e-07,0.000000e+00,0.000000e+00,0.000000e+00,9.933478e+06,1.056646e+07,-4.602627e+07,3.815623e-18,424,0
8.447727e-10,-5.627826e-04,-6.054447e-04,2.500108e-03,-6.665843e+05,-7.171215e+05,2.960925e+06,3.689773e-01,4.039337e-01,-1.534092e+00,3.815623e-18,424,3717
8.443409e-09,-5.628224e-03,-6.054929e-03,2.500039e-02,-6.666335e+05,-7.171754e+05,2.961130e+06,3.623382e-03,3.904510e-03,-1.564012e-02,3.815623e-18,424,37151
0.000000e+00,-1.885746e-07,-4.011720e-08,4.747132e-07,0.000000e+00,0.000000e+00,0.000000e+00,2.291441e+07,6.374324e+06,-3.938719e+07,3.604916e-18,425,0
9.754545e-10,-1.497641e-03,-4.278160e-04,2.500328e-03,-1.536168e+06,-4.388458e+05,2.564384e+06,6.911312e-01,2.030244e-01,-1.079125e+00,3.604916e-18,425,4292
9.749091e-09,-1.497619e-02,-4.278316e-03,2.500051e-02,-1.536274e+06,-4.388771e+05,2.564550e+06,6.562949e-03,2.063998e-03,-1.107085e-02,3.604916e-18,425,42896
0.000000e+00,2.244384e-08,-1.529366e-07,3.990227e-07,0.000000e+00,0.000000e+00,0.000000e+00,-6.523708e+06,2.996711e+07,-4.678929e+07,4.265163e-18,426,0
8.984091e-10,3.499073e-04,-1.603458e-03,2.500361e-03,3.896731e+05,-1.785573e+06,2.784121e+06,-1.641548e-01,7.039711e-01,-1.049437e+00,4.265163e-18,426,3953
8.979545e-09,3.499064e-03,-1.603358e-02,2.500022e-02,3.896964e+05,-1.785673e+06,2.784270e+06,-1.531989e-03,6.877112e-03,-1.072393e-02,4.265163e-18,426,39510
0.000000e+00,5.113370e-08,1.669537e-07,4.402032e-07,0.000000e+00,0.000000e+00,0.000000e+00,-8.092980e+06,-2.604458e+07,-4.435221e+07,3.888221e-18,427,0
8.863636e-10,2.198201e-04,1.485693e-03,2.500120e-03,2.480543e+05,1.676976e+06,2.821739e+06,-1.079335e-01,-7.293623e-01,-1.142007e+00,3.888221e-18,427,3900
8.859773e-09,2.197759e-03,1.485759e-02,2.500005e-02,2.480695e+05,1.677079e+06,2.821899e+06,-1.161920e-03,-7.004247e-03,-1.159100e-02,3.888221e-18,427,38983
0.000000e+00,3.880305e-08,-5.835409e-08,4.855851e-07,0.000000e+00,0.000000e+00,0.000000e+00,-4.671195e+06,6.991377e+06,-4.712470e+07,3.804302e-18,428,0
8.175000e-10,2.503639e-04,-4.098503e-04,2.500055e-03,3.064252e+05,-5.016651e+05,3.059733e+06,-1.780008e-01,3.134207e-01,-1.726278e+00,3.804302e-18,428,3597
8.170682e-09,2.503704e-03,-4.098931e-03,2.500019e-02,3.064482e+05,-5.017055e+05,3.059957e+06,-1.824898e-03,3.036840e-03,-1.758520e-02,3.804302e-18,428,35951
0.000000e+00,1.067288e-07,-8.925185e-09,4.064921e-07,0.000000e+00,0.000000e+00,0.000000e+00,-1.935114e+07,9.065317e+05,-5.585867e+07,4.362964e-18,429,0
7.643182e-10,8.623218e-04,-2.321271e-05,2.500613e-03,1.128715e+06,-3.036330e+04,3.273006e+06,-5.412566e-01,5.686236e-03,-1.576694e+00,4.362964e-18,429,3363
7.638409e-09,8.621584e-03,-2.319367e-04,2.500064e-02,1.128780e+06,-3.036399e+04,3.273197e+06,-5.402585e-03,4.120474e-05,-1.605844e-02,4.362964e-18,429,33609
0.000000e+00,-1.084540e-09,4.033823e-08,2.501653e-07,0.000000e+00,0.000000e+00,0.000000e+00,7.990862e+06,-2.705954e+07,-1.545576e+08,6.865265e-18,430,0
3.861364e-10,-1.295687e-04,4.392252e-04,2.500953e-03,-3.356023e+05,1.137558e+06,6.477168e+06,1.024878e-01,-3.294978e-01,-1.793904e+00,6.865265e-18,430,1699
3.859773e-09,-1.295347e-03,4.390747e-03,2.500059e-02,-3.356086e+05,1.137578e+06,6.477278e+06,1.028047e-03,-3.287049e-03,-1.797971e-02,6.865265e-18,430,16983
0.000000e+00,9.349138e-08,-3.954342e-08,1.817368e-07,0.000000e+00,0.000000e+00,0.000000e+00,-1.107524e+08,4.772334e+07,-1.876390e+08,8.152996e-18,431,0
3.277273e-10,1.476856e-03,-6.364785e-04,2.500068e-03,4.506368e+06,-1.942106e+06,7.628434e+06,-6.686779e-01,2.892183e-01,-1.103789e+00,8.152996e-18,431,1442
3.277273e-09,1.476868e-02,-6.364844e-03,2.500062e-02,4.506402e+06,-1.942121e+06,7.628492e+06,-6.681633e-03,2.878624e-03,-1.105597e-02,8.152996e-18,431,14420
0.000000e+00,-2.219609e-08,-9.859646e-08,3.498436e-07,0.000000e+00,0.000000e+00,0.000000e+00,7.915218e+06,2.919968e+07,-6.398475e+07,4.948517e-18,432,0
7.313636e-10,-2.982458e-04,-1.137570e-03,2.500295e-03,-4.079335e+05,-1.555995e+06,3.419751e+06,1.541664e-01,6.550538e-01,-1.393666e+00,4.948517e-18,432,3218
7.310455e-09,-2.982174e-03,-1.137502e-02,2.500002e-02,-4.079513e+05,-1.556071e+06,3.419912e+06,1.465756e-03,6.379503e-03,-1.408861e-02,4.948517e-18,432,32166
0.000000e+00,-1.753779e-08,-9.259527e-08,3.638728e-07,0.000000e+00,0.000000e+00,0.000000e+00,2.129238e+06,2.279807e+07,-7.007486e+07,4.819171e-18,433,0
6.868182e-10,-8.530521e-05,-8.308709e-04,2.500698e-03,-1.242413e+05,-1.210172e+06,3.642097e+06,5.850276e-02,5.518035e-01,-1.592613e+00,4.819171e-18,433,3022
6.864318e-09,-8.528380e-04,-8.307015e-03,2.500063e-02,-1.242476e+05,-1.210232e+06,3.642270e+06,4.854499e-04,5.399105e-03,-1.609946e-02,4.819171e-18,433,30203
0.000000e+00,2.014372e-07,-3.786742e-08,6.055442e-07,0.000000e+00,0.000000e+00,0.000000e+00,-2.433106e+07,1.035059e+07,-3.759655e+07,2.903140e-18,434,0
1.033636e-09,1.558808e-03,-6.487473e-04,2.500011e-03,1.508893e+06,-6.280283e+05,2.419596e+06,-6.681487e-01,2.877234e-01,-9.723534e-01,2.903140e-18,434,4548
1.033227e-08,1.559029e-02,-6.488916e-03,2.500018e-02,1.509002e+06,-6.280753e+05,2.419755e+06,-6.272507e-03,2.572748e-03,-1.012295e-02,2.903140e-18,434,45462
0.000000e+00,4.556974e-09,-1.419705e-07,5.402698e-07,0.000000e+00,0.000000e+00,0.000000e+00,9.815063e+05,1.642978e+07,-3.798604e+07,3.358152e-18,435,0
9.422727e-10,-5.490914e-05,-1.066634e-03,2.500433e-03,-5.832369e+04,-1.132704e+06,2.655011e+06,3.435257e-02,6.207484e-01,-1.362581e+00,3.358152e-18,435,4146
9.416136e-09,-5.491719e-04,-1.066566e-02,2.500006e-02,-5.832880e+04,-1.132796e+06,2.655214e+06,3.588235e-04,5.906944e-03,-1.393487e-02,3.358152e-18,435,41431
0.000000e+00,4.890234e-08,2.099745e-07,5.831838e-07,0.000000e+00,0.000000e+00,0.000000e+00,-1.012727e+07,-1.972633e+07,-5.463134e+07,2.980296e-18,436,0
8.400000e-10,4.440923e-04,9.394790e-04,2.500042e-03,5.289341e+05,1.118841e+06,2.977282e+06,-2.732272e-01,-5.458365e-01,-1.452185e+00,2.980296e-18,436,3696
8.396818e-09,4.441378e-03,9.394806e-03,2.500003e-02,5.289704e+05,1.118913e+06,2.977475e+06,-2.798929e-03,-5.369420e-03,-1.468142e-02,2.980296e-18,436,36946
0.000000e+00,1.223602e-07,-1.678785e-07,1.860347e-07,0.000000e+00,0.000000e+00,0.000000e+00,-6.275564e+07,8.722954e+07,-7.655055e+07,6.123377e-18,437,0
7.647727e-10,2.060126e-03,-2.864557e-03,2.500072e-03,2.693952e+06,-3.745883e+06,3.269183e+06,-2.976565e-01,4.164073e-01,-3.441383e-01,6.123377e-18,437,3365
7.647273e-09,2.060146e-02,-2.864588e-02,2.500046e-02,2.693988e+06,-3.745933e+06,3.269225e+06,-2.939305e-03,4.104459e-03,-3.466809e-03,6.123377e-18,437,33648
0.000000e+00,-2.832933e-07,-4.602353e-08,4.325660e-07,0.000000e+00,0.000000e+00,0.000000e+00,3.511567e+07,5.618950e+06,-3.267802e+07,3.468883e-18,438,0
1.227500e-09,-2.702360e-03,-4.375019e-04,2.500167e-03,-2.202432e+06,-3.565724e+05,2.037431e+06,6.073716e-01,1.021866e-01,-5.106547e-01,3.468883e-18,438,5401
1.227045e-08,-2.702479e-02,-4.375296e-03,2.500033e-02,-2.202550e+06,-3.565922e+05,2.037531e+06,5.875580e-03,9.634312e-04,-5.432540e-03,3.468883e-18,438,53990
0.000000e+00,1.793754e-08,1.854287e-07,1.807800e-07,0.000000e+00,0.000000e+00,0.000000e+00,-9.932353e+06,-1.173165e+08,-9.011148e+07,6.579411e-18,439,0
6.604545e-10,2.770135e-04,3.267916e-03,2.500676e-03,4.194470e+05,4.948227e+06,3.786405e+06,-4.731905e-02,-5.487210e-01,-4.004289e-01,6.579411e-18,439,2906
6.602727e-09,2.769506e-03,3.267191e-02,2.500073e-02,4.194519e+05,4.948284e+06,3.786447e+06,-4.710064e-04,-5.435971e-03,-4.031625e-03,6.579411e-18,439,29052
0.000000e+00,-7.034676e-08,-2.529280e-08,4.393575e-07,0.000000e+00,0.000000e+00,0.000000e+00,1.228598e+07,7.357070e+06,-5.305216e+07,4.153931e-18,440,0
7.825000e-10,-5.988276e-04,-3.531410e-04,2.500414e-03,-7.656745e+05,-4.515447e+05,3.196821e+06,4.112150e-01,2.336006e-01,-1.647153e+00,4.153931e-18,440,3443
7.820455e-09,-5.987906e-03,-3.531260e-03,2.500068e-02,-7.657254e+05,-4.515736e+05,3.197025e+06,4.124585e-03,2.417358e-03,-1.670570e-02,4.153931e-18,440,34410
0.000000e+00,-2.786815e-08,-1.374648e-07,1.525152e-07,0.000000e+00,0.000000e+00,0.000000e+00,3.195533e+07,1.618965e+08,-1.569988e+08,8.129651e-18,441,0
3.925000e-10,-5.095457e-04,-2.581562e-03,2.501274e-03,-1.298202e+06,-6.577221e+06,6.372605e+06,1.246574e-01,6.343645e-01,-5.967871e-01,8.129651e-18,441,1727
3.923182e-09,-5.093107e-03,-2.580375e-02,2.500102e-02,-1.298210e+06,-6.577260e+06,6.372642e+06,1.252564e-03,6.322868e-03,-5.988888e-03,8.129651e-18,441,17262
0.000000e+00,-7.461687e-08,-2.114559e-07,2.247750e-07,0.000000e+00,0.000000e+00,0.000000e+00,2.728820e+07,7.736543e+07,-6.217491e+07,5.431860e-18,442,0
8.929545e-10,-1.109961e-03,-3.143066e-03,2.500486e-03,-1.243182e+06,-3.520302e+06,2.800501e+06,1.829589e-01,5.133021e-01,-3.825572e-01,5.431860e-18,442,3929
8.927045e-09,-1.109797e-02,-3.142597e-02,2.500032e-02,-1.243208e+06,-3.520374e+06,2.800555e+06,1.759904e-03,5.025235e-03,-3.875138e-03,5.431860e-18,442,39279
0.000000e+00,2.119830e-07,-9.208774e-08,4.244752e-07,0.000000e+00,0.000000e+00,0.000000e+00,-3.062799e+07,1.478267e+07,-3.862708e+07,3.765348e-18,443,0
1.061591e-09,1.812646e-03,-1.055713e-03,2.500392e-03,1.708239e+06,-9.949721e+05,2.356196e+06,-6.071565e-01,3.669041e-01,-7.748119e-01,3.765348e-18,443,4671
1.061045e-08,1.812519e-02,-1.055705e-02,2.500041e-02,1.708341e+06,-9.950336e+05,2.356326e+06,-5.761714e-03,3.377738e-03,-8.001731e-03,3.765348e-18,443,46686
0.000000e+00,-1.379403e-08,-5.631476e-08,2.185564e-07,0.000000e+00,0.000000e+00,0.000000e+00,1.657659e+07,5.221702e+07,-1.786809e+08,7.583476e-18,444,0
3.400000e-10,-2.325017e-04,-7.319123e-04,2.500083e-03,-6.838629e+05,-2.152748e+06,7.353299e+06,1.626545e-01,4.970173e-01,-1.642565e+00,7.583476e-18,444,1496
3.400000e-09,-2.325144e-03,-7.319387e-03,2.500140e-02,-6.838716e+05,-2.152774e+06,7.353387e+06,1.633039e-03,4.916732e-03,-1.645085e-02,7.583476e-18,444,14960
0.000000e+00,1.392846e-07,-1.570379e-08,5.237162e-07,0.000000e+00,0.000000e+00,0.000000e+00,-1.496255e+07,2.356137e+06,-3.929286e+07,3.442993e-18,445,0
9.304545e-10,9.660464e-04,-1.513525e-04,2.500456e-03,1.038901e+06,-1.627655e+05,2.688791e+06,-5.695826e-01,8.522386e-02,-1.413685e+00,3.442993e-18,445,4094
9.297955e-09,9.659630e-03,-1.513379e-03,2.500036e-02,1.038985e+06,-1.627780e+05,2.688999e+06,-5.496890e-03,7.564894e-04,-1.455909e-02,3.442993e-18,445,40911
0.000000e+00,1.598298e-07,-1.231421e-07,5.512578e-07,0.000000e+00,0.000000e+00,0.000000e+00,-1.212725e+07,1.096588e+07,-3.327335e+07,3.166025e-18,446,0
1.012500e-09,9.449276e-04,-8.433116e-04,2.500135e-03,9.338478e+05,-8.334549e+05,2.470640e+06,-4.791949e-01,4.409306e-01,-1.228393e+00,3.166025e-18,446,4455
1.011886e-08,9.449463e-03,-8.433586e-03,2.500016e-02,9.339244e+05,-8.335254e+05,2.470837e+06,-4.561850e-03,4.131509e-03,-1.264310e-02,3.166025e-18,446,44523
0.000000e+00,1.133902e-07,5.524570e-08,1.681086e-07,0.000000e+00,0.000000e+00,0.000000e+00,-1.308674e+08,-6.275766e+07,-1.679111e+08,8.054321e-18,447,0
3.663636e-10,1.950728e-03,9.355047e-04,2.500770e-03,5.324577e+06,2.553489e+06,6.825863e+06,-6.367643e-01,-3.054427e-01,-7.958491e-01,8.054321e-18,447,1612
3.662727e-09,1.950257e-02,9.352782e-03,2.500142e-02,5.324614e+06,2.553507e+06,6.825909e+06,-6.358201e-03,-3.042306e-03,-7.973813e-03,8.054321e-18,447,16116
0.000000e+00,1.258165e-07,6.101588e-08,3.232590e-07,0.000000e+00,0.000000e+00,0.000000e+00,-3.674782e+07,-1.547348e+07,-7.203240e+07,5.080490e-18,448,0
7.020455e-10,1.294893e-03,5.561792e-04,2.500181e-03,1.844983e+06,7.924599e+05,3.562127e+06,-6.719451e-01,-3.038113e-01,-1.249396e+00,5.080490e-18,448,3089
7.018409e-09,1.294887e-02,5.561820e-03,2.500060e-02,1.845057e+06,7.924936e+05,3.562266e+06,-6.602325e-03,-2.985333e-03,-1.257449e-02,5.080490e-18,448,30881
0.000000e+00,-1.830154e-07,-2.048975e-07,3.769439e-07,0.000000e+00,0.000000e+00,0.000000e+00,2.940046e+07,3.162048e+07,-3.602756e+07,3.833807e-18,449,0
1.197727e-09,-2.051548e-03,-2.190842e-03,2.500468e-03,-1.713455e+06,-1.829775e+06,2.088212e+06,3.994309e-01,4.200845e-01,-4.487593e-01,3.833807e-18,449,5270
1.197205e-08,-2.051354e-02,-2.190613e-02,2.500029e-02,-1.713531e+06,-1.829855e+06,2.088297e+06,3.814023e-03,4.073529e-03,-4.644522e-03,3.833807e-18,449,52677
0.000000e+00,-2.493808e-07,-1.011382e-07,3.847773e-07,0.000000e+00,0.000000e+00,0.000000e+00,3.744433e+07,1.680648e+07,-3.979903e+07,3.819045e-18,450,0
1.102045e-09,-2.387048e-03,-1.080130e-03,2.500452e-03,-2.166780e+06,-9.804864e+05,2.269543e+06,5.856095e-01,2.762827e-01,-5.674975e-01,3.819045e-18,450,4849
1.101545e-08,-2.386806e-02,-1.080049e-02,2.500017e-02,-2.166882e+06,-9.805345e+05,2.269642e+06,5.579850e-03,2.594651e-03,-5.855803e-03,3.819045e-18,450,48468
0.000000e+00,1.936333e-07,-1.299306e-07,3.263039e-07,0.000000e+00,0.000000e+00,0.000000e+00,-4.105613e+07,3.096656e+07,-4.607012e+07,4.430260e-18,451,0
1.040000e-09,2.266627e-03,-1.711569e-03,2.500225e-03,2.180049e+06,-1.646217e+06,2.404556e+06,-4.921757e-01,3.785932e-01,-4.992650e-01,4.430260e-18,451,4576
1.039705e-08,2.266607e-02,-1.711578e-02,2.500040e-02,2.180130e+06,-1.646279e+06,2.404638e+06,-4.718743e-03,3.591989e-03,-5.131115e-03,4.430260e-18,451,45747
0.000000e+00,-4.371377e-08,-2.313145e-07,3.218036e-07,0.000000e+00,0.000000e+00,0.000000e+00,9.581376e+06,4.912455e+07,-4.742536e+07,4.442908e-18,452,0
1.010455e-09,-5.116624e-04,-2.637911e-03,2.500278e-03,-5.065126e+05,-2.611357e+06,2.474951e+06,1.215504e-01,6.252331e-01,-5.507571e-01,4.442908e-18,452,4446
1.010136e-08,-5.116469e-03,-2.637827e-02,2.500049e-02,-5.065320e+05,-2.611457e+06,2.475039e+06,1.115814e-03,6.033087e-03,-5.688725e-03,4.442908e-18,452,44446
0.000000e+00,-1.571645e-07,2.367626e-07,4.299877e-07,0.000000e+00,0.000000e+00,0.000000e+00,2.195053e+07,-2.991014e+07,-3.351779e+07,3.512931e-18,453,0
1.205227e-09,-1.613637e-03,2.224566e-03,2.500372e-03,-1.339412e+06,1.846499e+06,2.075242e+06,3.660333e-01,-5.004800e-01,-5.222502e-01,3.512931e-18,453,5303
1.204682e-08,-1.613561e-02,2.224440e-02,2.500019e-02,-1.339481e+06,1.846594e+06,2.075342e+06,3.490652e-03,-4.744280e-03,-5.430407e-03,3.512931e-18,453,53006
0.000000e+00,1.047172e-07,-2.858739e-08,2.193357e-07,0.000000e+00,0.000000e+00,0.000000e+00,-7.860535e+07,2.190719e+07,-1.391834e+08,7.041230e-18,454,0
4.306818e-10,1.415750e-03,-3.944937e-04,2.500769e-03,3.287405e+06,-9.160234e+05,5.806740e+06,-6.990262e-01,1.913007e-01,-1.195530e+00,7.041230e-18,454,1895
4.305455e-09,1.415385e-02,-3.943918e-03,2.500083e-02,3.287453e+06,-9.160365e+05,5.806821e+06,-6.968916e-03,1.909675e-03,-1.198848e-02,7.041230e-18,454,18944
0.000000e+00,-1.580563e-07,-1.579986e-07,2.082579e-07,0.000000e+00,0.000000e+00,0.000000e+00,6.401546e+07,6.347052e+07,-6.301324e+07,5.624786e-18,455,0
8.959091e-10,-2.559969e-03,-2.537440e-03,2.500145e-03,-2.857701e+06,-2.832548e+06,2.790831e+06,3.557299e-01,3.511600e-01,-3.271739e-01,5.624786e-18,455,3942
8.957955e-09,-2.559922e-02,-2.537390e-02,2.500026e-02,-2.857751e+06,-2.832597e+06,2.790877e+06,3.482459e-03,3.458542e-03,-3.307528e-03,5.624786e-18,455,39415
0.000000e+00,-2.549004e-08,-2.125848e-07,2.882543e-07,0.000000e+00,0.000000e+00,0.000000e+00,8.273830e+06,5.825757e+07,-5.808575e+07,4.899861e-18,456,0
8.872727e-10,-3.602053e-04,-2.552990e-03,2.500486e-03,-4.060666e+05,-2.877995e+06,2.818658e+06,9.478055e-02,6.642610e-01,-6.045969e-01,4.899861e-18,456,3904
8.869545e-09,-3.601627e-03,-2.552655e-02,2.500035e-02,-4.060798e+05,-2.878088e+06,2.818743e+06,8.429750e-04,6.463294e-03,-6.155249e-03,4.899861e-18,456,39026
0.000000e+00,1.880403e-08,-4.525543e-08,4.297205e-07,0.000000e+00,0.000000e+00,0.000000e+00,-3.429953e+06,6.813063e+06,-5.852855e+07,4.269716e-18,457,0
7.329545e-10,1.353984e-04,-3.130067e-04,2.500497e-03,1.848011e+05,-4.272586e+05,3.412969e+06,-8.837236e-02,2.415217e-01,-1.824664e+00,4.269716e-18,457,3225
7.325000e-09,1.353672e-03,-3.129667e-03,2.500009e-02,1.848114e+05,-4.272866e+05,3.413180e+06,-8.378975e-04,2.418386e-03,-1.846078e-02,4.269716e-18,457,32230
0.000000e+00,1.379704e-08,8.743965e-08,2.145714e-07,0.000000e+00,0.000000e+00,0.000000e+00,-9.812592e+06,-7.223510e+07,-1.576421e+08,7.403450e-18,458,0
3.829545e-10,1.558942e-04,1.148118e-03,2.500053e-03,4.070930e+05,2.998176e+06,6.528502e+06,-8.722623e-02,-6.616951e-01,-1.396736e+00,7.403450e-18,458,1685
3.829545e-09,1.558992e-03,1.148172e-02,2.500137e-02,4.070983e+05,2.998216e+06,6.528587e+06,-8.701331e-04,-6.594950e-03,-1.398342e-02,7.403450e-18,458,16850
0.000000e+00,1.342777e-07,-1.999999e-08,4.442141e-07,0.000000e+00,0.000000e+00,0.000000e+00,-2.296905e+07,9.772695e+05,-5.002760e+07,3.976881e-18,459,0
8.354545e-10,1.154187e-03,-7.806745e-05,2.500516e-03,1.382168e+06,-9.348359e+04,2.994208e+06,-6.505841e-01,4.632688e-02,-1.365085e+00,3.976881e-18,459,3676
8.349545e-09,1.154046e-02,-7.805497e-04,2.500039e-02,1.382254e+06,-9.348970e+04,2.994389e+06,-6.487057e-03,5.257130e-04,-1.397895e-02,3.976881e-18,459,36738
0.000000e+00,7.423320e-08,2.445066e-07,2.829777e-07,0.000000e+00,0.000000e+00,0.000000e+00,-1.856062e+07,-5.986543e+07,-4.615521e+07,4.606809e-18,460,0
1.097273e-09,1.024363e-03,3.286106e-03,2.500073e-03,9.337537e+05,2.995413e+06,2.278781e+06,-1.589407e-01,-4.999486e-01,-3.507866e-01,4.606809e-18,460,4828
1.097091e-08,1.024413e-02,3.286244e-02,2.500043e-02,9.337812e+05,2.995500e+06,2.278842e+06,-1.487595e-03,-4.783883e-03,-3.602070e-03,4.606809e-18,460,48272
0.000000e+00,-3.742571e-08,7.808485e-08,4.345716e-07,0.000000e+00,0.000000e+00,0.000000e+00,8.202403e+06,-1.351900e+07,-5.083573e+07,4.168788e-18,461,0
8.000000e-10,-4.083110e-04,6.530631e-04,2.500133e-03,-5.106808e+05,8.167467e+05,3.126610e+06,2.796463e-01,-4.262481e-01,-1.621722e+00,4.168788e-18,461,3520
7.995909e-09,-4.083334e-03,6.530618e-03,2.500015e-02,-5.107161e+05,8.168005e+05,3.126815e+06,2.747007e-03,-4.190603e-03,-1.634483e-02,4.168788e-18,461,35182
0.000000e+00,-1.642968e-08,-3.873319e-08,6.707711e-07,0.000000e+00,0.000000e+00,0.000000e+00,-1.022188e+07,-1.041289e+06,-4.501023e+07,2.810751e-18,462,0
8.711364e-10,4.711112e-04,2.254227e-05,2.500342e-03,5.412209e+05,2.596136e+04,2.871652e+06,-3.416558e-01,-5.025009e-02,-1.749341e+00,2.810751e-18,462,3833
8.705909e-09,4.711758e-03,2.259884e-04,2.500064e-02,5.412679e+05,2.596825e+04,2.871892e+06,-3.296304e-03,-3.890377e-04,-1.786122e-02,2.810751e-18,462,38306
0.000000e+00,1.286288e-08,-1.094072e-07,6.286339e-07,0.000000e+00,0.000000e+00,0.000000e+00,-1.198684e+06,1.185122e+07,-3.732350e+07,2.945231e-18,463,0
9.427273e-10,7.752876e-05,-7.871102e-04,2.500088e-03,8.228983e+04,-8.355524e+05,2.653445e+06,-4.694890e-02,5.373157e-01,-1.502693e+00,2.945231e-18,463,4148
9.421818e-09,7.753208e-04,-7.872396e-03,2.500046e-02,8.229683e+04,-8.356324e+05,2.653669e+06,-3.818612e-04,4.860397e-03,-1.545023e-02,2.945231e-18,463,41456
0.000000e+00,1.033808e-07,-9.774153e-09,6.532727e-07,0.000000e+00,0.000000e+00,0.000000e+00,-7.584486e+06,-3.544358e+06,-3.259082e+07,2.835267e-18,464,0
9.670455e-10,5.757380e-04,2.648534e-04,2.500362e-03,5.958162e+05,2.741836e+05,2.587188e+06,-3.909865e-01,-2.140337e-01,-1.560806e+00,2.835267e-18,464,4255
9.662955e-09,5.757331e-03,2.649364e-03,2.500003e-02,5.958759e+05,2.742162e+05,2.587427e+06,-3.640080e-03,-1.654601e-03,-1.620075e-02,2.835267e-18,464,42517
0.000000e+00,-1.097241e-07,7.543193e-08,3.605477e-07,0.000000e+00,0.000000e+00,0.000000e+00,2.559349e+07,-1.827933e+07,-6.241358e+07,4.694353e-18,465,0
7.522727e-10,-1.049886e-03,7.392767e-04,2.500136e-03,-1.396128e+06,9.830783e+05,3.324461e+06,5.734234e-01,-3.998699e-01,-1.313102e+00,4.694353e-18,465,3310
7.520000e-09,-1.049888e-02,7.392749e-03,2.500005e-02,-1.396196e+06,9.831258e+05,3.324617e+06,5.664725e-03,-3.955293e-03,-1.319841e-02,4.694353e-18,465,33088
0.000000e+00,2.847379e-07,6.606214e-08,3.981058e-07,0.000000e+00,0.000000e+00,0.000000e+00,-3.898820e+07,-7.511176e+06,-3.418790e+07,3.626659e-18,466,0
1.239318e-09,2.924571e-03,6.044885e-04,2.500126e-03,2.360694e+06,4.879450e+05,2.017880e+06,-5.743197e-01,-1.232051e-01,-4.403682e-01,3.626659e-18,466,5453
1.238932e-08,2.924735e-02,6.045298e-03,2.500029e-02,2.360807e+06,4.879691e+05,2.017967e+06,-5.481626e-03,-1.132342e-03,-4.684316e-03,3.626659e-18,466,54513
0.000000e+00,6.062951e-08,4.657958e-08,1.391108e-07,0.000000e+00,0.000000e+00,0.000000e+00,-1.523078e+08,-1.174699e+08,-3.305161e+08,1.050800e-17,467,0
1.888636e-10,1.152935e-03,8.892283e-04,2.501691e-03,6.104400e+06,4.708165e+06,1.324557e+07,-5.561713e-01,-4.300820e-01,-1.192765e+00,1.050800e-17,467,831
1.887500e-09,1.152211e-02,8.886707e-03,2.500114e-02,6.104416e+06,4.708178e+06,1.324560e+07,-5.568697e-03,-4.306224e-03,-1.194260e-02,1.050800e-17,467,8305
0.000000e+00,9.921147e-08,1.825981e-07,4.713783e-07,0.000000e+00,0.000000e+00,0.000000e+00,-1.481281e+07,-2.385936e+07,-3.658414e+07,3.575462e-18,468,0
1.053182e-09,1.040408e-03,1.668975e-03,2.500185e-03,9.884245e+05,1.585525e+06,2.374873e+06,-4.041361e-01,-6.198446e-01,-8.415062e-01,3.575462e-18,468,4634
1.052705e-08,1.040513e-02,1.669083e-02,2.500051e-02,9.884916e+05,1.585628e+06,2.375013e+06,-3.660116e-03,-5.873924e-03,-8.660519e-03,3.575462e-18,468,46319
0.000000e+00,2.647608e-08,2.712678e-08,2.544546e-07,0.000000e+00,0.000000e+00,0.000000e+00,-1.865926e+07,-1.447442e+07,-1.438314e+08,6.767395e-18,469,0
4.104545e-10,3.256199e-04,2.530840e-04,2.500859e-03,7.933910e+05,6.166389e+05,6.093313e+06,-2.453089e-01,-1.925351e-01,-1.814839e+00,6.767395e-18,469,1806
4.102955e-09,3.255265e-03,2.530061e-03,2.500078e-02,7.934069e+05,6.166514e+05,6.093431e+06,-2.391826e-03,-1.928310e-03,-1.820483e-02,6.767395e-18,469,18053
0.000000e+00,8.839898e-08,-8.558027e-08,2.945666e-07,0.000000e+00,0.000000e+00,0.000000e+00,-3.252887e+07,2.837026e+07,-9.410035e+07,5.554444e-18,470,0
5.843182e-10,8.732448e-04,-7.627059e-04,2.500158e-03,1.494745e+06,-1.305519e+06,4.279438e+06,-5.055093e-01,4.391490e-01,-1.401875e+00,5.554444e-18,470,2571
5.842045e-09,8.732410e-03,-7.626946e-03,2.500084e-02,1.494792e+06,-1.305560e+06,4.279567e+06,-5.018589e-03,4.384618e-03,-1.409040e-02,5.554444e-18,470,25705
0.000000e+00,8.829472e-08,-9.228608e-08,2.817240e-07,0.000000e+00,0.000000e+00,0.000000e+00,-3.576817e+07,4.210578e+07,-8.767812e+07,5.709741e-18,471,0
6.279545e-10,1.031287e-03,-1.211940e-03,2.500191e-03,1.642597e+06,-1.930356e+06,3.982049e+06,-4.827405e-01,5.723668e-01,-1.107988e+00,5.709741e-18,471,2763
6.278182e-09,1.031256e-02,-1.211915e-02,2.500019e-02,1.642645e+06,-1.930413e+06,3.982159e+06,-4.812230e-03,5.611066e-03,-1.118312e-02,5.709741e-18,471,27624
0.000000e+00,1.319892e-07,-4.130978e-08,5.425960e-07,0.000000e+00,0.000000e+00,0.000000e+00,-1.410926e+07,5.487468e+06,-3.842227e+07,3.338450e-18,472,0
9.561364e-10,9.953708e-04,-4.124768e-04,2.500106e-03,1.041702e+06,-4.317204e+05,2.616192e+06,-5.568608e-01,2.526052e-01,-1.347120e+00,3.338450e-18,472,4207
9.555909e-09,9.954368e-03,-4.125445e-03,2.500021e-02,1.041786e+06,-4.317585e+05,2.616395e+06,-5.321523e-03,2.132324e-03,-1.391528e-02,3.338450e-18,472,42046
0.000000e+00,7.539924e-08,-8.891226e-08,2.372142e-07,0.000000e+00,0.000000e+00,0.000000e+00,-4.507134e+07,5.494030e+07,-1.162520e+08,6.561191e-18,473,0
5.034091e-10,9.744413e-04,-1.187906e-03,2.500737e-03,1.935871e+06,-2.359957e+06,4.967954e+06,-4.692080e-01,5.745636e-01,-1.151996e+00,6.561191e-18,473,2215
5.032273e-09,9.741876e-03,-1.187600e-02,2.500026e-02,1.935908e+06,-2.360002e+06,4.968045e+06,-4.641690e-03,5.711383e-03,-1.159385e-02,6.561191e-18,473,22142
0.000000e+00,-1.592306e-07,-1.456156e-08,1.948478e-07,0.000000e+00,0.000000e+00,0.000000e+00,1.084154e+08,1.345632e+07,-1.136409e+08,6.783931e-18,474,0
5.270455e-10,-2.393301e-03,-2.963422e-04,2.500990e-03,-4.541183e+06,-5.623053e+05,4.745440e+06,6.798017e-01,8.412106e-02,-6.799291e-01,6.783931e-18,474,2319
5.268409e-09,-2.392493e-02,-2.962464e-03,2.500107e-02,-4.541240e+06,-5.623124e+05,4.745497e+06,6.737702e-03,8.446171e-04,-6.826360e-03,6.783931e-18,474,23181
0.000000e+00,1.803954e-07,3.383689e-08,2.676293e-07,0.000000e+00,0.000000e+00,0.000000e+00,-6.059230e+07,-8.802007e+06,-6.883505e+07,5.411355e-18,475,0
7.747727e-10,2.234339e-03,3.280835e-04,2.500119e-03,2.884449e+06,4.235381e+05,3.227419e+06,-7.069237e-01,-1.063618e-01,-7.411091e-01,5.411355e-18,475,3409
7.746136e-09,2.234338e-02,3.280797e-03,2.500015e-02,2.884536e+06,4.235511e+05,3.227510e+06,-6.966578e-03,-1.038436e-03,-7.487142e-03,5.411355e-18,475,34083
0.000000e+00,2.071950e-07,9.942433e-08,2.533875e-07,0.000000e+00,0.000000e+00,0.000000e+00,-6.541496e+07,-3.051196e+07,-5.642926e+07,5.097003e-18,476,0
9.500000e-10,2.930217e-03,1.371560e-03,2.500541e-03,3.084945e+06,1.443988e+06,2.632462e+06,-5.040382e-01,-2.397613e-01,-4.019312e-01,5.097003e-18,476,4180
9.496818e-09,2.929722e-02,1.371332e-02,2.500014e-02,3.085021e+06,1.444024e+06,2.632522e+06,-4.901956e-03,-2.303877e-03,-4.080231e-03,5.097003e-18,476,41786
0.000000e+00,-3.904443e-09,-2.119099e-08,1.828121e-07,0.000000e+00,0.000000e+00,0.000000e+00,6.479911e+06,3.466170e+07,-2.811201e+08,9.175175e-18,477,0
2.206818e-10,-5.766157e-05,-3.083503e-04,2.500210e-03,-2.612830e+05,-1.397231e+06,1.132917e+07,4.339244e-02,2.278440e-01,-1.829956e+00,9.175175e-18,477,971
2.206818e-09,-5.766077e-04,-3.083455e-03,2.500159e-02,-2.612845e+05,-1.397239e+06,1.132923e+07,4.339222e-04,2.276048e-03,-1.830126e-02,9.175175e-18,477,9710
0.000000e+00,1.355466e-08,-6.463949e-08,2.329378e-07,0.000000e+00,0.000000e+00,0.000000e+00,-6.078216e+06,4.638159e+07,-1.528163e+08,7.134573e-18,478,0
3.913636e-10,9.968989e-05,-7.612323e-04,2.500630e-03,2.547249e+05,-1.945191e+06,6.389821e+06,-6.376432e-02,5.154854e-01,-1.642820e+00,7.134573e-18,478,1722
3.912500e-09,9.966225e-04,-7.610608e-03,2.500036e-02,2.547289e+05,-1.945223e+06,6.389923e+06,-5.816794e-04,5.127260e-03,-1.650846e-02,7.134573e-18,478,17215
0.000000e+00,1.377093e-07,6.312635e-08,5.310326e-07,0.000000e+00,0.000000e+00,0.000000e+00,-1.444563e+07,-6.447739e+06,-3.979564e+07,3.373979e-18,479,0
9.150000e-10,8.717674e-04,4.468641e-04,2.500261e-03,9.532903e+05,4.887251e+05,2.733947e+06,-5.022619e-01,-3.042169e-01,-1.434171e+00,3.373979e-18,479,4026
9.144318e-09,8.717191e-03,4.469037e-03,2.500020e-02,9.533629e+05,4.887690e+05,2.734155e+06,-4.881547e-03,-2.910346e-03,-1.459321e-02,3.373979e-18,479,40235
0.000000e+00,-1.412903e-07,2.249016e-08,3.741661e-07,0.000000e+00,0.000000e+00,0.000000e+00,3.227651e+07,-6.718816e+06,-5.201057e+07,4.531998e-18,480,0
8.450000e-10,-1.540352e-03,2.960623e-04,2.500620e-03,-1.823656e+06,3.505096e+05,2.960331e+06,7.162642e-01,-1.335662e-01,-1.119189e+00,4.531998e-18,480,3718
8.445000e-09,-1.540074e-02,2.960047e-03,2.500007e-02,-1.823751e+06,3.505274e+05,2.960480e+06,7.026984e-03,-1.275211e-03,-1.129834e-02,4.531998e-18,480,37158
0.000000e+00,6.488207e-08,-1.516916e-08,3.366243e-07,0.000000e+00,0.000000e+00,0.000000e+00,-1.803000e+07,3.725815e+06,-8.170956e+07,5.231892e-18,481,0
6.186364e-10,5.651140e-04,-1.166244e-04,2.500796e-03,9.137521e+05,-1.885730e+05,4.043499e+06,-4.016914e-01,8.493981e-02,-1.758935e+00,5.231892e-18,481,2722
6.182955e-09,5.649702e-03,-1.165943e-03,2.500090e-02,9.137913e+05,-1.885813e+05,4.043671e+06,-3.961446e-03,8.742762e-04,-1.770141e-02,5.231892e-18,481,27205
0.000000e+00,-2.392929e-08,-1.721383e-07,2.529859e-07,0.000000e+00,0.000000e+00,0.000000e+00,1.236808e+07,7.549904e+07,-7.812355e+07,5.678362e-18,482,0
7.177273e-10,-3.980308e-04,-2.432691e-03,2.500716e-03,-5.546536e+05,-3.389907e+06,3.484559e+06,1.102037e-01,6.742219e-01,-6.589758e-01,5.678362e-18,482,3158
7.174545e-09,-3.979395e-03,-2.432111e-02,2.500028e-02,-5.546661e+05,-3.389984e+06,3.484634e+06,1.080802e-03,6.665548e-03,-6.629850e-03,5.678362e-18,482,31568
0.000000e+00,6.624839e-08,1.866703e-07,4.830443e-07,0.000000e+00,0.000000e+00,0.000000e+00,-7.800756e+06,-2.352323e+07,-3.868512e+07,3.541400e-18,483,0
1.050227e-09,7.540647e-04,1.616562e-03,2.500471e-03,7.184109e+05,1.540112e+06,2.381912e+06,-2.839572e-01,-6.581580e-01,-9.288738e-01,3.541400e-18,483,4621
1.049591e-08,7.540313e-03,1.616483e-02,2.500045e-02,7.184579e+05,1.540222e+06,2.382066e+06,-2.628039e-03,-6.263884e-03,-9.641541e-03,3.541400e-18,483,46182
0.000000e+00,1.427596e-07,6.585701e-08,4.948337e-07,0.000000e+00,0.000000e+00,0.000000e+00,-1.905521e+07,-3.567289e+06,-4.104785e+07,3.577431e-18,484,0
9.197727e-10,1.172634e-03,3.009934e-04,2.500224e-03,1.275689e+06,3.274623e+05,2.719618e+06,-6.680521e-01,-1.967343e-01,-1.306380e+00,3.577431e-18,484,4047
9.192500e-09,1.172672e-02,3.010195e-03,2.500018e-02,1.275786e+06,3.274908e+05,2.719808e+06,-6.440660e-03,-1.881619e-03,-1.338373e-02,3.577431e-18,484,40447
0.000000e+00,1.994155e-07,-1.165124e-07,5.279279e-07,0.000000e+00,0.000000e+00,0.000000e+00,-9.729892e+06,-3.496654e+07,-6.058432e+07,3.222345e-18,485,0
7.827273e-10,4.628100e-04,1.276436e-03,2.500621e-03,5.913330e+05,1.631619e+06,3.195557e+06,-2.453319e-01,-6.894378e-01,-1.270813e+00,3.222345e-18,485,3444
7.823409e-09,4.626374e-03,1.276464e-02,2.500044e-02,5.913633e+05,1.631704e+06,3.195714e+06,-2.502232e-03,-6.761414e-03,-1.280591e-02,3.222345e-18,485,34423
0.000000e+00,-1.369243e-07,1.295469e-07,2.040436e-07,0.000000e+00,0.000000e+00,0.000000e+00,7.306832e+07,-6.571251e+07,-8.693552e+07,6.177314e-18,486,0
6.715909e-10,-2.112523e-03,1.898994e-03,2.500584e-03,-3.145800e+06,2.827816e+06,3.723580e+06,4.629850e-01,-4.119468e-01,-5.236220e-01,6.177314e-18,486,2955
6.714091e-09,-2.112127e-02,1.898629e-02,2.500059e-02,-3.145850e+06,2.827860e+06,3.723636e+06,4.598889e-03,-4.091770e-03,-5.255801e-03,6.177314e-18,486,29542
0.000000e+00,-7.771547e-08,2.977240e-08,2.132124e-07,0.000000e+00,0.000000e+00,0.000000e+00,7.029014e+07,-2.682397e+07,-1.685360e+08,7.473270e-18,487,0
3.604545e-10,-1.045118e-03,3.989112e-04,2.501524e-03,-2.899532e+06,1.106723e+06,6.940019e+06,6.105863e-01,-2.359318e-01,-1.418760e+00,7.473270e-18,487,1586
3.602273e-09,-1.044497e-02,3.986742e-03,2.500002e-02,-2.899566e+06,1.106736e+06,6.940100e+06,6.094989e-03,-2.332945e-03,-1.421791e-02,7.473270e-18,487,15850
0.000000e+00,-1.324401e-07,-1.532553e-08,2.291326e-07,0.000000e+00,0.000000e+00,0.000000e+00,7.734559e+07,1.028890e+07,-1.162377e+08,6.509154e-18,488,0
5.063636e-10,-1.670875e-03,-2.227004e-04,2.500969e-03,-3.300014e+06,-4.398452e+05,4.939379e+06,7.272677e-01,1.007211e-01,-1.055274e+00,6.509154e-18,488,2228
5.061364e-09,-1.670266e-02,-2.226226e-03,2.500016e-02,-3.300072e+06,-4.398533e+05,4.939464e+06,7.238605e-03,1.006595e-03,-1.058880e-02,6.509154e-18,488,22270
0.000000e+00,-1.453333e-07,1.591838e-07,4.924678e-07,0.000000e+00,0.000000e+00,0.000000e+00,1.630228e+07,-1.802752e+07,-3.877562e+07,3.437020e-18,489,0
9.877273e-10,-1.006300e-03,1.147936e-03,2.500248e-03,-1.019272e+06,1.162823e+06,2.532491e+06,4.174500e-01,-5.309957e-01,-1.115533e+00,3.437020e-18,489,4346
9.871818e-09,-1.006209e-02,1.147917e-02,2.500041e-02,-1.019337e+06,1.162906e+06,2.532665e+06,3.833937e-03,-5.091020e-03,-1.139197e-02,3.437020e-18,489,43436
0.000000e+00,-2.423080e-07,2.417582e-08,4.308793e-07,0.000000e+00,0.000000e+00,0.000000e+00,3.425185e+07,-3.251750e+06,-3.668173e+07,3.668446e-18,490,0
1.111818e-09,-2.409756e-03,2.231008e-04,2.500132e-03,-2.168364e+06,2.007488e+05,2.249420e+06,6.892156e-01,-6.265829e-02,-6.401916e-01,3.668446e-18,490,4892
1.111409e-08,-2.409933e-02,2.231136e-03,2.500038e-02,-2.168485e+06,2.007598e+05,2.249533e+06,6.546084e-03,-5.968002e-04,-6.618586e-03,3.668446e-18,490,48902
0.000000e+00,-4.151413e-08,-8.095554e-08,1.832597e-07,0.000000e+00,0.000000e+00,0.000000e+00,5.092298e+07,9.781769e+07,-2.025082e+08,8.284334e-18,491,0
3.043182e-10,-6.295692e-04,-1.209266e-03,2.501570e-03,-2.068782e+06,-3.973679e+06,8.220153e+06,3.250134e-01,6.227946e-01,-1.258839e+00,8.284334e-18,491,1339
3.041364e-09,-6.291956e-03,-1.208547e-02,2.500064e-02,-2.068798e+06,-3.973709e+06,8.220214e+06,3.252623e-03,6.235759e-03,-1.261159e-02,8.284334e-18,491,13382
0.000000e+00,-1.514141e-08,-2.229046e-08,3.356113e-07,0.000000e+00,0.000000e+00,0.000000e+00,4.306107e+06,7.356123e+06,-8.455712e+07,5.324417e-18,492,0
6.011364e-10,-1.336347e-04,-2.235883e-04,2.500505e-03,-2.223751e+05,-3.720573e+05,4.160723e+06,1.071502e-01,1.681152e-01,-1.859806e+00,5.324417e-18,492,2645
6.008636e-09,-1.336173e-03,-2.235560e-03,2.500041e-02,-2.223853e+05,-3.720733e+05,4.160900e+06,1.166528e-03,1.647003e-03,-1.874698e-02,5.324417e-18,492,26438
0.000000e+00,2.438450e-07,4.449288e-08,5.483423e-07,0.000000e+00,0.000000e+00,0.000000e+00,-2.528129e+07,-3.048098e+06,-3.289890e+07,3.045567e-18,493,0
1.116136e-09,1.944855e-03,2.247166e-04,2.500213e-03,1.743467e+06,2.014221e+05,2.240982e+06,-7.109741e-01,-7.398331e-02,-8.163386e-01,3.045567e-18,493,4911
1.115591e-08,1.944991e-02,2.247057e-03,2.500036e-02,1.743593e+06,2.014352e+05,2.241127e+06,-6.765049e-03,-7.416835e-04,-8.658875e-03,3.045567e-18,493,49086
0.000000e+00,1.008070e-07,-6.596448e-09,3.613670e-07,0.000000e+00,0.000000e+00,0.000000e+00,-2.363596e+07,-3.868427e+05,-6.908000e+07,4.826418e-18,494,0
6.890909e-10,8.702320e-04,1.412737e-05,2.500803e-03,1.263317e+06,2.052508e+04,3.630272e+06,-5.723727e-01,-1.638851e-02,-1.606742e+00,4.826418e-18,494,3032
6.886591e-09,8.699961e-03,1.413407e-04,2.500031e-02,1.263380e+06,2.052685e+04,3.630447e+06,-5.620852e-03,-1.150184e-04,-1.622130e-02,4.826418e-18,494,30301
0.000000e+00,1.100212e-07,-2.224735e-07,4.734472e-07,0.000000e+00,0.000000e+00,0.000000e+00,-1.186893e+07,2.414085e+07,-3.552924e+07,3.417603e-18,495,0
1.067045e-09,8.569475e-04,-1.715268e-03,2.500478e-03,8.035199e+05,-1.608318e+06,2.344351e+06,-3.179217e-01,6.345339e-01,-8.614857e-01,3.417603e-18,495,4695
1.066409e-08,8.568790e-03,-1.715122e-02,2.500048e-02,8.035735e+05,-1.608425e+06,2.344497e+06,-3.073942e-03,6.008961e-03,-8.927026e-03,3.417603e-18,495,46922
0.000000e+00,9.634632e-08,-6.692540e-09,6.010433e-07,0.000000e+00,0.000000e+00,0.000000e+00,-2.991882e+06,-1.784214e+07,-4.496069e+07,3.110433e-18,496,0
8.786364e-10,2.310337e-04,8.581586e-04,2.500317e-03,2.630465e+05,9.773523e+05,2.846981e+06,-1.454622e-01,-5.379358e-01,-1.514658e+00,3.110433e-18,496,3866
8.781364e-09,2.309950e-03,8.582395e-03,2.500061e-02,2.630667e+05,9.774269e+05,2.847191e+06,-1.585590e-03,-5.331125e-03,-1.538163e-02,3.110433e-18,496,38638
0.000000e+00,-4.547109e-08,1.833961e-07,4.032761e-07,0.000000e+00,0.000000e+00,0.000000e+00,7.645229e+06,-2.963350e+07,-4.781010e+07,4.093931e-18,497,0
8.929545e-10,-3.374196e-04,1.583307e-03,2.500608e-03,-3.780146e+05,1.773916e+06,2.801408e+06,1.540884e-01,-7.436639e-01,-1.081862e+00,4.093931e-18,497,3929
8.924091e-09,-3.373451e-03,1.583056e-02,2.500011e-02,-3.780363e+05,1.774020e+06,2.801560e+06,1.409685e-03,-7.211375e-03,-1.094045e-02,4.093931e-18,497,39266
0.000000e+00,1.759011e-08,6.849726e-08,3.274025e-07,0.000000e+00,0.000000e+00,0.000000e+00,-4.725191e+06,-1.958917e+07,-8.548877e+07,5.343852e-18,498,0
6.043182e-10,1.399594e-04,5.858144e-04,2.500043e-03,2.316579e+05,9.696493e+05,4.137967e+06,-9.838855e-02,-4.261489e-01,-1.737989e+00,5.343852e-18,498,2659
6.041591e-09,1.399589e-03,5.858245e-03,2.500004e-02,2.316673e+05,9.696900e+05,4.138133e+06,-9.637163e-04,-4.200832e-03,-1.743952e-02,5.343852e-18,498,26583
0.000000e+00,9.284498e-08,1.334979e-07,3.090938e-07,0.000000e+00,0.000000e+00,0.000000e+00,7.472894e+07,6.947141e+07,-1.149461e+08,5.146266e-18,499,0
5.131818e-10,-1.607340e-03,-1.489585e-03,2.500083e-03,-3.132663e+06,-2.903246e+06,4.871729e+06,5.202244e-01,4.768770e-01,-7.819454e-01,5.146266e-18,499,2258
5.131818e-09,-1.607613e-02,-1.489877e-02,2.500107e-02,-3.132705e+06,-2.903285e+06,4.871792e+06,5.173415e-03,4.746151e-03,-7.842314e-03,5.146266e-18,499,22580
0.000000e+00,-1.355624e-07,-1.739509e-07,4.855034e-07,0.000000e+00,0.000000e+00,0.000000e+00,1.750488e+07,2.183295e+07,-3.850113e+07,3.446168e-18,500,0
1.018864e-09,-1.178221e-03,-1.390273e-03,2.500535e-03,-1.157017e+06,-1.365179e+06,2.455207e+06,4.827071e-01,5.285792e-01,-9.190192e-01,3.446168e-18,500,4483
1.018250e-08,-1.178129e-02,-1.390092e-02,2.500028e-02,-1.157094e+06,-1.365264e+06,2.455355e+06,4.564207e-03,5.059194e-03,-9.421435e-03,3.446168e-18,500,44803
0.000000e+00,9.735868e-08,1.390586e-07,1.755107e-07,0.000000e+00,0.000000e+00,0.000000e+00,-7.304983e+07,-1.051875e+08,-1.079282e+08,6.980187e-18,501,0
5.588636e-10,1.696462e-03,2.443157e-03,2.500580e-03,3.035653e+06,4.371796e+06,4.474472e+06,-3.388319e-01,-4.910698e-01,-4.824918e-01,6.980187e-18,501,2459
5.587273e-09,1.696109e-02,2.442652e-02,2.500023e-02,3.035683e+06,4.371840e+06,4.474515e+06,-3.389589e-03,-4.877428e-03,-4.841735e-03,6.980187e-18,501,24584
0.000000e+00,1.847129e-07,-5.962225e-08,4.234346e-07,0.000000e+00,0.000000e+00,0.000000e+00,-3.057379e+07,7.299015e+06,-4.209655e+07,3.927497e-18,502,0
9.818182e-10,1.861476e-03,-4.814253e-04,2.500192e-03,1.896846e+06,-4.905852e+05,2.547394e+06,-7.227377e-01,2.011874e-01,-8.709876e-01,3.927497e-18,502,4320
9.814091e-09,1.861575e-02,-4.814636e-03,2.500046e-02,1.896958e+06,-4.906164e+05,2.547529e+06,-6.799425e-03,1.816630e-03,-8.966892e-03,3.927497e-18,502,43182
0.000000e+00,1.475095e-07,-2.305859e-10,3.354140e-07,0.000000e+00,0.000000e+00,0.000000e+00,-4.105972e+07,3.951494e+05,-6.543720e+07,4.896669e-18,503,0
7.525000e-10,1.604833e-03,-1.898746e-05,2.500406e-03,2.133338e+06,-2.524855e+04,3.323629e+06,-7.619889e-01,1.538354e-02,-1.125919e+00,4.896669e-18,503,3311
7.522045e-09,1.604707e-02,-1.899190e-04,2.500061e-02,2.133429e+06,-2.525039e+04,3.323762e+06,-7.510099e-03,1.479036e-04,-1.134703e-02,4.896669e-18,503,33097
0.000000e+00,-9.842515e-08,-6.341447e-08,3.500037e-07,0.000000e+00,0.000000e+00,0.000000e+00,2.275867e+07,1.958239e+07,-6.782287e+07,4.882045e-18,504,0
7.152273e-10,-8.707463e-04,-7.396363e-04,2.500750e-03,-1.217867e+06,-1.034518e+06,3.497446e+06,5.238742e-01,4.496466e-01,-1.392793e+00,4.882045e-18,504,3147
7.148182e-09,-8.705544e-03,-7.394912e-03,2.500050e-02,-1.217926e+06,-1.034568e+06,3.497603e+06,5.073745e-03,4.331056e-03,-1.403293e-02,4.882045e-18,504,31452
0.000000e+00,-2.490700e-07,-3.233081e-08,4.004703e-07,0.000000e+00,0.000000e+00,0.000000e+00,3.598369e+07,3.651825e+06,-3.990325e+07,3.817743e-18,505,0
1.068182e-09,-2.316772e-03,-2.323743e-04,2.500095e-03,-2.169779e+06,-2.176255e+05,2.341278e+06,6.841594e-01,6.984422e-02,-6.873485e-01,3.817743e-18,505,4700
1.067795e-08,-2.316877e-02,-2.323799e-03,2.500016e-02,-2.169895e+06,-2.176372e+05,2.341394e+06,6.531438e-03,6.878239e-04,-7.143339e-03,3.817743e-18,505,46983
0.000000e+00,-7.776938e-09,-2.298678e-08,2.273077e-07,0.000000e+00,0.000000e+00,0.000000e+00,9.662497e+06,1.954404e+07,-1.811356e+08,7.519647e-18,506,0
3.347727e-10,-1.337176e-04,-2.700464e-04,2.501363e-03,-3.994516e+05,-8.066764e+05,7.471980e+06,1.035361e-01,1.954155e-01,-1.846301e+00,7.519647e-18,506,1473
3.345909e-09,-1.336534e-03,-2.699085e-03,2.500076e-02,-3.994571e+05,-8.066867e+05,7.472078e+06,1.043086e-03,1.966673e-03,-1.849897e-02,7.519647e-18,506,14722
0.000000e+00,-9.321356e-08,-9.248082e-10,6.554643e-07,0.000000e+00,0.000000e+00,0.000000e+00,9.238070e+06,2.560728e+06,-3.786697e+07,2.841199e-18,507,0
9.329545e-10,-5.885654e-04,-1.591676e-04,2.500474e-03,-6.312912e+05,-1.707902e+05,2.681692e+06,3.911859e-01,1.436105e-01,-1.602778e+00,2.841199e-18,507,4105
9.322500e-09,-5.885212e-03,-1.592166e-03,2.500029e-02,-6.313489e+05,-1.708114e+05,2.681928e+06,3.709178e-03,1.337411e-03,-1.636414e-02,2.841199e-18,507,41019
0.000000e+00,6.053937e-08,1.476854e-07,4.257507e-07,0.000000e+00,0.000000e+00,0.000000e+00,-1.107436e+07,-2.290007e+07,-4.723709e+07,4.041375e-18,508,0
8.815909e-10,6.514634e-04,1.178472e-03,2.500151e-03,7.394157e+05,1.337361e+06,2.837134e+06,-3.830509e-01,-5.921680e-01,-1.238054e+00,4.041375e-18,508,3879
8.811818e-09,6.515548e-03,1.178459e-02,2.500040e-02,7.394691e+05,1.337443e+06,2.837307e+06,-3.681792e-03,-5.660789e-03,-1.266244e-02,4.041375e-18,508,38772
0.000000e+00,1.632903e-07,1.099183e-08,3.668911e-07,0.000000e+00,0.000000e+00,0.000000e+00,-3.695877e+07,2.975252e+04,-5.536714e+07,4.504088e-18,509,0
8.411364e-10,1.735588e-03,2.234409e-06,2.500384e-03,2.064167e+06,2.646270e+03,2.973474e+06,-7.632587e-01,-1.021910e-03,-9.987432e-01,4.504088e-18,509,3701
8.407727e-09,1.735493e-02,2.225849e-05,2.500028e-02,2.064268e+06,2.646405e+03,2.973607e+06,-7.322663e-03,-4.234794e-06,-1.029054e-02,4.504088e-18,509,36994
0.000000e+00,2.288330e-07,-9.751805e-08,3.993440e-07,0.000000e+00,0.000000e+00,0.000000e+00,-3.518913e+07,1.684518e+07,-3.679527e+07,3.835055e-18,510,0
1.149545e-09,2.444504e-03,-1.171925e-03,2.500002e-03,2.127312e+06,-1.019872e+06,2.175387e+06,-5.700368e-01,2.752961e-01,-5.281155e-01,3.835055e-18,510,5058
1.149227e-08,2.444760e-02,-1.172062e-02,2.500026e-02,2.127416e+06,-1.019922e+06,2.175483e+06,-5.411358e-03,2.589029e-03,-5.518904e-03,3.835055e-18,510,50566
0.000000e+00,-1.068722e-07,2.136731e-07,3.028689e-07,0.000000e+00,0.000000e+00,0.000000e+00,3.189966e+07,-4.785147e+07,-4.542285e+07,4.595792e-18,511,0
1.079545e-09,-1.755483e-03,2.676321e-03,2.500436e-03,-1.626541e+06,2.479708e+06,2.316599e+06,3.084578e-01,-4.723164e-01,-4.072945e-01,4.595792e-18,511,4750
1.079182e-08,-1.755331e-02,2.676057e-02,2.500044e-02,-1.626593e+06,2.479789e+06,2.316669e+06,2.956023e-03,-4.505156e-03,-4.165915e-03,4.595792e-18,511,47484
0.000000e+00,-1.328265e-07,1.195784e-07,5.537001e-07,0.000000e+00,0.000000e+00,0.000000e+00,1.120507e+07,-6.736438e+06,-4.513888e+07,3.214540e-18,512,0
8.711364e-10,-6.420306e-04,4.383132e-04,2.500136e-03,-7.373976e+05,5.034200e+05,2.871373e+06,4.230678e-01,-3.063155e-01,-1.563786e+00,3.214540e-18,512,3833
8.706591e-09,-6.420253e-03,4.383111e-03,2.500004e-02,-7.374558e+05,5.034621e+05,2.871588e+06,4.017894e-03,-2.681467e-03,-1.595014e-02,3.214540e-18,512,38309
0.000000e+00,-1.608957e-08,2.142973e-07,2.228576e-07,0.000000e+00,0.000000e+00,0.000000e+00,5.866689e+06,-8.584726e+07,-6.421426e+07,5.593325e-18,513,0
8.736364e-10,-2.285363e-04,3.376685e-03,2.500085e-03,-2.616169e+05,3.865554e+06,2.861930e+06,3.276456e-02,-5.405848e-01,-3.701947e-01,5.593325e-18,513,3844
8.735455e-09,-2.285350e-03,3.376746e-02,2.500039e-02,-2.616214e+05,3.865629e+06,2.861981e+06,3.486081e-04,-5.273013e-03,-3.774024e-03,5.593325e-18,513,38436
0.000000e+00,9.790328e-08,9.906149e-08,4.306967e-07,0.000000e+00,0.000000e+00,0.000000e+00,-1.552656e+07,-1.571646e+07,-5.173684e+07,4.067495e-18,514,0
8.281818e-10,6.106631e-04,7.181312e-04,2.500554e-03,7.376980e+05,8.675410e+05,3.020686e+06,-3.992704e-01,-4.477629e-01,-1.519798e+00,4.067495e-18,514,3644
8.276364e-09,6.105494e-03,7.180095e-03,2.500040e-02,7.377503e+05,8.675996e+05,3.020885e+06,-4.026911e-03,-4.462982e-03,-1.531739e-02,4.067495e-18,514,36416
0.000000e+00,1.704511e-07,-8.426435e-08,4.454587e-07,0.000000e+00,0.000000e+00,0.000000e+00,-2.356521e+07,1.408329e+07,-4.351357e+07,3.795017e-18,515,0
9.231818e-10,1.303940e-03,-8.453093e-04,2.500051e-03,1.413084e+06,-9.161327e+05,2.709183e+06,-5.937817e-01,4.066537e-01,-1.109511e+00,3.795017e-18,515,4062
9.227955e-09,1.303988e-02,-8.453991e-03,2.500031e-02,1.413171e+06,-9.161920e+05,2.709345e+06,-5.797966e-03,3.749864e-03,-1.126848e-02,3.795017e-18,515,40603
0.000000e+00,1.360418e-07,7.720376e-08,6.369395e-07,0.000000e+00,0.000000e+00,0.000000e+00,-4.779584e+06,-9.567689e+06,-3.479537e+07,2.839295e-18,516,0
9.638636e-10,7.069583e-04,6.737360e-04,2.500118e-03,7.340702e+05,6.994772e+05,2.595254e+06,-4.636402e-01,-3.851853e-01,-1.400720e+00,2.839295e-18,516,4241
9.632955e-09,7.071186e-03,6.737988e-03,2.500014e-02,7.341408e+05,6.995358e+05,2.595468e+06,-4.019348e-03,-3.762555e-03,-1.442127e-02,2.839295e-18,516,42385
0.000000e+00,-2.220849e-07,-1.595098e-07,3.894514e-07,0.000000e+00,0.000000e+00,0.000000e+00,3.232275e+07,2.321231e+07,-3.579201e+07,3.764008e-18,517,0
1.185682e-09,-2.321854e-03,-1.654347e-03,2.500211e-03,-1.958994e+06,-1.395779e+06,2.109244e+06,5.118597e-01,3.479786e-01,-4.807419e-01,3.764008e-18,517,5217
1.185273e-08,-2.321938e-02,-1.654376e-02,2.500040e-02,-1.959090e+06,-1.395844e+06,2.109334e+06,4.716796e-03,3.315581e-03,-5.080549e-03,3.764008e-18,517,52152
0.000000e+00,-2.077688e-07,-6.692921e-08,4.413232e-07,0.000000e+00,0.000000e+00,0.000000e+00,2.984255e+07,1.087796e+07,-3.880371e+07,3.710976e-18,518,0
1.032500e-09,-1.920507e-03,-6.903251e-04,2.500054e-03,-1.860915e+06,-6.688931e+05,2.422243e+06,6.729254e-01,2.279524e-01,-8.132787e-01,3.710976e-18,518,4543
1.032114e-08,-1.920671e-02,-6.903715e-03,2.500040e-02,-1.861025e+06,-6.689302e+05,2.422375e+06,6.403145e-03,2.282618e-03,-8.379161e-03,3.710976e-18,518,45413
0.000000e+00,-2.646701e-08,-2.268141e-07,4.792429e-07,0.000000e+00,0.000000e+00,0.000000e+00,5.546700e+06,2.941229e+07,-3.892539e+07,3.461218e-18,519,0
1.027955e-09,-3.620130e-04,-1.955012e-03,2.500184e-03,-3.523300e+05,-1.902751e+06,2.433049e+06,1.159100e-01,7.153933e-01,-8.294400e-01,3.461218e-18,519,4523
1.027523e-08,-3.620249e-03,-1.955116e-02,2.500029e-02,-3.523488e+05,-1.902867e+06,2.433184e+06,1.069672e-03,6.642614e-03,-8.656355e-03,3.461218e-18,519,45211
0.000000e+00,1.725879e-07,-9.600063e-08,4.087433e-07,0.000000e+00,0.000000e+00,0.000000e+00,-2.832608e+07,1.883748e+07,-4.173071e+07,4.011644e-18,520,0
9.993182e-10,1.754496e-03,-1.253829e-03,2.500566e-03,1.756447e+06,-1.255244e+06,2.503092e+06,-5.952597e-01,4.137317e-01,-7.794261e-01,4.011644e-18,520,4397
9.987727e-09,1.754286e-02,-1.253696e-02,2.500030e-02,1.756541e+06,-1.255309e+06,2.503215e+06,-5.551749e-03,3.930760e-03,-7.951324e-03,4.011644e-18,520,43946
0.000000e+00,-1.424149e-07,-1.527772e-08,3.940602e-07,0.000000e+00,0.000000e+00,0.000000e+00,2.552911e+07,8.910175e+06,-4.837651e+07,4.356799e-18,521,0
8.606818e-10,-1.355551e-03,-4.416965e-04,2.500265e-03,-1.575727e+06,-5.134480e+05,2.906130e+06,6.922952e-01,2.091154e-01,-1.203652e+00,4.356799e-18,521,3787
8.602500e-09,-1.355514e-02,-4.416899e-03,2.500004e-02,-1.575821e+06,-5.134764e+05,2.906294e+06,6.685465e-03,1.939851e-03,-1.216761e-02,4.356799e-18,521,37851
0.000000e+00,5.628839e-08,-7.004097e-08,1.739890e-07,0.000000e+00,0.000000e+00,0.000000e+00,-7.820262e+07,9.980388e+07,-2.178367e+08,8.629341e-18,522,0
2.838636e-10,8.981976e-04,-1.146234e-03,2.500598e-03,3.164155e+06,-4.037938e+06,8.808990e+06,-4.387968e-01,5.583484e-01,-1.192249e+00,8.629341e-18,522,1249
2.838182e-09,8.980497e-03,-1.146047e-02,2.500167e-02,3.164174e+06,-4.037963e+06,8.809043e+06,-4.362164e-03,5.555356e-03,-1.195118e-02,8.629341e-18,522,12488
0.000000e+00,6.495888e-08,1.990770e-07,5.794485e-07,0.000000e+00,0.000000e+00,0.000000e+00,-1.005450e+07,-1.453779e+07,-3.409079e+07,3.003444e-18,523,0
1.016591e-09,6.408052e-04,1.102588e-03,2.500369e-03,6.307593e+05,1.085282e+06,2.460857e+06,-3.232443e-01,-5.799760e-01,-1.202108e+00,3.003444e-18,523,4473
1.015909e-08,6.407915e-03,1.102549e-02,2.500022e-02,6.308112e+05,1.085376e+06,2.461050e+06,-3.145308e-03,-5.431207e-03,-1.257450e-02,3.003444e-18,523,44700
0.000000e+00,7.152620e-08,-7.295799e-09,6.123129e-07,0.000000e+00,0.000000e+00,0.000000e+00,-3.798092e+06,-5.308400e+05,-3.750554e+07,3.065513e-18,524,0
9.097727e-10,3.226040e-04,2.404094e-05,2.500147e-03,3.548796e+05,2.647101e+04,2.749759e+06,-2.612696e-01,-3.442393e-02,-1.701878e+00,3.065513e-18,524,4003
9.091818e-09,3.226499e-03,2.406614e-04,2.500045e-02,3.549171e+05,2.647595e+04,2.750003e+06,-2.100144e-03,-1.014082e-04,-1.746624e-02,3.065513e-18,524,40004
0.000000e+00,3.671029e-08,1.231634e-07,1.384314e-07,0.000000e+00,0.000000e+00,0.000000e+00,-5.204854e+07,-1.915543e+08,-1.888373e+08,8.882352e-18,525,0
3.284091e-10,6.891905e-04,2.537732e-03,2.500418e-03,2.098533e+06,7.727255e+06,7.613573e+06,-1.608292e-01,-6.276324e-01,-5.968377e-01,8.882352e-18,525,1445
3.283636e-09,6.890853e-03,2.537361e-02,2.500033e-02,2.098541e+06,7.727287e+06,7.613604e+06,-1.688392e-03,-6.194483e-03,-6.006290e-03,8.882352e-18,525,14448
0.000000e+00,-1.460440e-07,-8.089921e-09,4.050684e-07,0.000000e+00,0.000000e+00,0.000000e+00,2.890569e+07,-8.284144e+05,-5.885075e+07,4.253553e-18,526,0
7.804545e-10,-1.267978e-03,2.475491e-05,2.500683e-03,-1.625339e+06,3.174824e+04,3.205168e+06,7.370790e-01,-2.152857e-02,-1.316114e+00,4.253553e-18,526,3434
7.800000e-09,-1.267765e-02,2.476285e-04,2.500045e-02,-1.625430e+06,3.175090e+04,3.205330e+06,6.969726e-03,-1.970921e-04,-1.326629e-02,4.253553e-18,526,34320
0.000000e+00,-1.790450e-07,2.159466e-09,1.702262e-07,0.000000e+00,0.000000e+00,0.000000e+00,1.295835e+08,-2.652409e+06,-9.987314e+07,6.869895e-18,527,0
6.027273e-10,-3.253791e-03,6.606877e-05,2.500352e-03,-5.398632e+06,1.096211e+05,4.148467e+06,5.548447e-01,-9.723965e-03,-4.061293e-01,6.869895e-18,527,2652
6.026364e-09,-3.253424e-02,6.606180e-04,2.500030e-02,-5.398685e+06,1.096220e+05,4.148505e+06,5.501062e-03,-9.834386e-05,-4.108289e-03,6.869895e-18,527,26516
0.000000e+00,-1.768500e-07,1.024978e-07,4.143297e-07,0.000000e+00,0.000000e+00,0.000000e+00,2.721247e+07,-1.340604e+07,-4.704648e+07,3.951839e-18,528,0
9.113636e-10,-1.494767e-03,7.468136e-04,2.500095e-03,-1.640884e+06,8.198008e+05,2.744230e+06,6.787259e-01,-3.354520e-01,-1.030435e+00,3.951839e-18,528,4010
9.110000e-09,-1.494844e-02,7.468390e-03,2.500004e-02,-1.640982e+06,8.198491e+05,2.744378e+06,6.359852e-03,-3.251790e-03,-1.045006e-02,3.951839e-18,528,40084
0.000000e+00,-2.134769e-07,-3.464414e-08,4.644979e-07,0.000000e+00,0.000000e+00,0.000000e+00,2.997721e+07,4.195879e+06,-3.617658e+07,3.585288e-18,529,0
1.069545e-09,-2.031942e-03,-2.911413e-04,2.500356e-03,-1.900762e+06,-2.723196e+05,2.338683e+06,7.033548e-01,8.436131e-02,-8.028553e-01,3.585288e-18,529,4706
1.068977e-08,-2.031864e-02,-2.911031e-03,2.500009e-02,-1.900880e+06,-2.723338e+05,2.338818e+06,6.606432e-03,8.162726e-04,-8.279482e-03,3.585288e-18,529,47035
0.000000e+00,-8.498165e-08,-1.560961e-08,3.791492e-07,0.000000e+00,0.000000e+00,0.000000e+00,2.232884e+07,-6.710417e+05,-6.349637e+07,4.685287e-18,530,0
7.184091e-10,-8.823266e-04,7.277036e-08,2.500141e-03,-1.228663e+06,1.137673e+02,3.481346e+06,5.647438e-01,-8.963701e-04,-1.623115e+00,4.685287e-18,530,3161
7.181136e-09,-8.823184e-03,8.085660e-07,2.500011e-02,-1.228727e+06,1.138745e+02,3.481530e+06,5.589110e-03,-3.516093e-05,-1.626848e-02,4.685287e-18,530,31597
0.000000e+00,-1.999981e-07,2.404169e-08,4.244912e-07,0.000000e+00,0.000000e+00,0.000000e+00,3.166333e+07,-4.030665e+06,-4.259589e+07,3.887014e-18,531,0
9.615909e-10,-1.852988e-03,2.274661e-04,2.500200e-03,-1.927880e+06,2.366626e+05,2.601004e+06,7.416011e-01,-9.398611e-02,-9.210472e-01,3.887014e-18,531,4231
9.611818e-09,-1.853040e-02,2.274754e-03,2.500047e-02,-1.927993e+06,2.366769e+05,2.601144e+06,7.123665e-03,-9.126768e-04,-9.359606e-03,3.887014e-18,531,42292
0.000000e+00,1.543001e-07,2.118281e-07,3.229817e-07,0.000000e+00,0.000000e+00,0.000000e+00,-2.842724e+07,-4.776500e+07,-4.176028e+07,4.269998e-18,532,0
1.157045e-09,1.732127e-03,2.879511e-03,2.500420e-03,1.497381e+06,2.489302e+06,2.161416e+06,-2.726073e-01,-4.563682e-01,-3.625244e-01,4.269998e-18,532,5091
1.156659e-08,1.731961e-02,2.879273e-02,2.500035e-02,1.497430e+06,2.489385e+06,2.161482e+06,-2.634410e-03,-4.371680e-03,-3.774310e-03,4.269998e-18,532,50893
0.000000e+00,-1.330012e-07,1.282106e-07,5.446103e-07,0.000000e+00,0.000000e+00,0.000000e+00,1.069633e+07,-2.013286e+07,-3.040963e+07,3.248826e-18,533,0
1.095227e-09,-9.158387e-04,1.489061e-03,2.500024e-03,-8.367202e+05,1.360457e+06,2.283773e+06,3.729309e-01,-5.972718e-01,-9.363311e-01,3.248826e-18,533,4819
1.094682e-08,-9.159389e-03,1.489256e-02,2.500015e-02,-8.367846e+05,1.360560e+06,2.283936e+06,3.543937e-03,-5.756625e-03,-9.777758e-03,3.248826e-18,533,48166
0.000000e+00,1.792495e-07,8.385878e-08,3.084239e-07,0.000000e+00,0.000000e+00,0.000000e+00,-4.827376e+07,-2.211304e+07,-5.849639e+07,4.847570e-18,534,0
8.581818e-10,2.078028e-03,9.482371e-04,2.500267e-03,2.422045e+06,1.105207e+06,2.914043e+06,-6.356667e-01,-2.834315e-01,-7.346749e-01,4.847570e-18,534,3776
8.579318e-09,2.077952e-02,9.481938e-03,2.500062e-02,2.422131e+06,1.105246e+06,2.914143e+06,-6.258762e-03,-2.822088e-03,-7.404074e-03,4.847570e-18,534,37749
0.000000e+00,1.235607e-07,1.863541e-07,2.876964e-07,0.000000e+00,0.000000e+00,0.000000e+00,-3.359495e+07,-5.236465e+07,-5.340166e+07,4.842397e-18,535,0
9.586364e-10,1.586213e-03,2.465399e-03,2.500541e-03,1.655005e+06,2.572321e+06,2.608850e+06,-3.282606e-01,-5.073341e-01,-4.866639e-01,4.842397e-18,535,4218
9.582727e-09,1.585948e-02,2.464988e-02,2.500002e-02,1.655055e+06,2.572398e+06,2.608924e+06,-3.167167e-03,-4.953120e-03,-4.962011e-03,4.842397e-18,535,42164
0.000000e+00,-8.116910e-08,-2.617801e-07,4.000744e-07,0.000000e+00,0.000000e+00,0.000000e+00,1.202772e+07,3.563274e+07,-3.400874e+07,3.704497e-18,536,0
1.197727e-09,-8.824363e-04,-2.661027e-03,2.500445e-03,-7.370481e+05,-2.222616e+06,2.088276e+06,1.916046e-01,5.923947e-01,-4.987264e-01,3.704497e-18,536,5270
1.197159e-08,-8.823616e-03,-2.660818e-02,2.500008e-02,-7.370844e+05,-2.222728e+06,2.088370e+06,1.875815e-03,5.551696e-03,-5.228842e-03,3.704497e-18,536,52675
0.000000e+00,-1.354490e-07,7.066187e-08,5.932011e-07,0.000000e+00,0.000000e+00,0.000000e+00,1.470303e+07,-8.645946e+06,-3.523576e+07,3.061434e-18,537,0
9.931818e-10,-1.026019e-03,5.898329e-04,2.500524e-03,-1.033765e+06,5.942449e+05,2.518996e+06,5.782896e-01,-2.822320e-01,-1.262523e+00,3.061434e-18,537,4370
9.924545e-09,-1.025962e-02,5.897577e-03,2.500006e-02,-1.033856e+06,5.942892e+05,2.519194e+06,5.340560e-03,-3.144983e-03,-1.339491e-02,3.061434e-18,537,43668
0.000000e+00,2.466915e-08,1.676326e-07,2.711294e-07,0.000000e+00,0.000000e+00,0.000000e+00,-1.475726e+07,-6.422191e+07,-8.610058e+07,5.515372e-18,538,0
6.497727e-10,4.296954e-04,1.876450e-03,2.500761e-03,6.614179e+05,2.888268e+06,3.849115e+06,-1.664958e-01,-7.103600e-01,-9.165557e-01,5.515372e-18,538,2859
6.495000e-09,4.295916e-03,1.875938e-02,2.500017e-02,6.614350e+05,2.888341e+06,3.849210e+06,-1.661203e-03,-7.067569e-03,-9.269620e-03,5.515372e-18,538,28578
0.000000e+00,7.572743e-08,8.683484e-08,5.331877e-07,0.000000e+00,0.000000e+00,0.000000e+00,-8.585085e+06,-9.557474e+06,-4.136061e+07,3.424633e-18,539,0
8.931818e-10,2.407654e-04,4.888431e-04,2.500056e-03,2.697874e+05,5.476968e+05,2.800760e+06,-3.570349e-01,-3.903464e-01,-1.756144e+00,3.424633e-18,539,3930
8.926136e-09,2.408290e-03,4.888833e-03,2.500008e-02,2.698377e+05,5.477519e+05,2.801007e+06,-3.180441e-03,-3.772798e-03,-1.782355e-02,3.424633e-18,539,39275
0.000000e+00,7.902608e-08,-4.375938e-08,2.569272e-07,0.000000e+00,0.000000e+00,0.000000e+00,-3.487972e+07,4.238508e+07,-1.319817e+08,6.425882e-18,540,0
4.468182e-10,6.656529e-04,-8.028430e-04,2.501017e-03,1.489838e+06,-1.797002e+06,5.597732e+06,-3.974247e-01,4.871859e-01,-1.470180e+00,6.425882e-18,540,1966
4.466136e-09,6.653879e-03,-8.025682e-03,2.500043e-02,1.489866e+06,-1.797037e+06,5.597836e+06,-3.975723e-03,4.870833e-03,-1.472580e-02,6.425882e-18,540,19651
0.000000e+00,1.606921e-07,1.186049e-07,2.212934e-07,0.000000e+00,0.000000e+00,0.000000e+00,-7.461156e+07,-4.969041e+07,-7.556943e+07,5.808912e-18,541,0
7.563636e-10,2.483329e-03,1.654242e-03,2.500136e-03,3.283591e+06,2.187309e+06,3.305706e+06,-4.990158e-01,-3.283408e-01,-4.757388e-01,5.808912e-18,541,3328
7.562727e-09,2.483298e-02,1.654208e-02,2.500029e-02,3.283651e+06,2.187348e+06,3.305763e+06,-4.948912e-03,-3.255397e-03,-4.788781e-03,5.808912e-18,541,33276
0.000000e+00,-1.712656e-07,2.281153e-07,4.629457e-07,0.000000e+00,0.000000e+00,0.000000e+00,2.061842e+07,-2.672533e+07,-3.329027e+07,3.340144e-18,542,0
1.186136e-09,-1.580270e-03,1.992939e-03,2.500417e-03,-1.332879e+06,1.680903e+06,2.108737e+06,4.065447e-01,-4.960522e-01,-5.878036e-01,3.340144e-18,542,5219
1.185545e-08,-1.580185e-02,1.992785e-02,2.500018e-02,-1.332955e+06,1.680996e+06,2.108847e+06,3.869141e-03,-4.742109e-03,-6.139614e-03,3.340144e-18,542,52164
0.000000e+00,-3.338891e-08,-2.891498e-07,3.885254e-07,0.000000e+00,0.000000e+00,0.000000e+00,3.661135e+06,4.041069e+07,-3.327096e+07,3.679257e-18,543,0
1.249318e-09,-2.769379e-04,-3.056243e-03,2.500160e-03,-2.217405e+05,-2.447216e+06,2.001761e+06,4.879200e-02,5.752997e-01,-4.282884e-01,3.679257e-18,543,5497
1.248909e-08,-2.769341e-03,-3.056345e-02,2.500029e-02,-2.217502e+05,-2.447330e+06,2.001846e+06,5.000474e-04,5.457649e-03,-4.465099e-03,3.679257e-18,543,54952
0.000000e+00,-2.033436e-07,3.656006e-08,5.579008e-07,0.000000e+00,0.000000e+00,0.000000e+00,2.222656e+07,-4.825178e+06,-3.415294e+07,3.119200e-18,544,0
1.046591e-09,-1.577298e-03,3.509009e-04,2.500526e-03,-1.507955e+06,3.354975e+05,2.390314e+06,6.825069e-01,-1.617344e-01,-1.012789e+00,3.119200e-18,544,4605
1.045886e-08,-1.577146e-02,3.508903e-03,2.500012e-02,-1.508068e+06,3.355243e+05,2.390482e+06,6.635307e-03,-1.529744e-03,-1.052219e-02,3.119200e-18,544,46019
0.000000e+00,-4.181520e-09,4.492020e-08,5.926548e-07,0.000000e+00,0.000000e+00,0.000000e+00,-2.531824e+06,-6.941403e+06,-3.739178e+07,3.175253e-18,545,0
9.079545e-10,1.694743e-04,4.844720e-04,2.500411e-03,1.866843e+05,5.339882e+05,2.755437e+06,2.431294e-02,-3.313610e-01,-1.557394e+00,3.175253e-18,545,3995
9.072955e-09,1.693728e-03,4.844807e-03,2.500007e-02,1.866809e+05,5.340358e+05,2.755661e+06,-9.268207e-04,-3.276970e-03,-1.687520e-02,3.175253e-18,545,39921
0.000000e+00,9.641977e-08,9.648936e-08,5.808089e-07,0.000000e+00,0.000000e+00,0.000000e+00,-7.611228e+06,-1.030938e+07,-3.689561e+07,3.129463e-18,546,0
9.447727e-10,6.103296e-04,8.433852e-04,2.500519e-03,6.464260e+05,8.933259e+05,2.648096e+06,-3.532800e-01,-5.050356e-01,-1.398884e+00,3.129463e-18,546,4157
9.440909e-09,6.102823e-03,8.433733e-03,2.500057e-02,6.464787e+05,8.934012e+05,2.648305e+06,-3.285067e-03,-4.881797e-03,-1.429253e-02,3.129463e-18,546,41540
0.000000e+00,6.022926e-08,-1.436999e-07,6.466580e-07,0.000000e+00,0.000000e+00,0.000000e+00,-5.144710e+06,1.217230e+07,-3.562312e+07,2.795947e-18,547,0
9.784091e-10,3.300753e-04,-8.673665e-04,2.500078e-03,3.375695e+05,-8.871369e+05,2.556664e+06,-1.941003e-01,5.423482e-01,-1.417114e+00,2.795947e-18,547,4305
9.778409e-09,3.300905e-03,-8.674781e-03,2.500031e-02,3.375995e+05,-8.872207e+05,2.556883e+06,-1.987838e-03,4.942337e-03,-1.468177e-02,2.795947e-18,547,43025
0.000000e+00,1.913372e-07,1.570999e-07,5.252370e-07,0.000000e+00,0.000000e+00,0.000000e+00,-2.086250e+07,-1.780544e+07,-3.372512e+07,3.170198e-18,548,0
1.097500e-09,1.516703e-03,1.253629e-03,2.500484e-03,1.382695e+06,1.142834e+06,2.279290e+06,-5.493048e-01,-4.342935e-01,-8.372628e-01,3.170198e-18,548,4829
1.096841e-08,1.516594e-02,1.253506e-02,2.500033e-02,1.382790e+06,1.142909e+06,2.279435e+06,-5.124072e-03,-4.194904e-03,-8.666042e-03,3.170198e-18,548,48261
0.000000e+00,9.642533e-08,5.080635e-08,6.046966e-07,0.000000e+00,0.000000e+00,0.000000e+00,-7.530515e+06,-7.218215e+06,-3.601762e+07,3.052886e-18,549,0
9.511364e-10,6.009121e-04,4.282453e-04,2.500047e-03,6.323418e+05,4.505767e+05,2.630026e+06,-4.665824e-01,-2.829618e-01,-1.523576e+00,3.052886e-18,549,4185
9.505682e-09,6.010804e-03,4.283025e-03,2.500034e-02,6.324118e+05,4.506193e+05,2.630255e+06,-3.645429e-03,-2.522093e-03,-1.574075e-02,3.052886e-18,549,41825
0.000000e+00,-5.148035e-08,-1.562374e-07,6.368035e-07,0.000000e+00,0.000000e+00,0.000000e+00,4.278078e+06,1.455416e+07,-3.401251e+07,2.823205e-18,550,0
9.947727e-10,-2.565595e-04,-9.823601e-04,2.500237e-03,-2.580381e+05,-9.881643e+05,2.514775e+06,1.269916e-01,5.509093e-01,-1.361419e+00,2.823205e-18,550,4377
9.941364e-09,-2.565268e-03,-9.823702e-03,2.500049e-02,-2.580580e+05,-9.882508e+05,2.514989e+06,1.383239e-03,5.450268e-03,-1.415433e-02,2.823205e-18,550,43742
0.000000e+00,1.678901e-07,-1.341060e-07,4.217728e-07,0.000000e+00,0.000000e+00,0.000000e+00,-2.372491e+07,2.023413e+07,-4.130035e+07,3.845031e-18,551,0
9.827273e-10,1.405159e-03,-1.258752e-03,2.500450e-03,1.430465e+06,-1.281485e+06,2.545359e+06,-5.183564e-01,4.945048e-01,-9.101114e-01,3.845031e-18,551,4324
9.821818e-09,1.404976e-02,-1.258648e-02,2.500014e-02,1.430545e+06,-1.281562e+06,2.545501e+06,-4.938045e-03,4.606607e-03,-9.275974e-03,3.845031e-18,551,43216
0.000000e+00,-1.963844e-07,-9.631607e-08,3.621073e-07,0.000000e+00,0.000000e+00,0.000000e+00,3.651580e+07,1.980228e+07,-4.628776e+07,4.244829e-18,552,0
9.797727e-10,-2.025276e-03,-1.054930e-03,2.500378e-03,-2.067830e+06,-1.077077e+06,2.552708e+06,6.293140e-01,3.136042e-01,-7.127114e-01,4.244829e-18,552,4311
9.793636e-09,-2.025156e-02,-1.054849e-02,2.500040e-02,-2.067927e+06,-1.077125e+06,2.552818e+06,6.152649e-03,3.101976e-03,-7.409085e-03,4.244829e-18,552,43092
0.000000e+00,-2.150386e-07,2.730428e-08,4.896744e-07,0.000000e+00,0.000000e+00,0.000000e+00,2.503852e+07,-3.630202e+06,-3.582828e+07,3.438984e-18,553,0
1.041818e-09,-1.754810e-03,2.503389e-04,2.500484e-03,-1.685333e+06,2.404124e+05,2.401159e+06,7.376798e-01,-9.291469e-02,-9.344215e-01,3.438984e-18,553,4584
1.041182e-08,-1.754732e-02,2.503122e-03,2.500054e-02,-1.685454e+06,2.404277e+05,2.401313e+06,7.079306e-03,-9.171951e-04,-9.671940e-03,3.438984e-18,553,45812
0.000000e+00,1.158922e-07,-1.509501e-07,2.749475e-07,0.000000e+00,0.000000e+00,0.000000e+00,-3.785558e+07,4.990783e+07,-6.522427e+07,5.253567e-18,554,0
8.125000e-10,1.461532e-03,-1.937700e-03,2.500454e-03,1.799158e+06,-2.385348e+06,3.077960e+06,-4.041890e-01,5.528484e-01,-6.705045e-01,5.253567e-18,554,3575
8.122273e-09,1.461328e-02,-1.937448e-02,2.500016e-02,1.799210e+06,-2.385419e+06,3.078046e+06,-4.054279e-03,5.471630e-03,-6.755007e-03,5.253567e-18,554,35738
0.000000e+00,-2.423790e-07,1.024929e-08,2.600397e-07,0.000000e+00,0.000000e+00,0.000000e+00,7.014300e+07,-2.246619e+06,-5.071458e+07,4.903901e-18,555,0
1.038864e-09,-3.498439e-03,1.159167e-04,2.500070e-03,-3.368145e+06,1.116002e+05,2.406840e+06,5.141952e-01,-1.854203e-02,-3.434624e-01,4.903901e-18,555,4571
1.038705e-08,-3.498512e-02,1.159199e-03,2.500009e-02,-3.368229e+06,1.116032e+05,2.406897e+06,4.956249e-03,-1.672982e-04,-3.487457e-03,4.903901e-18,555,45703
0.000000e+00,-3.465588e-08,-1.304932e-07,4.428515e-07,0.000000e+00,0.000000e+00,0.000000e+00,7.813565e+06,1.472830e+07,-4.809362e+07,3.994836e-18,556,0
8.277273e-10,-3.637971e-04,-7.911931e-04,2.500333e-03,-4.397519e+05,-9.562402e+05,3.022149e+06,2.371377e-01,3.665254e-01,-1.561603e+00,3.994836e-18,556,3642
8.272273e-09,-3.637741e-03,-7.910262e-03,2.500012e-02,-4.397829e+05,-9.562881e+05,3.022354e+06,2.171666e-03,4.973630e-03,-1.591074e-02,3.994836e-18,556,36398
0.000000e+00,1.755601e-07,-1.545840e-07,4.123512e-07,0.000000e+00,0.000000e+00,0.000000e+00,-2.649492e+07,2.516696e+07,-3.793673e+07,3.819651e-18,557,0
1.079318e-09,1.728868e-03,-1.654867e-03,2.500231e-03,1.602459e+06,-1.533902e+06,2.317251e+06,-4.832443e-01,4.774405e-01,-6.714786e-01,3.819651e-18,557,4749
1.078864e-08,1.728831e-02,-1.654866e-02,2.500008e-02,1.602541e+06,-1.533983e+06,2.317366e+06,-4.622439e-03,4.448369e-03,-6.944558e-03,3.819651e-18,557,47470
0.000000e+00,1.061589e-07,3.308868e-08,4.194580e-07,0.000000e+00,0.000000e+00,0.000000e+00,-1.891160e+07,-5.523564e+06,-5.766331e+07,4.238056e-18,558,0
7.668182e-10,8.542558e-04,2.496860e-04,2.500309e-03,1.114536e+06,3.257566e+05,3.261867e+06,-5.596607e-01,-1.605426e-01,-1.544748e+00,4.238056e-18,558,3374
7.664318e-09,8.542153e-03,2.496703e-03,2.500010e-02,1.114604e+06,3.257760e+05,3.262054e+06,-5.619331e-03,-1.609005e-03,-1.554066e-02,4.238056e-18,558,33723
0.000000e+00,2.175534e-07,-4.785750e-08,4.527809e-07,0.000000e+00,0.000000e+00,0.000000e+00,-3.107675e+07,4.650164e+06,-3.828641e+07,3.627970e-18,559,0
1.043182e-09,2.041231e-03,-2.912055e-04,2.500256e-03,1.957634e+06,-2.792534e+05,2.397652e+06,-6.930313e-01,9.223224e-02,-8.186002e-01,3.627970e-18,559,4590
1.042682e-08,2.041184e-02,-2.911736e-03,2.500000e-02,1.957748e+06,-2.792686e+05,2.397787e+06,-6.568256e-03,8.826091e-04,-8.368444e-03,3.627970e-18,559,45878
0.000000e+00,-5.089714e-10,2.078680e-07,3.980062e-07,0.000000e+00,0.000000e+00,0.000000e+00,3.836351e+05,-3.412048e+07,-4.579610e+07,4.048796e-18,560,0
9.481818e-10,1.483861e-05,1.917172e-03,2.500578e-03,1.568964e+04,2.022784e+06,2.638108e+06,-2.698242e-02,-7.305763e-01,-8.860177e-01,4.048796e-18,560,4172
9.476591e-09,1.486748e-04,1.916907e-02,2.500038e-02,1.569369e+04,2.022893e+06,2.638241e+06,-1.261186e-04,-7.102494e-03,-9.041826e-03,4.048796e-18,560,41697
0.000000e+00,-1.337922e-07,-7.877370e-08,1.550031e-07,0.000000e+00,0.000000e+00,0.000000e+00,1.338313e+08,8.017534e+07,-1.361016e+08,7.690507e-18,561,0
4.504545e-10,-2.461188e-03,-1.474937e-03,2.500472e-03,-5.463817e+06,-3.274355e+06,5.550976e+06,5.178279e-01,3.149831e-01,-5.149022e-01,7.690507e-18,561,1982
4.503864e-09,-2.460840e-02,-1.474731e-02,2.500097e-02,-5.463854e+06,-3.274378e+06,5.551013e+06,5.206803e-03,3.130310e-03,-5.178926e-03,7.690507e-18,561,19817
0.000000e+00,-8.848862e-08,-1.876304e-07,4.623317e-07,0.000000e+00,0.000000e+00,0.000000e+00,1.203224e+07,2.731404e+07,-4.135903e+07,3.628820e-18,562,0
9.804545e-10,-7.371632e-04,-1.679633e-03,2.500274e-03,-7.521959e+05,-1.713942e+06,2.551076e+06,2.838914e-01,6.823869e-01,-9.454276e-01,3.628820e-18,562,4314
9.799773e-09,-7.371339e-03,-1.679620e-02,2.500009e-02,-7.522399e+05,-1.714048e+06,2.551222e+06,2.692488e-03,6.401849e-03,-9.640670e-03,3.628820e-18,562,43119
0.000000e+00,-6.104823e-08,-3.989587e-09,5.424937e-07,0.000000e+00,0.000000e+00,0.000000e+00,6.868456e+06,1.762474e+06,-3.939559e+07,3.453140e-18,563,0
8.811364e-10,-4.343289e-04,-1.124752e-04,2.500230e-03,-4.932513e+05,-1.278059e+05,2.839197e+06,3.097400e-01,1.269486e-01,-1.713832e+00,3.453140e-18,563,3877
8.805455e-09,-4.343291e-03,-1.125365e-03,2.500050e-02,-4.932944e+05,-1.278235e+05,2.839436e+06,3.033371e-03,1.077509e-03,-1.747728e-02,3.453140e-18,563,38744
0.000000e+00,-5.118125e-08,-5.756195e-08,1.365052e-07,0.000000e+00,0.000000e+00,0.000000e+00,1.372724e+08,1.520874e+08,-3.390159e+08,1.062605e-17,564,0
1.840909e-10,-1.012443e-03,-1.121723e-03,2.500197e-03,-5.499521e+06,-6.093122e+06,1.358085e+07,4.737391e-01,5.262970e-01,-1.157022e+00,1.062605e-17,564,810
1.840909e-09,-1.012417e-02,-1.121694e-02,2.500124e-02,-5.499535e+06,-6.093137e+06,1.358088e+07,4.737642e-03,5.263252e-03,-1.157081e-02,1.062605e-17,564,8100
0.000000e+00,-1.367612e-07,-6.180961e-08,1.412104e-07,0.000000e+00,0.000000e+00,0.000000e+00,1.637653e+08,7.146887e+07,-1.472038e+08,8.150961e-18,565,0
4.188636e-10,-2.784416e-03,-1.214983e-03,2.500744e-03,-6.647534e+06,-2.900652e+06,5.970240e+06,5.374407e-01,2.322050e-01,-4.685842e-01,8.150961e-18,565,1843
4.187500e-09,-2.783667e-02,-1.214653e-02,2.500050e-02,-6.647570e+06,-2.900667e+06,5.970271e+06,5.363483e-03,2.318430e-03,-4.700808e-03,8.150961e-18,565,18425
0.000000e+00,2.173572e-07,-1.520081e-07,4.891685e-07,0.000000e+00,0.000000e+00,0.000000e+00,-2.514327e+07,1.838076e+07,-3.132830e+07,3.277198e-18,566,0
1.201818e-09,2.014695e-03,-1.468095e-03,2.500331e-03,1.677169e+06,-1.222142e+06,2.081185e+06,-5.286481e-01,3.824509e-01,-5.973092e-01,3.277198e-18,566,5288
1.201250e-08,2.014693e-02,-1.468094e-02,2.500038e-02,1.677269e+06,-1.222215e+06,2.081299e+06,-5.074149e-03,3.689952e-03,-6.293854e-03,3.277198e-18,566,52855
0.000000e+00,-7.358166e-08,-1.191793e-07,5.399811e-07,0.000000e+00,0.000000e+00,0.000000e+00,8.648354e+06,1.488727e+07,-3.812349e+07,3.356429e-18,567,0
9.402273e-10,-5.837576e-04,-9.192215e-04,2.500083e-03,-6.212610e+05,-9.782475e+05,2.660385e+06,3.307959e-01,5.107959e-01,-1.345294e+00,3.356429e-18,567,4137
9.397273e-09,-5.838133e-03,-9.192836e-03,2.500047e-02,-6.213101e+05,-9.783234e+05,2.660585e+06,3.193005e-03,4.905852e-03,-1.391433e-02,3.356429e-18,567,41348
0.000000e+00,-1.704994e-07,-9.770132e-08,5.510489e-07,0.000000e+00,0.000000e+00,0.000000e+00,1.729479e+07,1.303820e+07,-3.691780e+07,3.168389e-18,568,0
9.872727e-10,-1.190088e-03,-7.435375e-04,2.500272e-03,-1.206137e+06,-7.534974e+05,2.533725e+06,5.979387e-01,3.359778e-01,-1.187719e+00,3.168389e-18,568,4344
9.867045e-09,-1.190099e-02,-7.434808e-03,2.500053e-02,-1.206230e+06,-7.535498e+05,2.533910e+06,5.793925e-03,3.310414e-03,-1.223636e-02,3.168389e-18,568,43415
0.000000e+00,7.774529e-08,4.960044e-08,1.605555e-07,0.000000e+00,0.000000e+00,0.000000e+00,-1.254563e+08,-8.104457e+07,-2.385782e+08,9.094024e-18,569,0
2.602273e-10,1.316040e-03,8.501750e-04,2.502021e-03,5.057178e+06,3.266991e+06,9.614521e+06,-6.007807e-01,-3.889693e-01,-1.128790e+00,9.094024e-18,569,1145
2.600227e-09,1.314988e-02,8.494965e-03,2.500009e-02,5.057203e+06,3.267007e+06,9.614567e+06,-6.017854e-03,-3.887774e-03,-1.131037e-02,9.094024e-18,569,11441
0.000000e+00,-3.032850e-08,-1.680291e-07,1.600739e-07,0.000000e+00,0.000000e+00,0.000000e+00,2.510816e+07,1.419714e+08,-1.117955e+08,7.229838e-18,570,0
5.436364e-10,-5.623480e-04,-3.180564e-03,2.500159e-03,-1.034438e+06,-5.850651e+06,4.598981e+06,9.573060e-02,5.468519e-01,-4.155546e-01,7.229838e-18,570,2392
5.436136e-09,-5.623369e-03,-3.180506e-02,2.500082e-02,-1.034446e+06,-5.850698e+06,4.599017e+06,9.498596e-04,5.450638e-03,-4.163304e-03,7.229838e-18,570,23919
0.000000e+00,-1.000836e-07,5.546802e-08,6.636228e-07,0.000000e+00,0.000000e+00,0.000000e+00,1.613230e+07,-1.201706e+07,-3.914815e+07,2.789448e-18,571,0
9.600000e-10,-9.615031e-04,6.929315e-04,2.500436e-03,-1.002195e+06,7.223222e+05,2.605826e+06,5.271317e-01,-4.372573e-01,-1.324633e+00,2.789448e-18,571,4224
9.593864e-09,-9.614885e-03,6.929837e-03,2.500022e-02,-1.002275e+06,7.223885e+05,2.606027e+06,4.897789e-03,-4.240414e-03,-1.368961e-02,2.789448e-18,571,42213
0.000000e+00,9.745335e-08,2.182478e-07,5.279531e-07,0.000000e+00,0.000000e+00,0.000000e+00,-1.226719e+07,-2.053553e+07,-3.642459e+07,3.179291e-18,572,0
1.038182e-09,8.322091e-04,1.462976e-03,2.500315e-03,8.020535e+05,1.409953e+06,2.409410e+06,-3.518326e-01,-6.332118e-01,-9.808688e-01,3.179291e-18,572,4568
1.037614e-08,8.322194e-03,1.462985e-02,2.500052e-02,8.021112e+05,1.410057e+06,2.409571e+06,-3.295917e-03,-5.938447e-03,-1.016185e-02,3.179291e-18,572,45655
0.000000e+00,-9.910805e-08,1.406179e-07,1.594886e-07,0.000000e+00,0.000000e+00,0.000000e+00,-3.861122e+07,-7.139803e+07,-8.439077e+07,7.259216e-18,573,0
6.679545e-10,1.123900e-03,2.134895e-03,2.500537e-03,1.683059e+06,3.196570e+06,3.744011e+06,-3.283733e-01,-5.996116e-01,-6.667337e-01,7.259216e-18,573,2939
6.677500e-09,1.123849e-02,2.134514e-02,2.500069e-02,1.683094e+06,3.196633e+06,3.744082e+06,-3.221591e-03,-5.990318e-03,-6.874356e-03,7.259216e-18,573,29381
0.000000e+00,1.979263e-07,4.048412e-08,3.939760e-07,0.000000e+00,0.000000e+00,0.000000e+00,-3.737848e+07,-3.753844e+06,-4.539960e+07,4.106084e-18,574,0
9.640909e-10,2.065587e-03,2.314408e-04,2.500394e-03,2.143356e+06,2.401507e+05,2.594327e+06,-7.072625e-01,-8.723165e-02,-8.120429e-01,4.106084e-18,574,4242
9.636591e-09,2.065461e-02,2.314243e-03,2.500059e-02,2.143463e+06,2.401640e+05,2.594451e+06,-6.799838e-03,-8.448098e-04,-8.217201e-03,4.106084e-18,574,42401
0.000000e+00,-1.940011e-07,-4.681038e-09,5.445395e-07,0.000000e+00,0.000000e+00,0.000000e+00,2.189397e+07,2.109131e+06,-3.251576e+07,3.217986e-18,575,0
1.058182e-09,-1.627021e-03,-1.418211e-04,2.500451e-03,-1.538498e+06,-1.341166e+05,2.364121e+06,6.982227e-01,6.278140e-02,-1.011282e+00,3.217986e-18,575,4656
1.057477e-08,-1.626920e-02,-1.418236e-03,2.500016e-02,-1.538615e+06,-1.341271e+05,2.364291e+06,6.683494e-03,5.340220e-04,-1.042355e-02,3.217986e-18,575,46529
0.000000e+00,5.705057e-08,-1.189382e-07,4.976444e-07,0.000000e+00,0.000000e+00,0.000000e+00,-8.994809e+06,1.434764e+07,-4.012856e+07,3.621377e-18,576,0
9.084091e-10,5.407533e-04,-9.274218e-04,2.500121e-03,5.956559e+05,-1.021591e+06,2.753603e+06,-3.241951e-01,5.727478e-01,-1.393533e+00,3.621377e-18,576,3997
9.079091e-09,5.407982e-03,-9.275070e-03,2.500028e-02,5.957024e+05,-1.021673e+06,2.753803e+06,-3.062330e-03,5.351603e-03,-1.414400e-02,3.621377e-18,576,39948
0.000000e+00,-1.334644e-07,-2.332479e-07,3.602846e-07,0.000000e+00,0.000000e+00,0.000000e+00,2.208430e+07,3.943514e+07,-3.691842e+07,3.967613e-18,577,0
1.192727e-09,-1.505637e-03,-2.709409e-03,2.500394e-03,-1.262752e+06,-2.272359e+06,2.096866e+06,2.782314e-01,5.108942e-01,-4.228193e-01,3.967613e-18,577,5248
1.192273e-08,-1.505543e-02,-2.709267e-02,2.500048e-02,-1.262804e+06,-2.272455e+06,2.096946e+06,2.680958e-03,4.761092e-03,-4.385675e-03,3.967613e-18,577,52460
0.000000e+00,-3.132791e-08,-3.914942e-08,6.685197e-07,0.000000e+00,0.000000e+00,0.000000e+00,1.308695e+07,-1.018763e+07,-2.431083e+07,2.822857e-18,578,0
1.065000e-09,-9.490373e-04,6.578634e-04,2.500383e-03,-8.918614e+05,6.182838e+05,2.349284e+06,4.939264e-01,-3.584862e-01,-1.249223e+00,2.822857e-18,578,4686
1.064159e-08,-9.490687e-03,6.579392e-03,2.500018e-02,-8.919445e+05,6.183441e+05,2.349495e+06,5.028122e-03,-3.456668e-03,-1.326865e-02,2.822857e-18,578,46823
0.000000e+00,-2.084550e-07,1.124585e-07,3.799577e-07,0.000000e+00,0.000000e+00,0.000000e+00,3.671340e+07,-1.995846e+07,-4.133947e+07,4.027801e-18,579,0
1.061591e-09,-2.236582e-03,1.193908e-03,2.500034e-03,-2.107573e+06,1.125028e+06,2.355637e+06,5.810245e-01,-3.025002e-01,-6.072042e-01,4.027801e-18,579,4671
1.061295e-08,-2.236754e-02,1.193986e-02,2.500038e-02,-2.107670e+06,1.125079e+06,2.355739e+06,5.510784e-03,-2.882842e-03,-6.222046e-03,4.027801e-18,579,46697
0.000000e+00,-1.456441e-07,-1.145156e-07,4.370192e-07,0.000000e+00,0.000000e+00,0.000000e+00,2.239046e+07,1.392172e+07,-4.291553e+07,3.866382e-18,580,0
9.375000e-10,-1.367197e-03,-8.107578e-04,2.500340e-03,-1.459121e+06,-8.651926e+05,2.668149e+06,6.472369e-01,3.499125e-01,-1.096375e+00,3.866382e-18,580,4125
9.369773e-09,-1.367157e-02,-8.106659e-03,2.500003e-02,-1.459217e+06,-8.652444e+05,2.668311e+06,6.253286e-03,3.326084e-03,-1.116303e-02,3.866382e-18,580,41227
0.000000e+00,9.506125e-08,9.282792e-08,3.944167e-07,0.000000e+00,0.000000e+00,0.000000e+00,-1.737236e+07,-1.703091e+07,-5.620818e+07,4.389473e-18,581,0
7.781818e-10,9.686411e-04,8.317702e-04,2.500307e-03,1.245318e+06,1.069299e+06,3.214081e+06,-5.421827e-01,-4.470129e-01,-1.301138e+00,4.389473e-18,581,3424
7.778409e-09,9.686539e-03,8.317425e-03,2.500053e-02,1.245385e+06,1.069354e+06,3.214241e+06,-5.380710e-03,-4.438833e-03,-1.310555e-02,4.389473e-18,581,34225
0.000000e+00,-1.770802e-07,6.268521e-08,5.677801e-07,0.000000e+00,0.000000e+00,0.000000e+00,1.867223e+07,-7.420672e+06,-3.498657e+07,3.114622e-18,582,0
1.012727e-09,-1.322542e-03,5.040227e-04,2.500158e-03,-1.306740e+06,4.980037e+05,2.469943e+06,6.583841e-01,-2.508634e-01,-1.136879e+00,3.114622e-18,582,4456
1.012182e-08,-1.322655e-02,5.040686e-03,2.500046e-02,-1.306846e+06,4.980438e+05,2.470125e+06,6.033910e-03,-2.514334e-03,-1.179809e-02,3.114622e-18,582,44536
0.000000e+00,-1.982020e-08,2.177138e-07,3.260217e-07,0.000000e+00,0.000000e+00,0.000000e+00,-1.502788e+06,-5.814744e+07,-4.714507e+07,4.557275e-18,583,0
1.023182e-09,8.753837e-05,3.037717e-03,2.500459e-03,8.561779e+04,2.969613e+06,2.444225e+06,-2.984345e-02,-5.932318e-01,-4.553652e-01,4.557275e-18,583,4502
1.022818e-08,8.756868e-04,3.037373e-02,2.500011e-02,8.562261e+04,2.969709e+06,2.444298e+06,-2.687116e-04,-5.706353e-03,-4.675931e-03,4.557275e-18,583,45004
0.000000e+00,-7.229611e-08,1.483971e-07,2.283344e-07,0.000000e+00,0.000000e+00,0.000000e+00,4.034503e+07,-7.329614e+07,-9.194622e+07,6.143391e-18,584,0
6.272727e-10,-1.104557e-03,2.003773e-03,2.500721e-03,-1.761089e+06,3.194744e+06,3.986965e+06,3.479439e-01,-6.140941e-01,-7.398373e-01,6.143391e-18,584,2760
6.270455e-09,-1.104286e-02,2.003258e-02,2.500023e-02,-1.761123e+06,3.194804e+06,3.987038e+06,3.447353e-03,-6.118789e-03,-7.421479e-03,6.143391e-18,584,27590
0.000000e+00,-6.277414e-08,-1.489601e-07,4.433757e-07,0.000000e+00,0.000000e+00,0.000000e+00,9.690938e+06,2.150867e+07,-4.581710e+07,3.909693e-18,585,0
8.840909e-10,-5.307562e-04,-1.200503e-03,2.500059e-03,-6.006255e+05,-1.358621e+06,2.829059e+06,2.600464e-01,6.693434e-01,-1.276749e+00,3.909693e-18,585,3890
8.837045e-09,-5.307743e-03,-1.200617e-02,2.500061e-02,-6.006618e+05,-1.358715e+06,2.829237e+06,2.575497e-03,6.309227e-03,-1.292446e-02,3.909693e-18,585,38883
0.000000e+00,-1.351050e-07,1.889787e-07,4.053563e-07,0.000000e+00,0.000000e+00,0.000000e+00,1.892140e+07,-2.756420e+07,-4.276906e+07,3.897469e-18,586,0
9.825000e-10,-1.182877e-03,1.590276e-03,2.500185e-03,-1.204477e+06,1.619261e+06,2.545608e+06,4.409104e-01,-5.692071e-01,-8.570676e-01,3.897469e-18,586,4323
9.820909e-09,-1.182904e-02,1.590261e-02,2.500028e-02,-1.204546e+06,1.619349e+06,2.545741e+06,4.166318e-03,-5.463198e-03,-8.764066e-03,3.897469e-18,586,43212
0.000000e+00,2.259774e-08,1.069133e-07,2.464661e-07,0.000000e+00,0.000000e+00,0.000000e+00,-8.762052e+06,-5.692127e+07,-1.130613e+08,6.474408e-18,587,0
5.100000e-10,1.949734e-04,1.262189e-03,2.500147e-03,3.823308e+05,2.475162e+06,4.902729e+06,-1.001586e-01,-6.735242e-01,-1.331943e+00,6.474408e-18,587,2244
5.099318e-09,1.949641e-03,1.262170e-02,2.500074e-02,3.823388e+05,2.475217e+06,4.902837e+06,-1.027796e-03,-6.773534e-03,-1.337215e-02,6.474408e-18,587,22437
0.000000e+00,5.376418e-08,2.007614e-07,3.541452e-07,0.000000e+00,0.000000e+00,0.000000e+00,-1.459042e+07,-3.947137e+07,-5.089348e+07,4.381845e-18,588,0
9.163636e-10,7.240800e-04,1.977594e-03,2.500295e-03,7.904579e+05,2.158808e+06,2.729231e+06,-2.548008e-01,-6.733126e-01,-8.002493e-01,4.381845e-18,588,4032
9.160227e-09,7.240758e-03,1.977518e-02,2.500050e-02,7.904948e+05,2.158906e+06,2.729347e+06,-2.440422e-03,-6.593317e-03,-8.112218e-03,4.381845e-18,588,40305
0.000000e+00,2.225744e-08,1.196874e-07,2.252480e-07,0.000000e+00,0.000000e+00,0.000000e+00,-1.594495e+07,-7.687319e+07,-1.192871e+08,6.763936e-18,589,0
4.940909e-10,3.350927e-04,1.616925e-03,2.501081e-03,6.782594e+05,3.272794e+06,5.062294e+06,-1.483386e-01,-7.301759e-01,-1.094864e+00,6.763936e-18,589,2174
4.938636e-09,3.349690e-03,1.616322e-02,2.500099e-02,6.782710e+05,3.272851e+06,5.062380e+06,-1.482422e-03,-7.285130e-03,-1.097599e-02,6.763936e-18,589,21730
0.000000e+00,-1.591423e-07,9.794648e-08,2.333504e-07,0.000000e+00,0.000000e+00,0.000000e+00,6.717296e+07,-4.139004e+07,-7.931441e+07,5.787005e-18,590,0
7.115909e-10,-2.131574e-03,1.314024e-03,2.500112e-03,-2.995876e+06,1.846831e+06,3.513755e+06,5.680401e-01,-3.524436e-01,-6.434148e-01,5.787005e-18,590,3131
7.115000e-09,-2.131573e-02,1.314025e-02,2.500051e-02,-2.995940e+06,1.846871e+06,3.513827e+06,5.640830e-03,-3.524408e-03,-6.453691e-03,5.787005e-18,590,31306
0.000000e+00,1.488084e-08,1.696883e-07,2.563298e-07,0.000000e+00,0.000000e+00,0.000000e+00,-2.055545e+06,-9.066675e+07,-8.471120e+07,5.712858e-18,591,0
6.809091e-10,6.222123e-05,2.683563e-03,2.500723e-03,9.137361e+04,3.941543e+06,3.672824e+06,-1.518683e-02,-6.525723e-01,-5.798295e-01,5.712858e-18,591,2996
6.806818e-09,6.219759e-04,2.682945e-02,2.500042e-02,9.137525e+04,3.941613e+06,3.672886e+06,-1.744674e-04,-6.434964e-03,-5.842474e-03,5.712858e-18,591,29950
0.000000e+00,-1.751372e-08,-2.468657e-07,4.587373e-07,0.000000e+00,0.000000e+00,0.000000e+00,5.849455e+06,3.205930e+07,-3.531163e+07,3.503482e-18,592,0
1.105227e-09,-4.312706e-05,-2.357143e-03,2.500473e-03,-3.896827e+04,-2.133675e+06,2.263156e+06,-1.183458e-03,6.831632e-01,-6.654570e-01,3.503482e-18,592,4863
1.104659e-08,-4.305231e-04,-2.356977e-02,2.500028e-02,-3.896807e+04,-2.133794e+06,2.263272e+06,7.287973e-05,6.410416e-03,-6.875660e-03,3.503482e-18,592,48605
0.000000e+00,-2.056726e-07,1.761182e-07,4.611165e-07,0.000000e+00,0.000000e+00,0.000000e+00,2.636133e+07,-2.008727e+07,-3.459701e+07,3.403503e-18,593,0
1.147045e-09,-1.890185e-03,1.475901e-03,2.500397e-03,-1.648614e+06,1.287258e+06,2.180610e+06,5.270052e-01,-4.056425e-01,-6.441483e-01,3.403503e-18,593,5047
1.146477e-08,-1.890095e-02,1.475811e-02,2.500033e-02,-1.648709e+06,1.287332e+06,2.180727e+06,5.067086e-03,-3.880424e-03,-6.673921e-03,3.403503e-18,593,50445
0.000000e+00,7.304432e-08,3.649785e-08,6.551651e-07,0.000000e+00,0.000000e+00,0.000000e+00,-7.139414e+06,-6.369859e+06,-3.612509e+07,2.837274e-18,594,0
9.345455e-10,4.660580e-04,3.554907e-04,2.500029e-03,4.990377e+05,3.806141e+05,2.676722e+06,-3.067236e-01,-2.037133e-01,-1.628510e+00,2.837274e-18,594,4112
9.339773e-09,4.660898e-03,3.554848e-03,2.500016e-02,4.990829e+05,3.806442e+05,2.676963e+06,-2.416338e-03,-1.915763e-03,-1.666822e-02,2.837274e-18,594,41095
0.000000e+00,-5.081293e-08,-1.607511e-07,1.932471e-07,0.000000e+00,0.000000e+00,0.000000e+00,3.446290e+07,1.065442e+08,-1.053894e+08,6.664050e-18,595,0
5.668182e-10,-8.200198e-04,-2.534916e-03,2.500713e-03,-1.446778e+06,-4.472398e+06,4.411974e+06,1.980918e-01,6.099702e-01,-5.832449e-01,6.664050e-18,595,2494
5.666591e-09,-8.198334e-03,-2.534336e-02,2.500100e-02,-1.446796e+06,-4.472452e+06,4.412026e+06,1.964386e-03,6.104341e-03,-5.847512e-03,6.664050e-18,595,24933
0.000000e+00,5.154974e-08,1.106909e-07,1.447082e-07,0.000000e+00,0.000000e+00,0.000000e+00,-7.218766e+07,-1.715026e+08,-1.982488e+08,8.879792e-18,596,0
3.127273e-10,9.108852e-04,2.163823e-03,2.500590e-03,2.912661e+06,6.919112e+06,7.995910e+06,-2.643967e-01,-6.246551e-01,-7.150443e-01,8.879792e-18,596,1376
3.126591e-09,9.106746e-03,2.163333e-02,2.500007e-02,2.912674e+06,6.919143e+06,7.995945e+06,-2.713775e-03,-6.196354e-03,-7.161169e-03,8.879792e-18,596,13757
0.000000e+00,2.429316e-07,7.954858e-08,3.706207e-07,0.000000e+00,0.000000e+00,0.000000e+00,-4.221477e+07,-1.532472e+07,-3.887154e+07,3.991772e-18,597,0
1.134773e-09,2.717538e-03,9.393977e-04,2.500117e-03,2.395577e+06,8.280804e+05,2.203741e+06,-5.745940e-01,-1.851476e-01,-4.932265e-01,3.991772e-18,597,4993
1.134432e-08,2.717616e-02,9.394003e-03,2.500006e-02,2.395680e+06,8.281136e+05,2.203830e+06,-5.519254e-03,-1.819083e-03,-5.067726e-03,3.991772e-18,597,49915
0.000000e+00,9.933257e-08,-1.039317e-07,5.666383e-07,0.000000e+00,0.000000e+00,0.000000e+00,-1.272645e+07,1.122588e+07,-3.580043e+07,3.205752e-18,598,0
9.777273e-10,8.637299e-04,-8.120926e-04,2.500362e-03,8.840039e+05,-8.311795e+05,2.558662e+06,-4.823748e-01,4.711296e-01,-1.282702e+00,3.205752e-18,598,4302
9.770909e-09,8.637479e-03,-8.121334e-03,2.500058e-02,8.840784e+05,-8.312522e+05,2.558860e+06,-4.530372e-03,4.177220e-03,-1.318673e-02,3.205752e-18,598,42992
0.000000e+00,-3.699013e-08,1.095675e-07,4.635184e-07,0.000000e+00,0.000000e+00,0.000000e+00,7.852360e+06,-1.636324e+07,-4.635251e+07,3.889363e-18,599,0
8.475000e-10,-4.075057e-04,8.922329e-04,2.500637e-03,-4.811132e+05,1.053367e+06,2.952013e+06,2.570799e-01,-5.548943e-01,-1.508457e+00,3.889363e-18,599,3729
8.468864e-09,-4.074461e-03,8.920797e-03,2.500027e-02,-4.811476e+05,1.053442e+06,2.952215e+06,2.490092e-03,-5.384167e-03,-1.517313e-02,3.889363e-18,599,37263
0.000000e+00,-5.379861e-08,2.419815e-07,2.942952e-07,0.000000e+00,0.000000e+00,0.000000e+00,1.183398e+07,-6.166604e+07,-4.731498e+07,4.591509e-18,600,0
1.075000e-09,-6.361679e-04,3.299803e-03,2.500202e-03,-5.919007e+05,3.070228e+06,2.326104e+06,1.007364e-01,-5.296085e-01,-3.658463e-01,4.591509e-18,600,4730
1.074773e-08,-6.361599e-03,3.299800e-02,2.500047e-02,-5.919178e+05,3.070318e+06,2.326166e+06,9.446519e-04,-5.072033e-03,-3.790210e-03,4.591509e-18,600,47290
0.000000e+00,-5.201495e-08,-9.504890e-08,5.776079e-07,0.000000e+00,0.000000e+00,0.000000e+00,5.553303e+06,9.299149e+06,-3.954690e+07,3.204771e-18,601,0
8.995455e-10,-3.306530e-04,-6.144794e-04,2.500152e-03,-3.677754e+05,-6.835539e+05,2.780897e+06,1.855393e-01,4.128454e-01,-1.606471e+00,3.204771e-18,601,3958
8.990000e-09,-3.306300e-03,-6.145134e-03,2.500040e-02,-3.678018e+05,-6.836126e+05,2.781126e+06,1.764494e-03,3.962546e-03,-1.637330e-02,3.204771e-18,601,39556
0.000000e+00,-2.269079e-08,-8.692174e-09,5.583062e-07,0.000000e+00,0.000000e+00,0.000000e+00,1.505672e+06,-1.245346e+06,-4.012635e+07,3.382657e-18,602,0
8.715909e-10,-9.937449e-05,7.800693e-05,2.500241e-03,-1.140959e+05,8.956596e+04,2.870301e+06,8.033645e-02,-4.404001e-02,-1.772342e+00,3.382657e-18,602,3835
8.710000e-09,-9.937763e-04,7.801009e-04,2.500042e-02,-1.141069e+05,8.957205e+04,2.870545e+06,8.991920e-04,-7.301675e-04,-1.805961e-02,3.382657e-18,602,38324
0.000000e+00,2.057015e-07,1.577231e-07,4.990553e-07,0.000000e+00,0.000000e+00,0.000000e+00,-2.522878e+07,-1.494683e+07,-3.284058e+07,3.258801e-18,603,0
1.141136e-09,1.901914e-03,1.124987e-03,2.500474e-03,1.667543e+06,9.862993e+05,2.192070e+06,-5.988741e-01,-3.359485e-01,-7.255417e-01,3.258801e-18,603,5021
1.140477e-08,1.901788e-02,1.124852e-02,2.500020e-02,1.667650e+06,9.863598e+05,2.192201e+06,-5.652681e-03,-3.337572e-03,-7.466114e-03,3.258801e-18,603,50181
0.000000e+00,-7.837113e-08,1.907618e-07,3.306628e-07,0.000000e+00,0.000000e+00,0.000000e+00,1.555728e+07,-4.239114e+07,-5.527118e+07,4.597033e-18,604,0
8.713636e-10,-7.136855e-04,1.943090e-03,2.500001e-03,-8.192778e+05,2.230607e+06,2.869797e+06,2.444107e-01,-6.703144e-01,-8.397632e-01,4.597033e-18,604,3834
8.711591e-09,-7.137228e-03,1.943216e-02,2.500061e-02,-8.193114e+05,2.230700e+06,2.869912e+06,2.398693e-03,-6.613151e-03,-8.491707e-03,4.597033e-18,604,38331
0.000000e+00,1.994885e-07,2.065243e-07,4.502140e-07,0.000000e+00,0.000000e+00,0.000000e+00,-2.348677e+07,-2.523706e+07,-3.162072e+07,3.389271e-18,605,0
1.229773e-09,1.854897e-03,1.974441e-03,2.500163e-03,1.508980e+06,1.606228e+06,2.033689e+06,-4.307960e-01,-4.554378e-01,-5.265759e-01,3.389271e-18,605,5411
1.229295e-08,1.854978e-02,1.974524e-02,2.500017e-02,1.509063e+06,1.606316e+06,2.033791e+06,-4.110688e-03,-4.358542e-03,-5.524868e-03,3.389271e-18,605,54089
0.000000e+00,-5.506687e-08,5.492187e-08,1.400346e-07,0.000000e+00,0.000000e+00,0.000000e+00,1.368871e+08,-1.361577e+08,-3.262295e+08,1.040578e-17,606,0
1.913636e-10,-1.050012e-03,1.044413e-03,2.502163e-03,-5.486834e+06,5.457575e+06,1.307499e+07,4.988784e-01,-4.958734e-01,-1.175744e+00,1.040578e-17,606,842
1.912045e-09,-1.049113e-02,1.043518e-02,2.500011e-02,-5.486849e+06,5.457590e+06,1.307503e+07,4.995233e-03,-4.958684e-03,-1.177782e-02,1.040578e-17,606,8413
0.000000e+00,1.604068e-07,-2.736668e-08,5.835925e-07,0.000000e+00,0.000000e+00,0.000000e+00,-1.270261e+07,3.161405e+06,-3.311917e+07,3.083467e-18,607,0
9.975000e-10,1.006780e-03,-2.047029e-04,2.500309e-03,1.010086e+06,-2.054006e+05,2.507962e+06,-6.364620e-01,1.549702e-01,-1.293992e+00,3.083467e-18,607,4389
9.968409e-09,1.006892e-02,-2.047514e-03,2.500052e-02,1.010186e+06,-2.054250e+05,2.508166e+06,-5.584703e-03,1.099033e-03,-1.407628e-02,3.083467e-18,607,43861
0.000000e+00,1.643286e-07,-2.481547e-08,4.810990e-07,0.000000e+00,0.000000e+00,0.000000e+00,-2.038899e+07,9.907157e+05,-4.135852e+07,3.639811e-18,608,0
9.225000e-10,1.249927e-03,-1.121134e-05,2.500484e-03,1.355695e+06,-1.206226e+04,2.711854e+06,-6.717045e-01,-4.837024e-02,-1.291087e+00,3.639811e-18,608,4059
9.218864e-09,1.249794e-02,-1.112359e-04,2.500030e-02,1.355793e+06,-1.205520e+04,2.712042e+06,-6.450358e-03,-4.330209e-04,-1.307070e-02,3.639811e-18,608,40563
0.000000e+00,1.852608e-08,-2.120357e-07,5.012229e-07,0.000000e+00,0.000000e+00,0.000000e+00,-3.557747e+06,2.699705e+07,-3.584879e+07,3.392826e-18,609,0
1.053409e-09,2.747563e-04,-1.872426e-03,2.500411e-03,2.609981e+05,-1.778435e+06,2.374605e+06,-1.192523e-01,7.162084e-01,-8.800275e-01,3.392826e-18,609,4635
1.052818e-08,2.747809e-03,-1.872363e-02,2.500040e-02,2.610179e+05,-1.778554e+06,2.374752e+06,-9.978310e-04,6.735941e-03,-9.035612e-03,3.392826e-18,609,46324
0.000000e+00,1.240758e-07,-1.329425e-08,3.197945e-07,0.000000e+00,0.000000e+00,0.000000e+00,-4.021771e+07,7.229151e+06,-7.194378e+07,5.204689e-18,610,0
7.052273e-10,1.418946e-03,-2.488926e-04,2.500644e-03,2.012623e+06,-3.530372e+05,3.546684e+06,-7.197958e-01,1.264883e-01,-1.202000e+00,5.204689e-18,610,3103
7.048864e-09,1.418671e-02,-2.488506e-03,2.500022e-02,2.012703e+06,-3.530512e+05,3.546818e+06,-7.147494e-03,1.206688e-03,-1.210494e-02,5.204689e-18,610,31015
0.000000e+00,-1.944849e-07,1.053271e-08,3.601464e-07,0.000000e+00,0.000000e+00,0.000000e+00,4.356858e+07,-2.522868e+06,-4.851110e+07,4.399351e-18,611,0
9.509091e-10,-2.285704e-03,1.342867e-04,2.500413e-03,-2.404527e+06,1.412724e+05,2.630171e+06,7.065831e-01,-4.455535e-02,-7.135583e-01,4.399351e-18,611,4184
9.505227e-09,-2.285554e-02,1.342823e-03,2.500050e-02,-2.404633e+06,1.412791e+05,2.630279e+06,6.818451e-03,-4.151585e-04,-7.211452e-03,4.399351e-18,611,41823
0.000000e+00,-2.386450e-08,-1.717047e-07,4.203211e-07,0.000000e+00,0.000000e+00,0.000000e+00,4.376863e+06,3.099165e+07,-4.374070e+07,4.030164e-18,612,0
9.468182e-10,-2.318933e-04,-1.733202e-03,2.500189e-03,-2.449943e+05,-1.831415e+06,2.641666e+06,7.150161e-02,7.331261e-01,-1.016148e+00,4.030164e-18,612,4166
9.463864e-09,-2.318596e-03,-1.733222e-02,2.500045e-02,-2.450050e+05,-1.831525e+06,2.641818e+06,7.592868e-04,6.971838e-03,-1.026479e-02,4.030164e-18,612,41641
0.000000e+00,-9.212507e-08,1.735579e-07,3.302072e-07,0.000000e+00,0.000000e+00,0.000000e+00,2.455861e+07,-3.715643e+07,-5.562079e+07,4.660598e-18,613,0
8.604545e-10,-1.120193e-03,1.702251e-03,2.500427e-03,-1.302293e+06,1.978907e+06,2.906676e+06,4.144997e-01,-6.025633e-01,-8.540952e-01,4.660598e-18,613,3786
8.600909e-09,-1.120089e-02,1.702042e-02,2.500016e-02,-1.302349e+06,1.978989e+06,2.906792e+06,4.046922e-03,-5.975606e-03,-8.602210e-03,4.660598e-18,613,37844
0.000000e+00,2.921130e-08,1.501420e-07,4.896589e-07,0.000000e+00,0.000000e+00,0.000000e+00,2.260890e+06,-1.537397e+07,-4.597687e+07,3.630276e-18,614,0
8.522727e-10,-2.887272e-05,8.512940e-04,2.500257e-03,-3.387965e+04,9.994085e+05,2.935080e+06,-1.196062e-02,-5.740304e-01,-1.566508e+00,3.630276e-18,614,3750
8.517727e-09,-2.885654e-04,8.512704e-03,2.500032e-02,-3.387803e+04,9.994858e+05,2.935291e+06,-3.542667e-05,-5.600522e-03,-1.577042e-02,3.630276e-18,614,37478
0.000000e+00,1.073076e-07,-3.546369e-08,2.730120e-07,0.000000e+00,0.000000e+00,0.000000e+00,-5.051631e+07,1.447439e+07,-1.022454e+08,5.949482e-18,615,0
5.529545e-10,1.242871e-03,-3.550990e-04,2.500525e-03,2.248028e+06,-6.422698e+05,4.522655e+06,-6.693243e-01,1.877239e-01,-1.303098e+00,5.949482e-18,615,2433
5.527727e-09,1.242654e-02,-3.550313e-03,2.500018e-02,2.248086e+06,-6.422862e+05,4.522769e+06,-6.712792e-03,1.937331e-03,-1.309964e-02,5.949482e-18,615,24322
0.000000e+00,8.936677e-08,1.665072e-07,4.890459e-07,0.000000e+00,0.000000e+00,0.000000e+00,-1.174687e+07,-1.758026e+07,-4.054222e+07,3.531265e-18,616,0
9.438636e-10,7.563960e-04,1.126148e-03,2.500311e-03,8.018624e+05,1.193790e+06,2.650268e+06,-4.026265e-01,-5.869353e-01,-1.224177e+00,3.531265e-18,616,4153
9.433182e-09,7.564083e-03,1.126123e-02,2.500056e-02,8.019224e+05,1.193878e+06,2.650451e+06,-3.803209e-03,-5.642366e-03,-1.244153e-02,3.531265e-18,616,41506
0.000000e+00,-1.115626e-07,-3.167321e-08,4.520452e-07,0.000000e+00,0.000000e+00,0.000000e+00,1.794373e+07,6.258524e+06,-4.844445e+07,3.967231e-18,617,0
8.320455e-10,-9.403434e-04,-3.267180e-04,2.500426e-03,-1.130752e+06,-3.928869e+05,3.006490e+06,5.741366e-01,2.039270e-01,-1.472369e+00,3.967231e-18,617,3661
8.315455e-09,-9.402688e-03,-3.267018e-03,2.500042e-02,-1.130827e+06,-3.929137e+05,3.006683e+06,5.647229e-03,1.865697e-03,-1.487489e-02,3.967231e-18,617,36588
0.000000e+00,-4.333090e-08,7.728432e-08,5.327462e-07,0.000000e+00,0.000000e+00,0.000000e+00,1.047261e+06,-8.860409e+06,-4.232541e+07,3.482465e-18,618,0
8.577273e-10,-3.530156e-05,5.775977e-04,2.500296e-03,-4.110916e+04,6.738688e+05,2.916610e+06,6.097701e-03,-4.232119e-01,-1.686529e+00,3.482465e-18,618,3774
8.571591e-09,-3.524172e-04,5.776096e-03,2.500009e-02,-4.110998e+04,6.739262e+05,2.916839e+06,2.811018e-04,-4.077015e-03,-1.709663e-02,3.482465e-18,618,37715
0.000000e+00,1.331182e-07,-9.524952e-08,2.496207e-07,0.000000e+00,0.000000e+00,0.000000e+00,-5.733490e+07,4.711046e+07,-8.596738e+07,5.845895e-18,619,0
6.575000e-10,1.678588e-03,-1.377517e-03,2.500053e-03,2.553314e+06,-2.095373e+06,3.802741e+06,-5.524666e-01,4.551465e-01,-7.920283e-01,5.845895e-18,619,2893
6.574318e-09,1.678636e-02,-1.377569e-02,2.500058e-02,2.553371e+06,-2.095420e+06,3.802823e+06,-5.506419e-03,4.516290e-03,-7.966126e-03,5.845895e-18,619,28927
0.000000e+00,-9.042834e-08,2.272153e-07,3.072268e-07,0.000000e+00,0.000000e+00,0.000000e+00,2.217398e+07,-5.863915e+07,-4.628030e+07,4.523130e-18,620,0
1.091818e-09,-1.219678e-03,3.190830e-03,2.500320e-03,-1.117350e+06,2.923110e+06,2.290373e+06,1.949642e-01,-4.953044e-01,-3.551241e-01,4.523130e-18,620,4804
1.091523e-08,-1.219614e-02,3.190643e-02,2.500008e-02,-1.117384e+06,2.923195e+06,2.290434e+06,1.803467e-03,-4.744767e-03,-3.671902e-03,4.523130e-18,620,48027
0.000000e+00,-1.578042e-07,1.133233e-07,3.483640e-07,0.000000e+00,0.000000e+00,0.000000e+00,3.233774e+07,-2.336556e+07,-5.112989e+07,4.496723e-18,621,0
8.909091e-10,-1.604377e-03,1.139709e-03,2.500330e-03,-1.801474e+06,1.279715e+06,2.807314e+06,6.009867e-01,-4.257065e-01,-8.817607e-01,4.496723e-18,621,3920
8.905455e-09,-1.604293e-02,1.139644e-02,2.500050e-02,-1.801558e+06,1.279775e+06,2.807438e+06,5.842396e-03,-4.175734e-03,-8.875551e-03,4.496723e-18,621,39184
0.000000e+00,-2.104428e-07,-1.121341e-07,4.115673e-07,0.000000e+00,0.000000e+00,0.000000e+00,3.153021e+07,1.735213e+07,-3.916836e+07,3.805537e-18,622,0
1.077045e-09,-2.012819e-03,-1.107240e-03,2.500038e-03,-1.869625e+06,-1.028461e+06,2.321952e+06,6.035315e-01,3.236024e-01,-6.772448e-01,3.805537e-18,622,4739
1.076682e-08,-2.012989e-02,-1.107324e-02,2.500015e-02,-1.869728e+06,-1.028516e+06,2.322068e+06,5.727930e-03,3.026790e-03,-7.142043e-03,3.805537e-18,622,47374
0.000000e+00,-1.028808e-07,9.994619e-08,1.791419e-07,0.000000e+00,0.000000e+00,0.000000e+00,9.084192e+07,-8.477683e+07,-1.383584e+08,7.401451e-18,623,0
4.395455e-10,-1.643931e-03,1.534261e-03,2.500037e-03,-3.740151e+06,3.490628e+06,5.687833e+06,5.106348e-01,-4.762052e-01,-7.569475e-01,7.401451e-18,623,1934
4.395455e-09,-1.643974e-02,1.534298e-02,2.500076e-02,-3.740186e+06,3.490661e+06,5.687886e+06,5.105991e-03,-4.751733e-03,-7.579422e-03,7.401451e-18,623,19340
0.000000e+00,-3.093520e-08,-4.481773e-08,6.745881e-07,0.000000e+00,0.000000e+00,0.000000e+00,8.421729e+06,2.125515e+07,-5.601149e+07,2.789728e-18,624,0
8.225000e-10,-3.488352e-04,-8.828333e-04,2.500016e-03,-4.242893e+05,-1.074015e+06,3.040547e+06,1.816105e-01,6.934444e-01,-1.568094e+00,2.789728e-18,624,3619
8.222273e-09,-3.488624e-03,-8.830851e-03,2.500062e-02,-4.243129e+05,-1.074105e+06,3.040751e+06,1.802064e-03,6.821526e-03,-1.572569e-02,2.789728e-18,624,36178
0.000000e+00,-4.529047e-08,-1.617663e-07,5.743124e-07,0.000000e+00,0.000000e+00,0.000000e+00,5.026027e+06,1.802057e+07,-3.652286e+07,3.117429e-18,625,0
9.870455e-10,-2.782969e-04,-1.224229e-03,2.500178e-03,-2.820906e+05,-1.241105e+06,2.534251e+06,1.321675e-01,6.660877e-01,-1.227669e+00,3.117429e-18,625,4343
9.865000e-09,-2.782836e-03,-1.224346e-02,2.500055e-02,-2.821112e+05,-1.241208e+06,2.534443e+06,1.342911e-03,6.321947e-03,-1.277163e-02,3.117429e-18,625,43406
0.000000e+00,1.882994e-07,-1.964645e-07,4.131967e-07,0.000000e+00,0.000000e+00,0.000000e+00,-2.614709e+07,2.574326e+07,-3.439088e+07,3.636254e-18,626,0
1.189773e-09,1.923374e-03,-1.946790e-03,2.500024e-03,1.617237e+06,-1.636952e+06,2.101880e+06,-4.374919e-01,4.581473e-01,-5.113151e-01,3.636254e-18,626,5235
1.189409e-08,1.923552e-02,-1.947001e-02,2.500007e-02,1.617319e+06,-1.637038e+06,2.101976e+06,-4.197855e-03,4.278791e-03,-5.446371e-03,3.636254e-18,626,52334
0.000000e+00,9.208730e-08,-8.789373e-08,4.145005e-07,0.000000e+00,0.000000e+00,0.000000e+00,-1.498354e+07,2.007444e+07,-5.072418e+07,4.232624e-18,627,0
8.327273e-10,7.774118e-04,-1.013366e-03,2.500063e-03,9.340103e+05,-1.217538e+06,3.003430e+06,-4.252435e-01,5.689032e-01,-1.302676e+00,4.232624e-18,627,3664
8.323864e-09,7.774557e-03,-1.013457e-02,2.500023e-02,9.340663e+05,-1.217613e+06,3.003602e+06,-4.202396e-03,5.590555e-03,-1.307989e-02,4.232624e-18,627,36625
0.000000e+00,-1.771751e-07,-2.095073e-07,4.579452e-07,0.000000e+00,0.000000e+00,0.000000e+00,2.012305e+07,2.548777e+07,-3.346000e+07,3.393281e-18,628,0
1.164091e-09,-1.486280e-03,-1.898750e-03,2.500402e-03,-1.277342e+06,-1.631850e+06,2.148678e+06,4.045365e-01,5.225984e-01,-6.164553e-01,3.393281e-18,628,5122
1.163523e-08,-1.486215e-02,-1.898691e-02,2.500048e-02,-1.277416e+06,-1.631946e+06,2.148791e+06,3.869164e-03,4.998058e-03,-6.614100e-03,3.393281e-18,628,51195
0.000000e+00,-9.365098e-08,1.031046e-07,4.861452e-07,0.000000e+00,0.000000e+00,0.000000e+00,1.303480e+07,-1.404697e+07,-4.237513e+07,3.679502e-18,629,0
8.995455e-10,-7.884826e-04,8.482814e-04,2.500014e-03,-8.770537e+05,9.435671e+05,2.780519e+06,4.584853e-01,-4.892242e-01,-1.350632e+00,3.679502e-18,629,3958
8.991136e-09,-7.885678e-03,8.483706e-03,2.500012e-02,-8.771188e+05,9.436366e+05,2.780712e+06,4.368074e-03,-4.602018e-03,-1.368163e-02,3.679502e-18,629,39561
0.000000e+00,2.093066e-07,1.015453e-07,3.173852e-07,0.000000e+00,0.000000e+00,0.000000e+00,-4.676911e+07,-2.322664e+07,-4.819817e+07,4.512502e-18,630,0
1.002727e-09,2.459690e-03,1.230456e-03,2.500285e-03,2.453661e+06,1.227447e+06,2.494001e+06,-5.663456e-01,-2.852549e-01,-5.372980e-01,4.512502e-18,630,4412
1.002409e-08,2.459572e-02,1.230403e-02,2.500021e-02,2.453750e+06,1.227492e+06,2.494086e+06,-5.453852e-03,-2.765611e-03,-5.510581e-03,4.512502e-18,630,44106
0.000000e+00,-1.515604e-07,-1.501443e-07,4.422949e-07,0.000000e+00,0.000000e+00,0.000000e+00,2.525907e+07,2.191145e+07,-4.608192e+07,3.733821e-18,631,0
9.379545e-10,-1.382692e-03,-1.219782e-03,2.500328e-03,-1.474787e+06,-1.301015e+06,2.666620e+06,5.616516e-01,4.979470e-01,-9.558102e-01,3.733821e-18,631,4127
9.375227e-09,-1.382645e-02,-1.219732e-02,2.500032e-02,-1.474870e+06,-1.301089e+06,2.666762e+06,5.458815e-03,4.715527e-03,-9.706722e-03,3.733821e-18,631,41251
0.000000e+00,1.620466e-07,-7.246848e-08,4.173545e-07,0.000000e+00,0.000000e+00,0.000000e+00,-2.550857e+07,1.230557e+07,-4.419053e+07,4.036268e-18,632,0
9.209091e-10,1.491667e-03,-6.261035e-04,2.500221e-03,1.620585e+06,-6.801628e+05,2.716038e+06,-6.928203e-01,2.704004e-01,-1.072006e+00,4.036268e-18,632,4052
9.204773e-09,1.491706e-02,-6.260749e-03,2.500058e-02,1.620686e+06,-6.802021e+05,2.716195e+06,-6.626057e-03,2.605542e-03,-1.092147e-02,4.036268e-18,632,40501
0.000000e+00,9.395001e-09,6.410344e-08,2.454715e-07,0.000000e+00,0.000000e+00,0.000000e+00,-7.744369e+06,-4.216219e+07,-1.408221e+08,6.846205e-18,633,0
4.200000e-10,1.377428e-04,7.498625e-04,2.501046e-03,3.279902e+05,1.785524e+06,5.955251e+06,-9.175081e-02,-4.935072e-01,-1.655421e+00,6.846205e-18,633,1848
4.197955e-09,1.376894e-03,7.495592e-03,2.500006e-02,3.279963e+05,1.785556e+06,5.955361e+06,-9.218895e-04,-4.938982e-03,-1.657749e-02,6.846205e-18,633,18471
0.000000e+00,1.364473e-07,-2.298728e-07,5.230244e-07,0.000000e+00,0.000000e+00,0.000000e+00,-1.394605e+07,3.128594e+07,-1.843086e+07,3.119229e-18,634,0
1.600455e-09,1.583437e-03,-3.423462e-03,2.500178e-03,9.897801e+05,-2.139980e+06,1.562630e+06,-1.932535e-01,4.192233e-01,-2.872007e-01,3.119229e-18,634,7042
1.599864e-08,1.583505e-02,-3.423655e-02,2.500008e-02,9.898289e+05,-2.140086e+06,1.562703e+06,-1.890267e-03,4.088339e-03,-2.987843e-03,3.119229e-18,634,70394
0.000000e+00,-1.131997e-07,-1.404345e-07,4.529868e-07,0.000000e+00,0.000000e+00,0.000000e+00,1.561707e+07,1.739676e+07,-4.574321e+07,3.781607e-18,635,0
8.777273e-10,-8.338124e-04,-9.667310e-04,2.500237e-03,-9.504762e+05,-1.101899e+06,2.849819e+06,4.878234e-01,4.778027e-01,-1.341523e+00,3.781607e-18,635,3862
8.772500e-09,-8.338047e-03,-9.666402e-03,2.500013e-02,-9.505438e+05,-1.101965e+06,2.850005e+06,4.735147e-03,4.564825e-03,-1.353076e-02,3.781607e-18,635,38599
0.000000e+00,-1.430301e-07,-1.660211e-07,2.838183e-07,0.000000e+00,0.000000e+00,0.000000e+00,3.901466e+07,4.182126e+07,-5.705332e+07,4.900483e-18,636,0
8.931818e-10,-1.734516e-03,-1.872355e-03,2.500050e-03,-1.942408e+06,-2.096770e+06,2.799564e+06,4.559383e-01,5.034174e-01,-6.226289e-01,4.900483e-18,636,3930
8.930000e-09,-1.734572e-02,-1.872419e-02,2.500022e-02,-1.942472e+06,-2.096842e+06,2.799652e+06,4.474577e-03,4.859744e-03,-6.264752e-03,4.900483e-18,636,39292
0.000000e+00,-1.870356e-07,7.340070e-08,2.106075e-07,0.000000e+00,0.000000e+00,0.000000e+00,8.426492e+07,-3.685442e+07,-7.875220e+07,5.908260e-18,637,0
7.306818e-10,-2.691739e-03,1.177134e-03,2.500205e-03,-3.684211e+06,1.611169e+06,3.421982e+06,5.534815e-01,-2.437643e-01,-4.922642e-01,5.908260e-18,637,3215
7.305682e-09,-2.691577e-02,1.177072e-02,2.500005e-02,-3.684275e+06,1.611197e+06,3.422039e+06,5.460258e-03,-2.447395e-03,-4.947267e-03,5.908260e-18,637,32145
0.000000e+00,2.456578e-07,-6.424089e-08,5.375438e-07,0.000000e+00,0.000000e+00,0.000000e+00,-2.429177e+07,4.855584e+06,-3.211820e+07,3.078006e-18,638,0
1.108636e-09,1.842308e-03,-3.766061e-04,2.500086e-03,1.662705e+06,-3.398623e+05,2.256112e+06,-6.863698e-01,1.276748e-01,-8.724199e-01,3.078006e-18,638,4878
1.108114e-08,1.842463e-02,-3.766067e-03,2.500043e-02,1.662826e+06,-3.398846e+05,2.256265e+06,-6.614091e-03,1.323910e-03,-9.068214e-03,3.078006e-18,638,48757
0.000000e+00,1.513509e-07,4.803068e-08,1.543677e-07,0.000000e+00,0.000000e+00,0.000000e+00,-1.487121e+08,-4.560363e+07,-1.289548e+08,7.625446e-18,639,0
4.747727e-10,2.887405e-03,8.852894e-04,2.500732e-03,6.081714e+06,1.864672e+06,5.267208e+06,-5.602723e-01,-1.701513e-01,-4.706945e-01,7.625446e-18,639,2089
4.746364e-09,2.886615e-02,8.850451e-03,2.500021e-02,6.081756e+06,1.864685e+06,5.267243e+06,-5.593078e-03,-1.702313e-03,-4.723295e-03,7.625446e-18,639,20884
0.000000e+00,-3.494285e-08,-2.177840e-07,3.999652e-07,0.000000e+00,0.000000e+00,0.000000e+00,5.468233e+06,3.478658e+07,-4.148568e+07,3.964590e-18,640,0
1.039318e-09,-6.328710e-04,-2.143187e-03,2.500037e-03,-6.092482e+05,-2.062997e+06,2.406252e+06,1.992152e-01,6.925872e-01,-7.318302e-01,3.964590e-18,640,4573
1.038977e-08,-6.329872e-03,-2.143403e-02,2.500052e-02,-6.092809e+05,-2.063111e+06,2.406372e+06,1.823849e-03,6.393775e-03,-7.502981e-03,3.964590e-18,640,45715
0.000000e+00,-1.776815e-07,1.740553e-09,5.761562e-07,0.000000e+00,0.000000e+00,0.000000e+00,4.140677e+06,-2.221622e+05,-3.843393e+07,3.108516e-18,641,0
9.120455e-10,-4.481375e-04,2.830954e-05,2.500295e-03,-4.916290e+05,3.111280e+04,2.743022e+06,3.152381e-01,-5.455108e-02,-1.638969e+00,3.108516e-18,641,4013
9.114091e-09,-4.480809e-03,2.835515e-04,2.500029e-02,-4.916744e+05,3.112066e+04,2.743258e+06,2.914561e-03,-2.633443e-04,-1.706791e-02,3.108516e-18,641,40102
0.000000e+00,-1.192858e-07,-1.749436e-07,4.061588e-07,0.000000e+00,0.000000e+00,0.000000e+00,1.936056e+07,2.898622e+07,-3.915251e+07,3.968430e-18,642,0
1.053182e-09,-1.238095e-03,-1.903029e-03,2.500025e-03,-1.176066e+06,-1.807762e+06,2.374575e+06,3.712274e-01,6.133419e-01,-7.107352e-01,3.968430e-18,642,4634
1.052818e-08,-1.238181e-02,-1.903238e-02,2.500005e-02,-1.176128e+06,-1.807864e+06,2.374694e+06,3.486652e-03,5.612832e-03,-7.387572e-03,3.968430e-18,642,46324
0.000000e+00,8.326126e-08,-5.921958e-08,4.937122e-07,0.000000e+00,0.000000e+00,0.000000e+00,-1.170368e+07,7.564849e+06,-4.577038e+07,3.699875e-18,643,0
8.345455e-10,6.517593e-04,-4.173815e-04,2.500362e-03,7.814627e+05,-5.003869e+05,2.997540e+06,-4.656341e-01,2.571197e-01,-1.605778e+00,3.699875e-18,643,3672
8.340227e-09,6.517551e-03,-4.173336e-03,2.500026e-02,7.815241e+05,-5.004208e+05,2.997752e+06,-4.391523e-03,2.711955e-03,-1.624953e-02,3.699875e-18,643,36697
0.000000e+00,-1.924550e-08,-1.585524e-07,2.547081e-07,0.000000e+00,0.000000e+00,0.000000e+00,7.349094e+06,6.167716e+07,-8.649752e+07,5.799840e-18,644,0
6.427273e-10,-2.144603e-04,-1.802178e-03,2.500661e-03,-3.337233e+05,-2.804398e+06,3.891221e+06,8.563204e-02,7.317639e-01,-9.774551e-01,5.799840e-18,644,2828
6.424773e-09,-2.144105e-03,-1.801769e-02,2.500035e-02,-3.337320e+05,-2.804472e+06,3.891321e+06,8.426110e-04,7.313888e-03,-9.802028e-03,5.799840e-18,644,28269
0.000000e+00,2.095226e-07,-1.246153e-07,5.632699e-07,0.000000e+00,0.000000e+00,0.000000e+00,-2.242903e+07,9.903497e+06,-3.398646e+07,3.000370e-18,645,0
1.078182e-09,1.599638e-03,-7.531865e-04,2.500317e-03,1.484440e+06,-6.989168e+05,2.320026e+06,-6.169406e-01,2.798052e-01,-9.356180e-01,3.000370e-18,645,4744
1.077568e-08,1.599584e-02,-7.531315e-03,2.500005e-02,1.484545e+06,-6.989645e+05,2.320186e+06,-5.862053e-03,2.689747e-03,-9.721904e-03,3.000370e-18,645,47413
0.000000e+00,-6.614399e-08,6.887462e-08,5.583827e-07,0.000000e+00,0.000000e+00,0.000000e+00,5.250655e+06,-1.069325e+07,-3.939938e+07,3.329127e-18,646,0
9.061364e-10,-3.815304e-04,7.192014e-04,2.500517e-03,-4.213534e+05,7.942491e+05,2.761009e+06,2.662436e-01,-4.558005e-01,-1.514793e+00,3.329127e-18,646,3987
9.054773e-09,-3.815243e-03,7.191688e-03,2.500044e-02,-4.213915e+05,7.943144e+05,2.761226e+06,2.621975e-03,-4.382817e-03,-1.556880e-02,3.329127e-18,646,39841
0.000000e+00,2.524137e-07,1.077477e-07,3.783782e-07,0.000000e+00,0.000000e+00,0.000000e+00,-3.944383e+07,-1.838454e+07,-3.588652e+07,3.836483e-18,647,0
1.212045e-09,2.759990e-03,1.296623e-03,2.500321e-03,2.277893e+06,1.070158e+06,2.063407e+06,-5.162504e-01,-2.492264e-01,-4.315927e-01,3.836483e-18,647,5333
1.211591e-08,2.759871e-02,1.296591e-02,2.500018e-02,2.277991e+06,1.070206e+06,2.063490e+06,-4.998360e-03,-2.339189e-03,-4.515162e-03,3.836483e-18,647,53310
0.000000e+00,6.211635e-08,1.038176e-07,1.450526e-07,0.000000e+00,0.000000e+00,0.000000e+00,-1.021250e+08,-1.538355e+08,-1.992515e+08,8.900614e-18,648,0
3.111364e-10,1.282300e-03,1.931076e-03,2.500428e-03,4.121306e+06,6.206428e+06,8.036275e+06,-3.865290e-01,-5.656366e-01,-7.249967e-01,8.900614e-18,648,1369
3.110909e-09,1.282106e-02,1.930773e-02,2.500026e-02,4.121325e+06,6.206456e+06,8.036311e+06,-3.870484e-03,-5.635108e-03,-7.261094e-03,8.900614e-18,648,13688
0.000000e+00,8.951321e-08,-4.394971e-08,2.445889e-07,0.000000e+00,0.000000e+00,0.000000e+00,-5.949866e+07,2.961883e+07,-1.161288e+08,6.591165e-18,649,0
5.018182e-10,1.284588e-03,-6.397830e-04,2.500386e-03,2.560145e+06,-1.275073e+06,4.983031e+06,-6.417779e-01,3.238636e-01,-1.216789e+00,6.591165e-18,649,2208
5.017045e-09,1.284442e-02,-6.397122e-03,2.500026e-02,2.560196e+06,-1.275098e+06,4.983128e+06,-6.380982e-03,3.241502e-03,-1.219781e-02,6.591165e-18,649,22075
0.000000e+00,-1.193231e-07,4.849351e-08,1.632978e-07,0.000000e+00,0.000000e+00,0.000000e+00,1.404107e+08,-5.586128e+07,-1.700813e+08,8.110612e-18,650,0
3.620455e-10,-2.065487e-03,8.217166e-04,2.500215e-03,-5.705041e+06,2.269644e+06,6.905731e+06,6.484505e-01,-2.573688e-01,-7.693663e-01,8.110612e-18,650,1593
3.620227e-09,-2.065365e-02,8.216669e-03,2.500046e-02,-5.705078e+06,2.269659e+06,6.905775e+06,6.477222e-03,-2.569867e-03,-7.700498e-03,8.110612e-18,650,15929
0.000000e+00,-1.139594e-10,-1.938164e-07,4.935730e-07,0.000000e+00,0.000000e+00,0.000000e+00,1.258369e+06,2.375032e+07,-3.967627e+07,3.494488e-18,651,0
9.625000e-10,-3.056148e-05,-1.475817e-03,2.500553e-03,-3.173733e+04,-1.534146e+06,2.599144e+06,-8.696584e-03,7.120518e-01,-1.136791e+00,3.494488e-18,651,4235
9.618636e-09,-3.052747e-04,-1.475637e-02,2.500034e-02,-3.173602e+04,-1.534254e+06,2.599317e+06,9.371625e-05,6.778323e-03,-1.156091e-02,3.494488e-18,651,42322
0.000000e+00,1.504275e-07,1.600094e-07,4.184045e-07,0.000000e+00,0.000000e+00,0.000000e+00,-2.092384e+07,-2.463911e+07,-4.277565e+07,3.859571e-18,652,0
9.752273e-10,1.189351e-03,1.467051e-03,2.500466e-03,1.220085e+06,1.504998e+06,2.564929e+06,-4.603767e-01,-5.686032e-01,-9.137024e-01,3.859571e-18,652,4291
9.747045e-09,1.189223e-02,1.466926e-02,2.500057e-02,1.220156e+06,1.505086e+06,2.565069e+06,-4.347595e-03,-5.485769e-03,-9.282946e-03,3.859571e-18,652,42887
0.000000e+00,4.933931e-08,1.881680e-07,2.477533e-07,0.000000e+00,0.000000e+00,0.000000e+00,-2.137200e+07,-7.360265e+07,-7.269989e+07,5.545882e-18,653,0
7.679545e-10,7.427932e-04,2.565211e-03,2.500632e-03,9.673775e+05,3.340780e+06,3.256550e+06,-1.819212e-01,-6.215891e-01,-5.715820e-01,5.545882e-18,653,3379
7.676818e-09,7.426399e-03,2.564663e-02,2.500009e-02,9.673996e+05,3.340855e+06,3.256620e+06,-1.805510e-03,-6.146762e-03,-5.827409e-03,5.545882e-18,653,33778
0.000000e+00,-8.582064e-09,1.728401e-07,5.323904e-07,0.000000e+00,0.000000e+00,0.000000e+00,4.677071e+05,-1.848659e+07,-4.004087e+07,3.319571e-18,654,0
9.490909e-10,-1.254994e-05,1.099313e-03,2.500055e-03,-1.319667e+04,1.158964e+06,2.635519e+06,-1.528879e-02,-6.252252e-01,-1.344013e+00,3.319571e-18,654,4176
9.485909e-09,-1.251913e-04,1.099384e-02,2.500042e-02,-1.319439e+04,1.159057e+06,2.635721e+06,5.140663e-05,-5.770726e-03,-1.383576e-02,3.319571e-18,654,41738
0.000000e+00,-1.293884e-07,1.215035e-08,3.892351e-07,0.000000e+00,0.000000e+00,0.000000e+00,2.231686e+07,-8.942519e+04,-5.719622e+07,4.448290e-18,655,0
7.775000e-10,-1.035163e-03,8.423157e-06,2.500728e-03,-1.331982e+06,1.083190e+04,3.217579e+06,6.289698e-01,-1.011652e-02,-1.449996e+00,4.448290e-18,655,3421
7.770000e-09,-1.034950e-02,8.417238e-05,2.500068e-02,-1.332060e+06,1.083314e+04,3.217757e+06,6.123012e-03,-9.499804e-05,-1.482058e-02,4.448290e-18,655,34188
0.000000e+00,-1.437012e-07,-1.737185e-07,2.360062e-07,0.000000e+00,0.000000e+00,0.000000e+00,4.757446e+07,6.004964e+07,-5.919867e+07,5.306944e-18,656,0
9.202273e-10,-2.031464e-03,-2.565738e-03,2.500407e-03,-2.207889e+06,-2.788578e+06,2.717461e+06,3.435545e-01,4.389943e-01,-3.987047e-01,5.306944e-18,656,4049
9.199773e-09,-2.031212e-02,-2.565433e-02,2.500014e-02,-2.207939e+06,-2.788642e+06,2.717519e+06,3.361200e-03,4.257403e-03,-4.014243e-03,5.306944e-18,656,40479
0.000000e+00,-1.708806e-07,-1.441089e-07,4.970634e-07,0.000000e+00,0.000000e+00,0.000000e+00,2.029636e+07,1.651429e+07,-3.666125e+07,3.370548e-18,657,0
1.050682e-09,-1.438745e-03,-1.163376e-03,2.500129e-03,-1.370109e+06,-1.107850e+06,2.380475e+06,5.835259e-01,4.556508e-01,-8.697035e-01,3.370548e-18,657,4623
1.050227e-08,-1.438921e-02,-1.163491e-02,2.500054e-02,-1.370206e+06,-1.107926e+06,2.380620e+06,5.252888e-03,4.174147e-03,-9.271134e-03,3.370548e-18,657,46210
0.000000e+00,-8.613950e-08,-1.384449e-07,4.214636e-07,0.000000e+00,0.000000e+00,0.000000e+00,1.321879e+07,1.817612e+07,-4.338380e+07,4.060324e-18,658,0
9.043182e-10,-7.698945e-04,-1.091200e-03,2.500614e-03,-8.517799e+05,-1.207335e+06,2.766434e+06,3.747983e-01,6.073545e-01,-1.220779e+00,4.060324e-18,658,3979
9.037045e-09,-7.697549e-03,-1.091071e-02,2.500044e-02,-8.518335e+05,-1.207421e+06,2.766609e+06,3.760251e-03,5.489198e-03,-1.271108e-02,4.060324e-18,658,39763
0.000000e+00,2.364467e-08,-5.168586e-08,5.858176e-07,0.000000e+00,0.000000e+00,0.000000e+00,-3.328995e+06,3.795509e+06,-3.849207e+07,3.212555e-18,659,0
8.931818e-10,2.098185e-04,-2.867795e-04,2.500390e-03,2.350805e+05,-3.213273e+05,2.801083e+06,-1.478674e-01,2.315616e-01,-1.717072e+00,3.212555e-18,659,3930
8.925227e-09,2.098135e-03,-2.867912e-03,2.500042e-02,2.351014e+05,-3.213600e+05,2.801325e+06,-1.328387e-03,1.951879e-03,-1.747233e-02,3.212555e-18,659,39271
0.000000e+00,-1.234159e-07,-1.619558e-07,4.345325e-07,0.000000e+00,0.000000e+00,0.000000e+00,1.893410e+07,2.601943e+07,-4.117263e+07,3.821211e-18,660,0
9.868182e-10,-1.143368e-03,-1.561207e-03,2.500570e-03,-1.159159e+06,-1.582782e+06,2.534908e+06,4.262987e-01,5.887363e-01,-8.970164e-01,3.821211e-18,660,4342
9.862273e-09,-1.143192e-02,-1.560979e-02,2.500006e-02,-1.159226e+06,-1.582874e+06,2.535048e+06,4.059310e-03,5.527188e-03,-9.167122e-03,3.821211e-18,660,43394
0.000000e+00,-4.287798e-08,2.051946e-07,2.306901e-07,0.000000e+00,0.000000e+00,0.000000e+00,1.777642e+07,-7.951397e+07,-6.508805e+07,5.570072e-18,661,0
8.536364e-10,-6.933687e-04,3.082715e-03,2.500044e-03,-8.123726e+05,3.611752e+06,2.928976e+06,1.331513e-01,-5.613845e-01,-4.273123e-01,5.570072e-18,661,3756
8.535455e-09,-6.933982e-03,3.082802e-02,2.500027e-02,-8.123906e+05,3.611827e+06,2.929033e+06,1.280353e-03,-5.513363e-03,-4.332376e-03,5.570072e-18,661,37556
0.000000e+00,2.205733e-08,1.457285e-07,3.810699e-07,0.000000e+00,0.000000e+00,0.000000e+00,-3.698745e+06,-3.281286e+07,-5.612063e+07,4.453078e-18,662,0
8.140909e-10,1.860850e-04,1.476108e-03,2.500628e-03,2.286824e+05,1.813896e+06,3.072661e+06,-1.037566e-01,-7.127525e-01,-1.169788e+00,4.453078e-18,662,3582
8.136364e-09,1.860641e-03,1.475850e-02,2.500040e-02,2.286958e+05,1.813987e+06,3.072812e+06,-1.051508e-03,-7.129162e-03,-1.180939e-02,4.453078e-18,662,35800
0.000000e+00,6.302236e-08,-2.141631e-07,3.611220e-07,0.000000e+00,0.000000e+00,0.000000e+00,-7.353414e+06,4.086031e+07,-4.634342e+07,4.230374e-18,663,0
9.770455e-10,4.280475e-04,-2.239228e-03,2.500250e-03,4.382542e+05,-2.292643e+06,2.559708e+06,-1.417152e-01,6.870025e-01,-7.208025e-01,4.230374e-18,663,4299
9.766818e-09,4.280361e-03,-2.239181e-02,2.500031e-02,4.382761e+05,-2.292749e+06,2.559819e+06,-1.355059e-03,6.628651e-03,-7.274980e-03,4.230374e-18,663,42974
0.000000e+00,-1.278978e-07,-2.339070e-08,6.550382e-07,0.000000e+00,0.000000e+00,0.000000e+00,1.323962e+07,2.503672e+06,-3.695048e+07,2.797602e-18,664,0
9.584091e-10,-8.496620e-04,-1.883276e-04,2.500015e-03,-8.871390e+05,-1.966486e+05,2.609911e+06,5.317809e-01,1.213197e-01,-1.461581e+00,2.797602e-18,664,4217
9.578864e-09,-8.497777e-03,-1.883659e-03,2.500022e-02,-8.872195e+05,-1.966669e+05,2.610133e+06,4.976642e-03,1.049040e-03,-1.503767e-02,2.797602e-18,664,42147
0.000000e+00,-8.163062e-08,-1.767714e-07,5.106494e-07,0.000000e+00,0.000000e+00,0.000000e+00,1.240846e+07,2.119555e+07,-3.288782e+07,3.392367e-18,665,0
1.077727e-09,-8.958779e-04,-1.594011e-03,2.500364e-03,-8.317456e+05,-1.479896e+06,2.321073e+06,3.396028e-01,6.137105e-01,-8.929137e-01,3.392367e-18,665,4742
1.077091e-08,-8.958603e-03,-1.593975e-02,2.500017e-02,-8.318034e+05,-1.480001e+06,2.321225e+06,3.367525e-03,5.850521e-03,-9.383147e-03,3.392367e-18,665,47392
0.000000e+00,-1.366802e-07,1.625938e-07,4.500853e-07,0.000000e+00,0.000000e+00,0.000000e+00,1.122500e+07,-1.933604e+07,-4.429764e+07,3.703774e-18,666,0
9.015909e-10,-7.372715e-04,1.139470e-03,2.500611e-03,-8.181666e+05,1.264495e+06,2.774758e+06,4.076568e-01,-6.046134e-01,-1.233505e+00,3.703774e-18,666,3967
9.009773e-09,-7.371504e-03,1.139280e-02,2.500003e-02,-8.182246e+05,1.264581e+06,2.774934e+06,3.840703e-03,-5.648120e-03,-1.248444e-02,3.703774e-18,666,39643
0.000000e+00,1.443519e-07,-1.471889e-07,3.065232e-07,0.000000e+00,0.000000e+00,0.000000e+00,-3.843655e+07,4.071516e+07,-5.582511e+07,4.799253e-18,667,0
9.059091e-10,1.744842e-03,-1.843044e-03,2.500536e-03,1.926535e+06,-2.034967e+06,2.760758e+06,-4.574247e-01,4.839053e-01,-6.139329e-01,4.799253e-18,667,3986
9.055455e-09,1.744566e-02,-1.842757e-02,2.500005e-02,1.926600e+06,-2.035036e+06,2.760846e+06,-4.502481e-03,4.792320e-03,-6.254869e-03,4.799253e-18,667,39844
0.000000e+00,-2.573856e-07,-5.317258e-08,4.607697e-07,0.000000e+00,0.000000e+00,0.000000e+00,3.129177e+07,7.281928e+06,-3.392293e+07,3.425422e-18,668,0
1.156364e-09,-2.358128e-03,-5.300307e-04,2.500001e-03,-2.040214e+06,-4.585664e+05,2.162687e+06,6.616924e-01,1.424598e-01,-6.233729e-01,3.425422e-18,668,5088
1.155977e-08,-2.358435e-02,-5.300909e-03,2.500030e-02,-2.040335e+06,-4.585924e+05,2.162801e+06,6.225238e-03,1.372435e-03,-6.583699e-03,3.425422e-18,668,50863
0.000000e+00,4.013188e-08,-1.981110e-07,5.607899e-07,0.000000e+00,0.000000e+00,0.000000e+00,-4.322275e+06,2.166504e+07,-3.603484e+07,3.116215e-18,669,0
1.013409e-09,3.159678e-04,-1.461526e-03,2.500183e-03,3.119924e+05,-1.443025e+06,2.468264e+06,-1.616738e-01,6.839216e-01,-1.107398e+00,3.116215e-18,669,4459
1.012864e-08,3.160044e-03,-1.461585e-02,2.500031e-02,3.120182e+05,-1.443134e+06,2.468441e+06,-1.392242e-03,6.439507e-03,-1.131907e-02,3.116215e-18,669,44566
0.000000e+00,-1.077118e-07,-7.793741e-08,3.410387e-07,0.000000e+00,0.000000e+00,0.000000e+00,3.198401e+07,2.575249e+07,-6.502775e+07,4.901622e-18,670,0
7.515909e-10,-1.237954e-03,-9.847536e-04,2.500516e-03,-1.647623e+06,-1.310641e+06,3.327812e+06,5.779005e-01,4.632093e-01,-1.144431e+00,4.901622e-18,670,3307
7.512500e-09,-1.237776e-02,-9.846188e-03,2.500031e-02,-1.647691e+06,-1.310696e+06,3.327948e+06,5.742325e-03,4.597294e-03,-1.147011e-02,4.901622e-18,670,33055
0.000000e+00,-3.273443e-08,1.926002e-07,2.863294e-07,0.000000e+00,0.000000e+00,0.000000e+00,7.955589e+06,-5.806800e+07,-6.242107e+07,5.105303e-18,671,0
8.325000e-10,-3.225734e-04,2.350824e-03,2.500369e-03,-3.875503e+05,2.824439e+06,3.003972e+06,9.012758e-02,-6.864996e-01,-6.933340e-01,5.105303e-18,671,3663
8.322500e-09,-3.225399e-03,2.350643e-02,2.500068e-02,-3.875622e+05,2.824529e+06,3.004063e+06,8.573864e-04,-6.789240e-03,-7.037374e-03,5.105303e-18,671,36619
0.000000e+00,-1.412577e-07,6.246040e-08,4.358874e-07,0.000000e+00,0.000000e+00,0.000000e+00,2.146656e+07,-1.082019e+07,-4.585524e+07,3.978194e-18,672,0
8.875000e-10,-1.214760e-03,6.309669e-04,2.500247e-03,-1.369446e+06,7.113302e+05,2.818374e+06,6.330404e-01,-3.302226e-01,-1.236568e+00,3.978194e-18,672,3905
8.870455e-09,-1.214757e-02,6.309789e-03,2.500034e-02,-1.369535e+06,7.113765e+05,2.818548e+06,6.071859e-03,-3.141644e-03,-1.247768e-02,3.978194e-18,672,39030
0.000000e+00,2.627882e-07,-9.584267e-08,4.596587e-07,0.000000e+00,0.000000e+00,0.000000e+00,-3.210537e+07,1.126140e+07,-3.291327e+07,3.366489e-18,673,0
1.190000e-09,2.426086e-03,-8.556599e-04,2.500200e-03,2.039621e+06,-7.193574e+05,2.101704e+06,-6.103350e-01,2.165306e-01,-5.772913e-01,3.366489e-18,673,5236
1.189523e-08,2.426171e-02,-8.556904e-03,2.500038e-02,2.039736e+06,-7.193980e+05,2.101813e+06,-5.803488e-03,2.074824e-03,-6.009022e-03,3.366489e-18,673,52339
0.000000e+00,1.602172e-07,1.310658e-07,4.838778e-07,0.000000e+00,0.000000e+00,0.000000e+00,-1.705091e+07,-1.488195e+07,-3.654433e+07,3.506390e-18,674,0
1.000000e-09,1.189152e-03,1.004021e-03,2.500194e-03,1.189832e+06,1.004558e+06,2.501385e+06,-5.512140e-01,-4.364728e-01,-1.080182e+00,3.506390e-18,674,4400
9.994545e-09,1.189180e-02,1.004008e-02,2.500028e-02,1.189919e+06,1.004627e+06,2.501556e+06,-5.109931e-03,-4.230281e-03,-1.103090e-02,3.506390e-18,674,43976
0.000000e+00,-5.131819e-08,-2.264203e-07,5.504472e-07,0.000000e+00,0.000000e+00,0.000000e+00,8.011337e+06,2.307737e+07,-3.110915e+07,3.083692e-18,675,0
1.123864e-09,-5.849737e-04,-1.812929e-03,2.500018e-03,-5.207951e+05,-1.614058e+06,2.225482e+06,2.012977e-01,6.687168e-01,-8.483614e-01,3.083692e-18,675,4945
1.123364e-08,-5.850392e-03,-1.813168e-02,2.500039e-02,-5.208308e+05,-1.614176e+06,2.225633e+06,2.056646e-03,6.427907e-03,-8.929179e-03,3.083692e-18,675,49428
0.000000e+00,-3.560385e-08,2.406584e-07,5.214069e-07,0.000000e+00,0.000000e+00,0.000000e+00,2.815934e+06,-2.581732e+07,-3.373529e+07,3.191922e-18,676,0
1.099318e-09,-2.038993e-04,1.909401e-03,2.500254e-03,-1.855557e+05,1.737845e+06,2.275318e+06,6.420693e-02,-7.040417e-01,-8.364032e-01,3.191922e-18,676,4837
1.098750e-08,-2.038799e-03,1.909453e-02,2.500020e-02,-1.855669e+05,1.737967e+06,2.275463e+06,7.040258e-04,-6.736502e-03,-8.852580e-03,3.191922e-18,676,48345
0.000000e+00,-8.423058e-08,6.835516e-09,4.790754e-07,0.000000e+00,0.000000e+00,0.000000e+00,1.063133e+07,4.299009e+05,-4.597141e+07,3.835340e-18,677,0
8.220455e-10,-6.102329e-04,-3.330022e-05,2.500056e-03,-7.427891e+05,-4.055647e+04,3.042836e+06,4.402653e-01,3.160642e-02,-1.697632e+00,3.835340e-18,677,3617
8.216136e-09,-6.102832e-03,-3.332036e-04,2.500041e-02,-7.428462e+05,-4.056058e+04,3.043056e+06,4.405883e-03,3.239686e-04,-1.713765e-02,3.835340e-18,677,36151
0.000000e+00,-9.321600e-08,-5.208426e-08,1.724322e-07,0.000000e+00,0.000000e+00,0.000000e+00,1.179527e+08,6.603520e+07,-1.932430e+08,8.331081e-18,678,0
3.190909e-10,-1.526711e-03,-8.548021e-04,2.500077e-03,-4.784544e+06,-2.678856e+06,7.834895e+06,6.286072e-01,3.539564e-01,-1.018369e+00,8.331081e-18,678,1404
3.190909e-09,-1.526713e-02,-8.548032e-03,2.500059e-02,-4.784576e+06,-2.678874e+06,7.834946e+06,6.276436e-03,3.537405e-03,-1.019259e-02,8.331081e-18,678,14040
0.000000e+00,-1.396740e-07,2.492690e-07,4.208987e-07,0.000000e+00,0.000000e+00,0.000000e+00,1.712506e+07,-3.430863e+07,-3.180188e+07,3.552534e-18,679,0
1.265682e-09,-1.349145e-03,2.683187e-03,2.500016e-03,-1.066341e+06,2.120779e+06,1.975792e+06,2.573608e-01,-5.197806e-01,-4.410195e-01,3.552534e-18,679,5569
1.265318e-08,-1.349259e-02,2.683453e-02,2.500018e-02,-1.066393e+06,2.120882e+06,1.975881e+06,2.494147e-03,-4.976920e-03,-4.638107e-03,3.552534e-18,679,55674
0.000000e+00,-2.086984e-07,-1.851994e-07,3.137532e-07,0.000000e+00,0.000000e+00,0.000000e+00,3.903251e+07,3.386238e+07,-3.864802e+07,4.195189e-18,680,0
1.208864e-09,-2.581054e-03,-2.236978e-03,2.500262e-03,-2.135694e+06,-1.850986e+06,2.068684e+06,4.039546e-01,3.511319e-01,-3.499913e-01,4.195189e-18,680,5319
1.208500e-08,-2.580985e-02,-2.236916e-02,2.500015e-02,-2.135771e+06,-1.851053e+06,2.068751e+06,3.774329e-03,3.267835e-03,-3.650259e-03,4.195189e-18,680,53174
0.000000e+00,-2.217626e-07,-3.936646e-08,2.320127e-07,0.000000e+00,0.000000e+00,0.000000e+00,7.794461e+07,1.467822e+07,-5.970802e+07,5.349298e-18,681,0
9.193182e-10,-3.293772e-03,-6.211194e-04,2.500111e-03,-3.583337e+06,-6.757273e+05,2.719803e+06,5.315629e-01,1.006237e-01,-3.804054e-01,5.349298e-18,681,4045
9.191818e-09,-3.293746e-02,-6.211174e-03,2.500006e-02,-3.583414e+06,-6.757419e+05,2.719858e+06,5.192911e-03,9.786982e-04,-3.828494e-03,5.349298e-18,681,40444
0.000000e+00,-1.560543e-07,-2.145944e-09,1.867927e-07,0.000000e+00,0.000000e+00,0.000000e+00,1.144874e+08,-4.244935e+06,-1.150277e+08,7.003540e-18,682,0
5.220455e-10,-2.492997e-03,9.158414e-05,2.500310e-03,-4.775634e+06,1.754538e+05,4.789574e+06,6.622610e-01,-2.314620e-02,-6.545126e-01,7.003540e-18,682,2297
5.219773e-09,-2.492784e-02,9.158259e-04,2.500063e-02,-4.775689e+06,1.754558e+05,4.789628e+06,6.613951e-03,-2.305976e-04,-6.558980e-03,7.003540e-18,682,22967
0.000000e+00,9.724188e-08,2.748428e-07,3.886139e-07,0.000000e+00,0.000000e+00,0.000000e+00,-1.329094e+07,-3.764994e+07,-3.343559e+07,3.681343e-18,683,0
1.237500e-09,9.980305e-04,2.819423e-03,2.500441e-03,8.067843e+05,2.279152e+06,2.021129e+06,-1.940371e-01,-5.468649e-01,-4.501292e-01,3.681343e-18,683,5445
1.236932e-08,9.979356e-03,2.819151e-02,2.500009e-02,8.068222e+05,2.279259e+06,2.021217e+06,-1.875209e-03,-5.271343e-03,-4.673560e-03,3.681343e-18,683,54425
0.000000e+00,7.917513e-08,-8.671580e-08,5.818874e-07,0.000000e+00,0.000000e+00,0.000000e+00,-5.963224e+06,9.791166e+06,-4.071100e+07,3.170807e-18,684,0
8.920455e-10,3.608775e-04,-6.414170e-04,2.500014e-03,4.047956e+05,-7.195831e+05,2.804081e+06,-2.548529e-01,4.865688e-01,-1.612567e+00,3.170807e-18,684,3925
8.915682e-09,3.609049e-03,-6.415545e-03,2.500045e-02,4.048316e+05,-7.196516e+05,2.804309e+06,-2.521663e-03,4.589680e-03,-1.637465e-02,3.170807e-18,684,39229
0.000000e+00,-1.357070e-07,1.926280e-07,3.912794e-07,0.000000e+00,0.000000e+00,0.000000e+00,2.150806e+07,-3.219472e+07,-3.176084e+07,3.968911e-18,685,0
1.241818e-09,-1.696496e-03,2.493037e-03,2.500337e-03,-1.366690e+06,2.008358e+06,2.014026e+06,3.371713e-01,-4.813534e-01,-4.411774e-01,3.968911e-18,685,5464
1.241295e-08,-1.696459e-02,2.492955e-02,2.500010e-02,-1.366756e+06,2.008452e+06,2.014113e+06,3.209398e-03,-4.548034e-03,-4.618917e-03,3.968911e-18,685,54617
0.000000e+00,1.348755e-07,-4.969954e-08,2.220804e-07,0.000000e+00,0.000000e+00,0.000000e+00,-8.150337e+07,2.944055e+07,-1.101897e+08,6.531654e-18,686,0
5.345455e-10,1.858297e-03,-6.705550e-04,2.500568e-03,3.476680e+06,-1.254534e+06,4.678192e+06,-6.906833e-01,2.460189e-01,-8.860653e-01,6.531654e-18,686,2352
5.344091e-09,1.857978e-02,-6.704377e-03,2.500084e-02,3.476739e+06,-1.254555e+06,4.678266e+06,-6.835179e-03,2.456254e-03,-8.895488e-03,6.531654e-18,686,23514
0.000000e+00,1.137775e-07,-2.094499e-07,5.655539e-07,0.000000e+00,0.000000e+00,0.000000e+00,-1.017289e+07,2.038141e+07,-3.316191e+07,3.000671e-18,687,0
1.076136e-09,7.729330e-04,-1.522825e-03,2.500370e-03,7.186609e+05,-1.415951e+06,2.324587e+06,-3.118037e-01,6.669680e-01,-1.002268e+00,3.000671e-18,687,4735
1.075455e-08,7.728852e-03,-1.522789e-02,2.500003e-02,7.187139e+05,-1.416064e+06,2.324757e+06,-2.867945e-03,6.369333e-03,-1.028370e-02,3.000671e-18,687,47320
0.000000e+00,2.843079e-07,-5.688472e-08,4.133204e-07,0.000000e+00,0.000000e+00,0.000000e+00,-3.685100e+07,6.730763e+06,-3.286027e+07,3.554564e-18,688,0
1.232727e-09,2.837256e-03,-5.130289e-04,2.500159e-03,2.302523e+06,-4.163286e+05,2.028749e+06,-5.982921e-01,1.045063e-01,-4.754236e-01,3.554564e-18,688,5424
1.232295e-08,2.837383e-02,-5.130394e-03,2.500030e-02,2.302639e+06,-4.163489e+05,2.028842e+06,-5.655468e-03,1.020908e-03,-4.980401e-03,3.554564e-18,688,54221
0.000000e+00,-1.602366e-08,-3.017047e-08,5.516090e-07,0.000000e+00,0.000000e+00,0.000000e+00,8.427265e+05,2.663967e+06,-3.830993e+07,3.418698e-18,689,0
8.863636e-10,-3.332664e-05,-1.979964e-04,2.500046e-03,-3.759784e+04,-2.235377e+05,2.822295e+06,1.044817e-02,1.387573e-01,-1.742314e+00,3.418698e-18,689,3900
8.858182e-09,-3.330594e-04,-1.980126e-03,2.500048e-02,-3.759932e+04,-2.235571e+05,2.822539e+06,4.820541e-04,1.329333e-03,-1.781243e-02,3.418698e-18,689,38976
0.000000e+00,-7.938650e-08,2.175793e-07,4.437913e-07,0.000000e+00,0.000000e+00,0.000000e+00,6.335400e+06,-3.032295e+07,-3.955192e+07,3.657343e-18,690,0
1.027500e-09,-4.606960e-04,1.932492e-03,2.500026e-03,-4.485648e+05,1.881643e+06,2.434005e+06,1.712054e-01,-6.943544e-01,-8.308674e-01,3.657343e-18,690,4521
1.027114e-08,-4.607279e-03,1.932658e-02,2.500012e-02,-4.485926e+05,1.881756e+06,2.434140e+06,1.531416e-03,-6.664793e-03,-8.628981e-03,3.657343e-18,690,45193
0.000000e+00,-1.479734e-07,-1.523811e-07,5.506668e-07,0.000000e+00,0.000000e+00,0.000000e+00,1.624896e+07,1.594143e+07,-3.528294e+07,3.126453e-18,691,0
1.037955e-09,-1.132081e-03,-1.148678e-03,2.500256e-03,-1.091255e+06,-1.107338e+06,2.409889e+06,4.550071e-01,5.194909e-01,-9.974319e-01,3.126453e-18,691,4567
1.037386e-08,-1.132051e-02,-1.148734e-02,2.500003e-02,-1.091329e+06,-1.107423e+06,2.410053e+06,4.582455e-03,4.699767e-03,-1.059756e-02,3.126453e-18,691,45645
0.000000e+00,6.986636e-08,2.116367e-07,2.060886e-07,0.000000e+00,0.000000e+00,0.000000e+00,-3.032174e+07,-8.902520e+07,-6.393087e+07,5.675128e-18,692,0
8.906818e-10,1.197199e-03,3.511224e-03,2.500276e-03,1.344272e+06,3.942556e+06,2.807326e+06,-1.594010e-01,-4.626969e-01,-3.057324e-01,5.675128e-18,692,3919
8.905227e-09,1.197108e-02,3.510945e-02,2.500000e-02,1.344294e+06,3.942621e+06,2.807369e+06,-1.540422e-03,-4.521791e-03,-3.120899e-03,5.675128e-18,692,39183
0.000000e+00,-1.340312e-08,1.488561e-08,6.108385e-07,0.000000e+00,0.000000e+00,0.000000e+00,-1.873294e+06,-4.426046e+06,-3.695761e+07,3.098372e-18,693,0
9.002273e-10,1.357503e-04,2.321101e-04,2.500000e-03,1.509535e+05,2.580077e+05,2.778747e+06,-1.078958e-01,-1.479047e-01,-1.723037e+00,3.098372e-18,693,3961
8.996818e-09,1.358062e-03,2.321234e-03,2.500002e-02,1.509689e+05,2.580288e+05,2.778992e+06,-6.884644e-04,-1.451815e-03,-1.765459e-02,3.098372e-18,693,39586
0.000000e+00,-3.281332e-08,-2.080026e-08,1.654759e-07,0.000000e+00,0.000000e+00,0.000000e+00,6.561960e+07,5.259346e+07,-3.286981e+08,9.882545e-18,694,0
1.895455e-10,-4.993704e-04,-4.002214e-04,2.501095e-03,-2.634477e+06,-2.111436e+06,1.319476e+07,3.394799e-01,2.725361e-01,-1.686929e+00,9.882545e-18,694,834
1.894773e-09,-4.991766e-03,-4.000711e-03,2.500123e-02,-2.634487e+06,-2.111444e+06,1.319481e+07,3.407052e-03,2.740896e-03,-1.688361e-02,9.882545e-18,694,8337
0.000000e+00,-9.369402e-08,2.789269e-07,3.926208e-07,0.000000e+00,0.000000e+00,0.000000e+00,1.189826e+07,-3.768769e+07,-3.265695e+07,3.650482e-18,695,0
1.261364e-09,-9.087369e-04,2.909001e-03,2.500326e-03,-7.206896e+05,2.307093e+06,1.982794e+06,1.638809e-01,-5.496908e-01,-4.307147e-01,3.650482e-18,695,5550
1.260864e-08,-9.086904e-03,2.908925e-02,2.500043e-02,-7.207222e+05,2.307203e+06,1.982880e+06,1.585934e-03,-5.286451e-03,-4.520226e-03,3.650482e-18,695,55478
0.000000e+00,-7.721582e-08,5.417255e-08,6.571883e-07,0.000000e+00,0.000000e+00,0.000000e+00,2.529867e+06,-1.294113e+07,-3.805302e+07,2.844715e-18,696,0
9.347727e-10,-1.874472e-04,7.595955e-04,2.500355e-03,-2.005898e+05,8.131965e+05,2.676215e+06,1.008047e-01,-4.899860e-01,-1.488428e+00,2.844715e-18,696,4113
9.341591e-09,-1.873873e-03,7.596494e-03,2.500034e-02,-2.006047e+05,8.132688e+05,2.676435e+06,1.180063e-03,-4.547012e-03,-1.553568e-02,2.844715e-18,696,41103
0.000000e+00,-4.159463e-08,1.524460e-07,2.597249e-07,0.000000e+00,0.000000e+00,0.000000e+00,2.091846e+07,-6.367449e+07,-8.454142e+07,5.768974e-18,697,0
6.590909e-10,-6.240946e-04,1.895202e-03,2.500623e-03,-9.470670e+05,2.875916e+06,3.794509e+06,2.377167e-01,-6.937423e-01,-8.867543e-01,5.768974e-18,697,2900
6.588636e-09,-6.239893e-03,1.894843e-02,2.500079e-02,-9.470918e+05,2.875988e+06,3.794601e+06,2.331977e-03,-6.906783e-03,-8.923062e-03,5.768974e-18,697,28990
0.000000e+00,-1.156891e-07,-8.979069e-08,5.445533e-07,0.000000e+00,0.000000e+00,0.000000e+00,2.008862e+07,1.618902e+07,-3.686303e+07,3.324567e-18,698,0
9.968182e-10,-1.212276e-03,-1.000076e-03,2.500099e-03,-1.216837e+06,-1.003823e+06,2.509203e+06,5.502996e-01,4.354611e-01,-1.084565e+00,3.324567e-18,698,4386
9.963409e-09,-1.212380e-02,-1.000145e-02,2.500036e-02,-1.216924e+06,-1.003891e+06,2.509374e+06,5.286548e-03,3.993719e-03,-1.124735e-02,3.324567e-18,698,43839
0.000000e+00,-2.432170e-07,9.177489e-08,3.789815e-07,0.000000e+00,0.000000e+00,0.000000e+00,4.179329e+07,-1.456814e+07,-3.626084e+07,3.905532e-18,699,0
1.193409e-09,-2.876456e-03,9.928086e-04,2.500333e-03,-2.411097e+06,8.321728e+05,2.095631e+06,5.495052e-01,-1.831323e-01,-4.380135e-01,3.905532e-18,699,5251
1.192955e-08,-2.876324e-02,9.927436e-03,2.500005e-02,-2.411201e+06,8.322073e+05,2.095714e+06,5.225458e-03,-1.792031e-03,-4.532671e-03,3.905532e-18,699,52490
0.000000e+00,-1.883461e-07,2.021229e-07,3.195235e-07,0.000000e+00,0.000000e+00,0.000000e+00,3.905809e+07,-4.356858e+07,-3.659885e+07,4.190987e-18,700,0
1.303409e-09,-2.665012e-03,2.963863e-03,2.500189e-03,-2.045108e+06,2.274445e+06,1.918479e+06,2.980112e-01,-3.296258e-01,-2.557338e-01,4.190987e-18,700,5735
1.303114e-08,-2.665007e-02,2.963859e-02,2.500010e-02,-2.045169e+06,2.274512e+06,1.918532e+06,2.832909e-03,-3.150674e-03,-2.657310e-03,4.190987e-18,700,57337
0.000000e+00,-1.671446e-07,1.494434e-08,5.973740e-07,0.000000e+00,0.000000e+00,0.000000e+00,1.551841e+07,-2.624610e+06,-3.860858e+07,3.013636e-18,701,0
9.479545e-10,-1.017278e-03,1.783326e-04,2.500471e-03,-1.073804e+06,1.882316e+05,2.639091e+06,6.053886e-01,-8.653192e-02,-1.380040e+00,3.013636e-18,701,4171
9.472955e-09,-1.017209e-02,1.783098e-03,2.500018e-02,-1.073894e+06,1.882445e+05,2.639298e+06,5.625397e-03,-9.032997e-04,-1.421272e-02,3.013636e-18,701,41681
0.000000e+00,3.256273e-08,-4.760382e-08,1.839154e-07,0.000000e+00,0.000000e+00,0.000000e+00,-4.632078e+07,6.877013e+07,-2.442057e+08,8.781582e-18,702,0
2.534091e-10,4.745072e-04,-7.045150e-04,2.500954e-03,1.872467e+06,-2.780111e+06,9.869035e+06,-3.008271e-01,4.489884e-01,-1.579666e+00,8.781582e-18,702,1115
2.533182e-09,4.743328e-03,-7.042569e-03,2.500023e-02,1.872479e+06,-2.780129e+06,9.869098e+06,-3.003909e-03,4.490972e-03,-1.581469e-02,8.781582e-18,702,11146
0.000000e+00,8.639618e-08,-2.319673e-08,6.035948e-07,0.000000e+00,0.000000e+00,0.000000e+00,-4.608120e+06,1.020715e+07,-3.835196e+07,3.096955e-18,703,0
9.131818e-10,3.217019e-04,-5.333419e-04,2.500556e-03,3.524745e+05,-5.844343e+05,2.739811e+06,-2.005951e-01,3.210141e-01,-1.584629e+00,3.096955e-18,703,4018
9.124773e-09,3.216275e-03,-5.332792e-03,2.500032e-02,3.525034e+05,-5.844806e+05,2.740040e+06,-1.999662e-03,3.336008e-03,-1.644229e-02,3.096955e-18,703,40149
0.000000e+00,-4.689351e-09,2.048099e-07,5.926087e-07,0.000000e+00,0.000000e+00,0.000000e+00,5.578353e+05,-1.719592e+07,-3.448812e+07,2.943051e-18,704,0
1.011818e-09,2.114551e-05,1.390562e-03,2.500179e-03,2.095816e+04,1.375180e+06,2.472162e+06,-3.577320e-02,-6.855713e-01,-1.142484e+00,2.943051e-18,704,4452
1.011273e-08,2.119269e-04,1.390678e-02,2.500047e-02,2.096386e+04,1.375290e+06,2.472345e+06,-1.483398e-04,-6.534158e-03,-1.188619e-02,2.943051e-18,704,44496
0.000000e+00,-1.411439e-07,1.829472e-07,4.398222e-07,0.000000e+00,0.000000e+00,0.000000e+00,1.500807e+07,-2.971028e+07,-3.852200e+07,3.695042e-18,705,0
1.055682e-09,-9.466024e-04,1.929220e-03,2.500395e-03,-8.970334e+05,1.828298e+06,2.369340e+06,3.066342e-01,-6.279272e-01,-7.572241e-01,3.695042e-18,705,4645
1.055159e-08,-9.465152e-03,1.929140e-02,2.500042e-02,-8.970845e+05,1.828403e+06,2.369466e+06,2.880110e-03,-5.999572e-03,-7.848401e-03,3.695042e-18,705,46427
0.000000e+00,2.784478e-08,-1.851582e-08,6.398618e-07,0.000000e+00,0.000000e+00,0.000000e+00,-5.781822e+06,2.285525e+06,-4.149250e+07,2.948717e-18,706,0
8.784091e-10,3.270765e-04,-1.396613e-04,2.500061e-03,3.726678e+05,-1.591044e+05,2.847705e+06,-2.851972e-01,1.054191e-01,-1.764052e+00,2.948717e-18,706,3865
8.779091e-09,3.271665e-03,-1.396790e-03,2.500047e-02,3.727074e+05,-1.591190e+05,2.847950e+06,-2.683361e-03,9.973732e-04,-1.780006e-02,2.948717e-18,706,38628
0.000000e+00,1.551488e-07,1.891556e-07,2.319561e-07,0.000000e+00,0.000000e+00,0.000000e+00,-5.057087e+07,-6.382093e+07,-5.527392e+07,5.148343e-18,707,0
9.936364e-10,2.313650e-03,2.911297e-03,2.500041e-03,2.328771e+06,2.930321e+06,2.516277e+06,-3.052419e-01,-3.782262e-01,-3.033660e-01,5.148343e-18,707,4372
9.935455e-09,2.313745e-02,2.911413e-02,2.500049e-02,2.328819e+06,2.930380e+06,2.516325e+06,-2.918463e-03,-3.667735e-03,-3.094074e-03,5.148343e-18,707,43716
0.000000e+00,-1.908626e-07,-5.246114e-08,3.276389e-07,0.000000e+00,0.000000e+00,0.000000e+00,4.489231e+07,1.310417e+07,-5.392237e+07,4.655653e-18,708,0
8.920455e-10,-2.128973e-03,-6.069875e-04,2.500613e-03,-2.387353e+06,-6.806333e+05,2.803911e+06,6.973675e-01,1.813854e-01,-7.635492e-01,4.655653e-18,708,3925
8.916136e-09,-2.128596e-02,-6.068621e-03,2.500016e-02,-2.387451e+06,-6.806589e+05,2.804018e+06,6.791320e-03,1.767601e-03,-7.686784e-03,4.655653e-18,708,39231
0.000000e+00,-3.450877e-08,2.009042e-07,3.839884e-07,0.000000e+00,0.000000e+00,0.000000e+00,5.750335e+06,-3.623725e+07,-4.700075e+07,4.171030e-18,709,0
9.420455e-10,-3.082024e-04,1.988486e-03,2.500341e-03,-3.272832e+05,2.111649e+06,2.654988e+06,1.080532e-01,-7.251321e-01,-8.485561e-01,4.171030e-18,709,4145
9.416364e-09,-3.081817e-03,1.988403e-02,2.500044e-02,-3.272993e+05,2.111757e+06,2.655114e+06,1.124948e-03,-7.064777e-03,-8.644857e-03,4.171030e-18,709,41432
0.000000e+00,1.550146e-07,-1.197033e-07,6.043137e-07,0.000000e+00,0.000000e+00,0.000000e+00,-1.131001e+07,7.912649e+06,-3.631893e+07,2.922136e-18,710,0
9.684091e-10,8.359001e-04,-5.694802e-04,2.500209e-03,8.637315e+05,-5.884122e+05,2.583174e+06,-4.948032e-01,3.315062e-01,-1.388185e+00,2.922136e-18,710,4261
9.677955e-09,8.359154e-03,-5.694648e-03,2.500001e-02,8.638071e+05,-5.884629e+05,2.583387e+06,-4.659815e-03,2.996442e-03,-1.425145e-02,2.922136e-18,710,42583
0.000000e+00,-4.304176e-08,-1.051429e-08,3.603925e-07,0.000000e+00,0.000000e+00,0.000000e+00,4.010343e+06,3.083332e+05,-7.040503e+07,4.988482e-18,711,0
6.556818e-10,-1.636847e-04,-1.536328e-05,2.500570e-03,-2.497012e+05,-2.343140e+04,3.815038e+06,1.144104e-01,1.466887e-02,-1.899172e+00,4.988482e-18,711,2885
6.553182e-09,-1.636356e-03,-1.535574e-04,2.500072e-02,-2.497131e+05,-2.343291e+04,3.815235e+06,1.124623e-03,1.212854e-04,-1.904015e-02,4.988482e-18,711,28834
0.000000e+00,-2.122696e-07,1.412431e-07,2.719142e-07,0.000000e+00,0.000000e+00,0.000000e+00,4.790611e+07,-3.833932e+07,-4.985099e+07,4.696320e-18,712,0
1.021818e-09,-2.455223e-03,1.945620e-03,2.500224e-03,-2.403299e+06,1.904494e+06,2.447244e+06,4.523432e-01,-3.573315e-01,-4.291814e-01,4.696320e-18,712,4496
1.021568e-08,-2.455138e-02,1.945571e-02,2.500038e-02,-2.403372e+06,1.904551e+06,2.447314e+06,4.343576e-03,-3.451084e-03,-4.360261e-03,4.696320e-18,712,44949
0.000000e+00,7.381748e-08,1.363532e-07,2.273091e-07,0.000000e+00,0.000000e+00,0.000000e+00,-3.923212e+07,-7.722852e+07,-9.684687e+07,6.306844e-18,713,0
6.002273e-10,1.020881e-03,2.001565e-03,2.500813e-03,1.700990e+06,3.335000e+06,4.166731e+06,-3.321146e-01,-6.351270e-01,-7.748586e-01,6.306844e-18,713,2641
6.000000e-09,1.020598e-02,2.001007e-02,2.500054e-02,1.701021e+06,3.335060e+06,4.166805e+06,-3.271539e-03,-6.295422e-03,-7.808507e-03,6.306844e-18,713,26400
0.000000e+00,2.659176e-07,4.460040e-08,3.653750e-07,0.000000e+00,0.000000e+00,0.000000e+00,-4.421699e+07,-4.278250e+06,-3.698978e+07,3.934678e-18,714,0
1.180000e-09,2.996295e-03,3.039335e-04,2.500135e-03,2.540072e+06,2.576432e+05,2.119288e+06,-5.821477e-01,-5.878384e-02,-4.495034e-01,3.934678e-18,714,5192
1.179636e-08,2.996358e-02,3.039263e-03,2.500000e-02,2.540180e+06,2.576541e+05,2.119372e+06,-5.558968e-03,-5.781778e-04,-4.619804e-03,3.934678e-18,714,51904
0.000000e+00,-1.301607e-08,-5.385784e-08,5.591780e-07,0.000000e+00,0.000000e+00,0.000000e+00,3.006684e+06,4.002689e+06,-4.082645e+07,3.365168e-18,715,0
8.602273e-10,-1.442944e-04,-3.116651e-04,2.500637e-03,-1.678657e+05,-3.625904e+05,2.908624e+06,1.169308e-01,2.652695e-01,-1.771884e+00,3.365168e-18,715,3785
8.595227e-09,-1.442837e-03,-3.116533e-03,2.500038e-02,-1.678816e+05,-3.626265e+05,2.908865e+06,1.227139e-03,2.528649e-03,-1.790038e-02,3.365168e-18,715,37819
0.000000e+00,1.634303e-07,5.384720e-08,2.206340e-07,0.000000e+00,0.000000e+00,0.000000e+00,-8.493329e+07,-2.785576e+07,-8.648898e+07,6.177706e-18,716,0
6.677273e-10,2.468016e-03,8.077175e-04,2.500716e-03,3.696508e+06,1.209765e+06,3.745374e+06,-6.245023e-01,-1.990465e-01,-6.051231e-01,6.177706e-18,716,2938
6.675000e-09,2.467427e-02,8.075211e-03,2.500051e-02,3.696573e+06,1.209786e+06,3.745438e+06,-6.209385e-03,-1.982185e-03,-6.074496e-03,6.177706e-18,716,29370
0.000000e+00,2.005194e-07,-1.208361e-07,5.254415e-07,0.000000e+00,0.000000e+00,0.000000e+00,-3.382914e+07,5.891547e+07,-6.612761e+06,3.225370e-18,717,0
4.047500e-09,7.366448e-03,-1.219705e-02,2.500128e-03,1.820150e+06,-3.013770e+06,6.176477e+05,-2.741724e-02,4.536203e-02,-8.429024e-03,3.225370e-18,717,17809
2.272727e-08,4.136667e-02,-6.849396e-02,1.403772e-02,1.820166e+06,-3.013796e+06,6.176528e+05,-8.541396e-04,1.414265e-03,-2.898502e-04,3.225370e-18,717,100000
0.000000e+00,1.354458e-07,-4.428624e-08,4.264021e-07,0.000000e+00,0.000000e+00,0.000000e+00,-2.463642e+07,6.912852e+06,-4.970425e+07,4.094285e-18,718,0
8.384091e-10,1.179931e-03,-5.012959e-04,2.500583e-03,1.407986e+06,-5.982246e+05,2.983720e+06,-6.363080e-01,2.625585e-01,-1.314177e+00,4.094285e-18,718,3689
8.378864e-09,1.179731e-02,-5.012398e-03,2.500027e-02,1.408070e+06,-5.982594e+05,2.983894e+06,-6.233187e-03,2.576957e-03,-1.323180e-02,4.094285e-18,718,36867
0.000000e+00,-9.291670e-08,3.110037e-08,4.884454e-07,0.000000e+00,0.000000e+00,0.000000e+00,1.266942e+07,-4.834497e+06,-4.295266e+07,3.751231e-18,719,0
8.634091e-10,-7.689605e-04,2.859983e-04,2.500624e-03,-8.911860e+05,3.314256e+05,2.897731e+06,5.257250e-01,-1.636482e-01,-1.564927e+00,3.751231e-18,719,3799
8.627500e-09,-7.688670e-03,2.859361e-03,2.500024e-02,-8.912577e+05,3.314480e+05,2.897944e+06,5.008424e-03,-1.511440e-03,-1.585423e-02,3.751231e-18,719,37961
0.000000e+00,1.423687e-07,-2.348637e-07,4.293440e-07,0.000000e+00,0.000000e+00,0.000000e+00,-1.989665e+07,3.510510e+07,-3.412862e+07,3.549443e-18,720,0
1.212273e-09,1.439505e-03,-2.525399e-03,2.500098e-03,1.187875e+06,-2.083970e+06,2.062891e+06,-2.939864e-01,5.210696e-01,-4.813741e-01,3.549443e-18,720,5334
1.211886e-08,1.439568e-02,-2.525531e-02,2.500004e-02,1.187931e+06,-2.084070e+06,2.062983e+06,-2.842553e-03,4.958866e-03,-4.943712e-03,3.549443e-18,720,53323
0.000000e+00,2.087072e-07,-1.103139e-07,4.739489e-07,0.000000e+00,0.000000e+00,0.000000e+00,-2.403962e+07,1.496378e+07,-3.467409e+07,3.464283e-18,721,0
1.085455e-09,1.753470e-03,-9.158290e-04,2.500329e-03,1.616296e+06,-8.441784e+05,2.304443e+06,-6.444458e-01,3.452488e-01,-8.270761e-01,3.464283e-18,721,4776
1.084864e-08,1.753456e-02,-9.158174e-03,2.500017e-02,1.616407e+06,-8.442376e+05,2.304585e+06,-5.933671e-03,3.127737e-03,-8.619399e-03,3.464283e-18,721,47734
0.000000e+00,9.794562e-08,1.395137e-08,1.269168e-07,0.000000e+00,0.000000e+00,0.000000e+00,-2.404969e+08,-3.291861e+07,-2.885489e+08,1.034516e-17,722,0
2.163636e-10,2.085845e-03,2.854861e-04,2.502337e-03,9.640201e+06,1.319435e+06,1.156506e+07,-6.955547e-01,-9.360735e-02,-8.229609e-01,1.034516e-17,722,952
2.161818e-09,2.084046e-02,2.852392e-03,2.500169e-02,9.640225e+06,1.319438e+06,1.156509e+07,-6.963642e-03,-9.370494e-04,-8.244281e-03,1.034516e-17,722,9512
0.000000e+00,9.451545e-08,-1.535959e-07,1.639278e-07,0.000000e+00,0.000000e+00,0.000000e+00,-6.909530e+07,1.143528e+08,-1.013921e+08,6.953685e-18,723,0
5.952273e-10,1.708355e-03,-2.826949e-03,2.500691e-03,2.870171e+06,-4.749501e+06,4.201301e+06,-2.812094e-01,4.643443e-01,-3.962687e-01,6.953685e-18,723,2619
5.950682e-09,1.707954e-02,-2.826288e-02,2.500073e-02,2.870198e+06,-4.749545e+06,4.201338e+06,-2.795892e-03,4.623377e-03,-3.978819e-03,6.953685e-18,723,26183
0.000000e+00,1.224191e-07,1.400341e-07,2.818452e-07,0.000000e+00,0.000000e+00,0.000000e+00,-4.122744e+07,-4.628210e+07,-6.688827e+07,5.231031e-18,724,0
7.943182e-10,1.557053e-03,1.740408e-03,2.500209e-03,1.960637e+06,2.191497e+06,3.148103e+06,-4.678545e-01,-5.087869e-01,-7.090090e-01,5.231031e-18,724,3495
7.941364e-09,1.557016e-02,1.740352e-02,2.500037e-02,1.960696e+06,2.191561e+06,3.148193e+06,-4.623085e-03,-5.071904e-03,-7.151795e-03,5.231031e-18,724,34942
0.000000e+00,-2.818387e-08,6.327773e-08,2.976646e-07,0.000000e+00,0.000000e+00,0.000000e+00,1.238504e+07,-2.342106e+07,-9.958884e+07,5.789575e-18,725,0
5.484091e-10,-3.132505e-04,5.935013e-04,2.500779e-03,-5.713229e+05,1.082434e+06,4.560867e+06,2.217162e-01,-4.070022e-01,-1.704018e+00,5.789575e-18,725,2413
5.481591e-09,-3.131769e-03,5.933489e-03,2.500097e-02,-5.713421e+05,1.082469e+06,4.561014e+06,2.184226e-03,-4.085160e-03,-1.707882e-02,5.789575e-18,725,24119
0.000000e+00,-2.422708e-08,1.464483e-07,3.205835e-07,0.000000e+00,0.000000e+00,0.000000e+00,4.494511e+06,-4.533493e+07,-7.419824e+07,5.067148e-18,726,0
7.015909e-10,-1.551178e-04,1.538868e-03,2.500675e-03,-2.211352e+05,2.193931e+06,3.565016e+06,7.119310e-02,-7.180038e-01,-1.141450e+00,5.067148e-18,726,3087
7.012727e-09,-1.550774e-03,1.538548e-02,2.500064e-02,-2.211431e+05,2.194011e+06,3.565143e+06,6.745702e-04,-7.249322e-03,-1.156687e-02,5.067148e-18,726,30856
0.000000e+00,1.175936e-07,-7.666528e-10,3.319082e-07,0.000000e+00,0.000000e+00,0.000000e+00,-3.238308e+07,-2.962183e+06,-7.460612e+07,5.096079e-18,727,0
6.756818e-10,1.106241e-03,1.012461e-04,2.500214e-03,1.637709e+06,1.499059e+05,3.701218e+06,-6.568573e-01,-6.287012e-02,-1.422344e+00,5.096079e-18,727,2973
6.754545e-09,1.106200e-02,1.012538e-03,2.500018e-02,1.637779e+06,1.499127e+05,3.701370e+06,-6.548635e-03,-6.507331e-04,-1.428324e-02,5.096079e-18,727,29720
0.000000e+00,3.129999e-08,-1.673591e-07,2.423713e-07,0.000000e+00,0.000000e+00,0.000000e+00,-1.364921e+07,7.638338e+07,-8.476918e+07,5.861696e-18,728,0
6.700000e-10,4.059154e-04,-2.268458e-03,2.500371e-03,6.059185e+05,-3.386178e+06,3.732239e+06,-1.240113e-01,6.848333e-01,-7.215332e-01,5.861696e-18,728,2948
6.698409e-09,4.058705e-03,-2.268208e-02,2.500022e-02,6.059316e+05,-3.386250e+06,3.732316e+06,-1.233359e-03,6.817518e-03,-7.258813e-03,5.861696e-18,728,29473
0.000000e+00,7.296564e-08,1.170042e-07,2.469865e-07,0.000000e+00,0.000000e+00,0.000000e+00,-2.771766e+07,-6.126661e+07,-1.090820e+08,6.181724e-18,729,0
5.309091e-10,6.433692e-04,1.408133e-03,2.500311e-03,1.211931e+06,2.652579e+06,4.709892e+06,-3.179812e-01,-6.524854e-01,-1.150966e+00,6.181724e-18,729,2336
5.307955e-09,6.432926e-03,1.407984e-02,2.500006e-02,1.211958e+06,2.652634e+06,4.709988e+06,-3.069735e-03,-6.538186e-03,-1.157419e-02,6.181724e-18,729,23355
0.000000e+00,-7.221783e-09,2.482647e-07,3.256473e-07,0.000000e+00,0.000000e+00,0.000000e+00,5.114982e+05,-5.349426e+07,-4.397914e+07,4.343295e-18,730,0
1.120000e-09,-3.786977e-05,3.126724e-03,2.500020e-03,-3.381613e+04,2.792452e+06,2.232575e+06,5.034808e-03,-5.602429e-01,-4.092223e-01,4.343295e-18,730,4928
1.119795e-08,-3.786746e-04,3.126975e-02,2.500041e-02,-3.381702e+04,2.792551e+06,2.232647e+06,5.734170e-05,-5.437270e-03,-4.323046e-03,4.343295e-18,730,49271
0.000000e+00,8.930545e-08,-7.671644e-08,5.717923e-07,0.000000e+00,0.000000e+00,0.000000e+00,-1.275071e+07,3.570121e+06,-3.503259e+07,3.221872e-18,731,0
9.595455e-10,8.891107e-04,-2.730273e-04,2.500214e-03,9.272245e+05,-2.847669e+05,2.607206e+06,-5.030213e-01,2.102210e-01,-1.491823e+00,3.221872e-18,731,4222
9.588864e-09,8.890970e-03,-2.730599e-03,2.500024e-02,9.273007e+05,-2.847987e+05,2.607432e+06,-4.737765e-03,2.025519e-03,-1.521653e-02,3.221872e-18,731,42191
0.000000e+00,-1.902145e-07,6.109999e-08,1.996953e-07,0.000000e+00,0.000000e+00,0.000000e+00,9.467907e+07,-2.657234e+07,-7.532153e+07,6.067788e-18,732,0
7.679545e-10,-3.163557e-03,8.862418e-04,2.500528e-03,-4.119816e+06,1.154113e+06,3.256278e+06,5.318483e-01,-1.436312e-01,-3.965925e-01,6.067788e-18,732,3379
7.677500e-09,-3.162998e-02,8.860739e-03,2.500021e-02,-4.119880e+06,1.154131e+06,3.256326e+06,5.247020e-03,-1.475308e-03,-4.003917e-03,6.067788e-18,732,33781
0.000000e+00,-1.622879e-07,-1.162103e-07,3.202485e-07,0.000000e+00,0.000000e+00,0.000000e+00,3.750412e+07,2.911533e+07,-5.511211e+07,4.705505e-18,733,0
8.784091e-10,-1.735717e-03,-1.347189e-03,2.500231e-03,-1.976559e+06,-1.534139e+06,2.847002e+06,5.719404e-01,4.514007e-01,-7.816962e-01,4.705505e-18,733,3865
8.781136e-09,-1.735645e-02,-1.347148e-02,2.500002e-02,-1.976639e+06,-1.534202e+06,2.847110e+06,5.592017e-03,4.395972e-03,-7.883237e-03,4.705505e-18,733,38637
0.000000e+00,4.683945e-08,-1.267952e-07,1.504172e-07,0.000000e+00,0.000000e+00,0.000000e+00,-6.194197e+07,1.621042e+08,-1.670889e+08,8.319441e-18,734,0
3.695455e-10,9.274703e-04,-2.427340e-03,2.500445e-03,2.509750e+06,-6.568411e+06,6.766173e+06,-2.312081e-01,6.055823e-01,-6.095299e-01,8.319441e-18,734,1626
3.695000e-09,9.273567e-03,-2.427039e-02,2.500115e-02,2.509764e+06,-6.568447e+06,6.766209e+06,-2.311769e-03,6.040239e-03,-6.108188e-03,8.319441e-18,734,16258
0.000000e+00,1.615944e-07,-1.252018e-07,2.658449e-07,0.000000e+00,0.000000e+00,0.000000e+00,-5.319806e+07,3.985657e+07,-6.950661e+07,5.224012e-18,735,0
7.820455e-10,1.940174e-03,-1.451360e-03,2.500208e-03,2.481329e+06,-1.856162e+06,3.197442e+06,-5.511706e-01,4.055563e-01,-6.669248e-01,5.224012e-18,735,3441
7.818864e-09,1.940123e-02,-1.451312e-02,2.500051e-02,2.481397e+06,-1.856212e+06,3.197525e+06,-5.487499e-03,4.034106e-03,-6.757630e-03,5.224012e-18,735,34403
0.000000e+00,-2.149287e-07,1.337295e-07,3.357077e-07,0.000000e+00,0.000000e+00,0.000000e+00,4.240647e+07,-2.556318e+07,-4.081887e+07,4.230411e-18,736,0
1.132273e-09,-2.636303e-03,1.584870e-03,2.500315e-03,-2.329015e+06,1.400131e+06,2.208700e+06,5.001489e-01,-2.989880e-01,-4.313313e-01,4.230411e-18,736,4982
1.131886e-08,-2.636178e-02,1.584788e-02,2.500009e-02,-2.329104e+06,1.400185e+06,2.208777e+06,4.741809e-03,-2.844212e-03,-4.459460e-03,4.230411e-18,736,49803
0.000000e+00,-7.162929e-09,1.399957e-07,2.718132e-07,0.000000e+00,0.000000e+00,0.000000e+00,5.202086e+06,-5.432560e+07,-8.863392e+07,5.763691e-18,737,0
6.206818e-10,-1.461310e-04,1.544036e-03,2.500367e-03,-2.354874e+05,2.488079e+06,4.029025e+06,7.090753e-02,-7.272618e-01,-1.156456e+00,5.763691e-18,737,2731
6.205000e-09,-1.461200e-03,1.543859e-02,2.500025e-02,-2.354944e+05,2.488151e+06,4.029139e+06,6.553306e-04,-7.251719e-03,-1.163373e-02,5.763691e-18,737,27302
0.000000e+00,9.315579e-08,3.382846e-08,1.709910e-07,0.000000e+00,0.000000e+00,0.000000e+00,-1.273481e+08,-4.473459e+07,-2.085741e+08,8.556537e-18,738,0
2.963636e-10,1.527736e-03,5.364743e-04,2.500877e-03,5.154892e+06,1.810167e+06,8.438397e+06,-6.799481e-01,-2.325701e-01,-1.090496e+00,8.556537e-18,738,1304
2.962727e-09,1.527262e-02,5.363063e-03,2.500082e-02,5.154924e+06,1.810178e+06,8.438448e+06,-6.798845e-03,-2.354279e-03,-1.094706e-02,8.556537e-18,738,13036
0.000000e+00,1.742855e-07,-4.200060e-08,5.024682e-07,0.000000e+00,0.000000e+00,0.000000e+00,-2.100981e+07,5.269408e+06,-4.105247e+07,3.476353e-18,739,0
9.447727e-10,1.372046e-03,-1.677126e-04,2.500402e-03,1.453094e+06,-1.775860e+05,2.647745e+06,-7.184558e-01,9.253001e-02,-1.182375e+00,3.476353e-18,739,4157
9.442045e-09,1.372013e-02,-1.676806e-03,2.500025e-02,1.453201e+06,-1.775998e+05,2.647921e+06,-6.724847e-03,6.795247e-04,-1.212163e-02,3.476353e-18,739,41545
0.000000e+00,2.358814e-07,-9.437055e-08,3.343744e-07,0.000000e+00,0.000000e+00,0.000000e+00,-4.197287e+07,1.835454e+07,-4.058640e+07,4.230500e-18,740,0
1.111136e-09,2.645951e-03,-1.150708e-03,2.500358e-03,2.382066e+06,-1.035951e+06,2.250827e+06,-5.649187e-01,2.452606e-01,-4.901616e-01,4.230500e-18,740,4889
1.110705e-08,2.645768e-02,-1.150634e-02,2.500014e-02,2.382165e+06,-1.035994e+06,2.250914e+06,-5.355515e-03,2.347058e-03,-5.009139e-03,4.230500e-18,740,48871
0.000000e+00,7.964612e-08,1.252083e-07,3.153245e-07,0.000000e+00,0.000000e+00,0.000000e+00,-1.623891e+07,-2.984675e+07,-7.802937e+07,5.133526e-18,741,0
6.602273e-10,5.408580e-04,9.793924e-04,2.500251e-03,8.194011e+05,1.483789e+06,3.787855e+06,-3.242193e-01,-5.696085e-01,-1.420601e+00,5.133526e-18,741,2905
6.600227e-09,5.408267e-03,9.793390e-03,2.500084e-02,8.194349e+05,1.483848e+06,3.788004e+06,-3.231497e-03,-5.712726e-03,-1.428285e-02,5.133526e-18,741,29041
0.000000e+00,-1.549649e-07,-1.535844e-07,4.267275e-07,0.000000e+00,0.000000e+00,0.000000e+00,2.763116e+07,2.452036e+07,-3.377484e+07,3.809578e-18,742,0
1.172273e-09,-2.006627e-03,-1.775274e-03,2.500361e-03,-1.712468e+06,-1.515019e+06,2.133560e+06,4.723045e-01,4.206432e-01,-5.338356e-01,3.809578e-18,742,5158
1.171750e-08,-2.006576e-02,-1.775218e-02,2.500010e-02,-1.712556e+06,-1.515097e+06,2.133659e+06,4.385777e-03,4.021158e-03,-5.642998e-03,3.809578e-18,742,51557
0.000000e+00,-2.960368e-08,2.042082e-07,4.993804e-07,0.000000e+00,0.000000e+00,0.000000e+00,2.252755e+06,-2.475839e+07,-3.886500e+07,3.419904e-18,743,0
9.863636e-10,-1.412019e-04,1.573505e-03,2.500188e-03,-1.432096e+05,1.596111e+06,2.535865e+06,5.657730e-02,-7.139307e-01,-1.068437e+00,3.419904e-18,743,4340
9.858636e-09,-1.411861e-03,1.573545e-02,2.500029e-02,-1.432184e+05,1.596222e+06,2.536031e+06,5.921684e-04,-6.807161e-03,-1.096396e-02,3.419904e-18,743,43378
0.000000e+00,7.250596e-08,6.079326e-08,2.915291e-07,0.000000e+00,0.000000e+00,0.000000e+00,-2.961032e+07,-2.178617e+07,-9.645301e+07,5.773121e-18,744,0
5.679545e-10,7.762378e-04,5.698780e-04,2.500183e-03,1.367006e+06,1.003570e+06,4.402822e+06,-4.951876e-01,-3.498331e-01,-1.526140e+00,5.773121e-18,744,2499
5.678182e-09,7.762135e-03,5.698480e-03,2.500019e-02,1.367050e+06,1.003601e+06,4.402959e+06,-4.930800e-03,-3.500787e-03,-1.529715e-02,5.773121e-18,744,24984
0.000000e+00,4.007907e-08,-1.490251e-07,5.606337e-07,0.000000e+00,0.000000e+00,0.000000e+00,-9.069209e+06,1.230570e+07,-1.668386e+07,3.241167e-18,745,0
1.127955e-09,8.840187e-04,-1.470705e-03,2.500308e-03,7.843664e+05,-1.304829e+06,2.218029e+06,-3.802215e-01,5.820501e-01,-9.397923e-01,3.241167e-18,745,4963
1.127136e-08,8.840736e-03,-1.470699e-02,2.500008e-02,7.844341e+05,-1.304933e+06,2.218196e+06,-3.484995e-03,5.821225e-03,-9.942883e-03,3.241167e-18,745,49594
0.000000e+00,-2.396342e-07,-1.016528e-07,3.010759e-07,0.000000e+00,0.000000e+00,0.000000e+00,5.239705e+07,1.913262e+07,-4.211669e+07,4.425029e-18,746,0
1.145909e-09,-3.155160e-03,-1.157428e-03,2.500421e-03,-2.754101e+06,-1.010288e+06,2.182436e+06,5.070671e-01,1.820095e-01,-3.653955e-01,4.425029e-18,746,5042
1.145523e-08,-3.154885e-02,-1.157309e-02,2.500041e-02,-2.754193e+06,-1.010321e+06,2.182502e+06,4.807200e-03,1.738431e-03,-3.770646e-03,4.425029e-18,746,50403
0.000000e+00,-1.856189e-07,-9.471918e-08,3.310441e-07,0.000000e+00,0.000000e+00,0.000000e+00,4.044318e+07,2.170819e+07,-5.129690e+07,4.555814e-18,747,0
9.156818e-10,-2.049852e-03,-1.085887e-03,2.500040e-03,-2.239323e+06,-1.186247e+06,2.730921e+06,6.477246e-01,3.335814e-01,-7.270647e-01,4.555814e-18,747,4029
9.154545e-09,-2.049997e-02,-1.085954e-02,2.500044e-02,-2.239417e+06,-1.186295e+06,2.731026e+06,6.255456e-03,3.255400e-03,-7.356389e-03,4.555814e-18,747,40280
0.000000e+00,-7.012169e-08,-3.713219e-08,6.078979e-07,0.000000e+00,0.000000e+00,0.000000e+00,6.036001e+06,8.597507e+06,-3.554433e+07,3.083572e-18,748,0
9.386364e-10,-4.689625e-04,-5.401109e-04,2.500097e-03,-5.000027e+05,-5.758313e+05,2.665087e+06,3.265674e-01,3.273550e-01,-1.532965e+00,3.083572e-18,748,4130
9.380682e-09,-4.690346e-03,-5.401643e-03,2.500047e-02,-5.000511e+05,-5.758798e+05,2.665314e+06,2.848161e-03,3.215234e-03,-1.589339e-02,3.083572e-18,748,41275
0.000000e+00,-5.366234e-08,-1.915602e-08,4.298305e-07,0.000000e+00,0.000000e+00,0.000000e+00,6.138916e+06,3.489387e+06,-5.493174e+07,4.260120e-18,749,0
7.477273e-10,-3.077033e-04,-1.811217e-04,2.500239e-03,-4.117100e+05,-2.423757e+05,3.345313e+06,2.231662e-01,1.495942e-01,-1.837241e+00,4.260120e-18,749,3290
7.473182e-09,-3.076787e-03,-1.811307e-03,2.500020e-02,-4.117363e+05,-2.423934e+05,3.345530e+06,2.211461e-03,1.425100e-03,-1.848963e-02,4.260120e-18,749,32882
0.000000e+00,-1.556984e-08,3.431702e-08,5.053072e-07,0.000000e+00,0.000000e+00,0.000000e+00,-2.093556e+05,-3.993195e+06,-4.499622e+07,3.699792e-18,750,0
8.225000e-10,-1.753947e-05,2.440489e-04,2.500430e-03,-2.130418e+04,2.968905e+05,3.041749e+06,-1.507012e-02,-1.665197e-01,-1.852016e+00,3.699792e-18,750,3619
8.219091e-09,-1.751058e-04,2.440159e-03,2.500047e-02,-2.130221e+04,2.969121e+05,3.041989e+06,-1.187024e-04,-1.629023e-03,-1.862033e-02,3.699792e-18,750,36164
0.000000e+00,2.210073e-08,-2.663137e-08,2.751855e-07,0.000000e+00,0.000000e+00,0.000000e+00,-7.825601e+06,1.336964e+07,-1.216600e+08,6.324896e-18,751,0
4.697727e-10,1.627340e-04,-2.767516e-04,2.500374e-03,3.464459e+05,-5.892038e+05,5.323155e+06,-1.220628e-01,2.136351e-01,-1.840352e+00,6.324896e-18,751,2067
4.696591e-09,1.627130e-03,-2.767264e-03,2.500086e-02,3.464550e+05,-5.892196e+05,5.323291e+06,-1.234557e-03,2.142598e-03,-1.842338e-02,6.324896e-18,751,20665
0.000000e+00,-4.631493e-08,1.510685e-07,4.801097e-07,0.000000e+00,0.000000e+00,0.000000e+00,6.228434e+06,-1.901225e+07,-4.306699e+07,3.672524e-18,752,0
9.013636e-10,-3.541461e-04,1.147261e-03,2.500183e-03,-3.930925e+05,1.273538e+06,2.775069e+06,1.763780e-01,-6.588035e-01,-1.321193e+00,3.672524e-18,752,3966
9.008864e-09,-3.541312e-03,1.147310e-02,2.500032e-02,-3.931176e+05,1.273632e+06,2.775257e+06,1.761287e-03,-6.144917e-03,-1.347576e-02,3.672524e-18,752,39639
0.000000e+00,1.548170e-07,1.969840e-07,3.183250e-07,0.000000e+00,0.000000e+00,0.000000e+00,-3.051572e+07,-3.595921e+07,-4.040273e+07,4.385664e-18,753,0
1.122273e-09,1.919827e-03,2.264780e-03,2.500365e-03,1.711198e+06,2.018641e+06,2.228485e+06,-3.874093e-01,-4.481455e-01,-4.634187e-01,4.385664e-18,753,4938
1.121841e-08,1.919689e-02,2.264591e-02,2.500014e-02,1.711267e+06,2.018720e+06,2.228567e+06,-3.685681e-03,-4.323173e-03,-4.762998e-03,4.385664e-18,753,49361
0.000000e+00,2.393689e-07,-4.152457e-08,4.178854e-07,0.000000e+00,0.000000e+00,0.000000e+00,-3.501184e+07,3.778265e+06,-3.783708e+07,3.748922e-18,754,0
1.084773e-09,2.351221e-03,-2.407030e-04,2.500153e-03,2.168414e+06,-2.219487e+05,2.305523e+06,-6.937218e-01,5.425717e-02,-6.673550e-01,3.748922e-18,754,4773
1.084364e-08,2.351344e-02,-2.406745e-03,2.500036e-02,2.168533e+06,-2.219580e+05,2.305638e+06,-6.435715e-03,5.696978e-04,-6.904359e-03,3.748922e-18,754,47712
0.000000e+00,-1.355628e-07,-4.225772e-08,5.750231e-07,0.000000e+00,0.000000e+00,0.000000e+00,1.491720e+07,9.984273e+06,-3.030051e+07,3.174812e-18,755,0
1.037955e-09,-1.148143e-03,-6.968914e-04,2.500074e-03,-1.106898e+06,-6.718497e+05,2.409978e+06,5.462256e-01,3.055453e-01,-1.146378e+00,3.174812e-18,755,4567
1.037364e-08,-1.148248e-02,-6.969454e-03,2.500031e-02,-1.106987e+06,-6.718998e+05,2.410166e+06,5.488754e-03,3.240812e-03,-1.214505e-02,3.174812e-18,755,45644
0.000000e+00,-5.421079e-08,6.249615e-08,5.046595e-07,0.000000e+00,0.000000e+00,0.000000e+00,6.975401e+06,-7.889175e+06,-4.476944e+07,3.668744e-18,756,0
8.384091e-10,-4.251368e-04,3.958911e-04,2.500109e-03,-5.073935e+05,4.724546e+05,2.983543e+06,2.945366e-01,-2.721923e-01,-1.704470e+00,3.668744e-18,756,3689
8.379318e-09,-4.251588e-03,3.958853e-03,2.500015e-02,-5.074325e+05,4.724906e+05,2.983769e+06,2.652466e-03,-2.562096e-03,-1.716441e-02,3.668744e-18,756,36869
0.000000e+00,-8.902145e-08,2.156149e-07,3.204742e-07,0.000000e+00,0.000000e+00,0.000000e+00,1.938147e+07,-4.719820e+07,-5.346360e+07,4.501688e-18,757,0
9.247727e-10,-9.348017e-04,2.259497e-03,2.500288e-03,-1.011130e+06,2.443959e+06,2.704243e+06,2.728693e-01,-6.384088e-01,-6.484299e-01,4.501688e-18,757,4069
9.244773e-09,-9.347675e-03,2.259388e-02,2.500024e-02,-1.011169e+06,2.444053e+06,2.704338e+06,2.559732e-03,-6.114622e-03,-6.664736e-03,4.501688e-18,757,40677
0.000000e+00,-8.807887e-08,1.736556e-07,5.067136e-07,0.000000e+00,0.000000e+00,0.000000e+00,9.089694e+06,-1.900095e+07,-3.904348e+07,3.414770e-18,758,0
9.627273e-10,-5.740566e-04,1.225993e-03,2.500097e-03,-5.966151e+05,1.274190e+06,2.598091e+06,2.930322e-01,-6.292368e-01,-1.169866e+00,3.414770e-18,758,4236
9.622500e-09,-5.740927e-03,1.226088e-02,2.500025e-02,-5.966597e+05,1.274286e+06,2.598270e+06,2.751847e-03,-5.852871e-03,-1.223967e-02,3.414770e-18,758,42339
0.000000e+00,1.274871e-07,-1.959299e-08,6.614927e-07,0.000000e+00,0.000000e+00,0.000000e+00,-1.462215e+07,2.122602e+06,-3.498397e+07,2.766764e-18,759,0
9.770455e-10,9.651073e-04,-9.212304e-05,2.500391e-03,9.884696e+05,-9.417820e+04,2.560601e+06,-5.721580e-01,-7.385359e-02,-1.445486e+00,2.766764e-18,759,4299
9.763409e-09,9.650802e-03,-9.195243e-04,2.500039e-02,9.885579e+05,-9.416683e+04,2.560825e+06,-5.366933e-03,-4.191117e-04,-1.483118e-02,2.766764e-18,759,42959
0.000000e+00,-3.939649e-08,5.909326e-08,4.871499e-07,0.000000e+00,0.000000e+00,0.000000e+00,2.826925e+06,-7.114478e+06,-4.453968e+07,3.799596e-18,760,0
8.338636e-10,-1.720929e-04,3.918338e-04,2.500273e-03,-2.065096e+05,4.701827e+05,3.000082e+06,1.391016e-01,-2.853110e-01,-1.764460e+00,3.799596e-18,760,3669
8.333182e-09,-1.720888e-03,3.918117e-03,2.500028e-02,-2.065279e+05,4.702203e+05,3.000314e+06,1.174741e-03,-2.570648e-03,-1.778902e-02,3.799596e-18,760,36666
0.000000e+00,-1.644828e-07,-1.943473e-07,3.937269e-07,0.000000e+00,0.000000e+00,0.000000e+00,2.507315e+07,2.863952e+07,-3.904928e+07,3.840166e-18,761,0
1.099091e-09,-1.697605e-03,-1.930610e-03,2.500065e-03,-1.545160e+06,-1.757247e+06,2.275327e+06,4.418792e-01,5.109142e-01,-5.898697e-01,3.840166e-18,761,4836
1.098750e-08,-1.697741e-02,-1.930771e-02,2.500027e-02,-1.545237e+06,-1.757335e+06,2.275429e+06,4.115926e-03,4.765626e-03,-6.131074e-03,3.840166e-18,761,48345
0.000000e+00,3.732375e-08,-1.366254e-07,2.178447e-07,0.000000e+00,0.000000e+00,0.000000e+00,-2.384527e+07,8.721597e+07,-1.138866e+08,6.624903e-18,762,0
5.200000e-10,5.254150e-04,-1.921524e-03,2.501043e-03,1.010483e+06,-3.695492e+06,4.809927e+06,-1.914298e-01,6.980115e-01,-8.813918e-01,6.624903e-18,762,2288
5.197727e-09,5.252240e-03,-1.920825e-02,2.500085e-02,1.010499e+06,-3.695549e+06,4.810000e+06,-1.920737e-03,6.958269e-03,-8.835997e-03,6.624903e-18,762,22870
0.000000e+00,6.364587e-08,-6.516821e-08,4.598865e-07,0.000000e+00,0.000000e+00,0.000000e+00,-9.613880e+06,9.717690e+06,-4.921339e+07,3.960613e-18,763,0
8.079545e-10,4.852515e-04,-5.270585e-04,2.500416e-03,6.009159e+05,-6.527246e+05,3.096255e+06,-3.262261e-01,3.799298e-01,-1.679381e+00,3.960613e-18,763,3555
8.074318e-09,4.851975e-03,-5.270284e-03,2.500022e-02,6.009575e+05,-6.527731e+05,3.096470e+06,-3.258523e-03,3.737220e-03,-1.685499e-02,3.960613e-18,763,35527
0.000000e+00,-7.513491e-08,-1.788004e-07,5.246654e-07,0.000000e+00,0.000000e+00,0.000000e+00,6.697793e+06,2.187358e+07,-4.219920e+07,3.318103e-18,764,0
8.922727e-10,-1.655763e-04,-1.046049e-03,2.500295e-03,-1.855327e+05,-1.172947e+06,2.803508e+06,4.938293e-02,6.269488e-01,-1.424138e+00,3.318103e-18,764,3926
8.917500e-09,-1.654564e-03,-1.045980e-02,2.500041e-02,-1.855397e+05,-1.173035e+06,2.803708e+06,7.326848e-04,5.950831e-03,-1.448511e-02,3.318103e-18,764,39237
0.000000e+00,1.697044e-08,-2.627081e-07,3.157913e-07,0.000000e+00,0.000000e+00,0.000000e+00,-3.192592e+06,5.167674e+07,-4.116084e+07,4.288768e-18,765,0
1.139773e-09,2.039443e-04,-3.179458e-03,2.500427e-03,1.789902e+05,-2.790318e+06,2.194250e+06,-4.047194e-02,5.630344e-01,-4.099380e-01,4.288768e-18,765,5015
1.139341e-08,2.039307e-03,-3.179122e-02,2.500010e-02,1.789975e+05,-2.790419e+06,2.194324e+06,-3.679919e-04,5.353460e-03,-4.187966e-03,4.288768e-18,765,50131
0.000000e+00,4.712639e-08,1.970525e-07,4.258054e-07,0.000000e+00,0.000000e+00,0.000000e+00,-8.005806e+06,-3.033737e+07,-4.194585e+07,3.879413e-18,766,0
9.825000e-10,4.890079e-04,1.828648e-03,2.500061e-03,4.979594e+05,1.862061e+06,2.545509e+06,-1.936568e-01,-6.940462e-01,-8.863422e-01,3.879413e-18,766,4323
9.821364e-09,4.890623e-03,1.828794e-02,2.500048e-02,4.979895e+05,1.862169e+06,2.545647e+06,-1.809769e-03,-6.718198e-03,-9.066564e-03,3.879413e-18,766,43214
0.000000e+00,1.961382e-07,1.812903e-07,4.951303e-07,0.000000e+00,0.000000e+00,0.000000e+00,-1.966302e+07,-2.244745e+07,-3.490171e+07,3.251286e-18,767,0
1.113182e-09,1.484577e-03,1.595832e-03,2.500239e-03,1.334261e+06,1.434273e+06,2.246856e+06,-4.695459e-01,-5.101442e-01,-7.369939e-01,3.251286e-18,767,4898
1.112659e-08,1.484576e-02,1.595854e-02,2.500000e-02,1.334344e+06,1.434362e+06,2.246986e+06,-4.410262e-03,-4.796715e-03,-7.669630e-03,3.251286e-18,767,48957
0.000000e+00,2.198251e-07,4.803853e-08,4.212187e-07,0.000000e+00,0.000000e+00,0.000000e+00,-3.638813e+07,-3.841046e+06,-4.144628e+07,3.813997e-18,768,0
1.027500e-09,2.206958e-03,2.424469e-04,2.500331e-03,2.148771e+06,2.360189e+05,2.434183e+06,-6.989641e-01,-6.521234e-02,-7.406076e-01,3.813997e-18,768,4521
1.027045e-08,2.206882e-02,2.424040e-03,2.500029e-02,2.148884e+06,2.360295e+05,2.434303e+06,-6.745693e-03,-6.963384e-04,-7.546917e-03,3.813997e-18,768,45190
0.000000e+00,1.190346e-07,-1.710687e-07,2.906910e-07,0.000000e+00,0.000000e+00,0.000000e+00,-3.264554e+07,4.997959e+07,-5.903700e+07,4.930575e-18,769,0
8.772727e-10,1.409670e-03,-2.137728e-03,2.500497e-03,1.607233e+06,-2.437316e+06,2.850784e+06,-3.714133e-01,5.473277e-01,-6.094129e-01,4.930575e-18,769,3860
8.769545e-09,1.409473e-02,-2.137419e-02,2.500021e-02,1.607285e+06,-2.437392e+06,2.850869e+06,-3.657823e-03,5.372296e-03,-6.187174e-03,4.930575e-18,769,38586
0.000000e+00,-7.066748e-08,-1.863715e-08,6.308346e-07,0.000000e+00,0.000000e+00,0.000000e+00,5.479427e+06,3.552407e+06,-4.165968e+07,2.978704e-18,770,0
8.868182e-10,-3.522403e-04,-1.861130e-04,2.500267e-03,-3.974375e+05,-2.100130e+05,2.820931e+06,2.420617e-01,1.353861e-01,-1.731560e+00,2.978704e-18,770,3902
8.862273e-09,-3.522209e-03,-1.861187e-03,2.500008e-02,-3.974714e+05,-2.100320e+05,2.821174e+06,2.440864e-03,1.313740e-03,-1.748766e-02,2.978704e-18,770,38994
0.000000e+00,2.027900e-07,1.782475e-07,4.754981e-07,0.000000e+00,0.000000e+00,0.000000e+00,-2.433907e+07,-2.021154e+07,-2.963742e+07,3.336152e-18,771,0
1.256136e-09,2.016323e-03,1.724791e-03,2.500060e-03,1.605936e+06,1.373738e+06,1.990985e+06,-4.741400e-01,-4.032455e-01,-5.424693e-01,3.336152e-18,771,5527
1.255659e-08,2.016501e-02,1.724940e-02,2.500011e-02,1.606030e+06,1.373818e+06,1.991093e+06,-4.615732e-03,-3.912910e-03,-5.730540e-03,3.336152e-18,771,55249
0.000000e+00,1.214653e-07,-8.583916e-08,1.664385e-07,0.000000e+00,0.000000e+00,0.000000e+00,-1.156760e+08,8.236157e+07,-1.358101e+08,7.583456e-18,772,0
4.497727e-10,2.132501e-03,-1.518549e-03,2.500273e-03,4.741348e+06,-3.376305e+06,5.558978e+06,-5.275728e-01,3.773895e-01,-6.025226e-01,7.583456e-18,772,1979
4.497273e-09,2.132323e-02,-1.518423e-02,2.500038e-02,4.741385e+06,-3.376332e+06,5.559020e+06,-5.261922e-03,3.763385e-03,-6.035487e-03,7.583456e-18,772,19788
0.000000e+00,-5.777141e-08,-1.577953e-07,3.309108e-07,0.000000e+00,0.000000e+00,0.000000e+00,1.531734e+07,4.106780e+07,-5.992461e+07,4.806830e-18,773,0
8.113636e-10,-6.502978e-04,-1.743743e-03,2.500123e-03,-8.017306e+05,-2.149823e+06,3.082158e+06,2.547808e-01,7.064028e-01,-9.603643e-01,4.806830e-18,773,3570
8.111364e-09,-6.503128e-03,-1.743800e-02,2.500062e-02,-8.017632e+05,-2.149914e+06,3.082281e+06,2.498826e-03,6.988276e-03,-9.645432e-03,4.806830e-18,773,35690
0.000000e+00,3.121224e-08,-1.170317e-07,1.581813e-07,0.000000e+00,0.000000e+00,0.000000e+00,-3.908197e+07,1.534952e+08,-1.874643e+08,8.455785e-18,774,0
3.295455e-10,5.215361e-04,-2.048444e-03,2.500235e-03,1.582575e+06,-6.215918e+06,7.586802e+06,-1.736896e-01,6.841893e-01,-8.184624e-01,8.455785e-18,774,1450
3.295227e-09,5.214973e-03,-2.048297e-02,2.500038e-02,1.582584e+06,-6.215954e+06,7.586845e+06,-1.732881e-03,6.836044e-03,-8.196547e-03,8.455785e-18,774,14499
0.000000e+00,-1.732086e-07,6.628965e-08,6.170677e-07,0.000000e+00,0.000000e+00,0.000000e+00,1.689324e+07,-5.360948e+06,-3.490034e+07,2.884516e-18,775,0
1.004545e-09,-1.154563e-03,3.655029e-04,2.500454e-03,-1.150085e+06,3.640623e+05,2.490455e+06,6.214466e-01,-1.857271e-01,-1.270578e+00,2.884516e-18,775,4420
1.003841e-08,-1.154501e-02,3.654612e-03,2.500039e-02,-1.150184e+06,3.640917e+05,2.490657e+06,5.969208e-03,-1.847977e-03,-1.303954e-02,2.884516e-18,775,44169
0.000000e+00,1.400547e-07,2.262476e-07,4.865325e-07,0.000000e+00,0.000000e+00,0.000000e+00,-1.284755e+07,-2.729893e+07,-3.356411e+07,3.291223e-18,776,0
1.133864e-09,9.673864e-04,1.977822e-03,2.500443e-03,8.535681e+05,1.745151e+06,2.206095e+06,-2.946258e-01,-5.968570e-01,-7.268622e-01,3.291223e-18,776,4989
1.133227e-08,9.672868e-03,1.977648e-02,2.500020e-02,8.536208e+05,1.745257e+06,2.206226e+06,-2.936362e-03,-5.827770e-03,-7.559082e-03,3.291223e-18,776,49862
0.000000e+00,-2.056963e-07,-2.226160e-08,2.560524e-07,0.000000e+00,0.000000e+00,0.000000e+00,6.928679e+07,9.422377e+06,-6.449003e+07,5.296883e-18,777,0
8.400000e-10,-2.723789e-03,-3.703201e-04,2.500616e-03,-3.243159e+06,-4.409421e+05,2.977301e+06,6.330345e-01,8.918920e-02,-5.422023e-01,5.296883e-18,777,3696
8.397045e-09,-2.723301e-02,-3.702613e-03,2.500066e-02,-3.243243e+06,-4.409539e+05,2.977373e+06,6.212776e-03,8.327682e-04,-5.512519e-03,5.296883e-18,777,36947
0.000000e+00,1.642872e-07,1.528500e-08,6.123745e-07,0.000000e+00,0.000000e+00,0.000000e+00,-1.412216e+07,-2.555826e+06,-3.522633e+07,2.939441e-18,778,0
9.790909e-10,9.949662e-04,1.542129e-04,2.500449e-03,1.016895e+06,1.575906e+05,2.555302e+06,-5.826485e-01,-6.778289e-02,-1.406299e+00,2.939441e-18,778,4308
9.783636e-09,9.948924e-03,1.541803e-03,2.500030e-02,1.016985e+06,1.576011e+05,2.555519e+06,-5.588119e-03,-6.910660e-04,-1.434275e-02,2.939441e-18,778,43048
0.000000e+00,-1.491294e-07,2.320341e-08,2.640019e-07,0.000000e+00,0.000000e+00,0.000000e+00,5.930790e+07,-1.099431e+07,-8.584706e+07,5.744503e-18,779,0
6.436364e-10,-1.744058e-03,3.234279e-04,2.500438e-03,-2.710151e+06,5.025930e+05,3.885396e+06,7.290920e-01,-1.358883e-01,-1.005814e+00,5.744503e-18,779,2832
6.434318e-09,-1.743804e-02,3.233850e-03,2.500002e-02,-2.710225e+06,5.026068e+05,3.885498e+06,7.219218e-03,-1.389832e-03,-1.008869e-02,5.744503e-18,779,28311
0.000000e+00,-2.332508e-07,2.052869e-08,3.122604e-07,0.000000e+00,0.000000e+00,0.000000e+00,5.362697e+07,-3.615489e+06,-4.896100e+07,4.533310e-18,780,0
1.003636e-09,-2.793082e-03,1.908207e-04,2.500387e-03,-2.783688e+06,1.901709e+05,2.491815e+06,6.245351e-01,-3.930588e-02,-5.163259e-01,4.533310e-18,780,4416
1.003295e-08,-2.792862e-02,1.907981e-03,2.500039e-02,-2.783787e+06,1.901771e+05,2.491897e+06,6.005045e-03,-4.111558e-04,-5.297358e-03,4.533310e-18,780,44145
0.000000e+00,-9.574540e-08,-7.494415e-08,5.616449e-07,0.000000e+00,0.000000e+00,0.000000e+00,9.389815e+06,9.514992e+06,-4.649843e+07,3.284609e-18,781,0
8.556818e-10,-5.053817e-04,-4.984581e-04,2.500093e-03,-5.909199e+05,-5.828546e+05,2.923157e+06,3.255037e-01,3.317628e-01,-1.619660e+00,3.284609e-18,781,3765
8.552500e-09,-5.053865e-03,-4.984870e-03,2.500050e-02,-5.909639e+05,-5.828995e+05,2.923376e+06,3.218490e-03,3.325606e-03,-1.634797e-02,3.284609e-18,781,37631
0.000000e+00,-1.904586e-07,-2.554412e-09,5.777652e-07,0.000000e+00,0.000000e+00,0.000000e+00,3.012567e+07,1.254668e+07,-4.805713e+07,3.074196e-18,782,0
9.284091e-10,-1.535613e-03,-5.912622e-04,2.500111e-03,-1.654742e+06,-6.371789e+05,2.693716e+06,6.958809e-01,2.556559e-01,-1.057307e+00,3.074196e-18,782,4085
9.280909e-09,-1.535755e-02,-5.913558e-03,2.500045e-02,-1.654844e+06,-6.372164e+05,2.693871e+06,6.721997e-03,2.443591e-03,-1.074819e-02,3.074196e-18,782,40836
0.000000e+00,-1.040385e-07,-4.834066e-08,3.527865e-07,0.000000e+00,0.000000e+00,0.000000e+00,2.888059e+07,8.114188e+06,-6.666780e+07,4.861128e-18,783,0
7.181818e-10,-1.102381e-03,-3.171121e-04,2.500392e-03,-1.535504e+06,-4.416859e+05,3.482587e+06,6.349705e-01,1.848041e-01,-1.402537e+00,4.861128e-18,783,3160
7.178636e-09,-1.102282e-02,-3.170716e-03,2.500034e-02,-1.535576e+06,-4.417069e+05,3.482746e+06,6.291833e-03,1.784150e-03,-1.408375e-02,4.861128e-18,783,31586
0.000000e+00,1.196165e-07,2.026417e-09,5.905889e-07,0.000000e+00,0.000000e+00,0.000000e+00,-1.434216e+07,1.122895e+07,-4.173504e+07,3.128683e-18,784,0
9.163636e-10,8.655010e-04,-5.512997e-04,2.500501e-03,9.450626e+05,-6.019881e+05,2.730027e+06,-5.167183e-01,2.879065e-01,-1.417832e+00,3.128683e-18,784,4032
9.157500e-09,8.654400e-03,-5.512650e-03,2.500043e-02,9.451374e+05,-6.020298e+05,2.730233e+06,-5.043762e-03,2.848997e-03,-1.444154e-02,3.128683e-18,784,40293
0.000000e+00,-1.725409e-07,-2.535342e-08,2.568147e-07,0.000000e+00,0.000000e+00,0.000000e+00,6.602698e+07,1.136572e+07,-7.943198e+07,5.616859e-18,785,0
6.956818e-10,-2.096743e-03,-3.626604e-04,2.500708e-03,-3.014416e+06,-5.213970e+05,3.595078e+06,7.072728e-01,1.286565e-01,-8.166182e-01,5.616859e-18,785,3061
6.954091e-09,-2.096259e-02,-3.625849e-03,2.500064e-02,-3.014494e+06,-5.214111e+05,3.595168e+06,7.028827e-03,1.243186e-03,-8.199558e-03,5.616859e-18,785,30598
0.000000e+00,-1.367622e-07,-2.270265e-07,2.949815e-07,0.000000e+00,0.000000e+00,0.000000e+00,2.781960e+07,5.043255e+07,-4.225143e+07,4.428719e-18,786,0
1.157273e-09,-1.678646e-03,-3.034143e-03,2.500448e-03,-1.450853e+06,-2.622428e+06,2.161007e+06,2.515682e-01,4.579266e-01,-3.439930e-01,4.428719e-18,786,5092
1.156864e-08,-1.678440e-02,-3.033791e-02,2.500002e-02,-1.450898e+06,-2.622511e+06,2.161070e+06,2.408423e-03,4.335181e-03,-3.556818e-03,4.428719e-18,786,50902
0.000000e+00,1.709564e-07,-1.303808e-07,5.955897e-07,0.000000e+00,0.000000e+00,0.000000e+00,-1.710886e+07,1.232958e+07,-3.413729e+07,2.924127e-18,787,0
1.052273e-09,1.330142e-03,-9.473528e-04,2.500312e-03,1.264809e+06,-9.008056e+05,2.377210e+06,-5.709487e-01,3.919224e-01,-1.033577e+00,2.924127e-18,787,4630
1.051659e-08,1.330144e-02,-9.473373e-03,2.500033e-02,1.264904e+06,-9.008707e+05,2.377382e+06,-5.306597e-03,3.700021e-03,-1.072774e-02,2.924127e-18,787,46273
0.000000e+00,-1.450380e-07,-8.923355e-08,6.354068e-07,0.000000e+00,0.000000e+00,0.000000e+00,1.086659e+07,1.039182e+07,-3.549371e+07,2.822083e-18,788,0
9.936364e-10,-7.743803e-04,-7.415356e-04,2.500295e-03,-7.798424e+05,-7.467771e+05,2.517684e+06,4.406739e-01,3.933884e-01,-1.350851e+00,2.822083e-18,788,4372
9.929773e-09,-7.743669e-03,-7.415294e-03,2.500023e-02,-7.799116e+05,-7.468389e+05,2.517896e+06,4.263325e-03,3.830984e-03,-1.385317e-02,2.822083e-18,788,43691
0.000000e+00,1.154578e-07,-8.217338e-08,4.436391e-07,0.000000e+00,0.000000e+00,0.000000e+00,-2.088850e+07,1.640461e+07,-5.062530e+07,3.964208e-18,789,0
8.475000e-10,9.743617e-04,-7.592639e-04,2.500055e-03,1.150236e+06,-8.963028e+05,2.951092e+06,-5.512721e-01,4.142625e-01,-1.327837e+00,3.964208e-18,789,3729
8.471591e-09,9.744335e-03,-7.593107e-03,2.500057e-02,1.150310e+06,-8.963582e+05,2.951270e+06,-5.454056e-03,4.063139e-03,-1.348715e-02,3.964208e-18,789,37275
0.000000e+00,7.138690e-08,8.622806e-08,6.529926e-07,0.000000e+00,0.000000e+00,0.000000e+00,-5.017958e+06,-8.993257e+06,-3.447814e+07,2.810000e-18,790,0
9.681818e-10,3.767708e-04,6.270508e-04,2.500397e-03,3.894201e+05,6.481471e+05,2.584104e+06,-2.347311e-01,-4.097675e-01,-1.520698e+00,2.810000e-18,790,4260
9.674545e-09,3.767462e-03,6.270506e-03,2.500022e-02,3.894560e+05,6.482098e+05,2.584336e+06,-2.236677e-03,-3.876152e-03,-1.579210e-02,2.810000e-18,790,42568
0.000000e+00,-2.511883e-07,-9.331793e-08,3.632131e-07,0.000000e+00,0.000000e+00,0.000000e+00,4.123463e+07,1.558196e+07,-3.669507e+07,3.958183e-18,791,0
1.185000e-09,-2.811212e-03,-1.061772e-03,2.500298e-03,-2.373116e+06,-8.963071e+05,2.110495e+06,5.424592e-01,2.041151e-01,-4.510998e-01,3.958183e-18,791,5214
1.184568e-08,-2.811114e-02,-1.061735e-02,2.500036e-02,-2.373217e+06,-8.963452e+05,2.110579e+06,5.209520e-03,2.026413e-03,-4.660839e-03,3.958183e-18,791,52121
0.000000e+00,-6.018011e-08,5.142342e-08,2.969196e-07,0.000000e+00,0.000000e+00,0.000000e+00,2.654919e+07,-1.636812e+07,-9.621477e+07,5.751470e-18,792,0
5.643182e-10,-6.943248e-04,4.274641e-04,2.500076e-03,-1.230648e+06,7.576175e+05,4.431064e+06,4.578978e-01,-2.650421e-01,-1.627474e+00,5.751470e-18,792,2483
5.642045e-09,-6.943390e-03,4.274539e-03,2.500042e-02,-1.230689e+06,7.576412e+05,4.431210e+06,4.550727e-03,-2.651694e-03,-1.630844e-02,5.751470e-18,792,24825
0.000000e+00,1.592651e-07,1.154115e-07,5.946738e-07,0.000000e+00,0.000000e+00,0.000000e+00,-1.435490e+07,-4.337742e+06,-2.937807e+07,2.967426e-18,793,0
1.048182e-09,1.152129e-03,4.077691e-04,2.500367e-03,1.099983e+06,3.892632e+05,2.386903e+06,-6.127002e-01,-2.110103e-01,-1.253250e+00,2.967426e-18,793,4612
1.047386e-08,1.152101e-02,4.077112e-03,2.500018e-02,1.100085e+06,3.892981e+05,2.387111e+06,-5.911278e-03,-2.054132e-03,-1.291349e-02,2.967426e-18,793,46085
0.000000e+00,1.360228e-07,-2.246702e-07,5.313218e-07,0.000000e+00,0.000000e+00,0.000000e+00,-1.251838e+07,1.502268e+07,-4.365201e+07,3.096508e-18,794,0
9.211364e-10,7.478137e-04,-9.642027e-04,2.500093e-03,8.122460e+05,-1.047258e+06,2.715390e+06,-4.011618e-01,5.336077e-01,-1.335460e+00,3.096508e-18,794,4053
9.206818e-09,7.478226e-03,-9.641984e-03,2.500028e-02,8.123044e+05,-1.047336e+06,2.715584e+06,-3.959701e-03,5.021970e-03,-1.359635e-02,3.096508e-18,794,40510
0.000000e+00,4.548333e-08,2.101078e-07,5.758757e-07,0.000000e+00,0.000000e+00,0.000000e+00,8.104755e+06,-2.018455e+07,-1.414254e+07,3.015190e-18,795,0
1.356136e-09,-6.597096e-04,2.500721e-03,2.500246e-03,-4.868237e+05,1.845189e+06,1.844595e+06,1.618213e-01,-6.031629e-01,-5.720782e-01,3.015190e-18,795,5967
1.355318e-08,-6.597870e-03,2.500788e-02,2.500009e-02,-4.868583e+05,1.845318e+06,1.844718e+06,1.574177e-03,-5.966597e-03,-5.964729e-03,3.015190e-18,795,59634
0.000000e+00,-1.168589e-07,-5.047680e-08,4.170335e-07,0.000000e+00,0.000000e+00,0.000000e+00,2.097579e+07,1.121489e+07,-5.184977e+07,4.207124e-18,796,0
8.347727e-10,-1.053493e-03,-5.776228e-04,2.500315e-03,-1.262617e+06,-6.923087e+05,2.996415e+06,5.874810e-01,3.287918e-01,-1.353058e+00,4.207124e-18,796,3673
8.343409e-09,-1.053451e-02,-5.776187e-03,2.500042e-02,-1.262695e+06,-6.923521e+05,2.996594e+06,5.817274e-03,3.230844e-03,-1.365512e-02,4.207124e-18,796,36711
0.000000e+00,5.539152e-09,6.441506e-08,4.191885e-07,0.000000e+00,0.000000e+00,0.000000e+00,-5.136041e+05,-1.239921e+07,-5.657834e+07,4.342074e-18,797,0
7.509091e-10,-2.609430e-06,5.549478e-04,2.500463e-03,-3.510261e+03,7.393940e+05,3.331332e+06,2.238801e-02,-3.891855e-01,-1.727471e+00,4.342074e-18,797,3304
7.504545e-09,-2.633130e-05,5.548804e-03,2.500021e-02,-3.512920e+03,7.394402e+05,3.331537e+06,2.411641e-04,-3.858368e-03,-1.737899e-02,4.342074e-18,797,33020
0.000000e+00,8.031570e-08,-1.879937e-09,1.987362e-07,0.000000e+00,0.000000e+00,0.000000e+00,-8.141084e+07,2.193620e+06,-1.916424e+08,7.962914e-18,798,0
3.195455e-10,1.063163e-03,-2.865529e-05,2.500386e-03,3.327131e+06,-8.967663e+04,7.824826e+06,-6.299697e-01,1.702216e-02,-1.462550e+00,7.962914e-18,798,1406
3.195000e-09,1.063025e-02,-2.865184e-04,2.500049e-02,3.327163e+06,-8.967749e+04,7.824900e+06,-6.292352e-03,1.694353e-04,-1.463691e-02,7.962914e-18,798,14058
0.000000e+00,7.104275e-08,-2.913951e-08,3.944454e-07,0.000000e+00,0.000000e+00,0.000000e+00,-1.333897e+07,5.565085e+06,-6.224582e+07,4.548725e-18,799,0
7.218182e-10,5.482328e-04,-2.201954e-04,2.500205e-03,7.598400e+05,-3.051852e+05,3.465086e+06,-3.854984e-01,1.573767e-01,-1.719313e+00,4.548725e-18,799,3176
7.215000e-09,5.482248e-03,-2.201915e-03,2.500069e-02,7.598840e+05,-3.052032e+05,3.465282e+06,-3.881371e-03,1.587569e-03,-1.729817e-02,4.548725e-18,799,31746
0.000000e+00,2.528980e-07,1.240672e-07,4.287221e-07,0.000000e+00,0.000000e+00,0.000000e+00,-3.285052e+07,-1.673670e+07,-3.394807e+07,3.519315e-18,800,0
1.205682e-09,2.460196e-03,1.239803e-03,2.500093e-03,2.041323e+06,1.028708e+06,2.074210e+06,-5.535991e-01,-2.741808e-01,-5.119455e-01,3.519315e-18,800,5305
1.205273e-08,2.460346e-02,1.239872e-02,2.500002e-02,2.041428e+06,1.028760e+06,2.074308e+06,-5.308373e-03,-2.651879e-03,-5.405694e-03,3.519315e-18,800,53032
0.000000e+00,4.143500e-08,1.322808e-07,5.260486e-07,0.000000e+00,0.000000e+00,0.000000e+00,-4.974098e+06,-1.551342e+07,-4.423433e+07,3.429232e-18,801,0
8.761364e-10,2.978009e-04,9.186244e-04,2.500217e-03,3.400641e+05,1.049102e+06,2.855042e+06,-1.522939e-01,-5.728070e-01,-1.471700e+00,3.429232e-18,801,3855
8.756591e-09,2.977798e-03,9.186538e-03,2.500057e-02,3.400852e+05,1.049181e+06,2.855245e+06,-1.554812e-03,-5.587355e-03,-1.491241e-02,3.429232e-18,801,38529
0.000000e+00,-2.026734e-07,-1.482459e-07,5.171477e-07,0.000000e+00,0.000000e+00,0.000000e+00,2.186968e+07,1.544673e+07,-3.377408e+07,3.178477e-18,802,0
1.100455e-09,-1.599523e-03,-1.149452e-03,2.500287e-03,-1.454272e+06,-1.045083e+06,2.272991e+06,5.663050e-01,4.157266e-01,-8.278515e-01,3.178477e-18,802,4842
1.099886e-08,-1.599530e-02,-1.149470e-02,2.500046e-02,-1.454370e+06,-1.045155e+06,2.273136e+06,5.510795e-03,3.955402e-03,-8.620840e-03,3.178477e-18,802,48395
0.000000e+00,4.162148e-08,6.996626e-08,4.841157e-07,0.000000e+00,0.000000e+00,0.000000e+00,-6.390712e+06,-9.438609e+06,-4.680439e+07,3.795810e-18,803,0
8.245455e-10,3.343059e-04,5.092419e-04,2.500278e-03,4.056680e+05,6.179347e+05,3.033865e+06,-2.201367e-01,-3.303034e-01,-1.696933e+00,3.795810e-18,803,3628
8.240455e-09,3.342879e-03,5.092054e-03,2.500050e-02,4.056967e+05,6.179778e+05,3.034086e+06,-2.276480e-03,-3.208452e-03,-1.721191e-02,3.795810e-18,803,36258
0.000000e+00,-3.513014e-08,-2.273158e-07,5.609127e-07,0.000000e+00,0.000000e+00,0.000000e+00,7.847131e+05,2.236169e+07,-3.548884e+07,3.040102e-18,804,0
1.033182e-09,-1.275123e-04,-1.569501e-03,2.500296e-03,-1.235115e+05,-1.519963e+06,2.421112e+06,7.688362e-02,7.024211e-01,-1.050125e+00,3.040102e-18,804,4546
1.032591e-08,-1.275367e-03,-1.569498e-02,2.500035e-02,-1.235240e+05,-1.520077e+06,2.421284e+06,6.066474e-04,6.702435e-03,-1.083149e-02,3.040102e-18,804,45434
0.000000e+00,-1.790584e-07,-1.928332e-07,3.452280e-07,0.000000e+00,0.000000e+00,0.000000e+00,3.149073e+07,3.289929e+07,-3.920095e+07,4.096662e-18,805,0
1.142045e-09,-2.037648e-03,-2.121663e-03,2.500206e-03,-1.784785e+06,-1.858361e+06,2.189773e+06,4.143742e-01,4.262998e-01,-4.679971e-01,4.096662e-18,805,5025
1.141682e-08,-2.037655e-02,-2.121655e-02,2.500035e-02,-1.784860e+06,-1.858438e+06,2.189858e+06,3.952740e-03,4.099874e-03,-4.828640e-03,4.096662e-18,805,50234
0.000000e+00,-1.328885e-07,9.883678e-08,1.532169e-07,0.000000e+00,0.000000e+00,0.000000e+00,1.238252e+08,-8.922965e+07,-1.212729e+08,7.479925e-18,806,0
5.036364e-10,-2.556827e-03,1.842289e-03,2.500380e-03,-5.076797e+06,3.658014e+06,4.964660e+06,4.599204e-01,-3.297761e-01,-4.363947e-01,7.479925e-18,806,2216
5.035682e-09,-2.556524e-02,1.842067e-02,2.500057e-02,-5.076834e+06,3.658040e+06,4.964695e+06,4.587460e-03,-3.291344e-03,-4.372882e-03,7.479925e-18,806,22157
0.000000e+00,1.865624e-07,1.013113e-07,2.021540e-07,0.000000e+00,0.000000e+00,0.000000e+00,-8.655125e+07,-4.454027e+07,-6.933378e+07,5.863438e-18,807,0
8.288636e-10,3.143148e-03,1.617757e-03,2.500176e-03,3.792456e+06,1.951945e+06,3.016570e+06,-4.565876e-01,-2.354327e-01,-3.435623e-01,5.863438e-18,807,3647
8.287727e-09,3.143093e-02,1.617724e-02,2.500064e-02,3.792516e+06,1.951976e+06,3.016615e+06,-4.493410e-03,-2.292430e-03,-3.463648e-03,5.863438e-18,807,36466
0.000000e+00,-4.450929e-08,1.671419e-07,2.939512e-07,0.000000e+00,0.000000e+00,0.000000e+00,1.630331e+07,-5.287909e+07,-6.932122e+07,5.202790e-18,808,0
7.572727e-10,-5.973860e-04,1.930980e-03,2.500368e-03,-7.890551e+05,2.550483e+06,3.302395e+06,2.208205e-01,-6.997727e-01,-8.657556e-01,5.202790e-18,808,3332
7.570227e-09,-5.973331e-03,1.930778e-02,2.500002e-02,-7.890815e+05,2.550567e+06,3.302499e+06,2.186546e-03,-6.889803e-03,-8.725750e-03,5.202790e-18,808,33309
0.000000e+00,-1.811706e-07,1.911686e-07,3.238119e-07,0.000000e+00,0.000000e+00,0.000000e+00,3.113746e+07,-3.146913e+07,-4.366025e+07,4.252572e-18,809,0
1.050000e-09,-1.841829e-03,1.881435e-03,2.500405e-03,-1.754685e+06,1.792432e+06,2.381973e+06,4.511748e-01,-4.747464e-01,-5.810971e-01,4.252572e-18,809,4620
1.049568e-08,-1.841661e-02,1.881279e-02,2.500052e-02,-1.754760e+06,1.792511e+06,2.382070e+06,4.317757e-03,-4.472156e-03,-5.929987e-03,4.252572e-18,809,46181
0.000000e+00,-5.387448e-08,1.038783e-07,3.196873e-07,0.000000e+00,0.000000e+00,0.000000e+00,2.031691e+07,-2.956232e+07,-7.772908e+07,5.244778e-18,810,0
6.620455e-10,-6.581761e-04,9.698887e-04,2.500162e-03,-9.944345e+05,1.465381e+06,3.777282e+06,3.675363e-01,-5.578745e-01,-1.372021e+00,5.244778e-18,810,2913
6.618636e-09,-6.581805e-03,9.698853e-03,2.500059e-02,-9.944730e+05,1.465440e+06,3.777426e+06,3.748878e-03,-5.503254e-03,-1.388396e-02,5.244778e-18,810,29122
0.000000e+00,8.131397e-08,1.147580e-07,2.399473e-07,0.000000e+00,0.000000e+00,0.000000e+00,-5.033774e+07,-5.545057e+07,-9.557529e+07,6.271272e-18,811,0
5.990909e-10,1.321951e-03,1.459979e-03,2.500276e-03,2.206887e+06,2.437272e+06,4.173827e+06,-4.955952e-01,-5.408702e-01,-8.976589e-01,6.271272e-18,811,2636
5.989773e-09,1.321879e-02,1.459876e-02,2.500043e-02,2.206934e+06,2.437323e+06,4.173912e+06,-4.899958e-03,-5.361000e-03,-9.021956e-03,6.271272e-18,811,26355
0.000000e+00,1.675152e-07,-9.480151e-08,4.975232e-07,0.000000e+00,0.000000e+00,0.000000e+00,-1.730975e+07,1.086677e+07,-3.798342e+07,3.469342e-18,812,0
9.738636e-10,1.222651e-03,-6.840567e-04,2.500440e-03,1.256218e+06,-7.027607e+05,2.568815e+06,-6.230367e-01,3.026951e-01,-1.182694e+00,3.469342e-18,812,4285
9.732273e-09,1.222582e-02,-6.839460e-03,2.500049e-02,1.256314e+06,-7.028072e+05,2.568997e+06,-5.839339e-03,2.968688e-03,-1.212759e-02,3.469342e-18,812,42822
0.000000e+00,2.451217e-07,9.285241e-08,4.096508e-07,0.000000e+00,0.000000e+00,0.000000e+00,-3.569648e+07,-1.223819e+07,-3.776659e+07,3.717216e-18,813,0
1.116364e-09,2.409529e-03,7.903049e-04,2.500386e-03,2.159230e+06,7.081666e+05,2.240438e+06,-6.267080e-01,-1.864562e-01,-5.995862e-01,3.717216e-18,813,4912
1.115864e-08,2.409403e-02,7.902180e-03,2.500036e-02,2.159341e+06,7.081995e+05,2.240544e+06,-5.940053e-03,-1.840652e-03,-6.216092e-03,3.717216e-18,813,49098
0.000000e+00,2.400906e-08,2.219940e-07,4.911833e-07,0.000000e+00,0.000000e+00,0.000000e+00,-2.927516e+05,-2.694090e+07,-3.614932e+07,3.411519e-18,814,0
1.049091e-09,5.129267e-06,1.838183e-03,2.500251e-03,4.860284e+03,1.753063e+06,2.384282e+06,5.148383e-03,-6.929704e-01,-9.210094e-01,3.411519e-18,814,4616
1.048545e-08,5.098602e-05,1.838162e-02,2.500039e-02,4.859442e+03,1.753178e+06,2.384435e+06,2.381351e-05,-6.724467e-03,-9.417063e-03,3.411519e-18,814,46136
0.000000e+00,-7.576444e-08,1.316450e-07,4.564696e-07,0.000000e+00,0.000000e+00,0.000000e+00,1.091197e+07,-1.806736e+07,-4.439690e+07,3.844474e-18,815,0
8.906818e-10,-6.215690e-04,1.056064e-03,2.500600e-03,-6.982317e+05,1.186329e+06,2.808802e+06,3.362659e-01,-5.831624e-01,-1.313763e+00,3.844474e-18,815,3919
8.900682e-09,-6.214718e-03,1.055910e-02,2.500033e-02,-6.982790e+05,1.186411e+06,2.808987e+06,3.377558e-03,-5.689656e-03,-1.331215e-02,3.844474e-18,815,39163
0.000000e+00,1.172985e-07,-1.703186e-07,5.437681e-07,0.000000e+00,0.000000e+00,0.000000e+00,-1.147651e+07,1.754859e+07,-3.455817e+07,3.188288e-18,816,0
1.039091e-09,8.404971e-04,-1.290165e-03,2.500340e-03,8.093471e+05,-1.242400e+06,2.407459e+06,-3.710256e-01,5.979973e-01,-1.068952e+00,3.188288e-18,816,4572
1.038455e-08,8.404684e-03,-1.290172e-02,2.500050e-02,8.094079e+05,-1.242498e+06,2.407635e+06,-3.435249e-03,5.559468e-03,-1.112974e-02,3.188288e-18,816,45692
0.000000e+00,1.549083e-07,1.956909e-07,4.128905e-07,0.000000e+00,0.000000e+00,0.000000e+00,-2.085169e+07,-2.986197e+07,-3.778201e+07,3.756432e-18,817,0
1.105227e-09,1.432549e-03,1.980762e-03,2.500512e-03,1.296689e+06,1.792902e+06,2.263166e+06,-3.928282e-01,-5.320885e-01,-6.354641e-01,3.756432e-18,817,4863
1.104659e-08,1.432397e-02,1.980542e-02,2.500038e-02,1.296758e+06,1.792995e+06,2.263277e+06,-3.795803e-03,-5.109956e-03,-6.623112e-03,3.756432e-18,817,48605
0.000000e+00,1.471252e-07,1.363183e-07,5.358726e-07,0.000000e+00,0.000000e+00,0.000000e+00,-1.141804e+07,-1.276217e+07,-3.477291e+07,3.243832e-18,818,0
9.938636e-10,8.396365e-04,9.059416e-04,2.500079e-03,8.453187e+05,9.120504e+05,2.516912e+06,-4.238436e-01,-4.242234e-01,-1.271313e+00,3.243832e-18,818,4373
9.932955e-09,8.396509e-03,9.059335e-03,2.500046e-02,8.453853e+05,9.121170e+05,2.517111e+06,-4.159749e-03,-4.278215e-03,-1.305511e-02,3.243832e-18,818,43705
0.000000e+00,1.765552e-07,-1.159365e-08,3.297684e-07,0.000000e+00,0.000000e+00,0.000000e+00,-4.521503e+07,4.457619e+06,-5.946197e+07,4.775301e-18,819,0
8.254545e-10,1.925184e-03,-1.910227e-04,2.500322e-03,2.332964e+06,-2.314959e+05,3.029744e+06,-7.278146e-01,7.722018e-02,-8.948532e-01,4.775301e-18,819,3632
8.251591e-09,1.925067e-02,-1.910204e-03,2.500033e-02,2.333059e+06,-2.315060e+05,3.029861e+06,-7.162041e-03,7.696589e-04,-9.030545e-03,4.775301e-18,819,36307
0.000000e+00,-1.696568e-08,-4.379716e-08,6.579029e-07,0.000000e+00,0.000000e+00,0.000000e+00,-2.216095e+06,7.811026e+06,-2.961639e+07,2.869008e-18,820,0
9.895455e-10,1.507414e-04,-5.987832e-04,2.500478e-03,1.524746e+05,-6.056403e+05,2.528628e+06,-8.635151e-02,3.978168e-01,-1.571187e+00,2.869008e-18,820,4354
9.886818e-09,1.507449e-03,-5.987787e-03,2.500017e-02,1.524881e+05,-6.057024e+05,2.528873e+06,-9.540342e-04,3.829612e-03,-1.630299e-02,2.869008e-18,820,43502
0.000000e+00,3.406046e-08,-1.723922e-07,5.185921e-07,0.000000e+00,0.000000e+00,0.000000e+00,-2.193078e+06,2.047513e+07,-3.894335e+07,3.404634e-18,821,0
9.565909e-10,2.312073e-04,-1.281083e-03,2.500281e-03,2.418395e+05,-1.339971e+06,2.615030e+06,-1.114208e-01,6.496599e-01,-1.252527e+00,3.404634e-18,821,4209
9.560227e-09,2.312026e-03,-1.281040e-02,2.500040e-02,2.418563e+05,-1.340069e+06,2.615220e+06,-1.131914e-03,6.212242e-03,-1.269475e-02,3.404634e-18,821,42065
0.000000e+00,-1.073561e-07,1.438907e-07,1.882301e-07,0.000000e+00,0.000000e+00,0.000000e+00,6.792287e+07,-8.904145e+07,-9.980823e+07,6.570496e-18,822,0
5.968182e-10,-1.708020e-03,2.238422e-03,2.500314e-03,-2.862022e+06,3.750776e+06,4.189547e+06,3.782390e-01,-4.936282e-01,-5.321778e-01,6.570496e-18,822,2626
5.967273e-09,-1.707854e-02,2.238200e-02,2.500031e-02,-2.862058e+06,3.750822e+06,4.189597e+06,3.762777e-03,-4.916191e-03,-5.340822e-03,6.570496e-18,822,26256
0.000000e+00,1.443341e-09,2.919675e-08,1.805944e-07,0.000000e+00,0.000000e+00,0.000000e+00,-7.468831e+04,-4.677438e+07,-2.802891e+08,9.224476e-18,823,0
2.213636e-10,6.731010e-07,4.173493e-04,2.500282e-03,3.034448e+03,1.885311e+06,1.129460e+07,-9.175365e-04,-3.009860e-01,-1.789960e+00,9.224476e-18,823,974
2.213636e-09,6.718603e-06,4.173420e-03,2.500232e-02,3.034481e+03,1.885321e+06,1.129467e+07,-1.109690e-05,-3.003380e-03,-1.790242e-02,9.224476e-18,823,9740
0.000000e+00,-1.273797e-07,-1.891271e-07,2.796678e-07,0.000000e+00,0.000000e+00,0.000000e+00,4.075314e+07,5.279384e+07,-6.281322e+07,4.869275e-18,824,0
8.525000e-10,-1.635543e-03,-2.127772e-03,2.500102e-03,-1.918880e+06,-2.496354e+06,2.933074e+06,3.989968e-01,5.151520e-01,-5.758249e-01,4.869275e-18,824,3751
8.523636e-09,-1.635588e-02,-2.127808e-02,2.500061e-02,-1.918934e+06,-2.496423e+06,2.933152e+06,3.925185e-03,5.065745e-03,-5.787440e-03,4.869275e-18,824,37504
0.000000e+00,-1.724448e-07,1.399717e-07,4.032163e-07,0.000000e+00,0.000000e+00,0.000000e+00,2.858584e+07,-2.319454e+07,-4.005427e+07,3.948849e-18,825,0
1.046591e-09,-1.804989e-03,1.445066e-03,2.500114e-03,-1.725351e+06,1.381286e+06,2.389578e+06,5.448665e-01,-4.228486e-01,-6.977596e-01,3.948849e-18,825,4605
1.046227e-08,-1.805104e-02,1.445136e-02,2.500052e-02,-1.725441e+06,1.381356e+06,2.389693e+06,5.126005e-03,-3.930171e-03,-7.191112e-03,3.948849e-18,825,46034
0.000000e+00,-1.158337e-07,2.489982e-07,4.332168e-07,0.000000e+00,0.000000e+00,0.000000e+00,1.223041e+07,-3.319564e+07,-3.494368e+07,3.534875e-18,826,0
1.165455e-09,-9.248090e-04,2.420956e-03,2.500205e-03,-7.938356e+05,2.078140e+06,2.145934e+06,2.297007e-01,-6.066301e-01,-5.704826e-01,3.534875e-18,826,5128
1.165000e-08,-9.248181e-03,2.421028e-02,2.500026e-02,-7.938779e+05,2.078252e+06,2.146039e+06,2.260093e-03,-5.774486e-03,-5.981239e-03,3.534875e-18,826,51260
0.000000e+00,6.773277e-08,-1.170058e-07,2.677797e-07,0.000000e+00,0.000000e+00,0.000000e+00,-2.823924e+07,5.149530e+07,-8.768287e+07,5.851865e-18,827,0
6.300000e-10,8.079546e-04,-1.474358e-03,2.500783e-03,1.282677e+06,-2.340649e+06,3.970054e+06,-3.436851e-01,6.331213e-01,-1.068506e+00,5.851865e-18,827,2772
6.297273e-09,8.077398e-03,-1.473975e-02,2.500066e-02,1.282712e+06,-2.340712e+06,3.970160e+06,-3.453201e-03,6.320632e-03,-1.072605e-02,5.851865e-18,827,27708
0.000000e+00,9.624603e-08,-6.571889e-08,3.569902e-07,0.000000e+00,0.000000e+00,0.000000e+00,-2.392841e+07,1.876729e+07,-6.675781e+07,4.815706e-18,828,0
7.154545e-10,9.079933e-04,-7.047772e-04,2.500124e-03,1.269545e+06,-9.854266e+05,3.495473e+06,-5.229848e-01,4.127929e-01,-1.401673e+00,4.815706e-18,828,3148
7.152273e-09,9.080136e-03,-7.048038e-03,2.500069e-02,1.269604e+06,-9.854733e+05,3.495631e+06,-5.217496e-03,4.042736e-03,-1.409286e-02,4.815706e-18,828,31470
0.000000e+00,2.542488e-07,1.891028e-09,4.769824e-07,0.000000e+00,0.000000e+00,0.000000e+00,-2.967458e+07,-5.929109e+05,-3.456086e+07,3.367810e-18,829,0
1.108182e-09,2.136087e-03,1.630772e-05,2.500419e-03,1.928496e+06,1.470313e+04,2.257209e+06,-6.880234e-01,6.952756e-03,-7.611192e-01,3.367810e-18,829,4876
1.107568e-08,2.135936e-02,1.628512e-04,2.500025e-02,1.928616e+06,1.470194e+04,2.257342e+06,-6.671767e-03,-5.958496e-05,-7.823873e-03,3.367810e-18,829,48733
0.000000e+00,-1.747667e-07,-4.743117e-08,5.100370e-07,0.000000e+00,0.000000e+00,0.000000e+00,1.940899e+07,7.101419e+06,-3.902274e+07,3.429936e-18,830,0
9.638636e-10,-1.296931e-03,-4.452183e-04,2.500521e-03,-1.346328e+06,-4.621723e+05,2.595482e+06,6.503233e-01,2.129720e-01,-1.176602e+00,3.429936e-18,830,4241
9.632273e-09,-1.296817e-02,-4.451750e-03,2.500051e-02,-1.346427e+06,-4.622047e+05,2.595661e+06,6.236691e-03,2.055538e-03,-1.213569e-02,3.429936e-18,830,42382
0.000000e+00,-4.176875e-08,-2.827338e-07,4.588299e-07,0.000000e+00,0.000000e+00,0.000000e+00,4.579836e+06,3.320982e+07,-3.207883e+07,3.344424e-18,831,0
1.173409e-09,-4.391811e-04,-2.564068e-03,2.500007e-03,-3.744233e+05,-2.186062e+06,2.131240e+06,9.216831e-02,6.332573e-01,-5.763075e-01,3.344424e-18,831,5163
1.173023e-08,-4.392049e-03,-2.564295e-02,2.500006e-02,-3.744404e+05,-2.186179e+06,2.131347e+06,9.405063e-04,6.072854e-03,-5.931066e-03,3.344424e-18,831,51613
0.000000e+00,-1.051685e-07,3.366535e-08,6.285211e-07,0.000000e+00,0.000000e+00,0.000000e+00,1.348594e+07,-1.149006e+05,-3.578240e+07,2.957018e-18,832,0
9.579545e-10,-8.738317e-04,2.828945e-05,2.500106e-03,-9.128332e+05,2.952486e+04,2.611320e+06,5.424998e-01,-1.596990e-02,-1.475978e+00,2.957018e-18,832,4215
9.573636e-09,-8.739097e-03,2.826835e-04,2.500000e-02,-9.129153e+05,2.952728e+04,2.611544e+06,5.145540e-03,-8.836363e-05,-1.505969e-02,2.957018e-18,832,42124
0.000000e+00,2.683613e-07,9.897791e-08,3.427948e-07,0.000000e+00,0.000000e+00,0.000000e+00,-4.489281e+07,-1.619653e+07,-3.447440e+07,3.974779e-18,833,0
1.287273e-09,3.289417e-03,1.162037e-03,2.500197e-03,2.556105e+06,9.029638e+05,1.942665e+06,-4.844450e-01,-1.625712e-01,-3.342620e-01,3.974779e-18,833,5664
1.286909e-08,3.289470e-02,1.162032e-02,2.500044e-02,2.556203e+06,9.029968e+05,1.942733e+06,-4.621081e-03,-1.631892e-03,-3.511486e-03,3.974779e-18,833,56624
0.000000e+00,1.151745e-07,-6.150384e-08,3.496183e-07,0.000000e+00,0.000000e+00,0.000000e+00,-3.454026e+07,1.753549e+07,-6.480400e+07,4.830441e-18,834,0
7.556818e-10,1.366056e-03,-6.787110e-04,2.500077e-03,1.808320e+06,-8.984285e+05,3.309209e+06,-6.680818e-01,3.250411e-01,-1.137945e+00,4.830441e-18,834,3325
7.554773e-09,1.366144e-02,-6.787427e-03,2.500045e-02,1.808400e+06,-8.984673e+05,3.309344e+06,-6.521857e-03,3.177158e-03,-1.148494e-02,4.830441e-18,834,33241
0.000000e+00,-3.255231e-08,-7.733387e-08,3.741865e-07,0.000000e+00,0.000000e+00,0.000000e+00,1.036555e+07,1.713969e+07,-6.675265e+07,4.736292e-18,835,0
6.988636e-10,-3.925479e-04,-6.504549e-04,2.500794e-03,-5.619295e+05,-9.310875e+05,3.579566e+06,2.698663e-01,4.429927e-01,-1.640013e+00,4.736292e-18,835,3075
6.984091e-09,-3.924557e-03,-6.502806e-03,2.500012e-02,-5.619593e+05,-9.311364e+05,3.579747e+06,2.668563e-03,4.378940e-03,-1.646711e-02,4.736292e-18,835,30730
0.000000e+00,-7.607753e-08,-1.462941e-07,5.941792e-07,0.000000e+00,0.000000e+00,0.000000e+00,9.289174e+06,1.493158e+07,-3.654330e+07,3.022627e-18,836,0
9.834091e-10,-6.175919e-04,-1.020661e-03,2.500131e-03,-6.283247e+05,-1.038564e+06,2.543671e+06,2.281754e-01,5.736837e-01,-1.325094e+00,3.022627e-18,836,4327
9.828409e-09,-6.175383e-03,-1.020741e-02,2.500041e-02,-6.283601e+05,-1.038653e+06,2.543877e+06,2.192320e-03,5.560506e-03,-1.350775e-02,3.022627e-18,836,43245
0.000000e+00,-1.073998e-07,-1.510539e-07,3.411085e-07,0.000000e+00,0.000000e+00,0.000000e+00,2.445535e+07,3.328472e+07,-5.428073e+07,4.604671e-18,837,0
8.656818e-10,-1.158158e-03,-1.555869e-03,2.500333e-03,-1.338324e+06,-1.797873e+06,2.889079e+06,4.491408e-01,5.856328e-01,-9.000922e-01,4.604671e-18,837,3809
8.653409e-09,-1.158106e-02,-1.555773e-02,2.500048e-02,-1.338386e+06,-1.797953e+06,2.889202e+06,4.328633e-03,5.729191e-03,-9.097428e-03,4.604671e-18,837,38075
0.000000e+00,9.985783e-08,-1.361511e-08,5.975712e-07,0.000000e+00,0.000000e+00,0.000000e+00,-2.109064e+07,1.709903e+07,-2.770210e+07,3.123177e-18,838,0
1.141364e-09,1.584809e-03,-1.135426e-03,2.500012e-03,1.389363e+06,-9.954474e+05,2.191312e+06,-5.280724e-01,4.052745e-01,-7.849060e-01,3.123177e-18,838,5022
1.140864e-08,1.585059e-02,-1.135658e-02,2.500001e-02,1.389458e+06,-9.955204e+05,2.191454e+06,-5.477280e-03,3.974057e-03,-8.715406e-03,3.123177e-18,838,50198
0.000000e+00,1.802455e-07,8.556642e-08,4.023471e-07,0.000000e+00,0.000000e+00,0.000000e+00,-3.251301e+07,-1.402525e+07,-4.527940e+07,4.062607e-18,839,0
9.634091e-10,1.865881e-03,8.821881e-04,2.500098e-03,1.937527e+06,9.160041e+05,2.595887e+06,-6.494740e-01,-2.515732e-01,-8.396050e-01,4.062607e-18,839,4239
9.630682e-09,1.865967e-02,8.821720e-03,2.500028e-02,1.937626e+06,9.160424e+05,2.596015e+06,-6.272701e-03,-2.470189e-03,-8.530000e-03,4.062607e-18,839,42375
0.000000e+00,4.162755e-08,-3.374810e-08,1.346391e-07,0.000000e+00,0.000000e+00,0.000000e+00,-1.389470e+08,1.122206e+08,-4.261659e+08,1.146319e-17,840,0
1.468182e-10,8.162515e-04,-6.592390e-04,2.503420e-03,5.559410e+06,-4.490012e+06,1.705050e+07,-4.758662e-01,3.834255e-01,-1.446082e+00,1.146319e-17,840,646
1.466364e-09,8.152158e-03,-6.584024e-03,2.500237e-02,5.559421e+06,-4.490021e+06,1.705054e+07,-4.770713e-03,3.843968e-03,-1.449748e-02,1.146319e-17,840,6452
0.000000e+00,1.156630e-07,-2.278664e-07,4.373490e-07,0.000000e+00,0.000000e+00,0.000000e+00,-1.149759e+07,2.895047e+07,-3.524130e+07,3.585200e-18,841,0
1.107045e-09,8.461928e-04,-2.089873e-03,2.500384e-03,7.646998e+05,-1.888689e+06,2.259452e+06,-2.497656e-01,6.450763e-01,-7.113567e-01,3.585200e-18,841,4871
1.106477e-08,8.461225e-03,-2.089786e-02,2.500041e-02,7.647435e+05,-1.888802e+06,2.259576e+06,-2.398088e-03,6.152776e-03,-7.303166e-03,3.585200e-18,841,48685
0.000000e+00,5.329095e-08,4.842520e-08,4.290647e-07,0.000000e+00,0.000000e+00,0.000000e+00,-9.931624e+06,-7.525372e+06,-5.572241e+07,4.238857e-18,842,0
7.590909e-10,4.862341e-04,3.303259e-04,2.500578e-03,6.408815e+05,4.353517e+05,3.295594e+06,-3.448626e-01,-2.216728e-01,-1.719596e+00,4.238857e-18,842,3340
7.585909e-09,4.861649e-03,3.302543e-03,2.500017e-02,6.409229e+05,4.353783e+05,3.295801e+06,-3.392081e-03,-2.163091e-03,-1.733669e-02,4.238857e-18,842,33378
0.000000e+00,-6.891953e-08,-1.363627e-07,2.019396e-07,0.000000e+00,0.000000e+00,0.000000e+00,4.710991e+07,9.541269e+07,-1.180420e+08,6.763772e-18,843,0
5.077273e-10,-1.000858e-03,-2.026505e-03,2.500064e-03,-1.971339e+06,-3.991508e+06,4.924166e+06,3.094552e-01,6.252144e-01,-7.455712e-01,6.763772e-18,843,2234
5.077045e-09,-1.000863e-02,-2.026517e-02,2.500037e-02,-1.971364e+06,-3.991558e+06,4.924225e+06,3.079214e-03,6.226851e-03,-7.490746e-03,6.763772e-18,843,22339
0.000000e+00,4.552358e-08,3.087524e-08,3.474345e-07,0.000000e+00,0.000000e+00,0.000000e+00,-1.159681e+07,-7.209925e+06,-7.840376e+07,5.119704e-18,844,0
6.304545e-10,3.796621e-04,2.346673e-04,2.500273e-03,6.023938e+05,3.723313e+05,3.966965e+06,-2.746042e-01,-1.686393e-01,-1.799524e+00,5.119704e-18,844,2774
6.302045e-09,3.796322e-03,2.346457e-03,2.500012e-02,6.024212e+05,3.723481e+05,3.967144e+06,-2.743914e-03,-1.681598e-03,-1.805822e-02,5.119704e-18,844,27729
0.000000e+00,8.051179e-08,-3.641503e-08,2.536120e-07,0.000000e+00,0.000000e+00,0.000000e+00,-4.461738e+07,-2.010518e+06,-1.182404e+08,6.507042e-18,845,0
4.868182e-10,9.479230e-04,3.645478e-05,2.500763e-03,1.947429e+06,7.496483e+04,5.137493e+06,-5.952000e-01,-1.853488e-02,-1.532796e+00,6.507042e-18,845,2142
4.866364e-09,9.476943e-03,3.647718e-04,2.500107e-02,1.947475e+06,7.496626e+04,5.137611e+06,-5.943939e-03,-1.782240e-04,-1.536845e-02,6.507042e-18,845,21412
0.000000e+00,-1.124257e-07,-1.596640e-07,5.319738e-07,0.000000e+00,0.000000e+00,0.000000e+00,1.407340e+07,1.805248e+07,-3.733087e+07,3.269658e-18,846,0
9.979545e-10,-9.268245e-04,-1.183230e-03,2.500144e-03,-9.292679e+05,-1.186335e+06,2.506416e+06,4.457339e-01,5.664243e-01,-1.096460e+00,3.269658e-18,846,4391
9.974545e-09,-9.269004e-03,-1.183314e-02,2.500050e-02,-9.293381e+05,-1.186424e+06,2.506589e+06,4.304392e-03,5.431881e-03,-1.125973e-02,3.269658e-18,846,43888
0.000000e+00,-1.560161e-07,-4.286563e-09,3.203283e-07,0.000000e+00,0.000000e+00,0.000000e+00,4.187077e+07,2.365221e+06,-6.594296e+07,4.997049e-18,847,0
7.552273e-10,-1.616955e-03,-8.973517e-05,2.500480e-03,-2.141645e+06,-1.188617e+05,3.311707e+06,7.334855e-01,4.459713e-02,-1.088264e+00,4.997049e-18,847,3323
7.549091e-09,-1.616749e-02,-8.972954e-04,2.500050e-02,-2.141733e+06,-1.188670e+05,3.311837e+06,7.246275e-03,4.240218e-04,-1.096489e-02,4.997049e-18,847,33216
0.000000e+00,-1.198985e-07,1.874422e-07,5.841879e-07,0.000000e+00,0.000000e+00,0.000000e+00,1.042433e+07,-1.749707e+07,-3.458314e+07,2.949849e-18,848,0
1.027045e-09,-7.429135e-04,1.255074e-03,2.500056e-03,-7.237761e+05,1.222761e+06,2.435398e+06,3.518532e-01,-5.980604e-01,-1.115943e+00,2.949849e-18,848,4519
1.026523e-08,-7.429725e-03,1.255190e-02,2.500009e-02,-7.238332e+05,1.222858e+06,2.435579e+06,3.391184e-03,-5.689924e-03,-1.150665e-02,2.949849e-18,848,45167
0.000000e+00,-5.087873e-08,2.512354e-07,4.688857e-07,0.000000e+00,0.000000e+00,0.000000e+00,4.620762e+06,-3.034250e+07,-3.444081e+07,3.414513e-18,849,0
1.115455e-09,-3.488063e-04,2.175108e-03,2.500432e-03,-3.128504e+05,1.950894e+06,2.242489e+06,1.112851e-01,-6.707229e-01,-7.372201e-01,3.414513e-18,849,4908
1.114841e-08,-3.487783e-03,2.174932e-02,2.500030e-02,-3.128700e+05,1.951012e+06,2.242619e+06,1.035456e-03,-6.503538e-03,-7.595322e-03,3.414513e-18,849,49053
0.000000e+00,1.207553e-07,1.693024e-07,3.633641e-07,0.000000e+00,0.000000e+00,0.000000e+00,-2.206065e+07,-3.454750e+07,-4.847633e+07,4.304954e-18,850,0
9.331818e-10,1.158915e-03,1.793474e-03,2.500120e-03,1.242323e+06,1.922570e+06,2.679900e+06,-3.873884e-01,-6.019722e-01,-7.998750e-01,4.304954e-18,850,4106
9.328864e-09,1.158946e-02,1.793537e-02,2.500052e-02,1.242380e+06,1.922659e+06,2.680018e+06,-3.766153e-03,-5.842933e-03,-8.160502e-03,4.304954e-18,850,41047
0.000000e+00,-2.778392e-07,3.014753e-08,4.697861e-07,0.000000e+00,0.000000e+00,0.000000e+00,3.196970e+07,-2.980096e+06,-3.167592e+07,3.315725e-18,851,0
1.194773e-09,-2.474609e-03,2.182207e-04,2.500322e-03,-2.072151e+06,1.827110e+05,2.093484e+06,6.469596e-01,-4.818802e-02,-6.169007e-01,3.315725e-18,851,5257
1.194182e-08,-2.474520e-02,2.181905e-03,2.500013e-02,-2.072273e+06,1.827201e+05,2.093601e+06,6.262388e-03,-4.826588e-04,-6.358286e-03,3.315725e-18,851,52544
0.000000e+00,1.904457e-07,2.199337e-07,3.946235e-07,0.000000e+00,0.000000e+00,0.000000e+00,-2.630613e+07,-3.006325e+07,-3.298114e+07,3.654925e-18,852,0
1.262727e-09,2.027121e-03,2.314181e-03,2.500413e-03,1.605947e+06,1.833360e+06,1.980703e+06,-3.796674e-01,-4.323513e-01,-4.209090e-01,3.654925e-18,852,5556
1.262182e-08,2.026993e-02,2.314029e-02,2.500018e-02,1.606023e+06,1.833446e+06,1.980787e+06,-3.612153e-03,-4.129037e-03,-4.457335e-03,3.654925e-18,852,55536
0.000000e+00,7.469525e-09,-6.692322e-08,1.551715e-07,0.000000e+00,0.000000e+00,0.000000e+00,-1.628657e+07,1.435570e+08,-3.087854e+08,9.905061e-18,853,0
2.018182e-10,1.319607e-04,-1.163100e-03,2.501435e-03,6.538415e+05,-5.762945e+06,1.239408e+07,-7.478474e-02,6.455645e-01,-1.374674e+00,9.905061e-18,853,888
2.017273e-09,1.318984e-03,-1.162550e-02,2.500240e-02,6.538439e+05,-5.762966e+06,1.239413e+07,-7.538764e-04,6.460371e-03,-1.376476e-02,9.905061e-18,853,8876
0.000000e+00,-1.785267e-07,1.486445e-08,3.693313e-07,0.000000e+00,0.000000e+00,0.000000e+00,3.452813e+07,-4.710814e+06,-5.316226e+07,4.405004e-18,854,0
8.570455e-10,-1.669776e-03,2.235226e-04,2.500541e-03,-1.949037e+06,2.609157e+05,2.918545e+06,7.303196e-01,-9.894127e-02,-1.029841e+00,4.405004e-18,854,3771
8.565909e-09,-1.669526e-02,2.234971e-03,2.500009e-02,-1.949136e+06,2.609291e+05,2.918684e+06,7.235111e-03,-9.424619e-04,-1.043710e-02,4.405004e-18,854,37690
0.000000e+00,4.056324e-08,8.400773e-08,3.015958e-07,0.000000e+00,0.000000e+00,0.000000e+00,-1.438602e+07,-3.236938e+07,-9.511896e+07,5.626912e-18,855,0
5.729545e-10,3.808572e-04,8.569406e-04,2.500957e-03,6.648519e+05,1.495953e+06,4.365771e+06,-2.365085e-01,-5.375185e-01,-1.543030e+00,5.626912e-18,855,2521
5.726364e-09,3.807202e-03,8.566407e-03,2.500015e-02,6.648733e+05,1.496002e+06,4.365910e+06,-2.381045e-03,-5.372372e-03,-1.548558e-02,5.626912e-18,855,25196
0.000000e+00,-7.341335e-09,7.027145e-08,2.528587e-07,0.000000e+00,0.000000e+00,0.000000e+00,1.146738e+07,-4.335451e+07,-1.341833e+08,6.635066e-18,856,0
4.381818e-10,-2.140531e-04,8.104106e-04,2.500709e-03,-4.885716e+05,1.849648e+06,5.707416e+06,1.400641e-01,-5.261115e-01,-1.605259e+00,6.635066e-18,856,1928
4.380455e-09,-2.140167e-03,8.102348e-03,2.500126e-02,-4.885813e+05,1.849685e+06,5.707528e+06,1.405695e-03,-5.274284e-03,-1.607822e-02,6.635066e-18,856,19274
0.000000e+00,9.740542e-08,-7.389785e-09,2.090698e-07,0.000000e+00,0.000000e+00,0.000000e+00,-8.764887e+07,5.349404e+06,-1.605903e+08,7.433330e-18,857,0
3.779545e-10,1.367143e-03,-8.362613e-05,2.500508e-03,3.617325e+06,-2.212633e+05,6.615990e+06,-7.034798e-01,4.401321e-02,-1.251673e+00,7.433330e-18,857,1663
3.778864e-09,1.366945e-02,-8.361299e-04,2.500110e-02,3.617367e+06,-2.212659e+05,6.616065e+06,-6.998776e-03,4.335572e-04,-1.259534e-02,7.433330e-18,857,16627
0.000000e+00,6.333193e-08,-1.592104e-07,4.516809e-07,0.000000e+00,0.000000e+00,0.000000e+00,-1.166733e+07,2.364345e+07,-4.253223e+07,3.809843e-18,858,0
9.388636e-10,6.878738e-04,-1.438197e-03,2.500248e-03,7.330420e+05,-1.532653e+06,2.664164e+06,-3.092590e-01,6.750480e-01,-1.093278e+00,3.809843e-18,858,4131
9.383864e-09,6.878734e-03,-1.438215e-02,2.500024e-02,7.330879e+05,-1.532753e+06,2.664326e+06,-3.065436e-03,6.485595e-03,-1.106906e-02,3.809843e-18,858,41289
0.000000e+00,1.432268e-07,1.183874e-07,3.790363e-07,0.000000e+00,0.000000e+00,0.000000e+00,-2.534572e+07,-2.380354e+07,-4.754384e+07,4.302587e-18,859,0
9.143182e-10,1.341799e-03,1.255336e-03,2.500134e-03,1.468126e+06,1.373530e+06,2.735357e+06,-5.302082e-01,-4.882454e-01,-9.547236e-01,4.302587e-18,859,4023
9.139545e-09,1.341799e-02,1.255341e-02,2.500001e-02,1.468203e+06,1.373600e+06,2.735495e+06,-5.093750e-03,-4.783650e-03,-9.688927e-03,4.302587e-18,859,40214
0.000000e+00,2.572955e-07,-8.998321e-08,3.422140e-07,0.000000e+00,0.000000e+00,0.000000e+00,-4.366783e+07,1.679552e+07,-3.684639e+07,4.061546e-18,860,0
1.205682e-09,2.991285e-03,-1.139960e-03,2.500426e-03,2.481756e+06,-9.457882e+05,2.074357e+06,-5.205788e-01,1.993305e-01,-4.042796e-01,4.061546e-18,860,5305
1.205205e-08,2.991020e-02,-1.139866e-02,2.500035e-02,2.481855e+06,-9.458262e+05,2.074435e+06,-4.961907e-03,1.897002e-03,-4.144268e-03,4.061546e-18,860,53029
0.000000e+00,2.307726e-07,-1.047108e-07,4.702246e-07,0.000000e+00,0.000000e+00,0.000000e+00,-3.040060e+07,1.274366e+07,-3.396182e+07,3.418791e-18,861,0
1.144318e-09,2.193370e-03,-9.419281e-04,2.500407e-03,1.917620e+06,-8.235157e+05,2.185834e+06,-6.135920e-01,2.687470e-01,-6.578449e-01,3.418791e-18,861,5035
1.143727e-08,2.193229e-02,-9.418752e-03,2.500011e-02,1.917731e+06,-8.235643e+05,2.185953e+06,-5.800902e-03,2.633027e-03,-6.734831e-03,3.418791e-18,861,50324
0.000000e+00,1.318596e-08,2.322002e-07,3.802350e-07,0.000000e+00,0.000000e+00,0.000000e+00,-3.107143e+06,-4.006624e+07,-4.668493e+07,4.052898e-18,862,0
9.859091e-10,1.575676e-04,2.238820e-03,2.500212e-03,1.598614e+05,2.271632e+06,2.536663e+06,-3.612557e-02,-6.998217e-01,-7.355714e-01,4.052898e-18,862,4338
9.855455e-09,1.575507e-03,2.238797e-02,2.500010e-02,1.598670e+05,2.271741e+06,2.536778e+06,-3.737393e-04,-6.793553e-03,-7.574852e-03,4.052898e-18,862,43364
0.000000e+00,1.343082e-07,-3.868161e-08,2.016682e-07,0.000000e+00,0.000000e+00,0.000000e+00,-1.002330e+08,2.718486e+07,-1.209904e+08,6.985268e-18,863,0
4.952273e-10,2.076900e-03,-5.638667e-04,2.500576e-03,4.194041e+06,-1.138657e+06,5.049503e+06,-6.861689e-01,1.890994e-01,-8.010077e-01,6.985268e-18,863,2179
4.951136e-09,2.076537e-02,-5.637672e-03,2.500093e-02,4.194095e+06,-1.138671e+06,5.049565e+06,-6.838255e-03,1.886183e-03,-8.040992e-03,6.985268e-18,863,21785
0.000000e+00,3.862198e-09,-1.291697e-07,5.976881e-07,0.000000e+00,0.000000e+00,0.000000e+00,2.345845e+06,1.130500e+07,-3.595142e+07,3.074576e-18,864,0
9.513636e-10,-1.360529e-04,-8.465048e-04,2.500469e-03,-1.431371e+05,-8.904054e+05,2.629832e+06,9.245775e-02,5.300699e-01,-1.493094e+00,3.074576e-18,864,4186
9.506364e-09,-1.360689e-03,-8.464487e-03,2.500027e-02,-1.431510e+05,-8.904850e+05,2.630056e+06,8.294319e-04,5.033648e-03,-1.517535e-02,3.074576e-18,864,41828
0.000000e+00,1.881282e-07,6.494026e-08,4.473959e-07,0.000000e+00,0.000000e+00,0.000000e+00,-2.546846e+07,-7.516909e+06,-4.628849e+07,3.754395e-18,865,0
9.054545e-10,1.431679e-03,3.901766e-04,2.500497e-03,1.581911e+06,4.310743e+05,2.762679e+06,-6.888420e-01,-1.655693e-01,-1.148123e+00,3.754395e-18,865,3984
9.049318e-09,1.431521e-02,3.900947e-03,2.500048e-02,1.582009e+06,4.310980e+05,2.762843e+06,-6.646596e-03,-1.679189e-03,-1.165311e-02,3.754395e-18,865,39817
0.000000e+00,7.312695e-09,2.373665e-07,2.436275e-07,0.000000e+00,0.000000e+00,0.000000e+00,-2.919536e+06,-7.543729e+07,-5.464122e+07,5.115731e-18,866,0
9.879545e-10,1.313111e-04,3.491928e-03,2.500394e-03,1.329310e+05,3.535040e+06,2.531155e+06,-1.781317e-02,-5.181071e-01,-3.467805e-01,5.115731e-18,866,4347
9.877045e-09,1.312968e-03,3.491581e-02,2.500046e-02,1.329338e+05,3.535121e+06,2.531209e+06,-1.934678e-04,-5.024813e-03,-3.525263e-03,5.115731e-18,866,43459
0.000000e+00,-1.679838e-07,1.849328e-07,4.295951e-07,0.000000e+00,0.000000e+00,0.000000e+00,2.837274e+07,-2.571229e+07,-3.564256e+07,3.673748e-18,867,0
1.159545e-09,-1.952089e-03,1.820112e-03,2.500097e-03,-1.684165e+06,1.570292e+06,2.156712e+06,4.591438e-01,-4.313423e-01,-5.342628e-01,3.673748e-18,867,5102
1.159182e-08,-1.952248e-02,1.820250e-02,2.500035e-02,-1.684249e+06,1.570371e+06,2.156810e+06,4.446807e-03,-4.165038e-03,-5.680825e-03,3.673748e-18,867,51004
0.000000e+00,1.350738e-07,7.897815e-08,2.829737e-07,0.000000e+00,0.000000e+00,0.000000e+00,-5.004885e+07,-3.013051e+07,-7.857570e+07,5.466955e-18,868,0
6.900000e-10,1.609617e-03,9.645185e-04,2.500186e-03,2.333229e+06,1.398121e+06,3.624009e+06,-6.348888e-01,-3.768311e-01,-9.475597e-01,5.466955e-18,868,3036
6.898409e-09,1.609561e-02,9.644836e-03,2.500004e-02,2.333298e+06,1.398162e+06,3.624112e+06,-6.288961e-03,-3.711358e-03,-9.546513e-03,5.466955e-18,868,30353
0.000000e+00,-9.865449e-08,4.394180e-08,5.162247e-07,0.000000e+00,0.000000e+00,0.000000e+00,1.244710e+07,-5.559658e+06,-4.046675e+07,3.558404e-18,869,0
8.834091e-10,-7.746395e-04,3.366592e-04,2.500109e-03,-8.774155e+05,3.813343e+05,2.831584e+06,4.830712e-01,-2.179554e-01,-1.540403e+00,3.558404e-18,869,3887
8.829091e-09,-7.746747e-03,3.366820e-03,2.500039e-02,-8.774829e+05,3.813648e+05,2.831799e+06,4.733673e-03,-2.159558e-03,-1.554865e-02,3.558404e-18,869,38848
0.000000e+00,-1.045497e-08,-4.609012e-08,6.394261e-07,0.000000e+00,0.000000e+00,0.000000e+00,-7.087648e+05,5.113425e+06,-3.231043e+07,2.950432e-18,870,0
9.395455e-10,-1.712125e-05,-2.095523e-04,2.500373e-03,-1.824773e+04,-2.231725e+05,2.663074e+06,1.936369e-02,1.436141e-01,-1.741161e+00,2.950432e-18,870,4134
9.387727e-09,-1.713015e-04,-2.095103e-03,2.500031e-02,-1.825060e+04,-2.231938e+05,2.663333e+06,9.315610e-05,1.353995e-03,-1.769024e-02,2.950432e-18,870,41306
0.000000e+00,-1.013846e-07,-2.375009e-07,3.602031e-07,0.000000e+00,0.000000e+00,0.000000e+00,1.566594e+07,4.007012e+07,-3.872570e+07,4.027464e-18,871,0
1.133864e-09,-1.057576e-03,-2.632470e-03,2.500258e-03,-9.330385e+05,-2.322482e+06,2.205659e+06,2.303755e-01,5.746696e-01,-5.035314e-01,4.027464e-18,871,4989
1.133455e-08,-1.057555e-02,-2.632424e-02,2.500025e-02,-9.330798e+05,-2.322585e+06,2.205749e+06,2.261098e-03,5.469768e-03,-5.187097e-03,4.027464e-18,871,49872
0.000000e+00,-4.879055e-08,-3.725390e-08,2.664116e-07,0.000000e+00,0.000000e+00,0.000000e+00,2.945431e+07,2.077914e+07,-1.231148e+08,6.380287e-18,872,0
4.690909e-10,-6.015257e-04,-4.243970e-04,2.500369e-03,-1.282493e+06,-9.048365e+05,5.330772e+06,4.144030e-01,2.909739e-01,-1.655586e+00,6.380287e-18,872,2064
4.689773e-09,-6.014629e-03,-4.243499e-03,2.500029e-02,-1.282524e+06,-9.048581e+05,5.330895e+06,4.087887e-03,2.923264e-03,-1.658598e-02,6.380287e-18,872,20635
0.000000e+00,-6.389345e-08,2.144513e-07,3.683098e-07,0.000000e+00,0.000000e+00,0.000000e+00,1.211013e+07,-4.019093e+07,-4.643846e+07,4.183197e-18,873,0
9.788636e-10,-6.632164e-04,2.200436e-03,2.500086e-03,-6.777748e+05,2.248723e+06,2.554771e+06,2.024184e-01,-6.627326e-01,-7.146898e-01,4.183197e-18,873,4307
9.785682e-09,-6.632484e-03,2.200528e-02,2.500029e-02,-6.778061e+05,2.248826e+06,2.554881e+06,1.936893e-03,-6.435228e-03,-7.307051e-03,4.183197e-18,873,43057
0.000000e+00,8.358327e-08,-2.695062e-07,3.586539e-07,0.000000e+00,0.000000e+00,0.000000e+00,-1.262071e+07,4.340118e+07,-3.544064e+07,3.896790e-18,874,0
1.244773e-09,8.816641e-04,-3.121784e-03,2.500325e-03,7.085003e+05,-2.508718e+06,2.009133e+06,-1.412178e-01,5.260701e-01,-3.862199e-01,3.896790e-18,874,5477
1.244318e-08,8.815997e-03,-3.121639e-02,2.500013e-02,7.085280e+05,-2.508821e+06,2.009209e+06,-1.425455e-03,5.049232e-03,-4.041916e-03,3.896790e-18,874,54750
0.000000e+00,6.192663e-08,1.758287e-07,3.295542e-07,0.000000e+00,0.000000e+00,0.000000e+00,-1.557881e+07,-4.362644e+07,-5.858857e+07,4.727116e-18,875,0
8.427273e-10,6.856049e-04,1.888501e-03,2.500293e-03,8.137981e+05,2.241593e+06,2.967613e+06,-2.480412e-01,-6.814041e-01,-8.652003e-01,4.727116e-18,875,3708
8.424318e-09,6.855696e-03,1.888391e-02,2.500024e-02,8.138311e+05,2.241684e+06,2.967728e+06,-2.389624e-03,-6.778961e-03,-8.797117e-03,4.727116e-18,875,37067
0.000000e+00,4.435009e-08,1.993469e-07,2.221224e-07,0.000000e+00,0.000000e+00,0.000000e+00,-1.861475e+07,-8.644219e+07,-7.059938e+07,5.740935e-18,876,0
8.034091e-10,6.634058e-04,3.084242e-03,2.500073e-03,8.258269e+05,3.839365e+06,3.112067e+06,-1.204217e-01,-5.606458e-01,-4.305106e-01,5.740935e-18,876,3535
8.033409e-09,6.634226e-03,3.084328e-02,2.500065e-02,8.258422e+05,3.839436e+06,3.112122e+06,-1.196912e-03,-5.533793e-03,-4.340250e-03,5.740935e-18,876,35347
0.000000e+00,-1.723913e-07,1.154124e-07,4.004678e-07,0.000000e+00,0.000000e+00,0.000000e+00,2.655383e+07,-1.904333e+07,-4.109002e+07,4.035649e-18,877,0
9.938636e-10,-1.635000e-03,1.136500e-03,2.500466e-03,-1.645823e+06,1.143994e+06,2.516834e+06,5.875366e-01,-3.866906e-01,-8.589066e-01,4.035649e-18,877,4373
9.933182e-09,-1.634822e-02,1.136347e-02,2.500025e-02,-1.645916e+06,1.144054e+06,2.516969e+06,5.617539e-03,-3.669315e-03,-8.736141e-03,4.035649e-18,877,43706
0.000000e+00,-1.078209e-07,7.177939e-08,2.831364e-07,0.000000e+00,0.000000e+00,0.000000e+00,4.374619e+07,-2.723096e+07,-8.636382e+07,5.643690e-18,878,0
6.313636e-10,-1.281923e-03,7.973771e-04,2.500596e-03,-2.030816e+06,1.263189e+06,3.961253e+06,6.315348e-01,-3.867434e-01,-1.164951e+00,5.643690e-18,878,2778
6.311136e-09,-1.281679e-02,7.972185e-03,2.500016e-02,-2.030879e+06,1.263228e+06,3.961369e+06,6.199471e-03,-3.857617e-03,-1.171037e-02,5.643690e-18,878,27769
0.000000e+00,4.859429e-09,-1.785421e-07,4.718688e-07,0.000000e+00,0.000000e+00,0.000000e+00,-2.239821e+06,2.293173e+07,-3.948045e+07,3.667901e-18,879,0
9.697727e-10,9.462743e-05,-1.485581e-03,2.500423e-03,9.761623e+04,-1.532770e+06,2.579576e+06,-3.389443e-02,7.247389e-01,-1.139701e+00,3.667901e-18,879,4267
9.691591e-09,9.460560e-04,-1.485492e-02,2.500027e-02,9.762143e+04,-1.532881e+06,2.579750e+06,-4.729537e-04,6.789776e-03,-1.158408e-02,3.667901e-18,879,42643
0.000000e+00,-1.797216e-07,1.808832e-07,2.546107e-07,0.000000e+00,0.000000e+00,0.000000e+00,4.706152e+07,-4.716563e+07,-4.709375e+07,4.830088e-18,880,0
1.095000e-09,-2.537444e-03,2.542531e-03,2.500381e-03,-2.317739e+06,2.322383e+06,2.283772e+06,3.569994e-01,-3.570124e-01,-3.255886e-01,4.830088e-18,880,4818
1.094682e-08,-2.537189e-02,2.542273e-02,2.500015e-02,-2.317800e+06,2.322445e+06,2.283828e+06,3.414045e-03,-3.443435e-03,-3.324224e-03,4.830088e-18,880,48166
0.000000e+00,1.440516e-07,-2.210663e-07,4.511670e-07,0.000000e+00,0.000000e+00,0.000000e+00,-1.958020e+07,2.488339e+07,-3.723590e+07,3.476381e-18,881,0
1.081364e-09,1.339403e-03,-1.734072e-03,2.500257e-03,1.239222e+06,-1.604328e+06,2.312974e+06,-4.468509e-01,5.632171e-01,-7.498456e-01,3.476381e-18,881,4758
1.080864e-08,1.339427e-02,-1.734058e-02,2.500021e-02,1.239299e+06,-1.604424e+06,2.313102e+06,-4.244251e-03,5.376650e-03,-7.678775e-03,3.476381e-18,881,47558
0.000000e+00,8.186256e-08,-1.056364e-08,4.663580e-07,0.000000e+00,0.000000e+00,0.000000e+00,-1.117424e+07,-3.505755e+05,-5.020951e+07,3.922647e-18,882,0
8.025000e-10,5.757601e-04,1.170881e-05,2.500346e-03,7.178526e+05,1.460300e+04,3.117169e+06,-4.080456e-01,4.418962e-04,-1.684856e+00,3.922647e-18,882,3531
8.020227e-09,5.757333e-03,1.171089e-04,2.500049e-02,7.179043e+05,1.460294e+04,3.117382e+06,-4.050836e-03,2.275187e-05,-1.707202e-02,3.922647e-18,882,35289
0.000000e+00,-7.359416e-08,-1.641741e-08,6.138904e-07,0.000000e+00,0.000000e+00,0.000000e+00,7.671296e+06,1.500341e+05,-3.295403e+07,3.062053e-18,883,0
9.470455e-10,-5.511380e-04,-3.931149e-05,2.500300e-03,-5.824020e+05,-4.153200e+04,2.641823e+06,3.714181e-01,2.193795e-02,-1.628956e+00,3.062053e-18,883,4167
9.463182e-09,-5.511344e-03,-3.930268e-04,2.500014e-02,-5.824575e+05,-4.153528e+04,2.642066e+06,3.478443e-03,2.491359e-04,-1.664380e-02,3.062053e-18,883,41638
0.000000e+00,-8.383436e-08,-2.777848e-07,4.219361e-07,0.000000e+00,0.000000e+00,0.000000e+00,1.117800e+07,3.533677e+07,-3.364757e+07,3.510217e-18,884,0
1.204773e-09,-8.172734e-04,-2.621522e-03,2.500387e-03,-6.786317e+05,-2.176810e+06,2.076037e+06,1.825443e-01,5.886490e-01,-5.186462e-01,3.510217e-18,884,5301
1.204227e-08,-8.172256e-03,-2.621371e-02,2.500032e-02,-6.786665e+05,-2.176922e+06,2.076135e+06,1.777461e-03,5.688646e-03,-5.422043e-03,3.510217e-18,884,52986
0.000000e+00,-8.068735e-08,2.174307e-07,2.934713e-07,0.000000e+00,0.000000e+00,0.000000e+00,2.003134e+07,-5.343789e+07,-4.656090e+07,4.734695e-18,885,0
1.056591e-09,-1.092593e-03,2.910386e-03,2.500284e-03,-1.034327e+06,2.755177e+06,2.366798e+06,2.022275e-01,-5.380310e-01,-4.298062e-01,4.734695e-18,885,4649
1.056295e-08,-1.092555e-02,2.910281e-02,2.500049e-02,-1.034361e+06,2.755267e+06,2.366870e+06,1.968459e-03,-5.201140e-03,-4.400977e-03,4.734695e-18,885,46477
0.000000e+00,-2.821556e-07,6.638164e-08,4.411138e-07,0.000000e+00,0.000000e+00,0.000000e+00,3.304509e+07,-7.929183e+06,-3.141718e+07,3.413103e-18,886,0
1.231818e-09,-2.622262e-03,6.446283e-04,2.500397e-03,-2.129700e+06,5.235500e+05,2.030533e+06,6.058649e-01,-1.515478e-01,-5.379505e-01,3.413103e-18,886,5420
1.231205e-08,-2.622090e-02,6.445951e-03,2.500013e-02,-2.129817e+06,5.235794e+05,2.030638e+06,5.845401e-03,-1.440634e-03,-5.572092e-03,3.413103e-18,886,54173
0.000000e+00,-1.372128e-07,-1.369936e-07,4.355588e-07,0.000000e+00,0.000000e+00,0.000000e+00,1.921639e+07,1.671083e+07,-4.086840e+07,3.851144e-18,887,0
9.554545e-10,-1.203722e-03,-1.060148e-03,2.500186e-03,-1.260503e+06,-1.110134e+06,2.617876e+06,5.489108e-01,4.751581e-01,-1.065957e+00,3.851144e-18,887,4204
9.549773e-09,-1.203747e-02,-1.060150e-02,2.500019e-02,-1.260585e+06,-1.110206e+06,2.618037e+06,5.337350e-03,4.565850e-03,-1.084291e-02,3.851144e-18,887,42019
0.000000e+00,1.341257e-07,-1.530631e-07,5.815488e-07,0.000000e+00,0.000000e+00,0.000000e+00,-1.229109e+07,1.467014e+07,-3.487180e+07,3.012465e-18,888,0
1.016818e-09,8.869671e-04,-1.011130e-03,2.500052e-03,8.728459e+05,-9.949938e+05,2.459955e+06,-4.505033e-01,4.885209e-01,-1.177999e+00,3.012465e-18,888,4474
1.016273e-08,8.870484e-03,-1.011185e-02,2.500001e-02,8.729183e+05,-9.950722e+05,2.460145e+06,-4.161501e-03,4.622792e-03,-1.231205e-02,3.012465e-18,888,44716
0.000000e+00,-1.933722e-07,1.699709e-07,3.061124e-07,0.000000e+00,0.000000e+00,0.000000e+00,4.146918e+07,-3.362650e+07,-4.192495e+07,4.414460e-18,889,0
1.135455e-09,-2.516235e-03,2.036685e-03,2.500443e-03,-2.216655e+06,1.794175e+06,2.202584e+06,4.361849e-01,-3.440181e-01,-3.943310e-01,4.414460e-18,889,4996
1.135045e-08,-2.516003e-02,2.036471e-02,2.500044e-02,-2.216734e+06,1.794237e+06,2.202655e+06,4.142061e-03,-3.346056e-03,-4.064603e-03,4.414460e-18,889,49942
0.000000e+00,1.562321e-08,-8.494234e-08,6.412948e-07,0.000000e+00,0.000000e+00,0.000000e+00,-4.041364e+06,8.196329e+06,-3.944199e+07,2.909594e-18,890,0
9.086364e-10,2.216406e-04,-4.915134e-04,2.500574e-03,2.440955e+05,-5.412610e+05,2.753570e+06,-1.464010e-01,3.145863e-01,-1.679143e+00,2.909594e-18,890,3998
9.079091e-09,2.216154e-03,-4.914167e-03,2.500012e-02,2.441165e+05,-5.413062e+05,2.753811e+06,-1.451396e-03,3.276399e-03,-1.706159e-02,2.909594e-18,890,39948
0.000000e+00,-2.055033e-07,-1.177650e-07,4.533353e-07,0.000000e+00,0.000000e+00,0.000000e+00,2.771014e+07,1.557567e+07,-3.782125e+07,3.564172e-18,891,0
1.062500e-09,-1.862269e-03,-1.034721e-03,2.500220e-03,-1.753547e+06,-9.743009e+05,2.353991e+06,6.271862e-01,3.435152e-01,-7.670254e-01,3.564172e-18,891,4675
1.062023e-08,-1.862303e-02,-1.034728e-02,2.500004e-02,-1.753653e+06,-9.743585e+05,2.354120e+06,5.937272e-03,3.193040e-03,-7.893462e-03,3.564172e-18,891,46729
0.000000e+00,2.268737e-07,9.976610e-08,4.826401e-07,0.000000e+00,0.000000e+00,0.000000e+00,-2.684644e+07,-1.028694e+07,-3.683457e+07,3.371749e-18,892,0
1.047500e-09,1.782017e-03,5.175127e-04,2.500169e-03,1.702063e+06,4.942283e+05,2.387784e+06,-6.777632e-01,-1.841242e-01,-8.996265e-01,3.371749e-18,892,4609
1.047000e-08,1.782058e-02,5.174616e-03,2.500022e-02,1.702175e+06,4.942587e+05,2.387933e+06,-6.561940e-03,-1.860176e-03,-9.265082e-03,3.371749e-18,892,46068
0.000000e+00,9.932747e-08,-1.341872e-07,6.179810e-07,0.000000e+00,0.000000e+00,0.000000e+00,-9.981298e+06,1.151044e+07,-3.610377e+07,2.910832e-18,893,0
9.731818e-10,6.780376e-04,-7.634687e-04,2.500271e-03,6.971615e+05,-7.849744e+05,2.570571e+06,-3.752643e-01,4.178040e-01,-1.387604e+00,2.910832e-18,893,4282
9.725455e-09,6.780203e-03,-7.634244e-03,2.500015e-02,6.972192e+05,-7.850386e+05,2.570784e+06,-3.656634e-03,4.079575e-03,-1.428897e-02,2.910832e-18,893,42792
0.000000e+00,-6.984855e-08,-1.368200e-07,3.724647e-07,0.000000e+00,0.000000e+00,0.000000e+00,1.764467e+07,2.816544e+07,-5.489573e+07,4.491404e-18,894,0
8.222727e-10,-8.028593e-04,-1.307422e-03,2.500604e-03,-9.767766e+05,-1.590615e+06,3.042082e+06,3.779375e-01,6.128059e-01,-1.151666e+00,4.491404e-18,894,3618
8.218182e-09,-8.027311e-03,-1.307196e-02,2.500048e-02,-9.768257e+05,-1.590695e+06,3.042232e+06,3.701372e-03,6.095058e-03,-1.158615e-02,4.491404e-18,894,36160
0.000000e+00,-2.746107e-07,-6.271963e-08,3.485351e-07,0.000000e+00,0.000000e+00,0.000000e+00,4.617095e+07,9.317545e+06,-3.530543e+07,3.962557e-18,895,0
1.252045e-09,-3.282132e-03,-6.618158e-04,2.500300e-03,-2.622213e+06,-5.287366e+05,1.997426e+06,5.203358e-01,1.011204e-01,-3.679065e-01,3.962557e-18,895,5509
1.251614e-08,-3.281993e-02,-6.617739e-03,2.500017e-02,-2.622316e+06,-5.287566e+05,1.997499e+06,4.997446e-03,1.008462e-03,-3.805534e-03,3.962557e-18,895,55071
0.000000e+00,1.409948e-07,2.381404e-07,4.010408e-07,0.000000e+00,0.000000e+00,0.000000e+00,-1.885398e+07,-3.361225e+07,-3.517639e+07,3.689914e-18,896,0
1.192727e-09,1.378229e-03,2.458762e-03,2.500315e-03,1.155968e+06,2.062267e+06,2.096893e+06,-3.018673e-01,-5.436593e-01,-4.917927e-01,3.689914e-18,896,5248
1.192250e-08,1.378201e-02,2.458733e-02,2.500032e-02,1.156025e+06,2.062369e+06,2.096986e+06,-2.824492e-03,-5.142574e-03,-5.202622e-03,3.689914e-18,896,52459
0.000000e+00,4.461682e-08,-9.332552e-08,4.335500e-07,0.000000e+00,0.000000e+00,0.000000e+00,-1.029063e+07,1.510692e+07,-5.411369e+07,4.143390e-18,897,0
8.011364e-10,5.011172e-04,-6.519669e-04,2.500069e-03,6.258339e+05,-8.141838e+05,3.122020e+06,-3.178039e-01,4.250740e-01,-1.592542e+00,4.143390e-18,897,3525
8.007727e-09,5.011486e-03,-6.519777e-03,2.500039e-02,6.258741e+05,-8.142376e+05,3.122221e+06,-3.213935e-03,4.171351e-03,-1.607791e-02,4.143390e-18,897,35234
0.000000e+00,1.059136e-07,1.294533e-07,4.185796e-07,0.000000e+00,0.000000e+00,0.000000e+00,-1.717016e+07,-2.291014e+07,-4.903720e+07,4.066826e-18,898,0
8.809091e-10,9.151072e-04,1.224221e-03,2.500372e-03,1.039277e+06,1.390355e+06,2.839453e+06,-4.265648e-01,-5.763307e-01,-1.138103e+00,4.066826e-18,898,3876
8.804545e-09,9.150348e-03,1.224142e-02,2.500020e-02,1.039336e+06,1.390436e+06,2.839612e+06,-4.092684e-03,-5.655096e-03,-1.155312e-02,4.066826e-18,898,38740
0.000000e+00,4.105508e-08,1.264144e-09,2.227663e-07,0.000000e+00,0.000000e+00,0.000000e+00,-3.637720e+07,-3.059292e+05,-1.812396e+08,7.584951e-18,899,0
3.350000e-10,5.025452e-04,4.076638e-06,2.501412e-03,1.500175e+06,1.216567e+04,7.467037e+06,-3.552166e-01,-9.773324e-04,-1.766859e+00,7.584951e-18,899,1474
3.348182e-09,5.022891e-03,4.073415e-05,2.500118e-02,1.500194e+06,1.216573e+04,7.467131e+06,-3.584259e-03,-7.543700e-06,-1.770449e-02,7.584951e-18,899,14732
0.000000e+00,1.493460e-07,1.396465e-07,3.017840e-07,0.000000e+00,0.000000e+00,0.000000e+00,-4.329063e+07,-3.755351e+07,-5.914383e+07,4.865118e-18,900,0
8.672727e-10,1.856497e-03,1.609158e-03,2.500107e-03,2.141126e+06,1.855849e+06,2.883243e+06,-5.242359e-01,-4.495362e-01,-6.623660e-01,4.865118e-18,900,3816
8.670909e-09,1.856553e-02,1.609193e-02,2.500047e-02,2.141198e+06,1.855911e+06,2.883334e+06,-5.145387e-03,-4.432894e-03,-6.705570e-03,4.865118e-18,900,38152
0.000000e+00,1.333765e-07,6.211787e-08,2.887583e-07,0.000000e+00,0.000000e+00,0.000000e+00,-4.772869e+07,-1.568500e+07,-8.134290e+07,5.461969e-18,901,0
6.604545e-10,1.484314e-03,4.863878e-04,2.500643e-03,2.247888e+06,7.365612e+05,3.786905e+06,-6.952510e-01,-2.139589e-01,-1.133385e+00,5.461969e-18,901,2906
6.601818e-09,1.484019e-02,4.862675e-03,2.500061e-02,2.247960e+06,7.365835e+05,3.787024e+06,-6.909644e-03,-2.140018e-03,-1.139005e-02,5.461969e-18,901,29048
0.000000e+00,-9.492714e-08,6.610966e-08,3.280984e-07,0.000000e+00,0.000000e+00,0.000000e+00,2.919100e+07,-1.875628e+07,-7.395728e+07,5.134253e-18,902,0
6.829545e-10,-1.004437e-03,6.449873e-04,2.500206e-03,-1.471166e+06,9.446755e+05,3.661764e+06,5.719418e-01,-3.559239e-01,-1.354333e+00,5.134253e-18,902,3005
6.827500e-09,-1.004440e-02,6.449784e-03,2.500083e-02,-1.471228e+06,9.447139e+05,3.661910e+06,5.630255e-03,-3.609550e-03,-1.371249e-02,5.134253e-18,902,30041
0.000000e+00,-7.999244e-08,2.209567e-07,2.422603e-07,0.000000e+00,0.000000e+00,0.000000e+00,2.819354e+07,-7.109330e+07,-5.248075e+07,5.157736e-18,903,0
1.025455e-09,-1.354213e-03,3.423341e-03,2.500112e-03,-1.320802e+06,3.338867e+06,2.438306e+06,1.807932e-01,-4.588456e-01,-3.112465e-01,5.157736e-18,903,4512
1.025318e-08,-1.354244e-02,3.423407e-02,2.500052e-02,-1.320832e+06,3.338942e+06,2.438357e+06,1.753875e-03,-4.433511e-03,-3.165862e-03,5.157736e-18,903,45114
0.000000e+00,-1.680022e-07,1.253835e-07,4.800516e-07,0.000000e+00,0.000000e+00,0.000000e+00,1.860013e+07,-1.165488e+07,-3.723716e+07,3.524401e-18,904,0
9.913636e-10,-1.295380e-03,8.319674e-04,2.500398e-03,-1.307421e+06,8.396862e+05,2.523364e+06,6.103041e-01,-3.901782e-01,-1.082981e+00,3.524401e-18,904,4362
9.907500e-09,-1.295323e-02,8.319175e-03,2.500030e-02,-1.307517e+06,8.397473e+05,2.523533e+06,5.690189e-03,-3.623125e-03,-1.107581e-02,3.524401e-18,904,43593
0.000000e+00,8.545712e-08,-1.965787e-07,2.791148e-07,0.000000e+00,0.000000e+00,0.000000e+00,-2.314126e+07,5.768207e+07,-5.800557e+07,4.986647e-18,905,0
8.963636e-10,1.006853e-03,-2.515994e-03,2.500146e-03,1.123484e+06,-2.807473e+06,2.789660e+06,-2.317657e-01,5.918706e-01,-5.610702e-01,4.986647e-18,905,3944
8.961818e-09,1.006848e-02,-2.516010e-02,2.500055e-02,1.123517e+06,-2.807557e+06,2.789739e+06,-2.311460e-03,5.781971e-03,-5.699309e-03,4.986647e-18,905,39432
0.000000e+00,6.024156e-09,-5.018483e-08,3.932625e-07,0.000000e+00,0.000000e+00,0.000000e+00,2.923276e+06,1.123449e+07,-5.988245e+07,4.614828e-18,906,0
7.227273e-10,-1.359115e-04,-4.734640e-04,2.500616e-03,-1.881673e+05,-6.554089e+05,3.461372e+06,9.351177e-02,3.350171e-01,-1.755106e+00,4.614828e-18,906,3180
7.222727e-09,-1.359056e-03,-4.733827e-03,2.500061e-02,-1.881780e+05,-6.554472e+05,3.461573e+06,9.696401e-04,3.367360e-03,-1.766370e-02,4.614828e-18,906,31780
0.000000e+00,-9.484153e-08,-7.630450e-08,5.361374e-07,0.000000e+00,0.000000e+00,0.000000e+00,3.082567e+06,7.255173e+06,-1.106872e+07,3.432792e-18,907,0
1.001364e-09,-7.408377e-04,-1.016582e-03,2.500290e-03,-7.404799e+05,-1.016024e+06,2.498589e+06,4.512015e-01,5.164429e-01,-1.207426e+00,3.432792e-18,907,4406
1.000591e-08,-7.409054e-03,-1.016603e-02,2.500037e-02,-7.405513e+05,-1.016106e+06,2.498780e+06,3.750547e-03,5.127107e-03,-1.271344e-02,3.432792e-18,907,44026
0.000000e+00,-2.246340e-07,-1.191708e-07,3.081631e-07,0.000000e+00,0.000000e+00,0.000000e+00,4.789063e+07,2.553379e+07,-4.529167e+07,4.421524e-18,908,0
1.069091e-09,-2.683040e-03,-1.420571e-03,2.500213e-03,-2.510294e+06,-1.329097e+06,2.339096e+06,5.223664e-01,2.698885e-01,-4.519989e-01,4.421524e-18,908,4704
1.068795e-08,-2.682992e-02,-1.420533e-02,2.500026e-02,-2.510383e+06,-1.329142e+06,2.339172e+06,5.026329e-03,2.576735e-03,-4.613198e-03,4.421524e-18,908,47027
0.000000e+00,2.490254e-07,-7.801201e-08,4.358167e-07,0.000000e+00,0.000000e+00,0.000000e+00,-3.350548e+07,9.644593e+06,-3.474271e+07,3.569829e-18,909,0
1.149318e-09,2.416035e-03,-6.822088e-04,2.500262e-03,2.103055e+06,-5.938077e+05,2.176157e+06,-6.354737e-01,1.670006e-01,-6.112262e-01,3.569829e-18,909,5057
1.148818e-08,2.416022e-02,-6.821765e-03,2.500020e-02,2.103171e+06,-5.938380e+05,2.176268e+06,-6.017379e-03,1.689142e-03,-6.251991e-03,3.569829e-18,909,50548
0.000000e+00,4.768113e-08,4.109203e-08,5.898641e-07,0.000000e+00,0.000000e+00,0.000000e+00,-4.793835e+06,-6.581691e+06,-3.710567e+07,3.172193e-18,910,0
9.252273e-10,3.596147e-04,3.786529e-04,2.500482e-03,3.889806e+05,4.095420e+05,2.704231e+06,-2.573700e-01,-2.484260e-01,-1.651231e+00,3.172193e-18,910,4071
9.244773e-09,3.596015e-03,3.786106e-03,2.500011e-02,3.890183e+05,4.095783e+05,2.704472e+06,-2.506556e-03,-2.387753e-03,-1.690965e-02,3.172193e-18,910,40677
0.000000e+00,-9.590329e-08,-7.918572e-08,5.440627e-07,0.000000e+00,0.000000e+00,0.000000e+00,8.448406e+06,2.447909e+07,-5.169364e+07,3.387129e-18,911,0
8.468182e-10,-4.370434e-04,-1.128342e-03,2.500303e-03,-5.162825e+05,-1.333107e+06,2.953617e+06,2.273973e-01,6.245129e-01,-1.335546e+00,3.387129e-18,911,3726
8.464318e-09,-4.370017e-03,-1.128381e-02,2.500061e-02,-5.163129e+05,-1.333191e+06,2.953796e+06,2.304556e-03,6.176461e-03,-1.347285e-02,3.387129e-18,911,37243
0.000000e+00,1.201351e-07,1.049697e-08,5.862443e-07,0.000000e+00,0.000000e+00,0.000000e+00,-1.429507e+07,-1.720964e+07,-2.763031e+07,3.147104e-18,912,0
1.092727e-09,1.147253e-03,1.171164e-03,2.500435e-03,1.050628e+06,1.072551e+06,2.289438e+06,-5.075625e-01,-4.882580e-01,-9.785025e-01,3.147104e-18,912,4808
1.091977e-08,1.147254e-02,1.171186e-02,2.500022e-02,1.050716e+06,1.072636e+06,2.289607e+06,-4.744773e-03,-4.791050e-03,-1.042077e-02,3.147104e-18,912,48047
0.000000e+00,7.560885e-08,-1.347221e-07,2.906090e-07,0.000000e+00,0.000000e+00,0.000000e+00,-3.205668e+07,5.837982e+07,-8.138438e+07,5.377893e-18,913,0
6.820455e-10,9.920495e-04,-1.808565e-03,2.500451e-03,1.454759e+06,-2.652118e+06,3.666512e+06,-3.498704e-01,6.406418e-01,-8.344671e-01,5.377893e-18,913,3001
6.818636e-09,9.919499e-03,-1.808388e-02,2.500079e-02,1.454796e+06,-2.652187e+06,3.666602e+06,-3.468015e-03,6.297269e-03,-8.496702e-03,5.377893e-18,913,30002
0.000000e+00,-1.063423e-07,1.528845e-07,5.544727e-07,0.000000e+00,0.000000e+00,0.000000e+00,7.312353e+06,-1.509086e+07,-3.818256e+07,3.182641e-18,914,0
9.425000e-10,-4.739160e-04,9.405387e-04,2.500360e-03,-5.030922e+05,9.984978e+05,2.654286e+06,2.660051e-01,-5.303062e-01,-1.380383e+00,3.182641e-18,914,4147
9.418864e-09,-4.738586e-03,9.404723e-03,2.500050e-02,-5.031318e+05,9.985768e+05,2.654492e+06,2.527586e-03,-5.229646e-03,-1.409134e-02,3.182641e-18,914,41443
0.000000e+00,-9.568571e-08,-1.537568e-07,4.294454e-07,0.000000e+00,0.000000e+00,0.000000e+00,1.598645e+07,2.462314e+07,-4.287736e+07,3.941798e-18,915,0
9.581818e-10,-9.523581e-04,-1.466040e-03,2.500491e-03,-9.943993e+05,-1.530759e+06,2.610615e+06,3.948029e-01,6.126535e-01,-9.719946e-01,3.941798e-18,915,4216
9.576364e-09,-9.522698e-03,-1.465906e-02,2.500029e-02,-9.944590e+05,-1.530851e+06,2.610762e+06,3.862718e-03,5.948016e-03,-9.972118e-03,3.941798e-18,915,42136
0.000000e+00,1.501504e-07,1.080431e-07,4.077409e-07,0.000000e+00,0.000000e+00,0.000000e+00,-1.776291e+07,-1.160758e+07,-5.183516e+07,4.090825e-18,916,0
8.206818e-10,9.161140e-04,6.204709e-04,2.500526e-03,1.116773e+06,7.563857e+05,3.048159e+06,-5.286255e-01,-3.717166e-01,-1.418522e+00,4.090825e-18,916,3611
8.201818e-09,9.159588e-03,6.203751e-03,2.500052e-02,1.116842e+06,7.564339e+05,3.048343e+06,-5.180494e-03,-3.641745e-03,-1.430660e-02,4.090825e-18,916,36088
0.000000e+00,4.587703e-08,2.386669e-07,4.257338e-07,0.000000e+00,0.000000e+00,0.000000e+00,-6.613899e+06,-3.409673e+07,-3.743835e+07,3.708652e-18,917,0
1.092955e-09,4.121631e-04,2.329244e-03,2.500116e-03,3.772448e+05,2.132062e+06,2.288247e+06,-1.067540e-01,-6.742664e-01,-6.730472e-01,3.708652e-18,917,4809
1.092545e-08,4.121573e-03,2.329370e-02,2.500025e-02,3.772633e+05,2.132179e+06,2.288364e+06,-1.024088e-03,-6.531584e-03,-6.979293e-03,3.708652e-18,917,48072
0.000000e+00,4.715059e-08,2.591055e-07,3.498662e-07,0.000000e+00,0.000000e+00,0.000000e+00,-9.424222e+06,-4.652322e+07,-3.953382e+07,4.073022e-18,918,0
1.153182e-09,5.934560e-04,2.999664e-03,2.500470e-03,5.147813e+05,2.602012e+06,2.168809e+06,-1.112933e-01,-5.777883e-01,-4.358843e-01,4.073022e-18,918,5074
1.152705e-08,5.933901e-03,2.999348e-02,2.500008e-02,5.148015e+05,2.602117e+06,2.168889e+06,-1.071140e-03,-5.493714e-03,-4.516832e-03,4.073022e-18,918,50719
0.000000e+00,1.048298e-07,-2.089496e-08,6.647546e-07,0.000000e+00,0.000000e+00,0.000000e+00,-6.948907e+06,5.706308e+06,-3.997143e+07,2.779105e-18,919,0
9.175000e-10,4.444769e-04,-3.000091e-04,2.500466e-03,4.847542e+05,-3.272032e+05,2.726813e+06,-3.189879e-01,1.866329e-01,-1.654473e+00,2.779105e-18,919,4037
9.168182e-09,4.444345e-03,-2.999843e-03,2.500017e-02,4.848004e+05,-3.272302e+05,2.727053e+06,-3.053010e-03,1.912684e-03,-1.680146e-02,2.779105e-18,919,40340
0.000000e+00,-1.358579e-07,-2.093577e-07,3.768980e-07,0.000000e+00,0.000000e+00,0.000000e+00,2.147536e+07,3.388090e+07,-4.003147e+07,3.971979e-18,920,0
1.085682e-09,-1.382567e-03,-2.143955e-03,2.500045e-03,-1.273925e+06,-1.975471e+06,2.303402e+06,3.539568e-01,5.430166e-01,-5.930132e-01,3.971979e-18,920,4777
1.085364e-08,-1.382670e-02,-2.144101e-02,2.500039e-02,-1.273985e+06,-1.975564e+06,2.303504e+06,3.404354e-03,5.206289e-03,-6.131261e-03,3.971979e-18,920,47756
0.000000e+00,3.878548e-08,-3.803494e-08,3.053121e-07,0.000000e+00,0.000000e+00,0.000000e+00,-1.390470e+07,1.611860e+07,-1.002605e+08,5.726278e-18,921,0
5.431818e-10,3.501127e-04,-4.039660e-04,2.500558e-03,6.446882e+05,-7.438618e+05,4.604367e+06,-2.534879e-01,2.903088e-01,-1.772021e+00,5.726278e-18,921,2390
5.429773e-09,3.500528e-03,-4.039015e-03,2.500083e-02,6.447099e+05,-7.438867e+05,4.604519e+06,-2.529870e-03,2.890710e-03,-1.777050e-02,5.726278e-18,921,23891
0.000000e+00,1.943517e-07,-1.527523e-07,5.556324e-07,0.000000e+00,0.000000e+00,0.000000e+00,-2.193518e+07,1.491914e+07,-3.387237e+07,3.029983e-18,922,0
1.106136e-09,1.641489e-03,-1.105684e-03,2.500314e-03,1.484896e+06,-1.000126e+06,2.261376e+06,-6.734579e-01,3.985664e-01,-8.783278e-01,3.029983e-18,922,4867
1.105523e-08,1.641583e-02,-1.105660e-02,2.500021e-02,1.485014e+06,-1.000196e+06,2.261530e+06,-6.298104e-03,3.809935e-03,-9.077600e-03,3.029983e-18,922,48643
0.000000e+00,6.526355e-08,1.309809e-07,3.930182e-07,0.000000e+00,0.000000e+00,0.000000e+00,-1.307908e+07,-2.543637e+07,-5.469948e+07,4.351595e-18,923,0
8.072727e-10,5.695083e-04,1.197262e-03,2.500298e-03,7.057365e+05,1.483714e+06,3.098311e+06,-2.852428e-01,-6.314589e-01,-1.281908e+00,4.351595e-18,923,3552
8.069091e-09,5.694657e-03,1.197221e-02,2.500065e-02,7.057729e+05,1.483794e+06,3.098474e+06,-2.807502e-03,-6.247488e-03,-1.290908e-02,4.351595e-18,923,35504
0.000000e+00,-1.109535e-07,-7.059138e-08,5.743610e-07,0.000000e+00,0.000000e+00,0.000000e+00,1.507018e+07,8.319501e+06,-4.259923e+07,3.193055e-18,924,0
9.031818e-10,-8.544892e-04,-4.325845e-04,2.500613e-03,-9.466369e+05,-4.792141e+05,2.770005e+06,5.075302e-01,2.574042e-01,-1.455556e+00,3.193055e-18,924,3974
9.025227e-09,-8.543604e-03,-4.325030e-03,2.500012e-02,-9.467093e+05,-4.792508e+05,2.770213e+06,5.049746e-03,2.455543e-03,-1.479315e-02,3.193055e-18,924,39711
0.000000e+00,1.920557e-07,1.538990e-07,4.335043e-07,0.000000e+00,0.000000e+00,0.000000e+00,-2.752224e+07,-1.955981e+07,-3.746347e+07,3.653455e-18,925,0
1.085227e-09,1.853836e-03,1.305075e-03,2.500185e-03,1.708989e+06,1.203084e+06,2.304625e+06,-5.522589e-01,-3.849579e-01,-7.021418e-01,3.653455e-18,925,4775
1.084773e-08,1.853861e-02,1.305072e-02,2.500006e-02,1.709084e+06,1.203150e+06,2.304745e+06,-5.384746e-03,-3.746529e-03,-7.359453e-03,3.653455e-18,925,47730
0.000000e+00,1.184584e-07,-1.199689e-07,3.381032e-07,0.000000e+00,0.000000e+00,0.000000e+00,-2.966098e+07,3.051554e+07,-6.315084e+07,4.740565e-18,926,0
7.836364e-10,1.206793e-03,-1.237072e-03,2.500539e-03,1.540455e+06,-1.579106e+06,3.191709e+06,-5.206493e-01,5.323343e-01,-1.016831e+00,4.740565e-18,926,3448
7.832955e-09,1.206633e-02,-1.236908e-02,2.500065e-02,1.540519e+06,-1.579172e+06,3.191835e+06,-5.163318e-03,5.216534e-03,-1.026656e-02,4.740565e-18,926,34465
0.000000e+00,1.793434e-07,-1.619030e-07,5.484800e-07,0.000000e+00,0.000000e+00,0.000000e+00,-1.503243e+07,1.907633e+07,-3.197210e+07,3.077835e-18,927,0
1.110909e-09,1.225915e-03,-1.421050e-03,2.500410e-03,1.104171e+06,-1.279910e+06,2.251796e+06,-4.758086e-01,5.246899e-01,-8.761420e-01,3.077835e-18,927,4888
1.110227e-08,1.225878e-02,-1.420986e-02,2.500019e-02,1.104254e+06,-1.280002e+06,2.251950e+06,-4.494245e-03,5.026677e-03,-9.118836e-03,3.077835e-18,927,48850
0.000000e+00,-5.534037e-08,-1.611166e-07,3.743026e-07,0.000000e+00,0.000000e+00,0.000000e+00,1.145801e+07,3.518113e+07,-5.148593e+07,4.398036e-18,928,0
8.806818e-10,-5.606441e-04,-1.729544e-03,2.500617e-03,-6.368201e+05,-1.964618e+06,2.840271e+06,2.059477e-01,6.974714e-01,-9.516711e-01,4.398036e-18,928,3875
8.802045e-09,-5.605315e-03,-1.729264e-02,2.500031e-02,-6.368487e+05,-1.964715e+06,2.840404e+06,2.165439e-03,6.855918e-03,-9.715671e-03,4.398036e-18,928,38729
0.000000e+00,-6.646420e-08,1.839656e-08,3.589596e-07,0.000000e+00,0.000000e+00,0.000000e+00,1.798856e+07,-8.675702e+06,-7.027478e+07,4.944144e-18,929,0
6.779545e-10,-6.463334e-04,3.077680e-04,2.500576e-03,-9.537032e+05,4.541410e+05,3.689570e+06,4.329844e-01,-1.990713e-01,-1.652530e+00,4.944144e-18,929,2983
6.775909e-09,-6.462206e-03,3.077206e-03,2.500030e-02,-9.537496e+05,4.541623e+05,3.689747e+06,4.334856e-03,-2.067523e-03,-1.662670e-02,4.944144e-18,929,29814
0.000000e+00,8.654668e-09,3.727337e-08,6.810788e-07,0.000000e+00,0.000000e+00,0.000000e+00,-2.008205e+06,-4.425341e+06,-3.590847e+07,2.741264e-18,930,0
9.331818e-10,8.281014e-05,2.671415e-04,2.500362e-03,8.875700e+04,2.864847e+05,2.681059e+06,-2.220737e-02,-1.924382e-01,-1.722021e+00,2.741264e-18,930,4106
9.324773e-09,8.276453e-04,2.671401e-03,2.500047e-02,8.876030e+04,2.865131e+05,2.681313e+06,-5.686699e-04,-1.895254e-03,-1.754824e-02,2.741264e-18,930,41029
0.000000e+00,6.562965e-09,1.954948e-07,3.353389e-07,0.000000e+00,0.000000e+00,0.000000e+00,-2.994245e+06,-4.372285e+07,-5.571368e+07,4.618375e-18,931,0
8.502273e-10,1.116884e-04,1.971648e-03,2.500093e-03,1.313926e+05,2.319678e+06,2.941263e+06,-3.130635e-02,-7.268238e-01,-8.890689e-01,4.618375e-18,931,3741
8.499773e-09,1.116809e-03,1.971675e-02,2.500017e-02,1.313968e+05,2.319775e+06,2.941382e+06,-3.608239e-04,-7.158931e-03,-9.002771e-03,4.618375e-18,931,37399
0.000000e+00,-1.647273e-07,1.822387e-07,4.661446e-07,0.000000e+00,0.000000e+00,0.000000e+00,2.233793e+07,-2.360875e+07,-3.961317e+07,3.482686e-18,932,0
1.035682e-09,-1.390048e-03,1.490581e-03,2.500242e-03,-1.342726e+06,1.439860e+06,2.414956e+06,4.650591e-01,-5.170273e-01,-8.186943e-01,3.482686e-18,932,4557
1.035227e-08,-1.390027e-02,1.490582e-02,2.500043e-02,-1.342802e+06,1.439945e+06,2.415090e+06,4.496935e-03,-4.893442e-03,-8.365031e-03,3.482686e-18,932,45550
0.000000e+00,1.417717e-07,-2.226323e-07,3.963165e-07,0.000000e+00,0.000000e+00,0.000000e+00,-2.063887e+07,3.054719e+07,-3.397513e+07,3.778423e-18,933,0
1.187955e-09,1.542002e-03,-2.280474e-03,2.500376e-03,1.298568e+06,-1.920444e+06,2.105426e+06,-3.542879e-01,5.205075e-01,-5.201841e-01,3.778423e-18,933,5227
1.187409e-08,1.541927e-02,-2.280346e-02,2.500011e-02,1.298635e+06,-1.920541e+06,2.105524e+06,-3.340696e-03,4.923342e-03,-5.401303e-03,3.778423e-18,933,52246
0.000000e+00,-2.109021e-07,-1.260834e-07,2.979033e-07,0.000000e+00,0.000000e+00,0.000000e+00,4.372243e+07,3.084068e+07,-4.381856e+07,4.562153e-18,934,0
1.093409e-09,-2.533505e-03,-1.787898e-03,2.500432e-03,-2.317668e+06,-1.635612e+06,2.287286e+06,4.668347e-01,3.371892e-01,-4.310467e-01,4.562153e-18,934,4811
1.093000e-08,-2.533211e-02,-1.787722e-02,2.500014e-02,-2.317749e+06,-1.635670e+06,2.287361e+06,4.522759e-03,3.171622e-03,-4.410144e-03,4.562153e-18,934,48092
0.000000e+00,7.347208e-08,2.557488e-07,4.454057e-07,0.000000e+00,0.000000e+00,0.000000e+00,-1.082884e+07,-3.200811e+07,-3.368121e+07,3.499091e-18,935,0
1.180227e-09,7.828509e-04,2.426947e-03,2.500232e-03,6.635978e+05,2.057249e+06,2.119128e+06,-1.969888e-01,-6.189782e-01,-5.760934e-01,3.499091e-18,935,5193
1.179727e-08,7.828621e-03,2.426987e-02,2.500006e-02,6.636345e+05,2.057364e+06,2.119236e+06,-1.863248e-03,-5.929767e-03,-6.103008e-03,3.499091e-18,935,51908
0.000000e+00,9.544538e-08,-2.141362e-07,2.507858e-07,0.000000e+00,0.000000e+00,0.000000e+00,-2.789249e+07,6.563514e+07,-5.363967e+07,5.063364e-18,936,0
9.927273e-10,1.321064e-03,-3.109569e-03,2.500249e-03,1.330966e+06,-3.132886e+06,2.518870e+06,-2.114524e-01,4.971954e-01,-3.666473e-01,5.063364e-18,936,4368
9.925227e-09,1.321016e-02,-3.109465e-02,2.500048e-02,1.330999e+06,-3.132964e+06,2.518927e+06,-2.040392e-03,4.780572e-03,-3.767809e-03,5.063364e-18,936,43671
0.000000e+00,-4.291114e-08,2.893137e-07,3.925133e-07,0.000000e+00,0.000000e+00,0.000000e+00,5.173539e+06,-3.893481e+07,-3.317782e+07,3.657650e-18,937,0
1.243636e-09,-4.010590e-04,2.968426e-03,2.500404e-03,-3.226078e+05,2.387785e+06,2.011130e+06,7.832060e-02,-5.812334e-01,-4.492202e-01,3.657650e-18,937,5472
1.243091e-08,-4.010303e-03,2.968228e-02,2.500028e-02,-3.226231e+05,2.387899e+06,2.011219e+06,7.469116e-04,-5.577861e-03,-4.682581e-03,3.657650e-18,937,54696
0.000000e+00,8.135969e-08,-2.292240e-07,3.425758e-07,0.000000e+00,0.000000e+00,0.000000e+00,-1.677457e+07,4.568841e+07,-4.164741e+07,4.244085e-18,938,0
1.098182e-09,1.012492e-03,-2.741388e-03,2.500257e-03,9.222536e+05,-2.497043e+06,2.277248e+06,-2.098061e-01,5.630109e-01,-4.847715e-01,4.244085e-18,938,4832
1.097818e-08,1.012466e-02,-2.741297e-02,2.500016e-02,9.222900e+05,-2.497141e+06,2.277333e+06,-2.046463e-03,5.450606e-03,-4.970418e-03,4.244085e-18,938,48304
0.000000e+00,8.669423e-08,-1.233416e-07,2.362145e-07,0.000000e+00,0.000000e+00,0.000000e+00,-4.536441e+07,6.657830e+07,-9.580362e+07,6.187886e-18,939,0
6.022727e-10,1.191815e-03,-1.746989e-03,2.500458e-03,1.979078e+06,-2.900976e+06,4.152026e+06,-4.112076e-01,5.962241e-01,-8.223938e-01,6.187886e-18,939,2650
6.021136e-09,1.191634e-02,-1.746723e-02,2.500007e-02,1.979117e+06,-2.901032e+06,4.152104e+06,-4.099594e-03,5.941006e-03,-8.245138e-03,6.187886e-18,939,26493
0.000000e+00,7.737692e-08,-2.324984e-07,3.928742e-07,0.000000e+00,0.000000e+00,0.000000e+00,1.164384e+07,1.950895e+07,-2.795492e+07,3.908155e-18,940,0
1.076136e-09,-6.738683e-04,-1.894849e-03,2.500199e-03,-6.266277e+05,-1.761767e+06,2.324437e+06,2.309740e-01,6.594955e-01,-8.210368e-01,3.908155e-18,940,4735
1.075545e-08,-6.739511e-03,-1.894845e-02,2.500028e-02,-6.266670e+05,-1.761879e+06,2.324576e+06,2.269027e-03,6.284322e-03,-8.462321e-03,3.908155e-18,940,47324
0.000000e+00,8.078090e-08,1.388391e-07,3.040834e-07,0.000000e+00,0.000000e+00,0.000000e+00,-1.258533e+07,-5.033576e+07,-6.490495e+07,5.186092e-18,941,0
7.777273e-10,4.952175e-04,1.951118e-03,2.500588e-03,6.368573e+05,2.509411e+06,3.215905e+06,-1.736899e-01,-7.193074e-01,-8.802069e-01,5.186092e-18,941,3422
7.773864e-09,4.950882e-03,1.950781e-02,2.500012e-02,6.368787e+05,2.509499e+06,3.216013e+06,-1.709204e-03,-7.117092e-03,-8.863438e-03,5.186092e-18,941,34205
0.000000e+00,-7.239247e-09,1.100826e-07,3.511770e-07,0.000000e+00,0.000000e+00,0.000000e+00,5.279820e+06,-3.705817e+07,-7.199008e+07,4.911311e-18,942,0
7.002273e-10,-1.844431e-04,1.289582e-03,2.500650e-03,-2.634957e+05,1.842210e+06,3.572046e+06,9.833779e-02,-6.829017e-01,-1.297913e+00,4.911311e-18,942,3081
6.998864e-09,-1.844163e-03,1.289339e-02,2.500042e-02,-2.635066e+05,1.842286e+06,3.572190e+06,1.030480e-03,-6.750854e-03,-1.306099e-02,4.911311e-18,942,30795
0.000000e+00,-6.408929e-08,7.353758e-08,3.000777e-07,0.000000e+00,0.000000e+00,0.000000e+00,2.733084e+07,-2.779941e+07,-8.984505e+07,5.612218e-18,943,0
5.993182e-10,-7.672154e-04,7.822247e-04,2.500413e-03,-1.280441e+06,1.305480e+06,4.172862e+06,4.573665e-01,-4.687062e-01,-1.449536e+00,5.612218e-18,943,2637
5.991136e-09,-7.671312e-03,7.821334e-03,2.500034e-02,-1.280484e+06,1.305525e+06,4.172999e+06,4.529915e-03,-4.605286e-03,-1.458270e-02,5.612218e-18,943,26361
0.000000e+00,-1.406820e-07,-2.776360e-08,4.836852e-07,0.000000e+00,0.000000e+00,0.000000e+00,1.829939e+07,4.356228e+06,-4.274984e+07,3.683391e-18,944,0
8.934091e-10,-1.074382e-03,-2.342749e-04,2.500552e-03,-1.203246e+06,-2.623474e+05,2.800245e+06,6.205304e-01,1.125560e-01,-1.385339e+00,3.683391e-18,944,3931
8.927955e-09,-1.074250e-02,-2.342222e-03,2.500055e-02,-1.203334e+06,-2.623633e+05,2.800441e+06,6.102465e-03,1.100311e-03,-1.402862e-02,3.683391e-18,944,39283
0.000000e+00,1.123704e-07,1.651720e-07,3.025089e-07,0.000000e+00,0.000000e+00,0.000000e+00,-3.104586e+07,-4.736874e+07,-6.067984e+07,4.899250e-18,945,0
8.475000e-10,1.298890e-03,1.980999e-03,2.500205e-03,1.532971e+06,2.338017e+06,2.950628e+06,-3.845533e-01,-5.890697e-01,-6.975226e-01,4.899250e-18,945,3729
8.472727e-09,1.298847e-02,1.980941e-02,2.500000e-02,1.533022e+06,2.338096e+06,2.950721e+06,-3.748275e-03,-5.805342e-03,-7.045600e-03,4.899250e-18,945,37280
0.000000e+00,-6.232473e-08,3.909181e-08,5.443902e-07,0.000000e+00,0.000000e+00,0.000000e+00,5.541742e+06,-3.465868e+06,-3.918150e+07,3.434991e-18,946,0
8.743182e-10,-3.578252e-04,2.334850e-04,2.500458e-03,-4.095255e+05,2.672380e+05,2.861584e+06,2.498059e-01,-1.761838e-01,-1.721691e+00,3.434991e-18,946,3847
8.736591e-09,-3.577851e-03,2.334741e-03,2.500056e-02,-4.095600e+05,2.672623e+05,2.861822e+06,2.456448e-03,-1.756428e-03,-1.736272e-02,3.434991e-18,946,38441
0.000000e+00,1.391885e-07,-1.864989e-07,5.154972e-07,0.000000e+00,0.000000e+00,0.000000e+00,-1.433172e+07,2.119945e+07,-3.233016e+07,3.257316e-18,947,0
1.116136e-09,1.105384e-03,-1.656724e-03,2.500343e-03,9.908897e+05,-1.485201e+06,2.241144e+06,-3.766654e-01,6.051594e-01,-8.169867e-01,3.257316e-18,947,4911
1.115500e-08,1.105334e-02,-1.656734e-02,2.500007e-02,9.909560e+05,-1.485307e+06,2.241288e+06,-3.721526e-03,5.638434e-03,-8.518266e-03,3.257316e-18,947,49082
0.000000e+00,-2.102329e-07,-4.351000e-08,4.997468e-07,0.000000e+00,0.000000e+00,0.000000e+00,2.298113e+07,1.055167e+07,-3.598302e+07,3.396746e-18,948,0
1.040000e-09,-1.639332e-03,-6.826625e-04,2.500482e-03,-1.577133e+06,-6.567737e+05,2.405335e+06,6.621743e-01,2.632340e-01,-9.280333e-01,3.396746e-18,948,4576
1.039364e-08,-1.639211e-02,-6.826219e-03,2.500029e-02,-1.577242e+06,-6.568169e+05,2.405487e+06,6.289302e-03,2.480714e-03,-9.690919e-03,3.396746e-18,948,45732
0.000000e+00,-1.952566e-07,8.044782e-09,2.723201e-07,0.000000e+00,0.000000e+00,0.000000e+00,6.171577e+07,-3.063204e+06,-6.584086e+07,5.231449e-18,949,0
8.059091e-10,-2.377627e-03,1.189071e-04,2.500527e-03,-2.950834e+06,1.475803e+05,3.103233e+06,6.897742e-01,-3.876739e-02,-6.877944e-01,5.231449e-18,949,3546
8.056136e-09,-2.377237e-02,1.188927e-03,2.500019e-02,-2.950921e+06,1.475852e+05,3.103320e+06,6.796352e-03,-3.740736e-04,-6.963093e-03,5.231449e-18,949,35447
0.000000e+00,1.696386e-07,1.947121e-07,3.314166e-07,0.000000e+00,0.000000e+00,0.000000e+00,-3.714872e+07,-3.481349e+07,-4.441426e+07,4.235345e-18,950,0
1.075227e-09,2.132959e-03,2.019110e-03,2.500358e-03,1.984304e+06,1.878361e+06,2.325902e+06,-4.465785e-01,-4.215339e-01,-4.721818e-01,4.235345e-18,950,4731
1.074864e-08,2.132855e-02,2.018984e-02,2.500040e-02,1.984380e+06,1.878433e+06,2.325982e+06,-4.266076e-03,-4.015602e-03,-4.904335e-03,4.235345e-18,950,47294
0.000000e+00,-1.010884e-07,1.980348e-07,2.638745e-07,0.000000e+00,0.000000e+00,0.000000e+00,3.397344e+07,-5.721378e+07,-5.568241e+07,5.076046e-18,951,0
9.422727e-10,-1.542664e-03,2.599451e-03,2.500040e-03,-1.637502e+06,2.759218e+06,2.653586e+06,3.058712e-01,-5.062986e-01,-4.624184e-01,5.076046e-18,951,4146
9.421364e-09,-1.542751e-02,2.599564e-02,2.500052e-02,-1.637548e+06,2.759294e+06,2.653655e+06,2.973429e-03,-4.941608e-03,-4.680598e-03,5.076046e-18,951,41454
0.000000e+00,-1.544775e-07,2.205395e-08,4.344058e-07,0.000000e+00,0.000000e+00,0.000000e+00,2.490843e+07,-3.857072e+06,-4.727104e+07,3.986262e-18,952,0
8.738636e-10,-1.341372e-03,2.068978e-04,2.500180e-03,-1.535729e+06,2.368796e+05,2.862219e+06,6.870343e-01,-1.070799e-01,-1.232086e+00,3.986262e-18,952,3845
8.734545e-09,-1.341387e-02,2.069029e-03,2.500028e-02,-1.535824e+06,2.368944e+05,2.862389e+06,6.902547e-03,-1.055048e-03,-1.246353e-02,3.986262e-18,952,38432
0.000000e+00,-9.907096e-08,1.153282e-07,4.160582e-07,0.000000e+00,0.000000e+00,0.000000e+00,1.695903e+07,-1.722820e+07,-4.862027e+07,4.135601e-18,953,0
8.538636e-10,-9.037299e-04,9.089028e-04,2.500561e-03,-1.058922e+06,1.064958e+06,2.929728e+06,4.858105e-01,-4.832851e-01,-1.286768e+00,4.135601e-18,953,3757
8.533409e-09,-9.036185e-03,9.087708e-03,2.500064e-02,-1.058987e+06,1.065023e+06,2.929902e+06,4.797823e-03,-4.804073e-03,-1.301529e-02,4.135601e-18,953,37547
0.000000e+00,-3.075913e-08,-2.361715e-07,2.739523e-07,0.000000e+00,0.000000e+00,0.000000e+00,8.959619e+06,6.454290e+07,-5.004947e+07,4.817468e-18,954,0
1.029773e-09,-4.509925e-04,-3.261742e-03,2.500331e-03,-4.380392e+05,-3.168061e+06,2.428393e+06,7.327570e-02,5.412378e-01,-3.897450e-01,4.817468e-18,954,4531
1.029500e-08,-4.509616e-03,-3.261523e-02,2.500043e-02,-4.380511e+05,-3.168149e+06,2.428457e+06,7.109236e-04,5.243373e-03,-3.950237e-03,4.817468e-18,954,45298
0.000000e+00,-9.187921e-08,5.029900e-08,1.516628e-07,0.000000e+00,0.000000e+00,0.000000e+00,1.512726e+08,-8.241683e+07,-2.289465e+08,9.099745e-18,955,0
2.711364e-10,-1.652559e-03,9.003064e-04,2.500257e-03,-6.094826e+06,3.320431e+06,9.221178e+06,6.322665e-01,-3.426622e-01,-9.403315e-01,9.099745e-18,955,1193
2.711136e-09,-1.652399e-02,9.002187e-03,2.500001e-02,-6.094853e+06,3.320445e+06,9.221219e+06,6.306631e-03,-3.423083e-03,-9.407807e-03,9.099745e-18,955,11929
0.000000e+00,-2.426207e-07,1.361420e-07,4.672359e-07,0.000000e+00,0.000000e+00,0.000000e+00,2.827766e+07,-1.424094e+07,-3.234639e+07,3.335070e-18,956,0
1.178864e-09,-2.181421e-03,1.092384e-03,2.500183e-03,-1.851307e+06,9.270535e+05,2.121613e+06,5.901436e-01,-2.902455e-01,-6.301275e-01,3.335070e-18,956,5187
1.178364e-08,-2.181507e-02,1.092405e-02,2.500043e-02,-1.851417e+06,9.271075e+05,2.121730e+06,5.663813e-03,-2.899235e-03,-6.522514e-03,3.335070e-18,956,51848
0.000000e+00,2.821417e-08,-1.686079e-07,1.993371e-07,0.000000e+00,0.000000e+00,0.000000e+00,-1.673438e+07,1.045421e+08,-9.908259e+07,6.519533e-18,957,0
5.981818e-10,4.233841e-04,-2.647992e-03,2.500380e-03,7.078238e+05,-4.427000e+06,4.180130e+06,-9.960728e-02,6.342396e-01,-5.771674e-01,6.519533e-18,957,2632
5.980682e-09,4.233288e-03,-2.647659e-02,2.500017e-02,7.078332e+05,-4.427060e+06,4.180184e+06,-9.914158e-04,6.321399e-03,-5.787025e-03,6.519533e-18,957,26315
0.000000e+00,-7.899827e-08,3.652851e-08,6.542264e-07,0.000000e+00,0.000000e+00,0.000000e+00,1.086680e+07,-7.429596e+06,-2.164468e+07,2.873743e-18,958,0
1.077273e-09,-9.409547e-04,6.197866e-04,2.500518e-03,-8.742151e+05,5.758454e+05,2.322820e+06,5.041174e-01,-3.406331e-01,-1.306145e+00,2.873743e-18,958,4740
1.076295e-08,-9.409011e-03,6.197706e-03,2.500039e-02,-8.743009e+05,5.759033e+05,2.323042e+06,5.070560e-03,-3.315241e-03,-1.347815e-02,2.873743e-18,958,47357
0.000000e+00,2.621013e-08,-9.837240e-08,5.168268e-07,0.000000e+00,0.000000e+00,0.000000e+00,-3.615447e+06,1.070775e+07,-4.000579e+07,3.560128e-18,959,0
8.868182e-10,2.305415e-04,-6.986226e-04,2.500067e-03,2.601293e+05,-7.883287e+05,2.820739e+06,-1.418615e-01,4.851041e-01,-1.601945e+00,3.560128e-18,959,3902
8.862955e-09,2.305500e-03,-6.986888e-03,2.500014e-02,2.601492e+05,-7.883967e+05,2.820963e+06,-1.432713e-03,4.738033e-03,-1.621584e-02,3.560128e-18,959,38997
0.000000e+00,1.684918e-07,1.032502e-07,3.810207e-07,0.000000e+00,0.000000e+00,0.000000e+00,-3.327145e+07,-1.884716e+07,-4.452042e+07,4.230290e-18,960,0
9.813636e-10,1.900711e-03,1.077497e-03,2.500366e-03,1.937574e+06,1.098411e+06,2.548626e+06,-6.223056e-01,-3.703983e-01,-7.618509e-01,4.230290e-18,960,4318
9.809318e-09,1.900623e-02,1.077464e-02,2.500038e-02,1.937670e+06,1.098468e+06,2.548744e+06,-5.976186e-03,-3.311584e-03,-7.865180e-03,4.230290e-18,960,43161
0.000000e+00,-1.386797e-07,9.446151e-08,5.345782e-07,0.000000e+00,0.000000e+00,0.000000e+00,1.598684e+07,-9.681994e+06,-3.579034e+07,3.335388e-18,961,0
9.775000e-10,-1.087095e-03,6.750038e-04,2.500306e-03,-1.112796e+06,6.909660e+05,2.559194e+06,5.541857e-01,-3.506483e-01,-1.249848e+00,3.335388e-18,961,4301
9.768864e-09,-1.087071e-02,6.749931e-03,2.500052e-02,-1.112882e+06,6.910202e+05,2.559387e+06,5.304355e-03,-3.350909e-03,-1.274896e-02,3.335388e-18,961,42983
0.000000e+00,5.892819e-08,4.640237e-09,6.281467e-07,0.000000e+00,0.000000e+00,0.000000e+00,-3.999064e+06,-3.242073e+06,-3.811795e+07,2.990948e-18,962,0
9.070455e-10,2.829331e-04,1.419859e-04,2.500049e-03,3.121473e+05,1.566141e+05,2.757928e+06,-2.085527e-01,-6.728283e-02,-1.739619e+00,2.990948e-18,962,3991
9.064773e-09,2.829548e-03,1.419667e-03,2.500016e-02,3.121772e+05,1.566238e+05,2.758178e+06,-2.088819e-03,-7.556093e-04,-1.764127e-02,2.990948e-18,962,39885
0.000000e+00,-2.681871e-08,1.342557e-07,5.633831e-07,0.000000e+00,0.000000e+00,0.000000e+00,1.384135e+06,-1.459195e+07,-3.926798e+07,3.220829e-18,963,0
9.209091e-10,-1.408224e-04,9.083949e-04,2.500533e-03,-1.530187e+05,9.870258e+05,2.716724e+06,8.873628e-02,-5.539947e-01,-1.465447e+00,3.220829e-18,963,4052
9.202273e-09,-1.408114e-03,9.082866e-03,2.500017e-02,-1.530316e+05,9.871063e+05,2.716937e+06,7.389563e-04,-5.419038e-03,-1.486937e-02,3.220829e-18,963,40490
0.000000e+00,7.544767e-08,9.453640e-08,2.576342e-07,0.000000e+00,0.000000e+00,0.000000e+00,-3.748659e+07,-4.203926e+07,-1.070540e+08,6.154829e-18,964,0
5.336364e-10,8.795460e-04,9.876975e-04,2.500414e-03,1.648427e+06,1.851104e+06,4.686120e+06,-4.654805e-01,-5.201622e-01,-1.298481e+00,6.154829e-18,964,2348
5.335000e-09,8.794400e-03,9.875695e-03,2.500062e-02,1.648466e+06,1.851148e+06,4.686230e+06,-4.639531e-03,-5.174759e-03,-1.301136e-02,6.154829e-18,964,23474
0.000000e+00,-3.568241e-08,1.054600e-07,2.100821e-07,0.000000e+00,0.000000e+00,0.000000e+00,3.254919e+07,-8.126291e+07,-1.439567e+08,7.215312e-18,965,0
4.184091e-10,-5.668589e-04,1.414952e-03,2.501055e-03,-1.354868e+06,3.381883e+06,5.977706e+06,2.712424e-01,-6.730210e-01,-1.160153e+00,7.215312e-18,965,1841
4.182273e-09,-5.666455e-03,1.414404e-02,2.500056e-02,-1.354886e+06,3.381927e+06,5.977783e+06,2.711184e-03,-6.725633e-03,-1.162476e-02,7.215312e-18,965,18402
0.000000e+00,-3.058389e-09,-5.271307e-08,2.635786e-07,0.000000e+00,0.000000e+00,0.000000e+00,5.928970e+06,2.998225e+07,-1.299453e+08,6.493042e-18,966,0
4.477273e-10,-1.143072e-04,-5.800934e-04,2.500726e-03,-2.553493e+05,-1.295786e+06,5.585877e+06,8.128200e-02,4.167483e-01,-1.732656e+00,6.493042e-18,966,1970
4.475682e-09,-1.142862e-03,-5.799557e-03,2.500079e-02,-2.553550e+05,-1.295815e+06,5.586000e+06,8.077033e-04,4.161189e-03,-1.735247e-02,6.493042e-18,966,19693
0.000000e+00,4.216534e-08,1.137818e-07,5.091768e-07,0.000000e+00,0.000000e+00,0.000000e+00,-5.911956e+06,-1.129281e+07,-4.296425e+07,3.565596e-18,967,0
8.765909e-10,3.493185e-04,7.088639e-04,2.500302e-03,3.987375e+05,8.091448e+05,2.853791e+06,-2.195143e-01,-4.553096e-01,-1.553402e+00,3.565596e-18,967,3857
8.760455e-09,3.493109e-03,7.088463e-03,2.500060e-02,3.987679e+05,8.092079e+05,2.854006e+06,-2.150294e-03,-4.578898e-03,-1.591046e-02,3.565596e-18,967,38546
0.000000e+00,-1.764022e-07,-6.743319e-08,3.014219e-07,0.000000e+00,0.000000e+00,0.000000e+00,4.789967e+07,1.945988e+07,-5.963397e+07,4.968255e-18,968,0
8.431818e-10,-2.036271e-03,-8.275261e-04,2.500430e-03,-2.415612e+06,-9.816943e+05,2.966094e+06,6.562947e-01,2.683916e-01,-7.688345e-01,4.968255e-18,968,3710
8.428636e-09,-2.036033e-02,-8.274348e-03,2.500025e-02,-2.415699e+06,-9.817300e+05,2.966197e+06,6.498683e-03,2.589878e-03,-7.752917e-03,4.968255e-18,968,37086
0.000000e+00,6.188509e-08,2.359299e-07,4.888172e-07,0.000000e+00,0.000000e+00,0.000000e+00,-5.602676e+06,-2.920310e+07,-3.146863e+07,3.360856e-18,969,0
1.156364e-09,4.337115e-04,2.191784e-03,2.500313e-03,3.752267e+05,1.896350e+06,2.163087e+06,-1.187819e-01,-6.459463e-01,-7.071759e-01,3.360856e-18,969,5088
1.155773e-08,4.336768e-03,2.191742e-02,2.500048e-02,3.752484e+05,1.896467e+06,2.163217e+06,-1.198708e-03,-6.409911e-03,-7.388933e-03,3.360856e-18,969,50854
0.000000e+00,-2.163908e-07,-2.434830e-08,5.050798e-07,0.000000e+00,0.000000e+00,0.000000e+00,2.047223e+07,-3.980770e+06,-3.545390e+07,3.361956e-18,970,0
1.015455e-09,-1.512661e-03,1.902115e-04,2.500141e-03,-1.490523e+06,1.874518e+05,2.463294e+06,7.047923e-01,-8.178034e-02,-1.080463e+00,3.361956e-18,970,4468
1.014909e-08,-1.512741e-02,1.902427e-03,2.500028e-02,-1.490636e+06,1.874650e+05,2.463468e+06,6.707596e-03,-8.146233e-04,-1.111446e-02,3.361956e-18,970,44656
0.000000e+00,-2.523179e-08,2.091342e-07,3.308545e-07,0.000000e+00,0.000000e+00,0.000000e+00,1.057212e+07,-3.897891e+07,-5.867226e+07,4.569840e-18,971,0
8.220455e-10,-4.490904e-04,1.708063e-03,2.500273e-03,-5.465088e+05,2.078441e+06,3.042355e+06,1.903143e-01,-6.995837e-01,-9.947001e-01,4.569840e-18,971,3617
8.217500e-09,-4.490923e-03,1.707963e-02,2.500066e-02,-5.465335e+05,2.078532e+06,3.042485e+06,1.874207e-03,-6.938279e-03,-1.008861e-02,4.569840e-18,971,36157
0.000000e+00,3.317649e-08,-2.417360e-07,5.421407e-07,0.000000e+00,0.000000e+00,0.000000e+00,-3.338475e+06,2.433713e+07,-3.342200e+07,3.097049e-18,972,0
1.093182e-09,2.409662e-04,-1.863812e-03,2.500249e-03,2.205449e+05,-1.705907e+06,2.288120e+06,-8.983833e-02,7.149303e-01,-8.780084e-01,3.097049e-18,972,4810
1.092614e-08,2.409701e-03,-1.863893e-02,2.500046e-02,2.205604e+05,-1.706031e+06,2.288272e+06,-8.142966e-04,6.753019e-03,-9.092011e-03,3.097049e-18,972,48075
0.000000e+00,8.748160e-08,2.209724e-07,4.001181e-07,0.000000e+00,0.000000e+00,0.000000e+00,-1.430867e+07,-3.432978e+07,-4.000778e+07,3.887553e-18,973,0
1.057045e-09,9.181859e-04,2.175905e-03,2.500275e-03,8.689833e+05,2.059303e+06,2.366099e+06,-2.639612e-01,-6.345870e-01,-6.873833e-01,3.887553e-18,973,4651
1.056591e-08,9.181576e-03,2.175837e-02,2.500009e-02,8.690274e+05,2.059409e+06,2.366214e+06,-2.579335e-03,-6.106861e-03,-7.089333e-03,3.887553e-18,973,46490
0.000000e+00,3.226866e-08,-5.857868e-08,3.287709e-07,0.000000e+00,0.000000e+00,0.000000e+00,-9.760684e+06,1.963089e+07,-8.458173e+07,5.335539e-18,974,0
6.090909e-10,2.896719e-04,-5.893352e-04,2.500393e-03,4.757031e+05,-9.678475e+05,4.106104e+06,-1.939242e-01,4.210693e-01,-1.691781e+00,5.335539e-18,974,2680
6.088636e-09,2.896393e-03,-5.892883e-03,2.500072e-02,4.757218e+05,-9.678880e+05,4.106267e+06,-1.972111e-03,4.144049e-03,-1.706326e-02,5.335539e-18,974,26790
0.000000e+00,1.469059e-07,6.907973e-08,4.415670e-07,0.000000e+00,0.000000e+00,0.000000e+00,-2.017330e+07,-9.110621e+06,-4.858657e+07,3.916252e-18,975,0
8.513636e-10,1.014209e-03,4.594730e-04,2.500281e-03,1.191857e+06,5.399059e+05,2.938055e+06,-5.930667e-01,-2.270415e-01,-1.376051e+00,3.916252e-18,975,3746
8.509091e-09,1.014163e-02,4.594119e-03,2.500028e-02,1.191937e+06,5.399365e+05,2.938241e+06,-5.702368e-03,-2.470353e-03,-1.403038e-02,3.916252e-18,975,37440
0.000000e+00,1.906326e-07,5.105019e-08,2.752435e-07,0.000000e+00,0.000000e+00,0.000000e+00,-6.412513e+07,-2.022143e+07,-6.608794e+07,5.194411e-18,976,0
8.154545e-10,2.452079e-03,7.640668e-04,2.500014e-03,3.007547e+06,9.371499e+05,3.066200e+06,-6.342302e-01,-1.900218e-01,-6.122696e-01,5.194411e-18,976,3588
8.153409e-09,2.452182e-02,7.640979e-03,2.500013e-02,3.007629e+06,9.371744e+05,3.066279e+06,-6.280914e-03,-1.879007e-03,-6.184721e-03,5.194411e-18,976,35875
0.000000e+00,1.083225e-07,-3.089702e-08,3.528838e-07,0.000000e+00,0.000000e+00,0.000000e+00,-2.920656e+07,8.426747e+06,-6.892550e+07,4.876919e-18,977,0
7.084091e-10,1.088765e-03,-2.981638e-04,2.500015e-03,1.537444e+06,-4.210195e+05,3.530046e+06,-6.404678e-01,1.634107e-01,-1.404173e+00,4.876919e-18,977,3117
7.082045e-09,1.088825e-02,-2.981686e-03,2.500007e-02,1.537516e+06,-4.210378e+05,3.530203e+06,-6.355136e-03,1.605758e-03,-1.410465e-02,4.876919e-18,977,31161
0.000000e+00,1.648474e-07,-9.592230e-08,2.018399e-07,0.000000e+00,0.000000e+00,0.000000e+00,-8.311585e+07,5.130682e+07,-8.120100e+07,6.185200e-18,978,0
7.152273e-10,2.574384e-03,-1.589436e-03,2.500326e-03,3.599688e+06,-2.222473e+06,3.496052e+06,-4.996612e-01,3.105579e-01,-4.638891e-01,6.185200e-18,978,3147
7.150909e-09,2.574113e-02,-1.589275e-02,2.500009e-02,3.599745e+06,-2.222508e+06,3.496105e+06,-4.957252e-03,3.058731e-03,-4.667383e-03,6.185200e-18,978,31464
0.000000e+00,1.360864e-07,1.338546e-07,2.096641e-07,0.000000e+00,0.000000e+00,0.000000e+00,-4.575096e+07,-7.519851e+07,-9.527379e+07,6.107329e-18,979,0
6.111364e-10,1.214668e-03,1.984963e-03,2.500566e-03,1.987662e+06,3.248296e+06,4.091955e+06,-3.644666e-01,-5.984852e-01,-7.191184e-01,6.107329e-18,979,2689
6.109545e-09,1.214380e-02,1.984568e-02,2.500012e-02,1.987697e+06,3.248353e+06,4.092024e+06,-3.617177e-03,-5.906928e-03,-7.233826e-03,6.107329e-18,979,26882
0.000000e+00,1.977019e-07,4.345724e-08,2.180893e-07,0.000000e+00,0.000000e+00,0.000000e+00,-8.592571e+07,-2.093928e+07,-7.026213e+07,5.804189e-18,980,0
8.070455e-10,3.082662e-03,7.469006e-04,2.500119e-03,3.820110e+06,9.255765e+05,3.098105e+06,-5.547479e-01,-1.292452e-01,-4.246746e-01,5.804189e-18,980,3551
8.069545e-09,3.082663e-02,7.468999e-03,2.500043e-02,3.820180e+06,9.255930e+05,3.098159e+06,-5.477724e-03,-1.270069e-03,-4.280013e-03,5.804189e-18,980,35506
0.000000e+00,1.552312e-07,1.612916e-07,5.747185e-07,0.000000e+00,0.000000e+00,0.000000e+00,-1.244047e+07,-1.680920e+07,-3.535867e+07,2.993044e-18,981,0
1.021818e-09,8.874757e-04,1.139974e-03,2.500327e-03,8.689490e+05,1.116323e+06,2.448090e+06,-3.564722e-01,-5.615598e-01,-1.097028e+00,2.993044e-18,981,4496
1.021205e-08,8.873752e-03,1.139992e-02,2.500018e-02,8.690066e+05,1.116413e+06,2.448267e+06,-3.890388e-03,-5.232587e-03,-1.175000e-02,2.993044e-18,981,44933
0.000000e+00,-3.746692e-08,1.192145e-07,2.436574e-07,0.000000e+00,0.000000e+00,0.000000e+00,2.491920e+07,-6.050591e+07,-1.095228e+08,6.353865e-18,982,0
5.279545e-10,-5.721476e-04,1.389211e-03,2.500264e-03,-1.083846e+06,2.631592e+06,4.736175e+06,2.791239e-01,-6.733312e-01,-1.172488e+00,6.353865e-18,982,2323
5.278636e-09,-5.721245e-03,1.389129e-02,2.500071e-02,-1.083869e+06,2.631648e+06,4.736273e+06,2.780419e-03,-6.715560e-03,-1.177531e-02,6.353865e-18,982,23226
0.000000e+00,-1.364162e-07,-1.977049e-07,3.066336e-07,0.000000e+00,0.000000e+00,0.000000e+00,2.911750e+07,4.393092e+07,-5.007576e+07,4.535061e-18,983,0
9.786364e-10,-1.486653e-03,-2.231823e-03,2.500565e-03,-1.519506e+06,-2.281145e+06,2.555689e+06,3.599944e-01,5.383632e-01,-5.670179e-01,4.535061e-18,983,4306
9.782273e-09,-1.486424e-02,-2.231480e-02,2.500056e-02,-1.519562e+06,-2.281228e+06,2.555777e+06,3.490691e-03,5.195820e-03,-5.786741e-03,4.535061e-18,983,43042
0.000000e+00,1.516388e-07,-5.641712e-09,2.245883e-07,0.000000e+00,0.000000e+00,0.000000e+00,-8.684149e+07,2.623783e+06,-1.031275e+08,6.374036e-18,984,0
5.677273e-10,2.115282e-03,-6.417098e-05,2.500541e-03,3.726192e+06,-1.130395e+05,4.404743e+06,-7.148956e-01,2.206223e-02,-8.157899e-01,6.374036e-18,984,2498
5.675682e-09,2.114877e-02,-6.415801e-04,2.500008e-02,3.726256e+06,-1.130415e+05,4.404816e+06,-7.126379e-03,2.394386e-04,-8.200573e-03,6.374036e-18,984,24973
0.000000e+00,-5.845235e-08,-1.039523e-07,2.084278e-07,0.000000e+00,0.000000e+00,0.000000e+00,4.383644e+07,8.658340e+07,-1.517105e+08,7.139068e-18,985,0
3.997727e-10,-7.241793e-04,-1.429563e-03,2.500996e-03,-1.811513e+06,-3.576035e+06,6.256132e+06,3.281558e-01,6.450971e-01,-1.107076e+00,7.139068e-18,985,1759
3.996136e-09,-7.239101e-03,-1.429040e-02,2.500053e-02,-1.811534e+06,-3.576075e+06,6.256202e+06,3.274188e-03,6.451952e-03,-1.108819e-02,7.139068e-18,985,17583
0.000000e+00,1.869134e-07,-9.591121e-08,2.106732e-07,0.000000e+00,0.000000e+00,0.000000e+00,-8.432663e+07,2.495009e+07,-8.060018e+07,5.797823e-18,986,0
7.127273e-10,2.635845e-03,-7.876757e-04,2.500792e-03,3.698621e+06,-1.105216e+06,3.509036e+06,-6.038650e-01,1.810089e-01,-5.466049e-01,5.797823e-18,986,3136
7.124545e-09,2.635109e-02,-7.874230e-03,2.500042e-02,3.698689e+06,-1.105237e+06,3.509098e+06,-5.996164e-03,1.785878e-03,-5.509703e-03,5.797823e-18,986,31348
0.000000e+00,-2.800457e-08,-7.981028e-08,1.494346e-07,0.000000e+00,0.000000e+00,0.000000e+00,5.698749e+07,1.625991e+08,-2.807535e+08,9.750729e-18,987,0
2.218182e-10,-5.078117e-04,-1.448758e-03,2.501048e-03,-2.289257e+06,-6.531119e+06,1.127487e+07,2.383484e-01,6.703512e-01,-1.140789e+00,9.750729e-18,987,976
2.217500e-09,-5.076455e-03,-1.448283e-02,2.500217e-02,-2.289266e+06,-6.531142e+06,1.127491e+07,2.356416e-03,6.696983e-03,-1.142667e-02,9.750729e-18,987,9757
0.000000e+00,3.706675e-08,1.495330e-07,4.665656e-07,0.000000e+00,0.000000e+00,0.000000e+00,-6.478030e+06,-1.867546e+07,-4.110743e+07,3.775582e-18,988,0
9.188636e-10,3.657163e-04,1.161398e-03,2.500168e-03,3.982195e+05,1.264694e+06,2.722245e+06,-1.827133e-01,-6.526993e-01,-1.281373e+00,3.775582e-18,988,4043
9.183636e-09,3.657092e-03,1.161446e-02,2.500017e-02,3.982461e+05,1.264789e+06,2.722431e+06,-1.826630e-03,-6.126990e-03,-1.315454e-02,3.775582e-18,988,40408
0.000000e+00,-2.160657e-07,5.466691e-08,3.437964e-07,0.000000e+00,0.000000e+00,0.000000e+00,4.576098e+07,-8.758106e+06,-4.781771e+07,4.364397e-18,989,0
9.802273e-10,-2.423529e-03,4.830191e-04,2.500100e-03,-2.473176e+06,4.929139e+05,2.551144e+06,6.544853e-01,-1.367226e-01,-6.371284e-01,4.364397e-18,989,4313
9.799545e-09,-2.423600e-02,4.830338e-03,2.500017e-02,-2.473278e+06,4.929351e+05,2.551243e+06,6.344488e-03,-1.293692e-03,-6.493059e-03,4.364397e-18,989,43118
0.000000e+00,1.609653e-07,1.259938e-07,6.018019e-07,0.000000e+00,0.000000e+00,0.000000e+00,-1.528781e+07,-1.893197e+07,-3.923645e+07,2.917331e-18,990,0
9.859091e-10,9.730318e-04,1.107919e-03,2.500308e-03,9.875075e+05,1.124384e+06,2.537168e+06,-5.135728e-01,-5.356234e-01,-1.177465e+00,2.917331e-18,990,4338
9.853636e-09,9.730566e-03,1.107926e-02,2.500056e-02,9.875875e+05,1.124468e+06,2.537351e+06,-5.016252e-03,-5.252040e-03,-1.208669e-02,2.917331e-18,990,43356
0.000000e+00,-9.493351e-08,2.180111e-07,4.340575e-07,0.000000e+00,0.000000e+00,0.000000e+00,1.453582e+07,-3.072381e+07,-3.566123e+07,3.690996e-18,991,0
1.106136e-09,-1.014980e-03,2.092331e-03,2.500245e-03,-9.180262e+05,1.892373e+06,2.261150e+06,3.083064e-01,-5.902545e-01,-6.911468e-01,3.690996e-18,991,4867
1.105636e-08,-1.014999e-02,2.092272e-02,2.500019e-02,-9.180801e+05,1.892476e+06,2.261270e+06,2.993781e-03,-5.714991e-03,-7.095252e-03,3.690996e-18,991,48648
0.000000e+00,-1.746808e-07,-3.281842e-08,1.973978e-07,0.000000e+00,0.000000e+00,0.000000e+00,1.050338e+08,2.235054e+07,-9.479013e+07,6.443273e-18,992,0
6.243182e-10,-2.780830e-03,-5.915371e-04,2.500346e-03,-4.454453e+06,-9.475572e+05,4.005078e+06,6.043849e-01,1.296218e-01,-5.235855e-01,6.443273e-18,992,2747
6.242045e-09,-2.780501e-02,-5.914714e-03,2.500002e-02,-4.454513e+06,-9.475700e+05,4.005130e+06,6.018293e-03,1.289387e-03,-5.246171e-03,6.443273e-18,992,27465
0.000000e+00,1.577289e-07,1.167536e-07,4.047817e-07,0.000000e+00,0.000000e+00,0.000000e+00,-3.237356e+07,-2.782399e+07,-4.587175e+07,4.065143e-18,993,0
9.768182e-10,1.759333e-03,1.499562e-03,2.500413e-03,1.801719e+06,1.535702e+06,2.560418e+06,-5.336505e-01,-4.530699e-01,-7.099204e-01,4.065143e-18,993,4298
9.764091e-09,1.759213e-02,1.499470e-02,2.500030e-02,1.801801e+06,1.535772e+06,2.560528e+06,-5.114746e-03,-4.397851e-03,-7.279829e-03,4.065143e-18,993,42962
0.000000e+00,8.306966e-08,-1.774426e-07,5.862660e-07,0.000000e+00,0.000000e+00,0.000000e+00,-8.052084e+06,1.967445e+07,-3.652561e+07,3.008248e-18,994,0
1.000682e-09,5.116762e-04,-1.307203e-03,2.500348e-03,5.115929e+05,-1.307085e+06,2.499823e+06,-2.351102e-01,6.424167e-01,-1.159241e+00,3.008248e-18,994,4403
1.000068e-08,5.116289e-03,-1.307173e-02,2.500012e-02,5.116301e+05,-1.307187e+06,2.500007e+06,-2.175249e-03,6.175562e-03,-1.193490e-02,3.008248e-18,994,44003
0.000000e+00,-1.939581e-07,1.072414e-07,2.660502e-07,0.000000e+00,0.000000e+00,0.000000e+00,4.289596e+07,-3.347549e+07,-6.278549e+07,5.056149e-18,995,0
8.222727e-10,-1.764694e-03,1.350985e-03,2.500167e-03,-2.146591e+06,1.643386e+06,3.041168e+06,5.667626e-01,-4.281666e-01,-7.600129e-01,5.056149e-18,995,3618
8.220682e-09,-1.764650e-02,1.350977e-02,2.500058e-02,-2.146664e+06,1.643442e+06,3.041267e+06,5.576456e-03,-4.215561e-03,-7.681142e-03,5.056149e-18,995,36171
0.000000e+00,4.429792e-08,1.417550e-07,2.096382e-07,0.000000e+00,0.000000e+00,0.000000e+00,-3.005312e+07,-9.299249e+07,-1.108801e+08,6.707616e-18,996,0
5.350000e-10,6.789978e-04,2.103642e-03,2.500016e-03,1.269236e+06,3.932292e+06,4.673126e+06,-2.147172e-01,-6.767764e-01,-7.775786e-01,6.707616e-18,996,2354
5.349773e-09,6.790153e-03,2.103696e-02,2.500032e-02,1.269254e+06,3.932349e+06,4.673192e+06,-2.133033e-03,-6.732395e-03,-7.787657e-03,6.707616e-18,996,23539
0.000000e+00,3.229361e-08,-1.777975e-07,2.795421e-07,0.000000e+00,0.000000e+00,0.000000e+00,-1.044098e+07,6.095092e+07,-7.005406e+07,5.278193e-18,997,0
7.650000e-10,3.727013e-04,-2.200234e-03,2.500360e-03,4.872743e+05,-2.876682e+06,3.268938e+06,-1.096861e-01,6.955643e-01,-7.559555e-01,5.278193e-18,997,3366
7.647727e-09,3.726553e-03,-2.200013e-02,2.500009e-02,4.872876e+05,-2.876767e+06,3.269030e+06,-1.134482e-03,6.883392e-03,-7.610738e-03,5.278193e-18,997,33650
0.000000e+00,2.357021e-07,1.074238e-07,3.039960e-07,0.000000e+00,0.000000e+00,0.000000e+00,-5.135553e+07,-2.301232e+07,-4.208344e+07,4.416343e-18,998,0
1.147727e-09,3.094084e-03,1.388681e-03,2.500384e-03,2.696501e+06,1.210236e+06,2.178944e+06,-4.899309e-01,-2.186103e-01,-3.647252e-01,4.416343e-18,998,5050
1.147341e-08,3.093805e-02,1.388553e-02,2.500003e-02,2.696590e+06,1.210275e+06,2.179010e+06,-4.669078e-03,-2.114618e-03,-3.756043e-03,4.416343e-18,998,50483
0.000000e+00,-3.236460e-08,5.903489e-08,1.849107e-07,0.000000e+00,0.000000e+00,0.000000e+00,4.712116e+07,-8.002706e+07,-2.297181e+08,8.602845e-18,999,0
2.690909e-10,-5.134961e-04,8.720093e-04,2.501860e-03,-1.908253e+06,3.240542e+06,9.297289e+06,3.102241e-01,-5.238537e-01,-1.480423e+00,8.602845e-18,999,1184
2.689091e-09,-5.131495e-03,8.714167e-03,2.500143e-02,-1.908266e+06,3.240565e+06,9.297352e+06,3.092386e-03,-5.231976e-03,-1.483973e-02,8.602845e-18,999,11832
