0.000000e+00,1.189079e-07,3.372247e-08,2.549424e-07,0.000000e+00,0.000000e+00,0.000000e+00,-5.717676e+07,-1.893376e+07,-1.043573e+08,6.159737e-18,0,0
5.456818e-10,1.388609e-03,4.614069e-04,2.500035e-03,2.545112e+06,8.457077e+05,4.582005e+06,-7.749360e-01,-2.682054e-01,-1.262050e+00,6.159737e-18,0,2401
5.456136e-09,1.388654e-02,4.614310e-03,2.500020e-02,2.545179e+06,8.457308e+05,4.582114e+06,-7.699307e-03,-2.518379e-03,-1.277437e-02,6.159737e-18,0,24007
0.000000e+00,8.897375e-08,1.092693e-07,1.859434e-07,0.000000e+00,0.000000e+00,0.000000e+00,-7.360977e+07,-9.548315e+07,-1.352030e+08,7.299355e-18,1,0
4.490909e-10,1.366845e-03,1.774089e-03,2.500802e-03,3.043670e+06,3.950537e+06,5.568648e+06,-4.589565e-01,-6.077774e-01,-7.620643e-01,7.299355e-18,1,1976
4.489545e-09,1.366476e-02,1.773620e-02,2.500085e-02,3.043703e+06,3.950580e+06,5.568703e+06,-4.586715e-03,-5.990285e-03,-7.724266e-03,7.299355e-18,1,19754
0.000000e+00,8.858188e-08,2.475328e-07,3.105845e-07,0.000000e+00,0.000000e+00,0.000000e+00,-1.947239e+07,-5.009175e+07,-4.257407e+07,4.342596e-18,2,0
1.180455e-09,1.236181e-03,3.173553e-03,2.500257e-03,1.047511e+06,2.689159e+06,2.118331e+06,-2.096619e-01,-5.265078e-01,-2.947770e-01,4.342596e-18,2,5194
1.180182e-08,1.236252e-02,3.173695e-02,2.500030e-02,1.047550e+06,2.689256e+06,2.118386e+06,-1.831218e-03,-4.439000e-03,-3.416007e-03,4.342596e-18,2,51928
0.000000e+00,4.760325e-08,-5.180364e-08,1.198237e-07,0.000000e+00,0.000000e+00,0.000000e+00,-1.793676e+08,1.934666e+08,-4.310776e+08,1.192132e-17,3,0
1.452273e-10,1.041782e-03,-1.123663e-03,2.503562e-03,7.173220e+06,-7.737014e+06,1.723831e+07,-5.009232e-01,5.383747e-01,-1.164943e+00,1.192132e-17,3,639
1.450455e-09,1.040448e-02,-1.122224e-02,2.500350e-02,7.173231e+06,-7.737027e+06,1.723833e+07,-5.022093e-03,5.394582e-03,-1.168278e-02,1.192132e-17,3,6382
0.000000e+00,9.874614e-08,8.558882e-08,1.788345e-07,0.000000e+00,0.000000e+00,0.000000e+00,-9.506710e+07,-8.607107e+07,-1.519972e+08,7.671654e-18,4,0
4.020455e-10,1.568544e-03,1.420458e-03,2.500858e-03,3.901482e+06,3.533156e+06,6.220353e+06,-5.721452e-01,-5.236185e-01,-8.361542e-01,7.671654e-18,4,1769
4.019091e-09,1.568049e-02,1.420014e-02,2.500031e-02,3.901519e+06,3.533189e+06,6.220406e+06,-5.702553e-03,-5.181783e-03,-8.428600e-03,7.671654e-18,4,17684
0.000000e+00,2.752165e-08,8.604908e-08,4.145778e-07,0.000000e+00,0.000000e+00,0.000000e+00,-2.400917e+06,-1.435625e+07,-5.749550e+07,4.325266e-18,5,0
7.538636e-10,7.780658e-05,6.668740e-04,2.500374e-03,1.032400e+05,8.850926e+05,3.318154e+06,-6.366976e-02,-5.288487e-01,-1.721575e+00,4.325266e-18,5,3317
7.534318e-09,7.778630e-04,6.668557e-03,2.500012e-02,1.032476e+05,8.851556e+05,3.318359e+06,-5.951305e-04,-5.181956e-03,-1.786115e-02,4.325266e-18,5,33151
0.000000e+00,-1.991170e-08,-1.850329e-08,4.701555e-07,0.000000e+00,0.000000e+00,0.000000e+00,5.642729e+06,1.960507e+06,-4.944270e+07,3.952731e-18,6,0
8.302273e-10,-3.413294e-04,-6.206301e-05,2.500381e-03,-4.114782e+05,-7.479351e+04,3.013389e+06,2.995643e-01,5.990479e-02,-1.852500e+00,3.952731e-18,6,3653
8.296364e-09,-3.413724e-03,-6.205301e-04,2.500026e-02,-4.115175e+05,-7.480135e+04,3.013633e+06,2.802534e-03,5.731030e-04,-1.917258e-02,3.952731e-18,6,36504
0.000000e+00,-1.361678e-07,-5.687959e-08,3.348464e-07,0.000000e+00,0.000000e+00,0.000000e+00,3.405498e+07,1.380361e+07,-6.711058e+07,4.883245e-18,7,0
7.343182e-10,-1.325223e-03,-5.376793e-04,2.500030e-03,-1.805322e+06,-7.324798e+05,3.405476e+06,7.345807e-01,3.137369e-01,-1.253366e+00,4.883245e-18,7,3231
7.341136e-09,-1.325312e-02,-5.377239e-03,2.500018e-02,-1.805407e+06,-7.325162e+05,3.405621e+06,7.262676e-03,3.157344e-03,-1.290738e-02,4.883245e-18,7,32301
0.000000e+00,-1.202733e-07,9.063255e-09,2.236006e-07,0.000000e+00,0.000000e+00,0.000000e+00,7.860389e+07,-6.405821e+06,-1.267399e+08,6.779713e-18,8,0
4.677273e-10,-1.562148e-03,1.276099e-04,2.501124e-03,-3.340146e+06,2.728557e+05,5.347696e+06,8.139390e-01,-6.905190e-02,-1.187245e+00,6.779713e-18,8,2058
4.675000e-09,-1.561526e-02,1.275606e-03,2.500064e-02,-3.340206e+06,2.728608e+05,5.347783e+06,8.057927e-03,-7.174269e-04,-1.196915e-02,6.779713e-18,8,20570
0.000000e+00,3.269678e-08,2.303606e-07,3.018776e-07,0.000000e+00,0.000000e+00,0.000000e+00,-7.993727e+06,-5.396878e+07,-4.939489e+07,4.634937e-18,9,0
1.019773e-09,4.433007e-04,2.902700e-03,2.500407e-03,4.348361e+05,2.847215e+06,2.452327e+06,-1.039186e-01,-6.578368e-01,-4.416708e-01,4.634937e-18,9,4487
1.019455e-08,4.432950e-03,2.902606e-02,2.500049e-02,4.348528e+05,2.847321e+06,2.452398e+06,-9.297433e-04,-5.850599e-03,-4.781136e-03,4.634937e-18,9,44856
0.000000e+00,-4.084106e-08,-7.011790e-08,5.409647e-07,0.000000e+00,0.000000e+00,0.000000e+00,6.783030e+06,7.653625e+06,-4.294814e+07,3.429656e-18,10,0
9.095455e-10,-3.846056e-04,-5.739837e-04,2.500233e-03,-4.231607e+05,-6.315794e+05,2.750282e+06,2.679524e-01,4.402992e-01,-1.483100e+00,3.429656e-18,10,4002
9.090000e-09,-3.846513e-03,-5.741018e-03,2.500023e-02,-4.231991e+05,-6.316426e+05,2.750495e+06,2.118073e-03,3.615059e-03,-1.600570e-02,3.429656e-18,10,39996
0.000000e+00,-2.555242e-07,-3.851872e-08,5.017890e-07,0.000000e+00,0.000000e+00,0.000000e+00,2.801490e+07,3.874220e+06,-3.192430e+07,3.223074e-18,11,0
1.420000e-09,-2.737176e-03,-8.615589e-04,2.500298e-03,-1.928580e+06,-6.070898e+05,1.761246e+06,5.444278e-01,1.686883e-01,-3.740264e-01,3.223074e-18,11,6248
1.419455e-08,-2.737520e-02,-8.617254e-03,2.500030e-02,-1.928702e+06,-6.071275e+05,1.761331e+06,4.938309e-03,1.570656e-03,-4.537566e-03,3.223074e-18,11,62456
0.000000e+00,-1.689600e-08,1.626588e-07,1.998419e-07,0.000000e+00,0.000000e+00,0.000000e+00,1.096165e+07,-1.026348e+08,-1.075144e+08,6.633107e-18,12,0
5.534091e-10,-2.568941e-04,2.404972e-03,2.500678e-03,-4.642343e+05,4.346024e+06,4.518855e+06,7.891600e-02,-7.347670e-01,-6.828184e-01,6.633107e-18,12,2435
5.532500e-09,-2.568387e-03,2.404449e-02,2.500071e-02,-4.642412e+05,4.346089e+06,4.518915e+06,7.363927e-04,-7.250667e-03,-6.953198e-03,6.633107e-18,12,24343
0.000000e+00,9.845531e-08,1.785923e-07,3.818365e-07,0.000000e+00,0.000000e+00,0.000000e+00,-1.510091e+07,-3.180564e+07,-4.594515e+07,4.176668e-18,13,0
9.831818e-10,9.059527e-04,1.883564e-03,2.500356e-03,9.218606e+05,1.916659e+06,2.543913e+06,-3.412587e-01,-7.098149e-01,-7.806438e-01,4.176668e-18,13,4326
9.827500e-09,9.059569e-03,1.883592e-02,2.500042e-02,9.219135e+05,1.916770e+06,2.544034e+06,-3.071646e-03,-6.462111e-03,-8.267883e-03,4.176668e-18,13,43241
0.000000e+00,1.517506e-07,1.221096e-07,4.596501e-07,0.000000e+00,0.000000e+00,0.000000e+00,-1.653936e+07,-1.630290e+07,-4.102145e+07,3.680407e-18,14,0
1.030455e-09,1.178972e-03,1.141430e-03,2.500346e-03,1.144770e+06,1.108425e+06,2.427462e+06,-5.049394e-01,-5.611766e-01,-9.499942e-01,3.680407e-18,14,4534
1.029886e-08,1.178980e-02,1.141547e-02,2.500025e-02,1.144852e+06,1.108517e+06,2.427617e+06,-4.590383e-03,-4.878807e-03,-1.044732e-02,3.680407e-18,14,45315
0.000000e+00,-1.479714e-07,-3.581342e-08,2.425632e-07,0.000000e+00,0.000000e+00,0.000000e+00,7.190448e+07,1.627047e+07,-9.530884e+07,6.065710e-18,15,0
6.006818e-10,-1.915494e-03,-4.321175e-04,2.500599e-03,-3.189316e+06,-7.194706e+05,4.163325e+06,8.049026e-01,1.755762e-01,-9.210303e-01,6.065710e-18,15,2643
6.005000e-09,-1.915191e-02,-4.320440e-03,2.500092e-02,-3.189392e+06,-7.194872e+05,4.163412e+06,7.798677e-03,1.773394e-03,-9.385940e-03,6.065710e-18,15,26422
0.000000e+00,5.750607e-08,-1.131634e-07,4.494154e-07,0.000000e+00,0.000000e+00,0.000000e+00,-7.996750e+06,1.798180e+07,-4.482693e+07,3.976069e-18,16,0
9.322727e-10,5.040277e-04,-1.130414e-03,2.500433e-03,5.409704e+05,-1.213336e+06,2.683378e+06,-2.750655e-01,6.743414e-01,-1.286375e+00,3.976069e-18,16,4102
9.316591e-09,5.039976e-03,-1.130410e-02,2.500004e-02,5.410109e+05,-1.213436e+06,2.683567e+06,-2.585988e-03,5.938414e-03,-1.355580e-02,3.976069e-18,16,40993
0.000000e+00,-4.708681e-08,-6.665045e-08,6.404144e-07,0.000000e+00,0.000000e+00,0.000000e+00,7.875319e+06,6.927565e+06,-3.102791e+07,2.898715e-18,17,0
1.121364e-09,-7.594894e-04,-5.699065e-04,2.500113e-03,-6.778977e+05,-5.086694e+05,2.230850e+06,4.033270e-01,3.156857e-01,-1.143503e+00,2.898715e-18,17,4934
1.120659e-08,-7.596837e-03,-5.700419e-03,2.500044e-02,-6.779690e+05,-5.087252e+05,2.231054e+06,3.863415e-03,2.946491e-03,-1.314080e-02,2.898715e-18,17,49309
0.000000e+00,7.675906e-08,-9.815989e-08,4.627529e-07,0.000000e+00,0.000000e+00,0.000000e+00,-1.129476e+07,1.167673e+07,-4.601080e+07,3.886250e-18,18,0
8.922727e-10,7.123106e-04,-7.288950e-04,2.500029e-03,7.988600e+05,-8.174485e+05,2.803239e+06,-4.695921e-01,4.917463e-01,-1.433040e+00,3.886250e-18,18,3926
8.918409e-09,7.124509e-03,-7.290308e-03,2.500055e-02,7.989261e+05,-8.175178e+05,2.803442e+06,-4.220684e-03,4.454550e-03,-1.510950e-02,3.886250e-18,18,39241
0.000000e+00,2.331286e-07,1.571343e-08,3.838121e-07,0.000000e+00,0.000000e+00,0.000000e+00,-4.173297e+07,-2.815347e+06,-4.295063e+07,4.028166e-18,19,0
1.095909e-09,2.648999e-03,1.719875e-04,2.500203e-03,2.418086e+06,1.569902e+05,2.281884e+06,-6.774500e-01,-4.077302e-02,-4.921678e-01,4.028166e-18,19,4822
1.095591e-08,2.649229e-02,1.719968e-03,2.500027e-02,2.418203e+06,1.569972e+05,2.281969e+06,-5.941022e-03,-4.483526e-04,-5.506508e-03,4.028166e-18,19,48206
0.000000e+00,-2.888536e-08,1.799239e-07,2.927615e-07,0.000000e+00,0.000000e+00,0.000000e+00,9.897125e+06,-5.703228e+07,-6.678233e+07,5.126036e-18,20,0
7.911364e-10,-3.762428e-04,2.205041e-03,2.500091e-03,-4.756787e+05,2.787862e+06,3.160633e+06,1.207239e-01,-7.734387e-01,-7.411573e-01,5.126036e-18,20,3481
7.909773e-09,-3.762515e-03,2.205139e-02,2.500004e-02,-4.756938e+05,2.787959e+06,3.160726e+06,1.281406e-03,-7.530274e-03,-7.715640e-03,5.126036e-18,20,34803
0.000000e+00,1.189624e-07,2.378524e-07,4.043662e-07,0.000000e+00,0.000000e+00,0.000000e+00,-1.136825e+07,-3.306863e+07,-3.196348e+07,3.729626e-18,21,0
1.345227e-09,1.075133e-03,2.851107e-03,2.500327e-03,7.995785e+05,2.120363e+06,1.859086e+06,-2.122148e-01,-5.398871e-01,-3.315772e-01,3.729626e-18,21,5919
1.344750e-08,1.075230e-02,2.851347e-02,2.500021e-02,7.996234e+05,2.120477e+06,1.859158e+06,-1.827194e-03,-4.690799e-03,-4.122504e-03,3.729626e-18,21,59169
0.000000e+00,9.450641e-08,1.448599e-07,2.339676e-07,0.000000e+00,0.000000e+00,0.000000e+00,-5.019901e+07,-6.422530e+07,-9.503897e+07,5.967272e-18,22,0
6.088636e-10,1.339123e-03,1.717719e-03,2.500931e-03,2.199654e+06,2.821506e+06,4.107849e+06,-4.912888e-01,-6.344515e-01,-7.964960e-01,5.967272e-18,22,2679
6.085909e-09,1.338694e-02,1.717151e-02,2.500016e-02,2.199701e+06,2.821567e+06,4.107926e+06,-4.738506e-03,-6.176560e-03,-8.087816e-03,5.967272e-18,22,26778
0.000000e+00,-3.563263e-08,9.791954e-08,2.074447e-07,0.000000e+00,0.000000e+00,0.000000e+00,3.195597e+07,-8.062356e+07,-1.436102e+08,7.376637e-18,23,0
4.190909e-10,-5.602316e-04,1.411966e-03,2.501208e-03,-1.336870e+06,3.369316e+06,5.968366e+06,3.052323e-01,-7.466398e-01,-1.185199e+00,7.376637e-18,23,1844
4.188864e-09,-5.599991e-03,1.411368e-02,2.500084e-02,-1.336890e+06,3.369366e+06,5.968444e+06,2.922942e-03,-7.398628e-03,-1.215827e-02,7.376637e-18,23,18431
0.000000e+00,4.599306e-08,-5.778825e-09,6.285728e-07,0.000000e+00,0.000000e+00,0.000000e+00,-5.983855e+06,-1.059187e+06,-3.764378e+07,2.978504e-18,24,0
9.402273e-10,3.166187e-04,-4.429644e-06,2.500051e-03,3.370747e+05,-4.661639e+03,2.660541e+06,-2.881709e-01,-4.745323e-02,-1.616490e+00,2.978504e-18,24,4137
9.396591e-09,3.167344e-03,-4.380090e-05,2.500024e-02,3.371174e+05,-4.654598e+03,2.660782e+06,-2.587774e-03,-4.107777e-04,-1.735010e-02,2.978504e-18,24,41345
0.000000e+00,-4.335130e-08,3.440842e-08,4.973022e-07,0.000000e+00,0.000000e+00,0.000000e+00,1.022249e+07,-2.627956e+06,-4.769175e+07,3.727128e-18,25,0
8.331818e-10,-5.460833e-04,1.902500e-04,2.500403e-03,-6.559282e+05,2.285249e+05,3.002600e+06,4.662236e-01,-1.760639e-01,-1.733276e+00,3.727128e-18,25,3666
8.326136e-09,-5.461304e-03,1.902720e-03,2.500016e-02,-6.559896e+05,2.285481e+05,3.002828e+06,4.365569e-03,-1.568465e-03,-1.799508e-02,3.727128e-18,25,36635
0.000000e+00,1.475443e-07,-1.908713e-07,2.582176e-07,0.000000e+00,0.000000e+00,0.000000e+00,-4.074201e+07,5.285267e+07,-5.325422e+07,4.950177e-18,26,0
9.993182e-10,2.002035e-03,-2.596028e-03,2.500179e-03,2.003818e+06,-2.598333e+06,2.502186e+06,-3.735020e-01,4.779276e-01,-3.654385e-01,4.950177e-18,26,4397
9.991364e-09,2.002090e-02,-2.596092e-02,2.500038e-02,2.003877e+06,-2.598408e+06,2.502244e+06,-3.286283e-03,4.274476e-03,-3.896531e-03,4.950177e-18,26,43962
0.000000e+00,1.247602e-08,-2.003253e-07,4.767192e-07,0.000000e+00,0.000000e+00,0.000000e+00,1.524478e+07,1.875938e+07,-3.256030e+07,3.581178e-18,27,0
1.189773e-09,-1.032196e-03,-1.620331e-03,2.500430e-03,-8.680084e+05,-1.362659e+06,2.102443e+06,2.716578e-01,5.312543e-01,-6.894267e-01,3.581178e-18,27,5235
1.189091e-08,-1.032132e-02,-1.620321e-02,2.500011e-02,-8.680593e+05,-1.362758e+06,2.102574e+06,2.440365e-03,4.544560e-03,-8.254364e-03,3.581178e-18,27,52320
0.000000e+00,-2.168799e-07,-1.660724e-07,3.704129e-07,0.000000e+00,0.000000e+00,0.000000e+00,3.764382e+07,2.575541e+07,-3.628684e+07,3.890461e-18,28,0
1.292727e-09,-2.806638e-03,-1.913848e-03,2.500174e-03,-2.171826e+06,-1.480951e+06,1.934315e+06,4.505011e-01,3.040549e-01,-2.732512e-01,3.890461e-18,28,5688
1.292455e-08,-2.806981e-02,-1.914059e-02,2.500031e-02,-2.171918e+06,-1.481012e+06,1.934371e+06,3.797915e-03,2.574786e-03,-3.350452e-03,3.890461e-18,28,56868
0.000000e+00,-1.080321e-07,4.454004e-08,6.058918e-07,0.000000e+00,0.000000e+00,0.000000e+00,7.603899e+06,-6.638996e+06,-3.673152e+07,3.027528e-18,29,0
9.804545e-10,-5.916070e-04,3.960638e-04,2.500570e-03,-6.037983e+05,4.042002e+05,2.551854e+06,3.484820e-01,-2.073671e-01,-1.428025e+00,3.027528e-18,29,4314
9.796818e-09,-5.915306e-03,3.959874e-03,2.500026e-02,-6.038522e+05,4.042323e+05,2.552076e+06,2.721164e-03,-1.638658e-03,-1.549593e-02,3.027528e-18,29,43106
0.000000e+00,-2.458987e-07,1.201484e-07,5.049714e-07,0.000000e+00,0.000000e+00,0.000000e+00,2.420486e+07,-1.250011e+07,-3.085144e+07,3.160106e-18,30,0
1.295455e-09,-2.195460e-03,1.137731e-03,2.500009e-03,-1.695695e+06,8.787388e+05,1.930395e+06,5.881045e-01,-2.989479e-01,-4.667551e-01,3.160106e-18,30,5700
1.295068e-08,-2.196033e-02,1.138022e-02,2.500013e-02,-1.695814e+06,8.787997e+05,1.930492e+06,5.021419e-03,-2.605570e-03,-5.762700e-03,3.160106e-18,30,56983
0.000000e+00,2.545383e-07,9.753489e-08,3.356079e-07,0.000000e+00,0.000000e+00,0.000000e+00,-4.733298e+07,-2.042133e+07,-3.832521e+07,4.110790e-18,31,0
1.291364e-09,3.363973e-03,1.450383e-03,2.500254e-03,2.605717e+06,1.123461e+06,1.936364e+06,-4.700292e-01,-1.978497e-01,-2.365653e-01,4.110790e-18,31,5682
1.291091e-08,3.364214e-02,1.450488e-02,2.500039e-02,2.605812e+06,1.123501e+06,1.936413e+06,-3.956738e-03,-1.665183e-03,-2.884439e-03,4.110790e-18,31,56808
0.000000e+00,-3.130385e-09,-2.192292e-07,3.048450e-07,0.000000e+00,0.000000e+00,0.000000e+00,3.747315e+06,5.579966e+07,-5.627178e+07,4.724463e-18,32,0
9.193182e-10,-1.789401e-04,-2.601903e-03,2.500353e-03,-1.947192e+05,-2.830995e+06,2.720236e+06,5.840215e-02,7.110001e-01,-5.601777e-01,4.724463e-18,32,4045
9.190455e-09,-1.789547e-03,-2.601816e-02,2.500035e-02,-1.947277e+05,-2.831098e+06,2.720318e+06,4.721489e-04,6.604313e-03,-5.930376e-03,4.724463e-18,32,40438
0.000000e+00,-1.760257e-07,-1.674175e-07,4.266257e-07,0.000000e+00,0.000000e+00,0.000000e+00,2.646263e+07,2.335316e+07,-4.422215e+07,3.710978e-18,33,0
1.013182e-09,-1.616773e-03,-1.439748e-03,2.500155e-03,-1.596447e+06,-1.421645e+06,2.468339e+06,5.802405e-01,5.213175e-01,-7.327576e-01,3.710978e-18,33,4458
1.012841e-08,-1.616945e-02,-1.439899e-02,2.500051e-02,-1.596540e+06,-1.421728e+06,2.468457e+06,5.192699e-03,4.549574e-03,-7.862953e-03,3.710978e-18,33,44565
0.000000e+00,1.425679e-07,-4.800986e-08,3.270710e-07,0.000000e+00,0.000000e+00,0.000000e+00,-3.422691e+07,1.378407e+07,-6.437312e+07,4.976421e-18,34,0
7.029545e-10,1.329016e-03,-8.803838e-04,2.500286e-03,1.891192e+06,-1.252956e+06,3.557705e+06,-6.938175e-01,4.570523e-01,-1.161620e+00,4.976421e-18,34,3093
7.027045e-09,1.328949e-02,-8.804457e-03,2.500021e-02,1.891269e+06,-1.253007e+06,3.557834e+06,-6.698312e-03,4.470168e-03,-1.185291e-02,4.976421e-18,34,30919
0.000000e+00,2.162548e-08,-1.891430e-07,5.980456e-07,0.000000e+00,0.000000e+00,0.000000e+00,-2.951817e+06,1.501744e+07,-3.861039e+07,2.956614e-18,35,0
9.793182e-10,2.058842e-04,-1.193435e-03,2.500242e-03,2.103598e+05,-1.219420e+06,2.554189e+06,-8.441952e-02,6.464368e-01,-1.195158e+00,2.956614e-18,35,4309
9.787955e-09,2.058962e-03,-1.193559e-02,2.500052e-02,2.103728e+05,-1.219520e+06,2.554375e+06,-7.529175e-04,5.372115e-03,-1.292224e-02,2.956614e-18,35,43067
0.000000e+00,1.227196e-07,2.084291e-07,4.146834e-07,0.000000e+00,0.000000e+00,0.000000e+00,-1.765033e+07,-2.821365e+07,-3.975938e+07,3.777822e-18,36,0
1.119318e-09,1.216956e-03,1.985768e-03,2.500068e-03,1.087722e+06,1.774934e+06,2.234201e+06,-3.589808e-01,-6.105050e-01,-5.893337e-01,3.777822e-18,36,4925
1.118977e-08,1.217134e-02,1.986106e-02,2.500036e-02,1.087785e+06,1.775041e+06,2.234306e+06,-3.065114e-03,-5.204096e-03,-6.678451e-03,3.777822e-18,36,49235
0.000000e+00,4.739571e-08,-1.441608e-07,1.902112e-07,0.000000e+00,0.000000e+00,0.000000e+00,-3.671570e+07,1.108291e+08,-1.148671e+08,7.034963e-18,37,0
5.236364e-10,8.024731e-04,-2.429217e-03,2.500372e-03,1.532572e+06,-4.639373e+06,4.775117e+06,-2.191016e-01,6.996329e-01,-6.250709e-01,7.034963e-18,37,2304
5.235455e-09,8.023747e-03,-2.428932e-02,2.500006e-02,1.532591e+06,-4.639431e+06,4.775169e+06,-2.129909e-03,6.884708e-03,-6.362302e-03,7.034963e-18,37,23036
0.000000e+00,3.464845e-08,-1.659089e-07,2.273150e-07,0.000000e+00,0.000000e+00,0.000000e+00,-1.566627e+07,8.065090e+07,-8.979969e+07,6.111883e-18,38,0
6.395455e-10,4.428475e-04,-2.278025e-03,2.500452e-03,6.925236e+05,-3.562392e+06,3.910059e+06,-1.467760e-01,7.633149e-01,-7.353013e-01,6.111883e-18,38,2814
6.393864e-09,4.427919e-03,-2.277753e-02,2.500053e-02,6.925384e+05,-3.562469e+06,3.910133e+06,-1.477654e-03,7.502154e-03,-7.485632e-03,6.111883e-18,38,28133
0.000000e+00,1.773558e-07,-5.691391e-08,4.184611e-07,0.000000e+00,0.000000e+00,0.000000e+00,-3.159710e+07,8.456690e+06,-4.477936e+07,4.001654e-18,39,0
9.986364e-10,1.930292e-03,-5.626195e-04,2.500185e-03,1.933875e+06,-5.636751e+05,2.504365e+06,-7.470545e-01,2.247302e-01,-7.751598e-01,4.001654e-18,39,4394
9.982727e-09,1.930528e-02,-5.626991e-03,2.500054e-02,1.933993e+06,-5.637105e+05,2.504488e+06,-6.505714e-03,2.067893e-03,-8.410793e-03,4.001654e-18,39,43924
0.000000e+00,-8.280686e-08,-9.222001e-08,3.864217e-07,0.000000e+00,0.000000e+00,0.000000e+00,1.870688e+07,1.809506e+07,-5.773411e+07,4.474449e-18,40,0
7.768182e-10,-8.358834e-04,-8.485360e-04,2.500014e-03,-1.076557e+06,-1.092851e+06,3.219437e+06,5.421758e-01,5.461880e-01,-1.406472e+00,4.474449e-18,40,3418
7.765455e-09,-8.359936e-03,-8.486462e-03,2.500049e-02,-1.076624e+06,-1.092918e+06,3.219610e+06,5.138956e-03,5.403431e-03,-1.448085e-02,4.474449e-18,40,34168
0.000000e+00,-4.313529e-08,2.348036e-07,2.593602e-07,0.000000e+00,0.000000e+00,0.000000e+00,1.226181e+07,-6.491231e+07,-4.976400e+07,4.951044e-18,41,0
1.049318e-09,-6.322084e-04,3.392044e-03,2.500418e-03,-6.026278e+05,3.233297e+06,2.383181e+06,1.105551e-01,-5.612506e-01,-3.225220e-01,4.951044e-18,41,4617
1.049023e-08,-6.321706e-03,3.391803e-02,2.500023e-02,-6.026461e+05,3.233390e+06,2.383235e+06,9.883624e-04,-4.990888e-03,-3.483823e-03,4.951044e-18,41,46157
0.000000e+00,1.261214e-07,-5.694680e-09,6.129943e-07,0.000000e+00,0.000000e+00,0.000000e+00,-8.963425e+06,1.372574e+06,-3.612265e+07,2.987528e-18,42,0
1.002500e-09,7.202434e-04,-2.080581e-04,2.500362e-03,7.191021e+05,-2.077300e+05,2.495345e+06,-5.239245e-01,1.360428e-01,-1.234397e+00,2.987528e-18,42,4411
1.001864e-08,7.204385e-03,-2.081141e-03,2.500019e-02,7.191849e+05,-2.077516e+05,2.495541e+06,-3.918302e-03,1.251049e-03,-1.444085e-02,2.987528e-18,42,44082
0.000000e+00,-8.449559e-08,-1.967372e-07,5.929921e-07,0.000000e+00,0.000000e+00,0.000000e+00,9.937958e+06,1.592728e+07,-3.408021e+07,2.922341e-18,43,0
1.097727e-09,-7.079729e-04,-1.324471e-03,2.500418e-03,-6.452818e+05,-1.207368e+06,2.278740e+06,2.648179e-01,6.123768e-01,-8.863212e-01,2.922341e-18,43,4830
1.097091e-08,-7.079332e-03,-1.324590e-02,2.500009e-02,-6.453276e+05,-1.207474e+06,2.278894e+06,2.647168e-03,5.079593e-03,-1.036123e-02,2.922341e-18,43,48272
0.000000e+00,-2.361539e-07,-1.010049e-08,5.345034e-07,0.000000e+00,0.000000e+00,0.000000e+00,2.527255e+07,-2.609005e+06,-3.194714e+07,3.132796e-18,44,0
1.227045e-09,-2.132390e-03,1.690219e-04,2.500223e-03,-1.738860e+06,1.378015e+05,2.038307e+06,6.745781e-01,-2.346945e-02,-6.043454e-01,3.132796e-18,44,5399
1.226500e-08,-2.132704e-02,1.690110e-03,2.500004e-02,-1.738990e+06,1.378060e+05,2.038425e+06,5.917548e-03,-3.234274e-04,-7.165967e-03,3.132796e-18,44,53966
0.000000e+00,4.984549e-08,-1.236746e-07,6.460000e-07,0.000000e+00,0.000000e+00,0.000000e+00,-4.761600e+06,1.120474e+07,-3.719236e+07,2.819939e-18,45,0
9.781818e-10,3.045116e-04,-8.021699e-04,2.500073e-03,3.115437e+05,-8.206469e+05,2.557054e+06,-2.129412e-01,5.010946e-01,-1.292433e+00,2.819939e-18,45,4304
9.776818e-09,3.045911e-03,-8.023306e-03,2.500012e-02,3.115766e+05,-8.207241e+05,2.557254e+06,-2.199206e-03,4.170079e-03,-1.442189e-02,2.819939e-18,45,43018
0.000000e+00,2.091722e-07,-8.259120e-08,5.185892e-07,0.000000e+00,0.000000e+00,0.000000e+00,-2.057987e+07,6.846406e+06,-3.856386e+07,3.281325e-18,46,0
1.065000e-09,1.572836e-03,-5.173630e-04,2.500205e-03,1.477762e+06,-4.860829e+05,2.348435e+06,-7.055928e-01,2.314531e-01,-8.166018e-01,3.281325e-18,46,4686
1.064545e-08,1.573141e-02,-5.174567e-03,2.500037e-02,1.477880e+06,-4.861218e+05,2.348573e+06,-5.700144e-03,2.105796e-03,-9.715369e-03,3.281325e-18,46,46840
0.000000e+00,-8.365768e-08,-3.804097e-08,5.265818e-07,0.000000e+00,0.000000e+00,0.000000e+00,4.252741e+06,-3.160261e+06,-3.904566e+07,3.499675e-18,47,0
9.954545e-10,-3.758588e-04,1.073187e-04,2.500382e-03,-3.778324e+05,1.079061e+05,2.513236e+06,2.383860e-01,-7.166487e-02,-1.363519e+00,3.499675e-18,47,4380
9.947273e-09,-3.758423e-03,1.073358e-03,2.500000e-02,-3.778698e+05,1.079173e+05,2.513451e+06,1.616397e-03,-1.464710e-04,-1.609858e-02,3.499675e-18,47,43768
0.000000e+00,4.518466e-08,-1.984054e-07,2.386672e-07,0.000000e+00,0.000000e+00,0.000000e+00,-1.715203e+07,7.173329e+07,-6.627357e+07,5.557570e-18,48,0
8.272727e-10,6.670727e-04,-2.780334e-03,2.500523e-03,8.065076e+05,-3.361443e+06,3.022959e+06,-1.718379e-01,6.796454e-01,-5.126533e-01,5.557570e-18,48,3640
8.270227e-09,6.670010e-03,-2.779995e-02,2.500068e-02,8.065300e+05,-3.361532e+06,3.023026e+06,-1.533082e-03,6.451139e-03,-5.336103e-03,5.557570e-18,48,36389
0.000000e+00,-4.062566e-08,1.303740e-07,5.781068e-07,0.000000e+00,0.000000e+00,0.000000e+00,6.986757e+06,-9.709362e+06,-3.786938e+07,3.148567e-18,49,0
1.002500e-09,-5.060384e-04,6.521009e-04,2.500439e-03,-5.051329e+05,6.508976e+05,2.495545e+06,2.702909e-01,-3.929210e-01,-1.319929e+00,3.148567e-18,49,4411
1.001795e-08,-5.060360e-03,6.520702e-03,2.500047e-02,-5.051756e+05,6.509597e+05,2.495755e+06,2.197054e-03,-3.165936e-03,-1.469424e-02,3.148567e-18,49,44079
0.000000e+00,-4.590339e-08,9.296830e-08,4.048287e-07,0.000000e+00,0.000000e+00,0.000000e+00,1.136249e+07,-1.681194e+07,-5.669738e+07,4.364023e-18,50,0
7.765909e-10,-5.239919e-04,7.857127e-04,2.500016e-03,-6.751193e+05,1.012279e+06,3.220522e+06,3.856899e-01,-5.616609e-01,-1.556968e+00,4.364023e-18,50,3417
7.762727e-09,-5.240741e-03,7.858032e-03,2.500013e-02,-6.751666e+05,1.012348e+06,3.220713e+06,3.637360e-03,-5.460834e-03,-1.609286e-02,4.364023e-18,50,34156
0.000000e+00,-2.652499e-08,1.840505e-07,1.887035e-07,0.000000e+00,0.000000e+00,0.000000e+00,1.505924e+07,-1.100490e+08,-9.006005e+07,6.450663e-18,51,0
6.590909e-10,-4.214093e-04,3.087281e-03,2.500096e-03,-6.394168e+05,4.684461e+06,3.793369e+06,8.104552e-02,-6.182367e-01,-4.248293e-01,6.450663e-18,51,2900
6.590455e-09,-4.214064e-03,3.087284e-02,2.500017e-02,-6.394252e+05,4.684525e+06,3.793414e+06,7.888171e-04,-6.045298e-03,-4.372091e-03,6.450663e-18,51,28998
0.000000e+00,-6.472583e-09,2.954227e-08,4.938646e-07,0.000000e+00,0.000000e+00,0.000000e+00,1.836145e+06,-5.548800e+06,-4.780585e+07,3.774193e-18,52,0
8.513636e-10,-1.088893e-04,3.134183e-04,2.500447e-03,-1.280109e+05,3.684694e+05,2.938615e+06,9.522778e-02,-2.991486e-01,-1.753133e+00,3.774193e-18,52,3746
8.507500e-09,-1.089040e-03,3.134725e-03,2.500038e-02,-1.280237e+05,3.685097e+05,2.938851e+06,8.338978e-04,-2.608496e-03,-1.875999e-02,3.774193e-18,52,37433
0.000000e+00,2.420666e-07,6.356319e-08,3.281313e-07,0.000000e+00,0.000000e+00,0.000000e+00,-4.941611e+07,-1.339032e+07,-4.564367e+07,4.321126e-18,53,0
1.093636e-09,2.936250e-03,7.836926e-04,2.500090e-03,2.685668e+06,7.167957e+05,2.286382e+06,-6.221998e-01,-1.559623e-01,-3.787278e-01,4.321126e-18,53,4812
1.093432e-08,2.936593e-02,7.837670e-03,2.500018e-02,2.685775e+06,7.168225e+05,2.286448e+06,-5.313806e-03,-1.401774e-03,-4.317454e-03,4.321126e-18,53,48111
0.000000e+00,-1.199024e-07,-9.015119e-08,5.105076e-07,0.000000e+00,0.000000e+00,0.000000e+00,1.515182e+07,9.245822e+06,-4.090910e+07,3.488465e-18,54,0
1.046136e-09,-1.111772e-03,-6.856256e-04,2.500342e-03,-1.063489e+06,-6.558159e+05,2.391140e+06,5.627314e-01,3.264472e-01,-1.025157e+00,3.488465e-18,54,4603
1.045523e-08,-1.111896e-02,-6.856677e-03,2.500011e-02,-1.063582e+06,-6.558697e+05,2.391310e+06,4.731927e-03,2.745030e-03,-1.186031e-02,3.488465e-18,54,46003
0.000000e+00,1.027686e-08,1.851896e-07,2.190789e-07,0.000000e+00,0.000000e+00,0.000000e+00,-6.612890e+06,-8.903714e+07,-8.401056e+07,6.003189e-18,55,0
6.881818e-10,2.009339e-04,2.691002e-03,2.500331e-03,2.920188e+05,3.910740e+06,3.633482e+06,-5.624628e-02,-7.010860e-01,-5.568197e-01,6.003189e-18,55,3028
6.880455e-09,2.009225e-03,2.690776e-02,2.500015e-02,2.920250e+05,3.910816e+06,3.633542e+06,-5.302804e-04,-6.878206e-03,-5.676621e-03,6.003189e-18,55,30274
0.000000e+00,-1.013495e-07,-8.730898e-08,1.320521e-07,0.000000e+00,0.000000e+00,0.000000e+00,1.572103e+08,1.373378e+08,-1.835594e+08,8.907083e-18,56,0
3.381818e-10,-2.144459e-03,-1.873537e-03,2.501589e-03,-6.341065e+06,-5.539967e+06,7.397021e+06,4.847302e-01,4.271441e-01,-5.225187e-01,8.907083e-18,56,1488
3.379773e-09,-2.143145e-02,-1.872391e-02,2.500037e-02,-6.341091e+06,-5.539990e+06,7.397049e+06,4.813176e-03,4.241270e-03,-5.268120e-03,8.907083e-18,56,14871
0.000000e+00,-1.111173e-07,-1.157658e-07,6.196240e-07,0.000000e+00,0.000000e+00,0.000000e+00,1.022391e+07,9.570066e+06,-3.468062e+07,2.889448e-18,57,0
1.034545e-09,-8.143422e-04,-6.945706e-04,2.500136e-03,-7.876988e+05,-6.718242e+05,2.417786e+06,4.315158e-01,3.832849e-01,-1.127753e+00,2.889448e-18,57,4552
1.034000e-08,-8.144780e-03,-6.946682e-03,2.500015e-02,-7.877692e+05,-6.718867e+05,2.417971e+06,3.660668e-03,3.452911e-03,-1.296074e-02,2.889448e-18,57,45496
0.000000e+00,2.783589e-09,2.092541e-07,3.223923e-07,0.000000e+00,0.000000e+00,0.000000e+00,-1.253307e+06,-4.824629e+07,-5.467909e+07,4.628869e-18,58,0
9.070455e-10,5.618504e-05,2.330977e-03,2.500091e-03,6.195455e+04,2.570673e+06,2.756882e+06,-9.891350e-03,-7.660362e-01,-6.781503e-01,4.628869e-18,58,3991
9.068182e-09,5.618141e-04,2.331133e-02,2.500004e-02,6.195595e+04,2.570783e+06,2.756979e+06,-2.295786e-05,-7.182348e-03,-7.205733e-03,4.628869e-18,58,39900
0.000000e+00,2.288520e-07,1.722360e-07,3.628228e-07,0.000000e+00,0.000000e+00,0.000000e+00,-3.601482e+07,-2.684591e+07,-3.546488e+07,3.853948e-18,59,0
1.336136e-09,2.804037e-03,2.089017e-03,2.500061e-03,2.099296e+06,1.564007e+06,1.871380e+06,-4.092745e-01,-3.218347e-01,-2.510349e-01,3.853948e-18,59,5879
1.335909e-08,2.804464e-02,2.089368e-02,2.500011e-02,2.099382e+06,1.564075e+06,1.871434e+06,-3.442218e-03,-2.708239e-03,-3.157442e-03,3.853948e-18,59,58780
0.000000e+00,1.606481e-07,-1.170900e-07,4.789799e-07,0.000000e+00,0.000000e+00,0.000000e+00,-2.337275e+07,2.152405e+07,-3.745025e+07,3.581461e-18,60,0
1.177955e-09,1.669884e-03,-1.585795e-03,2.500213e-03,1.418332e+06,-1.346947e+06,2.123088e+06,-4.996549e-01,4.631080e-01,-5.536097e-01,3.581461e-18,60,5183
1.177523e-08,1.670115e-02,-1.586051e-02,2.500006e-02,1.418425e+06,-1.347033e+06,2.123192e+06,-4.161085e-03,3.954068e-03,-6.593414e-03,3.581461e-18,60,51811
0.000000e+00,-1.318449e-07,1.490233e-07,2.137825e-07,0.000000e+00,0.000000e+00,0.000000e+00,6.004080e+07,-6.742359e+07,-7.776558e+07,5.896924e-18,61,0
7.409091e-10,-1.962894e-03,2.204750e-03,2.500277e-03,-2.649599e+06,2.976067e+06,3.374829e+06,4.356363e-01,-4.904153e-01,-4.695687e-01,5.896924e-18,61,3260
7.407955e-09,-1.962817e-02,2.204664e-02,2.500072e-02,-2.649650e+06,2.976124e+06,3.374884e+06,4.192705e-03,-4.774245e-03,-4.815297e-03,5.896924e-18,61,32595
0.000000e+00,-1.359149e-08,-1.587912e-07,5.205003e-07,0.000000e+00,0.000000e+00,0.000000e+00,3.222751e+06,1.873263e+07,-3.947597e+07,3.424190e-18,62,0
9.965909e-10,-1.360538e-04,-1.324212e-03,2.500001e-03,-1.366094e+05,-1.329654e+06,2.509691e+06,9.570594e-02,7.244169e-01,-1.106373e+00,3.424190e-18,62,4385
9.961364e-09,-1.360838e-03,-1.324510e-02,2.500010e-02,-1.366245e+05,-1.329768e+06,2.509865e+06,2.455751e-04,6.210676e-03,-1.228178e-02,3.424190e-18,62,43830
0.000000e+00,-9.365572e-08,-2.709329e-07,3.257091e-07,0.000000e+00,0.000000e+00,0.000000e+00,1.726924e+07,4.766555e+07,-3.726909e+07,4.076219e-18,63,0
1.330000e-09,-1.276463e-03,-3.498678e-03,2.500325e-03,-9.600221e+05,-2.631330e+06,1.880177e+06,1.683505e-01,4.632215e-01,-2.250879e-01,4.076219e-18,63,5852
1.329659e-08,-1.276500e-02,-3.498769e-02,2.500010e-02,-9.600573e+05,-2.631427e+06,1.880225e+06,1.415229e-03,3.930639e-03,-2.776827e-03,4.076219e-18,63,58505
0.000000e+00,-1.243305e-07,9.230940e-08,5.552361e-07,0.000000e+00,0.000000e+00,0.000000e+00,1.213843e+07,-8.004877e+06,-3.722301e+07,3.228393e-18,64,0
1.018409e-09,-9.561859e-04,5.653395e-04,2.500301e-03,-9.396019e+05,5.554379e+05,2.456343e+06,5.487808e-01,-2.761247e-01,-1.180413e+00,3.228393e-18,64,4481
1.017773e-08,-9.562967e-03,5.653109e-03,2.500017e-02,-9.396900e+05,5.554822e+05,2.456533e+06,4.369724e-03,-2.266197e-03,-1.334566e-02,3.228393e-18,64,44782
0.000000e+00,6.515046e-08,-1.700754e-07,5.464897e-07,0.000000e+00,0.000000e+00,0.000000e+00,-4.153081e+06,1.830595e+07,-3.517336e+07,3.240518e-18,65,0
1.120909e-09,3.404027e-04,-1.407136e-03,2.500470e-03,3.038585e+05,-1.256191e+06,2.231722e+06,-1.388806e-01,6.114751e-01,-8.763087e-01,3.240518e-18,65,4932
1.120205e-08,3.403846e-03,-1.407187e-02,2.500006e-02,3.038830e+05,-1.256299e+06,2.231878e+06,-1.408537e-03,5.546845e-03,-1.053120e-02,3.240518e-18,65,49289
0.000000e+00,-1.423908e-07,5.040528e-08,3.994713e-07,0.000000e+00,0.000000e+00,0.000000e+00,2.114960e+07,-3.428243e+06,-5.249008e+07,4.260438e-18,66,0
8.279545e-10,-1.058741e-03,2.351616e-04,2.500431e-03,-1.279407e+06,2.842319e+05,3.021360e+06,6.770654e-01,-2.014325e-01,-1.478670e+00,4.260438e-18,66,3643
8.274545e-09,-1.058651e-02,2.351882e-03,2.500046e-02,-1.279495e+06,2.842582e+05,3.021554e+06,6.534666e-03,-1.919773e-03,-1.531066e-02,4.260438e-18,66,36408
0.000000e+00,-2.347063e-07,-5.414400e-08,4.133888e-07,0.000000e+00,0.000000e+00,0.000000e+00,3.316974e+07,6.309213e+06,-4.151709e+07,3.782528e-18,67,0
1.068636e-09,-2.203203e-03,-4.180043e-04,2.500301e-03,-2.062636e+06,-3.912944e+05,2.340380e+06,7.175573e-01,1.150751e-01,-6.422073e-01,3.782528e-18,67,4702
1.068205e-08,-2.203313e-02,-4.179832e-03,2.500020e-02,-2.062757e+06,-3.913138e+05,2.340489e+06,6.069251e-03,1.123469e-03,-7.158787e-03,3.782528e-18,67,47001
0.000000e+00,7.751718e-08,-1.119570e-07,1.681378e-07,0.000000e+00,0.000000e+00,0.000000e+00,-8.282704e+07,1.136512e+08,-1.526053e+08,7.833251e-18,68,0
4.015909e-10,1.361057e-03,-1.866911e-03,2.500842e-03,3.389217e+06,-4.648842e+06,6.227328e+06,-4.464527e-01,6.018460e-01,-7.403326e-01,7.833251e-18,68,1767
4.014545e-09,1.360623e-02,-1.866308e-02,2.500004e-02,3.389246e+06,-4.648880e+06,6.227375e+06,-4.400063e-03,5.928785e-03,-7.465823e-03,7.833251e-18,68,17664
0.000000e+00,1.739926e-07,7.265124e-08,3.470525e-07,0.000000e+00,0.000000e+00,0.000000e+00,-3.725916e+07,-2.013233e+07,-5.481910e+07,4.553552e-18,69,0
8.725000e-10,1.791827e-03,9.898015e-04,2.500527e-03,2.054397e+06,1.134884e+06,2.866642e+06,-7.002677e-01,-3.949030e-01,-8.278863e-01,4.553552e-18,69,3839
8.721136e-09,1.791667e-02,9.897449e-03,2.500050e-02,2.054493e+06,1.134939e+06,2.866756e+06,-6.644494e-03,-3.761039e-03,-8.692961e-03,4.553552e-18,69,38373
0.000000e+00,3.382022e-08,1.259381e-07,3.953444e-07,0.000000e+00,0.000000e+00,0.000000e+00,-6.861262e+06,-2.515788e+07,-5.374488e+07,4.382953e-18,70,0
8.518182e-10,4.012325e-04,1.275681e-03,2.500305e-03,4.713093e+05,1.498381e+06,2.936337e+06,-2.452093e-01,-7.351677e-01,-1.216058e+00,4.382953e-18,70,3748
8.514091e-09,4.012742e-03,1.275731e-02,2.500036e-02,4.713422e+05,1.498480e+06,2.936501e+06,-2.070991e-03,-6.969436e-03,-1.304097e-02,4.382953e-18,70,37462
0.000000e+00,6.368389e-08,-2.101274e-07,3.141940e-07,0.000000e+00,0.000000e+00,0.000000e+00,-1.272519e+07,5.117391e+07,-5.262729e+07,4.651082e-18,71,0
9.618182e-10,6.456535e-04,-2.568436e-03,2.500113e-03,6.714647e+05,-2.671168e+06,2.599813e+06,-1.686468e-01,6.814926e-01,-5.295412e-01,4.651082e-18,71,4232
9.616136e-09,6.456906e-03,-2.568632e-02,2.500030e-02,6.714902e+05,-2.671272e+06,2.599894e+06,-1.552089e-03,6.307539e-03,-5.767533e-03,4.651082e-18,71,42311
0.000000e+00,-2.641888e-07,-2.495001e-08,2.652746e-07,0.000000e+00,0.000000e+00,0.000000e+00,6.547288e+07,7.379045e+06,-4.376562e+07,4.658225e-18,72,0
1.212500e-09,-3.963817e-03,-4.535683e-04,2.500279e-03,-3.269776e+06,-3.741625e+05,2.062258e+06,4.654066e-01,5.737715e-02,-2.037249e-01,4.658225e-18,72,5335
1.212273e-08,-3.963862e-02,-4.535866e-03,2.500034e-02,-3.269865e+06,-3.741735e+05,2.062298e+06,3.929314e-03,4.424038e-04,-2.411392e-03,4.658225e-18,72,53340
0.000000e+00,1.043132e-07,7.530401e-08,1.988586e-07,0.000000e+00,0.000000e+00,0.000000e+00,-8.363717e+07,-6.223599e+07,-1.411478e+08,7.222419e-18,73,0
4.284091e-10,1.487648e-03,1.107559e-03,2.500353e-03,3.472631e+06,2.585395e+06,5.836487e+06,-6.394384e-01,-4.823989e-01,-9.841279e-01,7.222419e-18,73,1885
4.283409e-09,1.487478e-02,1.107436e-02,2.500022e-02,3.472674e+06,2.585428e+06,5.836553e+06,-6.370851e-03,-4.830264e-03,-9.939024e-03,7.222419e-18,73,18847
0.000000e+00,-1.224958e-07,-2.253098e-08,3.836791e-07,0.000000e+00,0.000000e+00,0.000000e+00,2.167843e+07,9.316016e+06,-5.704533e+07,4.496375e-18,74,0
7.840909e-10,-1.049238e-03,-4.069452e-04,2.500503e-03,-1.338841e+06,-5.192792e+05,3.190317e+06,6.987160e-01,2.678728e-01,-1.485613e+00,4.496375e-18,74,3450
7.836364e-09,-1.049161e-02,-4.069237e-03,2.500056e-02,-1.338928e+06,-5.193124e+05,3.190501e+06,6.714573e-03,2.647831e-03,-1.522465e-02,4.496375e-18,74,34480
0.000000e+00,1.944162e-08,1.861480e-07,4.158941e-07,0.000000e+00,0.000000e+00,0.000000e+00,-4.471712e+06,-3.058528e+07,-4.508836e+07,4.001586e-18,75,0
9.340909e-10,2.485167e-04,1.682019e-03,2.500055e-03,2.661920e+05,1.801591e+06,2.677445e+06,-1.164274e-01,-7.813618e-01,-9.901637e-01,4.001586e-18,75,4110
9.337273e-09,2.485496e-03,1.682192e-02,2.500013e-02,2.662092e+05,1.801707e+06,2.677591e+06,-9.548604e-04,-7.170017e-03,-1.050860e-02,4.001586e-18,75,41084
0.000000e+00,1.990911e-07,-1.784952e-07,3.319539e-07,0.000000e+00,0.000000e+00,0.000000e+00,-3.850620e+07,3.234278e+07,-4.124949e+07,4.169536e-18,76,0
1.197500e-09,2.552198e-03,-2.106432e-03,2.500209e-03,2.131926e+06,-1.759522e+06,2.088156e+06,-4.471300e-01,3.527418e-01,-3.058744e-01,4.169536e-18,76,5269
1.197227e-08,2.552396e-02,-2.106548e-02,2.500014e-02,2.132010e+06,-1.759589e+06,2.088215e+06,-3.729154e-03,3.107838e-03,-3.602539e-03,4.169536e-18,76,52678
0.000000e+00,-8.684237e-08,-3.979581e-08,4.075470e-07,0.000000e+00,0.000000e+00,0.000000e+00,1.685828e+07,6.402680e+06,-5.637884e+07,4.362093e-18,77,0
7.763636e-10,-7.433139e-04,-2.703617e-04,2.500630e-03,-9.579598e+05,-3.484161e+05,3.222396e+06,5.641397e-01,2.019729e-01,-1.697759e+00,4.362093e-18,77,3416
7.758182e-09,-7.432014e-03,-2.703083e-03,2.500002e-02,-9.580289e+05,-3.484409e+05,3.222605e+06,5.429118e-03,1.937737e-03,-1.737518e-02,4.362093e-18,77,34136
0.000000e+00,-1.978211e-07,9.762611e-08,2.718707e-07,0.000000e+00,0.000000e+00,0.000000e+00,5.414369e+07,-2.937438e+07,-5.948660e+07,5.013235e-18,78,0
8.884091e-10,-2.362797e-03,1.283742e-03,2.500471e-03,-2.660181e+06,1.445335e+06,2.814969e+06,6.179398e-01,-3.428757e-01,-5.423759e-01,5.013235e-18,78,3909
8.881136e-09,-2.362547e-02,1.283623e-02,2.500025e-02,-2.660267e+06,1.445383e+06,2.815045e+06,5.750745e-03,-3.269928e-03,-5.683871e-03,5.013235e-18,78,39077
0.000000e+00,1.949167e-07,1.012027e-07,5.858598e-07,0.000000e+00,0.000000e+00,0.000000e+00,-1.647030e+07,-1.150207e+07,-3.497757e+07,2.946130e-18,79,0
1.066364e-09,1.324450e-03,8.265596e-04,2.500461e-03,1.242875e+06,7.755744e+05,2.345808e+06,-6.527019e-01,-3.524136e-01,-9.224345e-01,2.946130e-18,79,4692
1.065727e-08,1.324563e-02,8.265494e-03,2.500013e-02,1.242985e+06,7.756336e+05,2.345965e+06,-5.615625e-03,-2.881306e-03,-1.039825e-02,2.946130e-18,79,46892
0.000000e+00,8.510950e-08,1.850803e-08,2.996530e-07,0.000000e+00,0.000000e+00,0.000000e+00,-3.113682e+07,-7.271732e+06,-8.939382e+07,5.683811e-18,80,0
5.938636e-10,9.080618e-04,2.148500e-04,2.500209e-03,1.529548e+06,3.619217e+05,4.210921e+06,-7.134549e-01,-2.001042e-01,-1.558612e+00,5.683811e-18,80,2613
5.937045e-09,9.081009e-03,2.148747e-03,2.500057e-02,1.529615e+06,3.619405e+05,4.211068e+06,-6.520427e-03,-1.340703e-03,-1.672322e-02,5.683811e-18,80,26123
0.000000e+00,4.937982e-08,1.272615e-07,1.727131e-07,0.000000e+00,0.000000e+00,0.000000e+00,-4.997647e+07,-1.276166e+08,-1.492029e+08,7.695129e-18,81,0
4.102273e-10,8.401185e-04,2.145103e-03,2.500558e-03,2.047969e+06,5.229145e+06,6.095537e+06,-2.745353e-01,-6.981935e-01,-7.342468e-01,7.695129e-18,81,1805
4.101364e-09,8.399507e-03,2.144673e-02,2.500016e-02,2.047987e+06,5.229190e+06,6.095585e+06,-2.673598e-03,-6.894278e-03,-7.405921e-03,7.695129e-18,81,18046
0.000000e+00,2.569152e-07,-7.035544e-08,3.222317e-07,0.000000e+00,0.000000e+00,0.000000e+00,-5.394655e+07,1.562284e+07,-4.373511e+07,4.248353e-18,82,0
1.156136e-09,3.278130e-03,-9.455955e-04,2.500438e-03,2.836158e+06,-8.181052e+05,2.163026e+06,-5.467039e-01,1.548861e-01,-3.036964e-01,4.248353e-18,82,5087
1.155795e-08,3.278019e-02,-9.455620e-03,2.500032e-02,2.836258e+06,-8.181334e+05,2.163082e+06,-4.671236e-03,1.256493e-03,-3.430943e-03,4.248353e-18,82,50855
0.000000e+00,-9.286621e-08,2.237507e-08,6.541264e-07,0.000000e+00,0.000000e+00,0.000000e+00,9.527849e+06,-1.993511e+06,-3.538840e+07,2.811789e-18,83,0
9.863636e-10,-6.936133e-04,1.753827e-04,2.500113e-03,-7.038303e+05,1.779430e+05,2.536028e+06,5.180034e-01,-1.059959e-01,-1.377832e+00,2.811789e-18,83,4340
9.857955e-09,-6.938299e-03,1.754141e-03,2.500029e-02,-7.039108e+05,1.779595e+05,2.536243e+06,4.308430e-03,-7.384785e-04,-1.516784e-02,2.811789e-18,83,43375
0.000000e+00,-1.147582e-08,-1.560287e-07,5.528373e-07,0.000000e+00,0.000000e+00,0.000000e+00,1.202412e+07,1.126945e+07,-4.078088e+07,3.253653e-18,84,0
9.634091e-10,-5.829095e-04,-7.815980e-04,2.500297e-03,-6.054071e+05,-8.118412e+05,2.596500e+06,3.007967e-01,4.939045e-01,-1.276955e+00,3.253653e-18,84,4239
9.628409e-09,-5.829090e-03,-7.816740e-03,2.500037e-02,-6.054528e+05,-8.119162e+05,2.596695e+06,2.730067e-03,3.984392e-03,-1.431667e-02,3.253653e-18,84,42365
0.000000e+00,-2.280662e-07,6.058032e-08,5.589059e-07,0.000000e+00,0.000000e+00,0.000000e+00,2.084478e+07,-4.330222e+06,-3.365871e+07,3.017098e-18,85,0
1.144318e-09,-1.741137e-03,3.185004e-04,2.500179e-03,-1.522513e+06,2.784671e+05,2.185722e+06,6.852981e-01,-1.114839e-01,-7.756656e-01,3.017098e-18,85,5035
1.143795e-08,-1.741439e-02,3.185111e-03,2.500040e-02,-1.522637e+06,2.784872e+05,2.185863e+06,5.769757e-03,-1.004560e-03,-8.961441e-03,3.017098e-18,85,50327
0.000000e+00,-8.480159e-08,2.691305e-07,4.253805e-07,0.000000e+00,0.000000e+00,0.000000e+00,1.397498e+07,-3.077470e+07,-3.122205e+07,3.537213e-18,86,0
1.331818e-09,-1.169495e-03,2.680612e-03,2.500239e-03,-8.785471e+05,2.013651e+06,1.877791e+06,2.454640e-01,-5.422459e-01,-3.735244e-01,3.537213e-18,86,5860
1.331364e-08,-1.169660e-02,2.680895e-02,2.500037e-02,-8.785985e+05,2.013765e+06,1.877870e+06,2.162682e-03,-4.628007e-03,-4.458701e-03,3.537213e-18,86,58580
0.000000e+00,2.276378e-07,9.373684e-08,4.941049e-07,0.000000e+00,0.000000e+00,0.000000e+00,-2.524380e+07,-1.253794e+07,-3.649676e+07,3.318120e-18,87,0
1.127045e-09,1.876597e-03,9.333666e-04,2.500316e-03,1.666013e+06,8.285543e+05,2.219159e+06,-6.865866e-01,-2.846298e-01,-6.475137e-01,3.318120e-18,87,4959
1.126545e-08,1.876835e-02,9.334014e-03,2.500002e-02,1.666135e+06,8.286049e+05,2.219274e+06,-5.853764e-03,-2.240372e-03,-7.542167e-03,3.318120e-18,87,49568
0.000000e+00,2.324662e-07,-1.610312e-07,3.851277e-07,0.000000e+00,0.000000e+00,0.000000e+00,-3.351254e+07,2.244881e+07,-3.520276e+07,3.747485e-18,88,0
1.298636e-09,2.627733e-03,-1.751695e-03,2.500365e-03,2.024240e+06,-1.349391e+06,1.925738e+06,-4.865275e-01,3.243516e-01,-3.170212e-01,3.747485e-18,88,5714
1.298205e-08,2.627872e-02,-1.751782e-02,2.500018e-02,2.024339e+06,-1.349457e+06,1.925804e+06,-4.020512e-03,2.777840e-03,-3.865837e-03,3.747485e-18,88,57121
0.000000e+00,-1.772228e-07,-1.879548e-07,4.033935e-07,0.000000e+00,0.000000e+00,0.000000e+00,2.845730e+07,3.445832e+07,-4.447531e+07,3.782840e-18,89,0
1.059318e-09,-1.705728e-03,-2.005743e-03,2.500298e-03,-1.610775e+06,-1.894083e+06,2.360783e+06,4.553386e-01,5.249356e-01,-5.358910e-01,3.782840e-18,89,4661
1.058977e-08,-1.705774e-02,-2.005791e-02,2.500035e-02,-1.610851e+06,-1.894171e+06,2.360874e+06,3.907027e-03,4.554132e-03,-5.802936e-03,3.782840e-18,89,46595
0.000000e+00,-1.949233e-08,1.853578e-07,5.131893e-07,0.000000e+00,0.000000e+00,0.000000e+00,2.349466e+06,-1.882849e+07,-3.284912e+07,3.402467e-18,90,0
1.155909e-09,-1.915164e-04,1.532405e-03,2.500147e-03,-1.658347e+05,1.326644e+06,2.163986e+06,1.024153e-01,-6.436055e-01,-8.653281e-01,3.402467e-18,90,5086
1.155273e-08,-1.915830e-03,1.532630e-02,2.500008e-02,-1.658533e+05,1.326762e+06,2.164145e+06,9.055033e-04,-5.617028e-03,-1.000593e-02,3.402467e-18,90,50832
0.000000e+00,-1.918328e-07,3.200328e-08,2.413170e-07,0.000000e+00,0.000000e+00,0.000000e+00,7.043681e+07,-1.311528e+07,-7.545120e+07,5.618931e-18,91,0
7.361364e-10,-2.382510e-03,4.446261e-04,2.500454e-03,-3.237042e+06,6.041087e+05,3.397130e+06,7.351434e-01,-1.412045e-01,-6.756408e-01,5.618931e-18,91,3239
7.359318e-09,-2.382250e-02,4.445838e-03,2.500069e-02,-3.237128e+06,6.041251e+05,3.397209e+06,7.208891e-03,-1.399577e-03,-6.963089e-03,5.618931e-18,91,32381
0.000000e+00,1.574807e-07,1.917963e-07,3.055847e-07,0.000000e+00,0.000000e+00,0.000000e+00,-3.578246e+07,-4.361985e+07,-4.814169e+07,4.490552e-18,92,0
1.030909e-09,1.963492e-03,2.304507e-03,2.500486e-03,1.905133e+06,2.235973e+06,2.425898e+06,-4.180406e-01,-4.799745e-01,-4.183242e-01,4.490552e-18,92,4536
1.030545e-08,1.963326e-02,2.304274e-02,2.500011e-02,1.905201e+06,2.236051e+06,2.425966e+06,-3.786087e-03,-4.271662e-03,-4.559236e-03,4.490552e-18,92,45344
0.000000e+00,-1.322294e-07,2.577763e-07,4.098603e-07,0.000000e+00,0.000000e+00,0.000000e+00,1.259119e+07,-3.683198e+07,-3.016341e+07,3.583157e-18,93,0
1.441364e-09,-1.133232e-03,3.285380e-03,2.500247e-03,-7.865145e+05,2.280248e+06,1.734969e+06,1.718113e-01,-4.817640e-01,-2.611595e-01,3.583157e-18,93,6342
1.440955e-08,-1.133331e-02,3.285723e-02,2.500028e-02,-7.865534e+05,2.280357e+06,1.735029e+06,1.438432e-03,-4.192710e-03,-3.195575e-03,3.583157e-18,93,63402
0.000000e+00,4.985882e-08,-1.722284e-07,3.955786e-07,0.000000e+00,0.000000e+00,0.000000e+00,-8.021105e+06,3.079883e+07,-4.794647e+07,4.193142e-18,94,0
9.418182e-10,4.831120e-04,-1.843680e-03,2.500409e-03,5.131715e+05,-1.958507e+06,2.655715e+06,-1.796742e-01,7.686182e-01,-8.759719e-01,4.193142e-18,94,4144
9.413636e-09,4.830795e-03,-1.843660e-02,2.500006e-02,5.131983e+05,-1.958622e+06,2.655846e+06,-1.726575e-03,7.148890e-03,-9.279590e-03,4.193142e-18,94,41420
0.000000e+00,2.198995e-07,6.292510e-08,2.689204e-07,0.000000e+00,0.000000e+00,0.000000e+00,-6.291148e+07,-2.017227e+07,-5.366132e+07,4.965524e-18,95,0
9.940909e-10,3.071476e-03,9.891842e-04,2.500494e-03,3.090385e+06,9.952880e+05,2.515642e+06,-5.796376e-01,-1.913111e-01,-3.641636e-01,4.965524e-18,95,4374
9.937955e-09,3.071213e-02,9.891127e-03,2.500047e-02,3.090475e+06,9.953180e+05,2.515699e+06,-5.284892e-03,-1.682540e-03,-3.912246e-03,4.965524e-18,95,43727
0.000000e+00,-1.767077e-07,-1.219885e-07,5.832887e-07,0.000000e+00,0.000000e+00,0.000000e+00,1.605955e+07,1.025472e+07,-3.321064e+07,2.952126e-18,96,0
1.142273e-09,-1.356519e-03,-8.434044e-04,2.500201e-03,-1.188402e+06,-7.387800e+05,2.189619e+06,6.029000e-01,3.090467e-01,-7.650831e-01,2.952126e-18,96,5026
1.141750e-08,-1.356855e-02,-8.435010e-03,2.500021e-02,-1.188511e+06,-7.388356e+05,2.189758e+06,5.067776e-03,3.191307e-03,-9.666990e-03,2.952126e-18,96,50237
0.000000e+00,-1.682382e-07,-7.260276e-08,3.442265e-07,0.000000e+00,0.000000e+00,0.000000e+00,3.694582e+07,1.640040e+07,-5.668123e+07,4.591764e-18,97,0
8.463636e-10,-1.723701e-03,-7.610819e-04,2.500054e-03,-2.037353e+06,-8.995781e+05,2.954652e+06,7.496321e-01,3.370179e-01,-9.203186e-01,4.591764e-18,97,3724
8.461364e-09,-1.723878e-02,-7.611653e-03,2.500050e-02,-2.037454e+06,-8.996231e+05,2.954775e+06,7.156773e-03,3.183286e-03,-9.633314e-03,4.591764e-18,97,37230
0.000000e+00,-1.419035e-07,1.949077e-07,3.721038e-07,0.000000e+00,0.000000e+00,0.000000e+00,2.345892e+07,-3.165220e+07,-4.106380e+07,4.048324e-18,98,0
1.057955e-09,-1.668856e-03,1.846665e-03,2.500456e-03,-1.578105e+06,1.746199e+06,2.364079e+06,4.798911e-01,-5.563137e-01,-5.649558e-01,4.048324e-18,98,4655
1.057500e-08,-1.668839e-02,1.846605e-02,2.500025e-02,-1.578185e+06,1.746292e+06,2.364174e+06,4.196987e-03,-4.652730e-03,-6.235207e-03,4.048324e-18,98,46530
0.000000e+00,-1.411918e-07,-8.794421e-08,4.086855e-07,0.000000e+00,0.000000e+00,0.000000e+00,2.301593e+07,1.755510e+07,-5.133617e+07,4.137977e-18,99,0
8.686364e-10,-1.248231e-03,-9.013115e-04,2.500014e-03,-1.437715e+06,-1.038155e+06,2.879118e+06,6.637732e-01,4.979160e-01,-1.140750e+00,4.137977e-18,99,3822
8.683182e-09,-1.248391e-02,-9.014463e-03,2.500002e-02,-1.437806e+06,-1.038223e+06,2.879274e+06,6.282413e-03,4.763100e-03,-1.188046e-02,4.137977e-18,99,38206
0.000000e+00,1.311417e-08,-4.805771e-08,6.527481e-07,0.000000e+00,0.000000e+00,0.000000e+00,-1.209740e+06,3.958009e+06,-3.870098e+07,2.861082e-18,100,0
9.134091e-10,7.887246e-05,-2.549356e-04,2.500322e-03,8.644320e+04,-2.793147e+05,2.738867e+06,-8.031088e-02,2.104310e-01,-1.651231e+00,2.861082e-18,100,4019
9.127955e-09,7.890429e-04,-2.549585e-03,2.500049e-02,8.645481e+04,-2.793450e+05,2.739105e+06,-2.017661e-04,2.766195e-03,-1.765400e-02,2.861082e-18,100,40163
0.000000e+00,-1.454860e-07,-1.392990e-07,4.401668e-07,0.000000e+00,0.000000e+00,0.000000e+00,1.815686e+07,1.920939e+07,-4.049161e+07,3.787558e-18,101,0
1.050909e-09,-1.273249e-03,-1.333202e-03,2.500444e-03,-1.212250e+06,-1.269384e+06,2.380224e+06,5.203907e-01,5.741087e-01,-8.397034e-01,3.787558e-18,101,4624
1.050318e-08,-1.273244e-02,-1.333251e-02,2.500006e-02,-1.212336e+06,-1.269479e+06,2.380364e+06,4.396056e-03,4.675269e-03,-9.207725e-03,3.787558e-18,101,46214
0.000000e+00,1.523247e-07,2.227579e-07,4.392489e-07,0.000000e+00,0.000000e+00,0.000000e+00,-1.950631e+07,-2.601273e+07,-3.831911e+07,3.511510e-18,102,0
1.143864e-09,1.439367e-03,1.906405e-03,2.500138e-03,1.258939e+06,1.667394e+06,2.186285e+06,-4.225170e-01,-5.519365e-01,-5.514558e-01,3.511510e-18,102,5033
1.143500e-08,1.439593e-02,1.906664e-02,2.500034e-02,1.259015e+06,1.667494e+06,2.186385e+06,-3.458988e-03,-4.737516e-03,-6.356188e-03,3.511510e-18,102,50314
0.000000e+00,-2.288149e-07,-1.266709e-07,3.368681e-07,0.000000e+00,0.000000e+00,0.000000e+00,4.192553e+07,2.325074e+07,-3.840413e+07,4.167229e-18,103,0
1.246364e-09,-2.964147e-03,-1.634878e-03,2.500354e-03,-2.379011e+06,-1.312130e+06,2.006438e+06,4.994896e-01,2.666415e-01,-2.957648e-01,4.167229e-18,103,5484
1.246000e-08,-2.964243e-02,-1.634911e-02,2.500036e-02,-2.379109e+06,-1.312182e+06,2.006496e+06,4.167435e-03,2.122877e-03,-3.430953e-03,4.167229e-18,103,54824
0.000000e+00,1.028843e-07,-9.720718e-09,5.255791e-07,0.000000e+00,0.000000e+00,0.000000e+00,-1.526744e+07,1.043468e+06,-4.589373e+07,3.506963e-18,104,0
8.590909e-10,9.232094e-04,-2.510090e-05,2.500447e-03,1.075315e+06,-2.917918e+04,2.912020e+06,-6.128101e-01,-1.545417e-02,-1.589562e+00,3.506963e-18,104,3780
8.585227e-09,9.231768e-03,-2.505298e-04,2.500049e-02,1.075398e+06,-2.917707e+04,2.912236e+06,-5.600166e-03,-6.129820e-05,-1.656719e-02,3.506963e-18,104,37775
0.000000e+00,1.497483e-07,-8.377302e-09,1.928244e-07,0.000000e+00,0.000000e+00,0.000000e+00,-1.107697e+08,5.403698e+06,-1.203701e+08,6.997494e-18,105,0
4.995455e-10,2.314830e-03,-1.125247e-04,2.500891e-03,4.634105e+06,-2.252608e+05,5.006461e+06,-7.573286e-01,3.278768e-02,-7.316379e-01,6.997494e-18,105,2198
4.993636e-09,2.314114e-02,-1.124877e-03,2.500060e-02,4.634165e+06,-2.252633e+05,5.006519e+06,-7.468958e-03,3.096092e-04,-7.399526e-03,6.997494e-18,105,21972
0.000000e+00,8.637717e-08,-3.238236e-08,5.185569e-07,0.000000e+00,0.000000e+00,0.000000e+00,-7.728488e+06,3.590883e+06,-4.173919e+07,3.567858e-18,106,0
9.775000e-10,5.759752e-04,-1.784096e-04,2.500443e-03,5.896708e+05,-1.826551e+05,2.559355e+06,-3.920915e-01,1.330500e-01,-1.344658e+00,3.567858e-18,106,4301
9.768182e-09,5.760024e-03,-1.784222e-03,2.500043e-02,5.897313e+05,-1.826756e+05,2.559564e+06,-3.043252e-03,9.831031e-04,-1.555099e-02,3.567858e-18,106,42980
0.000000e+00,1.639629e-09,-8.684810e-08,6.549649e-07,0.000000e+00,0.000000e+00,0.000000e+00,7.807683e+05,8.318110e+06,-3.723510e+07,2.824474e-18,107,0
9.511364e-10,-2.119901e-05,-6.377542e-04,2.500509e-03,-2.232795e+04,-6.709902e+05,2.630337e+06,3.291914e-02,3.948555e-01,-1.455997e+00,2.824474e-18,107,4185
9.504545e-09,-2.122141e-04,-6.377427e-03,2.500041e-02,-2.233290e+04,-6.710494e+05,2.630557e+06,3.260439e-04,2.986604e-03,-1.592622e-02,2.824474e-18,107,41820
0.000000e+00,-1.061363e-08,-1.857053e-07,2.736160e-07,0.000000e+00,0.000000e+00,0.000000e+00,1.790607e+07,5.757236e+07,-8.428927e+07,5.334373e-18,108,0
6.563636e-10,-5.343431e-04,-1.753736e-03,2.500763e-03,-8.142993e+05,-2.672380e+06,3.810546e+06,2.355224e-01,8.031002e-01,-9.857137e-01,5.334373e-18,108,2888
6.560909e-09,-5.342530e-03,-1.753333e-02,2.500080e-02,-8.143238e+05,-2.672463e+06,3.810648e+06,2.416161e-03,7.717970e-03,-1.011507e-02,5.334373e-18,108,28868
0.000000e+00,-2.360970e-07,-5.815851e-08,3.371833e-07,0.000000e+00,0.000000e+00,0.000000e+00,4.474334e+07,1.099432e+07,-4.424780e+07,4.284338e-18,109,0
1.087500e-09,-2.794660e-03,-6.855323e-04,2.500096e-03,-2.570657e+06,-6.305832e+05,2.299371e+06,6.365287e-01,1.558861e-01,-4.343039e-01,4.284338e-18,109,4785
1.087250e-08,-2.794942e-02,-6.856006e-03,2.500004e-02,-2.570766e+06,-6.306100e+05,2.299446e+06,5.603142e-03,1.348421e-03,-4.817562e-03,4.284338e-18,109,47839
0.000000e+00,-2.279156e-09,1.772184e-07,3.360490e-07,0.000000e+00,0.000000e+00,0.000000e+00,-4.473258e+04,-4.180856e+07,-6.018090e+07,4.706814e-18,110,0
8.147727e-10,-7.383434e-06,1.840589e-03,2.500403e-03,-9.065040e+03,2.259807e+06,3.069593e+06,1.942432e-03,-8.162550e-01,-9.522768e-01,4.706814e-18,110,3585
8.144545e-09,-7.382963e-05,1.840510e-02,2.500057e-02,-9.065285e+03,2.259912e+06,3.069716e+06,6.070447e-05,-7.786158e-03,-9.981891e-03,4.706814e-18,110,35836
0.000000e+00,-1.758428e-07,1.981367e-07,4.343402e-07,0.000000e+00,0.000000e+00,0.000000e+00,2.363988e+07,-2.321034e+07,-3.434102e+07,3.555976e-18,111,0
1.257727e-09,-1.936466e-03,1.885183e-03,2.500009e-03,-1.540391e+06,1.499573e+06,1.988222e+06,4.577782e-01,-4.443354e-01,-4.281396e-01,3.555976e-18,111,5534
1.257409e-08,-1.936894e-02,1.885572e-02,2.500025e-02,-1.540482e+06,1.499661e+06,1.988308e+06,3.902499e-03,-3.684748e-03,-5.092524e-03,3.555976e-18,111,55326
0.000000e+00,-1.684184e-07,4.974292e-08,4.524791e-07,0.000000e+00,0.000000e+00,0.000000e+00,2.342191e+07,-8.229051e+06,-4.716985e+07,3.780434e-18,112,0
9.004545e-10,-1.340478e-03,4.599823e-04,2.500235e-03,-1.489483e+06,5.111395e+05,2.777744e+06,7.406562e-01,-2.723483e-01,-1.185027e+00,3.780434e-18,112,3962
9.000227e-09,-1.340565e-02,4.600355e-03,2.500046e-02,-1.489588e+06,5.111782e+05,2.777913e+06,6.988186e-03,-2.368302e-03,-1.249263e-02,3.780434e-18,112,39601
0.000000e+00,-1.872603e-07,1.235388e-07,5.804824e-07,0.000000e+00,0.000000e+00,0.000000e+00,1.749533e+07,-9.720472e+06,-3.376873e+07,2.951472e-18,113,0
1.106364e-09,-1.426317e-03,8.436670e-04,2.500116e-03,-1.290039e+06,7.630557e+05,2.260677e+06,6.186199e-01,-3.661261e-01,-8.539407e-01,2.951472e-18,113,4868
1.105864e-08,-1.426602e-02,8.438332e-03,2.500022e-02,-1.290146e+06,7.631195e+05,2.260827e+06,4.855844e-03,-3.036030e-03,-9.936523e-03,2.951472e-18,113,48658
0.000000e+00,3.331212e-08,1.706916e-07,4.586339e-07,0.000000e+00,0.000000e+00,0.000000e+00,-5.643274e+06,-2.295791e+07,-4.303330e+07,3.753814e-18,114,0
9.890909e-10,5.548039e-04,1.281276e-03,2.500561e-03,5.612983e+05,1.296239e+06,2.529268e+06,-2.708848e-01,-7.115777e-01,-1.094043e+00,3.753814e-18,114,4352
9.884318e-09,5.547991e-03,1.281244e-02,2.500023e-02,5.613406e+05,1.296350e+06,2.529439e+06,-2.590975e-03,-6.559660e-03,-1.175355e-02,3.753814e-18,114,43491
0.000000e+00,1.892017e-07,1.077785e-07,4.786920e-07,0.000000e+00,0.000000e+00,0.000000e+00,-2.285442e+07,-1.369348e+07,-3.808619e+07,3.495486e-18,115,0
1.055227e-09,1.548730e-03,9.712965e-04,2.500066e-03,1.468503e+06,9.209819e+05,2.370143e+06,-6.600295e-01,-3.858528e-01,-8.430303e-01,3.495486e-18,115,4643
1.054795e-08,1.548969e-02,9.714431e-03,2.500029e-02,1.468613e+06,9.210460e+05,2.370284e+06,-5.456784e-03,-3.550353e-03,-9.423015e-03,3.495486e-18,115,46411
0.000000e+00,-1.415642e-07,-2.357550e-07,2.921354e-07,0.000000e+00,0.000000e+00,0.000000e+00,2.930130e+07,4.859939e+07,-3.952671e+07,4.378035e-18,116,0
1.278182e-09,-1.981579e-03,-3.315038e-03,2.500212e-03,-1.550691e+06,-2.594212e+06,1.956299e+06,2.486586e-01,4.242245e-01,-2.254936e-01,4.378035e-18,116,5624
1.277932e-08,-1.981676e-02,-3.315224e-02,2.500031e-02,-1.550741e+06,-2.594298e+06,1.956345e+06,2.066528e-03,3.587244e-03,-2.616696e-03,4.378035e-18,116,56229
0.000000e+00,2.423886e-07,-5.903880e-08,3.847011e-07,0.000000e+00,0.000000e+00,0.000000e+00,-3.953563e+07,1.059201e+07,-4.086780e+07,3.929385e-18,117,0
1.136136e-09,2.621984e-03,-7.064319e-04,2.500385e-03,2.308696e+06,-6.220297e+05,2.201263e+06,-6.384062e-01,1.737204e-01,-4.664789e-01,3.929385e-18,117,4999
1.135705e-08,2.621993e-02,-7.064405e-03,2.500001e-02,2.308810e+06,-6.220608e+05,2.201347e+06,-5.544887e-03,1.372574e-03,-5.264763e-03,3.929385e-18,117,49971
0.000000e+00,-7.242256e-08,2.847444e-07,4.280509e-07,0.000000e+00,0.000000e+00,0.000000e+00,8.151888e+06,-3.831243e+07,-3.055490e+07,3.472402e-18,118,0
1.426591e-09,-7.473724e-04,3.379264e-03,2.500083e-03,-5.240792e+05,2.369674e+06,1.752804e+06,1.086942e-01,-5.030683e-01,-2.655505e-01,3.472402e-18,118,6277
1.426295e-08,-7.474903e-03,3.379847e-02,2.500035e-02,-5.241035e+05,2.369787e+06,1.752865e+06,8.738106e-04,-4.376688e-03,-3.223131e-03,3.472402e-18,118,62757
0.000000e+00,9.876523e-08,-1.460995e-08,4.775578e-07,0.000000e+00,0.000000e+00,0.000000e+00,-1.518446e+07,2.323440e+06,-4.728880e+07,3.824206e-18,119,0
9.243182e-10,8.848615e-04,-9.302094e-05,2.500023e-03,9.579595e+05,-1.006307e+05,2.706040e+06,-5.835345e-01,4.440661e-02,-1.400400e+00,3.824206e-18,119,4067
9.238636e-09,8.850227e-03,-9.297409e-04,2.500030e-02,9.580446e+05,-1.006371e+05,2.706245e+06,-5.485702e-03,3.003061e-04,-1.517829e-02,3.824206e-18,119,40650
0.000000e+00,-4.317356e-08,1.969947e-07,2.011298e-07,0.000000e+00,0.000000e+00,0.000000e+00,2.261069e+07,-9.756501e+07,-7.857241e+07,6.023469e-18,120,0
7.438636e-10,-7.308874e-04,3.150994e-03,2.500231e-03,-9.826458e+05,4.236353e+06,3.361292e+06,1.363133e-01,-5.833622e-01,-3.854174e-01,6.023469e-18,120,3273
7.437727e-09,-7.308673e-03,3.150895e-02,2.500051e-02,-9.826619e+05,4.236422e+06,3.361338e+06,1.309977e-03,-5.669281e-03,-3.988372e-03,6.023469e-18,120,32726
0.000000e+00,1.308052e-07,-1.481868e-07,5.842445e-07,0.000000e+00,0.000000e+00,0.000000e+00,-1.364202e+07,1.500124e+07,-3.686435e+07,3.007070e-18,121,0
1.037727e-09,9.989339e-04,-1.024430e-03,2.500543e-03,9.632565e+05,-9.878025e+05,2.410594e+06,-5.029819e-01,5.087858e-01,-9.731834e-01,3.007070e-18,121,4566
1.037091e-08,9.989819e-03,-1.024441e-02,2.500028e-02,9.633388e+05,-9.878858e+05,2.410754e+06,-4.246925e-03,4.431899e-03,-1.105378e-02,3.007070e-18,121,45632
0.000000e+00,-8.614106e-08,-7.745750e-08,5.719389e-07,0.000000e+00,0.000000e+00,0.000000e+00,1.024864e+07,7.366446e+06,-4.165775e+07,3.201447e-18,122,0
8.895455e-10,-6.913724e-04,-4.555808e-04,2.500011e-03,-7.777867e+05,-5.124879e+05,2.811902e+06,4.925896e-01,3.141874e-01,-1.556930e+00,3.201447e-18,122,3914
8.890909e-09,-6.915184e-03,-4.556475e-03,2.500051e-02,-7.778558e+05,-5.125320e+05,2.812122e+06,4.647540e-03,3.077985e-03,-1.649720e-02,3.201447e-18,122,39120
0.000000e+00,-1.454493e-07,-1.775472e-07,3.679186e-07,0.000000e+00,0.000000e+00,0.000000e+00,2.006944e+07,3.135776e+07,-4.363027e+07,4.155250e-18,123,0
1.033182e-09,-1.222913e-03,-1.955324e-03,2.500512e-03,-1.184141e+06,-1.893337e+06,2.420895e+06,4.129980e-01,6.224758e-01,-6.557394e-01,4.155250e-18,123,4546
1.032682e-08,-1.222841e-02,-1.955209e-02,2.500025e-02,-1.184208e+06,-1.893438e+06,2.421002e+06,3.473290e-03,5.507354e-03,-7.061248e-03,4.155250e-18,123,45438
0.000000e+00,1.790509e-07,-2.178068e-07,3.899261e-07,0.000000e+00,0.000000e+00,0.000000e+00,-2.696169e+07,3.141061e+07,-3.347855e+07,3.733090e-18,124,0
1.393182e-09,2.256823e-03,-2.682263e-03,2.500135e-03,1.620487e+06,-1.925994e+06,1.794822e+06,-3.300809e-01,4.032031e-01,-2.466538e-01,3.733090e-18,124,6130
1.392886e-08,2.257149e-02,-2.682683e-02,2.500002e-02,1.620559e+06,-1.926082e+06,1.794877e+06,-2.843324e-03,3.380440e-03,-3.136874e-03,3.733090e-18,124,61287
0.000000e+00,8.444548e-08,-4.599303e-08,2.140956e-07,0.000000e+00,0.000000e+00,0.000000e+00,-7.004458e+07,3.926993e+07,-1.537096e+08,7.310859e-18,125,0
3.922727e-10,1.144379e-03,-6.415649e-04,2.500340e-03,2.917456e+06,-1.635596e+06,6.374172e+06,-6.807459e-01,3.812856e-01,-1.363313e+00,7.310859e-18,125,1726
3.922273e-09,1.144312e-02,-6.415287e-03,2.500141e-02,2.917498e+06,-1.635620e+06,6.374256e+06,-6.734758e-03,3.802527e-03,-1.371416e-02,7.310859e-18,125,17258
0.000000e+00,8.638781e-08,-2.042952e-07,3.217538e-07,0.000000e+00,0.000000e+00,0.000000e+00,-2.262433e+07,4.707048e+07,-5.095642e+07,4.571288e-18,126,0
9.770455e-10,1.168244e-03,-2.422524e-03,2.500568e-03,1.196060e+06,-2.480171e+06,2.559776e+06,-3.093402e-01,6.380821e-01,-5.244838e-01,4.571288e-18,126,4299
9.766591e-09,1.168142e-02,-2.422282e-02,2.500042e-02,1.196108e+06,-2.480270e+06,2.559857e+06,-2.819023e-03,5.875785e-03,-5.647804e-03,4.571288e-18,126,42973
0.000000e+00,-1.423200e-08,1.423229e-07,4.584873e-07,0.000000e+00,0.000000e+00,0.000000e+00,2.973551e+06,-2.082946e+07,-4.610020e+07,3.844851e-18,127,0
9.175000e-10,-2.427093e-04,1.207625e-03,2.500526e-03,-2.646807e+05,1.317034e+06,2.726609e+06,1.128797e-01,-7.229091e-01,-1.270884e+00,3.844851e-18,127,4037
9.168864e-09,-2.426798e-03,1.207566e-02,2.500002e-02,-2.646970e+05,1.317138e+06,2.726793e+06,9.614635e-04,-6.859937e-03,-1.345467e-02,3.844851e-18,127,40343
0.000000e+00,-8.386560e-08,1.046298e-08,4.854510e-07,0.000000e+00,0.000000e+00,0.000000e+00,1.299560e+07,-2.097488e+06,-4.549098e+07,3.765563e-18,128,0
9.050000e-10,-8.390304e-04,1.626284e-04,2.500048e-03,-9.278274e+05,1.798847e+05,2.763917e+06,6.044329e-01,-1.425116e-01,-1.483743e+00,3.765563e-18,128,3982
9.045227e-09,-8.392338e-03,1.627068e-03,2.500039e-02,-9.279138e+05,1.799051e+05,2.764129e+06,5.699560e-03,-1.186939e-03,-1.566364e-02,3.765563e-18,128,39799
0.000000e+00,3.310699e-08,9.423595e-08,3.693765e-07,0.000000e+00,0.000000e+00,0.000000e+00,-1.049408e+07,-2.180547e+07,-6.511534e+07,4.737156e-18,129,0
7.093182e-10,4.214484e-04,8.736731e-04,2.500181e-03,5.944291e+05,1.232242e+06,3.525957e+06,-2.934094e-01,-6.225130e-01,-1.592407e+00,4.737156e-18,129,3121
7.090455e-09,4.214755e-03,8.737148e-03,2.500074e-02,5.944620e+05,1.232312e+06,3.526136e+06,-2.857981e-03,-6.055297e-03,-1.624838e-02,4.737156e-18,129,31198
0.000000e+00,-2.058163e-07,-5.874152e-08,2.196418e-07,0.000000e+00,0.000000e+00,0.000000e+00,8.348632e+07,2.392869e+07,-6.599726e+07,5.632465e-18,130,0
8.609091e-10,-3.241891e-03,-9.300572e-04,2.500144e-03,-3.766142e+06,-1.080460e+06,2.904266e+06,5.632948e-01,1.630922e-01,-3.463825e-01,5.632465e-18,130,3788
8.608182e-09,-3.241971e-02,-9.300820e-03,2.500059e-02,-3.766219e+06,-1.080483e+06,2.904313e+06,5.322696e-03,1.562211e-03,-3.643616e-03,5.632465e-18,130,37876
0.000000e+00,3.976795e-08,-9.414928e-08,6.165410e-07,0.000000e+00,0.000000e+00,0.000000e+00,-9.398571e+05,1.183421e+07,-3.410884e+07,3.006712e-18,131,0
1.065455e-09,1.244821e-04,-8.905520e-04,2.500299e-03,1.169103e+05,-8.365291e+05,2.347911e+06,-6.404801e-02,5.192472e-01,-1.146961e+00,3.006712e-18,131,4688
1.064773e-08,1.244834e-03,-8.907094e-03,2.500015e-02,1.169211e+05,-8.366163e+05,2.348105e+06,-5.932311e-04,4.551242e-03,-1.351323e-02,3.006712e-18,131,46850
0.000000e+00,-2.353973e-08,-5.152798e-08,6.402852e-07,0.000000e+00,0.000000e+00,0.000000e+00,2.195031e+06,2.949847e+06,-3.745925e+07,2.917171e-18,132,0
9.161364e-10,-1.694333e-04,-1.764125e-04,2.500557e-03,-1.850906e+05,-1.927094e+05,2.731002e+06,1.325406e-01,1.588133e-01,-1.643103e+00,2.917171e-18,132,4031
9.154091e-09,-1.694332e-03,-1.764100e-03,2.500005e-02,-1.851097e+05,-1.927324e+05,2.731240e+06,1.386779e-03,2.102989e-03,-1.769516e-02,2.917171e-18,132,40278
0.000000e+00,-9.620290e-08,1.383438e-07,6.335963e-07,0.000000e+00,0.000000e+00,0.000000e+00,9.491140e+06,-1.088689e+07,-3.434759e+07,2.823562e-18,133,0
1.015909e-09,-7.560642e-04,7.911149e-04,2.500151e-03,-7.447894e+05,7.792751e+05,2.462214e+06,4.428699e-01,-4.627418e-01,-1.201307e+00,2.823562e-18,133,4470
1.015341e-08,-7.562115e-03,7.912302e-03,2.500009e-02,-7.448604e+05,7.793492e+05,2.462408e+06,3.653076e-03,-3.798712e-03,-1.351030e-02,2.823562e-18,133,44675
0.000000e+00,4.554875e-08,-2.151280e-07,2.712765e-07,0.000000e+00,0.000000e+00,0.000000e+00,-1.336260e+07,6.309249e+07,-5.995094e+07,5.043936e-18,134,0
8.915909e-10,5.750777e-04,-2.731082e-03,2.500191e-03,6.451376e+05,-3.063815e+06,2.804560e+06,-1.408203e-01,6.764028e-01,-5.008917e-01,5.043936e-18,134,3923
8.914091e-09,5.750825e-03,-2.731117e-02,2.500024e-02,6.451574e+05,-3.063910e+06,2.804630e+06,-1.255180e-03,6.352212e-03,-5.426681e-03,5.043936e-18,134,39222
0.000000e+00,1.394889e-07,4.957270e-08,3.315427e-07,0.000000e+00,0.000000e+00,0.000000e+00,-6.200469e+06,4.895489e+06,-6.986809e+07,4.953365e-18,135,0
6.554545e-10,2.687784e-04,-1.194561e-04,2.500153e-03,4.101060e+05,-1.824078e+05,3.815856e+06,-2.261025e-01,1.164694e-01,-1.987069e+00,4.953365e-18,135,2884
6.551818e-09,2.687026e-03,-1.195058e-03,2.500083e-02,4.101294e+05,-1.824198e+05,3.816062e+06,-2.367834e-03,1.042996e-03,-2.023508e-02,4.953365e-18,135,28828
0.000000e+00,-1.298182e-07,1.599525e-07,3.019096e-07,0.000000e+00,0.000000e+00,0.000000e+00,3.337461e+07,-4.347556e+07,-5.834378e+07,4.835245e-18,136,0
8.847727e-10,-1.502406e-03,1.956715e-03,2.500581e-03,-1.698521e+06,2.212156e+06,2.826716e+06,4.498307e-01,-5.976799e-01,-6.082067e-01,4.835245e-18,136,3893
8.844318e-09,-1.502228e-02,1.956502e-02,2.500051e-02,-1.698584e+06,2.212239e+06,2.826801e+06,4.220249e-03,-5.682193e-03,-6.462850e-03,4.835245e-18,136,38915
0.000000e+00,1.929353e-08,-3.390854e-08,2.028397e-07,0.000000e+00,0.000000e+00,0.000000e+00,-2.150915e+07,3.930781e+07,-2.180134e+08,8.245847e-18,137,0
2.818182e-10,2.471580e-04,-4.516701e-04,2.501863e-03,8.770164e+05,-1.602712e+06,8.877559e+06,-1.946021e-01,3.541653e-01,-1.876154e+00,8.245847e-18,137,1240
2.816136e-09,2.469815e-03,-4.513486e-03,2.500060e-02,8.770251e+05,-1.602728e+06,8.877643e+06,-1.906260e-03,3.523516e-03,-1.882407e-02,8.245847e-18,137,12391
0.000000e+00,-2.765465e-07,-6.370455e-08,4.024389e-07,0.000000e+00,0.000000e+00,0.000000e+00,3.734266e+07,8.923833e+06,-3.738224e+07,3.646739e-18,138,0
1.191818e-09,-2.625537e-03,-5.418623e-04,2.500267e-03,-2.203867e+06,-4.547937e+05,2.098350e+06,6.328200e-01,1.132060e-01,-4.446671e-01,3.646739e-18,138,5244
1.191409e-08,-2.625706e-02,-5.418473e-03,2.500009e-02,-2.203986e+06,-4.548149e+05,2.098434e+06,5.377628e-03,8.838219e-04,-5.226909e-03,3.646739e-18,138,52422
0.000000e+00,3.076947e-08,-1.834069e-07,4.740762e-07,0.000000e+00,0.000000e+00,0.000000e+00,-6.251759e+06,2.204407e+07,-3.979587e+07,3.635447e-18,139,0
1.060909e-09,3.413075e-04,-1.522540e-03,2.500086e-03,3.218209e+05,-1.435982e+06,2.357412e+06,-8.265303e-02,6.579871e-01,-8.274701e-01,3.635447e-18,139,4668
1.060500e-08,3.412905e-03,-1.522856e-02,2.500053e-02,3.218348e+05,-1.436092e+06,2.357551e+06,-1.532532e-03,5.882339e-03,-1.047709e-02,3.635447e-18,139,46662
0.000000e+00,1.126049e-08,-2.531183e-07,5.311292e-07,0.000000e+00,0.000000e+00,0.000000e+00,-1.496848e+06,2.586949e+07,-3.265657e+07,3.114528e-18,140,0
1.206364e-09,9.900104e-05,-2.133829e-03,2.500348e-03,8.208711e+04,-1.769819e+06,2.073295e+06,-1.455293e-02,6.810285e-01,-5.911361e-01,3.114528e-18,140,5308
1.205818e-08,9.898203e-04,-2.134075e-02,2.500039e-02,8.208989e+04,-1.769949e+06,2.073409e+06,-1.300727e-04,5.755564e-03,-7.171998e-03,3.114528e-18,140,53056
0.000000e+00,1.635218e-07,1.146427e-07,2.923934e-07,0.000000e+00,0.000000e+00,0.000000e+00,-4.642454e+07,-3.234905e+07,-6.114184e+07,4.987152e-18,141,0
8.520455e-10,1.975921e-03,1.380142e-03,2.500263e-03,2.319631e+06,1.620216e+06,2.934924e+06,-6.208907e-01,-4.333144e-01,-6.580841e-01,4.987152e-18,141,3749
8.518182e-09,1.975906e-02,1.380131e-02,2.500036e-02,2.319714e+06,1.620274e+06,2.935013e+06,-5.885541e-03,-4.063865e-03,-6.865465e-03,4.987152e-18,141,37480
0.000000e+00,4.703694e-08,-2.364508e-07,3.051841e-07,0.000000e+00,0.000000e+00,0.000000e+00,-8.852105e+06,5.635058e+07,-4.929588e+07,4.560057e-18,142,0
1.048409e-09,4.594925e-04,-3.045091e-03,2.500283e-03,4.383589e+05,-2.905246e+06,2.385154e+06,-8.027445e-02,6.208766e-01,-3.775971e-01,4.560057e-18,142,4613
1.048159e-08,4.594715e-03,-3.045161e-02,2.500036e-02,4.383721e+05,-2.905349e+06,2.385217e+06,-7.602411e-04,5.426824e-03,-4.236429e-03,4.560057e-18,142,46119
0.000000e+00,-1.940213e-08,9.845088e-08,5.566197e-07,0.000000e+00,0.000000e+00,0.000000e+00,2.536732e+06,-6.926858e+06,-3.914016e+07,3.309554e-18,143,0
9.940909e-10,-2.052139e-04,5.546818e-04,2.500052e-03,-2.066688e+05,5.584761e+05,2.516312e+06,1.737722e-01,-4.138614e-01,-1.367579e+00,3.309554e-18,143,4374
9.935227e-09,-2.053269e-03,5.548573e-03,2.500033e-02,-2.066960e+05,5.585410e+05,2.516528e+06,1.377885e-03,-3.089845e-03,-1.543167e-02,3.309554e-18,143,43715
0.000000e+00,-3.639532e-08,1.800821e-07,3.603474e-07,0.000000e+00,0.000000e+00,0.000000e+00,8.654636e+06,-3.715051e+07,-5.439217e+07,4.446026e-18,144,0
8.672727e-10,-4.344270e-04,1.826509e-03,2.500402e-03,-5.011292e+05,2.106865e+06,2.883851e+06,1.982144e-01,-7.883733e-01,-9.123031e-01,4.446026e-18,144,3816
8.669091e-09,-4.344321e-03,1.826459e-02,2.500049e-02,-5.011563e+05,2.106973e+06,2.883976e+06,1.942068e-03,-7.580112e-03,-9.585221e-03,4.446026e-18,144,38144
0.000000e+00,-9.295238e-08,-4.518080e-08,5.300252e-07,0.000000e+00,0.000000e+00,0.000000e+00,1.983772e+07,8.535016e+06,-4.357918e+07,3.462681e-18,145,0
9.045455e-10,-1.113195e-03,-4.715652e-04,2.500252e-03,-1.231389e+06,-5.216691e+05,2.765383e+06,6.081972e-01,3.074502e-01,-1.369110e+00,3.462681e-18,145,3980
9.040455e-09,-1.113225e-02,-4.716113e-03,2.500047e-02,-1.231475e+06,-5.217130e+05,2.765579e+06,6.248190e-03,2.927915e-03,-1.459606e-02,3.462681e-18,145,39778
0.000000e+00,8.883693e-08,-1.251483e-07,2.300729e-07,0.000000e+00,0.000000e+00,0.000000e+00,-4.918181e+07,6.257936e+07,-1.019401e+08,6.262516e-18,146,0
5.695455e-10,1.221140e-03,-1.551734e-03,2.500784e-03,2.144317e+06,-2.724806e+06,4.391181e+06,-5.059388e-01,6.278770e-01,-9.166939e-01,6.262516e-18,146,2506
5.693409e-09,1.220852e-02,-1.551351e-02,2.500095e-02,2.144362e+06,-2.724862e+06,4.391264e+06,-5.016547e-03,6.175626e-03,-9.282992e-03,6.262516e-18,146,25051
0.000000e+00,1.358693e-07,-1.541350e-07,5.181094e-07,0.000000e+00,0.000000e+00,0.000000e+00,-1.810180e+07,2.056266e+07,-3.971845e+07,3.331880e-18,147,0
1.027955e-09,1.184522e-03,-1.413348e-03,2.500339e-03,1.152920e+06,-1.375659e+06,2.433136e+06,-4.921258e-01,5.773359e-01,-8.194912e-01,3.331880e-18,147,4523
1.027477e-08,1.184598e-02,-1.413453e-02,2.500013e-02,1.153000e+06,-1.375752e+06,2.433270e+06,-4.183411e-03,4.835818e-03,-9.143334e-03,3.331880e-18,147,45209
0.000000e+00,1.295858e-07,8.400558e-08,2.729324e-07,0.000000e+00,0.000000e+00,0.000000e+00,-5.000024e+07,-3.366159e+07,-8.195560e+07,5.601057e-18,148,0
6.693182e-10,1.562143e-03,1.053612e-03,2.500535e-03,2.334412e+06,1.574490e+06,3.736475e+06,-6.889297e-01,-4.682117e-01,-9.601263e-01,5.601057e-18,148,2945
6.690909e-09,1.561938e-02,1.053479e-02,2.500057e-02,2.334485e+06,1.574539e+06,3.736577e+06,-6.705554e-03,-4.569931e-03,-9.848703e-03,5.601057e-18,148,29440
0.000000e+00,1.519247e-07,3.107624e-08,3.048234e-07,0.000000e+00,0.000000e+00,0.000000e+00,-4.537760e+07,-9.374200e+06,-6.994344e+07,5.201534e-18,149,0
7.302273e-10,1.682864e-03,3.526057e-04,2.500335e-03,2.305261e+06,4.830206e+05,3.424797e+06,-8.165880e-01,-1.746179e-01,-1.063688e+00,5.201534e-18,149,3213
7.299773e-09,1.682789e-02,3.525941e-03,2.500037e-02,2.305355e+06,4.830408e+05,3.424920e+06,-7.902067e-03,-1.706696e-03,-1.091696e-02,5.201534e-18,149,32119
0.000000e+00,5.731703e-08,5.759191e-08,1.540120e-07,0.000000e+00,0.000000e+00,0.000000e+00,-1.067175e+08,-1.092416e+08,-2.707820e+08,9.632172e-18,150,0
2.297727e-10,9.866516e-04,1.009999e-03,2.502433e-03,4.293941e+06,4.395554e+06,1.089062e+07,-5.307142e-01,-5.439046e-01,-1.287193e+00,9.632172e-18,150,1011
2.295682e-09,9.857577e-03,1.009085e-02,2.500154e-02,4.293961e+06,4.395574e+06,1.089067e+07,-5.302002e-03,-5.436503e-03,-1.291537e-02,9.632172e-18,150,10101
0.000000e+00,-9.055779e-08,-2.143880e-07,5.508339e-07,0.000000e+00,0.000000e+00,0.000000e+00,1.405864e+07,1.938770e+07,-3.243396e+07,3.077005e-18,151,0
1.201136e-09,-1.144326e-03,-1.694710e-03,2.500171e-03,-9.534323e+05,-1.411847e+06,2.082183e+06,4.482885e-01,6.123426e-01,-5.915590e-01,3.077005e-18,151,5285
1.200659e-08,-1.144735e-02,-1.695140e-02,2.500011e-02,-9.535171e+05,-1.411963e+06,2.082296e+06,3.393471e-03,4.877443e-03,-7.497742e-03,3.077005e-18,151,52829
0.000000e+00,-1.166299e-07,1.799969e-07,5.577214e-07,0.000000e+00,0.000000e+00,0.000000e+00,1.008982e+07,-2.145076e+07,-3.897863e+07,3.103946e-18,152,0
1.007273e-09,-7.366628e-04,1.432568e-03,2.500025e-03,-7.317821e+05,1.423087e+06,2.482952e+06,3.623480e-01,-7.038426e-01,-9.966081e-01,3.103946e-18,152,4432
1.006864e-08,-7.368039e-03,1.432852e-02,2.500015e-02,-7.318397e+05,1.423199e+06,2.483111e+06,3.069384e-03,-6.002293e-03,-1.080869e-02,3.103946e-18,152,44302
0.000000e+00,1.244763e-07,-8.133198e-08,5.688909e-07,0.000000e+00,0.000000e+00,0.000000e+00,-1.393017e+07,6.745659e+06,-4.059399e+07,3.181831e-18,153,0
9.343182e-10,8.775606e-04,-4.103361e-04,2.500471e-03,9.398278e+05,-4.395451e+05,2.677558e+06,-5.170656e-01,3.518198e-01,-1.388045e+00,3.181831e-18,153,4111
9.336818e-09,8.774994e-03,-4.103975e-03,2.500008e-02,9.399040e+05,-4.395970e+05,2.677764e+06,-4.540178e-03,3.423340e-03,-1.495022e-02,3.181831e-18,153,41082
0.000000e+00,3.262188e-08,1.347062e-07,5.840391e-07,0.000000e+00,0.000000e+00,0.000000e+00,-3.599787e+06,-8.700835e+06,-3.647840e+07,3.121147e-18,154,0
1.030682e-09,2.317714e-04,7.416713e-04,2.500528e-03,2.249751e+05,7.202111e+05,2.427457e+06,-9.686866e-02,-5.019432e-01,-1.283695e+00,3.121147e-18,154,4535
1.029886e-08,2.317002e-03,7.417345e-03,2.500024e-02,2.249908e+05,7.202926e+05,2.427666e+06,-1.120198e-03,-3.874950e-03,-1.440806e-02,3.121147e-18,154,45315
0.000000e+00,-5.051088e-08,-5.665819e-08,4.645637e-07,0.000000e+00,0.000000e+00,0.000000e+00,1.057972e+07,6.550631e+06,-4.826946e+07,3.942238e-18,155,0
8.961364e-10,-6.436513e-04,-2.648343e-04,2.500262e-03,-7.188185e+05,-2.956719e+05,2.791552e+06,4.883656e-01,1.867833e-01,-1.567426e+00,3.942238e-18,155,3943
8.955682e-09,-6.437462e-03,-2.647992e-03,2.500038e-02,-7.188876e+05,-2.956983e+05,2.791774e+06,4.373136e-03,2.149836e-03,-1.657454e-02,3.942238e-18,155,39405
0.000000e+00,1.033647e-08,9.442051e-08,4.719358e-07,0.000000e+00,0.000000e+00,0.000000e+00,2.902080e+06,-4.212264e+06,-5.519796e+07,3.865216e-18,156,0
7.493182e-10,-8.014138e-05,2.323553e-04,2.500512e-03,-1.070432e+05,3.102245e+05,3.338644e+06,8.779370e-02,-2.212187e-01,-1.976476e+00,3.865216e-18,156,3297
7.488182e-09,-8.015487e-04,2.323062e-03,2.500049e-02,-1.070536e+05,3.102507e+05,3.338879e+06,7.024107e-04,-1.951149e-03,-2.025903e-02,3.865216e-18,156,32948
0.000000e+00,-1.150665e-07,3.147798e-08,6.148987e-07,0.000000e+00,0.000000e+00,0.000000e+00,1.244363e+07,1.397163e+06,-4.038065e+07,2.977637e-18,157,0
9.252273e-10,-8.785758e-04,-4.958388e-05,2.500199e-03,-9.503088e+05,-5.365493e+04,2.703554e+06,6.308475e-01,2.593265e-02,-1.426093e+00,2.977637e-18,157,4071
9.247045e-09,-8.787508e-03,-4.961165e-04,2.500012e-02,-9.504009e+05,-5.365871e+04,2.703763e+06,5.405772e-03,1.670759e-04,-1.522708e-02,2.977637e-18,157,40687
0.000000e+00,-2.840547e-07,-3.955056e-08,3.921278e-07,0.000000e+00,0.000000e+00,0.000000e+00,4.036812e+07,2.649750e+06,-3.517589e+07,3.687001e-18,158,0
1.286591e-09,-3.084135e-03,-1.805653e-04,2.500014e-03,-2.398037e+06,-1.403612e+05,1.943505e+06,5.722820e-01,2.391438e-02,-3.316383e-01,3.687001e-18,158,5661
1.286341e-08,-3.084689e-02,-1.805547e-03,2.500026e-02,-2.398153e+06,-1.403660e+05,1.943573e+06,4.933557e-03,2.069435e-04,-4.032874e-03,3.687001e-18,158,56599
0.000000e+00,1.516064e-07,4.198837e-08,3.828911e-07,0.000000e+00,0.000000e+00,0.000000e+00,-2.584871e+07,-1.065816e+07,-5.677808e+07,4.393970e-18,159,0
7.959091e-10,1.230946e-03,5.242490e-04,2.500065e-03,1.547274e+06,6.590173e+05,3.142215e+06,-7.207223e-01,-3.236135e-01,-1.285329e+00,4.393970e-18,159,3502
7.956364e-09,1.231067e-02,5.243353e-03,2.500071e-02,1.547365e+06,6.590580e+05,3.142377e+06,-6.944098e-03,-3.115054e-03,-1.334883e-02,4.393970e-18,159,35008
0.000000e+00,2.013734e-07,1.121083e-08,3.647253e-07,0.000000e+00,0.000000e+00,0.000000e+00,-3.295606e+07,6.636824e+06,-4.272280e+07,4.350689e-18,160,0
1.061591e-09,2.198218e-03,-3.647403e-04,2.500058e-03,2.071697e+06,-3.437667e+05,2.355745e+06,-7.400204e-01,1.156740e-01,-6.581600e-01,4.350689e-18,160,4671
1.061250e-08,2.198578e-02,-3.648178e-03,2.500044e-02,2.071820e+06,-3.437861e+05,2.355856e+06,-6.338427e-03,1.159465e-03,-7.288398e-03,4.350689e-18,160,46695
0.000000e+00,-8.759999e-09,-3.304490e-08,1.333157e-07,0.000000e+00,0.000000e+00,0.000000e+00,3.170158e+08,1.047850e+07,-1.233471e+08,1.211714e-17,161,0
5.050000e-10,-6.427320e-03,-2.127714e-04,2.500417e-03,-1.272752e+07,-4.212699e+05,4.951116e+06,2.292443e-01,7.538387e-03,-8.087825e-02,1.211714e-17,161,2222
5.049545e-09,-6.426817e-02,-2.127254e-03,2.500101e-02,-1.272753e+07,-4.212705e+05,4.951123e+06,2.260772e-03,7.379950e-05,-8.175208e-04,1.211714e-17,161,22218
0.000000e+00,1.117472e-07,5.539326e-08,2.159633e-07,0.000000e+00,0.000000e+00,0.000000e+00,-7.687937e+07,-3.959331e+07,-1.315197e+08,6.899401e-18,162,0
4.540909e-10,1.469740e-03,7.574861e-04,2.500538e-03,3.236872e+06,1.668253e+06,5.506923e+06,-7.161533e-01,-3.740240e-01,-1.119936e+00,6.899401e-18,162,1998
4.539773e-09,1.469474e-02,7.573527e-03,2.500034e-02,3.236923e+06,1.668280e+06,5.507003e+06,-7.132963e-03,-3.782672e-03,-1.132227e-02,6.899401e-18,162,19975
0.000000e+00,-2.907893e-08,-1.747481e-07,4.657262e-07,0.000000e+00,0.000000e+00,0.000000e+00,5.200125e+06,2.148606e+07,-4.353846e+07,3.710236e-18,163,0
9.586364e-10,-3.238259e-04,-1.414182e-03,2.500107e-03,-3.380311e+05,-1.476123e+06,2.609085e+06,1.853920e-01,7.691682e-01,-1.099960e+00,3.710236e-18,163,4218
9.582045e-09,-3.239006e-03,-1.414423e-02,2.500051e-02,-3.380591e+05,-1.476240e+06,2.609252e+06,1.637697e-03,6.765961e-03,-1.175639e-02,3.710236e-18,163,42161
0.000000e+00,1.493326e-07,-1.086857e-08,5.389646e-07,0.000000e+00,0.000000e+00,0.000000e+00,-1.610639e+07,-8.282878e+03,-4.119197e+07,3.339149e-18,164,0
2.553182e-09,3.092577e-03,4.394260e-03,2.500192e-03,1.211888e+06,1.722091e+06,9.794773e+05,-1.550092e-01,-2.194537e-01,-1.016517e-01,3.339149e-18,164,11234
2.272727e-08,2.754232e-02,3.913731e-02,2.226093e-02,1.211949e+06,1.722178e+06,9.795190e+05,-1.876195e-03,-2.662965e-03,-1.513704e-03,3.339149e-18,164,100000
0.000000e+00,-2.457497e-08,3.435362e-08,2.268756e-07,0.000000e+00,0.000000e+00,0.000000e+00,2.256505e+07,-3.019056e+07,-1.776787e+08,7.443756e-18,165,0
3.406818e-10,-3.189357e-04,4.265593e-04,2.501617e-03,-9.362163e+05,1.252133e+06,7.343166e+06,2.592981e-01,-3.436985e-01,-1.873151e+00,7.443756e-18,165,1499
3.404545e-09,-3.187410e-03,4.262972e-03,2.500033e-02,-9.362303e+05,1.252152e+06,7.343267e+06,2.589408e-03,-3.433222e-03,-1.884107e-02,7.443756e-18,165,14980
0.000000e+00,-1.195439e-07,-1.342786e-07,3.478457e-07,0.000000e+00,0.000000e+00,0.000000e+00,2.574805e+07,2.826013e+07,-5.563455e+07,4.579123e-18,166,0
8.500000e-10,-1.218898e-03,-1.355947e-03,2.500436e-03,-1.434560e+06,-1.595862e+06,2.942517e+06,5.494557e-01,6.129163e-01,-9.568300e-01,4.579123e-18,166,3740
8.496136e-09,-1.218820e-02,-1.355864e-02,2.500014e-02,-1.434634e+06,-1.595944e+06,2.942646e+06,5.218582e-03,5.828229e-03,-9.955141e-03,4.579123e-18,166,37383
0.000000e+00,-8.555510e-08,1.625232e-07,2.732398e-07,0.000000e+00,0.000000e+00,0.000000e+00,3.234833e+07,-5.161254e+07,-6.922200e+07,5.330599e-18,167,0
7.750000e-10,-1.214169e-03,1.927466e-03,2.500150e-03,-1.567055e+06,2.487608e+06,3.226487e+06,4.314088e-01,-6.651283e-01,-7.278478e-01,5.330599e-18,167,3410
7.748409e-09,-1.214219e-02,1.927504e-02,2.500028e-02,-1.567108e+06,2.487689e+06,3.226576e+06,4.194564e-03,-6.330958e-03,-7.498601e-03,5.330599e-18,167,34093
0.000000e+00,-1.249000e-07,1.708871e-07,5.481272e-07,0.000000e+00,0.000000e+00,0.000000e+00,1.777467e+07,-1.322844e+07,-3.086306e+07,3.157087e-18,168,0
1.216136e-09,-1.570873e-03,1.079673e-03,2.500042e-03,-1.292549e+06,8.883205e+05,2.056514e+06,5.372326e-01,-3.736791e-01,-6.627850e-01,3.157087e-18,168,5351
1.215659e-08,-1.571288e-02,1.079895e-02,2.500040e-02,-1.292652e+06,8.883920e+05,2.056643e+06,4.931996e-03,-3.434126e-03,-8.104703e-03,3.157087e-18,168,53489
0.000000e+00,2.505162e-07,-1.269386e-10,3.989670e-07,0.000000e+00,0.000000e+00,0.000000e+00,-4.043051e+07,1.941288e+06,-3.912265e+07,3.840088e-18,169,0
1.185909e-09,2.886742e-03,-1.368645e-04,2.500122e-03,2.435136e+06,-1.154635e+05,2.108599e+06,-6.291946e-01,2.968333e-02,-3.984696e-01,3.840088e-18,169,5218
1.185614e-08,2.887123e-02,-1.368935e-03,2.500001e-02,2.435253e+06,-1.154690e+05,2.108674e+06,-5.442443e-03,2.151210e-04,-4.626964e-03,3.840088e-18,169,52167
0.000000e+00,-1.545141e-07,8.039100e-08,3.868900e-07,0.000000e+00,0.000000e+00,0.000000e+00,2.914707e+07,-1.831032e+07,-5.001181e+07,4.264131e-18,170,0
9.140909e-10,-1.593187e-03,1.009011e-03,2.500149e-03,-1.743686e+06,1.104355e+06,2.735927e+06,6.726735e-01,-4.358509e-01,-8.810228e-01,4.264131e-18,170,4022
9.137727e-09,-1.593329e-02,1.009125e-02,2.500029e-02,-1.743783e+06,1.104418e+06,2.736055e+06,6.324938e-03,-3.886162e-03,-9.394997e-03,4.264131e-18,170,40206
0.000000e+00,1.391728e-07,1.500312e-07,3.068564e-07,0.000000e+00,0.000000e+00,0.000000e+00,-3.626394e+07,-3.801907e+07,-5.810349e+07,4.807212e-18,171,0
8.761364e-10,1.630760e-03,1.703092e-03,2.500532e-03,1.861837e+06,1.944410e+06,2.854589e+06,-5.234515e-01,-5.445730e-01,-6.767074e-01,4.807212e-18,171,3855
8.757955e-09,1.630590e-02,1.702907e-02,2.500049e-02,1.861910e+06,1.944485e+06,2.854683e+06,-4.923619e-03,-5.162256e-03,-7.084027e-03,4.807212e-18,171,38535
0.000000e+00,-2.527562e-08,-2.192969e-07,5.093287e-07,0.000000e+00,0.000000e+00,0.000000e+00,3.969980e+06,2.462012e+07,-3.600536e+07,3.320762e-18,172,0
1.123864e-09,-3.690080e-04,-1.812780e-03,2.500019e-03,-3.286101e+05,-1.613918e+06,2.225314e+06,1.757016e-01,6.785097e-01,-7.525080e-01,3.320762e-18,172,4945
1.123432e-08,-3.691666e-03,-1.813123e-02,2.500007e-02,-3.286412e+05,-1.614038e+06,2.225448e+06,1.223707e-03,5.783073e-03,-8.662032e-03,3.320762e-18,172,49431
0.000000e+00,1.570605e-07,-1.902200e-07,2.406867e-07,0.000000e+00,0.000000e+00,0.000000e+00,-4.871282e+07,5.563339e+07,-4.760270e+07,5.047148e-18,173,0
1.141591e-09,2.681480e-03,-3.055130e-03,2.500172e-03,2.349307e+06,-2.676650e+06,2.190241e+06,-3.131501e-01,3.499018e-01,-2.094459e-01,5.047148e-18,173,5023
1.141432e-08,2.681575e-02,-3.055216e-02,2.500024e-02,2.349363e+06,-2.676712e+06,2.190279e+06,-2.642954e-03,3.013738e-03,-2.336499e-03,5.047148e-18,173,50223
0.000000e+00,1.710476e-07,2.915214e-08,5.466501e-07,0.000000e+00,0.000000e+00,0.000000e+00,-1.576360e+07,-4.104928e+06,-3.908039e+07,3.245305e-18,174,0
9.895455e-10,1.143629e-03,2.168008e-04,2.500327e-03,1.156550e+06,2.191831e+05,2.527956e+06,-6.953191e-01,-8.973882e-02,-1.196664e+00,3.245305e-18,174,4354
9.889545e-09,1.143773e-02,2.167634e-03,2.500051e-02,1.156659e+06,2.191971e+05,2.528143e+06,-5.920854e-03,-1.333043e-04,-1.308321e-02,3.245305e-18,174,43514
0.000000e+00,-1.892507e-07,-5.866862e-08,3.246062e-07,0.000000e+00,0.000000e+00,0.000000e+00,4.445940e+07,1.318545e+07,-5.605748e+07,4.680480e-18,175,0
8.784091e-10,-2.083709e-03,-6.185494e-04,2.500413e-03,-2.372928e+06,-7.043993e+05,2.847161e+06,7.600806e-01,2.237386e-01,-7.532187e-01,4.680480e-18,175,3865
8.780682e-09,-2.083592e-02,-6.185108e-03,2.500014e-02,-2.373033e+06,-7.044303e+05,2.847266e+06,7.115530e-03,2.173587e-03,-7.920671e-03,4.680480e-18,175,38635
0.000000e+00,6.794276e-08,4.496366e-08,4.679851e-07,0.000000e+00,0.000000e+00,0.000000e+00,-7.189721e+06,-7.979569e+06,-4.691078e+07,3.913687e-18,176,0
8.840909e-10,4.201013e-04,4.284318e-04,2.500273e-03,4.754802e+05,4.849398e+05,2.829622e+06,-2.887159e-01,-3.066675e-01,-1.610290e+00,3.913687e-18,176,3890
8.835227e-09,4.200974e-03,4.284536e-03,2.500046e-02,4.755205e+05,4.849826e+05,2.829847e+06,-3.363237e-03,-3.247621e-03,-1.735538e-02,3.913687e-18,176,38875
0.000000e+00,1.237177e-08,-1.338918e-07,2.956106e-07,0.000000e+00,0.000000e+00,0.000000e+00,-2.168405e+06,4.126025e+07,-8.267751e+07,5.449823e-18,177,0
6.359091e-10,6.356802e-05,-1.278527e-03,2.500369e-03,9.997256e+04,-2.011066e+06,3.932808e+06,-2.949462e-02,7.745014e-01,-1.408050e+00,5.449823e-18,177,2798
6.356818e-09,6.355160e-04,-1.278402e-02,2.500028e-02,9.997552e+04,-2.011144e+06,3.932950e+06,-2.529922e-04,7.601218e-03,-1.427980e-02,5.449823e-18,177,27970
0.000000e+00,-8.358772e-08,-2.292331e-07,3.220496e-07,0.000000e+00,0.000000e+00,0.000000e+00,1.780502e+07,4.657486e+07,-4.805566e+07,4.397449e-18,178,0
1.027727e-09,-9.720954e-04,-2.550469e-03,2.500433e-03,-9.461592e+05,-2.482413e+06,2.433453e+06,2.396580e-01,6.307216e-01,-5.059613e-01,4.397449e-18,178,4522
1.027364e-08,-9.720495e-03,-2.550341e-02,2.500055e-02,-9.461980e+05,-2.482515e+06,2.433536e+06,2.146072e-03,5.660852e-03,-5.482448e-03,4.397449e-18,178,45204
0.000000e+00,-1.580611e-07,-5.789473e-08,6.210669e-07,0.000000e+00,0.000000e+00,0.000000e+00,1.443788e+07,4.117088e+06,-3.582768e+07,2.869372e-18,179,0
9.879545e-10,-1.010164e-03,-2.600692e-04,2.500066e-03,-1.023156e+06,-2.633907e+05,2.531766e+06,5.885121e-01,1.517725e-01,-1.246966e+00,2.869372e-18,179,4347
9.874545e-09,-1.010321e-02,-2.600889e-03,2.500026e-02,-1.023248e+06,-2.634144e+05,2.531961e+06,5.072488e-03,1.550812e-03,-1.377243e-02,2.869372e-18,179,43448
0.000000e+00,4.445819e-08,2.514983e-08,3.566708e-07,0.000000e+00,0.000000e+00,0.000000e+00,-1.002987e+07,-6.783143e+06,-7.544151e+07,5.002525e-18,180,0
6.338636e-10,3.555769e-04,2.349336e-04,2.500603e-03,5.611842e+05,3.707920e+05,3.946306e+06,-2.958562e-01,-2.046460e-01,-1.945265e+00,5.002525e-18,180,2789
6.335227e-09,3.555232e-03,2.349050e-03,2.500085e-02,5.612138e+05,3.708125e+05,3.946501e+06,-3.042382e-03,-1.887454e-03,-1.980233e-02,5.002525e-18,180,27875
0.000000e+00,9.604323e-08,-9.354207e-08,5.222209e-07,0.000000e+00,0.000000e+00,0.000000e+00,-1.612441e+07,8.652670e+06,-4.395257e+07,3.485962e-18,181,0
9.079545e-10,8.824600e-04,-5.909887e-04,2.500617e-03,9.725624e+05,-6.513456e+05,2.755415e+06,-5.736982e-01,4.011738e-01,-1.379791e+00,3.485962e-18,181,3995
9.073182e-09,8.824208e-03,-5.909762e-03,2.500055e-02,9.726446e+05,-6.514031e+05,2.755614e+06,-5.092035e-03,3.844212e-03,-1.463063e-02,3.485962e-18,181,39922
0.000000e+00,2.499488e-07,-1.219081e-08,5.382746e-07,0.000000e+00,0.000000e+00,0.000000e+00,-2.532883e+07,6.411330e+05,-3.553424e+07,3.092348e-18,182,0
1.123409e-09,1.990474e-03,8.580100e-06,2.500289e-03,1.772783e+06,7.694930e+03,2.226378e+06,-7.064485e-01,-2.610798e-02,-7.140528e-01,3.092348e-18,182,4943
1.122909e-08,1.990670e-02,8.638130e-05,2.500042e-02,1.772908e+06,7.699530e+03,2.226505e+06,-5.841711e-03,-1.095309e-04,-8.108129e-03,3.092348e-18,182,49408
0.000000e+00,6.700774e-09,-1.919546e-07,2.727722e-07,0.000000e+00,0.000000e+00,0.000000e+00,-1.162416e+06,7.001873e+07,-7.404841e+07,5.298062e-18,183,0
7.445455e-10,2.726664e-05,-2.414118e-03,2.500396e-03,3.659585e+04,-3.242990e+06,3.358674e+06,1.484735e-02,7.722040e-01,-6.883310e-01,5.298062e-18,183,3276
7.443409e-09,2.724076e-04,-2.413897e-02,2.500015e-02,3.659411e+04,-3.243081e+06,3.358755e+06,1.747491e-04,7.397038e-03,-7.067599e-03,5.298062e-18,183,32751
0.000000e+00,-3.055029e-08,-1.212697e-07,4.293022e-07,0.000000e+00,0.000000e+00,0.000000e+00,7.155647e+06,2.009692e+07,-4.888279e+07,4.112471e-18,184,0
1.092045e-09,-1.216688e-03,-8.951917e-04,2.500195e-03,-1.114969e+06,-8.202326e+05,2.290413e+06,4.977852e-01,4.169382e-01,-8.903917e-01,4.112471e-18,184,4805
1.091500e-08,-1.216968e-02,-8.952884e-03,2.500007e-02,-1.115055e+06,-8.203044e+05,2.290567e+06,4.601250e-03,3.699669e-03,-1.059772e-02,4.112471e-18,184,48026
0.000000e+00,-2.097615e-07,-1.328787e-07,2.449801e-07,0.000000e+00,0.000000e+00,0.000000e+00,6.013463e+07,3.975856e+07,-5.135124e+07,4.979662e-18,185,0
1.058182e-09,-3.048546e-03,-2.020535e-03,2.500095e-03,-2.881427e+06,-1.909784e+06,2.362845e+06,4.348761e-01,2.938026e-01,-2.722733e-01,4.979662e-18,185,4656
1.058045e-08,-3.048685e-02,-2.020641e-02,2.500011e-02,-2.881499e+06,-1.909833e+06,2.362891e+06,3.891528e-03,2.569556e-03,-2.967117e-03,4.979662e-18,185,46554
0.000000e+00,-1.420462e-07,2.479939e-07,4.152588e-07,0.000000e+00,0.000000e+00,0.000000e+00,2.184450e+07,-2.733373e+07,-3.453953e+07,3.573827e-18,186,0
1.906591e-09,-2.494051e-03,4.005479e-03,2.500158e-03,-1.308580e+06,2.101614e+06,1.311480e+06,1.787443e-01,-2.853188e-01,-1.321042e-01,3.573827e-18,186,8389
1.906227e-08,-2.494440e-02,4.006132e-02,2.500006e-02,-1.308634e+06,2.101700e+06,1.311521e+06,1.639580e-03,-2.630499e-03,-1.641434e-03,3.573827e-18,186,83874
0.000000e+00,1.767543e-07,1.633036e-07,3.593758e-07,0.000000e+00,0.000000e+00,0.000000e+00,-2.822195e+07,-2.902327e+07,-4.343314e+07,4.143264e-18,187,0
1.066136e-09,1.770179e-03,1.776913e-03,2.500319e-03,1.661032e+06,1.667357e+06,2.345808e+06,-5.124514e-01,-5.147820e-01,-5.650540e-01,4.143264e-18,187,4691
1.065727e-08,1.770205e-02,1.776945e-02,2.500004e-02,1.661118e+06,1.667443e+06,2.345903e+06,-4.411596e-03,-4.456803e-03,-6.188830e-03,4.143264e-18,187,46892
0.000000e+00,4.613815e-08,2.095307e-07,5.765591e-07,0.000000e+00,0.000000e+00,0.000000e+00,-9.148973e+06,-3.126871e+07,-3.274019e+07,3.023178e-18,188,0
1.185682e-09,7.262867e-04,2.329487e-03,2.500377e-03,6.128960e+05,1.965660e+06,2.109372e+06,-2.198146e-01,-6.506162e-01,-5.552483e-01,3.023178e-18,188,5217
1.185182e-08,7.263882e-03,2.329656e-02,2.500015e-02,6.129371e+05,1.965781e+06,2.109477e+06,-1.964391e-03,-5.572069e-03,-6.339053e-03,3.023178e-18,188,52148
0.000000e+00,1.285480e-07,-1.129982e-07,4.697415e-07,0.000000e+00,0.000000e+00,0.000000e+00,-2.297227e+07,1.701214e+07,-4.436031e+07,3.725652e-18,189,0
9.415909e-10,1.333815e-03,-9.713695e-04,2.500420e-03,1.417328e+06,-1.032151e+06,2.656484e+06,-6.510409e-01,4.617778e-01,-1.008614e+00,3.725652e-18,189,4143
9.410909e-09,1.333829e-02,-9.713464e-03,2.500008e-02,1.417425e+06,-1.032219e+06,2.656634e+06,-6.029905e-03,4.261435e-03,-1.075423e-02,3.725652e-18,189,41408
0.000000e+00,-8.774751e-08,7.873795e-08,4.721287e-07,0.000000e+00,0.000000e+00,0.000000e+00,1.191072e+07,-8.971327e+06,-4.418372e+07,3.798545e-18,190,0
9.325000e-10,-7.133431e-04,6.467007e-04,2.500133e-03,-7.654854e+05,6.940911e+05,2.682596e+06,4.580912e-01,-4.509401e-01,-1.482386e+00,3.798545e-18,190,4103
9.319318e-09,-7.133798e-03,6.468377e-03,2.500009e-02,-7.655528e+05,6.941575e+05,2.682814e+06,3.997208e-03,-4.012033e-03,-1.555913e-02,3.798545e-18,190,41005
0.000000e+00,1.552558e-07,-1.012673e-07,3.280037e-07,0.000000e+00,0.000000e+00,0.000000e+00,-3.719526e+07,2.992561e+07,-5.976354e+07,4.751426e-18,191,0
8.343182e-10,1.636617e-03,-1.301648e-03,2.500225e-03,1.962232e+06,-1.560642e+06,2.997378e+06,-6.323248e-01,5.041658e-01,-8.266733e-01,4.751426e-18,191,3671
8.340682e-09,1.636636e-02,-1.301681e-02,2.500031e-02,1.962315e+06,-1.560708e+06,2.997487e+06,-5.994387e-03,4.856638e-03,-8.535054e-03,4.751426e-18,191,36699
0.000000e+00,-5.719750e-08,2.535232e-07,3.321418e-07,0.000000e+00,0.000000e+00,0.000000e+00,7.022797e+06,-3.724491e+07,-4.583405e+07,4.216727e-18,192,0
1.017955e-09,-4.824449e-04,2.279171e-03,2.500551e-03,-4.741544e+05,2.239877e+06,2.457135e+06,1.723187e-01,-7.384023e-01,-6.522466e-01,4.216727e-18,192,4479
1.017455e-08,-4.824293e-03,2.278971e-02,2.500033e-02,-4.741821e+05,2.239995e+06,2.457241e+06,1.583387e-03,-6.607422e-03,-7.080411e-03,4.216727e-18,192,44768
0.000000e+00,8.685499e-08,-1.403313e-07,4.950856e-07,0.000000e+00,0.000000e+00,0.000000e+00,2.037371e+07,6.685153e+07,-4.525382e+07,3.597378e-18,193,0
1.118409e-09,-1.037340e-03,-3.591667e-03,2.500383e-03,-9.278230e+05,-3.212097e+06,2.235679e+06,1.493131e-01,4.862736e-01,-2.415853e-01,3.597378e-18,193,4921
1.118227e-08,-1.037504e-02,-3.591849e-02,2.500031e-02,-9.278493e+05,-3.212183e+06,2.235722e+06,1.241476e-03,4.296844e-03,-2.815793e-03,3.597378e-18,193,49202
0.000000e+00,-1.374556e-07,-1.503518e-07,5.418918e-07,0.000000e+00,0.000000e+00,0.000000e+00,1.553790e+07,1.400306e+07,-3.782433e+07,3.186289e-18,194,0
1.046136e-09,-1.147241e-03,-1.081703e-03,2.500285e-03,-1.097321e+06,-1.034658e+06,2.390998e+06,5.134291e-01,5.155863e-01,-9.475049e-01,3.186289e-18,194,4603
1.045591e-08,-1.147345e-02,-1.081827e-02,2.500025e-02,-1.097406e+06,-1.034743e+06,2.391155e+06,4.268987e-03,4.171363e-03,-1.062081e-02,3.186289e-18,194,46006
0.000000e+00,1.690552e-07,2.284644e-07,4.138067e-07,0.000000e+00,0.000000e+00,0.000000e+00,-2.444692e+07,-2.762100e+07,-3.572280e+07,3.587085e-18,195,0
1.231136e-09,1.808200e-03,2.080130e-03,2.500445e-03,1.469331e+06,1.690289e+06,2.031504e+06,-4.022337e-01,-4.695207e-01,-4.351661e-01,3.587085e-18,195,5417
1.230614e-08,1.808176e-02,2.080092e-02,2.500013e-02,1.469409e+06,1.690380e+06,2.031590e+06,-3.353051e-03,-3.873895e-03,-5.213302e-03,3.587085e-18,195,54147
0.000000e+00,2.114999e-07,-1.752595e-08,5.017292e-07,0.000000e+00,0.000000e+00,0.000000e+00,-2.450993e+07,1.067245e+06,-3.873965e+07,3.400774e-18,196,0
9.750000e-10,1.457007e-03,-4.708942e-04,2.500048e-03,1.495285e+06,-4.833360e+05,2.565226e+06,-7.940153e-01,2.320306e-01,-1.055176e+00,3.400774e-18,196,4290
9.745682e-09,1.457256e-02,-4.710340e-03,2.500001e-02,1.495407e+06,-4.833717e+05,2.565389e+06,-6.884945e-03,1.941952e-03,-1.128044e-02,3.400774e-18,196,42881
0.000000e+00,-2.374026e-07,-3.433351e-08,2.781444e-07,0.000000e+00,0.000000e+00,0.000000e+00,5.996957e+07,1.071056e+07,-5.214639e+07,4.783012e-18,197,0
1.003864e-09,-3.018655e-03,-5.441115e-04,2.500338e-03,-3.007736e+06,-5.421596e+05,2.491050e+06,6.173733e-01,1.165134e-01,-3.986469e-01,4.783012e-18,197,4417
1.003591e-08,-3.018539e-02,-5.441060e-03,2.500009e-02,-3.007833e+06,-5.421780e+05,2.491114e+06,5.607993e-03,1.072461e-03,-4.343546e-03,4.783012e-18,197,44158
0.000000e+00,-3.623762e-08,1.506898e-07,2.958698e-07,0.000000e+00,0.000000e+00,0.000000e+00,1.405798e+07,-4.432132e+07,-7.556146e+07,5.292988e-18,198,0
6.904545e-10,-4.802897e-04,1.515701e-03,2.500575e-03,-6.958209e+05,2.195813e+06,3.622393e+06,2.548833e-01,-7.892271e-01,-1.162671e+00,5.292988e-18,198,3038
6.901591e-09,-4.802271e-03,1.515464e-02,2.500040e-02,-6.958487e+05,2.195899e+06,3.622520e+06,2.497451e-03,-7.640281e-03,-1.180636e-02,5.292988e-18,198,30367
0.000000e+00,-1.516050e-07,4.905374e-08,1.739584e-07,0.000000e+00,0.000000e+00,0.000000e+00,1.225039e+08,-3.957818e+07,-1.205043e+08,7.201984e-18,199,0
5.029545e-10,-2.553736e-03,8.251388e-04,2.500636e-03,-5.077634e+06,1.640637e+06,4.971955e+06,6.593441e-01,-2.138032e-01,-5.774596e-01,7.201984e-18,199,2213
5.028182e-09,-2.553138e-02,8.249459e-03,2.500004e-02,-5.077687e+06,1.640654e+06,4.972001e+06,6.507871e-03,-2.105723e-03,-5.833752e-03,7.201984e-18,199,22124
0.000000e+00,-2.349526e-09,-8.027773e-08,1.112892e-07,0.000000e+00,0.000000e+00,0.000000e+00,9.815888e+06,3.152280e+08,-4.143420e+08,1.205265e-17,200,0
1.509091e-10,-5.923449e-05,-1.902177e-03,2.500100e-03,-3.925065e+05,-1.260439e+07,1.656637e+07,2.364392e-02,7.403185e-01,-9.408866e-01,1.205265e-17,200,664
1.509091e-09,-5.923303e-04,-1.902125e-02,2.500027e-02,-3.925071e+05,-1.260441e+07,1.656639e+07,2.293475e-04,7.397185e-03,-9.412047e-03,1.205265e-17,200,6640
0.000000e+00,-2.530012e-08,-2.521931e-07,4.641860e-07,0.000000e+00,0.000000e+00,0.000000e+00,3.321378e+06,3.021515e+07,-3.531644e+07,3.448721e-18,201,0
1.198409e-09,-2.172244e-04,-2.480872e-03,2.500017e-03,-1.813185e+05,-2.071232e+06,2.086685e+06,5.077082e-02,6.942195e-01,-5.135800e-01,3.448721e-18,201,5273
1.198068e-08,-2.172335e-03,-2.481463e-02,2.500009e-02,-1.813280e+05,-2.071363e+06,2.086783e+06,4.130151e-04,5.704618e-03,-6.042168e-03,3.448721e-18,201,52715
0.000000e+00,-1.905905e-07,-1.635058e-07,4.728635e-07,0.000000e+00,0.000000e+00,0.000000e+00,2.499728e+07,1.890518e+07,-3.630885e+07,3.409877e-18,202,0
1.188864e-09,-1.899575e-03,-1.435547e-03,2.500261e-03,-1.598610e+06,-1.208085e+06,2.103615e+06,5.434221e-01,4.095412e-01,-5.116131e-01,3.409877e-18,202,5231
1.188432e-08,-1.899834e-02,-1.435724e-02,2.500023e-02,-1.598712e+06,-1.208161e+06,2.103712e+06,4.522579e-03,3.507171e-03,-6.182822e-03,3.409877e-18,202,52291
0.000000e+00,-2.983884e-08,-4.155238e-08,5.013610e-07,0.000000e+00,0.000000e+00,0.000000e+00,8.021875e+06,3.806620e+06,-4.545549e+07,3.713403e-18,203,0
9.261364e-10,-5.494193e-04,-1.204889e-04,2.500245e-03,-5.937222e+05,-1.301907e+05,2.701176e+06,3.885745e-01,1.029108e-01,-1.536863e+00,3.713403e-18,203,4075
9.255227e-09,-5.494977e-03,-1.204963e-03,2.500014e-02,-5.937789e+05,-1.302058e+05,2.701402e+06,3.724349e-03,1.194190e-03,-1.671195e-02,3.713403e-18,203,40723
0.000000e+00,-2.102398e-07,-1.172011e-07,3.802398e-07,0.000000e+00,0.000000e+00,0.000000e+00,3.295923e+07,1.831079e+07,-4.353808e+07,4.003803e-18,204,0
1.043182e-09,-2.040219e-03,-1.105302e-03,2.500284e-03,-1.956605e+06,-1.059982e+06,2.397446e+06,6.637208e-01,3.487206e-01,-6.369329e-01,4.003803e-18,204,4590
1.042773e-08,-2.040291e-02,-1.105320e-02,2.500004e-02,-1.956714e+06,-1.060039e+06,2.397551e+06,5.794790e-03,3.030686e-03,-6.978473e-03,4.003803e-18,204,45882
0.000000e+00,1.354653e-08,7.602681e-08,2.670704e-07,0.000000e+00,0.000000e+00,0.000000e+00,-7.340554e+06,-4.026794e+07,-1.185473e+08,6.276483e-18,205,0
4.831818e-10,1.565659e-04,8.605923e-04,2.501038e-03,3.240825e+05,1.781377e+06,5.176781e+06,-1.168882e-01,-6.427779e-01,-1.685332e+00,6.276483e-18,205,2126
4.829318e-09,1.565105e-03,8.602876e-03,2.500050e-02,3.240915e+05,1.781426e+06,5.176909e+06,-1.121179e-03,-6.326814e-03,-1.701064e-02,6.276483e-18,205,21249
0.000000e+00,1.943571e-08,1.673787e-08,2.536417e-07,0.000000e+00,0.000000e+00,0.000000e+00,-7.585118e+06,-1.284505e+07,-1.427500e+08,6.813047e-18,206,0
4.106818e-10,1.328632e-04,2.279189e-04,2.500218e-03,3.235293e+05,5.550595e+05,6.088495e+06,-1.003572e-01,-2.169416e-01,-2.008443e+00,6.813047e-18,206,1807
4.106136e-09,1.328471e-03,2.279159e-03,2.500037e-02,3.235359e+05,5.550736e+05,6.088625e+06,-9.634874e-04,-2.130188e-03,-2.018767e-02,6.813047e-18,206,18067
0.000000e+00,1.158792e-07,-4.989967e-08,1.537742e-07,0.000000e+00,0.000000e+00,0.000000e+00,-1.500075e+08,6.677520e+07,-1.825895e+08,8.467100e-18,207,0
3.384091e-10,2.057288e-03,-9.159668e-04,2.501151e-03,6.079263e+06,-2.706678e+06,7.390809e+06,-6.783095e-01,3.059705e-01,-7.714488e-01,8.467100e-18,207,1489
3.382727e-09,2.056459e-02,-9.155997e-03,2.500123e-02,6.079299e+06,-2.706694e+06,7.390850e+06,-6.752914e-03,3.053036e-03,-7.737973e-03,8.467100e-18,207,14884
0.000000e+00,-1.473883e-07,-2.036655e-08,5.284151e-07,0.000000e+00,0.000000e+00,0.000000e+00,1.777375e+07,3.139847e+06,-3.882653e+07,3.379550e-18,208,0
9.368182e-10,-1.156844e-03,-3.863957e-04,2.500211e-03,-1.235659e+06,-4.126472e+05,2.670049e+06,6.724114e-01,1.183733e-01,-1.231294e+00,3.379550e-18,208,4122
9.363182e-09,-1.156965e-02,-3.863633e-03,2.500029e-02,-1.235758e+06,-4.126647e+05,2.670232e+06,6.244951e-03,1.576223e-03,-1.378265e-02,3.379550e-18,208,41198
0.000000e+00,-5.198316e-08,-1.873470e-07,4.601658e-07,0.000000e+00,0.000000e+00,0.000000e+00,1.107751e+07,2.356276e+07,-4.203019e+07,3.687329e-18,209,0
1.009773e-09,-6.821625e-04,-1.544267e-03,2.500562e-03,-6.759231e+05,-1.530193e+06,2.477310e+06,2.743749e-01,7.034499e-01,-9.199573e-01,3.687329e-18,209,4443
1.009159e-08,-6.821102e-03,-1.544204e-02,2.500014e-02,-6.759668e+05,-1.530305e+06,2.477457e+06,2.462686e-03,5.915834e-03,-1.006731e-02,3.687329e-18,209,44403
0.000000e+00,1.430418e-07,-2.453659e-07,3.154304e-07,0.000000e+00,0.000000e+00,0.000000e+00,-2.715647e+07,4.603681e+07,-3.864227e+07,4.167825e-18,210,0
1.306364e-09,1.867888e-03,-3.268011e-03,2.500364e-03,1.430210e+06,-2.502285e+06,1.914204e+06,-2.418490e-01,4.302111e-01,-2.200899e-01,4.167825e-18,210,5748
1.306023e-08,1.867886e-02,-3.268039e-02,2.500009e-02,1.430259e+06,-2.502373e+06,1.914249e+06,-2.096471e-03,3.672540e-03,-2.722308e-03,4.167825e-18,210,57465
0.000000e+00,-7.196901e-08,-4.175439e-08,2.155771e-07,0.000000e+00,0.000000e+00,0.000000e+00,6.354527e+07,3.542939e+07,-1.648500e+08,7.416514e-18,211,0
3.670455e-10,-9.675708e-04,-5.391875e-04,2.500366e-03,-2.636229e+06,-1.469055e+06,6.812307e+06,6.352480e-01,3.488688e-01,-1.507768e+00,7.416514e-18,211,1615
3.670000e-09,-9.675015e-03,-5.391464e-03,2.500135e-02,-2.636265e+06,-1.469075e+06,6.812395e+06,6.304149e-03,3.486344e-03,-1.515327e-02,7.416514e-18,211,16148
0.000000e+00,3.221335e-08,1.339790e-07,4.170016e-07,0.000000e+00,0.000000e+00,0.000000e+00,-6.186402e+06,-2.492357e+07,-5.394701e+07,4.174597e-18,212,0
8.052273e-10,2.687803e-04,1.237845e-03,2.500155e-03,3.339282e+05,1.538029e+06,3.106039e+06,-1.458805e-01,-7.614135e-01,-1.334778e+00,4.174597e-18,212,3543
8.048864e-09,2.687746e-03,1.237935e-02,2.500019e-02,3.339467e+05,1.538126e+06,3.106209e+06,-1.333677e-03,-7.252305e-03,-1.397002e-02,4.174597e-18,212,35415
0.000000e+00,-1.099577e-07,-7.958630e-08,1.584156e-07,0.000000e+00,0.000000e+00,0.000000e+00,1.278591e+08,9.216081e+07,-1.642282e+08,8.091609e-18,213,0
3.752273e-10,-1.950940e-03,-1.406306e-03,2.501495e-03,-5.199362e+06,-3.747883e+06,6.666542e+06,5.838007e-01,4.225110e-01,-6.891808e-01,8.091609e-18,213,1651
3.750227e-09,-1.949888e-02,-1.405548e-02,2.500119e-02,-5.199397e+06,-3.747908e+06,6.666583e+06,5.834281e-03,4.201436e-03,-6.965306e-03,8.091609e-18,213,16501
0.000000e+00,-1.449894e-08,-2.331045e-08,2.396205e-07,0.000000e+00,0.000000e+00,0.000000e+00,1.434312e+07,1.518446e+07,-1.558295e+08,7.166626e-18,214,0
3.815909e-10,-2.345040e-04,-2.432514e-04,2.501383e-03,-6.146314e+05,-6.375023e+05,6.555559e+06,2.384991e-01,1.856167e-01,-1.996127e+00,7.166626e-18,214,1679
3.813636e-09,-2.343988e-03,-2.431220e-03,2.500070e-02,-6.146458e+05,-6.375135e+05,6.555679e+06,2.393170e-03,1.871575e-03,-2.007317e-02,7.166626e-18,214,16780
0.000000e+00,5.137910e-08,-2.265501e-07,5.613580e-07,0.000000e+00,0.000000e+00,0.000000e+00,-3.557279e+06,2.369693e+07,-3.402085e+07,3.034715e-18,215,0
1.117045e-09,2.290114e-04,-1.856594e-03,2.500446e-03,2.051058e+05,-1.663063e+06,2.239262e+06,-8.797080e-02,7.293316e-01,-7.675126e-01,3.034715e-18,215,4915
1.116432e-08,2.289894e-03,-1.856691e-02,2.500005e-02,2.051213e+05,-1.663192e+06,2.239399e+06,-1.038553e-03,6.068966e-03,-8.837821e-03,3.034715e-18,215,49123
0.000000e+00,1.082520e-07,1.094397e-07,6.058854e-07,0.000000e+00,0.000000e+00,0.000000e+00,-9.515023e+06,-9.933801e+06,-3.587240e+07,2.978032e-18,216,0
1.015227e-09,7.769529e-04,7.730036e-04,2.500130e-03,7.658940e+05,7.619833e+05,2.463889e+06,-4.774351e-01,-4.541155e-01,-1.229755e+00,2.978032e-18,216,4467
1.014659e-08,7.771188e-03,7.731500e-03,2.500028e-02,7.659705e+05,7.620560e+05,2.464086e+06,-4.007303e-03,-3.614354e-03,-1.342431e-02,2.978032e-18,216,44645
0.000000e+00,1.101801e-07,6.891375e-08,1.554352e-07,0.000000e+00,0.000000e+00,0.000000e+00,-1.385544e+08,-8.706543e+07,-1.715219e+08,8.323830e-18,217,0
3.597727e-10,2.023396e-03,1.271629e-03,2.500958e-03,5.624091e+06,3.534534e+06,6.951404e+06,-6.168729e-01,-3.909689e-01,-7.011846e-01,8.323830e-18,217,1583
3.596591e-09,2.022765e-02,1.271233e-02,2.500150e-02,5.624126e+06,3.534557e+06,6.951444e+06,-6.111471e-03,-3.875834e-03,-7.087481e-03,8.323830e-18,217,15825
0.000000e+00,1.484614e-07,-2.030754e-08,3.041367e-07,0.000000e+00,0.000000e+00,0.000000e+00,-4.378215e+07,6.903023e+06,-7.290739e+07,5.244694e-18,218,0
7.043182e-10,1.559094e-03,-2.467082e-04,2.500437e-03,2.214269e+06,-3.503936e+05,3.550939e+06,-8.143309e-01,1.382241e-01,-1.160487e+00,5.244694e-18,218,3099
7.040455e-09,1.558948e-02,-2.466931e-03,2.500035e-02,2.214360e+06,-3.504090e+05,3.551068e+06,-7.968904e-03,1.291906e-03,-1.190149e-02,5.244694e-18,218,30978
0.000000e+00,7.162491e-08,1.913344e-07,4.128047e-07,0.000000e+00,0.000000e+00,0.000000e+00,-1.005643e+07,-2.996351e+07,-4.385129e+07,3.950359e-18,219,0
9.952273e-10,6.522786e-04,1.801367e-03,2.500057e-03,6.557179e+05,1.810893e+06,2.512908e+06,-2.468784e-01,-7.276650e-01,-8.397163e-01,3.950359e-18,219,4379
9.948636e-09,6.523477e-03,1.801588e-02,2.500013e-02,6.557566e+05,1.811008e+06,2.513041e+06,-2.306905e-03,-6.442452e-03,-8.991465e-03,3.950359e-18,219,43774
0.000000e+00,-2.680644e-07,-9.457132e-09,3.226950e-07,0.000000e+00,0.000000e+00,0.000000e+00,5.183199e+07,2.491462e+06,-4.300526e+07,4.221238e-18,220,0
1.174318e-09,-3.195578e-03,-1.648552e-04,2.500162e-03,-2.722015e+06,-1.404272e+05,2.129356e+06,5.823208e-01,2.877392e-02,-3.301004e-01,4.221238e-18,220,5167
1.174068e-08,-3.195832e-02,-1.648707e-03,2.500024e-02,-2.722123e+06,-1.404325e+05,2.129417e+06,5.085086e-03,1.863367e-04,-3.850438e-03,4.221238e-18,220,51659
0.000000e+00,8.783546e-08,8.731767e-08,6.648041e-07,0.000000e+00,0.000000e+00,0.000000e+00,-7.335403e+06,-6.725761e+06,-3.472068e+07,2.743702e-18,221,0
9.943182e-10,5.726195e-04,5.494652e-04,2.500556e-03,5.763512e+05,5.530204e+05,2.516187e+06,-3.780742e-01,-3.365915e-01,-1.361965e+00,2.743702e-18,221,4375
9.935682e-09,5.726424e-03,5.494612e-03,2.500028e-02,5.764105e+05,5.530731e+05,2.516402e+06,-2.910181e-03,-2.747305e-03,-1.500295e-02,2.743702e-18,221,43717
0.000000e+00,1.105067e-07,4.557644e-08,5.029321e-07,0.000000e+00,0.000000e+00,0.000000e+00,-1.459395e+07,-8.548128e+06,-4.428366e+07,3.605860e-18,222,0
8.709091e-10,8.405157e-04,5.151081e-04,2.500545e-03,9.657133e+05,5.918655e+05,2.872576e+06,-5.731062e-01,-3.525425e-01,-1.474340e+00,3.605860e-18,222,3832
8.702955e-09,8.404537e-03,5.150940e-03,2.500000e-02,9.657921e+05,5.919140e+05,2.872779e+06,-5.143325e-03,-3.358355e-03,-1.542683e-02,3.605860e-18,222,38293
0.000000e+00,8.156345e-08,-1.481046e-07,4.590550e-07,0.000000e+00,0.000000e+00,0.000000e+00,-1.150661e+07,2.319468e+07,-4.276381e+07,3.790012e-18,223,0
9.952273e-10,7.475100e-04,-1.457749e-03,2.500352e-03,7.515468e+05,-1.465649e+06,2.513354e+06,-3.651457e-01,7.150489e-01,-9.922686e-01,3.790012e-18,223,4379
9.946818e-09,7.475474e-03,-1.457847e-02,2.500002e-02,7.516041e+05,-1.465761e+06,2.513510e+06,-3.280097e-03,6.171387e-03,-1.064355e-02,3.790012e-18,223,43766
0.000000e+00,2.283696e-07,-8.275222e-08,5.111228e-07,0.000000e+00,0.000000e+00,0.000000e+00,-2.849782e+07,1.295313e+06,-3.181243e+07,3.263399e-18,224,0
1.292273e-09,2.429315e-03,-3.050720e-04,2.500073e-03,1.880883e+06,-2.362010e+05,1.935188e+06,-6.160938e-01,8.775203e-02,-4.760524e-01,3.263399e-18,224,5686
1.291864e-08,2.429835e-02,-3.051402e-03,2.500020e-02,1.881008e+06,-2.362188e+05,1.935286e+06,-5.508687e-03,7.371342e-04,-5.896421e-03,3.263399e-18,224,56842
0.000000e+00,1.851914e-07,-2.481092e-08,2.657560e-07,0.000000e+00,0.000000e+00,0.000000e+00,-6.485842e+07,9.780838e+06,-6.889095e+07,5.401700e-18,225,0
7.870455e-10,2.428399e-03,-3.692651e-04,2.500393e-03,3.086103e+06,-4.692860e+05,3.177360e+06,-7.492303e-01,1.187571e-01,-6.488931e-01,5.401700e-18,225,3463
7.868182e-09,2.428206e-02,-3.692430e-03,2.500019e-02,3.086196e+06,-4.693007e+05,3.177441e+06,-7.224636e-03,1.079691e-03,-6.687456e-03,5.401700e-18,225,34620
0.000000e+00,1.775105e-07,-2.058446e-07,4.645376e-07,0.000000e+00,0.000000e+00,0.000000e+00,-2.226427e+07,2.689577e+07,-3.239056e+07,3.383210e-18,226,0
1.278182e-09,1.694651e-03,-2.071166e-03,2.500308e-03,1.326445e+06,-1.621140e+06,1.956626e+06,-3.982613e-01,4.738996e-01,-4.183774e-01,3.383210e-18,226,5624
1.277705e-08,1.694802e-02,-2.071335e-02,2.500009e-02,1.326525e+06,-1.621236e+06,1.956711e+06,-3.416603e-03,4.141514e-03,-5.170325e-03,3.383210e-18,226,56219
0.000000e+00,8.712174e-08,-1.640035e-07,5.114063e-07,0.000000e+00,0.000000e+00,0.000000e+00,-8.870418e+06,2.448132e+07,-3.874716e+07,3.424895e-18,227,0
1.028409e-09,6.200049e-04,-1.615167e-03,2.500072e-03,6.032479e+05,-1.571455e+06,2.431936e+06,-2.924448e-01,7.043204e-01,-9.026713e-01,3.424895e-18,227,4525
1.028000e-08,6.201371e-03,-1.615450e-02,2.500047e-02,6.032953e+05,-1.571569e+06,2.432083e+06,-2.957684e-03,5.590364e-03,-9.958160e-03,3.424895e-18,227,45232
0.000000e+00,2.210240e-07,-1.925854e-08,4.685382e-07,0.000000e+00,0.000000e+00,0.000000e+00,-2.893566e+07,3.039379e+06,-3.559098e+07,3.552974e-18,228,0
1.173864e-09,2.201374e-03,-1.585761e-04,2.500411e-03,1.876353e+06,-1.351530e+05,2.130755e+06,-6.999514e-01,5.414473e-02,-6.004830e-01,3.552974e-18,228,5165
1.173295e-08,2.201509e-02,-1.585757e-03,2.500022e-02,1.876482e+06,-1.351630e+05,2.130867e+06,-5.786797e-03,3.614245e-04,-7.136957e-03,3.552974e-18,228,51625
0.000000e+00,-1.198288e-07,5.147304e-08,1.497484e-07,0.000000e+00,0.000000e+00,0.000000e+00,1.603717e+08,-6.791155e+07,-1.788976e+08,8.471738e-18,229,0
3.456818e-10,-2.244894e-03,9.504551e-04,2.500916e-03,-6.494068e+06,2.749489e+06,7.234618e+06,6.592272e-01,-2.752234e-01,-6.762138e-01,8.471738e-18,229,1521
3.455682e-09,-2.244154e-02,9.501404e-03,2.500067e-02,-6.494104e+06,2.749504e+06,7.234655e+06,6.532634e-03,-2.780574e-03,-6.804300e-03,8.471738e-18,229,15205
0.000000e+00,1.231761e-07,-8.747174e-08,2.288314e-07,0.000000e+00,0.000000e+00,0.000000e+00,-6.685810e+07,4.699095e+07,-1.023145e+08,6.306085e-18,230,0
5.688636e-10,1.653294e-03,-1.161161e-03,2.500115e-03,2.906632e+06,-2.041415e+06,4.395246e+06,-6.635985e-01,4.607600e-01,-8.850177e-01,6.306085e-18,230,2503
5.687955e-09,1.653286e-02,-1.161153e-02,2.500011e-02,2.906692e+06,-2.041457e+06,4.395325e+06,-6.538186e-03,4.501207e-03,-8.963928e-03,6.306085e-18,230,25027
0.000000e+00,2.334353e-07,1.058564e-07,3.698419e-07,0.000000e+00,0.000000e+00,0.000000e+00,-3.884183e+07,-2.012727e+07,-4.089152e+07,3.987893e-18,231,0
1.157955e-09,2.543907e-03,1.371310e-03,2.500091e-03,2.197668e+06,1.184685e+06,2.159473e+06,-5.520313e-01,-2.950375e-01,-4.034913e-01,3.987893e-18,231,5095
1.157705e-08,2.544248e-02,1.371512e-02,2.500048e-02,2.197769e+06,1.184739e+06,2.159548e+06,-4.875096e-03,-2.468149e-03,-4.680590e-03,3.987893e-18,231,50939
0.000000e+00,1.135747e-07,-2.347854e-07,4.851472e-07,0.000000e+00,0.000000e+00,0.000000e+00,-1.430618e+07,2.614479e+07,-3.465657e+07,3.318274e-18,232,0
1.209091e-09,1.118503e-03,-2.059020e-03,2.500461e-03,9.255883e+05,-1.703816e+06,2.068644e+06,-3.350736e-01,5.836236e-01,-5.304178e-01,3.318274e-18,232,5320
1.208523e-08,1.118590e-02,-2.059095e-02,2.500023e-02,9.256521e+05,-1.703927e+06,2.068746e+06,-2.806136e-03,4.875528e-03,-6.423370e-03,3.318274e-18,232,53175
0.000000e+00,-6.645976e-08,-1.273148e-07,5.096012e-07,0.000000e+00,0.000000e+00,0.000000e+00,1.009121e+07,1.553633e+07,-4.212105e+07,3.513661e-18,233,0
9.627273e-10,-6.448962e-04,-1.029174e-03,2.500212e-03,-6.702488e+05,-1.069777e+06,2.598248e+06,3.162879e-01,6.257313e-01,-1.232686e+00,3.513661e-18,233,4236
9.621818e-09,-6.448986e-03,-1.029315e-02,2.500002e-02,-6.702968e+05,-1.069872e+06,2.598436e+06,2.744251e-03,5.478239e-03,-1.322801e-02,3.513661e-18,233,42336
0.000000e+00,1.269622e-07,-1.829452e-08,2.448457e-07,0.000000e+00,0.000000e+00,0.000000e+00,-6.972928e+07,1.281192e+07,-1.066355e+08,6.295122e-18,234,0
5.422727e-10,1.656307e-03,-3.054324e-04,2.500164e-03,3.054782e+06,-5.633342e+05,4.610921e+06,-8.223677e-01,1.597404e-01,-1.092092e+00,6.295122e-18,234,2386
5.422045e-09,1.656323e-02,-3.054430e-03,2.500079e-02,3.054852e+06,-5.633479e+05,4.611015e+06,-8.046870e-03,1.530731e-03,-1.113611e-02,6.295122e-18,234,23857
0.000000e+00,8.965531e-08,2.517915e-08,3.213581e-07,0.000000e+00,0.000000e+00,0.000000e+00,-3.029238e+07,-5.952640e+06,-9.229494e+07,5.343424e-18,235,0
5.727273e-10,8.280792e-04,1.630015e-04,2.500214e-03,1.446189e+06,2.846416e+05,4.366403e+06,-5.828240e-01,-8.830923e-02,-1.804297e+00,5.343424e-18,235,2520
5.725682e-09,8.280453e-03,1.629781e-03,2.500078e-02,1.446242e+06,2.846495e+05,4.366566e+06,-5.762692e-03,-6.445654e-04,-1.831002e-02,5.343424e-18,235,25193
0.000000e+00,-1.512752e-08,8.840334e-10,1.930738e-07,0.000000e+00,0.000000e+00,0.000000e+00,2.194488e+07,-1.735380e+06,-2.545598e+08,8.751982e-18,236,0
2.429545e-10,-2.159091e-04,1.709047e-05,2.502156e-03,-8.886752e+05,7.034542e+04,1.029869e+07,1.777676e-01,-1.505021e-02,-1.957479e+00,8.751982e-18,236,1069
2.427500e-09,-2.157273e-03,1.707643e-04,2.500025e-02,-8.886820e+05,7.034600e+04,1.029877e+07,1.780016e-03,-1.661391e-04,-1.964386e-02,8.751982e-18,236,10681
0.000000e+00,-1.350494e-07,-7.863823e-08,3.959611e-07,0.000000e+00,0.000000e+00,0.000000e+00,2.055800e+07,1.132367e+07,-4.702219e+07,4.275763e-18,237,0
9.381818e-10,-1.288591e-03,-7.588313e-04,2.500274e-03,-1.374359e+06,-8.093508e+05,2.666135e+06,7.102969e-01,4.230506e-01,-1.096001e+00,4.275763e-18,237,4128
9.377045e-09,-1.288736e-02,-7.589269e-03,2.500056e-02,-1.374465e+06,-8.094134e+05,2.666298e+06,6.513438e-03,3.532041e-03,-1.178766e-02,4.275763e-18,237,41259
0.000000e+00,-1.485093e-07,-5.848494e-08,4.265266e-07,0.000000e+00,0.000000e+00,0.000000e+00,2.306061e+07,5.513286e+06,-4.897935e+07,4.019952e-18,238,0
8.813636e-10,-1.288522e-03,-3.375504e-04,2.500501e-03,-1.462854e+06,-3.831251e+05,2.838260e+06,8.095040e-01,1.350477e-01,-1.257940e+00,4.019952e-18,238,3878
8.808182e-09,-1.288504e-02,-3.374636e-03,2.500002e-02,-1.462967e+06,-3.831439e+05,2.838436e+06,7.649207e-03,1.256398e-03,-1.316391e-02,4.019952e-18,238,38756
0.000000e+00,-1.258629e-07,1.821513e-07,2.002495e-07,0.000000e+00,0.000000e+00,0.000000e+00,5.435026e+07,-7.943639e+07,-6.641659e+07,5.747610e-18,239,0
8.702273e-10,-2.087337e-03,3.052281e-03,2.500165e-03,-2.398844e+06,3.507800e+06,2.873137e+06,2.917294e-01,-4.300881e-01,-2.801943e-01,5.747610e-18,239,3829
8.701364e-09,-2.087327e-02,3.052272e-02,2.500034e-02,-2.398884e+06,3.507859e+06,2.873175e+06,2.752487e-03,-4.045891e-03,-2.956993e-03,5.747610e-18,239,38286
0.000000e+00,-6.471063e-08,-1.932111e-08,6.260295e-07,0.000000e+00,0.000000e+00,0.000000e+00,7.732135e+06,1.018040e+06,-3.653972e+07,2.969192e-18,240,0
9.945455e-10,-6.964245e-04,-1.308363e-04,2.500498e-03,-7.008823e+05,-1.316852e+05,2.515484e+06,4.624605e-01,1.145327e-01,-1.306170e+00,2.969192e-18,240,4376
9.938409e-09,-6.965558e-03,-1.308744e-03,2.500017e-02,-7.009548e+05,-1.317032e+05,2.515690e+06,3.737962e-03,1.004590e-03,-1.495313e-02,2.969192e-18,240,43729
0.000000e+00,-7.539700e-08,-6.782133e-08,5.439803e-07,0.000000e+00,0.000000e+00,0.000000e+00,9.024961e+06,6.575882e+06,-4.140734e+07,3.383222e-18,241,0
9.438636e-10,-7.202066e-04,-4.826957e-04,2.500359e-03,-7.636045e+05,-5.117637e+05,2.650315e+06,4.567940e-01,3.053865e-01,-1.313389e+00,3.383222e-18,241,4153
9.432955e-09,-7.202993e-03,-4.827424e-03,2.500050e-02,-7.636726e+05,-5.118092e+05,2.650511e+06,3.909806e-03,2.532154e-03,-1.493076e-02,3.383222e-18,241,41505
0.000000e+00,1.054041e-07,1.840931e-07,4.198061e-07,0.000000e+00,0.000000e+00,0.000000e+00,-1.520707e+07,-2.632189e+07,-4.327098e+07,3.872370e-18,242,0
1.004318e-09,9.675730e-04,1.625674e-03,2.500402e-03,9.638929e+05,1.619509e+06,2.490519e+06,-3.880416e-01,-6.732732e-01,-8.433157e-01,3.872370e-18,242,4419
1.003818e-08,9.675710e-03,1.625689e-02,2.500041e-02,9.639544e+05,1.619615e+06,2.490653e+06,-3.283779e-03,-6.016089e-03,-9.097112e-03,3.872370e-18,242,44168
0.000000e+00,8.985356e-08,1.522899e-07,5.304177e-07,0.000000e+00,0.000000e+00,0.000000e+00,-6.869675e+06,-1.757771e+07,-3.135574e+07,3.331615e-18,243,0
1.187045e-09,6.466850e-04,1.473450e-03,2.500260e-03,5.451588e+05,1.242200e+06,2.107335e+06,-2.494749e-01,-6.096272e-01,-8.319556e-01,3.331615e-18,243,5223
1.186341e-08,6.467411e-03,1.473664e-02,2.500031e-02,5.452055e+05,1.242314e+06,2.107492e+06,-2.556038e-03,-5.354849e-03,-9.613822e-03,3.331615e-18,243,52199
0.000000e+00,-8.352422e-08,-5.427671e-09,4.327880e-07,0.000000e+00,0.000000e+00,0.000000e+00,1.533819e+07,-6.927678e+05,-5.347323e+07,4.166285e-18,244,0
7.904545e-10,-8.152157e-04,-1.277096e-05,2.500428e-03,-1.031966e+06,-1.615829e+04,3.164728e+06,6.134792e-01,-5.094693e-03,-1.658041e+00,4.166285e-18,244,3478
7.899773e-09,-8.152241e-03,-1.276416e-04,2.500071e-02,-1.032043e+06,-1.615765e+04,3.164936e+06,5.862824e-03,7.905002e-05,-1.703695e-02,4.166285e-18,244,34759
0.000000e+00,2.013888e-07,2.978688e-08,4.986746e-07,0.000000e+00,0.000000e+00,0.000000e+00,-2.064646e+07,-8.463961e+06,-3.605069e+07,3.442340e-18,245,0
1.155455e-09,1.661793e-03,5.292813e-04,2.500471e-03,1.439147e+06,4.583249e+05,2.164929e+06,-6.501712e-01,-1.711365e-01,-7.532090e-01,3.442340e-18,245,5084
1.154773e-08,1.661882e-02,5.292587e-03,2.500018e-02,1.439265e+06,4.583560e+05,2.165067e+06,-5.855594e-03,-1.733777e-03,-8.974292e-03,3.442340e-18,245,50810
0.000000e+00,6.192191e-08,6.230951e-08,1.649164e-07,0.000000e+00,0.000000e+00,0.000000e+00,-9.843883e+07,-1.023018e+08,-2.475113e+08,9.016438e-18,246,0
2.509091e-10,9.957008e-04,1.034903e-03,2.502079e-03,3.968295e+06,4.124544e+06,9.971798e+06,-5.150880e-01,-5.420167e-01,-1.232777e+00,9.016438e-18,246,1104
2.507273e-09,9.949655e-03,1.034141e-02,2.500217e-02,3.968315e+06,4.124565e+06,9.971847e+06,-5.207203e-03,-5.475428e-03,-1.256658e-02,9.016438e-18,246,11032
0.000000e+00,2.035484e-07,9.152563e-08,5.669108e-07,0.000000e+00,0.000000e+00,0.000000e+00,-2.027239e+07,-8.919064e+06,-3.094465e+07,3.025728e-18,247,0
1.225000e-09,1.744272e-03,8.500112e-04,2.500002e-03,1.424813e+06,6.943507e+05,2.041567e+06,-6.045020e-01,-2.971311e-01,-6.449350e-01,3.025728e-18,247,5390
1.224545e-08,1.744742e-02,8.502595e-03,2.500014e-02,1.424929e+06,6.944080e+05,2.041693e+06,-5.470657e-03,-2.666372e-03,-7.919392e-03,3.025728e-18,247,53880
0.000000e+00,1.848764e-07,-2.748829e-08,3.770147e-07,0.000000e+00,0.000000e+00,0.000000e+00,-3.578405e+07,5.782341e+06,-5.237358e+07,4.314629e-18,248,0
8.895455e-10,1.879807e-03,-3.110251e-04,2.500478e-03,2.114106e+06,-3.497895e+05,2.811737e+06,-8.033996e-01,1.277053e-01,-8.838553e-01,4.314629e-18,248,3914
8.891364e-09,1.879725e-02,-3.110096e-03,2.500031e-02,2.114219e+06,-3.498074e+05,2.811861e+06,-7.555662e-03,1.183845e-03,-9.319168e-03,4.314629e-18,248,39122
0.000000e+00,-1.855448e-08,1.100795e-07,1.789535e-07,0.000000e+00,0.000000e+00,0.000000e+00,2.195518e+07,-1.236245e+08,-1.784634e+08,8.037080e-18,249,0
3.443182e-10,-3.086333e-04,1.736347e-03,2.501638e-03,-8.963741e+05,5.042901e+06,7.265446e+06,1.443993e-01,-7.803871e-01,-1.039077e+00,8.037080e-18,249,1515
3.441136e-09,-3.084561e-03,1.735340e-02,2.500155e-02,-8.963820e+05,5.042944e+06,7.265503e+06,1.434453e-03,-7.771112e-03,-1.045386e-02,8.037080e-18,249,15141
0.000000e+00,-1.414864e-07,-3.249464e-08,1.491254e-07,0.000000e+00,0.000000e+00,0.000000e+00,1.659395e+08,3.724360e+07,-1.535300e+08,8.091986e-18,250,0
4.015909e-10,-2.708460e-03,-6.077179e-04,2.501274e-03,-6.744331e+06,-1.513274e+06,6.228340e+06,6.451859e-01,1.421463e-01,-5.426346e-01,8.091986e-18,250,1767
4.014091e-09,-2.707248e-02,-6.074447e-03,2.500126e-02,-6.744372e+06,-1.513283e+06,6.228375e+06,6.404131e-03,1.435213e-03,-5.486720e-03,8.091986e-18,250,17662
0.000000e+00,-1.734564e-07,-1.062530e-07,4.396609e-07,0.000000e+00,0.000000e+00,0.000000e+00,1.183398e+07,1.978912e+07,-1.017095e+07,3.797969e-18,251,0
1.597045e-09,-2.112575e-03,-2.780430e-03,2.500040e-03,-1.323496e+06,-1.741930e+06,1.565930e+06,2.892895e-01,3.778995e-01,-2.387759e-01,3.797969e-18,251,7027
1.596523e-08,-2.112967e-02,-2.780993e-02,2.500032e-02,-1.323568e+06,-1.742025e+06,1.565991e+06,2.668181e-03,3.510597e-03,-3.155167e-03,3.797969e-18,251,70247
0.000000e+00,2.950754e-08,-1.287699e-07,3.397228e-07,0.000000e+00,0.000000e+00,0.000000e+00,-5.887860e+06,3.195641e+07,-6.856912e+07,4.923735e-18,252,0
7.079545e-10,2.113925e-04,-1.219338e-03,2.500243e-03,2.986862e+05,-1.722966e+06,3.532650e+06,-1.269059e-01,7.561691e-01,-1.397674e+00,4.923735e-18,252,3115
7.076818e-09,2.113759e-03,-1.219312e-02,2.500003e-02,2.987004e+05,-1.723051e+06,3.532807e+06,-1.221831e-03,7.335276e-03,-1.430630e-02,4.923735e-18,252,31138
0.000000e+00,-2.147145e-07,-6.593469e-08,3.964236e-07,0.000000e+00,0.000000e+00,0.000000e+00,3.247737e+07,9.366763e+06,-4.263208e+07,3.968639e-18,253,0
1.051818e-09,-2.076423e-03,-6.324458e-04,2.500339e-03,-1.975045e+06,-6.015803e+05,2.377870e+06,7.104374e-01,2.226887e-01,-6.764230e-01,3.968639e-18,253,4628
1.051364e-08,-2.076486e-02,-6.324779e-03,2.500019e-02,-1.975163e+06,-6.016172e+05,2.377983e+06,6.046878e-03,1.963657e-03,-7.544079e-03,3.968639e-18,253,46260
0.000000e+00,-2.569405e-07,1.450297e-08,3.836481e-07,0.000000e+00,0.000000e+00,0.000000e+00,4.015991e+07,-2.686613e+06,-4.041474e+07,3.882776e-18,254,0
1.154091e-09,-2.723744e-03,1.784617e-04,2.500430e-03,-2.361002e+06,1.547045e+05,2.167041e+06,6.565974e-01,-4.853931e-02,-4.416360e-01,3.882776e-18,254,5078
1.153659e-08,-2.723787e-02,1.784757e-03,2.500042e-02,-2.361121e+06,1.547133e+05,2.167122e+06,5.683742e-03,-4.870144e-04,-5.099213e-03,3.882776e-18,254,50761
0.000000e+00,-7.250216e-08,-2.326762e-07,2.981165e-07,0.000000e+00,0.000000e+00,0.000000e+00,1.606586e+07,5.553523e+07,-4.858722e+07,4.588253e-18,255,0
1.045000e-09,-8.175102e-04,-3.017295e-03,2.500454e-03,-7.824583e+05,-2.888096e+06,2.393126e+06,1.414264e-01,5.974014e-01,-3.897679e-01,4.588253e-18,255,4598
1.044659e-08,-8.174044e-03,-3.017076e-02,2.500015e-02,-7.824816e+05,-2.888194e+06,2.393191e+06,1.216642e-03,5.282205e-03,-4.231771e-03,4.588253e-18,255,45965
0.000000e+00,-1.084500e-08,-5.167691e-08,3.787032e-07,0.000000e+00,0.000000e+00,0.000000e+00,2.555736e+06,9.922912e+06,-6.610385e+07,4.747257e-18,256,0
6.829545e-10,-1.201522e-04,-4.280199e-04,2.500665e-03,-1.760200e+05,-6.270254e+05,3.662974e+06,9.679817e-02,3.604384e-01,-1.927583e+00,4.747257e-18,256,3005
6.825227e-09,-1.201368e-03,-4.279578e-03,2.500071e-02,-1.760304e+05,-6.270642e+05,3.663182e+06,1.009621e-03,3.531067e-03,-1.956578e-02,4.747257e-18,256,30031
0.000000e+00,1.708884e-07,-5.453007e-08,4.963878e-07,0.000000e+00,0.000000e+00,0.000000e+00,-2.095235e+07,4.788697e+06,-4.214799e+07,3.530056e-18,257,0
9.645455e-10,1.336336e-03,-2.801849e-04,2.500312e-03,1.386326e+06,-2.906355e+05,2.593320e+06,-7.342425e-01,1.627727e-01,-1.121581e+00,3.530056e-18,257,4244
9.640227e-09,1.336446e-02,-2.801824e-03,2.500036e-02,1.386438e+06,-2.906602e+05,2.593492e+06,-6.362670e-03,1.353926e-03,-1.208220e-02,3.530056e-18,257,42417
0.000000e+00,6.504689e-08,2.677815e-07,4.802391e-07,0.000000e+00,0.000000e+00,0.000000e+00,-8.531148e+06,-2.974885e+07,-3.043782e+07,3.283507e-18,258,0
1.335455e-09,6.271604e-04,2.552346e-03,2.500300e-03,4.699342e+05,1.912178e+06,1.872752e+06,-1.814755e-01,-5.777315e-01,-4.106836e-01,3.283507e-18,258,5876
1.334932e-08,6.273266e-03,2.552620e-02,2.500016e-02,4.699724e+05,1.912299e+06,1.872840e+06,-1.330381e-03,-5.292521e-03,-5.288866e-03,3.283507e-18,258,58737
0.000000e+00,1.048011e-07,-1.981767e-07,3.679440e-07,0.000000e+00,0.000000e+00,0.000000e+00,-2.065635e+07,3.858794e+07,-4.889685e+07,4.189754e-18,259,0
9.809091e-10,1.160748e-03,-2.114805e-03,2.500295e-03,1.183813e+06,-2.156732e+06,2.549503e+06,-3.948388e-01,6.551744e-01,-6.103141e-01,4.189754e-18,259,4316
9.805909e-09,1.160834e-02,-2.114870e-02,2.500035e-02,1.183874e+06,-2.156833e+06,2.549597e+06,-3.172371e-03,5.876626e-03,-6.637454e-03,4.189754e-18,259,43146
0.000000e+00,7.650027e-09,1.532148e-07,6.290856e-07,0.000000e+00,0.000000e+00,0.000000e+00,-1.531733e+06,-1.616931e+07,-3.496469e+07,2.879528e-18,260,0
1.015909e-09,5.217749e-05,1.177478e-03,2.500046e-03,5.139338e+04,1.159864e+06,2.462134e+06,-3.272361e-02,-6.591063e-01,-1.216861e+00,2.879528e-18,260,4470
1.015386e-08,5.218476e-04,1.177706e-02,2.500039e-02,5.139861e+04,1.159969e+06,2.462330e+06,-2.016667e-04,-5.500359e-03,-1.318568e-02,2.879528e-18,260,44677
0.000000e+00,-5.354004e-08,-9.883206e-08,3.834225e-07,0.000000e+00,0.000000e+00,0.000000e+00,1.181810e+07,2.129734e+07,-6.001121e+07,4.545379e-18,261,0
7.563636e-10,-5.622716e-04,-9.536233e-04,2.500546e-03,-7.437452e+05,-1.261399e+06,3.307182e+06,3.640098e-01,6.388933e-01,-1.463853e+00,4.545379e-18,261,3328
7.559318e-09,-5.622181e-03,-9.535293e-03,2.500014e-02,-7.437886e+05,-1.261475e+06,3.307357e+06,3.520835e-03,6.253707e-03,-1.509156e-02,4.545379e-18,261,33261
0.000000e+00,3.966649e-08,-1.592386e-09,4.994342e-07,0.000000e+00,0.000000e+00,0.000000e+00,-9.140841e+06,-1.531067e+06,-5.137077e+07,3.744532e-18,262,0
7.979545e-10,5.152278e-04,5.099600e-05,2.500289e-03,6.460915e+05,6.395494e+04,3.134871e+06,-3.740118e-01,-4.217846e-02,-1.778439e+00,3.744532e-18,262,3511
7.974773e-09,5.152389e-03,5.100205e-04,2.500002e-02,6.461387e+05,6.396027e+04,3.135095e+06,-3.948865e-03,-7.128932e-04,-1.849936e-02,3.744532e-18,262,35089
0.000000e+00,1.313216e-08,2.730927e-07,4.631674e-07,0.000000e+00,0.000000e+00,0.000000e+00,-1.475463e+06,-3.252888e+07,-3.236604e+07,3.376028e-18,263,0
1.313636e-09,1.402424e-04,2.847773e-03,2.500193e-03,1.067997e+05,2.168860e+06,1.903699e+06,-2.371370e-02,-6.035163e-01,-3.780772e-01,3.376028e-18,263,5780
1.313227e-08,1.402517e-03,2.848196e-02,2.500009e-02,1.068046e+05,2.168984e+06,1.903778e+06,-2.191522e-04,-5.136904e-03,-4.636955e-03,3.376028e-18,263,57782
0.000000e+00,-9.442473e-08,-1.301400e-07,2.040440e-07,0.000000e+00,0.000000e+00,0.000000e+00,6.780900e+07,8.140440e+07,-1.138520e+08,6.614965e-18,264,0
5.254545e-10,-1.502728e-03,-1.801162e-03,2.500599e-03,-2.860056e+06,-3.428001e+06,4.759066e+06,5.044414e-01,5.815621e-01,-7.120066e-01,6.614965e-18,264,2312
5.253182e-09,-1.502446e-02,-1.800801e-02,2.500039e-02,-2.860098e+06,-3.428050e+06,4.759125e+06,4.779116e-03,5.690453e-03,-7.242110e-03,6.614965e-18,264,23114
0.000000e+00,1.943123e-08,8.776607e-09,5.181149e-07,0.000000e+00,0.000000e+00,0.000000e+00,-2.401699e+05,-4.170150e+06,-4.850553e+07,3.618162e-18,265,0
8.136364e-10,1.820796e-05,2.177154e-04,2.500484e-03,2.241821e+04,2.677945e+05,3.074870e+06,-6.391640e-02,-1.801514e-01,-1.869236e+00,3.618162e-18,265,3580
8.130455e-09,1.822877e-04,2.177259e-03,2.500021e-02,2.242644e+04,2.678177e+05,3.075111e+06,-6.488228e-04,-1.845132e-03,-1.963365e-02,3.618162e-18,265,35774
0.000000e+00,2.133773e-07,7.167197e-08,3.162141e-07,0.000000e+00,0.000000e+00,0.000000e+00,-4.644175e+07,-1.876467e+07,-4.692421e+07,4.585082e-18,266,0
1.055909e-09,2.701147e-03,1.008011e-03,2.500132e-03,2.558939e+06,9.549459e+05,2.368177e+06,-6.264884e-01,-2.412193e-01,-4.398677e-01,4.585082e-18,266,4646
1.055659e-08,2.701364e-02,1.008096e-02,2.500000e-02,2.559044e+06,9.549860e+05,2.368250e+06,-5.417927e-03,-1.948489e-03,-4.862677e-03,4.585082e-18,266,46449
0.000000e+00,4.975268e-08,-8.083551e-08,2.124264e-07,0.000000e+00,0.000000e+00,0.000000e+00,-4.193268e+07,6.748939e+07,-1.608677e+08,7.369812e-18,267,0
3.761364e-10,6.540098e-04,-1.052848e-03,2.500622e-03,1.738829e+06,-2.799226e+06,6.648338e+06,-3.957382e-01,6.384690e-01,-1.411761e+00,7.369812e-18,267,1655
3.760455e-09,6.538826e-03,-1.052643e-02,2.500095e-02,1.738852e+06,-2.799264e+06,6.648422e+06,-3.940122e-03,6.373546e-03,-1.422063e-02,7.369812e-18,267,16546
0.000000e+00,2.565327e-08,-2.312000e-07,3.702473e-07,0.000000e+00,0.000000e+00,0.000000e+00,-4.985109e+06,4.485087e+07,-4.670278e+07,4.121579e-18,268,0
1.030682e-09,2.596328e-04,-2.566563e-03,2.500168e-03,2.519592e+05,-2.491046e+06,2.426235e+06,-5.131360e-02,7.202727e-01,-5.372941e-01,4.121579e-18,268,4535
1.030409e-08,2.596218e-03,-2.566795e-02,2.500031e-02,2.519676e+05,-2.491163e+06,2.426323e+06,-5.327527e-04,6.399060e-03,-5.863094e-03,4.121579e-18,268,45338
0.000000e+00,1.908298e-07,-5.315411e-08,2.071409e-07,0.000000e+00,0.000000e+00,0.000000e+00,-9.120144e+07,2.683193e+07,-7.667523e+07,6.004174e-18,269,0
7.554545e-10,3.024256e-03,-8.923118e-04,2.500516e-03,4.003639e+06,-1.181290e+06,3.310134e+06,-5.994879e-01,1.816746e-01,-4.123941e-01,6.004174e-18,269,3324
7.552727e-09,3.023849e-02,-8.921984e-03,2.500067e-02,4.003711e+06,-1.181312e+06,3.310183e+06,-5.805355e-03,1.753534e-03,-4.234654e-03,6.004174e-18,269,33232
0.000000e+00,-1.460797e-07,1.860133e-07,4.836370e-07,0.000000e+00,0.000000e+00,0.000000e+00,1.854659e+07,-1.740483e+07,-3.520648e+07,3.404883e-18,270,0
1.166364e-09,-1.448948e-03,1.450632e-03,2.500377e-03,-1.242966e+06,1.244482e+06,2.144498e+06,4.683637e-01,-5.246106e-01,-6.602950e-01,3.404883e-18,270,5132
1.165773e-08,-1.449010e-02,1.450778e-02,2.500014e-02,-1.243052e+06,1.244578e+06,2.144620e+06,3.890910e-03,-4.483469e-03,-7.646900e-03,3.404883e-18,270,51294
0.000000e+00,-1.309067e-07,-4.962358e-08,2.965206e-07,0.000000e+00,0.000000e+00,0.000000e+00,4.368596e+07,1.592226e+07,-8.294050e+07,5.390346e-18,271,0
6.506818e-10,-1.329791e-03,-4.976283e-04,2.500735e-03,-2.044182e+06,-7.649765e+05,3.843994e+06,7.542386e-01,2.868574e-01,-1.281296e+00,5.390346e-18,271,2863
6.503636e-09,-1.329467e-02,-4.975144e-03,2.500009e-02,-2.044260e+06,-7.650060e+05,3.844126e+06,7.457440e-03,2.814405e-03,-1.320205e-02,5.390346e-18,271,28616
0.000000e+00,-4.791048e-09,-6.197993e-08,5.273581e-07,0.000000e+00,0.000000e+00,0.000000e+00,4.994478e+06,3.770273e+06,-4.522578e+07,3.544772e-18,272,0
9.011364e-10,-3.612031e-04,-2.161101e-04,2.500187e-03,-4.012015e+05,-2.400054e+05,2.776012e+06,2.774596e-01,1.785720e-01,-1.601009e+00,3.544772e-18,272,3965
9.005682e-09,-3.613023e-03,-2.161415e-03,2.500003e-02,-4.012409e+05,-2.400308e+05,2.776240e+06,2.696150e-03,2.290421e-03,-1.741273e-02,3.544772e-18,272,39625
0.000000e+00,-1.572797e-07,2.362811e-07,4.440426e-07,0.000000e+00,0.000000e+00,0.000000e+00,2.017255e+07,-2.828617e+07,-3.235742e+07,3.431193e-18,273,0
9.990909e-10,-1.120639e-03,1.652123e-03,2.500049e-03,-1.122146e+06,1.654390e+06,2.503166e+06,4.335122e-01,-6.746139e-01,-7.719876e-01,3.431193e-18,273,4396
9.987500e-09,-1.120745e-02,1.652325e-02,2.500043e-02,-1.122214e+06,1.654496e+06,2.503288e+06,3.854205e-03,-5.719175e-03,-8.613143e-03,3.431193e-18,273,43945
0.000000e+00,-1.648622e-07,-2.303938e-07,4.239889e-07,0.000000e+00,0.000000e+00,0.000000e+00,2.000507e+07,3.104675e+07,-3.422968e+07,3.534151e-18,274,0
1.292273e-09,-1.603252e-03,-2.512967e-03,2.500428e-03,-1.241145e+06,-1.945430e+06,1.935309e+06,3.184279e-01,5.045072e-01,-3.555349e-01,3.534151e-18,274,5686
1.291795e-08,-1.603303e-02,-2.513090e-02,2.500041e-02,-1.241210e+06,-1.945532e+06,1.935382e+06,2.616722e-03,4.373851e-03,-4.392446e-03,3.534151e-18,274,56839
0.000000e+00,-4.062034e-08,-2.402859e-09,4.012461e-07,0.000000e+00,0.000000e+00,0.000000e+00,1.031972e+07,-2.481328e+05,-6.126188e+07,4.524026e-18,275,0
7.256818e-10,-4.681589e-04,4.136646e-05,2.500060e-03,-6.455141e+05,5.704747e+04,3.446615e+06,4.036670e-01,-2.867054e-02,-1.892248e+00,4.524026e-18,275,3193
7.253636e-09,-4.682296e-03,4.137875e-04,2.500058e-02,-6.455604e+05,5.705076e+04,3.446832e+06,3.860906e-03,-4.171345e-04,-1.932144e-02,4.524026e-18,275,31916
0.000000e+00,2.685168e-08,-5.603691e-08,4.705666e-07,0.000000e+00,0.000000e+00,0.000000e+00,-4.423059e+06,9.172583e+06,-4.760823e+07,3.935668e-18,276,0
8.759091e-10,2.140169e-04,-5.667340e-04,2.500196e-03,2.444269e+05,-6.475615e+05,2.855890e+06,-9.370542e-02,4.850432e-01,-1.586262e+00,3.935668e-18,276,3854
8.753864e-09,2.139685e-03,-5.668631e-03,2.500020e-02,2.444399e+05,-6.476285e+05,2.856110e+06,-1.321546e-03,3.929602e-03,-1.710229e-02,3.935668e-18,276,38517
0.000000e+00,-7.648061e-08,8.040061e-08,3.135446e-07,0.000000e+00,0.000000e+00,0.000000e+00,2.421599e+07,-2.677119e+07,-8.415940e+07,5.336407e-18,277,0
6.229545e-10,-7.393967e-04,8.195722e-04,2.500075e-03,-1.187248e+06,1.316005e+06,4.014135e+06,4.942822e-01,-5.630964e-01,-1.516620e+00,5.336407e-18,277,2741
6.228182e-09,-7.394418e-03,8.196336e-03,2.500091e-02,-1.187297e+06,1.316060e+06,4.014284e+06,4.929115e-03,-5.460832e-03,-1.544475e-02,5.336407e-18,277,27404
0.000000e+00,1.393263e-07,-3.246894e-08,3.626035e-07,0.000000e+00,0.000000e+00,0.000000e+00,-2.710428e+07,5.241560e+06,-6.258603e+07,4.645499e-18,278,0
7.411364e-10,1.142008e-03,-2.141762e-04,2.500103e-03,1.541527e+06,-2.891004e+05,3.374473e+06,-7.389730e-01,1.453796e-01,-1.451289e+00,4.645499e-18,278,3261
7.408636e-09,1.142061e-02,-2.141847e-03,2.500034e-02,1.541613e+06,-2.891174e+05,3.374643e+06,-7.181499e-03,1.363847e-03,-1.484380e-02,4.645499e-18,278,32598
0.000000e+00,1.499304e-07,5.083280e-08,6.039537e-07,0.000000e+00,0.000000e+00,0.000000e+00,-1.425961e+07,-5.539057e+06,-3.162771e+07,2.984870e-18,279,0
1.145909e-09,1.260357e-03,4.168995e-04,2.500398e-03,1.100724e+06,3.640637e+05,2.183095e+06,-5.912910e-01,-1.781890e-01,-9.364845e-01,2.984870e-18,279,5042
1.145159e-08,1.260498e-02,4.169099e-03,2.500013e-02,1.100831e+06,3.640958e+05,2.183266e+06,-5.495040e-03,-1.770980e-03,-1.108144e-02,2.984870e-18,279,50387
0.000000e+00,1.081452e-07,7.538243e-08,6.250608e-07,0.000000e+00,0.000000e+00,0.000000e+00,-8.449385e+06,-5.948079e+06,-3.565712e+07,2.917641e-18,280,0
1.017273e-09,6.777707e-04,4.096308e-04,2.500315e-03,6.668011e+05,4.029586e+05,2.459135e+06,-4.383315e-01,-2.534387e-01,-1.263145e+00,2.917641e-18,280,4476
1.016614e-08,6.778776e-03,4.096552e-03,2.500015e-02,6.668714e+05,4.029992e+05,2.459339e+06,-3.582168e-03,-1.579151e-03,-1.428561e-02,2.917641e-18,280,44731
0.000000e+00,-3.407528e-08,-1.794314e-07,4.256142e-07,0.000000e+00,0.000000e+00,0.000000e+00,3.588595e+06,3.239155e+07,-3.709483e+07,3.958864e-18,281,0
1.145909e-09,-2.589409e-04,-2.214467e-03,2.500004e-03,-2.260934e+05,-1.933460e+06,2.182428e+06,8.431108e-02,6.799617e-01,-6.309273e-01,3.958864e-18,281,5042
1.145523e-08,-2.589940e-03,-2.214817e-02,2.500033e-02,-2.261086e+05,-1.933582e+06,2.182543e+06,5.758180e-04,5.627932e-03,-7.163430e-03,3.958864e-18,281,50403
0.000000e+00,1.531515e-07,1.489688e-07,2.511423e-07,0.000000e+00,0.000000e+00,0.000000e+00,-5.020626e+07,-5.027807e+07,-6.040902e+07,5.285822e-18,282,0
9.000000e-10,2.150877e-03,2.156708e-03,2.500494e-03,2.390312e+06,2.396807e+06,2.778634e+06,-4.582105e-01,-4.680391e-01,-4.293096e-01,5.285822e-18,282,3960
8.997273e-09,2.150632e-02,2.156475e-02,2.500026e-02,2.390377e+06,2.396874e+06,2.778695e+06,-4.289173e-03,-4.344193e-03,-4.499862e-03,5.285822e-18,282,39588
0.000000e+00,1.942583e-07,-5.534420e-08,3.109816e-07,0.000000e+00,0.000000e+00,0.000000e+00,-5.096917e+07,1.662225e+07,-5.344209e+07,4.803910e-18,283,0
9.465909e-10,2.510683e-03,-8.147815e-04,2.500096e-03,2.653107e+06,-8.610054e+05,2.641616e+06,-6.771749e-01,2.170220e-01,-5.418520e-01,4.803910e-18,283,4165
9.463864e-09,2.510863e-02,-8.148428e-03,2.500003e-02,2.653208e+06,-8.610378e+05,2.641697e+06,-6.208832e-03,2.015844e-03,-5.811446e-03,4.803910e-18,283,41641
0.000000e+00,1.940504e-07,1.686433e-07,2.828695e-07,0.000000e+00,0.000000e+00,0.000000e+00,-4.459307e+07,-4.184615e+07,-4.547896e+07,4.593146e-18,284,0
1.147955e-09,2.618258e-03,2.440943e-03,2.500365e-03,2.281328e+06,2.126833e+06,2.178344e+06,-3.945947e-01,-3.664102e-01,-2.710404e-01,4.593146e-18,284,5051
1.147659e-08,2.618188e-02,2.440879e-02,2.500011e-02,2.281400e+06,2.126899e+06,2.178394e+06,-3.389278e-03,-3.126863e-03,-3.082794e-03,4.593146e-18,284,50497
0.000000e+00,-1.792817e-07,-2.003168e-07,4.918812e-07,0.000000e+00,0.000000e+00,0.000000e+00,2.004583e+07,2.604208e+07,-3.279687e+07,3.250295e-18,285,0
1.062955e-09,-1.446119e-03,-1.584168e-03,2.500229e-03,-1.361119e+06,-1.491045e+06,2.352862e+06,5.056932e-01,5.741482e-01,-6.771622e-01,3.250295e-18,285,4677
1.062545e-08,-1.446249e-02,-1.584305e-02,2.500037e-02,-1.361204e+06,-1.491141e+06,2.352976e+06,4.388646e-03,4.793170e-03,-7.507743e-03,3.250295e-18,285,46752
0.000000e+00,-1.868805e-07,1.774006e-07,4.860853e-07,0.000000e+00,0.000000e+00,0.000000e+00,2.256887e+07,-1.837701e+07,-3.385179e+07,3.310819e-18,286,0
1.204091e-09,-1.770591e-03,1.488880e-03,2.500397e-03,-1.471288e+06,1.237209e+06,2.077204e+06,5.375856e-01,-4.670320e-01,-5.417126e-01,3.310819e-18,286,5298
1.203545e-08,-1.770756e-02,1.489033e-02,2.500027e-02,-1.471390e+06,1.237297e+06,2.077308e+06,4.448138e-03,-3.693917e-03,-6.428708e-03,3.310819e-18,286,52956
0.000000e+00,8.684122e-08,3.224323e-08,3.109054e-07,0.000000e+00,0.000000e+00,0.000000e+00,-2.699269e+07,-2.089048e+07,-8.313601e+07,5.490828e-18,287,0
6.211364e-10,8.355179e-04,6.332861e-04,2.500590e-03,1.345532e+06,1.019885e+06,4.026792e+06,-5.691960e-01,-4.109101e-01,-1.594314e+00,5.490828e-18,287,2733
6.208409e-09,8.353628e-03,6.331846e-03,2.500010e-02,1.345587e+06,1.019925e+06,4.026949e+06,-5.717930e-03,-3.933046e-03,-1.618863e-02,5.490828e-18,287,27317
0.000000e+00,2.255054e-07,1.002149e-07,4.437048e-07,0.000000e+00,0.000000e+00,0.000000e+00,-3.018073e+07,-1.589253e+07,-3.700569e+07,3.589813e-18,288,0
1.178636e-09,2.157658e-03,1.213886e-03,2.500347e-03,1.831489e+06,1.030403e+06,2.121926e+06,-5.953468e-01,-3.242278e-01,-4.912819e-01,3.589813e-18,288,5186
1.178182e-08,2.157824e-02,1.213996e-02,2.500032e-02,1.831599e+06,1.030463e+06,2.122019e+06,-4.959434e-03,-2.893842e-03,-5.858435e-03,3.589813e-18,288,51840
0.000000e+00,-5.725709e-08,-1.429529e-07,1.935894e-07,0.000000e+00,0.000000e+00,0.000000e+00,4.048854e+07,1.021207e+08,-1.100755e+08,6.916459e-18,289,0
5.434091e-10,-9.279262e-04,-2.338891e-03,2.500116e-03,-1.707710e+06,-4.304379e+06,4.600933e+06,2.768380e-01,6.920063e-01,-6.365705e-01,6.916459e-18,289,2391
5.433864e-09,-9.279502e-03,-2.338950e-02,2.500099e-02,-1.707734e+06,-4.304439e+06,4.600988e+06,2.658225e-03,6.669949e-03,-6.474909e-03,6.916459e-18,289,23909
0.000000e+00,2.398100e-07,1.538199e-08,2.903245e-07,0.000000e+00,0.000000e+00,0.000000e+00,-6.190256e+07,-4.078599e+06,-4.826219e+07,4.681256e-18,290,0
1.090227e-09,3.407707e-03,2.161569e-04,2.500042e-03,3.126407e+06,1.983091e+05,2.293381e+06,-5.685169e-01,-3.386028e-02,-3.002330e-01,4.681256e-18,290,4797
1.090091e-08,3.408068e-02,2.161752e-03,2.500009e-02,3.126504e+06,1.983149e+05,2.293433e+06,-4.937771e-03,-3.322971e-04,-3.413805e-03,4.681256e-18,290,47964
0.000000e+00,-3.765307e-08,-4.735489e-08,6.110070e-07,0.000000e+00,0.000000e+00,0.000000e+00,6.063920e+06,3.420961e+06,-3.587212e+07,3.056843e-18,291,0
9.700000e-10,-3.877663e-04,-1.908944e-04,2.500492e-03,-4.000944e+05,-1.970031e+05,2.579186e+06,2.779002e-01,1.901259e-01,-1.386037e+00,3.056843e-18,291,4268
9.692955e-09,-3.878078e-03,-1.909554e-03,2.500015e-02,-4.001369e+05,-1.970323e+05,2.579399e+06,2.315172e-03,1.666508e-03,-1.591103e-02,3.056843e-18,291,42649
0.000000e+00,4.784044e-08,1.954679e-07,5.237355e-07,0.000000e+00,0.000000e+00,0.000000e+00,-4.020118e+06,-1.944354e+07,-3.045610e+07,3.311074e-18,292,0
1.220909e-09,4.018187e-04,1.754612e-03,2.500442e-03,3.293594e+05,1.438145e+06,2.048976e+06,-1.574513e-01,-6.450228e-01,-7.422203e-01,3.311074e-18,292,5372
1.220136e-08,4.018610e-03,1.754723e-02,2.500043e-02,3.293896e+05,1.438269e+06,2.049120e+06,-1.369274e-03,-5.842590e-03,-8.612093e-03,3.311074e-18,292,53686
0.000000e+00,-1.614952e-07,-7.320798e-08,3.981629e-07,0.000000e+00,0.000000e+00,0.000000e+00,3.092082e+07,1.019618e+07,-4.679721e+07,4.171515e-18,293,0
9.600000e-10,-1.771474e-03,-6.060444e-04,2.500367e-03,-1.846182e+06,-6.315863e+05,2.605408e+06,7.398872e-01,2.509174e-01,-8.715156e-01,4.171515e-18,293,4224
9.595455e-09,-1.771490e-02,-6.060351e-03,2.500019e-02,-1.846294e+06,-6.316243e+05,2.605541e+06,6.549227e-03,2.268457e-03,-9.325959e-03,4.171515e-18,293,42220
0.000000e+00,-2.314615e-08,-4.466981e-08,2.853252e-07,0.000000e+00,0.000000e+00,0.000000e+00,1.099021e+07,1.955776e+07,-1.153416e+08,6.068402e-18,294,0
4.884091e-10,-2.415394e-04,-4.295351e-04,2.500712e-03,-4.946300e+05,-8.796109e+05,5.120855e+06,1.912282e-01,3.509768e-01,-1.914460e+00,6.068402e-18,294,2149
4.882045e-09,-2.414818e-03,-4.294324e-03,2.500042e-02,-4.946448e+05,-8.796380e+05,5.121003e+06,1.866073e-03,3.406728e-03,-1.936699e-02,6.068402e-18,294,21481
0.000000e+00,6.505277e-08,2.195916e-07,5.379738e-07,0.000000e+00,0.000000e+00,0.000000e+00,-1.296976e+07,-2.343541e+07,-3.199425e+07,3.164743e-18,295,0
1.205000e-09,1.028341e-03,1.883613e-03,2.500438e-03,8.539262e+05,1.564063e+06,2.075738e+06,-3.331299e-01,-6.069309e-01,-6.015671e-01,3.164743e-18,295,5302
1.204386e-08,1.028450e-02,1.883732e-02,2.500010e-02,8.539894e+05,1.564178e+06,2.075853e+06,-2.987795e-03,-5.099817e-03,-7.097241e-03,3.164743e-18,295,52993
0.000000e+00,-4.415006e-09,2.019285e-07,5.380317e-07,0.000000e+00,0.000000e+00,0.000000e+00,-9.210390e+03,-2.141306e+07,-3.352342e+07,3.238298e-18,296,0
1.155227e-09,4.173265e-05,1.705508e-03,2.500482e-03,3.618327e+04,1.477261e+06,2.165382e+06,-3.403701e-02,-6.461532e-01,-7.727913e-01,3.238298e-18,296,5083
1.154523e-08,4.177302e-04,1.705526e-02,2.500002e-02,3.618945e+04,1.477378e+06,2.165524e+06,-1.037696e-04,-5.734500e-03,-9.224057e-03,3.238298e-18,296,50799
0.000000e+00,-1.087681e-07,1.637324e-07,5.026692e-07,0.000000e+00,0.000000e+00,0.000000e+00,1.303960e+07,-1.691247e+07,-3.487500e+07,3.426044e-18,297,0
1.124091e-09,-9.782090e-04,1.354495e-03,2.500411e-03,-8.708099e+05,1.205779e+06,2.225310e+06,4.200477e-01,-5.769276e-01,-8.015318e-01,3.426044e-18,297,4946
1.123455e-08,-9.783117e-03,1.354633e-02,2.500050e-02,-8.708843e+05,1.205881e+06,2.225453e+06,3.437067e-03,-4.654663e-03,-9.415196e-03,3.426044e-18,297,49432
0.000000e+00,-5.285031e-08,-9.009128e-08,4.711649e-07,0.000000e+00,0.000000e+00,0.000000e+00,1.098439e+07,1.244120e+07,-4.555680e+07,3.848285e-18,298,0
9.029545e-10,-5.630167e-04,-6.689815e-04,2.500549e-03,-6.239322e+05,-7.413618e+05,2.770780e+06,3.651436e-01,4.699654e-01,-1.487680e+00,3.848285e-18,298,3973
9.022727e-09,-5.629554e-03,-6.689121e-03,2.500008e-02,-6.239842e+05,-7.414288e+05,2.770993e+06,3.084842e-03,3.777286e-03,-1.580615e-02,3.848285e-18,298,39700
0.000000e+00,-3.142091e-08,2.397616e-07,3.861000e-07,0.000000e+00,0.000000e+00,0.000000e+00,6.378898e+06,-3.557856e+07,-4.059267e+07,3.953479e-18,299,0
1.107273e-09,-4.225819e-04,2.399416e-03,2.500069e-03,-3.818453e+05,2.167926e+06,2.258479e+06,1.427725e-01,-7.064812e-01,-5.693843e-01,3.953479e-18,299,4872
1.106955e-08,-4.226835e-03,2.399791e-02,2.500048e-02,-3.818702e+05,2.168049e+06,2.258579e+06,1.330497e-03,-6.162260e-03,-6.418267e-03,3.953479e-18,299,48706
0.000000e+00,-1.216675e-07,3.688070e-08,5.562718e-07,0.000000e+00,0.000000e+00,0.000000e+00,1.046354e+07,-8.140637e+06,-3.679146e+07,3.278328e-18,300,0
1.045682e-09,-8.708000e-04,4.518627e-04,2.500261e-03,-8.334205e+05,4.323704e+05,2.392234e+06,5.079963e-01,-2.004878e-01,-1.126931e+00,3.278328e-18,300,4601
1.045045e-08,-8.709583e-03,4.518466e-03,2.500013e-02,-8.335042e+05,4.324035e+05,2.392421e+06,4.419104e-03,-2.037534e-03,-1.318147e-02,3.278328e-18,300,45982
0.000000e+00,6.769518e-08,-1.475184e-07,3.101642e-07,0.000000e+00,0.000000e+00,0.000000e+00,-1.949792e+07,3.777123e+07,-6.653450e+07,5.088970e-18,301,0
7.447727e-10,7.681284e-04,-1.486893e-03,2.500609e-03,1.031706e+06,-1.997103e+06,3.358394e+06,-3.919797e-01,7.582349e-01,-1.124596e+00,5.088970e-18,301,3277
7.444091e-09,7.680112e-03,-1.486662e-02,2.500029e-02,1.031752e+06,-1.997192e+06,3.358527e+06,-3.763520e-03,7.372725e-03,-1.156873e-02,5.088970e-18,301,32754
0.000000e+00,1.845929e-07,-2.167754e-07,4.182765e-07,0.000000e+00,0.000000e+00,0.000000e+00,-2.513466e+07,2.803779e+07,-3.487528e+07,3.564626e-18,302,0
1.342045e-09,2.231272e-03,-2.340819e-03,2.500041e-03,1.663259e+06,-1.744840e+06,1.863186e+06,-3.867737e-01,3.783671e-01,-2.990044e-01,3.564626e-18,302,5905
1.341795e-08,2.231746e-02,-2.341215e-02,2.500034e-02,1.663341e+06,-1.744920e+06,1.863250e+06,-3.303985e-03,3.266766e-03,-3.711070e-03,3.564626e-18,302,59039
0.000000e+00,2.903154e-08,1.046491e-07,3.463677e-07,0.000000e+00,0.000000e+00,0.000000e+00,-7.950552e+06,-2.827233e+07,-6.674022e+07,4.952979e-18,303,0
7.100000e-10,3.033077e-04,1.161232e-03,2.500577e-03,4.273692e+05,1.636224e+06,3.522994e+06,-2.042490e-01,-7.594709e-01,-1.426335e+00,4.952979e-18,303,3124
7.096364e-09,3.032764e-03,1.161121e-02,2.500054e-02,4.273921e+05,1.636309e+06,3.523154e+06,-1.950336e-03,-7.314615e-03,-1.460021e-02,4.952979e-18,303,31224
0.000000e+00,1.238290e-07,9.352294e-08,5.741816e-07,0.000000e+00,0.000000e+00,0.000000e+00,-1.112292e+07,-7.546010e+06,-3.634953e+07,3.133315e-18,304,0
1.050227e-09,8.276696e-04,6.373704e-04,2.500246e-03,7.886618e+05,6.073181e+05,2.381836e+06,-4.542428e-01,-3.403227e-01,-1.110396e+00,3.133315e-18,304,4621
1.049614e-08,8.277886e-03,6.374483e-03,2.500030e-02,7.887370e+05,6.073744e+05,2.382021e+06,-3.895752e-03,-2.737119e-03,-1.287375e-02,3.133315e-18,304,46183
0.000000e+00,-1.595319e-07,1.338396e-07,2.080025e-07,0.000000e+00,0.000000e+00,0.000000e+00,7.087073e+07,-5.955929e+07,-7.231589e+07,5.842519e-18,305,0
7.965909e-10,-2.497408e-03,2.098534e-03,2.500338e-03,-3.135460e+06,2.634679e+06,3.138983e+06,4.601278e-01,-3.862719e-01,-3.779925e-01,5.842519e-18,305,3505
7.964545e-09,-2.497259e-02,2.098408e-02,2.500071e-02,-3.135518e+06,2.634727e+06,3.139031e+06,4.360945e-03,-3.722748e-03,-3.909741e-03,5.842519e-18,305,35044
0.000000e+00,-1.003772e-08,-2.713299e-08,2.520591e-07,0.000000e+00,0.000000e+00,0.000000e+00,5.596291e+06,2.079535e+07,-1.528905e+08,6.847617e-18,306,0
3.881818e-10,-8.987717e-05,-3.445283e-04,2.500575e-03,-2.315337e+05,-8.876458e+05,6.442161e+06,5.161168e-02,3.190245e-01,-1.965935e+00,6.847617e-18,306,1708
3.880682e-09,-8.985178e-04,-3.444688e-03,2.500017e-02,-2.315369e+05,-8.876653e+05,6.442281e+06,8.370697e-04,2.996220e-03,-1.989735e-02,6.847617e-18,306,17075
0.000000e+00,2.058125e-07,-5.844948e-08,5.117366e-07,0.000000e+00,0.000000e+00,0.000000e+00,-2.348025e+07,3.243333e+06,-3.769729e+07,3.344164e-18,307,0
1.098864e-09,1.731478e-03,-2.962571e-04,2.500351e-03,1.576622e+06,-2.697555e+05,2.276198e+06,-6.848713e-01,1.247666e-01,-7.649391e-01,3.344164e-18,307,4835
1.098318e-08,1.731628e-02,-2.962784e-03,2.500010e-02,1.576740e+06,-2.697772e+05,2.276331e+06,-5.874465e-03,1.321711e-03,-9.023789e-03,3.344164e-18,307,48326
0.000000e+00,-1.793277e-08,3.258208e-08,1.702319e-07,0.000000e+00,0.000000e+00,0.000000e+00,3.481614e+07,-6.376628e+07,-3.107523e+08,9.649980e-18,308,0
2.002273e-10,-2.803394e-04,5.134447e-04,2.501197e-03,-1.400070e+06,2.564245e+06,1.249140e+07,2.096233e-01,-3.853264e-01,-1.796680e+00,9.649980e-18,308,881
2.001591e-09,-2.802384e-03,5.132601e-03,2.500283e-02,-1.400076e+06,2.564257e+06,1.249145e+07,2.090679e-03,-3.855052e-03,-1.802191e-02,9.649980e-18,308,8807
0.000000e+00,1.259417e-07,-1.347317e-07,3.575536e-07,0.000000e+00,0.000000e+00,0.000000e+00,-2.731960e+07,2.785862e+07,-5.146961e+07,4.486859e-18,309,0
9.018182e-10,1.386912e-03,-1.439831e-03,2.500529e-03,1.538541e+06,-1.597234e+06,2.773545e+06,-5.693499e-01,5.830046e-01,-8.546280e-01,4.486859e-18,309,3968
9.013864e-09,1.386817e-02,-1.439722e-02,2.500047e-02,1.538622e+06,-1.597317e+06,2.773667e+06,-5.328584e-03,5.404529e-03,-8.993119e-03,4.486859e-18,309,39661
0.000000e+00,-9.180912e-08,5.158168e-08,3.785959e-07,0.000000e+00,0.000000e+00,0.000000e+00,1.762080e+07,-1.086996e+07,-6.240606e+07,4.604058e-18,310,0
7.286364e-10,-7.658452e-04,4.449130e-04,2.500269e-03,-1.051555e+06,6.108860e+05,3.432709e+06,5.549311e-01,-3.208777e-01,-1.633850e+00,4.604058e-18,310,3206
7.282955e-09,-7.658419e-03,4.449055e-03,2.500036e-02,-1.051619e+06,6.109230e+05,3.432898e+06,5.301298e-03,-3.165864e-03,-1.670340e-02,4.604058e-18,310,32045
0.000000e+00,4.717879e-08,-7.131217e-08,4.176406e-07,0.000000e+00,0.000000e+00,0.000000e+00,-7.431090e+06,1.020155e+07,-5.401250e+07,4.320849e-18,311,0
7.859091e-10,3.434475e-04,-5.570122e-04,2.500574e-03,4.372503e+05,-7.091993e+05,3.183336e+06,-2.528942e-01,4.457195e-01,-1.770978e+00,4.320849e-18,311,3458
7.853409e-09,3.433897e-03,-5.569602e-03,2.500009e-02,4.372817e+05,-7.092546e+05,3.183557e+06,-2.490609e-03,4.237493e-03,-1.827392e-02,4.320849e-18,311,34555
0.000000e+00,1.262127e-07,1.409207e-07,5.621140e-07,0.000000e+00,0.000000e+00,0.000000e+00,-1.312927e+07,-1.433679e+07,-3.736979e+07,3.130951e-18,312,0
1.055000e-09,9.192394e-04,1.014583e-03,2.500264e-03,8.718652e+05,9.623416e+05,2.371012e+06,-4.394835e-01,-5.163379e-01,-1.031778e+00,3.130951e-18,312,4642
1.054409e-08,9.193022e-03,1.014701e-02,2.500036e-02,8.719383e+05,9.624274e+05,2.371184e+06,-3.586484e-03,-4.075618e-03,-1.155714e-02,3.130951e-18,312,46394
0.000000e+00,1.035231e-07,-1.329121e-07,1.577768e-07,0.000000e+00,0.000000e+00,0.000000e+00,-8.957682e+07,1.140277e+08,-1.132621e+08,7.338540e-18,313,0
5.375000e-10,1.986854e-03,-2.528701e-03,2.500588e-03,3.696564e+06,-4.704671e+06,4.652276e+06,-3.725078e-01,4.710018e-01,-4.097132e-01,7.338540e-18,313,2365
5.373864e-09,1.986491e-02,-2.528236e-02,2.500083e-02,3.696596e+06,-4.704711e+06,4.652311e+06,-3.646470e-03,4.633152e-03,-4.165938e-03,7.338540e-18,313,23645
0.000000e+00,-4.677685e-08,2.072353e-08,1.096494e-07,0.000000e+00,0.000000e+00,0.000000e+00,2.657144e+08,-1.179582e+08,-6.040633e+08,1.361880e-17,314,0
1.036364e-10,-1.100170e-03,4.883969e-04,2.501029e-03,-1.061530e+07,4.712435e+06,2.413184e+07,6.169369e-01,-2.741111e-01,-1.372619e+00,1.361880e-17,314,456
1.036136e-09,-1.099894e-02,4.882746e-03,2.500399e-02,-1.061531e+07,4.712440e+06,2.413187e+07,6.171526e-03,-2.741728e-03,-1.373430e-02,1.361880e-17,314,4559
0.000000e+00,-1.315328e-07,-1.555432e-07,4.801886e-07,0.000000e+00,0.000000e+00,0.000000e+00,1.414126e+07,2.389689e+07,-4.205234e+07,3.535226e-18,315,0
9.700000e-10,-8.500846e-04,-1.445463e-03,2.500282e-03,-8.768367e+05,-1.490976e+06,2.578575e+06,4.188775e-01,6.715168e-01,-9.831035e-01,3.535226e-18,315,4268
9.695227e-09,-8.501147e-03,-1.445531e-02,2.500002e-02,-8.769008e+05,-1.491079e+06,2.578726e+06,3.644608e-03,5.858666e-03,-1.047622e-02,3.535226e-18,315,42659
0.000000e+00,2.237220e-08,-2.507033e-07,2.431547e-07,0.000000e+00,0.000000e+00,0.000000e+00,-5.331934e+06,7.679918e+07,-4.870452e+07,4.979710e-18,316,0
1.134773e-09,2.817074e-04,-4.129760e-03,2.500449e-03,2.482782e+05,-3.639843e+06,2.203605e+06,-2.711655e-02,4.501164e-01,-1.911888e-01,4.979710e-18,316,4993
1.134500e-08,2.816725e-03,-4.129407e-02,2.500005e-02,2.482830e+05,-3.639923e+06,2.203639e+06,-2.669982e-04,3.869792e-03,-2.234645e-03,4.979710e-18,316,49918
0.000000e+00,7.218179e-08,5.999771e-09,3.262645e-07,0.000000e+00,0.000000e+00,0.000000e+00,-1.931345e+07,2.460910e+05,-8.831320e+07,5.348751e-18,317,0
5.863636e-10,5.597399e-04,-6.774609e-06,2.500137e-03,9.548566e+05,-1.157398e+04,4.264847e+06,-4.453550e-01,1.412801e-02,-1.868191e+00,5.348751e-18,317,2580
5.862045e-09,5.597440e-03,-6.784097e-05,2.500087e-02,9.548979e+05,-1.157530e+04,4.265020e+06,-4.578968e-03,2.084627e-04,-1.912379e-02,5.348751e-18,317,25793
0.000000e+00,1.290035e-09,2.073547e-07,2.653901e-07,0.000000e+00,0.000000e+00,0.000000e+00,-1.395680e+06,-6.444074e+07,-6.164346e+07,5.194586e-18,318,0
8.643182e-10,6.630255e-05,2.710446e-03,2.500147e-03,7.673682e+04,3.136626e+06,2.893026e+06,-1.932723e-02,-7.184937e-01,-5.425653e-01,5.194586e-18,318,3803
8.641591e-09,6.631227e-04,2.710547e-02,2.500047e-02,7.673944e+04,3.136724e+06,2.893100e+06,-1.086397e-04,-6.722864e-03,-5.667876e-03,5.194586e-18,318,38023
0.000000e+00,1.241969e-07,2.127196e-07,2.338344e-07,0.000000e+00,0.000000e+00,0.000000e+00,-3.384883e+07,-6.521546e+07,-4.572732e+07,5.102813e-18,319,0
1.182727e-09,1.939860e-03,3.724195e-03,2.500182e-03,1.640428e+06,3.149356e+06,2.114074e+06,-2.053255e-01,-3.934681e-01,-1.920963e-01,5.102813e-18,319,5204
1.182545e-08,1.939883e-02,3.724257e-02,2.500001e-02,1.640466e+06,3.149429e+06,2.114110e+06,-1.755348e-03,-3.317990e-03,-2.162542e-03,5.102813e-18,319,52032
0.000000e+00,1.768080e-07,-7.748096e-08,4.693737e-07,0.000000e+00,0.000000e+00,0.000000e+00,-2.564013e+07,9.231076e+06,-3.646558e+07,3.651591e-18,320,0
1.165227e-09,1.982300e-03,-7.196305e-04,2.500342e-03,1.702186e+06,-6.179425e+05,2.146501e+06,-6.483087e-01,2.407321e-01,-6.199846e-01,3.651591e-18,320,5127
1.164682e-08,1.982495e-02,-7.197034e-03,2.500007e-02,1.702305e+06,-6.179866e+05,2.146615e+06,-5.503157e-03,1.960494e-03,-7.304159e-03,3.651591e-18,320,51246
0.000000e+00,-8.642578e-08,-9.680490e-08,5.441056e-07,0.000000e+00,0.000000e+00,0.000000e+00,1.029779e+07,1.242910e+07,-4.005426e+07,3.336533e-18,321,0
9.897727e-10,-7.450975e-04,-8.795883e-04,2.500537e-03,-7.533390e+05,-8.893072e+05,2.527501e+06,4.163662e-01,4.971765e-01,-1.130855e+00,3.336533e-18,321,4355
9.891136e-09,-7.451321e-03,-8.796207e-03,2.500005e-02,-7.534040e+05,-8.893848e+05,2.527678e+06,3.423520e-03,4.322223e-03,-1.287942e-02,3.336533e-18,321,43521
0.000000e+00,-6.871589e-08,1.123814e-07,1.433258e-07,0.000000e+00,0.000000e+00,0.000000e+00,9.634181e+07,-1.600499e+08,-1.813691e+08,8.622543e-18,322,0
3.415909e-10,-1.330321e-03,2.210200e-03,2.501627e-03,-3.894449e+06,6.470257e+06,7.323325e+06,3.544152e-01,-5.934624e-01,-6.167008e-01,8.622543e-18,322,1503
3.413864e-09,-1.329518e-02,2.208868e-02,2.500096e-02,-3.894468e+06,6.470289e+06,7.323358e+06,3.535847e-03,-5.874332e-03,-6.211438e-03,8.622543e-18,322,15021
0.000000e+00,9.627357e-08,1.716500e-07,2.942604e-07,0.000000e+00,0.000000e+00,0.000000e+00,-2.601049e+07,-5.105462e+07,-6.006441e+07,4.990130e-18,323,0
8.645455e-10,1.129280e-03,2.213616e-03,2.500625e-03,1.306541e+06,2.561111e+06,2.892894e+06,-3.380535e-01,-6.708161e-01,-6.256500e-01,4.990130e-18,323,3804
8.642045e-09,1.129120e-02,2.213324e-02,2.500065e-02,1.306587e+06,2.561202e+06,2.892979e+06,-3.220230e-03,-6.253106e-03,-6.543086e-03,4.990130e-18,323,38025
0.000000e+00,2.273712e-07,8.147714e-08,3.365832e-07,0.000000e+00,0.000000e+00,0.000000e+00,-4.372688e+07,-2.078340e+07,-4.461024e+07,4.315351e-18,324,0
1.097045e-09,2.646110e-03,1.319499e-03,2.500306e-03,2.412804e+06,1.203203e+06,2.279535e+06,-5.875976e-01,-2.958159e-01,-4.200366e-01,4.315351e-18,324,4827
1.096727e-08,2.646186e-02,1.319581e-02,2.500043e-02,2.412906e+06,1.203254e+06,2.279608e+06,-5.261200e-03,-2.367097e-03,-4.677108e-03,4.315351e-18,324,48256
0.000000e+00,-2.162230e-07,-5.063431e-08,2.599046e-07,0.000000e+00,0.000000e+00,0.000000e+00,6.461987e+07,1.651642e+07,-5.887812e+07,5.113767e-18,325,0
9.109091e-10,-2.844543e-03,-7.354254e-04,2.500480e-03,-3.123390e+06,-8.075368e+05,2.745386e+06,6.412263e-01,1.760999e-01,-4.610519e-01,5.113767e-18,325,4008
9.106364e-09,-2.844277e-02,-7.353728e-03,2.500061e-02,-3.123482e+06,-8.075621e+05,2.745452e+06,5.991510e-03,1.634395e-03,-4.855904e-03,5.113767e-18,325,40068
0.000000e+00,1.546480e-07,-8.599933e-08,3.215173e-07,0.000000e+00,0.000000e+00,0.000000e+00,-3.815130e+07,1.966506e+07,-5.934895e+07,4.870960e-18,326,0
8.263636e-10,1.706723e-03,-8.880059e-04,2.500368e-03,2.066065e+06,-1.074968e+06,3.026502e+06,-7.263313e-01,3.798306e-01,-9.153384e-01,4.870960e-18,326,3636
8.260455e-09,1.706662e-02,-8.879721e-03,2.500039e-02,2.066160e+06,-1.075018e+06,3.026621e+06,-6.993906e-03,3.711113e-03,-9.479383e-03,4.870960e-18,326,36346
0.000000e+00,2.235181e-08,5.443707e-09,3.260639e-07,0.000000e+00,0.000000e+00,0.000000e+00,-4.863799e+06,-1.995492e+06,-9.081175e+07,5.452492e-18,327,0
5.679545e-10,1.353401e-04,5.631253e-05,2.500141e-03,2.383418e+05,9.918097e+04,4.403139e+06,-9.747527e-02,-4.922280e-02,-2.046845e+00,5.452492e-18,327,2499
5.677955e-09,1.353304e-03,5.631459e-04,2.500096e-02,2.383505e+05,9.918538e+04,4.403323e+06,-1.020604e-03,-4.119814e-04,-2.069329e-02,5.452492e-18,327,24983
0.000000e+00,1.255025e-07,-1.511252e-07,1.885093e-07,0.000000e+00,0.000000e+00,0.000000e+00,-6.998318e+07,8.552732e+07,-8.488100e+07,6.291504e-18,328,0
6.979545e-10,2.083989e-03,-2.548684e-03,2.500274e-03,2.986047e+06,-3.651895e+06,3.582399e+06,-3.698789e-01,4.560690e-01,-3.749754e-01,6.291504e-18,328,3071
6.978636e-09,2.083861e-02,-2.548533e-02,2.500040e-02,2.986088e+06,-3.651945e+06,3.582441e+06,-3.631884e-03,4.463115e-03,-3.897235e-03,6.291504e-18,328,30706
0.000000e+00,-5.391987e-08,1.858125e-07,3.133535e-07,0.000000e+00,0.000000e+00,0.000000e+00,1.530025e+07,-4.718994e+07,-6.160900e+07,4.823418e-18,329,0
8.279545e-10,-6.538818e-04,2.003565e-03,2.500161e-03,-7.900055e+05,2.420607e+06,3.020289e+06,2.569175e-01,-7.568398e-01,-7.924539e-01,4.823418e-18,329,3643
8.277500e-09,-6.539271e-03,2.003660e-02,2.500058e-02,-7.900391e+05,2.420706e+06,3.020393e+06,2.501647e-03,-7.268697e-03,-8.294956e-03,4.823418e-18,329,36421
0.000000e+00,1.441379e-07,-1.981269e-09,2.764249e-07,0.000000e+00,0.000000e+00,0.000000e+00,-5.519187e+07,1.148810e+06,-8.469939e+07,5.648967e-18,330,0
6.438636e-10,1.669127e-03,-3.586359e-05,2.500539e-03,2.592926e+06,-5.571666e+04,3.884261e+06,-8.368898e-01,1.966161e-02,-1.108256e+00,5.648967e-18,330,2833
6.436364e-09,1.668906e-02,-3.586119e-04,2.500066e-02,2.593011e+06,-5.571866e+04,3.884374e+06,-8.187919e-03,1.789534e-04,-1.133838e-02,5.648967e-18,330,28320
0.000000e+00,-1.470811e-07,-6.094608e-09,1.970755e-07,0.000000e+00,0.000000e+00,0.000000e+00,1.063375e+08,5.031415e+06,-1.212446e+08,6.950624e-18,331,0
4.950000e-10,-2.206847e-03,-1.046750e-04,2.500857e-03,-4.458521e+06,-2.114795e+05,5.052385e+06,7.782131e-01,3.888386e-02,-7.866536e-01,6.950624e-18,331,2178
4.948182e-09,-2.206168e-02,-1.046443e-03,2.500027e-02,-4.458582e+06,-2.114825e+05,5.052446e+06,7.670050e-03,3.657670e-04,-7.938904e-03,6.950624e-18,331,21772
0.000000e+00,2.413767e-07,-2.885477e-08,3.234845e-07,0.000000e+00,0.000000e+00,0.000000e+00,-5.153416e+07,4.063595e+06,-4.490475e+07,4.400211e-18,332,0
1.115455e-09,3.104716e-03,-2.448808e-04,2.500364e-03,2.784193e+06,-2.195831e+05,2.241904e+06,-6.149999e-01,4.354625e-02,-3.619072e-01,4.400211e-18,332,4908
1.115136e-08,3.104753e-02,-2.448661e-03,2.500044e-02,2.784301e+06,-2.195908e+05,2.241969e+06,-5.307084e-03,3.497557e-04,-4.084366e-03,4.400211e-18,332,49066
0.000000e+00,1.909827e-07,7.016820e-08,3.806701e-07,0.000000e+00,0.000000e+00,0.000000e+00,-3.333217e+07,-1.575693e+07,-4.859736e+07,4.198980e-18,333,0
9.461364e-10,1.852237e-03,8.522842e-04,2.500140e-03,1.958500e+06,9.012061e+05,2.643229e+06,-7.145686e-01,-3.296407e-01,-8.046160e-01,4.198980e-18,333,4163
9.458182e-09,1.852383e-02,8.523739e-03,2.500028e-02,1.958606e+06,9.012554e+05,2.643350e+06,-6.655635e-03,-3.015273e-03,-8.587318e-03,4.198980e-18,333,41616
0.000000e+00,9.019832e-08,7.587247e-08,3.076664e-07,0.000000e+00,0.000000e+00,0.000000e+00,-2.891541e+07,-2.620433e+07,-8.233652e+07,5.389911e-18,334,0
6.354545e-10,9.097215e-04,8.259797e-04,2.500044e-03,1.432024e+06,1.300225e+06,3.935115e+06,-5.971143e-01,-5.574431e-01,-1.429959e+00,5.389911e-18,334,2796
6.353182e-09,9.097931e-03,8.260574e-03,2.500064e-02,1.432084e+06,1.300281e+06,3.935258e+06,-5.808433e-03,-5.201773e-03,-1.465106e-02,5.389911e-18,334,27954
0.000000e+00,-1.006803e-07,1.432457e-07,5.593516e-07,0.000000e+00,0.000000e+00,0.000000e+00,7.594033e+06,-9.887094e+06,-3.652570e+07,3.178725e-18,335,0
1.056818e-09,-6.399343e-04,7.500504e-04,2.500014e-03,-6.059537e+05,7.102145e+05,2.366788e+06,3.325869e-01,-4.082291e-01,-1.109588e+00,3.178725e-18,335,4650
1.056295e-08,-6.400650e-03,7.501982e-03,2.500048e-02,-6.060091e+05,7.102825e+05,2.366974e+06,3.055453e-03,-3.496090e-03,-1.319170e-02,3.178725e-18,335,46477
0.000000e+00,-1.965417e-07,1.840355e-07,3.400008e-07,0.000000e+00,0.000000e+00,0.000000e+00,3.335318e+07,-3.241191e+07,-3.983537e+07,4.094220e-18,336,0
1.209318e-09,-2.292447e-03,2.216481e-03,2.500092e-03,-1.896283e+06,1.833446e+06,2.067702e+06,4.255197e-01,-4.164270e-01,-3.288404e-01,4.094220e-18,336,5321
1.209068e-08,-2.292732e-02,2.216758e-02,2.500007e-02,-1.896364e+06,1.833525e+06,2.067765e+06,3.688555e-03,-3.466037e-03,-3.877984e-03,4.094220e-18,336,53199
0.000000e+00,-1.676020e-07,1.725739e-07,5.652695e-07,0.000000e+00,0.000000e+00,0.000000e+00,1.924500e+07,-1.547150e+07,-3.202391e+07,2.989007e-18,337,0
1.185455e-09,-1.598153e-03,1.297355e-03,2.500402e-03,-1.348928e+06,1.095018e+06,2.109933e+06,5.265847e-01,-4.371277e-01,-6.336874e-01,2.989007e-18,337,5216
1.184864e-08,-1.598289e-02,1.297445e-02,2.500005e-02,-1.349026e+06,1.095100e+06,2.110053e+06,4.436583e-03,-3.758751e-03,-7.538164e-03,2.989007e-18,337,52134
0.000000e+00,9.094364e-09,2.354370e-07,2.565021e-07,0.000000e+00,0.000000e+00,0.000000e+00,-3.893745e+06,-6.908875e+07,-5.206075e+07,5.004671e-18,338,0
1.032727e-09,2.012090e-04,3.478238e-03,2.500181e-03,1.948799e+05,3.368675e+06,2.421193e+06,-3.499120e-02,-5.677699e-01,-3.086011e-01,5.004671e-18,338,4544
1.032545e-08,2.012218e-03,3.478313e-02,2.500005e-02,1.948856e+05,3.368768e+06,2.421243e+06,-3.221492e-04,-5.023213e-03,-3.336986e-03,5.004671e-18,338,45432
0.000000e+00,-1.441478e-07,1.688425e-07,5.724353e-07,0.000000e+00,0.000000e+00,0.000000e+00,1.521471e+07,-1.476361e+07,-3.643265e+07,3.007109e-18,339,0
1.037955e-09,-1.083749e-03,1.048068e-03,2.500216e-03,-1.044799e+06,1.010379e+06,2.409783e+06,5.409876e-01,-5.334109e-01,-9.714638e-01,3.007109e-18,339,4567
1.037432e-08,-1.083906e-02,1.048201e-02,2.500006e-02,-1.044887e+06,1.010467e+06,2.409943e+06,4.442364e-03,-4.467585e-03,-1.081685e-02,3.007109e-18,339,45647
0.000000e+00,2.027630e-07,-1.054509e-07,2.145463e-07,0.000000e+00,0.000000e+00,0.000000e+00,-7.631050e+07,3.944740e+07,-5.992711e+07,5.502304e-18,340,0
9.420455e-10,3.272816e-03,-1.690368e-03,2.500241e-03,3.474611e+06,-1.794589e+06,2.654231e+06,-4.721115e-01,2.410235e-01,-2.825703e-01,5.502304e-18,340,4145
9.419091e-09,3.272775e-02,-1.690343e-02,2.500057e-02,3.474681e+06,-1.794624e+06,2.654273e+06,-4.351064e-03,2.196598e-03,-2.976299e-03,5.502304e-18,340,41444
0.000000e+00,-1.362821e-07,-1.059652e-07,1.682535e-07,0.000000e+00,0.000000e+00,0.000000e+00,1.054004e+08,8.184061e+07,-1.088416e+08,7.040739e-18,341,0
5.563636e-10,-2.434912e-03,-1.890184e-03,2.500625e-03,-4.376621e+06,-3.397499e+06,4.494635e+06,4.927214e-01,3.798713e-01,-4.421536e-01,7.040739e-18,341,2448
5.562273e-09,-2.434406e-02,-1.889790e-02,2.500052e-02,-4.376664e+06,-3.397533e+06,4.494674e+06,4.827459e-03,3.745603e-03,-4.478627e-03,7.040739e-18,341,24474
0.000000e+00,5.018063e-08,8.587028e-08,4.098611e-07,0.000000e+00,0.000000e+00,0.000000e+00,-1.246451e+07,-1.396281e+07,-5.642553e+07,4.344990e-18,342,0
7.879545e-10,5.631595e-04,7.090496e-04,2.500413e-03,7.151052e+05,9.003675e+05,3.174638e+06,-3.951956e-01,-5.207103e-01,-1.583268e+00,4.344990e-18,342,3467
7.875000e-09,5.631431e-03,7.090375e-03,2.500037e-02,7.151543e+05,9.004323e+05,3.174835e+06,-3.755836e-03,-5.019440e-03,-1.644118e-02,4.344990e-18,342,34650
0.000000e+00,9.105730e-08,-4.984383e-09,4.618462e-07,0.000000e+00,0.000000e+00,0.000000e+00,-1.191317e+07,-2.240258e+06,-4.519400e+07,3.950366e-18,343,0
9.406818e-10,7.599506e-04,4.985700e-05,2.500567e-03,8.084948e+05,5.294461e+04,2.659645e+06,-5.166316e-01,-8.306944e-03,-1.413308e+00,3.950366e-18,343,4139
9.399773e-09,7.599619e-03,4.977290e-04,2.500022e-02,8.085715e+05,5.294584e+04,2.659855e+06,-4.720110e-03,4.849865e-04,-1.527927e-02,3.950366e-18,343,41359
0.000000e+00,-1.285856e-07,6.971202e-08,2.811395e-07,0.000000e+00,0.000000e+00,0.000000e+00,4.915382e+07,-2.373564e+07,-8.135911e+07,5.549026e-18,344,0
6.652273e-10,-1.551147e-03,7.481433e-04,2.500792e-03,-2.332301e+06,1.124892e+06,3.759921e+06,7.585682e-01,-3.625674e-01,-1.066412e+00,5.549026e-18,344,2927
6.649091e-09,-1.550771e-02,7.479530e-03,2.500020e-02,-2.332380e+06,1.124930e+06,3.760034e+06,7.315667e-03,-3.523011e-03,-1.089333e-02,5.549026e-18,344,29256
0.000000e+00,2.855002e-07,3.513464e-08,4.629465e-07,0.000000e+00,0.000000e+00,0.000000e+00,-3.388862e+07,-6.079424e+06,-3.065536e+07,3.328332e-18,345,0
1.404545e-09,3.053865e-03,5.361826e-04,2.500142e-03,2.175231e+06,3.819234e+05,1.780421e+06,-5.438094e-01,-9.459851e-02,-3.188986e-01,3.328332e-18,345,6180
1.404159e-08,3.054362e-02,5.362785e-03,2.500014e-02,2.175351e+06,3.819443e+05,1.780492e+06,-4.837012e-03,-8.473953e-04,-3.958958e-03,3.328332e-18,345,61783
0.000000e+00,1.235750e-08,1.202658e-07,1.777474e-07,0.000000e+00,0.000000e+00,0.000000e+00,-1.412184e+07,-1.280863e+08,-1.663765e+08,7.888891e-18,346,0
3.686364e-10,2.128334e-04,1.930462e-03,2.501472e-03,5.773635e+05,5.236832e+06,6.785728e+06,-8.681104e-02,-7.847089e-01,-9.295137e-01,7.888891e-18,346,1622
3.684318e-09,2.127201e-03,1.929426e-02,2.500094e-02,5.773685e+05,5.236878e+06,6.785782e+06,-8.107855e-04,-7.810510e-03,-9.373376e-03,7.888891e-18,346,16211
0.000000e+00,1.365875e-07,4.479571e-08,2.066029e-07,0.000000e+00,0.000000e+00,0.000000e+00,-9.539291e+07,-3.109753e+07,-1.182346e+08,6.821458e-18,347,0
5.052273e-10,2.033130e-03,6.626795e-04,2.501071e-03,4.024456e+06,1.311733e+06,4.950562e+06,-7.527597e-01,-2.459054e-01,-8.184930e-01,6.821458e-18,347,2223
5.050000e-09,2.032359e-02,6.624281e-03,2.500050e-02,4.024516e+06,1.311752e+06,4.950627e+06,-7.417163e-03,-2.447643e-03,-8.317292e-03,6.821458e-18,347,22220
0.000000e+00,1.743444e-07,5.008662e-08,4.495921e-07,0.000000e+00,0.000000e+00,0.000000e+00,-2.207377e+07,-8.104796e+06,-4.464678e+07,3.799036e-18,348,0
9.513636e-10,1.357667e-03,5.620342e-04,2.500524e-03,1.427927e+06,5.911269e+05,2.629452e+06,-7.250434e-01,-2.853239e-01,-1.101263e+00,3.799036e-18,348,4186
9.507727e-09,1.357630e-02,5.620235e-03,2.500025e-02,1.428036e+06,5.911698e+05,2.629618e+06,-6.558532e-03,-2.420693e-03,-1.180700e-02,3.799036e-18,348,41834
0.000000e+00,1.193473e-07,1.703873e-07,3.811035e-07,0.000000e+00,0.000000e+00,0.000000e+00,-2.372898e+07,-2.793927e+07,-4.587286e+07,4.160873e-18,349,0
9.847727e-10,1.394741e-03,1.582393e-03,2.500008e-03,1.416953e+06,1.607559e+06,2.539434e+06,-5.157760e-01,-5.902587e-01,-7.687181e-01,4.160873e-18,349,4333
9.844773e-09,1.394953e-02,1.582604e-02,2.500027e-02,1.417033e+06,1.607651e+06,2.539554e+06,-4.643635e-03,-5.320290e-03,-8.156475e-03,4.160873e-18,349,43317
0.000000e+00,-5.146648e-08,-1.408790e-07,3.700984e-07,0.000000e+00,0.000000e+00,0.000000e+00,1.199268e+07,2.964166e+07,-5.746158e+07,4.525418e-18,350,0
8.038636e-10,-5.492357e-04,-1.364741e-03,2.500493e-03,-6.835483e+05,-1.698468e+06,3.111577e+06,3.052685e-01,7.536491e-01,-1.186393e+00,4.525418e-18,350,3537
8.034545e-09,-5.491988e-03,-1.364639e-02,2.500022e-02,-6.835871e+05,-1.698563e+06,3.111728e+06,2.973066e-03,7.154557e-03,-1.236431e-02,4.525418e-18,350,35352
0.000000e+00,1.469205e-07,2.105282e-07,3.371967e-07,0.000000e+00,0.000000e+00,0.000000e+00,-2.615098e+07,-3.908693e+07,-4.133696e+07,4.198202e-18,351,0
1.155455e-09,1.739105e-03,2.549245e-03,2.500485e-03,1.505611e+06,2.206985e+06,2.164454e+06,-3.413035e-01,-5.052271e-01,-3.696755e-01,4.198202e-18,351,5084
1.155023e-08,1.739012e-02,2.549115e-02,2.500007e-02,1.505673e+06,2.207077e+06,2.164522e+06,-3.009121e-03,-4.325969e-03,-4.181930e-03,4.198202e-18,351,50821
0.000000e+00,2.421643e-08,-2.158699e-07,3.600535e-07,0.000000e+00,0.000000e+00,0.000000e+00,-5.252747e+06,3.828413e+07,-4.537006e+07,4.283862e-18,352,0
1.031136e-09,3.366830e-04,-2.341561e-03,2.500062e-03,3.266507e+05,-2.271762e+06,2.425196e+06,-1.003187e-01,7.073029e-01,-6.187775e-01,4.283862e-18,352,4537
1.030841e-08,3.367236e-03,-2.341820e-02,2.500004e-02,3.266671e+05,-2.271877e+06,2.425297e+06,-9.417797e-04,6.385842e-03,-6.748303e-03,4.283862e-18,352,45357
0.000000e+00,1.625601e-07,3.537132e-08,4.223400e-07,0.000000e+00,0.000000e+00,0.000000e+00,-2.367788e+07,-6.421883e+06,-4.798905e+07,4.041693e-18,353,0
8.963636e-10,1.336557e-03,2.681999e-04,2.500073e-03,1.491931e+06,2.993662e+05,2.790285e+06,-7.646339e-01,-1.587862e-01,-1.207319e+00,4.041693e-18,353,3944
8.959773e-09,1.336733e-02,2.682262e-03,2.500043e-02,1.492039e+06,2.993886e+05,2.790457e+06,-7.188441e-03,-1.469323e-03,-1.272234e-02,4.041693e-18,353,39423
0.000000e+00,-1.921192e-08,9.098184e-08,3.455422e-07,0.000000e+00,0.000000e+00,0.000000e+00,6.613891e+06,-2.473053e+07,-7.215585e+07,5.016961e-18,354,0
6.693182e-10,-2.477947e-04,8.936448e-04,2.500656e-03,-3.703922e+05,1.335684e+06,3.737264e+06,2.009513e-01,-6.619701e-01,-1.648806e+00,5.016961e-18,354,2945
6.689545e-09,-2.477745e-03,8.935114e-03,2.500070e-02,-3.704134e+05,1.335754e+06,3.737439e+06,2.015656e-03,-6.392539e-03,-1.672916e-02,5.016961e-18,354,29434
0.000000e+00,-5.294594e-08,-2.054443e-07,2.064945e-07,0.000000e+00,0.000000e+00,0.000000e+00,2.408396e+07,9.007830e+07,-6.913934e+07,5.809506e-18,355,0
8.318182e-10,-8.907191e-04,-3.323261e-03,2.500314e-03,-1.070933e+06,-3.995610e+06,3.006014e+06,1.516571e-01,5.520127e-01,-3.395237e-01,5.809506e-18,355,3660
8.316818e-09,-8.906776e-03,-3.323085e-02,2.500060e-02,-1.070953e+06,-3.995683e+06,3.006059e+06,1.440537e-03,5.244910e-03,-3.528332e-03,5.809506e-18,355,36594
0.000000e+00,-2.411017e-07,-3.513862e-08,4.550360e-07,0.000000e+00,0.000000e+00,0.000000e+00,2.949759e+07,3.154079e+06,-3.785728e+07,3.519003e-18,356,0
1.020227e-09,-1.880136e-03,1.682004e-04,2.500300e-03,-1.843771e+06,1.650263e+05,2.451564e+06,7.473083e-01,-5.489070e-02,-8.055125e-01,3.519003e-18,356,4489
1.019773e-08,-1.880226e-02,1.682797e-03,2.500052e-02,-1.843891e+06,1.650351e+05,2.451695e+06,6.584940e-03,-3.784863e-04,-8.975700e-03,3.519003e-18,356,44870
0.000000e+00,4.147853e-10,-8.988333e-08,4.294660e-07,0.000000e+00,0.000000e+00,0.000000e+00,2.755360e+06,1.554380e+07,-5.126174e+07,4.203418e-18,357,0
8.222727e-10,-1.770007e-04,-7.642759e-04,2.500142e-03,-2.154346e+05,-9.300541e+05,3.042010e+06,1.379367e-01,5.844984e-01,-1.630710e+00,4.203418e-18,357,3618
8.218409e-09,-1.770494e-03,-7.643547e-03,2.500056e-02,-2.154525e+05,-9.301300e+05,3.042222e+06,1.331642e-03,5.327955e-03,-1.685936e-02,4.203418e-18,357,36161
0.000000e+00,-4.711501e-08,1.385097e-07,4.243772e-07,0.000000e+00,0.000000e+00,0.000000e+00,9.110154e+06,-2.050892e+07,-4.722799e+07,4.080665e-18,358,0
9.093182e-10,-5.352847e-04,1.262467e-03,2.500353e-03,-5.890365e+05,1.389206e+06,2.750899e+06,3.128394e-01,-7.237691e-01,-1.218346e+00,4.080665e-18,358,4001
9.087955e-09,-5.353104e-03,1.262498e-02,2.500014e-02,-5.890813e+05,1.389310e+06,2.751074e+06,2.656895e-03,-6.840297e-03,-1.276931e-02,4.080665e-18,358,39987
0.000000e+00,1.159661e-08,8.766056e-08,3.762953e-07,0.000000e+00,0.000000e+00,0.000000e+00,1.239096e+06,-1.887890e+07,-6.638774e+07,4.698064e-18,359,0
6.954545e-10,-4.042387e-05,7.497312e-04,2.500794e-03,-5.817080e+04,1.078525e+06,3.597199e+06,3.161491e-02,-5.801704e-01,-1.747062e+00,4.698064e-18,359,3060
6.950000e-09,-4.042738e-04,7.495743e-03,2.500063e-02,-5.817428e+04,1.078588e+06,3.597391e+06,4.450374e-04,-5.659598e-03,-1.786223e-02,4.698064e-18,359,30580
0.000000e+00,-3.713420e-08,-2.845898e-07,4.584718e-07,0.000000e+00,0.000000e+00,0.000000e+00,4.352347e+06,3.312712e+07,-3.256684e+07,3.345185e-18,360,0
1.305909e-09,-3.495674e-04,-2.806279e-03,2.500322e-03,-2.677870e+05,-2.149887e+06,1.915054e+06,6.814913e-02,6.004374e-01,-3.743425e-01,3.345185e-18,360,5746
1.305455e-08,-3.495836e-03,-2.806572e-02,2.500035e-02,-2.678010e+05,-2.150010e+06,1.915132e+06,5.555603e-04,5.109463e-03,-4.717217e-03,3.345185e-18,360,57440
0.000000e+00,-2.254484e-07,-2.025740e-08,5.463046e-07,0.000000e+00,0.000000e+00,0.000000e+00,1.982698e+07,2.717823e+06,-3.782858e+07,3.103119e-18,361,0
1.037500e-09,-1.484358e-03,-2.420808e-04,2.500220e-03,-1.431634e+06,-2.334667e+05,2.410850e+06,7.428455e-01,9.850644e-02,-9.749663e-01,3.103119e-18,361,4565
1.036977e-08,-1.484570e-02,-2.420981e-03,2.500017e-02,-1.431756e+06,-2.334829e+05,2.411010e+06,6.181996e-03,9.542684e-04,-1.099719e-02,3.103119e-18,361,45627
0.000000e+00,-1.712537e-07,-1.191341e-07,2.221219e-07,0.000000e+00,0.000000e+00,0.000000e+00,7.051183e+07,4.996052e+07,-6.915567e+07,5.669216e-18,362,0
8.234091e-10,-2.608394e-03,-1.850151e-03,2.500116e-03,-3.168200e+06,-2.247233e+06,3.036503e+06,5.002286e-01,3.589725e-01,-3.870662e-01,5.669216e-18,362,3623
8.233182e-09,-2.608443e-02,-1.850192e-02,2.500022e-02,-3.168265e+06,-2.247279e+06,3.036554e+06,4.739534e-03,3.413059e-03,-4.063782e-03,5.669216e-18,362,36226
0.000000e+00,8.521475e-09,2.256304e-07,5.348159e-07,0.000000e+00,0.000000e+00,0.000000e+00,-5.422540e+05,-2.627495e+07,-3.344953e+07,3.187804e-18,363,0
1.170909e-09,1.344706e-04,2.082301e-03,2.500404e-03,1.149134e+05,1.779406e+06,2.136095e+06,-5.610276e-02,-7.149985e-01,-6.138957e-01,3.187804e-18,363,5152
1.170364e-08,1.344912e-03,2.082545e-02,2.500030e-02,1.149237e+05,1.779538e+06,2.136210e+06,-4.709004e-04,-5.903024e-03,-7.544483e-03,3.187804e-18,363,51496
0.000000e+00,-1.749457e-07,9.111661e-08,5.134480e-07,0.000000e+00,0.000000e+00,0.000000e+00,2.054617e+07,-9.374126e+06,-3.583751e+07,3.352537e-18,364,0
1.122273e-09,-1.583133e-03,6.794368e-04,2.500174e-03,-1.411579e+06,6.057177e+05,2.228664e+06,6.580132e-01,-2.291567e-01,-7.953661e-01,3.352537e-18,364,4938
1.121750e-08,-1.583432e-02,6.794634e-03,2.500022e-02,-1.411695e+06,6.057582e+05,2.228806e+06,5.323046e-03,-2.016865e-03,-9.365353e-03,3.352537e-18,364,49357
0.000000e+00,6.853680e-08,-1.675967e-07,3.244408e-07,0.000000e+00,0.000000e+00,0.000000e+00,-1.562600e+07,3.898821e+07,-6.039840e+07,4.821554e-18,365,0
8.129545e-10,6.748126e-04,-1.702280e-03,2.500179e-03,8.303359e+05,-2.094660e+06,3.076212e+06,-2.826994e-01,7.536508e-01,-9.703319e-01,4.821554e-18,365,3577
8.127045e-09,6.748185e-03,-1.702340e-02,2.500063e-02,8.303722e+05,-2.094757e+06,3.076337e+06,-2.742719e-03,7.177326e-03,-1.020677e-02,4.821554e-18,365,35759
0.000000e+00,-7.008798e-08,1.072351e-08,6.597347e-07,0.000000e+00,0.000000e+00,0.000000e+00,4.744594e+06,-1.684419e+05,-3.620309e+07,2.805232e-18,366,0
9.472727e-10,-3.580051e-04,3.740243e-05,2.500172e-03,-3.782321e+05,3.946943e+04,2.640865e+06,2.667186e-01,3.229258e-02,-1.603928e+00,2.805232e-18,366,4168
9.466591e-09,-3.580566e-03,3.736211e-04,2.500023e-02,-3.782720e+05,3.946456e+04,2.641106e+06,2.193419e-03,9.038825e-04,-1.752907e-02,2.805232e-18,366,41653
0.000000e+00,-1.135400e-07,1.383758e-07,4.455186e-07,0.000000e+00,0.000000e+00,0.000000e+00,1.708991e+07,-1.828723e+07,-4.172777e+07,3.815455e-18,367,0
1.011136e-09,-1.032289e-03,1.281937e-03,2.500421e-03,-1.021528e+06,1.268601e+06,2.473894e+06,4.894897e-01,-6.045637e-01,-9.527237e-01,3.815455e-18,367,4449
1.010568e-08,-1.032321e-02,1.282001e-02,2.500051e-02,-1.021607e+06,1.268698e+06,2.474047e+06,4.239864e-03,-5.359532e-03,-1.035250e-02,3.815455e-18,367,44465
0.000000e+00,-2.178053e-07,-1.053036e-07,4.723886e-07,0.000000e+00,0.000000e+00,0.000000e+00,2.833783e+07,1.102609e+07,-3.733877e+07,3.437456e-18,368,0
1.139773e-09,-2.048809e-03,-8.129295e-04,2.500249e-03,-1.798468e+06,-7.135695e+05,2.194288e+06,6.482071e-01,2.452860e-01,-6.060131e-01,3.437456e-18,368,5015
1.139318e-08,-2.049023e-02,-8.129824e-03,2.500011e-02,-1.798585e+06,-7.136135e+05,2.194398e+06,5.500075e-03,2.145750e-03,-7.013639e-03,3.437456e-18,368,50130
0.000000e+00,-1.700472e-07,-1.850985e-07,3.389690e-07,0.000000e+00,0.000000e+00,0.000000e+00,3.061145e+07,3.138564e+07,-3.824213e+07,4.234296e-18,369,0
1.235455e-09,-2.371541e-03,-2.216696e-03,2.500376e-03,-1.920254e+06,-1.794828e+06,2.024205e+06,4.197362e-01,3.895099e-01,-3.183371e-01,4.234296e-18,369,5436
1.235068e-08,-2.371635e-02,-2.216731e-02,2.500045e-02,-1.920335e+06,-1.794904e+06,2.024268e+06,3.510132e-03,3.253232e-03,-3.719530e-03,4.234296e-18,369,54343
0.000000e+00,2.276393e-08,1.831127e-07,5.730142e-07,0.000000e+00,0.000000e+00,0.000000e+00,-3.561713e+05,-1.649768e+07,-3.538892e+07,3.102699e-18,370,0
1.071136e-09,9.214871e-05,1.306344e-03,2.500373e-03,8.613276e+04,1.220483e+06,2.335377e+06,-8.068421e-02,-6.822435e-01,-9.959237e-01,3.102699e-18,370,4713
1.070500e-08,9.220488e-04,1.306523e-02,2.500042e-02,8.614638e+04,1.220598e+06,2.335547e+06,-5.849294e-04,-5.441211e-03,-1.157490e-02,3.102699e-18,370,47102
0.000000e+00,1.797619e-07,-2.916578e-08,1.656277e-07,0.000000e+00,0.000000e+00,0.000000e+00,-1.313283e+08,2.029486e+07,-9.834832e+07,6.897965e-18,371,0
6.131818e-10,3.357865e-03,-5.077605e-04,2.500201e-03,5.476336e+06,-8.280951e+05,4.077470e+06,-5.623728e-01,8.356419e-02,-3.582434e-01,6.897965e-18,371,2698
6.131364e-09,3.357753e-02,-5.077377e-03,2.500058e-02,5.476390e+06,-8.281032e+05,4.077505e+06,-5.486966e-03,8.294585e-04,-3.675679e-03,6.897965e-18,371,26978
0.000000e+00,-1.477411e-07,-8.001746e-08,6.058210e-07,0.000000e+00,0.000000e+00,0.000000e+00,1.304862e+07,8.311790e+06,-3.425667e+07,2.941335e-18,372,0
1.049318e-09,-1.006119e-03,-4.882081e-04,2.500539e-03,-9.594938e+05,-4.655346e+05,2.384132e+06,5.335204e-01,2.485676e-01,-1.080712e+00,2.941335e-18,372,4617
1.048591e-08,-1.006116e-02,-4.881589e-03,2.500002e-02,-9.595821e+05,-4.655757e+05,2.384312e+06,4.825298e-03,2.241480e-03,-1.248620e-02,2.941335e-18,372,46138
0.000000e+00,-1.857533e-07,6.411213e-08,4.581617e-07,0.000000e+00,0.000000e+00,0.000000e+00,2.717705e+07,-1.028817e+07,-4.170935e+07,3.671605e-18,373,0
1.020682e-09,-1.761510e-03,6.397520e-04,2.500416e-03,-1.726758e+06,6.271261e+05,2.450594e+06,7.379272e-01,-2.677232e-01,-8.306614e-01,3.671605e-18,373,4491
1.020159e-08,-1.761562e-02,6.397667e-03,2.500011e-02,-1.726877e+06,6.271692e+05,2.450728e+06,6.418446e-03,-2.165607e-03,-9.057793e-03,3.671605e-18,373,44887
0.000000e+00,1.297270e-07,-1.822147e-07,4.260981e-07,0.000000e+00,0.000000e+00,0.000000e+00,-1.814393e+07,2.801793e+07,-4.113269e+07,3.796025e-18,374,0
1.075000e-09,1.228894e-03,-1.864887e-03,2.500051e-03,1.143687e+06,-1.735607e+06,2.326291e+06,-3.969230e-01,6.184128e-01,-6.363418e-01,3.796025e-18,374,4730
1.074682e-08,1.229097e-02,-1.865220e-02,2.500038e-02,1.143755e+06,-1.735712e+06,2.326400e+06,-3.437540e-03,5.191254e-03,-7.278673e-03,3.796025e-18,374,47286
0.000000e+00,1.513927e-07,2.466804e-07,4.059150e-07,0.000000e+00,0.000000e+00,0.000000e+00,-2.072975e+07,-3.485437e+07,-3.315646e+07,3.606364e-18,375,0
1.307500e-09,1.516423e-03,2.822860e-03,2.500313e-03,1.160191e+06,2.159798e+06,1.912642e+06,-2.639999e-01,-5.006299e-01,-3.125978e-01,3.606364e-18,375,5753
1.307091e-08,1.516476e-02,2.823045e-02,2.500013e-02,1.160245e+06,2.159901e+06,1.912707e+06,-2.275776e-03,-4.304294e-03,-3.800518e-03,3.606364e-18,375,57512
0.000000e+00,-1.138886e-07,7.677468e-08,2.945708e-07,0.000000e+00,0.000000e+00,0.000000e+00,3.731187e+07,-2.561312e+07,-8.397146e+07,5.434096e-18,376,0
6.361364e-10,-1.142880e-03,7.802568e-04,2.500381e-03,-1.797041e+06,1.226855e+06,3.931330e+06,6.683130e-01,-4.517997e-01,-1.312990e+00,5.434096e-18,376,2799
6.359318e-09,-1.142799e-02,7.801988e-03,2.500072e-02,-1.797108e+06,1.226901e+06,3.931462e+06,6.464875e-03,-4.379661e-03,-1.337639e-02,5.434096e-18,376,27981
0.000000e+00,2.495104e-07,5.726981e-08,3.147165e-07,0.000000e+00,0.000000e+00,0.000000e+00,-5.582926e+07,-9.941396e+06,-3.778426e+07,4.373925e-18,377,0
1.326136e-09,3.935723e-03,7.111067e-04,2.500143e-03,2.968550e+06,5.363488e+05,1.885470e+06,-4.499868e-01,-8.060817e-02,-1.970277e-01,4.373925e-18,377,5835
1.325932e-08,3.936090e-02,7.111620e-03,2.500021e-02,2.968643e+06,5.363656e+05,1.885512e+06,-3.782731e-03,-6.846524e-04,-2.388657e-03,4.373925e-18,377,58341
0.000000e+00,-2.135502e-08,5.376921e-09,4.587496e-07,0.000000e+00,0.000000e+00,0.000000e+00,5.982614e+06,-3.557594e+06,-4.966708e+07,4.039035e-18,378,0
8.320455e-10,-3.268598e-04,1.815082e-04,2.500580e-03,-3.931740e+05,2.183469e+05,3.007012e+06,3.002967e-01,-1.763925e-01,-1.797094e+00,4.039035e-18,378,3661
8.314091e-09,-3.268850e-03,1.815333e-03,2.500064e-02,-3.932134e+05,2.183701e+05,3.007248e+06,2.954925e-03,-1.595839e-03,-1.876315e-02,4.039035e-18,378,36582
0.000000e+00,1.058978e-07,-1.090299e-07,3.826657e-07,0.000000e+00,0.000000e+00,0.000000e+00,-1.738629e+07,2.284192e+07,-5.399490e+07,4.424368e-18,379,0
8.556818e-10,1.056605e-03,-1.126640e-03,2.500119e-03,1.235417e+06,-1.317275e+06,2.922819e+06,-5.420481e-01,5.785622e-01,-1.151833e+00,4.424368e-18,379,3765
8.553409e-09,1.056698e-02,-1.126716e-02,2.500018e-02,1.235491e+06,-1.317354e+06,2.922975e+06,-5.106135e-03,5.528721e-03,-1.196926e-02,4.424368e-18,379,37635
0.000000e+00,-5.384997e-08,-1.124137e-08,2.865812e-07,0.000000e+00,0.000000e+00,0.000000e+00,2.883589e+07,6.637624e+06,-1.144270e+08,6.026948e-18,380,0
4.934091e-10,-6.394982e-04,-1.443755e-04,2.500762e-03,-1.296336e+06,-2.926516e+05,5.069032e+06,5.223889e-01,9.394348e-02,-1.838748e+00,6.026948e-18,380,2171
4.932045e-09,-6.393613e-03,-1.443376e-03,2.500088e-02,-1.296377e+06,-2.926589e+05,5.069175e+06,5.000751e-03,9.086680e-04,-1.857985e-02,6.026948e-18,380,21701
0.000000e+00,8.059219e-08,-2.357520e-07,2.586034e-07,0.000000e+00,0.000000e+00,0.000000e+00,-2.179917e+07,6.684000e+07,-4.842380e+07,4.878323e-18,381,0
1.119545e-09,1.187347e-03,-3.639384e-03,2.500127e-03,1.060750e+06,-3.251371e+06,2.233331e+06,-1.514512e-01,4.760112e-01,-2.284525e-01,4.878323e-18,381,4926
1.119409e-08,1.187414e-02,-3.639617e-02,2.500026e-02,1.060776e+06,-3.251455e+06,2.233372e+06,-1.329341e-03,4.112238e-03,-2.663756e-03,4.878323e-18,381,49254
0.000000e+00,-8.358837e-08,-4.402404e-08,2.643563e-07,0.000000e+00,0.000000e+00,0.000000e+00,4.331442e+07,2.120866e+07,-1.113227e+08,6.221991e-18,382,0
5.109091e-10,-9.849216e-04,-4.819922e-04,2.500302e-03,-1.928103e+06,-9.435499e+05,4.894430e+06,6.653662e-01,3.233084e-01,-1.542272e+00,6.221991e-18,382,2248
5.107955e-09,-9.848701e-03,-4.819633e-03,2.500070e-02,-1.928156e+06,-9.435760e+05,4.894555e+06,6.458058e-03,3.151892e-03,-1.558887e-02,6.221991e-18,382,22475
0.000000e+00,-3.405646e-08,3.193423e-08,3.904412e-07,0.000000e+00,0.000000e+00,0.000000e+00,9.324708e+06,-7.261035e+06,-6.406416e+07,4.623864e-18,383,0
6.902273e-10,-3.684127e-04,2.860193e-04,2.500068e-03,-5.340419e+05,4.145856e+05,3.623527e+06,3.281415e-01,-2.395387e-01,-1.906954e+00,4.623864e-18,383,3037
6.899545e-09,-3.684633e-03,2.860447e-03,2.500077e-02,-5.340777e+05,4.146117e+05,3.623735e+06,3.128881e-03,-2.528356e-03,-1.941988e-02,4.623864e-18,383,30358
0.000000e+00,1.349347e-07,-4.170028e-08,1.468676e-07,0.000000e+00,0.000000e+00,0.000000e+00,-1.676047e+08,4.968936e+07,-1.584834e+08,8.261107e-18,384,0
3.893182e-10,2.648810e-03,-7.850609e-04,2.500218e-03,6.803712e+06,-2.016495e+06,6.421958e+06,-6.425797e-01,1.869201e-01,-5.498877e-01,8.261107e-18,384,1713
3.892955e-09,2.648666e-02,-7.850159e-03,2.500052e-02,6.803751e+06,-2.016507e+06,6.421992e+06,-6.334373e-03,1.862833e-03,-5.555944e-03,8.261107e-18,384,17129
0.000000e+00,-7.923881e-09,-2.725317e-08,5.160395e-07,0.000000e+00,0.000000e+00,0.000000e+00,3.045671e+06,-1.499875e+05,-4.645751e+07,3.631839e-18,385,0
8.490909e-10,-1.709647e-04,6.322291e-05,2.500081e-03,-2.015003e+05,7.455135e+04,2.946095e+06,1.313536e-01,-4.038249e-02,-1.814096e+00,3.631839e-18,385,3736
8.485909e-09,-1.709897e-03,6.325922e-04,2.500041e-02,-2.015179e+05,7.455679e+04,2.946339e+06,1.464263e-03,-7.778120e-04,-1.913334e-02,3.631839e-18,385,37338
0.000000e+00,-2.227916e-07,3.596467e-08,3.833421e-07,0.000000e+00,0.000000e+00,0.000000e+00,3.741919e+07,-7.073391e+06,-4.640473e+07,4.049561e-18,386,0
9.979545e-10,-2.155604e-03,4.187986e-04,2.500214e-03,-2.160906e+06,4.198551e+05,2.506001e+06,7.386005e-01,-1.602163e-01,-6.874774e-01,4.049561e-18,386,4391
9.976136e-09,-2.155748e-02,4.188521e-03,2.500035e-02,-2.161022e+06,4.198803e+05,2.506110e+06,6.789089e-03,-1.295698e-03,-7.523120e-03,4.049561e-18,386,43895
0.000000e+00,1.781233e-07,-7.749131e-09,4.143375e-07,0.000000e+00,0.000000e+00,0.000000e+00,-2.858514e+07,9.957543e+05,-4.789669e+07,4.060347e-18,387,0
9.870455e-10,1.866610e-03,3.624253e-04,2.500473e-03,1.892078e+06,3.674477e+05,2.534121e+06,-7.658138e-01,-1.370372e-01,-8.483082e-01,4.060347e-18,387,4343
9.865455e-09,1.866613e-02,3.624934e-03,2.500040e-02,1.892198e+06,3.674691e+05,2.534253e+06,-6.773767e-03,-1.101984e-03,-9.162575e-03,4.060347e-18,387,43408
0.000000e+00,-1.463856e-07,-1.833662e-07,5.058116e-07,0.000000e+00,0.000000e+00,0.000000e+00,1.456393e+07,2.095723e+07,-3.748632e+07,3.290957e-18,388,0
1.123409e-09,-1.226074e-03,-1.588179e-03,2.500137e-03,-1.092039e+06,-1.414528e+06,2.226232e+06,4.700205e-01,5.813185e-01,-6.967863e-01,3.290957e-18,388,4943
1.122977e-08,-1.226331e-02,-1.588478e-02,2.500028e-02,-1.092122e+06,-1.414631e+06,2.226356e+06,4.234978e-03,4.638774e-03,-8.092680e-03,3.290957e-18,388,49411
0.000000e+00,-1.604075e-10,-6.237301e-08,5.559017e-07,0.000000e+00,0.000000e+00,0.000000e+00,4.485992e+06,5.439858e+06,-4.325040e+07,3.368753e-18,389,0
8.852273e-10,-2.254205e-04,-4.911207e-04,2.500285e-03,-2.548518e+05,-5.552836e+05,2.825909e+06,1.583641e-01,4.169126e-01,-1.573156e+00,3.368753e-18,389,3895
8.846818e-09,-2.254592e-03,-4.912445e-03,2.500047e-02,-2.548739e+05,-5.553418e+05,2.826130e+06,1.308956e-03,3.421866e-03,-1.693183e-02,3.368753e-18,389,38926
0.000000e+00,1.322988e-07,2.117737e-07,2.457641e-07,0.000000e+00,0.000000e+00,0.000000e+00,-4.106968e+07,-5.956490e+07,-5.489520e+07,4.963130e-18,390,0
9.943182e-10,1.942691e-03,2.828805e-03,2.500376e-03,1.954142e+06,2.845469e+06,2.514907e+06,-3.238937e-01,-4.761146e-01,-3.239379e-01,4.963130e-18,390,4375
9.940682e-09,1.942554e-02,2.828596e-02,2.500002e-02,1.954193e+06,2.845544e+06,2.514958e+06,-2.963913e-03,-4.269245e-03,-3.471632e-03,4.963130e-18,390,43739
0.000000e+00,2.895760e-09,1.096370e-07,3.225778e-07,0.000000e+00,0.000000e+00,0.000000e+00,1.712353e+05,-3.262030e+07,-7.608189e+07,5.229872e-18,391,0
6.572727e-10,-3.878117e-06,1.111039e-03,2.500809e-03,-5.907242e+03,1.690953e+06,3.805842e+06,8.408847e-03,-7.543400e-01,-1.532214e+00,5.229872e-18,391,2892
6.568864e-09,-3.880358e-05,1.110764e-02,2.500017e-02,-5.908113e+03,1.691031e+06,3.806001e+06,3.466559e-05,-7.388085e-03,-1.550657e-02,5.229872e-18,391,28903
0.000000e+00,8.172927e-08,1.146635e-07,2.568983e-07,0.000000e+00,0.000000e+00,0.000000e+00,-3.455038e+07,-5.130029e+07,-9.577303e+07,5.954346e-18,392,0
5.884091e-10,9.155585e-04,1.360178e-03,2.500299e-03,1.556237e+06,2.312006e+06,4.249774e+06,-4.551777e-01,-6.824769e-01,-1.132742e+00,5.954346e-18,392,2589
5.882727e-09,9.154959e-03,1.360095e-02,2.500042e-02,1.556280e+06,2.312069e+06,4.249879e+06,-4.501665e-03,-6.687784e-03,-1.144371e-02,5.954346e-18,392,25884
0.000000e+00,1.561660e-07,-1.029046e-07,3.717570e-07,0.000000e+00,0.000000e+00,0.000000e+00,-3.243099e+07,2.071905e+07,-5.102212e+07,4.351576e-18,393,0
9.245455e-10,1.729304e-03,-1.088091e-03,2.500479e-03,1.871218e+06,-1.177364e+06,2.705257e+06,-6.818635e-01,4.180248e-01,-7.861153e-01,4.351576e-18,393,4068
9.241364e-09,1.729257e-02,-1.088043e-02,2.500040e-02,1.871318e+06,-1.177425e+06,2.705372e+06,-6.417987e-03,3.848941e-03,-8.408671e-03,4.351576e-18,393,40662
0.000000e+00,-1.308048e-07,-1.411311e-07,4.692791e-07,0.000000e+00,0.000000e+00,0.000000e+00,1.477112e+07,1.689078e+07,-3.712416e+07,3.638131e-18,394,0
1.102273e-09,-1.109209e-03,-1.269681e-03,2.500084e-03,-1.006918e+06,-1.152607e+06,2.269012e+06,4.552942e-01,5.248412e-01,-7.923701e-01,3.638131e-18,394,4850
1.101795e-08,-1.109414e-02,-1.269931e-02,2.500001e-02,-1.006997e+06,-1.152698e+06,2.269150e+06,4.070893e-03,4.256662e-03,-9.408732e-03,3.638131e-18,394,48479
0.000000e+00,-6.190305e-08,2.282894e-07,5.209198e-07,0.000000e+00,0.000000e+00,0.000000e+00,7.450859e+06,-2.535995e+07,-3.396940e+07,3.218860e-18,395,0
1.162273e-09,-6.656482e-04,2.021527e-03,2.500003e-03,-5.730938e+05,1.740284e+06,2.151696e+06,2.472131e-01,-6.847105e-01,-6.540205e-01,3.218860e-18,395,5114
1.161886e-08,-6.658648e-03,2.022006e-02,2.500045e-02,-5.731391e+05,1.740410e+06,2.151817e+06,2.221081e-03,-5.640187e-03,-7.502441e-03,3.218860e-18,395,51123
0.000000e+00,-9.404479e-08,1.584202e-07,2.170050e-07,0.000000e+00,0.000000e+00,0.000000e+00,4.669252e+07,-7.697974e+07,-8.997012e+07,6.056132e-18,396,0
6.461364e-10,-1.314543e-03,2.163216e-03,2.500422e-03,-2.034675e+06,3.348254e+06,3.870057e+06,3.788462e-01,-6.161964e-01,-6.306743e-01,6.056132e-18,396,2843
6.460000e-09,-1.314405e-02,2.162981e-02,2.500071e-02,-2.034714e+06,3.348317e+06,3.870121e+06,3.706299e-03,-6.021454e-03,-6.405687e-03,6.056132e-18,396,28424
0.000000e+00,-1.383987e-07,1.208465e-07,2.877068e-07,0.000000e+00,0.000000e+00,0.000000e+00,4.362126e+07,-4.062464e+07,-6.972680e+07,5.168050e-18,397,0
7.652273e-10,-1.604944e-03,1.510286e-03,2.500464e-03,-2.097806e+06,1.974126e+06,3.268113e+06,5.675797e-01,-5.664247e-01,-7.722834e-01,5.168050e-18,397,3367
7.649773e-09,-1.604778e-02,1.510164e-02,2.500047e-02,-2.097875e+06,1.974194e+06,3.268206e+06,5.413079e-03,-5.427601e-03,-7.966067e-03,5.168050e-18,397,33659
0.000000e+00,2.006293e-09,-1.707981e-07,2.594557e-07,0.000000e+00,0.000000e+00,0.000000e+00,2.259665e+06,5.428869e+07,-7.242228e+07,5.649177e-18,398,0
7.311364e-10,-9.076653e-05,-1.947309e-03,2.500777e-03,-1.242155e+05,-2.664068e+06,3.421035e+06,6.427957e-02,8.246910e-01,-9.120056e-01,5.649177e-18,398,3217
7.307727e-09,-9.077212e-04,-1.946831e-02,2.500010e-02,-1.242229e+05,-2.664163e+06,3.421140e+06,5.940084e-04,7.895265e-03,-9.429022e-03,5.649177e-18,398,32154
0.000000e+00,-2.373436e-07,1.546588e-07,3.351291e-07,0.000000e+00,0.000000e+00,0.000000e+00,4.009745e+07,-2.583019e+07,-3.410051e+07,4.044729e-18,399,0
1.386364e-09,-3.153463e-03,2.063601e-03,2.500315e-03,-2.275310e+06,1.488960e+06,1.803761e+06,3.964774e-01,-2.664118e-01,-2.201812e-01,4.044729e-18,399,6100
1.386000e-08,-3.153575e-02,2.063695e-02,2.500027e-02,-2.275397e+06,1.489018e+06,1.803810e+06,3.424581e-03,-2.227864e-03,-2.705195e-03,4.044729e-18,399,60984
0.000000e+00,6.602898e-08,-1.117259e-07,5.312818e-07,0.000000e+00,0.000000e+00,0.000000e+00,-6.505413e+06,1.497705e+07,-3.535967e+07,3.443876e-18,400,0
1.085227e-09,4.791454e-04,-1.057570e-03,2.500285e-03,4.418442e+05,-9.752397e+05,2.305109e+06,-2.483662e-01,5.323798e-01,-1.035689e+00,3.443876e-18,400,4775
1.084545e-08,4.791989e-03,-1.057687e-02,2.500011e-02,4.418867e+05,-9.753307e+05,2.305287e+06,-2.323830e-03,4.784873e-03,-1.208168e-02,3.443876e-18,400,47720
0.000000e+00,2.113466e-07,4.094500e-08,3.448210e-07,0.000000e+00,0.000000e+00,0.000000e+00,-4.492879e+07,-9.774024e+06,-4.812696e+07,4.422177e-18,401,0
1.007727e-09,2.502711e-03,5.459055e-04,2.500025e-03,2.484366e+06,5.418944e+05,2.481361e+06,-6.886670e-01,-1.411449e-01,-5.444653e-01,4.422177e-18,401,4434
1.007523e-08,2.503052e-02,5.459702e-03,2.500042e-02,2.484476e+06,5.419169e+05,2.481448e+06,-6.249740e-03,-1.099121e-03,-6.017903e-03,4.422177e-18,401,44331
0.000000e+00,-1.439084e-07,2.099942e-07,4.832197e-07,0.000000e+00,0.000000e+00,0.000000e+00,1.781301e+07,-2.431909e+07,-3.627604e+07,3.348474e-18,402,0
1.143864e-09,-1.317901e-03,1.823887e-03,2.500056e-03,-1.152752e+06,1.595311e+06,2.186279e+06,4.289976e-01,-5.838846e-01,-6.094527e-01,3.348474e-18,402,5033
1.143500e-08,-1.318169e-02,1.824235e-02,2.500029e-02,-1.152830e+06,1.595416e+06,2.186390e+06,3.639227e-03,-5.012618e-03,-7.019219e-03,3.348474e-18,402,50314
0.000000e+00,-2.017118e-07,4.819151e-08,2.993208e-07,0.000000e+00,0.000000e+00,0.000000e+00,4.848740e+07,-1.230727e+07,-5.869388e+07,4.861715e-18,403,0
8.604545e-10,-2.168380e-03,5.464690e-04,2.500058e-03,-2.520787e+06,6.352887e+05,2.906116e+06,7.604070e-01,-1.974157e-01,-7.380238e-01,4.861715e-18,403,3786
8.602727e-09,-2.168567e-02,5.465219e-03,2.500064e-02,-2.520891e+06,6.353155e+05,2.906216e+06,7.041108e-03,-1.778764e-03,-7.745742e-03,4.861715e-18,403,37852
0.000000e+00,-1.458178e-07,1.211914e-07,4.936581e-07,0.000000e+00,0.000000e+00,0.000000e+00,1.990923e+07,-1.596680e+07,-3.769856e+07,3.490641e-18,404,0
1.061591e-09,-1.417330e-03,1.067309e-03,2.500355e-03,-1.335921e+06,1.005993e+06,2.356252e+06,6.091501e-01,-4.694135e-01,-8.794201e-01,3.490641e-18,404,4671
1.061023e-08,-1.417436e-02,1.067379e-02,2.500051e-02,-1.336023e+06,1.006071e+06,2.356400e+06,4.950736e-03,-3.870912e-03,-9.665637e-03,3.490641e-18,404,46685
0.000000e+00,1.777360e-07,9.140143e-08,4.206759e-07,0.000000e+00,0.000000e+00,0.000000e+00,-2.426487e+07,-1.420066e+07,-4.033586e+07,3.924070e-18,405,0
1.119091e-09,1.774514e-03,1.048305e-03,2.500180e-03,1.586533e+06,9.373455e+05,2.234812e+06,-6.011299e-01,-4.102895e-01,-6.369497e-01,3.924070e-18,405,4924
1.118659e-08,1.774781e-02,1.048563e-02,2.500009e-02,1.586638e+06,9.374178e+05,2.234925e+06,-5.235657e-03,-3.036132e-03,-7.616022e-03,3.924070e-18,405,49221
0.000000e+00,1.689015e-07,3.596621e-08,2.550987e-07,0.000000e+00,0.000000e+00,0.000000e+00,-6.906386e+07,-2.241795e+07,-8.678433e+07,5.681554e-18,406,0
6.520455e-10,2.027448e-03,6.560152e-04,2.500026e-03,3.109830e+06,1.006270e+06,3.834514e+06,-7.656252e-01,-2.526788e-01,-8.235596e-01,5.681554e-18,406,2869
6.519773e-09,2.027547e-02,6.560657e-03,2.500032e-02,3.109909e+06,1.006296e+06,3.834599e+06,-7.461750e-03,-2.436706e-03,-8.413258e-03,5.681554e-18,406,28687
0.000000e+00,4.788035e-08,-7.122464e-08,6.182017e-07,0.000000e+00,0.000000e+00,0.000000e+00,-5.672593e+06,2.586717e+06,-3.790501e+07,3.013016e-18,407,0
9.490909e-10,3.640958e-04,-2.000693e-04,2.500353e-03,3.839705e+05,-2.109504e+05,2.635933e+06,-3.011983e-01,1.655718e-01,-1.506702e+00,3.013016e-18,407,4176
9.484318e-09,3.641690e-03,-2.000754e-03,2.500023e-02,3.840156e+05,-2.109752e+05,2.636159e+06,-2.885099e-03,1.286489e-03,-1.660555e-02,3.013016e-18,407,41731
0.000000e+00,-1.065911e-08,1.530142e-07,3.992552e-07,0.000000e+00,0.000000e+00,0.000000e+00,5.515507e+06,-2.714883e+07,-4.902387e+07,4.261934e-18,408,0
8.870455e-10,-3.302707e-04,1.487267e-03,2.500491e-03,-3.725626e+05,1.677525e+06,2.819960e+06,1.828079e-01,-7.804189e-01,-1.114022e+00,4.261934e-18,408,3903
8.865455e-09,-3.302897e-03,1.487197e-02,2.500032e-02,-3.725882e+05,1.677634e+06,2.820117e+06,1.644319e-03,-7.413068e-03,-1.171955e-02,4.261934e-18,408,39008
0.000000e+00,-1.297863e-08,1.746276e-07,5.402279e-07,0.000000e+00,0.000000e+00,0.000000e+00,9.371996e+05,-1.363864e+07,-3.483604e+07,3.287738e-18,409,0
1.093409e-09,-8.096946e-05,1.110020e-03,2.500268e-03,-7.413039e+04,1.015968e+06,2.287903e+06,5.924048e-02,-5.892871e-01,-1.070079e+00,3.287738e-18,409,4811
1.092705e-08,-8.100240e-04,1.110150e-02,2.500018e-02,-7.414061e+04,1.016069e+06,2.288089e+06,3.831219e-04,-5.051454e-03,-1.238310e-02,3.287738e-18,409,48079
0.000000e+00,-1.799839e-07,3.412616e-08,2.201279e-07,0.000000e+00,0.000000e+00,0.000000e+00,8.303689e+07,-1.648814e+07,-8.301252e+07,6.034936e-18,410,0
6.897727e-10,-2.542236e-03,5.057831e-04,2.500782e-03,-3.686079e+06,7.333585e+05,3.625812e+06,7.222825e-01,-1.468806e-01,-6.116492e-01,6.034936e-18,410,3035
6.895000e-09,-2.541560e-02,5.056522e-03,2.500011e-02,-3.686158e+06,7.333745e+05,3.625879e+06,7.032144e-03,-1.457369e-03,-6.260564e-03,6.034936e-18,410,30338
0.000000e+00,-1.594516e-07,-8.434899e-08,4.919659e-07,0.000000e+00,0.000000e+00,0.000000e+00,1.875208e+07,8.066761e+06,-4.269251e+07,3.523359e-18,411,0
9.563636e-10,-1.266949e-03,-5.483483e-04,2.500003e-03,-1.325658e+06,-5.737429e+05,2.615099e+06,7.490699e-01,3.255152e-01,-1.048914e+00,3.523359e-18,411,4208
9.560000e-09,-1.267323e-02,-5.484973e-03,2.500049e-02,-1.325771e+06,-5.737920e+05,2.615258e+06,6.369437e-03,2.817208e-03,-1.211582e-02,3.523359e-18,411,42064
0.000000e+00,2.293873e-07,-3.093573e-08,5.176518e-07,0.000000e+00,0.000000e+00,0.000000e+00,-2.672605e+07,3.528531e+06,-3.768113e+07,3.255482e-18,412,0
1.073182e-09,1.894270e-03,-2.818120e-04,2.500078e-03,1.766080e+06,-2.627547e+05,2.330387e+06,-7.516876e-01,1.190798e-01,-7.709191e-01,3.255482e-18,412,4722
1.072795e-08,1.894639e-02,-2.818810e-03,2.500048e-02,1.766207e+06,-2.627749e+05,2.330518e+06,-6.263233e-03,1.236534e-03,-8.657941e-03,3.255482e-18,412,47203
0.000000e+00,2.715620e-09,1.227795e-07,3.725421e-07,0.000000e+00,0.000000e+00,0.000000e+00,2.175634e+06,-2.835583e+07,-6.028329e+07,4.617997e-18,413,0
7.568182e-10,-8.750914e-05,1.223410e-03,2.500621e-03,-1.157100e+05,1.617271e+06,3.305216e+06,6.369352e-02,-7.919021e-01,-1.378836e+00,4.617997e-18,413,3330
7.563864e-09,-8.751950e-04,1.223278e-02,2.500031e-02,-1.157176e+05,1.617366e+06,3.305381e+06,5.899316e-04,-7.413143e-03,-1.428856e-02,4.617997e-18,413,33281
0.000000e+00,-9.400654e-08,-1.220997e-07,4.696541e-07,0.000000e+00,0.000000e+00,0.000000e+00,1.188750e+07,1.584843e+07,-4.274027e+07,3.738949e-18,414,0
9.715909e-10,-8.246660e-04,-1.047391e-03,2.500477e-03,-8.493783e+05,-1.078758e+06,2.574761e+06,4.750807e-01,6.051802e-01,-1.133877e+00,3.738949e-18,414,4275
9.709773e-09,-8.247215e-03,-1.047445e-02,2.500047e-02,-8.494511e+05,-1.078851e+06,2.574936e+06,3.822916e-03,5.068667e-03,-1.235429e-02,3.738949e-18,414,42723
0.000000e+00,-1.680206e-07,3.620273e-08,3.353855e-07,0.000000e+00,0.000000e+00,0.000000e+00,3.570253e+07,-8.493649e+06,-5.943954e+07,4.744643e-18,415,0
7.770455e-10,-1.481706e-03,3.599391e-04,2.500503e-03,-1.907548e+06,4.634027e+05,3.218922e+06,7.931972e-01,-2.058773e-01,-1.165748e+00,4.744643e-18,415,3419
7.766591e-09,-1.481516e-02,3.599060e-03,2.500013e-02,-1.907645e+06,4.634280e+05,3.219065e+06,7.631913e-03,-2.020951e-03,-1.216770e-02,4.744643e-18,415,34173
0.000000e+00,-1.504425e-07,6.150218e-08,4.009112e-07,0.000000e+00,0.000000e+00,0.000000e+00,3.039711e+07,-1.632754e+07,-5.303703e+07,4.205006e-18,416,0
8.554545e-10,-1.504649e-03,7.799453e-04,2.500171e-03,-1.759638e+06,9.121235e+05,2.923508e+06,7.175936e-01,-3.638069e-01,-1.035509e+00,4.205006e-18,416,3764
8.551364e-09,-1.504728e-02,7.799878e-03,2.500011e-02,-1.759735e+06,9.121726e+05,2.923648e+06,6.825087e-03,-3.432340e-03,-1.078581e-02,4.205006e-18,416,37626
0.000000e+00,-2.209082e-07,-7.658756e-08,2.976438e-07,0.000000e+00,0.000000e+00,0.000000e+00,5.227644e+07,1.960686e+07,-5.102812e+07,4.660548e-18,417,0
1.000227e-09,-2.701509e-03,-1.023561e-03,2.500386e-03,-2.701607e+06,-1.023621e+06,2.500212e+06,6.157456e-01,2.450854e-01,-4.496762e-01,4.660548e-18,417,4401
9.999318e-09,-2.701424e-02,-1.023551e-02,2.500055e-02,-2.701704e+06,-1.023660e+06,2.500284e+06,5.619746e-03,2.115543e-03,-4.848158e-03,4.660548e-18,417,43997
0.000000e+00,-5.769429e-08,-1.587671e-07,6.325052e-07,0.000000e+00,0.000000e+00,0.000000e+00,7.442649e+06,1.342206e+07,-3.380932e+07,2.827305e-18,418,0
1.030000e-09,-4.838270e-04,-1.061796e-03,2.500541e-03,-4.700554e+05,-1.031551e+06,2.428816e+06,2.639802e-01,5.435992e-01,-1.100554e+00,2.827305e-18,418,4532
1.029318e-08,-4.838365e-03,-1.061791e-02,2.500048e-02,-4.700983e+05,-1.031639e+06,2.428996e+06,2.318690e-03,4.584832e-03,-1.237258e-02,2.827305e-18,418,45290
0.000000e+00,-5.403683e-08,2.474833e-07,4.907137e-07,0.000000e+00,0.000000e+00,0.000000e+00,5.655141e+06,-2.811759e+07,-3.320711e+07,3.313508e-18,419,0
1.235682e-09,-5.100855e-04,2.360069e-03,2.500397e-03,-4.130308e+05,1.910965e+06,2.024075e+06,1.517486e-01,-6.641985e-01,-5.020807e-01,3.313508e-18,419,5437
1.235136e-08,-5.101477e-03,2.360294e-02,2.500027e-02,-4.130604e+05,1.911095e+06,2.024174e+06,1.091992e-03,-5.558561e-03,-6.149421e-03,3.313508e-18,419,54346
0.000000e+00,1.447384e-07,5.326228e-08,3.310482e-07,0.000000e+00,0.000000e+00,0.000000e+00,-6.373364e+07,-3.574132e+07,-6.304583e+07,4.923969e-18,420,0
8.620455e-10,2.566526e-03,1.431695e-03,2.500462e-03,2.977825e+06,1.661161e+06,2.900835e+06,-5.817561e-01,-3.248387e-01,-4.580358e-01,4.923969e-18,420,3793
8.618182e-09,2.566345e-02,1.431617e-02,2.500013e-02,2.977905e+06,1.661206e+06,2.900897e+06,-5.504769e-03,-3.052043e-03,-4.794769e-03,4.923969e-18,420,37920
0.000000e+00,-6.562742e-08,-2.468492e-07,5.453106e-07,0.000000e+00,0.000000e+00,0.000000e+00,7.129847e+06,2.614236e+07,-3.074147e+07,3.042029e-18,421,0
1.260682e-09,-6.699786e-04,-2.210706e-03,2.500283e-03,-5.317631e+05,-1.754509e+06,1.983876e+06,1.908777e-01,6.041798e-01,-5.204395e-01,3.042029e-18,421,5547
1.260159e-08,-6.701012e-03,-2.210956e-02,2.500022e-02,-5.318010e+05,-1.754628e+06,1.983981e+06,1.677340e-03,5.457726e-03,-6.375707e-03,3.042029e-18,421,55447
0.000000e+00,-2.246107e-08,6.460584e-08,2.672407e-07,0.000000e+00,0.000000e+00,0.000000e+00,1.237444e+07,-3.420918e+07,-1.222803e+08,6.324292e-18,422,0
4.697727e-10,-2.560356e-04,7.071710e-04,2.500211e-03,-5.451036e+05,1.505574e+06,5.322771e+06,1.974177e-01,-5.495041e-01,-1.770573e+00,6.324292e-18,422,2067
4.696818e-09,-2.560264e-03,7.071443e-03,2.500026e-02,-5.451182e+05,1.505615e+06,5.322902e+06,1.916308e-03,-5.437531e-03,-1.784192e-02,6.324292e-18,422,20666
0.000000e+00,-1.794116e-07,-5.397620e-08,2.248015e-07,0.000000e+00,0.000000e+00,0.000000e+00,7.964955e+07,2.422470e+07,-8.061110e+07,5.909048e-18,423,0
7.081818e-10,-2.514431e-03,-7.651896e-04,2.500140e-03,-3.551007e+06,-1.080641e+06,3.530655e+06,6.921877e-01,2.113466e-01,-5.877227e-01,5.909048e-18,423,3116
7.080909e-09,-2.514443e-02,-7.651947e-03,2.500039e-02,-3.551084e+06,-1.080665e+06,3.530721e+06,6.681005e-03,2.050866e-03,-6.033872e-03,5.909048e-18,423,31156
0.000000e+00,-1.172619e-07,-3.866685e-08,2.776215e-07,0.000000e+00,0.000000e+00,0.000000e+00,4.747481e+07,1.403784e+07,-9.412053e+07,5.779842e-18,424,0
5.845455e-10,-1.281408e-03,-3.726931e-04,2.500875e-03,-2.192593e+06,-6.376892e+05,4.278998e+06,7.681098e-01,2.111462e-01,-1.356669e+00,5.779842e-18,424,2572
5.842500e-09,-1.281027e-02,-3.725719e-03,2.500020e-02,-2.192664e+06,-6.377087e+05,4.279124e+06,7.555447e-03,2.168858e-03,-1.384153e-02,5.779842e-18,424,25707
0.000000e+00,-1.953091e-08,-1.929103e-07,3.497851e-07,0.000000e+00,0.000000e+00,0.000000e+00,6.499287e+06,4.050114e+07,-5.291627e+07,4.490583e-18,425,0
8.945455e-10,-3.511348e-04,-2.026914e-03,2.500107e-03,-3.927130e+05,-2.266709e+06,2.795559e+06,1.517719e-01,7.869085e-01,-8.145666e-01,4.490583e-18,425,3936
8.942727e-09,-3.511903e-03,-2.027054e-02,2.500004e-02,-3.927344e+05,-2.266820e+06,2.795674e+06,1.395521e-03,7.277086e-03,-8.559101e-03,4.490583e-18,425,39348
0.000000e+00,-6.170074e-08,2.634930e-07,3.290977e-07,0.000000e+00,0.000000e+00,0.000000e+00,1.624587e+07,-5.715179e+07,-3.801781e+07,4.165783e-18,426,0
1.328636e-09,-1.137966e-03,3.922082e-03,2.500075e-03,-8.567081e+05,2.952625e+06,1.881842e+06,1.290180e-01,-4.234446e-01,-1.885397e-01,4.165783e-18,426,5846
1.328477e-08,-1.138115e-02,3.922495e-02,2.500002e-02,-8.567350e+05,2.952714e+06,1.881882e+06,1.072882e-03,-3.645194e-03,-2.290037e-03,4.165783e-18,426,58453
0.000000e+00,1.867751e-07,2.256208e-07,3.869269e-07,0.000000e+00,0.000000e+00,0.000000e+00,-2.764623e+07,-3.020248e+07,-3.394708e+07,3.686589e-18,427,0
1.295909e-09,2.046667e-03,2.272913e-03,2.500399e-03,1.579977e+06,1.754594e+06,1.929820e+06,-4.060105e-01,-4.344191e-01,-3.157400e-01,3.686589e-18,427,5702
1.295455e-08,2.046784e-02,2.272994e-02,2.500009e-02,1.580059e+06,1.754682e+06,1.929885e+06,-3.342177e-03,-3.611097e-03,-4.101942e-03,3.686589e-18,427,57000
0.000000e+00,6.952590e-09,7.717555e-08,1.899540e-07,0.000000e+00,0.000000e+00,0.000000e+00,-9.385333e+06,-9.249098e+07,-2.085790e+08,8.272656e-18,428,0
2.950000e-10,1.127484e-04,1.110510e-03,2.500840e-03,3.822036e+05,3.764454e+06,8.477362e+06,-7.435923e-02,-7.013561e-01,-1.490546e+00,8.272656e-18,428,1298
2.949091e-09,1.127159e-03,1.110178e-02,2.500068e-02,3.822070e+05,3.764486e+06,8.477432e+06,-7.159906e-04,-6.965427e-03,-1.496054e-02,8.272656e-18,428,12976
0.000000e+00,-8.116050e-10,9.902579e-08,4.517194e-07,0.000000e+00,0.000000e+00,0.000000e+00,3.588940e+06,-1.462216e+07,-4.565251e+07,4.001832e-18,429,0
9.200000e-10,-1.814868e-04,9.082745e-04,2.500211e-03,-1.973892e+05,9.880180e+05,2.719035e+06,9.379159e-02,-6.550075e-01,-1.414571e+00,4.001832e-18,429,4048
9.194545e-09,-1.814886e-03,9.084326e-03,2.500040e-02,-1.974028e+05,9.881131e+05,2.719241e+06,6.776044e-04,-5.592067e-03,-1.502165e-02,4.001832e-18,429,40456
0.000000e+00,-2.553595e-07,7.159080e-08,5.220188e-07,0.000000e+00,0.000000e+00,0.000000e+00,2.711039e+07,-4.621552e+06,-3.680061e+07,3.111748e-18,430,0
1.176136e-09,-2.131650e-03,4.243224e-04,2.500075e-03,-1.813382e+06,3.609728e+05,2.126310e+06,6.813364e-01,-1.430874e-01,-6.085542e-01,3.111748e-18,430,5175
1.175750e-08,-2.132082e-02,4.244139e-03,2.500032e-02,-1.813509e+06,3.609992e+05,2.126424e+06,5.915287e-03,-1.235041e-03,-7.169766e-03,3.111748e-18,430,51733
0.000000e+00,1.681798e-07,1.156658e-07,5.128068e-07,0.000000e+00,0.000000e+00,0.000000e+00,-1.752609e+07,-1.289856e+07,-3.819667e+07,3.345330e-18,431,0
1.067955e-09,1.323756e-03,1.010705e-03,2.500132e-03,1.240291e+06,9.470334e+05,2.341927e+06,-5.689435e-01,-4.626382e-01,-8.290295e-01,3.345330e-18,431,4699
1.067500e-08,1.324005e-02,1.010952e-02,2.500024e-02,1.240387e+06,9.471113e+05,2.342068e+06,-4.936146e-03,-3.583099e-03,-9.715946e-03,3.345330e-18,431,46970
0.000000e+00,7.440697e-08,2.566909e-07,2.945267e-07,0.000000e+00,0.000000e+00,0.000000e+00,-1.424048e+07,-5.538370e+07,-3.993756e+07,4.421953e-18,432,0
1.267273e-09,9.568954e-04,3.712416e-03,2.500216e-03,7.552630e+05,2.930180e+06,1.973131e+06,-1.216276e-01,-4.747842e-01,-2.235394e-01,4.421953e-18,432,5576
1.267023e-08,9.569354e-03,3.712602e-02,2.500017e-02,7.552872e+05,2.930274e+06,1.973176e+06,-1.094231e-03,-4.007869e-03,-2.634820e-03,4.421953e-18,432,55749
0.000000e+00,1.514392e-07,-7.567111e-08,1.540386e-07,0.000000e+00,0.000000e+00,0.000000e+00,-1.344003e+08,6.807232e+07,-1.163986e+08,7.386583e-18,433,0
5.243182e-10,2.898017e-03,-1.468072e-03,2.500187e-03,5.527311e+06,-2.800018e+06,4.768458e+06,-5.249282e-01,2.668006e-01,-4.001808e-01,7.386583e-18,433,2307
5.242955e-09,2.897956e-02,-1.468042e-02,2.500093e-02,5.527354e+06,-2.800040e+06,4.768491e+06,-5.168555e-03,2.601527e-03,-4.055937e-03,7.386583e-18,433,23069
0.000000e+00,-2.153894e-08,3.117392e-08,1.487458e-07,0.000000e+00,0.000000e+00,0.000000e+00,6.120411e+07,-8.799827e+07,-3.949311e+08,1.086786e-17,434,0
1.581818e-10,-3.878395e-04,5.576227e-04,2.502210e-03,-2.451777e+06,3.525082e+06,1.581797e+07,2.782153e-01,-3.992681e-01,-1.728863e+00,1.086786e-17,434,696
1.580682e-09,-3.875501e-03,5.572064e-03,2.500332e-02,-2.451784e+06,3.525092e+06,1.581801e+07,2.762313e-03,-3.996425e-03,-1.732185e-02,1.086786e-17,434,6955
0.000000e+00,-1.575161e-07,2.402957e-07,3.507271e-07,0.000000e+00,0.000000e+00,0.000000e+00,2.599218e+07,-4.056120e+07,-3.342431e+07,3.919852e-18,435,0
1.406136e-09,-2.081470e-03,3.258202e-03,2.500341e-03,-1.480715e+06,2.317823e+06,1.778405e+06,2.519199e-01,-3.940545e-01,-2.138908e-01,3.919852e-18,435,6187
1.405750e-08,-2.081511e-02,3.258273e-02,2.500009e-02,-1.480770e+06,2.317910e+06,1.778453e+06,2.166143e-03,-3.351512e-03,-2.584718e-03,3.919852e-18,435,61853
0.000000e+00,-1.786721e-07,-1.839843e-07,4.999014e-07,0.000000e+00,0.000000e+00,0.000000e+00,2.043944e+07,1.658644e+07,-3.787551e+07,3.253294e-18,436,0
1.099773e-09,-1.498064e-03,-1.251727e-03,2.500036e-03,-1.362937e+06,-1.138802e+06,2.273929e+06,5.722883e-01,4.900234e-01,-6.777279e-01,3.253294e-18,436,4839
1.099432e-08,-1.498451e-02,-1.252036e-02,2.500050e-02,-1.363036e+06,-1.138887e+06,2.274047e+06,4.780553e-03,3.861440e-03,-8.117037e-03,3.253294e-18,436,48375
0.000000e+00,2.344311e-08,2.175484e-07,4.447335e-07,0.000000e+00,0.000000e+00,0.000000e+00,-4.362419e+06,-2.889127e+07,-3.908594e+07,3.689580e-18,437,0
1.084773e-09,2.615012e-04,1.931591e-03,2.500365e-03,2.412273e+05,1.781574e+06,2.305875e+06,-7.481399e-02,-6.779369e-01,-8.093915e-01,3.689580e-18,437,4773
1.084182e-08,2.615270e-03,1.931543e-02,2.500001e-02,2.412401e+05,1.781690e+06,2.306014e+06,-5.603847e-04,-5.689402e-03,-8.885033e-03,3.689580e-18,437,47704
0.000000e+00,1.547354e-07,-1.655420e-07,3.261636e-07,0.000000e+00,0.000000e+00,0.000000e+00,-3.278754e+07,3.412106e+07,-5.100300e+07,4.493615e-18,438,0
9.584091e-10,1.726685e-03,-1.777663e-03,2.500071e-03,1.802214e+06,-1.855410e+06,2.609112e+06,-5.212343e-01,5.345390e-01,-6.055351e-01,4.493615e-18,438,4217
9.581818e-09,1.726847e-02,-1.777820e-02,2.500016e-02,1.802293e+06,-1.855491e+06,2.609204e+06,-4.749660e-03,4.782748e-03,-6.485713e-03,4.493615e-18,438,42160
0.000000e+00,-1.752186e-07,6.644583e-08,5.425767e-07,0.000000e+00,0.000000e+00,0.000000e+00,1.818540e+07,-9.824652e+06,-3.978138e+07,3.225311e-18,439,0
1.024091e-09,-1.355216e-03,4.567088e-04,2.500012e-03,-1.324228e+06,4.461165e+05,2.442198e+06,7.313030e-01,-1.342015e-01,-9.988937e-01,3.225311e-18,439,4506
1.023682e-08,-1.355587e-02,4.566823e-03,2.500055e-02,-1.324346e+06,4.461381e+05,2.442360e+06,5.895990e-03,-1.681196e-03,-1.123279e-02,3.225311e-18,439,45042
0.000000e+00,1.960404e-07,6.788111e-08,5.879633e-07,0.000000e+00,0.000000e+00,0.000000e+00,-1.786999e+07,-4.524569e+06,-3.467060e+07,2.963195e-18,440,0
1.066136e-09,1.344306e-03,3.275894e-04,2.500519e-03,1.261778e+06,3.074290e+05,2.346395e+06,-6.749392e-01,-1.396197e-01,-9.584378e-01,2.963195e-18,440,4691
1.065477e-08,1.344394e-02,3.275601e-03,2.500053e-02,1.261892e+06,3.074524e+05,2.346557e+06,-5.568541e-03,-1.113305e-03,-1.118628e-02,2.963195e-18,440,46881
0.000000e+00,6.522241e-08,1.824284e-07,5.273855e-07,0.000000e+00,0.000000e+00,0.000000e+00,-1.098761e+07,-1.756564e+07,-3.315167e+07,3.308236e-18,441,0
1.169318e-09,9.064629e-04,1.564803e-03,2.500023e-03,7.757044e+05,1.339125e+06,2.138803e+06,-3.238554e-01,-6.155060e-01,-6.841199e-01,3.308236e-18,441,5145
1.168886e-08,9.067041e-03,1.565278e-02,2.500036e-02,7.757641e+05,1.339239e+06,2.138931e+06,-3.314397e-03,-5.059798e-03,-8.651050e-03,3.308236e-18,441,51431
0.000000e+00,1.085255e-08,2.210782e-07,4.151023e-07,0.000000e+00,0.000000e+00,0.000000e+00,-1.484988e+06,-3.348572e+07,-3.913008e+07,3.863224e-18,442,0
1.113409e-09,9.093802e-05,2.345868e-03,2.500474e-03,8.171385e+04,2.107950e+06,2.246462e+06,-2.954702e-02,-7.272583e-01,-6.132801e-01,3.863224e-18,442,4899
1.112864e-08,9.093638e-04,2.345852e-02,2.500019e-02,8.171903e+04,2.108077e+06,2.246570e+06,-3.226915e-04,-6.244252e-03,-6.787591e-03,3.863224e-18,442,48966
0.000000e+00,1.037781e-07,-2.243254e-08,1.831901e-07,0.000000e+00,0.000000e+00,0.000000e+00,-1.136468e+08,2.456575e+07,-1.803094e+08,8.016905e-18,443,0
3.402273e-10,1.579130e-03,-3.412684e-04,2.500580e-03,4.641450e+06,-1.003071e+06,7.349719e+06,-7.748619e-01,1.674726e-01,-1.142882e+00,8.016905e-18,443,1497
3.401591e-09,1.578840e-02,-3.412056e-03,2.500090e-02,4.641492e+06,-1.003080e+06,7.349780e+06,-7.714739e-03,1.684981e-03,-1.146050e-02,8.016905e-18,443,14967
0.000000e+00,-8.879271e-08,5.483711e-08,1.924742e-07,0.000000e+00,0.000000e+00,0.000000e+00,8.870283e+07,-5.544193e+07,-1.730756e+08,7.771709e-18,444,0
3.531818e-10,-1.284877e-03,8.030514e-04,2.500813e-03,-3.638073e+06,2.273807e+06,7.080841e+06,6.689635e-01,-4.183085e-01,-1.206342e+00,7.771709e-18,444,1554
3.530682e-09,-1.284495e-02,8.028135e-03,2.500036e-02,-3.638110e+06,2.273831e+06,7.080909e+06,6.683623e-03,-4.202396e-03,-1.211973e-02,7.771709e-18,444,15535
0.000000e+00,1.344792e-07,1.942976e-08,6.480705e-07,0.000000e+00,0.000000e+00,0.000000e+00,-1.021878e+07,-1.656360e+06,-3.670681e+07,2.805462e-18,445,0
9.418182e-10,6.675763e-04,1.882729e-04,2.500228e-03,7.092355e+05,2.001362e+05,2.656101e+06,-4.249656e-01,-1.466317e-01,-1.470200e+00,2.805462e-18,445,4144
9.412273e-09,6.675566e-03,1.883670e-03,2.500015e-02,7.092987e+05,2.001580e+05,2.656321e+06,-4.039380e-03,-6.825319e-04,-1.582037e-02,2.805462e-18,445,41414
0.000000e+00,7.334333e-08,-5.000346e-09,4.094245e-07,0.000000e+00,0.000000e+00,0.000000e+00,-1.432555e+07,-4.020534e+05,-5.719922e+07,4.409219e-18,446,0
7.863636e-10,6.527316e-04,1.102065e-04,2.500453e-03,8.305965e+05,1.403004e+05,3.181267e+06,-5.525177e-01,-1.148763e-01,-1.746241e+00,4.409219e-18,446,3460
7.858636e-09,6.527338e-03,1.102532e-03,2.500051e-02,8.306651e+05,1.403147e+05,3.181485e+06,-5.298829e-03,-1.170231e-03,-1.802366e-02,4.409219e-18,446,34578
0.000000e+00,-6.886137e-08,8.576220e-08,6.367871e-07,0.000000e+00,0.000000e+00,0.000000e+00,6.344010e+06,-2.020229e+06,-3.397860e+07,2.889671e-18,447,0
1.057500e-09,-5.366296e-04,3.195803e-04,2.500483e-03,-5.078857e+05,3.024639e+05,2.365852e+06,3.342199e-01,-2.100219e-01,-1.254920e+00,2.889671e-18,447,4653
1.056705e-08,-5.366831e-03,3.196150e-03,2.500031e-02,-5.079414e+05,3.024989e+05,2.366063e+06,3.038618e-03,-1.750557e-03,-1.476732e-02,2.889671e-18,447,46495
0.000000e+00,7.161045e-08,2.564719e-07,5.161828e-07,0.000000e+00,0.000000e+00,0.000000e+00,-9.364802e+06,-2.704466e+07,-3.111012e+07,3.148878e-18,448,0
1.269545e-09,8.626923e-04,2.304673e-03,2.500125e-03,6.799416e+05,1.816261e+06,1.969883e+06,-2.478994e-01,-5.810323e-01,-4.918281e-01,3.148878e-18,448,5586
1.269114e-08,8.629177e-03,2.305037e-02,2.500026e-02,6.799912e+05,1.816377e+06,1.969982e+06,-2.158570e-03,-5.143408e-03,-5.922152e-03,3.148878e-18,448,55841
0.000000e+00,2.065824e-07,1.777357e-08,2.280321e-07,0.000000e+00,0.000000e+00,0.000000e+00,-8.058842e+07,-8.634181e+06,-6.788980e+07,5.625549e-18,449,0
8.286364e-10,3.050180e-03,3.264738e-04,2.500509e-03,3.681507e+06,3.940537e+05,3.017873e+06,-6.443963e-01,-6.984828e-02,-4.285373e-01,5.625549e-18,449,3646
8.284091e-09,3.049801e-02,3.264380e-03,2.500047e-02,3.681591e+06,3.940628e+05,3.017929e+06,-6.097272e-03,-6.541667e-04,-4.490316e-03,5.625549e-18,449,36450
0.000000e+00,-1.448837e-07,3.352652e-08,5.701836e-07,0.000000e+00,0.000000e+00,0.000000e+00,1.552388e+07,-7.314888e+06,-3.813289e+07,3.168258e-18,450,0
9.934091e-10,-1.084240e-03,4.120014e-04,2.500029e-03,-1.092202e+06,4.149354e+05,2.517822e+06,6.271554e-01,-1.533068e-01,-1.201496e+00,3.168258e-18,450,4371
9.929318e-09,-1.084478e-02,4.120004e-03,2.500045e-02,-1.092300e+06,4.149593e+05,2.518011e+06,5.183030e-03,-1.159092e-03,-1.303886e-02,3.168258e-18,450,43689
0.000000e+00,1.398212e-08,-7.556969e-08,1.957672e-07,0.000000e+00,0.000000e+00,0.000000e+00,-1.437214e+07,8.529428e+07,-1.998105e+08,8.091651e-18,451,0
3.072727e-10,1.801216e-04,-1.069995e-03,2.501847e-03,5.861951e+05,-3.482272e+06,8.142089e+06,-1.117203e-01,6.950856e-01,-1.516137e+00,8.091651e-18,451,1352
3.070455e-09,1.799898e-03,-1.069222e-02,2.500009e-02,5.862006e+05,-3.482306e+06,8.142163e+06,-1.085600e-03,6.905479e-03,-1.523437e-02,8.091651e-18,451,13510
0.000000e+00,1.648057e-08,-2.268325e-07,2.343553e-07,0.000000e+00,0.000000e+00,0.000000e+00,-6.281094e+05,7.631586e+07,-5.574392e+07,5.327948e-18,452,0
9.854545e-10,3.003194e-05,-3.555199e-03,2.500503e-03,3.046006e+04,-3.608281e+06,2.537635e+06,-1.357692e-04,5.609576e-01,-3.058945e-01,5.327948e-18,452,4336
9.851818e-09,3.001021e-04,-3.554817e-02,2.500045e-02,3.046010e+04,-3.608368e+06,2.537683e+06,-3.778888e-05,5.048606e-03,-3.276168e-03,5.327948e-18,452,43348
0.000000e+00,1.429809e-07,1.647063e-07,5.755943e-07,0.000000e+00,0.000000e+00,0.000000e+00,-1.515150e+07,-1.598067e+07,-3.403703e+07,2.995241e-18,453,0
1.142273e-09,1.249292e-03,1.372164e-03,2.500134e-03,1.094383e+06,1.202040e+06,2.189476e+06,-4.866828e-01,-5.412352e-01,-7.042024e-01,2.995241e-18,453,5026
1.141818e-08,1.249582e-02,1.372505e-02,2.500007e-02,1.094471e+06,1.202138e+06,2.189603e+06,-4.289282e-03,-4.418216e-03,-8.403964e-03,2.995241e-18,453,50240
0.000000e+00,8.540073e-08,-9.794132e-08,5.829854e-07,0.000000e+00,0.000000e+00,0.000000e+00,-9.361686e+06,9.378906e+06,-4.054264e+07,3.141953e-18,454,0
9.372727e-10,6.460550e-04,-6.239389e-04,2.500447e-03,6.897573e+05,-6.661434e+05,2.669044e+06,-4.059750e-01,4.161450e-01,-1.346252e+00,3.141953e-18,454,4124
9.366591e-09,6.460658e-03,-6.239503e-03,2.500006e-02,6.898174e+05,-6.662049e+05,2.669243e+06,-3.689224e-03,3.515982e-03,-1.468448e-02,3.141953e-18,454,41213
0.000000e+00,1.243734e-07,9.538797e-08,2.343883e-07,0.000000e+00,0.000000e+00,0.000000e+00,-6.282383e+07,-4.944435e+07,-9.545119e+07,6.145608e-18,455,0
6.045455e-10,1.669475e-03,1.314900e-03,2.500210e-03,2.761882e+06,2.175302e+06,4.136017e+06,-6.334651e-01,-5.019113e-01,-8.274825e-01,6.145608e-18,455,2660
6.044545e-09,1.669439e-02,1.314876e-02,2.500050e-02,2.761943e+06,2.175350e+06,4.136096e+06,-6.161554e-03,-4.936172e-03,-8.399849e-03,6.145608e-18,455,26596
0.000000e+00,1.524025e-07,-3.692033e-08,1.788538e-07,0.000000e+00,0.000000e+00,0.000000e+00,-1.210567e+08,3.037117e+07,-1.218489e+08,7.157445e-18,456,0
4.968182e-10,2.495740e-03,-6.267212e-04,2.500823e-03,5.023623e+06,-1.261520e+06,5.033751e+06,-6.905912e-01,1.774332e-01,-6.196025e-01,7.157445e-18,456,2186
4.966591e-09,2.495039e-02,-6.265478e-03,2.500073e-02,5.023678e+06,-1.261533e+06,5.033800e+06,-6.801725e-03,1.700407e-03,-6.267848e-03,7.157445e-18,456,21853
0.000000e+00,8.867648e-08,-1.073914e-08,2.885891e-07,0.000000e+00,0.000000e+00,0.000000e+00,-3.919725e+07,8.605575e+06,-9.779125e+07,5.844597e-18,457,0
5.604545e-10,1.021828e-03,-2.260960e-04,2.500524e-03,1.823633e+06,-4.035332e+05,4.462351e+06,-7.120419e-01,1.706748e-01,-1.561717e+00,5.844597e-18,457,2466
5.602500e-09,1.021693e-02,-2.260792e-03,2.500048e-02,1.823696e+06,-4.035484e+05,4.462490e+06,-7.026146e-03,1.669187e-03,-1.586268e-02,5.844597e-18,457,24651
0.000000e+00,2.344138e-07,-9.501446e-08,5.141877e-07,0.000000e+00,0.000000e+00,0.000000e+00,-3.460655e+07,1.533553e+07,-3.512139e+07,3.214332e-18,458,0
1.219545e-09,2.546678e-03,-1.092366e-03,2.500207e-03,2.089127e+06,-8.960880e+05,2.050601e+06,-6.053274e-01,2.480012e-01,-4.809620e-01,3.214332e-18,458,5366
1.219159e-08,2.546973e-02,-1.092472e-02,2.500034e-02,2.089243e+06,-8.961356e+05,2.050694e+06,-5.264866e-03,2.125076e-03,-5.472714e-03,3.214332e-18,458,53643
0.000000e+00,-4.136081e-08,-1.441645e-07,6.386515e-07,0.000000e+00,0.000000e+00,0.000000e+00,2.394440e+06,1.008132e+07,-3.560414e+07,2.827919e-18,459,0
1.007955e-09,-1.769881e-04,-8.145500e-04,2.500253e-03,-1.757354e+05,-8.087320e+05,2.481757e+06,1.270443e-01,5.102039e-01,-1.247269e+00,2.827919e-18,459,4435
1.007364e-08,-1.770301e-03,-8.146866e-03,2.500056e-02,-1.757556e+05,-8.088130e+05,2.481956e+06,5.855051e-04,4.288500e-03,-1.414526e-02,2.827919e-18,459,44324
0.000000e+00,-1.096761e-07,1.118294e-07,4.973900e-07,0.000000e+00,0.000000e+00,0.000000e+00,1.091966e+07,-1.373079e+07,-4.197501e+07,3.555887e-18,460,0
9.602273e-10,-8.201697e-04,9.203553e-04,2.500140e-03,-8.547543e+05,9.591673e+05,2.604972e+06,5.031022e-01,-5.715982e-01,-1.257554e+00,3.555887e-18,460,4225
9.597045e-09,-8.203072e-03,9.205129e-03,2.500018e-02,-8.548305e+05,9.592540e+05,2.605164e+06,4.283715e-03,-5.100919e-03,-1.331507e-02,3.555887e-18,460,42227
0.000000e+00,9.466571e-08,-1.877525e-07,3.558483e-07,0.000000e+00,0.000000e+00,0.000000e+00,-1.737213e+07,3.555291e+07,-4.907600e+07,4.362105e-18,461,0
9.686364e-10,9.655679e-04,-1.991978e-03,2.500131e-03,9.973043e+05,-2.057243e+06,2.581740e+06,-4.054207e-01,6.506582e-01,-7.069657e-01,4.362105e-18,461,4262
9.683409e-09,9.657295e-03,-1.992110e-02,2.500019e-02,9.973663e+05,-2.057343e+06,2.581848e+06,-3.748257e-03,5.996021e-03,-7.605779e-03,4.362105e-18,461,42607
0.000000e+00,2.508079e-07,-4.949560e-08,3.404943e-07,0.000000e+00,0.000000e+00,0.000000e+00,-4.820915e+07,8.924669e+06,-4.491989e+07,4.193061e-18,462,0
1.095909e-09,2.883883e-03,-5.446916e-04,2.500424e-03,2.632316e+06,-4.971781e+05,2.281995e+06,-6.293895e-01,1.185919e-01,-4.167722e-01,4.193061e-18,462,4822
1.095545e-08,2.883821e-02,-5.446809e-03,2.500045e-02,2.632425e+06,-4.971985e+05,2.282067e+06,-5.476092e-03,1.007686e-03,-4.627592e-03,4.193061e-18,462,48204
0.000000e+00,-1.637533e-07,-1.643068e-07,3.989394e-07,0.000000e+00,0.000000e+00,0.000000e+00,1.734034e+07,3.114298e+07,-3.683873e+07,3.947436e-18,463,0
1.217727e-09,-1.325760e-03,-2.273155e-03,2.500017e-03,-1.089173e+06,-1.867586e+06,2.053560e+06,3.186394e-01,5.501277e-01,-4.592582e-01,3.947436e-18,463,5358
1.217409e-08,-1.325969e-02,-2.273607e-02,2.500037e-02,-1.089234e+06,-1.867692e+06,2.053649e+06,2.564044e-03,4.654467e-03,-5.475715e-03,3.947436e-18,463,53566
0.000000e+00,1.701492e-07,1.365898e-07,4.567969e-07,0.000000e+00,0.000000e+00,0.000000e+00,-2.283284e+07,-2.178673e+07,-3.834262e+07,3.616278e-18,464,0
1.134091e-09,1.649656e-03,1.617635e-03,2.500193e-03,1.455332e+06,1.427120e+06,2.205181e+06,-5.125735e-01,-5.068563e-01,-5.687288e-01,3.616278e-18,464,4990
1.133705e-08,1.649912e-02,1.617924e-02,2.500041e-02,1.455424e+06,1.427211e+06,2.205283e+06,-4.242280e-03,-4.064613e-03,-6.550219e-03,3.616278e-18,464,49883
0.000000e+00,-8.109433e-09,1.530788e-07,2.867391e-07,0.000000e+00,0.000000e+00,0.000000e+00,-1.445071e+06,-4.678596e+07,-7.480218e+07,5.422325e-18,465,0
6.947727e-10,4.123117e-05,1.630196e-03,2.500518e-03,5.936763e+04,2.347050e+06,3.599813e+06,-1.408691e-02,-8.645140e-01,-1.144632e+00,5.422325e-18,465,3057
6.945000e-09,4.123004e-04,1.630028e-02,2.500082e-02,5.936918e+04,2.347145e+06,3.599939e+06,-1.048048e-04,-8.369822e-03,-1.162510e-02,5.422325e-18,465,30558
0.000000e+00,-7.331713e-08,7.441516e-08,1.362794e-07,0.000000e+00,0.000000e+00,0.000000e+00,1.463925e+08,-1.503778e+08,-2.542983e+08,9.730621e-18,466,0
2.450000e-10,-1.441026e-03,1.480269e-03,2.502178e-03,-5.881605e+06,6.041783e+06,1.021269e+07,5.226577e-01,-5.380825e-01,-8.594238e-01,9.730621e-18,466,1078
2.447955e-09,-1.439797e-02,1.479008e-02,2.500032e-02,-5.881625e+06,6.041804e+06,1.021272e+07,5.205779e-03,-5.364165e-03,-8.624743e-03,9.730621e-18,466,10771
0.000000e+00,-2.123219e-07,1.100647e-08,2.546929e-07,0.000000e+00,0.000000e+00,0.000000e+00,6.706961e+07,-1.238479e+06,-6.382552e+07,5.273634e-18,467,0
8.465909e-10,-2.713155e-03,4.876842e-05,2.500565e-03,-3.205444e+06,5.760184e+04,2.954076e+06,7.067016e-01,-1.021709e-02,-5.458406e-01,5.273634e-18,467,3725
8.462955e-09,-2.712758e-02,4.874936e-04,2.500034e-02,-3.205539e+06,5.760321e+04,2.954149e+06,6.717790e-03,-1.016699e-04,-5.724128e-03,5.273634e-18,467,37237
0.000000e+00,1.668169e-07,-2.758030e-08,5.079179e-07,0.000000e+00,0.000000e+00,0.000000e+00,-1.839008e+07,3.150987e+05,-4.181065e+07,3.481596e-18,468,0
9.777273e-10,1.246155e-03,-3.531672e-05,2.500106e-03,1.275338e+06,-3.609191e+04,2.558152e+06,-6.617381e-01,-8.101341e-03,-1.106563e+00,3.481596e-18,468,4302
9.772727e-09,1.246350e-02,-3.527360e-04,2.500029e-02,1.275440e+06,-3.609067e+04,2.558323e+06,-6.066849e-03,4.855685e-04,-1.238952e-02,3.481596e-18,468,43000
0.000000e+00,-1.203554e-07,1.080371e-07,2.987297e-07,0.000000e+00,0.000000e+00,0.000000e+00,3.612021e+07,-3.204923e+07,-7.536680e+07,5.209161e-18,469,0
6.984091e-10,-1.239000e-03,1.098919e-03,2.500221e-03,-1.774497e+06,1.573874e+06,3.580584e+06,6.180991e-01,-5.519052e-01,-1.100331e+00,5.209161e-18,469,3073
6.982273e-09,-1.239005e-02,1.098924e-02,2.500075e-02,-1.774565e+06,1.573935e+06,3.580705e+06,5.991262e-03,-5.256897e-03,-1.132005e-02,5.209161e-18,469,30722
0.000000e+00,1.355511e-08,-1.599238e-07,2.865674e-07,0.000000e+00,0.000000e+00,0.000000e+00,-2.753105e+06,4.963015e+07,-7.758020e+07,5.384878e-18,470,0
6.811364e-10,8.928679e-05,-1.646019e-03,2.500749e-03,1.311067e+05,-2.417179e+06,3.672155e+06,-4.160860e-02,8.288838e-01,-1.134864e+00,5.384878e-18,470,2997
6.808182e-09,8.926064e-04,-1.645664e-02,2.500083e-02,1.311112e+05,-2.417269e+06,3.672277e+06,-4.248749e-04,8.060356e-03,-1.160934e-02,5.384878e-18,470,29956
0.000000e+00,1.372487e-07,-7.402292e-08,5.364474e-07,0.000000e+00,0.000000e+00,0.000000e+00,-1.598280e+07,6.705342e+06,-4.094105e+07,3.347779e-18,471,0
9.765909e-10,1.063562e-03,-4.191750e-04,2.500557e-03,1.089781e+06,-4.295324e+05,2.561624e+06,-6.127741e-01,2.770084e-01,-1.152307e+00,3.347779e-18,471,4297
9.759545e-09,1.063574e-02,-4.192049e-03,2.500048e-02,1.089875e+06,-4.295750e+05,2.561803e+06,-5.060083e-03,2.386089e-03,-1.319496e-02,3.347779e-18,471,42942
0.000000e+00,3.442375e-09,-2.151141e-07,3.697842e-07,0.000000e+00,0.000000e+00,0.000000e+00,3.822761e+06,3.895479e+07,-4.860213e+07,4.217089e-18,472,0
9.629545e-10,-1.748610e-04,-2.169962e-03,2.500265e-03,-1.816695e+05,-2.254332e+06,2.597117e+06,5.903268e-02,7.645470e-01,-7.137424e-01,4.217089e-18,472,4237
9.626136e-09,-1.748761e-03,-2.170049e-02,2.500034e-02,-1.816785e+05,-2.254448e+06,2.597226e+06,6.126107e-04,6.987130e-03,-7.708166e-03,4.217089e-18,472,42355
0.000000e+00,8.920479e-08,-1.018356e-07,5.001539e-07,0.000000e+00,0.000000e+00,0.000000e+00,-1.111057e+07,1.136716e+07,-3.944081e+07,3.619171e-18,473,0
1.055455e-09,9.020575e-04,-8.587304e-04,2.500481e-03,8.552858e+05,-8.141680e+05,2.370188e+06,-4.514368e-01,4.196944e-01,-1.000393e+00,3.619171e-18,473,4644
1.054773e-08,9.021254e-03,-8.587584e-03,2.500026e-02,8.553609e+05,-8.142378e+05,2.370356e+06,-4.028652e-03,3.812553e-03,-1.169996e-02,3.619171e-18,473,46410
0.000000e+00,-8.027525e-10,8.627032e-08,2.234434e-07,0.000000e+00,0.000000e+00,0.000000e+00,-4.432837e+05,-6.746548e+07,-1.558054e+08,7.175648e-18,474,0
3.861364e-10,7.355204e-06,1.087397e-03,2.500804e-03,1.905525e+04,2.816249e+06,6.476701e+06,-1.015238e-02,-7.118587e-01,-1.518696e+00,7.175648e-18,474,1699
3.860000e-09,7.355232e-05,1.087079e-02,2.500025e-02,1.905587e+04,2.816292e+06,6.476794e+06,-3.132523e-05,-7.123918e-03,-1.528183e-02,7.175648e-18,474,16984
0.000000e+00,-2.432386e-07,7.842175e-08,2.492830e-07,0.000000e+00,0.000000e+00,0.000000e+00,7.125801e+07,-2.279193e+07,-4.656207e+07,4.884991e-18,475,0
1.172045e-09,-4.001797e-03,1.282283e-03,2.500110e-03,-3.414922e+06,1.094235e+06,2.133248e+06,4.227675e-01,-1.369931e-01,-1.862632e-01,4.884991e-18,475,5157
1.171932e-08,-4.002059e-02,1.282370e-02,2.500036e-02,-3.415000e+06,1.094260e+06,2.133283e+06,3.598171e-03,-1.121742e-03,-2.155657e-03,4.884991e-18,475,51565
0.000000e+00,-1.890898e-07,1.639952e-08,3.787951e-07,0.000000e+00,0.000000e+00,0.000000e+00,3.416140e+07,-2.369622e+06,-5.118576e+07,4.260930e-18,476,0
8.956818e-10,-1.802580e-03,1.172410e-04,2.500293e-03,-2.013448e+06,1.309909e+05,2.792357e+06,8.553320e-01,-9.852024e-02,-9.479527e-01,4.260930e-18,476,3941
8.953182e-09,-1.802674e-02,1.172793e-03,2.500061e-02,-2.013569e+06,1.310048e+05,2.792492e+06,7.910634e-03,-9.990120e-04,-9.990106e-03,4.260930e-18,476,39394
0.000000e+00,3.254119e-09,-7.405073e-08,5.180505e-07,0.000000e+00,0.000000e+00,0.000000e+00,-6.367571e+05,1.250223e+07,-4.129369e+07,3.592537e-18,477,0
9.654545e-10,-1.634723e-05,-7.948782e-04,2.500569e-03,-1.700836e+04,-8.240065e+05,2.591413e+06,4.773703e-02,5.636193e-01,-1.352164e+00,3.592537e-18,477,4248
9.647273e-09,-1.640630e-04,-7.949369e-03,2.500022e-02,-1.701565e+04,-8.240922e+05,2.591619e+06,4.912789e-04,4.362968e-03,-1.497501e-02,3.592537e-18,477,42448
0.000000e+00,3.020407e-08,2.520999e-07,3.374506e-07,0.000000e+00,0.000000e+00,0.000000e+00,-5.591232e+06,-4.602386e+07,-4.374314e+07,4.212828e-18,478,0
1.094773e-09,3.424516e-04,2.805106e-03,2.500437e-03,3.129093e+05,2.563126e+06,2.284432e+06,-7.839881e-02,-6.517104e-01,-4.496276e-01,4.212828e-18,478,4817
1.094364e-08,3.424363e-03,2.804990e-02,2.500013e-02,3.129229e+05,2.563238e+06,2.284510e+06,-6.981659e-04,-5.769010e-03,-5.027449e-03,4.212828e-18,478,48152
0.000000e+00,-1.128428e-07,1.586706e-07,3.904710e-07,0.000000e+00,0.000000e+00,0.000000e+00,1.830228e+07,-2.527556e+07,-4.724336e+07,4.146070e-18,479,0
9.425000e-10,-1.061631e-03,1.459095e-03,2.500052e-03,-1.126937e+06,1.548860e+06,2.653518e+06,4.618101e-01,-6.429899e-01,-9.584652e-01,4.146070e-18,479,4147
9.421591e-09,-1.061751e-02,1.459269e-02,2.500048e-02,-1.127006e+06,1.548955e+06,2.653661e+06,4.326001e-03,-5.773415e-03,-1.018904e-02,4.146070e-18,479,41455
0.000000e+00,1.231433e-07,-1.378693e-07,1.740449e-07,0.000000e+00,0.000000e+00,0.000000e+00,-8.370886e+07,8.875259e+07,-9.301950e+07,6.713291e-18,480,0
6.436364e-10,2.270734e-03,-2.404223e-03,2.500509e-03,3.528168e+06,-3.735555e+06,3.885058e+06,-4.116368e-01,4.238344e-01,-3.826935e-01,6.713291e-18,480,2832
6.435000e-09,2.270384e-02,-2.403839e-02,2.500048e-02,3.528210e+06,-3.735598e+06,3.885097e+06,-3.999942e-03,4.166789e-03,-3.919433e-03,6.713291e-18,480,28314
0.000000e+00,7.011664e-08,2.403667e-07,4.153278e-07,0.000000e+00,0.000000e+00,0.000000e+00,-9.332749e+06,-3.430983e+07,-3.754748e+07,3.729328e-18,481,0
1.188864e-09,8.182599e-04,2.711396e-03,2.500223e-03,6.885558e+05,2.281614e+06,2.103481e+06,-1.798924e-01,-6.232597e-01,-4.204578e-01,3.729328e-18,481,5231
1.188500e-08,8.183446e-03,2.711688e-02,2.500004e-02,6.885895e+05,2.281731e+06,2.103561e+06,-1.671968e-03,-5.294213e-03,-4.892371e-03,3.729328e-18,481,52294
0.000000e+00,9.263505e-08,2.300744e-07,2.591384e-07,0.000000e+00,0.000000e+00,0.000000e+00,-2.383791e+07,-6.174302e+07,-4.865878e+07,4.860333e-18,482,0
1.088409e-09,1.288330e-03,3.335766e-03,2.500257e-03,1.183922e+06,3.065448e+06,2.297417e+06,-1.956922e-01,-5.132388e-01,-2.892719e-01,4.860333e-18,482,4789
1.088182e-08,1.288324e-02,3.335767e-02,2.500021e-02,1.183956e+06,3.065536e+06,2.297467e+06,-1.716284e-03,-4.493897e-03,-3.155966e-03,4.860333e-18,482,47880
0.000000e+00,-1.587234e-07,-1.820147e-07,2.793256e-07,0.000000e+00,0.000000e+00,0.000000e+00,4.101053e+07,4.481945e+07,-4.915418e+07,4.750176e-18,483,0
1.056136e-09,-2.209559e-03,-2.399332e-03,2.500195e-03,-2.092625e+06,-2.272331e+06,2.367614e+06,4.107308e-01,4.368803e-01,-3.523244e-01,4.750176e-18,483,4647
1.055932e-08,-2.209669e-02,-2.399428e-02,2.500053e-02,-2.092693e+06,-2.272403e+06,2.367673e+06,3.601330e-03,3.859112e-03,-3.809028e-03,4.750176e-18,483,46461
0.000000e+00,6.428518e-08,-1.025237e-07,5.449004e-07,0.000000e+00,0.000000e+00,0.000000e+00,-7.775486e+06,3.955626e+06,-4.618230e+07,3.378423e-18,484,0
8.368182e-10,4.376914e-04,-2.482161e-04,2.500286e-03,5.233889e+05,-2.967262e+05,2.989463e+06,-3.421282e-01,1.673398e-01,-1.826935e+00,3.378423e-18,484,3682
8.362727e-09,4.376950e-03,-2.481488e-03,2.500022e-02,5.234341e+05,-2.967483e+05,2.989705e+06,-3.153467e-03,1.526081e-03,-1.902525e-02,3.378423e-18,484,36796
0.000000e+00,-9.683763e-08,2.632694e-08,5.513943e-07,0.000000e+00,0.000000e+00,0.000000e+00,5.336063e+06,-2.226513e+06,-3.903984e+07,3.337154e-18,485,0
1.003864e-09,-5.351954e-04,1.455204e-04,2.500380e-03,-5.336353e+05,1.450454e+05,2.492169e+06,3.995521e-01,-6.865004e-02,-1.344518e+00,3.337154e-18,485,4417
1.003136e-08,-5.353061e-03,1.454999e-03,2.500003e-02,-5.336986e+05,1.450562e+05,2.492383e+06,3.016929e-03,-3.845460e-04,-1.546332e-02,3.337154e-18,485,44138
0.000000e+00,4.165047e-08,1.210416e-07,5.511250e-07,0.000000e+00,0.000000e+00,0.000000e+00,-4.745079e+06,-8.885706e+06,-3.726891e+07,3.305217e-18,486,0
1.057045e-09,4.365691e-04,6.778821e-04,2.500098e-03,4.133831e+05,6.417835e+05,2.366465e+06,-2.637476e-01,-3.918119e-01,-1.186368e+00,3.305217e-18,486,4651
1.056432e-08,4.367061e-03,6.780007e-03,2.500028e-02,4.134271e+05,6.418487e+05,2.366664e+06,-2.284389e-03,-3.348021e-03,-1.398834e-02,3.305217e-18,486,46483
0.000000e+00,-1.649499e-08,2.010343e-07,5.641638e-07,0.000000e+00,0.000000e+00,0.000000e+00,4.085167e+05,-2.206916e+07,-3.587064e+07,3.109621e-18,487,0
1.067955e-09,-1.848093e-05,1.624082e-03,2.500393e-03,-1.727893e+04,1.521631e+06,2.342294e+06,-7.292255e-03,-6.822733e-01,-9.492094e-01,3.109621e-18,487,4699
1.067341e-08,-1.844429e-04,1.624095e-02,2.500047e-02,-1.727769e+04,1.521746e+06,2.342455e+06,3.227485e-04,-5.868218e-03,-1.053159e-02,3.109621e-18,487,46963
0.000000e+00,-1.634910e-07,4.059604e-08,4.391125e-07,0.000000e+00,0.000000e+00,0.000000e+00,2.282113e+07,-3.896800e+06,-4.279019e+07,3.894881e-18,488,0
9.906818e-10,-1.469636e-03,4.879582e-04,2.500024e-03,-1.484416e+06,4.928694e+05,2.524606e+06,7.659792e-01,-2.330584e-01,-1.022436e+00,3.894881e-18,488,4359
9.902500e-09,-1.469936e-02,4.880590e-03,2.500003e-02,-1.484535e+06,4.929058e+05,2.524767e+06,6.837215e-03,-1.853524e-03,-1.112147e-02,3.894881e-18,488,43571
0.000000e+00,3.070930e-08,2.925389e-07,3.825068e-07,0.000000e+00,0.000000e+00,0.000000e+00,-5.302303e+06,-3.982841e+07,-3.378763e+07,3.699508e-18,489,0
1.353636e-09,4.359228e-04,3.263923e-03,2.500284e-03,3.221712e+05,2.412138e+06,1.847435e+06,-7.606354e-02,-5.443325e-01,-2.919607e-01,3.699508e-18,489,5956
1.353227e-08,4.359692e-03,3.264165e-02,2.500015e-02,3.221874e+05,2.412254e+06,1.847498e+06,-6.191186e-04,-4.647214e-03,-3.561767e-03,3.699508e-18,489,59542
0.000000e+00,1.839255e-07,9.533748e-08,2.136048e-07,0.000000e+00,0.000000e+00,0.000000e+00,-7.949693e+07,-4.321115e+07,-7.144595e+07,5.791094e-18,490,0
8.034091e-10,2.839935e-03,1.546047e-03,2.500562e-03,3.535261e+06,1.924591e+06,3.112634e+06,-5.357633e-01,-2.963651e-01,-3.867978e-01,5.791094e-18,490,3535
8.031818e-09,2.839465e-02,1.545801e-02,2.500025e-02,3.535329e+06,1.924629e+06,3.112683e+06,-5.133856e-03,-2.781527e-03,-4.005524e-03,5.791094e-18,490,35340
0.000000e+00,5.464696e-08,2.944702e-09,2.686833e-07,0.000000e+00,0.000000e+00,0.000000e+00,-2.826318e+07,-2.478872e+06,-1.235039e+08,6.378182e-18,491,0
4.636364e-10,5.782367e-04,5.100869e-05,2.500219e-03,1.247367e+06,1.100433e+05,5.393280e+06,-4.697488e-01,-4.798380e-02,-1.885247e+00,6.378182e-18,491,2040
4.635455e-09,5.782146e-03,5.101013e-04,2.500048e-02,1.247402e+06,1.100468e+05,5.393418e+06,-4.606136e-03,-4.541616e-04,-1.907224e-02,6.378182e-18,491,20396
0.000000e+00,-1.600616e-07,-1.425778e-07,4.847004e-07,0.000000e+00,0.000000e+00,0.000000e+00,2.120655e+07,1.598689e+07,-4.120153e+07,3.473307e-18,492,0
1.009773e-09,-1.396726e-03,-1.050104e-03,2.500441e-03,-1.384011e+06,-1.040518e+06,2.477189e+06,6.429376e-01,4.828254e-01,-9.360335e-01,3.473307e-18,492,4443
1.009205e-08,-1.396747e-02,-1.050095e-02,2.500007e-02,-1.384114e+06,-1.040595e+06,2.477339e+06,5.575437e-03,4.007850e-03,-1.023803e-02,3.473307e-18,492,44405
0.000000e+00,2.065305e-07,1.515672e-07,2.813272e-07,0.000000e+00,0.000000e+00,0.000000e+00,-5.120215e+07,-3.319698e+07,-4.543026e+07,4.611854e-18,493,0
1.144091e-09,2.990183e-03,1.941501e-03,2.500115e-03,2.614205e+06,1.697366e+06,2.185492e+06,-4.567577e-01,-2.954846e-01,-2.777698e-01,4.611854e-18,493,5034
1.143909e-08,2.990412e-02,1.941634e-02,2.500018e-02,2.614287e+06,1.697420e+06,2.185542e+06,-3.936687e-03,-2.505081e-03,-3.117395e-03,4.611854e-18,493,50332
0.000000e+00,1.826753e-08,-5.147946e-08,4.537002e-07,0.000000e+00,0.000000e+00,0.000000e+00,1.538792e+05,5.761397e+06,-4.737798e+07,4.069102e-18,494,0
9.043182e-10,3.977448e-06,-3.854935e-04,2.500145e-03,4.411447e+03,-4.267004e+05,2.766186e+06,-2.615726e-02,3.641504e-01,-1.554971e+00,4.069102e-18,494,3979
9.037727e-09,3.988266e-05,-3.856372e-03,2.500017e-02,4.415172e+03,-4.267524e+05,2.766409e+06,5.023803e-04,3.555352e-03,-1.700519e-02,4.069102e-18,494,39766
0.000000e+00,1.477009e-08,-1.751618e-08,6.887901e-07,0.000000e+00,0.000000e+00,0.000000e+00,-8.733752e+05,9.841592e+05,-3.611787e+07,2.697535e-18,495,0
9.327273e-10,8.322252e-05,-7.353934e-05,2.500191e-03,8.930894e+04,-7.893818e+04,2.682065e+06,-5.731365e-02,8.770150e-02,-1.639351e+00,2.697535e-18,495,4104
9.321136e-09,8.324410e-04,-7.357948e-04,2.500012e-02,8.931736e+04,-7.895112e+04,2.682307e+06,-1.789529e-04,8.430963e-04,-1.781920e-02,2.697535e-18,495,41013
0.000000e+00,-2.896726e-08,-7.705928e-08,2.138332e-07,0.000000e+00,0.000000e+00,0.000000e+00,2.613231e+07,6.940847e+07,-1.684684e+08,7.476456e-18,496,0
3.600000e-10,-3.894165e-04,-1.034104e-03,2.501245e-03,-1.081757e+06,-2.872627e+06,6.948045e+06,2.555208e-01,6.748293e-01,-1.507395e+00,7.476456e-18,496,1584
3.598182e-09,-3.892382e-03,-1.033630e-02,2.500051e-02,-1.081772e+06,-2.872665e+06,6.948131e+06,2.533447e-03,6.712237e-03,-1.517241e-02,7.476456e-18,496,15832
0.000000e+00,1.511456e-07,-1.812287e-07,3.813375e-07,0.000000e+00,0.000000e+00,0.000000e+00,-2.703751e+07,3.101621e+07,-4.019858e+07,4.030954e-18,497,0
1.135455e-09,1.764426e-03,-2.058565e-03,2.500439e-03,1.554558e+06,-1.813700e+06,2.202639e+06,-4.401201e-01,5.058383e-01,-4.623580e-01,4.030954e-18,497,4996
1.135000e-08,1.764419e-02,-2.058545e-02,2.500010e-02,1.554636e+06,-1.813790e+06,2.202723e+06,-3.784360e-03,4.334445e-03,-5.335577e-03,4.030954e-18,497,49940
0.000000e+00,1.488458e-07,-1.612777e-07,3.998625e-07,0.000000e+00,0.000000e+00,0.000000e+00,-2.806961e+07,2.582969e+07,-4.420895e+07,3.989315e-18,498,0
1.046591e-09,1.750422e-03,-1.615874e-03,2.500397e-03,1.673224e+06,-1.544556e+06,2.389664e+06,-5.514639e-01,4.810973e-01,-5.944780e-01,3.989315e-18,498,4605
1.046182e-08,1.750492e-02,-1.615883e-02,2.500039e-02,1.673315e+06,-1.544635e+06,2.389763e+06,-4.664474e-03,4.196641e-03,-6.663125e-03,3.989315e-18,498,46032
0.000000e+00,1.625937e-07,-1.763427e-07,3.040627e-07,0.000000e+00,0.000000e+00,0.000000e+00,-3.623272e+07,3.545355e+07,-4.470728e+07,4.579264e-18,499,0
1.111136e-09,2.195547e-03,-2.157929e-03,2.500284e-03,1.976552e+06,-1.942679e+06,2.250586e+06,-4.409807e-01,4.353787e-01,-3.782543e-01,4.579264e-18,499,4889
1.110818e-08,2.195587e-02,-2.157961e-02,2.500004e-02,1.976630e+06,-1.942755e+06,2.250652e+06,-3.766180e-03,3.744151e-03,-4.275642e-03,4.579264e-18,499,48876
0.000000e+00,-2.469714e-07,6.734695e-08,4.932066e-07,0.000000e+00,0.000000e+00,0.000000e+00,2.553476e+07,-3.534515e+06,-2.778605e+07,3.278052e-18,500,0
1.352045e-09,-2.472617e-03,3.839407e-04,2.500315e-03,-1.829875e+06,2.841124e+05,1.849914e+06,6.168547e-01,-8.943471e-02,-4.588267e-01,3.278052e-18,500,5949
1.351409e-08,-2.472896e-02,3.839521e-03,2.500004e-02,-1.830006e+06,2.841315e+05,1.850013e+06,5.590879e-03,-8.750092e-04,-5.650954e-03,3.278052e-18,500,59462
0.000000e+00,-9.514541e-08,4.295461e-08,2.195683e-07,0.000000e+00,0.000000e+00,0.000000e+00,7.073491e+07,-3.211746e+07,-1.448899e+08,7.065409e-18,501,0
4.140909e-10,-1.227285e-03,5.574322e-04,2.501362e-03,-2.963983e+06,1.346243e+06,6.040842e+06,7.114362e-01,-3.271954e-01,-1.335464e+00,7.065409e-18,501,1822
4.138636e-09,-1.226692e-02,5.571640e-03,2.500102e-02,-2.964029e+06,1.346264e+06,6.040930e+06,7.063750e-03,-3.280528e-03,-1.345379e-02,7.065409e-18,501,18210
0.000000e+00,5.021412e-08,3.876813e-08,1.125314e-07,0.000000e+00,0.000000e+00,0.000000e+00,-2.352479e+08,-1.816651e+08,-5.068745e+08,1.278024e-17,502,0
1.236364e-10,1.162432e-03,8.976648e-04,2.504534e-03,9.401702e+06,7.260276e+06,2.025653e+07,-5.720201e-01,-4.419675e-01,-1.199524e+00,1.278024e-17,502,544
1.234318e-09,1.160474e-02,8.961530e-03,2.500312e-02,9.401713e+06,7.260285e+06,2.025655e+07,-5.737709e-03,-4.433107e-03,-1.203776e-02,1.278024e-17,502,5431
0.000000e+00,1.922451e-08,-2.041733e-07,4.799444e-07,0.000000e+00,0.000000e+00,0.000000e+00,-1.795022e+07,3.751396e+07,-4.734791e+07,3.547668e-18,503,0
9.706818e-10,8.531590e-04,-2.019573e-03,2.500430e-03,8.791715e+05,-2.081387e+06,2.576513e+06,-1.829652e-01,7.204425e-01,-6.988366e-01,3.547668e-18,503,4271
9.702955e-09,8.530527e-03,-2.019561e-02,2.500002e-02,8.791995e+05,-2.081498e+06,2.576620e+06,-2.557167e-03,6.456137e-03,-7.603632e-03,3.547668e-18,503,42693
0.000000e+00,3.741877e-08,-7.577083e-08,5.723538e-07,0.000000e+00,0.000000e+00,0.000000e+00,-7.887112e+06,9.854684e+06,-4.249283e+07,3.261317e-18,504,0
9.236364e-10,4.004998e-04,-6.383613e-04,2.500111e-03,4.339259e+05,-6.916424e+05,2.708123e+06,-2.777668e-01,4.343445e-01,-1.427498e+00,3.261317e-18,504,4064
9.231591e-09,4.005815e-03,-6.384931e-03,2.500051e-02,4.339664e+05,-6.917057e+05,2.708332e+06,-2.285258e-03,3.736109e-03,-1.557535e-02,3.261317e-18,504,40619
0.000000e+00,-4.929433e-08,-1.197303e-07,3.358906e-07,0.000000e+00,0.000000e+00,0.000000e+00,1.298934e+07,3.210201e+07,-6.964093e+07,4.971474e-18,505,0
7.079545e-10,-4.819089e-04,-1.207957e-03,2.500521e-03,-6.809384e+05,-1.706883e+06,3.532994e+06,2.883827e-01,7.415016e-01,-1.355455e+00,4.971474e-18,505,3115
7.076136e-09,-4.818418e-03,-1.207814e-02,2.500007e-02,-6.809707e+05,-1.706966e+06,3.533146e+06,2.782723e-03,7.239373e-03,-1.387231e-02,4.971474e-18,505,31135
0.000000e+00,7.686010e-09,1.411365e-07,3.156582e-07,0.000000e+00,0.000000e+00,0.000000e+00,-3.359325e+06,-4.150260e+07,-7.237070e+07,5.141607e-18,506,0
7.022727e-10,1.299438e-04,1.477939e-03,2.500537e-03,1.851210e+05,2.105148e+06,3.561465e+06,-9.618106e-02,-8.033265e-01,-1.223032e+00,5.141607e-18,506,3090
7.019773e-09,1.299501e-03,1.477767e-02,2.500080e-02,1.851316e+05,2.105237e+06,3.561601e+06,-7.367677e-04,-8.018158e-03,-1.251789e-02,5.141607e-18,506,30887
0.000000e+00,9.002830e-08,1.313502e-07,4.255133e-07,0.000000e+00,0.000000e+00,0.000000e+00,-1.591592e+07,-2.101795e+07,-4.847865e+07,4.029141e-18,507,0
9.077273e-10,9.008198e-04,1.217528e-03,2.500063e-03,9.929223e+05,1.342024e+06,2.755256e+06,-4.634434e-01,-6.424042e-01,-1.120114e+00,4.029141e-18,507,3994
9.073636e-09,9.009382e-03,1.217700e-02,2.500032e-02,9.929887e+05,1.342116e+06,2.755417e+06,-4.243107e-03,-5.895740e-03,-1.184274e-02,4.029141e-18,507,39924
0.000000e+00,2.296421e-08,3.156079e-08,1.472466e-07,0.000000e+00,0.000000e+00,0.000000e+00,-6.627453e+07,-9.099245e+07,-4.027138e+08,1.094331e-17,508,0
1.552273e-10,4.120322e-04,5.657030e-04,2.503328e-03,2.654288e+06,3.644227e+06,1.612624e+07,-2.936602e-01,-4.012515e-01,-1.711581e+00,1.094331e-17,508,683
1.550455e-09,4.115376e-03,5.650239e-03,2.500314e-02,2.654295e+06,3.644236e+06,1.612628e+07,-2.949305e-03,-4.019697e-03,-1.716435e-02,1.094331e-17,508,6822
0.000000e+00,4.280599e-08,1.997126e-07,5.801124e-07,0.000000e+00,0.000000e+00,0.000000e+00,-2.042888e+06,-9.956875e+06,-3.968997e+07,3.030908e-18,509,0
9.175000e-10,4.202086e-05,8.268696e-04,2.500351e-03,4.582637e+04,9.018253e+05,2.726575e+06,-6.896404e-02,-5.923929e-01,-1.473295e+00,3.030908e-18,509,4037
9.169091e-09,4.202295e-04,8.268949e-03,2.500039e-02,4.583637e+04,9.019111e+05,2.726789e+06,-4.272428e-04,-5.209227e-03,-1.556205e-02,3.030908e-18,509,40344
0.000000e+00,1.893573e-07,2.400921e-08,3.788233e-07,0.000000e+00,0.000000e+00,0.000000e+00,-3.281135e+07,-7.043141e+06,-5.481442e+07,4.287022e-18,510,0
8.463636e-10,1.629956e-03,3.130289e-04,2.500056e-03,1.926650e+06,3.700167e+05,2.954748e+06,-8.118839e-01,-1.578625e-01,-1.028731e+00,4.287022e-18,510,3724
8.461136e-09,1.630164e-02,3.130755e-03,2.500066e-02,1.926758e+06,3.700378e+05,2.954886e+06,-7.594934e-03,-1.430121e-03,-1.095110e-02,4.287022e-18,510,37229
0.000000e+00,2.438556e-09,-4.040991e-08,5.923624e-07,0.000000e+00,0.000000e+00,0.000000e+00,2.253094e+06,1.871986e+06,-3.852875e+07,3.172175e-18,511,0
9.834091e-10,-1.235552e-04,-1.605086e-04,2.500388e-03,-1.257881e+05,-1.634225e+05,2.543963e+06,1.075652e-01,1.764944e-01,-1.408266e+00,3.172175e-18,511,4327
9.827273e-09,-1.236131e-03,-1.605995e-03,2.500045e-02,-1.258048e+05,-1.634499e+05,2.544183e+06,7.310652e-04,1.336017e-03,-1.622342e-02,3.172175e-18,511,43240
0.000000e+00,-1.896920e-07,-7.970239e-08,4.922475e-07,0.000000e+00,0.000000e+00,0.000000e+00,2.453901e+07,7.084876e+06,-4.085210e+07,3.445536e-18,512,0
1.082045e-09,-1.519972e-03,-9.976216e-04,2.500364e-03,-1.405619e+06,-9.225532e+05,2.311546e+06,6.981190e-01,3.764542e-01,-7.426724e-01,3.445536e-18,512,4761
1.081523e-08,-1.520208e-02,-9.977517e-03,2.500009e-02,-1.405738e+06,-9.226174e+05,2.311674e+06,5.415287e-03,3.240579e-03,-8.846334e-03,3.445536e-18,512,47587
0.000000e+00,3.114242e-08,-1.718111e-07,4.204991e-07,0.000000e+00,0.000000e+00,0.000000e+00,-3.067908e+06,2.804161e+07,-4.572230e+07,4.024182e-18,513,0
9.493182e-10,1.023298e-04,-1.667677e-03,2.500230e-03,1.077948e+05,-1.757667e+06,2.634706e+06,-3.036327e-02,7.974420e-01,-9.958954e-01,4.024182e-18,513,4177
9.488864e-09,1.022880e-03,-1.667820e-02,2.500048e-02,1.077993e+05,-1.757787e+06,2.634856e+06,-3.409625e-04,7.255860e-03,-1.055293e-02,4.024182e-18,513,41751
0.000000e+00,2.794275e-08,-1.357489e-07,6.180277e-07,0.000000e+00,0.000000e+00,0.000000e+00,-7.591311e+05,1.311704e+07,-3.658706e+07,2.945579e-18,514,0
9.763636e-10,1.480414e-04,-8.048384e-04,2.500486e-03,1.517417e+05,-8.249153e+05,2.562308e+06,-9.018038e-02,5.175110e-01,-1.318833e+00,2.945579e-18,514,4296
9.756818e-09,1.480504e-03,-8.048549e-03,2.500020e-02,1.517556e+05,-8.249949e+05,2.562512e+06,-9.121530e-04,4.310140e-03,-1.468433e-02,2.945579e-18,514,42930
0.000000e+00,1.448567e-07,-1.401035e-07,2.075287e-07,0.000000e+00,0.000000e+00,0.000000e+00,-6.953226e+07,6.415374e+07,-7.752248e+07,5.951674e-18,515,0
7.477273e-10,2.280167e-03,-2.101898e-03,2.500280e-03,3.049778e+06,-2.811324e+06,3.344027e+06,-4.644019e-01,4.220904e-01,-4.244178e-01,5.951674e-18,515,3290
7.476136e-09,2.280063e-02,-2.101791e-02,2.500054e-02,3.049833e+06,-2.811374e+06,3.344078e+06,-4.485394e-03,4.142105e-03,-4.374808e-03,5.951674e-18,515,32895
0.000000e+00,-1.203307e-07,1.972594e-08,5.399207e-07,0.000000e+00,0.000000e+00,0.000000e+00,1.100787e+07,7.180343e+05,-3.387192e+07,3.374094e-18,516,0
1.071591e-09,-9.335428e-04,-2.405945e-05,2.500445e-03,-8.719001e+05,-2.246600e+04,2.334731e+06,5.325760e-01,-8.459345e-03,-1.151031e+00,3.374094e-18,516,4715
1.070795e-08,-9.336207e-03,-2.405385e-04,2.500031e-02,-8.719900e+05,-2.246458e+04,2.334926e+06,4.734981e-03,1.502744e-04,-1.331131e-02,3.374094e-18,516,47115
0.000000e+00,4.932705e-08,-5.917714e-08,2.980538e-07,0.000000e+00,0.000000e+00,0.000000e+00,-1.802850e+07,2.399557e+07,-9.791232e+07,5.740874e-18,517,0
5.527273e-10,4.684188e-04,-6.264020e-04,2.500373e-03,8.476573e+05,-1.133575e+06,4.524574e+06,-3.450304e-01,4.835036e-01,-1.767268e+00,5.740874e-18,517,2432
5.525455e-09,4.683711e-03,-6.263536e-03,2.500048e-02,8.476875e+05,-1.133617e+06,4.524728e+06,-3.409214e-03,4.740879e-03,-1.789093e-02,5.740874e-18,517,24312
0.000000e+00,1.048107e-07,-1.928690e-07,2.776824e-07,0.000000e+00,0.000000e+00,0.000000e+00,-3.060689e+07,5.239628e+07,-5.609308e+07,4.977239e-18,518,0
9.297727e-10,1.431435e-03,-2.435120e-03,2.500037e-03,1.539945e+06,-2.619673e+06,2.689277e+06,-3.606684e-01,5.919383e-01,-4.989637e-01,4.977239e-18,518,4091
9.296136e-09,1.431554e-02,-2.435286e-02,2.500001e-02,1.539998e+06,-2.619760e+06,2.689350e+06,-3.330820e-03,5.462911e-03,-5.248533e-03,4.977239e-18,518,40903
0.000000e+00,1.790578e-07,1.032135e-07,4.359072e-07,0.000000e+00,0.000000e+00,0.000000e+00,-2.369070e+07,-1.842656e+07,-4.363063e+07,3.795530e-18,519,0
9.888636e-10,1.507394e-03,1.133620e-03,2.500299e-03,1.525170e+06,1.147014e+06,2.529332e+06,-6.599940e-01,-5.026113e-01,-8.794161e-01,3.795530e-18,519,4351
9.884091e-09,1.507489e-02,1.133715e-02,2.500029e-02,1.525273e+06,1.147092e+06,2.529470e+06,-5.951061e-03,-4.466720e-03,-9.372899e-03,3.795530e-18,519,43490
0.000000e+00,1.368473e-07,8.545057e-08,3.321542e-07,0.000000e+00,0.000000e+00,0.000000e+00,-3.336941e+07,-2.614045e+07,-6.424376e+07,4.848315e-18,520,0
7.765909e-10,1.367158e-03,1.068410e-03,2.500013e-03,1.761044e+06,1.376258e+06,3.219981e+06,-6.499339e-01,-5.170448e-01,-1.025957e+00,4.848315e-18,520,3417
7.764091e-09,1.367291e-02,1.068538e-02,2.500035e-02,1.761124e+06,1.376322e+06,3.220107e+06,-6.179848e-03,-4.922751e-03,-1.064176e-02,4.848315e-18,520,34162
0.000000e+00,-2.427569e-08,-1.069693e-07,4.864303e-07,0.000000e+00,0.000000e+00,0.000000e+00,4.685165e+06,2.075372e+07,-4.120782e+07,3.744305e-18,521,0
1.028864e-09,-2.415041e-04,-1.298013e-03,2.500278e-03,-2.348998e+05,-1.262446e+06,2.431191e+06,1.299965e-01,6.558206e-01,-1.013326e+00,3.744305e-18,521,4527
1.028295e-08,-2.415450e-03,-1.298162e-02,2.500000e-02,-2.349208e+05,-1.262552e+06,2.431356e+06,5.807632e-04,5.889956e-03,-1.168599e-02,3.744305e-18,521,45245
0.000000e+00,7.898984e-08,-4.376483e-08,4.031590e-07,0.000000e+00,0.000000e+00,0.000000e+00,-1.486698e+07,5.702360e+06,-5.736030e+07,4.435787e-18,522,0
7.734091e-10,7.282704e-04,-3.023035e-04,2.500433e-03,9.421973e+05,-3.910905e+05,3.234454e+06,-5.701147e-01,2.266661e-01,-1.706821e+00,4.435787e-18,522,3403
7.729318e-09,7.282510e-03,-3.022853e-03,2.500020e-02,9.422669e+05,-3.911182e+05,3.234663e+06,-5.434302e-03,2.258347e-03,-1.753831e-02,4.435787e-18,522,34009
0.000000e+00,3.684986e-08,2.444004e-07,4.731244e-07,0.000000e+00,0.000000e+00,0.000000e+00,-5.226021e+06,-2.827219e+07,-3.351877e+07,3.425475e-18,523,0
1.311136e-09,4.512953e-04,2.561319e-03,2.500274e-03,3.442999e+05,1.954557e+06,1.907488e+06,-6.803859e-02,-6.244393e-01,-4.316459e-01,3.425475e-18,523,5769
1.310636e-08,4.512529e-03,2.561702e-02,2.500041e-02,3.443140e+05,1.954686e+06,1.907579e+06,-5.900968e-04,-5.454492e-03,-5.482705e-03,3.425475e-18,523,57668
0.000000e+00,2.154976e-07,-1.203650e-07,4.955673e-07,0.000000e+00,0.000000e+00,0.000000e+00,-3.624326e+07,1.685615e+07,-3.105987e+07,3.328142e-18,524,0
1.386591e-09,3.022456e-03,-1.467193e-03,2.500203e-03,2.180630e+06,-1.058543e+06,1.803384e+06,-4.768816e-01,2.325513e-01,-2.659730e-01,3.328142e-18,524,6101
1.386273e-08,3.022936e-02,-1.467424e-02,2.500008e-02,2.180733e+06,-1.058593e+06,1.803443e+06,-4.120037e-03,2.002104e-03,-3.405196e-03,3.328142e-18,524,60996
0.000000e+00,-1.008467e-07,3.585941e-08,1.210667e-07,0.000000e+00,0.000000e+00,0.000000e+00,2.439719e+08,-8.658012e+07,-2.718434e+08,1.029607e-17,525,0
2.295455e-10,-2.245384e-03,7.968427e-04,2.501231e-03,-9.781631e+06,3.471308e+06,1.089613e+07,6.663677e-01,-2.369798e-01,-7.035001e-01,1.029607e-17,525,1010
2.294545e-09,-2.244449e-02,7.965108e-03,2.500179e-02,-9.781655e+06,3.471317e+06,1.089616e+07,6.639705e-03,-2.356523e-03,-7.053579e-03,1.029607e-17,525,10096
0.000000e+00,1.040912e-08,-1.313899e-08,6.317590e-07,0.000000e+00,0.000000e+00,0.000000e+00,4.923441e+05,5.133849e+05,-3.693310e+07,2.975606e-18,526,0
9.297727e-10,-8.068835e-05,2.298167e-05,2.500528e-03,-8.697849e+04,2.479565e+04,2.691027e+06,1.074696e-01,-3.158192e-02,-1.622798e+00,2.975606e-18,526,4091
9.290227e-09,-8.079772e-04,2.303166e-04,2.500038e-02,-8.699427e+04,2.480028e+04,2.691266e+06,1.025624e-03,-5.648521e-05,-1.772416e-02,2.975606e-18,526,40877
0.000000e+00,2.137630e-07,2.426804e-09,2.886164e-07,0.000000e+00,0.000000e+00,0.000000e+00,-5.946592e+07,7.570604e+05,-5.528843e+07,4.921978e-18,527,0
9.443182e-10,2.830375e-03,-4.564589e-05,2.500129e-03,2.998021e+06,-4.837412e+04,2.647928e+06,-6.896912e-01,2.579216e-02,-4.750716e-01,4.921978e-18,527,4155
9.441364e-09,2.830542e-02,-4.567100e-04,2.500019e-02,2.998124e+06,-4.837796e+04,2.647999e+06,-6.273325e-03,1.304898e-04,-5.118423e-03,4.921978e-18,527,41542
0.000000e+00,-1.513713e-07,4.788978e-09,4.184459e-07,0.000000e+00,0.000000e+00,0.000000e+00,2.100422e+07,-3.059932e+06,-5.022004e+07,4.106242e-18,528,0
8.613636e-10,-1.139894e-03,1.351793e-04,2.500513e-03,-1.324099e+06,1.570001e+05,2.904193e+06,7.143180e-01,-6.539687e-02,-1.328500e+00,4.106242e-18,528,3790
8.608409e-09,-1.139837e-02,1.351523e-03,2.500059e-02,-1.324196e+06,1.570090e+05,2.904375e+06,6.691570e-03,-9.400387e-04,-1.423748e-02,4.106242e-18,528,37877
0.000000e+00,-9.579915e-08,-1.293400e-07,2.676197e-07,0.000000e+00,0.000000e+00,0.000000e+00,3.756465e+07,4.842277e+07,-8.266039e+07,5.608197e-18,529,0
6.663636e-10,-1.163377e-03,-1.498017e-03,2.500147e-03,-1.746211e+06,-2.248485e+06,3.752447e+06,5.093092e-01,6.505607e-01,-9.487576e-01,5.608197e-18,529,2932
6.662500e-09,-1.163416e-02,-1.498058e-02,2.500083e-02,-1.746265e+06,-2.248554e+06,3.752548e+06,4.930862e-03,6.391918e-03,-9.701193e-03,5.608197e-18,529,29315
0.000000e+00,1.411639e-08,-2.013271e-07,2.794058e-07,0.000000e+00,0.000000e+00,0.000000e+00,-8.171872e+06,6.871650e+07,-6.922953e+07,5.129794e-18,530,0
7.909091e-10,2.987799e-04,-2.545914e-03,2.500590e-03,3.778400e+05,-3.219581e+06,3.162032e+06,-7.562505e-02,7.429372e-01,-6.142660e-01,5.129794e-18,530,3480
7.906364e-09,2.987339e-03,-2.545524e-02,2.500034e-02,3.778495e+05,-3.219674e+06,3.162109e+06,-6.025401e-04,7.077723e-03,-6.420255e-03,5.129794e-18,530,34788
0.000000e+00,1.485691e-07,1.840693e-07,2.893661e-07,0.000000e+00,0.000000e+00,0.000000e+00,-3.493748e+07,-4.529745e+07,-4.743395e+07,4.713529e-18,531,0
1.108864e-09,1.968750e-03,2.654762e-03,2.500007e-03,1.775904e+06,2.394778e+06,2.254851e+06,-3.429439e-01,-4.790131e-01,-3.217832e-01,4.713529e-18,531,4879
1.108727e-08,1.968994e-02,2.655153e-02,2.500030e-02,1.775964e+06,2.394862e+06,2.254908e+06,-3.075758e-03,-4.137117e-03,-3.668264e-03,4.713529e-18,531,48784
0.000000e+00,-1.283661e-07,-5.603461e-08,2.423476e-07,0.000000e+00,0.000000e+00,0.000000e+00,6.445777e+07,2.958583e+07,-1.016371e+08,6.202144e-18,532,0
5.654545e-10,-1.607591e-03,-7.384507e-04,2.500912e-03,-2.843392e+06,-1.306128e+06,4.423253e+06,7.571621e-01,3.524042e-01,-1.048761e+00,6.202144e-18,532,2488
5.652045e-09,-1.607105e-02,-7.382320e-03,2.500059e-02,-2.843460e+06,-1.306159e+06,4.423347e+06,7.398016e-03,3.495011e-03,-1.062126e-02,6.202144e-18,532,24869
0.000000e+00,7.295701e-08,-3.930655e-08,2.544976e-07,0.000000e+00,0.000000e+00,0.000000e+00,-3.992081e+07,2.636883e+07,-1.297308e+08,6.508697e-18,533,0
4.502273e-10,7.748515e-04,-5.143896e-04,2.500174e-03,1.721205e+06,-1.142667e+06,5.553606e+06,-5.459400e-01,3.867640e-01,-1.644936e+00,6.508697e-18,533,1981
4.501591e-09,7.748208e-03,-5.143841e-03,2.500024e-02,1.721244e+06,-1.142694e+06,5.553723e+06,-5.476453e-03,3.732552e-03,-1.663745e-02,6.508697e-18,533,19807
0.000000e+00,6.802093e-09,-2.415494e-07,2.606831e-07,0.000000e+00,0.000000e+00,0.000000e+00,2.315489e+06,6.941864e+07,-5.368128e+07,4.927402e-18,534,0
1.006136e-09,-1.262837e-04,-3.352885e-03,2.500161e-03,-1.255680e+05,-3.333056e+06,2.485160e+06,3.170080e-02,5.689927e-01,-3.299544e-01,4.927402e-18,534,4427
1.005977e-08,-1.263169e-03,-3.352984e-02,2.500029e-02,-1.255731e+05,-3.333146e+06,2.485213e+06,1.960400e-04,5.191151e-03,-3.592564e-03,4.927402e-18,534,44263
0.000000e+00,2.565826e-08,-9.655747e-08,3.572529e-07,0.000000e+00,0.000000e+00,0.000000e+00,-4.424103e+06,2.329892e+07,-6.767543e+07,4.862798e-18,535,0
6.879545e-10,1.824334e-04,-8.838771e-04,2.500148e-03,2.652771e+05,-1.285316e+06,3.635379e+06,-1.204535e-01,6.417340e-01,-1.648098e+00,4.862798e-18,535,3027
6.877045e-09,1.824325e-03,-8.839172e-03,2.500076e-02,2.652902e+05,-1.285386e+06,3.635558e+06,-1.250839e-03,6.232150e-03,-1.674693e-02,4.862798e-18,535,30259
0.000000e+00,-9.541733e-08,8.137774e-08,1.617754e-07,0.000000e+00,0.000000e+00,0.000000e+00,1.153567e+08,-1.013069e+08,-1.832823e+08,8.247977e-18,536,0
3.368182e-10,-1.576218e-03,1.384419e-03,2.501228e-03,-4.679702e+06,4.110273e+06,7.425949e+06,5.642000e-01,-5.000729e-01,-8.395828e-01,8.247977e-18,536,1482
3.366591e-09,-1.575473e-02,1.383768e-02,2.500028e-02,-4.679732e+06,4.110299e+06,7.425994e+06,5.698692e-03,-5.017527e-03,-8.441345e-03,8.247977e-18,536,14813
0.000000e+00,1.777543e-07,-1.024591e-07,2.884770e-07,0.000000e+00,0.000000e+00,0.000000e+00,-4.997695e+07,2.993830e+07,-6.126867e+07,4.992248e-18,537,0
8.538636e-10,2.122459e-03,-1.263078e-03,2.500345e-03,2.486330e+06,-1.479612e+06,2.928751e+06,-6.462127e-01,3.778541e-01,-6.348307e-01,4.992248e-18,537,3757
8.536136e-09,2.122368e-02,-1.263019e-02,2.500035e-02,2.486418e+06,-1.479663e+06,2.928837e+06,-6.033439e-03,3.485310e-03,-6.608001e-03,4.992248e-18,537,37559
0.000000e+00,-1.677491e-07,-3.998074e-09,4.144222e-07,0.000000e+00,0.000000e+00,0.000000e+00,3.136455e+07,2.204484e+06,-4.621304e+07,4.079465e-18,538,0
9.629545e-10,-1.817024e-03,-1.467696e-04,2.500535e-03,-1.887876e+06,-1.525402e+05,2.597549e+06,7.814496e-01,9.253126e-02,-8.540278e-01,4.079465e-18,538,4237
9.624545e-09,-1.816989e-02,-1.468111e-03,2.500037e-02,-1.887995e+06,-1.525542e+05,2.597679e+06,7.069660e-03,7.061866e-04,-9.392084e-03,4.079465e-18,538,42348
0.000000e+00,-1.626748e-07,-2.206365e-07,3.433711e-07,0.000000e+00,0.000000e+00,0.000000e+00,2.978671e+07,4.317284e+07,-3.692427e+07,4.057573e-18,539,0
1.328636e-09,-2.192763e-03,-3.130535e-03,2.500046e-03,-1.650850e+06,-2.356842e+06,1.881866e+06,2.853524e-01,3.941846e-01,-2.141848e-01,4.057573e-18,539,5846
1.328477e-08,-2.193115e-02,-3.131008e-02,2.500033e-02,-1.650910e+06,-2.356925e+06,1.881911e+06,2.329393e-03,3.358492e-03,-2.636514e-03,4.057573e-18,539,58453
0.000000e+00,-2.531607e-07,2.935345e-08,3.164306e-07,0.000000e+00,0.000000e+00,0.000000e+00,5.353477e+07,-6.891960e+06,-4.656781e+07,4.361835e-18,540,0
1.094091e-09,-3.076340e-03,4.010639e-04,2.500472e-03,-2.812546e+06,3.666794e+05,2.285751e+06,6.057132e-01,-8.091245e-02,-3.566279e-01,4.361835e-18,540,4814
1.093727e-08,-3.076160e-02,4.010470e-03,2.500004e-02,-2.812651e+06,3.666934e+05,2.285813e+06,5.316514e-03,-6.814557e-04,-4.088335e-03,4.361835e-18,540,48124
0.000000e+00,-4.974727e-08,-4.152012e-08,2.534346e-07,0.000000e+00,0.000000e+00,0.000000e+00,3.134371e+07,2.544682e+07,-1.337259e+08,6.643938e-18,541,0
4.370455e-10,-5.917349e-04,-4.808617e-04,2.500247e-03,-1.354113e+06,-1.100393e+06,5.721293e+06,4.614957e-01,3.745474e-01,-1.773782e+00,6.643938e-18,541,1923
4.369773e-09,-5.917194e-03,-4.808491e-03,2.500093e-02,-1.354144e+06,-1.100419e+06,5.721416e+06,4.492684e-03,3.683810e-03,-1.789170e-02,6.643938e-18,541,19227
0.000000e+00,-1.593483e-08,-2.403935e-07,5.487028e-07,0.000000e+00,0.000000e+00,0.000000e+00,1.781312e+06,2.346253e+07,-3.389177e+07,3.067749e-18,542,0
1.073864e-09,-1.920120e-04,-1.826790e-03,2.500103e-03,-1.789506e+05,-1.702141e+06,2.329040e+06,8.244458e-02,7.428809e-01,-8.273098e-01,3.067749e-18,542,4725
1.073409e-08,-1.920827e-03,-1.827087e-02,2.500029e-02,-1.789645e+05,-1.702267e+06,2.329181e+06,6.413371e-04,6.254092e-03,-9.180844e-03,3.067749e-18,542,47230
0.000000e+00,2.424378e-08,-4.939432e-08,4.881450e-07,0.000000e+00,0.000000e+00,0.000000e+00,-1.507542e+06,4.557318e+06,-5.042073e+07,3.814343e-18,543,0
7.993182e-10,1.494092e-04,-2.697547e-04,2.500361e-03,1.870572e+05,-3.376748e+05,3.129768e+06,-1.180570e-01,2.061682e-01,-1.880845e+00,3.814343e-18,543,3517
7.987955e-09,1.494184e-03,-2.697331e-03,2.500054e-02,1.870721e+05,-3.377008e+05,3.130006e+06,-1.117567e-03,1.974045e-03,-1.945655e-02,3.814343e-18,543,35147
0.000000e+00,-1.760025e-07,1.296612e-07,4.825336e-07,0.000000e+00,0.000000e+00,0.000000e+00,2.300715e+07,-1.460204e+07,-3.566437e+07,3.459187e-18,544,0
1.157045e-09,-1.787247e-03,1.131366e-03,2.500301e-03,-1.545590e+06,9.783472e+05,2.161682e+06,6.267519e-01,-3.808639e-01,-6.575339e-01,3.459187e-18,544,5091
1.156500e-08,-1.787466e-02,1.131456e-02,2.500003e-02,-1.545704e+06,9.784166e+05,2.161803e+06,5.304146e-03,-3.143372e-03,-7.535143e-03,3.459187e-18,544,50886
0.000000e+00,7.527603e-08,1.517135e-07,6.262289e-07,0.000000e+00,0.000000e+00,0.000000e+00,-8.057453e+06,-1.211588e+07,-3.561500e+07,2.860853e-18,545,0
1.019773e-09,6.432738e-04,8.928486e-04,2.500389e-03,6.313445e+05,8.761589e+05,2.453113e+06,-4.063469e-01,-5.363498e-01,-1.204591e+00,2.860853e-18,545,4487
1.019114e-08,6.434060e-03,8.929076e-03,2.500025e-02,6.314098e+05,8.762451e+05,2.453308e+06,-3.475542e-03,-4.117439e-03,-1.332055e-02,2.860853e-18,545,44841
0.000000e+00,-9.228956e-09,-1.881818e-07,2.635175e-07,0.000000e+00,0.000000e+00,0.000000e+00,1.478289e+07,7.044783e+07,-5.529668e+07,5.431696e-18,546,0
9.725000e-10,-6.747813e-04,-3.291710e-03,2.500118e-03,-6.940134e+05,-3.385449e+06,2.571076e+06,1.098836e-01,5.736906e-01,-3.549534e-01,5.431696e-18,546,4279
9.723636e-09,-6.748310e-03,-3.291887e-02,2.500035e-02,-6.940303e+05,-3.385537e+06,2.571131e+06,9.720290e-04,5.233274e-03,-3.756282e-03,5.431696e-18,546,42784
0.000000e+00,-1.425261e-07,1.672671e-07,3.917044e-07,0.000000e+00,0.000000e+00,0.000000e+00,2.396899e+07,-2.582681e+07,-4.453578e+07,4.021400e-18,547,0
1.005682e-09,-1.461416e-03,1.562969e-03,2.500559e-03,-1.453814e+06,1.554814e+06,2.487165e+06,5.202825e-01,-5.542379e-01,-7.258643e-01,4.021400e-18,547,4425
1.005159e-08,-1.461310e-02,1.562833e-02,2.500009e-02,-1.453896e+06,1.554902e+06,2.487281e+06,4.536999e-03,-4.915106e-03,-7.840255e-03,4.021400e-18,547,44227
0.000000e+00,-1.834167e-07,1.342151e-07,3.442088e-07,0.000000e+00,0.000000e+00,0.000000e+00,3.544753e+07,-2.538788e+07,-4.864808e+07,4.326694e-18,548,0
9.877273e-10,-1.965327e-03,1.381852e-03,2.500021e-03,-1.990497e+06,1.399503e+06,2.531671e+06,6.313372e-01,-4.143119e-01,-6.209643e-01,4.326694e-18,548,4346
9.875000e-09,-1.965614e-02,1.382009e-02,2.500039e-02,-1.990595e+06,1.399567e+06,2.531768e+06,5.795821e-03,-3.694466e-03,-6.713648e-03,4.326694e-18,548,43450
0.000000e+00,-2.259661e-07,-4.296805e-09,2.263580e-07,0.000000e+00,0.000000e+00,0.000000e+00,8.160394e+07,4.710016e+06,-5.868835e+07,5.417203e-18,549,0
9.527273e-10,-3.588440e-03,-2.102196e-04,2.500257e-03,-3.767041e+06,-2.206988e+05,2.624505e+06,5.488381e-01,3.703933e-02,-2.951575e-01,5.417203e-18,549,4192
9.525682e-09,-3.588370e-02,-2.102300e-03,2.500034e-02,-3.767124e+06,-2.207044e+05,2.624550e+06,5.031093e-03,3.340109e-04,-3.146538e-03,5.417203e-18,549,41913
0.000000e+00,6.311779e-08,1.335086e-07,3.648209e-07,0.000000e+00,0.000000e+00,0.000000e+00,-2.330703e+07,-2.091247e+07,-6.735081e+07,4.595958e-18,550,0
7.215909e-10,8.910826e-04,8.550231e-04,2.500305e-03,1.235409e+06,1.185355e+06,3.465960e+06,-5.821885e-01,-5.731396e-01,-1.365022e+00,4.595958e-18,550,3175
7.213182e-09,8.911211e-03,8.550216e-03,2.500074e-02,1.235476e+06,1.185421e+06,3.466116e+06,-5.383602e-03,-5.303773e-03,-1.422390e-02,4.595958e-18,550,31738
0.000000e+00,1.672033e-07,5.974776e-09,2.219309e-07,0.000000e+00,0.000000e+00,0.000000e+00,-8.747926e+07,-2.437780e+06,-9.205309e+07,6.219085e-18,551,0
6.302273e-10,2.409442e-03,6.654278e-05,2.500594e-03,3.823562e+06,1.055934e+05,3.968037e+06,-7.631133e-01,-1.916552e-02,-6.853775e-01,6.219085e-18,551,2773
6.300455e-09,2.409026e-02,6.652905e-04,2.500059e-02,3.823638e+06,1.055953e+05,3.968105e+06,-7.470234e-03,-1.772925e-04,-6.998315e-03,6.219085e-18,551,27722
0.000000e+00,-2.148454e-07,3.656709e-08,2.365377e-07,0.000000e+00,0.000000e+00,0.000000e+00,7.645283e+07,-1.517684e+07,-6.223911e+07,5.410563e-18,552,0
8.888636e-10,-3.151526e-03,6.300772e-04,2.500099e-03,-3.546129e+06,7.089824e+05,2.812950e+06,6.032842e-01,-1.251652e-01,-3.905117e-01,5.410563e-18,552,3911
8.887500e-09,-3.151628e-02,6.301086e-03,2.500022e-02,-3.546213e+06,7.090000e+05,2.813005e+06,5.654032e-03,-1.152924e-03,-4.123060e-03,5.410563e-18,552,39105
0.000000e+00,1.107118e-07,2.373943e-07,5.281324e-07,0.000000e+00,0.000000e+00,0.000000e+00,-5.879094e+06,-3.098547e+07,-2.213732e+07,3.109401e-18,553,0
1.667500e-09,8.659650e-04,3.472012e-03,2.500066e-03,5.195583e+05,2.083182e+06,1.499650e+06,-1.139621e-01,-4.518832e-01,-2.417606e-01,3.109401e-18,553,7337
1.667045e-08,8.661246e-03,3.472737e-02,2.500004e-02,5.195882e+05,2.083300e+06,1.499714e+06,-1.043637e-03,-4.177284e-03,-3.007882e-03,3.109401e-18,553,73350
0.000000e+00,3.784596e-08,1.611828e-08,5.808951e-07,0.000000e+00,0.000000e+00,0.000000e+00,-3.811984e+06,-3.008472e+06,-3.883494e+07,3.226499e-18,554,0
9.845455e-10,2.541264e-04,8.463303e-05,2.500487e-03,2.583598e+05,8.601783e+04,2.541178e+06,-2.059088e-01,-6.974476e-02,-1.423732e+00,3.226499e-18,554,4332
9.837955e-09,2.541726e-03,8.462635e-04,2.500020e-02,2.583918e+05,8.602862e+04,2.541400e+06,-1.554572e-03,2.486839e-04,-1.632823e-02,3.226499e-18,554,43287
0.000000e+00,-5.510197e-08,-9.625347e-08,3.032626e-07,0.000000e+00,0.000000e+00,0.000000e+00,1.937439e+07,3.339836e+07,-8.618158e+07,5.482646e-18,555,0
6.143182e-10,-5.782778e-04,-9.907770e-04,2.500298e-03,-9.415874e+05,-1.613233e+06,4.070883e+06,3.794101e-01,6.492971e-01,-1.492452e+00,5.482646e-18,555,2703
6.141364e-09,-5.782642e-03,-9.907478e-03,2.500092e-02,-9.416242e+05,-1.613296e+06,4.071028e+06,3.794787e-03,6.355251e-03,-1.515621e-02,5.482646e-18,555,27022
0.000000e+00,2.217903e-08,-2.300856e-07,4.366623e-07,0.000000e+00,0.000000e+00,0.000000e+00,-2.798745e+06,3.246720e+07,-3.751757e+07,3.692296e-18,556,0
1.250909e-09,3.077316e-04,-2.416168e-03,2.500109e-03,2.461526e+05,-1.932545e+06,1.999198e+06,-8.332831e-02,6.520615e-01,-4.831966e-01,3.692296e-18,556,5504
1.250500e-08,3.078109e-03,-2.416641e-02,2.500016e-02,2.461691e+05,-1.932674e+06,1.999295e+06,-7.648688e-04,5.611726e-03,-5.922958e-03,3.692296e-18,556,55022
0.000000e+00,-9.681915e-08,-2.135349e-07,3.742583e-07,0.000000e+00,0.000000e+00,0.000000e+00,1.611138e+07,3.649182e+07,-4.312125e+07,4.072729e-18,557,0
1.071818e-09,-1.042830e-03,-2.286425e-03,2.500443e-03,-9.733586e+05,-2.134080e+06,2.333467e+06,3.050019e-01,6.534442e-01,-5.533833e-01,4.072729e-18,557,4716
1.071364e-08,-1.042819e-02,-2.286372e-02,2.500006e-02,-9.734102e+05,-2.134190e+06,2.333561e+06,2.627713e-03,5.575384e-03,-6.208737e-03,4.072729e-18,557,47140
0.000000e+00,5.178213e-09,1.454017e-07,1.978897e-07,0.000000e+00,0.000000e+00,0.000000e+00,-5.423426e+06,-1.068757e+08,-1.245010e+08,6.960777e-18,558,0
4.829545e-10,1.100415e-04,2.158710e-03,2.500427e-03,2.278702e+05,4.470024e+06,5.177490e+06,-4.544558e-02,-7.746158e-01,-8.069292e-01,6.960777e-18,558,2125
4.828636e-09,1.100305e-03,2.158423e-02,2.500037e-02,2.278737e+05,4.470083e+06,5.177552e+06,-4.721249e-04,-7.652596e-03,-8.188029e-03,6.960777e-18,558,21246
0.000000e+00,-1.437671e-07,-1.140992e-07,2.336098e-07,0.000000e+00,0.000000e+00,0.000000e+00,6.198388e+07,5.063488e+07,-8.102161e+07,5.834262e-18,559,0
7.022727e-10,-1.948981e-03,-1.594438e-03,2.500804e-03,-2.775627e+06,-2.270721e+06,3.561326e+06,5.707033e-01,4.756591e-01,-6.270962e-01,5.834262e-18,559,3090
7.020000e-09,-1.948497e-02,-1.594051e-02,2.500065e-02,-2.775691e+06,-2.270774e+06,3.561396e+06,5.505458e-03,4.641240e-03,-6.437494e-03,5.834262e-18,559,30888
0.000000e+00,2.024648e-08,-2.628663e-07,4.849479e-07,0.000000e+00,0.000000e+00,0.000000e+00,-2.539349e+06,2.989141e+07,-3.356218e+07,3.303767e-18,560,0
1.132273e-09,8.239836e-05,-2.342598e-03,2.500357e-03,7.279165e+04,-2.069947e+06,2.208911e+06,-2.759897e-02,7.142802e-01,-5.910302e-01,3.303767e-18,560,4982
1.131773e-08,8.238559e-04,-2.342702e-02,2.500001e-02,7.279660e+04,-2.070074e+06,2.209017e+06,-3.417377e-04,6.087000e-03,-6.668306e-03,3.303767e-18,560,49798
0.000000e+00,-1.403535e-07,-1.991246e-07,4.553192e-07,0.000000e+00,0.000000e+00,0.000000e+00,1.377046e+07,2.645019e+07,-3.740982e+07,3.532611e-18,561,0
1.132500e-09,-1.039282e-03,-1.918544e-03,2.500100e-03,-9.181579e+05,-1.694957e+06,2.208285e+06,3.475478e-01,6.239275e-01,-6.275828e-01,3.532611e-18,561,4983
1.132114e-08,-1.039458e-02,-1.918878e-02,2.500046e-02,-9.182199e+05,-1.695068e+06,2.208398e+06,3.053244e-03,5.254298e-03,-7.239694e-03,3.532611e-18,561,49813
0.000000e+00,2.170032e-07,4.395541e-08,4.845786e-07,0.000000e+00,0.000000e+00,0.000000e+00,-2.292432e+07,-9.200281e+06,-3.686122e+07,3.464363e-18,562,0
1.100909e-09,1.717694e-03,6.387280e-04,2.500500e-03,1.561178e+06,5.805369e+05,2.272179e+06,-6.849548e-01,-2.482660e-01,-7.887325e-01,3.464363e-18,562,4844
1.100273e-08,1.717717e-02,6.387452e-03,2.500033e-02,1.561297e+06,5.805799e+05,2.272317e+06,-5.749307e-03,-2.220416e-03,-8.948222e-03,3.464363e-18,562,48412
0.000000e+00,-3.254644e-08,4.880473e-08,4.909774e-07,0.000000e+00,0.000000e+00,0.000000e+00,4.998446e+06,-1.005406e+07,-4.562578e+07,3.769161e-18,563,0
8.877273e-10,-3.762740e-04,5.291256e-04,2.500285e-03,-4.242338e+05,5.964426e+05,2.818055e+06,3.187418e-01,-3.479239e-01,-1.615031e+00,3.769161e-18,563,3906
8.871364e-09,-3.763498e-03,5.291229e-03,2.500011e-02,-4.242785e+05,5.964913e+05,2.818282e+06,2.475653e-03,-3.479743e-03,-1.708908e-02,3.769161e-18,563,39034
0.000000e+00,6.009687e-08,-4.259942e-08,4.875846e-07,0.000000e+00,0.000000e+00,0.000000e+00,-8.485713e+06,4.520182e+06,-4.595918e+07,3.795586e-18,564,0
8.818182e-10,4.552314e-04,-2.918467e-04,2.500056e-03,5.166038e+05,-3.312225e+05,2.836642e+06,-3.385620e-01,2.445532e-01,-1.598555e+00,3.795586e-18,564,3880
8.813409e-09,4.553030e-03,-2.919192e-03,2.500060e-02,5.166509e+05,-3.312566e+05,2.836865e+06,-3.091515e-03,2.300181e-03,-1.764005e-02,3.795586e-18,564,38779
0.000000e+00,9.991567e-08,-2.319824e-07,3.337199e-07,0.000000e+00,0.000000e+00,0.000000e+00,-1.958903e+07,4.623568e+07,-4.414613e+07,4.263954e-18,565,0
1.124318e-09,1.193124e-03,-2.838967e-03,2.500194e-03,1.061513e+06,-2.525823e+06,2.224087e+06,-2.312368e-01,5.693514e-01,-3.666165e-01,4.263954e-18,565,4947
1.124068e-08,1.193212e-02,-2.839196e-02,2.500041e-02,1.061554e+06,-2.525924e+06,2.224153e+06,-2.032106e-03,4.991206e-03,-4.249102e-03,4.263954e-18,565,49459
0.000000e+00,6.773731e-08,-1.582248e-07,4.424301e-07,0.000000e+00,0.000000e+00,0.000000e+00,-7.819839e+06,2.681945e+07,-4.173605e+07,3.886574e-18,566,0
1.046136e-09,5.484703e-04,-1.788800e-03,2.500296e-03,5.245376e+05,-1.710978e+06,2.390865e+06,-2.041907e-01,7.821912e-01,-7.932263e-01,3.886574e-18,566,4603
1.045659e-08,5.484870e-03,-1.789089e-02,2.500044e-02,5.245713e+05,-1.711107e+06,2.390996e+06,-1.992267e-03,6.164611e-03,-9.005643e-03,3.886574e-18,566,46009
0.000000e+00,2.530693e-07,1.003358e-07,4.676045e-07,0.000000e+00,0.000000e+00,0.000000e+00,-3.033964e+07,-1.368114e+07,-3.362676e+07,3.358665e-18,567,0
1.312500e-09,2.624111e-03,1.073490e-03,2.500269e-03,2.000243e+06,8.182642e+05,1.905373e+06,-5.579752e-01,-2.295058e-01,-3.707579e-01,3.358665e-18,567,5775
1.312068e-08,2.624447e-02,1.073617e-02,2.500002e-02,2.000358e+06,8.183115e+05,1.905451e+06,-4.846646e-03,-1.994566e-03,-4.643398e-03,3.358665e-18,567,57731
0.000000e+00,1.016890e-08,-2.759974e-07,4.394979e-07,0.000000e+00,0.000000e+00,0.000000e+00,-1.482975e+06,3.453505e+07,-3.293428e+07,3.484947e-18,568,0
1.324773e-09,1.072974e-04,-2.945108e-03,2.500257e-03,8.103358e+04,-2.224099e+06,1.887721e+06,-2.446100e-02,5.944112e-01,-3.508222e-01,3.484947e-18,568,5829
1.324341e-08,1.073158e-03,-2.945455e-02,2.500004e-02,8.103870e+04,-2.224222e+06,1.887795e+06,-2.166954e-04,5.116265e-03,-4.336433e-03,3.484947e-18,568,58271
0.000000e+00,1.663187e-07,-6.678951e-08,2.898580e-07,0.000000e+00,0.000000e+00,0.000000e+00,-4.930078e+07,2.070115e+07,-6.582726e+07,5.190753e-18,569,0
7.875000e-10,1.952254e-03,-8.147439e-04,2.500469e-03,2.479729e+06,-1.034869e+06,3.175803e+06,-7.513486e-01,3.033532e-01,-8.235214e-01,5.190753e-18,569,3465
7.872045e-09,1.952055e-02,-8.146545e-03,2.500019e-02,2.479822e+06,-1.034907e+06,3.175906e+06,-7.241406e-03,2.865382e-03,-8.462498e-03,5.190753e-18,569,34637
0.000000e+00,-3.150079e-08,-1.436845e-07,4.988034e-07,0.000000e+00,0.000000e+00,0.000000e+00,6.478369e+06,1.807854e+07,-4.177137e+07,3.579207e-18,570,0
8.245455e-10,1.248793e-04,-1.345997e-03,2.500399e-03,1.516507e+05,-1.633313e+06,3.033587e+06,-6.170959e-02,7.802488e-01,-1.267253e+00,3.579207e-18,570,3628
8.241136e-09,1.249660e-03,-1.346023e-02,2.500029e-02,1.516588e+05,-1.633414e+06,3.033753e+06,-6.090168e-04,7.482469e-03,-1.313032e-02,3.579207e-18,570,36261
0.000000e+00,1.511931e-07,2.312273e-07,3.738933e-07,0.000000e+00,0.000000e+00,0.000000e+00,-2.195465e+07,-3.496919e+07,-3.469233e+07,3.850673e-18,571,0
1.375455e-09,1.866345e-03,2.795715e-03,2.500306e-03,1.357419e+06,2.033321e+06,1.818121e+06,-2.989655e-01,-4.368884e-01,-2.721965e-01,3.850673e-18,571,6052
1.375045e-08,1.866507e-02,2.795903e-02,2.500017e-02,1.357483e+06,2.033415e+06,1.818181e+06,-2.553839e-03,-3.810931e-03,-3.413105e-03,3.850673e-18,571,60502
0.000000e+00,1.188047e-07,-1.067195e-07,4.653215e-07,0.000000e+00,0.000000e+00,0.000000e+00,-8.798202e+06,7.943039e+06,-3.848024e+07,3.784868e-18,572,0
1.024318e-09,7.214384e-04,-6.041525e-04,2.500139e-03,7.048260e+05,-5.902319e+05,2.442084e+06,-4.144032e-01,3.530912e-01,-1.157911e+00,3.784868e-18,572,4507
1.023727e-08,7.215479e-03,-6.042367e-03,2.500037e-02,7.048929e+05,-5.902889e+05,2.442272e+06,-3.649134e-03,2.931681e-03,-1.340560e-02,3.784868e-18,572,45044
0.000000e+00,-2.690508e-08,-1.727944e-07,3.772864e-07,0.000000e+00,0.000000e+00,0.000000e+00,6.227239e+06,3.267962e+07,-5.235977e+07,4.352758e-18,573,0
8.670455e-10,-3.335495e-04,-1.664527e-03,2.500001e-03,-3.848769e+05,-1.920601e+06,2.884265e+06,1.599679e-01,7.851532e-01,-1.018387e+00,4.352758e-18,573,3815
8.667727e-09,-3.335993e-03,-1.664722e-02,2.500013e-02,-3.848988e+05,-1.920709e+06,2.884405e+06,1.528806e-03,7.410297e-03,-1.064035e-02,4.352758e-18,573,38138
0.000000e+00,-7.010972e-09,-1.894118e-07,4.590662e-07,0.000000e+00,0.000000e+00,0.000000e+00,1.502988e+06,2.626828e+07,-3.929684e+07,3.714785e-18,574,0
1.107500e-09,2.626886e-05,-1.788651e-03,2.500110e-03,2.374917e+04,-1.615969e+06,2.258302e+06,1.243340e-02,6.927143e-01,-7.890721e-01,3.714785e-18,574,4873
1.107023e-08,2.628575e-04,-1.788911e-02,2.500010e-02,2.374702e+04,-1.616090e+06,2.258441e+06,-1.649083e-04,5.960599e-03,-9.030697e-03,3.714785e-18,574,48709
0.000000e+00,6.850376e-08,-2.214499e-07,2.183160e-07,0.000000e+00,0.000000e+00,0.000000e+00,-2.676174e+07,8.001487e+07,-5.466837e+07,5.435085e-18,575,0
1.025455e-09,1.271359e-03,-3.787950e-03,2.500220e-03,1.239983e+06,-3.694427e+06,2.438306e+06,-1.607019e-01,4.619219e-01,-2.286439e-01,5.435085e-18,575,4512
1.025318e-08,1.271378e-02,-3.787968e-02,2.500053e-02,1.240009e+06,-3.694501e+06,2.438343e+06,-1.389280e-03,4.073189e-03,-2.477920e-03,5.435085e-18,575,45114
0.000000e+00,9.955032e-08,5.476795e-08,3.508132e-07,0.000000e+00,0.000000e+00,0.000000e+00,-2.391218e+07,-1.465930e+07,-6.986352e+07,4.885543e-18,576,0
6.922727e-10,9.061213e-04,5.447983e-04,2.500021e-03,1.309428e+06,7.872524e+05,3.612406e+06,-6.393767e-01,-3.415647e-01,-1.533575e+00,4.885543e-18,576,3046
6.920682e-09,9.062136e-03,5.448321e-03,2.500043e-02,1.309498e+06,7.872898e+05,3.612574e+06,-6.279167e-03,-3.423645e-03,-1.579098e-02,4.885543e-18,576,30451
0.000000e+00,-2.121046e-07,6.826323e-08,3.253664e-07,0.000000e+00,0.000000e+00,0.000000e+00,4.488289e+07,-1.756988e+07,-5.355683e+07,4.512931e-18,577,0
9.286364e-10,-2.210897e-03,8.746251e-04,2.500345e-03,-2.381531e+06,9.421613e+05,2.693036e+06,6.827308e-01,-2.877778e-01,-6.367810e-01,4.512931e-18,577,4086
9.283182e-09,-2.210820e-02,8.746246e-03,2.500008e-02,-2.381631e+06,9.422035e+05,2.693130e+06,6.395480e-03,-2.618888e-03,-6.800367e-03,4.512931e-18,577,40846
0.000000e+00,2.927835e-08,-3.184686e-09,4.883096e-07,0.000000e+00,0.000000e+00,0.000000e+00,1.075589e+06,5.617651e+05,-4.311714e+07,3.828617e-18,578,0
9.813636e-10,3.673150e-05,-7.670908e-06,2.500198e-03,3.747843e+04,-7.804804e+03,2.549033e+06,-1.256142e-02,-1.866734e-03,-1.396222e+00,3.828617e-18,578,4318
9.807727e-09,3.675438e-04,-7.655668e-05,2.500047e-02,3.748035e+04,-7.804526e+03,2.549251e+06,-1.809558e-04,3.685278e-04,-1.646124e-02,3.828617e-18,578,43154
0.000000e+00,-7.072890e-08,1.568700e-07,4.432369e-07,0.000000e+00,0.000000e+00,0.000000e+00,2.129366e+07,-2.168859e+07,-4.808797e+07,3.864922e-18,579,0
9.025000e-10,-1.099252e-03,1.201169e-03,2.500305e-03,-1.218653e+06,1.331538e+06,2.771389e+06,5.493638e-01,-5.681178e-01,-1.063613e+00,3.864922e-18,579,3971
9.020909e-09,-1.099330e-02,1.201168e-02,2.500060e-02,-1.218731e+06,1.331619e+06,2.771541e+06,5.242554e-03,-5.369702e-03,-1.115367e-02,3.864922e-18,579,39692
0.000000e+00,-1.049302e-08,2.390547e-07,3.058842e-07,0.000000e+00,0.000000e+00,0.000000e+00,1.807370e+06,-5.415612e+07,-4.857028e+07,4.553061e-18,580,0
1.041136e-09,-8.568615e-05,2.941906e-03,2.500190e-03,-8.232152e+04,2.826458e+06,2.401804e+06,2.445415e-02,-6.466415e-01,-4.333458e-01,4.553061e-18,580,4581
1.040886e-08,-8.568829e-04,2.942022e-02,2.500019e-02,-8.232554e+04,2.826564e+06,2.401875e+06,1.732057e-04,-5.761253e-03,-4.745123e-03,4.553061e-18,580,45799
0.000000e+00,2.232581e-07,8.063403e-09,2.238104e-07,0.000000e+00,0.000000e+00,0.000000e+00,-8.661955e+07,-1.073037e+06,-6.005528e+07,5.473364e-18,581,0
9.429545e-10,3.710539e-03,4.362122e-05,2.500506e-03,3.935521e+06,4.625523e+04,2.651930e+06,-5.258431e-01,-1.906871e-03,-2.721202e-01,5.473364e-18,581,4149
9.427045e-09,3.710040e-02,4.360568e-04,2.500001e-02,3.935599e+06,4.625552e+04,2.651971e+06,-4.810877e-03,-4.588862e-05,-2.912191e-03,5.473364e-18,581,41479
0.000000e+00,-2.392562e-07,8.468900e-08,3.772094e-07,0.000000e+00,0.000000e+00,0.000000e+00,3.720913e+07,-1.299168e+07,-4.025511e+07,3.941910e-18,582,0
1.134773e-09,-2.496763e-03,8.466353e-04,2.500208e-03,-2.201128e+06,7.463697e+05,2.203793e+06,6.465396e-01,-2.122113e-01,-4.864691e-01,3.941910e-18,582,4993
1.134409e-08,-2.496976e-02,8.466883e-03,2.500017e-02,-2.201244e+06,7.464077e+05,2.203881e+06,5.499036e-03,-1.761796e-03,-5.513313e-03,3.941910e-18,582,49914
0.000000e+00,4.598455e-08,2.103814e-07,5.420936e-07,0.000000e+00,0.000000e+00,0.000000e+00,-3.311626e+06,-1.978409e+07,-3.401910e+07,3.186464e-18,583,0
1.114318e-09,8.035234e-05,1.854777e-03,2.500096e-03,7.213242e+04,1.665487e+06,2.244498e+06,-4.061067e-02,-6.995066e-01,-8.020577e-01,3.186464e-18,583,4903
1.113841e-08,8.034734e-04,1.855079e-02,2.500031e-02,7.213952e+04,1.665610e+06,2.244639e+06,-3.457445e-04,-5.963566e-03,-9.152621e-03,3.186464e-18,583,49009
0.000000e+00,1.702060e-08,-1.171631e-07,1.445175e-07,0.000000e+00,0.000000e+00,0.000000e+00,-2.515989e+07,1.873783e+08,-2.072371e+08,8.981313e-18,584,0
2.995455e-10,3.038814e-04,-2.263820e-03,2.501600e-03,1.014456e+06,-7.557418e+06,8.351135e+06,-9.494701e-02,7.270386e-01,-7.473802e-01,8.981313e-18,584,1318
2.993636e-09,3.036929e-03,-2.262427e-02,2.500040e-02,1.014461e+06,-7.557452e+06,8.351170e+06,-9.442921e-04,7.237197e-03,-7.523021e-03,8.981313e-18,584,13172
0.000000e+00,-1.375922e-07,3.382986e-08,3.252531e-07,0.000000e+00,0.000000e+00,0.000000e+00,3.667555e+07,-9.250280e+06,-7.145513e+07,5.022104e-18,585,0
7.031818e-10,-1.332962e-03,3.335128e-04,2.500173e-03,-1.896232e+06,4.744472e+05,3.556426e+06,7.764543e-01,-1.989041e-01,-1.318776e+00,5.022104e-18,585,3094
7.029545e-09,-1.332967e-02,3.335154e-03,2.500018e-02,-1.896319e+06,4.744693e+05,3.556573e+06,7.579034e-03,-1.991896e-03,-1.355569e-02,5.022104e-18,585,30930
0.000000e+00,-1.755796e-07,9.273601e-08,1.801086e-07,0.000000e+00,0.000000e+00,0.000000e+00,9.866824e+07,-5.483536e+07,-8.238714e+07,6.364447e-18,586,0
7.190909e-10,-3.027267e-03,1.684276e-03,2.500513e-03,-4.210122e+06,2.342392e+06,3.477435e+06,4.879395e-01,-2.771859e-01,-3.415861e-01,6.364447e-18,586,3164
7.189318e-09,-3.026801e-02,1.684025e-02,2.500051e-02,-4.210177e+06,2.342423e+06,3.477474e+06,4.745228e-03,-2.641904e-03,-3.493064e-03,6.364447e-18,586,31633
0.000000e+00,1.046944e-07,1.479264e-07,3.097679e-07,0.000000e+00,0.000000e+00,0.000000e+00,-3.388001e+07,-4.667679e+07,-6.171700e+07,4.955940e-18,587,0
8.420455e-10,1.412382e-03,1.947897e-03,2.500037e-03,1.677755e+06,2.313893e+06,2.969485e+06,-4.429049e-01,-6.196288e-01,-6.660839e-01,4.955940e-18,587,3705
8.419091e-09,1.412518e-02,1.948088e-02,2.500051e-02,1.677814e+06,2.313975e+06,2.969574e+06,-4.174941e-03,-5.869446e-03,-6.917052e-03,4.955940e-18,587,37044
0.000000e+00,-2.266739e-07,7.459653e-08,2.499043e-07,0.000000e+00,0.000000e+00,0.000000e+00,6.275608e+07,-2.204452e+07,-5.241379e+07,5.052646e-18,588,0
1.003864e-09,-3.109772e-03,1.084594e-03,2.500029e-03,-3.098436e+06,1.080651e+06,2.490706e+06,5.607655e-01,-2.013307e-01,-3.510791e-01,5.052646e-18,588,4417
1.003727e-08,-3.109988e-02,1.084679e-02,2.500001e-02,-3.098525e+06,1.080682e+06,2.490762e+06,4.971544e-03,-1.760998e-03,-3.834838e-03,5.052646e-18,588,44164
0.000000e+00,7.058653e-08,9.541456e-08,3.038595e-07,0.000000e+00,0.000000e+00,0.000000e+00,-2.109621e+07,-3.408634e+07,-8.275631e+07,5.431549e-18,589,0
6.334091e-10,6.505155e-04,1.064712e-03,2.500254e-03,1.027259e+06,1.681420e+06,3.948151e+06,-3.875619e-01,-6.960417e-01,-1.430695e+00,5.431549e-18,589,2787
6.332045e-09,6.504674e-03,1.064684e-02,2.500001e-02,1.027298e+06,1.681490e+06,3.948294e+06,-3.956424e-03,-6.783923e-03,-1.449756e-02,5.431549e-18,589,27861
0.000000e+00,9.007112e-08,2.326200e-07,3.332687e-07,0.000000e+00,0.000000e+00,0.000000e+00,-1.768331e+07,-4.432853e+07,-4.435069e+07,4.273569e-18,590,0
1.103182e-09,1.088844e-03,2.705540e-03,2.500063e-03,9.873428e+05,2.453286e+06,2.266645e+06,-2.521695e-01,-6.023450e-01,-4.197544e-01,4.273569e-18,590,4854
1.102955e-08,1.088993e-02,2.705861e-02,2.500020e-02,9.873867e+05,2.453391e+06,2.266718e+06,-2.098044e-03,-5.223723e-03,-4.736999e-03,4.273569e-18,590,48530
0.000000e+00,2.167288e-07,-1.035395e-07,5.195724e-07,0.000000e+00,0.000000e+00,0.000000e+00,-2.269923e+07,1.614141e+07,-3.926902e+07,3.228622e-18,591,0
1.062500e-09,1.596538e-03,-1.067733e-03,2.500044e-03,1.503412e+06,-1.005453e+06,2.353705e+06,-6.239269e-01,3.959613e-01,-7.480040e-01,3.228622e-18,591,4675
1.062159e-08,1.596862e-02,-1.067947e-02,2.500031e-02,1.503516e+06,-1.005519e+06,2.353831e+06,-5.098320e-03,3.215247e-03,-8.603599e-03,3.228622e-18,591,46735
0.000000e+00,2.679704e-08,1.111210e-07,2.009212e-07,0.000000e+00,0.000000e+00,0.000000e+00,-2.486810e+07,-9.596503e+07,-1.546974e+08,7.388465e-18,592,0
3.922727e-10,4.035693e-04,1.556292e-03,2.500219e-03,1.028839e+06,3.967504e+06,6.373775e+06,-2.047613e-01,-7.700775e-01,-1.140906e+00,7.388465e-18,592,1726
3.922500e-09,4.035643e-03,1.556262e-02,2.500130e-02,1.028852e+06,3.967551e+06,6.373845e+06,-1.961844e-03,-7.665175e-03,-1.149098e-02,7.388465e-18,592,17259
0.000000e+00,-5.000088e-08,-9.548047e-09,3.348477e-07,0.000000e+00,0.000000e+00,0.000000e+00,1.628009e+07,1.820165e+06,-8.493632e+07,5.272169e-18,593,0
5.986364e-10,-4.989341e-04,-5.528624e-05,2.500545e-03,-8.337412e+05,-9.237760e+04,4.178187e+06,4.196378e-01,4.356061e-02,-1.906802e+00,5.272169e-18,593,2634
5.983636e-09,-4.988807e-03,-5.527580e-04,2.500089e-02,-8.337809e+05,-9.238173e+04,4.178368e+06,4.173079e-03,4.870186e-04,-1.936186e-02,5.272169e-18,593,26328
0.000000e+00,1.449622e-07,4.085356e-08,6.194182e-07,0.000000e+00,0.000000e+00,0.000000e+00,-1.180319e+07,-1.597789e+06,-3.816586e+07,2.923171e-18,594,0
9.727273e-10,9.148827e-04,1.889430e-04,2.500526e-03,9.412140e+05,1.943466e+05,2.571849e+06,-5.661319e-01,-9.117544e-02,-1.271162e+00,2.923171e-18,594,4280
9.720682e-09,9.149209e-03,1.889179e-03,2.500036e-02,9.413008e+05,1.943606e+05,2.572045e+06,-4.499515e-03,-2.983810e-04,-1.411844e-02,2.923171e-18,594,42771
0.000000e+00,-1.498037e-07,1.141418e-07,5.581662e-07,0.000000e+00,0.000000e+00,0.000000e+00,1.654694e+07,-9.891798e+06,-3.614301e+07,3.145183e-18,595,0
1.043409e-09,-1.181254e-03,7.706501e-04,2.500296e-03,-1.132945e+06,7.391145e+05,2.397324e+06,6.613198e-01,-4.194704e-01,-9.875582e-01,3.145183e-18,595,4591
1.042841e-08,-1.181479e-02,7.707776e-03,2.500045e-02,-1.133054e+06,7.391835e+05,2.397487e+06,5.393720e-03,-3.396180e-03,-1.134767e-02,3.145183e-18,595,45885
0.000000e+00,-1.136699e-07,9.779881e-08,4.803000e-07,0.000000e+00,0.000000e+00,0.000000e+00,1.428242e+07,-9.342774e+06,-3.856736e+07,3.675854e-18,596,0
1.047273e-09,-1.064101e-03,7.030808e-04,2.500200e-03,-1.016789e+06,6.718003e+05,2.388431e+06,5.260734e-01,-3.441077e-01,-9.863130e-01,3.675854e-18,596,4608
1.046727e-08,-1.064294e-02,7.031883e-03,2.500049e-02,-1.016876e+06,6.718571e+05,2.388595e+06,4.786196e-03,-2.862574e-03,-1.177768e-02,3.675854e-18,596,46056
0.000000e+00,1.918253e-07,-4.731510e-08,3.365910e-07,0.000000e+00,0.000000e+00,0.000000e+00,3.830215e+08,3.230898e+08,9.139482e+07,4.667832e-18,597,0
2.272727e-08,-3.481086e-01,-2.936687e-01,-8.304268e-02,-1.531679e+07,-1.292142e+07,-3.653893e+06,3.509425e-05,2.960544e-05,8.371951e-06,4.667832e-18,597,100000
0.000000e+00,-2.621220e-07,1.103097e-07,4.046307e-07,0.000000e+00,0.000000e+00,0.000000e+00,3.660354e+07,-1.395660e+07,-3.480195e+07,3.626220e-18,598,0
1.304545e-09,-2.892928e-03,1.135220e-03,2.500165e-03,-2.218432e+06,8.705286e+05,1.916868e+06,5.313776e-01,-2.033790e-01,-3.252730e-01,3.626220e-18,598,5740
1.304205e-08,-2.893283e-02,1.135345e-02,2.500005e-02,-2.218541e+06,8.705703e+05,1.916935e+06,4.595561e-03,-1.777224e-03,-3.948033e-03,3.626220e-18,598,57385
0.000000e+00,-7.091778e-08,2.143818e-07,5.789919e-07,0.000000e+00,0.000000e+00,0.000000e+00,7.984402e+06,-2.128757e+07,-3.468397e+07,2.971178e-18,599,0
1.101136e-09,-6.078045e-04,1.614838e-03,2.500496e-03,-5.522544e+05,1.467406e+06,2.271702e+06,1.991752e-01,-6.713759e-01,-8.311284e-01,2.971178e-18,599,4845
1.100500e-08,-6.077541e-03,1.614878e-02,2.500031e-02,-5.522890e+05,1.467522e+06,2.271847e+06,1.818442e-03,-5.316764e-03,-9.515379e-03,2.971178e-18,599,48422
0.000000e+00,-4.374564e-08,1.161838e-07,5.084490e-07,0.000000e+00,0.000000e+00,0.000000e+00,7.752043e+06,-1.312814e+07,-4.183036e+07,3.557866e-18,600,0
9.704545e-10,-5.115858e-04,9.352239e-04,2.500137e-03,-5.275287e+05,9.644100e+05,2.577573e+06,2.697798e-01,-5.561520e-01,-1.290840e+00,3.557866e-18,600,4270
9.699091e-09,-5.116490e-03,9.353823e-03,2.500026e-02,-5.275700e+05,9.644951e+05,2.577771e+06,2.511612e-03,-4.966262e-03,-1.403997e-02,3.557866e-18,600,42676
0.000000e+00,7.827539e-08,-8.655206e-08,5.174604e-07,0.000000e+00,0.000000e+00,0.000000e+00,-5.681314e+06,4.718965e+06,-4.169607e+07,3.545906e-18,601,0
9.736364e-10,4.360980e-04,-3.884001e-04,2.500223e-03,4.482638e+05,-3.993087e+05,2.569296e+06,-3.059017e-01,3.389566e-01,-1.359264e+00,3.545906e-18,601,4284
9.730227e-09,4.361701e-03,-3.885360e-03,2.500002e-02,4.483108e+05,-3.993607e+05,2.569506e+06,-2.776022e-03,2.600517e-03,-1.534125e-02,3.545906e-18,601,42813
0.000000e+00,3.462761e-08,4.028566e-08,4.378605e-07,0.000000e+00,0.000000e+00,0.000000e+00,-5.131884e+06,-7.528188e+06,-5.340152e+07,4.185722e-18,602,0
7.877273e-10,2.786864e-04,4.532927e-04,2.500644e-03,3.539990e+05,5.758567e+05,3.176076e+06,-2.136232e-01,-3.839905e-01,-1.799883e+00,4.185722e-18,602,3466
7.871364e-09,2.786442e-03,4.532732e-03,2.500012e-02,3.540256e+05,5.759045e+05,3.176300e+06,-1.973804e-03,-3.750366e-03,-1.861081e-02,4.185722e-18,602,34634
0.000000e+00,-1.499497e-08,1.326160e-07,5.749189e-07,0.000000e+00,0.000000e+00,0.000000e+00,1.987915e+06,-9.335027e+06,-3.779154e+07,3.174327e-18,603,0
7.575000e-10,-1.845594e-04,9.806485e-04,2.500622e-03,-2.438142e+05,1.295321e+06,3.302407e+06,1.513914e-01,-6.699367e-01,-1.524635e+00,3.174327e-18,603,3333
7.570227e-09,-1.845701e-03,9.805769e-03,2.500005e-02,-2.438323e+05,1.295401e+06,3.302589e+06,1.342307e-03,-6.348285e-03,-1.585471e-02,3.174327e-18,603,33309
0.000000e+00,5.799932e-08,1.393035e-07,3.591743e-07,0.000000e+00,0.000000e+00,0.000000e+00,-5.426379e+06,-4.188693e+07,-4.959277e+07,4.634531e-18,604,0
9.275000e-10,3.328892e-04,2.203967e-03,2.500552e-03,3.590198e+05,2.377167e+06,2.696684e+06,-1.186911e-01,-7.512227e-01,-7.168747e-01,4.634531e-18,604,4081
9.270682e-09,3.328376e-03,2.203787e-02,2.500020e-02,3.590371e+05,2.377277e+06,2.696790e+06,-9.597473e-04,-7.004527e-03,-7.630714e-03,4.634531e-18,604,40791
0.000000e+00,1.291565e-08,4.678467e-09,6.540268e-07,0.000000e+00,0.000000e+00,0.000000e+00,-9.815594e+05,-2.234291e+06,-3.940315e+07,2.863647e-18,605,0
9.036364e-10,6.743488e-05,1.213831e-04,2.500161e-03,7.470392e+04,1.344775e+05,2.768351e+06,-6.862487e-02,-1.323937e-01,-1.719305e+00,2.863647e-18,605,3976
9.030682e-09,6.746229e-04,1.214415e-03,2.500033e-02,7.471370e+04,1.344964e+05,2.768597e+06,-4.455984e-04,-1.311984e-03,-1.833527e-02,2.863647e-18,605,39735
0.000000e+00,7.284319e-08,2.083107e-07,3.004544e-07,0.000000e+00,0.000000e+00,0.000000e+00,-1.836426e+07,-5.147867e+07,-5.297142e+07,4.740611e-18,606,0
9.559091e-10,9.076194e-04,2.563877e-03,2.500591e-03,9.497475e+05,2.682884e+06,2.616384e+06,-2.350290e-01,-6.671944e-01,-5.249699e-01,4.740611e-18,606,4206
9.555227e-09,9.075053e-03,2.563557e-02,2.500027e-02,9.497830e+05,2.682985e+06,2.616463e+06,-2.156019e-03,-6.116864e-03,-5.609939e-03,4.740611e-18,606,42043
0.000000e+00,-2.051683e-07,-4.024090e-08,5.352120e-07,0.000000e+00,0.000000e+00,0.000000e+00,1.905362e+07,5.306912e+06,-3.598198e+07,3.200312e-18,607,0
1.112955e-09,-1.575177e-03,-3.436231e-04,2.500134e-03,-1.416240e+06,-3.089792e+05,2.247290e+06,6.750496e-01,1.721778e-01,-8.242243e-01,3.200312e-18,607,4897
1.112455e-08,-1.575497e-02,-3.437247e-03,2.500029e-02,-1.416358e+06,-3.090095e+05,2.247436e+06,5.670196e-03,1.511223e-03,-9.820176e-03,3.200312e-18,607,48948
0.000000e+00,1.044970e-07,-2.078201e-08,2.398265e-07,0.000000e+00,0.000000e+00,0.000000e+00,-6.213141e+07,1.359912e+07,-1.225947e+08,6.610780e-18,608,0
4.768182e-10,1.279299e-03,-2.801403e-04,2.500128e-03,2.683294e+06,-5.875916e+05,5.243774e+06,-7.770520e-01,1.709623e-01,-1.373247e+00,6.610780e-18,608,2098
4.767727e-09,1.279328e-02,-2.801488e-03,2.500105e-02,2.683353e+06,-5.876045e+05,5.243877e+06,-7.554751e-03,1.756983e-03,-1.393776e-02,6.610780e-18,608,20978
0.000000e+00,2.124531e-07,2.290180e-08,2.661292e-07,0.000000e+00,0.000000e+00,0.000000e+00,-6.648875e+07,-8.260296e+06,-5.869084e+07,5.141318e-18,609,0
9.159091e-10,2.949234e-03,3.702730e-04,2.500283e-03,3.220680e+06,4.043626e+05,2.730159e+06,-6.570880e-01,-8.635272e-02,-4.406672e-01,5.141318e-18,609,4030
9.157045e-09,2.949194e-02,3.702765e-03,2.500033e-02,3.220775e+06,4.043750e+05,2.730223e+06,-6.114938e-03,-7.778160e-04,-4.687820e-03,5.141318e-18,609,40291
0.000000e+00,1.010943e-07,7.871571e-08,2.709006e-07,0.000000e+00,0.000000e+00,0.000000e+00,-4.047617e+07,-3.417367e+07,-9.344670e+07,5.852011e-18,610,0
5.918182e-10,1.104731e-03,9.335086e-04,2.500267e-03,1.867045e+06,1.577686e+06,4.225360e+06,-6.315287e-01,-5.381617e-01,-1.281336e+00,5.852011e-18,610,2604
5.916818e-09,1.104700e-02,9.334907e-03,2.500084e-02,1.867104e+06,1.577736e+06,4.225480e+06,-6.223511e-03,-5.280235e-03,-1.295715e-02,5.852011e-18,610,26034
0.000000e+00,-2.446226e-07,1.386451e-07,3.269480e-07,0.000000e+00,0.000000e+00,0.000000e+00,4.343722e+07,-2.127128e+07,-3.678903e+07,4.106971e-18,611,0
1.303182e-09,-3.169047e-03,1.577906e-03,2.500166e-03,-2.432514e+06,1.211178e+06,1.918800e+06,4.611543e-01,-2.360559e-01,-2.597165e-01,4.106971e-18,611,5734
1.302909e-08,-3.169341e-02,1.578054e-02,2.500036e-02,-2.432609e+06,1.211227e+06,1.918854e+06,3.994848e-03,-1.921661e-03,-3.099193e-03,4.106971e-18,611,57328
0.000000e+00,2.290969e-07,6.613263e-08,4.397329e-07,0.000000e+00,0.000000e+00,0.000000e+00,-3.220972e+07,-1.088176e+07,-3.707142e+07,3.652291e-18,612,0
1.184545e-09,2.390417e-03,7.733276e-04,2.500341e-03,2.018955e+06,6.531583e+05,2.111343e+06,-6.434102e-01,-2.091908e-01,-4.921091e-01,3.652291e-18,612,5212
1.184091e-08,2.390620e-02,7.733965e-03,2.500039e-02,2.019075e+06,6.531973e+05,2.111435e+06,-5.422069e-03,-1.736270e-03,-5.812113e-03,3.652291e-18,612,52100
0.000000e+00,-2.070330e-07,1.117259e-07,2.168199e-07,0.000000e+00,0.000000e+00,0.000000e+00,7.300446e+07,-4.110643e+07,-5.633662e+07,5.394816e-18,613,0
9.954545e-10,-3.341720e-03,1.885018e-03,2.500457e-03,-3.357430e+06,1.893890e+06,2.512041e+06,4.390380e-01,-2.511962e-01,-2.524005e-01,5.394816e-18,613,4380
9.952045e-09,-3.341336e-02,1.884811e-02,2.500007e-02,-3.357499e+06,1.893930e+06,2.512081e+06,3.921108e-03,-2.256777e-03,-2.703240e-03,5.394816e-18,613,43789
0.000000e+00,1.048156e-08,-1.684297e-07,3.227864e-07,0.000000e+00,0.000000e+00,0.000000e+00,1.566530e+05,4.267245e+07,-6.678879e+07,4.904517e-18,614,0
7.543182e-10,-1.339792e-05,-1.659464e-03,2.500293e-03,-1.779971e+04,-2.200637e+06,3.315419e+06,2.336976e-02,8.076355e-01,-1.074975e+00,4.904517e-18,614,3319
7.540682e-09,-1.342088e-04,-1.659433e-02,2.500065e-02,-1.780249e+04,-2.200734e+06,3.315548e+06,1.946044e-04,7.942141e-03,-1.118083e-02,4.904517e-18,614,33179
0.000000e+00,-4.492175e-08,-9.731567e-10,2.802015e-07,0.000000e+00,0.000000e+00,0.000000e+00,1.939963e+07,-6.015164e+06,-1.160189e+08,6.180922e-18,615,0
4.854545e-10,-4.251252e-04,1.316631e-04,2.501050e-03,-8.758796e+05,2.713036e+05,5.152734e+06,3.530902e-01,-1.282212e-01,-1.941136e+00,6.180922e-18,615,2136
4.851818e-09,-4.249632e-03,1.316309e-03,2.500030e-02,-8.759067e+05,2.713134e+05,5.152883e+06,3.420836e-03,-1.291663e-03,-1.959120e-02,6.180922e-18,615,21348
0.000000e+00,-2.268538e-07,3.946211e-08,4.331164e-07,0.000000e+00,0.000000e+00,0.000000e+00,3.116149e+07,-5.176709e+06,-4.031621e+07,3.697878e-18,616,0
1.089091e-09,-2.148821e-03,3.139824e-04,2.500499e-03,-1.974040e+06,2.884227e+05,2.296636e+06,7.361450e-01,-1.028182e-01,-6.452091e-01,3.697878e-18,616,4792
1.088545e-08,-2.148826e-02,3.139619e-03,2.500009e-02,-1.974167e+06,2.884403e+05,2.296748e+06,6.352239e-03,-7.648203e-04,-7.435737e-03,3.697878e-18,616,47896
0.000000e+00,2.418228e-07,-7.208438e-08,3.133102e-07,0.000000e+00,0.000000e+00,0.000000e+00,-4.627427e+07,1.831450e+07,-4.228161e+07,4.412167e-18,617,0
1.157273e-09,2.953275e-03,-1.123427e-03,2.500169e-03,2.552705e+06,-9.710590e+05,2.160773e+06,-5.561554e-01,2.120772e-01,-3.570443e-01,4.412167e-18,617,5092
1.157000e-08,2.953477e-02,-1.123513e-02,2.500027e-02,2.552806e+06,-9.710976e+05,2.160838e+06,-4.863013e-03,1.704357e-03,-4.044730e-03,4.412167e-18,617,50908
0.000000e+00,-8.361400e-08,-1.242826e-07,1.929637e-07,0.000000e+00,0.000000e+00,0.000000e+00,5.484244e+07,7.789338e+07,-1.181826e+08,7.007043e-18,618,0
5.036364e-10,-1.171112e-03,-1.660389e-03,2.500810e-03,-2.325486e+06,-3.297018e+06,4.965754e+06,4.757564e-01,6.498857e-01,-8.925266e-01,7.007043e-18,618,2216
5.034545e-09,-1.170782e-02,-1.659907e-02,2.500046e-02,-2.325524e+06,-3.297070e+06,4.965826e+06,4.690193e-03,6.410863e-03,-8.997557e-03,7.007043e-18,618,22152
0.000000e+00,-1.356154e-07,-9.615648e-08,2.948417e-07,0.000000e+00,0.000000e+00,0.000000e+00,4.239268e+07,3.137865e+07,-7.266729e+07,5.216165e-18,619,0
7.275000e-10,-1.508396e-03,-1.116613e-03,2.500151e-03,-2.073921e+06,-1.535265e+06,3.437246e+06,6.606518e-01,4.985694e-01,-9.453352e-01,5.216165e-18,619,3201
7.273409e-09,-1.508451e-02,-1.116663e-02,2.500064e-02,-2.073997e+06,-1.535322e+06,3.437355e+06,6.475111e-03,4.853016e-03,-9.716203e-03,5.216165e-18,619,32003
0.000000e+00,5.217527e-08,1.882403e-07,6.035641e-07,0.000000e+00,0.000000e+00,0.000000e+00,-7.036169e+06,-1.600532e+07,-3.830835e+07,2.927694e-18,620,0
9.825000e-10,4.939148e-04,1.110476e-03,2.500365e-03,5.030363e+05,1.131037e+06,2.546088e+06,-2.641903e-01,-6.821563e-01,-1.230473e+00,2.927694e-18,620,4323
9.819091e-09,4.939341e-03,1.110576e-02,2.500050e-02,5.030773e+05,1.131142e+06,2.546279e+06,-2.514697e-03,-6.415867e-03,-1.313486e-02,2.927694e-18,620,43204
0.000000e+00,1.905878e-07,-8.516093e-08,5.373253e-07,0.000000e+00,0.000000e+00,0.000000e+00,-1.798812e+07,8.753353e+06,-4.153022e+07,3.220270e-18,621,0
9.397727e-10,1.176396e-03,-6.688376e-04,2.500494e-03,1.252479e+06,-7.121812e+05,2.661871e+06,-6.436854e-01,4.068675e-01,-1.188846e+00,3.220270e-18,621,4135
9.392045e-09,1.176336e-02,-6.688809e-03,2.500059e-02,1.252574e+06,-7.122415e+05,2.662048e+06,-5.526238e-03,3.689182e-03,-1.268175e-02,3.220270e-18,621,41325
0.000000e+00,-4.282725e-08,8.180794e-08,3.456402e-07,0.000000e+00,0.000000e+00,0.000000e+00,1.517619e+07,-2.103610e+07,-7.346456e+07,5.013023e-18,622,0
6.629545e-10,-5.399563e-04,7.441143e-04,2.500319e-03,-8.148046e+05,1.122836e+06,3.772583e+06,4.026974e-01,-5.427327e-01,-1.635929e+00,5.013023e-18,622,2917
6.626818e-09,-5.399548e-03,7.440835e-03,2.500033e-02,-8.148468e+05,1.122893e+06,3.772754e+06,4.106566e-03,-5.375011e-03,-1.665850e-02,5.013023e-18,622,29158
0.000000e+00,-4.775898e-08,-2.646504e-07,3.085333e-07,0.000000e+00,0.000000e+00,0.000000e+00,8.604590e+06,5.328330e+07,-4.123423e+07,4.313657e-18,623,0
1.219545e-09,-5.492190e-04,-3.479600e-03,2.500190e-03,-4.504527e+05,-2.853964e+06,2.050362e+06,7.674670e-02,5.287754e-01,-2.675008e-01,4.313657e-18,623,5366
1.219295e-08,-5.492354e-03,-3.479824e-02,2.500012e-02,-4.504674e+05,-2.854066e+06,2.050414e+06,6.722920e-04,4.478559e-03,-3.135297e-03,4.313657e-18,623,53649
0.000000e+00,-2.758981e-07,-4.701882e-08,3.619451e-07,0.000000e+00,0.000000e+00,0.000000e+00,4.308776e+07,6.061008e+06,-3.527576e+07,3.897941e-18,624,0
1.332727e-09,-3.380262e-03,-5.006435e-04,2.500365e-03,-2.537223e+06,-3.757871e+05,1.876426e+06,5.251390e-01,8.173862e-02,-2.663470e-01,3.897941e-18,624,5864
1.332318e-08,-3.380381e-02,-5.006672e-03,2.500013e-02,-2.537333e+06,-3.758042e+05,1.876483e+06,4.493306e-03,6.365787e-04,-3.303063e-03,3.897941e-18,624,58622
0.000000e+00,-6.458984e-09,4.851902e-08,4.342157e-07,0.000000e+00,0.000000e+00,0.000000e+00,3.489238e+06,-8.407228e+06,-5.424879e+07,4.216377e-18,625,0
7.884091e-10,-1.741334e-04,3.983643e-04,2.500497e-03,-2.210497e+05,5.056480e+05,3.173177e+06,1.679206e-01,-3.854256e-01,-1.844626e+00,4.216377e-18,625,3469
7.878636e-09,-1.741549e-03,3.983805e-03,2.500039e-02,-2.210706e+05,5.056960e+05,3.173407e+06,1.453827e-03,-3.670444e-03,-1.919879e-02,4.216377e-18,625,34666
0.000000e+00,5.044464e-08,8.046118e-08,6.481758e-07,0.000000e+00,0.000000e+00,0.000000e+00,-3.541145e+06,-7.914618e+06,-3.536522e+07,2.850089e-18,626,0
9.850000e-10,3.094143e-04,5.478352e-04,2.500528e-03,3.143825e+05,5.566051e+05,2.540018e+06,-2.148521e-01,-3.539892e-01,-1.422924e+00,2.850089e-18,626,4334
9.842500e-09,3.094302e-03,5.478368e-03,2.500036e-02,3.144159e+05,5.566600e+05,2.540240e+06,-1.891261e-03,-2.696236e-03,-1.564688e-02,2.850089e-18,626,43307
0.000000e+00,1.720155e-07,-8.498949e-08,4.952300e-07,0.000000e+00,0.000000e+00,0.000000e+00,-2.103393e+07,9.880392e+06,-4.182286e+07,3.504823e-18,627,0
9.990909e-10,1.427614e-03,-7.066666e-04,2.500421e-03,1.429823e+06,-7.077477e+05,2.503604e+06,-7.159884e-01,3.648279e-01,-9.375075e-01,3.504823e-18,627,4396
9.985682e-09,1.427769e-02,-7.067334e-03,2.500038e-02,1.429936e+06,-7.078052e+05,2.503752e+06,-6.114664e-03,2.889348e-03,-1.054416e-02,3.504823e-18,627,43937
0.000000e+00,1.669051e-07,2.871974e-08,2.461016e-07,0.000000e+00,0.000000e+00,0.000000e+00,-7.027249e+07,-7.811803e+06,-7.602442e+07,5.840932e-18,628,0
7.281818e-10,2.364948e-03,2.675660e-04,2.500613e-03,3.248335e+06,3.675019e+05,3.434461e+06,-7.612877e-01,-8.623381e-02,-6.938672e-01,5.840932e-18,628,3204
7.279318e-09,2.364571e-02,2.675175e-03,2.500067e-02,3.248422e+06,3.675118e+05,3.434541e+06,-7.338517e-03,-8.620428e-04,-7.157383e-03,5.840932e-18,628,32029
0.000000e+00,-6.666665e-08,-2.692296e-07,4.466188e-07,0.000000e+00,0.000000e+00,0.000000e+00,1.029867e+07,3.188881e+07,-3.374751e+07,3.442005e-18,629,0
1.277955e-09,-7.951348e-04,-2.637141e-03,2.500025e-03,-6.224962e+05,-2.064509e+06,1.956730e+06,1.867094e-01,5.957013e-01,-3.991048e-01,3.442005e-18,629,5623
1.277636e-08,-7.953209e-03,-2.637685e-02,2.500007e-02,-6.225337e+05,-2.064628e+06,1.956811e+06,1.627693e-03,5.062211e-03,-4.910153e-03,3.442005e-18,629,56216
0.000000e+00,-1.515138e-07,-6.010917e-08,2.859664e-07,0.000000e+00,0.000000e+00,0.000000e+00,5.293268e+07,2.068155e+07,-7.566887e+07,5.352714e-18,630,0
7.122727e-10,-1.804152e-03,-7.050620e-04,2.500795e-03,-2.533546e+06,-9.901102e+05,3.511564e+06,7.715732e-01,3.033162e-01,-9.160642e-01,5.352714e-18,630,3134
7.119318e-09,-1.803715e-02,-7.048924e-03,2.500009e-02,-2.533632e+06,-9.901443e+05,3.511667e+06,7.478915e-03,2.954131e-03,-9.436331e-03,5.352714e-18,630,31325
0.000000e+00,-1.219403e-07,-5.667020e-08,1.401233e-07,0.000000e+00,0.000000e+00,0.000000e+00,1.733670e+08,7.968973e+07,-1.776586e+08,8.641988e-18,631,0
3.486364e-10,-2.443291e-03,-1.123018e-03,2.500860e-03,-7.008076e+06,-3.221143e+06,7.173133e+06,6.136044e-01,2.806885e-01,-5.776490e-01,8.641988e-18,631,1534
3.485227e-09,-2.442484e-02,-1.122646e-02,2.500013e-02,-7.008109e+06,-3.221158e+06,7.173165e+06,6.093276e-03,2.796934e-03,-5.820842e-03,8.641988e-18,631,15335
0.000000e+00,9.186227e-08,1.598997e-07,2.279586e-07,0.000000e+00,0.000000e+00,0.000000e+00,-4.067696e+07,-9.007755e+07,-8.480692e+07,5.908554e-18,632,0
6.895455e-10,1.214387e-03,2.686563e-03,2.500049e-03,1.761276e+06,3.896505e+06,3.625793e+06,-2.672683e-01,-6.022631e-01,-4.737233e-01,5.908554e-18,632,3034
6.895000e-09,1.214405e-02,2.686648e-02,2.500001e-02,1.761305e+06,3.896570e+06,3.625845e+06,-2.605748e-03,-5.848457e-03,-4.833501e-03,5.908554e-18,632,30338
0.000000e+00,-8.239642e-08,-2.337399e-07,4.107410e-07,0.000000e+00,0.000000e+00,0.000000e+00,1.258891e+07,3.407847e+07,-3.836622e+07,3.769154e-18,633,0
1.161818e-09,-9.114464e-04,-2.412539e-03,2.500175e-03,-7.848421e+05,-2.077430e+06,2.152484e+06,2.322023e-01,6.326996e-01,-4.873207e-01,3.769154e-18,633,5112
1.161455e-08,-9.115555e-03,-2.412835e-02,2.500028e-02,-7.848846e+05,-2.077546e+06,2.152574e+06,2.093015e-03,5.377765e-03,-5.699677e-03,3.769154e-18,633,51104
0.000000e+00,2.087254e-07,1.635808e-08,3.700513e-07,0.000000e+00,0.000000e+00,0.000000e+00,-5.080707e+07,-8.015193e+06,-5.407892e+07,4.267209e-18,634,0
9.218182e-10,2.433601e-03,3.870461e-04,2.500454e-03,2.640797e+06,4.200271e+05,2.712990e+06,-7.443176e-01,-1.300286e-01,-6.168648e-01,4.267209e-18,634,4056
9.215000e-09,2.433495e-02,3.870537e-03,2.500039e-02,2.640905e+06,4.200460e+05,2.713081e+06,-6.872068e-03,-9.612499e-04,-6.629025e-03,4.267209e-18,634,40546
0.000000e+00,3.367518e-08,-9.234040e-08,4.083652e-07,0.000000e+00,0.000000e+00,0.000000e+00,-3.554992e+06,1.929158e+07,-5.329370e+07,4.369328e-18,635,0
8.104545e-10,2.312459e-04,-8.936691e-04,2.500223e-03,2.854832e+05,-1.103336e+06,3.086371e+06,-1.500127e-01,6.545824e-01,-1.567333e+00,4.369328e-18,635,3566
8.100227e-09,2.312469e-03,-8.937243e-03,2.500037e-02,2.855024e+05,-1.103420e+06,3.086572e+06,-1.453533e-03,6.139270e-03,-1.617435e-02,4.369328e-18,635,35641
0.000000e+00,6.155947e-08,-2.116162e-07,5.286659e-07,0.000000e+00,0.000000e+00,0.000000e+00,-5.215233e+06,2.390616e+07,-3.360417e+07,3.228007e-18,636,0
1.191136e-09,3.892696e-04,-1.906008e-03,2.500104e-03,3.270073e+05,-1.601119e+06,2.099648e+06,-1.451478e-01,6.500833e-01,-6.469989e-01,3.228007e-18,636,5241
1.190682e-08,3.893617e-03,-1.906417e-02,2.500034e-02,3.270345e+05,-1.601241e+06,2.099770e+06,-1.228641e-03,5.675568e-03,-7.942606e-03,3.228007e-18,636,52390
0.000000e+00,-2.632818e-07,1.116047e-07,3.270268e-07,0.000000e+00,0.000000e+00,0.000000e+00,4.578163e+07,-1.782387e+07,-3.844383e+07,4.070678e-18,637,0
1.263182e-09,-3.212755e-03,1.230663e-03,2.500071e-03,-2.544153e+06,9.745183e+05,1.979488e+06,5.056653e-01,-1.800961e-01,-2.805415e-01,4.070678e-18,637,5558
1.262955e-08,-3.213147e-02,1.230773e-02,2.500018e-02,-2.544253e+06,9.745540e+05,1.979545e+06,4.383981e-03,-1.523142e-03,-3.305228e-03,4.070678e-18,637,55570
0.000000e+00,1.845138e-07,-1.528635e-07,4.657161e-07,0.000000e+00,0.000000e+00,0.000000e+00,-2.524717e+07,1.966362e+07,-3.417262e+07,3.502546e-18,638,0
1.272955e-09,2.093388e-03,-1.582988e-03,2.500180e-03,1.645322e+06,-1.244146e+06,1.964563e+06,-4.932073e-01,3.715403e-01,-4.275749e-01,3.502546e-18,638,5601
1.272545e-08,2.093738e-02,-1.583228e-02,2.500015e-02,1.645421e+06,-1.244220e+06,1.964650e+06,-4.313071e-03,3.303665e-03,-5.279354e-03,3.502546e-18,638,55992
0.000000e+00,1.790407e-07,-1.364684e-07,3.193661e-07,0.000000e+00,0.000000e+00,0.000000e+00,-4.170924e+07,3.008568e+07,-5.051709e+07,4.555186e-18,639,0
9.947727e-10,2.206683e-03,-1.583190e-03,2.500543e-03,2.218960e+06,-1.591972e+06,2.514121e+06,-5.700186e-01,3.940711e-01,-4.999717e-01,4.555186e-18,639,4377
9.943864e-09,2.206502e-02,-1.583035e-02,2.500022e-02,2.219050e+06,-1.592033e+06,2.514200e+06,-5.085113e-03,3.504027e-03,-5.457321e-03,4.555186e-18,639,43753
0.000000e+00,-2.354835e-07,-3.849359e-08,5.188375e-07,0.000000e+00,0.000000e+00,0.000000e+00,2.358908e+07,5.102785e+06,-3.381923e+07,3.202945e-18,640,0
1.172955e-09,-1.929085e-03,-4.043056e-04,2.500307e-03,-1.645654e+06,-3.449249e+05,2.132401e+06,7.024285e-01,1.598344e-01,-6.728270e-01,3.202945e-18,640,5161
1.172386e-08,-1.929337e-02,-4.043835e-03,2.500017e-02,-1.645784e+06,-3.449545e+05,2.132527e+06,6.003921e-03,1.442842e-03,-7.845071e-03,3.202945e-18,640,51585
0.000000e+00,3.879074e-08,-1.252064e-07,1.977593e-07,0.000000e+00,0.000000e+00,0.000000e+00,-2.838126e+07,9.293546e+07,-1.395878e+08,7.217285e-18,641,0
4.318182e-10,5.101238e-04,-1.673136e-03,2.501297e-03,1.181387e+06,-3.874803e+06,5.792653e+06,-2.298646e-01,7.672702e-01,-1.062141e+00,7.217285e-18,641,1900
4.315909e-09,5.098788e-03,-1.672339e-02,2.500072e-02,1.181402e+06,-3.874855e+06,5.792726e+06,-2.327595e-03,7.593087e-03,-1.073183e-02,7.217285e-18,641,18990
0.000000e+00,-2.079747e-07,7.076727e-08,2.761171e-07,0.000000e+00,0.000000e+00,0.000000e+00,5.633755e+07,-2.031786e+07,-5.865559e+07,4.984222e-18,642,0
8.936364e-10,-2.497785e-03,9.054889e-04,2.500079e-03,-2.795743e+06,1.013520e+06,2.798088e+06,6.695997e-01,-2.513090e-01,-5.565710e-01,4.984222e-18,642,3932
8.934773e-09,-2.497936e-02,9.055577e-03,2.500041e-02,-2.795837e+06,1.013555e+06,2.798166e+06,6.244687e-03,-2.372928e-03,-5.836145e-03,4.984222e-18,642,39313
0.000000e+00,-4.160255e-08,-1.111409e-07,6.170857e-07,0.000000e+00,0.000000e+00,0.000000e+00,5.243880e+06,9.660666e+06,-3.576303e+07,2.968842e-18,643,0
1.032045e-09,-3.647766e-04,-7.586895e-04,2.500210e-03,-3.537433e+05,-7.356802e+05,2.423830e+06,2.318550e-01,4.396523e-01,-1.224222e+00,2.968842e-18,643,4541
1.031432e-08,-3.648609e-03,-7.588024e-03,2.500039e-02,-3.537810e+05,-7.357517e+05,2.424030e+06,1.776752e-03,3.983808e-03,-1.387071e-02,2.968842e-18,643,45383
0.000000e+00,2.092899e-08,-1.771147e-08,1.543026e-07,0.000000e+00,0.000000e+00,0.000000e+00,-5.687984e+07,4.564575e+07,-3.879511e+08,1.066071e-17,644,0
1.609091e-10,3.667924e-04,-2.943510e-04,2.501314e-03,2.279426e+06,-1.829234e+06,1.554430e+07,-2.789097e-01,2.233007e-01,-1.829864e+00,1.066071e-17,644,708
1.608409e-09,3.666270e-03,-2.942174e-03,2.500174e-02,2.279433e+06,-1.829240e+06,1.554434e+07,-2.791307e-03,2.216807e-03,-1.832452e-02,1.066071e-17,644,7077
0.000000e+00,-1.259410e-07,-1.579024e-07,2.227779e-07,0.000000e+00,0.000000e+00,0.000000e+00,5.424858e+07,6.703903e+07,-7.281128e+07,5.745172e-18,645,0
7.834091e-10,-1.902770e-03,-2.350477e-03,2.500074e-03,-2.429144e+06,-3.000698e+06,3.191503e+06,4.087097e-01,5.034524e-01,-4.414632e-01,5.745172e-18,645,3447
7.833409e-09,-1.902853e-02,-2.350576e-02,2.500049e-02,-2.429194e+06,-3.000761e+06,3.191558e+06,3.938026e-03,4.801825e-03,-4.570742e-03,5.745172e-18,645,34467
0.000000e+00,-8.155154e-08,1.630362e-08,1.453763e-07,0.000000e+00,0.000000e+00,0.000000e+00,1.760187e+08,-3.561777e+07,-2.967707e+08,9.982847e-18,646,0
2.100000e-10,-1.483882e-03,3.002673e-04,2.501147e-03,-7.065917e+06,1.429807e+06,1.190985e+07,7.373408e-01,-1.493546e-01,-1.193002e+00,9.982847e-18,646,924
2.099091e-09,-1.483208e-02,3.001310e-03,2.500000e-02,-7.065942e+06,1.429812e+06,1.190989e+07,7.356178e-03,-1.495430e-03,-1.195292e-02,9.982847e-18,646,9236
0.000000e+00,1.831363e-07,1.311205e-07,4.978547e-07,0.000000e+00,0.000000e+00,0.000000e+00,-2.162827e+07,-1.849883e+07,-3.663652e+07,3.362269e-18,647,0
1.129318e-09,1.564032e-03,1.407734e-03,2.500328e-03,1.385662e+06,1.247213e+06,2.214679e+06,-5.305752e-01,-4.714879e-01,-6.296342e-01,3.362269e-18,647,4969
1.128841e-08,1.564189e-02,1.407899e-02,2.500040e-02,1.385756e+06,1.247296e+06,2.214792e+06,-4.518757e-03,-3.699421e-03,-7.348346e-03,3.362269e-18,647,49669
0.000000e+00,6.809403e-08,-1.994241e-07,5.749165e-07,0.000000e+00,0.000000e+00,0.000000e+00,-5.425249e+06,2.231216e+07,-3.711317e+07,3.028856e-18,648,0
1.028636e-09,3.907066e-04,-1.578840e-03,2.500487e-03,3.800535e+05,-1.535927e+06,2.431833e+06,-1.949915e-01,8.214149e-01,-9.563439e-01,3.028856e-18,648,4526
1.028023e-08,3.907049e-03,-1.578963e-02,2.500000e-02,3.800852e+05,-1.536061e+06,2.431989e+06,-2.115600e-03,6.508810e-03,-1.072497e-02,3.028856e-18,648,45233
0.000000e+00,-2.392653e-07,1.171973e-07,2.680609e-07,0.000000e+00,0.000000e+00,0.000000e+00,5.636140e+07,-3.047183e+07,-4.426368e+07,4.627487e-18,649,0
1.189318e-09,-3.369175e-03,1.827511e-03,2.500110e-03,-2.833443e+06,1.536940e+06,2.102342e+06,4.286362e-01,-2.392520e-01,-2.304162e-01,4.627487e-18,649,5233
1.189159e-08,-3.369417e-02,1.827666e-02,2.500033e-02,-2.833523e+06,1.536985e+06,2.102386e+06,3.722853e-03,-2.001277e-03,-2.652252e-03,4.627487e-18,649,52323
0.000000e+00,1.116577e-07,-1.459912e-07,5.135016e-07,0.000000e+00,0.000000e+00,0.000000e+00,-1.504358e+07,1.883087e+07,-4.012060e+07,3.422470e-18,650,0
9.797727e-10,7.523931e-04,-1.112384e-03,2.500069e-03,7.683917e+05,-1.135978e+06,2.552783e+06,-4.142169e-01,5.886579e-01,-1.099973e+00,3.422470e-18,650,4311
9.793182e-09,7.525011e-03,-1.112488e-02,2.500003e-02,7.684558e+05,-1.136069e+06,2.552953e+06,-3.539760e-03,4.728820e-03,-1.227047e-02,3.422470e-18,650,43090
0.000000e+00,-2.552032e-08,-9.558277e-08,4.935254e-07,0.000000e+00,0.000000e+00,0.000000e+00,6.229919e+06,6.219738e+06,-4.921018e+07,3.715366e-18,651,0
8.175000e-10,-2.506291e-04,-4.787847e-04,2.500533e-03,-3.067740e+05,-5.860902e+05,3.060340e+06,1.946492e-01,4.138197e-01,-1.790502e+00,3.715366e-18,651,3597
8.169091e-09,-2.506059e-03,-4.787805e-03,2.500031e-02,-3.067991e+05,-5.861437e+05,3.060572e+06,1.866249e-03,3.870184e-03,-1.858409e-02,3.715366e-18,651,35944
0.000000e+00,7.498642e-08,-2.452237e-07,4.467680e-07,0.000000e+00,0.000000e+00,0.000000e+00,-7.821308e+06,3.465082e+07,-3.580178e+07,3.534123e-18,652,0
1.229773e-09,6.169725e-04,-2.656576e-03,2.500457e-03,5.019048e+05,-2.161185e+06,2.033721e+06,-1.426177e-01,6.242364e-01,-4.198117e-01,3.534123e-18,652,5411
1.229273e-08,6.169776e-03,-2.656678e-02,2.500017e-02,5.019325e+05,-2.161306e+06,2.033803e+06,-1.230341e-03,5.298364e-03,-5.002286e-03,3.534123e-18,652,54088
0.000000e+00,5.469153e-08,-2.189946e-07,2.483700e-07,0.000000e+00,0.000000e+00,0.000000e+00,-1.934857e+07,7.073540e+07,-5.754400e+07,5.212507e-18,653,0
9.515909e-10,8.749236e-04,-3.197768e-03,2.500077e-03,9.196050e+05,-3.361043e+06,2.627508e+06,-1.607283e-01,5.776325e-01,-3.519409e-01,5.212507e-18,653,4187
9.514773e-09,8.749840e-03,-3.197960e-02,2.500028e-02,9.196291e+05,-3.361129e+06,2.627561e+06,-1.393875e-03,5.251690e-03,-3.843821e-03,5.212507e-18,653,41865
0.000000e+00,-2.329724e-07,1.615512e-07,3.470321e-07,0.000000e+00,0.000000e+00,0.000000e+00,3.474343e+07,-2.976954e+07,-4.396424e+07,3.967742e-18,654,0
1.101818e-09,-2.146518e-03,1.793553e-03,2.500003e-03,-1.948804e+06,1.628361e+06,2.269424e+06,5.149420e-01,-4.233973e-01,-4.481102e-01,3.967742e-18,654,4848
1.101614e-08,-2.146832e-02,1.793825e-02,2.500044e-02,-1.948894e+06,1.628435e+06,2.269502e+06,4.480535e-03,-3.622602e-03,-5.091636e-03,3.967742e-18,654,48471
0.000000e+00,-1.517396e-07,2.237283e-07,3.571619e-07,0.000000e+00,0.000000e+00,0.000000e+00,2.358142e+07,-3.271696e+07,-3.822014e+07,3.982862e-18,655,0
1.229773e-09,-1.760823e-03,2.478085e-03,2.500394e-03,-1.432359e+06,2.015837e+06,2.033632e+06,3.444753e-01,-4.961658e-01,-3.667151e-01,3.982862e-18,655,5411
1.229341e-08,-1.760854e-02,2.478146e-02,2.500042e-02,-1.432426e+06,2.015933e+06,2.033704e+06,2.981544e-03,-4.153174e-03,-4.224968e-03,3.982862e-18,655,54091
0.000000e+00,-6.980162e-08,2.523542e-07,2.787524e-07,0.000000e+00,0.000000e+00,0.000000e+00,2.071923e+07,-5.585374e+07,-4.239641e+07,4.583598e-18,656,0
1.207727e-09,-1.333055e-03,3.477083e-03,2.500341e-03,-1.104076e+06,2.879688e+06,2.070543e+06,1.939997e-01,-4.674619e-01,-2.564157e-01,4.583598e-18,656,5314
1.207409e-08,-1.333068e-02,3.476963e-02,2.500005e-02,-1.104113e+06,2.879777e+06,2.070592e+06,1.644829e-03,-4.009730e-03,-2.878844e-03,4.583598e-18,656,53126
0.000000e+00,-1.673418e-07,-5.101468e-09,4.385962e-07,0.000000e+00,0.000000e+00,0.000000e+00,2.638577e+07,1.292010e+06,-4.982004e+07,3.900960e-18,657,0
8.775000e-10,-1.434050e-03,-1.732035e-05,2.500243e-03,-1.635077e+06,-1.975048e+04,2.850333e+06,7.764784e-01,2.257655e-02,-1.172026e+00,3.900960e-18,657,3861
8.770909e-09,-1.434108e-02,-1.732394e-04,2.500015e-02,-1.635185e+06,-1.975359e+04,2.850496e+06,7.169544e-03,1.339476e-04,-1.232349e-02,3.900960e-18,657,38592
0.000000e+00,-1.750018e-07,-1.835189e-07,3.897739e-07,0.000000e+00,0.000000e+00,0.000000e+00,2.755192e+07,3.157775e+07,-3.278311e+07,3.892009e-18,658,0
1.364318e-09,-2.130467e-03,-2.529665e-03,2.500274e-03,-1.562176e+06,-1.854867e+06,1.832962e+06,3.610037e-01,4.049482e-01,-2.901627e-01,3.892009e-18,658,6003
1.363909e-08,-2.130661e-02,-2.529862e-02,2.500010e-02,-1.562253e+06,-1.854953e+06,1.833025e+06,3.153047e-03,3.627782e-03,-3.589287e-03,3.892009e-18,658,60012
0.000000e+00,1.408898e-07,-2.229811e-07,2.960962e-07,0.000000e+00,0.000000e+00,0.000000e+00,-3.112549e+07,4.746489e+07,-4.211720e+07,4.451547e-18,659,0
1.200455e-09,2.023056e-03,-2.979371e-03,2.500219e-03,1.685688e+06,-2.482483e+06,2.082981e+06,-3.029855e-01,4.336808e-01,-2.629317e-01,4.451547e-18,659,5282
1.200205e-08,2.023169e-02,-2.979487e-02,2.500017e-02,1.685746e+06,-2.482565e+06,2.083031e+06,-2.615434e-03,3.689983e-03,-3.074736e-03,4.451547e-18,659,52809
0.000000e+00,5.082602e-08,1.896828e-07,2.987190e-07,0.000000e+00,0.000000e+00,0.000000e+00,-1.263430e+07,-5.042040e+07,-6.009048e+07,4.943799e-18,660,0
8.461364e-10,5.517587e-04,2.193488e-03,2.500183e-03,6.522801e+05,2.593102e+06,2.955414e+06,-1.945124e-01,-7.600401e-01,-7.391073e-01,4.943799e-18,660,3723
8.459091e-09,5.517701e-03,2.193530e-02,2.500024e-02,6.523060e+05,2.593204e+06,2.955513e+06,-1.802150e-03,-7.153671e-03,-7.662837e-03,4.943799e-18,660,37220
0.000000e+00,-1.608837e-07,5.513601e-08,2.129855e-07,0.000000e+00,0.000000e+00,0.000000e+00,8.515960e+07,-3.199327e+07,-9.618467e+07,6.316926e-18,661,0
6.072727e-10,-2.237457e-03,8.421266e-04,2.500058e-03,-3.684787e+06,1.386884e+06,4.117120e+06,7.063811e-01,-2.743595e-01,-6.996739e-01,6.316926e-18,661,2672
6.072273e-09,-2.237513e-02,8.421565e-03,2.500042e-02,-3.684855e+06,1.386910e+06,4.117188e+06,6.926402e-03,-2.657049e-03,-7.098825e-03,6.316926e-18,661,26718
0.000000e+00,9.520206e-08,-1.396121e-07,5.569960e-07,0.000000e+00,0.000000e+00,0.000000e+00,-1.238085e+07,1.583494e+07,-4.233603e+07,3.216895e-18,662,0
9.231818e-10,7.344933e-04,-9.579177e-04,2.500541e-03,7.961141e+05,-1.038241e+06,2.709819e+06,-4.502426e-01,5.611780e-01,-1.300469e+00,3.216895e-18,662,4062
9.225682e-09,7.344682e-03,-9.578473e-03,2.500011e-02,7.961797e+05,-1.038322e+06,2.710009e+06,-4.139964e-03,4.749708e-03,-1.383656e-02,3.216895e-18,662,40593
0.000000e+00,-3.744368e-08,-6.142684e-08,3.590137e-07,0.000000e+00,0.000000e+00,0.000000e+00,1.128342e+07,1.379174e+07,-6.868885e+07,4.923992e-18,663,0
6.740909e-10,-4.583815e-04,-5.033793e-04,2.500816e-03,-6.803478e+05,-7.470500e+05,3.711231e+06,3.873819e-01,3.800163e-01,-1.815496e+00,4.923992e-18,663,2966
6.736364e-09,-4.583042e-03,-5.032403e-03,2.500028e-02,-6.803890e+05,-7.470904e+05,3.711424e+06,3.837497e-03,3.726383e-03,-1.844133e-02,4.923992e-18,663,29640
0.000000e+00,2.409082e-08,-1.418948e-07,4.909130e-07,0.000000e+00,0.000000e+00,0.000000e+00,-1.260879e+06,1.876055e+07,-4.294064e+07,3.642975e-18,664,0
9.740909e-10,6.710483e-06,-1.311041e-03,2.500574e-03,6.890099e+03,-1.346821e+06,2.568232e+06,-4.126370e-02,7.257482e-01,-1.144479e+00,3.642975e-18,664,4286
9.734318e-09,6.711541e-05,-1.311031e-02,2.500014e-02,6.896456e+03,-1.346933e+06,2.568408e+06,-5.384163e-04,6.106528e-03,-1.237905e-02,3.642975e-18,664,42831
0.000000e+00,-1.181742e-07,2.475885e-07,3.580504e-07,0.000000e+00,0.000000e+00,0.000000e+00,1.743740e+07,-3.928450e+07,-3.669848e+07,3.949983e-18,665,0
1.249773e-09,-1.358072e-03,2.910830e-03,2.500039e-03,-1.087043e+06,2.329901e+06,2.000778e+06,2.470529e-01,-5.235318e-01,-3.352532e-01,3.949983e-18,665,5499
1.249523e-08,-1.358281e-02,2.911259e-02,2.500031e-02,-1.087091e+06,2.330004e+06,2.000845e+06,2.128148e-03,-4.433062e-03,-3.829519e-03,3.949983e-18,665,54979
0.000000e+00,-1.611216e-07,-8.958611e-08,4.458972e-07,0.000000e+00,0.000000e+00,0.000000e+00,1.754727e+07,6.983197e+06,-4.290004e+07,3.811483e-18,666,0
9.963636e-10,-1.221520e-03,-4.276810e-04,2.500077e-03,-1.226800e+06,-4.294634e+05,2.510255e+06,6.674383e-01,2.074632e-01,-1.025627e+00,3.811483e-18,666,4384
9.959091e-09,-1.221777e-02,-4.277086e-03,2.500000e-02,-1.226905e+06,-4.294960e+05,2.510417e+06,5.785677e-03,1.859806e-03,-1.209580e-02,3.811483e-18,666,43820
0.000000e+00,-1.547093e-07,3.775359e-10,5.750037e-07,0.000000e+00,0.000000e+00,0.000000e+00,1.728466e+07,4.542852e+06,-3.805372e+07,3.121669e-18,667,0
9.793182e-10,-1.192280e-03,-1.433485e-04,2.500235e-03,-1.218310e+06,-1.464020e+05,2.554189e+06,7.010975e-01,3.829832e-02,-1.171087e+00,3.121669e-18,667,4309
9.787955e-09,-1.192472e-02,-1.432994e-03,2.500048e-02,-1.218419e+06,-1.464080e+05,2.554370e+06,5.938503e-03,7.281734e-04,-1.282195e-02,3.121669e-18,667,43067
0.000000e+00,1.593338e-07,-7.013048e-08,4.105805e-07,0.000000e+00,0.000000e+00,0.000000e+00,-2.600313e+07,1.339510e+07,-4.568897e+07,4.107432e-18,668,0
9.779545e-10,1.617447e-03,-8.326862e-04,2.500392e-03,1.654825e+06,-8.519074e+05,2.557621e+06,-7.334291e-01,3.556259e-01,-8.666545e-01,4.107432e-18,668,4303
9.774773e-09,1.617547e-02,-8.327160e-03,2.500030e-02,1.654938e+06,-8.519622e+05,2.557756e+06,-6.383531e-03,3.201903e-03,-9.396013e-03,4.107432e-18,668,43009
0.000000e+00,-1.097816e-07,6.616643e-08,5.840155e-07,0.000000e+00,0.000000e+00,0.000000e+00,9.736633e+06,-8.003704e+06,-3.747910e+07,3.121819e-18,669,0
9.800000e-10,-6.829162e-04,4.927932e-04,2.500458e-03,-6.973819e+05,5.032196e+05,2.552848e+06,4.606644e-01,-3.288676e-01,-1.338849e+00,3.121819e-18,669,4312
9.792955e-09,-6.829431e-03,4.928016e-03,2.500011e-02,-6.974531e+05,5.032705e+05,2.553056e+06,3.552565e-03,-2.247246e-03,-1.479858e-02,3.121819e-18,669,43089
0.000000e+00,7.253924e-08,-1.858041e-07,3.269203e-07,0.000000e+00,0.000000e+00,0.000000e+00,-1.658468e+07,4.463785e+07,-5.749464e+07,4.679391e-18,670,0
8.686364e-10,7.633104e-04,-2.062599e-03,2.500519e-03,8.790174e+05,-2.375291e+06,2.879286e+06,-2.714975e-01,7.465749e-01,-7.535634e-01,4.679391e-18,670,3822
8.682727e-09,7.632273e-03,-2.062400e-02,2.500019e-02,8.790546e+05,-2.375393e+06,2.879389e+06,-2.471387e-03,6.956441e-03,-8.021849e-03,4.679391e-18,670,38204
0.000000e+00,9.142763e-08,1.505828e-07,2.225899e-07,0.000000e+00,0.000000e+00,0.000000e+00,-4.294874e+07,-7.074152e+07,-7.261718e+07,6.094218e-18,671,0
7.777273e-10,1.507988e-03,2.489389e-03,2.500082e-03,1.939247e+06,3.201322e+06,3.214870e+06,-3.445958e-01,-5.761621e-01,-4.789732e-01,6.094218e-18,671,3422
7.776364e-09,1.508032e-02,2.489468e-02,2.500013e-02,1.939290e+06,3.201392e+06,3.214929e+06,-3.303316e-03,-5.540226e-03,-4.948510e-03,6.094218e-18,671,34216
0.000000e+00,-1.644821e-08,3.988160e-08,1.997928e-07,0.000000e+00,0.000000e+00,0.000000e+00,2.008170e+07,-4.973593e+07,-2.239609e+08,8.319854e-18,672,0
2.747727e-10,-2.246029e-04,5.561409e-04,2.500860e-03,-8.174169e+05,2.024014e+06,9.101490e+06,1.743114e-01,-4.292767e-01,-1.821056e+00,8.319854e-18,672,1209
2.746818e-09,-2.245310e-03,5.559634e-03,2.500032e-02,-8.174245e+05,2.024033e+06,9.101569e+06,1.754963e-03,-4.267180e-03,-1.827837e-02,8.319854e-18,672,12086
0.000000e+00,2.402291e-07,-1.077373e-07,4.291083e-07,0.000000e+00,0.000000e+00,0.000000e+00,-3.266258e+07,1.450876e+07,-3.434975e+07,3.597372e-18,673,0
1.295000e-09,2.637900e-03,-1.132184e-03,2.500124e-03,2.037856e+06,-8.746117e+05,1.930973e+06,-5.356211e-01,2.134470e-01,-3.376275e-01,3.597372e-18,673,5698
1.294682e-08,2.638368e-02,-1.132342e-02,2.500014e-02,2.037965e+06,-8.746552e+05,1.931043e+06,-4.722282e-03,2.009586e-03,-4.601973e-03,3.597372e-18,673,56966
0.000000e+00,-1.066266e-07,2.037691e-07,4.883718e-07,0.000000e+00,0.000000e+00,0.000000e+00,1.166763e+07,-2.133739e+07,-3.600196e+07,3.406138e-18,674,0
1.129545e-09,-7.787060e-04,1.712368e-03,2.500306e-03,-6.898338e+05,1.516904e+06,2.214371e+06,3.303246e-01,-6.602855e-01,-7.268854e-01,3.406138e-18,674,4970
1.129000e-08,-7.788226e-03,1.712579e-02,2.500042e-02,-6.898926e+05,1.517021e+06,2.214502e+06,2.536982e-03,-5.239862e-03,-8.553198e-03,3.406138e-18,674,49676
0.000000e+00,1.484264e-07,-1.348269e-07,4.980558e-07,0.000000e+00,0.000000e+00,0.000000e+00,-1.906850e+07,1.825515e+07,-4.038568e+07,3.460816e-18,675,0
1.005455e-09,1.212944e-03,-1.126934e-03,2.500043e-03,1.207041e+06,-1.121421e+06,2.487381e+06,-5.609814e-01,5.007307e-01,-9.120753e-01,3.460816e-18,675,4424
1.005068e-08,1.213157e-02,-1.127104e-02,2.500005e-02,1.207130e+06,-1.121501e+06,2.487526e+06,-5.106768e-03,4.307365e-03,-1.007763e-02,3.460816e-18,675,44223
0.000000e+00,9.294169e-08,-1.809678e-07,5.809846e-07,0.000000e+00,0.000000e+00,0.000000e+00,-1.241972e+07,1.812701e+07,-3.785685e+07,3.015454e-18,676,0
1.005682e-09,7.406636e-04,-1.302349e-03,2.500423e-03,7.368634e+05,-1.295790e+06,2.487225e+06,-3.406074e-01,6.345512e-01,-9.594775e-01,3.015454e-18,676,4425
1.005136e-08,7.406500e-03,-1.302441e-02,2.500021e-02,7.369174e+05,-1.295891e+06,2.487378e+06,-3.021220e-03,5.316232e-03,-1.080333e-02,3.015454e-18,676,44226
0.000000e+00,-6.914848e-08,-7.184908e-08,1.465414e-07,0.000000e+00,0.000000e+00,0.000000e+00,1.245371e+08,1.331830e+08,-2.464783e+08,9.453976e-18,677,0
2.522727e-10,-1.264254e-03,-1.352146e-03,2.500962e-03,-5.011355e+06,-5.359762e+06,9.913469e+06,5.227906e-01,5.669966e-01,-9.859273e-01,9.453976e-18,677,1110
2.521818e-09,-1.263779e-02,-1.351641e-02,2.500010e-02,-5.011376e+06,-5.359785e+06,9.913508e+06,5.213810e-03,5.657854e-03,-9.879469e-03,9.453976e-18,677,11096
0.000000e+00,1.277801e-07,2.424003e-07,4.166054e-07,0.000000e+00,0.000000e+00,0.000000e+00,-1.708206e+07,-3.476920e+07,-4.062454e+07,3.623204e-18,678,0
1.117955e-09,1.153817e-03,2.289603e-03,2.500217e-03,1.032499e+06,2.048850e+06,2.236942e+06,-3.152822e-01,-6.181788e-01,-5.158954e-01,3.623204e-18,678,4919
1.117591e-08,1.153911e-02,2.289775e-02,2.500004e-02,1.032555e+06,2.048959e+06,2.237034e+06,-2.710095e-03,-5.253767e-03,-5.820386e-03,3.623204e-18,678,49174
0.000000e+00,1.826164e-07,-8.414450e-08,2.698223e-07,0.000000e+00,0.000000e+00,0.000000e+00,-5.891158e+07,2.555240e+07,-6.117986e+07,5.220416e-18,679,0
8.729545e-10,2.509923e-03,-1.084646e-03,2.500041e-03,2.875858e+06,-1.242766e+06,2.864268e+06,-6.587042e-01,2.765444e-01,-5.241854e-01,5.220416e-18,679,3841
8.728409e-09,2.510168e-02,-1.084739e-02,2.500064e-02,2.875949e+06,-1.242804e+06,2.864340e+06,-6.106639e-03,2.582879e-03,-5.485188e-03,5.220416e-18,679,38405
0.000000e+00,-8.796386e-10,-1.611615e-07,5.517845e-07,0.000000e+00,0.000000e+00,0.000000e+00,-7.489934e+06,2.088648e+07,-3.843200e+07,3.251589e-18,680,0
1.001818e-09,3.615193e-04,-1.398767e-03,2.500067e-03,3.610830e+05,-1.397039e+06,2.496676e+06,-1.750095e-01,6.583144e-01,-1.126648e+00,3.251589e-18,680,4408
1.001341e-08,3.615658e-03,-1.398909e-02,2.500042e-02,3.611107e+05,-1.397143e+06,2.496855e+06,-1.445446e-03,5.333039e-03,-1.224639e-02,3.251589e-18,680,44059
0.000000e+00,-1.953464e-07,1.522254e-07,2.986404e-07,0.000000e+00,0.000000e+00,0.000000e+00,4.391289e+07,-3.536197e+07,-4.706650e+07,4.543780e-18,681,0
1.092500e-09,-2.512462e-03,2.013222e-03,2.500182e-03,-2.300339e+06,1.843254e+06,2.288806e+06,4.689206e-01,-3.781650e-01,-3.442963e-01,4.543780e-18,681,4807
1.092273e-08,-2.512597e-02,2.013336e-02,2.500015e-02,-2.300419e+06,1.843319e+06,2.288866e+06,4.144378e-03,-3.297243e-03,-3.868666e-03,4.543780e-18,681,48060
0.000000e+00,-2.476502e-07,7.610834e-08,5.078514e-07,0.000000e+00,0.000000e+00,0.000000e+00,2.293382e+07,-1.023745e+07,-3.205057e+07,3.200437e-18,682,0
1.245455e-09,-2.048092e-03,8.261080e-04,2.500190e-03,-1.645433e+06,6.636540e+05,2.008131e+06,6.369629e-01,-2.244362e-01,-5.596042e-01,3.200437e-18,682,5480
1.244932e-08,-2.048446e-02,8.262006e-03,2.500003e-02,-1.645558e+06,6.636980e+05,2.008242e+06,5.398732e-03,-2.069106e-03,-6.808949e-03,3.200437e-18,682,54777
0.000000e+00,1.992547e-07,-4.140193e-08,2.291792e-07,0.000000e+00,0.000000e+00,0.000000e+00,-8.141176e+07,1.689458e+07,-7.129948e+07,5.654981e-18,683,0
7.950000e-10,2.919472e-03,-6.058801e-04,2.500078e-03,3.672794e+06,-7.622175e+05,3.144996e+06,-6.426017e-01,1.332110e-01,-4.514609e-01,5.654981e-18,683,3498
7.949318e-09,2.919628e-02,-6.059126e-03,2.500071e-02,3.672874e+06,-7.622343e+05,3.145053e+06,-6.159758e-03,1.277991e-03,-4.675529e-03,5.654981e-18,683,34977
0.000000e+00,-5.162433e-08,-1.460901e-07,2.082503e-07,0.000000e+00,0.000000e+00,0.000000e+00,2.987874e+07,9.217909e+07,-1.129470e+08,6.625151e-18,684,0
5.259091e-10,-6.651412e-04,-2.055046e-03,2.500928e-03,-1.264821e+06,-3.907882e+06,4.755650e+06,2.327870e-01,7.428973e-01,-8.188665e-01,6.625151e-18,684,2314
5.257045e-09,-6.649257e-03,-2.054401e-02,2.500082e-02,-1.264840e+06,-3.907944e+06,4.755718e+06,2.338838e-03,7.262883e-03,-8.276031e-03,6.625151e-18,684,23131
0.000000e+00,-2.962436e-08,1.830764e-07,5.633531e-07,0.000000e+00,0.000000e+00,0.000000e+00,5.524044e+06,-1.360074e+07,-3.626015e+07,3.148326e-18,685,0
1.038636e-09,-3.961668e-04,1.077636e-03,2.500350e-03,-3.816485e+05,1.038310e+06,2.408490e+06,1.570545e-01,-6.120120e-01,-1.090917e+00,3.148326e-18,685,4570
1.038000e-08,-3.961483e-03,1.077764e-02,2.500032e-02,-3.816742e+05,1.038410e+06,2.408670e+06,1.497042e-03,-4.989456e-03,-1.254012e-02,3.148326e-18,685,45672
0.000000e+00,7.813415e-08,5.985749e-08,4.852238e-07,0.000000e+00,0.000000e+00,0.000000e+00,-9.796436e+06,-1.266431e+07,-4.822503e+07,3.760296e-18,686,0
8.593182e-10,5.368269e-04,6.504811e-04,2.500659e-03,6.251031e+05,7.575382e+05,2.911457e+06,-3.764679e-01,-5.245015e-01,-1.536327e+00,3.760296e-18,686,3781
8.586818e-09,5.367638e-03,6.504812e-03,2.500028e-02,6.251542e+05,7.576094e+05,2.911666e+06,-3.519501e-03,-4.666139e-03,-1.624331e-02,3.760296e-18,686,37782
0.000000e+00,-1.399192e-07,-2.221649e-08,4.876493e-07,0.000000e+00,0.000000e+00,0.000000e+00,1.853817e+07,1.983558e+06,-4.221169e+07,3.639641e-18,687,0
1.047500e-09,-1.294496e-03,1.078570e-04,2.500080e-03,-1.236655e+06,1.031120e+05,2.387880e+06,6.599037e-01,-6.831265e-02,-1.057257e+00,3.639641e-18,687,4609
1.046955e-08,-1.294717e-02,1.079471e-03,2.500016e-02,-1.236764e+06,1.031232e+05,2.388056e+06,5.692383e-03,-6.399145e-04,-1.185278e-02,3.639641e-18,687,46066
0.000000e+00,1.989030e-07,2.319319e-08,5.441806e-07,0.000000e+00,0.000000e+00,0.000000e+00,-2.143457e+07,-2.713792e+06,-3.901334e+07,3.197985e-18,688,0
1.015227e-09,1.460321e-03,1.950985e-04,2.500251e-03,1.439335e+06,1.922967e+05,2.463728e+06,-7.529808e-01,-1.026986e-01,-9.877189e-01,3.197985e-18,688,4467
1.014727e-08,1.460531e-02,1.951285e-03,2.500032e-02,1.439456e+06,1.923131e+05,2.463887e+06,-6.257495e-03,-4.561336e-04,-1.105025e-02,3.197985e-18,688,44648
0.000000e+00,-1.100889e-07,-1.077287e-08,1.438767e-07,0.000000e+00,0.000000e+00,0.000000e+00,1.916716e+08,1.962482e+07,-2.241013e+08,9.236514e-18,689,0
2.772727e-10,-2.140532e-03,-2.191678e-04,2.500913e-03,-7.719830e+06,-7.904306e+05,9.019463e+06,7.479894e-01,7.690303e-02,-8.124419e-01,9.236514e-18,689,1220
2.771818e-09,-2.139807e-02,-2.190940e-03,2.500045e-02,-7.719862e+06,-7.904340e+05,9.019499e+06,7.378916e-03,7.316203e-04,-8.169009e-03,9.236514e-18,689,12196
0.000000e+00,-2.430978e-07,2.629839e-08,2.626930e-07,0.000000e+00,0.000000e+00,0.000000e+00,7.154359e+07,-1.292055e+07,-5.226676e+07,4.883820e-18,690,0
1.046136e-09,-3.568810e-03,6.297215e-04,2.500115e-03,-3.412012e+06,6.020618e+05,2.390041e+06,5.233580e-01,-8.874846e-02,-2.715649e-01,4.883820e-18,690,4603
1.046023e-08,-3.569047e-02,6.297700e-03,2.500053e-02,-3.412098e+06,6.020764e+05,2.390086e+06,4.641271e-03,-7.819232e-04,-3.035141e-03,4.883820e-18,690,46025
0.000000e+00,2.136965e-07,-1.657653e-07,2.765898e-07,0.000000e+00,0.000000e+00,0.000000e+00,-4.868167e+07,3.695116e+07,-4.227506e+07,4.529338e-18,691,0
1.227273e-09,3.068897e-03,-2.323245e-03,2.500160e-03,2.501150e+06,-1.893431e+06,2.037376e+06,-3.944124e-01,2.923095e-01,-2.235675e-01,4.529338e-18,691,5400
1.227068e-08,3.069082e-02,-2.323369e-02,2.500014e-02,2.501227e+06,-1.893487e+06,2.037420e+06,-3.287562e-03,2.496897e-03,-2.606583e-03,4.529338e-18,691,53991
0.000000e+00,9.378060e-08,4.265906e-08,4.701596e-07,0.000000e+00,0.000000e+00,0.000000e+00,-1.543380e+07,-7.398241e+06,-4.622585e+07,3.861575e-18,692,0
9.159091e-10,8.158474e-04,3.570492e-04,2.500352e-03,8.913600e+05,3.901082e+05,2.731341e+06,-5.497040e-01,-2.547229e-01,-1.453424e+00,3.861575e-18,692,4030
9.153182e-09,8.158765e-03,3.570727e-03,2.500059e-02,8.914395e+05,3.901450e+05,2.731552e+06,-4.971958e-03,-2.556227e-03,-1.551662e-02,3.861575e-18,692,40274
0.000000e+00,-1.784969e-07,5.469444e-08,5.323877e-07,0.000000e+00,0.000000e+00,0.000000e+00,2.133209e+07,-5.352548e+05,-3.249418e+07,3.278784e-18,693,0
1.181818e-09,-1.816882e-03,-1.916890e-04,2.500046e-03,-1.538414e+06,-1.623576e+05,2.116280e+06,6.906796e-01,5.623458e-02,-7.182155e-01,3.278784e-18,693,5200
1.181318e-08,-1.817345e-02,-1.917864e-03,2.500017e-02,-1.538542e+06,-1.623681e+05,2.116415e+06,6.035480e-03,7.223388e-04,-8.484181e-03,3.278784e-18,693,51978
0.000000e+00,2.363771e-08,6.912837e-08,3.618079e-07,0.000000e+00,0.000000e+00,0.000000e+00,-5.730551e+06,-1.316619e+07,-6.870220e+07,4.894782e-18,694,0
6.688636e-10,2.132300e-04,5.169458e-04,2.500807e-03,3.189341e+05,7.732048e+05,3.740247e+06,-1.747236e-01,-4.242902e-01,-1.874323e+00,4.894782e-18,694,2943
6.684091e-09,2.131783e-03,5.168172e-03,2.500023e-02,3.189526e+05,7.732496e+05,3.740445e+06,-1.776392e-03,-4.064988e-03,-1.905204e-02,4.894782e-18,694,29410
0.000000e+00,-5.086114e-08,1.949716e-07,5.286104e-07,0.000000e+00,0.000000e+00,0.000000e+00,5.272893e+06,-2.506550e+07,-3.286496e+07,3.285123e-18,695,0
1.191364e-09,-4.902047e-04,2.001709e-03,2.500152e-03,-4.116893e+05,1.681152e+06,2.099290e+06,1.472927e-01,-6.425599e-01,-6.367147e-01,3.285123e-18,695,5242
1.190886e-08,-4.902731e-03,2.002053e-02,2.500036e-02,-4.117170e+05,1.681273e+06,2.099411e+06,1.459433e-03,-5.551404e-03,-7.545967e-03,3.285123e-18,695,52399
0.000000e+00,-1.082774e-07,1.929121e-07,3.926637e-07,0.000000e+00,0.000000e+00,0.000000e+00,1.602373e+07,-3.137329e+07,-4.302856e+07,4.007732e-18,696,0
1.088409e-09,-1.146796e-03,2.086654e-03,2.500456e-03,-1.054171e+06,1.918049e+06,2.297927e+06,3.644687e-01,-6.545527e-01,-5.830109e-01,4.007732e-18,696,4789
1.087932e-08,-1.146860e-02,2.086701e-02,2.500006e-02,-1.054234e+06,1.918161e+06,2.298027e+06,3.052993e-03,-5.536898e-03,-6.546311e-03,4.007732e-18,696,47869
0.000000e+00,-1.593678e-07,-1.536562e-07,3.944036e-07,0.000000e+00,0.000000e+00,0.000000e+00,1.758826e+07,1.171398e+07,-3.844383e+07,4.020149e-18,697,0
1.067955e-09,-1.359956e-03,-9.431962e-04,2.500004e-03,-1.274234e+06,-8.836850e+05,2.341933e+06,6.017574e-01,3.911692e-01,-8.644472e-01,4.020149e-18,697,4699
1.067500e-08,-1.360239e-02,-9.433322e-03,2.500022e-02,-1.274336e+06,-8.837508e+05,2.342080e+06,5.025365e-03,3.451156e-03,-1.000487e-02,4.020149e-18,697,46970
0.000000e+00,1.661407e-07,2.533977e-08,3.612503e-07,0.000000e+00,0.000000e+00,0.000000e+00,-3.218162e+07,-7.411157e+06,-6.020191e+07,4.548412e-18,698,0
7.747727e-10,1.386919e-03,3.281695e-04,2.500730e-03,1.790797e+06,4.237651e+05,3.228705e+06,-7.836811e-01,-1.950110e-01,-1.258862e+00,4.548412e-18,698,3409
7.743182e-09,1.386648e-02,3.281276e-03,2.500055e-02,1.790893e+06,4.237890e+05,3.228859e+06,-7.559737e-03,-1.927240e-03,-1.296542e-02,4.548412e-18,698,34070
0.000000e+00,-8.079982e-08,-1.080159e-07,3.297024e-07,0.000000e+00,0.000000e+00,0.000000e+00,2.395129e+07,2.905030e+07,-7.060910e+07,5.011814e-18,699,0
7.090909e-10,-8.881231e-04,-1.074499e-03,2.500782e-03,-1.252923e+06,-1.515830e+06,3.527633e+06,5.250776e-01,6.272785e-01,-1.281252e+00,5.011814e-18,699,3120
7.087045e-09,-8.879519e-03,-1.074276e-02,2.500062e-02,-1.252982e+06,-1.515900e+06,3.527776e+06,5.010400e-03,6.187252e-03,-1.312530e-02,5.011814e-18,699,31183
0.000000e+00,3.969412e-09,1.326311e-07,6.280563e-07,0.000000e+00,0.000000e+00,0.000000e+00,4.661569e+05,-5.517609e+06,-3.476347e+07,2.911236e-18,700,0
1.018636e-09,-2.548661e-06,5.408405e-04,2.500202e-03,-2.532628e+03,5.314144e+05,2.455806e+06,3.203571e-02,-4.011943e-01,-1.310324e+00,2.911236e-18,700,4482
1.018000e-08,-2.579007e-05,5.409810e-03,2.500033e-02,-2.537800e+03,5.314788e+05,2.456018e+06,1.994869e-04,-2.861311e-03,-1.527564e-02,2.911236e-18,700,44792
0.000000e+00,1.600633e-07,1.575266e-08,3.442643e-07,0.000000e+00,0.000000e+00,0.000000e+00,-3.153893e+07,-1.074007e+06,-5.939323e+07,4.746638e-18,701,0
7.893182e-10,1.434788e-03,6.917283e-05,2.500237e-03,1.818518e+06,8.765997e+04,3.168620e+06,-8.034400e-01,-3.049361e-02,-1.234573e+00,4.746638e-18,701,3473
7.890000e-09,1.434810e-02,6.916407e-04,2.500050e-02,1.818618e+06,8.766377e+04,3.168774e+06,-7.670870e-03,-5.431402e-04,-1.275523e-02,4.746638e-18,701,34716
0.000000e+00,-5.696568e-08,2.659006e-07,2.866652e-07,0.000000e+00,0.000000e+00,0.000000e+00,1.253794e+07,-6.015417e+07,-4.221380e+07,4.444122e-18,702,0
1.243409e-09,-7.892337e-04,3.844293e-03,2.500226e-03,-6.348678e+05,3.092419e+06,2.010978e+06,9.454616e-02,-4.680059e-01,-2.190271e-01,4.444122e-18,702,5471
1.243182e-08,-7.892566e-03,3.844439e-02,2.500027e-02,-6.348862e+05,3.092510e+06,2.011022e+06,7.514806e-04,-4.003623e-03,-2.558164e-03,4.444122e-18,702,54700
0.000000e+00,5.611298e-08,-6.392378e-08,3.804891e-07,0.000000e+00,0.000000e+00,0.000000e+00,-1.096368e+07,1.470524e+07,-6.677048e+07,4.670832e-18,703,0
6.861364e-10,4.309227e-04,-5.928667e-04,2.500792e-03,6.282954e+05,-8.644730e+05,3.646040e+06,-3.240485e-01,4.770876e-01,-1.782332e+00,4.670832e-18,703,3019
6.856818e-09,4.308113e-03,-5.927519e-03,2.500033e-02,6.283305e+05,-8.645247e+05,3.646233e+06,-3.232049e-03,4.665258e-03,-1.816228e-02,4.670832e-18,703,30170
0.000000e+00,-3.505671e-08,-7.110272e-08,3.804303e-07,0.000000e+00,0.000000e+00,0.000000e+00,9.153787e+06,1.592872e+07,-6.569114e+07,4.673602e-18,704,0
6.981818e-10,-3.551821e-04,-6.692204e-04,2.500199e-03,-5.089440e+05,-9.589957e+05,3.582292e+06,2.578746e-01,5.430935e-01,-1.731043e+00,4.673602e-18,704,3072
6.978864e-09,-3.551845e-03,-6.692678e-03,2.500043e-02,-5.089724e+05,-9.590555e+05,3.582483e+06,2.568227e-03,5.042609e-03,-1.773180e-02,4.673602e-18,704,30707
0.000000e+00,2.545275e-09,1.237700e-07,1.483796e-07,0.000000e+00,0.000000e+00,0.000000e+00,-4.028585e+06,-1.784228e+08,-1.902046e+08,8.691416e-18,705,0
3.256818e-10,5.306112e-05,2.349381e-03,2.501661e-03,1.629229e+05,7.213672e+06,7.681163e+06,-1.716724e-02,-7.301276e-01,-7.175934e-01,8.691416e-18,705,1433
3.254773e-09,5.302791e-04,2.347897e-02,2.500058e-02,1.629237e+05,7.213709e+06,7.681200e+06,-1.668899e-04,-7.266688e-03,-7.209688e-03,8.691416e-18,705,14321
0.000000e+00,1.386481e-07,-1.134668e-08,6.317469e-07,0.000000e+00,0.000000e+00,0.000000e+00,-1.303011e+07,3.300943e+06,-3.821126e+07,2.878040e-18,706,0
9.361364e-10,9.309949e-04,-3.116155e-04,2.500593e-03,9.952111e+05,-3.330780e+05,2.672424e+06,-6.084516e-01,9.580604e-02,-1.327682e+00,2.878040e-18,706,4119
9.354773e-09,9.309942e-03,-3.115777e-03,2.500012e-02,9.953010e+05,-3.330921e+05,2.672621e+06,-4.892121e-03,1.521210e-03,-1.457727e-02,2.878040e-18,706,41161
0.000000e+00,-1.017839e-07,-1.644774e-07,2.700644e-07,0.000000e+00,0.000000e+00,0.000000e+00,3.446595e+07,5.335634e+07,-6.664875e+07,5.279151e-18,707,0
8.061364e-10,-1.337166e-03,-2.071627e-03,2.500557e-03,-1.659102e+06,-2.570383e+06,3.102342e+06,4.130583e-01,6.354060e-01,-6.407285e-01,5.279151e-18,707,3547
8.058409e-09,-1.336974e-02,-2.071323e-02,2.500007e-02,-1.659155e+06,-2.570464e+06,3.102423e+06,3.986797e-03,6.082294e-03,-6.655239e-03,5.279151e-18,707,35457
0.000000e+00,-4.840511e-08,-2.727398e-07,4.171519e-07,0.000000e+00,0.000000e+00,0.000000e+00,6.431159e+06,3.573777e+07,-3.277211e+07,3.598543e-18,708,0
1.350909e-09,-5.749373e-04,-3.076818e-03,2.500011e-03,-4.257899e+05,-2.278567e+06,1.850981e+06,1.120487e-01,5.672345e-01,-3.110277e-01,3.598543e-18,708,5944
1.350636e-08,-5.750847e-03,-3.077506e-02,2.500019e-02,-4.258137e+05,-2.278688e+06,1.851048e+06,8.824466e-04,4.801663e-03,-3.890593e-03,3.598543e-18,708,59428
0.000000e+00,-2.729861e-07,-9.418557e-08,3.896349e-07,0.000000e+00,0.000000e+00,0.000000e+00,3.777109e+07,1.425718e+07,-3.790674e+07,3.693291e-18,709,0
1.207273e-09,-2.718883e-03,-1.041224e-03,2.500077e-03,-2.252927e+06,-8.627882e+05,2.071248e+06,5.776186e-01,2.207506e-01,-3.764948e-01,3.693291e-18,709,5312
1.207000e-08,-2.719281e-02,-1.041384e-02,2.500013e-02,-2.253037e+06,-8.628301e+05,2.071321e+06,4.881626e-03,1.825343e-03,-4.533247e-03,3.693291e-18,709,53108
0.000000e+00,-5.453941e-08,-1.327463e-07,2.720178e-07,0.000000e+00,0.000000e+00,0.000000e+00,2.175514e+07,5.186016e+07,-8.842137e+07,5.701896e-18,710,0
6.231818e-10,-6.303603e-04,-1.493598e-03,2.500135e-03,-1.011733e+06,-2.397197e+06,4.012487e+06,3.334144e-01,7.485084e-01,-1.147382e+00,5.701896e-18,710,2742
6.230682e-09,-6.303808e-03,-1.493622e-02,2.500068e-02,-1.011766e+06,-2.397270e+06,4.012600e+06,3.315672e-03,7.309256e-03,-1.164301e-02,5.701896e-18,710,27415
0.000000e+00,2.395032e-07,-1.068985e-07,2.624707e-07,0.000000e+00,0.000000e+00,0.000000e+00,-5.975508e+07,2.633853e+07,-4.483386e+07,4.706155e-18,711,0
1.177273e-09,3.519228e-03,-1.548272e-03,2.500188e-03,2.989918e+06,-1.315402e+06,2.123918e+06,-4.523650e-01,1.990508e-01,-2.323961e-01,4.706155e-18,711,5180
1.177068e-08,3.519338e-02,-1.548318e-02,2.500010e-02,2.990001e+06,-1.315439e+06,2.123962e+06,-3.859051e-03,1.666857e-03,-2.631570e-03,4.706155e-18,711,51791
0.000000e+00,7.888002e-08,-3.677964e-08,6.174864e-07,0.000000e+00,0.000000e+00,0.000000e+00,-8.261976e+06,1.757440e+06,-3.860651e+07,3.006514e-18,712,0
9.315909e-10,5.203129e-04,-8.838403e-05,2.500232e-03,5.589585e+05,-9.482881e+04,2.685338e+06,-3.917442e-01,-1.588181e-02,-1.572413e+00,3.006514e-18,712,4099
9.309773e-09,5.203768e-03,-8.828609e-04,2.500008e-02,5.590161e+05,-9.482648e+04,2.685569e+06,-3.492324e-03,3.162421e-05,-1.690055e-02,3.006514e-18,712,40963
0.000000e+00,1.885302e-07,6.426240e-08,2.120784e-07,0.000000e+00,0.000000e+00,0.000000e+00,-8.660791e+07,-3.006661e+07,-7.522206e+07,5.922518e-18,713,0
7.656818e-10,2.933106e-03,1.018409e-03,2.500449e-03,3.831143e+06,1.330219e+06,3.265853e+06,-6.014829e-01,-2.084110e-01,-4.254929e-01,5.922518e-18,713,3369
7.655000e-09,2.932748e-02,1.018286e-02,2.500024e-02,3.831215e+06,1.330244e+06,3.265905e+06,-5.783869e-03,-1.984285e-03,-4.387132e-03,5.922518e-18,713,33682
0.000000e+00,9.020463e-08,-1.304451e-07,4.301512e-07,0.000000e+00,0.000000e+00,0.000000e+00,-1.391205e+07,2.114232e+07,-4.426051e+07,4.021300e-18,714,0
1.006818e-09,9.394021e-04,-1.353869e-03,2.500027e-03,9.336634e+05,-1.345504e+06,2.484028e+06,-4.602614e-01,6.180697e-01,-9.164023e-01,4.021300e-18,714,4430
1.006432e-08,9.396607e-03,-1.354150e-02,2.500020e-02,9.337365e+05,-1.345602e+06,2.484174e+06,-3.612508e-03,5.240247e-03,-1.006661e-02,4.021300e-18,714,44283
0.000000e+00,-1.889867e-07,-1.631659e-07,3.712497e-07,0.000000e+00,0.000000e+00,0.000000e+00,3.476948e+07,2.456333e+07,-3.860386e+07,4.024363e-18,715,0
1.187727e-09,-2.375435e-03,-1.716662e-03,2.500358e-03,-2.000721e+06,-1.445867e+06,2.105602e+06,4.971995e-01,3.695081e-01,-4.007831e-01,4.024363e-18,715,5226
1.187318e-08,-2.375487e-02,-1.716702e-02,2.500033e-02,-2.000814e+06,-1.445936e+06,2.105677e+06,4.090515e-03,3.068732e-03,-4.580163e-03,4.024363e-18,715,52242
0.000000e+00,-1.582132e-07,1.265496e-07,3.124640e-07,0.000000e+00,0.000000e+00,0.000000e+00,3.942938e+07,-3.124603e+07,-5.963244e+07,4.763699e-18,716,0
8.529545e-10,-1.722758e-03,1.365468e-03,2.500279e-03,-2.020342e+06,1.601338e+06,2.931905e+06,6.087540e-01,-4.873738e-01,-7.477791e-01,4.763699e-18,716,3753
8.527045e-09,-1.722756e-02,1.365470e-02,2.500063e-02,-2.020424e+06,1.601403e+06,2.932006e+06,5.800915e-03,-4.747853e-03,-7.889361e-03,4.763699e-18,716,37519
0.000000e+00,2.352452e-07,2.601509e-08,4.434668e-07,0.000000e+00,0.000000e+00,0.000000e+00,-1.410089e+07,-7.316627e+06,-6.739747e+07,3.656661e-18,717,0
7.150000e-10,6.311698e-04,2.762070e-04,2.500013e-03,8.829816e+05,3.864838e+05,3.497712e+06,-5.034597e-01,-2.176030e-01,-1.772542e+00,3.656661e-18,717,3146
7.147500e-09,6.311252e-03,2.762395e-03,2.500011e-02,8.830385e+05,3.865083e+05,3.497912e+06,-4.895551e-03,-2.245227e-03,-1.816495e-02,3.656661e-18,717,31449
0.000000e+00,-6.741160e-08,1.594773e-07,3.415576e-07,0.000000e+00,0.000000e+00,0.000000e+00,1.714939e+07,-3.590726e+07,-6.008787e+07,4.672058e-18,718,0
8.063636e-10,-7.432958e-04,1.566565e-03,2.500569e-03,-9.221353e+05,1.943446e+06,3.101857e+06,3.591537e-01,-7.352588e-01,-1.016125e+00,4.672058e-18,718,3548
8.059773e-09,-7.432195e-03,1.566374e-02,2.500038e-02,-9.221810e+05,1.943540e+06,3.101986e+06,3.492895e-03,-7.067571e-03,-1.052037e-02,4.672058e-18,718,35463
0.000000e+00,9.209261e-08,-2.430680e-07,4.853922e-07,0.000000e+00,0.000000e+00,0.000000e+00,-7.865902e+06,2.891858e+07,-3.446162e+07,3.319085e-18,719,0
1.204545e-09,6.083184e-04,-2.302671e-03,2.500465e-03,5.052446e+05,-1.912630e+06,2.076443e+06,-1.669736e-01,6.494432e-01,-5.252485e-01,3.319085e-18,719,5300
1.203977e-08,6.083043e-03,-2.302756e-02,2.500009e-02,5.052763e+05,-1.912753e+06,2.076543e+06,-1.582192e-03,5.413010e-03,-6.199653e-03,3.319085e-18,719,52975
0.000000e+00,-5.738703e-08,2.615957e-07,4.415526e-07,0.000000e+00,0.000000e+00,0.000000e+00,1.093132e+07,-7.415577e+06,-3.338817e+07,3.524109e-18,720,0
1.103636e-09,-8.678912e-04,9.233679e-04,2.500305e-03,-7.870560e+05,8.371950e+05,2.266702e+06,4.500602e-01,-4.421466e-01,-9.527247e-01,3.524109e-18,720,4856
1.102932e-08,-8.680603e-03,9.233732e-03,2.500023e-02,-7.871343e+05,8.372719e+05,2.266869e+06,3.786822e-03,-3.954597e-03,-1.150776e-02,3.524109e-18,720,48529
0.000000e+00,-7.745112e-08,9.943828e-08,2.633261e-07,0.000000e+00,0.000000e+00,0.000000e+00,3.582146e+07,-4.862856e+07,-1.011674e+08,5.984532e-18,721,0
5.618182e-10,-8.998335e-04,1.221173e-03,2.500523e-03,-1.601897e+06,2.173968e+06,4.451268e+06,4.830953e-01,-6.684157e-01,-1.205981e+00,5.984532e-18,721,2472
5.616364e-09,-8.996875e-03,1.220984e-02,2.500011e-02,-1.601940e+06,2.174027e+06,4.451375e+06,4.799267e-03,-6.581425e-03,-1.235676e-02,5.984532e-18,721,24712
0.000000e+00,-3.076336e-08,-1.601866e-07,2.078773e-07,0.000000e+00,0.000000e+00,0.000000e+00,1.615288e+07,9.675449e+07,-1.016856e+08,6.505291e-18,722,0
5.809091e-10,-4.000249e-04,-2.403474e-03,2.500541e-03,-6.886627e+05,-4.137776e+06,4.304729e+06,1.164418e-01,7.415501e-01,-6.696816e-01,6.505291e-18,722,2556
5.807727e-09,-3.999586e-03,-2.403117e-02,2.500084e-02,-6.886734e+05,-4.137844e+06,4.304791e+06,1.231449e-03,7.272077e-03,-6.835292e-03,6.505291e-18,722,25554
0.000000e+00,7.525536e-08,-2.414787e-09,2.970641e-07,0.000000e+00,0.000000e+00,0.000000e+00,-2.448517e+07,2.514353e+06,-9.999281e+07,5.778070e-18,723,0
5.409091e-10,6.248501e-04,-6.777620e-05,2.500601e-03,1.155439e+06,-1.253534e+05,4.623876e+06,-4.972007e-01,7.475539e-02,-1.874325e+00,5.778070e-18,723,2380
5.406818e-09,6.247283e-03,-6.777602e-04,2.500061e-02,1.155482e+06,-1.253598e+05,4.624037e+06,-4.944969e-03,7.634763e-04,-1.900817e-02,5.778070e-18,723,23790
0.000000e+00,1.766128e-07,-5.686756e-08,3.625642e-07,0.000000e+00,0.000000e+00,0.000000e+00,-3.670544e+07,1.462960e+07,-5.540048e+07,4.441890e-18,724,0
8.665909e-10,1.785040e-03,-6.856092e-04,2.500094e-03,2.060633e+06,-7.914477e+05,2.885719e+06,-7.617326e-01,2.747881e-01,-8.871373e-01,4.441890e-18,724,3813
8.663409e-09,1.785210e-02,-6.856626e-03,2.500030e-02,2.060738e+06,-7.914853e+05,2.885841e+06,-7.223060e-03,2.750588e-03,-9.321545e-03,4.441890e-18,724,38119
0.000000e+00,9.144054e-08,5.640672e-08,1.603170e-07,0.000000e+00,0.000000e+00,0.000000e+00,-1.300507e+08,-7.920755e+07,-2.089873e+08,8.732222e-18,725,0
2.961364e-10,1.557863e-03,9.487832e-04,2.501074e-03,5.260581e+06,3.203842e+06,8.445538e+06,-6.649845e-01,-4.037502e-01,-1.007384e+00,8.732222e-18,725,1303
2.960227e-09,1.557260e-02,9.484150e-03,2.500086e-02,5.260612e+06,3.203861e+06,8.445586e+06,-6.598500e-03,-4.049237e-03,-1.013343e-02,8.732222e-18,725,13025
0.000000e+00,-2.144524e-08,1.705281e-07,1.598930e-07,0.000000e+00,0.000000e+00,0.000000e+00,1.738693e+07,-1.405916e+08,-1.101080e+08,7.209257e-18,726,0
5.518182e-10,-3.967176e-04,3.207783e-03,2.500023e-03,-7.189466e+05,5.813271e+06,4.530546e+06,7.290968e-02,-5.907944e-01,-4.030729e-01,7.209257e-18,726,2428
5.518182e-09,-3.967294e-03,3.207881e-02,2.500051e-02,-7.189530e+05,5.813323e+06,4.530581e+06,7.013733e-04,-5.789790e-03,-4.090918e-03,7.209257e-18,726,24280
0.000000e+00,-5.597250e-09,-8.837954e-08,2.647411e-07,0.000000e+00,0.000000e+00,0.000000e+00,2.494326e+06,4.696925e+07,-1.147684e+08,6.255928e-18,727,0
4.981818e-10,-5.479794e-05,-1.037255e-03,2.500589e-03,-1.100084e+05,-2.082419e+06,5.020007e+06,3.288956e-02,7.286460e-01,-1.572976e+00,6.255928e-18,727,2192
4.980227e-09,-5.478704e-04,-1.037097e-02,2.500095e-02,-1.100110e+05,-2.082477e+06,5.020131e+06,3.579135e-04,6.991391e-03,-1.588827e-02,6.255928e-18,727,21913
0.000000e+00,-1.017735e-07,1.244593e-07,2.940381e-07,0.000000e+00,0.000000e+00,0.000000e+00,2.987810e+07,-4.143072e+07,-7.433141e+07,5.269415e-18,728,0
7.100000e-10,-1.038391e-03,1.437092e-03,2.500429e-03,-1.462884e+06,2.024606e+06,3.522393e+06,4.788983e-01,-6.759106e-01,-1.026160e+00,5.269415e-18,728,3124
7.097500e-09,-1.038285e-02,1.436967e-02,2.500032e-02,-1.462938e+06,2.024682e+06,3.522509e+06,4.663060e-03,-6.454914e-03,-1.049849e-02,5.269415e-18,728,31229
0.000000e+00,-2.374435e-07,-1.364005e-07,4.905442e-07,0.000000e+00,0.000000e+00,0.000000e+00,2.577115e+07,1.365199e+07,-3.377809e+07,3.228944e-18,729,0
1.228864e-09,-2.071357e-03,-1.105838e-03,2.500360e-03,-1.686459e+06,-9.003389e+05,2.035278e+06,5.820390e-01,3.063090e-01,-5.169653e-01,3.228944e-18,729,5407
1.228341e-08,-2.071543e-02,-1.105922e-02,2.500036e-02,-1.686572e+06,-9.003982e+05,2.035379e+06,5.102257e-03,2.728215e-03,-6.244661e-03,3.228944e-18,729,54047
0.000000e+00,4.688679e-08,5.052106e-08,6.433841e-07,0.000000e+00,0.000000e+00,0.000000e+00,-3.034172e+06,-2.266612e+06,-3.378239e+07,2.892427e-18,730,0
1.022045e-09,2.565311e-04,2.652455e-04,2.500203e-03,2.512383e+05,2.597560e+05,2.447684e+06,-1.972372e-01,-1.822370e-01,-1.371822e+00,2.892427e-18,730,4497
1.021386e-08,2.566110e-03,2.653099e-03,2.500055e-02,2.512701e+05,2.597853e+05,2.447906e+06,-1.599115e-03,-1.401753e-03,-1.577783e-02,2.892427e-18,730,44941
0.000000e+00,-1.982228e-07,1.125673e-07,2.497174e-07,0.000000e+00,0.000000e+00,0.000000e+00,5.982746e+07,-3.765051e+07,-5.648418e+07,5.155195e-18,731,0
9.593182e-10,-2.748083e-03,1.737003e-03,2.500516e-03,-2.865148e+06,1.811024e+06,2.606827e+06,5.068854e-01,-3.312326e-01,-3.632661e-01,5.155195e-18,731,4221
9.590227e-09,-2.747746e-02,1.736815e-02,2.500020e-02,-2.865224e+06,1.811074e+06,2.606882e+06,4.596809e-03,-2.998466e-03,-3.890032e-03,5.155195e-18,731,42197
0.000000e+00,1.269588e-07,-2.537420e-07,3.574463e-07,0.000000e+00,0.000000e+00,0.000000e+00,-2.081361e+07,4.039159e+07,-3.687236e+07,3.910933e-18,732,0
1.298409e-09,1.551810e-03,-2.990685e-03,2.500105e-03,1.195553e+06,-2.304100e+06,1.925810e+06,-2.458574e-01,4.794939e-01,-2.767080e-01,3.910933e-18,732,5713
1.298159e-08,1.552016e-02,-2.991085e-02,2.500024e-02,1.195603e+06,-2.304198e+06,1.925867e+06,-2.098866e-03,4.117838e-03,-3.404677e-03,3.910933e-18,732,57119
0.000000e+00,-2.744814e-07,6.036344e-08,4.378483e-07,0.000000e+00,0.000000e+00,0.000000e+00,3.247984e+07,-6.588680e+06,-3.392027e+07,3.459046e-18,733,0
1.281136e-09,-2.683011e-03,5.496720e-04,2.500097e-03,-2.095226e+06,4.292430e+05,1.951952e+06,6.192352e-01,-1.230545e-01,-4.094768e-01,3.459046e-18,733,5637
1.280773e-08,-2.683502e-02,5.497618e-03,2.500024e-02,-2.095351e+06,4.292678e+05,1.952036e+06,5.355946e-03,-1.052087e-03,-4.939233e-03,3.459046e-18,733,56354
0.000000e+00,1.946624e-07,-1.605526e-08,4.776355e-07,0.000000e+00,0.000000e+00,0.000000e+00,-2.244578e+07,6.890594e+05,-3.798494e+07,3.588715e-18,734,0
1.103182e-09,1.645851e-03,-2.056417e-05,2.500060e-03,1.492850e+06,-1.862642e+04,2.267136e+06,-6.923378e-01,5.099902e-04,-8.125290e-01,3.588715e-18,734,4854
1.102727e-08,1.646203e-02,-2.054152e-04,2.500049e-02,1.492971e+06,-1.862654e+04,2.267279e+06,-5.848812e-03,2.324545e-04,-9.513395e-03,3.588715e-18,734,48520
0.000000e+00,-1.028697e-07,2.117571e-07,4.599417e-07,0.000000e+00,0.000000e+00,0.000000e+00,1.166270e+07,-2.442498e+07,-3.297614e+07,3.539796e-18,735,0
1.226591e-09,-9.917277e-04,2.066349e-03,2.500379e-03,-8.089987e+05,1.685586e+06,2.039144e+06,3.042313e-01,-6.124356e-01,-5.415511e-01,3.539796e-18,735,5397
1.226000e-08,-9.918279e-03,2.066519e-02,2.500004e-02,-8.090574e+05,1.685704e+06,2.039249e+06,2.542806e-03,-5.123620e-03,-6.523810e-03,3.539796e-18,735,53944
0.000000e+00,-9.306228e-09,2.900771e-07,3.847678e-07,0.000000e+00,0.000000e+00,0.000000e+00,1.185483e+06,-4.107181e+07,-3.403777e+07,3.710189e-18,736,0
1.345909e-09,-1.009646e-04,3.340407e-03,2.500205e-03,-7.505031e+04,2.482806e+06,1.857952e+06,1.920618e-02,-5.447861e-01,-2.773830e-01,3.710189e-18,736,5922
1.345568e-08,-1.009848e-03,3.340778e-02,2.500017e-02,-7.505438e+04,2.482921e+06,1.858011e+06,1.447507e-04,-4.628547e-03,-3.456651e-03,3.710189e-18,736,59205
0.000000e+00,-1.151545e-07,5.599998e-08,3.803954e-07,0.000000e+00,0.000000e+00,0.000000e+00,2.399112e+07,-1.238773e+07,-5.865476e+07,4.509524e-18,737,0
7.531818e-10,-9.726615e-04,6.272240e-04,2.500515e-03,-1.291957e+06,8.331876e+05,3.321081e+06,6.364086e-01,-4.228834e-01,-1.421608e+00,4.509524e-18,737,3314
7.527727e-09,-9.725507e-03,6.271974e-03,2.500028e-02,-1.292033e+06,8.332380e+05,3.321251e+06,6.026705e-03,-4.016024e-03,-1.464810e-02,4.509524e-18,737,33122
0.000000e+00,2.031826e-07,-1.580702e-07,5.207284e-07,0.000000e+00,0.000000e+00,0.000000e+00,-2.127668e+07,1.800463e+07,-3.473505e+07,3.155662e-18,738,0
1.141591e-09,1.748458e-03,-1.294926e-03,2.500273e-03,1.532417e+06,-1.134854e+06,2.190803e+06,-5.674341e-01,4.023118e-01,-6.045320e-01,3.155662e-18,738,5023
1.141136e-08,1.748690e-02,-1.295024e-02,2.500025e-02,1.532519e+06,-1.134927e+06,2.190912e+06,-4.681109e-03,3.362416e-03,-7.194218e-03,3.155662e-18,738,50210
0.000000e+00,7.611763e-09,-1.837761e-07,2.659263e-07,0.000000e+00,0.000000e+00,0.000000e+00,-9.321977e+06,5.590526e+07,-6.340503e+07,5.452673e-18,739,0
8.229545e-10,3.577917e-04,-2.305285e-03,2.500347e-03,4.348743e+05,-2.801949e+06,3.038799e+06,-9.959334e-02,7.576675e-01,-6.969513e-01,5.452673e-18,739,3621
8.227045e-09,3.577720e-03,-2.305177e-02,2.500045e-02,4.348872e+05,-2.802047e+06,3.038890e+06,-9.531204e-04,7.193758e-03,-7.363483e-03,5.452673e-18,739,36199
0.000000e+00,-1.206983e-07,-1.160575e-08,2.491056e-07,0.000000e+00,0.000000e+00,0.000000e+00,6.224935e+07,5.179837e+06,-1.105571e+08,6.274063e-18,740,0
5.211364e-10,-1.424067e-03,-1.175667e-04,2.500220e-03,-2.732985e+06,-2.256198e+05,4.798105e+06,8.088273e-01,6.060376e-02,-1.288963e+00,6.274063e-18,740,2293
5.210455e-09,-1.424016e-02,-1.175589e-03,2.500047e-02,-2.733052e+06,-2.256248e+05,4.798211e+06,7.963502e-03,5.943669e-04,-1.302396e-02,6.274063e-18,740,22926
0.000000e+00,-6.306107e-08,1.233320e-07,6.352447e-07,0.000000e+00,0.000000e+00,0.000000e+00,4.898685e+06,-1.083800e+07,-3.517235e+07,2.861754e-18,741,0
9.670455e-10,-3.920080e-04,8.157596e-04,2.500127e-03,-4.055903e+05,8.441676e+05,2.586646e+06,1.877338e-01,-5.056697e-01,-1.337424e+00,2.861754e-18,741,4255
9.665000e-09,-3.920020e-03,8.158846e-03,2.500013e-02,-4.056189e+05,8.442447e+05,2.586851e+06,1.465943e-03,-4.352611e-03,-1.462226e-02,2.861754e-18,741,42526
0.000000e+00,-5.645371e-08,1.808902e-07,5.322856e-07,0.000000e+00,0.000000e+00,0.000000e+00,9.259578e+06,-1.255724e+07,-3.597338e+07,3.294686e-18,742,0
1.057727e-09,-6.172102e-04,1.048176e-03,2.500408e-03,-5.839050e+05,9.917032e+05,2.365087e+06,2.919597e-01,-5.712643e-01,-1.032978e+00,3.294686e-18,742,4654
1.057045e-08,-6.172123e-03,1.048273e-02,2.500020e-02,-5.839536e+05,9.917984e+05,2.365261e+06,2.353351e-03,-4.692332e-03,-1.214801e-02,3.294686e-18,742,46510
0.000000e+00,-1.075416e-07,-9.296975e-08,2.410704e-07,0.000000e+00,0.000000e+00,0.000000e+00,5.453104e+07,4.712288e+07,-1.023172e+08,6.199350e-18,743,0
5.629545e-10,-1.349616e-03,-1.166790e-03,2.500053e-03,-2.397693e+06,-2.072893e+06,4.441353e+06,6.266073e-01,5.453992e-01,-1.035296e+00,6.199350e-18,743,2477
5.629091e-09,-1.349689e-02,-1.166855e-02,2.500094e-02,-2.397748e+06,-2.072941e+06,4.441445e+06,6.153534e-03,5.410755e-03,-1.047589e-02,6.199350e-18,743,24768
0.000000e+00,1.043894e-07,1.366118e-07,5.003310e-07,0.000000e+00,0.000000e+00,0.000000e+00,-1.374985e+07,-1.548889e+07,-3.662666e+07,3.500441e-18,744,0
1.106364e-09,1.014133e-03,1.225491e-03,2.500298e-03,9.172295e+05,1.108449e+06,2.260883e+06,-4.283286e-01,-5.515858e-01,-8.555438e-01,3.500441e-18,744,4868
1.105773e-08,1.014243e-02,1.225686e-02,2.500040e-02,9.173042e+05,1.108545e+06,2.261033e+06,-3.764252e-03,-4.271950e-03,-9.960127e-03,3.500441e-18,744,48654
0.000000e+00,8.920890e-08,-1.317035e-07,5.396071e-07,0.000000e+00,0.000000e+00,0.000000e+00,-1.015703e+07,1.451164e+07,-3.890703e+07,3.336099e-18,745,0
1.017955e-09,7.098811e-04,-1.016875e-03,2.500474e-03,6.977979e+05,-9.995651e+05,2.457426e+06,-3.521599e-01,5.054554e-01,-1.042461e+00,3.336099e-18,745,4479
1.017318e-08,7.098808e-03,-1.016874e-02,2.500004e-02,6.978545e+05,-9.996462e+05,2.457594e+06,-3.174540e-03,4.745759e-03,-1.202874e-02,3.336099e-18,745,44762
0.000000e+00,-2.095067e-09,1.390574e-08,6.327715e-07,0.000000e+00,0.000000e+00,0.000000e+00,3.165004e+06,-4.068512e+06,-3.643352e+07,2.965369e-18,746,0
9.670455e-10,-1.995528e-04,2.235885e-04,2.500410e-03,-2.064989e+05,2.314093e+05,2.587077e+06,1.030004e-01,-1.629939e-01,-1.485745e+00,2.965369e-18,746,4255
9.663409e-09,-1.995455e-03,2.236187e-03,2.500020e-02,-2.065146e+05,2.314341e+05,2.587304e+06,1.153987e-03,-1.174459e-03,-1.647159e-02,2.965369e-18,746,42519
0.000000e+00,-2.227455e-07,-1.397567e-07,4.093793e-07,0.000000e+00,0.000000e+00,0.000000e+00,3.336485e+07,1.883804e+07,-3.822923e+07,3.709413e-18,747,0
1.192727e-09,-2.397229e-03,-1.400961e-03,2.500386e-03,-2.010670e+06,-1.175049e+06,2.096802e+06,5.428616e-01,3.158076e-01,-4.188087e-01,3.709413e-18,747,5248
1.192295e-08,-2.397308e-02,-1.401003e-02,2.500025e-02,-2.010772e+06,-1.175108e+06,2.096881e+06,4.586301e-03,2.689449e-03,-4.899641e-03,3.709413e-18,747,52461
0.000000e+00,9.686978e-08,-2.199462e-07,2.481815e-07,0.000000e+00,0.000000e+00,0.000000e+00,-3.214696e+07,6.369734e+07,-5.027459e+07,5.054074e-18,748,0
1.076136e-09,1.688361e-03,-3.323310e-03,2.500497e-03,1.569226e+06,-3.088749e+06,2.323790e+06,-2.476882e-01,4.666471e-01,-2.593272e-01,5.054074e-18,748,4735
1.075841e-08,1.688237e-02,-3.323006e-02,2.500042e-02,1.569268e+06,-3.088829e+06,2.323834e+06,-2.045106e-03,4.042882e-03,-2.858972e-03,5.054074e-18,748,47337
0.000000e+00,-2.300951e-07,3.194685e-08,2.131765e-07,0.000000e+00,0.000000e+00,0.000000e+00,8.689955e+07,-1.224930e+07,-5.568940e+07,5.475926e-18,749,0
1.016136e-09,-4.026546e-03,5.655368e-04,2.500520e-03,-3.963097e+06,5.566234e+05,2.460941e+06,4.678327e-01,-6.424908e-02,-2.172692e-01,5.475926e-18,749,4471
1.015886e-08,-4.026063e-02,5.654671e-03,2.500049e-02,-3.963172e+06,5.566337e+05,2.460976e+06,4.148124e-03,-5.643958e-04,-2.365245e-03,5.475926e-18,749,44699
0.000000e+00,-8.211458e-08,9.480873e-08,6.429669e-07,0.000000e+00,0.000000e+00,0.000000e+00,1.229541e+07,-8.328872e+06,-3.729283e+07,2.841710e-18,750,0
9.409091e-10,-8.269808e-04,5.218671e-04,2.500451e-03,-8.796446e+05,5.549292e+05,2.658880e+06,5.693766e-01,-2.918532e-01,-1.439758e+00,2.841710e-18,750,4140
9.402500e-09,-8.270765e-03,5.217755e-03,2.500031e-02,-8.797291e+05,5.549725e+05,2.659095e+06,4.893762e-03,-2.699085e-03,-1.529159e-02,2.841710e-18,750,41371
0.000000e+00,-5.165330e-08,-2.115836e-07,4.519029e-07,0.000000e+00,0.000000e+00,0.000000e+00,5.794423e+06,2.913776e+07,-3.495432e+07,3.656360e-18,751,0
1.204545e-09,-5.099709e-04,-2.307121e-03,2.500306e-03,-4.236037e+05,-1.916364e+06,2.076367e+06,1.514648e-01,6.544665e-01,-5.436159e-01,3.656360e-18,751,5300
1.204023e-08,-5.100263e-03,-2.307335e-02,2.500008e-02,-4.236324e+05,-1.916488e+06,2.076471e+06,1.090101e-03,5.649101e-03,-6.400821e-03,3.656360e-18,751,52977
0.000000e+00,-1.292270e-07,-9.593718e-09,3.854734e-07,0.000000e+00,0.000000e+00,0.000000e+00,2.801355e+07,-4.153301e+06,-5.751965e+07,4.461408e-18,752,0
8.013636e-10,-1.326869e-03,1.628685e-04,2.500545e-03,-1.656549e+06,2.033580e+05,3.121457e+06,7.821574e-01,-9.610422e-02,-1.307284e+00,4.461408e-18,752,3526
8.009091e-09,-1.326741e-02,1.628690e-03,2.500014e-02,-1.656648e+06,2.033702e+05,3.121623e+06,7.581866e-03,-1.059571e-03,-1.350259e-02,4.461408e-18,752,35240
0.000000e+00,1.097766e-08,-1.980852e-07,5.861328e-07,0.000000e+00,0.000000e+00,0.000000e+00,2.491043e+06,2.026677e+07,-3.314544e+07,2.996539e-18,753,0
1.128409e-09,-1.609586e-04,-1.604698e-03,2.500335e-03,-1.427678e+05,-1.422991e+06,2.216691e+06,7.668827e-02,6.541545e-01,-8.214139e-01,2.996539e-18,753,4965
1.127818e-08,-1.610134e-03,-1.604872e-02,2.500048e-02,-1.427814e+05,-1.423108e+06,2.216838e+06,6.118279e-04,5.816648e-03,-9.636329e-03,2.996539e-18,753,49624
0.000000e+00,7.597463e-08,-1.442217e-07,2.256256e-07,0.000000e+00,0.000000e+00,0.000000e+00,-4.028383e+07,7.524500e+07,-9.794108e+07,6.220454e-18,754,0
5.943182e-10,1.040416e-03,-1.944014e-03,2.500405e-03,1.750792e+06,-3.271346e+06,4.207469e+06,-3.687191e-01,6.904911e-01,-7.822914e-01,6.220454e-18,754,2615
5.941818e-09,1.040293e-02,-1.943782e-02,2.500017e-02,1.750826e+06,-3.271411e+06,4.207542e+06,-3.694985e-03,6.806779e-03,-7.980016e-03,6.220454e-18,754,26144
0.000000e+00,2.258716e-07,6.425478e-08,2.192757e-07,0.000000e+00,0.000000e+00,0.000000e+00,-8.084036e+07,-2.381330e+07,-5.697159e+07,5.374537e-18,755,0
9.879545e-10,3.661188e-03,1.079853e-03,2.500180e-03,3.706320e+06,1.093169e+06,2.530822e+06,-4.858250e-01,-1.446319e-01,-2.525451e-01,5.374537e-18,755,4347
9.878182e-09,3.661177e-02,1.079854e-02,2.500005e-02,3.706396e+06,1.093192e+06,2.530861e+06,-4.367423e-03,-1.276872e-03,-2.720424e-03,5.374537e-18,755,43464
0.000000e+00,6.736903e-08,-2.711068e-07,3.256299e-07,0.000000e+00,0.000000e+00,0.000000e+00,-1.116830e+07,5.006877e+07,-3.912313e+07,4.131916e-18,756,0
1.271591e-09,7.682426e-04,-3.477900e-03,2.500240e-03,6.043154e+05,-2.735860e+06,1.966480e+06,-1.076341e-01,5.121445e-01,-2.519841e-01,4.131916e-18,756,5595
1.271318e-08,7.682777e-03,-3.478146e-02,2.500038e-02,6.043370e+05,-2.735963e+06,1.966531e+06,-9.286332e-04,4.303801e-03,-3.043379e-03,4.131916e-18,756,55938
0.000000e+00,1.216804e-07,1.706145e-07,4.422780e-07,0.000000e+00,0.000000e+00,0.000000e+00,-1.785177e+07,-2.256895e+07,-4.258505e+07,3.733269e-18,757,0
1.012955e-09,1.162222e-03,1.450735e-03,2.500024e-03,1.147969e+06,1.432929e+06,2.468910e+06,-4.794082e-01,-6.069722e-01,-8.422456e-01,3.733269e-18,757,4457
1.012591e-08,1.162419e-02,1.450969e-02,2.500011e-02,1.148045e+06,1.433026e+06,2.469045e+06,-4.148606e-03,-5.446756e-03,-9.172637e-03,3.733269e-18,757,44554
0.000000e+00,-2.518037e-07,8.949041e-08,2.804180e-07,0.000000e+00,0.000000e+00,0.000000e+00,5.791581e+07,-2.039307e+07,-4.549041e+07,4.530859e-18,758,0
1.167727e-09,-3.406957e-03,1.204182e-03,2.500099e-03,-2.918247e+06,1.031446e+06,2.141221e+06,4.905639e-01,-1.719086e-01,-2.589857e-01,4.530859e-18,758,5138
1.167568e-08,-3.407255e-02,1.204285e-02,2.500037e-02,-2.918337e+06,1.031478e+06,2.141269e+06,4.274336e-03,-1.419920e-03,-3.018026e-03,4.530859e-18,758,51373
0.000000e+00,1.236784e-07,8.732194e-08,1.546472e-07,0.000000e+00,0.000000e+00,0.000000e+00,-1.312494e+08,-9.470233e+07,-1.385703e+08,7.801180e-18,759,0
4.434091e-10,2.375015e-03,1.713910e-03,2.500622e-03,5.356305e+06,3.865339e+06,5.639488e+06,-5.200993e-01,-3.776831e-01,-4.868557e-01,7.801180e-18,759,1951
4.433182e-09,2.374557e-02,1.713582e-02,2.500101e-02,5.356341e+06,3.865365e+06,5.639522e+06,-5.123086e-03,-3.707550e-03,-4.960738e-03,7.801180e-18,759,19506
0.000000e+00,8.936668e-08,3.477851e-09,5.212882e-07,0.000000e+00,0.000000e+00,0.000000e+00,-4.415990e+06,-5.313221e+06,-4.652503e+07,3.550993e-18,760,0
8.529545e-10,5.179669e-04,4.623892e-04,2.500118e-03,6.077424e+05,5.425433e+05,2.932651e+06,-4.395285e-01,-3.450405e-01,-1.668173e+00,3.550993e-18,760,3753
8.524773e-09,5.180832e-03,4.624978e-03,2.500031e-02,6.078016e+05,5.425898e+05,2.932876e+06,-4.106017e-03,-3.241267e-03,-1.747390e-02,3.550993e-18,760,37509
0.000000e+00,-7.793978e-08,1.767454e-07,2.865513e-07,0.000000e+00,0.000000e+00,0.000000e+00,2.559202e+07,-5.446718e+07,-6.736470e+07,5.100089e-18,761,0
7.927273e-10,-9.790422e-04,2.086269e-03,2.500065e-03,-1.235316e+06,2.632360e+06,3.154221e+06,3.288365e-01,-6.991914e-01,-7.034842e-01,5.100089e-18,761,3488
7.925909e-09,-9.791021e-03,2.086389e-02,2.500022e-02,-1.235357e+06,2.632448e+06,3.154310e+06,3.239035e-03,-6.651912e-03,-7.296278e-03,5.100089e-18,761,34874
0.000000e+00,1.983419e-07,1.571686e-07,3.591165e-07,0.000000e+00,0.000000e+00,0.000000e+00,-3.501048e+07,-2.614938e+07,-4.012373e+07,4.074332e-18,762,0
1.173636e-09,2.355675e-03,1.800560e-03,2.500380e-03,2.007880e+06,1.534753e+06,2.130867e+06,-4.972142e-01,-3.984918e-01,-3.889692e-01,4.074332e-18,762,5164
1.173227e-08,2.355696e-02,1.800610e-02,2.500006e-02,2.007972e+06,1.534826e+06,2.130940e+06,-4.127519e-03,-3.156860e-03,-4.534729e-03,4.074332e-18,762,51622
0.000000e+00,-8.570549e-08,-7.426491e-08,4.373303e-07,0.000000e+00,0.000000e+00,0.000000e+00,1.503448e+07,1.112571e+07,-5.019842e+07,4.071701e-18,763,0
8.479545e-10,-7.508915e-04,-5.858030e-04,2.500290e-03,-8.860784e+05,-6.912934e+05,2.950044e+06,5.291558e-01,4.406466e-01,-1.542896e+00,4.071701e-18,763,3731
8.474545e-09,-7.509096e-03,-5.858387e-03,2.500038e-02,-8.861492e+05,-6.913524e+05,2.950251e+06,4.932520e-03,4.123966e-03,-1.607258e-02,4.071701e-18,763,37288
0.000000e+00,-6.500376e-09,-6.946290e-08,1.375929e-07,0.000000e+00,0.000000e+00,0.000000e+00,1.956254e+07,1.932363e+08,-3.619176e+08,1.080029e-17,764,0
1.725000e-10,-1.351853e-04,-1.335194e-03,2.500363e-03,-7.836616e+05,-7.740005e+06,1.449434e+07,7.447231e-02,7.195080e-01,-1.298907e+00,1.080029e-17,764,759
1.725000e-09,-1.351823e-03,-1.335158e-02,2.500287e-02,-7.836636e+05,-7.740024e+06,1.449437e+07,7.316567e-04,7.192957e-03,-1.300361e-02,1.080029e-17,764,7590
0.000000e+00,-1.132000e-07,-1.696444e-07,5.369199e-07,0.000000e+00,0.000000e+00,0.000000e+00,1.141548e+07,1.755688e+07,-3.689275e+07,3.213760e-18,765,0
1.070227e-09,-8.546173e-04,-1.290488e-03,2.500146e-03,-7.990702e+05,-1.206586e+06,2.337066e+06,3.967209e-01,5.891747e-01,-9.142110e-01,3.213760e-18,765,4709
1.069727e-08,-8.547836e-03,-1.290714e-02,2.500042e-02,-7.991371e+05,-1.206685e+06,2.337221e+06,3.479814e-03,4.832976e-03,-1.046458e-02,3.213760e-18,765,47068
0.000000e+00,1.930864e-07,-4.639743e-08,3.370231e-07,0.000000e+00,0.000000e+00,0.000000e+00,-4.730902e+08,-3.001073e+08,-2.016514e+08,4.657596e-18,766,0
3.102273e-10,5.864924e-03,3.720115e-03,2.500215e-03,1.890470e+07,1.199177e+07,8.058243e+06,-1.691520e-01,-1.073374e-01,-6.818924e-02,4.657596e-18,766,1365
3.102500e-09,5.865202e-02,3.720443e-02,2.500104e-02,1.890471e+07,1.199178e+07,8.058247e+06,-1.684606e-03,-1.069100e-03,-6.833164e-04,4.657596e-18,766,13651
0.000000e+00,1.060600e-07,1.969390e-07,5.783029e-07,0.000000e+00,0.000000e+00,0.000000e+00,-1.159953e+07,-1.755143e+07,-3.374022e+07,2.974048e-18,767,0
1.111364e-09,9.007749e-04,1.459697e-03,2.500131e-03,8.110405e+05,1.314267e+06,2.250583e+06,-3.781030e-01,-6.117242e-01,-8.889283e-01,2.974048e-18,767,4890
1.110818e-08,9.009148e-03,1.459908e-02,2.500009e-02,8.111067e+05,1.314374e+06,2.250740e+06,-3.460017e-03,-4.955463e-03,-1.002337e-02,2.974048e-18,767,48876
0.000000e+00,5.787195e-08,1.641250e-07,5.467759e-07,0.000000e+00,0.000000e+00,0.000000e+00,-6.516485e+06,-1.376581e+07,-3.705076e+07,3.251532e-18,768,0
1.028409e-09,4.690111e-04,1.044262e-03,2.500463e-03,4.563446e+05,1.016255e+06,2.432594e+06,-2.162946e-01,-6.509645e-01,-1.132824e+00,3.251532e-18,768,4525
1.027705e-08,4.689845e-03,1.044404e-02,2.500005e-02,4.563797e+05,1.016360e+06,2.432779e+06,-2.097048e-03,-5.324902e-03,-1.282624e-02,3.251532e-18,768,45219
0.000000e+00,-1.920389e-07,1.559845e-07,4.420419e-07,0.000000e+00,0.000000e+00,0.000000e+00,2.546943e+07,-1.826122e+07,-3.592422e+07,3.579415e-18,769,0
1.200455e-09,-2.042309e-03,1.384059e-03,2.500139e-03,-1.702180e+06,1.153517e+06,2.083255e+06,5.817751e-01,-3.885381e-01,-5.159274e-01,3.579415e-18,769,5282
1.200045e-08,-2.042684e-02,1.384270e-02,2.500017e-02,-1.702290e+06,1.153590e+06,2.083353e+06,4.856375e-03,-3.187631e-03,-5.961339e-03,3.579415e-18,769,52802
0.000000e+00,5.215293e-08,5.641693e-08,6.645260e-07,0.000000e+00,0.000000e+00,0.000000e+00,-4.230700e+06,-3.369973e+06,-3.871596e+07,2.787862e-18,770,0
9.165909e-10,2.761699e-04,2.307368e-04,2.500158e-03,3.015658e+05,2.518907e+05,2.729181e+06,-2.462928e-01,-1.721190e-01,-1.643157e+00,2.787862e-18,770,4033
9.160227e-09,2.762412e-03,2.307402e-03,2.500015e-02,3.016014e+05,2.519156e+05,2.729419e+06,-1.963402e-03,-1.839557e-03,-1.757816e-02,2.787862e-18,770,40305
0.000000e+00,2.262986e-07,7.121041e-08,3.620562e-07,0.000000e+00,0.000000e+00,0.000000e+00,-4.141533e+07,-1.420305e+07,-4.622987e+07,4.157170e-18,771,0
1.029773e-09,2.389740e-03,8.173760e-04,2.500109e-03,2.321456e+06,7.940324e+05,2.428365e+06,-6.588771e-01,-2.314657e-01,-5.636420e-01,4.157170e-18,771,4531
1.029500e-08,2.389937e-02,8.174555e-03,2.500017e-02,2.321563e+06,7.940699e+05,2.428457e+06,-5.884791e-03,-1.860090e-03,-6.133775e-03,4.157170e-18,771,45298
0.000000e+00,1.820136e-07,-2.389914e-08,3.083193e-07,0.000000e+00,0.000000e+00,0.000000e+00,-4.975419e+07,6.097231e+06,-6.067894e+07,4.964577e-18,772,0
8.350000e-10,2.148192e-03,-2.717619e-04,2.500096e-03,2.573455e+06,-3.255680e+05,2.994733e+06,-7.870889e-01,1.051945e-01,-7.733968e-01,4.964577e-18,772,3674
8.347955e-09,2.148309e-02,-2.717826e-03,2.500002e-02,2.573559e+06,-3.255818e+05,2.994835e+06,-7.541473e-03,1.029367e-03,-8.041117e-03,4.964577e-18,772,36731
0.000000e+00,1.911248e-07,-1.265570e-07,2.542431e-07,0.000000e+00,0.000000e+00,0.000000e+00,-5.974227e+07,4.023194e+07,-5.353123e+07,5.102241e-18,773,0
1.012955e-09,2.906266e-03,-1.953845e-03,2.500350e-03,2.869627e+06,-1.929213e+06,2.468598e+06,-4.670207e-01,3.133347e-01,-3.044626e-01,5.102241e-18,773,4457
1.012727e-08,2.906152e-02,-1.953769e-02,2.500031e-02,2.869701e+06,-1.929263e+06,2.468647e+06,-4.160056e-03,2.761843e-03,-3.303336e-03,5.102241e-18,773,44560
0.000000e+00,9.754010e-08,-3.598007e-08,5.354879e-07,0.000000e+00,0.000000e+00,0.000000e+00,-1.244286e+07,4.441824e+06,-4.632957e+07,3.445738e-18,774,0
8.481818e-10,6.973811e-04,-2.440605e-04,2.500309e-03,8.227406e+05,-2.879199e+05,2.949309e+06,-5.232985e-01,1.750852e-01,-1.649194e+00,3.445738e-18,774,3732
8.476591e-09,6.974026e-03,-2.440579e-03,2.500024e-02,8.228107e+05,-2.879433e+05,2.949530e+06,-4.752549e-03,1.709078e-03,-1.728407e-02,3.445738e-18,774,37297
0.000000e+00,8.631822e-08,7.223270e-08,3.712234e-07,0.000000e+00,0.000000e+00,0.000000e+00,-1.897470e+07,-1.762777e+07,-6.478315e+07,4.668366e-18,775,0
7.222727e-10,7.671005e-04,7.044745e-04,2.500038e-03,1.062489e+06,9.757656e+05,3.462483e+06,-4.930442e-01,-4.670398e-01,-1.521571e+00,4.668366e-18,775,3178
7.220227e-09,7.671410e-03,7.045242e-03,2.500003e-02,1.062546e+06,9.758189e+05,3.462657e+06,-4.900403e-03,-4.506465e-03,-1.572154e-02,4.668366e-18,775,31769
0.000000e+00,1.051666e-08,-4.926562e-08,4.205623e-07,0.000000e+00,0.000000e+00,0.000000e+00,5.250087e+02,7.183970e+06,-5.497770e+07,4.346172e-18,776,0
7.795455e-10,-1.160551e-06,-4.221861e-04,2.500349e-03,-1.513999e+03,-5.419666e+05,3.209095e+06,1.025069e-02,3.707165e-01,-1.881144e+00,4.346172e-18,776,3430
7.790455e-09,-1.178236e-05,-4.222129e-03,2.500037e-02,-1.515259e+03,-5.420122e+05,3.209327e+06,1.301050e-04,3.548156e-03,-1.931451e-02,4.346172e-18,776,34278
0.000000e+00,1.422008e-08,4.074852e-08,6.003566e-07,0.000000e+00,0.000000e+00,0.000000e+00,-5.077209e+05,-5.041979e+06,-3.759404e+07,3.118718e-18,777,0
9.763636e-10,3.475945e-05,3.539438e-04,2.500079e-03,3.561003e+04,3.627561e+05,2.562125e+06,-1.880059e-02,-2.067723e-01,-1.508892e+00,3.118718e-18,777,4296
9.757500e-09,3.474770e-04,3.539586e-03,2.500013e-02,3.561292e+04,3.627879e+05,2.562358e+06,2.297925e-04,-1.443978e-03,-1.665268e-02,3.118718e-18,777,42933
0.000000e+00,9.322457e-08,-2.339030e-07,2.801977e-07,0.000000e+00,0.000000e+00,0.000000e+00,-2.445677e+07,5.815361e+07,-4.894497e+07,4.675387e-18,778,0
1.074091e-09,1.311480e-03,-3.123025e-03,2.500158e-03,1.221287e+06,-2.908236e+06,2.327963e+06,-2.214295e-01,5.256160e-01,-3.174978e-01,4.675387e-18,778,4726
1.073909e-08,1.311552e-02,-3.123184e-02,2.500035e-02,1.221324e+06,-2.908325e+06,2.328017e+06,-1.864691e-03,4.570049e-03,-3.535996e-03,4.675387e-18,778,47252
0.000000e+00,1.624642e-07,6.041689e-08,2.949783e-07,0.000000e+00,0.000000e+00,0.000000e+00,-5.029070e+07,-2.160760e+07,-6.685480e+07,5.177176e-18,779,0
7.809091e-10,1.949232e-03,8.388418e-04,2.500660e-03,2.496762e+06,1.074481e+06,3.202813e+06,-7.405080e-01,-3.192839e-01,-8.096677e-01,5.177176e-18,779,3436
7.805682e-09,1.948895e-02,8.387057e-03,2.500027e-02,2.496853e+06,1.074521e+06,3.202913e+06,-7.128628e-03,-3.039362e-03,-8.377060e-03,5.177176e-18,779,34345
0.000000e+00,-2.490701e-07,-7.500811e-08,3.708391e-07,0.000000e+00,0.000000e+00,0.000000e+00,3.821637e+07,1.127097e+07,-3.873959e+07,3.957540e-18,780,0
1.195909e-09,-2.668551e-03,-8.165277e-04,2.500261e-03,-2.232288e+06,-6.830165e+05,2.091154e+06,6.102162e-01,1.668864e-01,-4.256340e-01,3.957540e-18,780,5262
1.195523e-08,-2.668747e-02,-8.165600e-03,2.500037e-02,-2.232403e+06,-6.830479e+05,2.091235e+06,5.185259e-03,1.215307e-03,-4.945136e-03,3.957540e-18,780,52603
0.000000e+00,4.525493e-08,-8.931927e-08,6.320832e-07,0.000000e+00,0.000000e+00,0.000000e+00,-5.500088e+06,7.979380e+06,-4.360112e+07,2.930949e-18,781,0
8.625000e-10,2.832289e-04,-4.627278e-04,2.500326e-03,3.286055e+05,-5.368108e+05,2.900403e+06,-2.346482e-01,3.291945e-01,-1.711354e+00,2.930949e-18,781,3795
8.619545e-09,2.832442e-03,-4.627082e-03,2.500038e-02,3.286375e+05,-5.368556e+05,2.900636e+06,-2.381417e-03,2.952872e-03,-1.804539e-02,2.930949e-18,781,37926
0.000000e+00,-5.745344e-08,-1.843017e-07,6.054065e-07,0.000000e+00,0.000000e+00,0.000000e+00,4.992103e+06,1.490666e+07,-3.443982e+07,2.909598e-18,782,0
1.047955e-09,-3.777694e-04,-1.203019e-03,2.500437e-03,-3.607327e+05,-1.148753e+06,2.387077e+06,1.970164e-01,6.243849e-01,-1.038455e+00,2.909598e-18,782,4611
1.047318e-08,-3.778011e-03,-1.203108e-02,2.500052e-02,-3.607652e+05,-1.148856e+06,2.387249e+06,1.540383e-03,5.255915e-03,-1.178223e-02,2.909598e-18,782,46082
0.000000e+00,2.365051e-08,-6.848863e-08,5.698330e-07,0.000000e+00,0.000000e+00,0.000000e+00,3.053855e+06,4.668578e+06,-4.258337e+07,3.286833e-18,783,0
8.827273e-10,-1.063764e-04,-3.603330e-04,2.500625e-03,-1.206576e+05,-4.085187e+05,2.834446e+06,1.059127e-01,2.900977e-01,-1.727064e+00,3.286833e-18,783,3884
8.820227e-09,-1.064193e-03,-3.603216e-03,2.500062e-02,-1.206724e+05,-4.085591e+05,2.834687e+06,1.153764e-03,2.706170e-03,-1.820953e-02,3.286833e-18,783,38809
0.000000e+00,1.061297e-07,5.020645e-08,4.402916e-07,0.000000e+00,0.000000e+00,0.000000e+00,-1.725469e+07,-1.012183e+07,-4.813382e+07,4.045795e-18,784,0
8.852273e-10,1.060613e-03,6.662037e-04,2.500346e-03,1.198893e+06,7.530826e+05,2.825780e+06,-6.483303e-01,-4.015670e-01,-1.301138e+00,4.045795e-18,784,3895
8.847273e-09,1.060685e-02,6.662651e-03,2.500053e-02,1.198983e+06,7.531387e+05,2.825962e+06,-5.913432e-03,-3.665088e-03,-1.367086e-02,4.045795e-18,784,38928
0.000000e+00,-1.474693e-07,2.151224e-07,4.605779e-07,0.000000e+00,0.000000e+00,0.000000e+00,1.854386e+07,-2.450755e+07,-3.213924e+07,3.441290e-18,785,0
1.291591e-09,-1.562408e-03,2.092844e-03,2.500194e-03,-1.210305e+06,1.621193e+06,1.936276e+06,3.826201e-01,-5.135337e-01,-4.332642e-01,3.441290e-18,785,5683
1.291136e-08,-1.562662e-02,2.093175e-02,2.500013e-02,-1.210383e+06,1.621298e+06,1.936365e+06,3.319136e-03,-4.367656e-03,-5.324205e-03,3.441290e-18,785,56810
0.000000e+00,-1.768439e-07,-8.558889e-08,4.598800e-07,0.000000e+00,0.000000e+00,0.000000e+00,2.655833e+07,5.418871e+06,-4.480328e+07,3.677387e-18,786,0
9.090909e-10,-1.716095e-03,1.295413e-05,2.500111e-03,-1.888639e+06,1.435622e+04,2.751039e+06,7.806915e-01,3.466806e-02,-9.871025e-01,3.677387e-18,786,4000
9.087500e-09,-1.716292e-02,1.303316e-04,2.500019e-02,-1.888751e+06,1.435129e+04,2.751181e+06,7.433668e-03,-1.822830e-04,-1.050604e-02,3.677387e-18,786,39985
0.000000e+00,1.390940e-07,-2.324948e-07,4.631843e-07,0.000000e+00,0.000000e+00,0.000000e+00,-1.656883e+07,2.811534e+07,-3.301849e+07,3.390269e-18,787,0
1.309773e-09,1.413480e-03,-2.389795e-03,2.500212e-03,1.079692e+06,-1.825453e+06,1.909342e+06,-3.116811e-01,5.259658e-01,-3.914715e-01,3.390269e-18,787,5763
1.309364e-08,1.413705e-02,-2.390175e-02,2.500043e-02,1.079756e+06,-1.825562e+06,1.909424e+06,-2.693870e-03,4.566294e-03,-4.895777e-03,3.390269e-18,787,57612
0.000000e+00,-1.331057e-07,-1.893825e-07,2.395754e-07,0.000000e+00,0.000000e+00,0.000000e+00,4.371745e+07,6.191254e+07,-5.681864e+07,5.209704e-18,788,0
9.695455e-10,-1.994437e-03,-2.822124e-03,2.500536e-03,-2.057426e+06,-2.911248e+06,2.579304e+06,3.285071e-01,4.611733e-01,-3.188118e-01,5.209704e-18,788,4266
9.692500e-09,-1.994163e-02,-2.821732e-02,2.500004e-02,-2.057476e+06,-2.911318e+06,2.579353e+06,3.030408e-03,4.234243e-03,-3.400808e-03,5.209704e-18,788,42647
0.000000e+00,-9.391422e-08,-1.773384e-07,2.983936e-07,0.000000e+00,0.000000e+00,0.000000e+00,2.265597e+07,4.176217e+07,-5.794061e+07,4.923309e-18,789,0
8.590909e-10,-1.027894e-03,-1.897984e-03,2.500229e-03,-1.196867e+06,-2.209984e+06,2.910985e+06,3.734830e-01,6.909353e-01,-7.794977e-01,4.923309e-18,789,3780
8.588182e-09,-1.027891e-02,-1.897975e-02,2.500018e-02,-1.196917e+06,-2.210078e+06,2.911091e+06,3.585692e-03,6.555861e-03,-8.105820e-03,4.923309e-18,789,37788
0.000000e+00,-2.515725e-07,1.379070e-07,4.013670e-07,0.000000e+00,0.000000e+00,0.000000e+00,3.204477e+07,-1.970031e+07,-3.487987e+07,3.630176e-18,790,0
1.272955e-09,-2.515089e-03,1.526685e-03,2.500106e-03,-1.976599e+06,1.199823e+06,1.964452e+06,5.207118e-01,-3.149812e-01,-3.710773e-01,3.630176e-18,790,5601
1.272614e-08,-2.515443e-02,1.526907e-02,2.500004e-02,-1.976703e+06,1.199886e+06,1.964527e+06,4.336597e-03,-2.713499e-03,-4.394803e-03,3.630176e-18,790,55995
0.000000e+00,-1.588053e-07,2.598888e-08,5.744429e-07,0.000000e+00,0.000000e+00,0.000000e+00,2.368267e+07,-1.021478e+06,-3.954433e+07,3.119078e-18,791,0
9.738636e-10,-1.454708e-03,9.740830e-05,2.500496e-03,-1.494655e+06,1.000722e+05,2.568576e+06,7.523136e-01,-4.973600e-02,-1.049738e+00,3.119078e-18,791,4285
9.732955e-09,-1.454737e-02,9.740051e-04,2.500005e-02,-1.494771e+06,1.000798e+05,2.568737e+06,6.921426e-03,-2.267079e-04,-1.145775e-02,3.119078e-18,791,42825
0.000000e+00,1.536236e-07,7.394196e-08,6.196302e-07,0.000000e+00,0.000000e+00,0.000000e+00,-1.371862e+07,-8.541396e+06,-3.564863e+07,2.887759e-18,792,0
1.037955e-09,9.815698e-04,5.681977e-04,2.500335e-03,9.463446e+05,5.477787e+05,2.410060e+06,-5.559155e-01,-2.919472e-01,-1.142652e+00,2.887759e-18,792,4567
1.037318e-08,9.816615e-03,5.682206e-03,2.500024e-02,9.464356e+05,5.478264e+05,2.410248e+06,-4.515967e-03,-2.098599e-03,-1.275076e-02,2.887759e-18,792,45642
0.000000e+00,2.454572e-07,3.480155e-08,4.610681e-07,0.000000e+00,0.000000e+00,0.000000e+00,-3.305548e+07,-6.507855e+06,-3.731679e+07,3.501730e-18,793,0
1.184091e-09,2.465241e-03,4.984402e-04,2.500066e-03,2.082968e+06,4.211483e+05,2.111897e+06,-6.769087e-01,-1.274710e-01,-4.917822e-01,3.501730e-18,793,5210
1.183773e-08,2.465754e-02,4.985411e-03,2.500026e-02,2.083094e+06,4.211721e+05,2.111990e+06,-5.656573e-03,-1.075488e-03,-5.800173e-03,3.501730e-18,793,52086
0.000000e+00,1.780717e-07,-1.161797e-07,2.676519e-07,0.000000e+00,0.000000e+00,0.000000e+00,-5.235561e+07,3.634060e+07,-5.958935e+07,5.135139e-18,794,0
8.936364e-10,2.294712e-03,-1.595752e-03,2.500226e-03,2.568409e+06,-1.786101e+06,2.798195e+06,-5.739553e-01,4.078985e-01,-5.058501e-01,5.135139e-18,794,3932
8.934318e-09,2.294701e-02,-1.595761e-02,2.500010e-02,2.568489e+06,-1.786159e+06,2.798267e+06,-5.341799e-03,3.634012e-03,-5.311401e-03,5.135139e-18,794,39311
0.000000e+00,1.692399e-07,1.428918e-07,2.725344e-07,0.000000e+00,0.000000e+00,0.000000e+00,-4.907075e+07,-4.036679e+07,-5.649258e+07,4.995853e-18,795,0
9.372727e-10,2.268075e-03,1.857957e-03,2.500193e-03,2.420416e+06,1.982738e+06,2.667871e+06,-5.178112e-01,-4.177316e-01,-4.500446e-01,4.995853e-18,795,4124
9.370909e-09,2.268152e-02,1.858008e-02,2.500052e-02,2.420493e+06,1.982800e+06,2.667938e+06,-4.794530e-03,-3.891018e-03,-4.812699e-03,4.995853e-18,795,41232
0.000000e+00,1.132011e-07,1.593100e-08,5.931634e-07,0.000000e+00,0.000000e+00,0.000000e+00,-8.659169e+06,-2.879782e+06,-3.650036e+07,3.099320e-18,796,0
1.025000e-09,6.377393e-04,2.563787e-04,2.500026e-03,6.226496e+05,2.502726e+05,2.440391e+06,-3.908841e-01,-1.005939e-01,-1.289259e+00,3.099320e-18,796,4510
1.024432e-08,6.378626e-03,2.563845e-03,2.500036e-02,6.227127e+05,2.502888e+05,2.440600e+06,-3.497147e-03,-4.440950e-04,-1.466232e-02,3.099320e-18,796,45075
0.000000e+00,-6.815316e-08,-2.584643e-07,3.433557e-07,0.000000e+00,0.000000e+00,0.000000e+00,1.101508e+07,4.512847e+07,-4.183638e+07,4.090492e-18,797,0
1.152273e-09,-6.953424e-04,-2.904004e-03,2.500386e-03,-6.036343e+05,-2.521071e+06,2.170363e+06,1.372565e-01,6.029258e-01,-3.919404e-01,4.090492e-18,797,5070
1.151886e-08,-6.953186e-03,-2.903985e-02,2.500027e-02,-6.036592e+05,-2.521180e+06,2.170435e+06,1.246702e-03,5.273801e-03,-4.436234e-03,4.090492e-18,797,50683
0.000000e+00,-3.731641e-08,1.963340e-07,5.825549e-07,0.000000e+00,0.000000e+00,0.000000e+00,6.557156e+06,-1.715018e+07,-3.881020e+07,3.020202e-18,798,0
9.802273e-10,-4.240561e-04,1.193207e-03,2.500146e-03,-4.328689e+05,1.218080e+06,2.551710e+06,2.046507e-01,-7.022741e-01,-1.166849e+00,3.020202e-18,798,4313
9.797273e-09,-4.240912e-03,1.193386e-02,2.500001e-02,-4.329005e+05,1.218188e+06,2.551891e+06,1.945806e-03,-5.936598e-03,-1.270682e-02,3.020202e-18,798,43108
0.000000e+00,-7.799589e-11,1.707072e-07,4.055810e-07,0.000000e+00,0.000000e+00,0.000000e+00,6.596374e+05,-3.215640e+07,-4.788540e+07,4.144847e-18,799,0
9.084091e-10,-1.768238e-04,1.755008e-03,2.500453e-03,-1.947774e+05,1.932879e+06,2.753463e+06,7.306922e-02,-8.059206e-01,-9.569938e-01,4.144847e-18,799,3997
9.079545e-09,-1.768447e-03,1.754961e-02,2.500030e-02,-1.947878e+05,1.932994e+06,2.753601e+06,8.160567e-04,-7.566203e-03,-1.015106e-02,4.144847e-18,799,39950
0.000000e+00,2.015154e-07,-1.076750e-07,4.607591e-07,0.000000e+00,0.000000e+00,0.000000e+00,-2.849075e+07,1.445695e+07,-3.370745e+07,3.572187e-18,800,0
1.249091e-09,2.280023e-03,-1.157955e-03,2.500178e-03,1.826221e+06,-9.274876e+05,2.002156e+06,-5.466539e-01,2.850891e-01,-4.762049e-01,3.572187e-18,800,5496
1.248659e-08,2.280318e-02,-1.158112e-02,2.500028e-02,1.826328e+06,-9.275436e+05,2.002251e+06,-4.801910e-03,2.493859e-03,-5.610531e-03,3.572187e-18,800,54941
0.000000e+00,5.341882e-08,-1.141323e-07,5.450603e-07,0.000000e+00,0.000000e+00,0.000000e+00,3.462159e+06,1.709016e+07,-4.400289e+07,3.366147e-18,801,0
9.020455e-10,-2.752950e-04,-1.111113e-03,2.500533e-03,-3.055141e+05,-1.232590e+06,2.773314e+06,1.962510e-01,6.945581e-01,-1.347024e+00,3.366147e-18,801,3969
9.014545e-09,-2.753966e-03,-1.111117e-02,2.500033e-02,-3.055421e+05,-1.232689e+06,2.773506e+06,1.697229e-03,6.312273e-03,-1.408430e-02,3.366147e-18,801,39664
0.000000e+00,9.514869e-08,-6.797574e-08,4.025597e-07,0.000000e+00,0.000000e+00,0.000000e+00,-1.863700e+07,1.223365e+07,-5.485768e+07,4.371136e-18,802,0
8.195455e-10,9.525041e-04,-6.397606e-04,2.500672e-03,1.162884e+06,-7.810651e+05,3.052560e+06,-6.200566e-01,4.178069e-01,-1.437152e+00,4.371136e-18,802,3606
8.190000e-09,9.523977e-03,-6.396895e-03,2.500056e-02,1.162964e+06,-7.811192e+05,3.052746e+06,-5.826868e-03,3.876365e-03,-1.482248e-02,4.371136e-18,802,36036
0.000000e+00,2.337851e-08,-3.795037e-08,6.174465e-07,0.000000e+00,0.000000e+00,0.000000e+00,-2.485015e+06,2.702082e+06,-3.779517e+07,3.041294e-18,803,0
9.584091e-10,2.298739e-04,-1.390709e-04,2.500390e-03,2.400317e+05,-1.452290e+05,2.610361e+06,-1.398066e-01,1.244673e-01,-1.509497e+00,3.041294e-18,803,4217
9.577273e-09,2.298825e-03,-1.390914e-03,2.500036e-02,2.400528e+05,-1.452478e+05,2.610590e+06,-1.492050e-03,1.087096e-03,-1.678981e-02,3.041294e-18,803,42140
0.000000e+00,5.887373e-08,1.124755e-07,4.165283e-07,0.000000e+00,0.000000e+00,0.000000e+00,-1.321549e+07,-2.027276e+07,-5.399150e+07,4.209942e-18,804,0
8.204545e-10,6.583704e-04,1.014161e-03,2.500683e-03,8.028723e+05,1.236753e+06,3.049091e+06,-4.047950e-01,-6.468151e-01,-1.352663e+00,4.209942e-18,804,3610
8.199318e-09,6.582976e-03,1.014051e-02,2.500058e-02,8.029248e+05,1.236837e+06,3.049266e+06,-3.800682e-03,-6.060229e-03,-1.416781e-02,4.209942e-18,804,36077
0.000000e+00,-1.449744e-07,-2.088670e-07,3.403460e-07,0.000000e+00,0.000000e+00,0.000000e+00,1.800376e+07,4.133497e+07,-4.052270e+07,4.204752e-18,805,0
1.177955e-09,-1.252891e-03,-2.765825e-03,2.500368e-03,-1.063965e+06,-2.348820e+06,2.123026e+06,2.591403e-01,5.608926e-01,-3.658351e-01,4.204752e-18,805,5183
1.177568e-08,-1.252893e-02,-2.765890e-02,2.500021e-02,-1.064013e+06,-2.348924e+06,2.123094e+06,2.080487e-03,4.795000e-03,-4.278236e-03,4.204752e-18,805,51813
0.000000e+00,7.148381e-08,-6.739857e-08,3.251137e-07,0.000000e+00,0.000000e+00,0.000000e+00,-2.160252e+07,2.089708e+07,-7.942657e+07,5.256707e-18,806,0
6.370455e-10,6.974625e-04,-6.821350e-04,2.500789e-03,1.095170e+06,-1.071117e+06,3.926600e+06,-4.868469e-01,4.600391e-01,-1.590685e+00,5.256707e-18,806,2803
6.366818e-09,6.972768e-03,-6.819612e-03,2.500008e-02,1.095219e+06,-1.071163e+06,3.926761e+06,-4.955475e-03,4.750793e-03,-1.639364e-02,5.256707e-18,806,28014
0.000000e+00,1.474429e-07,-2.107410e-07,3.971328e-07,0.000000e+00,0.000000e+00,0.000000e+00,-2.111671e+07,3.306725e+07,-3.850757e+07,3.819693e-18,807,0
1.192727e-09,1.517151e-03,-2.386836e-03,2.500284e-03,1.272502e+06,-2.001970e+06,2.096718e+06,-3.444452e-01,5.431425e-01,-4.162543e-01,3.819693e-18,807,5248
1.192341e-08,1.517254e-02,-2.387025e-02,2.500020e-02,1.272567e+06,-2.002072e+06,2.096797e+06,-2.994550e-03,4.584541e-03,-4.889577e-03,3.819693e-18,807,52463
0.000000e+00,-1.017493e-07,-6.273140e-09,1.586121e-07,0.000000e+00,0.000000e+00,0.000000e+00,1.549933e+08,9.095177e+06,-2.288612e+08,8.924418e-18,808,0
2.709091e-10,-1.694300e-03,-9.937182e-05,2.500167e-03,-6.254027e+06,-3.668008e+05,9.228604e+06,7.642245e-01,4.239797e-02,-1.076718e+00,8.924418e-18,808,1192
2.709091e-09,-1.694282e-02,-9.937024e-04,2.500128e-02,-6.254059e+06,-3.668026e+05,9.228650e+06,7.627227e-03,4.063888e-04,-1.079779e-02,8.924418e-18,808,11920
0.000000e+00,2.894121e-08,-6.251861e-08,5.473805e-07,0.000000e+00,0.000000e+00,0.000000e+00,-3.877591e+06,3.998062e+06,-3.958011e+07,3.418194e-18,809,0
9.936364e-10,2.821499e-04,-2.992406e-04,2.500027e-03,2.841427e+05,-3.014866e+05,2.517409e+06,-1.446842e-01,2.858028e-01,-1.347852e+00,3.418194e-18,809,4372
9.930909e-09,2.821778e-03,-2.994040e-03,2.500036e-02,2.841654e+05,-3.015314e+05,2.517621e+06,-1.668613e-03,1.921268e-03,-1.572205e-02,3.418194e-18,809,43696
0.000000e+00,1.184823e-07,2.697594e-09,2.526977e-07,0.000000e+00,0.000000e+00,0.000000e+00,-5.946994e+07,-3.226589e+06,-1.084895e+08,6.250626e-18,810,0
5.277273e-10,1.388187e-03,7.679602e-05,2.500047e-03,2.630885e+06,1.455541e+05,4.737893e+06,-8.075339e-01,-4.804263e-02,-1.315545e+00,6.250626e-18,810,2322
5.276591e-09,1.388217e-02,7.680284e-04,2.500009e-02,2.630952e+06,1.455581e+05,4.738003e+06,-7.983840e-03,-4.082905e-04,-1.332408e-02,6.250626e-18,810,23217
0.000000e+00,1.909078e-07,-8.320973e-08,5.916012e-07,0.000000e+00,0.000000e+00,0.000000e+00,-1.691825e+07,6.770751e+06,-3.547327e+07,2.943014e-18,811,0
1.051818e-09,1.172333e-03,-3.790402e-04,2.500264e-03,1.115281e+06,-3.606110e+05,2.378041e+06,-5.917670e-01,2.137233e-01,-9.580470e-01,2.943014e-18,811,4628
1.051295e-08,1.172493e-02,-3.791108e-03,2.500048e-02,1.115379e+06,-3.606465e+05,2.378201e+06,-5.155549e-03,1.741239e-03,-1.179939e-02,2.943014e-18,811,46257
0.000000e+00,4.975093e-08,1.278337e-07,6.098074e-07,0.000000e+00,0.000000e+00,0.000000e+00,-6.337946e+06,-9.220841e+06,-3.700993e+07,2.990608e-18,812,0
9.743182e-10,4.551542e-04,6.945795e-04,2.500185e-03,4.675107e+05,7.134337e+05,2.567527e+06,-2.901978e-01,-4.742098e-01,-1.434925e+00,2.990608e-18,812,4287
9.737045e-09,4.552146e-03,6.946733e-03,2.500033e-02,4.675553e+05,7.135065e+05,2.567749e+06,-2.599429e-03,-3.905250e-03,-1.548791e-02,2.990608e-18,812,42843
0.000000e+00,-7.832232e-08,-6.876968e-08,1.621947e-07,0.000000e+00,0.000000e+00,0.000000e+00,1.140898e+08,9.833922e+07,-2.177362e+08,8.740964e-18,813,0
2.845455e-10,-1.311923e-03,-1.130821e-03,2.501655e-03,-4.610537e+06,-3.974079e+06,8.791587e+06,5.848982e-01,5.045069e-01,-1.054383e+00,8.740964e-18,813,1252
2.843636e-09,-1.311076e-02,-1.130090e-02,2.500023e-02,-4.610564e+06,-3.974102e+06,8.791635e+06,5.837118e-03,5.049489e-03,-1.061205e-02,8.740964e-18,813,12512
0.000000e+00,8.443719e-08,2.221613e-07,3.605152e-07,0.000000e+00,0.000000e+00,0.000000e+00,-1.393432e+07,-3.923322e+07,-4.446917e+07,4.150054e-18,814,0
1.049318e-09,8.600277e-04,2.384599e-03,2.500305e-03,8.199025e+05,2.273378e+06,2.383375e+06,-2.320876e-01,-6.652850e-01,-5.751652e-01,4.150054e-18,814,4617
1.048932e-08,8.600208e-03,2.384615e-02,2.500011e-02,8.199409e+05,2.273488e+06,2.383471e+06,-2.058234e-03,-5.850473e-03,-6.253714e-03,4.150054e-18,814,46153
0.000000e+00,-2.518076e-07,-5.066869e-09,2.982896e-07,0.000000e+00,0.000000e+00,0.000000e+00,5.641568e+07,2.529404e+06,-4.689297e+07,4.522703e-18,815,0
1.080682e-09,-3.223938e-03,-1.267466e-04,2.500304e-03,-2.983998e+06,-1.173147e+05,2.313944e+06,5.918798e-01,2.267881e-02,-3.433840e-01,4.522703e-18,815,4755
1.080409e-08,-3.223939e-02,-1.267477e-03,2.500020e-02,-2.984099e+06,-1.173186e+05,2.314002e+06,5.284892e-03,1.826978e-04,-3.892435e-03,4.522703e-18,815,47538
0.000000e+00,7.923935e-08,-3.221751e-08,2.405888e-07,0.000000e+00,0.000000e+00,0.000000e+00,-5.178763e+07,1.997078e+07,-1.327382e+08,6.788978e-18,816,0
4.427273e-10,9.833786e-04,-3.787500e-04,2.500235e-03,2.221424e+06,-8.555789e+05,5.647776e+06,-6.757719e-01,2.565670e-01,-1.573620e+00,6.788978e-18,816,1948
4.426591e-09,9.833383e-03,-3.787319e-03,2.500057e-02,2.221471e+06,-8.555968e+05,5.647886e+06,-6.663102e-03,2.571371e-03,-1.585405e-02,6.788978e-18,816,19477
0.000000e+00,1.503233e-07,-4.812333e-08,3.488627e-07,0.000000e+00,0.000000e+00,0.000000e+00,-3.325838e+07,1.280262e+07,-6.143239e+07,4.713192e-18,817,0
8.375000e-10,1.532102e-03,-1.513645e-04,2.500098e-03,1.830186e+06,-1.806947e+05,2.986125e+06,-8.085312e-01,9.188460e-02,-1.125165e+00,4.713192e-18,817,3685
8.372045e-09,1.532239e-02,-1.512892e-03,2.500012e-02,1.830293e+06,-1.807068e+05,2.986274e+06,-7.716655e-03,6.930016e-04,-1.177023e-02,4.713192e-18,817,36837
0.000000e+00,-8.735771e-08,1.589255e-07,2.007677e-07,0.000000e+00,0.000000e+00,0.000000e+00,4.528461e+07,-8.871049e+07,-8.929635e+07,6.340425e-18,818,0
6.575000e-10,-1.281744e-03,2.517840e-03,2.500436e-03,-1.949575e+06,3.829757e+06,3.803132e+06,3.009753e-01,-6.135583e-01,-5.167197e-01,6.340425e-18,818,2893
6.573636e-09,-1.281585e-02,2.517552e-02,2.500054e-02,-1.949607e+06,3.829821e+06,3.803185e+06,2.954282e-03,-5.892046e-03,-5.256219e-03,6.340425e-18,818,28924
0.000000e+00,-1.578344e-07,-1.998415e-07,3.406517e-07,0.000000e+00,0.000000e+00,0.000000e+00,2.948277e+07,3.436976e+07,-3.977053e+07,4.204039e-18,819,0
1.182955e-09,-1.998895e-03,-2.368500e-03,2.500003e-03,-1.690343e+06,-2.002869e+06,2.113754e+06,4.016188e-01,4.623767e-01,-3.662256e-01,4.204039e-18,819,5205
1.182727e-08,-1.999210e-02,-2.368843e-02,2.500008e-02,-1.690418e+06,-2.002955e+06,2.113823e+06,3.376762e-03,3.940831e-03,-4.222060e-03,4.204039e-18,819,52040
0.000000e+00,-3.653546e-08,2.532820e-07,2.846434e-07,0.000000e+00,0.000000e+00,0.000000e+00,5.752996e+06,-5.838579e+07,-4.516932e+07,4.590737e-18,820,0
1.141136e-09,-3.461746e-04,3.448583e-03,2.500403e-03,-3.034288e+05,3.022802e+06,2.191434e+06,5.688503e-02,-5.520262e-01,-2.994004e-01,4.590737e-18,820,5021
1.140818e-08,-3.461578e-03,3.448467e-02,2.500041e-02,-3.034390e+05,3.022901e+06,2.191488e+06,4.410914e-04,-4.782569e-03,-3.384137e-03,4.590737e-18,820,50196
0.000000e+00,2.788711e-07,1.603072e-08,4.877197e-07,0.000000e+00,0.000000e+00,0.000000e+00,-3.046832e+07,-2.784952e+06,-3.512289e+07,3.243395e-18,821,0
1.211136e-09,2.382759e-03,1.459631e-04,2.500248e-03,1.968362e+06,1.205768e+05,2.064951e+06,-6.743262e-01,-4.495007e-02,-5.188202e-01,3.243395e-18,821,5329
1.210682e-08,2.383057e-02,1.459807e-03,2.500019e-02,1.968491e+06,1.205854e+05,2.065051e+06,-5.736256e-03,-4.880101e-04,-6.202838e-03,3.243395e-18,821,53270
0.000000e+00,-6.021573e-09,2.199446e-07,4.730461e-07,0.000000e+00,0.000000e+00,0.000000e+00,1.349078e+06,-2.598833e+07,-3.556983e+07,3.521462e-18,822,0
1.216364e-09,-8.679945e-05,2.078135e-03,2.500287e-03,-7.143628e+04,1.709511e+06,2.056261e+06,5.143771e-02,-6.768215e-01,-6.037061e-01,3.521462e-18,822,5352
1.215795e-08,-8.685153e-04,2.078408e-02,2.500011e-02,-7.144610e+04,1.709640e+06,2.056378e+06,2.489800e-04,-5.915518e-03,-7.372978e-03,3.521462e-18,822,53495
0.000000e+00,1.215694e-07,-1.535208e-07,2.835549e-07,0.000000e+00,0.000000e+00,0.000000e+00,-3.687896e+07,4.395154e+07,-6.284948e+07,5.118107e-18,823,0
8.297727e-10,1.526942e-03,-1.817521e-03,2.500387e-03,1.840671e+06,-2.190934e+06,3.013860e+06,-5.025264e-01,5.904416e-01,-6.903786e-01,5.118107e-18,823,3651
8.295000e-09,1.526838e-02,-1.817382e-02,2.500010e-02,1.840737e+06,-2.191011e+06,3.013951e+06,-4.747911e-03,5.668815e-03,-7.119290e-03,5.118107e-18,823,36498
0.000000e+00,9.074733e-08,1.430339e-07,2.978159e-07,0.000000e+00,0.000000e+00,0.000000e+00,-2.220987e+07,-4.238260e+07,-6.469068e+07,5.168196e-18,824,0
7.831818e-10,9.011325e-04,1.703984e-03,2.500634e-03,1.150936e+06,2.176387e+06,3.193619e+06,-3.768535e-01,-7.241882e-01,-9.189844e-01,5.168196e-18,824,3446
7.828182e-09,9.009745e-03,1.703715e-02,2.500035e-02,1.150982e+06,2.176477e+06,3.193733e+06,-3.612663e-03,-6.861788e-03,-9.478161e-03,5.168196e-18,824,34444
0.000000e+00,1.680535e-07,-1.902466e-07,3.088111e-07,0.000000e+00,0.000000e+00,0.000000e+00,-3.869581e+07,4.559475e+07,-4.564154e+07,4.436122e-18,825,0
1.128409e-09,2.250874e-03,-2.613325e-03,2.500078e-03,1.995222e+06,-2.316487e+06,2.215831e+06,-3.718537e-01,4.199655e-01,-2.984241e-01,4.436122e-18,825,4965
1.128250e-08,2.251110e-02,-2.613577e-02,2.500027e-02,1.995288e+06,-2.316562e+06,2.215884e+06,-3.193139e-03,3.623530e-03,-3.365205e-03,4.436122e-18,825,49643
0.000000e+00,2.109228e-07,1.480112e-07,3.869031e-07,0.000000e+00,0.000000e+00,0.000000e+00,-3.223863e+07,-2.296961e+07,-4.043791e+07,3.868516e-18,826,0
1.122955e-09,2.125361e-03,1.533059e-03,2.500165e-03,1.893399e+06,1.365770e+06,2.226984e+06,-5.521374e-01,-4.144523e-01,-5.296531e-01,3.868516e-18,826,4941
1.122591e-08,2.125510e-02,1.533199e-02,2.500007e-02,1.893497e+06,1.365844e+06,2.227078e+06,-4.759001e-03,-3.563656e-03,-5.858196e-03,3.868516e-18,826,49394
0.000000e+00,-2.356675e-07,-8.840057e-08,2.488632e-07,0.000000e+00,0.000000e+00,0.000000e+00,6.646484e+07,2.538818e+07,-4.955693e+07,4.915223e-18,827,0
1.093182e-09,-3.508152e-03,-1.343124e-03,2.500305e-03,-3.209694e+06,-1.228863e+06,2.287376e+06,4.752962e-01,1.848322e-01,-2.496600e-01,4.915223e-18,827,4810
1.092955e-08,-3.508054e-02,-1.343093e-02,2.500012e-02,-3.209776e+06,-1.228895e+06,2.287420e+06,4.144770e-03,1.589323e-03,-2.782469e-03,4.915223e-18,827,48090
0.000000e+00,9.194632e-08,3.144151e-08,2.001087e-07,0.000000e+00,0.000000e+00,0.000000e+00,-8.385682e+07,-3.008474e+07,-1.721792e+08,7.674721e-18,828,0
3.536364e-10,1.220390e-03,4.381054e-04,2.500048e-03,3.451054e+06,1.238894e+06,7.069637e+06,-7.074669e-01,-2.593429e-01,-1.373832e+00,7.674721e-18,828,1556
3.536364e-09,1.220426e-02,4.381207e-03,2.500098e-02,3.451093e+06,1.238909e+06,7.069713e+06,-7.041258e-03,-2.575983e-03,-1.377974e-02,7.674721e-18,828,15560
0.000000e+00,2.578769e-09,-1.050268e-08,2.626226e-07,0.000000e+00,0.000000e+00,0.000000e+00,-1.886022e+06,3.865057e+06,-1.409868e+08,6.630774e-18,829,0
4.147727e-10,3.327460e-05,-6.891568e-05,2.500006e-03,8.023268e+04,-1.661599e+05,6.027946e+06,-2.701364e-02,5.478803e-02,-2.031478e+00,6.630774e-18,829,1825
4.147500e-09,3.327668e-04,-6.891563e-04,2.500110e-02,8.023444e+04,-1.661635e+05,6.028079e+06,-2.189107e-04,5.412515e-04,-2.049985e-02,6.630774e-18,829,18249
0.000000e+00,-6.729793e-08,1.754333e-07,2.602928e-07,0.000000e+00,0.000000e+00,0.000000e+00,2.633750e+07,-6.288890e+07,-6.706100e+07,5.446651e-18,830,0
8.140909e-10,-1.019758e-03,2.436643e-03,2.500611e-03,-1.252898e+06,2.993698e+06,3.072022e+06,2.863242e-01,-6.820620e-01,-5.573642e-01,5.446651e-18,830,3582
8.137955e-09,-1.019604e-02,2.436261e-02,2.500012e-02,-1.252935e+06,2.993786e+06,3.072094e+06,2.689444e-03,-6.324031e-03,-5.799810e-03,5.446651e-18,830,35807
0.000000e+00,-2.487090e-08,2.182364e-07,5.876006e-07,0.000000e+00,0.000000e+00,0.000000e+00,2.175649e+06,-2.295671e+07,-3.641765e+07,2.950037e-18,831,0
1.027273e-09,-1.864503e-04,1.626125e-03,2.500277e-03,-1.815799e+05,1.583814e+06,2.435033e+06,6.663714e-02,-6.885267e-01,-1.068340e+00,2.950037e-18,831,4520
1.026682e-08,-1.864249e-03,1.626070e-02,2.500020e-02,-1.815907e+05,1.583925e+06,2.435207e+06,6.773547e-04,-5.862424e-03,-1.152439e-02,2.950037e-18,831,45174
0.000000e+00,-6.037560e-08,1.577642e-07,4.385532e-07,0.000000e+00,0.000000e+00,0.000000e+00,1.021091e+06,-2.505496e+07,-4.048950e+07,3.908822e-18,832,0
1.064091e-09,-2.284220e-04,1.740341e-03,2.500447e-03,-2.148748e+05,1.636602e+06,2.350668e+06,1.542286e-01,-7.953000e-01,-7.941638e-01,3.908822e-18,832,4682
1.063523e-08,-2.285223e-03,1.740554e-02,2.500007e-02,-2.149007e+05,1.636736e+06,2.350803e+06,1.161653e-03,-6.336705e-03,-9.692269e-03,3.908822e-18,832,46795
0.000000e+00,-7.539956e-08,5.814823e-08,2.980184e-07,0.000000e+00,0.000000e+00,0.000000e+00,2.760181e+07,-1.962111e+07,-9.349249e+07,5.642109e-18,833,0
5.747727e-10,-7.553897e-04,5.329814e-04,2.500466e-03,-1.314568e+06,9.275041e+05,4.351225e+06,5.457988e-01,-3.755624e-01,-1.665331e+00,5.642109e-18,833,2529
5.745682e-09,-7.553111e-03,5.329166e-03,2.500090e-02,-1.314617e+06,9.275382e+05,4.351376e+06,5.408160e-03,-3.697456e-03,-1.687026e-02,5.642109e-18,833,25281
0.000000e+00,2.434062e-07,4.946830e-08,5.240026e-07,0.000000e+00,0.000000e+00,0.000000e+00,-2.552539e+07,-6.706385e+06,-3.609565e+07,3.165196e-18,834,0
1.132727e-09,1.935552e-03,5.102888e-04,2.500183e-03,1.709718e+06,4.507160e+05,2.207943e+06,-7.027637e-01,-1.561984e-01,-6.798755e-01,3.165196e-18,834,4984
1.132273e-08,1.935864e-02,5.103321e-03,2.500015e-02,1.709844e+06,4.507439e+05,2.208066e+06,-5.974227e-03,-1.485319e-03,-7.847645e-03,3.165196e-18,834,49820
0.000000e+00,2.039756e-07,-1.202249e-07,4.976169e-07,0.000000e+00,0.000000e+00,0.000000e+00,-1.429486e+07,1.651162e+07,-3.652301e+07,3.352779e-18,835,0
1.141364e-09,1.217970e-03,-1.195148e-03,2.500042e-03,1.067783e+06,-1.047800e+06,2.191259e+06,-4.971707e-01,4.778000e-01,-7.595450e-01,3.352779e-18,835,5022
1.140909e-08,1.218243e-02,-1.195440e-02,2.500046e-02,1.067872e+06,-1.047886e+06,2.191397e+06,-4.257521e-03,4.079922e-03,-9.128486e-03,3.352779e-18,835,50200
0.000000e+00,-2.195682e-07,-1.108657e-07,3.635503e-07,0.000000e+00,0.000000e+00,0.000000e+00,3.853172e+07,1.697498e+07,-3.898344e+07,4.086074e-18,836,0
1.187727e-09,-2.657339e-03,-1.222517e-03,2.500342e-03,-2.238183e+06,-1.029715e+06,2.105597e+06,5.759957e-01,2.823128e-01,-4.065101e-01,4.086074e-18,836,5226
1.187318e-08,-2.657429e-02,-1.222595e-02,2.500028e-02,-2.238290e+06,-1.029767e+06,2.105674e+06,4.927216e-03,2.388004e-03,-4.632420e-03,4.086074e-18,836,52242
0.000000e+00,-1.710826e-07,1.425821e-07,2.800959e-07,0.000000e+00,0.000000e+00,0.000000e+00,4.599308e+07,-4.049562e+07,-5.443665e+07,4.909036e-18,837,0
9.590909e-10,-2.203438e-03,1.960962e-03,2.500111e-03,-2.297954e+06,2.045112e+06,2.607109e+06,4.882696e-01,-4.515819e-01,-4.412931e-01,4.909036e-18,837,4220
9.589318e-09,-2.203583e-02,1.961123e-02,2.500054e-02,-2.298028e+06,2.045180e+06,2.607176e+06,4.480278e-03,-4.125962e-03,-4.731669e-03,4.909036e-18,837,42193
0.000000e+00,-1.005509e-07,1.579448e-07,1.811995e-07,0.000000e+00,0.000000e+00,0.000000e+00,6.269797e+07,-9.697710e+07,-8.872740e+07,6.543999e-18,838,0
6.706818e-10,-1.785132e-03,2.760017e-03,2.500427e-03,-2.661834e+06,4.115491e+06,3.728291e+06,3.254506e-01,-4.992240e-01,-3.844596e-01,6.543999e-18,838,2951
6.705455e-09,-1.784887e-02,2.759633e-02,2.500002e-02,-2.661868e+06,4.115544e+06,3.728332e+06,3.106738e-03,-4.846244e-03,-3.913289e-03,6.543999e-18,838,29504
0.000000e+00,-7.250673e-08,7.866095e-08,2.600123e-07,0.000000e+00,0.000000e+00,0.000000e+00,3.568704e+07,-3.544753e+07,-1.114445e+08,6.202218e-18,839,0
5.115909e-10,-8.108826e-04,8.046079e-04,2.500115e-03,-1.585268e+06,1.572985e+06,4.887526e+06,5.330589e-01,-5.240070e-01,-1.506114e+00,6.202218e-18,839,2251
5.115227e-09,-8.109045e-03,8.046220e-03,2.500097e-02,-1.585311e+06,1.573027e+06,4.887648e+06,5.231756e-03,-5.242892e-03,-1.519461e-02,6.202218e-18,839,22507
0.000000e+00,-1.095855e-07,1.247209e-07,3.558879e-07,0.000000e+00,0.000000e+00,0.000000e+00,2.381216e+07,-2.649635e+07,-5.841699e+07,4.570618e-18,840,0
8.068182e-10,-1.091274e-03,1.204984e-03,2.500673e-03,-1.353101e+06,1.494090e+06,3.100327e+06,5.460195e-01,-6.081853e-01,-1.096035e+00,4.570618e-18,840,3550
8.063636e-09,-1.091090e-02,1.204779e-02,2.500002e-02,-1.353171e+06,1.494168e+06,3.100467e+06,5.272431e-03,-5.876826e-03,-1.135745e-02,4.570618e-18,840,35480
0.000000e+00,-5.227180e-08,-2.096013e-07,5.547281e-07,0.000000e+00,0.000000e+00,0.000000e+00,-1.794667e+07,2.567569e+07,-2.298780e+07,3.117550e-18,841,0
1.538409e-09,1.536186e-03,-2.784544e-03,2.500184e-03,9.991450e+05,-1.810961e+06,1.625601e+06,-2.496428e-01,4.556087e-01,-3.015214e-01,3.117550e-18,841,6769
1.537886e-08,1.536550e-02,-2.785033e-02,2.500008e-02,9.992053e+05,-1.811071e+06,1.625675e+06,-2.321349e-03,4.207565e-03,-3.775969e-03,3.117550e-18,841,67667
0.000000e+00,-9.238605e-08,1.536123e-07,5.285221e-07,0.000000e+00,0.000000e+00,0.000000e+00,8.800278e+06,-1.355104e+07,-3.557008e+07,3.331353e-18,842,0
1.098182e-09,-8.190994e-04,1.099346e-03,2.500282e-03,-7.464605e+05,1.001838e+06,2.277811e+06,4.120890e-01,-5.730769e-01,-9.427630e-01,3.331353e-18,842,4832
1.097545e-08,-8.192676e-03,1.099559e-02,2.500018e-02,-7.465317e+05,1.001937e+06,2.277975e+06,3.272394e-03,-4.694005e-03,-1.112093e-02,3.331353e-18,842,48292
0.000000e+00,2.518618e-07,-3.022300e-08,4.652232e-07,0.000000e+00,0.000000e+00,0.000000e+00,-3.120785e+07,5.703835e+06,-3.420267e+07,3.450540e-18,843,0
1.246591e-09,2.576750e-03,-5.122190e-04,2.500130e-03,2.068031e+06,-4.111373e+05,2.006095e+06,-6.280792e-01,1.388627e-01,-4.582853e-01,3.450540e-18,843,5485
1.246205e-08,2.577180e-02,-5.123564e-03,2.500023e-02,2.068154e+06,-4.111646e+05,2.006186e+06,-5.445019e-03,1.171736e-03,-5.443649e-03,3.450540e-18,843,54833
0.000000e+00,3.377257e-08,2.804853e-07,3.228143e-07,0.000000e+00,0.000000e+00,0.000000e+00,-5.998783e+06,-5.051440e+07,-3.738009e+07,4.119064e-18,844,0
1.312955e-09,4.406352e-04,3.680963e-03,2.500273e-03,3.357056e+05,2.804371e+06,1.904562e+06,-6.202612e-02,-4.985254e-01,-2.373438e-01,4.119064e-18,844,5777
1.312636e-08,4.406588e-03,3.681115e-02,2.500013e-02,3.357184e+05,2.804474e+06,1.904612e+06,-5.825848e-04,-4.259087e-03,-2.828414e-03,4.119064e-18,844,57756
0.000000e+00,1.317153e-07,-1.320668e-07,4.608614e-07,0.000000e+00,0.000000e+00,0.000000e+00,-1.916787e+07,2.318225e+07,-3.773979e+07,3.726959e-18,845,0
1.148864e-09,1.384616e-03,-1.669609e-03,2.500255e-03,1.205839e+06,-1.454051e+06,2.176945e+06,-4.388617e-01,5.252473e-01,-6.034568e-01,3.726959e-18,845,5055
1.148409e-08,1.384792e-02,-1.669837e-02,2.500042e-02,1.205919e+06,-1.454146e+06,2.177056e+06,-3.657698e-03,4.545639e-03,-7.202423e-03,3.726959e-18,845,50530
0.000000e+00,2.366551e-07,3.815238e-08,4.871211e-07,0.000000e+00,0.000000e+00,0.000000e+00,-3.036610e+07,-5.401709e+06,-3.812947e+07,3.390088e-18,846,0
1.112500e-09,2.146019e-03,3.516281e-04,2.500006e-03,1.929975e+06,3.162043e+05,2.247877e+06,-7.130728e-01,-1.008597e-01,-6.527946e-01,3.390088e-18,846,4895
1.112159e-08,2.146435e-02,3.516692e-03,2.500017e-02,1.930100e+06,3.162220e+05,2.247993e+06,-6.092795e-03,-8.895719e-04,-7.386721e-03,3.390088e-18,846,48935
0.000000e+00,7.736092e-08,-1.518225e-07,3.395589e-07,0.000000e+00,0.000000e+00,0.000000e+00,-1.847865e+07,3.247274e+07,-6.174406e+07,4.732426e-18,847,0
7.786364e-10,7.888162e-04,-1.365297e-03,2.500716e-03,1.013454e+06,-1.754055e+06,3.212588e+06,-4.075321e-01,6.832632e-01,-1.166265e+00,4.732426e-18,847,3426
7.782045e-09,7.886741e-03,-1.365015e-02,2.500061e-02,1.013504e+06,-1.754139e+06,3.212731e+06,-3.903834e-03,6.960343e-03,-1.215406e-02,4.732426e-18,847,34241
0.000000e+00,-6.980071e-08,9.258827e-08,2.416420e-07,0.000000e+00,0.000000e+00,0.000000e+00,3.949765e+07,-5.397803e+07,-1.142228e+08,6.465807e-18,848,0
5.079545e-10,-8.736231e-04,1.194510e-03,2.500272e-03,-1.720097e+06,2.351911e+06,4.922664e+06,4.843553e-01,-6.708997e-01,-1.256906e+00,6.465807e-18,848,2235
5.078636e-09,-8.735785e-03,1.194455e-02,2.500059e-02,-1.720136e+06,2.351964e+06,4.922765e+06,4.759321e-03,-6.637116e-03,-1.269233e-02,6.465807e-18,848,22346
0.000000e+00,4.867423e-08,9.165242e-09,4.089567e-07,0.000000e+00,0.000000e+00,0.000000e+00,-7.781519e+06,-3.487740e+06,-5.879555e+07,4.449888e-18,849,0
7.504545e-10,2.370015e-04,2.009844e-05,2.500303e-03,3.159626e+05,2.675556e+04,3.333336e+06,-2.240473e-01,-1.130499e-02,-1.945432e+00,4.449888e-18,849,3302
7.500000e-09,2.369754e-03,2.006938e-04,2.500010e-02,3.159892e+05,2.675690e+04,3.333567e+06,-1.878980e-03,-2.948650e-04,-1.994891e-02,4.449888e-18,849,33000
0.000000e+00,1.425063e-07,-1.198162e-07,5.850858e-07,0.000000e+00,0.000000e+00,0.000000e+00,-1.516218e+07,1.016124e+07,-3.759360e+07,3.025455e-18,850,0
1.018182e-09,1.073463e-03,-7.874930e-04,2.500003e-03,1.054982e+06,-7.739305e+05,2.456374e+06,-5.574543e-01,4.054568e-01,-1.037581e+00,3.025455e-18,850,4480
1.017773e-08,1.073729e-02,-7.876838e-03,2.500053e-02,1.055071e+06,-7.739955e+05,2.456541e+06,-5.018466e-03,3.283908e-03,-1.168639e-02,3.025455e-18,850,44782
0.000000e+00,2.379941e-07,2.516860e-08,4.379600e-07,0.000000e+00,0.000000e+00,0.000000e+00,-4.865369e+07,2.402735e+06,-2.263495e+06,3.676706e-18,851,0
4.944773e-09,1.513617e-02,-5.235016e-04,2.500062e-03,3.061402e+06,-1.058867e+05,5.055709e+05,-4.421525e-02,1.517267e-03,-4.355545e-03,3.676706e-18,851,21757
2.272727e-08,6.957594e-02,-2.406446e-03,1.149042e-02,3.061432e+06,-1.058878e+05,5.055745e+05,-1.981128e-03,6.864773e-05,-3.270559e-04,3.676706e-18,851,100000
0.000000e+00,-9.774085e-08,-1.933411e-07,3.038663e-07,0.000000e+00,0.000000e+00,0.000000e+00,2.097212e+07,5.287371e+07,-5.288796e+07,4.751968e-18,852,0
9.586364e-10,-1.069449e-03,-2.585979e-03,2.500002e-03,-1.115904e+06,-2.698273e+06,2.608315e+06,2.806810e-01,6.316964e-01,-5.159919e-01,4.751968e-18,852,4218
9.584773e-09,-1.069569e-02,-2.586233e-02,2.500024e-02,-1.115947e+06,-2.698368e+06,2.608393e+06,2.612951e-03,5.788837e-03,-5.444913e-03,4.751968e-18,852,42173
0.000000e+00,-1.370838e-07,1.111418e-07,2.740279e-07,0.000000e+00,0.000000e+00,0.000000e+00,4.719512e+07,-3.582433e+07,-6.740850e+07,5.388233e-18,853,0
7.865909e-10,-1.823016e-03,1.368874e-03,2.500488e-03,-2.318198e+06,1.740665e+06,3.179406e+06,6.433895e-01,-4.649797e-01,-7.317475e-01,5.388233e-18,853,3461
7.863182e-09,-1.822842e-02,1.368719e-02,2.500038e-02,-2.318278e+06,1.740723e+06,3.179497e+06,5.988053e-03,-4.596434e-03,-7.586202e-03,5.388233e-18,853,34598
0.000000e+00,1.621704e-07,-1.847335e-07,4.777162e-07,0.000000e+00,0.000000e+00,0.000000e+00,-9.864529e+06,2.475448e+07,-3.667765e+07,3.419899e-18,854,0
1.142955e-09,9.144150e-04,-1.772973e-03,2.500190e-03,8.005531e+05,-1.552021e+06,2.188259e+06,-3.535591e-01,5.812600e-01,-6.910937e-01,3.419899e-18,854,5029
1.142455e-08,9.145916e-03,-1.773111e-02,2.500003e-02,8.006167e+05,-1.552126e+06,2.188384e+06,-2.996360e-03,4.859906e-03,-8.153791e-03,3.419899e-18,854,50268
0.000000e+00,-2.939871e-09,1.433519e-07,6.456985e-07,0.000000e+00,0.000000e+00,0.000000e+00,3.058271e+06,-1.066634e+07,-3.997962e+07,2.813572e-18,855,0
9.150000e-10,-1.650873e-04,7.041967e-04,2.500102e-03,-1.804928e+05,7.701392e+05,2.733734e+06,5.805812e-02,-5.102161e-01,-1.522875e+00,2.813572e-18,855,4026
9.145000e-09,-1.650600e-03,7.042944e-03,2.500023e-02,-1.805012e+05,7.702128e+05,2.733954e+06,9.778960e-04,-4.274974e-03,-1.628391e-02,2.813572e-18,855,40238
0.000000e+00,-6.219532e-08,-1.594857e-07,2.402588e-07,0.000000e+00,0.000000e+00,0.000000e+00,2.845679e+07,7.183247e+07,-8.680349e+07,5.889774e-18,856,0
6.568182e-10,-8.365064e-04,-2.106239e-03,2.500678e-03,-1.273759e+06,-3.207182e+06,3.807604e+06,2.937028e-01,7.289292e-01,-7.441141e-01,5.889774e-18,856,2890
6.565909e-09,-8.363414e-03,-2.105814e-02,2.500053e-02,-1.273790e+06,-3.207258e+06,3.807681e+06,2.842223e-03,7.099000e-03,-7.617162e-03,5.889774e-18,856,28890
0.000000e+00,-1.833507e-07,3.712447e-08,3.437713e-07,0.000000e+00,0.000000e+00,0.000000e+00,4.213104e+07,-8.803495e+06,-5.855281e+07,4.578123e-18,857,0
8.325000e-10,-1.885001e-03,3.909138e-04,2.500319e-03,-2.265033e+06,4.697239e+05,3.004122e+06,7.889932e-01,-1.617789e-01,-9.152670e-01,4.578123e-18,857,3663
8.322045e-09,-1.884971e-02,3.909064e-03,2.500058e-02,-2.265137e+06,4.697452e+05,3.004243e+06,7.381531e-03,-1.545746e-03,-9.517199e-03,4.578123e-18,857,36617
0.000000e+00,4.787085e-09,1.509667e-07,5.678761e-07,0.000000e+00,0.000000e+00,0.000000e+00,-1.817285e+05,-1.228969e+07,-3.599104e+07,3.187097e-18,858,0
1.037500e-09,3.732808e-05,9.476983e-04,2.500521e-03,3.601571e+04,9.141294e+05,2.411473e+06,-2.597698e-02,-5.549311e-01,-1.231689e+00,3.187097e-18,858,4565
1.036705e-08,3.733712e-04,9.476812e-03,2.500002e-02,3.601995e+04,9.142201e+05,2.411675e+06,-3.988314e-04,-4.459359e-03,-1.369389e-02,3.187097e-18,858,45615
0.000000e+00,-1.652483e-07,1.483536e-07,3.789838e-07,0.000000e+00,0.000000e+00,0.000000e+00,2.897768e+07,-2.355288e+07,-4.514345e+07,4.096101e-18,859,0
1.013409e-09,-1.771031e-03,1.433690e-03,2.500026e-03,-1.748320e+06,1.415292e+06,2.467603e+06,5.680817e-01,-4.649241e-01,-6.606101e-01,4.096101e-18,859,4459
1.013136e-08,-1.771282e-02,1.433882e-02,2.500031e-02,-1.748411e+06,1.415366e+06,2.467709e+06,5.264892e-03,-4.115823e-03,-7.185034e-03,4.096101e-18,859,44578
0.000000e+00,1.460097e-07,1.130465e-07,5.556943e-07,0.000000e+00,0.000000e+00,0.000000e+00,-1.657752e+07,-1.026014e+07,-3.606094e+07,3.170490e-18,860,0
1.071136e-09,1.168736e-03,7.767174e-04,2.500428e-03,1.091802e+06,7.255996e+05,2.335405e+06,-5.326441e-01,-3.637526e-01,-9.749331e-01,3.170490e-18,860,4713
1.070477e-08,1.168748e-02,7.767370e-03,2.500019e-02,1.091892e+06,7.256610e+05,2.335571e+06,-4.830413e-03,-2.865485e-03,-1.112904e-02,3.170490e-18,860,47101
0.000000e+00,-1.155819e-07,1.894601e-07,5.315226e-07,0.000000e+00,0.000000e+00,0.000000e+00,1.304665e+07,-2.194432e+07,-3.218716e+07,3.209098e-18,861,0
1.189318e-09,-1.153149e-03,1.745705e-03,2.500119e-03,-9.701781e+05,1.468668e+06,2.102861e+06,3.804723e-01,-5.695742e-01,-6.260110e-01,3.209098e-18,861,5233
1.188864e-08,-1.153403e-02,1.746040e-02,2.500034e-02,-9.702494e+05,1.468775e+06,2.102979e+06,3.301372e-03,-4.859909e-03,-7.390234e-03,3.209098e-18,861,52310
0.000000e+00,-1.244479e-07,2.574581e-08,5.763054e-07,0.000000e+00,0.000000e+00,0.000000e+00,9.606362e+06,4.664678e+05,-4.209122e+07,3.169472e-18,862,0
9.168182e-10,-6.664941e-04,-2.035034e-05,2.500214e-03,-7.275099e+05,-2.220690e+04,2.728522e+06,5.144554e-01,-2.640757e-02,-1.554392e+00,3.169472e-18,862,4034
9.162500e-09,-6.665817e-03,-2.034352e-04,2.500028e-02,-7.275843e+05,-2.220306e+04,2.728748e+06,4.603979e-03,-4.714842e-06,-1.651894e-02,3.169472e-18,862,40315
0.000000e+00,-5.077767e-08,8.965336e-08,6.375692e-07,0.000000e+00,0.000000e+00,0.000000e+00,-8.118625e+05,-6.005058e+06,-3.602374e+07,2.891037e-18,863,0
9.534091e-10,-9.467722e-05,4.616046e-04,2.500025e-03,-9.937435e+04,4.845557e+05,2.623764e+06,7.232628e-02,-3.556310e-01,-1.578439e+00,2.891037e-18,863,4195
9.528409e-09,-9.468894e-04,4.617049e-03,2.500049e-02,-9.938521e+04,4.846091e+05,2.624002e+06,6.282905e-04,-3.030677e-03,-1.705888e-02,2.891037e-18,863,41925
0.000000e+00,-1.891274e-07,-2.639818e-10,2.633382e-07,0.000000e+00,0.000000e+00,0.000000e+00,6.180028e+07,2.358078e+06,-7.308491e+07,5.401682e-18,864,0
7.404545e-10,-2.168054e-03,-8.440276e-05,2.500766e-03,-2.928609e+06,-1.140264e+05,3.377856e+06,7.895390e-01,3.637442e-02,-7.996513e-01,5.401682e-18,864,3258
7.401136e-09,-2.167510e-02,-8.439200e-04,2.500010e-02,-2.928702e+06,-1.140307e+05,3.377949e+06,7.660072e-03,3.748049e-04,-8.202413e-03,5.401682e-18,864,32565
0.000000e+00,-7.409181e-08,-1.274267e-07,2.173416e-07,0.000000e+00,0.000000e+00,0.000000e+00,4.357094e+07,7.493818e+07,-1.151940e+08,6.563884e-18,865,0
5.129545e-10,-9.507527e-04,-1.638569e-03,2.500544e-03,-1.853619e+06,-3.194627e+06,4.875060e+06,3.852422e-01,6.915100e-01,-9.655567e-01,6.563884e-18,865,2257
5.128182e-09,-9.505747e-03,-1.638271e-02,2.500035e-02,-1.853651e+06,-3.194683e+06,4.875139e+06,4.032655e-03,6.853211e-03,-9.760374e-03,6.563884e-18,865,22564
0.000000e+00,-6.027795e-08,-2.398286e-07,2.355497e-07,0.000000e+00,0.000000e+00,0.000000e+00,1.921177e+07,7.251174e+07,-5.121817e+07,5.077435e-18,866,0
1.070455e-09,-9.881034e-04,-3.698324e-03,2.500031e-03,-9.232404e+05,-3.455501e+06,2.335671e+06,1.399520e-01,5.053361e-01,-2.472539e-01,5.077435e-18,866,4710
1.070364e-08,-9.882035e-03,-3.698647e-02,2.500031e-02,-9.232640e+05,-3.455586e+06,2.335713e+06,1.127700e-03,4.431160e-03,-2.749761e-03,5.077435e-18,866,47096
0.000000e+00,2.104683e-07,1.155094e-07,4.188760e-07,0.000000e+00,0.000000e+00,0.000000e+00,-3.038921e+07,-1.962084e+07,-3.800324e+07,3.760653e-18,867,0
1.176364e-09,2.161996e-03,1.451464e-03,2.500278e-03,1.838645e+06,1.234414e+06,2.125922e+06,-5.406508e-01,-3.634752e-01,-4.571178e-01,3.760653e-18,867,5176
1.175955e-08,2.162158e-02,1.451608e-02,2.500004e-02,1.838745e+06,1.234481e+06,2.126007e+06,-4.657549e-03,-3.249569e-03,-5.462209e-03,3.760653e-18,867,51742
0.000000e+00,5.668048e-08,-1.263586e-07,1.623986e-07,0.000000e+00,0.000000e+00,0.000000e+00,-5.982622e+07,1.369631e+08,-1.509225e+08,7.928795e-18,868,0
4.065909e-10,9.931197e-04,-2.274640e-03,2.500172e-03,2.442573e+06,-5.594481e+06,6.149080e+06,-2.846162e-01,6.662640e-01,-6.621656e-01,7.928795e-18,868,1789
4.065682e-09,9.930771e-03,-2.274549e-02,2.500034e-02,2.442591e+06,-5.594524e+06,6.149122e+06,-2.853361e-03,6.546754e-03,-6.670697e-03,7.928795e-18,868,17889
0.000000e+00,9.925625e-08,1.388788e-07,3.167827e-07,0.000000e+00,0.000000e+00,0.000000e+00,-2.341081e+07,-3.062947e+07,-7.274199e+07,4.952505e-18,869,0
7.025000e-10,8.519878e-04,1.128013e-03,2.500640e-03,1.213168e+06,1.606227e+06,3.560476e+06,-4.916293e-01,-6.783640e-01,-1.250296e+00,4.952505e-18,869,3091
7.021591e-09,8.518392e-03,1.127830e-02,2.500033e-02,1.213223e+06,1.606303e+06,3.560615e+06,-4.817227e-03,-6.524181e-03,-1.297444e-02,4.952505e-18,869,30895
0.000000e+00,8.064945e-08,-1.231805e-07,2.867413e-07,0.000000e+00,0.000000e+00,0.000000e+00,-2.904825e+07,4.051114e+07,-7.939450e+07,5.474184e-18,870,0
6.684091e-10,9.441677e-04,-1.310070e-03,2.500402e-03,1.412932e+06,-1.960464e+06,3.741536e+06,-5.003521e-01,6.748516e-01,-1.155447e+00,5.474184e-18,870,2941
6.681818e-09,9.440971e-03,-1.309950e-02,2.500040e-02,1.412985e+06,-1.960535e+06,3.741658e+06,-4.906820e-03,6.567879e-03,-1.175605e-02,5.474184e-18,870,29400
0.000000e+00,1.630838e-08,1.018199e-07,4.667711e-07,0.000000e+00,0.000000e+00,0.000000e+00,-1.174443e+07,-2.299721e+07,-4.375243e+07,3.887238e-18,871,0
9.722727e-10,7.038769e-04,1.429564e-03,2.500326e-03,7.244042e+05,1.471245e+06,2.572648e+06,-3.232666e-01,-7.038914e-01,-1.013546e+00,3.887238e-18,871,4278
9.717727e-09,7.039480e-03,1.429705e-02,2.500043e-02,7.244538e+05,1.471353e+06,2.572804e+06,-2.983111e-03,-6.370397e-03,-1.083700e-02,3.887238e-18,871,42758
0.000000e+00,1.182067e-07,-9.486796e-08,3.803355e-07,0.000000e+00,0.000000e+00,0.000000e+00,-2.530866e+07,1.524617e+07,-5.358843e+07,4.445900e-18,872,0
8.406818e-10,1.265474e-03,-7.416973e-04,2.500023e-03,1.506053e+06,-8.826514e+05,2.974889e+06,-7.093841e-01,3.993230e-01,-1.207065e+00,4.445900e-18,872,3699
8.403864e-09,1.265662e-02,-7.417682e-03,2.500066e-02,1.506147e+06,-8.827044e+05,2.975050e+06,-6.720658e-03,3.778611e-03,-1.246472e-02,4.445900e-18,872,36977
0.000000e+00,-1.833675e-07,-1.278079e-07,4.560692e-07,0.000000e+00,0.000000e+00,0.000000e+00,2.679772e+07,1.804585e+07,-4.075452e+07,3.608760e-18,873,0
1.055455e-09,-1.758284e-03,-1.139415e-03,2.500323e-03,-1.666746e+06,-1.080055e+06,2.369678e+06,6.473679e-01,3.997768e-01,-7.109165e-01,3.608760e-18,873,4644
1.055000e-08,-1.758413e-02,-1.139457e-02,2.500027e-02,-1.666854e+06,-1.080122e+06,2.369797e+06,5.590183e-03,3.412224e-03,-7.867934e-03,3.608760e-18,873,46420
0.000000e+00,1.785846e-07,1.982457e-08,3.405809e-07,0.000000e+00,0.000000e+00,0.000000e+00,-4.376650e+07,-5.184519e+06,-5.422999e+07,4.678127e-18,874,0
8.831818e-10,2.118080e-03,2.485145e-04,2.500384e-03,2.399059e+06,2.814768e+05,2.831786e+06,-7.593740e-01,-8.417460e-02,-7.866354e-01,4.678127e-18,874,3886
8.828409e-09,2.117985e-02,2.484989e-03,2.500029e-02,2.399165e+06,2.814885e+05,2.831896e+06,-7.070822e-03,-7.842179e-04,-8.251248e-03,4.678127e-18,874,38845
0.000000e+00,1.274265e-07,4.892327e-08,1.516132e-07,0.000000e+00,0.000000e+00,0.000000e+00,-1.591821e+08,-5.800486e+07,-1.638721e+08,8.257152e-18,875,0
3.765909e-10,2.433814e-03,8.865370e-04,2.501070e-03,6.462753e+06,2.354102e+06,6.641256e+06,-6.578709e-01,-2.332505e-01,-6.133893e-01,8.257152e-18,875,1657
3.764545e-09,2.432944e-02,8.862166e-03,2.500145e-02,6.462793e+06,2.354116e+06,6.641293e+06,-6.483971e-03,-2.350479e-03,-6.183730e-03,8.257152e-18,875,16564
0.000000e+00,8.206053e-08,-2.272102e-07,4.406541e-07,0.000000e+00,0.000000e+00,0.000000e+00,-1.152027e+07,2.807115e+07,-3.577673e+07,3.630263e-18,876,0
1.214545e-09,9.048278e-04,-2.247051e-03,2.500382e-03,7.453781e+05,-1.851100e+06,2.059285e+06,-2.486801e-01,6.410681e-01,-5.064922e-01,3.630263e-18,876,5344
1.214023e-08,9.049023e-03,-2.247269e-02,2.500036e-02,7.454257e+05,-1.851223e+06,2.059383e+06,-2.260601e-03,5.229940e-03,-6.045524e-03,3.630263e-18,876,53417
0.000000e+00,-1.864831e-07,-1.814199e-07,3.407511e-07,0.000000e+00,0.000000e+00,0.000000e+00,4.052001e+07,3.071799e+07,-3.767279e+07,4.161699e-18,877,0
1.283182e-09,-2.869464e-03,-2.227413e-03,2.500377e-03,-2.236886e+06,-1.736363e+06,1.948833e+06,4.150403e-01,3.270473e-01,-2.519656e-01,4.161699e-18,877,5646
1.282818e-08,-2.869511e-02,-2.227436e-02,2.500015e-02,-2.236970e+06,-1.736429e+06,1.948885e+06,3.454509e-03,2.745208e-03,-2.938515e-03,4.161699e-18,877,56444
0.000000e+00,-7.749717e-09,-3.346260e-08,1.346528e-07,0.000000e+00,0.000000e+00,0.000000e+00,-2.519488e+08,2.417021e+08,-8.605068e+08,1.200708e-17,878,0
7.295455e-11,7.339414e-04,-7.041357e-04,2.506865e-03,1.006040e+07,-9.651279e+06,3.436028e+07,-4.388201e-01,4.207110e-01,-1.477336e+00,1.200708e-17,878,321
7.277273e-10,7.321218e-03,-7.023533e-03,2.500505e-02,1.006040e+07,-9.651284e+06,3.436030e+07,-4.410982e-03,4.228754e-03,-1.484889e-02,1.200708e-17,878,3202
0.000000e+00,3.926523e-08,-3.460585e-08,2.151715e-07,0.000000e+00,0.000000e+00,0.000000e+00,-3.956756e+07,3.284019e+07,-1.884947e+08,7.733194e-18,879,0
3.231818e-10,5.265343e-04,-4.367261e-04,2.501716e-03,1.629275e+06,-1.351368e+06,7.741004e+06,-4.045767e-01,3.269871e-01,-1.790040e+00,7.733194e-18,879,1422
3.229545e-09,5.261849e-03,-4.364333e-03,2.500011e-02,1.629295e+06,-1.351385e+06,7.741095e+06,-3.962495e-03,3.295813e-03,-1.802256e-02,7.733194e-18,879,14210
0.000000e+00,2.646451e-07,-1.109249e-07,3.412310e-07,0.000000e+00,0.000000e+00,0.000000e+00,-4.321334e+07,1.918120e+07,-3.717815e+07,3.980252e-18,880,0
1.299091e-09,3.172203e-03,-1.444895e-03,2.500011e-03,2.442628e+06,-1.112601e+06,1.924716e+06,-4.856342e-01,2.251299e-01,-2.651526e-01,3.980252e-18,880,5716
1.298886e-08,3.172693e-02,-1.445139e-02,2.500003e-02,2.442727e+06,-1.112647e+06,1.924771e+06,-4.151835e-03,1.898391e-03,-3.210880e-03,3.980252e-18,880,57151
0.000000e+00,-6.815349e-08,-2.218461e-07,5.547521e-07,0.000000e+00,0.000000e+00,0.000000e+00,1.067729e+07,2.542115e+07,-3.327622e+07,3.069081e-18,881,0
1.171591e-09,-8.057111e-04,-1.962734e-03,2.500327e-03,-6.880871e+05,-1.676182e+06,2.134808e+06,2.521172e-01,6.328813e-01,-6.331693e-01,3.069081e-18,881,5155
1.171068e-08,-8.057930e-03,-1.962919e-02,2.500029e-02,-6.881336e+05,-1.676299e+06,2.134926e+06,2.332908e-03,5.410512e-03,-7.372093e-03,3.069081e-18,881,51527
0.000000e+00,3.864792e-08,-2.319251e-07,2.281145e-07,0.000000e+00,0.000000e+00,0.000000e+00,-1.343874e+07,8.013987e+07,-5.190063e+07,5.302593e-18,882,0
1.071364e-09,6.741853e-04,-4.008413e-03,2.500168e-03,6.293695e+05,-3.741958e+06,2.333775e+06,-7.777959e-02,4.669711e-01,-2.143961e-01,5.302593e-18,882,4714
1.071227e-08,6.741984e-03,-4.008492e-02,2.500017e-02,6.293826e+05,-3.742036e+06,2.333811e+06,-6.932922e-04,4.043101e-03,-2.368866e-03,5.302593e-18,882,47134
0.000000e+00,-4.659213e-08,-6.624361e-08,6.554485e-07,0.000000e+00,0.000000e+00,0.000000e+00,6.497173e+06,5.736311e+06,-4.311091e+07,2.826703e-18,883,0
8.720455e-10,-3.779533e-04,-3.213127e-04,2.500488e-03,-4.337408e+05,-3.687093e+05,2.868838e+06,3.137210e-01,2.794794e-01,-1.706213e+00,2.826703e-18,883,3837
8.714318e-09,-3.779747e-03,-3.213081e-03,2.500022e-02,-4.337840e+05,-3.687478e+05,2.869073e+06,2.867886e-03,2.610363e-03,-1.798281e-02,2.826703e-18,883,38343
0.000000e+00,4.188871e-08,-1.510988e-07,2.764257e-07,0.000000e+00,0.000000e+00,0.000000e+00,-1.676335e+07,5.141141e+07,-7.881116e+07,5.542377e-18,884,0
6.779545e-10,5.458744e-04,-1.673160e-03,2.500531e-03,8.053830e+05,-2.468527e+06,3.689004e+06,-2.666199e-01,7.939132e-01,-1.065436e+00,5.542377e-18,884,2983
6.777045e-09,5.458123e-03,-1.672936e-02,2.500068e-02,8.054116e+05,-2.468612e+06,3.689118e+06,-2.634818e-03,7.764201e-03,-1.083141e-02,5.542377e-18,884,29819
0.000000e+00,8.701346e-08,-6.941556e-08,6.001811e-07,0.000000e+00,0.000000e+00,0.000000e+00,-1.006985e+07,5.026557e+06,-3.948830e+07,3.073169e-18,885,0
9.440909e-10,6.798057e-04,-3.720437e-04,2.500201e-03,7.205907e+05,-3.943809e+05,2.649583e+06,-4.462210e-01,2.717211e-01,-1.400585e+00,3.073169e-18,885,4154
9.435455e-09,6.799071e-03,-3.721160e-03,2.500025e-02,7.206572e+05,-3.944213e+05,2.649793e+06,-4.233105e-03,2.386002e-03,-1.526199e-02,3.073169e-18,885,41516
0.000000e+00,-7.401151e-08,-1.895968e-07,3.961486e-07,0.000000e+00,0.000000e+00,0.000000e+00,1.298701e+07,3.101870e+07,-4.517333e+07,4.070887e-18,886,0
1.014545e-09,-8.304733e-04,-1.822865e-03,2.500155e-03,-8.189671e+05,-1.797522e+06,2.465120e+06,3.098927e-01,6.674338e-01,-7.986858e-01,4.070887e-18,886,4464
1.014159e-08,-8.305598e-03,-1.822974e-02,2.500038e-02,-8.190167e+05,-1.797629e+06,2.465248e+06,2.604394e-03,5.618044e-03,-8.566615e-03,4.070887e-18,886,44623
0.000000e+00,-1.395103e-07,2.121295e-08,5.484420e-07,0.000000e+00,0.000000e+00,0.000000e+00,1.910432e+07,4.873196e+05,-3.438492e+07,3.295124e-18,887,0
1.132045e-09,-1.456521e-03,3.447934e-05,2.500461e-03,-1.287595e+06,3.047348e+04,2.209798e+06,6.733471e-01,-9.972124e-03,-8.865123e-01,3.295124e-18,887,4981
1.131318e-08,-1.456671e-02,3.447490e-04,2.500005e-02,-1.287715e+06,3.047525e+04,2.209957e+06,5.721514e-03,-4.411093e-05,-1.047560e-02,3.295124e-18,887,49778
0.000000e+00,3.515130e-08,2.067409e-08,4.819841e-07,0.000000e+00,0.000000e+00,0.000000e+00,-4.273826e+06,-7.663107e+06,-4.678773e+07,3.859882e-18,888,0
8.945455e-10,2.355858e-04,3.974561e-04,2.500533e-03,2.635245e+05,4.447195e+05,2.796946e+06,-1.545296e-01,-3.445577e-01,-1.679013e+00,3.859882e-18,888,3936
8.938409e-09,2.355486e-03,3.975043e-03,2.500036e-02,2.635464e+05,4.447681e+05,2.797184e+06,-1.811699e-03,-3.256757e-03,-1.781656e-02,3.859882e-18,888,39329
0.000000e+00,1.027958e-07,7.318511e-09,5.104145e-07,0.000000e+00,0.000000e+00,0.000000e+00,-1.606771e+07,-6.261802e+06,-4.031951e+07,3.599335e-18,889,0
1.003182e-09,1.055067e-03,3.329925e-04,2.500204e-03,1.052473e+06,3.322207e+05,2.493489e+06,-5.989453e-01,-2.218703e-01,-1.175629e+00,3.599335e-18,889,4414
1.002614e-08,1.055219e-02,3.330867e-03,2.500024e-02,1.052567e+06,3.322557e+05,2.493676e+06,-5.187043e-03,-9.361677e-04,-1.316874e-02,3.599335e-18,889,44115
0.000000e+00,-1.271072e-07,3.137542e-08,2.547607e-07,0.000000e+00,0.000000e+00,0.000000e+00,6.016979e+07,-1.561373e+07,-1.023198e+08,6.080410e-18,890,0
5.568182e-10,-1.491091e-03,3.875572e-04,2.500910e-03,-2.678284e+06,6.961337e+05,4.491928e+06,7.955228e-01,-2.128430e-01,-1.203731e+00,6.080410e-18,890,2450
5.565682e-09,-1.490654e-02,3.874474e-03,2.500081e-02,-2.678354e+06,6.961525e+05,4.492035e+06,7.854192e-03,-2.043064e-03,-1.219482e-02,6.080410e-18,890,24489
0.000000e+00,-2.196743e-07,-5.572244e-09,3.434681e-07,0.000000e+00,0.000000e+00,0.000000e+00,4.318559e+07,2.687246e+06,-5.006025e+07,4.383279e-18,891,0
9.513636e-10,-2.287689e-03,-1.370979e-04,2.500041e-03,-2.405501e+06,-1.441788e+05,2.628476e+06,7.568589e-01,5.749103e-02,-6.769165e-01,4.383279e-18,891,4186
9.511364e-09,-2.287958e-02,-1.371330e-03,2.500052e-02,-2.405614e+06,-1.441874e+05,2.628578e+06,6.953473e-03,4.543070e-04,-7.176776e-03,4.383279e-18,891,41850
0.000000e+00,-1.195632e-07,-9.311329e-08,5.482281e-07,0.000000e+00,0.000000e+00,0.000000e+00,1.544813e+07,9.679537e+06,-3.982042e+07,3.268410e-18,892,0
9.520455e-10,-1.022365e-03,-7.011007e-04,2.500064e-03,-1.074586e+06,-7.368467e+05,2.627184e+06,5.983349e-01,3.750703e-01,-1.219999e+00,3.268410e-18,892,4189
9.515909e-09,-1.022561e-02,-7.011754e-03,2.500021e-02,-1.074676e+06,-7.369030e+05,2.627368e+06,5.186787e-03,3.531403e-03,-1.321107e-02,3.268410e-18,892,41870
0.000000e+00,-7.746492e-08,-5.724863e-08,2.874907e-07,0.000000e+00,0.000000e+00,0.000000e+00,3.762904e+07,3.013857e+07,-9.691132e+07,5.812696e-18,893,0
5.713636e-10,-9.845768e-04,-7.903444e-04,2.500323e-03,-1.723567e+06,-1.383568e+06,4.376711e+06,6.052753e-01,4.991567e-01,-1.398743e+00,5.812696e-18,893,2514
5.712045e-09,-9.845120e-03,-7.903021e-03,2.500014e-02,-1.723622e+06,-1.383614e+06,4.376837e+06,6.019560e-03,4.870216e-03,-1.422723e-02,5.812696e-18,893,25133
0.000000e+00,3.152825e-08,1.001119e-07,6.166884e-07,0.000000e+00,0.000000e+00,0.000000e+00,-2.108947e+06,-5.944688e+06,-3.644757e+07,2.992020e-18,894,0
9.965909e-10,1.363999e-04,4.826262e-04,2.500496e-03,1.370124e+05,4.846854e+05,2.510501e+06,-1.253497e-01,-3.526008e-01,-1.431304e+00,2.992020e-18,894,4385
9.958182e-09,1.364395e-03,4.826589e-03,2.500025e-02,1.370321e+05,4.847407e+05,2.510727e+06,-9.530264e-04,-2.368581e-03,-1.595640e-02,2.992020e-18,894,43816
0.000000e+00,6.367450e-08,-6.725573e-08,1.318912e-07,0.000000e+00,0.000000e+00,0.000000e+00,-1.570028e+08,1.641317e+08,-3.016336e+08,1.034162e-17,895,0
2.068182e-10,1.301861e-03,-1.360955e-03,2.500537e-03,6.294544e+06,-6.580258e+06,1.209013e+07,-5.222496e-01,5.439421e-01,-9.561058e-01,1.034162e-17,895,910
2.067955e-09,1.301689e-02,-1.360774e-02,2.500196e-02,6.294561e+06,-6.580276e+06,1.209016e+07,-5.210983e-03,5.435499e-03,-9.584600e-03,1.034162e-17,895,9099
0.000000e+00,-2.355978e-07,1.459255e-08,2.601086e-07,0.000000e+00,0.000000e+00,0.000000e+00,6.633013e+07,2.004184e+06,-5.316942e+07,4.989681e-18,896,0
1.005682e-09,-3.279536e-03,-8.530850e-05,2.500497e-03,-3.261691e+06,-8.486032e+04,2.486652e+06,6.030637e-01,1.473538e-02,-3.514522e-01,4.989681e-18,896,4425
1.005364e-08,-3.279188e-02,-8.531383e-04,2.500003e-02,-3.261786e+06,-8.486265e+04,2.486708e+06,5.430114e-03,1.340914e-04,-3.838300e-03,4.989681e-18,896,44236
0.000000e+00,-1.024941e-08,2.486240e-07,4.349393e-07,0.000000e+00,0.000000e+00,0.000000e+00,1.496745e+06,-3.278108e+07,-3.582215e+07,3.626471e-18,897,0
1.203182e-09,-1.749269e-04,2.547500e-03,2.500395e-03,-1.454771e+05,2.118327e+06,2.078710e+06,5.006788e-02,-6.744484e-01,-4.876990e-01,3.626471e-18,897,5294
1.202682e-08,-1.749603e-03,2.547665e-02,2.500043e-02,-1.454866e+05,2.118455e+06,2.078803e+06,4.349156e-04,-5.567135e-03,-5.712245e-03,3.626471e-18,897,52918
0.000000e+00,2.701040e-07,4.502555e-08,3.704510e-07,0.000000e+00,0.000000e+00,0.000000e+00,-4.412285e+07,-7.258751e+06,-3.731364e+07,3.886559e-18,898,0
1.274545e-09,3.246530e-03,5.231573e-04,2.500253e-03,2.548069e+06,4.105983e+05,1.961995e+06,-5.501442e-01,-8.607093e-02,-2.981026e-01,3.886559e-18,898,5608
1.274205e-08,3.246756e-02,5.231857e-03,2.500000e-02,2.548179e+06,4.106155e+05,1.962056e+06,-4.676133e-03,-7.400597e-04,-3.593712e-03,3.886559e-18,898,56065
0.000000e+00,2.011547e-07,1.783296e-08,5.084898e-07,0.000000e+00,0.000000e+00,0.000000e+00,-2.140997e+07,1.053704e+06,-4.238518e+07,3.392517e-18,899,0
9.465909e-10,1.349805e-03,-3.580881e-05,2.500568e-03,1.426853e+06,-3.778653e+04,2.642862e+06,-7.809345e-01,-4.378515e-02,-1.225462e+00,3.392517e-18,899,4165
9.459545e-09,1.349736e-02,-3.574377e-04,2.500042e-02,1.426970e+06,-3.777997e+04,2.643045e+06,-6.890145e-03,-4.522922e-04,-1.307344e-02,3.392517e-18,899,41622
0.000000e+00,3.936574e-08,-1.179333e-07,4.592190e-07,0.000000e+00,0.000000e+00,0.000000e+00,-1.097575e+06,1.862135e+07,-4.704813e+07,3.907799e-18,900,0
8.938636e-10,1.863958e-05,-9.956317e-04,2.500460e-03,2.088917e+04,-1.114559e+06,2.798768e+06,-8.428608e-02,6.653536e-01,-1.458436e+00,3.907799e-18,900,3933
8.932500e-09,1.866391e-04,-9.955794e-03,2.500011e-02,2.090107e+04,-1.114653e+06,2.798974e+06,-9.228906e-04,5.994061e-03,-1.529475e-02,3.907799e-18,900,39303
0.000000e+00,-1.970349e-07,1.009800e-08,2.071881e-07,0.000000e+00,0.000000e+00,0.000000e+00,9.321331e+07,-2.577985e+06,-7.579065e+07,6.017384e-18,901,0
7.609091e-10,-3.128779e-03,8.480693e-05,2.500471e-03,-4.112345e+06,1.114563e+05,3.286364e+06,6.327988e-01,-1.303924e-02,-4.217534e-01,6.017384e-18,901,3348
7.607273e-09,-3.128382e-02,8.478861e-04,2.500040e-02,-4.112421e+06,1.114579e+05,3.286415e+06,6.055484e-03,-1.473564e-04,-4.339549e-03,6.017384e-18,901,33472
0.000000e+00,-1.774585e-08,1.055986e-07,5.060097e-07,0.000000e+00,0.000000e+00,0.000000e+00,1.604034e+06,-1.187097e+07,-4.470654e+07,3.605440e-18,902,0
1.172045e-09,1.758129e-05,2.409165e-04,2.500431e-03,1.503910e+04,2.056734e+05,2.135239e+06,-1.005864e-02,-1.491602e-01,-1.402012e+00,3.605440e-18,902,5157
1.170841e-08,1.760550e-04,2.408207e-03,2.500035e-02,1.504097e+04,2.057009e+05,2.135500e+06,-1.294923e-04,-1.471442e-03,-1.580472e-02,3.605440e-18,902,51517
0.000000e+00,4.252342e-08,-1.784745e-07,3.044289e-07,0.000000e+00,0.000000e+00,0.000000e+00,-1.085390e+07,4.882320e+07,-6.454335e+07,5.006248e-18,903,0
7.920455e-10,4.282438e-04,-1.966759e-03,2.500057e-03,5.408201e+05,-2.483839e+06,3.157113e+06,-1.643839e-01,7.787550e-01,-8.794874e-01,5.006248e-18,903,3485
7.918636e-09,4.282569e-03,-1.966864e-02,2.500016e-02,5.408407e+05,-2.483937e+06,3.157224e+06,-1.500390e-03,7.442302e-03,-9.137172e-03,5.006248e-18,903,34842
0.000000e+00,2.054521e-08,-8.829950e-08,1.530311e-07,0.000000e+00,0.000000e+00,0.000000e+00,-3.714775e+07,1.606577e+08,-2.590297e+08,9.435064e-18,904,0
2.400000e-10,3.587694e-04,-1.551623e-03,2.500516e-03,1.494841e+06,-6.464959e+06,1.041854e+07,-1.725934e-01,7.458645e-01,-1.144693e+00,9.435064e-18,904,1056
2.399773e-09,3.587298e-03,-1.551452e-02,2.500227e-02,1.494847e+06,-6.464987e+06,1.041858e+07,-1.729336e-03,7.452834e-03,-1.147445e-02,9.435064e-18,904,10559
0.000000e+00,-1.850519e-07,6.443528e-08,1.818397e-07,0.000000e+00,0.000000e+00,0.000000e+00,1.066729e+08,-3.676985e+07,-8.346037e+07,6.387719e-18,905,0
7.100000e-10,-3.231337e-03,1.113361e-03,2.500235e-03,-4.551477e+06,1.568215e+06,3.521568e+06,5.404015e-01,-1.847754e-01,-3.521895e-01,6.387719e-18,905,3124
7.099091e-09,-3.231146e-02,1.113294e-02,2.500006e-02,-4.551538e+06,1.568236e+06,3.521607e+06,5.227835e-03,-1.781332e-03,-3.605048e-03,6.387719e-18,905,31236
0.000000e+00,-1.122032e-08,2.283093e-07,5.046571e-07,0.000000e+00,0.000000e+00,0.000000e+00,1.970323e+06,-2.660828e+07,-3.365337e+07,3.326865e-18,906,0
1.173864e-09,-3.012390e-04,2.232866e-03,2.500107e-03,-2.567822e+05,1.903202e+06,2.130506e+06,8.955776e-02,-6.959180e-01,-6.132852e-01,3.326865e-18,906,5165
1.173432e-08,-3.013120e-03,2.233268e-02,2.500022e-02,-2.567987e+05,1.903331e+06,2.130621e+06,7.674044e-04,-5.915652e-03,-7.004969e-03,3.326865e-18,906,51631
0.000000e+00,9.031571e-08,-2.148778e-07,5.432274e-07,0.000000e+00,0.000000e+00,0.000000e+00,-1.121758e+07,2.348473e+07,-3.383480e+07,3.120235e-18,907,0
1.176818e-09,8.069980e-04,-1.917430e-03,2.500194e-03,6.860468e+05,-1.630278e+06,2.125185e+06,-2.348889e-01,6.339465e-01,-6.104450e-01,3.120235e-18,907,5178
1.176364e-08,8.070433e-03,-1.917791e-02,2.500013e-02,6.860904e+05,-1.630395e+06,2.125299e+06,-2.268010e-03,5.189290e-03,-7.487999e-03,3.120235e-18,907,51760
0.000000e+00,-1.346937e-08,6.577279e-08,3.704102e-07,0.000000e+00,0.000000e+00,0.000000e+00,6.114800e+06,-1.333885e+07,-6.892896e+07,4.806433e-18,908,0
6.697727e-10,-2.456001e-04,4.995195e-04,2.500714e-03,-3.668877e+05,7.461199e+05,3.735021e+06,2.104215e-01,-4.103445e-01,-1.880503e+00,4.806433e-18,908,2947
6.693409e-09,-2.455709e-03,4.994091e-03,2.500012e-02,-3.669100e+05,7.461633e+05,3.735221e+06,2.122783e-03,-4.081472e-03,-1.904980e-02,4.806433e-18,908,29451
0.000000e+00,-1.677751e-07,2.021553e-07,3.025606e-07,0.000000e+00,0.000000e+00,0.000000e+00,3.383050e+07,-4.215120e+07,-4.212344e+07,4.392680e-18,909,0
1.185000e-09,-2.156151e-03,2.685524e-03,2.500470e-03,-1.820026e+06,2.266891e+06,2.110403e+06,3.454483e-01,-4.383180e-01,-2.982318e-01,4.392680e-18,909,5214
1.184614e-08,-2.156026e-02,2.685388e-02,2.500026e-02,-1.820090e+06,2.266973e+06,2.110460e+06,3.023706e-03,-3.729480e-03,-3.342629e-03,4.392680e-18,909,52123
0.000000e+00,6.046404e-08,-8.603790e-08,4.359129e-07,0.000000e+00,0.000000e+00,0.000000e+00,-1.004978e+07,1.260620e+07,-4.998751e+07,4.128583e-18,910,0
8.438636e-10,4.650977e-04,-7.248958e-04,2.500313e-03,5.514805e+05,-8.596140e+05,2.964398e+06,-3.306945e-01,5.495082e-01,-1.574356e+00,4.128583e-18,910,3713
8.433409e-09,4.650861e-03,-7.249435e-03,2.500006e-02,5.515246e+05,-8.596872e+05,2.964608e+06,-2.973437e-03,5.078802e-03,-1.650508e-02,4.128583e-18,910,37107
0.000000e+00,-8.835229e-08,-1.335650e-07,1.911350e-07,0.000000e+00,0.000000e+00,0.000000e+00,6.694216e+07,1.060002e+08,-1.026293e+08,6.865351e-18,911,0
5.863636e-10,-1.642053e-03,-2.599130e-03,2.500336e-03,-2.800533e+06,-4.432843e+06,4.264184e+06,3.377697e-01,5.328826e-01,-4.402970e-01,6.865351e-18,911,2580
5.862955e-09,-1.641946e-02,-2.598964e-02,2.500087e-02,-2.800565e+06,-4.432892e+06,4.264225e+06,3.271617e-03,5.168398e-03,-4.486501e-03,6.865351e-18,911,25797
0.000000e+00,1.267388e-07,1.288233e-07,5.394342e-07,0.000000e+00,0.000000e+00,0.000000e+00,-1.412337e+07,-1.231662e+07,-3.413533e+07,3.265830e-18,912,0
1.136136e-09,1.126861e-03,9.702715e-04,2.500102e-03,9.925433e+05,8.546037e+05,2.201501e+06,-4.982598e-01,-4.315146e-01,-8.502390e-01,3.265830e-18,912,4999
1.135591e-08,1.127118e-02,9.704781e-03,2.500023e-02,9.926325e+05,8.546808e+05,2.201654e+06,-4.502555e-03,-3.742819e-03,-1.027057e-02,3.265830e-18,912,49966
0.000000e+00,-5.844569e-08,-2.070654e-07,5.582074e-07,0.000000e+00,0.000000e+00,0.000000e+00,2.415611e+07,6.692250e+06,-4.702876e+07,3.103038e-18,913,0
8.879545e-10,-1.230380e-03,-5.007313e-04,2.500530e-03,-1.386546e+06,-5.641492e+05,2.817150e+06,7.933430e-01,3.346658e-01,-1.290224e+00,3.103038e-18,913,3907
8.874318e-09,-1.230457e-02,-5.006542e-03,2.500051e-02,-1.386657e+06,-5.641961e+05,2.817331e+06,7.730927e-03,2.764744e-03,-1.355903e-02,3.103038e-18,913,39047
0.000000e+00,-1.488246e-07,-4.268163e-08,5.962902e-07,0.000000e+00,0.000000e+00,0.000000e+00,1.386601e+07,3.183831e+06,-3.504289e+07,3.009242e-18,914,0
1.056818e-09,-1.017104e-03,-1.797142e-04,2.500308e-03,-9.631520e+05,-1.701623e+05,2.367068e+06,5.824934e-01,1.054495e-01,-1.120065e+00,3.009242e-18,914,4650
1.056159e-08,-1.017241e-02,-1.797207e-03,2.500022e-02,-9.632490e+05,-1.701800e+05,2.367256e+06,5.210871e-03,1.056545e-03,-1.299121e-02,3.009242e-18,914,46471
0.000000e+00,-1.206708e-07,2.310747e-08,3.020794e-07,0.000000e+00,0.000000e+00,0.000000e+00,3.983105e+07,-6.893054e+06,-8.354302e+07,5.422452e-18,915,0
6.309091e-10,-1.223643e-03,2.086468e-04,2.500329e-03,-1.940013e+06,3.307863e+05,3.963897e+06,7.670236e-01,-1.241337e-01,-1.427400e+00,5.422452e-18,915,2776
6.307045e-09,-1.223578e-02,2.086293e-03,2.500062e-02,-1.940089e+06,3.307986e+05,3.964040e+06,7.551322e-03,-1.178364e-03,-1.450346e-02,5.422452e-18,915,27751
0.000000e+00,-2.746758e-07,-9.736635e-08,3.680367e-07,0.000000e+00,0.000000e+00,0.000000e+00,4.111213e+07,1.585144e+07,-3.165942e+07,3.798835e-18,916,0
1.449545e-09,-3.537293e-03,-1.354667e-03,2.500011e-03,-2.441078e+06,-9.348532e+05,1.724936e+06,4.393320e-01,1.661219e-01,-2.122455e-01,3.798835e-18,916,6378
1.449341e-08,-3.537947e-02,-1.354917e-02,2.500037e-02,-2.441178e+06,-9.348910e+05,1.724986e+06,3.787497e-03,1.447724e-03,-2.673957e-03,3.798835e-18,916,63771
0.000000e+00,2.828476e-07,-2.467771e-09,4.719820e-07,0.000000e+00,0.000000e+00,0.000000e+00,-3.283321e+07,2.076137e+06,-3.144468e+07,3.305871e-18,917,0
1.337045e-09,2.816383e-03,-1.495351e-04,2.500145e-03,2.107428e+06,-1.118772e+05,1.870357e+06,-6.046966e-01,2.005871e-02,-3.815358e-01,3.305871e-18,917,5883
1.336636e-08,2.816858e-02,-1.495384e-03,2.500006e-02,2.107555e+06,-1.118814e+05,1.870438e+06,-5.226285e-03,2.276374e-04,-4.707634e-03,3.305871e-18,917,58812
0.000000e+00,1.254313e-07,-1.278605e-07,4.087799e-07,0.000000e+00,0.000000e+00,0.000000e+00,-2.193214e+07,2.075839e+07,-4.757299e+07,4.103013e-18,918,0
9.525000e-10,1.302880e-03,-1.262754e-03,2.500012e-03,1.368572e+06,-1.326391e+06,2.625568e+06,-5.880318e-01,5.464282e-01,-9.088244e-01,4.103013e-18,918,4191
9.521818e-09,1.303124e-02,-1.262960e-02,2.500031e-02,1.368660e+06,-1.326473e+06,2.625705e+06,-5.451029e-03,4.818803e-03,-9.798787e-03,4.103013e-18,918,41896
0.000000e+00,-1.687473e-07,-2.306948e-07,3.672166e-07,0.000000e+00,0.000000e+00,0.000000e+00,2.571503e+07,3.771069e+07,-3.771847e+07,3.838585e-18,919,0
1.248409e-09,-1.822275e-03,-2.694172e-03,2.500363e-03,-1.460142e+06,-2.158808e+06,2.003180e+06,3.140074e-01,4.758510e-01,-3.223612e-01,3.838585e-18,919,5493
1.248023e-08,-1.822290e-02,-2.694238e-02,2.500031e-02,-1.460203e+06,-2.158901e+06,2.003244e+06,2.670645e-03,3.981334e-03,-3.780161e-03,3.838585e-18,919,54913
0.000000e+00,-2.179473e-07,2.870312e-08,3.537907e-07,0.000000e+00,0.000000e+00,0.000000e+00,4.212775e+07,-5.832357e+06,-4.880544e+07,4.303319e-18,920,0
9.804545e-10,-2.344226e-03,2.953396e-04,2.500227e-03,-2.391846e+06,3.013277e+05,2.550655e+06,7.450781e-01,-8.956886e-02,-6.293767e-01,4.303319e-18,920,4314
9.801364e-09,-2.344333e-02,2.953425e-03,2.500003e-02,-2.391962e+06,3.013416e+05,2.550753e+06,6.794461e-03,-7.387625e-04,-6.821672e-03,4.303319e-18,920,43126
0.000000e+00,-2.038393e-07,-9.771425e-08,2.497769e-07,0.000000e+00,0.000000e+00,0.000000e+00,6.346332e+07,3.166783e+07,-5.926441e+07,5.170432e-18,921,0
9.190909e-10,-2.768440e-03,-1.385969e-03,2.500267e-03,-3.012698e+06,-1.508265e+06,2.720665e+06,5.593842e-01,2.867515e-01,-4.088093e-01,5.170432e-18,921,4044
9.189091e-09,-2.768400e-02,-1.385961e-02,2.500058e-02,-3.012779e+06,-1.508307e+06,2.720725e+06,5.231007e-03,2.646849e-03,-4.323336e-03,5.170432e-18,921,40432
0.000000e+00,7.089852e-08,-1.776446e-07,5.678888e-07,0.000000e+00,0.000000e+00,0.000000e+00,-5.617079e+06,1.723878e+07,-3.728642e+07,3.111785e-18,922,0
1.022045e-09,4.270095e-04,-1.222559e-03,2.500119e-03,4.180690e+05,-1.196917e+06,2.447256e+06,-2.296304e-01,5.977347e-01,-1.061131e+00,3.111785e-18,922,4497
1.021545e-08,4.270770e-03,-1.222704e-02,2.500005e-02,4.181060e+05,-1.197013e+06,2.447428e+06,-2.049956e-03,5.229147e-03,-1.198157e-02,3.111785e-18,922,44948
0.000000e+00,-3.547316e-08,1.003107e-07,2.173347e-07,0.000000e+00,0.000000e+00,0.000000e+00,2.753676e+07,-8.008337e+07,-1.582056e+08,7.102278e-18,923,0
3.825000e-10,-4.367300e-04,1.269784e-03,2.500816e-03,-1.141816e+06,3.319817e+06,6.538218e+06,2.500544e-01,-7.304689e-01,-1.353510e+00,7.102278e-18,923,1683
3.823864e-09,-4.366179e-03,1.269461e-02,2.500144e-02,-1.141832e+06,3.319861e+06,6.538300e+06,2.488830e-03,-7.287800e-03,-1.362253e-02,7.102278e-18,923,16825
0.000000e+00,-1.648975e-07,-1.592659e-07,3.658013e-07,0.000000e+00,0.000000e+00,0.000000e+00,2.735378e+07,2.352432e+07,-4.009664e+07,4.174434e-18,924,0
1.126818e-09,-1.893669e-03,-1.631199e-03,2.500437e-03,-1.681308e+06,-1.448270e+06,2.219610e+06,5.312616e-01,4.658206e-01,-5.206336e-01,4.174434e-18,924,4958
1.126341e-08,-1.893719e-02,-1.631242e-02,2.500049e-02,-1.681402e+06,-1.448353e+06,2.219703e+06,4.363436e-03,3.888699e-03,-5.996675e-03,4.174434e-18,924,49559
0.000000e+00,-1.093208e-07,-1.872980e-07,3.116910e-07,0.000000e+00,0.000000e+00,0.000000e+00,3.192200e+07,4.184576e+07,-5.764689e+07,4.678316e-18,925,0
8.834091e-10,-1.441810e-03,-1.904929e-03,2.500622e-03,-1.632591e+06,-2.156922e+06,2.831174e+06,4.698789e-01,5.975553e-01,-6.566453e-01,4.678316e-18,925,3887
8.830227e-09,-1.441615e-02,-1.904614e-02,2.500005e-02,-1.632657e+06,-2.157005e+06,2.831266e+06,4.378634e-03,5.685710e-03,-6.904648e-03,4.678316e-18,925,38853
0.000000e+00,-1.784177e-07,-8.529608e-08,1.975894e-07,0.000000e+00,0.000000e+00,0.000000e+00,9.080368e+07,4.379468e+07,-7.914135e+07,6.132898e-18,926,0
7.384091e-10,-2.911657e-03,-1.404854e-03,2.500595e-03,-3.943499e+06,-1.902714e+06,3.386621e+06,5.478792e-01,2.659412e-01,-3.926615e-01,6.132898e-18,926,3249
7.382045e-09,-2.911118e-02,-1.404596e-02,2.500033e-02,-3.943563e+06,-1.902745e+06,3.386667e+06,5.245946e-03,2.552122e-03,-4.024530e-03,6.132898e-18,926,32481
0.000000e+00,-5.567981e-08,2.691323e-07,4.419525e-07,0.000000e+00,0.000000e+00,0.000000e+00,-4.806390e+05,-5.472297e+07,-3.565936e+07,3.493050e-18,927,0
1.344773e-09,-3.278850e-05,3.909894e-03,2.500295e-03,-2.436202e+04,2.908238e+06,1.859402e+06,6.958466e-03,-4.716566e-01,-2.085102e-01,3.493050e-18,927,5917
1.344523e-08,-3.275948e-04,3.910190e-02,2.500034e-02,-2.436349e+04,2.908338e+06,1.859446e+06,3.107193e-05,-4.014645e-03,-2.511800e-03,3.493050e-18,927,59159
0.000000e+00,-2.636537e-07,-2.883820e-08,4.153864e-07,0.000000e+00,0.000000e+00,0.000000e+00,3.491556e+07,1.323078e+06,-3.858983e+07,3.657190e-18,928,0
1.159318e-09,-2.474398e-03,-1.080633e-04,2.500128e-03,-2.135297e+06,-9.324025e+04,2.157113e+06,6.703226e-01,2.929285e-02,-5.152572e-01,3.657190e-18,928,5101
1.158955e-08,-2.474709e-02,-1.080626e-03,2.500012e-02,-2.135419e+06,-9.324559e+04,2.157208e+06,5.797808e-03,1.871824e-04,-5.929442e-03,3.657190e-18,928,50994
0.000000e+00,-1.478360e-08,-6.728279e-08,2.773118e-07,0.000000e+00,0.000000e+00,0.000000e+00,7.021098e+06,3.351284e+07,-1.146694e+08,6.138160e-18,929,0
4.938636e-10,-1.555329e-04,-7.407598e-04,2.500689e-03,-3.149848e+05,-1.500194e+06,5.064195e+06,1.188440e-01,5.729711e-01,-1.766756e+00,6.138160e-18,929,2173
4.936591e-09,-1.554959e-03,-7.405878e-03,2.500003e-02,-3.149941e+05,-1.500239e+06,5.064333e+06,1.182876e-03,5.474212e-03,-1.784654e-02,6.138160e-18,929,21721
0.000000e+00,3.239820e-08,1.928029e-08,2.619345e-07,0.000000e+00,0.000000e+00,0.000000e+00,-2.186866e+07,-1.530680e+07,-1.373051e+08,6.586835e-18,930,0
4.254545e-10,4.020656e-04,2.824787e-04,2.500521e-03,9.451538e+05,6.640514e+05,5.877811e+06,-3.444289e-01,-2.555590e-01,-1.919306e+00,6.586835e-18,930,1872
4.253409e-09,4.020145e-03,2.824492e-03,2.500092e-02,9.451770e+05,6.640686e+05,5.877940e+06,-3.198235e-03,-2.478812e-03,-1.934922e-02,6.586835e-18,930,18715
0.000000e+00,-1.706578e-07,-1.629085e-07,4.071229e-07,0.000000e+00,0.000000e+00,0.000000e+00,3.347368e+07,2.049026e+07,-5.135836e+07,3.873508e-18,931,0
9.188636e-10,-1.711432e-03,-1.083304e-03,2.500281e-03,-1.863296e+06,-1.179392e+06,2.721759e+06,6.834969e-01,4.408348e-01,-8.272621e-01,3.873508e-18,931,4043
9.185227e-09,-1.711479e-02,-1.083302e-02,2.500015e-02,-1.863395e+06,-1.179455e+06,2.721880e+06,6.347600e-03,3.976599e-03,-8.740000e-03,3.873508e-18,931,40415
0.000000e+00,-6.091926e-08,2.157239e-07,3.075492e-07,0.000000e+00,0.000000e+00,0.000000e+00,1.626037e+07,-5.127944e+07,-5.261457e+07,4.651883e-18,932,0
9.672727e-10,-8.240397e-04,2.574185e-03,2.500266e-03,-8.521796e+05,2.662024e+06,2.585295e+06,2.216396e-01,-6.624956e-01,-5.078981e-01,4.651883e-18,932,4256
9.670227e-09,-8.240764e-03,2.574239e-02,2.500053e-02,-8.522135e+05,2.662125e+06,2.585373e+06,2.047767e-03,-6.075225e-03,-5.501387e-03,4.651883e-18,932,42549
0.000000e+00,1.498390e-07,-4.007397e-09,5.974880e-07,0.000000e+00,0.000000e+00,0.000000e+00,-1.610586e+07,1.048638e+06,-3.521355e+07,3.027433e-18,933,0
6.138636e-10,7.569130e-04,-7.969475e-04,2.500067e-03,1.233439e+06,-1.299116e+06,4.073882e+06,-5.334420e-01,5.667020e-01,-1.541592e+00,3.027433e-18,933,2701
6.136818e-09,7.569377e-03,-7.972155e-03,2.500062e-02,1.233491e+06,-1.299170e+06,4.074032e+06,-5.230253e-03,5.493993e-03,-1.567898e-02,3.027433e-18,933,27002
0.000000e+00,-1.979772e-09,-2.640349e-07,3.652392e-07,0.000000e+00,0.000000e+00,0.000000e+00,1.595804e+06,4.413577e+07,-3.920024e+07,3.969445e-18,934,0
1.207955e-09,-1.097937e-04,-3.079467e-03,2.500185e-03,-9.092945e+04,-2.550222e+06,2.070141e+06,2.104977e-02,6.051542e-01,-3.554229e-01,3.969445e-18,934,5315
1.207659e-08,-1.098109e-03,-3.079794e-02,2.500041e-02,-9.093343e+04,-2.550337e+06,2.070210e+06,1.481689e-04,5.154310e-03,-4.089944e-03,3.969445e-18,934,53137
0.000000e+00,-3.363737e-08,3.804048e-08,5.900043e-07,0.000000e+00,0.000000e+00,0.000000e+00,4.224711e+06,-3.721790e+06,-3.823415e+07,3.165095e-18,935,0
9.647727e-10,-3.404171e-04,2.949063e-04,2.500119e-03,-3.531898e+05,3.059965e+05,2.592927e+06,2.687741e-01,-2.613871e-01,-1.521374e+00,3.165095e-18,935,4245
9.641591e-09,-3.405275e-03,2.950268e-03,2.500014e-02,-3.532307e+05,3.060363e+05,2.593159e+06,2.180412e-03,-1.963969e-03,-1.651317e-02,3.165095e-18,935,42423
0.000000e+00,7.379864e-08,-1.518975e-07,5.869403e-07,0.000000e+00,0.000000e+00,0.000000e+00,-6.182217e+06,1.321738e+07,-4.014242e+07,3.056586e-18,936,0
9.504545e-10,4.211663e-04,-9.090224e-04,2.500105e-03,4.434034e+05,-9.570538e+05,2.631679e+06,-2.584620e-01,5.787191e-01,-1.321901e+00,3.056586e-18,936,4182
9.499773e-09,4.212238e-03,-9.091794e-03,2.500057e-02,4.434422e+05,-9.571406e+05,2.631878e+06,-2.568258e-03,4.823352e-03,-1.425515e-02,3.056586e-18,936,41799
0.000000e+00,-2.010085e-08,9.605900e-08,4.790447e-07,0.000000e+00,0.000000e+00,0.000000e+00,6.037732e+06,-1.177100e+07,-4.584681e+07,3.800808e-18,937,0
8.872727e-10,-2.974056e-04,6.471269e-04,2.500271e-03,-3.354261e+05,7.298821e+05,2.819526e+06,2.220194e-01,-5.205954e-01,-1.640286e+00,3.800808e-18,937,3904
8.866818e-09,-2.974159e-03,6.471736e-03,2.500033e-02,-3.354572e+05,7.299550e+05,2.819757e+06,1.927806e-03,-4.717477e-03,-1.716560e-02,3.800808e-18,937,39014
0.000000e+00,-5.044748e-08,1.785363e-07,2.689558e-07,0.000000e+00,0.000000e+00,0.000000e+00,1.436212e+07,-6.170637e+07,-6.932402e+07,5.367367e-18,938,0
7.775000e-10,-5.460457e-04,2.304332e-03,2.500326e-03,-7.024700e+05,2.964435e+06,3.216313e+06,1.945898e-01,-7.741843e-01,-6.940893e-01,5.367367e-18,938,3421
7.772955e-09,-5.460281e-03,2.304245e-02,2.500039e-02,-7.024939e+05,2.964530e+06,3.216398e+06,1.882924e-03,-7.428599e-03,-7.116709e-03,5.367367e-18,938,34201
0.000000e+00,1.750378e-07,1.397536e-07,2.041444e-07,0.000000e+00,0.000000e+00,0.000000e+00,-7.139898e+07,-5.784050e+07,-6.357106e+07,5.667948e-18,939,0
9.002273e-10,2.872765e-03,2.329210e-03,2.500186e-03,3.191508e+06,2.587651e+06,2.777440e+06,-4.070077e-01,-3.338762e-01,-2.831187e-01,5.667948e-18,939,3961
9.001136e-09,2.872727e-02,2.329186e-02,2.500024e-02,3.191566e+06,2.587699e+06,2.777480e+06,-3.828167e-03,-3.091986e-03,-2.958004e-03,5.667948e-18,939,39605
0.000000e+00,1.468096e-07,-6.338055e-08,4.429489e-07,0.000000e+00,0.000000e+00,0.000000e+00,-2.022487e+07,9.329972e+06,-4.395190e+07,3.924895e-18,940,0
9.813636e-10,1.258119e-03,-5.250955e-04,2.500476e-03,1.282821e+06,-5.353957e+05,2.549081e+06,-6.690177e-01,2.703885e-01,-1.092056e+00,3.924895e-18,940,4318
9.807500e-09,1.258123e-02,-5.250876e-03,2.500025e-02,1.282924e+06,-5.354375e+05,2.549251e+06,-5.885980e-03,2.426382e-03,-1.198721e-02,3.924895e-18,940,43153
0.000000e+00,-9.938871e-08,7.926857e-08,1.469201e-07,0.000000e+00,0.000000e+00,0.000000e+00,1.431785e+08,-1.129933e+08,-1.829093e+08,8.652246e-18,941,0
3.384091e-10,-1.959647e-03,1.546479e-03,2.500188e-03,-5.790725e+06,4.569820e+06,7.387928e+06,5.583230e-01,-4.402762e-01,-6.512913e-01,8.652246e-18,941,1489
3.384091e-09,-1.959643e-02,1.546475e-02,2.500155e-02,-5.790755e+06,4.569843e+06,7.387963e+06,5.560795e-03,-4.384384e-03,-6.548038e-03,8.652246e-18,941,14890
0.000000e+00,3.441097e-08,1.638325e-07,5.881043e-07,0.000000e+00,0.000000e+00,0.000000e+00,-4.358889e+06,-1.297833e+07,-3.777548e+07,3.057961e-18,942,0
1.015227e-09,4.060329e-04,8.772087e-04,2.500433e-03,4.001689e+05,8.646817e+05,2.464257e+06,-1.728547e-01,-5.501338e-01,-1.277292e+00,3.057961e-18,942,4467
1.014500e-08,4.059693e-03,8.772222e-03,2.500009e-02,4.001965e+05,8.647697e+05,2.464462e+06,-1.612401e-03,-4.251884e-03,-1.404201e-02,3.057961e-18,942,44638
0.000000e+00,1.119773e-07,-1.335313e-08,4.325238e-07,0.000000e+00,0.000000e+00,0.000000e+00,-1.864838e+07,6.415869e+05,-4.971950e+07,4.126590e-18,943,0
8.895455e-10,1.060354e-03,-4.102808e-05,2.500530e-03,1.192865e+06,-4.612305e+04,2.812342e+06,-7.503260e-01,1.468783e-02,-1.388402e+00,4.126590e-18,943,3914
8.889545e-09,1.060398e-02,-4.100262e-04,2.500056e-02,1.192971e+06,-4.612510e+04,2.812538e+06,-6.445785e-03,3.754937e-05,-1.499179e-02,4.126590e-18,943,39114
0.000000e+00,5.590341e-08,-5.957028e-08,3.657695e-07,0.000000e+00,0.000000e+00,0.000000e+00,-1.197389e+07,1.161927e+07,-6.123888e+07,4.833584e-18,944,0
7.409091e-10,5.522618e-04,-5.030605e-04,2.500601e-03,7.457998e+05,-6.793338e+05,3.376482e+06,-4.384916e-01,3.888483e-01,-1.737161e+00,4.833584e-18,944,3260
7.404318e-09,5.522114e-03,-5.029990e-03,2.500060e-02,7.458511e+05,-6.793793e+05,3.376685e+06,-4.160233e-03,3.924607e-03,-1.791711e-02,4.833584e-18,944,32579
0.000000e+00,-1.001483e-07,2.365003e-07,4.793413e-07,0.000000e+00,0.000000e+00,0.000000e+00,7.447564e+06,-2.621105e+07,-2.830160e+07,3.364771e-18,945,0
1.358864e-09,-7.702000e-04,2.527318e-03,2.500109e-03,-5.671141e+05,1.860912e+06,1.840412e+06,1.886197e-01,-5.867880e-01,-4.171179e-01,3.364771e-18,945,5979
1.358386e-08,-7.703579e-03,2.527824e-02,2.500006e-02,-5.671544e+05,1.861037e+06,1.840503e+06,1.595074e-03,-5.180923e-03,-5.214291e-03,3.364771e-18,945,59769
0.000000e+00,1.353937e-09,-1.076680e-07,4.619097e-07,0.000000e+00,0.000000e+00,0.000000e+00,1.585917e+06,1.637008e+07,-4.646224e+07,3.917983e-18,946,0
9.102273e-10,-9.790188e-05,-9.998777e-04,2.500529e-03,-1.077217e+05,-1.099204e+06,2.748462e+06,1.340482e-01,6.245115e-01,-1.360139e+00,3.917983e-18,946,4005
9.096136e-09,-9.798321e-04,-9.998466e-03,2.500052e-02,-1.077409e+05,-1.099293e+06,2.748658e+06,7.748130e-04,5.791376e-03,-1.468412e-02,3.917983e-18,946,40023
0.000000e+00,-1.571467e-07,-9.346922e-08,2.555498e-07,0.000000e+00,0.000000e+00,0.000000e+00,5.973752e+07,3.567923e+07,-7.681235e+07,5.553908e-18,947,0
7.234091e-10,-1.991690e-03,-1.190298e-03,2.500007e-03,-2.753686e+06,-1.645695e+06,3.456268e+06,6.635996e-01,3.987032e-01,-7.094805e-01,5.553908e-18,947,3183
7.233409e-09,-1.991859e-02,-1.190402e-02,2.500075e-02,-2.753762e+06,-1.645740e+06,3.456349e+06,6.414397e-03,3.876829e-03,-7.295370e-03,5.553908e-18,947,31827
0.000000e+00,8.375302e-08,1.348211e-07,2.330254e-07,0.000000e+00,0.000000e+00,0.000000e+00,-3.434005e+07,-6.079977e+07,-9.594128e+07,6.147642e-18,948,0
5.945455e-10,9.084258e-04,1.618128e-03,2.500520e-03,1.528128e+06,2.722036e+06,4.206217e+06,-3.896745e-01,-7.456267e-01,-9.861501e-01,6.147642e-18,948,2616
5.943636e-09,9.082685e-03,1.617886e-02,2.500037e-02,1.528165e+06,2.722106e+06,4.206310e+06,-3.858594e-03,-7.122724e-03,-9.971058e-03,6.147642e-18,948,26152
0.000000e+00,-3.820627e-08,8.606925e-08,1.520828e-07,0.000000e+00,0.000000e+00,0.000000e+00,6.792487e+07,-1.547431e+08,-2.522402e+08,9.374997e-18,949,0
2.463636e-10,-6.735403e-04,1.534549e-03,2.500055e-03,-2.733871e+06,6.228676e+06,1.014756e+07,3.068179e-01,-7.068780e-01,-1.089346e+00,9.374997e-18,949,1084
2.463636e-09,-6.735300e-03,1.534527e-02,2.500003e-02,-2.733883e+06,6.228704e+06,1.014760e+07,3.061083e-03,-7.038533e-03,-1.091382e-02,9.374997e-18,949,10840
0.000000e+00,-6.221907e-08,-2.170893e-07,4.632404e-07,0.000000e+00,0.000000e+00,0.000000e+00,1.363890e+07,3.041860e+07,-4.166130e+07,3.557710e-18,950,0
1.017273e-09,-8.346515e-04,-2.005433e-03,2.500493e-03,-8.208430e+05,-1.972336e+06,2.458754e+06,2.726461e-01,7.316885e-01,-7.292448e-01,3.557710e-18,950,4476
1.016773e-08,-8.346070e-03,-2.005409e-02,2.500009e-02,-8.208868e+05,-1.972453e+06,2.458871e+06,2.308309e-03,6.012333e-03,-7.814120e-03,3.557710e-18,950,44738
0.000000e+00,1.570500e-07,-5.160913e-08,4.771761e-07,0.000000e+00,0.000000e+00,0.000000e+00,-1.791650e+07,4.110757e+06,-4.086954e+07,3.684319e-18,951,0
1.018409e-09,1.196293e-03,-2.406105e-04,2.500551e-03,1.175465e+06,-2.363094e+05,2.456468e+06,-6.490439e-01,7.702882e-02,-1.065453e+00,3.684319e-18,951,4481
1.017727e-08,1.196301e-02,-2.405030e-03,2.500030e-02,1.175569e+06,-2.363218e+05,2.456640e+06,-5.672220e-03,8.098358e-04,-1.231836e-02,3.684319e-18,951,44780
0.000000e+00,-2.264832e-07,4.943651e-08,3.076868e-07,0.000000e+00,0.000000e+00,0.000000e+00,5.332747e+07,-1.243680e+07,-5.219296e+07,4.602386e-18,952,0
9.804545e-10,-2.698513e-03,6.281947e-04,2.500154e-03,-2.753059e+06,6.408981e+05,2.550402e+06,6.660604e-01,-1.564936e-01,-4.815689e-01,4.602386e-18,952,4314
9.802500e-09,-2.698688e-02,6.282403e-03,2.500046e-02,-2.753162e+06,6.409223e+05,2.550477e+06,5.970509e-03,-1.406343e-03,-5.251991e-03,4.602386e-18,952,43131
0.000000e+00,-1.456778e-08,1.675976e-07,2.905915e-07,0.000000e+00,0.000000e+00,0.000000e+00,1.826518e+06,-5.540211e+07,-7.129823e+07,5.262070e-18,953,0
7.409091e-10,-6.542094e-05,2.006930e-03,2.500368e-03,-8.830045e+04,2.709429e+06,3.375319e+06,1.819332e-02,-8.336531e-01,-8.902807e-01,5.262070e-18,953,3260
7.406818e-09,-6.540355e-04,2.006827e-02,2.500051e-02,-8.830258e+04,2.709526e+06,3.375423e+06,1.293645e-04,-7.898429e-03,-9.130326e-03,5.262070e-18,953,32590
0.000000e+00,-1.763805e-07,-1.053213e-07,4.454942e-07,0.000000e+00,0.000000e+00,0.000000e+00,4.139936e+07,9.933693e+06,-6.849490e+07,3.753830e-18,954,0
7.493182e-10,-1.568390e-03,-3.884081e-04,2.500557e-03,-2.093728e+06,-5.184140e+05,3.337722e+06,8.134362e-01,1.803568e-01,-1.113343e+00,3.753830e-18,954,3297
7.490227e-09,-1.568256e-02,-3.883109e-03,2.500057e-02,-2.093824e+06,-5.184354e+05,3.337854e+06,7.838471e-03,1.955094e-03,-1.151446e-02,3.753830e-18,954,32957
0.000000e+00,1.691333e-07,5.968583e-08,5.205134e-07,0.000000e+00,0.000000e+00,0.000000e+00,-1.726465e+07,-8.596410e+06,-3.846945e+07,3.370875e-18,955,0
1.037955e-09,1.233239e-03,6.026972e-04,2.500275e-03,1.188967e+06,5.810069e+05,2.409966e+06,-6.511417e-01,-2.652826e-01,-1.054274e+00,3.370875e-18,955,4567
1.037364e-08,1.233388e-02,6.027128e-03,2.500029e-02,1.189073e+06,5.810502e+05,2.410140e+06,-5.331500e-03,-1.906149e-03,-1.166904e-02,3.370875e-18,955,45644
0.000000e+00,8.946996e-08,-1.360622e-07,4.945538e-07,0.000000e+00,0.000000e+00,0.000000e+00,-3.909589e+07,-2.959267e+07,-3.362268e+07,3.606977e-18,956,0
1.337727e-09,3.042123e-03,1.918489e-03,2.500410e-03,2.274956e+06,1.434756e+06,1.869333e+06,-4.431668e-01,-2.631494e-01,-2.399331e-01,3.606977e-18,956,5886
1.337364e-08,3.042421e-02,1.918764e-02,2.500004e-02,2.275049e+06,1.434811e+06,1.869384e+06,-3.654137e-03,-2.280555e-03,-2.980762e-03,3.606977e-18,956,58844
0.000000e+00,-1.644466e-07,-2.000016e-07,4.507187e-07,0.000000e+00,0.000000e+00,0.000000e+00,2.142543e+07,2.644049e+07,-3.602270e+07,3.500535e-18,957,0
1.427727e-09,-1.904833e-03,-2.497319e-03,2.500125e-03,-1.334765e+06,-1.749928e+06,1.751500e+06,3.270940e-01,4.181794e-01,-3.273492e-01,3.500535e-18,957,6282
1.427341e-08,-1.905158e-02,-2.497734e-02,2.500012e-02,-1.334838e+06,-1.750022e+06,1.751575e+06,2.959095e-03,3.885047e-03,-4.043964e-03,3.500535e-18,957,62803
0.000000e+00,9.216087e-08,-1.393268e-07,3.641966e-07,0.000000e+00,0.000000e+00,0.000000e+00,-1.778892e+07,2.837820e+07,-5.584479e+07,4.517344e-18,958,0
8.313636e-10,8.570329e-04,-1.346119e-03,2.500228e-03,1.031307e+06,-1.619840e+06,3.008322e+06,-4.297090e-01,6.629825e-01,-1.091905e+00,4.517344e-18,958,3658
8.310455e-09,8.570619e-03,-1.346159e-02,2.500063e-02,1.031363e+06,-1.619927e+06,3.008466e+06,-3.981997e-03,6.681929e-03,-1.158808e-02,4.517344e-18,958,36566
0.000000e+00,-1.073478e-07,2.407202e-07,4.905898e-07,0.000000e+00,0.000000e+00,0.000000e+00,1.556276e+07,-2.963343e+07,-3.925558e+07,3.283697e-18,959,0
1.057273e-09,-8.911374e-04,1.975985e-03,2.500464e-03,-8.431711e+05,1.869829e+06,2.365733e+06,2.919432e-01,-6.992547e-01,-7.026412e-01,3.283697e-18,959,4652
1.056750e-08,-8.910270e-03,1.975940e-02,2.500005e-02,-8.432198e+05,1.869945e+06,2.365851e+06,2.638090e-03,-6.016021e-03,-7.650066e-03,3.283697e-18,959,46497
0.000000e+00,1.054214e-07,-2.656374e-07,3.802670e-07,0.000000e+00,0.000000e+00,0.000000e+00,-1.436181e+07,3.917133e+07,-3.663654e+07,3.764773e-18,960,0
1.275682e-09,1.054901e-03,-2.935214e-03,2.500339e-03,8.272209e+05,-2.301748e+06,1.960362e+06,-1.917697e-01,5.461691e-01,-3.275284e-01,3.764773e-18,960,5613
1.275273e-08,1.054932e-02,-2.935353e-02,2.500013e-02,8.272594e+05,-2.301858e+06,1.960429e+06,-1.574473e-03,4.660980e-03,-3.950546e-03,3.764773e-18,960,56112
0.000000e+00,9.873378e-08,1.501674e-07,5.399139e-07,0.000000e+00,0.000000e+00,0.000000e+00,-1.682155e+07,-1.430290e+07,-4.222128e+07,3.272921e-18,961,0
9.215909e-10,9.868959e-04,9.222764e-04,2.500380e-03,1.071486e+06,1.001311e+06,2.714236e+06,-5.379244e-01,-5.266796e-01,-1.214694e+00,3.272921e-18,961,4055
9.210682e-09,9.869076e-03,9.222761e-03,2.500014e-02,1.071564e+06,1.001388e+06,2.714413e+06,-4.926448e-03,-4.784050e-03,-1.289118e-02,3.272921e-18,961,40527
0.000000e+00,-1.276352e-07,-1.254655e-07,4.838539e-07,0.000000e+00,0.000000e+00,0.000000e+00,1.465632e+07,1.170200e+07,-4.391097e+07,3.584995e-18,962,0
9.488636e-10,-9.478627e-04,-8.239920e-04,2.500174e-03,-9.995439e+05,-8.690405e+05,2.636138e+06,5.178576e-01,5.385327e-01,-1.234281e+00,3.584995e-18,962,4175
9.483636e-09,-9.479290e-03,-8.241625e-03,2.500032e-02,-9.996214e+05,-8.691211e+05,2.636324e+06,4.677112e-03,4.538677e-03,-1.317566e-02,3.584995e-18,962,41728
0.000000e+00,-4.270093e-08,-5.219689e-08,1.878288e-07,0.000000e+00,0.000000e+00,0.000000e+00,5.693357e+07,6.861223e+07,-2.239846e+08,8.494489e-18,963,0
2.754545e-10,-6.366380e-04,-7.671937e-04,2.501355e-03,-2.311227e+06,-2.785189e+06,9.080714e+06,4.259025e-01,5.126120e-01,-1.568307e+00,8.494489e-18,963,1212
2.753182e-09,-6.363266e-03,-7.668177e-03,2.500103e-02,-2.311246e+06,-2.785211e+06,9.080782e+06,4.265413e-03,5.113187e-03,-1.572630e-02,8.494489e-18,963,12114
0.000000e+00,-7.276637e-08,-2.206120e-07,2.830548e-07,0.000000e+00,0.000000e+00,0.000000e+00,1.892441e+07,5.481221e+07,-4.840841e+07,4.806658e-18,964,0
1.070909e-09,-1.103222e-03,-3.020678e-03,2.500079e-03,-1.030482e+06,-2.821384e+06,2.334849e+06,2.269985e-01,5.665825e-01,-3.470471e-01,4.806658e-18,964,4712
1.070750e-08,-1.103386e-02,-3.020997e-02,2.500053e-02,-1.030520e+06,-2.821480e+06,2.334908e+06,1.834812e-03,4.955522e-03,-3.930661e-03,4.806658e-18,964,47113
0.000000e+00,5.959921e-08,-1.480086e-07,2.024195e-07,0.000000e+00,0.000000e+00,0.000000e+00,-4.089969e+07,9.662601e+07,-1.108476e+08,6.670500e-18,965,0
5.381818e-10,9.290452e-04,-2.193467e-03,2.500235e-03,1.726378e+06,-4.075945e+06,4.645864e+06,-2.918806e-01,6.823525e-01,-7.006692e-01,6.670500e-18,965,2368
5.381136e-09,9.289916e-03,-2.193331e-02,2.500018e-02,1.726403e+06,-4.076003e+06,4.645923e+06,-2.811479e-03,6.858367e-03,-7.148049e-03,6.670500e-18,965,23677
0.000000e+00,2.830626e-07,-3.009696e-08,4.514717e-07,0.000000e+00,0.000000e+00,0.000000e+00,-3.423965e+07,5.435063e+06,-3.070603e+07,3.394418e-18,966,0
1.399091e-09,3.106221e-03,-5.105773e-04,2.500121e-03,2.221149e+06,-3.651139e+05,1.787328e+06,-5.510742e-01,9.349091e-02,-3.061781e-01,3.394418e-18,966,6156
1.398727e-08,3.106772e-02,-5.106912e-03,2.500004e-02,2.221271e+06,-3.651345e+05,1.787397e+06,-4.787428e-03,7.847477e-04,-3.851123e-03,3.394418e-18,966,61544
0.000000e+00,-2.705547e-08,-3.114499e-08,2.062920e-07,0.000000e+00,0.000000e+00,0.000000e+00,3.144101e+07,3.433298e+07,-2.108916e+08,8.106082e-18,967,0
2.906818e-10,-3.735058e-04,-4.076293e-04,2.500258e-03,-1.284952e+06,-1.402337e+06,8.601361e+06,2.971542e-01,3.163328e-01,-1.851996e+00,8.106082e-18,967,1279
2.906591e-09,-3.734853e-03,-4.076046e-03,2.500082e-02,-1.284966e+06,-1.402351e+06,8.601446e+06,2.978120e-03,3.172688e-03,-1.859078e-02,8.106082e-18,967,12789
0.000000e+00,-2.269093e-07,1.714502e-08,2.980231e-07,0.000000e+00,0.000000e+00,0.000000e+00,5.346396e+07,-2.702552e+06,-5.424614e+07,4.717976e-18,968,0
9.361364e-10,-2.578839e-03,1.278805e-04,2.500565e-03,-2.755535e+06,1.366295e+05,2.671648e+06,7.185964e-01,-3.031510e-02,-5.709078e-01,4.717976e-18,968,4119
9.357500e-09,-2.578495e-02,1.278518e-03,2.500007e-02,-2.755642e+06,1.366340e+05,2.671733e+06,6.672121e-03,-3.354579e-04,-6.056590e-03,4.717976e-18,968,41173
0.000000e+00,8.284139e-08,-1.514140e-07,1.872869e-07,0.000000e+00,0.000000e+00,0.000000e+00,-5.671917e+07,1.015279e+08,-1.010961e+08,6.716994e-18,969,0
5.920455e-10,1.414660e-03,-2.531623e-03,2.500243e-03,2.389581e+06,-4.276297e+06,4.223161e+06,-3.256405e-01,5.792446e-01,-4.920252e-01,6.716994e-18,969,2605
5.919773e-09,1.414583e-02,-2.531481e-02,2.500029e-02,2.389611e+06,-4.276351e+06,4.223207e+06,-3.136681e-03,5.683697e-03,-5.053235e-03,6.716994e-18,969,26047
0.000000e+00,-3.020985e-08,-4.154928e-08,4.310104e-07,0.000000e+00,0.000000e+00,0.000000e+00,7.953123e+06,5.985340e+06,-5.389181e+07,4.245239e-18,970,0
7.965909e-10,-4.652872e-04,-4.165194e-04,2.500312e-03,-5.845368e+05,-5.232515e+05,3.140345e+06,3.777402e-01,3.371657e-01,-1.784831e+00,4.245239e-18,970,3505
7.960909e-09,-4.653376e-03,-4.165511e-03,2.500008e-02,-5.845843e+05,-5.232939e+05,3.140570e+06,3.733873e-03,3.196938e-03,-1.836538e-02,4.245239e-18,970,35028
0.000000e+00,-2.415880e-07,1.019866e-07,4.112002e-07,0.000000e+00,0.000000e+00,0.000000e+00,2.991738e+07,-1.258663e+07,-3.894464e+07,3.693011e-18,971,0
1.126364e-09,-2.150368e-03,9.044968e-04,2.500182e-03,-1.910035e+06,8.034071e+05,2.220354e+06,6.602644e-01,-2.786503e-01,-5.926402e-01,3.693011e-18,971,4956
1.125955e-08,-2.150608e-02,9.045983e-03,2.500032e-02,-1.910152e+06,8.034566e+05,2.220460e+06,5.688410e-03,-2.321145e-03,-6.657118e-03,3.693011e-18,971,49542
0.000000e+00,3.922411e-08,-3.694967e-08,2.603823e-07,0.000000e+00,0.000000e+00,0.000000e+00,-2.135966e+07,2.270336e+07,-1.326132e+08,6.554230e-18,972,0
4.384091e-10,4.054559e-04,-4.322832e-04,2.500023e-03,9.249413e+05,-9.861612e+05,5.703038e+06,-3.187135e-01,3.559233e-01,-1.868914e+00,6.554230e-18,972,1929
4.383636e-09,4.054632e-03,-4.322994e-03,2.500023e-02,9.249634e+05,-9.861859e+05,5.703168e+06,-3.099960e-03,3.476823e-03,-1.882970e-02,6.554230e-18,972,19288
0.000000e+00,2.020344e-07,9.628521e-09,3.147887e-07,0.000000e+00,0.000000e+00,0.000000e+00,-5.123150e+07,-2.855059e+06,-5.553963e+07,4.766979e-18,973,0
9.081818e-10,2.444287e-03,1.136337e-04,2.500604e-03,2.692214e+06,1.251311e+05,2.753940e+06,-7.483344e-01,-1.585535e-02,-6.298163e-01,4.766979e-18,973,3996
9.077955e-09,2.443979e-02,1.135942e-03,2.500028e-02,2.692321e+06,1.251334e+05,2.754031e+06,-6.857597e-03,-1.385977e-04,-6.666510e-03,4.766979e-18,973,39943
0.000000e+00,1.584377e-07,-1.025677e-07,4.806148e-07,0.000000e+00,0.000000e+00,0.000000e+00,-1.941149e+07,7.830998e+06,-3.988826e+07,3.603900e-18,974,0
1.068636e-09,1.355234e-03,-7.517058e-04,2.500091e-03,1.268991e+06,-7.039088e+05,2.340401e+06,-6.104070e-01,3.535989e-01,-8.411106e-01,3.603900e-18,974,4702
1.068205e-08,1.355539e-02,-7.519143e-03,2.500046e-02,1.269094e+06,-7.039683e+05,2.340544e+06,-5.169770e-03,2.867197e-03,-1.009502e-02,3.603900e-18,974,47001
0.000000e+00,-1.898456e-07,2.186668e-07,3.936579e-07,0.000000e+00,0.000000e+00,0.000000e+00,2.651896e+07,-2.839280e+07,-3.381158e+07,3.661444e-18,975,0
1.327045e-09,-2.174385e-03,2.313817e-03,2.500210e-03,-1.639161e+06,1.744262e+06,1.884406e+06,3.863220e-01,-4.144925e-01,-3.094804e-01,3.661444e-18,975,5839
1.326682e-08,-2.174640e-02,2.314077e-02,2.500023e-02,-1.639242e+06,1.744349e+06,1.884471e+06,3.340033e-03,-3.478606e-03,-3.809040e-03,3.661444e-18,975,58374
0.000000e+00,1.742492e-07,-1.820816e-07,4.771359e-07,0.000000e+00,0.000000e+00,0.000000e+00,-2.976848e+07,2.012421e+07,-3.544119e+07,3.400737e-18,976,0
1.224091e-09,2.271653e-03,-1.558767e-03,2.500285e-03,1.856620e+06,-1.273929e+06,2.043023e+06,-5.240430e-01,3.561800e-01,-4.402983e-01,3.400737e-18,976,5386
1.223682e-08,2.271902e-02,-1.558882e-02,2.500032e-02,1.856721e+06,-1.273997e+06,2.043109e+06,-4.387724e-03,3.149692e-03,-5.113751e-03,3.400737e-18,976,53842
0.000000e+00,-8.908966e-08,1.620636e-07,5.849966e-07,0.000000e+00,0.000000e+00,0.000000e+00,8.018098e+06,-1.315245e+07,-3.833942e+07,3.029892e-18,977,0
9.677273e-10,-5.982986e-04,1.015514e-03,2.500543e-03,-6.187348e+05,1.050179e+06,2.585209e+06,4.047328e-01,-6.729112e-01,-1.288514e+00,3.029892e-18,977,4258
9.670455e-09,-5.983425e-03,1.015567e-02,2.500033e-02,-6.187967e+05,1.050282e+06,2.585406e+06,3.589367e-03,-6.121929e-03,-1.366802e-02,3.029892e-18,977,42550
0.000000e+00,5.805901e-08,-9.371822e-08,1.871322e-07,0.000000e+00,0.000000e+00,0.000000e+00,-6.024742e+07,9.391170e+07,-1.710015e+08,7.834985e-18,978,0
3.577273e-10,8.833477e-04,-1.376747e-03,2.501278e-03,2.469381e+06,-3.848657e+06,6.992164e+06,-4.318538e-01,6.690576e-01,-1.134163e+00,7.834985e-18,978,1574
3.575455e-09,8.829207e-03,-1.376078e-02,2.500032e-02,2.469405e+06,-3.848695e+06,6.992228e+06,-4.279138e-03,6.645583e-03,-1.140034e-02,7.834985e-18,978,15732
0.000000e+00,-3.846657e-09,1.393398e-07,4.210750e-07,0.000000e+00,0.000000e+00,0.000000e+00,2.006080e+06,-2.228613e+07,-5.159748e+07,4.135526e-18,979,0
8.322727e-10,-4.908454e-05,1.165818e-03,2.500600e-03,-5.898619e+04,1.401514e+06,3.005748e+06,1.587697e-02,-7.295633e-01,-1.350258e+00,4.135526e-18,979,3662
8.317500e-09,-4.906225e-04,1.165706e-02,2.500041e-02,-5.898827e+04,1.401609e+06,3.005926e+06,1.244123e-04,-7.006571e-03,-1.431070e-02,4.135526e-18,979,36597
0.000000e+00,-2.114821e-07,1.123191e-07,5.375958e-07,0.000000e+00,0.000000e+00,0.000000e+00,2.102355e+07,-1.080966e+07,-3.330045e+07,3.111794e-18,980,0
1.181364e-09,-1.758818e-03,8.749873e-04,2.500373e-03,-1.489747e+06,7.410940e+05,2.117286e+06,6.423351e-01,-3.013878e-01,-6.795360e-01,3.111794e-18,980,5198
1.180750e-08,-1.759013e-02,8.750447e-03,2.500005e-02,-1.489867e+06,7.411500e+05,2.117413e+06,5.321368e-03,-2.553163e-03,-8.105016e-03,3.111794e-18,980,51953
0.000000e+00,1.295970e-07,-1.529909e-07,3.921169e-07,0.000000e+00,0.000000e+00,0.000000e+00,-2.094158e+07,2.650671e+07,-4.507950e+07,4.134540e-18,981,0
1.004091e-09,1.292837e-03,-1.615379e-03,2.500426e-03,1.288185e+06,-1.609572e+06,2.491011e+06,-4.899220e-01,6.133039e-01,-7.602398e-01,4.134540e-18,981,4418
1.003614e-08,1.292837e-02,-1.615384e-02,2.500025e-02,1.288263e+06,-1.609669e+06,2.491132e+06,-4.460629e-03,5.409558e-03,-8.301834e-03,4.134540e-18,981,44159
0.000000e+00,4.267376e-08,2.466349e-07,5.135354e-07,0.000000e+00,0.000000e+00,0.000000e+00,-3.683846e+06,-2.707712e+07,-3.159196e+07,3.215177e-18,982,0
1.208182e-09,4.438379e-04,2.335329e-03,2.500369e-03,3.675685e+05,1.933960e+06,2.070196e+06,-1.286521e-01,-6.732316e-01,-5.664128e-01,3.215177e-18,982,5316
1.207614e-08,4.438776e-03,2.335467e-02,2.500014e-02,3.675930e+05,1.934088e+06,2.070305e+06,-1.082543e-03,-5.710300e-03,-6.698420e-03,3.215177e-18,982,53135
0.000000e+00,5.642823e-08,-2.589321e-07,3.816219e-07,0.000000e+00,0.000000e+00,0.000000e+00,-8.101155e+06,4.067804e+07,-3.886601e+07,3.866273e-18,983,0
1.207727e-09,5.668249e-04,-2.895768e-03,2.500245e-03,4.694920e+05,-2.398618e+06,2.070608e+06,-1.112655e-01,6.164514e-01,-3.792506e-01,3.866273e-18,983,5314
1.207386e-08,5.668579e-03,-2.896053e-02,2.500040e-02,4.695131e+05,-2.398735e+06,2.070680e+06,-9.366485e-04,5.306787e-03,-4.451722e-03,3.866273e-18,983,53125
0.000000e+00,-6.958378e-08,-4.918879e-08,2.930516e-07,0.000000e+00,0.000000e+00,0.000000e+00,2.317139e+07,1.436214e+07,-1.051103e+08,5.783961e-18,984,0
5.259091e-10,-5.645547e-04,-3.513582e-04,2.500028e-03,-1.073690e+06,-6.682210e+05,4.754525e+06,4.432364e-01,2.864016e-01,-1.807585e+00,5.783961e-18,984,2314
5.258182e-09,-5.645691e-03,-3.513656e-03,2.500032e-02,-1.073727e+06,-6.682448e+05,4.754675e+06,4.408669e-03,2.734756e-03,-1.843521e-02,5.783961e-18,984,23136
0.000000e+00,1.815807e-07,2.096393e-07,3.560929e-07,0.000000e+00,0.000000e+00,0.000000e+00,-2.988649e+07,-3.299321e+07,-3.623806e+07,3.949121e-18,985,0
1.356591e-09,2.515654e-03,2.674355e-03,2.500109e-03,1.854998e+06,1.972002e+06,1.843182e+06,-3.426395e-01,-3.644451e-01,-2.345442e-01,3.949121e-18,985,5969
1.356341e-08,2.516002e-02,2.674701e-02,2.500001e-02,1.855071e+06,1.972079e+06,1.843233e+06,-2.917873e-03,-3.056959e-03,-2.861432e-03,3.949121e-18,985,59679
0.000000e+00,1.585398e-07,-3.596845e-08,4.479145e-07,0.000000e+00,0.000000e+00,0.000000e+00,-2.286262e+07,1.919807e+06,-4.360819e+07,3.879647e-18,986,0
9.818182e-10,1.448590e-03,-1.259158e-04,2.500415e-03,1.476425e+06,-1.283229e+05,2.547743e+06,-8.274016e-01,7.802825e-02,-1.009564e+00,3.879647e-18,986,4320
9.812727e-09,1.448770e-02,-1.259212e-03,2.500044e-02,1.476553e+06,-1.283350e+05,2.547900e+06,-6.777114e-03,7.824060e-04,-1.143775e-02,3.879647e-18,986,43176
0.000000e+00,-1.224004e-07,1.428823e-07,5.648442e-07,0.000000e+00,0.000000e+00,0.000000e+00,1.485042e+07,-9.828538e+06,-3.748112e+07,3.122005e-18,987,0
9.943182e-10,-1.028601e-03,7.690753e-04,2.500327e-03,-1.035212e+06,7.740291e+05,2.515887e+06,5.940427e-01,-4.709977e-01,-1.231281e+00,3.122005e-18,987,4375
9.936818e-09,-1.028667e-02,7.691378e-03,2.500008e-02,-1.035305e+06,7.741030e+05,2.516081e+06,4.770793e-03,-4.065021e-03,-1.319204e-02,3.122005e-18,987,43722
0.000000e+00,-1.855175e-08,2.614967e-07,3.790798e-07,0.000000e+00,0.000000e+00,0.000000e+00,2.400138e+06,-4.010861e+07,-3.713654e+07,3.893335e-18,988,0
1.215000e-09,-2.108472e-04,2.911338e-03,2.500252e-03,-1.736308e+05,2.397117e+06,2.058290e+06,5.851134e-02,-6.327235e-01,-4.073939e-01,3.893335e-18,988,5346
1.214614e-08,-2.108930e-03,2.911565e-02,2.500041e-02,-1.736420e+05,2.397238e+06,2.058369e+06,4.474379e-04,-5.243526e-03,-4.683166e-03,3.893335e-18,988,53443
0.000000e+00,7.335398e-08,1.377899e-07,5.167629e-07,0.000000e+00,0.000000e+00,0.000000e+00,-6.682267e+06,-1.245026e+07,-3.635276e+07,3.447533e-18,989,0
1.074091e-09,5.638751e-04,9.517295e-04,2.500443e-03,5.253844e+05,8.867700e+05,2.329103e+06,-2.927068e-01,-5.349324e-01,-1.020104e+00,3.447533e-18,989,4726
1.073386e-08,5.639366e-03,9.518451e-03,2.500043e-02,5.254340e+05,8.868605e+05,2.329277e+06,-2.651409e-03,-4.288960e-03,-1.250347e-02,3.447533e-18,989,47229
0.000000e+00,-1.350936e-07,1.030219e-07,4.939935e-07,0.000000e+00,0.000000e+00,0.000000e+00,1.811970e+07,-8.280611e+06,-3.965295e+07,3.542454e-18,990,0
1.028864e-09,-1.259481e-03,5.440895e-04,2.500223e-03,-1.224975e+06,5.291533e+05,2.431207e+06,6.326721e-01,-3.048227e-01,-1.059704e+00,3.542454e-18,990,4527
1.028295e-08,-1.259630e-02,5.441301e-03,2.500015e-02,-1.225078e+06,5.292027e+05,2.431380e+06,5.046257e-03,-2.468072e-03,-1.170360e-02,3.542454e-18,990,45245
0.000000e+00,-3.853015e-08,-1.709386e-07,4.347177e-07,0.000000e+00,0.000000e+00,0.000000e+00,1.009200e+07,1.929605e+07,-4.743403e+07,3.922762e-18,991,0
9.038636e-10,-5.753588e-04,-1.186819e-03,2.500021e-03,-6.369509e+05,-1.313814e+06,2.767133e+06,3.293995e-01,6.949200e-01,-1.245834e+00,3.922762e-18,991,3977
9.034773e-09,-5.754665e-03,-1.186999e-02,2.500052e-02,-6.369979e+05,-1.313914e+06,2.767311e+06,2.954360e-03,6.441018e-03,-1.304318e-02,3.922762e-18,991,39753
0.000000e+00,1.158036e-07,2.314169e-07,5.343280e-07,0.000000e+00,0.000000e+00,0.000000e+00,-2.059375e+07,-1.312319e+07,-3.989097e+07,3.089652e-18,992,0
1.016364e-09,1.345392e-03,1.049176e-03,2.500062e-03,1.324541e+06,1.032832e+06,2.460767e+06,-6.148321e-01,-4.922094e-01,-9.623610e-01,3.089652e-18,992,4472
1.015955e-08,1.345666e-02,1.049315e-02,2.500047e-02,1.324640e+06,1.032911e+06,2.460922e+06,-5.592944e-03,-4.400328e-03,-1.042141e-02,3.089652e-18,992,44702
0.000000e+00,-8.472793e-08,1.886443e-07,5.648869e-07,0.000000e+00,0.000000e+00,0.000000e+00,8.538304e+06,-1.855225e+07,-3.546968e+07,3.085005e-18,993,0
1.081591e-09,-6.738616e-04,1.402867e-03,2.500099e-03,-6.234292e+05,1.297851e+06,2.312465e+06,2.990087e-01,-6.198184e-01,-9.124493e-01,3.085005e-18,993,4759
1.081091e-08,-6.739814e-03,1.403093e-02,2.500007e-02,-6.234802e+05,1.297957e+06,2.312622e+06,2.598274e-03,-4.994010e-03,-1.042285e-02,3.085005e-18,993,47568
0.000000e+00,8.708265e-09,-5.934299e-09,4.068567e-07,0.000000e+00,0.000000e+00,0.000000e+00,-1.161792e+05,-1.706303e+05,-6.008063e+07,4.498318e-18,994,0
7.434091e-10,3.270072e-05,8.133479e-05,2.500003e-03,4.401015e+04,1.094837e+05,3.364536e+06,-2.765206e-02,-4.121360e-02,-1.997283e+00,4.498318e-18,994,3271
7.430455e-09,3.270166e-04,8.134842e-04,2.500011e-02,4.401342e+04,1.094886e+05,3.364771e+06,-2.641540e-04,-4.605172e-04,-2.038113e-02,4.498318e-18,994,32694
0.000000e+00,3.331178e-08,-1.414007e-07,1.949946e-07,0.000000e+00,0.000000e+00,0.000000e+00,-1.407849e+07,1.086167e+08,-1.250676e+08,7.044555e-18,995,0
4.813636e-10,2.821377e-04,-2.183965e-03,2.500995e-03,5.861122e+05,-4.537264e+06,5.195774e+06,-8.675979e-02,7.714925e-01,-7.913263e-01,7.044555e-18,995,2118
4.811591e-09,2.820160e-03,-2.183156e-02,2.500009e-02,5.861188e+05,-4.537323e+06,5.195834e+06,-9.173918e-04,7.600709e-03,-8.011279e-03,7.044555e-18,995,21171
0.000000e+00,1.091849e-07,2.347878e-08,1.895583e-07,0.000000e+00,0.000000e+00,0.000000e+00,-1.093364e+08,-2.116628e+07,-1.643134e+08,7.739962e-18,996,0
3.715909e-10,1.668781e-03,3.229561e-04,2.500771e-03,4.491015e+06,8.691303e+05,6.729942e+06,-7.900506e-01,-1.496060e-01,-1.084467e+00,7.739962e-18,996,1635
3.714773e-09,1.668319e-02,3.228641e-03,2.500037e-02,4.491062e+06,8.691391e+05,6.730006e+06,-7.799178e-03,-1.503664e-03,-1.091660e-02,7.739962e-18,996,16345
0.000000e+00,4.668436e-08,2.308342e-07,5.499679e-07,0.000000e+00,0.000000e+00,0.000000e+00,-4.200990e+06,-2.804773e+07,-3.526065e+07,3.090877e-18,997,0
1.103182e-09,3.669194e-04,2.023563e-03,2.500330e-03,3.329043e+05,1.835322e+06,2.267235e+06,-2.106093e-01,-7.526838e-01,-7.313471e-01,3.090877e-18,997,4854
1.102659e-08,3.670766e-03,2.023729e-02,2.500008e-02,3.329410e+05,1.835453e+06,2.267363e+06,-1.281725e-03,-6.024369e-03,-8.205196e-03,3.090877e-18,997,48517
0.000000e+00,2.001722e-07,6.532905e-08,4.320374e-07,0.000000e+00,0.000000e+00,0.000000e+00,-2.774337e+07,-1.034651e+07,-4.093122e+07,3.811133e-18,998,0
1.063636e-09,1.936336e-03,7.677548e-04,2.500228e-03,1.821457e+06,7.221915e+05,2.351424e+06,-7.186488e-01,-2.649507e-01,-7.295303e-01,3.811133e-18,998,4680
1.063182e-08,1.936532e-02,7.678167e-03,2.500005e-02,1.821577e+06,7.222359e+05,2.351547e+06,-6.264726e-03,-2.274022e-03,-8.044785e-03,3.811133e-18,998,46780
0.000000e+00,2.569593e-07,-5.785926e-08,2.994861e-07,0.000000e+00,0.000000e+00,0.000000e+00,-5.662257e+07,1.068391e+07,-3.854123e+07,4.426333e-18,999,0
1.310455e-09,3.922589e-03,-7.372955e-04,2.500258e-03,2.994031e+06,-5.627484e+05,1.908126e+06,-4.544092e-01,8.144732e-02,-1.999885e-01,4.426333e-18,999,5766
1.310182e-08,3.922722e-02,-7.373030e-03,2.500008e-02,2.994125e+06,-5.627651e+05,1.908168e+06,-3.808048e-03,7.279626e-04,-2.402122e-03,4.426333e-18,999,57648
