0.000000e+00,2.252274e-07,1.251473e-07,3.860271e-07,0.000000e+00,0.000000e+00,0.000000e+00,-3.556880e+07,-1.926114e+07,-3.741079e+07,3.860830e-18,0,0
1.225000e-09,2.681052e-03,1.439296e-03,2.500457e-03,2.189475e+06,1.175380e+06,2.041595e+06,-5.504587e-01,-2.871901e-01,-3.695143e-01,3.860830e-18,0,5390
1.224545e-08,2.681103e-02,1.439303e-02,2.500041e-02,2.189581e+06,1.175436e+06,2.041667e+06,-4.592283e-03,-2.462600e-03,-4.224385e-03,3.860830e-18,0,53880
0.000000e+00,1.693685e-07,-8.100532e-08,3.591732e-07,0.000000e+00,0.000000e+00,0.000000e+00,-3.431909e+07,1.371958e+07,-4.869916e+07,4.454282e-18,1,0
9.672727e-10,1.942289e-03,-6.827725e-04,2.500305e-03,2.008930e+06,-7.061058e+05,2.585632e+06,-7.583864e-01,2.262695e-01,-7.529362e-01,4.454282e-18,1,4256
9.668864e-09,1.942401e-02,-6.827265e-03,2.500025e-02,2.009046e+06,-7.061404e+05,2.585748e+06,-6.756663e-03,2.272354e-03,-8.491360e-03,4.454282e-18,1,42543
0.000000e+00,-5.008452e-08,9.966804e-08,4.459836e-07,0.000000e+00,0.000000e+00,0.000000e+00,7.591664e+06,-1.290855e+07,-4.726959e+07,4.018741e-18,2,0
8.865909e-10,-4.438577e-04,6.314449e-04,2.500101e-03,-5.009988e+05,7.126279e+05,2.821460e+06,3.245819e-01,-4.196515e-01,-1.595953e+00,4.018741e-18,2,3901
8.860682e-09,-4.439167e-03,6.314392e-03,2.500016e-02,-5.010442e+05,7.126867e+05,2.821684e+06,3.114398e-03,-4.130690e-03,-1.671197e-02,4.018741e-18,2,38987
0.000000e+00,1.853633e-08,1.994348e-07,1.801440e-07,0.000000e+00,0.000000e+00,0.000000e+00,-1.028600e+07,-1.111614e+08,-8.139924e+07,6.313070e-18,3,0
7.268182e-10,3.197230e-04,3.453852e-03,2.500171e-03,4.399231e+05,4.752333e+06,3.439999e+06,-5.113488e-02,-5.559630e-01,-3.401814e-01,6.313070e-18,3,3198
7.267500e-09,3.197152e-03,3.453769e-02,2.500032e-02,4.399289e+05,4.752397e+06,3.440038e+06,-5.007942e-04,-5.392669e-03,-3.483658e-03,6.313070e-18,3,31977
0.000000e+00,1.753367e-07,-8.456678e-08,5.064731e-07,0.000000e+00,0.000000e+00,0.000000e+00,-2.297878e+07,8.375652e+06,-3.694899e+07,3.416633e-18,4,0
1.188864e-09,1.809226e-03,-7.909167e-04,2.500402e-03,1.522781e+06,-6.656950e+05,2.103870e+06,-6.446153e-01,2.757059e-01,-6.306111e-01,3.416633e-18,4,5231
1.188295e-08,1.809505e-02,-7.910378e-03,2.500043e-02,1.522901e+06,-6.657467e+05,2.103989e+06,-5.461335e-03,2.532696e-03,-7.828502e-03,3.416633e-18,4,52285
0.000000e+00,-1.366117e-07,8.283929e-08,5.621443e-07,0.000000e+00,0.000000e+00,0.000000e+00,9.902301e+06,-6.656171e+06,-3.713728e+07,3.196085e-18,5,0
1.024773e-09,-7.709479e-04,5.009168e-04,2.500315e-03,-7.528763e+05,4.891645e+05,2.441083e+06,4.695366e-01,-2.967120e-01,-1.163815e+00,3.196085e-18,5,4509
1.024136e-08,-7.710480e-03,5.009712e-03,2.500021e-02,-7.529522e+05,4.892124e+05,2.441272e+06,3.789990e-03,-2.804015e-03,-1.376016e-02,3.196085e-18,5,45062
0.000000e+00,6.235023e-08,-1.334008e-07,6.091635e-07,0.000000e+00,0.000000e+00,0.000000e+00,-6.255153e+06,1.303339e+07,-3.399498e+07,3.017274e-18,6,0
1.113409e-09,4.704145e-04,-9.875042e-04,2.500213e-03,4.228339e+05,-8.876216e+05,2.246775e+06,-2.535767e-01,5.227449e-01,-1.094360e+00,3.017274e-18,6,4899
1.112705e-08,4.704889e-03,-9.876585e-03,2.500020e-02,4.228784e+05,-8.877132e+05,2.246969e+06,-2.391367e-03,4.685522e-03,-1.257027e-02,3.017274e-18,6,48959
0.000000e+00,2.373346e-09,-2.767050e-07,4.544127e-07,0.000000e+00,0.000000e+00,0.000000e+00,-4.079529e+06,3.586894e+07,-3.397259e+07,3.418827e-18,7,0
1.287273e-09,2.788751e-04,-2.913887e-03,2.500216e-03,2.167389e+05,-2.264596e+06,1.942657e+06,-5.314552e-02,6.109423e-01,-3.663475e-01,3.418827e-18,7,5664
1.286909e-08,2.789209e-03,-2.914321e-02,2.500043e-02,2.167497e+05,-2.264720e+06,1.942732e+06,-4.372008e-04,5.081764e-03,-4.526864e-03,3.418827e-18,7,56624
0.000000e+00,1.767722e-08,-8.046976e-09,3.622276e-07,0.000000e+00,0.000000e+00,0.000000e+00,-6.312499e+06,-2.158618e+05,-7.384377e+07,4.993747e-18,8,0
6.338636e-10,1.975115e-04,3.042893e-05,2.500108e-03,3.117449e+05,4.807337e+04,3.945595e+06,-1.958428e-01,-5.757852e-02,-2.013526e+00,4.993747e-18,8,2789
6.336364e-09,1.975329e-03,3.045945e-04,2.500081e-02,3.117645e+05,4.807912e+04,3.945797e+06,-1.917624e-03,-2.627348e-04,-2.062278e-02,4.993747e-18,8,27880
0.000000e+00,-3.754638e-08,1.010772e-07,2.547240e-07,0.000000e+00,0.000000e+00,0.000000e+00,1.860931e+07,-5.216164e+07,-1.124548e+08,6.281998e-18,9,0
5.097727e-10,-4.185398e-04,1.174026e-03,2.500091e-03,-8.211471e+05,2.303375e+06,4.904860e+06,2.588199e-01,-7.366847e-01,-1.433506e+00,6.281998e-18,9,2243
5.097045e-09,-4.185445e-03,1.174046e-02,2.500046e-02,-8.211680e+05,2.303435e+06,4.904975e+06,2.584296e-03,-7.314533e-03,-1.445972e-02,6.281998e-18,9,22427
0.000000e+00,1.381189e-07,1.682266e-07,2.030107e-07,0.000000e+00,0.000000e+00,0.000000e+00,-5.917704e+07,-7.136940e+07,-6.806609e+07,5.748475e-18,10,0
8.440909e-10,2.218117e-03,2.674774e-03,2.500037e-03,2.628103e+06,3.169164e+06,2.961985e+06,-3.589356e-01,-4.323269e-01,-3.305058e-01,5.748475e-18,10,3714
8.440455e-09,2.218245e-02,2.674926e-02,2.500063e-02,2.628151e+06,3.169222e+06,2.962029e+06,-3.428580e-03,-4.127114e-03,-3.404579e-03,5.748475e-18,10,37138
0.000000e+00,-1.054137e-08,-5.031782e-08,1.663842e-07,0.000000e+00,0.000000e+00,0.000000e+00,1.834210e+07,9.839422e+07,-3.032061e+08,9.640332e-18,11,0
2.052273e-10,-1.513369e-04,-8.119957e-04,2.501248e-03,-7.373865e+05,-3.956470e+06,1.218732e+07,1.006420e-01,5.602917e-01,-1.652762e+00,9.640332e-18,11,903
2.051364e-09,-1.512658e-03,-8.116207e-03,2.500079e-02,-7.373897e+05,-3.956488e+06,1.218737e+07,1.009643e-03,5.588177e-03,-1.662864e-02,9.640332e-18,11,9026
0.000000e+00,2.290907e-09,-1.939023e-07,4.729297e-07,0.000000e+00,0.000000e+00,0.000000e+00,-8.811854e+05,2.716050e+07,-3.806396e+07,3.625853e-18,12,0
1.129773e-09,7.868389e-06,-1.902538e-03,2.500050e-03,6.974502e+03,-1.684986e+06,2.213635e+06,-2.333444e-02,7.085723e-01,-6.947322e-01,3.625853e-18,12,4971
1.129364e-08,7.879119e-05,-1.902957e-02,2.500018e-02,6.978613e+03,-1.685112e+06,2.213760e+06,-5.866067e-06,6.038515e-03,-8.368531e-03,3.625853e-18,12,49692
0.000000e+00,-2.853846e-07,4.218263e-08,3.930036e-07,0.000000e+00,0.000000e+00,0.000000e+00,4.276032e+07,-6.648278e+06,-3.530770e+07,3.686193e-18,13,0
1.314318e-09,-3.318697e-03,4.640610e-04,2.500014e-03,-2.525892e+06,3.531879e+05,1.902433e+06,5.317827e-01,-7.041735e-02,-2.819475e-01,3.686193e-18,13,5783
1.314114e-08,-3.319305e-02,4.641293e-03,2.500031e-02,-2.526002e+06,3.532025e+05,1.902492e+06,4.452340e-03,-6.225557e-04,-3.530485e-03,3.686193e-18,13,57821
0.000000e+00,-1.170942e-08,-1.047920e-07,4.443418e-07,0.000000e+00,0.000000e+00,0.000000e+00,6.236479e+05,1.233678e+07,-5.007751e+07,4.072092e-18,14,0
8.354545e-10,-6.880501e-05,-7.082956e-04,2.500217e-03,-8.242846e+04,-8.483786e+05,2.994206e+06,7.261145e-02,5.667031e-01,-1.683093e+00,4.072092e-18,14,3676
8.349545e-09,-6.882396e-04,-7.083555e-03,2.500033e-02,-8.243805e+04,-8.484534e+05,2.994428e+06,4.551312e-04,5.395282e-03,-1.756584e-02,4.072092e-18,14,36738
0.000000e+00,1.305152e-08,2.119294e-07,4.347540e-07,0.000000e+00,0.000000e+00,0.000000e+00,4.196047e+05,-3.594191e+07,-3.719992e+07,3.787603e-18,15,0
1.199091e-09,-5.744595e-05,2.540017e-03,2.500095e-03,-4.792569e+04,2.119321e+06,2.085510e+06,2.975038e-04,-6.857064e-01,-4.742965e-01,3.787603e-18,15,5276
1.198750e-08,-5.744884e-04,2.540527e-02,2.500023e-02,-4.792576e+04,2.119450e+06,2.085600e+06,1.935299e-04,-5.733089e-03,-5.749127e-03,3.787603e-18,15,52745
0.000000e+00,-1.852872e-07,-1.964832e-07,4.137407e-07,0.000000e+00,0.000000e+00,0.000000e+00,2.884655e+07,2.562714e+07,-3.686526e+07,3.656880e-18,16,0
1.230455e-09,-2.202216e-03,-1.976822e-03,2.500172e-03,-1.790515e+06,-1.607274e+06,2.032272e+06,4.880742e-01,4.596181e-01,-3.527143e-01,3.656880e-18,16,5414
1.230159e-08,-2.202612e-02,-1.977198e-02,2.500036e-02,-1.790609e+06,-1.607363e+06,2.032341e+06,3.927587e-03,3.405135e-03,-4.450413e-03,3.656880e-18,16,54127
0.000000e+00,-9.552065e-08,-5.483712e-08,5.705207e-07,0.000000e+00,0.000000e+00,0.000000e+00,1.447619e+07,-4.720675e+06,-4.070184e+07,3.250333e-18,17,0
9.150000e-10,-7.827264e-04,2.370698e-04,2.500334e-03,-8.559868e+05,2.593828e+05,2.734101e+06,5.164484e-01,-1.878634e-01,-1.541814e+00,3.250333e-18,17,4026
9.143864e-09,-7.827034e-03,2.371680e-03,2.500039e-02,-8.560614e+05,2.594100e+05,2.734324e+06,4.598263e-03,-1.901662e-03,-1.621856e-02,3.250333e-18,17,40233
0.000000e+00,1.353488e-07,-1.220410e-07,2.632178e-07,0.000000e+00,0.000000e+00,0.000000e+00,-4.375404e+07,5.063275e+07,-6.241557e+07,5.475280e-18,18,0
8.584091e-10,1.822133e-03,-2.084417e-03,2.500041e-03,2.123135e+06,-2.428764e+06,2.912784e+06,-4.696191e-01,5.242954e-01,-5.188397e-01,5.475280e-18,18,3777
8.582955e-09,1.822280e-02,-2.084597e-02,2.500043e-02,2.123199e+06,-2.428835e+06,2.912855e+06,-4.400086e-03,5.067624e-03,-5.526764e-03,5.475280e-18,18,37765
0.000000e+00,7.678531e-08,7.771496e-08,3.481595e-07,0.000000e+00,0.000000e+00,0.000000e+00,-2.253020e+07,-2.060026e+07,-6.563226e+07,4.918801e-18,19,0
7.170455e-10,8.889416e-04,8.398543e-04,2.500782e-03,1.240251e+06,1.171755e+06,3.488688e+06,-5.821244e-01,-5.385422e-01,-1.420759e+00,4.918801e-18,19,3155
7.166136e-09,8.887783e-03,8.396932e-03,2.500050e-02,1.240317e+06,1.171816e+06,3.488849e+06,-5.628626e-03,-5.130501e-03,-1.454097e-02,4.918801e-18,19,31531
0.000000e+00,-4.887309e-09,5.859410e-08,1.974406e-07,0.000000e+00,0.000000e+00,0.000000e+00,2.864660e+06,-6.994244e+07,-2.150193e+08,8.232796e-18,20,0
2.859091e-10,-3.315813e-05,8.145746e-04,2.500341e-03,-1.159632e+05,2.849086e+06,8.745182e+06,1.539396e-02,-5.847462e-01,-1.692787e+00,8.232796e-18,20,1258
2.858864e-09,-3.315278e-04,8.145199e-03,2.500146e-02,-1.159639e+05,2.849112e+06,8.745259e+06,2.150209e-04,-5.854757e-03,-1.697156e-02,8.232796e-18,20,12579
0.000000e+00,-2.540689e-08,8.976003e-08,5.496091e-07,0.000000e+00,0.000000e+00,0.000000e+00,3.543669e+06,-7.814123e+06,-3.813175e+07,3.372299e-18,21,0
1.005227e-09,-2.671093e-04,4.850881e-04,2.500492e-03,-2.659303e+05,4.829341e+05,2.488878e+06,1.692816e-01,-3.327588e-01,-1.334947e+00,3.372299e-18,21,4423
1.004477e-08,-2.671199e-03,4.850988e-03,2.500040e-02,-2.659571e+05,4.829868e+05,2.489090e+06,1.139418e-03,-2.456697e-03,-1.542037e-02,3.372299e-18,21,44197
0.000000e+00,2.198651e-07,1.757098e-07,4.380573e-07,0.000000e+00,0.000000e+00,0.000000e+00,-2.665085e+07,-2.064601e+07,-3.241433e+07,3.459282e-18,22,0
1.325455e-09,2.353477e-03,1.766527e-03,2.500185e-03,1.776433e+06,1.333375e+06,1.886713e+06,-4.919130e-01,-3.649462e-01,-3.581199e-01,3.459282e-18,22,5832
1.325068e-08,2.353886e-02,1.766808e-02,2.500041e-02,1.776536e+06,1.333451e+06,1.886789e+06,-4.229856e-03,-3.106840e-03,-4.383820e-03,3.459282e-18,22,58303
0.000000e+00,9.299279e-08,2.597625e-07,3.836122e-07,0.000000e+00,0.000000e+00,0.000000e+00,-1.396998e+07,-3.893082e+07,-3.734666e+07,3.788423e-18,23,0
1.242045e-09,1.013758e-03,2.880414e-03,2.500285e-03,8.164898e+05,2.319942e+06,2.013412e+06,-1.926309e-01,-5.585687e-01,-3.491733e-01,3.788423e-18,23,5465
1.241682e-08,1.013820e-02,2.880625e-02,2.500034e-02,8.165275e+05,2.320051e+06,2.013481e+06,-1.629668e-03,-4.741133e-03,-4.213436e-03,3.788423e-18,23,54634
0.000000e+00,-2.514062e-07,8.683571e-08,3.196168e-07,0.000000e+00,0.000000e+00,0.000000e+00,4.788683e+07,-1.777074e+07,-3.966028e+07,4.254464e-18,24,0
1.238182e-09,-3.291924e-03,1.240967e-03,2.500049e-03,-2.659448e+06,1.002559e+06,2.019412e+06,5.084553e-01,-1.976186e-01,-2.734774e-01,4.254464e-18,24,5448
1.237977e-08,-3.292332e-02,1.241143e-02,2.500000e-02,-2.659547e+06,1.002598e+06,2.019466e+06,4.300436e-03,-1.679576e-03,-3.179719e-03,4.254464e-18,24,54471
0.000000e+00,1.532347e-07,-1.168693e-07,3.837484e-07,0.000000e+00,0.000000e+00,0.000000e+00,-2.770294e+07,2.377439e+07,-4.946557e+07,4.239631e-18,25,0
9.297727e-10,1.511227e-03,-1.328296e-03,2.500381e-03,1.626069e+06,-1.429233e+06,2.690034e+06,-6.102136e-01,5.100999e-01,-8.523366e-01,4.239631e-18,25,4091
9.293636e-09,1.511207e-02,-1.328273e-02,2.500033e-02,1.626159e+06,-1.429308e+06,2.690160e+06,-5.740066e-03,4.918544e-03,-8.956456e-03,4.239631e-18,25,40892
0.000000e+00,2.413497e-07,-8.636832e-09,4.582072e-07,0.000000e+00,0.000000e+00,0.000000e+00,-3.021656e+07,1.973798e+06,-3.554533e+07,3.526408e-18,26,0
1.205909e-09,2.423079e-03,-1.744576e-04,2.500262e-03,2.010390e+06,-1.447545e+05,2.073947e+06,-6.855425e-01,4.489197e-02,-5.311047e-01,3.526408e-18,26,5306
1.205432e-08,2.423378e-02,-1.744890e-03,2.500020e-02,2.010520e+06,-1.447630e+05,2.074049e+06,-5.785913e-03,3.732837e-04,-6.210254e-03,3.526408e-18,26,53039
0.000000e+00,1.188511e-07,1.250790e-07,5.843665e-07,0.000000e+00,0.000000e+00,0.000000e+00,-1.120576e+07,-1.462551e+07,-3.595474e+07,3.065207e-18,27,0
1.025455e-09,7.941280e-04,1.035533e-03,2.500275e-03,7.749413e+05,1.010509e+06,2.439410e+06,-4.310932e-01,-5.342388e-01,-1.144849e+00,3.065207e-18,27,4512
1.024841e-08,7.941909e-03,1.035607e-02,2.500026e-02,7.750110e+05,1.010595e+06,2.439596e+06,-3.552356e-03,-4.225337e-03,-1.238761e-02,3.065207e-18,27,45093
0.000000e+00,2.616838e-07,-3.256379e-08,3.847322e-07,0.000000e+00,0.000000e+00,0.000000e+00,-4.033657e+07,2.967199e+06,-3.873231e+07,3.855235e-18,28,0
1.197045e-09,2.890477e-03,-2.152616e-04,2.500321e-03,2.415625e+06,-1.798821e+05,2.089176e+06,-6.405840e-01,4.419017e-02,-4.026606e-01,3.855235e-18,28,5267
1.196659e-08,2.890674e-02,-2.152584e-03,2.500047e-02,2.415746e+06,-1.798905e+05,2.089252e+06,-5.444594e-03,3.212011e-04,-4.674296e-03,3.855235e-18,28,52653
0.000000e+00,1.138677e-07,1.772331e-10,2.126425e-07,0.000000e+00,0.000000e+00,0.000000e+00,-8.850168e+07,-2.547521e+06,-1.422977e+08,7.088051e-18,29,0
4.227273e-10,1.563453e-03,4.559117e-05,2.500702e-03,3.698695e+06,1.078674e+05,5.915822e+06,-8.078940e-01,-3.032866e-02,-1.174128e+00,7.088051e-18,29,1860
4.226136e-09,1.563127e-02,4.558612e-04,2.500124e-02,3.698749e+06,1.078694e+05,5.915900e+06,-8.036836e-03,-2.910572e-04,-1.182204e-02,7.088051e-18,29,18595
0.000000e+00,-1.856058e-07,9.150512e-08,3.930671e-07,0.000000e+00,0.000000e+00,0.000000e+00,3.092171e+07,-1.580008e+07,-4.514163e+07,4.081105e-18,30,0
9.904545e-10,-1.952150e-03,9.615060e-04,2.500193e-03,-1.971824e+06,9.712214e+05,2.525020e+06,6.793149e-01,-3.586269e-01,-7.357440e-01,4.081105e-18,30,4358
9.900909e-09,-1.952278e-02,9.615943e-03,2.500012e-02,-1.971930e+06,9.712774e+05,2.525136e+06,5.951047e-03,-3.115223e-03,-7.845492e-03,4.081105e-18,30,43564
0.000000e+00,-1.534563e-07,9.419650e-08,1.676938e-07,0.000000e+00,0.000000e+00,0.000000e+00,1.119118e+08,-6.943086e+07,-1.009336e+08,6.889582e-18,31,0
5.981818e-10,-2.790039e-03,1.731250e-03,2.500444e-03,-4.664371e+06,2.894296e+06,4.180127e+06,4.989716e-01,-3.111810e-01,-3.878831e-01,6.889582e-18,31,2632
5.980682e-09,-2.789623e-02,1.730993e-02,2.500014e-02,-4.664418e+06,2.894325e+06,4.180163e+06,4.880487e-03,-3.032734e-03,-3.949029e-03,6.889582e-18,31,26315
0.000000e+00,-2.111838e-07,-9.441833e-08,2.132021e-07,0.000000e+00,0.000000e+00,0.000000e+00,7.819276e+07,3.388473e+07,-5.900329e+07,5.467630e-18,32,0
9.547727e-10,-3.410295e-03,-1.476792e-03,2.500567e-03,-3.572310e+06,-1.546947e+06,2.619198e+06,4.819194e-01,2.078962e-01,-2.784482e-01,5.467630e-18,32,4201
9.545000e-09,-3.409777e-02,-1.476564e-02,2.500037e-02,-3.572383e+06,-1.546978e+06,2.619240e+06,4.464714e-03,1.929933e-03,-2.928181e-03,5.467630e-18,32,41998
0.000000e+00,-2.399151e-07,-2.258119e-08,4.388281e-07,0.000000e+00,0.000000e+00,0.000000e+00,3.182423e+07,4.570271e+06,-3.666954e+07,3.646333e-18,33,0
1.251364e-09,-2.496340e-03,-2.352816e-04,2.500194e-03,-1.995907e+06,-1.880523e+05,1.998505e+06,6.499307e-01,3.236179e-02,-4.638872e-01,3.646333e-18,33,5506
1.250932e-08,-2.496736e-02,-2.352425e-03,2.500013e-02,-1.996035e+06,-1.880586e+05,1.998597e+06,5.479124e-03,2.824539e-04,-5.786506e-03,3.646333e-18,33,55041
0.000000e+00,2.449767e-07,4.921399e-08,5.371432e-07,0.000000e+00,0.000000e+00,0.000000e+00,-2.354055e+07,-5.362387e+06,-3.313048e+07,3.096424e-18,34,0
1.148409e-09,1.931257e-03,3.937346e-04,2.500326e-03,1.682672e+06,3.430521e+05,2.178010e+06,-7.036476e-01,-1.483428e-01,-7.178164e-01,3.096424e-18,34,5053
1.147841e-08,1.931435e-02,3.937692e-03,2.500028e-02,1.682800e+06,3.430789e+05,2.178141e+06,-5.547791e-03,-1.583737e-03,-8.243945e-03,3.096424e-18,34,50505
0.000000e+00,-1.088797e-07,5.583834e-08,5.207062e-07,0.000000e+00,0.000000e+00,0.000000e+00,2.009906e+07,-5.711391e+06,-4.604502e+07,3.503659e-18,35,0
8.688636e-10,-1.050220e-03,3.495124e-04,2.500019e-03,-1.209453e+06,4.025549e+05,2.878679e+06,6.717771e-01,-2.794396e-01,-1.480563e+00,3.503659e-18,35,3823
8.684545e-09,-1.050351e-02,3.496001e-03,2.500017e-02,-1.209545e+06,4.025932e+05,2.878883e+06,6.421657e-03,-2.787085e-03,-1.529275e-02,3.503659e-18,35,38212
0.000000e+00,-1.036804e-07,-1.680132e-08,3.616212e-07,0.000000e+00,0.000000e+00,0.000000e+00,1.584109e+07,2.304188e+06,-6.381841e+07,4.804744e-18,36,0
7.168182e-10,-6.896531e-04,-1.646942e-04,2.500662e-03,-9.626189e+05,-2.298585e+05,3.489832e+06,6.351658e-01,8.848974e-02,-1.622586e+00,4.804744e-18,36,3154
7.163864e-09,-6.896084e-03,-1.646656e-03,2.500075e-02,-9.626907e+05,-2.298685e+05,3.490016e+06,5.168717e-03,1.152086e-03,-1.797724e-02,4.804744e-18,36,31521
0.000000e+00,-2.144407e-08,-2.097344e-07,2.527464e-07,0.000000e+00,0.000000e+00,0.000000e+00,7.514212e+06,7.424386e+07,-6.117982e+07,5.297440e-18,37,0
9.020455e-10,-3.179351e-04,-3.146803e-03,2.500608e-03,-3.525211e+05,-3.489135e+06,2.772403e+06,6.286863e-02,6.283422e-01,-3.883363e-01,5.297440e-18,37,3969
9.017500e-09,-3.178864e-03,-3.146332e-02,2.500029e-02,-3.525301e+05,-3.489225e+06,2.772458e+06,6.046963e-04,5.877688e-03,-4.134141e-03,5.297440e-18,37,39677
0.000000e+00,-1.674196e-08,2.546098e-07,4.654654e-07,0.000000e+00,0.000000e+00,0.000000e+00,1.633410e+05,-2.740728e+07,-2.994841e+07,3.444166e-18,38,0
1.328636e-09,-7.888631e-05,2.548416e-03,2.500261e-03,-5.941565e+04,1.919130e+06,1.882408e+06,2.379933e-02,-6.203253e-01,-4.413000e-01,3.444166e-18,38,5846
1.328091e-08,-7.890878e-04,2.548767e-02,2.500023e-02,-5.942063e+04,1.919260e+06,1.882502e+06,1.937340e-04,-5.550133e-03,-5.514955e-03,3.444166e-18,38,58436
0.000000e+00,-2.907804e-08,-1.173325e-07,5.146633e-07,0.000000e+00,0.000000e+00,0.000000e+00,4.950628e+06,1.311394e+07,-4.434781e+07,3.558759e-18,39,0
9.179545e-10,-2.588842e-04,-7.712249e-04,2.500519e-03,-2.822275e+05,-8.407425e+05,2.725508e+06,1.867351e-01,5.447245e-01,-1.530284e+00,3.558759e-18,39,4039
9.172727e-09,-2.588793e-03,-7.711902e-03,2.500048e-02,-2.822546e+05,-8.408214e+05,2.725730e+06,1.810533e-03,4.924997e-03,-1.615998e-02,3.558759e-18,39,40360
0.000000e+00,1.651406e-07,2.922695e-08,2.004758e-07,0.000000e+00,0.000000e+00,0.000000e+00,-1.000945e+08,-1.892317e+07,-1.012980e+08,6.531867e-18,40,0
5.847727e-10,2.494223e-03,4.710970e-04,2.500838e-03,4.265603e+06,8.056688e+05,4.276783e+06,-7.157931e-01,-1.335284e-01,-6.302998e-01,6.531867e-18,40,2573
5.845682e-09,2.493546e-02,4.709701e-03,2.500086e-02,4.265670e+06,8.056811e+05,4.276841e+06,-7.054030e-03,-1.335301e-03,-6.368386e-03,6.531867e-18,40,25721
0.000000e+00,-2.190636e-07,7.478260e-08,3.943520e-07,0.000000e+00,0.000000e+00,0.000000e+00,3.383467e+07,-1.421606e+07,-4.133565e+07,3.958814e-18,41,0
1.086818e-09,-2.226873e-03,9.190385e-04,2.500048e-03,-2.049883e+06,8.460147e+05,2.300968e+06,6.688132e-01,-2.823419e-01,-5.902487e-01,3.958814e-18,41,4782
1.086500e-08,-2.227193e-02,9.191916e-03,2.500015e-02,-2.049997e+06,8.460631e+05,2.301069e+06,5.760063e-03,-2.541077e-03,-6.684289e-03,3.958814e-18,41,47806
0.000000e+00,-2.011181e-08,9.212173e-08,6.719002e-07,0.000000e+00,0.000000e+00,0.000000e+00,4.135691e+06,-7.626981e+06,-3.611218e+07,2.756513e-18,42,0
9.356818e-10,-2.582712e-04,5.966662e-04,2.500339e-03,-2.762546e+05,6.381864e+05,2.673714e+06,1.886370e-01,-4.421552e-01,-1.575060e+00,2.756513e-18,42,4117
9.350227e-09,-2.583022e-03,5.967170e-03,2.500005e-02,-2.762825e+05,6.382517e+05,2.673947e+06,1.895380e-03,-4.145262e-03,-1.691955e-02,2.756513e-18,42,41141
0.000000e+00,-9.241875e-08,-6.646901e-08,5.656934e-07,0.000000e+00,0.000000e+00,0.000000e+00,1.056133e+07,1.184529e+07,-3.411728e+07,3.274189e-18,43,0
1.223182e-09,-1.021670e-03,-1.139555e-03,2.500141e-03,-8.359500e+05,-9.324271e+05,2.045043e+06,4.329482e-01,4.811073e-01,-8.483330e-01,3.274189e-18,43,5382
1.222477e-08,-1.021921e-02,-1.139858e-02,2.500036e-02,-8.360335e+05,-9.325198e+05,2.045207e+06,4.009434e-03,4.458532e-03,-9.955915e-03,3.274189e-18,43,53789
0.000000e+00,1.398113e-07,-1.266479e-07,4.351610e-07,0.000000e+00,0.000000e+00,0.000000e+00,-2.129451e+07,2.505123e+07,-4.283697e+07,3.885085e-18,44,0
1.036818e-09,1.409261e-03,-1.568954e-03,2.500296e-03,1.359873e+06,-1.513986e+06,2.412216e+06,-4.985446e-01,5.600216e-01,-7.079311e-01,3.885085e-18,44,4562
1.036386e-08,1.409348e-02,-1.569068e-02,2.500004e-02,1.359954e+06,-1.514078e+06,2.412333e+06,-4.507378e-03,4.979249e-03,-7.932597e-03,3.885085e-18,44,45601
0.000000e+00,-9.684459e-08,-2.165546e-07,5.246853e-07,0.000000e+00,0.000000e+00,0.000000e+00,1.327311e+07,2.561556e+07,-3.701616e+07,3.210367e-18,45,0
1.096818e-09,-9.381399e-04,-1.853010e-03,2.500474e-03,-8.558185e+05,-1.690367e+06,2.280509e+06,3.607076e-01,6.861394e-01,-7.300737e-01,3.210367e-18,45,4826
1.096250e-08,-9.381883e-03,-1.853060e-02,2.500028e-02,-8.558808e+05,-1.690485e+06,2.280636e+06,2.955975e-03,5.548577e-03,-8.124459e-03,3.210367e-18,45,48235
0.000000e+00,-1.262389e-07,-1.656337e-07,6.023430e-07,0.000000e+00,0.000000e+00,0.000000e+00,1.336959e+07,1.940818e+07,-3.533047e+07,2.912064e-18,46,0
1.060682e-09,-9.561159e-04,-1.375344e-03,2.500165e-03,-9.019341e+05,-1.297398e+06,2.358036e+06,4.107012e-01,5.801251e-01,-8.945447e-01,2.912064e-18,46,4667
1.060205e-08,-9.562340e-03,-1.375505e-02,2.500023e-02,-9.020027e+05,-1.297495e+06,2.358187e+06,3.045617e-03,4.585900e-03,-1.006375e-02,2.912064e-18,46,46649
0.000000e+00,3.119779e-08,-8.373317e-08,4.378134e-07,0.000000e+00,0.000000e+00,0.000000e+00,-3.667232e+06,1.291895e+07,-5.238921e+07,4.153330e-18,47,0
8.047727e-10,1.653746e-04,-7.113933e-04,2.500079e-03,2.056076e+05,-8.845648e+05,3.108063e+06,-1.333898e-01,5.789984e-01,-1.692755e+00,4.153330e-18,47,3541
8.043636e-09,1.653841e-03,-7.115078e-03,2.500021e-02,2.056245e+05,-8.846383e+05,3.108279e+06,-1.465679e-03,5.609012e-03,-1.765145e-02,4.153330e-18,47,35392
0.000000e+00,8.809855e-08,-1.805237e-07,5.458378e-07,0.000000e+00,0.000000e+00,0.000000e+00,-1.149301e+07,2.198377e+07,-3.476169e+07,3.201884e-18,48,0
1.144091e-09,8.529368e-04,-1.904914e-03,2.500364e-03,7.459379e+05,-1.666019e+06,2.186177e+06,-2.927473e-01,6.687961e-01,-6.753121e-01,3.201884e-18,48,5034
1.143545e-08,8.530105e-03,-1.905155e-02,2.500015e-02,7.459906e+05,-1.666140e+06,2.186300e+06,-2.399565e-03,5.425778e-03,-7.878164e-03,3.201884e-18,48,50316
0.000000e+00,-2.433998e-07,-2.598468e-08,4.758654e-07,0.000000e+00,0.000000e+00,0.000000e+00,3.172074e+07,4.829546e+06,-3.532989e+07,3.427149e-18,49,0
1.115682e-09,-2.207122e-03,-2.762923e-04,2.500231e-03,-1.979272e+06,-2.477608e+05,2.241688e+06,7.331937e-01,8.938076e-02,-6.370839e-01,3.427149e-18,49,4909
1.115227e-08,-2.207334e-02,-2.763097e-03,2.500007e-02,-1.979401e+06,-2.477765e+05,2.241801e+06,6.361281e-03,6.875716e-04,-7.288300e-03,3.427149e-18,49,49070
0.000000e+00,2.013258e-07,1.671343e-08,4.209635e-07,0.000000e+00,0.000000e+00,0.000000e+00,-2.148092e+07,-5.864450e+06,-4.347907e+07,3.910106e-18,50,0
9.704545e-10,1.520796e-03,3.334446e-04,2.500377e-03,1.568136e+06,3.438551e+05,2.577651e+06,-8.342948e-01,-2.018654e-01,-1.078604e+00,3.910106e-18,50,4270
9.698864e-09,1.520905e-02,3.334976e-03,2.500037e-02,1.568264e+06,3.438860e+05,2.577817e+06,-7.450140e-03,-1.630430e-03,-1.143448e-02,3.910106e-18,50,42675
0.000000e+00,-1.574178e-09,1.185822e-07,5.045727e-07,0.000000e+00,0.000000e+00,0.000000e+00,-6.054175e+05,-1.303297e+07,-4.171009e+07,3.602868e-18,51,0
9.747727e-10,5.211932e-05,9.067963e-04,2.500400e-03,5.358016e+04,9.309841e+05,2.566467e+06,-7.553738e-02,-6.004237e-01,-1.317444e+00,3.602868e-18,51,4289
9.741136e-09,5.219067e-04,9.068811e-03,2.500045e-02,5.359175e+04,9.310764e+05,2.566670e+06,-4.133176e-04,-4.801223e-03,-1.453788e-02,3.602868e-18,51,42861
0.000000e+00,-1.842615e-07,4.597077e-09,4.097095e-07,0.000000e+00,0.000000e+00,0.000000e+00,2.884795e+07,-3.736758e+05,-4.733505e+07,4.061722e-18,52,0
9.097727e-10,-1.581897e-03,1.107659e-04,2.500374e-03,-1.739696e+06,1.218284e+05,2.749408e+06,8.225346e-01,-4.799360e-02,-1.089635e+00,4.061722e-18,52,4003
9.092955e-09,-1.581894e-02,1.107756e-03,2.500034e-02,-1.739814e+06,1.218353e+05,2.749565e+06,7.618715e-03,-5.676794e-04,-1.146394e-02,4.061722e-18,52,40009
0.000000e+00,-2.286724e-07,-1.613449e-07,3.433903e-07,0.000000e+00,0.000000e+00,0.000000e+00,3.678446e+07,3.130612e+07,-3.791044e+07,4.012191e-18,53,0
1.275000e-09,-2.662191e-03,-2.221574e-03,2.500417e-03,-2.088656e+06,-1.742956e+06,1.961392e+06,4.316624e-01,3.433656e-01,-2.690845e-01,4.012191e-18,53,5610
1.274614e-08,-2.662227e-02,-2.221592e-02,2.500032e-02,-2.088742e+06,-1.743025e+06,1.961446e+06,3.555845e-03,2.941965e-03,-3.226163e-03,4.012191e-18,53,56083
0.000000e+00,-1.634330e-07,1.309848e-07,3.492881e-07,0.000000e+00,0.000000e+00,0.000000e+00,3.284382e+07,-2.853999e+07,-4.775600e+07,4.400377e-18,54,0
9.906818e-10,-1.857413e-03,1.622118e-03,2.500218e-03,-1.875574e+06,1.638011e+06,2.524307e+06,5.627129e-01,-5.069686e-01,-6.003454e-01,4.400377e-18,54,4359
9.903864e-09,-1.857540e-02,1.622259e-02,2.500052e-02,-1.875662e+06,1.638090e+06,2.524402e+06,4.901604e-03,-4.419401e-03,-6.474578e-03,4.400377e-18,54,43577
0.000000e+00,9.859173e-08,-1.242885e-07,2.465983e-07,0.000000e+00,0.000000e+00,0.000000e+00,-4.344694e+07,5.350483e+07,-8.714517e+07,5.929821e-18,55,0
6.429545e-10,1.271904e-03,-1.561271e-03,2.500812e-03,1.978560e+06,-2.428678e+06,3.890034e+06,-5.285473e-01,6.332885e-01,-9.119610e-01,5.929821e-18,55,2829
6.426818e-09,1.271588e-02,-1.560872e-02,2.500068e-02,1.978613e+06,-2.428742e+06,3.890126e+06,-5.152278e-03,6.220506e-03,-9.239832e-03,5.929821e-18,55,28278
0.000000e+00,9.146589e-08,-1.488502e-07,6.158902e-07,0.000000e+00,0.000000e+00,0.000000e+00,-1.111502e+07,2.044454e+07,-3.535363e+07,2.930877e-18,56,0
1.209091e-09,9.709696e-04,-1.848502e-03,2.500148e-03,8.035625e+05,-1.529738e+06,2.068396e+06,-3.189098e-01,5.721788e-01,-6.053759e-01,2.930877e-18,56,5320
1.208659e-08,9.712269e-03,-1.848921e-02,2.500017e-02,8.036232e+05,-1.529847e+06,2.068512e+06,-2.672682e-03,5.068694e-03,-7.429982e-03,2.930877e-18,56,53181
0.000000e+00,-1.890703e-07,1.562115e-07,5.010384e-07,0.000000e+00,0.000000e+00,0.000000e+00,2.472415e+07,-2.264267e+07,-3.694823e+07,3.301271e-18,57,0
1.125455e-09,-1.748151e-03,1.595993e-03,2.500414e-03,-1.554007e+06,1.418750e+06,2.222288e+06,5.278236e-01,-4.743824e-01,-5.943999e-01,3.301271e-18,57,4952
1.124977e-08,-1.748220e-02,1.596057e-02,2.500045e-02,-1.554101e+06,1.418834e+06,2.222394e+06,4.608985e-03,-4.062070e-03,-6.710969e-03,3.301271e-18,57,49499
0.000000e+00,-2.737454e-07,9.186431e-08,4.187130e-07,0.000000e+00,0.000000e+00,0.000000e+00,3.441431e+07,-1.310505e+07,-3.763422e+07,3.542878e-18,58,0
1.194773e-09,-2.567544e-03,9.333900e-04,2.500086e-03,-2.149877e+06,7.815599e+05,2.092981e+06,6.169207e-01,-2.291243e-01,-4.344267e-01,3.542878e-18,58,5257
1.194477e-08,-2.567976e-02,9.335543e-03,2.500036e-02,-2.149993e+06,7.816030e+05,2.093063e+06,5.112519e-03,-1.959366e-03,-5.153241e-03,3.542878e-18,58,52557
0.000000e+00,-1.620962e-07,-2.125190e-07,3.045596e-07,0.000000e+00,0.000000e+00,0.000000e+00,3.428052e+07,4.261782e+07,-4.169248e+07,4.350975e-18,59,0
1.202955e-09,-2.208128e-03,-2.745585e-03,2.500330e-03,-1.836092e+06,-2.282986e+06,2.078774e+06,3.469046e-01,4.308327e-01,-2.836364e-01,4.350975e-18,59,5293
1.202636e-08,-2.208149e-02,-2.745601e-02,2.500024e-02,-1.836157e+06,-2.283068e+06,2.078829e+06,2.895800e-03,3.730109e-03,-3.196299e-03,4.350975e-18,59,52916
0.000000e+00,-1.063489e-07,1.342704e-07,5.884182e-07,0.000000e+00,0.000000e+00,0.000000e+00,1.101078e+07,-1.222671e+07,-3.736677e+07,3.038444e-18,60,0
9.922727e-10,-7.693883e-04,8.989482e-04,2.500059e-03,-7.758628e+05,9.066331e+05,2.520703e+06,4.029585e-01,-5.665174e-01,-1.177079e+00,3.038444e-18,60,4366
9.917955e-09,-7.694959e-03,8.991922e-03,2.500042e-02,-7.759259e+05,9.067218e+05,2.520888e+06,3.560480e-03,-4.678296e-03,-1.310829e-02,3.038444e-18,60,43639
0.000000e+00,-2.427305e-07,-1.417679e-08,2.990110e-07,0.000000e+00,0.000000e+00,0.000000e+00,5.876240e+07,8.435442e+06,-4.657772e+07,4.588041e-18,61,0
1.097500e-09,-3.322973e-03,-4.667361e-04,2.500285e-03,-3.028515e+06,-4.253951e+05,2.278458e+06,5.795129e-01,8.307183e-02,-3.296219e-01,4.588041e-18,61,4829
1.097227e-08,-3.322969e-02,-4.667533e-03,2.500001e-02,-3.028615e+06,-4.254094e+05,2.278515e+06,5.026634e-03,7.310879e-04,-3.677129e-03,4.588041e-18,61,48278
0.000000e+00,7.112434e-08,1.776647e-07,1.890308e-07,0.000000e+00,0.000000e+00,0.000000e+00,-4.067920e+07,-1.000913e+08,-8.673578e+07,6.333847e-18,62,0
6.815909e-10,1.186240e-03,2.917630e-03,2.500078e-03,1.740525e+06,4.280921e+06,3.668139e+06,-2.329588e-01,-5.700946e-01,-4.164251e-01,6.333847e-18,62,2999
6.815455e-09,1.186251e-02,2.917653e-02,2.500017e-02,1.740550e+06,4.280983e+06,3.668184e+06,-2.269300e-03,-5.556876e-03,-4.254518e-03,6.333847e-18,62,29988
0.000000e+00,2.772375e-07,5.516914e-08,4.751839e-07,0.000000e+00,0.000000e+00,0.000000e+00,-3.365030e+07,-3.510824e+06,-3.542870e+07,3.288682e-18,63,0
1.196364e-09,2.502639e-03,3.512110e-04,2.500141e-03,2.092993e+06,2.937650e+05,2.090398e+06,-7.532070e-01,-1.232851e-01,-5.531371e-01,3.288682e-18,63,5264
1.195955e-08,2.503117e-02,3.513264e-03,2.500041e-02,2.093135e+06,2.937882e+05,2.090503e+06,-6.498371e-03,-1.116009e-03,-6.271286e-03,3.288682e-18,63,52622
0.000000e+00,-5.378867e-08,-9.105924e-08,1.544149e-07,0.000000e+00,0.000000e+00,0.000000e+00,8.217656e+07,1.440230e+08,-2.208186e+08,8.973357e-18,64,0
2.809091e-10,-9.316236e-04,-1.632831e-03,2.501445e-03,-3.316410e+06,-5.812593e+06,8.904632e+06,3.823675e-01,6.727596e-01,-9.680902e-01,8.973357e-18,64,1236
2.807727e-09,-9.311625e-03,-1.632026e-02,2.500192e-02,-3.316427e+06,-5.812623e+06,8.904675e+06,3.806766e-03,6.711698e-03,-9.728792e-03,8.973357e-18,64,12354
0.000000e+00,-1.943397e-07,3.720151e-08,5.218656e-07,0.000000e+00,0.000000e+00,0.000000e+00,2.237281e+07,-4.237505e+06,-3.814479e+07,3.318841e-18,65,0
1.024545e-09,-1.610154e-03,3.234835e-04,2.500463e-03,-1.572548e+06,3.159370e+05,2.441562e+06,7.518679e-01,-1.525935e-01,-9.604418e-01,3.318841e-18,65,4508
1.023932e-08,-1.610175e-02,3.234959e-03,2.500009e-02,-1.572669e+06,3.159617e+05,2.441718e+06,6.380558e-03,-1.632657e-03,-1.066245e-02,3.318841e-18,65,45053
0.000000e+00,1.158296e-07,1.903399e-07,5.002729e-07,0.000000e+00,0.000000e+00,0.000000e+00,-1.281661e+07,-2.067259e+07,-3.610858e+07,3.358324e-18,66,0
1.120000e-09,9.834423e-04,1.609780e-03,2.500327e-03,8.786099e+05,1.438147e+06,2.233259e+06,-3.834454e-01,-6.042877e-01,-7.446575e-01,3.358324e-18,66,4928
1.119455e-08,9.835603e-03,1.609935e-02,2.500049e-02,8.786775e+05,1.438254e+06,2.233391e+06,-2.841353e-03,-5.176832e-03,-8.545646e-03,3.358324e-18,66,49256
0.000000e+00,-1.677519e-08,2.305363e-07,4.461594e-07,0.000000e+00,0.000000e+00,0.000000e+00,-6.930866e+05,-3.454425e+07,-3.885195e+07,3.645032e-18,67,0
1.070682e-09,-5.882442e-05,2.249545e-03,2.500374e-03,-5.493634e+04,2.101991e+06,2.336013e+06,-6.577674e-03,-7.213217e-01,-6.688270e-01,3.645032e-18,67,4711
1.070205e-08,-5.879274e-04,2.249556e-02,2.500026e-02,-5.493523e+04,2.102113e+06,2.336126e+06,1.670529e-04,-6.454871e-03,-7.391206e-03,3.645032e-18,67,47089
0.000000e+00,-2.517858e-07,9.979852e-09,4.084881e-07,0.000000e+00,0.000000e+00,0.000000e+00,3.620561e+07,6.460534e+06,-4.187915e+07,3.785299e-18,68,0
1.066591e-09,-2.373005e-03,-2.935202e-04,2.500207e-03,-2.225808e+06,-2.753398e+05,2.344696e+06,7.356328e-01,9.646262e-02,-5.815039e-01,3.785299e-18,68,4693
1.066250e-08,-2.373264e-02,-2.935785e-03,2.500048e-02,-2.225932e+06,-2.753560e+05,2.344795e+06,6.534405e-03,7.050436e-04,-6.669099e-03,3.785299e-18,68,46915
0.000000e+00,-1.431130e-07,-1.853785e-07,5.495999e-07,0.000000e+00,0.000000e+00,0.000000e+00,1.472167e+07,1.913382e+07,-3.443484e+07,3.090966e-18,69,0
1.102727e-09,-1.173763e-03,-1.380881e-03,2.500512e-03,-1.065095e+06,-1.252960e+06,2.268352e+06,4.834292e-01,5.512110e-01,-7.539182e-01,3.090966e-18,69,4852
1.102114e-08,-1.173850e-02,-1.380904e-02,2.500003e-02,-1.065179e+06,-1.253056e+06,2.268484e+06,3.889241e-03,4.647923e-03,-8.876192e-03,3.090966e-18,69,48493
0.000000e+00,-3.069618e-08,6.617654e-08,1.828908e-07,0.000000e+00,0.000000e+00,0.000000e+00,4.107585e+07,-9.017873e+07,-2.272473e+08,8.578346e-18,70,0
2.718182e-10,-4.525817e-04,9.936587e-04,2.501185e-03,-1.665006e+06,3.655584e+06,9.201546e+06,2.865093e-01,-6.314883e-01,-1.499429e+00,8.578346e-18,70,1196
2.717045e-09,-4.523925e-03,9.932447e-03,2.500119e-02,-1.665019e+06,3.655611e+06,9.201610e+06,2.880617e-03,-6.297407e-03,-1.503487e-02,8.578346e-18,70,11955
0.000000e+00,1.877183e-07,4.571375e-08,3.386430e-07,0.000000e+00,0.000000e+00,0.000000e+00,-3.914268e+07,-1.460415e+07,-5.428221e+07,4.575243e-18,71,0
8.822727e-10,1.938613e-03,7.276517e-04,2.500061e-03,2.198107e+06,8.250907e+05,2.834374e+06,-7.647154e-01,-2.968267e-01,-8.150950e-01,4.575243e-18,71,3882
8.820455e-09,1.938829e-02,7.277644e-03,2.500058e-02,2.198214e+06,8.251321e+05,2.834488e+06,-7.126470e-03,-2.855527e-03,-8.512855e-03,4.575243e-18,71,38810
0.000000e+00,-2.834012e-08,-1.278024e-07,4.287175e-07,0.000000e+00,0.000000e+00,0.000000e+00,8.698791e+06,2.502048e+07,-4.169960e+07,4.124282e-18,72,0
1.028864e-09,-5.866274e-04,-1.661340e-03,2.500201e-03,-5.706299e+05,-1.615697e+06,2.430957e+06,3.308183e-01,7.142099e-01,-8.407869e-01,4.124282e-18,72,4527
1.028409e-08,-5.868348e-03,-1.661587e-02,2.500031e-02,-5.706835e+05,-1.615813e+06,2.431095e+06,2.211523e-03,6.298729e-03,-9.931992e-03,4.124282e-18,72,45250
0.000000e+00,2.049829e-07,-1.163470e-07,2.778863e-07,0.000000e+00,0.000000e+00,0.000000e+00,-5.091510e+07,2.941557e+07,-5.270018e+07,4.833202e-18,73,0
9.815909e-10,2.550929e-03,-1.478449e-03,2.500262e-03,2.599427e+06,-1.506565e+06,2.547549e+06,-5.820044e-01,3.418623e-01,-4.533319e-01,4.833202e-18,73,4319
9.813409e-09,2.550926e-02,-1.478455e-02,2.500027e-02,2.599517e+06,-1.506618e+06,2.547620e+06,-5.274076e-03,3.105690e-03,-4.822049e-03,4.833202e-18,73,43179
0.000000e+00,2.707551e-07,9.769022e-09,3.382269e-07,0.000000e+00,0.000000e+00,0.000000e+00,-4.854362e+07,-4.997563e+06,-4.084653e+07,4.101104e-18,74,0
1.172045e-09,3.228889e-03,5.040692e-04,2.500458e-03,2.755731e+06,4.302914e+05,2.133756e+06,-5.718872e-01,-1.153487e-01,-3.390509e-01,4.101104e-18,74,5157
1.171636e-08,3.228712e-02,5.041385e-03,2.500001e-02,2.755837e+06,4.303127e+05,2.133819e+06,-4.948927e-03,-8.715366e-04,-3.797837e-03,4.101104e-18,74,51552
0.000000e+00,-1.825458e-08,-1.665097e-07,4.732591e-07,0.000000e+00,0.000000e+00,0.000000e+00,2.339426e+06,2.653789e+07,-3.859217e+07,3.709033e-18,75,0
1.089091e-09,-1.244351e-04,-1.866932e-03,2.500193e-03,-1.142880e+05,-1.715287e+06,2.296539e+06,4.316371e-02,7.716494e-01,-8.014299e-01,3.709033e-18,75,4792
1.088591e-08,-1.244154e-03,-1.867236e-02,2.500008e-02,-1.142954e+05,-1.715419e+06,2.296677e+06,5.898282e-04,6.338866e-03,-9.072971e-03,3.709033e-18,75,47898
0.000000e+00,1.547915e-07,-9.742771e-08,2.195111e-07,0.000000e+00,0.000000e+00,0.000000e+00,-7.457645e+07,4.538034e+07,-8.088963e+07,6.029508e-18,76,0
7.093182e-10,2.347298e-03,-1.426811e-03,2.500427e-03,3.309646e+06,-2.011767e+06,3.525376e+06,-6.091178e-01,3.656797e-01,-5.505443e-01,6.029508e-18,76,3121
7.091591e-09,2.347072e-02,-1.426667e-02,2.500066e-02,3.309714e+06,-2.011808e+06,3.525438e+06,-5.890617e-03,3.576076e-03,-5.607113e-03,6.029508e-18,76,31203
0.000000e+00,2.751353e-08,1.605552e-07,5.691207e-07,0.000000e+00,0.000000e+00,0.000000e+00,-2.110917e+06,-2.110447e+07,-3.505285e+07,3.164037e-18,77,0
1.096591e-09,1.785672e-04,1.528619e-03,2.500250e-03,1.629143e+05,1.394886e+06,2.280940e+06,-5.301382e-02,-6.668702e-01,-8.713906e-01,3.164037e-18,77,4825
1.096045e-08,1.785607e-03,1.528853e-02,2.500037e-02,1.629235e+05,1.395002e+06,2.281092e+06,-5.566543e-04,-5.662039e-03,-1.046560e-02,3.164037e-18,77,48226
0.000000e+00,-5.459222e-08,-9.903021e-08,5.897671e-07,0.000000e+00,0.000000e+00,0.000000e+00,4.413410e+06,9.913491e+06,-3.632812e+07,3.152374e-18,78,0
1.019545e-09,-2.810014e-04,-7.849810e-04,2.500311e-03,-2.758103e+05,-7.705626e+05,2.453664e+06,1.713850e-01,4.848550e-01,-1.242015e+00,3.152374e-18,78,4486
1.018886e-08,-2.810203e-03,-7.851107e-03,2.500025e-02,-2.758378e+05,-7.706405e+05,2.453864e+06,1.330096e-03,4.292499e-03,-1.419979e-02,3.152374e-18,78,44831
0.000000e+00,9.342603e-08,1.621593e-07,5.648885e-07,0.000000e+00,0.000000e+00,0.000000e+00,-9.231948e+06,-1.840317e+07,-3.509074e+07,3.124082e-18,79,0
1.046364e-09,7.283088e-04,1.348975e-03,2.500007e-03,6.965922e+05,1.289995e+06,2.390259e+06,-4.162074e-01,-6.102077e-01,-9.745672e-01,3.124082e-18,79,4604
1.045909e-08,7.285677e-03,1.349213e-02,2.500011e-02,6.966609e+05,1.290096e+06,2.390420e+06,-2.814494e-03,-5.279496e-03,-1.071978e-02,3.124082e-18,79,46020
0.000000e+00,-3.180078e-08,-1.124152e-07,4.931168e-07,0.000000e+00,0.000000e+00,0.000000e+00,5.911335e+06,1.250115e+07,-4.138475e+07,3.701571e-18,80,0
1.008409e-09,-3.473744e-04,-9.391265e-04,2.500395e-03,-3.447311e+05,-9.319620e+05,2.480812e+06,2.023733e-01,5.205312e-01,-1.214868e+00,3.701571e-18,80,4437
1.007750e-08,-3.474014e-03,-9.391796e-03,2.500055e-02,-3.447632e+05,-9.320447e+05,2.481006e+06,1.243804e-03,4.609436e-03,-1.353834e-02,3.701571e-18,80,44341
0.000000e+00,1.426782e-07,-1.169166e-07,5.145628e-07,0.000000e+00,0.000000e+00,0.000000e+00,-2.004617e+07,1.612458e+07,-3.572572e+07,3.407757e-18,81,0
1.151818e-09,1.586473e-03,-1.290928e-03,2.500002e-03,1.378155e+06,-1.121496e+06,2.171189e+06,-5.322196e-01,4.796879e-01,-6.542038e-01,3.407757e-18,81,5068
1.151455e-08,1.586875e-02,-1.291343e-02,2.500046e-02,1.378252e+06,-1.121583e+06,2.171309e+06,-4.375412e-03,3.995430e-03,-7.737067e-03,3.407757e-18,81,50664
0.000000e+00,-1.478791e-08,-3.976955e-08,3.732054e-07,0.000000e+00,0.000000e+00,0.000000e+00,4.720369e+06,1.561901e+07,-7.300987e+07,4.850573e-18,82,0
6.436364e-10,-1.807170e-04,-5.225724e-04,2.500501e-03,-2.809116e+05,-8.122428e+05,3.886217e+06,1.631369e-01,4.204529e-01,-1.883822e+00,4.850573e-18,82,2832
6.433182e-09,-1.807147e-03,-5.225294e-03,2.500085e-02,-2.809282e+05,-8.122855e+05,3.886409e+06,1.283313e-03,4.193554e-03,-1.923363e-02,4.850573e-18,82,28306
0.000000e+00,-6.108228e-08,1.795603e-07,5.438755e-07,0.000000e+00,0.000000e+00,0.000000e+00,8.824328e+04,-1.604668e+07,-3.658629e+07,3.245551e-18,83,0
1.039318e-09,-2.178895e-04,1.246042e-03,2.500125e-03,-2.098099e+05,1.199701e+06,2.406712e+06,1.191292e-01,-6.325725e-01,-1.092144e+00,3.245551e-18,83,4573
1.038773e-08,-2.179429e-03,1.246214e-02,2.500045e-02,-2.098294e+05,1.199805e+06,2.406892e+06,9.262312e-04,-5.079376e-03,-1.232252e-02,3.245551e-18,83,45706
0.000000e+00,-1.256945e-07,-7.609760e-09,4.459220e-07,0.000000e+00,0.000000e+00,0.000000e+00,1.901301e+07,1.246549e+06,-4.671927e+07,3.984645e-18,84,0
9.022727e-10,-1.164005e-03,-5.417443e-05,2.500414e-03,-1.290969e+06,-6.006083e+04,2.772610e+06,7.557826e-01,2.735401e-02,-1.386502e+00,3.984645e-18,84,3970
9.016818e-09,-1.164036e-02,-5.415669e-04,2.500021e-02,-1.291077e+06,-6.006471e+04,2.772808e+06,7.267479e-03,1.160123e-04,-1.443312e-02,3.984645e-18,84,39674
0.000000e+00,-1.566505e-07,-1.844678e-07,2.538483e-07,0.000000e+00,0.000000e+00,0.000000e+00,2.860946e+07,9.855519e+07,-3.996319e+07,4.983966e-18,85,0
1.419773e-09,-1.842283e-03,-6.199365e-03,2.500233e-03,-1.297630e+06,-4.366801e+06,1.760986e+06,6.509670e-02,2.176979e-01,-6.580027e-02,4.983966e-18,85,6247
1.419659e-08,-1.842202e-02,-6.199370e-02,2.500019e-02,-1.297645e+06,-4.366849e+06,1.761001e+06,5.573167e-04,1.862432e-03,-7.506176e-04,4.983966e-18,85,62465
0.000000e+00,2.068422e-07,-2.058533e-08,2.826055e-07,0.000000e+00,0.000000e+00,0.000000e+00,-5.784217e+07,4.914356e+06,-5.733353e+07,5.017433e-18,86,0
9.011364e-10,2.645875e-03,-2.195418e-04,2.500379e-03,2.936926e+06,-2.436764e+05,2.775151e+06,-7.353252e-01,5.154902e-02,-5.582519e-01,5.017433e-18,86,3965
9.008636e-09,2.645771e-02,-2.195198e-03,2.500045e-02,2.937031e+06,-2.436838e+05,2.775230e+06,-6.829957e-03,4.871701e-04,-5.872611e-03,5.017433e-18,86,39638
0.000000e+00,1.416747e-07,1.364499e-07,5.189356e-07,0.000000e+00,0.000000e+00,0.000000e+00,-1.605992e+07,-1.534177e+07,-3.427908e+07,3.334563e-18,87,0
1.145227e-09,1.283539e-03,1.288127e-03,2.500176e-03,1.121498e+06,1.125584e+06,2.184003e+06,-5.011934e-01,-5.463038e-01,-7.631875e-01,3.334563e-18,87,5039
1.144682e-08,1.283753e-02,1.288428e-02,2.500006e-02,1.121588e+06,1.125683e+06,2.184142e+06,-4.120030e-03,-4.652255e-03,-8.862450e-03,3.334563e-18,87,50366
0.000000e+00,1.486805e-07,1.027811e-07,3.413606e-07,0.000000e+00,0.000000e+00,0.000000e+00,-3.435360e+07,-2.170723e+07,-5.707513e+07,4.621845e-18,88,0
8.418182e-10,1.607511e-03,1.008837e-03,2.500144e-03,1.910300e+06,1.198841e+06,2.970706e+06,-7.121087e-01,-4.402411e-01,-9.215228e-01,4.621845e-18,88,3704
8.415682e-09,1.607646e-02,1.008906e-02,2.500063e-02,1.910395e+06,1.198899e+06,2.970829e+06,-6.705370e-03,-4.136251e-03,-9.587216e-03,4.621845e-18,88,37029
0.000000e+00,9.595133e-09,-1.668253e-07,2.906986e-07,0.000000e+00,0.000000e+00,0.000000e+00,-5.158206e+06,5.137157e+07,-7.181689e+07,5.267546e-18,89,0
7.290909e-10,1.889071e-04,-1.850292e-03,2.500471e-03,2.591848e+05,-2.538468e+06,3.430235e+06,-9.123483e-02,8.184709e-01,-9.792384e-01,5.267546e-18,89,3208
7.288182e-09,1.888981e-03,-1.850085e-02,2.500031e-02,2.591953e+05,-2.538563e+06,3.430348e+06,-9.388996e-04,7.949672e-03,-1.003104e-02,5.267546e-18,89,32068
0.000000e+00,-5.215301e-08,-5.822400e-08,5.001033e-07,0.000000e+00,0.000000e+00,0.000000e+00,7.765139e+06,6.833102e+06,-4.295113e+07,3.709045e-18,90,0
9.375000e-10,-5.405189e-04,-3.805692e-04,2.500530e-03,-5.771227e+05,-4.062081e+05,2.668695e+06,4.605327e-01,2.497969e-01,-1.477579e+00,3.709045e-18,90,4125
9.367955e-09,-5.406401e-03,-3.805346e-03,2.500037e-02,-5.771908e+05,-4.062451e+05,2.668915e+06,3.058203e-03,2.757185e-03,-1.627456e-02,3.709045e-18,90,41219
0.000000e+00,2.548423e-07,-2.020316e-08,2.816368e-07,0.000000e+00,0.000000e+00,0.000000e+00,-5.875424e+07,-6.451534e+06,-4.526218e+07,4.625326e-18,91,0
1.106591e-09,3.391604e-03,3.550410e-04,2.500164e-03,3.065656e+06,3.209736e+05,2.259671e+06,-5.711369e-01,-7.117446e-02,-3.376774e-01,4.625326e-18,91,4869
1.106364e-08,3.391731e-02,3.551092e-03,2.500030e-02,3.065756e+06,3.209860e+05,2.259730e+06,-4.977169e-03,-6.003706e-04,-3.667638e-03,4.625326e-18,91,48680
0.000000e+00,1.009611e-07,5.218898e-08,4.679497e-07,0.000000e+00,0.000000e+00,0.000000e+00,-1.322124e+07,-8.812571e+06,-4.492155e+07,3.850740e-18,92,0
9.211364e-10,8.376919e-04,5.205619e-04,2.500018e-03,9.100445e+05,5.655618e+05,2.715510e+06,-5.438136e-01,-3.697223e-01,-1.445862e+00,3.850740e-18,92,4053
9.206364e-09,8.378160e-03,5.206739e-03,2.500007e-02,9.101236e+05,5.656155e+05,2.715720e+06,-4.939963e-03,-3.591975e-03,-1.522342e-02,3.850740e-18,92,40508
0.000000e+00,-9.699511e-08,-2.517535e-08,2.104686e-07,0.000000e+00,0.000000e+00,0.000000e+00,8.481648e+07,1.984639e+07,-1.532901e+08,7.338733e-18,93,0
3.940909e-10,-1.389953e-03,-3.247407e-04,2.500519e-03,-3.527165e+06,-8.240572e+05,6.345190e+06,7.838918e-01,1.776878e-01,-1.280152e+00,7.338733e-18,93,1734
3.940000e-09,-1.389710e-02,-3.246805e-03,2.500022e-02,-3.527214e+06,-8.240683e+05,6.345270e+06,7.735267e-03,1.794509e-03,-1.291211e-02,7.338733e-18,93,17336
0.000000e+00,2.127853e-07,1.566245e-07,3.576360e-07,0.000000e+00,0.000000e+00,0.000000e+00,-3.567946e+07,-2.599261e+07,-3.850948e+07,4.000696e-18,94,0
1.223864e-09,2.545503e-03,1.846255e-03,2.500138e-03,2.080630e+06,1.509081e+06,2.043196e+06,-4.857831e-01,-3.530646e-01,-3.428426e-01,4.000696e-18,94,5385
1.223568e-08,2.545787e-02,1.846461e-02,2.500004e-02,2.080723e+06,1.509149e+06,2.043263e+06,-4.139485e-03,-3.093008e-03,-3.937639e-03,4.000696e-18,94,53837
0.000000e+00,9.548208e-08,1.980545e-07,2.407627e-07,0.000000e+00,0.000000e+00,0.000000e+00,-3.318518e+07,-6.651820e+07,-6.090578e+07,5.306464e-18,95,0
9.036364e-10,1.411480e-03,2.825402e-03,2.500163e-03,1.562276e+06,3.127243e+06,2.767055e+06,-2.825560e-01,-5.621606e-01,-3.974689e-01,5.306464e-18,95,3976
9.035000e-09,1.411519e-02,2.825469e-02,2.500047e-02,1.562317e+06,3.127324e+06,2.767112e+06,-2.668236e-03,-5.280551e-03,-4.127145e-03,5.306464e-18,95,39754
0.000000e+00,2.345589e-07,4.502364e-08,4.762950e-07,0.000000e+00,0.000000e+00,0.000000e+00,-2.608830e+07,-7.193279e+06,-3.513196e+07,3.436984e-18,96,0
1.193182e-09,2.199644e-03,4.453017e-04,2.500124e-03,1.844560e+06,3.734411e+05,2.096005e+06,-6.833871e-01,-1.641830e-01,-5.824235e-01,3.436984e-18,96,5250
1.192750e-08,2.200088e-02,4.454212e-03,2.500028e-02,1.844688e+06,3.734720e+05,2.096115e+06,-5.389701e-03,-1.321695e-03,-6.868402e-03,3.436984e-18,96,52481
0.000000e+00,-1.933004e-07,1.162503e-07,2.738218e-07,0.000000e+00,0.000000e+00,0.000000e+00,5.466868e+07,-3.412467e+07,-5.733967e+07,4.946775e-18,97,0
9.202273e-10,-2.476761e-03,1.514315e-03,2.500054e-03,-2.692064e+06,1.645924e+06,2.717156e+06,5.830990e-01,-3.358193e-01,-4.825097e-01,4.946775e-18,97,4049
9.200909e-09,-2.476947e-02,1.514402e-02,2.500044e-02,-2.692149e+06,1.645973e+06,2.717226e+06,5.464244e-03,-3.091796e-03,-5.017477e-03,4.946775e-18,97,40484
0.000000e+00,-1.938132e-07,1.381293e-07,5.007866e-07,0.000000e+00,0.000000e+00,0.000000e+00,2.710371e+07,-1.098406e+07,-3.310174e+07,3.324845e-18,98,0
1.184773e-09,-2.011909e-03,1.028769e-03,2.500373e-03,-1.699042e+06,8.688361e+05,2.111111e+06,6.046003e-01,-3.455134e-01,-5.857025e-01,3.324845e-18,98,5213
1.184205e-08,-2.012006e-02,1.028876e-02,2.500002e-02,-1.699155e+06,8.689005e+05,2.111221e+06,5.126809e-03,-2.607674e-03,-6.889260e-03,3.324845e-18,98,52105
0.000000e+00,-5.887869e-08,1.261295e-07,5.690583e-07,0.000000e+00,0.000000e+00,0.000000e+00,7.860994e+06,-1.154607e+07,-4.126200e+07,3.203445e-18,99,0
8.984091e-10,-4.612886e-04,8.113430e-04,2.500108e-03,-5.137642e+05,9.037786e+05,2.784174e+06,2.949110e-01,-6.058176e-01,-1.442084e+00,3.203445e-18,99,3953
8.979318e-09,-4.613250e-03,8.115270e-03,2.500013e-02,-5.138060e+05,9.038645e+05,2.784379e+06,2.662650e-03,-5.494698e-03,-1.546544e-02,3.203445e-18,99,39509
0.000000e+00,1.352439e-07,7.753135e-08,4.596219e-07,0.000000e+00,0.000000e+00,0.000000e+00,-2.218164e+07,-1.446690e+07,-3.945420e+07,3.801293e-18,100,0
1.040000e-09,1.546423e-03,1.105433e-03,2.500330e-03,1.487786e+06,1.063570e+06,2.405090e+06,-6.103412e-01,-4.513036e-01,-8.480601e-01,3.801293e-18,100,4576
1.039477e-08,1.546510e-02,1.105546e-02,2.500048e-02,1.487887e+06,1.063644e+06,2.405230e+06,-5.473320e-03,-4.157730e-03,-9.155643e-03,3.801293e-18,100,45737
0.000000e+00,6.575527e-08,-5.453560e-08,4.840068e-07,0.000000e+00,0.000000e+00,0.000000e+00,-1.159490e+07,5.728598e+06,-4.432990e+07,3.817906e-18,101,0
9.252273e-10,6.825414e-04,-2.245298e-04,2.500383e-03,7.382774e+05,-2.429107e+05,2.703946e+06,-4.930945e-01,2.255758e-01,-1.515165e+00,3.817906e-18,101,4071
9.245909e-09,6.826009e-03,-2.245940e-03,2.500059e-02,7.383494e+05,-2.429437e+05,2.704168e+06,-3.662270e-03,1.798396e-03,-1.618519e-02,3.817906e-18,101,40682
0.000000e+00,-8.107883e-08,-1.876644e-07,3.824618e-07,0.000000e+00,0.000000e+00,0.000000e+00,1.073151e+07,4.328899e+07,-4.009963e+07,4.182407e-18,102,0
1.148409e-09,-7.785476e-04,-2.834323e-03,2.500115e-03,-6.781911e+05,-2.468982e+06,2.177454e+06,1.798611e-01,6.292819e-01,-4.159093e-01,4.182407e-18,102,5053
1.148136e-08,-7.786544e-03,-2.834717e-02,2.500030e-02,-6.782236e+05,-2.469096e+06,2.177530e+06,1.592436e-03,5.428517e-03,-4.680070e-03,4.182407e-18,102,50518
0.000000e+00,1.750576e-08,1.755663e-09,1.014979e-07,0.000000e+00,0.000000e+00,0.000000e+00,-1.608867e+08,-1.830552e+07,-9.147668e+08,1.590826e-17,103,0
6.863636e-11,4.409562e-04,5.017230e-05,2.507170e-03,6.424297e+06,7.309645e+05,3.652697e+07,-3.167721e-01,-3.842872e-02,-1.777506e+00,1.590826e-17,103,302
6.845455e-10,4.397741e-03,5.003802e-04,2.500447e-02,6.424300e+06,7.309649e+05,3.652699e+07,-3.184968e-03,-3.864333e-04,-1.787147e-02,1.590826e-17,103,3012
0.000000e+00,6.348499e-08,-2.364431e-07,5.308993e-07,0.000000e+00,0.000000e+00,0.000000e+00,7.848283e+06,2.734247e+07,-3.185919e+07,3.157473e-18,104,0
1.212045e-09,-6.202465e-04,-2.141508e-03,2.500045e-03,-5.121016e+05,-1.767743e+06,2.063212e+06,1.956953e-01,6.106810e-01,-5.206487e-01,3.157473e-18,104,5333
1.211705e-08,-6.205052e-03,-2.141980e-02,2.500027e-02,-5.121389e+05,-1.767860e+06,2.063312e+06,1.647525e-03,5.595432e-03,-6.754789e-03,3.157473e-18,104,53315
0.000000e+00,-7.506334e-09,-1.272546e-08,2.697636e-07,0.000000e+00,0.000000e+00,0.000000e+00,1.803609e+06,4.982976e+06,-1.277542e+08,6.456418e-18,105,0
4.479545e-10,-3.461965e-05,-9.767894e-05,2.501239e-03,-7.727896e+04,-2.180783e+05,5.584391e+06,1.729283e-02,8.121789e-02,-2.065735e+00,6.456418e-18,105,1971
4.476818e-09,-3.459701e-04,-9.763060e-04,2.500048e-02,-7.728019e+04,-2.180841e+05,5.584538e+06,2.422835e-04,7.732384e-04,-2.078977e-02,6.456418e-18,105,19698
0.000000e+00,-1.465628e-07,1.023988e-07,3.716898e-07,0.000000e+00,0.000000e+00,0.000000e+00,2.710261e+07,-1.567364e+07,-5.372338e+07,4.383100e-18,106,0
8.395455e-10,-1.388814e-03,7.688205e-04,2.500455e-03,-1.654995e+06,9.161639e+05,2.979353e+06,7.142547e-01,-4.153144e-01,-1.131029e+00,4.383100e-18,106,3694
8.391136e-09,-1.388725e-02,7.687659e-03,2.500025e-02,-1.655090e+06,9.162189e+05,2.979503e+06,6.854732e-03,-3.980325e-03,-1.172446e-02,4.383100e-18,106,36921
0.000000e+00,1.781940e-07,-3.111837e-08,4.555391e-07,0.000000e+00,0.000000e+00,0.000000e+00,-2.520651e+07,3.618908e+06,-4.283012e+07,3.759121e-18,107,0
1.224773e-09,2.377383e-03,-3.858374e-04,2.500293e-03,1.942150e+06,-3.152149e+05,2.041958e+06,-6.443015e-01,1.127945e-01,-4.931662e-01,3.759121e-18,107,5389
1.224318e-08,2.377792e-02,-3.859203e-03,2.500029e-02,1.942274e+06,-3.152367e+05,2.042054e+06,-5.528506e-03,9.801717e-04,-6.075337e-03,3.759121e-18,107,53870
0.000000e+00,5.553039e-08,-7.639594e-09,2.066330e-07,0.000000e+00,0.000000e+00,0.000000e+00,-5.903021e+07,7.157450e+06,-2.010962e+08,7.946461e-18,108,0
3.043182e-10,7.353555e-04,-8.903716e-05,2.500224e-03,2.416443e+06,-2.925798e+05,8.215852e+06,-5.441801e-01,6.343217e-02,-1.746178e+00,7.946461e-18,108,1339
3.042955e-09,7.353173e-03,-8.903137e-04,2.500065e-02,2.416469e+06,-2.925828e+05,8.215936e+06,-5.421013e-03,6.334045e-04,-1.749887e-02,7.946461e-18,108,13389
0.000000e+00,-4.811673e-08,-2.413007e-07,5.042225e-07,0.000000e+00,0.000000e+00,0.000000e+00,2.967429e+06,2.948153e+07,-3.518464e+07,3.285838e-18,109,0
1.161364e-09,-2.944279e-04,-2.247359e-03,2.500262e-03,-2.536294e+05,-1.936132e+06,2.153509e+06,8.183301e-02,7.055347e-01,-5.918206e-01,3.285838e-18,109,5110
1.160909e-08,-2.944408e-03,-2.247665e-02,2.500048e-02,-2.536443e+05,-1.936261e+06,2.153619e+06,5.959906e-04,5.745088e-03,-6.910481e-03,3.285838e-18,109,51080
0.000000e+00,-1.100389e-08,3.296825e-10,4.235148e-07,0.000000e+00,0.000000e+00,0.000000e+00,9.094701e+06,-2.450889e+06,-6.927574e+07,4.360376e-18,110,0
6.693182e-10,-3.331843e-04,9.599368e-05,2.500306e-03,-4.980558e+05,1.435237e+05,3.736897e+06,2.828283e-01,-1.084185e-01,-1.931396e+00,4.360376e-18,110,2945
6.690227e-09,-3.332082e-03,9.601942e-04,2.500084e-02,-4.980857e+05,1.435352e+05,3.737101e+06,2.795317e-03,-8.079524e-04,-1.988971e-02,4.360376e-18,110,29437
0.000000e+00,9.898241e-08,2.192062e-07,3.593603e-07,0.000000e+00,0.000000e+00,0.000000e+00,-2.108064e+07,-4.078746e+07,-4.044792e+07,4.142175e-18,111,0
1.174318e-09,1.418272e-03,2.750240e-03,2.500014e-03,1.208172e+06,2.342806e+06,2.129280e+06,-2.860401e-01,-5.560054e-01,-3.653117e-01,4.142175e-18,111,5167
1.174114e-08,1.418527e-02,2.750715e-02,2.500032e-02,1.208225e+06,2.342909e+06,2.129348e+06,-2.396514e-03,-4.722777e-03,-4.205595e-03,4.142175e-18,111,51661
0.000000e+00,-1.733425e-07,1.403941e-07,5.148336e-07,0.000000e+00,0.000000e+00,0.000000e+00,1.415850e+07,-1.544251e+07,-3.761900e+07,3.298455e-18,112,0
1.037727e-09,-1.015698e-03,1.176649e-03,2.500478e-03,-9.793191e+05,1.134659e+06,2.410614e+06,4.687477e-01,-5.901288e-01,-9.872349e-01,3.298455e-18,112,4566
1.037091e-08,-1.015645e-02,1.176737e-02,2.500043e-02,-9.793958e+05,1.134755e+06,2.410776e+06,4.239215e-03,-4.557139e-03,-1.096881e-02,3.298455e-18,112,45632
0.000000e+00,1.083535e-07,1.892577e-07,3.149598e-07,0.000000e+00,0.000000e+00,0.000000e+00,-2.629886e+07,-4.145349e+07,-5.080160e+07,4.622128e-18,113,0
9.661364e-10,1.385986e-03,2.176882e-03,2.500251e-03,1.435055e+06,2.253914e+06,2.588412e+06,-4.120089e-01,-6.299693e-01,-5.692542e-01,4.622128e-18,113,4251
9.658409e-09,1.386033e-02,2.176921e-02,2.500006e-02,1.435118e+06,2.254010e+06,2.588499e+06,-3.640197e-03,-5.740955e-03,-6.121679e-03,4.622128e-18,113,42497
0.000000e+00,-2.615895e-08,-1.762902e-07,2.510112e-07,0.000000e+00,0.000000e+00,0.000000e+00,1.317970e+07,6.957791e+07,-7.546578e+07,5.665688e-18,114,0
7.336364e-10,-4.511739e-04,-2.367907e-03,2.500224e-03,-6.151132e+05,-3.228222e+06,3.408390e+06,1.537433e-01,7.671941e-01,-6.873855e-01,5.665688e-18,114,3228
7.335000e-09,-4.511857e-03,-2.367906e-02,2.500068e-02,-6.151310e+05,-3.228311e+06,3.408470e+06,1.418250e-03,7.436899e-03,-7.049450e-03,5.665688e-18,114,32274
0.000000e+00,1.085037e-07,-2.212628e-07,4.359864e-07,0.000000e+00,0.000000e+00,0.000000e+00,-1.570015e+07,3.112596e+07,-3.776792e+07,3.637218e-18,115,0
1.159773e-09,1.134828e-03,-2.253787e-03,2.500176e-03,9.789411e+05,-1.944193e+06,2.156314e+06,-3.095520e-01,6.175417e-01,-5.232117e-01,3.637218e-18,115,5103
1.159386e-08,1.134968e-02,-2.254065e-02,2.500018e-02,9.789976e+05,-1.944306e+06,2.156410e+06,-2.695374e-03,5.148102e-03,-5.958029e-03,3.637218e-18,115,51013
0.000000e+00,1.531931e-07,1.267946e-07,6.000967e-07,0.000000e+00,0.000000e+00,0.000000e+00,-1.484946e+07,-1.351417e+07,-3.429067e+07,2.935671e-18,116,0
1.077727e-09,1.150953e-03,1.053036e-03,2.500296e-03,1.068667e+06,9.777626e+05,2.321029e+06,-5.448840e-01,-4.955621e-01,-9.872115e-01,2.935671e-18,116,4742
1.077114e-08,1.151072e-02,1.053157e-02,2.500033e-02,1.068759e+06,9.778468e+05,2.321198e+06,-4.524675e-03,-4.090602e-03,-1.088274e-02,2.935671e-18,116,47393
0.000000e+00,-1.251198e-08,8.057422e-09,1.648516e-07,0.000000e+00,0.000000e+00,0.000000e+00,2.678868e+07,-1.947697e+07,-3.510129e+08,1.011119e-17,117,0
1.775000e-10,-1.908361e-04,1.388031e-04,2.500211e-03,-1.075096e+06,7.819695e+05,1.408519e+07,1.478397e-01,-1.156603e-01,-1.915124e+00,1.011119e-17,117,781
1.775000e-09,-1.908307e-03,1.388004e-03,2.500138e-02,-1.075100e+06,7.819727e+05,1.408525e+07,1.489607e-03,-1.165762e-03,-1.916308e-02,1.011119e-17,117,7810
0.000000e+00,-6.673557e-08,-1.571646e-09,1.597258e-07,0.000000e+00,0.000000e+00,0.000000e+00,1.317489e+08,2.569110e+06,-2.952882e+08,9.677717e-18,118,0
2.109091e-10,-1.117004e-03,-2.176045e-05,2.502616e-03,-5.296007e+06,-1.031702e+05,1.186549e+07,6.799574e-01,1.164891e-02,-1.461056e+00,9.677717e-18,118,928
2.107045e-09,-1.115899e-02,-2.173858e-04,2.500128e-02,-5.296030e+06,-1.031706e+05,1.186554e+07,6.775331e-03,1.273763e-04,-1.466583e-02,9.677717e-18,118,9271
0.000000e+00,1.990173e-07,2.463236e-09,3.065313e-07,0.000000e+00,0.000000e+00,0.000000e+00,-4.779262e+07,-4.661955e+06,-5.760964e+07,4.848704e-18,119,0
8.672727e-10,2.099124e-03,2.586702e-04,2.500375e-03,2.421121e+06,2.984308e+05,2.883732e+06,-7.691648e-01,-1.349849e-01,-8.176125e-01,4.848704e-18,119,3816
8.669318e-09,2.098950e-02,2.587160e-03,2.500011e-02,2.421226e+06,2.984493e+05,2.883844e+06,-7.328215e-03,-1.300878e-03,-8.470480e-03,4.848704e-18,119,38145
0.000000e+00,-3.045730e-08,1.529104e-07,4.460610e-07,0.000000e+00,0.000000e+00,0.000000e+00,2.364858e+06,-2.278511e+07,-4.292726e+07,3.903144e-18,120,0
9.504545e-10,-1.917332e-04,1.427783e-03,2.500459e-03,-2.018784e+05,1.503190e+06,2.632013e+06,1.260529e-01,-8.045354e-01,-1.162672e+00,3.903144e-18,120,4182
9.498409e-09,-1.917514e-03,1.427783e-02,2.500002e-02,-2.018973e+05,1.503310e+06,2.632187e+06,1.257922e-03,-7.257306e-03,-1.225897e-02,3.903144e-18,120,41793
0.000000e+00,-6.651367e-08,-9.061378e-08,6.306360e-07,0.000000e+00,0.000000e+00,0.000000e+00,5.905193e+06,7.611806e+06,-3.753531e+07,2.945487e-18,121,0
9.156818e-10,-4.523322e-04,-4.197415e-04,2.500220e-03,-4.943077e+05,-4.587982e+05,2.732044e+06,2.777320e-01,3.852929e-01,-1.652239e+00,2.945487e-18,121,4029
9.150682e-09,-4.523229e-03,-4.198324e-03,2.500023e-02,-4.943478e+05,-4.588538e+05,2.732283e+06,2.320663e-03,3.658068e-03,-1.736856e-02,2.945487e-18,121,40263
0.000000e+00,-2.686181e-07,7.569138e-09,3.655623e-07,0.000000e+00,0.000000e+00,0.000000e+00,4.556791e+07,2.498622e+06,-3.813566e+07,3.953761e-18,122,0
1.243182e-09,-3.263811e-03,-1.793004e-04,2.500401e-03,-2.626258e+06,-1.442996e+05,2.011625e+06,5.781823e-01,3.553728e-02,-3.177947e-01,3.953761e-18,122,5470
1.242773e-08,-3.263837e-02,-1.793290e-03,2.500009e-02,-2.626371e+06,-1.443066e+05,2.011688e+06,4.890045e-03,2.946940e-04,-3.731922e-03,3.953761e-18,122,54682
0.000000e+00,-7.439477e-08,4.397851e-08,3.338776e-07,0.000000e+00,0.000000e+00,0.000000e+00,1.788273e+07,-1.086320e+07,-7.947823e+07,5.199246e-18,123,0
6.245455e-10,-5.768601e-04,3.813790e-04,2.500191e-03,-9.239504e+05,6.109067e+05,4.004388e+06,4.551776e-01,-3.396445e-01,-1.839387e+00,5.199246e-18,123,2748
6.243182e-09,-5.768410e-03,3.813997e-03,2.500024e-02,-9.239953e+05,6.109402e+05,4.004570e+06,4.256524e-03,-3.315889e-03,-1.860939e-02,5.199246e-18,123,27470
0.000000e+00,3.491121e-08,1.292267e-07,5.407174e-07,0.000000e+00,0.000000e+00,0.000000e+00,-4.059765e+06,-1.276950e+07,-3.441097e+07,3.365713e-18,124,0
1.078409e-09,3.622973e-04,9.781703e-04,2.500178e-03,3.362304e+05,9.077212e+05,2.319672e+06,-1.950634e-01,-5.050430e-01,-1.114683e+00,3.365713e-18,124,4745
1.077750e-08,3.623693e-03,9.782931e-03,2.500042e-02,3.362635e+05,9.078070e+05,2.319863e+06,-1.655066e-03,-4.701099e-03,-1.279649e-02,3.365713e-18,124,47421
0.000000e+00,-5.707318e-08,-2.775434e-07,4.714496e-07,0.000000e+00,0.000000e+00,0.000000e+00,6.246791e+06,3.436103e+07,-3.242211e+07,3.310209e-18,125,0
1.184773e-09,-6.547557e-04,-2.572987e-03,2.500026e-03,-5.529339e+05,-2.172652e+06,2.110646e+06,1.786432e-01,6.538142e-01,-4.725050e-01,3.310209e-18,125,5213
1.184477e-08,-6.549326e-03,-2.573453e-02,2.500029e-02,-5.529672e+05,-2.172774e+06,2.110735e+06,1.401265e-03,5.537420e-03,-5.424527e-03,3.310209e-18,125,52117
0.000000e+00,1.161120e-07,-8.144778e-08,6.288192e-07,0.000000e+00,0.000000e+00,0.000000e+00,-1.375206e+07,3.262598e+06,-3.680853e+07,2.916922e-18,126,0
9.525000e-10,9.741091e-04,-2.582447e-04,2.500551e-03,1.023429e+06,-2.712729e+05,2.626569e+06,-6.057048e-01,1.749075e-01,-1.367361e+00,2.916922e-18,126,4191
9.518182e-09,9.741123e-03,-2.582069e-03,2.500036e-02,1.023520e+06,-2.712992e+05,2.626775e+06,-5.036944e-03,1.883325e-03,-1.467877e-02,2.916922e-18,126,41880
0.000000e+00,8.535643e-08,-1.111965e-07,4.686901e-07,0.000000e+00,0.000000e+00,0.000000e+00,-1.446817e+07,1.590338e+07,-4.377554e+07,3.808588e-18,127,0
9.543182e-10,8.732165e-04,-1.027135e-03,2.500462e-03,9.155852e+05,-1.076995e+06,2.621315e+06,-4.736075e-01,5.702108e-01,-1.157281e+00,3.808588e-18,127,4199
9.537273e-09,8.732149e-03,-1.027154e-02,2.500033e-02,9.156565e+05,-1.077081e+06,2.621490e+06,-4.221484e-03,4.995144e-03,-1.239156e-02,3.808588e-18,127,41964
0.000000e+00,5.662674e-08,-1.146717e-07,6.397307e-07,0.000000e+00,0.000000e+00,0.000000e+00,-5.716979e+06,6.449261e+06,-3.852114e+07,2.893470e-18,128,0
9.290909e-10,3.836676e-04,-5.071953e-04,2.500326e-03,4.132695e+05,-5.463266e+05,2.692582e+06,-2.754998e-01,3.868607e-01,-1.525628e+00,2.893470e-18,128,4088
9.284773e-09,3.837095e-03,-5.072519e-03,2.500023e-02,4.133098e+05,-5.463833e+05,2.692806e+06,-1.918852e-03,3.277000e-03,-1.632888e-02,2.893470e-18,128,40853
0.000000e+00,-3.654284e-08,-1.872105e-07,2.875999e-07,0.000000e+00,0.000000e+00,0.000000e+00,1.352987e+07,5.739817e+07,-6.541810e+07,5.115365e-18,129,0
8.102273e-10,-5.399350e-04,-2.285205e-03,2.500479e-03,-6.665732e+05,-2.821137e+06,3.086623e+06,1.818566e-01,7.605755e-01,-6.866504e-01,5.115365e-18,129,3565
8.099545e-09,-5.398939e-03,-2.284996e-02,2.500039e-02,-6.665964e+05,-2.821234e+06,3.086711e+06,1.725315e-03,7.277969e-03,-7.180898e-03,5.115365e-18,129,35638
0.000000e+00,-1.743856e-07,-2.566052e-08,5.806824e-07,0.000000e+00,0.000000e+00,0.000000e+00,1.878665e+07,-3.595675e+05,-3.491502e+07,3.072971e-18,130,0
1.077500e-09,-1.454275e-03,-2.328821e-05,2.500373e-03,-1.350508e+06,-2.163776e+04,2.321515e+06,6.201274e-01,2.647750e-02,-9.377594e-01,3.072971e-18,130,4741
1.076886e-08,-1.454338e-02,-2.330239e-04,2.500030e-02,-1.350613e+06,-2.164228e+04,2.321675e+06,5.160702e-03,5.595225e-04,-1.089624e-02,3.072971e-18,130,47383
0.000000e+00,2.242420e-07,-1.152162e-07,2.777501e-07,0.000000e+00,0.000000e+00,0.000000e+00,-6.046575e+07,2.677085e+07,-4.722101e+07,4.687744e-18,131,0
1.117955e-09,3.359334e-03,-1.506432e-03,2.500246e-03,3.005518e+06,-1.347769e+06,2.236665e+06,-4.844459e-01,2.228115e-01,-2.671444e-01,4.687744e-18,131,4919
1.117750e-08,3.359419e-02,-1.506470e-02,2.500047e-02,3.005603e+06,-1.347808e+06,2.236713e+06,-4.169143e-03,1.874107e-03,-2.980655e-03,4.687744e-18,131,49181
0.000000e+00,3.349103e-08,-1.298595e-07,5.356856e-07,0.000000e+00,0.000000e+00,0.000000e+00,-1.586353e+06,1.586624e+07,-3.983595e+07,3.413297e-18,132,0
9.827273e-10,8.969279e-05,-1.129212e-03,2.500056e-03,9.135354e+04,-1.149905e+06,2.545207e+06,-8.479481e-02,6.797650e-01,-1.199773e+00,3.413297e-18,132,4324
9.822500e-09,8.973335e-04,-1.129488e-02,2.500047e-02,9.136670e+04,-1.150010e+06,2.545393e+06,-9.153749e-04,5.604906e-03,-1.312341e-02,3.413297e-18,132,43219
0.000000e+00,2.692521e-07,6.605375e-08,4.696553e-07,0.000000e+00,0.000000e+00,0.000000e+00,-2.578716e+07,-1.538025e+07,-2.961141e+07,3.333679e-18,133,0
1.487045e-09,2.619963e-03,1.521218e-03,2.500184e-03,1.762768e+06,1.023550e+06,1.681763e+06,-4.811111e-01,-2.758965e-01,-3.263378e-01,3.333679e-18,133,6543
1.486545e-08,2.620424e-02,1.521540e-02,2.500036e-02,1.762881e+06,1.023614e+06,1.681841e+06,-4.324467e-03,-2.511871e-03,-4.124566e-03,3.333679e-18,133,65408
0.000000e+00,-2.333075e-07,1.103863e-07,2.556486e-07,0.000000e+00,0.000000e+00,0.000000e+00,6.172371e+07,-2.810724e+07,-4.598100e+07,4.790830e-18,134,0
1.160227e-09,-3.539284e-03,1.610482e-03,2.500471e-03,-3.051105e+06,1.388340e+06,2.155350e+06,4.488653e-01,-2.030509e-01,-2.276473e-01,4.790830e-18,134,5105
1.159909e-08,-3.539006e-02,1.610350e-02,2.500024e-02,-3.051187e+06,1.388378e+06,2.155392e+06,3.842528e-03,-1.779923e-03,-2.578629e-03,4.790830e-18,134,51036
0.000000e+00,-2.012400e-07,8.356912e-09,3.576139e-07,0.000000e+00,0.000000e+00,0.000000e+00,3.614429e+07,2.076650e+06,-4.549887e+07,4.390499e-18,135,0
1.013409e-09,-2.189593e-03,-4.137764e-05,2.500192e-03,-2.161585e+06,-4.080234e+04,2.467824e+06,7.573895e-01,-2.008228e-02,-6.896779e-01,4.390499e-18,135,4459
1.013045e-08,-2.189778e-02,-4.133502e-04,2.500029e-02,-2.161707e+06,-4.079915e+04,2.467935e+06,6.921320e-03,-1.314177e-04,-7.702150e-03,4.390499e-18,135,44574
0.000000e+00,-2.056007e-07,9.008457e-08,5.239448e-07,0.000000e+00,0.000000e+00,0.000000e+00,2.343112e+07,-7.534358e+06,-3.538579e+07,3.236425e-18,136,0
1.134773e-09,-1.821009e-03,6.368582e-04,2.500003e-03,-1.605685e+06,5.615531e+05,2.203872e+06,6.718764e-01,-2.394801e-01,-7.197282e-01,3.236425e-18,136,4993
1.134364e-08,-1.821425e-02,6.370039e-03,2.500012e-02,-1.605805e+06,5.615959e+05,2.204001e+06,5.442614e-03,-1.512327e-03,-8.375792e-03,3.236425e-18,136,49912
0.000000e+00,4.491055e-09,7.401860e-08,6.626116e-07,0.000000e+00,0.000000e+00,0.000000e+00,8.771590e+05,-5.057924e+06,-3.623596e+07,2.818049e-18,137,0
9.561364e-10,2.506257e-05,4.552736e-04,2.500240e-03,2.629279e+04,4.766078e+05,2.616453e+06,-5.123808e-02,-3.750012e-01,-1.565101e+00,2.818049e-18,137,4207
9.555000e-09,2.512059e-04,4.553961e-03,2.500044e-02,2.630055e+04,4.766643e+05,2.616690e+06,-6.714082e-04,-2.902344e-03,-1.684770e-02,2.818049e-18,137,42042
0.000000e+00,-1.868414e-07,2.918424e-08,4.927051e-07,0.000000e+00,0.000000e+00,0.000000e+00,2.231266e+07,-3.885988e+06,-3.750815e+07,3.505440e-18,138,0
1.134318e-09,-1.769885e-03,3.103078e-04,2.500159e-03,-1.561259e+06,2.737505e+05,2.204988e+06,6.526864e-01,-1.188684e-01,-7.957450e-01,3.505440e-18,138,4991
1.133795e-08,-1.770139e-02,3.103738e-03,2.500025e-02,-1.561376e+06,2.737717e+05,2.205131e+06,5.424423e-03,-7.631092e-04,-9.373562e-03,3.505440e-18,138,49887
0.000000e+00,2.290539e-07,8.795757e-08,4.231257e-07,0.000000e+00,0.000000e+00,0.000000e+00,-3.106819e+07,-1.265494e+07,-3.638812e+07,3.698456e-18,139,0
1.101591e-09,2.300925e-03,8.373036e-04,2.500430e-03,2.089720e+06,7.604307e+05,2.270461e+06,-7.036764e-01,-2.545870e-01,-5.684955e-01,3.698456e-18,139,4847
1.101114e-08,2.301011e-02,8.373189e-03,2.500048e-02,2.089843e+06,7.604749e+05,2.270560e+06,-5.851657e-03,-2.252769e-03,-6.278523e-03,3.698456e-18,139,48449
0.000000e+00,-8.700789e-08,-1.823389e-07,4.543550e-07,0.000000e+00,0.000000e+00,0.000000e+00,9.861564e+06,2.487812e+07,-3.669843e+07,3.709905e-18,140,0
1.135909e-09,-7.986398e-04,-1.874467e-03,2.500200e-03,-7.034856e+05,-1.651136e+06,2.201810e+06,2.738495e-01,6.525756e-01,-6.619754e-01,3.709905e-18,140,4998
1.135432e-08,-7.987558e-03,-1.874744e-02,2.500020e-02,-7.035346e+05,-1.651253e+06,2.201929e+06,2.463704e-03,5.329822e-03,-7.884864e-03,3.709905e-18,140,49959
0.000000e+00,6.581814e-09,1.006190e-07,2.223085e-07,0.000000e+00,0.000000e+00,0.000000e+00,-7.481731e+06,-7.384283e+07,-1.434271e+08,7.025316e-18,141,0
4.170455e-10,1.317672e-04,1.293884e-03,2.500059e-03,3.159894e+05,3.102706e+06,5.994950e+06,-8.902462e-02,-7.696037e-01,-1.375443e+00,7.025316e-18,141,1835
4.170227e-09,1.317751e-03,1.293906e-02,2.500048e-02,3.159953e+05,3.102756e+06,5.995041e+06,-8.221158e-04,-7.641297e-03,-1.381894e-02,7.025316e-18,141,18349
0.000000e+00,1.518380e-07,-2.029092e-07,3.897027e-07,0.000000e+00,0.000000e+00,0.000000e+00,-2.493675e+07,3.118399e+07,-3.943587e+07,3.881299e-18,142,0
1.057500e-09,1.669322e-03,-2.028104e-03,2.500423e-03,1.579135e+06,-1.918549e+06,2.364964e+06,-4.313758e-01,5.530177e-01,-4.945565e-01,3.881299e-18,142,4653
1.057114e-08,1.669320e-02,-2.028120e-02,2.500048e-02,1.579207e+06,-1.918641e+06,2.365047e+06,-3.914413e-03,4.766605e-03,-5.658941e-03,3.881299e-18,142,46513
0.000000e+00,1.438144e-07,-2.502559e-07,3.709522e-07,0.000000e+00,0.000000e+00,0.000000e+00,-2.385302e+07,3.900872e+07,-3.605173e+07,3.805076e-18,143,0
1.293182e-09,1.774170e-03,-2.903964e-03,2.500147e-03,1.372392e+06,-2.246339e+06,1.933626e+06,-2.823909e-01,4.717087e-01,-2.802540e-01,3.805076e-18,143,5690
1.292909e-08,1.774375e-02,-2.904308e-02,2.500020e-02,1.372449e+06,-2.246435e+06,1.933684e+06,-2.317583e-03,3.948252e-03,-3.389313e-03,3.805076e-18,143,56888
0.000000e+00,2.252267e-07,1.484908e-07,5.037032e-07,0.000000e+00,0.000000e+00,0.000000e+00,-2.352048e+07,-1.425194e+07,-3.159752e+07,3.184206e-18,144,0
1.268409e-09,2.098274e-03,1.237557e-03,2.500218e-03,1.655182e+06,9.761962e+05,1.971718e+06,-5.769965e-01,-3.323547e-01,-4.871122e-01,3.184206e-18,144,5581
1.267932e-08,2.098650e-02,1.237747e-02,2.500024e-02,1.655297e+06,9.762625e+05,1.971817e+06,-4.856531e-03,-2.789780e-03,-6.016831e-03,3.184206e-18,144,55789
0.000000e+00,-3.885333e-08,-9.754033e-08,4.443208e-07,0.000000e+00,0.000000e+00,0.000000e+00,8.931707e+06,1.335613e+07,-4.963854e+07,4.069372e-18,145,0
8.100000e-10,-4.071507e-04,-8.004788e-04,2.500082e-03,-5.029455e+05,-9.888719e+05,3.088006e+06,2.907691e-01,5.877188e-01,-1.614199e+00,4.069372e-18,145,3564
8.095909e-09,-4.071790e-03,-8.005762e-03,2.500025e-02,-5.029827e+05,-9.889470e+05,3.088212e+06,2.762195e-03,5.681287e-03,-1.669887e-02,4.069372e-18,145,35622
0.000000e+00,-1.247791e-07,2.689579e-08,2.053393e-07,0.000000e+00,0.000000e+00,0.000000e+00,9.515536e+07,-1.989407e+07,-1.357633e+08,7.067870e-18,146,0
4.431818e-10,-1.761978e-03,3.683024e-04,2.501099e-03,-3.975954e+06,8.310819e+05,5.643672e+06,7.924643e-01,-1.636680e-01,-1.024907e+00,7.067870e-18,146,1950
4.429773e-09,-1.761266e-02,3.681524e-03,2.500035e-02,-3.976009e+06,8.310933e+05,5.643744e+06,7.862478e-03,-1.598776e-03,-1.032515e-02,7.067870e-18,146,19491
0.000000e+00,1.561603e-07,-9.476515e-08,3.814175e-07,0.000000e+00,0.000000e+00,0.000000e+00,-3.498582e+07,1.445358e+07,-4.922189e+07,4.306423e-18,147,0
9.013636e-10,1.809257e-03,-7.033181e-04,2.500165e-03,2.008123e+06,-7.805722e+05,2.774654e+06,-7.594922e-01,2.973823e-01,-9.397280e-01,4.306423e-18,147,3966
9.010227e-09,1.809357e-02,-7.033156e-03,2.500035e-02,2.008231e+06,-7.806145e+05,2.774788e+06,-7.395529e-03,2.646709e-03,-9.887918e-03,4.306423e-18,147,39645
0.000000e+00,-3.757167e-08,-1.500396e-07,1.546143e-07,0.000000e+00,0.000000e+00,0.000000e+00,4.046929e+07,1.517997e+08,-1.361483e+08,7.712214e-18,148,0
4.504545e-10,-7.454137e-04,-2.794836e-03,2.500076e-03,-1.654826e+06,-6.204538e+06,5.550092e+06,1.696272e-01,6.239273e-01,-5.055293e-01,7.712214e-18,148,1982
4.504545e-09,-7.454271e-03,-2.794875e-02,2.500078e-02,-1.654839e+06,-6.204582e+06,5.550128e+06,1.670145e-03,6.196632e-03,-5.114704e-03,7.712214e-18,148,19820
0.000000e+00,8.287821e-08,-1.346736e-07,4.169384e-07,0.000000e+00,0.000000e+00,0.000000e+00,-1.394455e+07,2.368438e+07,-4.997181e+07,4.125726e-18,149,0
8.477273e-10,7.592844e-04,-1.219992e-03,2.500535e-03,8.961011e+05,-1.439839e+06,2.950759e+06,-3.997475e-01,6.721942e-01,-1.182657e+00,4.125726e-18,149,3730
8.472500e-09,7.592189e-03,-1.219901e-02,2.500040e-02,8.961546e+05,-1.439929e+06,2.950918e+06,-3.923715e-03,6.483832e-03,-1.278169e-02,4.125726e-18,149,37279
0.000000e+00,7.016505e-08,2.113905e-07,3.989571e-07,0.000000e+00,0.000000e+00,0.000000e+00,-6.727368e+06,-3.368771e+07,-4.464699e+07,3.968458e-18,150,0
9.179545e-10,1.103502e-03,1.922646e-03,2.500548e-03,1.202744e+06,2.095285e+06,2.724759e+06,-4.022323e-01,-7.037123e-01,-7.524948e-01,3.968458e-18,150,4039
9.175227e-09,1.103528e-02,1.922468e-02,2.500037e-02,1.202802e+06,2.095387e+06,2.724869e+06,-3.718937e-03,-6.473840e-03,-7.999519e-03,3.968458e-18,150,40371
0.000000e+00,1.953062e-07,9.220858e-09,2.347730e-07,0.000000e+00,0.000000e+00,0.000000e+00,-8.381628e+07,-3.812252e+07,-8.170472e+07,5.675915e-18,151,0
7.081818e-10,2.604430e-03,1.170242e-03,2.500776e-03,3.677993e+06,1.652724e+06,3.531457e+06,-6.187979e-01,-2.755477e-01,-5.086050e-01,5.675915e-18,151,3116
7.079318e-09,2.603779e-02,1.170013e-02,2.500047e-02,3.678062e+06,1.652754e+06,3.531514e+06,-6.024231e-03,-2.694538e-03,-5.190589e-03,5.675915e-18,151,31149
0.000000e+00,-1.674829e-07,-7.075099e-08,5.579118e-07,0.000000e+00,0.000000e+00,0.000000e+00,1.713177e+07,9.059166e+06,-3.250128e+07,3.182116e-18,152,0
1.185000e-09,-1.461241e-03,-7.655647e-04,2.500299e-03,-1.233961e+06,-6.465215e+05,2.110860e+06,5.663333e-01,3.116688e-01,-7.681162e-01,3.182116e-18,152,5214
1.184364e-08,-1.461451e-02,-7.657116e-03,2.500046e-02,-1.234066e+06,-6.465796e+05,2.111005e+06,5.373292e-03,2.740192e-03,-9.376202e-03,3.182116e-18,152,52112
0.000000e+00,1.460934e-07,-3.964276e-08,4.057305e-07,0.000000e+00,0.000000e+00,0.000000e+00,-2.527718e+07,3.665824e+06,-4.952100e+07,4.220450e-18,153,0
9.427273e-10,1.602695e-03,-3.828278e-04,2.500053e-03,1.701016e+06,-4.063115e+05,2.652905e+06,-7.669724e-01,1.689005e-01,-9.912277e-01,4.220450e-18,153,4148
9.423636e-09,1.602966e-02,-3.828895e-03,2.500013e-02,1.701131e+06,-4.063367e+05,2.653053e+06,-7.035990e-03,1.658232e-03,-1.090924e-02,4.220450e-18,153,41464
0.000000e+00,-2.431106e-08,-1.461929e-07,2.426881e-07,0.000000e+00,0.000000e+00,0.000000e+00,1.264893e+07,6.838630e+07,-9.564184e+07,6.104858e-18,154,0
5.943182e-10,-3.365146e-04,-1.816102e-03,2.500765e-03,-5.663113e+05,-3.056233e+06,4.208243e+06,1.542105e-01,8.185503e-01,-1.008465e+00,6.104858e-18,154,2615
5.940909e-09,-3.364413e-03,-1.815687e-02,2.500094e-02,-5.663258e+05,-3.056309e+06,4.208337e+06,1.556800e-03,8.048259e-03,-1.020424e-02,6.104858e-18,154,26140
0.000000e+00,1.873729e-07,1.522587e-08,2.728975e-07,0.000000e+00,0.000000e+00,0.000000e+00,-5.796357e+07,-5.351966e+06,-6.957031e+07,5.287152e-18,155,0
7.611364e-10,2.155160e-03,2.096469e-04,2.500742e-03,2.832177e+06,2.755243e+05,3.286105e+06,-8.104106e-01,-9.138196e-02,-8.174566e-01,5.287152e-18,155,3349
7.607955e-09,2.154711e-02,2.096174e-03,2.500066e-02,2.832274e+06,2.755352e+05,3.286204e+06,-7.853593e-03,-8.981574e-04,-8.302706e-03,5.287152e-18,155,33475
0.000000e+00,2.048282e-08,2.490453e-07,2.617932e-07,0.000000e+00,0.000000e+00,0.000000e+00,-5.494303e+06,-6.508419e+07,-4.791761e+07,4.813993e-18,156,0
1.101364e-09,3.028013e-04,3.578497e-03,2.500412e-03,2.749929e+05,3.249838e+06,2.270536e+06,-4.697019e-02,-5.423450e-01,-2.837333e-01,4.813993e-18,156,4846
1.101068e-08,3.027860e-03,3.578295e-02,2.500028e-02,2.750010e+05,3.249932e+06,2.270586e+06,-3.684786e-04,-4.774462e-03,-3.119282e-03,4.813993e-18,156,48447
0.000000e+00,1.491004e-07,-3.684897e-08,1.511818e-07,0.000000e+00,0.000000e+00,0.000000e+00,-1.651509e+08,3.827575e+07,-1.347614e+08,7.812083e-18,157,0
4.563636e-10,3.072121e-03,-7.117625e-04,2.500817e-03,6.731784e+06,-1.559643e+06,5.479817e+06,-5.842972e-01,1.330475e-01,-4.264081e-01,7.812083e-18,157,2008
4.562273e-09,3.071236e-02,-7.115548e-03,2.500055e-02,6.731826e+06,-1.559653e+06,5.479848e+06,-5.757894e-03,1.321789e-03,-4.325224e-03,7.812083e-18,157,20074
0.000000e+00,1.661235e-07,-5.982946e-09,5.043842e-07,0.000000e+00,0.000000e+00,0.000000e+00,-2.204616e+07,6.600908e+06,-3.966761e+07,3.506811e-18,158,0
9.690909e-10,1.304596e-03,-2.180259e-04,2.500456e-03,1.347202e+06,-2.251952e+05,2.581328e+06,-7.855138e-01,1.579243e-01,-1.138768e+00,3.506811e-18,158,4264
9.685000e-09,1.304755e-02,-2.180981e-03,2.500034e-02,1.347322e+06,-2.252194e+05,2.581503e+06,-6.635039e-03,1.102516e-03,-1.266075e-02,3.506811e-18,158,42614
0.000000e+00,-4.683376e-08,2.026750e-07,5.245294e-07,0.000000e+00,0.000000e+00,0.000000e+00,3.461194e+06,-2.222208e+07,-3.260334e+07,3.292738e-18,159,0
1.194318e-09,-2.899608e-04,1.896950e-03,2.500073e-03,-2.429213e+05,1.589353e+06,2.094106e+06,9.922827e-02,-6.831632e-01,-6.763132e-01,3.292738e-18,159,5255
1.193841e-08,-2.900095e-03,1.897424e-02,2.500047e-02,-2.429399e+05,1.589481e+06,2.094234e+06,8.623834e-04,-5.993954e-03,-8.083186e-03,3.292738e-18,159,52529
0.000000e+00,1.948657e-07,-7.919030e-08,5.747042e-07,0.000000e+00,0.000000e+00,0.000000e+00,-2.128554e+07,8.607050e+06,-3.210905e+07,3.031233e-18,160,0
1.084091e-09,1.608537e-03,-6.673150e-04,2.500043e-03,1.484724e+06,-6.159392e+05,2.307047e+06,-7.110897e-01,2.879474e-01,-8.546591e-01,3.031233e-18,160,4770
1.083636e-08,1.608896e-02,-6.674520e-03,2.500018e-02,1.484846e+06,-6.159884e+05,2.307194e+06,-5.753890e-03,2.472784e-03,-9.637915e-03,3.031233e-18,160,47680
0.000000e+00,-2.791090e-07,9.146218e-08,3.978029e-07,0.000000e+00,0.000000e+00,0.000000e+00,3.909611e+07,-1.385648e+07,-3.058213e+07,3.629760e-18,161,0
1.524773e-09,-3.589385e-03,1.557106e-03,2.500168e-03,-2.354836e+06,1.021592e+06,1.639926e+06,4.094005e-01,-1.820607e-01,-1.964306e-01,3.629760e-18,161,6709
1.524455e-08,-3.589831e-02,1.557361e-02,2.500012e-02,-2.354934e+06,1.021635e+06,1.639974e+06,3.592990e-03,-1.552183e-03,-2.497089e-03,3.629760e-18,161,67076
0.000000e+00,1.004458e-07,-4.276513e-08,1.282901e-07,0.000000e+00,0.000000e+00,0.000000e+00,-2.144980e+08,9.165258e+07,-2.556389e+08,9.881989e-18,162,0
2.438636e-10,2.099715e-03,-8.971697e-04,2.501579e-03,8.609999e+06,-3.678896e+06,1.025782e+07,-6.610342e-01,2.818957e-01,-7.471879e-01,9.881989e-18,162,1073
2.437273e-09,2.098501e-02,-8.966512e-03,2.500122e-02,8.610024e+06,-3.678906e+06,1.025784e+07,-6.596387e-03,2.808871e-03,-7.499786e-03,9.881989e-18,162,10724
0.000000e+00,2.623900e-07,7.009705e-08,5.099676e-07,0.000000e+00,0.000000e+00,0.000000e+00,-2.571916e+07,-9.027608e+06,-3.236451e+07,3.155514e-18,163,0
1.254318e-09,2.317787e-03,8.347409e-04,2.500370e-03,1.848840e+06,6.658825e+05,1.993951e+06,-6.305051e-01,-2.341976e-01,-4.818804e-01,3.155514e-18,163,5519
1.253795e-08,2.318059e-02,8.348750e-03,2.500028e-02,1.848964e+06,6.659287e+05,1.994047e+06,-5.362709e-03,-1.875718e-03,-5.874426e-03,3.155514e-18,163,55167
0.000000e+00,6.725770e-08,-3.100300e-08,6.107317e-07,0.000000e+00,0.000000e+00,0.000000e+00,-5.821413e+06,9.082558e+05,-3.975868e+07,3.076302e-18,164,0
9.086364e-10,4.242027e-04,-6.187367e-06,2.500495e-03,4.672477e+05,-6.660280e+03,2.753514e+06,-3.406801e-01,-8.187644e-02,-1.679180e+00,3.076302e-18,164,3998
9.079318e-09,4.242265e-03,-6.052707e-05,2.500021e-02,4.672965e+05,-6.648515e+03,2.753755e+06,-2.981986e-03,-6.983024e-04,-1.773556e-02,3.076302e-18,164,39949
0.000000e+00,-1.239214e-07,2.051228e-07,4.769743e-07,0.000000e+00,0.000000e+00,0.000000e+00,1.659328e+07,-2.622930e+07,-3.468805e+07,3.436367e-18,165,0
1.226591e-09,-1.226970e-03,2.145907e-03,2.500159e-03,-1.000782e+06,1.750411e+06,2.038878e+06,3.182740e-01,-5.890216e-01,-5.087945e-01,3.436367e-18,165,5397
1.226159e-08,-1.227116e-02,2.146273e-02,2.500007e-02,-1.000844e+06,1.750525e+06,2.038977e+06,2.530968e-03,-4.882808e-03,-5.986334e-03,3.436367e-18,165,53951
0.000000e+00,6.106694e-08,2.157234e-07,3.271402e-07,0.000000e+00,0.000000e+00,0.000000e+00,-1.122525e+07,-4.651578e+07,-4.726189e+07,4.482318e-18,166,0
1.021818e-09,6.313464e-04,2.626809e-03,2.500268e-03,6.180579e+05,2.571582e+06,2.447395e+06,-1.606488e-01,-6.863541e-01,-5.281971e-01,4.482318e-18,166,4496
1.021500e-08,6.313462e-03,2.626867e-02,2.500027e-02,6.180838e+05,2.571692e+06,2.447481e+06,-1.414656e-03,-6.164529e-03,-5.619055e-03,4.482318e-18,166,44946
0.000000e+00,1.427516e-08,2.180687e-07,4.080793e-07,0.000000e+00,0.000000e+00,0.000000e+00,-3.231177e+06,-3.404553e+07,-3.910534e+07,3.926687e-18,167,0
1.134318e-09,3.301400e-04,2.353459e-03,2.500192e-03,2.912330e+05,2.075781e+06,2.204780e+06,-1.104838e-01,-7.022260e-01,-5.759768e-01,3.926687e-18,167,4991
1.133909e-08,3.302273e-03,2.353739e-02,2.500034e-02,2.912527e+05,2.075906e+06,2.204884e+06,-9.531303e-04,-6.165720e-03,-6.494107e-03,3.926687e-18,167,49892
0.000000e+00,-6.975858e-09,-6.434357e-08,2.989112e-07,0.000000e+00,0.000000e+00,0.000000e+00,1.632545e+06,2.687698e+07,-9.610778e+07,5.782103e-18,168,0
5.547727e-10,-4.417142e-05,-7.193436e-04,2.500217e-03,-7.963166e+04,-1.297010e+06,4.507689e+06,2.555347e-02,5.905977e-01,-1.831938e+00,5.782103e-18,168,2441
5.546136e-09,-4.416512e-04,-7.193408e-03,2.500039e-02,-7.963391e+04,-1.297062e+06,4.507849e+06,3.712074e-04,5.772505e-03,-1.853232e-02,5.782103e-18,168,24403
0.000000e+00,6.126574e-08,1.528904e-09,5.150917e-07,0.000000e+00,0.000000e+00,0.000000e+00,-1.125745e+07,3.887135e+06,-4.334292e+07,3.636669e-18,169,0
9.306818e-10,7.775537e-04,-1.244962e-04,2.500548e-03,8.362067e+05,-1.337522e+05,2.688261e+06,-5.854614e-01,1.408069e-02,-1.493846e+00,3.636669e-18,169,4095
9.299773e-09,7.776439e-03,-1.243895e-03,2.500037e-02,8.362926e+05,-1.337542e+05,2.688481e+06,-4.444538e-03,7.166368e-04,-1.585834e-02,3.636669e-18,169,40919
0.000000e+00,5.507833e-08,-1.652304e-07,3.770460e-07,0.000000e+00,0.000000e+00,0.000000e+00,-1.082075e+07,2.987079e+07,-4.875470e+07,4.377179e-18,170,0
9.268182e-10,6.124031e-04,-1.672949e-03,2.500465e-03,6.611080e+05,-1.805918e+06,2.698813e+06,-2.980279e-01,7.486242e-01,-9.338080e-01,4.377179e-18,170,4078
9.263409e-09,6.124091e-03,-1.672891e-02,2.500031e-02,6.611516e+05,-1.806028e+06,2.698950e+06,-2.546861e-03,6.954984e-03,-1.013688e-02,4.377179e-18,170,40759
0.000000e+00,5.510538e-08,-2.676033e-07,4.820731e-07,0.000000e+00,0.000000e+00,0.000000e+00,-6.564024e+06,3.006947e+07,-3.235932e+07,3.288508e-18,171,0
1.302045e-09,6.662452e-04,-2.593526e-03,2.500018e-03,5.119649e+05,-1.992848e+06,1.920547e+06,-1.582681e-01,5.953851e-01,-4.128265e-01,3.288508e-18,171,5729
1.301705e-08,6.664229e-03,-2.594093e-02,2.500005e-02,5.119973e+05,-1.992970e+06,1.920632e+06,-1.456419e-03,5.257848e-03,-5.137474e-03,3.288508e-18,171,57275
0.000000e+00,8.744521e-08,2.147265e-07,3.990384e-07,0.000000e+00,0.000000e+00,0.000000e+00,-1.942025e+07,-3.530269e+07,-4.415953e+07,3.923599e-18,172,0
1.037273e-09,1.209506e-03,2.180763e-03,2.500139e-03,1.166538e+06,2.103222e+06,2.410829e+06,-3.608391e-01,-6.429704e-01,-5.578041e-01,3.923599e-18,172,4564
1.037000e-08,1.209695e-02,2.181038e-02,2.500045e-02,1.166597e+06,2.103327e+06,2.410921e+06,-3.144648e-03,-5.621039e-03,-6.300426e-03,3.923599e-18,172,45628
0.000000e+00,1.466195e-07,6.563387e-09,6.507442e-07,0.000000e+00,0.000000e+00,0.000000e+00,-1.546608e+07,2.165361e+06,-3.649083e+07,2.801369e-18,173,0
9.856818e-10,1.064136e-03,-8.410689e-05,2.500385e-03,1.080293e+06,-8.530051e+04,2.537939e+06,-5.908516e-01,-1.883276e-02,-1.277999e+00,2.801369e-18,173,4337
9.850455e-09,1.064137e-02,-8.402549e-04,2.500009e-02,1.080385e+06,-8.529759e+04,2.538138e+06,-5.509428e-03,2.991402e-04,-1.426036e-02,2.801369e-18,173,43342
0.000000e+00,-1.990798e-07,8.704511e-08,3.449561e-07,0.000000e+00,0.000000e+00,0.000000e+00,3.971149e+07,-1.782883e+07,-4.760423e+07,4.387815e-18,174,0
9.904545e-10,-2.222134e-03,1.039549e-03,2.500064e-03,-2.244383e+06,1.049970e+06,2.524753e+06,6.861904e-01,-3.215065e-01,-6.141706e-01,4.387815e-18,174,4358
9.902045e-09,-2.222395e-02,1.039682e-02,2.500034e-02,-2.244490e+06,1.050020e+06,2.524849e+06,6.034347e-03,-2.837959e-03,-6.537631e-03,4.387815e-18,174,43569
0.000000e+00,-1.070415e-07,1.809345e-07,3.199337e-07,0.000000e+00,0.000000e+00,0.000000e+00,2.356988e+07,-3.834518e+07,-5.023646e+07,4.641746e-18,175,0
9.652273e-10,-1.214806e-03,2.065340e-03,2.500090e-03,-1.258966e+06,2.140526e+06,2.590760e+06,3.450263e-01,-6.637271e-01,-6.370208e-01,4.641746e-18,175,4247
9.649773e-09,-1.214873e-02,2.065557e-02,2.500036e-02,-1.259018e+06,2.140628e+06,2.590858e+06,3.140395e-03,-5.844884e-03,-6.772634e-03,4.641746e-18,175,42459
0.000000e+00,-6.262956e-08,-6.338409e-08,1.282049e-07,0.000000e+00,0.000000e+00,0.000000e+00,1.678422e+08,1.686139e+08,-3.218688e+08,1.064592e-17,176,0
1.940909e-10,-1.305209e-03,-1.311209e-03,2.502518e-03,-6.724541e+06,-6.755447e+06,1.289312e+07,5.312265e-01,5.336339e-01,-9.757778e-01,1.064592e-17,176,854
1.939091e-09,-1.303956e-02,-1.309949e-02,2.500105e-02,-6.724557e+06,-6.755463e+06,1.289315e+07,5.301854e-03,5.332471e-03,-9.785256e-03,1.064592e-17,176,8532
0.000000e+00,-2.086558e-07,-4.125440e-08,2.859602e-07,0.000000e+00,0.000000e+00,0.000000e+00,5.693980e+07,1.465324e+07,-5.414221e+07,4.938556e-18,177,0
9.618182e-10,-2.792284e-03,-7.238352e-04,2.500171e-03,-2.903885e+06,-7.528026e+05,2.599807e+06,6.666593e-01,1.915281e-01,-4.657587e-01,4.938556e-18,177,4232
9.616136e-09,-2.792416e-02,-7.239037e-03,2.500024e-02,-2.903986e+06,-7.528317e+05,2.599878e+06,6.012440e-03,1.616550e-03,-4.961496e-03,4.938556e-18,177,42311
0.000000e+00,1.786501e-07,-1.164535e-07,5.530889e-07,0.000000e+00,0.000000e+00,0.000000e+00,-2.051458e+07,1.319045e+07,-3.399650e+07,3.125580e-18,178,0
1.140682e-09,1.622791e-03,-9.882655e-04,2.500259e-03,1.423458e+06,-8.668569e+05,2.192651e+06,-5.704718e-01,3.478176e-01,-7.046353e-01,3.125580e-18,178,5019
1.140182e-08,1.622996e-02,-9.883734e-03,2.500042e-02,1.423561e+06,-8.669193e+05,2.192778e+06,-4.655689e-03,2.791064e-03,-8.526350e-03,3.125580e-18,178,50168
0.000000e+00,7.885297e-08,-2.394009e-07,2.850791e-07,0.000000e+00,0.000000e+00,0.000000e+00,-1.975219e+07,5.648282e+07,-4.502992e+07,4.617781e-18,179,0
1.143864e-09,1.173506e-03,-3.327998e-03,2.500224e-03,1.026175e+06,-2.910137e+06,2.186036e+06,-1.883376e-01,5.213421e-01,-2.857628e-01,4.617781e-18,179,5033
1.143636e-08,1.173570e-02,-3.328139e-02,2.500044e-02,1.026209e+06,-2.910231e+06,2.186087e+06,-1.635920e-03,4.452018e-03,-3.196315e-03,4.617781e-18,179,50320
0.000000e+00,3.706598e-08,1.361670e-07,6.293000e-07,0.000000e+00,0.000000e+00,0.000000e+00,-5.165591e+06,-1.456555e+07,-3.807213e+07,2.906850e-18,180,0
9.615909e-10,3.266351e-04,1.002918e-03,2.500180e-03,3.399505e+05,1.043688e+06,2.601323e+06,-2.223049e-01,-6.023106e-01,-1.339650e+00,2.906850e-18,180,4231
9.610455e-09,3.267062e-03,1.003029e-02,2.500012e-02,3.399842e+05,1.043780e+06,2.601527e+06,-1.712237e-03,-5.076896e-03,-1.438798e-02,2.906850e-18,180,42286
0.000000e+00,1.124590e-07,-1.413749e-07,3.572706e-07,0.000000e+00,0.000000e+00,0.000000e+00,-2.533535e+07,2.957649e+07,-4.975906e+07,4.510263e-18,181,0
9.493182e-10,1.417974e-03,-1.634461e-03,2.500333e-03,1.494301e+06,-1.722443e+06,2.634532e+06,-5.097447e-01,6.045526e-01,-7.539115e-01,4.510263e-18,181,4177
9.489318e-09,1.417985e-02,-1.634477e-02,2.500004e-02,1.494378e+06,-1.722534e+06,2.634645e+06,-4.557443e-03,5.381417e-03,-8.117866e-03,4.510263e-18,181,41753
0.000000e+00,2.410956e-07,-1.573764e-07,3.794628e-07,0.000000e+00,0.000000e+00,0.000000e+00,-3.474614e+07,2.033851e+07,-1.333251e+07,3.785224e-18,182,0
2.382273e-09,5.575449e-03,-3.311113e-03,2.500163e-03,2.341012e+06,-1.390261e+06,1.049594e+06,-1.790053e-01,1.062154e-01,-5.684307e-02,3.785224e-18,182,10482
2.272727e-08,5.320445e-02,-3.159664e-02,2.385451e-02,2.341078e+06,-1.390301e+06,1.049616e+06,-1.825016e-03,1.082738e-03,-8.180490e-04,3.785224e-18,182,100000
0.000000e+00,8.865775e-08,8.969269e-08,5.413100e-07,0.000000e+00,0.000000e+00,0.000000e+00,-1.027420e+07,-9.096801e+06,-2.868048e+07,3.378928e-18,183,0
1.150682e-09,8.956094e-04,8.556513e-04,2.500238e-03,7.789513e+05,7.442360e+05,2.174116e+06,-4.102240e-01,-4.188765e-01,-9.964417e-01,3.378928e-18,183,5063
1.149909e-08,8.957153e-03,8.557961e-03,2.500043e-02,7.790256e+05,7.443119e+05,2.174298e+06,-3.881231e-03,-3.849043e-03,-1.161801e-02,3.378928e-18,183,50596
0.000000e+00,2.925654e-08,-2.174082e-07,3.430820e-07,0.000000e+00,0.000000e+00,0.000000e+00,-2.607084e+06,4.669208e+07,-4.714181e+07,4.401781e-18,184,0
1.022727e-09,1.604593e-04,-2.688182e-03,2.500164e-03,1.569213e+05,-2.629347e+06,2.445087e+06,-3.216845e-02,7.096256e-01,-5.121764e-01,4.401781e-18,184,4500
1.022455e-08,1.604460e-03,-2.688382e-02,2.500004e-02,1.569265e+05,-2.629461e+06,2.445170e+06,-3.069679e-04,6.317826e-03,-5.551552e-03,4.401781e-18,184,44988
0.000000e+00,-1.920315e-07,1.169823e-07,5.322020e-07,0.000000e+00,0.000000e+00,0.000000e+00,2.290464e+07,-5.918249e+06,-4.076461e+07,3.201770e-18,185,0
9.734091e-10,-1.485364e-03,4.884327e-04,2.500462e-03,-1.526813e+06,5.020300e+05,2.569781e+06,7.327882e-01,-2.506423e-01,-1.047696e+00,3.201770e-18,185,4283
9.728409e-09,-1.485342e-02,4.883984e-03,2.500006e-02,-1.526925e+06,5.020684e+05,2.569942e+06,6.547474e-03,-2.215578e-03,-1.129130e-02,3.201770e-18,185,42805
0.000000e+00,1.577556e-07,1.925416e-07,2.827145e-07,0.000000e+00,0.000000e+00,0.000000e+00,-3.853859e+07,-4.611134e+07,-4.528328e+07,4.643459e-18,186,0
1.140455e-09,2.269141e-03,2.713202e-03,2.500268e-03,1.990169e+06,2.379629e+06,2.192600e+06,-3.587521e-01,-4.263485e-01,-2.813691e-01,4.643459e-18,186,5018
1.140205e-08,2.269198e-02,2.713263e-02,2.500026e-02,1.990233e+06,2.379706e+06,2.192651e+06,-3.049451e-03,-3.630032e-03,-3.153064e-03,4.643459e-18,186,50169
0.000000e+00,-9.197771e-08,2.196050e-07,2.984819e-07,0.000000e+00,0.000000e+00,0.000000e+00,2.010721e+07,-5.134604e+07,-4.655630e+07,4.615841e-18,187,0
1.190682e-09,-1.269369e-03,3.286677e-03,2.500452e-03,-1.066356e+06,2.761097e+06,2.100279e+06,1.883296e-01,-5.196710e-01,-2.941628e-01,4.615841e-18,187,5239
1.190318e-08,-1.269303e-02,3.286579e-02,2.500019e-02,-1.066392e+06,2.761194e+06,2.100335e+06,1.592745e-03,-4.393299e-03,-3.379714e-03,4.615841e-18,187,52374
0.000000e+00,-1.640270e-07,6.835575e-08,5.176934e-07,0.000000e+00,0.000000e+00,0.000000e+00,1.858459e+07,-7.247477e+06,-3.798466e+07,3.394514e-18,188,0
1.117273e-09,-1.793352e-03,8.512848e-06,2.500352e-03,-1.606200e+06,7.547264e+03,2.238711e+06,7.157705e-01,-1.979401e-02,-7.548196e-01,3.394514e-18,188,4916
1.116705e-08,-1.793634e-02,8.439018e-05,2.500000e-02,-1.606326e+06,7.550751e+03,2.238845e+06,5.636956e-03,1.361700e-04,-9.032848e-03,3.394514e-18,188,49135
0.000000e+00,2.058952e-07,4.605467e-08,4.346492e-07,0.000000e+00,0.000000e+00,0.000000e+00,-2.876967e+07,-9.737020e+06,-3.953273e+07,3.777217e-18,189,0
1.080682e-09,1.974846e-03,7.803918e-04,2.500335e-03,1.828400e+06,7.225661e+05,2.314454e+06,-7.295346e-01,-2.896066e-01,-7.139701e-01,3.777217e-18,189,4755
1.080182e-08,1.974998e-02,7.804953e-03,2.500044e-02,1.828525e+06,7.226154e+05,2.314576e+06,-6.219753e-03,-2.619845e-03,-7.843496e-03,3.777217e-18,189,47528
0.000000e+00,-1.039480e-07,-1.428074e-07,2.619677e-07,0.000000e+00,0.000000e+00,0.000000e+00,4.028043e+07,4.970299e+07,-7.611137e+07,5.534540e-18,190,0
7.186364e-10,-1.364836e-03,-1.675996e-03,2.500791e-03,-1.899608e+06,-2.332645e+06,3.480397e+06,5.197076e-01,6.174704e-01,-8.028528e-01,5.534540e-18,190,3162
7.183182e-09,-1.364525e-02,-1.675586e-02,2.500046e-02,-1.899667e+06,-2.332715e+06,3.480488e+06,5.056291e-03,5.938755e-03,-8.234334e-03,5.534540e-18,190,31606
0.000000e+00,7.310767e-08,-2.349174e-07,5.318707e-07,0.000000e+00,0.000000e+00,0.000000e+00,-2.245718e+07,2.243614e+07,-3.476821e+07,3.149055e-18,191,0
1.143409e-09,1.450487e-03,-1.850036e-03,2.500158e-03,1.269229e+06,-1.618777e+06,2.187139e+06,-4.414219e-01,5.561330e-01,-5.617167e-01,3.149055e-18,191,5031
1.143045e-08,1.450779e-02,-1.850332e-02,2.500022e-02,1.269309e+06,-1.618877e+06,2.187241e+06,-3.895055e-03,4.655269e-03,-6.598498e-03,3.149055e-18,191,50294
0.000000e+00,-4.465534e-10,2.697072e-07,3.062006e-07,0.000000e+00,0.000000e+00,0.000000e+00,-2.100045e+03,-5.377361e+07,-3.991721e+07,4.315812e-18,192,0
1.251818e-09,-1.803783e-05,3.660080e-03,2.500280e-03,-1.441954e+04,2.924616e+06,1.997574e+06,4.770630e-03,-5.271341e-01,-2.505291e-01,4.315812e-18,192,5508
1.251523e-08,-1.804598e-04,3.660220e-02,2.500024e-02,-1.442048e+04,2.924720e+06,1.997624e+06,8.390983e-05,-4.462410e-03,-2.943719e-03,4.315812e-18,192,55067
0.000000e+00,-2.308778e-07,-5.895193e-09,3.025652e-07,0.000000e+00,0.000000e+00,0.000000e+00,4.795901e+07,-1.947104e+06,-5.148457e+07,4.652832e-18,193,0
9.572727e-10,-2.511276e-03,8.586046e-05,2.500248e-03,-2.624244e+06,8.973263e+04,2.612408e+06,7.722225e-01,-2.606890e-02,-5.993887e-01,4.652832e-18,193,4212
9.569773e-09,-2.511341e-02,8.587109e-04,2.500026e-02,-2.624361e+06,8.973659e+04,2.612499e+06,7.092967e-03,-1.802256e-04,-6.418368e-03,4.652832e-18,193,42107
0.000000e+00,-6.039402e-08,1.108313e-07,1.571618e-07,0.000000e+00,0.000000e+00,0.000000e+00,7.485018e+07,-1.427385e+08,-1.780364e+08,8.345249e-18,194,0
3.468182e-10,-1.053022e-03,2.008309e-03,2.501186e-03,-3.036224e+06,5.790657e+06,7.211710e+06,3.421683e-01,-6.584223e-01,-7.553558e-01,8.345249e-18,194,1526
3.466591e-09,-1.052540e-02,2.007394e-02,2.500019e-02,-3.036242e+06,5.790693e+06,7.211752e+06,3.410891e-03,-6.530952e-03,-7.612582e-03,8.345249e-18,194,15253
0.000000e+00,-9.822831e-08,-2.549274e-07,3.569437e-07,0.000000e+00,0.000000e+00,0.000000e+00,1.693943e+07,4.155544e+07,-3.650669e+07,3.966609e-18,195,0
1.294545e-09,-1.322710e-03,-3.149590e-03,2.500140e-03,-1.022127e+06,-2.433797e+06,1.931602e+06,2.216627e-01,5.113447e-01,-2.844555e-01,3.966609e-18,195,5696
1.294273e-08,-1.322906e-02,-3.149990e-02,2.500035e-02,-1.022172e+06,-2.433901e+06,1.931661e+06,1.856940e-03,4.362014e-03,-3.374401e-03,3.966609e-18,195,56948
0.000000e+00,7.000803e-08,1.924278e-07,4.590111e-07,0.000000e+00,0.000000e+00,0.000000e+00,-1.085419e+07,-2.468667e+07,-3.806626e+07,3.654112e-18,196,0
1.107500e-09,7.844189e-04,1.735005e-03,2.500234e-03,7.087113e+05,1.567497e+06,2.258391e+06,-3.017476e-01,-6.637646e-01,-7.540264e-01,3.654112e-18,196,4873
1.106977e-08,7.845229e-03,1.735179e-02,2.500003e-02,7.087640e+05,1.567613e+06,2.258524e+06,-2.217277e-03,-5.516690e-03,-8.664975e-03,3.654112e-18,196,48707
0.000000e+00,-2.362313e-07,1.246343e-08,4.877471e-07,0.000000e+00,0.000000e+00,0.000000e+00,2.780842e+07,-4.494639e+06,-3.728521e+07,3.387729e-18,197,0
1.104773e-09,-2.040854e-03,2.833300e-04,2.500322e-03,-1.848346e+06,2.566219e+05,2.263946e+06,7.613278e-01,-1.087550e-01,-6.991183e-01,3.387729e-18,197,4861
1.104273e-08,-2.041073e-02,2.833782e-03,2.500032e-02,-1.848479e+06,2.566408e+05,2.264068e+06,6.408229e-03,-8.410921e-04,-7.892847e-03,3.387729e-18,197,48588
0.000000e+00,-1.104128e-07,2.249278e-08,3.580935e-07,0.000000e+00,0.000000e+00,0.000000e+00,2.973735e+07,-6.388678e+06,-6.775029e+07,4.806631e-18,198,0
7.161364e-10,-1.164200e-03,2.312645e-04,2.500026e-03,-1.626318e+06,3.230526e+05,3.491992e+06,7.495930e-01,-1.418835e-01,-1.400063e+00,4.806631e-18,198,3151
7.159318e-09,-1.164332e-02,2.312837e-03,2.500041e-02,-1.626403e+06,3.230687e+05,3.492150e+06,7.164477e-03,-1.560146e-03,-1.476839e-02,4.806631e-18,198,31501
0.000000e+00,-1.609240e-07,-2.224053e-07,4.830186e-07,0.000000e+00,0.000000e+00,0.000000e+00,1.871185e+07,2.535246e+07,-3.194083e+07,3.280283e-18,199,0
1.299773e-09,-1.553247e-03,-2.194326e-03,2.500018e-03,-1.195609e+06,-1.689075e+06,1.923905e+06,3.704510e-01,5.144850e-01,-4.123909e-01,3.280283e-18,199,5719
1.299432e-08,-1.553609e-02,-2.194831e-02,2.500004e-02,-1.195685e+06,-1.689180e+06,1.923991e+06,3.189289e-03,4.476614e-03,-5.092288e-03,3.280283e-18,199,57175
0.000000e+00,-2.476763e-09,2.219354e-08,4.665353e-07,0.000000e+00,0.000000e+00,0.000000e+00,1.761854e+06,-6.401362e+06,-4.982841e+07,3.987807e-18,200,0
8.277273e-10,-1.131777e-04,3.802507e-04,2.500206e-03,-1.368760e+05,4.597708e+05,3.022249e+06,1.244065e-01,-3.317659e-01,-1.828222e+00,3.987807e-18,200,3642
8.272045e-09,-1.132227e-03,3.803198e-03,2.500026e-02,-1.368923e+05,4.598142e+05,3.022489e+06,7.196976e-04,-3.197896e-03,-1.902685e-02,3.987807e-18,200,36397
0.000000e+00,-1.358762e-07,7.092302e-08,1.775373e-07,0.000000e+00,0.000000e+00,0.000000e+00,1.285695e+08,-7.515105e+07,-1.491798e+08,7.249765e-18,201,0
4.113636e-10,-2.159977e-03,1.262620e-03,2.500501e-03,-5.250792e+06,3.069385e+06,6.078504e+06,6.155193e-01,-3.637274e-01,-6.524144e-01,7.249765e-18,201,1810
4.112955e-09,-2.159638e-02,1.262430e-02,2.500076e-02,-5.250832e+06,3.069408e+06,6.078546e+06,6.126919e-03,-3.583046e-03,-6.567237e-03,7.249765e-18,201,18097
0.000000e+00,1.425477e-07,6.613827e-08,3.677383e-07,0.000000e+00,0.000000e+00,0.000000e+00,-3.197739e+07,-1.415038e+07,-5.531929e+07,4.503118e-18,202,0
8.384091e-10,1.569529e-03,6.939119e-04,2.500458e-03,1.872832e+06,8.279930e+05,2.983276e+06,-7.564332e-01,-3.240874e-01,-1.041441e+00,4.503118e-18,202,3689
8.380227e-09,1.569471e-02,6.938752e-03,2.500064e-02,1.872932e+06,8.280359e+05,2.983414e+06,-7.102266e-03,-3.145905e-03,-1.077685e-02,4.503118e-18,202,36873
0.000000e+00,-1.322595e-07,3.628788e-08,1.651310e-07,0.000000e+00,0.000000e+00,0.000000e+00,1.405123e+08,-3.720199e+07,-1.550493e+08,7.866234e-18,203,0
3.959091e-10,-2.271752e-03,6.013408e-04,2.501040e-03,-5.738118e+06,1.518896e+06,6.317182e+06,7.130119e-01,-1.862697e-01,-7.193055e-01,7.866234e-18,203,1742
3.957500e-09,-2.270871e-02,6.011061e-03,2.500039e-02,-5.738163e+06,1.518908e+06,6.317227e+06,7.101589e-03,-1.836350e-03,-7.238398e-03,7.866234e-18,203,17413
0.000000e+00,-4.357665e-08,-2.436185e-07,4.361275e-07,0.000000e+00,0.000000e+00,0.000000e+00,1.154628e+06,3.163635e+07,-3.265801e+07,3.645081e-18,204,0
1.310455e-09,-1.764863e-04,-2.667473e-03,2.500228e-03,-1.347279e+05,-2.036513e+06,1.908402e+06,3.772925e-02,5.862066e-01,-4.006038e-01,3.645081e-18,204,5766
1.310000e-08,-1.764943e-03,-2.667822e-02,2.500023e-02,-1.347357e+05,-2.036634e+06,1.908486e+06,3.687821e-04,5.384421e-03,-5.138718e-03,3.645081e-18,204,57640
0.000000e+00,8.100377e-08,-8.658140e-08,6.623103e-07,0.000000e+00,0.000000e+00,0.000000e+00,-5.377152e+06,2.846761e+06,-3.829702e+07,2.789466e-18,205,0
9.088636e-10,4.085973e-04,-2.483910e-04,2.500309e-03,4.499744e+05,-2.735163e+05,2.752602e+06,-3.656151e-01,2.232886e-01,-1.692107e+00,2.789466e-18,205,3999
9.082273e-09,4.086777e-03,-2.484168e-03,2.500009e-02,4.500268e+05,-2.735483e+05,2.752845e+06,-3.444271e-03,1.654068e-03,-1.776268e-02,2.789466e-18,205,39962
0.000000e+00,-1.907680e-09,-2.620421e-08,6.025008e-07,0.000000e+00,0.000000e+00,0.000000e+00,7.418540e+05,2.688382e+06,-3.843522e+07,3.142555e-18,206,0
9.436364e-10,-5.750472e-05,-1.937437e-04,2.500410e-03,-6.095691e+04,-2.054232e+05,2.651310e+06,1.241710e-02,8.332285e-02,-1.587676e+00,3.142555e-18,206,4152
9.429318e-09,-5.747789e-04,-1.936987e-03,2.500024e-02,-6.095879e+04,-2.054356e+05,2.651547e+06,2.420649e-04,1.464149e-03,-1.766679e-02,3.142555e-18,206,41489
0.000000e+00,2.763582e-08,-2.177404e-07,2.941046e-07,0.000000e+00,0.000000e+00,0.000000e+00,-6.097487e+06,5.626926e+07,-5.333525e+07,4.811102e-18,207,0
9.602273e-10,2.994657e-04,-2.786533e-03,2.500580e-03,3.119443e+05,-2.902739e+06,2.604582e+06,-7.121719e-02,6.974920e-01,-4.998282e-01,4.811102e-18,207,4225
9.598636e-09,2.994245e-03,-2.786234e-02,2.500057e-02,3.119551e+05,-2.902845e+06,2.604658e+06,-6.119901e-04,6.473092e-03,-5.301918e-03,4.811102e-18,207,42234
0.000000e+00,9.675052e-08,-2.282434e-08,2.285675e-07,0.000000e+00,0.000000e+00,0.000000e+00,-6.784564e+07,1.470268e+07,-1.400534e+08,6.895723e-18,208,0
4.254545e-10,1.218833e-03,-2.635877e-04,2.500690e-03,2.864992e+06,-6.195829e+05,5.877982e+06,-7.470604e-01,1.569851e-01,-1.408720e+00,6.895723e-18,208,1872
4.253182e-09,1.218540e-02,-2.635216e-03,2.500030e-02,2.865042e+06,-6.195935e+05,5.878077e+06,-7.480224e-03,1.542351e-03,-1.418546e-02,6.895723e-18,208,18714
0.000000e+00,-1.878659e-07,1.279288e-07,5.242924e-07,0.000000e+00,0.000000e+00,0.000000e+00,2.009213e+07,-1.565684e+07,-3.516605e+07,3.238532e-18,209,0
1.405227e-09,-1.959979e-03,8.190484e-04,2.500296e-03,-1.395787e+06,5.831716e+05,1.780030e+06,5.841784e-01,-2.489927e-01,-6.046322e-01,3.238532e-18,209,6183
1.404455e-08,-1.960313e-02,8.190516e-03,2.500007e-02,-1.395916e+06,5.832266e+05,1.780166e+06,5.541775e-03,-2.312787e-03,-7.081474e-03,3.238532e-18,209,61796
0.000000e+00,1.235151e-08,-7.015500e-09,4.462888e-07,0.000000e+00,0.000000e+00,0.000000e+00,-2.159064e+06,-9.310341e+05,-5.214732e+07,4.159683e-18,210,0
7.872727e-10,1.406110e-04,7.619064e-05,2.500586e-03,1.787985e+05,9.685596e+04,3.178039e+06,-1.505505e-01,-7.234943e-02,-1.986576e+00,4.159683e-18,210,3464
7.866591e-09,1.406492e-03,7.619174e-04,2.500039e-02,1.788172e+05,9.686495e+04,3.178287e+06,-1.474216e-03,-8.135024e-04,-2.051352e-02,4.159683e-18,210,34613
0.000000e+00,1.579902e-07,-1.227199e-07,4.468475e-07,0.000000e+00,0.000000e+00,0.000000e+00,-2.697244e+07,1.899372e+07,-4.501218e+07,3.762189e-18,211,0
9.568182e-10,1.533004e-03,-1.124677e-03,2.500562e-03,1.602932e+06,-1.175971e+06,2.614249e+06,-6.345806e-01,4.561928e-01,-8.856658e-01,3.762189e-18,211,4210
9.562955e-09,1.532874e-02,-1.124573e-02,2.500010e-02,1.603028e+06,-1.176040e+06,2.614383e+06,-5.667307e-03,4.350866e-03,-9.394678e-03,3.762189e-18,211,42077
0.000000e+00,-1.543997e-07,-4.264138e-08,5.183736e-07,0.000000e+00,0.000000e+00,0.000000e+00,1.701564e+07,3.840433e+06,-3.863588e+07,3.436572e-18,212,0
1.046818e-09,-1.264177e-03,-2.530629e-04,2.500159e-03,-1.208485e+06,-2.419145e+05,2.389427e+06,6.557194e-01,1.429400e-01,-1.027578e+00,3.436572e-18,212,4606
1.046273e-08,-1.264401e-02,-2.531092e-03,2.500012e-02,-1.208593e+06,-2.419380e+05,2.389598e+06,4.872008e-03,8.784860e-04,-1.192610e-02,3.436572e-18,212,46036
0.000000e+00,-6.715850e-08,-1.699481e-07,2.889947e-07,0.000000e+00,0.000000e+00,0.000000e+00,1.873810e+07,5.082882e+07,-6.689314e+07,5.164801e-18,213,0
7.802273e-10,-7.353064e-04,-1.972724e-03,2.500128e-03,-9.426760e+05,-2.529060e+06,3.204954e+06,2.873297e-01,7.556258e-01,-8.310025e-01,5.164801e-18,213,3433
7.800455e-09,-7.353311e-03,-1.972784e-02,2.500023e-02,-9.427114e+05,-2.529153e+06,3.205057e+06,2.879263e-03,7.322024e-03,-8.560053e-03,5.164801e-18,213,34322
0.000000e+00,4.194697e-08,-1.469991e-07,6.248560e-07,0.000000e+00,0.000000e+00,0.000000e+00,-1.152355e+07,1.851485e+07,-3.085507e+07,2.941199e-18,214,0
1.141591e-09,8.919547e-04,-1.413271e-03,2.500412e-03,7.818790e+05,-1.238794e+06,2.191145e+06,-3.535218e-01,5.751933e-01,-7.984742e-01,2.941199e-18,214,5023
1.140955e-08,8.920793e-03,-1.413403e-02,2.500021e-02,7.819425e+05,-1.238897e+06,2.191290e+06,-3.184051e-03,4.925621e-03,-9.394247e-03,2.941199e-18,214,50202
0.000000e+00,-1.242004e-08,1.493472e-07,6.225845e-07,0.000000e+00,0.000000e+00,0.000000e+00,2.472150e+07,-1.427879e+08,-4.023231e+07,2.964141e-18,215,0
1.452955e-09,-1.494996e-03,8.651412e-03,2.500170e-03,-1.028977e+06,5.954549e+06,1.720400e+06,2.262148e-02,-1.313938e-01,-2.915781e-02,2.964141e-18,215,6393
1.453136e-08,-1.495243e-02,8.652776e-02,2.500034e-02,-1.028982e+06,5.954578e+06,1.720407e+06,1.967090e-04,-1.138690e-03,-3.285807e-04,2.964141e-18,215,63938
0.000000e+00,-2.221838e-07,-5.526689e-08,5.008770e-07,0.000000e+00,0.000000e+00,0.000000e+00,2.544732e+07,5.138834e+06,-3.634259e+07,3.347404e-18,216,0
1.124545e-09,-1.918685e-03,-2.498242e-04,2.500277e-03,-1.707205e+06,-2.222903e+05,2.224119e+06,7.315616e-01,1.251379e-01,-6.934723e-01,3.347404e-18,216,4948
1.124045e-08,-1.918971e-02,-2.498678e-03,2.500030e-02,-1.707335e+06,-2.223124e+05,2.224243e+06,5.935284e-03,8.314204e-04,-8.248383e-03,3.347404e-18,216,49458
0.000000e+00,-1.760206e-07,-6.127935e-08,6.143214e-07,0.000000e+00,0.000000e+00,0.000000e+00,1.681914e+07,6.823064e+06,-3.418070e+07,2.897693e-18,217,0
1.055000e-09,-1.301398e-03,-5.173776e-04,2.500066e-03,-1.234335e+06,-4.907780e+05,2.370746e+06,6.047547e-01,2.824226e-01,-9.935962e-01,2.897693e-18,217,4642
1.054523e-08,-1.301630e-02,-5.175342e-03,2.500029e-02,-1.234435e+06,-4.908250e+05,2.370912e+06,5.087138e-03,1.958681e-03,-1.129603e-02,2.897693e-18,217,46399
0.000000e+00,2.964484e-08,2.679166e-08,2.978707e-07,0.000000e+00,0.000000e+00,0.000000e+00,-1.298175e+07,-1.320926e+07,-1.013268e+08,5.864819e-18,218,0
5.318182e-10,3.276849e-04,3.365769e-04,2.500729e-03,6.163251e+05,6.330630e+05,4.703187e+06,-2.857059e-01,-3.001711e-01,-1.972650e+00,5.864819e-18,218,2340
5.315682e-09,3.276195e-03,3.365164e-03,2.500079e-02,6.163491e+05,6.330882e+05,4.703353e+06,-2.786722e-03,-3.059313e-03,-1.985690e-02,5.864819e-18,218,23389
0.000000e+00,7.532672e-08,-5.118326e-08,3.142074e-07,0.000000e+00,0.000000e+00,0.000000e+00,-2.733524e+07,1.548221e+07,-8.460980e+07,5.428281e-18,219,0
6.113636e-10,8.394176e-04,-4.715060e-04,2.500439e-03,1.373462e+06,-7.714553e+05,4.090898e+06,-6.163642e-01,3.309240e-01,-1.632954e+00,5.428281e-18,219,2690
6.111136e-09,8.393419e-03,-4.714480e-03,2.500017e-02,1.373522e+06,-7.714873e+05,4.091056e+06,-6.144121e-03,3.340835e-03,-1.651024e-02,5.428281e-18,219,26889
0.000000e+00,-5.462107e-08,1.664683e-07,5.280009e-07,0.000000e+00,0.000000e+00,0.000000e+00,3.792852e+06,-1.421058e+07,-3.450855e+07,3.356991e-18,220,0
1.084318e-09,-3.898202e-04,1.181246e-03,2.500524e-03,-3.597986e+05,1.090206e+06,2.307308e+06,2.198345e-01,-5.997147e-01,-1.058401e+00,3.356991e-18,220,4771
1.083523e-08,-3.898487e-03,1.181257e-02,2.500034e-02,-3.598362e+05,1.090308e+06,2.307490e+06,1.500562e-03,-5.055051e-03,-1.219832e-02,3.356991e-18,220,47675
0.000000e+00,9.216435e-08,-9.876839e-08,4.168222e-07,0.000000e+00,0.000000e+00,0.000000e+00,-1.591102e+07,1.412710e+07,-5.019148e+07,4.201307e-18,221,0
8.538636e-10,9.032841e-04,-7.581645e-04,2.500248e-03,1.058483e+06,-8.884330e+05,2.929512e+06,-5.440211e-01,4.853351e-01,-1.438824e+00,4.201307e-18,221,3757
8.533864e-09,9.032902e-03,-7.581746e-03,2.500013e-02,1.058557e+06,-8.884984e+05,2.929706e+06,-5.095499e-03,4.750006e-03,-1.486502e-02,4.201307e-18,221,37549
0.000000e+00,-1.056760e-07,-4.206048e-08,1.356607e-07,0.000000e+00,0.000000e+00,0.000000e+00,1.979464e+08,7.956915e+07,-2.314529e+08,9.432775e-18,222,0
2.688636e-10,-2.140147e-03,-8.602961e-04,2.501057e-03,-7.959817e+06,-3.199688e+06,9.302081e+06,6.697159e-01,2.703759e-01,-7.339240e-01,9.432775e-18,222,1183
2.687727e-09,-2.139391e-02,-8.599929e-03,2.500158e-02,-7.959845e+06,-3.199700e+06,9.302112e+06,6.680893e-03,2.676853e-03,-7.396768e-03,9.432775e-18,222,11826
0.000000e+00,-2.588743e-07,-8.662100e-08,3.196998e-07,0.000000e+00,0.000000e+00,0.000000e+00,4.803584e+07,1.608782e+07,-3.902048e+07,4.202377e-18,223,0
1.254545e-09,-3.339237e-03,-1.118147e-03,2.500089e-03,-2.662499e+06,-8.915367e+05,1.993109e+06,5.151418e-01,1.700237e-01,-2.696193e-01,4.202377e-18,223,5520
1.254318e-08,-3.339618e-02,-1.118269e-02,2.500007e-02,-2.662601e+06,-8.915702e+05,1.993163e+06,4.298439e-03,1.443161e-03,-3.150248e-03,4.202377e-18,223,55190
0.000000e+00,-6.833315e-08,-3.916384e-08,2.242005e-07,0.000000e+00,0.000000e+00,0.000000e+00,5.441680e+07,3.228198e+07,-1.579153e+08,7.228347e-18,224,0
3.809091e-10,-8.657028e-04,-5.138425e-04,2.501394e-03,-2.272858e+06,-1.349074e+06,6.567146e+06,5.901429e-01,3.577328e-01,-1.588799e+00,7.228347e-18,224,1676
3.806818e-09,-8.652408e-03,-5.135708e-03,2.500011e-02,-2.272893e+06,-1.349095e+06,6.567241e+06,5.855105e-03,3.549727e-03,-1.602026e-02,7.228347e-18,224,16750
0.000000e+00,-8.192784e-08,1.020641e-07,2.927329e-07,0.000000e+00,0.000000e+00,0.000000e+00,2.811520e+07,-3.828937e+07,-8.042552e+07,5.500549e-18,225,0
6.552273e-10,-8.912869e-04,1.228929e-03,2.500370e-03,-1.360615e+06,1.876098e+06,3.816787e+06,4.829662e-01,-6.965722e-01,-1.234145e+00,5.500549e-18,225,2883
6.550000e-09,-8.912044e-03,1.228846e-02,2.500008e-02,-1.360665e+06,1.876171e+06,3.816915e+06,4.677185e-03,-6.765320e-03,-1.253254e-02,5.500549e-18,225,28820
0.000000e+00,1.697020e-07,1.343154e-07,3.206334e-07,0.000000e+00,0.000000e+00,0.000000e+00,-4.348345e+07,-3.098765e+07,-5.002377e+07,4.583378e-18,226,0
9.968182e-10,2.289755e-03,1.611185e-03,2.500081e-03,2.297755e+06,1.616771e+06,2.508492e+06,-5.711221e-01,-3.818596e-01,-4.877214e-01,4.583378e-18,226,4386
9.966136e-09,2.289972e-02,1.611297e-02,2.500011e-02,2.297845e+06,1.616831e+06,2.508569e+06,-5.182331e-03,-3.438646e-03,-5.191459e-03,4.583378e-18,226,43851
0.000000e+00,-6.179695e-08,-2.460304e-07,4.396638e-07,0.000000e+00,0.000000e+00,0.000000e+00,1.108614e+07,3.490182e+07,-2.674938e+07,3.603034e-18,227,0
1.541136e-09,-1.089167e-03,-3.460029e-03,2.500325e-03,-7.070271e+05,-2.246039e+06,1.622680e+06,1.406272e-01,4.518950e-01,-2.199407e-01,3.603034e-18,227,6781
1.540659e-08,-1.089281e-02,-3.460363e-02,2.500014e-02,-7.070612e+05,-2.246148e+06,1.622735e+06,1.275300e-03,4.046231e-03,-2.923756e-03,3.603034e-18,227,67789
0.000000e+00,4.623711e-08,1.306229e-07,5.672568e-07,0.000000e+00,0.000000e+00,0.000000e+00,-9.574894e+06,-1.051866e+07,-3.681302e+07,3.219431e-18,228,0
1.023864e-09,6.573119e-04,8.416383e-04,2.500472e-03,6.424803e+05,8.226402e+05,2.443459e+06,-3.661210e-01,-4.919833e-01,-1.201752e+00,3.219431e-18,228,4505
1.023136e-08,6.573400e-03,8.416704e-03,2.500010e-02,6.425394e+05,8.227196e+05,2.443654e+06,-2.946213e-03,-3.652060e-03,-1.324851e-02,3.219431e-18,228,45018
0.000000e+00,7.247624e-09,2.446188e-07,3.865155e-07,0.000000e+00,0.000000e+00,0.000000e+00,-2.818163e+06,-3.599804e+07,-4.256347e+07,3.941323e-18,229,0
1.087727e-09,3.515500e-04,2.501210e-03,2.500455e-03,3.233884e+05,2.300453e+06,2.299362e+06,-1.084980e-01,-7.120986e-01,-5.552712e-01,3.941323e-18,229,4786
1.087273e-08,3.516056e-03,2.501213e-02,2.500048e-02,3.234070e+05,2.300575e+06,2.299458e+06,-8.466495e-04,-6.244211e-03,-6.087569e-03,3.941323e-18,229,47840
0.000000e+00,-1.811479e-07,1.459474e-07,4.577026e-07,0.000000e+00,0.000000e+00,0.000000e+00,2.791646e+07,-1.240924e+07,-3.379309e+07,3.573168e-18,230,0
1.282500e-09,-2.355796e-03,1.218812e-03,2.500045e-03,-1.837838e+06,9.508249e+05,1.949846e+06,5.576812e-01,-2.922151e-01,-4.233644e-01,3.573168e-18,230,5643
1.282159e-08,-2.356385e-02,1.219103e-02,2.500032e-02,-1.837951e+06,9.508838e+05,1.949933e+06,4.786815e-03,-2.351009e-03,-5.215925e-03,3.573168e-18,230,56415
0.000000e+00,8.274696e-08,6.659516e-08,2.476474e-07,0.000000e+00,0.000000e+00,0.000000e+00,-4.703917e+07,-3.717180e+07,-1.180706e+08,6.417107e-18,231,0
4.913636e-10,1.007492e-03,7.956327e-04,2.500518e-03,2.050664e+06,1.619437e+06,5.089399e+06,-6.215780e-01,-4.865876e-01,-1.396742e+00,6.417107e-18,231,2162
4.912273e-09,1.007347e-02,7.955156e-03,2.500069e-02,2.050713e+06,1.619475e+06,5.089508e+06,-6.173790e-03,-4.841685e-03,-1.404859e-02,6.417107e-18,231,21614
0.000000e+00,1.278461e-07,-1.027662e-07,4.382838e-07,0.000000e+00,0.000000e+00,0.000000e+00,-8.257622e+06,8.449512e+06,-4.805551e+07,3.953356e-18,232,0
8.754545e-10,7.084319e-04,-5.254053e-04,2.500330e-03,8.098023e+05,-6.005557e+05,2.857622e+06,-5.140216e-01,3.803772e-01,-1.613833e+00,3.953356e-18,232,3852
8.748636e-09,7.084615e-03,-5.254032e-03,2.500036e-02,8.098733e+05,-6.006083e+05,2.857845e+06,-4.827525e-03,3.734947e-03,-1.674305e-02,3.953356e-18,232,38494
0.000000e+00,1.270038e-07,7.570799e-08,6.469197e-07,0.000000e+00,0.000000e+00,0.000000e+00,-1.582716e+07,-6.955957e+06,-3.439629e+07,2.820456e-18,233,0
1.021818e-09,1.036927e-03,5.323907e-04,2.500525e-03,1.015481e+06,5.213838e+05,2.448306e+06,-5.601558e-01,-3.054938e-01,-1.166467e+00,2.820456e-18,233,4496
1.021114e-08,1.036919e-02,5.323927e-03,2.500022e-02,1.015571e+06,5.214330e+05,2.448495e+06,-4.569497e-03,-1.925869e-03,-1.306950e-02,2.820456e-18,233,44929
0.000000e+00,6.932363e-08,-1.584285e-07,5.064060e-07,0.000000e+00,0.000000e+00,0.000000e+00,-9.430006e+06,2.127611e+07,-3.763656e+07,3.487388e-18,234,0
1.084545e-09,6.659689e-04,-1.677664e-03,2.500439e-03,6.144250e+05,-1.547867e+06,2.306405e+06,-2.756586e-01,6.902868e-01,-8.236252e-01,3.487388e-18,234,4772
1.083932e-08,6.659926e-03,-1.677771e-02,2.500003e-02,6.144721e+05,-1.547985e+06,2.306546e+06,-2.349937e-03,5.652867e-03,-9.282651e-03,3.487388e-18,234,47693
0.000000e+00,-4.342791e-08,-9.028894e-08,4.197741e-07,0.000000e+00,0.000000e+00,0.000000e+00,9.777232e+06,1.371670e+07,-4.989276e+07,4.271959e-18,235,0
9.022727e-10,-6.347554e-04,-9.188246e-04,2.500630e-03,-7.040366e+05,-1.019114e+06,2.772857e+06,4.153538e-01,6.335636e-01,-1.405184e+00,4.271959e-18,235,3970
9.016136e-09,-6.347610e-03,-9.188379e-03,2.500056e-02,-7.040957e+05,-1.019204e+06,2.773058e+06,3.900443e-03,5.837649e-03,-1.471365e-02,4.271959e-18,235,39671
0.000000e+00,4.324103e-08,-5.206436e-08,4.967745e-07,0.000000e+00,0.000000e+00,0.000000e+00,-3.154565e+06,5.678472e+06,-4.627985e+07,3.753725e-18,236,0
8.611364e-10,1.117314e-04,-3.165581e-04,2.500080e-03,1.298453e+05,-3.678945e+05,2.905018e+06,-1.299046e-01,2.791108e-01,-1.863342e+00,3.753725e-18,236,3789
8.605909e-09,1.117467e-03,-3.166060e-03,2.500041e-02,1.298629e+05,-3.679324e+05,2.905272e+06,-1.056833e-03,2.726898e-03,-1.954780e-02,3.753725e-18,236,37866
0.000000e+00,8.220165e-08,2.093911e-07,3.744320e-07,0.000000e+00,0.000000e+00,0.000000e+00,-1.470602e+07,-3.814288e+07,-4.284247e+07,4.128613e-18,237,0
1.107955e-09,8.549846e-04,2.646573e-03,2.500117e-03,7.719387e+05,2.389619e+06,2.256992e+06,-2.041916e-01,-6.374428e-01,-4.708128e-01,4.128613e-18,237,4875
1.107682e-08,8.550631e-03,2.646928e-02,2.500044e-02,7.719744e+05,2.389731e+06,2.257075e+06,-1.708462e-03,-5.503656e-03,-5.245681e-03,4.128613e-18,237,48738
0.000000e+00,1.557811e-07,1.287225e-07,3.282277e-07,0.000000e+00,0.000000e+00,0.000000e+00,-3.282750e+07,-2.816804e+07,-5.615786e+07,4.614312e-18,238,0
8.715909e-10,1.575707e-03,1.343637e-03,2.500413e-03,1.808493e+06,1.542138e+06,2.869479e+06,-6.228497e-01,-5.278121e-01,-8.042386e-01,4.614312e-18,238,3835
8.712500e-09,1.575649e-02,1.343588e-02,2.500046e-02,1.808579e+06,1.542211e+06,2.869590e+06,-5.974334e-03,-4.951565e-03,-8.552125e-03,4.614312e-18,238,38335
0.000000e+00,-2.929821e-08,2.136622e-07,5.517834e-07,0.000000e+00,0.000000e+00,0.000000e+00,-2.576567e+06,-2.111157e+07,-3.716379e+07,3.132141e-18,239,0
1.001818e-09,1.062710e-04,1.478439e-03,2.500486e-03,1.061489e+05,1.476727e+06,2.497078e+06,-3.421776e-02,-7.924675e-01,-1.093237e+00,3.132141e-18,239,4408
1.001182e-08,1.062713e-03,1.478468e-02,2.500045e-02,1.061543e+05,1.476852e+06,2.497251e+06,-3.259950e-05,-6.665843e-03,-1.184070e-02,3.132141e-18,239,44052
0.000000e+00,-9.015521e-08,2.223524e-07,3.371648e-07,0.000000e+00,0.000000e+00,0.000000e+00,1.929769e+07,-4.568828e+07,-3.768655e+07,4.311577e-18,240,0
1.265000e-09,-1.281535e-03,3.213765e-03,2.500191e-03,-1.013369e+06,2.541312e+06,1.976733e+06,1.928263e-01,-4.917422e-01,-2.750581e-01,4.311577e-18,240,5566
1.264727e-08,-1.281634e-02,3.214060e-02,2.500042e-02,-1.013407e+06,2.541410e+06,1.976788e+06,1.596342e-03,-4.267686e-03,-3.291815e-03,4.311577e-18,240,55648
0.000000e+00,-1.226801e-07,-1.760196e-08,2.977284e-07,0.000000e+00,0.000000e+00,0.000000e+00,4.218298e+07,9.051143e+06,-7.964412e+07,5.481709e-18,241,0
6.531818e-10,-1.371230e-03,-2.964253e-04,2.500850e-03,-2.099914e+06,-4.539777e+05,3.829554e+06,8.121525e-01,1.949469e-01,-1.331310e+00,5.481709e-18,241,2874
6.528182e-09,-1.370863e-02,-2.963642e-03,2.500015e-02,-2.099998e+06,-4.539978e+05,3.829691e+06,7.864663e-03,1.821234e-03,-1.349687e-02,5.481709e-18,241,28724
0.000000e+00,4.282607e-08,-8.164820e-08,4.174479e-07,0.000000e+00,0.000000e+00,0.000000e+00,-9.164869e+06,1.258902e+07,-5.382183e+07,4.316797e-18,242,0
7.970455e-10,4.360633e-04,-6.576859e-04,2.500675e-03,5.474529e+05,-8.256619e+05,3.138906e+06,-3.511246e-01,5.022047e-01,-1.669399e+00,4.316797e-18,242,3507
7.964545e-09,4.360194e-03,-6.575992e-03,2.500003e-02,5.474970e+05,-8.257251e+05,3.139117e+06,-3.285623e-03,4.840706e-03,-1.734166e-02,4.316797e-18,242,35044
0.000000e+00,-1.360770e-07,1.538129e-07,1.845821e-07,0.000000e+00,0.000000e+00,0.000000e+00,7.136423e+07,-8.062456e+07,-7.705459e+07,6.175352e-18,243,0
7.634091e-10,-2.346624e-03,2.651500e-03,2.500507e-03,-3.074104e+06,3.473495e+06,3.275571e+06,3.632712e-01,-4.110667e-01,-3.240770e-01,6.175352e-18,243,3359
7.632273e-09,-2.346248e-02,2.651074e-02,2.500018e-02,-3.074148e+06,3.473545e+06,3.275610e+06,3.512705e-03,-3.972056e-03,-3.328720e-03,6.175352e-18,243,33582
0.000000e+00,1.247595e-07,9.226026e-08,1.966826e-07,0.000000e+00,0.000000e+00,0.000000e+00,-8.612956e+07,-6.377378e+07,-1.143067e+08,6.799475e-18,244,0
5.236364e-10,1.897200e-03,1.404855e-03,2.500603e-03,3.623335e+06,2.683040e+06,4.775607e+06,-6.057745e-01,-4.484838e-01,-7.101845e-01,6.799475e-18,244,2304
5.235000e-09,1.896824e-02,1.404578e-02,2.500045e-02,3.623385e+06,2.683077e+06,4.775666e+06,-5.994616e-03,-4.452107e-03,-7.165832e-03,6.799475e-18,244,23034
0.000000e+00,-1.974581e-07,1.846627e-08,2.942647e-07,0.000000e+00,0.000000e+00,0.000000e+00,5.314588e+07,-5.958436e+06,-5.970607e+07,4.974209e-18,245,0
8.513636e-10,-2.321072e-03,2.632566e-04,2.500300e-03,-2.727070e+06,3.093223e+05,2.937384e+06,7.808253e-01,-1.007670e-01,-7.043558e-01,4.974209e-18,245,3746
8.511136e-09,-2.321048e-02,2.632681e-03,2.500059e-02,-2.727175e+06,3.093359e+05,2.937479e+06,7.384196e-03,-9.596137e-04,-7.348636e-03,4.974209e-18,245,37449
0.000000e+00,1.757752e-07,-1.498816e-07,3.618793e-07,0.000000e+00,0.000000e+00,0.000000e+00,-3.231921e+07,3.024289e+07,-4.349835e+07,4.194502e-18,246,0
1.096136e-09,2.034129e-03,-1.893132e-03,2.500346e-03,1.856413e+06,-1.727728e+06,2.281482e+06,-5.079015e-01,4.595620e-01,-4.397328e-01,4.194502e-18,246,4823
1.095773e-08,2.034203e-02,-1.893193e-02,2.500001e-02,1.856501e+06,-1.727807e+06,2.281559e+06,-4.201296e-03,3.991540e-03,-5.082281e-03,4.194502e-18,246,48214
0.000000e+00,-7.546498e-08,-2.055903e-07,5.210482e-07,0.000000e+00,0.000000e+00,0.000000e+00,6.546534e+06,2.486141e+07,-4.072309e+07,3.288040e-18,247,0
9.922727e-10,-5.073270e-04,-1.639636e-03,2.500082e-03,-5.115424e+05,-1.653401e+06,2.520623e+06,2.035963e-01,8.104905e-01,-1.069275e+00,3.288040e-18,247,4366
9.918182e-09,-5.073544e-03,-1.639868e-02,2.500017e-02,-5.115743e+05,-1.653527e+06,2.520791e+06,1.765048e-03,7.264256e-03,-1.129900e-02,3.288040e-18,247,43640
0.000000e+00,-4.187914e-08,1.171356e-07,2.787956e-07,0.000000e+00,0.000000e+00,0.000000e+00,1.613044e+07,-4.893370e+07,-9.342221e+07,5.742794e-18,248,0
5.918182e-10,-4.399410e-04,1.338855e-03,2.500309e-03,-7.435144e+05,2.262746e+06,4.225423e+06,2.478753e-01,-7.807390e-01,-1.289271e+00,5.742794e-18,248,2604
5.916591e-09,-4.399088e-03,1.338778e-02,2.500026e-02,-7.435376e+05,2.262819e+06,4.225544e+06,2.433770e-03,-7.808635e-03,-1.311534e-02,5.742794e-18,248,26033
0.000000e+00,1.295410e-08,1.821293e-07,5.031502e-07,0.000000e+00,0.000000e+00,0.000000e+00,1.290350e+06,-2.136152e+07,-3.878276e+07,3.472946e-18,249,0
1.052727e-09,-6.837153e-05,1.575576e-03,2.500164e-03,-6.502517e+04,1.497700e+06,2.375915e+06,4.214260e-02,-7.841662e-01,-9.198110e-01,3.472946e-18,249,4632
1.052227e-08,-6.841854e-04,1.575914e-02,2.500020e-02,-6.503220e+04,1.497830e+06,2.376068e+06,3.577788e-04,-6.116267e-03,-1.042003e-02,3.472946e-18,249,46298
0.000000e+00,1.386995e-09,8.344386e-09,6.496240e-07,0.000000e+00,0.000000e+00,0.000000e+00,-8.303790e+04,-9.255238e+05,-3.749511e+07,2.904124e-18,250,0
9.354545e-10,-1.076128e-05,1.968741e-04,2.500395e-03,-1.152766e+04,2.107024e+05,2.674460e+06,-5.947776e-03,-1.635640e-01,-1.613726e+00,2.904124e-18,250,4116
9.347727e-09,-1.077290e-04,1.969529e-03,2.500034e-02,-1.152676e+04,2.107266e+05,2.674699e+06,-1.245955e-04,-9.796758e-04,-1.752038e-02,2.904124e-18,250,41130
0.000000e+00,2.859195e-07,1.297131e-09,4.536703e-07,0.000000e+00,0.000000e+00,0.000000e+00,-3.319411e+07,1.142545e+06,-3.175434e+07,3.373859e-18,251,0
1.359318e-09,2.941666e-03,-1.224849e-04,2.500214e-03,2.165080e+06,-9.016631e+04,1.839710e+06,-5.889623e-01,2.830656e-02,-3.355244e-01,3.373859e-18,251,5981
1.358909e-08,2.942138e-02,-1.225260e-03,2.500019e-02,2.165205e+06,-9.017240e+04,1.839783e+06,-5.131217e-03,2.252618e-04,-4.347578e-03,3.373859e-18,251,59792
0.000000e+00,-1.252345e-07,-1.577643e-07,4.707490e-07,0.000000e+00,0.000000e+00,0.000000e+00,1.244113e+07,5.006906e+06,-3.899015e+07,3.625230e-18,252,0
1.040682e-09,-9.464919e-04,-5.189166e-04,2.500037e-03,-9.101566e+05,-4.989264e+05,2.403502e+06,5.169347e-01,2.678283e-01,-1.077015e+00,3.625230e-18,252,4579
1.040159e-08,-9.467043e-03,-5.189662e-03,2.500037e-02,-9.102414e+05,-4.989703e+05,2.403679e+06,4.214708e-03,2.365120e-03,-1.283061e-02,3.625230e-18,252,45767
0.000000e+00,4.712318e-08,1.776671e-07,2.509298e-07,0.000000e+00,0.000000e+00,0.000000e+00,-1.975613e+07,-6.637358e+07,-7.563532e+07,5.582661e-18,253,0
7.309091e-10,6.708236e-04,2.248763e-03,2.500703e-03,9.179722e+05,3.077221e+06,3.421782e+06,-2.264466e-01,-7.414215e-01,-7.116365e-01,5.582661e-18,253,3216
7.306136e-09,6.706841e-03,2.248265e-02,2.500014e-02,9.179983e+05,3.077306e+06,3.421864e+06,-2.191801e-03,-7.193273e-03,-7.261333e-03,5.582661e-18,253,32147
0.000000e+00,1.828314e-07,-1.921647e-08,6.241305e-07,0.000000e+00,0.000000e+00,0.000000e+00,-1.688138e+07,1.595683e+06,-3.391843e+07,2.856207e-18,254,0
1.075227e-09,1.320409e-03,-6.514290e-05,2.500068e-03,1.228910e+06,-6.058056e+04,2.326129e+06,-6.800631e-01,2.168778e-02,-9.679993e-01,2.856207e-18,254,4731
1.074750e-08,1.320769e-02,-6.511240e-04,2.500034e-02,1.229026e+06,-6.058427e+04,2.326294e+06,-5.460361e-03,4.724380e-04,-1.151570e-02,2.856207e-18,254,47289
0.000000e+00,1.801410e-08,-1.485947e-07,6.063391e-07,0.000000e+00,0.000000e+00,0.000000e+00,5.372080e+06,1.912651e+07,-3.112302e+07,3.026305e-18,255,0
1.189773e-09,-2.432656e-04,-1.598761e-03,2.500166e-03,-2.046115e+05,-1.344726e+06,2.102303e+06,9.043189e-02,6.403023e-01,-7.937005e-01,3.026305e-18,255,5235
1.189182e-08,-2.433178e-03,-1.599115e-02,2.500043e-02,-2.046285e+05,-1.344846e+06,2.102453e+06,8.884225e-04,5.934949e-03,-9.531842e-03,3.026305e-18,255,52324
0.000000e+00,2.272194e-08,-2.020983e-07,3.814091e-07,0.000000e+00,0.000000e+00,0.000000e+00,-1.360469e+06,3.838796e+07,-4.575281e+07,4.199190e-18,256,0
9.929545e-10,7.721641e-05,-2.268655e-03,2.500338e-03,7.779303e+04,-2.285731e+06,2.518757e+06,-3.610671e-02,7.805263e-01,-6.876773e-01,4.199190e-18,256,4369
9.925682e-09,7.721621e-04,-2.268737e-02,2.500051e-02,7.779866e+04,-2.285853e+06,2.518866e+06,-2.595496e-04,6.989909e-03,-7.364084e-03,4.199190e-18,256,43673
0.000000e+00,1.387274e-08,2.389305e-07,2.275455e-07,0.000000e+00,0.000000e+00,0.000000e+00,-6.326097e+06,-7.800167e+07,-5.419027e+07,5.226612e-18,257,0
1.019091e-09,3.047531e-04,3.731425e-03,2.500504e-03,2.991009e+05,3.662095e+06,2.453860e+06,-4.610260e-02,-5.242387e-01,-2.702297e-01,5.226612e-18,257,4484
1.018818e-08,3.047293e-03,3.731015e-02,2.500050e-02,2.991083e+05,3.662180e+06,2.453903e+06,-3.733249e-04,-4.706911e-03,-2.877716e-03,5.226612e-18,257,44828
0.000000e+00,-2.247065e-07,-1.137729e-07,3.598244e-07,0.000000e+00,0.000000e+00,0.000000e+00,4.028055e+07,1.851037e+07,-4.010240e+07,4.075954e-18,258,0
1.167273e-09,-2.753346e-03,-1.218757e-03,2.500342e-03,-2.359629e+06,-1.044453e+06,2.142443e+06,5.768423e-01,2.483468e-01,-3.861877e-01,4.075954e-18,258,5136
1.166886e-08,-2.753413e-02,-1.218757e-02,2.500002e-02,-2.359735e+06,-1.044499e+06,2.142515e+06,4.810003e-03,2.042160e-03,-4.415300e-03,4.075954e-18,258,51343
0.000000e+00,1.255524e-07,-7.592003e-08,5.295558e-07,0.000000e+00,0.000000e+00,0.000000e+00,-1.791417e+07,3.238229e+06,-3.798040e+07,3.418820e-18,259,0
1.041136e-09,1.269332e-03,-4.154150e-04,2.500395e-03,1.220006e+06,-3.992269e+05,2.402637e+06,-6.260326e-01,1.691453e-01,-9.971805e-01,3.418820e-18,259,4581
1.040523e-08,1.269437e-02,-4.154027e-03,2.500018e-02,1.220109e+06,-3.992546e+05,2.402802e+06,-5.008993e-03,1.618237e-03,-1.163372e-02,3.418820e-18,259,45783
0.000000e+00,7.633135e-08,-1.434930e-07,2.918197e-07,0.000000e+00,0.000000e+00,0.000000e+00,-2.429862e+07,4.705064e+07,-7.671431e+07,5.290601e-18,260,0
6.959091e-10,8.133899e-04,-1.577844e-03,2.500574e-03,1.169088e+06,-2.267859e+06,3.593879e+06,-3.721424e-01,7.331415e-01,-1.027783e+00,5.290601e-18,260,3062
6.956364e-09,8.132627e-03,-1.577609e-02,2.500048e-02,1.169129e+06,-2.267940e+06,3.593992e+06,-3.495515e-03,7.178852e-03,-1.057875e-02,5.290601e-18,260,30608
0.000000e+00,-1.799518e-07,-8.295291e-08,3.908582e-07,0.000000e+00,0.000000e+00,0.000000e+00,3.176789e+07,1.518383e+07,-4.690195e+07,4.147286e-18,261,0
7.659091e-10,-1.643184e-03,-2.274046e-04,2.500017e-03,-2.146259e+06,-2.968372e+05,3.265059e+06,8.573585e-01,1.158139e-01,-1.063321e+00,4.147286e-18,261,3370
7.657045e-09,-1.643394e-02,-2.273030e-03,2.500072e-02,-2.146362e+06,-2.968511e+05,3.265188e+06,7.897638e-03,1.117876e-03,-1.139946e-02,4.147286e-18,261,33691
0.000000e+00,2.698917e-07,2.990708e-09,3.135453e-07,0.000000e+00,0.000000e+00,0.000000e+00,-5.437231e+07,-3.009962e+06,-3.939184e+07,4.274001e-18,262,0
1.305227e-09,3.795643e-03,1.782729e-04,2.500192e-03,2.908820e+06,1.366218e+05,1.915716e+06,-4.963646e-01,-2.277570e-02,-2.107336e-01,4.274001e-18,262,5743
1.305000e-08,3.796006e-02,1.782911e-03,2.500026e-02,2.908921e+06,1.366265e+05,1.915759e+06,-4.132195e-03,-2.059017e-04,-2.662829e-03,4.274001e-18,262,57420
0.000000e+00,1.284482e-07,-9.864138e-08,5.288595e-07,0.000000e+00,0.000000e+00,0.000000e+00,-2.219791e+07,1.389379e+07,-3.723395e+07,3.393415e-18,263,0
1.047955e-09,1.436271e-03,-9.003557e-04,2.500310e-03,1.371380e+06,-8.596779e+05,2.386871e+06,-6.281224e-01,4.055906e-01,-9.249653e-01,3.393415e-18,263,4611
1.047409e-08,1.436389e-02,-9.004320e-03,2.500048e-02,1.371483e+06,-8.597449e+05,2.387025e+06,-5.407465e-03,3.489371e-03,-1.018920e-02,3.393415e-18,263,46086
0.000000e+00,4.178645e-08,-2.752590e-07,4.000550e-07,0.000000e+00,0.000000e+00,0.000000e+00,-5.817700e+06,3.926001e+07,-3.402872e+07,3.692041e-18,264,0
1.342955e-09,4.734053e-04,-3.260251e-03,2.500005e-03,3.526515e+05,-2.428628e+06,1.861870e+06,-8.481624e-02,5.625387e-01,-2.720727e-01,3.692041e-18,264,5909
1.342727e-08,4.735138e-03,-3.260975e-02,2.500002e-02,3.526694e+05,-2.428747e+06,1.861929e+06,-7.103707e-04,4.633077e-03,-3.544908e-03,3.692041e-18,264,59080
0.000000e+00,-1.569580e-08,-1.558034e-07,3.550262e-07,0.000000e+00,0.000000e+00,0.000000e+00,3.225142e+06,3.456055e+07,-5.895486e+07,4.649615e-18,265,0
7.943182e-10,-1.325909e-04,-1.556102e-03,2.500256e-03,-1.669743e+05,-1.959832e+06,3.148625e+06,5.641168e-02,8.147305e-01,-1.156507e+00,4.649615e-18,265,3495
7.940000e-09,-1.325778e-03,-1.556104e-02,2.500019e-02,-1.669814e+05,-1.959934e+06,3.148771e+06,6.919484e-04,7.932549e-03,-1.194041e-02,4.649615e-18,265,34936
0.000000e+00,-6.295478e-08,-1.286512e-07,6.402134e-07,0.000000e+00,0.000000e+00,0.000000e+00,7.055092e+06,1.286280e+07,-3.656363e+07,2.856328e-18,266,0
1.000909e-09,-5.247483e-04,-9.968599e-04,2.500072e-03,-5.246561e+05,-9.966264e+05,2.498931e+06,3.148636e-01,5.328077e-01,-1.172971e+00,2.856328e-18,266,4404
1.000432e-08,-5.248813e-03,-9.970522e-03,2.500036e-02,-5.247058e+05,-9.967105e+05,2.499117e+06,2.065109e-03,4.352010e-03,-1.292701e-02,2.856328e-18,266,44019
0.000000e+00,4.383928e-08,3.825606e-10,3.663691e-07,0.000000e+00,0.000000e+00,0.000000e+00,-1.441564e+07,-2.422779e+05,-7.203919e+07,4.911382e-18,267,0
6.520455e-10,5.180546e-04,2.630063e-05,2.500174e-03,7.948922e+05,4.035356e+04,3.835633e+06,-4.688896e-01,-5.891684e-03,-1.865220e+00,4.911382e-18,267,2869
6.517955e-09,5.181055e-03,2.630139e-04,2.500058e-02,7.949405e+05,4.035417e+04,3.835826e+06,-4.321051e-03,-1.160521e-04,-1.934535e-02,4.911382e-18,267,28679
0.000000e+00,2.642804e-07,-5.735734e-08,3.400119e-07,0.000000e+00,0.000000e+00,0.000000e+00,-4.484982e+07,8.703688e+06,-3.659482e+07,4.101004e-18,268,0
1.313864e-09,3.365348e-03,-6.372166e-04,2.500410e-03,2.562245e+06,-4.851269e+05,1.903374e+06,-5.117017e-01,8.605982e-02,-2.536901e-01,4.101004e-18,268,5781
1.313455e-08,3.365387e-02,-6.371922e-03,2.500010e-02,2.562350e+06,-4.851447e+05,1.903427e+06,-4.451384e-03,8.295144e-04,-3.290054e-03,4.101004e-18,268,57792
0.000000e+00,-7.466814e-08,1.339710e-07,2.121648e-07,0.000000e+00,0.000000e+00,0.000000e+00,4.567868e+07,-8.473309e+07,-1.113264e+08,6.559925e-18,269,0
5.331818e-10,-1.036301e-03,1.919178e-03,2.500943e-03,-1.943765e+06,3.599751e+06,4.690805e+06,3.811176e-01,-6.900590e-01,-7.986906e-01,6.559925e-18,269,2346
5.329545e-09,-1.035943e-02,1.918512e-02,2.500002e-02,-1.943797e+06,3.599809e+06,4.690872e+06,3.697662e-03,-6.840695e-03,-8.082037e-03,6.559925e-18,269,23450
0.000000e+00,-1.023867e-07,-1.301587e-07,4.986586e-07,0.000000e+00,0.000000e+00,0.000000e+00,1.220664e+07,1.423007e+07,-4.168884e+07,3.550234e-18,270,0
1.015682e-09,-8.270714e-04,-1.128962e-03,2.500464e-03,-8.148990e+05,-1.112260e+06,2.462919e+06,4.681627e-01,5.531128e-01,-1.034613e+00,3.550234e-18,270,4469
1.015068e-08,-8.271741e-03,-1.129013e-02,2.500049e-02,-8.149740e+05,-1.112348e+06,2.463086e+06,3.358588e-03,4.569441e-03,-1.153537e-02,3.550234e-18,270,44663
0.000000e+00,-2.632100e-09,-1.292882e-07,1.593987e-07,0.000000e+00,0.000000e+00,0.000000e+00,-3.324156e+05,1.533035e+08,-1.743048e+08,8.210539e-18,271,0
3.536364e-10,5.123874e-06,-2.202740e-03,2.500954e-03,1.450078e+04,-6.228821e+06,7.072037e+06,-9.163247e-03,7.458141e-01,-7.942152e-01,8.210539e-18,271,1556
3.535227e-09,5.126078e-05,-2.202041e-02,2.500140e-02,1.450129e+04,-6.228863e+06,7.072082e+06,-6.847498e-05,7.412126e-03,-7.984412e-03,8.210539e-18,271,15555
0.000000e+00,-1.147769e-07,2.548807e-08,6.141378e-07,0.000000e+00,0.000000e+00,0.000000e+00,9.711525e+06,8.119418e+05,-3.696320e+07,3.002016e-18,272,0
9.711364e-10,-6.980986e-04,3.810694e-05,2.500288e-03,-7.194372e+05,3.925638e+04,2.575913e+06,5.245803e-01,-1.802334e-02,-1.331465e+00,3.002016e-18,272,4273
9.705227e-09,-6.982310e-03,3.809957e-04,2.500002e-02,-7.195176e+05,3.925916e+04,2.576118e+06,3.803334e-03,-4.259492e-04,-1.519959e-02,3.002016e-18,272,42703
0.000000e+00,3.929884e-08,1.431902e-07,6.026740e-07,0.000000e+00,0.000000e+00,0.000000e+00,-6.153541e+06,-1.616406e+07,-3.556197e+07,3.023312e-18,273,0
1.034091e-09,4.590407e-04,1.149689e-03,2.500233e-03,4.442437e+05,1.112514e+06,2.418911e+06,-2.404530e-01,-5.779245e-01,-1.072620e+00,3.023312e-18,273,4550
1.033523e-08,4.591314e-03,1.149806e-02,2.500020e-02,4.442828e+05,1.112609e+06,2.419087e+06,-2.120062e-03,-5.187452e-03,-1.206811e-02,3.023312e-18,273,45475
0.000000e+00,8.710194e-08,-1.164779e-07,5.806516e-07,0.000000e+00,0.000000e+00,0.000000e+00,-2.074172e+06,2.926047e+07,-2.606561e+07,3.167232e-18,274,0
1.402955e-09,3.221736e-04,-2.678567e-03,2.500371e-03,2.297442e+05,-1.910361e+06,1.782735e+06,-7.165110e-02,5.801535e-01,-4.043071e-01,3.167232e-18,274,6173
1.402341e-08,3.221815e-03,-2.678953e-02,2.500023e-02,2.297600e+05,-1.910489e+06,1.782825e+06,-6.393849e-04,5.382738e-03,-5.025504e-03,3.167232e-18,274,61703
0.000000e+00,-7.588593e-08,1.914551e-07,4.798978e-07,0.000000e+00,0.000000e+00,0.000000e+00,9.070042e+06,-2.692066e+07,-3.899626e+07,3.540944e-18,275,0
1.076364e-09,-6.549365e-04,1.854375e-03,2.500060e-03,-6.087723e+05,1.723761e+06,2.323527e+06,2.374915e-01,-7.021180e-01,-7.784688e-01,3.540944e-18,275,4736
1.075955e-08,-6.550113e-03,1.854683e-02,2.500025e-02,-6.088126e+05,1.723881e+06,2.323660e+06,1.964773e-03,-6.004985e-03,-8.569428e-03,3.540944e-18,275,47342
0.000000e+00,-5.111393e-08,-2.856187e-08,5.129400e-07,0.000000e+00,0.000000e+00,0.000000e+00,6.198773e+06,1.593545e+06,-4.359120e+07,3.644223e-18,276,0
9.170455e-10,-4.141721e-04,-1.835789e-05,2.500305e-03,-4.520072e+05,-2.002484e+04,2.728147e+06,3.139462e-01,5.596902e-02,-1.691580e+00,3.644223e-18,276,4035
9.163864e-09,-4.142103e-03,-1.835545e-04,2.500051e-02,-4.520526e+05,-2.003295e+04,2.728392e+06,2.338926e-03,6.172771e-04,-1.781608e-02,3.644223e-18,276,40321
0.000000e+00,5.685612e-08,1.920840e-07,3.645325e-07,0.000000e+00,0.000000e+00,0.000000e+00,-7.175319e+06,-3.592931e+07,-4.812738e+07,4.329346e-18,277,0
1.002273e-09,-1.214827e-04,2.665814e-03,2.500259e-03,-1.213861e+05,2.660781e+06,2.495075e+06,3.891574e-02,-7.037802e-01,-5.318768e-01,4.329346e-18,277,4410
1.001977e-08,-1.216128e-03,2.666024e-02,2.500023e-02,-1.213923e+05,2.660892e+06,2.495159e+06,2.661700e-04,-6.461011e-03,-5.735768e-03,4.329346e-18,277,44087
0.000000e+00,1.753599e-07,-8.789531e-08,5.983625e-07,0.000000e+00,0.000000e+00,0.000000e+00,-1.706478e+07,9.190616e+06,-3.524060e+07,2.953732e-18,278,0
1.065227e-09,1.299593e-03,-7.358149e-04,2.500354e-03,1.220751e+06,-6.912852e+05,2.348164e+06,-5.639183e-01,3.829752e-01,-9.082288e-01,2.953732e-18,278,4687
1.064659e-08,1.299681e-02,-7.359780e-03,2.500018e-02,1.220846e+06,-6.913495e+05,2.348318e+06,-4.760924e-03,3.025100e-03,-1.058044e-02,2.953732e-18,278,46845
0.000000e+00,1.931083e-08,1.353775e-07,2.299361e-07,0.000000e+00,0.000000e+00,0.000000e+00,-1.268446e+07,-7.797645e+07,-1.119896e+08,6.437509e-18,279,0
5.231818e-10,2.864478e-04,1.758579e-03,2.500548e-03,5.475763e+05,3.361658e+06,4.779825e+06,-1.386949e-01,-8.103963e-01,-1.032712e+00,6.437509e-18,279,2302
5.230455e-09,2.864084e-03,1.758308e-02,2.500082e-02,5.475878e+05,3.361725e+06,4.779911e+06,-1.335114e-03,-8.043698e-03,-1.043689e-02,6.437509e-18,279,23014
0.000000e+00,-8.482081e-08,-1.250393e-07,1.783245e-07,0.000000e+00,0.000000e+00,0.000000e+00,7.090521e+07,1.058026e+08,-1.282498e+08,7.264727e-18,280,0
4.734091e-10,-1.388110e-03,-2.071772e-03,2.500517e-03,-2.932244e+06,-4.376418e+06,5.281992e+06,4.020440e-01,6.023261e-01,-6.541006e-01,7.264727e-18,280,2083
4.733182e-09,-1.387891e-02,-2.071448e-02,2.500077e-02,-2.932274e+06,-4.376463e+06,5.282041e+06,3.985987e-03,5.976185e-03,-6.602893e-03,7.264727e-18,280,20826
0.000000e+00,-2.663843e-07,5.128892e-08,5.094517e-07,0.000000e+00,0.000000e+00,0.000000e+00,2.694198e+07,-5.292568e+06,-3.274191e+07,3.157911e-18,281,0
9.370455e-10,-2.086663e-03,-1.526464e-04,2.500522e-03,-2.227807e+06,-1.630935e+05,2.669308e+06,7.903840e-01,5.517338e-02,-8.195618e-01,3.157911e-18,281,4123
9.365909e-09,-2.086536e-02,-1.527396e-03,2.500060e-02,-2.227924e+06,-1.631016e+05,2.669430e+06,7.235128e-03,7.506506e-04,-8.685413e-03,3.157911e-18,281,41210
0.000000e+00,-1.254187e-07,1.838130e-07,2.251716e-07,0.000000e+00,0.000000e+00,0.000000e+00,4.608775e+07,-7.032498e+07,-6.000751e+07,5.453415e-18,282,0
9.377273e-10,-1.974965e-03,3.017954e-03,2.500079e-03,-2.106399e+06,3.218819e+06,2.666282e+06,2.943770e-01,-4.582044e-01,-2.937342e-01,5.453415e-18,282,4126
9.376364e-09,-1.975041e-02,3.018087e-02,2.500017e-02,-2.106443e+06,3.218886e+06,2.666326e+06,2.763232e-03,-4.214099e-03,-3.110765e-03,5.453415e-18,282,41256
0.000000e+00,5.713049e-08,-6.699340e-08,3.862587e-07,0.000000e+00,0.000000e+00,0.000000e+00,-1.525183e+07,1.055408e+07,-5.974718e+07,4.606708e-18,283,0
7.415909e-10,7.117214e-04,-5.053282e-04,2.500678e-03,9.602617e+05,-6.817454e+05,3.373401e+06,-5.436954e-01,3.646477e-01,-1.666142e+00,4.606708e-18,283,3263
7.410909e-09,7.116364e-03,-5.052341e-03,2.500004e-02,9.603254e+05,-6.817882e+05,3.373596e+06,-5.042912e-03,3.532320e-03,-1.707763e-02,4.606708e-18,283,32608
0.000000e+00,1.057707e-08,-1.080374e-07,5.249922e-07,0.000000e+00,0.000000e+00,0.000000e+00,-4.323881e+05,1.087605e+07,-4.122296e+07,3.516744e-18,284,0
9.620455e-10,1.095719e-04,-7.670403e-04,2.500243e-03,1.140313e+05,-7.979785e+05,2.600243e+06,-1.025192e-01,5.667330e-01,-1.351139e+00,3.516744e-18,284,4233
9.614545e-09,1.096339e-03,-7.672166e-03,2.500031e-02,1.140469e+05,-7.980645e+05,2.600448e+06,-9.274022e-04,4.569436e-03,-1.499650e-02,3.516744e-18,284,42304
0.000000e+00,2.081033e-07,-1.201503e-08,3.409370e-07,0.000000e+00,0.000000e+00,0.000000e+00,-4.122805e+07,9.520474e+04,-5.361336e+07,4.480786e-18,285,0
8.890909e-10,2.036681e-03,-6.466119e-06,2.500073e-03,2.291580e+06,-7.243635e+03,2.812682e+06,-7.959408e-01,-1.735175e-02,-8.324517e-01,4.480786e-18,285,3912
8.888409e-09,2.036850e-02,-6.439414e-05,2.500038e-02,2.291691e+06,-7.241199e+03,2.812799e+06,-7.705704e-03,-1.878585e-04,-8.744538e-03,4.480786e-18,285,39109
0.000000e+00,-1.790540e-07,1.307160e-07,2.306049e-07,0.000000e+00,0.000000e+00,0.000000e+00,6.245243e+07,-4.751875e+07,-5.948476e+07,5.407935e-18,286,0
9.334091e-10,-2.713753e-03,2.067349e-03,2.500279e-03,-2.907820e+06,2.215205e+06,2.678878e+06,4.689154e-01,-3.642398e-01,-3.369090e-01,5.407935e-18,286,4107
9.332273e-09,-2.713662e-02,2.067293e-02,2.500015e-02,-2.907889e+06,2.215259e+06,2.678928e+06,4.335739e-03,-3.367402e-03,-3.517453e-03,5.407935e-18,286,41062
0.000000e+00,2.428855e-07,-1.558754e-07,3.867765e-07,0.000000e+00,0.000000e+00,0.000000e+00,-4.352465e+07,1.367606e+07,-6.148115e+07,3.737708e-18,287,0
8.252273e-10,1.837740e-03,-6.062638e-04,2.500052e-03,2.227590e+06,-7.347878e+05,3.030195e+06,-7.805514e-01,2.509992e-01,-9.515032e-01,3.737708e-18,287,3631
8.250227e-09,1.837822e-02,-6.062264e-03,2.500001e-02,2.227692e+06,-7.348205e+05,3.030319e+06,-7.538737e-03,2.470878e-03,-9.853171e-03,3.737708e-18,287,36301
0.000000e+00,-4.961054e-08,2.130345e-07,2.806939e-07,0.000000e+00,0.000000e+00,0.000000e+00,1.402420e+07,-5.708255e+07,-5.492431e+07,4.927029e-18,288,0
9.400000e-10,-6.716610e-04,2.718211e-03,2.500149e-03,-7.147286e+05,2.892447e+06,2.660164e+06,1.760877e-01,-6.756431e-01,-5.097338e-01,4.927029e-18,288,4136
9.397955e-09,-6.716986e-03,2.718310e-02,2.500023e-02,-7.147547e+05,2.892548e+06,2.660240e+06,1.682384e-03,-6.275105e-03,-5.303381e-03,4.927029e-18,288,41351
0.000000e+00,6.694142e-08,-8.807431e-08,4.829232e-07,0.000000e+00,0.000000e+00,0.000000e+00,-9.975032e+06,1.238685e+07,-4.415994e+07,3.781840e-18,289,0
9.300000e-10,5.830314e-04,-8.377355e-04,2.500343e-03,6.273340e+05,-9.014650e+05,2.689867e+06,-3.654843e-01,5.543573e-01,-1.340960e+00,3.781840e-18,289,4092
9.294091e-09,5.830482e-03,-8.378234e-03,2.500000e-02,6.273876e+05,-9.015464e+05,2.690065e+06,-3.191901e-03,4.754851e-03,-1.431630e-02,3.781840e-18,289,40894
0.000000e+00,9.284857e-10,2.100398e-07,3.608604e-07,0.000000e+00,0.000000e+00,0.000000e+00,-1.454929e+06,-3.871725e+07,-4.619211e+07,4.302371e-18,290,0
9.765909e-10,1.863276e-05,2.273629e-03,2.500404e-03,1.910238e+04,2.329059e+06,2.561044e+06,-2.743681e-02,-7.623613e-01,-7.094084e-01,4.302371e-18,290,4297
9.761818e-09,1.864822e-04,2.273579e-02,2.500056e-02,1.910661e+04,2.329176e+06,2.561154e+06,-2.090394e-04,-6.862904e-03,-7.516282e-03,4.302371e-18,290,42952
0.000000e+00,-1.005870e-07,-3.314912e-08,2.289352e-07,0.000000e+00,0.000000e+00,0.000000e+00,7.122061e+07,2.326539e+07,-1.365204e+08,6.828803e-18,291,0
4.365909e-10,-1.313376e-03,-4.286752e-04,2.500596e-03,-3.008483e+06,-9.819428e+05,5.727814e+06,7.561591e-01,2.463911e-01,-1.305166e+00,6.828803e-18,291,1921
4.364773e-09,-1.313141e-02,-4.285980e-03,2.500078e-02,-3.008535e+06,-9.819598e+05,5.727904e+06,7.512468e-03,2.426281e-03,-1.324688e-02,6.828803e-18,291,19205
0.000000e+00,1.288479e-07,1.331361e-07,2.731489e-07,0.000000e+00,0.000000e+00,0.000000e+00,-4.262411e+07,-4.597044e+07,-6.763279e+07,5.296648e-18,292,0
7.940909e-10,1.632406e-03,1.762439e-03,2.500315e-03,2.056152e+06,2.219954e+06,3.149105e+06,-5.264205e-01,-5.761189e-01,-6.731056e-01,5.296648e-18,292,3494
7.938864e-09,1.632353e-02,1.762393e-02,2.500046e-02,2.056218e+06,2.220026e+06,3.149190e+06,-5.018448e-03,-5.448334e-03,-6.943836e-03,5.296648e-18,292,34931
0.000000e+00,-2.570550e-08,9.105491e-08,4.805150e-07,0.000000e+00,0.000000e+00,0.000000e+00,3.073008e+06,-1.076703e+07,-4.557085e+07,3.802070e-18,293,0
8.863636e-10,-1.896600e-04,7.570076e-04,2.500161e-03,-2.141073e+05,8.547097e+05,2.822243e+06,1.157784e-01,-5.554776e-01,-1.587970e+00,3.802070e-18,293,3900
8.858182e-09,-1.896591e-03,7.571111e-03,2.500003e-02,-2.141235e+05,8.547874e+05,2.822465e+06,1.191418e-03,-5.151160e-03,-1.663453e-02,3.802070e-18,293,38976
0.000000e+00,-3.772081e-08,-1.262889e-07,6.046963e-07,0.000000e+00,0.000000e+00,0.000000e+00,4.155273e+06,1.361715e+07,-3.611701e+07,3.047682e-18,294,0
9.931818e-10,-3.188474e-04,-1.094442e-03,2.500320e-03,-3.212873e+05,-1.102730e+06,2.518678e+06,1.863366e-01,6.110831e-01,-1.209136e+00,3.047682e-18,294,4370
9.925909e-09,-3.189035e-03,-1.094554e-02,2.500039e-02,-3.213164e+05,-1.102826e+06,2.518869e+06,1.010267e-03,4.877931e-03,-1.321119e-02,3.047682e-18,294,43674
0.000000e+00,-6.903705e-08,1.724774e-08,6.109380e-07,0.000000e+00,0.000000e+00,0.000000e+00,6.708271e+06,-2.923222e+06,-3.764503e+07,3.061867e-18,295,0
9.631818e-10,-4.918879e-04,2.656977e-04,2.500231e-03,-5.111265e+05,2.761424e+05,2.597211e+06,3.591879e-01,-2.143022e-01,-1.430377e+00,3.061867e-18,295,4238
9.625682e-09,-4.919913e-03,2.658015e-03,2.500013e-02,-5.111811e+05,2.761749e+05,2.597429e+06,2.990852e-03,-8.407276e-04,-1.585248e-02,3.061867e-18,295,42353
0.000000e+00,2.639425e-07,-6.837398e-08,2.893341e-07,0.000000e+00,0.000000e+00,0.000000e+00,-5.602684e+07,1.479005e+07,-3.985410e+07,4.419942e-18,296,0
1.274318e-09,3.751432e-03,-9.815917e-04,2.500011e-03,2.944591e+06,-7.704699e+05,1.962061e+06,-4.714357e-01,1.207393e-01,-2.195380e-01,4.419942e-18,296,5607
1.274182e-08,3.751943e-02,-9.817185e-03,2.500037e-02,2.944686e+06,-7.704941e+05,1.962106e+06,-3.952672e-03,1.041462e-03,-2.586954e-03,4.419942e-18,296,56064
0.000000e+00,-4.191514e-08,-2.457705e-07,3.602546e-07,0.000000e+00,0.000000e+00,0.000000e+00,7.848645e+06,4.731271e+07,-3.945418e+07,4.093160e-18,297,0
1.215909e-09,-5.429843e-04,-3.282456e-03,2.500107e-03,-4.467124e+05,-2.700484e+06,2.056472e+06,9.575118e-02,5.846807e-01,-3.110315e-01,4.093160e-18,297,5350
1.215682e-08,-5.430591e-03,-3.282922e-02,2.500033e-02,-4.467307e+05,-2.700596e+06,2.056533e+06,8.442456e-04,4.850635e-03,-3.601694e-03,4.093160e-18,297,53490
0.000000e+00,2.378108e-08,-2.357603e-07,4.368388e-07,0.000000e+00,0.000000e+00,0.000000e+00,-6.383724e+06,3.291278e+07,-3.829653e+07,3.679192e-18,298,0
1.162045e-09,4.166800e-04,-2.495102e-03,2.500342e-03,3.587617e+05,-2.148153e+06,2.152241e+06,-1.219488e-01,6.693375e-01,-5.259537e-01,3.679192e-18,298,5113
1.161591e-08,4.167319e-03,-2.495266e-02,2.500041e-02,3.587840e+05,-2.148276e+06,2.152338e+06,-8.882986e-04,5.503330e-03,-6.048161e-03,3.679192e-18,298,51110
0.000000e+00,2.349652e-07,-1.675806e-07,3.810334e-07,0.000000e+00,0.000000e+00,0.000000e+00,-2.500412e+07,3.918221e+07,-3.560008e+07,3.763518e-18,299,0
1.456818e-09,2.287963e-03,-3.032264e-03,2.500135e-03,1.571007e+06,-2.082117e+06,1.716372e+06,-2.811928e-01,3.685461e-01,-2.090145e-01,3.763518e-18,299,6410
1.456568e-08,2.288278e-02,-3.032737e-02,2.500035e-02,1.571071e+06,-2.082202e+06,1.716421e+06,-2.425202e-03,3.229686e-03,-2.662572e-03,3.763518e-18,299,64089
0.000000e+00,-2.531474e-07,9.669852e-08,3.999069e-07,0.000000e+00,0.000000e+00,0.000000e+00,3.258138e+07,-1.671925e+07,-3.542509e+07,3.729398e-18,300,0
1.271818e-09,-2.593592e-03,1.343948e-03,2.500200e-03,-2.040149e+06,1.057210e+06,1.966273e+06,5.536604e-01,-2.970678e-01,-3.670479e-01,3.729398e-18,300,5596
1.271455e-08,-2.593952e-02,1.344187e-02,2.500043e-02,-2.040260e+06,1.057269e+06,1.966347e+06,4.629182e-03,-2.371054e-03,-4.445954e-03,3.729398e-18,300,55944
0.000000e+00,6.379330e-08,7.236751e-08,6.621157e-07,0.000000e+00,0.000000e+00,0.000000e+00,2.625456e+07,1.474374e+07,-6.832813e+07,2.846779e-18,301,0
7.261364e-10,-8.856065e-04,-4.786913e-04,2.500648e-03,-1.220273e+06,-6.596391e+05,3.444453e+06,6.181868e-01,3.432921e-01,-1.546348e+00,2.846779e-18,301,3195
7.257955e-09,-8.856594e-03,-4.787547e-03,2.500015e-02,-1.220344e+06,-6.596785e+05,3.444631e+06,5.845073e-03,3.210446e-03,-1.614226e-02,2.846779e-18,301,31935
0.000000e+00,1.170222e-07,-4.978600e-08,4.994138e-07,0.000000e+00,0.000000e+00,0.000000e+00,-1.771790e+07,3.893317e+06,-4.050956e+07,3.629879e-18,302,0
1.025682e-09,1.135037e-03,-1.562719e-04,2.500532e-03,1.107381e+06,-1.524622e+05,2.439003e+06,-6.048420e-01,1.141891e-01,-1.046528e+00,3.629879e-18,302,4513
1.025023e-08,1.135087e-02,-1.562807e-03,2.500052e-02,1.107479e+06,-1.524806e+05,2.439173e+06,-4.752834e-03,8.142766e-04,-1.276022e-02,3.629879e-18,302,45101
0.000000e+00,1.136192e-07,-9.498510e-08,5.299597e-07,0.000000e+00,0.000000e+00,0.000000e+00,-8.117901e+06,1.137964e+07,-3.821216e+07,3.419266e-18,303,0
1.041818e-09,7.038294e-04,-9.422296e-04,2.500228e-03,6.760927e+05,-9.050574e+05,2.401026e+06,-4.097128e-01,4.709099e-01,-1.090697e+00,3.419266e-18,303,4584
1.041227e-08,7.039648e-03,-9.423629e-03,2.500033e-02,6.761600e+05,-9.051347e+05,2.401206e+06,-3.544321e-03,3.787328e-03,-1.237158e-02,3.419266e-18,303,45814
0.000000e+00,-3.294397e-08,-5.059652e-08,5.459910e-07,0.000000e+00,0.000000e+00,0.000000e+00,5.545115e+06,2.485390e+06,-4.244745e+07,3.443727e-18,304,0
9.061364e-10,-2.765733e-04,-1.702806e-04,2.500337e-03,-3.055080e+05,-1.880244e+05,2.761018e+06,2.654233e-01,1.179720e-01,-1.726505e+00,3.443727e-18,304,3987
9.054773e-09,-2.766303e-03,-1.702537e-03,2.500053e-02,-3.055460e+05,-1.880413e+05,2.761266e+06,2.120080e-03,9.611303e-04,-1.813590e-02,3.443727e-18,304,39841
0.000000e+00,-4.343906e-08,-1.639827e-07,3.230730e-07,0.000000e+00,0.000000e+00,0.000000e+00,1.331463e+07,4.104464e+07,-5.881193e+07,4.895026e-18,305,0
8.290909e-10,-6.363514e-04,-1.837761e-03,2.500613e-03,-7.678410e+05,-2.217361e+06,3.016823e+06,2.877357e-01,7.637330e-01,-8.876727e-01,4.895026e-18,305,3648
8.287045e-09,-6.363107e-03,-1.837535e-02,2.500066e-02,-7.678787e+05,-2.217461e+06,3.016940e+06,2.670195e-03,7.444072e-03,-9.372478e-03,4.895026e-18,305,36463
0.000000e+00,8.046942e-08,1.841543e-07,3.757906e-07,0.000000e+00,0.000000e+00,0.000000e+00,-1.494628e+07,-2.944366e+07,-4.899936e+07,4.239685e-18,306,0
9.159091e-10,8.459387e-04,1.642982e-03,2.500231e-03,9.239799e+05,1.794673e+06,2.730749e+06,-3.262306e-01,-7.529653e-01,-9.943389e-01,4.239685e-18,306,4030
9.155000e-09,8.459014e-03,1.643019e-02,2.500010e-02,9.240270e+05,1.794781e+06,2.730893e+06,-3.204506e-03,-7.179533e-03,-1.049953e-02,4.239685e-18,306,40282
0.000000e+00,-3.701058e-09,-1.435713e-07,5.071993e-07,0.000000e+00,0.000000e+00,0.000000e+00,3.967568e+05,1.190285e+07,-4.300979e+07,3.564763e-18,307,0
9.356818e-10,2.500045e-06,-9.090158e-04,2.500437e-03,2.720611e+03,-9.722145e+05,2.673705e+06,-2.930032e-02,6.179921e-01,-1.405314e+00,3.564763e-18,307,4117
9.350455e-09,2.542348e-05,-9.090616e-03,2.500051e-02,2.724938e+03,-9.723058e+05,2.673914e+06,-4.190640e-04,5.267161e-03,-1.502100e-02,3.564763e-18,307,41142
0.000000e+00,8.451641e-08,2.113339e-07,4.792197e-07,0.000000e+00,0.000000e+00,0.000000e+00,-1.089950e+07,-2.593612e+07,-3.680424e+07,3.458254e-18,308,0
1.135909e-09,8.650682e-04,1.983800e-03,2.500385e-03,7.620229e+05,1.747408e+06,2.201883e+06,-3.084711e-01,-6.736791e-01,-6.134065e-01,3.458254e-18,308,4998
1.135386e-08,8.651851e-03,1.983976e-02,2.500006e-02,7.620781e+05,1.747529e+06,2.201994e+06,-2.572346e-03,-5.444211e-03,-7.303748e-03,3.458254e-18,308,49957
0.000000e+00,-2.264765e-07,-1.222291e-07,2.973303e-07,0.000000e+00,0.000000e+00,0.000000e+00,4.969966e+07,2.552371e+07,-4.209789e+07,4.475318e-18,309,0
1.196136e-09,-3.182285e-03,-1.633866e-03,2.500131e-03,-2.661179e+06,-1.366313e+06,2.090441e+06,4.873604e-01,2.502701e-01,-2.726779e-01,4.475318e-18,309,5263
1.195932e-08,-3.182586e-02,-1.634016e-02,2.500039e-02,-2.661271e+06,-1.366360e+06,2.090493e+06,4.090002e-03,2.118559e-03,-3.096926e-03,4.475318e-18,309,52621
0.000000e+00,1.389185e-07,-3.614011e-08,1.573856e-07,0.000000e+00,0.000000e+00,0.000000e+00,-1.429378e+08,3.768808e+07,-1.567922e+08,7.910978e-18,310,0
3.918182e-10,2.284849e-03,-6.022841e-04,2.500851e-03,5.831426e+06,-1.537159e+06,6.382664e+06,-7.052283e-01,1.845370e-01,-7.118214e-01,7.910978e-18,310,1724
3.917045e-09,2.284208e-02,-6.021152e-03,2.500132e-02,5.831469e+06,-1.537170e+06,6.382708e+06,-6.993730e-03,1.836000e-03,-7.171560e-03,7.910978e-18,310,17235
0.000000e+00,1.179686e-07,-2.286763e-07,5.007045e-07,0.000000e+00,0.000000e+00,0.000000e+00,-1.414545e+07,2.522711e+07,-3.264079e+07,3.251983e-18,311,0
1.265909e-09,1.179392e-03,-2.155004e-03,2.500218e-03,9.321537e+05,-1.703237e+06,1.975577e+06,-3.122292e-01,5.710391e-01,-4.707738e-01,3.251983e-18,311,5570
1.265455e-08,1.179594e-02,-2.155363e-02,2.500023e-02,9.322159e+05,-1.703351e+06,1.975672e+06,-2.702635e-03,5.001442e-03,-5.857500e-03,3.251983e-18,311,55680
0.000000e+00,1.222296e-07,8.192821e-08,2.964454e-07,0.000000e+00,0.000000e+00,0.000000e+00,-4.070746e+07,-2.476643e+07,-7.632454e+07,5.320736e-18,312,0
6.865909e-10,1.380243e-03,8.369539e-04,2.500808e-03,2.010848e+06,1.219316e+06,3.643094e+06,-7.299878e-01,-4.263552e-01,-1.154294e+00,5.320736e-18,312,3021
6.862273e-09,1.379900e-02,8.367298e-03,2.500004e-02,2.010927e+06,1.219362e+06,3.643219e+06,-7.053483e-03,-4.180002e-03,-1.173054e-02,5.320736e-18,312,30194
0.000000e+00,2.314728e-07,9.946169e-09,4.849131e-07,0.000000e+00,0.000000e+00,0.000000e+00,-2.622949e+07,-9.629839e+05,-3.573156e+07,3.417628e-18,313,0
1.169091e-09,1.991942e-03,1.677781e-04,2.500395e-03,1.704862e+06,1.435938e+05,2.139509e+06,-7.239792e-01,-4.611489e-02,-6.667913e-01,3.417628e-18,313,5144
1.168500e-08,1.992127e-02,1.677872e-03,2.500035e-02,1.704995e+06,1.436023e+05,2.139633e+06,-5.678066e-03,-4.291968e-04,-7.801356e-03,3.417628e-18,313,51414
0.000000e+00,6.566757e-08,-2.619590e-07,3.301623e-07,0.000000e+00,0.000000e+00,0.000000e+00,-1.238314e+07,5.787956e+07,-3.976962e+07,4.167811e-18,314,0
1.307727e-09,8.703455e-04,-3.942934e-03,2.500029e-03,6.656937e+05,-3.015808e+06,1.911887e+06,-9.985975e-02,4.495824e-01,-1.939176e-01,4.167811e-18,314,5754
1.307614e-08,8.704701e-03,-3.943510e-02,2.500029e-02,6.657142e+05,-3.015901e+06,1.911928e+06,-8.385909e-04,3.734216e-03,-2.343977e-03,4.167811e-18,314,57535
0.000000e+00,9.406127e-08,1.734170e-08,6.323466e-07,0.000000e+00,0.000000e+00,0.000000e+00,-6.909766e+06,3.979305e+05,-3.579011e+07,2.948984e-18,315,0
9.918182e-10,4.461939e-04,4.199459e-05,2.500109e-03,4.501993e+05,4.245646e+04,2.522094e+06,-2.996570e-01,-8.399340e-02,-1.375604e+00,2.948984e-18,315,4364
9.912500e-09,4.462625e-03,4.208322e-04,2.500050e-02,4.502462e+05,4.246955e+04,2.522311e+06,-2.287858e-03,-2.808543e-04,-1.569258e-02,2.948984e-18,315,43615
0.000000e+00,-1.069528e-07,-1.441372e-09,3.182134e-07,0.000000e+00,0.000000e+00,0.000000e+00,3.359779e+07,2.417550e+05,-7.967105e+07,5.304689e-18,316,0
6.390909e-10,-1.091809e-03,-2.505799e-06,2.500376e-03,-1.708922e+06,-3.921801e+03,3.913373e+06,7.423526e-01,1.056112e-02,-1.554023e+00,5.304689e-18,316,2812
6.388409e-09,-1.091730e-02,-2.505856e-05,2.500035e-02,-1.708997e+06,-3.922866e+03,3.913530e+06,7.231983e-03,7.029167e-05,-1.576543e-02,5.304689e-18,316,28109
0.000000e+00,-2.540593e-07,2.496487e-08,3.999724e-07,0.000000e+00,0.000000e+00,0.000000e+00,5.078379e+07,-8.292635e+06,-4.144909e+07,3.827935e-18,317,0
1.159545e-09,-3.182255e-03,5.185512e-04,2.500370e-03,-2.745225e+06,4.473574e+05,2.156640e+06,5.962903e-01,-1.019145e-01,-3.531798e-01,3.827935e-18,317,5102
1.159205e-08,-3.182276e-02,5.185769e-03,2.500007e-02,-2.745334e+06,4.473760e+05,2.156705e+06,5.113825e-03,-8.541146e-04,-3.983572e-03,3.827935e-18,317,51005
0.000000e+00,2.439842e-07,-1.538825e-07,4.592321e-07,0.000000e+00,0.000000e+00,0.000000e+00,-3.042452e+07,1.908420e+07,-3.205559e+07,3.342066e-18,318,0
1.370227e-09,2.442799e-03,-1.730836e-03,2.500403e-03,1.783543e+06,-1.263749e+06,1.825201e+06,-4.661830e-01,3.304710e-01,-3.363567e-01,3.342066e-18,318,6029
1.369705e-08,2.442923e-02,-1.730957e-02,2.500007e-02,1.783643e+06,-1.263821e+06,1.825274e+06,-4.110789e-03,2.884800e-03,-4.231800e-03,3.342066e-18,318,60267
0.000000e+00,-1.638529e-07,-4.234509e-09,1.956238e-07,0.000000e+00,0.000000e+00,0.000000e+00,1.073199e+08,3.450714e+06,-1.076017e+08,6.686712e-18,319,0
5.545455e-10,-2.513451e-03,-8.110363e-05,2.500220e-03,-4.532734e+06,-1.462648e+05,4.508745e+06,7.298780e-01,2.551910e-02,-6.401281e-01,6.686712e-18,319,2440
5.544773e-09,-2.513309e-02,-8.110077e-04,2.500011e-02,-4.532798e+06,-1.462671e+05,4.508801e+06,7.199094e-03,2.332315e-04,-6.477629e-03,6.686712e-18,319,24397
0.000000e+00,-3.185687e-09,-5.843519e-08,2.071204e-07,0.000000e+00,0.000000e+00,0.000000e+00,-1.848162e+05,6.170102e+07,-1.988658e+08,7.917051e-18,320,0
3.077273e-10,2.626878e-06,-7.776817e-04,2.501346e-03,8.551757e+03,-2.527224e+06,8.128486e+06,-1.255363e-02,5.714130e-01,-1.723702e+00,7.917051e-18,320,1354
3.075682e-09,2.629915e-05,-7.772987e-03,2.500082e-02,8.552364e+03,-2.527252e+06,8.128570e+06,-1.009703e-04,5.713492e-03,-1.731690e-02,7.917051e-18,320,13533
0.000000e+00,1.415842e-07,-2.106403e-07,5.281225e-07,0.000000e+00,0.000000e+00,0.000000e+00,-1.579963e+07,2.090668e+07,-3.261935e+07,3.129540e-18,321,0
1.267273e-09,1.460946e-03,-1.732270e-03,2.500241e-03,1.153521e+06,-1.367684e+06,1.973563e+06,-4.265832e-01,4.922801e-01,-5.410844e-01,3.129540e-18,321,5576
1.266750e-08,1.461215e-02,-1.732511e-02,2.500033e-02,1.153606e+06,-1.367782e+06,1.973672e+06,-3.778091e-03,4.445866e-03,-6.550640e-03,3.129540e-18,321,55737
0.000000e+00,2.127162e-07,6.065019e-08,5.701532e-07,0.000000e+00,0.000000e+00,0.000000e+00,-2.155033e+07,-6.043276e+06,-3.284388e+07,3.019809e-18,322,0
1.124318e-09,1.703342e-03,4.724568e-04,2.500048e-03,1.515933e+06,4.204915e+05,2.224434e+06,-6.773280e-01,-1.971316e-01,-7.614317e-01,3.019809e-18,322,4947
1.123886e-08,1.703732e-02,4.725830e-03,2.500032e-02,1.516053e+06,4.205264e+05,2.224570e+06,-5.456047e-03,-1.838073e-03,-9.023427e-03,3.019809e-18,322,49451
0.000000e+00,2.237936e-07,-4.625081e-08,3.621990e-07,0.000000e+00,0.000000e+00,0.000000e+00,-4.056775e+07,6.353157e+06,-4.484827e+07,4.201146e-18,323,0
1.039318e-09,2.434193e-03,-3.367625e-04,2.500088e-03,2.343030e+06,-3.241151e+05,2.406114e+06,-7.244227e-01,8.917021e-02,-5.974026e-01,4.201146e-18,323,4573
1.039023e-08,2.434457e-02,-3.367646e-03,2.500020e-02,2.343148e+06,-3.241297e+05,2.406212e+06,-6.258865e-03,8.796820e-04,-6.593036e-03,4.201146e-18,323,45717
0.000000e+00,-9.285988e-08,1.069996e-07,3.159220e-07,0.000000e+00,0.000000e+00,0.000000e+00,2.890808e+07,-3.551365e+07,-7.231320e+07,5.135901e-18,324,0
7.163636e-10,-1.050282e-03,1.278640e-03,2.500524e-03,-1.466578e+06,1.785452e+06,3.491293e+06,5.413298e-01,-6.608502e-01,-1.089402e+00,5.135901e-18,324,3152
7.160682e-09,-1.050170e-02,1.278506e-02,2.500019e-02,-1.466639e+06,1.785527e+06,3.491417e+06,5.201658e-03,-6.314120e-03,-1.136283e-02,5.135901e-18,324,31507
0.000000e+00,2.008899e-07,1.122747e-07,3.815176e-07,0.000000e+00,0.000000e+00,0.000000e+00,-3.225165e+07,-1.736830e+07,-4.139830e+07,4.031732e-18,325,0
1.061591e-09,2.039516e-03,1.127547e-03,2.500131e-03,1.922068e+06,1.062623e+06,2.355760e+06,-6.685182e-01,-3.736033e-01,-6.320062e-01,4.031732e-18,325,4671
1.061227e-08,2.039746e-02,1.127682e-02,2.500009e-02,1.922180e+06,1.062686e+06,2.355867e+06,-5.722493e-03,-3.360695e-03,-6.897168e-03,4.031732e-18,325,46694
0.000000e+00,2.075359e-07,1.757297e-07,4.892067e-07,0.000000e+00,0.000000e+00,0.000000e+00,-2.185877e+07,-1.902938e+07,-3.128687e+07,3.245923e-18,326,0
1.311591e-09,1.969400e-03,1.714109e-03,2.500045e-03,1.502332e+06,1.307566e+06,1.906606e+06,-4.838191e-01,-4.052426e-01,-4.115593e-01,3.245923e-18,326,5771
1.311227e-08,1.969892e-02,1.714510e-02,2.500013e-02,1.502432e+06,1.307650e+06,1.906692e+06,-4.164861e-03,-3.602215e-03,-5.320785e-03,3.245923e-18,326,57694
0.000000e+00,1.217713e-07,1.011763e-07,5.575395e-07,0.000000e+00,0.000000e+00,0.000000e+00,-1.548023e+07,-1.310952e+07,-3.234082e+07,3.231825e-18,327,0
1.171364e-09,1.248168e-03,1.115910e-03,2.500423e-03,1.066329e+06,9.533768e+05,2.135496e+06,-5.106666e-01,-4.753201e-01,-7.536042e-01,3.231825e-18,327,5154
1.170682e-08,1.248325e-02,1.116093e-02,2.500006e-02,1.066423e+06,9.534645e+05,2.135636e+06,-4.263881e-03,-4.051189e-03,-9.291997e-03,3.231825e-18,327,51510
0.000000e+00,8.837591e-08,-3.167619e-08,1.883261e-07,0.000000e+00,0.000000e+00,0.000000e+00,-9.942484e+07,3.655617e+07,-1.906878e+08,8.052186e-18,328,0
3.220455e-10,1.306575e-03,-4.804734e-04,2.501203e-03,4.057153e+06,-1.491961e+06,7.766587e+06,-7.213754e-01,2.691848e-01,-1.289170e+00,8.052186e-18,328,1417
3.219091e-09,1.306042e-02,-4.802785e-03,2.500152e-02,4.057190e+06,-1.491975e+06,7.766653e+06,-7.197398e-03,2.617605e-03,-1.295161e-02,8.052186e-18,328,14164
0.000000e+00,-1.104359e-07,-1.363713e-07,4.446597e-07,0.000000e+00,0.000000e+00,0.000000e+00,1.381935e+07,2.141491e+07,-4.115590e+07,3.864936e-18,329,0
1.064773e-09,-9.972441e-04,-1.548571e-03,2.500190e-03,-9.371367e+05,-1.455326e+06,2.348955e+06,4.177099e-01,6.782102e-01,-8.055188e-01,3.864936e-18,329,4685
1.064318e-08,-9.974080e-03,-1.548918e-02,2.500052e-02,-9.372068e+05,-1.455440e+06,2.349091e+06,3.261324e-03,5.058623e-03,-9.073755e-03,3.864936e-18,329,46830
0.000000e+00,1.225401e-07,-1.315871e-07,6.173600e-07,0.000000e+00,0.000000e+00,0.000000e+00,-1.768325e+07,1.475609e+07,-3.437145e+07,2.909657e-18,330,0
1.059091e-09,1.234055e-03,-1.010317e-03,2.500106e-03,1.165888e+06,-9.544950e+05,2.361525e+06,-5.153508e-01,4.372005e-01,-9.103948e-01,2.909657e-18,330,4660
1.058636e-08,1.234246e-02,-1.010463e-02,2.500020e-02,1.165974e+06,-9.545680e+05,2.361678e+06,-4.520215e-03,3.654566e-03,-1.020774e-02,2.909657e-18,330,46580
0.000000e+00,1.183734e-07,-2.448832e-08,5.935316e-07,0.000000e+00,0.000000e+00,0.000000e+00,-1.102670e+07,-2.744235e+06,-4.013156e+07,3.116098e-18,331,0
1.001364e-09,9.621273e-04,1.551468e-04,2.500059e-03,9.615434e+05,1.551031e+05,2.497868e+06,-5.701813e-01,-9.992886e-02,-1.226576e+00,3.116098e-18,331,4406
1.000864e-08,9.623682e-03,1.552320e-03,2.500048e-02,9.616334e+05,1.551188e+05,2.498062e+06,-4.631248e-03,-6.108399e-04,-1.370954e-02,3.116098e-18,331,44038
0.000000e+00,-6.732655e-08,-1.469484e-07,5.434194e-07,0.000000e+00,0.000000e+00,0.000000e+00,9.050940e+06,1.560470e+07,-3.889150e+07,3.306769e-18,332,0
1.002500e-09,-6.557177e-04,-1.133670e-03,2.500448e-03,-6.545359e+05,-1.131593e+06,2.495345e+06,3.481414e-01,6.016924e-01,-1.116294e+00,3.306769e-18,332,4411
1.001864e-08,-6.557514e-03,-1.133698e-02,2.500014e-02,-6.545910e+05,-1.131688e+06,2.495522e+06,2.467490e-03,4.756981e-03,-1.221869e-02,3.306769e-18,332,44082
0.000000e+00,6.736980e-08,7.641433e-08,6.588407e-07,0.000000e+00,0.000000e+00,0.000000e+00,-2.258599e+07,-4.000276e+07,-5.691378e+07,2.865058e-18,333,0
8.672727e-10,9.595975e-04,1.683644e-03,2.500180e-03,1.106860e+06,1.942056e+06,2.883232e+06,-4.059097e-01,-7.041646e-01,-9.406186e-01,2.865058e-18,333,3816
8.670682e-09,9.597240e-03,1.683892e-02,2.500005e-02,1.106916e+06,1.942152e+06,2.883361e+06,-3.845987e-03,-6.607411e-03,-9.761821e-03,2.865058e-18,333,38151
0.000000e+00,-6.279513e-08,-1.263918e-07,3.296715e-07,0.000000e+00,0.000000e+00,0.000000e+00,1.872836e+07,3.425218e+07,-6.817285e+07,4.986542e-18,334,0
7.293182e-10,-7.220927e-04,-1.319674e-03,2.500695e-03,-9.904442e+05,-1.810086e+06,3.429672e+06,3.994335e-01,7.281463e-01,-1.199414e+00,4.986542e-18,334,3209
7.289318e-09,-7.219657e-03,-1.319430e-02,2.500010e-02,-9.904903e+05,-1.810170e+06,3.429811e+06,3.913130e-03,6.861407e-03,-1.237787e-02,4.986542e-18,334,32073
0.000000e+00,2.316562e-08,-1.059932e-07,6.497986e-07,0.000000e+00,0.000000e+00,0.000000e+00,-1.863728e+06,5.795302e+06,-3.581189e+07,2.864544e-18,335,0
9.756818e-10,5.180855e-05,-4.628287e-04,2.500026e-03,5.323343e+04,-4.748211e+05,2.563683e+06,-1.610061e-01,4.340209e-01,-1.395060e+00,2.864544e-18,335,4293
9.751591e-09,5.191600e-04,-4.630301e-03,2.500024e-02,5.325818e+04,-4.748879e+05,2.563899e+06,-1.570657e-03,3.626456e-03,-1.600771e-02,2.864544e-18,335,42907
0.000000e+00,-7.493172e-08,-9.287524e-08,4.566888e-07,0.000000e+00,0.000000e+00,0.000000e+00,8.459511e+06,1.116526e+07,-4.704812e+07,3.940867e-18,336,0
8.802273e-10,-6.581735e-04,-6.420808e-04,2.500283e-03,-7.482832e+05,-7.298604e+05,2.841974e+06,4.673470e-01,4.035061e-01,-1.540017e+00,3.940867e-18,336,3873
8.796818e-09,-6.582451e-03,-6.420455e-03,2.500043e-02,-7.483482e+05,-7.299165e+05,2.842189e+06,4.362743e-03,3.872782e-03,-1.600212e-02,3.940867e-18,336,38706
0.000000e+00,1.732372e-07,-3.738988e-08,3.057069e-07,0.000000e+00,0.000000e+00,0.000000e+00,-4.355021e+07,6.280025e+06,-6.442628e+07,5.018964e-18,337,0
7.670455e-10,1.749986e-03,-2.510369e-04,2.500537e-03,2.282189e+06,-3.273502e+05,3.260794e+06,-8.223911e-01,1.008601e-01,-1.068450e+00,5.018964e-18,337,3375
7.666818e-09,1.749714e-02,-2.509749e-03,2.500002e-02,2.282289e+06,-3.273625e+05,3.260924e+06,-7.936969e-03,9.126795e-04,-1.088226e-02,5.018964e-18,337,33734
0.000000e+00,1.780858e-07,1.489576e-07,5.013855e-07,0.000000e+00,0.000000e+00,0.000000e+00,-1.998115e+07,-1.639587e+07,-3.359079e+07,3.319349e-18,338,0
1.199318e-09,1.637710e-03,1.401670e-03,2.500175e-03,1.366309e+06,1.169422e+06,2.085366e+06,-5.146632e-01,-4.517632e-01,-6.042978e-01,3.319349e-18,338,5277
1.198841e-08,1.637981e-02,1.401944e-02,2.500040e-02,1.366406e+06,1.169508e+06,2.085481e+06,-4.290791e-03,-3.704111e-03,-7.179921e-03,3.319349e-18,338,52749
0.000000e+00,6.652504e-08,-2.155376e-07,2.173619e-07,0.000000e+00,0.000000e+00,0.000000e+00,-2.398203e+07,8.134030e+07,-6.083974e+07,5.502197e-18,339,0
9.263636e-10,1.010792e-03,-3.440596e-03,2.500397e-03,1.091277e+06,-3.714589e+06,2.699343e+06,-1.502193e-01,5.286098e-01,-3.032023e-01,5.502197e-18,339,4076
9.261591e-09,1.010699e-02,-3.440307e-02,2.500034e-02,1.091299e+06,-3.714666e+06,2.699387e+06,-1.402335e-03,4.935505e-03,-3.177551e-03,5.502197e-18,339,40751
0.000000e+00,6.539694e-08,-3.844011e-08,5.635504e-07,0.000000e+00,0.000000e+00,0.000000e+00,-7.781953e+06,1.858941e+06,-3.907556e+07,3.334700e-18,340,0
9.929545e-10,5.544057e-04,-1.322647e-04,2.500417e-03,5.588154e+05,-1.332956e+05,2.519483e+06,-3.890346e-01,9.295902e-02,-1.318057e+00,3.334700e-18,340,4369
9.922727e-09,5.544951e-03,-1.322672e-03,2.500036e-02,5.588763e+05,-1.333102e+05,2.519691e+06,-2.986322e-03,8.651213e-04,-1.528409e-02,3.334700e-18,340,43660
0.000000e+00,-1.437588e-07,1.933183e-07,5.224220e-07,0.000000e+00,0.000000e+00,0.000000e+00,1.561605e+07,-1.869213e+07,-3.553537e+07,3.202435e-18,341,0
1.083864e-09,-1.079763e-03,1.384387e-03,2.500432e-03,-9.967698e+05,1.278055e+06,2.307848e+06,4.313282e-01,-6.018510e-01,-8.166608e-01,3.202435e-18,341,4769
1.083273e-08,-1.079773e-02,1.384480e-02,2.500045e-02,-9.968435e+05,1.278157e+06,2.307988e+06,3.607524e-03,-4.671780e-03,-9.381853e-03,3.202435e-18,341,47664
0.000000e+00,-1.798669e-07,1.910484e-07,3.703838e-07,0.000000e+00,0.000000e+00,0.000000e+00,2.716845e+07,-3.151743e+07,-3.964163e+07,3.942188e-18,342,0
1.170682e-09,-1.883506e-03,2.214185e-03,2.500110e-03,-1.609493e+06,1.892091e+06,2.136048e+06,4.176253e-01,-4.950421e-01,-4.157577e-01,3.942188e-18,342,5151
1.170386e-08,-1.883726e-02,2.214472e-02,2.500017e-02,-1.609570e+06,1.892182e+06,2.136126e+06,3.634016e-03,-4.213928e-03,-4.726408e-03,3.942188e-18,342,51497
0.000000e+00,1.347986e-07,-2.463667e-07,3.502728e-07,0.000000e+00,0.000000e+00,0.000000e+00,-2.140853e+07,4.049972e+07,-3.290161e+07,3.970227e-18,343,0
1.260227e-09,1.473642e-03,-2.171425e-03,2.500392e-03,1.169910e+06,-1.723765e+06,1.984667e+06,-3.716258e-01,5.314293e-01,-4.427846e-01,3.970227e-18,343,5545
1.259659e-08,1.473687e-02,-2.171364e-02,2.500012e-02,1.169984e+06,-1.723870e+06,1.984756e+06,-3.208485e-03,4.610262e-03,-5.417726e-03,3.970227e-18,343,55425
0.000000e+00,-1.385313e-07,2.223743e-08,4.139666e-07,0.000000e+00,0.000000e+00,0.000000e+00,2.332893e+07,-3.447130e+06,-5.023814e+07,4.188032e-18,344,0
8.638636e-10,-1.272034e-03,1.951143e-04,2.500462e-03,-1.473345e+06,2.259888e+05,2.895757e+06,7.770236e-01,-1.156078e-01,-1.328404e+00,4.188032e-18,344,3801
8.633409e-09,-1.271994e-02,1.951046e-03,2.500035e-02,-1.473451e+06,2.260046e+05,2.895939e+06,7.350934e-03,-1.228479e-03,-1.377896e-02,4.188032e-18,344,37987
0.000000e+00,-2.169627e-08,2.259226e-07,3.553183e-07,0.000000e+00,0.000000e+00,0.000000e+00,4.750272e+06,-4.281579e+07,-4.379338e+07,4.248912e-18,345,0
1.082727e-09,-3.006484e-04,2.690731e-03,2.500194e-03,-2.777881e+05,2.486075e+06,2.309628e+06,7.899541e-02,-6.880219e-01,-4.672170e-01,4.248912e-18,345,4764
1.082432e-08,-3.006855e-03,2.691001e-02,2.500029e-02,-2.778016e+05,2.486193e+06,2.309708e+06,6.280940e-04,-5.914422e-03,-5.401768e-03,4.248912e-18,345,47627
0.000000e+00,-2.992010e-08,1.338927e-07,4.706309e-07,0.000000e+00,0.000000e+00,0.000000e+00,1.968673e+06,-1.736922e+07,-4.421163e+07,3.786872e-18,346,0
9.095455e-10,-1.593043e-04,1.007769e-03,2.500295e-03,-1.753037e+05,1.108740e+06,2.750377e+06,1.354857e-01,-6.716116e-01,-1.431423e+00,3.786872e-18,346,4002
9.089773e-09,-1.593460e-03,1.007816e-02,2.500040e-02,-1.753232e+05,1.108836e+06,2.750583e+06,1.560713e-03,-5.873131e-03,-1.514666e-02,3.786872e-18,346,39995
0.000000e+00,-2.765340e-08,-3.027195e-08,3.003443e-07,0.000000e+00,0.000000e+00,0.000000e+00,1.271417e+07,1.133354e+07,-9.906705e+07,5.835297e-18,347,0
5.386364e-10,-3.306982e-04,-2.937338e-04,2.500552e-03,-6.141378e+05,-5.454769e+05,4.643383e+06,2.979615e-01,2.603627e-01,-1.995655e+00,5.835297e-18,347,2370
5.384091e-09,-3.306577e-03,-2.936906e-03,2.500054e-02,-6.141632e+05,-5.454990e+05,4.643553e+06,3.005502e-03,2.614429e-03,-2.016126e-02,5.835297e-18,347,23690
0.000000e+00,-7.576483e-09,-2.348531e-08,3.776809e-07,0.000000e+00,0.000000e+00,0.000000e+00,-2.226577e+06,2.802941e+06,-8.034329e+07,4.821903e-18,348,0
6.095455e-10,6.401879e-05,-8.970620e-05,2.500001e-03,1.050816e+05,-1.472162e+05,4.102675e+06,-4.847487e-02,1.034904e-01,-2.080807e+00,4.821903e-18,348,2682
6.093636e-09,6.403168e-04,-8.970985e-04,2.500035e-02,1.050862e+05,-1.472262e+05,4.102875e+06,-5.982975e-04,1.103731e-03,-2.105771e-02,4.821903e-18,348,26812
0.000000e+00,8.636955e-08,9.078887e-08,5.563963e-07,0.000000e+00,0.000000e+00,0.000000e+00,-1.090648e+07,-6.510677e+06,-3.577719e+07,3.303927e-18,349,0
1.055682e-09,7.445137e-04,5.930074e-04,2.500391e-03,7.057878e+05,5.621532e+05,2.369786e+06,-4.171905e-01,-3.309327e-01,-1.158065e+00,3.303927e-18,349,4645
1.054955e-08,7.445713e-03,5.930446e-03,2.500033e-02,7.058572e+05,5.622082e+05,2.369979e+06,-3.454419e-03,-2.801859e-03,-1.346340e-02,3.303927e-18,349,46418
0.000000e+00,-6.005531e-08,-3.424155e-09,2.507425e-07,0.000000e+00,0.000000e+00,0.000000e+00,3.944851e+07,7.875567e+05,-1.388924e+08,6.722562e-18,350,0
4.229545e-10,-7.157195e-04,-1.364854e-05,2.500281e-03,-1.692378e+06,-3.226466e+04,5.911928e+06,5.591282e-01,6.783343e-03,-1.800308e+00,6.722562e-18,350,1861
4.228864e-09,-7.156873e-03,-1.364463e-04,2.500092e-02,-1.692415e+06,-3.226512e+04,5.912049e+06,5.554015e-03,9.325594e-05,-1.815787e-02,6.722562e-18,350,18607
0.000000e+00,-6.160306e-08,-2.457352e-07,4.619347e-07,0.000000e+00,0.000000e+00,0.000000e+00,4.090377e+06,3.535414e+07,-4.485183e+07,3.487549e-18,351,0
9.947727e-10,-2.780544e-04,-2.091229e-03,2.500202e-03,-2.796861e+05,-2.103091e+06,2.514003e+06,1.462866e-01,7.547428e-01,-7.397302e-01,3.487549e-18,351,4377
9.944318e-09,-2.781288e-03,-2.091382e-02,2.500025e-02,-2.797091e+05,-2.103210e+06,2.514120e+06,9.173852e-04,7.063300e-03,-8.177549e-03,3.487549e-18,351,43755
0.000000e+00,1.260014e-07,-2.357100e-07,3.816950e-07,0.000000e+00,0.000000e+00,0.000000e+00,-1.890187e+07,3.636942e+07,-3.915683e+07,3.861140e-18,352,0
1.190682e-09,1.374554e-03,-2.547661e-03,2.500214e-03,1.154875e+06,-2.140490e+06,2.100243e+06,-3.059595e-01,5.655790e-01,-3.984707e-01,3.861140e-18,352,5239
1.190341e-08,1.374692e-02,-2.547908e-02,2.500021e-02,1.154932e+06,-2.140596e+06,2.100318e+06,-2.535364e-03,4.750147e-03,-4.647335e-03,3.861140e-18,352,52375
0.000000e+00,-7.088516e-09,8.729567e-08,3.158064e-07,0.000000e+00,0.000000e+00,0.000000e+00,1.145002e+06,-3.110201e+07,-8.408937e+07,5.414655e-18,353,0
6.147727e-10,-3.463746e-05,9.576693e-04,2.500617e-03,-5.634787e+04,1.558268e+06,4.068517e+06,2.017465e-02,-7.171552e-01,-1.635322e+00,5.414655e-18,353,2705
6.144773e-09,-3.462501e-04,9.575211e-03,2.500024e-02,-5.634984e+04,1.558338e+06,4.068676e+06,2.317635e-04,-7.049457e-03,-1.654961e-02,5.414655e-18,353,27037
0.000000e+00,-7.698220e-09,-1.676626e-07,2.085210e-07,0.000000e+00,0.000000e+00,0.000000e+00,7.384387e+06,9.775775e+07,-9.701263e+07,6.417869e-18,354,0
6.063636e-10,-1.938746e-04,-2.545995e-03,2.500237e-03,-3.197752e+05,-4.199156e+06,4.123531e+06,6.327727e-02,7.348943e-01,-6.260837e-01,6.417869e-18,354,2668
6.062955e-09,-1.938784e-03,-2.545939e-02,2.500093e-02,-3.197813e+05,-4.199226e+06,4.123591e+06,5.971315e-04,7.229202e-03,-6.367619e-03,6.417869e-18,354,26677
0.000000e+00,-8.910328e-08,-2.214127e-07,2.644719e-07,0.000000e+00,0.000000e+00,0.000000e+00,2.493350e+07,6.195368e+07,-5.106339e+07,4.906578e-18,355,0
1.045909e-09,-1.282516e-03,-3.189214e-03,2.500246e-03,-1.226474e+06,-3.049858e+06,2.390752e+06,2.135720e-01,5.319042e-01,-3.130261e-01,4.906578e-18,355,4602
1.045705e-08,-1.282531e-02,-3.189253e-02,2.500035e-02,-1.226509e+06,-3.049946e+06,2.390804e+06,1.893803e-03,4.701419e-03,-3.418555e-03,4.906578e-18,355,46011
0.000000e+00,2.690168e-07,3.197138e-08,2.821769e-07,0.000000e+00,0.000000e+00,0.000000e+00,-5.821872e+07,-1.058833e+07,-4.118887e+07,4.474105e-18,356,0
1.246818e-09,3.783644e-03,7.311005e-04,2.500139e-03,3.035351e+06,5.865637e+05,2.005426e+06,-4.821186e-01,-1.127157e-01,-2.201893e-01,4.474105e-18,356,5486
1.246614e-08,3.783910e-02,7.312151e-03,2.500006e-02,3.035446e+06,5.865858e+05,2.005470e+06,-4.034767e-03,-8.445969e-04,-2.601794e-03,4.474105e-18,356,54851
0.000000e+00,7.641975e-08,5.731192e-08,6.569607e-07,0.000000e+00,0.000000e+00,0.000000e+00,-1.423809e+07,8.506470e+06,-3.677046e+07,2.854986e-18,357,0
9.306818e-10,8.580044e-04,-4.801274e-04,2.500043e-03,9.225322e+05,-5.163474e+05,2.687571e+06,-5.248417e-01,3.132498e-01,-1.404305e+00,2.854986e-18,357,4095
9.302045e-09,8.581391e-03,-4.802978e-03,2.500011e-02,9.226092e+05,-5.163934e+05,2.687778e+06,-4.201612e-03,2.961746e-03,-1.501940e-02,2.854986e-18,357,40929
0.000000e+00,1.750022e-08,4.492275e-09,5.387664e-07,0.000000e+00,0.000000e+00,0.000000e+00,1.676118e+05,-6.938793e+06,-4.762811e+07,3.509969e-18,358,0
8.120455e-10,7.009057e-05,3.692228e-04,2.500180e-03,8.641362e+04,4.550723e+05,3.080455e+06,-9.523691e-02,-3.335341e-01,-1.839279e+00,3.509969e-18,358,3573
8.115682e-09,7.012980e-04,3.693164e-03,2.500013e-02,8.642583e+04,4.551150e+05,3.080692e+06,-1.011893e-03,-3.201562e-03,-1.911972e-02,3.509969e-18,358,35709
0.000000e+00,2.492823e-08,-1.162303e-07,3.670612e-07,0.000000e+00,0.000000e+00,0.000000e+00,-4.980593e+07,6.938487e+07,-5.521725e+07,4.728851e-18,359,0
9.863636e-10,2.232946e-03,-3.136765e-03,2.500565e-03,2.264231e+06,-3.180622e+06,2.535172e+06,-3.019352e-01,4.077623e-01,-2.555870e-01,4.728851e-18,359,4340
9.861364e-09,2.232834e-02,-3.136526e-02,2.500051e-02,2.264278e+06,-3.180686e+06,2.535212e+06,-2.734208e-03,3.669101e-03,-2.734085e-03,4.728851e-18,359,43390
0.000000e+00,-8.372318e-08,1.178615e-07,1.944412e-07,0.000000e+00,0.000000e+00,0.000000e+00,8.311657e+07,-5.066449e+07,-1.155895e+08,7.055632e-18,360,0
5.140909e-10,-1.809244e-03,1.108324e-03,2.500254e-03,-3.519637e+06,2.155971e+06,4.863682e+06,6.771153e-01,-4.157267e-01,-8.393863e-01,7.055632e-18,360,2262
5.140227e-09,-1.809178e-02,1.108227e-02,2.500057e-02,-3.519692e+06,2.156005e+06,4.863750e+06,6.708113e-03,-4.102183e-03,-8.466313e-03,7.055632e-18,360,22617
0.000000e+00,4.091751e-08,1.312110e-07,3.375221e-07,0.000000e+00,0.000000e+00,0.000000e+00,-1.372057e+07,-2.946362e+07,-6.302112e+07,4.909020e-18,361,0
7.584091e-10,5.785467e-04,1.261784e-03,2.500424e-03,7.632278e+05,1.664409e+06,3.297815e+06,-4.094344e-01,-7.522403e-01,-1.132229e+00,4.909020e-18,361,3337
7.580909e-09,5.785945e-03,1.261772e-02,2.500054e-02,7.632768e+05,1.664499e+06,3.297951e+06,-3.177307e-03,-6.992091e-03,-1.316350e-02,4.909020e-18,361,33356
0.000000e+00,-2.644103e-07,-7.751723e-08,4.813704e-07,0.000000e+00,0.000000e+00,0.000000e+00,2.919611e+07,1.090103e+07,-3.062103e+07,3.284430e-18,362,0
1.362045e-09,-2.691910e-03,-9.934236e-04,2.500120e-03,-1.977336e+06,-7.297211e+05,1.836004e+06,5.575281e-01,2.010113e-01,-3.657138e-01,3.284430e-18,362,5993
1.361659e-08,-2.692448e-02,-9.936262e-03,2.500031e-02,-1.977455e+06,-7.297641e+05,1.836083e+06,4.871378e-03,1.754319e-03,-4.539114e-03,3.284430e-18,362,59913
0.000000e+00,1.227354e-07,-7.486287e-08,2.282393e-07,0.000000e+00,0.000000e+00,0.000000e+00,-7.025241e+07,3.937963e+07,-1.061501e+08,6.392951e-18,363,0
5.493182e-10,1.675120e-03,-9.366966e-04,2.501009e-03,3.049797e+06,-1.705370e+06,4.553265e+06,-7.235865e-01,3.910170e-01,-9.564579e-01,6.392951e-18,363,2417
5.490682e-09,1.674553e-02,-9.363687e-03,2.500068e-02,3.049860e+06,-1.705404e+06,4.553348e+06,-7.142549e-03,3.901903e-03,-9.694556e-03,6.392951e-18,363,24159
0.000000e+00,-5.296845e-08,3.180603e-08,1.339230e-07,0.000000e+00,0.000000e+00,0.000000e+00,1.666391e+08,-9.960696e+07,-4.027318e+08,1.125748e-17,364,0
1.552273e-10,-1.035342e-03,6.188828e-04,2.501965e-03,-6.669618e+06,3.986809e+06,1.611748e+07,5.939733e-01,-3.549439e-01,-1.387078e+00,1.125748e-17,364,683
1.551136e-09,-1.034554e-02,6.184116e-03,2.500053e-02,-6.669632e+06,3.986818e+06,1.611751e+07,5.925720e-03,-3.574718e-03,-1.390367e-02,1.125748e-17,364,6825
0.000000e+00,2.043475e-07,-7.772108e-08,3.942283e-07,0.000000e+00,0.000000e+00,0.000000e+00,-2.607902e+07,5.927798e+06,-3.987588e+07,4.039140e-18,365,0
1.091818e-09,1.933227e-03,-5.343437e-04,2.500303e-03,1.771642e+06,-4.897050e+05,2.290858e+06,-7.059464e-01,2.089399e-01,-7.135433e-01,4.039140e-18,365,4804
1.091295e-08,1.933375e-02,-5.344096e-03,2.500013e-02,1.771763e+06,-4.897409e+05,2.290981e+06,-5.923253e-03,1.807851e-03,-8.211412e-03,4.039140e-18,365,48017
0.000000e+00,1.422854e-07,1.872657e-07,3.078990e-07,0.000000e+00,0.000000e+00,0.000000e+00,-3.287447e+07,-4.176413e+07,-4.845992e+07,4.552564e-18,366,0
1.034773e-09,1.819996e-03,2.295097e-03,2.500488e-03,1.759365e+06,2.218610e+06,2.416866e+06,-4.217420e-01,-5.202168e-01,-4.359190e-01,4.552564e-18,366,4553
1.034409e-08,1.819901e-02,2.294950e-02,2.500041e-02,1.759434e+06,2.218695e+06,2.416937e+06,-3.620137e-03,-4.570147e-03,-4.751899e-03,4.552564e-18,366,45514
0.000000e+00,-1.919451e-07,1.396128e-07,3.921215e-07,0.000000e+00,0.000000e+00,0.000000e+00,3.132523e+07,-2.292659e+07,-4.068909e+07,3.937593e-18,367,0
1.128864e-09,-2.146012e-03,1.515627e-03,2.500202e-03,-1.901829e+06,1.343159e+06,2.215305e+06,5.553450e-01,-3.907668e-01,-4.869014e-01,3.937593e-18,367,4967
1.128523e-08,-2.146251e-02,1.515782e-02,2.500037e-02,-1.901927e+06,1.343229e+06,2.215392e+06,4.828975e-03,-3.387094e-03,-5.569451e-03,3.937593e-18,367,49655
0.000000e+00,-2.371530e-07,-2.612680e-08,2.273478e-07,0.000000e+00,0.000000e+00,0.000000e+00,7.729522e+07,9.108099e+06,-5.414227e+07,5.239210e-18,368,0
1.018864e-09,-3.705757e-03,-4.382757e-04,2.500303e-03,-3.637723e+06,-4.302336e+05,2.454209e+06,5.246614e-01,6.368480e-02,-2.690099e-01,5.239210e-18,368,4483
1.018659e-08,-3.705605e-02,-4.382617e-03,2.500015e-02,-3.637807e+06,-4.302438e+05,2.454253e+06,4.664801e-03,5.368266e-04,-2.885837e-03,5.239210e-18,368,44821
0.000000e+00,-1.459589e-07,1.155924e-07,3.988972e-07,0.000000e+00,0.000000e+00,0.000000e+00,2.403807e+07,-2.026461e+07,-4.663804e+07,4.132324e-18,369,0
9.500000e-10,-1.415448e-03,1.374613e-03,2.500375e-03,-1.490598e+06,1.447663e+06,2.632763e+06,5.486970e-01,-5.426310e-01,-8.193474e-01,4.132324e-18,369,4180
9.495682e-09,-1.415421e-02,1.374646e-02,2.500000e-02,-1.490680e+06,1.447745e+06,2.632887e+06,4.841574e-03,-4.979881e-03,-8.833073e-03,4.132324e-18,369,41781
0.000000e+00,4.657072e-08,2.514030e-07,2.845750e-07,0.000000e+00,0.000000e+00,0.000000e+00,-1.161861e+07,-5.779786e+07,-4.493905e+07,4.579992e-18,370,0
1.141591e-09,6.923529e-04,3.419020e-03,2.500115e-03,6.066362e+05,2.995698e+06,2.190305e+06,-1.120709e-01,-5.483111e-01,-2.940348e-01,4.579992e-18,370,5023
1.141409e-08,6.924195e-03,3.419317e-02,2.500047e-02,6.066564e+05,2.995796e+06,2.190358e+06,-9.032282e-04,-4.712258e-03,-3.278975e-03,4.579992e-18,370,50222
0.000000e+00,1.867465e-08,-3.400809e-08,3.358862e-07,0.000000e+00,0.000000e+00,0.000000e+00,-9.080486e+06,1.000662e+07,-8.047713e+07,5.304674e-18,371,0
6.070455e-10,2.904849e-04,-3.199750e-04,2.500193e-03,4.787389e+05,-5.273110e+05,4.119870e+06,-2.760864e-01,2.932592e-01,-1.965547e+00,5.304674e-18,371,2671
6.068182e-09,2.905063e-03,-3.199819e-03,2.500022e-02,4.787654e+05,-5.273391e+05,4.120059e+06,-2.804665e-03,2.813415e-03,-1.985281e-02,5.304674e-18,371,26700
0.000000e+00,4.646246e-08,-1.208944e-07,4.725531e-07,0.000000e+00,0.000000e+00,0.000000e+00,-4.083710e+06,1.650822e+07,-4.693884e+07,3.812362e-18,372,0
8.852273e-10,2.435233e-04,-1.000756e-03,2.500451e-03,2.752592e+05,-1.131246e+06,2.825978e+06,-1.651043e-01,6.647546e-01,-1.417355e+00,3.812362e-18,372,3895
8.846591e-09,2.435114e-03,-1.000763e-02,2.500039e-02,2.752823e+05,-1.131339e+06,2.826176e+06,-1.539286e-03,6.188923e-03,-1.486014e-02,3.812362e-18,372,38925
0.000000e+00,5.222190e-08,-7.630691e-08,2.949616e-07,0.000000e+00,0.000000e+00,0.000000e+00,-2.041626e+07,2.580467e+07,-9.405704e+07,5.711115e-18,373,0
5.688636e-10,5.581048e-04,-7.023511e-04,2.500283e-03,9.813457e+05,-1.234949e+06,4.396131e+06,-4.218593e-01,5.171116e-01,-1.718108e+00,5.711115e-18,373,2503
5.686818e-09,5.580748e-03,-7.022959e-03,2.500013e-02,9.813836e+05,-1.234995e+06,4.396285e+06,-4.119808e-03,5.110009e-03,-1.728895e-02,5.711115e-18,373,25022
0.000000e+00,1.582286e-07,3.293550e-08,5.027639e-07,0.000000e+00,0.000000e+00,0.000000e+00,-1.803065e+07,-1.004612e+07,-3.988276e+07,3.525616e-18,374,0
1.025909e-09,1.334366e-03,6.438077e-04,2.500274e-03,1.301535e+06,6.280114e+05,2.438237e+06,-6.726163e-01,-3.348026e-01,-1.045761e+00,3.525616e-18,374,4514
1.025341e-08,1.334511e-02,6.439197e-03,2.500040e-02,1.301644e+06,6.280656e+05,2.438407e+06,-5.570785e-03,-2.516252e-03,-1.139944e-02,3.525616e-18,374,45115
0.000000e+00,1.541918e-07,-6.792788e-08,3.846142e-07,0.000000e+00,0.000000e+00,0.000000e+00,-2.774684e+07,7.168960e+06,-5.098290e+07,4.333109e-18,375,0
8.775000e-10,1.523204e-03,-3.968754e-04,2.500252e-03,1.736723e+06,-4.524859e+05,2.850393e+06,-7.822198e-01,2.085389e-01,-1.174916e+00,4.333109e-18,375,3861
8.770909e-09,1.523258e-02,-3.968721e-03,2.500063e-02,1.736832e+06,-4.525148e+05,2.850556e+06,-7.447376e-03,1.891198e-03,-1.214083e-02,4.333109e-18,375,38592
0.000000e+00,-1.731662e-07,1.676476e-07,4.313488e-07,0.000000e+00,0.000000e+00,0.000000e+00,2.389588e+07,-2.461635e+07,-3.326706e+07,3.683173e-18,376,0
1.303864e-09,-2.037712e-03,2.011053e-03,2.500135e-03,-1.563574e+06,1.543074e+06,1.917950e+06,4.419343e-01,-4.157240e-01,-3.863469e-01,3.683173e-18,376,5737
1.303477e-08,-2.038074e-02,2.011354e-02,2.500020e-02,-1.563665e+06,1.543159e+06,1.918030e+06,3.632547e-03,-3.601357e-03,-4.729564e-03,3.683173e-18,376,57353
0.000000e+00,-6.637284e-08,-1.241284e-09,5.134661e-07,0.000000e+00,0.000000e+00,0.000000e+00,6.858350e+06,-1.582312e+06,-4.199558e+07,3.629786e-18,377,0
9.500000e-10,-4.938163e-04,1.105461e-04,2.500147e-03,-5.202523e+05,1.164714e+05,2.633206e+06,3.552472e-01,-9.591553e-02,-1.460466e+00,3.629786e-18,377,4180
9.494091e-09,-4.939276e-03,1.105790e-03,2.500005e-02,-5.203055e+05,1.164858e+05,2.633426e+06,3.491795e-03,-1.061773e-05,-1.635233e-02,3.629786e-18,377,41774
0.000000e+00,-3.134099e-08,-1.082420e-07,2.569950e-07,0.000000e+00,0.000000e+00,0.000000e+00,1.539331e+07,5.383227e+07,-1.072073e+08,6.205236e-18,378,0
5.304545e-10,-3.642051e-04,-1.273154e-03,2.500384e-03,-6.866993e+05,-2.400503e+06,4.714223e+06,2.203708e-01,7.717771e-01,-1.380613e+00,6.205236e-18,378,2334
5.303182e-09,-3.641707e-03,-1.273036e-02,2.500054e-02,-6.867178e+05,-2.400568e+06,4.714339e+06,2.234388e-03,7.621959e-03,-1.391542e-02,6.205236e-18,378,23334
0.000000e+00,1.173971e-07,6.544580e-09,4.404104e-07,0.000000e+00,0.000000e+00,0.000000e+00,-2.030621e+07,-3.076832e+06,-4.869773e+07,4.048525e-18,379,0
9.000000e-10,1.091663e-03,1.833538e-04,2.500227e-03,1.213731e+06,2.038928e+05,2.779366e+06,-6.867781e-01,-1.442149e-01,-1.365501e+00,4.048525e-18,379,3960
8.995000e-09,1.091747e-02,1.834004e-03,2.500049e-02,1.213828e+06,2.039134e+05,2.779560e+06,-6.488447e-03,-1.150878e-03,-1.475896e-02,4.048525e-18,379,39578
0.000000e+00,4.706690e-08,-2.045074e-07,3.382273e-07,0.000000e+00,0.000000e+00,0.000000e+00,-1.078489e+07,4.235974e+07,-4.789243e+07,4.501993e-18,380,0
9.684091e-10,5.321808e-04,-2.318871e-03,2.500376e-03,5.497325e+05,-2.395400e+06,2.582601e+06,-1.698352e-01,7.401263e-01,-6.685182e-01,4.501993e-18,380,4261
9.680227e-09,5.321538e-03,-2.318798e-02,2.500027e-02,5.497585e+05,-2.395513e+06,2.582704e+06,-1.540186e-03,6.623237e-03,-7.042058e-03,4.501993e-18,380,42593
0.000000e+00,-2.503357e-07,4.706133e-09,2.888718e-07,0.000000e+00,0.000000e+00,0.000000e+00,5.995834e+07,-4.797743e+06,-4.272684e+07,4.605316e-18,381,0
1.195000e-09,-3.738270e-03,2.907025e-04,2.500092e-03,-3.129007e+06,2.433354e+05,2.092359e+06,5.178125e-01,-4.057088e-02,-2.480497e-01,4.605316e-18,381,5258
1.194818e-08,-3.738592e-02,2.907401e-03,2.500002e-02,-3.129105e+06,2.433431e+05,2.092406e+06,4.389975e-03,-3.652570e-04,-2.828899e-03,4.605316e-18,381,52572
0.000000e+00,-4.875303e-08,5.596197e-08,2.362544e-07,0.000000e+00,0.000000e+00,0.000000e+00,3.407793e+07,-4.009423e+07,-1.460536e+08,6.958633e-18,382,0
4.070455e-10,-5.869566e-04,6.911073e-04,2.501124e-03,-1.442111e+06,1.698008e+06,6.144939e+06,4.218182e-01,-5.013184e-01,-1.670379e+00,6.958633e-18,382,1791
4.068409e-09,-5.867131e-03,6.908231e-03,2.500031e-02,-1.442138e+06,1.698041e+06,6.145047e+06,4.209730e-03,-4.955220e-03,-1.679479e-02,6.958633e-18,382,17901
0.000000e+00,-7.874352e-08,-1.958347e-07,5.087184e-07,0.000000e+00,0.000000e+00,0.000000e+00,9.713255e+06,1.855428e+07,-3.284781e+07,3.375977e-18,383,0
1.177045e-09,-8.203403e-04,-1.585918e-03,2.500133e-03,-6.974216e+05,-1.348246e+06,2.124936e+06,3.106141e-01,5.973323e-01,-7.186852e-01,3.375977e-18,383,5179
1.176500e-08,-8.205114e-03,-1.586206e-02,2.500003e-02,-6.974792e+05,-1.348357e+06,2.125071e+06,2.771403e-03,5.353951e-03,-8.715014e-03,3.375977e-18,383,51766
0.000000e+00,1.484083e-07,-1.581436e-07,2.146489e-07,0.000000e+00,0.000000e+00,0.000000e+00,-5.998520e+07,6.267021e+07,-6.422217e+07,5.644467e-18,384,0
8.815909e-10,2.399428e-03,-2.501505e-03,2.500032e-03,2.722067e+06,-2.837854e+06,2.836019e+06,-4.049409e-01,4.123621e-01,-3.350807e-01,5.644467e-18,384,3879
8.815227e-09,2.399568e-02,-2.501639e-02,2.500028e-02,2.722123e+06,-2.837912e+06,2.836065e+06,-3.792476e-03,3.894667e-03,-3.481418e-03,5.644467e-18,384,38787
0.000000e+00,8.927554e-08,-1.250823e-07,6.124777e-07,0.000000e+00,0.000000e+00,0.000000e+00,-4.722380e+06,1.586035e+07,-3.594607e+07,2.994358e-18,385,0
9.965909e-10,5.862996e-04,-1.254467e-03,2.500493e-03,5.886922e+05,-1.259573e+06,2.510151e+06,-3.025307e-01,6.180591e-01,-1.130604e+00,2.994358e-18,385,4385
9.959545e-09,5.863074e-03,-1.254468e-02,2.500018e-02,5.887398e+05,-1.259670e+06,2.510329e+06,-2.678869e-03,5.084548e-03,-1.232900e-02,2.994358e-18,385,43822
0.000000e+00,-8.656813e-09,-1.121100e-07,6.678908e-07,0.000000e+00,0.000000e+00,0.000000e+00,3.843129e+06,8.491316e+06,-3.715474e+07,2.770509e-18,386,0
9.602273e-10,-2.059443e-04,-6.078456e-04,2.500015e-03,-2.147011e+05,-6.335208e+05,2.604966e+06,1.925639e-01,4.471167e-01,-1.463923e+00,2.770509e-18,386,4225
9.597045e-09,-2.060488e-03,-6.079934e-03,2.500022e-02,-2.147303e+05,-6.335885e+05,2.605189e+06,1.501929e-03,3.437662e-03,-1.607629e-02,2.770509e-18,386,42227
0.000000e+00,-2.589911e-07,5.891976e-08,3.560574e-07,0.000000e+00,0.000000e+00,0.000000e+00,4.135635e+07,-1.553841e+07,-3.596707e+07,4.029496e-18,387,0
1.252045e-09,-3.038959e-03,9.162477e-04,2.500384e-03,-2.428066e+06,7.320938e+05,1.997399e+06,5.605230e-01,-1.911979e-01,-3.153539e-01,4.029496e-18,387,5509
1.251636e-08,-3.039049e-02,9.163137e-03,2.500030e-02,-2.428176e+06,7.321315e+05,1.997462e+06,4.692509e-03,-1.431744e-03,-3.872469e-03,4.029496e-18,387,55072
0.000000e+00,-6.347381e-08,5.131041e-08,2.762822e-07,0.000000e+00,0.000000e+00,0.000000e+00,2.847799e+07,-2.451843e+07,-1.077172e+08,6.077782e-18,388,0
5.186364e-10,-6.717173e-04,5.799493e-04,2.500476e-03,-1.295409e+06,1.118448e+06,4.821983e+06,4.968323e-01,-4.395006e-01,-1.708843e+00,6.077782e-18,388,2282
5.184773e-09,-6.716430e-03,5.798921e-03,2.500105e-02,-1.295450e+06,1.118484e+06,4.822123e+06,4.980522e-03,-4.389540e-03,-1.723812e-02,6.077782e-18,388,22813
0.000000e+00,1.437301e-07,2.226094e-07,4.506643e-07,0.000000e+00,0.000000e+00,0.000000e+00,-1.514482e+07,-2.714651e+07,-3.031544e+07,3.475339e-18,389,0
1.351364e-09,1.389431e-03,2.451289e-03,2.500159e-03,1.028671e+06,1.814833e+06,1.850591e+06,-2.948392e-01,-5.148581e-01,-3.798433e-01,3.475339e-18,389,5946
1.350932e-08,1.389660e-02,2.451704e-02,2.500038e-02,1.028734e+06,1.814942e+06,1.850673e+06,-2.555313e-03,-4.549108e-03,-4.704659e-03,3.475339e-18,389,59441
0.000000e+00,-2.341567e-07,-1.447111e-07,3.397306e-07,0.000000e+00,0.000000e+00,0.000000e+00,4.210493e+07,2.158873e+07,-3.690993e+07,4.064823e-18,390,0
1.305909e-09,-3.125781e-03,-1.633837e-03,2.500094e-03,-2.394332e+06,-1.251503e+06,1.914718e+06,4.690035e-01,2.482288e-01,-2.524687e-01,4.064823e-18,390,5746
1.305682e-08,-3.126230e-02,-1.634064e-02,2.500028e-02,-2.394428e+06,-1.251554e+06,1.914771e+06,3.965706e-03,2.091645e-03,-3.116185e-03,4.064823e-18,390,57450
0.000000e+00,1.051626e-07,-1.908101e-07,2.309482e-07,0.000000e+00,0.000000e+00,0.000000e+00,-3.644658e+07,6.739176e+07,-6.289748e+07,5.457335e-18,391,0
8.788636e-10,1.497656e-03,-2.767330e-03,2.500112e-03,1.704360e+06,-3.149280e+06,2.844999e+06,-3.010863e-01,5.592496e-01,-4.179809e-01,5.457335e-18,391,3867
8.787500e-09,1.497709e-02,-2.767435e-02,2.500055e-02,1.704402e+06,-3.149358e+06,2.845057e+06,-2.870000e-03,5.278210e-03,-4.355937e-03,5.457335e-18,391,38665
0.000000e+00,3.743665e-08,1.467631e-07,3.390255e-07,0.000000e+00,0.000000e+00,0.000000e+00,-1.053378e+07,-4.003646e+07,-6.139693e+07,4.820708e-18,392,0
7.902273e-10,4.418250e-04,1.705727e-03,2.500683e-03,5.593098e+05,2.159314e+06,3.165315e+06,-2.084316e-01,-8.167217e-01,-1.025388e+00,4.820708e-18,392,3477
7.898182e-09,4.417527e-03,1.705463e-02,2.500035e-02,5.593358e+05,2.159416e+06,3.165443e+06,-2.044225e-03,-7.686511e-03,-1.054710e-02,4.820708e-18,392,34752
0.000000e+00,-1.917631e-07,9.787306e-08,2.690300e-07,0.000000e+00,0.000000e+00,0.000000e+00,5.611088e+07,-2.270538e+07,-5.803652e+07,5.083589e-18,393,0
8.997727e-10,-2.521926e-03,1.021870e-03,2.500442e-03,-2.803538e+06,1.135951e+06,2.779406e+06,6.666527e-01,-2.642094e-01,-5.371398e-01,5.083589e-18,393,3959
8.994773e-09,-2.521720e-02,1.021764e-02,2.500025e-02,-2.803633e+06,1.135988e+06,2.779483e+06,6.235845e-03,-2.415052e-03,-5.616547e-03,5.083589e-18,393,39577
0.000000e+00,2.101848e-07,-1.569209e-07,4.251611e-07,0.000000e+00,0.000000e+00,0.000000e+00,-2.702740e+07,2.277317e+07,-3.744655e+07,3.631494e-18,394,0
1.196136e-09,2.037184e-03,-1.665392e-03,2.500203e-03,1.703885e+06,-1.392942e+06,2.090723e+06,-5.095424e-01,4.267097e-01,-4.534949e-01,3.631494e-18,394,5263
1.195773e-08,2.037456e-02,-1.665638e-02,2.500047e-02,1.703981e+06,-1.393022e+06,2.090809e+06,-4.298559e-03,3.655830e-03,-5.405751e-03,3.631494e-18,394,52614
0.000000e+00,-1.236609e-07,2.635240e-07,3.526401e-07,0.000000e+00,0.000000e+00,0.000000e+00,1.948742e+07,-4.122939e+07,-3.505122e+07,3.880150e-18,395,0
1.359091e-09,-1.609522e-03,3.212366e-03,2.500053e-03,-1.184662e+06,2.364358e+06,1.839771e+06,2.294490e-01,-4.485634e-01,-2.407916e-01,3.880150e-18,395,5980
1.358864e-08,-1.609789e-02,3.212836e-02,2.500014e-02,-1.184711e+06,2.364454e+06,1.839823e+06,1.923364e-03,-3.848787e-03,-2.984224e-03,3.880150e-18,395,59790
0.000000e+00,-7.775241e-08,1.372858e-07,4.489572e-07,0.000000e+00,0.000000e+00,0.000000e+00,2.874636e+07,-1.231242e+07,-4.576111e+07,3.892813e-18,396,0
9.315909e-10,-1.554823e-03,7.378258e-04,2.500341e-03,-1.669910e+06,7.924017e+05,2.684879e+06,7.277848e-01,-3.884760e-01,-9.897866e-01,3.892813e-18,396,4099
9.311364e-09,-1.554903e-02,7.378369e-03,2.500003e-02,-1.670017e+06,7.924589e+05,2.685025e+06,6.727258e-03,-3.490666e-03,-1.051862e-02,3.892813e-18,396,40970
0.000000e+00,9.940500e-08,-4.825304e-08,2.881888e-07,0.000000e+00,0.000000e+00,0.000000e+00,-4.017552e+07,1.672187e+07,-9.055960e+07,5.696311e-18,397,0
5.961364e-10,1.139750e-03,-4.704875e-04,2.500734e-03,1.912377e+06,-7.894010e+05,4.195675e+06,-7.440892e-01,2.900182e-01,-1.443075e+00,5.696311e-18,397,2623
5.958636e-09,1.139518e-02,-4.703771e-03,2.500064e-02,1.912447e+06,-7.894283e+05,4.195811e+06,-7.311420e-03,2.901525e-03,-1.454652e-02,5.696311e-18,397,26218
0.000000e+00,-1.614921e-07,3.469195e-08,2.835000e-07,0.000000e+00,0.000000e+00,0.000000e+00,5.346034e+07,-1.194096e+07,-7.258441e+07,5.357643e-18,398,0
7.284091e-10,-1.902915e-03,4.276428e-04,2.500769e-03,-2.613092e+06,5.872535e+05,3.433811e+06,8.215562e-01,-1.962645e-01,-9.304659e-01,5.357643e-18,398,3205
7.280682e-09,-1.902512e-02,4.275610e-03,2.500061e-02,-2.613186e+06,5.872761e+05,3.433918e+06,7.757856e-03,-1.810348e-03,-9.531312e-03,5.357643e-18,398,32035
0.000000e+00,-2.011913e-07,-6.754576e-08,4.577330e-07,0.000000e+00,0.000000e+00,0.000000e+00,2.927921e+07,6.633242e+06,-3.823360e+07,3.645734e-18,399,0
1.164318e-09,-2.209639e-03,-5.126972e-04,2.500204e-03,-1.898814e+06,-4.405873e+05,2.147999e+06,6.822070e-01,1.732908e-01,-5.805163e-01,3.645734e-18,399,5123
1.163886e-08,-2.209994e-02,-5.127924e-03,2.500045e-02,-1.898939e+06,-4.406190e+05,2.148107e+06,5.723779e-03,1.219995e-03,-6.830729e-03,3.645734e-18,399,51211
0.000000e+00,8.207421e-08,-1.417131e-07,2.733691e-07,0.000000e+00,0.000000e+00,0.000000e+00,-3.274245e+07,5.103923e+07,-7.659943e+07,5.513287e-18,400,0
7.086364e-10,1.099939e-03,-1.713470e-03,2.500359e-03,1.552542e+06,-2.418502e+06,3.528936e+06,-4.479961e-01,6.886697e-01,-8.735167e-01,5.513287e-18,400,3118
7.084318e-09,1.099872e-02,-1.713348e-02,2.500025e-02,1.552592e+06,-2.418579e+06,3.529034e+06,-4.149741e-03,6.685288e-03,-9.003765e-03,5.513287e-18,400,31171
0.000000e+00,1.806068e-07,-1.119213e-07,2.643225e-07,0.000000e+00,0.000000e+00,0.000000e+00,-5.355291e+07,4.298189e+07,-5.560522e+07,5.173676e-18,401,0
9.575000e-10,2.501305e-03,-1.993221e-03,2.500541e-03,2.612859e+06,-2.082142e+06,2.611834e+06,-4.945913e-01,3.894844e-01,-3.907373e-01,5.173676e-18,401,4213
9.571818e-09,2.500984e-02,-1.992988e-02,2.500013e-02,2.612934e+06,-2.082201e+06,2.611893e+06,-4.519323e-03,3.584488e-03,-4.127281e-03,5.173676e-18,401,42116
0.000000e+00,-1.362210e-07,-5.960035e-09,3.068940e-07,0.000000e+00,0.000000e+00,0.000000e+00,4.706205e+07,-2.384594e+05,-7.625718e+07,5.281787e-18,402,0
6.854545e-10,-1.599984e-03,1.236357e-05,2.500763e-03,-2.334878e+06,1.805537e+04,3.649073e+06,8.710237e-01,-4.758257e-03,-1.178688e+00,5.281787e-18,402,3016
6.851136e-09,-1.599658e-02,1.236899e-04,2.500044e-02,-2.334972e+06,1.805589e+04,3.649201e+06,8.304346e-03,-1.328852e-05,-1.204887e-02,5.281787e-18,402,30145
0.000000e+00,-1.941758e-07,-1.937474e-07,3.168366e-07,0.000000e+00,0.000000e+00,0.000000e+00,3.663107e+07,3.602319e+07,-3.982825e+07,4.213843e-18,403,0
1.238636e-09,-2.482707e-03,-2.464489e-03,2.500354e-03,-2.004970e+06,-1.990272e+06,2.018921e+06,3.880870e-01,3.953468e-01,-2.761342e-01,4.213843e-18,403,5450
1.238295e-08,-2.482743e-02,-2.464542e-02,2.500035e-02,-2.005046e+06,-1.990349e+06,2.018976e+06,3.250312e-03,3.338121e-03,-3.204706e-03,4.213843e-18,403,54485
0.000000e+00,-1.417413e-07,-1.409405e-07,3.951719e-07,0.000000e+00,0.000000e+00,0.000000e+00,2.503606e+07,2.584295e+07,-4.433669e+07,4.103637e-18,404,0
1.031364e-09,-1.531942e-03,-1.671614e-03,2.500381e-03,-1.486045e+06,-1.621522e+06,2.425034e+06,5.249890e-01,5.701137e-01,-6.851091e-01,4.103637e-18,404,4538
1.030909e-08,-1.531972e-02,-1.671636e-02,2.500004e-02,-1.486130e+06,-1.621614e+06,2.425146e+06,4.602646e-03,5.086233e-03,-7.543062e-03,4.103637e-18,404,45360
0.000000e+00,-2.124875e-07,1.089611e-07,2.971533e-07,0.000000e+00,0.000000e+00,0.000000e+00,5.112169e+07,-2.476582e+07,-5.006718e+07,4.625938e-18,405,0
1.029091e-09,-2.705949e-03,1.331867e-03,2.500504e-03,-2.630149e+06,1.294558e+06,2.430173e+06,5.795569e-01,-2.849586e-01,-4.073643e-01,4.625938e-18,405,4528
1.028750e-08,-2.705766e-02,1.331777e-02,2.500055e-02,-2.630243e+06,1.294604e+06,2.430240e+06,5.130710e-03,-2.562377e-03,-4.479606e-03,4.625938e-18,405,45265
0.000000e+00,2.544479e-08,-1.379024e-07,6.252384e-07,0.000000e+00,0.000000e+00,0.000000e+00,6.781465e+06,4.082147e+06,-2.484384e+07,2.962276e-18,406,0
1.175682e-09,-4.892828e-04,-5.636470e-04,2.500427e-03,-4.166533e+05,-4.798873e+05,2.128463e+06,2.909047e-01,3.280390e-01,-1.228102e+00,2.962276e-18,406,5173
1.174568e-08,-4.893780e-03,-5.636588e-03,2.500028e-02,-4.167072e+05,-4.799481e+05,2.128692e+06,2.741357e-03,3.096365e-03,-1.410614e-02,2.962276e-18,406,51681
0.000000e+00,-1.415985e-07,-9.135101e-08,6.084989e-07,0.000000e+00,0.000000e+00,0.000000e+00,1.458650e+07,7.976348e+06,-3.642008e+07,2.959005e-18,407,0
9.952273e-10,-9.420009e-04,-6.082396e-04,2.500286e-03,-9.471341e+05,-6.116501e+05,2.513464e+06,5.470796e-01,4.118316e-01,-1.199811e+00,2.959005e-18,407,4379
9.946364e-09,-9.420564e-03,-6.083683e-03,2.500004e-02,-9.472200e+05,-6.117148e+05,2.513653e+06,4.550972e-03,3.271568e-03,-1.343514e-02,2.959005e-18,407,43764
0.000000e+00,-1.716719e-07,-1.582148e-07,5.440773e-07,0.000000e+00,0.000000e+00,0.000000e+00,1.916025e+07,1.597140e+07,-3.434299e+07,3.118106e-18,408,0
1.089091e-09,-1.392368e-03,-1.278760e-03,2.500187e-03,-1.279156e+06,-1.174865e+06,2.296455e+06,5.270775e-01,5.195626e-01,-7.554675e-01,3.118106e-18,408,4792
1.088636e-08,-1.392534e-02,-1.278996e-02,2.500024e-02,-1.279246e+06,-1.174954e+06,2.296585e+06,4.177694e-03,4.316007e-03,-8.634188e-03,3.118106e-18,408,47900
0.000000e+00,4.697067e-08,-1.097878e-07,3.741822e-07,0.000000e+00,0.000000e+00,0.000000e+00,-1.600252e+07,2.488056e+07,-5.915348e+07,4.637299e-18,409,0
7.900000e-10,7.285765e-04,-1.156916e-03,2.500312e-03,9.226851e+05,-1.465133e+06,3.166076e+06,-4.162986e-01,6.819098e-01,-1.360745e+00,4.637299e-18,409,3476
7.896364e-09,7.285818e-03,-1.156918e-02,2.500060e-02,9.227370e+05,-1.465218e+06,3.166247e+06,-3.935880e-03,6.563083e-03,-1.398894e-02,4.637299e-18,409,34744
0.000000e+00,7.610698e-08,1.919886e-07,3.431457e-07,0.000000e+00,0.000000e+00,0.000000e+00,-1.618748e+07,-3.813615e+07,-4.689156e+07,4.466848e-18,410,0
9.931818e-10,9.345354e-04,2.054004e-03,2.500313e-03,9.412982e+05,2.068948e+06,2.518164e+06,-2.856377e-01,-7.086038e-01,-6.795704e-01,4.466848e-18,410,4370
9.927955e-09,9.345152e-03,2.054041e-02,2.500033e-02,9.413430e+05,2.069059e+06,2.518271e+06,-2.704551e-03,-6.231682e-03,-7.415092e-03,4.466848e-18,410,43683
0.000000e+00,-9.820068e-08,1.418460e-07,3.605169e-07,0.000000e+00,0.000000e+00,0.000000e+00,2.109289e+07,-3.000264e+07,-5.400970e+07,4.503691e-18,411,0
8.545455e-10,-1.064421e-03,1.490557e-03,2.500415e-03,-1.246120e+06,1.744981e+06,2.926900e+06,4.758544e-01,-6.668537e-01,-9.915867e-01,4.503691e-18,411,3760
8.541591e-09,-1.064381e-02,1.490488e-02,2.500048e-02,-1.246184e+06,1.745071e+06,2.927034e+06,4.475140e-03,-6.289607e-03,-1.033160e-02,4.503691e-18,411,37583
0.000000e+00,1.325186e-07,-3.766716e-08,4.403679e-07,0.000000e+00,0.000000e+00,0.000000e+00,-2.137736e+07,4.419982e+06,-4.732055e+07,3.998905e-18,412,0
8.761364e-10,1.188495e-03,-2.528309e-04,2.500264e-03,1.357352e+06,-2.887912e+05,2.855086e+06,-7.452249e-01,1.934270e-01,-1.384320e+00,3.998905e-18,412,3855
8.756364e-09,1.188541e-02,-2.528746e-03,2.500024e-02,1.357455e+06,-2.888179e+05,2.855278e+06,-7.090684e-03,1.579582e-03,-1.444011e-02,3.998905e-18,412,38528
0.000000e+00,-7.799179e-08,8.142795e-08,3.288295e-07,0.000000e+00,0.000000e+00,0.000000e+00,2.249622e+07,-2.597462e+07,-7.406571e+07,5.144780e-18,413,0
6.754545e-10,-8.002732e-04,9.182064e-04,2.500026e-03,-1.185218e+06,1.359885e+06,3.702207e+06,5.352866e-01,-6.096769e-01,-1.430977e+00,5.144780e-18,413,2972
6.752727e-09,-8.003456e-03,9.182928e-03,2.500011e-02,-1.185276e+06,1.359950e+06,3.702360e+06,5.229051e-03,-5.639653e-03,-1.472987e-02,5.144780e-18,413,29712
0.000000e+00,-1.101984e-07,-8.227607e-08,4.554146e-07,0.000000e+00,0.000000e+00,0.000000e+00,1.902168e+07,9.962169e+06,-4.645834e+07,3.901692e-18,414,0
8.909091e-10,-1.102670e-03,-6.106496e-04,2.500499e-03,-1.238481e+06,-6.858639e+05,2.807954e+06,6.847124e-01,3.972523e-01,-1.324663e+00,3.901692e-18,414,3920
8.903409e-09,-1.102664e-02,-6.106504e-03,2.500047e-02,-1.238577e+06,-6.859198e+05,2.808141e+06,6.550257e-03,3.786080e-03,-1.384166e-02,3.901692e-18,414,39175
0.000000e+00,9.316572e-08,-1.725293e-07,4.393979e-07,0.000000e+00,0.000000e+00,0.000000e+00,-2.735438e+06,5.089597e+06,-6.084994e+07,3.836571e-18,415,0
7.222727e-10,1.869935e-04,-3.376947e-04,2.500445e-03,2.589850e+05,-4.676516e+05,3.463381e+06,-1.758925e-01,2.753613e-01,-1.931331e+00,3.836571e-18,415,3178
7.218409e-09,1.869503e-03,-3.375792e-03,2.500023e-02,2.590050e+05,-4.676830e+05,3.463602e+06,-1.541555e-03,2.730600e-03,-1.988843e-02,3.836571e-18,415,31761
0.000000e+00,1.928094e-08,-1.822374e-07,4.923284e-07,0.000000e+00,0.000000e+00,0.000000e+00,-5.945096e+06,2.519637e+07,-3.930137e+07,3.543564e-18,416,0
1.039091e-09,3.274212e-04,-1.769485e-03,2.500025e-03,3.153210e+05,-1.703927e+06,2.406924e+06,-1.637402e-01,7.526620e-01,-9.035514e-01,3.543564e-18,416,4572
1.038682e-08,3.275164e-03,-1.769829e-02,2.500044e-02,3.153479e+05,-1.704050e+06,2.407073e+06,-1.446898e-03,6.684341e-03,-9.837892e-03,3.543564e-18,416,45702
0.000000e+00,-4.774686e-08,2.104458e-07,4.878867e-07,0.000000e+00,0.000000e+00,0.000000e+00,4.800466e+06,-2.650563e+07,-3.772325e+07,3.461358e-18,417,0
1.083636e-09,-3.014927e-04,1.903213e-03,2.500394e-03,-2.783653e+05,1.757319e+06,2.308242e+06,1.177950e-01,-7.378943e-01,-7.719568e-01,3.461358e-18,417,4768
1.083091e-08,-3.014958e-03,1.903330e-02,2.500052e-02,-2.783854e+05,1.757445e+06,2.308374e+06,9.542892e-04,-6.232514e-03,-8.576757e-03,3.461358e-18,417,47656
0.000000e+00,2.203611e-07,8.642276e-08,2.544781e-07,0.000000e+00,0.000000e+00,0.000000e+00,-6.245934e+07,-2.657663e+07,-5.494271e+07,4.997727e-18,418,0
9.779545e-10,2.958150e-03,1.262524e-03,2.500497e-03,3.025429e+06,1.291253e+06,2.557159e+06,-5.572110e-01,-2.420727e-01,-3.722213e-01,4.997727e-18,418,4303
9.776591e-09,2.957843e-02,1.262406e-02,2.500043e-02,3.025515e+06,1.291290e+06,2.557216e+06,-5.079390e-03,-2.189890e-03,-3.933150e-03,4.997727e-18,418,43017
0.000000e+00,-2.144821e-07,-1.159819e-07,2.411643e-07,0.000000e+00,0.000000e+00,0.000000e+00,6.385949e+07,3.463440e+07,-5.270502e+07,5.054467e-18,419,0
1.032045e-09,-3.153209e-03,-1.715150e-03,2.500075e-03,-3.055838e+06,-1.662192e+06,2.422674e+06,4.770575e-01,2.630103e-01,-2.916157e-01,5.054467e-18,419,4541
1.031932e-08,-3.153420e-02,-1.715271e-02,2.500047e-02,-3.055915e+06,-1.662235e+06,2.422722e+06,4.323796e-03,2.329052e-03,-3.119129e-03,5.054467e-18,419,45405
0.000000e+00,-1.296807e-07,-1.578275e-07,4.969655e-07,0.000000e+00,0.000000e+00,0.000000e+00,1.784645e+07,1.780744e+07,-4.186728e+07,3.455984e-18,420,0
9.800000e-10,-1.155564e-03,-1.180078e-03,2.500117e-03,-1.179827e+06,-1.204841e+06,2.552114e+06,5.565344e-01,5.650799e-01,-1.000266e+00,3.455984e-18,420,4312
9.795909e-09,-1.155744e-02,-1.180249e-02,2.500045e-02,-1.179913e+06,-1.204929e+06,2.552269e+06,4.997156e-03,4.917353e-03,-1.085131e-02,3.455984e-18,420,43102
0.000000e+00,1.951449e-07,-7.230973e-08,3.238646e-07,0.000000e+00,0.000000e+00,0.000000e+00,-4.455828e+07,1.575451e+07,-5.303029e+07,4.635295e-18,421,0
9.222727e-10,2.217267e-03,-7.974170e-04,2.500286e-03,2.404945e+06,-8.649129e+05,2.711587e+06,-7.367245e-01,2.654983e-01,-6.582005e-01,4.635295e-18,421,4058
9.219773e-09,2.217304e-02,-7.974297e-03,2.500034e-02,2.405053e+06,-8.649516e+05,2.711683e+06,-6.873781e-03,2.333217e-03,-7.113381e-03,4.635295e-18,421,40567
0.000000e+00,-4.121748e-08,2.557693e-08,4.964501e-07,0.000000e+00,0.000000e+00,0.000000e+00,5.684061e+06,-5.739659e+06,-4.475685e+07,3.751270e-18,422,0
8.854545e-10,-3.681623e-04,3.481140e-04,2.500019e-03,-4.161048e+05,3.934889e+05,2.825118e+06,2.769435e-01,-2.917933e-01,-1.726667e+00,3.751270e-18,422,3896
8.849318e-09,-3.682219e-03,3.482074e-03,2.500047e-02,-4.161435e+05,3.935296e+05,2.825360e+06,2.615315e-03,-2.918429e-03,-1.805415e-02,3.751270e-18,422,38937
0.000000e+00,-8.256453e-08,-1.250523e-07,4.177921e-07,0.000000e+00,0.000000e+00,0.000000e+00,1.385851e+07,2.189558e+07,-4.638101e+07,4.138621e-18,423,0
9.163636e-10,-7.339059e-04,-1.286455e-03,2.500066e-03,-8.013240e+05,-1.404709e+06,2.729409e+06,3.942946e-01,7.090202e-01,-1.167064e+00,4.138621e-18,423,4032
9.159545e-09,-7.339754e-03,-1.286643e-02,2.500023e-02,-8.013810e+05,-1.404811e+06,2.729578e+06,3.649569e-03,6.384685e-03,-1.221385e-02,4.138621e-18,423,40302
0.000000e+00,-1.027119e-08,-1.992454e-07,3.803700e-07,0.000000e+00,0.000000e+00,0.000000e+00,3.381564e+06,3.640851e+07,-4.731981e+07,4.220916e-18,424,0
9.654545e-10,-1.493722e-04,-2.099115e-03,2.500382e-03,-1.547308e+05,-2.175200e+06,2.590639e+06,2.853009e-02,8.070058e-01,-8.070298e-01,4.220916e-18,424,4248
9.650227e-09,-1.493205e-03,-2.099111e-02,2.500037e-02,-1.547352e+05,-2.175323e+06,2.590762e+06,2.698702e-04,7.403922e-03,-8.540661e-03,4.220916e-18,424,42461
0.000000e+00,-1.646456e-07,-8.785150e-08,2.431601e-07,0.000000e+00,0.000000e+00,0.000000e+00,6.885759e+07,3.392184e+07,-7.794106e+07,5.664093e-18,425,0
7.236364e-10,-2.259324e-03,-1.112325e-03,2.500200e-03,-3.122665e+06,-1.537358e+06,3.455377e+06,6.722183e-01,3.264702e-01,-6.247681e-01,5.664093e-18,425,3184
7.235227e-09,-2.259326e-02,-1.112317e-02,2.500059e-02,-3.122742e+06,-1.537395e+06,3.455449e+06,6.491764e-03,3.248307e-03,-6.435236e-03,5.664093e-18,425,31835
0.000000e+00,1.277389e-07,1.561283e-08,6.419506e-07,0.000000e+00,0.000000e+00,0.000000e+00,-9.065406e+06,1.562388e+06,-3.667788e+07,2.870210e-18,426,0
9.275000e-10,6.294083e-04,3.734904e-05,2.500212e-03,6.790879e+05,4.039364e+04,2.697098e+06,-4.591288e-01,-9.931854e-02,-1.526503e+00,2.870210e-18,426,4081
9.269318e-09,6.294700e-03,3.744059e-04,2.500046e-02,6.791550e+05,4.040820e+04,2.697322e+06,-3.870560e-03,-1.182456e-04,-1.637149e-02,2.870210e-18,426,40785
0.000000e+00,2.401688e-07,1.282571e-07,3.125684e-07,0.000000e+00,0.000000e+00,0.000000e+00,-4.522415e+07,-2.361338e+07,-3.992325e+07,4.240569e-18,427,0
1.227273e-09,3.059644e-03,1.588813e-03,2.500286e-03,2.493785e+06,1.294961e+06,2.037575e+06,-4.993144e-01,-2.531203e-01,-2.865491e-01,4.240569e-18,427,5400
1.226955e-08,3.059758e-02,1.588857e-02,2.500025e-02,2.493881e+06,1.295010e+06,2.037631e+06,-4.115958e-03,-2.153332e-03,-3.265910e-03,4.240569e-18,427,53986
0.000000e+00,6.766791e-08,3.894278e-08,6.661561e-07,0.000000e+00,0.000000e+00,0.000000e+00,-3.565984e+06,6.005284e+06,-3.782462e+07,2.810783e-18,428,0
9.156818e-10,2.649183e-04,-2.478078e-04,2.500013e-03,2.895435e+05,-2.708259e+05,2.731833e+06,-2.256790e-01,1.803568e-01,-1.730154e+00,2.810783e-18,428,4029
9.151364e-09,2.649728e-03,-2.478422e-03,2.500023e-02,2.895759e+05,-2.708522e+05,2.732084e+06,-2.225678e-03,1.617876e-03,-1.855360e-02,2.810783e-18,428,40266
0.000000e+00,2.808260e-08,-2.704312e-08,1.061501e-07,0.000000e+00,0.000000e+00,0.000000e+00,-1.965849e+08,1.884763e+08,-7.203867e+08,1.452965e-17,429,0
8.704545e-11,6.834614e-04,-6.552693e-04,2.504519e-03,7.851496e+06,-7.527628e+06,2.877148e+07,-4.256519e-01,4.069637e-01,-1.527959e+00,1.452965e-17,429,383
8.690909e-10,6.823692e-03,-6.542220e-03,2.500514e-02,7.851502e+06,-7.527634e+06,2.877150e+07,-4.268755e-03,4.072938e-03,-1.533895e-02,1.452965e-17,429,3824
0.000000e+00,-8.528865e-08,-1.789307e-07,3.869882e-07,0.000000e+00,0.000000e+00,0.000000e+00,2.085407e+07,2.141214e+07,-5.061298e+07,4.178469e-18,430,0
9.204545e-10,-1.131578e-03,-1.368771e-03,2.500604e-03,-1.229987e+06,-1.487806e+06,2.717633e+06,5.187335e-01,6.553365e-01,-9.786146e-01,4.178469e-18,430,4050
9.199318e-09,-1.131499e-02,-1.368677e-02,2.500049e-02,-1.230062e+06,-1.487901e+06,2.717776e+06,4.661373e-03,5.949351e-03,-1.030150e-02,4.178469e-18,430,40477
0.000000e+00,-4.887239e-08,2.198504e-07,5.422219e-07,0.000000e+00,0.000000e+00,0.000000e+00,7.474940e+06,-2.205458e+07,-3.258390e+07,3.159080e-18,431,0
1.199545e-09,-6.108743e-04,1.856289e-03,2.500283e-03,-5.096096e+05,1.548469e+06,2.085108e+06,2.231708e-01,-6.512728e-01,-6.526308e-01,3.159080e-18,431,5278
1.198977e-08,-6.110055e-03,1.856572e-02,2.500018e-02,-5.096517e+05,1.548592e+06,2.085233e+06,1.826766e-03,-5.732466e-03,-7.878623e-03,3.159080e-18,431,52755
0.000000e+00,1.585589e-07,-1.315558e-07,3.699770e-07,0.000000e+00,0.000000e+00,0.000000e+00,-2.935077e+07,2.741504e+07,-4.492524e+07,4.275415e-18,432,0
1.033182e-09,1.726385e-03,-1.657484e-03,2.500490e-03,1.671623e+06,-1.604908e+06,2.420762e+06,-5.382182e-01,4.978150e-01,-5.831727e-01,4.275415e-18,432,4546
1.032727e-08,1.726327e-02,-1.657427e-02,2.500001e-02,1.671710e+06,-1.604989e+06,2.420858e+06,-4.575800e-03,4.323079e-03,-6.619020e-03,4.275415e-18,432,45440
0.000000e+00,-9.739044e-08,-2.060943e-07,4.195091e-07,0.000000e+00,0.000000e+00,0.000000e+00,1.580714e+07,3.102601e+07,-3.789029e+07,3.816382e-18,433,0
1.144773e-09,-1.162091e-03,-2.137221e-03,2.500329e-03,-1.015645e+06,-1.867854e+06,2.184754e+06,3.482234e-01,6.440364e-01,-5.559241e-01,3.816382e-18,433,5037
1.144295e-08,-1.162193e-02,-2.137371e-02,2.500018e-02,-1.015708e+06,-1.867970e+06,2.184855e+06,2.864407e-03,5.271187e-03,-6.314673e-03,3.816382e-18,433,50349
0.000000e+00,1.495948e-07,6.638944e-08,4.216994e-07,0.000000e+00,0.000000e+00,0.000000e+00,-2.505955e+07,-1.231658e+07,-4.539771e+07,4.037294e-18,434,0
9.520455e-10,1.579263e-03,7.425339e-04,2.500314e-03,1.659719e+06,7.803716e+05,2.627252e+06,-7.258133e-01,-3.466497e-01,-9.823936e-01,4.037294e-18,434,4189
9.515682e-09,1.579326e-02,7.425722e-03,2.500019e-02,1.659828e+06,7.804237e+05,2.627400e+06,-6.639724e-03,-3.131969e-03,-1.040261e-02,4.037294e-18,434,41869
0.000000e+00,5.148316e-08,-1.789498e-07,3.967347e-07,0.000000e+00,0.000000e+00,0.000000e+00,-9.703715e+06,3.107215e+07,-5.186743e+07,4.167626e-18,435,0
8.668182e-10,4.928076e-04,-1.616971e-03,2.500111e-03,5.687558e+05,-1.866250e+06,2.885212e+06,-2.121401e-01,7.919405e-01,-1.093743e+00,4.167626e-18,435,3814
8.665000e-09,4.928256e-03,-1.617102e-02,2.500049e-02,5.687848e+05,-1.866358e+06,2.885362e+06,-2.027622e-03,7.501933e-03,-1.132556e-02,4.167626e-18,435,38126
0.000000e+00,-8.553321e-08,1.720714e-07,4.724488e-07,0.000000e+00,0.000000e+00,0.000000e+00,2.085735e+07,-2.720262e+07,-4.600986e+07,3.634499e-18,436,0
9.456818e-10,-1.090006e-03,1.510356e-03,2.500239e-03,-1.153140e+06,1.597806e+06,2.644612e+06,4.524526e-01,-6.302912e-01,-8.730295e-01,3.634499e-18,436,4161
9.453182e-09,-1.090082e-02,1.510436e-02,2.500019e-02,-1.153207e+06,1.597900e+06,2.644743e+06,4.130700e-03,-5.929027e-03,-9.399927e-03,3.634499e-18,436,41594
0.000000e+00,7.706354e-08,4.408487e-09,3.160805e-07,0.000000e+00,0.000000e+00,0.000000e+00,-3.082477e+07,-2.463421e+06,-8.528337e+07,5.455601e-18,437,0
6.068182e-10,9.397718e-04,7.548361e-05,2.500222e-03,1.549206e+06,1.244346e+05,4.121178e+06,-7.188438e-01,-5.416153e-02,-1.650728e+00,5.455601e-18,437,2670
6.066364e-09,9.398045e-03,7.548634e-04,2.500069e-02,1.549275e+06,1.244398e+05,4.121336e+06,-6.963627e-03,-4.645323e-04,-1.669871e-02,5.455601e-18,437,26692
0.000000e+00,8.517832e-08,5.038726e-08,5.987338e-07,0.000000e+00,0.000000e+00,0.000000e+00,-7.688895e+06,-4.505919e+06,-3.517748e+07,3.109861e-18,438,0
1.016136e-09,5.223882e-04,3.635652e-04,2.500491e-03,5.144772e+05,3.580759e+05,2.462189e+06,-3.217091e-01,-2.269695e-01,-1.335259e+00,3.109861e-18,438,4471
1.015364e-08,5.223814e-03,3.635759e-03,2.500036e-02,5.145287e+05,3.581122e+05,2.462404e+06,-2.703029e-03,-1.787752e-03,-1.495026e-02,3.109861e-18,438,44676
0.000000e+00,-9.056682e-08,3.401684e-08,3.365158e-07,0.000000e+00,0.000000e+00,0.000000e+00,3.107572e+07,-8.024854e+06,-7.312587e+07,5.124257e-18,439,0
6.697727e-10,-1.085601e-03,3.148592e-04,2.500070e-03,-1.621443e+06,4.703038e+05,3.733749e+06,7.251036e-01,-2.506914e-01,-1.524610e+00,5.124257e-18,439,2947
6.695682e-09,-1.085665e-02,3.148999e-03,2.500011e-02,-1.621520e+06,4.703303e+05,3.733911e+06,6.887812e-03,-2.384036e-03,-1.558769e-02,5.124257e-18,439,29461
0.000000e+00,2.206202e-07,-9.009048e-08,2.609462e-07,0.000000e+00,0.000000e+00,0.000000e+00,-6.288157e+07,2.119530e+07,-4.858901e+07,4.946831e-18,440,0
1.087500e-09,3.402514e-03,-1.141664e-03,2.500211e-03,3.129418e+06,-1.049997e+06,2.299299e+06,-5.246038e-01,1.628442e-01,-2.919301e-01,4.946831e-18,440,4785
1.087295e-08,3.402602e-02,-1.141659e-02,2.500030e-02,3.129508e+06,-1.050025e+06,2.299349e+06,-4.534517e-03,1.459431e-03,-3.201336e-03,4.946831e-18,440,47841
0.000000e+00,-7.277623e-08,-7.239040e-08,5.322133e-07,0.000000e+00,0.000000e+00,0.000000e+00,1.026210e+07,7.741502e+06,-3.912931e+07,3.474438e-18,441,0
9.913636e-10,-7.217070e-04,-4.069498e-04,2.500018e-03,-7.285506e+05,-4.107731e+05,2.523116e+06,4.340429e-01,2.580972e-01,-1.275816e+00,3.474438e-18,441,4362
9.908409e-09,-7.218727e-03,-4.070130e-03,2.500023e-02,-7.286184e+05,-4.108134e+05,2.523316e+06,3.620354e-03,1.914391e-03,-1.446018e-02,3.474438e-18,441,43597
0.000000e+00,9.690611e-08,-2.176942e-07,3.758062e-07,0.000000e+00,0.000000e+00,0.000000e+00,-1.744846e+07,4.032017e+07,-4.281926e+07,4.059126e-18,442,0
1.111818e-09,9.972557e-04,-2.839047e-03,2.500037e-03,8.972786e+05,-2.554416e+06,2.248978e+06,-2.452749e-01,6.170719e-01,-4.008950e-01,4.059126e-18,442,4892
1.111614e-08,9.974272e-03,-2.839514e-02,2.500011e-02,8.973215e+05,-2.554524e+06,2.249049e+06,-2.019027e-03,5.321146e-03,-4.516218e-03,4.059126e-18,442,48911
0.000000e+00,1.031715e-07,-1.897357e-07,3.733024e-07,0.000000e+00,0.000000e+00,0.000000e+00,-3.258876e+07,3.021133e+07,-5.354570e+07,4.203602e-18,443,0
8.993182e-10,1.561611e-03,-1.508497e-03,2.500325e-03,1.737120e+06,-1.677934e+06,2.780920e+06,-6.063826e-01,5.616693e-01,-8.026068e-01,4.203602e-18,443,3957
8.990000e-09,1.561667e-02,-1.508466e-02,2.500062e-02,1.737206e+06,-1.678014e+06,2.781034e+06,-5.762782e-03,5.291239e-03,-8.331584e-03,4.203602e-18,443,39556
0.000000e+00,1.922774e-07,1.023842e-07,2.000316e-07,0.000000e+00,0.000000e+00,0.000000e+00,-8.232274e+07,-4.405761e+07,-6.752298e+07,5.781871e-18,444,0
8.513636e-10,3.112093e-03,1.666782e-03,2.500410e-03,3.655814e+06,1.957992e+06,2.937117e+06,-4.890819e-01,-2.632002e-01,-3.179980e-01,5.781871e-18,444,3746
8.511818e-09,3.111771e-02,1.666612e-02,2.500033e-02,3.655880e+06,1.958027e+06,2.937160e+06,-4.646607e-03,-2.510275e-03,-3.304910e-03,5.781871e-18,444,37452
0.000000e+00,2.000644e-08,2.224712e-07,5.737321e-07,0.000000e+00,0.000000e+00,0.000000e+00,-3.272391e+06,-2.219398e+07,-3.325319e+07,2.995920e-18,445,0
1.137045e-09,2.613610e-04,1.830112e-03,2.500496e-03,2.300173e+05,1.610564e+06,2.199908e+06,-1.049108e-01,-7.252382e-01,-7.334641e-01,2.995920e-18,445,5003
1.136409e-08,2.613917e-03,1.830252e-02,2.500017e-02,2.300360e+05,1.610694e+06,2.200040e+06,-1.007464e-03,-5.932763e-03,-8.688327e-03,2.995920e-18,445,50002
0.000000e+00,-2.003499e-08,-2.963176e-09,6.082759e-07,0.000000e+00,0.000000e+00,0.000000e+00,4.382657e+06,-1.621225e+06,-3.842519e+07,3.110076e-18,446,0
9.559091e-10,-3.324893e-04,1.046010e-04,2.500135e-03,-3.481131e+05,1.095136e+05,2.616905e+06,2.219608e-01,-6.362887e-02,-1.481948e+00,3.110076e-18,446,4206
9.553409e-09,-3.325630e-03,1.046212e-03,2.500057e-02,-3.481466e+05,1.095231e+05,2.617129e+06,2.317601e-03,-6.529225e-05,-1.662019e-02,3.110076e-18,446,42035
0.000000e+00,-2.644521e-07,-2.552516e-08,4.236337e-07,0.000000e+00,0.000000e+00,0.000000e+00,3.737250e+07,5.611783e+06,-3.493559e+07,3.623123e-18,447,0
1.343636e-09,-3.146471e-03,-4.377929e-04,2.500320e-03,-2.342708e+06,-3.259631e+05,1.861192e+06,5.557499e-01,7.576991e-02,-3.034387e-01,3.623123e-18,447,5912
1.343227e-08,-3.146780e-02,-4.378403e-03,2.500024e-02,-2.342826e+06,-3.259791e+05,1.861257e+06,4.703879e-03,6.231862e-04,-3.791898e-03,3.623123e-18,447,59102
0.000000e+00,1.077426e-07,5.009802e-08,3.963139e-07,0.000000e+00,0.000000e+00,0.000000e+00,-2.259659e+07,-1.125087e+07,-5.606867e+07,4.400367e-18,448,0
7.984091e-10,1.114308e-03,5.533232e-04,2.500614e-03,1.396370e+06,6.933902e+05,3.133140e+06,-6.942408e-01,-3.448593e-01,-1.355177e+00,4.400367e-18,448,3513
7.979318e-09,1.114204e-02,5.532753e-03,2.500042e-02,1.396458e+06,6.934336e+05,3.133311e+06,-6.580859e-03,-3.458895e-03,-1.406133e-02,4.400367e-18,448,35109
0.000000e+00,-1.309007e-07,-8.482186e-08,1.906272e-07,0.000000e+00,0.000000e+00,0.000000e+00,9.348144e+07,6.030228e+07,-1.140597e+08,6.922250e-18,449,0
5.256818e-10,-2.063990e-03,-1.330989e-03,2.500622e-03,-3.926530e+06,-2.532067e+06,4.757050e+06,6.259486e-01,4.026385e-01,-6.733843e-01,6.922250e-18,449,2313
5.255455e-09,-2.063579e-02,-1.330722e-02,2.500061e-02,-3.926582e+06,-2.532101e+06,4.757106e+06,6.188338e-03,3.978841e-03,-6.800187e-03,6.922250e-18,449,23124
0.000000e+00,-5.507852e-08,-8.023868e-08,3.517344e-07,0.000000e+00,0.000000e+00,0.000000e+00,1.798010e+07,2.431936e+07,-6.978589e+07,4.943480e-18,450,0
6.934091e-10,-6.715703e-04,-9.163053e-04,2.500461e-03,-9.688861e+05,-1.321982e+06,3.607067e+06,4.405187e-01,6.258980e-01,-1.467539e+00,4.943480e-18,450,3051
6.930909e-09,-6.715246e-03,-9.162519e-03,2.500037e-02,-9.689344e+05,-1.322050e+06,3.607228e+06,4.355154e-03,5.856569e-03,-1.512777e-02,4.943480e-18,450,30496
0.000000e+00,2.708336e-08,1.825774e-07,5.849625e-07,0.000000e+00,0.000000e+00,0.000000e+00,-3.573401e+06,-2.110594e+07,-3.576974e+07,3.035846e-18,451,0
1.026136e-09,2.727338e-04,1.515023e-03,2.500504e-03,2.659673e+05,1.477395e+06,2.437826e+06,-1.320904e-01,-7.506439e-01,-9.959049e-01,3.035846e-18,451,4515
1.025500e-08,2.727473e-03,1.515063e-02,2.500010e-02,2.659886e+05,1.477516e+06,2.437988e+06,-9.577509e-04,-6.348599e-03,-1.109488e-02,3.035846e-18,451,45122
0.000000e+00,1.132310e-07,9.027322e-08,5.718476e-07,0.000000e+00,0.000000e+00,0.000000e+00,-1.170244e+07,-7.226776e+06,-3.874465e+07,3.185315e-18,452,0
9.468182e-10,6.471946e-04,5.027646e-04,2.500358e-03,6.839459e+05,5.313757e+05,2.642230e+06,-3.974309e-01,-3.334914e-01,-1.450140e+00,3.185315e-18,452,4166
9.461818e-09,6.471413e-03,5.027779e-03,2.500047e-02,6.840053e+05,5.314255e+05,2.642447e+06,-3.523455e-03,-2.816725e-03,-1.558118e-02,3.185315e-18,452,41632
0.000000e+00,2.183932e-08,-1.553742e-07,6.305669e-07,0.000000e+00,0.000000e+00,0.000000e+00,4.945713e+06,2.578715e+07,-3.770979e+07,2.902716e-18,453,0
1.015000e-09,-2.654941e-04,-1.655238e-03,2.500394e-03,-2.617123e+05,-1.631758e+06,2.464391e+06,9.124248e-02,7.699432e-01,-1.023179e+00,2.902716e-18,453,4466
1.014455e-08,-2.654920e-03,-1.655338e-02,2.500040e-02,-2.617270e+05,-1.631882e+06,2.464555e+06,8.827493e-04,6.580675e-03,-1.104313e-02,2.902716e-18,453,44636
0.000000e+00,-3.447996e-08,-3.539847e-08,6.477294e-07,0.000000e+00,0.000000e+00,0.000000e+00,3.052920e+06,9.161401e+05,-3.647468e+07,2.902907e-18,454,0
9.672727e-10,-2.137130e-04,-5.315367e-05,2.500545e-03,-2.211191e+05,-5.492994e+04,2.586581e+06,1.600907e-01,8.141622e-03,-1.472698e+00,2.902907e-18,454,4256
9.665227e-09,-2.137173e-03,-5.309408e-04,2.500013e-02,-2.211435e+05,-5.493121e+04,2.586806e+06,1.577172e-03,-5.401415e-05,-1.666393e-02,2.902907e-18,454,42527
0.000000e+00,-1.373545e-07,1.440710e-07,4.711726e-07,0.000000e+00,0.000000e+00,0.000000e+00,1.707069e+07,-1.567572e+07,-3.967799e+07,3.610264e-18,455,0
1.109773e-09,-1.224485e-03,1.231241e-03,2.500212e-03,-1.104095e+06,1.110130e+06,2.253728e+06,5.270862e-01,-4.856069e-01,-7.698637e-01,3.610264e-18,455,4883
1.109273e-08,-1.224737e-02,1.231432e-02,2.500019e-02,-1.104187e+06,1.110215e+06,2.253863e+06,4.181735e-03,-4.083976e-03,-9.159806e-03,3.610264e-18,455,48808
0.000000e+00,-1.152249e-07,-9.118821e-08,2.653875e-07,0.000000e+00,0.000000e+00,0.000000e+00,4.798175e+07,3.661419e+07,-8.845579e+07,5.760142e-18,456,0
6.277273e-10,-1.387572e-03,-1.057878e-03,2.500553e-03,-2.210898e+06,-1.685568e+06,3.984047e+06,6.692776e-01,5.052033e-01,-1.061308e+00,5.760142e-18,456,2762
6.275000e-09,-1.387343e-02,-1.057697e-02,2.500004e-02,-2.210965e+06,-1.685618e+06,3.984152e+06,6.583365e-03,4.992460e-03,-1.074568e-02,5.760142e-18,456,27610
0.000000e+00,-1.144783e-07,-1.864656e-08,3.648425e-07,0.000000e+00,0.000000e+00,0.000000e+00,3.767025e+07,5.833401e+06,-6.705262e+07,4.729351e-18,457,0
7.340909e-10,-1.448508e-03,-2.185294e-04,2.500544e-03,-1.973893e+06,-2.977934e+05,3.407196e+06,7.658636e-01,1.286042e-01,-1.259767e+00,4.729351e-18,457,3230
7.337500e-09,-1.448341e-02,-2.185062e-03,2.500045e-02,-1.973981e+06,-2.978083e+05,3.407342e+06,7.390555e-03,1.177007e-03,-1.305156e-02,4.729351e-18,457,32285
0.000000e+00,-1.140066e-07,1.909374e-07,3.360544e-07,0.000000e+00,0.000000e+00,0.000000e+00,2.634976e+07,-3.923317e+07,-5.041111e+07,4.427508e-18,458,0
9.629545e-10,-1.419480e-03,2.090658e-03,2.500201e-03,-1.474622e+06,2.171801e+06,2.596909e+06,4.443958e-01,-6.151184e-01,-5.823729e-01,4.427508e-18,458,4237
9.626818e-09,-1.419588e-02,2.090751e-02,2.500011e-02,-1.474689e+06,2.171894e+06,2.596998e+06,3.721204e-03,-5.457251e-03,-6.204952e-03,4.427508e-18,458,42358
0.000000e+00,7.236812e-08,-2.992043e-08,4.536210e-07,0.000000e+00,0.000000e+00,0.000000e+00,-1.707185e+07,7.757340e+06,-4.558353e+07,4.046691e-18,459,0
9.254545e-10,1.079432e-03,-4.390392e-04,2.500121e-03,1.167261e+06,-4.747726e+05,2.702853e+06,-6.946616e-01,2.981019e-01,-1.339169e+00,4.046691e-18,459,4072
9.249545e-09,1.079651e-02,-4.391389e-03,2.500026e-02,1.167362e+06,-4.748161e+05,2.703049e+06,-6.259456e-03,2.678255e-03,-1.409426e-02,4.046691e-18,459,40698
0.000000e+00,-8.921079e-08,2.257901e-07,3.585914e-07,0.000000e+00,0.000000e+00,0.000000e+00,2.037430e+07,-5.050272e+07,-4.175236e+07,4.147510e-18,460,0
1.054091e-09,-1.123093e-03,2.785772e-03,2.500473e-03,-1.065762e+06,2.643550e+06,2.372578e+06,2.410962e-01,-5.911480e-01,-4.341578e-01,4.147510e-18,460,4638
1.053705e-08,-1.122998e-02,2.785521e-02,2.500009e-02,-1.065802e+06,2.643649e+06,2.372651e+06,2.157292e-03,-5.170863e-03,-4.679391e-03,4.147510e-18,460,46363
0.000000e+00,-8.004106e-08,2.120571e-07,3.509744e-07,0.000000e+00,0.000000e+00,0.000000e+00,9.629297e+06,-3.449200e+07,-4.029037e+07,4.296166e-18,461,0
1.128409e-09,-7.145493e-04,2.453613e-03,2.500355e-03,-6.335304e+05,2.175403e+06,2.216420e+06,2.093434e-01,-6.841791e-01,-5.182059e-01,4.296166e-18,461,4965
1.127955e-08,-7.145916e-03,2.453745e-02,2.500032e-02,-6.335676e+05,2.175524e+06,2.216513e+06,1.681041e-03,-5.941486e-03,-5.840501e-03,4.296166e-18,461,49630
0.000000e+00,5.174326e-08,-1.215264e-07,2.872299e-07,0.000000e+00,0.000000e+00,0.000000e+00,-1.758266e+07,4.419911e+07,-8.428455e+07,5.575532e-18,462,0
6.352273e-10,5.323055e-04,-1.348017e-03,2.500071e-03,8.381653e+05,-2.122628e+06,3.936446e+06,-2.878674e-01,7.657876e-01,-1.276923e+00,5.575532e-18,462,2795
6.350909e-09,5.323128e-03,-1.348065e-02,2.500015e-02,8.381942e+05,-2.122705e+06,3.936574e+06,-2.852599e-03,7.421433e-03,-1.295463e-02,5.575532e-18,462,27944
0.000000e+00,2.981451e-08,-1.388887e-07,5.977181e-07,0.000000e+00,0.000000e+00,0.000000e+00,-3.435889e+06,1.119719e+07,-2.872086e+07,3.080466e-18,463,0
1.176818e-09,2.965983e-04,-1.086102e-03,2.500263e-03,2.522503e+05,-9.237547e+05,2.125960e+06,-1.402386e-01,5.620399e-01,-1.058976e+00,3.080466e-18,463,5178
1.175955e-08,2.966322e-03,-1.086286e-02,2.500044e-02,2.522763e+05,-9.238589e+05,2.126158e+06,-1.428717e-03,5.195574e-03,-1.216587e-02,3.080466e-18,463,51742
0.000000e+00,9.429116e-09,-1.714688e-07,2.481088e-07,0.000000e+00,0.000000e+00,0.000000e+00,-8.622416e+06,6.944057e+07,-8.508555e+07,5.773712e-18,464,0
6.597727e-10,2.586658e-04,-2.082793e-03,2.500788e-03,3.921385e+05,-3.157349e+06,3.790817e+06,-1.045628e-01,8.050110e-01,-8.497647e-01,5.773712e-18,464,2903
6.595000e-09,2.586151e-03,-2.082279e-02,2.500058e-02,3.921494e+05,-3.157433e+06,3.790906e+06,-1.009339e-03,7.862415e-03,-8.635588e-03,5.773712e-18,464,29018
0.000000e+00,-7.727864e-08,-1.093965e-07,2.925771e-07,0.000000e+00,0.000000e+00,0.000000e+00,2.867150e+07,3.851505e+07,-8.094575e+07,5.485075e-18,465,0
6.563636e-10,-9.162469e-04,-1.228150e-03,2.500080e-03,-1.396320e+06,-1.871635e+06,3.809709e+06,5.103626e-01,6.795407e-01,-1.210457e+00,5.485075e-18,465,2888
6.562273e-09,-9.163047e-03,-1.228220e-02,2.500049e-02,-1.396373e+06,-1.871705e+06,3.809835e+06,5.020117e-03,6.648647e-03,-1.227430e-02,5.485075e-18,465,28874
0.000000e+00,4.505631e-08,3.879710e-08,3.859044e-07,0.000000e+00,0.000000e+00,0.000000e+00,-1.294205e+07,-1.183512e+07,-6.272507e+07,4.667657e-18,466,0
7.181818e-10,5.211389e-04,5.097177e-04,2.500356e-03,7.260180e+05,7.101309e+05,3.482847e+06,-4.232103e-01,-4.174939e-01,-1.728526e+00,4.667657e-18,466,3160
7.178182e-09,5.211472e-03,5.097417e-03,2.500060e-02,7.260660e+05,7.101783e+05,3.483043e+06,-3.964597e-03,-4.092220e-03,-1.782208e-02,4.667657e-18,466,31584
0.000000e+00,3.770134e-08,-7.977483e-11,3.358329e-07,0.000000e+00,0.000000e+00,0.000000e+00,-1.264224e+07,9.540880e+03,-7.994629e+07,5.302737e-18,467,0
6.059091e-10,4.046413e-04,9.644912e-06,2.500023e-03,6.680989e+05,1.592825e+04,4.127355e+06,-3.731790e-01,-3.309924e-03,-2.010808e+00,5.302737e-18,467,2666
6.057273e-09,4.046852e-03,9.647703e-05,2.500061e-02,6.681346e+05,1.592857e+04,4.127548e+06,-3.727517e-03,-3.100653e-05,-2.033702e-02,5.302737e-18,467,26652
0.000000e+00,-1.279647e-07,-1.270206e-07,4.425679e-07,0.000000e+00,0.000000e+00,0.000000e+00,2.306852e+07,1.679587e+07,-4.052329e+07,3.860586e-18,468,0
1.094773e-09,-1.539656e-03,-1.160301e-03,2.500215e-03,-1.407169e+06,-1.060434e+06,2.284594e+06,5.712615e-01,4.367394e-01,-7.592679e-01,3.860586e-18,468,4817
1.094295e-08,-1.539851e-02,-1.160426e-02,2.500038e-02,-1.407267e+06,-1.060509e+06,2.284726e+06,4.290011e-03,3.821743e-03,-8.652580e-03,3.860586e-18,468,48149
0.000000e+00,-5.254933e-08,-1.562335e-07,5.146307e-07,0.000000e+00,0.000000e+00,0.000000e+00,7.557575e+06,1.847006e+07,-3.902656e+07,3.463415e-18,469,0
1.039545e-09,-6.594612e-04,-1.366149e-03,2.500405e-03,-6.348727e+05,-1.315064e+06,2.406254e+06,3.397383e-01,6.708037e-01,-9.359799e-01,3.463415e-18,469,4574
1.038955e-08,-6.595953e-03,-1.366285e-02,2.500007e-02,-6.349284e+05,-1.315174e+06,2.406408e+06,2.565577e-03,5.345670e-03,-1.070295e-02,3.463415e-18,469,45714
0.000000e+00,-8.113439e-08,1.229058e-07,1.956793e-07,0.000000e+00,0.000000e+00,0.000000e+00,4.166661e+07,-1.254863e+08,-1.291455e+08,6.985715e-18,470,0
4.709091e-10,-8.107142e-04,2.437281e-03,2.500347e-03,-1.721570e+06,5.175877e+06,5.309613e+06,2.221890e-01,-6.777181e-01,-6.225554e-01,6.985715e-18,470,2072
4.708636e-09,-8.106315e-03,2.437141e-02,2.500120e-02,-1.721586e+06,5.175927e+06,5.309659e+06,2.195865e-03,-6.711401e-03,-6.278693e-03,6.985715e-18,470,20718
0.000000e+00,2.364518e-07,-5.811939e-08,5.580826e-07,0.000000e+00,0.000000e+00,0.000000e+00,-2.308823e+07,5.720294e+06,-3.158328e+07,3.018019e-18,471,0
1.204318e-09,1.954575e-03,-4.940887e-04,2.500369e-03,1.623930e+06,-4.104973e+05,2.076869e+06,-6.550506e-01,1.587061e-01,-6.249691e-01,3.018019e-18,471,5299
1.203727e-08,1.954766e-02,-4.941258e-03,2.500006e-02,1.624055e+06,-4.105274e+05,2.076988e+06,-5.739311e-03,1.540371e-03,-7.594774e-03,3.018019e-18,471,52964
0.000000e+00,-7.820254e-09,1.230067e-07,5.914900e-07,0.000000e+00,0.000000e+00,0.000000e+00,1.304204e+06,-1.275301e+07,-3.554523e+07,3.118859e-18,472,0
1.014773e-09,-1.721119e-04,9.749375e-04,2.500148e-03,-1.697575e+05,9.614726e+05,2.464973e+06,9.387165e-02,-5.736136e-01,-1.183716e+00,3.118859e-18,472,4465
1.014205e-08,-1.721649e-03,9.751254e-03,2.500006e-02,-1.697726e+05,9.615644e+05,2.465163e+06,8.419723e-04,-4.533212e-03,-1.348153e-02,3.118859e-18,472,44625
0.000000e+00,-2.510336e-07,-1.384060e-07,4.187060e-07,0.000000e+00,0.000000e+00,0.000000e+00,3.337962e+07,1.703568e+07,-3.217548e+07,3.547881e-18,473,0
1.379318e-09,-2.860409e-03,-1.483924e-03,2.500112e-03,-2.074645e+06,-1.076269e+06,1.812918e+06,4.950739e-01,2.504489e-01,-2.930489e-01,3.547881e-18,473,6069
1.379000e-08,-2.860928e-02,-1.484172e-02,2.500032e-02,-2.074753e+06,-1.076324e+06,1.812982e+06,4.219985e-03,2.195028e-03,-3.684570e-03,3.547881e-18,473,60676
0.000000e+00,2.467444e-07,-1.362917e-07,3.210019e-07,0.000000e+00,0.000000e+00,0.000000e+00,-4.617883e+07,2.424150e+07,-3.611446e+07,4.147215e-18,474,0
1.358182e-09,3.455173e-03,-1.811416e-03,2.500036e-03,2.544664e+06,-1.334065e+06,1.840941e+06,-4.159705e-01,2.172504e-01,-2.068373e-01,4.147215e-18,474,5976
1.358000e-08,3.455650e-02,-1.811659e-02,2.500013e-02,2.544753e+06,-1.334111e+06,1.840985e+06,-3.542699e-03,1.799815e-03,-2.547538e-03,4.147215e-18,474,59752
0.000000e+00,4.161313e-08,-1.879749e-07,3.813192e-07,0.000000e+00,0.000000e+00,0.000000e+00,-6.134398e+06,3.584975e+07,-4.597716e+07,4.257270e-18,475,0
9.613636e-10,4.742724e-04,-1.970272e-03,2.500488e-03,4.935863e+05,-2.050376e+06,2.601789e+06,-1.904633e-01,7.748508e-01,-8.095615e-01,4.257270e-18,475,4230
9.608864e-09,4.742767e-03,-1.970174e-02,2.500033e-02,4.936152e+05,-2.050494e+06,2.601912e+06,-1.910236e-03,6.839287e-03,-8.651472e-03,4.257270e-18,475,42279
0.000000e+00,-7.639192e-08,4.515462e-08,1.476338e-07,0.000000e+00,0.000000e+00,0.000000e+00,1.541920e+08,-8.930935e+07,-2.766558e+08,9.706242e-18,476,0
2.250000e-10,-1.394037e-03,8.074093e-04,2.500280e-03,-6.195574e+06,3.588395e+06,1.111203e+07,6.603615e-01,-3.796278e-01,-1.128634e+00,9.706242e-18,476,990
2.250000e-09,-1.394011e-02,8.073933e-03,2.500220e-02,-6.195598e+06,3.588409e+06,1.111207e+07,6.584166e-03,-3.759055e-03,-1.131473e-02,9.706242e-18,476,9900
0.000000e+00,-1.502813e-08,-2.672351e-07,4.506809e-07,0.000000e+00,0.000000e+00,0.000000e+00,3.283003e+06,3.343565e+07,-3.372925e+07,3.478295e-18,477,0
1.265227e-09,-2.728857e-04,-2.770811e-03,2.500248e-03,-2.158198e+05,-2.190991e+06,1.976587e+06,8.309009e-02,6.393956e-01,-4.042021e-01,3.478295e-18,477,5567
1.264818e-08,-2.729708e-03,-2.771196e-02,2.500041e-02,-2.158363e+05,-2.191118e+06,1.976669e+06,6.955564e-04,5.487180e-03,-4.950618e-03,3.478295e-18,477,55652
0.000000e+00,-1.051695e-07,-1.873154e-07,4.744429e-07,0.000000e+00,0.000000e+00,0.000000e+00,5.955473e+06,2.839768e+07,-3.545291e+07,3.555576e-18,478,0
1.154773e-09,-5.519196e-04,-2.171037e-03,2.500059e-03,-4.781811e+05,-1.881150e+06,2.165704e+06,1.593302e-01,7.217433e-01,-6.251971e-01,3.555576e-18,478,5081
1.154364e-08,-5.519927e-03,-2.171518e-02,2.500025e-02,-4.782100e+05,-1.881281e+06,2.165819e+06,1.104471e-03,6.020910e-03,-7.249146e-03,3.555576e-18,478,50792
0.000000e+00,-4.129479e-08,8.718806e-08,6.070040e-07,0.000000e+00,0.000000e+00,0.000000e+00,6.069839e+06,-6.095427e+06,-3.723086e+07,3.061559e-18,479,0
1.002045e-09,-4.472650e-04,4.820348e-04,2.500019e-03,-4.467455e+05,4.814682e+05,2.496203e+06,3.050875e-01,-3.535730e-01,-1.284623e+00,3.061559e-18,479,4409
1.001523e-08,-4.474223e-03,4.822013e-03,2.500027e-02,-4.467937e+05,4.815241e+05,2.496407e+06,2.393034e-03,-2.438495e-03,-1.490547e-02,3.061559e-18,479,44067
0.000000e+00,6.011633e-08,1.534114e-08,5.143880e-07,0.000000e+00,0.000000e+00,0.000000e+00,-1.047120e+07,-1.206836e+07,-4.327414e+07,3.637481e-18,480,0
9.111364e-10,5.735110e-04,7.224853e-04,2.500518e-03,6.298731e+05,7.935953e+05,2.745829e+06,-3.779750e-01,-5.044350e-01,-1.466262e+00,3.637481e-18,480,4009
9.104773e-09,5.734830e-03,7.225408e-03,2.500027e-02,6.299274e+05,7.936678e+05,2.746041e+06,-3.464615e-03,-4.622661e-03,-1.539754e-02,3.637481e-18,480,40061
0.000000e+00,1.515282e-07,6.935856e-08,5.614203e-07,0.000000e+00,0.000000e+00,0.000000e+00,-1.549509e+07,-6.572513e+06,-3.426384e+07,3.192468e-18,481,0
1.110682e-09,1.169988e-03,5.070889e-04,2.500369e-03,1.054159e+06,4.568698e+05,2.252300e+06,-5.649948e-01,-2.360868e-01,-9.739375e-01,3.192468e-18,481,4887
1.109977e-08,1.170090e-02,5.071145e-03,2.500021e-02,1.054258e+06,4.569110e+05,2.252472e+06,-5.071461e-03,-2.071036e-03,-1.153986e-02,3.192468e-18,481,48839
0.000000e+00,1.895273e-07,-4.297810e-08,4.003906e-07,0.000000e+00,0.000000e+00,0.000000e+00,-3.093644e+07,3.554887e+06,-4.512613e+07,4.092020e-18,482,0
1.030000e-09,1.919793e-03,-3.459029e-04,2.500067e-03,1.864861e+06,-3.359857e+05,2.428094e+06,-7.601954e-01,1.125319e-01,-7.993726e-01,4.092020e-18,482,4532
1.029614e-08,1.920080e-02,-3.459332e-03,2.500011e-02,1.864984e+06,-3.360040e+05,2.428224e+06,-6.585872e-03,1.055197e-03,-8.904852e-03,4.092020e-18,482,45303
0.000000e+00,-1.330873e-07,2.296469e-08,4.574815e-07,0.000000e+00,0.000000e+00,0.000000e+00,1.945814e+07,-4.587485e+06,-4.547319e+07,3.877214e-18,483,0
9.165909e-10,-1.139741e-03,2.952954e-04,2.500577e-03,-1.244286e+06,3.224146e+05,2.729393e+06,7.249277e-01,-2.064812e-01,-1.288779e+00,3.877214e-18,483,4033
9.159545e-09,-1.139705e-02,2.953148e-03,2.500011e-02,-1.244391e+06,3.224445e+05,2.729580e+06,6.795058e-03,-1.968572e-03,-1.393577e-02,3.877214e-18,483,40302
0.000000e+00,-2.665989e-07,3.889165e-08,3.441466e-07,0.000000e+00,0.000000e+00,0.000000e+00,4.730727e+07,-8.024856e+06,-3.415795e+07,4.083481e-18,484,0
1.406591e-09,-3.825154e-03,6.615268e-04,2.500070e-03,-2.720283e+06,4.704685e+05,1.777603e+06,4.649995e-01,-8.814174e-02,-1.940548e-01,4.083481e-18,484,6189
1.406386e-08,-3.825759e-02,6.616580e-03,2.500013e-02,-2.720385e+06,4.704880e+05,1.777647e+06,3.898684e-03,-6.563193e-04,-2.541924e-03,4.083481e-18,484,61881
0.000000e+00,6.246137e-08,1.720964e-07,4.815390e-07,0.000000e+00,0.000000e+00,0.000000e+00,-8.985946e+06,-2.024981e+07,-3.972917e+07,3.587049e-18,485,0
1.030455e-09,6.221239e-04,1.436725e-03,2.500231e-03,6.041577e+05,1.395158e+06,2.427392e+06,-3.020616e-01,-6.941013e-01,-9.910940e-01,3.587049e-18,485,4534
1.029909e-08,6.222219e-03,1.436880e-02,2.500008e-02,6.042067e+05,1.395271e+06,2.427554e+06,-2.241704e-03,-6.104923e-03,-1.076879e-02,3.587049e-18,485,45316
0.000000e+00,-2.038314e-07,2.034746e-07,4.446448e-07,0.000000e+00,0.000000e+00,0.000000e+00,2.508480e+07,-2.472289e+07,-3.015833e+07,3.408039e-18,486,0
1.435227e-09,-2.372974e-03,2.297921e-03,2.500176e-03,-1.654103e+06,1.601764e+06,1.742320e+06,3.904628e-01,-3.704708e-01,-2.657615e-01,3.408039e-18,486,6315
1.434864e-08,-2.373402e-02,2.298305e-02,2.500011e-02,-1.654191e+06,1.601847e+06,1.742381e+06,3.334394e-03,-3.237140e-03,-3.516770e-03,3.408039e-18,486,63134
0.000000e+00,9.909242e-08,-7.863455e-08,2.236317e-07,0.000000e+00,0.000000e+00,0.000000e+00,-6.183013e+07,4.920866e+07,-1.211264e+08,6.694793e-18,487,0
4.870455e-10,1.287554e-03,-1.024355e-03,2.501065e-03,2.643841e+06,-2.103392e+06,5.135498e+06,-6.432656e-01,5.097651e-01,-1.139738e+00,6.694793e-18,487,2143
4.868182e-09,1.287076e-02,-1.023974e-02,2.500070e-02,2.643890e+06,-2.103431e+06,5.135586e+06,-6.397494e-03,5.057654e-03,-1.149797e-02,6.694793e-18,487,21420
0.000000e+00,-1.450716e-07,-2.301471e-08,5.871324e-07,0.000000e+00,0.000000e+00,0.000000e+00,1.289763e+07,-1.587623e+05,-3.585091e+07,3.095182e-18,488,0
1.073864e-09,-1.040523e-03,-8.794447e-05,2.500090e-03,-9.696679e+05,-8.195535e+04,2.329261e+06,5.510460e-01,3.495406e-02,-1.070321e+00,3.095182e-18,488,4725
1.073295e-08,-1.040738e-02,-8.796060e-04,2.500009e-02,-9.697611e+05,-8.196126e+04,2.329443e+06,4.948303e-03,3.919647e-04,-1.273948e-02,3.095182e-18,488,47225
0.000000e+00,-1.030833e-07,2.140112e-07,4.640290e-07,0.000000e+00,0.000000e+00,0.000000e+00,1.312127e+07,-3.000728e+07,-3.369933e+07,3.512656e-18,489,0
1.269091e-09,-1.127076e-03,2.480049e-03,2.500144e-03,-8.885253e+05,1.955150e+06,1.970477e+06,2.592674e-01,-5.843635e-01,-4.014608e-01,3.512656e-18,489,5584
1.268727e-08,-1.127291e-02,2.480541e-02,2.500017e-02,-8.885770e+05,1.955267e+06,1.970558e+06,2.147028e-03,-4.939082e-03,-4.975625e-03,3.512656e-18,489,55824
0.000000e+00,2.085462e-08,-9.424217e-08,3.478346e-07,0.000000e+00,0.000000e+00,0.000000e+00,-4.999772e+06,2.416512e+07,-7.100036e+07,5.005197e-18,490,0
6.756818e-10,1.936576e-04,-9.148646e-04,2.500576e-03,2.867566e+05,-1.354558e+06,3.701964e+06,-1.749784e-01,6.935525e-01,-1.632411e+00,5.005197e-18,490,2973
6.753182e-09,1.936515e-03,-9.147566e-03,2.500014e-02,2.867753e+05,-1.354633e+06,3.702139e+06,-1.585468e-03,6.614783e-03,-1.669564e-02,5.005197e-18,490,29714
0.000000e+00,5.188385e-08,1.305014e-08,1.661852e-07,0.000000e+00,0.000000e+00,0.000000e+00,-1.017955e+08,-2.023134e+07,-3.037470e+08,9.605982e-18,491,0
2.050000e-10,8.390537e-04,1.666947e-04,2.502602e-03,4.092842e+06,8.131090e+05,1.220743e+07,-5.734880e-01,-1.060967e-01,-1.629772e+00,9.605982e-18,491,902
2.047955e-09,8.382004e-03,1.665223e-03,2.500043e-02,4.092861e+06,8.131125e+05,1.220748e+07,-5.735385e-03,-1.160754e-03,-1.638707e-02,9.605982e-18,491,9011
0.000000e+00,1.284651e-08,7.561190e-08,4.689758e-07,0.000000e+00,0.000000e+00,0.000000e+00,-3.053677e+06,-1.167035e+07,-4.799437e+07,3.909600e-18,492,0
8.552273e-10,1.973567e-04,6.322896e-04,2.500485e-03,2.309526e+05,7.398182e+05,2.925347e+06,-1.712025e-01,-4.634320e-01,-1.670583e+00,3.909600e-18,492,3763
8.546136e-09,1.973740e-03,6.322562e-03,2.500050e-02,2.309757e+05,7.398808e+05,2.925573e+06,-1.569984e-03,-4.226140e-03,-1.754514e-02,3.909600e-18,492,37603
0.000000e+00,-8.957445e-08,1.524672e-07,1.675489e-07,0.000000e+00,0.000000e+00,0.000000e+00,6.570062e+07,-1.145195e+08,-1.033769e+08,6.954365e-18,493,0
5.845455e-10,-1.598970e-03,2.787014e-03,2.500630e-03,-2.735504e+06,4.768005e+06,4.277959e+06,2.982196e-01,-5.204036e-01,-4.063855e-01,6.954365e-18,493,2572
5.844091e-09,-1.598660e-02,2.786476e-02,2.500091e-02,-2.735531e+06,4.768053e+06,4.277996e+06,2.909774e-03,-5.101331e-03,-4.128756e-03,6.954365e-18,493,25714
0.000000e+00,-2.128811e-07,-6.552485e-08,5.826022e-07,0.000000e+00,0.000000e+00,0.000000e+00,2.170168e+07,4.865755e+06,-3.486006e+07,2.963935e-18,494,0
1.055909e-09,-1.619713e-03,-3.592851e-04,2.500321e-03,-1.534958e+06,-3.404814e+05,2.368867e+06,7.849815e-01,1.787769e-01,-9.082805e-01,2.963935e-18,494,4646
1.055364e-08,-1.619935e-02,-3.593318e-03,2.500036e-02,-1.535088e+06,-3.405111e+05,2.369019e+06,6.186971e-03,1.505615e-03,-1.011939e-02,2.963935e-18,494,46436
0.000000e+00,-5.510198e-08,2.112442e-07,5.792773e-07,0.000000e+00,0.000000e+00,0.000000e+00,5.021572e+06,-2.047135e+07,-3.763696e+07,2.990454e-18,495,0
1.011591e-09,-3.901397e-04,1.420193e-03,2.500533e-03,-3.859967e+05,1.404790e+06,2.472923e+06,2.552360e-01,-7.293260e-01,-1.054256e+00,2.990454e-18,495,4451
1.010955e-08,-3.902227e-03,1.420179e-02,2.500034e-02,-3.860374e+05,1.404906e+06,2.473092e+06,2.191264e-03,-6.261323e-03,-1.148799e-02,2.990454e-18,495,44482
0.000000e+00,-7.432321e-08,5.691380e-08,3.249118e-07,0.000000e+00,0.000000e+00,0.000000e+00,2.055261e+07,-2.110405e+07,-7.676285e+07,5.285212e-18,496,0
6.488636e-10,-6.949357e-04,7.011678e-04,2.500482e-03,-1.071368e+06,1.080993e+06,3.854701e+06,4.894733e-01,-4.898899e-01,-1.622995e+00,5.285212e-18,496,2855
6.485682e-09,-6.948557e-03,7.010971e-03,2.500048e-02,-1.071418e+06,1.081043e+06,3.854868e+06,4.837963e-03,-4.584873e-03,-1.651241e-02,5.285212e-18,496,28537
0.000000e+00,1.033157e-07,-2.046991e-07,2.514960e-07,0.000000e+00,0.000000e+00,0.000000e+00,-3.065436e+07,6.410880e+07,-5.801779e+07,5.120700e-18,497,0
9.404545e-10,1.353003e-03,-2.875065e-03,2.500479e-03,1.438908e+06,-3.057672e+06,2.659076e+06,-2.484066e-01,5.596041e-01,-3.840229e-01,5.120700e-18,497,4138
9.401818e-09,1.352839e-02,-2.874772e-02,2.500028e-02,1.438945e+06,-3.057755e+06,2.659133e+06,-2.414730e-03,5.227116e-03,-4.112051e-03,5.120700e-18,497,41368
0.000000e+00,-6.928536e-08,-9.264866e-08,1.728146e-07,0.000000e+00,0.000000e+00,0.000000e+00,7.855020e+07,1.128487e+08,-1.872869e+08,8.134830e-18,498,0
3.290909e-10,-1.050244e-03,-1.509318e-03,2.500993e-03,-3.191334e+06,-4.586330e+06,7.599614e+06,4.391102e-01,6.436897e-01,-9.888908e-01,8.134830e-18,498,1448
3.289773e-09,-1.049882e-02,-1.508806e-02,2.500116e-02,-3.191357e+06,-4.586363e+06,7.599666e+06,4.465171e-03,6.384713e-03,-9.975543e-03,8.134830e-18,498,14475
0.000000e+00,-2.657575e-07,4.623849e-08,3.720807e-07,0.000000e+00,0.000000e+00,0.000000e+00,4.228283e+07,-8.907118e+06,-3.831634e+07,3.911090e-18,499,0
1.199545e-09,-2.898205e-03,6.666681e-04,2.500428e-03,-2.416958e+06,5.559724e+05,2.084915e+06,6.005043e-01,-1.282172e-01,-3.946104e-01,3.911090e-18,499,5278
1.199091e-08,-2.898149e-02,6.666585e-03,2.500018e-02,-2.417071e+06,5.559965e+05,2.084991e+06,5.017894e-03,-1.062967e-03,-4.548368e-03,3.911090e-18,499,52760
0.000000e+00,7.122982e-08,-2.197090e-07,3.666363e-07,0.000000e+00,0.000000e+00,0.000000e+00,-1.124330e+07,4.186131e+07,-4.317608e+07,4.161348e-18,500,0
1.062955e-09,7.367153e-04,-2.653031e-03,2.500115e-03,6.933099e+05,-2.496805e+06,2.352547e+06,-1.733664e-01,6.680943e-01,-5.046359e-01,4.161348e-18,500,4677
1.062682e-08,7.367667e-03,-2.653302e-02,2.500022e-02,6.933389e+05,-2.496917e+06,2.352632e+06,-1.408713e-03,5.815393e-03,-5.571550e-03,4.161348e-18,500,46758
0.000000e+00,2.528023e-07,1.725021e-08,3.722594e-07,0.000000e+00,0.000000e+00,0.000000e+00,-3.969859e+07,-5.976934e+06,-4.056140e+07,3.981587e-18,501,0
1.147955e-09,2.633540e-03,4.244398e-04,2.500193e-03,2.295057e+06,3.699585e+05,2.178513e+06,-6.845660e-01,-1.436526e-01,-5.054027e-01,3.981587e-18,501,5051
1.147568e-08,2.633733e-02,4.245492e-03,2.500006e-02,2.295181e+06,3.699845e+05,2.178605e+06,-5.840218e-03,-1.293746e-03,-5.611471e-03,3.981587e-18,501,50493
0.000000e+00,-2.603860e-08,2.085274e-08,2.137680e-07,0.000000e+00,0.000000e+00,0.000000e+00,2.533660e+07,-2.277575e+07,-2.000944e+08,7.884333e-18,502,0
3.052273e-10,-3.172978e-04,2.855499e-04,2.501702e-03,-1.039564e+06,9.355606e+05,8.196276e+06,2.524938e-01,-2.366543e-01,-1.919285e+00,7.884333e-18,502,1343
3.050227e-09,-3.170929e-03,2.853690e-03,2.500069e-02,-1.039576e+06,9.355721e+05,8.196368e+06,2.518012e-03,-2.394470e-03,-1.926368e-02,7.884333e-18,502,13421
0.000000e+00,-1.287772e-07,-1.663597e-07,4.693234e-07,0.000000e+00,0.000000e+00,0.000000e+00,2.673273e+07,3.470398e+07,-3.261587e+07,3.603211e-18,503,0
1.325455e-09,-2.068467e-03,-2.750328e-03,2.500092e-03,-1.561147e+06,-2.075783e+06,1.886464e+06,3.317581e-01,4.391831e-01,-2.686621e-01,3.603211e-18,503,5832
1.325227e-08,-2.068867e-02,-2.750872e-02,2.500016e-02,-1.561216e+06,-2.075874e+06,1.886520e+06,2.853833e-03,3.608760e-03,-3.269232e-03,3.603211e-18,503,58310
0.000000e+00,-6.438951e-08,-8.341267e-08,2.398096e-07,0.000000e+00,0.000000e+00,0.000000e+00,3.966256e+07,5.074654e+07,-1.243893e+08,6.602105e-18,504,0
4.711364e-10,-8.043471e-04,-1.029603e-03,2.501134e-03,-1.707436e+06,-2.185599e+06,5.309129e+06,4.879133e-01,6.237932e-01,-1.381224e+00,6.602105e-18,504,2073
4.708864e-09,-8.040122e-03,-1.029174e-02,2.500013e-02,-1.707472e+06,-2.185646e+06,5.309232e+06,4.868239e-03,6.151441e-03,-1.393494e-02,6.602105e-18,504,20719
0.000000e+00,2.147409e-08,1.302567e-07,4.066259e-07,0.000000e+00,0.000000e+00,0.000000e+00,-1.387624e+07,-3.083643e+07,-6.551988e+07,4.281077e-18,505,0
7.340909e-10,5.175539e-04,1.220024e-03,2.500766e-03,7.052674e+05,1.662602e+06,3.407653e+06,-2.360727e-01,-7.597164e-01,-1.479304e+00,4.281077e-18,505,3230
7.336591e-09,5.174231e-03,1.219783e-02,2.500073e-02,7.052948e+05,1.662690e+06,3.407825e+06,-2.169416e-03,-7.012434e-03,-1.514886e-02,4.281077e-18,505,32281
0.000000e+00,-3.960956e-08,-1.931758e-07,3.520894e-07,0.000000e+00,0.000000e+00,0.000000e+00,9.021916e+06,4.137332e+07,-5.152012e+07,4.458486e-18,506,0
9.277273e-10,-4.871342e-04,-2.164562e-03,2.500349e-03,-5.252996e+05,-2.334069e+06,2.695789e+06,1.822170e-01,7.722893e-01,-7.277553e-01,4.458486e-18,506,4082
9.273864e-09,-4.871541e-03,-2.164580e-02,2.500051e-02,-5.253263e+05,-2.334182e+06,2.695896e+06,1.766670e-03,7.205602e-03,-7.771836e-03,4.458486e-18,506,40805
0.000000e+00,-1.215152e-07,-2.028393e-07,5.063546e-07,0.000000e+00,0.000000e+00,0.000000e+00,1.623290e+07,2.407417e+07,-3.610899e+07,3.303625e-18,507,0
1.148636e-09,-1.237453e-03,-1.854083e-03,2.500448e-03,-1.077923e+06,-1.614999e+06,2.177526e+06,4.075888e-01,5.857017e-01,-6.070472e-01,3.303625e-18,507,5054
1.148091e-08,-1.237547e-02,-1.854160e-02,2.500019e-02,-1.077996e+06,-1.615105e+06,2.177637e+06,3.337166e-03,4.893319e-03,-7.118173e-03,3.303625e-18,507,50516
0.000000e+00,-8.161373e-08,3.200642e-08,3.539680e-07,0.000000e+00,0.000000e+00,0.000000e+00,1.970035e+07,-7.680651e+06,-7.699947e+07,4.947101e-18,508,0
6.406818e-10,-6.810085e-04,2.456091e-04,2.500633e-03,-1.063354e+06,3.834686e+05,3.904210e+06,5.589980e-01,-1.761939e-01,-1.768822e+00,4.947101e-18,508,2819
6.403409e-09,-6.809100e-03,2.455519e-03,2.500039e-02,-1.063411e+06,3.834865e+05,3.904390e+06,5.189194e-03,-1.954065e-03,-1.811000e-02,4.947101e-18,508,28175
0.000000e+00,1.572892e-07,-1.759112e-07,3.221631e-07,0.000000e+00,0.000000e+00,0.000000e+00,-3.357360e+07,3.882670e+07,-5.109863e+07,4.458459e-18,509,0
9.670455e-10,1.719241e-03,-1.981157e-03,2.500260e-03,1.778368e+06,-2.049282e+06,2.585982e+06,-4.844170e-01,5.468817e-01,-5.766366e-01,4.458459e-18,509,4255
9.667500e-09,1.719238e-02,-1.981144e-02,2.500011e-02,1.778442e+06,-2.049365e+06,2.586070e+06,-4.367765e-03,4.816859e-03,-6.136439e-03,4.458459e-18,509,42537
0.000000e+00,5.316930e-08,1.174076e-09,2.981133e-07,0.000000e+00,0.000000e+00,0.000000e+00,-2.365143e+07,-8.638650e+05,-9.773471e+07,5.822711e-18,510,0
5.465909e-10,6.216141e-04,2.390972e-05,2.500593e-03,1.137585e+06,4.375537e+04,4.575859e+06,-5.331518e-01,-1.702654e-02,-1.898767e+00,5.822711e-18,510,2405
5.463636e-09,6.215358e-03,2.390629e-04,2.500097e-02,1.137631e+06,4.375685e+04,4.576023e+06,-5.203410e-03,-2.468401e-04,-1.910946e-02,5.822711e-18,510,24040
0.000000e+00,1.538004e-07,-1.722492e-07,3.059203e-07,0.000000e+00,0.000000e+00,0.000000e+00,-3.350755e+07,3.955111e+07,-4.545937e+07,4.625889e-18,511,0
1.023409e-09,1.786073e-03,-2.277884e-03,2.500424e-03,1.745703e+06,-2.226491e+06,2.443655e+06,-4.073708e-01,5.541991e-01,-4.351427e-01,4.625889e-18,511,4503
1.023068e-08,1.785974e-02,-2.277848e-02,2.500036e-02,1.745769e+06,-2.226580e+06,2.443726e+06,-3.670787e-03,4.759559e-03,-4.866453e-03,4.625889e-18,511,45015
0.000000e+00,1.931124e-07,-2.310580e-09,5.830716e-07,0.000000e+00,0.000000e+00,0.000000e+00,-1.977667e+07,-1.832936e+05,-3.376608e+07,3.025936e-18,512,0
1.108636e-09,1.600891e-03,3.807313e-05,2.500111e-03,1.444975e+06,3.434230e+04,2.256050e+06,-6.918371e-01,7.148364e-03,-8.690433e-01,3.025936e-18,512,4878
1.108136e-08,1.601223e-02,3.805491e-04,2.500034e-02,1.445096e+06,3.434101e+04,2.256203e+06,-5.576442e-03,2.300694e-04,-1.006788e-02,3.025936e-18,512,48758
0.000000e+00,4.432955e-08,-1.485077e-07,6.423661e-07,0.000000e+00,0.000000e+00,0.000000e+00,-9.684597e+06,1.754837e+07,-4.464700e+07,2.850142e-18,513,0
9.077273e-10,5.239810e-04,-1.011799e-03,2.500166e-03,5.776019e+05,-1.115332e+06,2.755418e+06,-3.159639e-01,6.500817e-01,-1.340804e+00,2.850142e-18,513,3994
9.072955e-09,5.240538e-03,-1.011937e-02,2.500008e-02,5.776472e+05,-1.115425e+06,2.755611e+06,-2.759709e-03,6.028020e-03,-1.407913e-02,2.850142e-18,513,39921
0.000000e+00,9.638469e-08,-1.046961e-07,6.545075e-07,0.000000e+00,0.000000e+00,0.000000e+00,-8.331589e+06,8.453652e+06,-3.943061e+07,2.802369e-18,514,0
9.213636e-10,5.561825e-04,-5.867920e-04,2.500550e-03,6.039579e+05,-6.373777e+05,2.715325e+06,-3.134608e-01,4.521759e-01,-1.483215e+00,2.802369e-18,514,4054
9.207045e-09,5.560698e-03,-5.868352e-03,2.500035e-02,6.040035e+05,-6.374435e+05,2.715541e+06,-2.308223e-03,3.821881e-03,-1.573329e-02,2.802369e-18,514,40511
0.000000e+00,2.334967e-07,-1.160508e-09,3.156465e-07,0.000000e+00,0.000000e+00,0.000000e+00,-5.143981e+07,-4.228826e+06,-4.278184e+07,4.528796e-18,515,0
1.160909e-09,3.208892e-03,1.079777e-04,2.500381e-03,2.764968e+06,9.301668e+04,2.154179e+06,-5.959949e-01,-1.858983e-02,-3.535007e-01,4.528796e-18,515,5108
1.160545e-08,3.208867e-02,1.079524e-03,2.500036e-02,2.765077e+06,9.302006e+04,2.154244e+06,-5.158117e-03,-7.795188e-05,-3.975672e-03,4.528796e-18,515,51064
0.000000e+00,-7.226282e-10,-1.086134e-07,5.960738e-07,0.000000e+00,0.000000e+00,0.000000e+00,1.227156e+06,8.376057e+06,-3.643045e+07,3.123511e-18,516,0
9.972727e-10,-6.826123e-05,-6.097216e-04,2.500046e-03,-6.847762e+04,-6.119288e+05,2.508216e+06,2.107958e-02,4.661215e-01,-1.314513e+00,3.123511e-18,516,4388
9.967273e-09,-6.825301e-04,-6.099268e-03,2.500028e-02,-6.848091e+04,-6.120021e+05,2.508423e+06,2.053477e-05,3.269532e-03,-1.529027e-02,3.123511e-18,516,43856
0.000000e+00,6.453744e-08,-5.353136e-08,4.426846e-07,0.000000e+00,0.000000e+00,0.000000e+00,-1.184076e+07,8.338282e+06,-4.797044e+07,4.120734e-18,517,0
9.256818e-10,6.741940e-04,-5.735396e-04,2.500090e-03,7.289319e+05,-6.200680e+05,2.702142e+06,-5.196416e-01,4.049462e-01,-1.380523e+00,4.120734e-18,517,4073
9.252045e-09,6.744069e-03,-5.736859e-03,2.500050e-02,7.290078e+05,-6.201272e+05,2.702344e+06,-3.624837e-03,3.622651e-03,-1.500881e-02,4.120734e-18,517,40709
0.000000e+00,-2.295445e-08,5.281803e-08,3.262514e-07,0.000000e+00,0.000000e+00,0.000000e+00,6.251213e+06,-1.853511e+07,-8.477731e+07,5.381295e-18,518,0
5.981818e-10,-1.908352e-04,5.717727e-04,2.500050e-03,-3.191210e+05,9.562011e+05,4.180538e+06,1.471252e-01,-4.938766e-01,-1.886103e+00,5.381295e-18,518,2632
5.980227e-09,-1.908421e-03,5.718298e-03,2.500069e-02,-3.191349e+05,9.562478e+05,4.180717e+06,1.474100e-03,-4.899855e-03,-1.903160e-02,5.381295e-18,518,26313
0.000000e+00,-1.467228e-07,-1.795146e-08,6.228034e-07,0.000000e+00,0.000000e+00,0.000000e+00,1.275836e+07,-8.646115e+05,-3.660505e+07,2.917811e-18,519,0
9.454545e-10,-9.443280e-04,6.403351e-05,2.500165e-03,-9.994102e+05,6.777145e+04,2.645828e+06,5.326660e-01,-2.828468e-02,-1.451039e+00,2.917811e-18,519,4160
9.448864e-09,-9.443283e-03,6.403517e-04,2.500025e-02,-9.994899e+05,6.777572e+04,2.646045e+06,4.607390e-03,-2.204229e-04,-1.552309e-02,2.917811e-18,519,41575
0.000000e+00,-1.224485e-07,-1.282761e-07,1.735368e-07,0.000000e+00,0.000000e+00,0.000000e+00,8.728917e+07,9.093284e+07,-1.014632e+08,6.843804e-18,520,0
5.934091e-10,-2.166221e-03,-2.256595e-03,2.500089e-03,-3.650627e+06,-3.802927e+06,4.213166e+06,4.279680e-01,4.460018e-01,-4.281212e-01,6.843804e-18,520,2611
5.933864e-09,-2.166240e-02,-2.256614e-02,2.500049e-02,-3.650667e+06,-3.802969e+06,4.213206e+06,4.204419e-03,4.375676e-03,-4.348453e-03,6.843804e-18,520,26109
0.000000e+00,3.208033e-08,3.711665e-08,4.006353e-07,0.000000e+00,0.000000e+00,0.000000e+00,-4.721148e+06,-9.831855e+06,-6.456782e+07,4.536286e-18,521,0
6.988636e-10,2.051509e-04,4.004607e-04,2.500727e-03,2.936886e+05,5.733177e+05,3.579702e+06,-1.732476e-01,-3.352800e-01,-1.911186e+00,4.536286e-18,521,3075
6.983864e-09,2.051083e-03,4.003955e-03,2.500025e-02,2.937077e+05,5.733547e+05,3.579913e+06,-1.613122e-03,-3.164152e-03,-1.963998e-02,4.536286e-18,521,30729
0.000000e+00,2.087141e-07,1.223403e-07,2.355915e-07,0.000000e+00,0.000000e+00,0.000000e+00,-6.393034e+07,-3.832667e+07,-5.390399e+07,5.114423e-18,522,0
1.016818e-09,3.081125e-03,1.849997e-03,2.500458e-03,3.030670e+06,1.819710e+06,2.459318e+06,-4.642507e-01,-2.816179e-01,-2.880535e-01,5.114423e-18,522,4474
1.016545e-08,3.080819e-02,1.849820e-02,2.500021e-02,3.030745e+06,1.819755e+06,2.459364e+06,-4.165322e-03,-2.509608e-03,-3.090041e-03,5.114423e-18,522,44728
0.000000e+00,-2.449507e-07,2.398799e-08,3.965402e-07,0.000000e+00,0.000000e+00,0.000000e+00,2.101315e+07,-4.086365e+06,-3.292807e+07,3.892732e-18,523,0
1.174318e-09,-1.932361e-03,3.455421e-04,2.500112e-03,-1.646598e+06,2.944635e+05,2.129769e+06,7.255642e-01,-1.361110e-01,-5.930383e-01,3.892732e-18,523,5167
1.173841e-08,-1.932835e-02,3.456502e-03,2.500015e-02,-1.646732e+06,2.944886e+05,2.129880e+06,5.883548e-03,-9.479874e-04,-7.888024e-03,3.892732e-18,523,51649
0.000000e+00,-1.776418e-07,-1.742381e-07,4.996930e-07,0.000000e+00,0.000000e+00,0.000000e+00,2.149908e+07,1.960651e+07,-3.387715e+07,3.288689e-18,524,0
1.199773e-09,-1.715069e-03,-1.516715e-03,2.500397e-03,-1.430240e+06,-1.264848e+06,2.084643e+06,4.975674e-01,4.602343e-01,-5.338078e-01,3.288689e-18,524,5279
1.199250e-08,-1.715210e-02,-1.516865e-02,2.500029e-02,-1.430334e+06,-1.264935e+06,2.084745e+06,4.322781e-03,3.775648e-03,-6.569475e-03,3.288689e-18,524,52767
0.000000e+00,1.033895e-07,2.040437e-09,4.111352e-07,0.000000e+00,0.000000e+00,0.000000e+00,-2.228508e+07,-8.617655e+05,-5.236361e+07,4.323690e-18,525,0
8.290909e-10,1.144543e-03,-7.216404e-05,2.500148e-03,1.381301e+06,-8.711186e+04,3.016883e+06,-7.605272e-01,3.851212e-02,-1.485589e+00,4.323690e-18,525,3648
8.286818e-09,1.144652e-02,-7.218516e-04,2.500044e-02,1.381401e+06,-8.711687e+04,3.017078e+06,-7.269462e-03,2.862938e-04,-1.526265e-02,4.323690e-18,525,36462
0.000000e+00,-1.835369e-07,1.994937e-07,4.687034e-07,0.000000e+00,0.000000e+00,0.000000e+00,2.134979e+07,-2.518191e+07,-3.254945e+07,3.360789e-18,526,0
1.288409e-09,-1.799458e-03,2.190576e-03,2.500007e-03,-1.397303e+06,1.701048e+06,1.940807e+06,4.042125e-01,-4.972240e-01,-3.770348e-01,3.360789e-18,526,5669
1.288136e-08,-1.799912e-02,2.191172e-02,2.500044e-02,-1.397385e+06,1.701149e+06,1.940885e+06,3.161906e-03,-4.195968e-03,-4.702708e-03,3.360789e-18,526,56678
0.000000e+00,-1.603982e-07,-2.068572e-07,3.888400e-07,0.000000e+00,0.000000e+00,0.000000e+00,2.129271e+07,3.292721e+07,-3.312461e+07,3.839462e-18,527,0
1.349773e-09,-1.779853e-03,-2.754808e-03,2.500067e-03,-1.319122e+06,-2.041761e+06,1.852556e+06,2.901525e-01,4.681374e-01,-2.890884e-01,3.839462e-18,527,5939
1.349500e-08,-1.780151e-02,-2.755347e-02,2.500041e-02,-1.319184e+06,-2.041861e+06,1.852619e+06,2.575542e-03,3.929227e-03,-3.570787e-03,3.839462e-18,527,59378
0.000000e+00,-2.262916e-07,-1.461901e-07,4.332047e-07,0.000000e+00,0.000000e+00,0.000000e+00,2.887982e+07,1.939549e+07,-3.477664e+07,3.550939e-18,528,0
1.288409e-09,-2.371953e-03,-1.579499e-03,2.500104e-03,-1.841831e+06,-1.226489e+06,1.940872e+06,5.192806e-01,3.466665e-01,-3.704744e-01,3.550939e-18,528,5669
1.288091e-08,-2.372440e-02,-1.579825e-02,2.500038e-02,-1.841937e+06,-1.226559e+06,1.940948e+06,4.352197e-03,3.036789e-03,-4.676504e-03,3.550939e-18,528,56676
0.000000e+00,1.076135e-07,-5.923298e-08,5.905108e-07,0.000000e+00,0.000000e+00,0.000000e+00,-1.255179e+07,4.115339e+06,-3.797190e+07,3.135445e-18,529,0
1.005682e-09,8.885036e-04,-2.314932e-04,2.500117e-03,8.840902e+05,-2.303287e+05,2.487153e+06,-4.927495e-01,1.515843e-01,-1.188949e+00,3.135445e-18,529,4425
1.005159e-08,8.886489e-03,-2.315206e-03,2.500009e-02,8.841683e+05,-2.303528e+05,2.487342e+06,-4.136031e-03,1.319395e-03,-1.382823e-02,3.135445e-18,529,44227
0.000000e+00,4.751896e-08,-2.642680e-08,5.231801e-07,0.000000e+00,0.000000e+00,0.000000e+00,-5.682271e+06,3.174623e+06,-4.331954e+07,3.592281e-18,530,0
9.386364e-10,3.347314e-04,-1.346720e-04,2.500203e-03,3.569203e+05,-1.434737e+05,2.665075e+06,-2.750911e-01,2.913504e-02,-1.485327e+00,3.592281e-18,530,4130
9.380682e-09,3.348154e-03,-1.345914e-03,2.500043e-02,3.569611e+05,-1.434781e+05,2.665296e+06,-2.511602e-03,9.397237e-04,-1.677668e-02,3.592281e-18,530,41275
0.000000e+00,-2.502573e-08,4.837583e-08,4.044291e-07,0.000000e+00,0.000000e+00,0.000000e+00,3.691507e+06,-1.009102e+07,-6.325307e+07,4.488045e-18,531,0
7.136364e-10,-1.641654e-04,4.078691e-04,2.500740e-03,-2.301609e+05,5.718429e+05,3.505667e+06,1.434224e-01,-3.557952e-01,-1.897347e+00,4.488045e-18,531,3140
7.131364e-09,-1.641361e-03,4.078014e-03,2.500029e-02,-2.301771e+05,5.718830e+05,3.505882e+06,1.462178e-03,-3.270410e-03,-1.953068e-02,4.488045e-18,531,31378
0.000000e+00,-9.053564e-08,6.553432e-08,3.057692e-07,0.000000e+00,0.000000e+00,0.000000e+00,3.088608e+07,-2.121515e+07,-8.005068e+07,5.448742e-18,532,0
6.440909e-10,-1.004329e-03,6.875310e-04,2.500407e-03,-1.559796e+06,1.067771e+06,3.882976e+06,6.674039e-01,-4.466267e-01,-1.444473e+00,5.448742e-18,532,2834
6.438409e-09,-1.004261e-02,6.874754e-03,2.500031e-02,-1.559863e+06,1.067817e+06,3.883123e+06,6.465755e-03,-4.281456e-03,-1.465792e-02,5.448742e-18,532,28329
0.000000e+00,-1.834720e-07,-1.611612e-07,2.862635e-07,0.000000e+00,0.000000e+00,0.000000e+00,4.442260e+07,3.777710e+07,-4.789556e+07,4.668207e-18,533,0
1.067273e-09,-2.461604e-03,-2.096345e-03,2.500395e-03,-2.307037e+06,-1.964710e+06,2.343123e+06,4.697928e-01,4.013804e-01,-3.641165e-01,4.668207e-18,533,4696
1.066955e-08,-2.461503e-02,-2.096257e-02,2.500019e-02,-2.307116e+06,-1.964778e+06,2.343185e+06,4.151361e-03,3.538849e-03,-3.917362e-03,4.668207e-18,533,46946
0.000000e+00,-2.199519e-07,-9.466771e-09,4.531254e-07,0.000000e+00,0.000000e+00,0.000000e+00,2.612954e+07,-1.598918e+05,-3.802211e+07,3.642746e-18,534,0
1.140455e-09,-2.017677e-03,1.819772e-05,2.500419e-03,-1.770274e+06,1.599448e+04,2.193184e+06,7.638306e-01,-2.072569e-02,-6.305014e-01,3.642746e-18,534,5018
1.139909e-08,-2.017944e-02,1.823110e-04,2.500046e-02,-1.770411e+06,1.599820e+04,2.193298e+06,6.005047e-03,-2.999663e-05,-7.738679e-03,3.642746e-18,534,50156
0.000000e+00,2.567751e-07,-6.746950e-08,4.522547e-07,0.000000e+00,0.000000e+00,0.000000e+00,-3.162686e+07,7.156169e+06,-3.682731e+07,3.465062e-18,535,0
1.172727e-09,2.333896e-03,-5.580371e-04,2.500479e-03,1.991109e+06,-4.761175e+05,2.132777e+06,-6.719720e-01,1.944246e-01,-5.364640e-01,3.465062e-18,535,5160
1.172182e-08,2.333937e-02,-5.580958e-03,2.500021e-02,1.991233e+06,-4.761535e+05,2.132877e+06,-5.605683e-03,1.793731e-03,-6.329097e-03,3.465062e-18,535,51576
0.000000e+00,1.896972e-07,3.176806e-08,2.653366e-07,0.000000e+00,0.000000e+00,0.000000e+00,-6.225189e+07,-1.772298e+07,-6.688251e+07,5.329027e-18,536,0
8.056818e-10,2.404535e-03,6.870412e-04,2.500377e-03,2.985106e+06,8.529629e+05,3.103864e+06,-7.249072e-01,-2.161251e-01,-6.343484e-01,5.329027e-18,536,3545
8.054545e-09,2.404371e-02,6.870218e-03,2.500035e-02,2.985198e+06,8.529904e+05,3.103945e+06,-6.949726e-03,-2.052025e-03,-6.499469e-03,5.329027e-18,536,35440
0.000000e+00,1.027257e-07,1.033813e-07,2.558926e-07,0.000000e+00,0.000000e+00,0.000000e+00,-4.499171e+07,-4.578459e+07,-9.076448e+07,5.898573e-18,537,0
6.175000e-10,1.264632e-03,1.286737e-03,2.500810e-03,2.048349e+06,2.084158e+06,4.050401e+06,-5.885499e-01,-6.027847e-01,-1.030437e+00,5.898573e-18,537,2717
6.172273e-09,1.264301e-02,1.286403e-02,2.500033e-02,2.048406e+06,2.084217e+06,4.050502e+06,-5.726797e-03,-5.947709e-03,-1.042794e-02,5.898573e-18,537,27158
0.000000e+00,6.573102e-08,-1.878486e-08,4.582815e-07,0.000000e+00,0.000000e+00,0.000000e+00,-7.649423e+06,-3.364052e+06,-4.933718e+07,4.026017e-18,538,0
8.409091e-10,3.883496e-04,2.196432e-04,2.500150e-03,4.621500e+05,2.614818e+05,2.974794e+06,-3.350318e-01,-2.085012e-01,-1.766754e+00,4.026017e-18,538,3700
8.404091e-09,3.883952e-03,2.197451e-03,2.500053e-02,4.621944e+05,2.615095e+05,2.975029e+06,-2.949443e-03,-2.049493e-03,-1.839927e-02,4.026017e-18,538,36978
0.000000e+00,-8.350030e-09,3.353617e-08,2.608705e-07,0.000000e+00,0.000000e+00,0.000000e+00,3.188068e+06,-2.147176e+07,-1.348211e+08,6.600349e-18,539,0
4.309091e-10,-5.903040e-05,4.028384e-04,2.500478e-03,-1.369957e+05,9.349914e+05,5.803378e+06,3.978825e-02,-3.503179e-01,-1.972315e+00,6.600349e-18,539,1896
4.307955e-09,-5.901777e-04,4.027919e-03,2.500087e-02,-1.369984e+05,9.350153e+05,5.803513e+06,4.524317e-04,-3.491608e-03,-1.982125e-02,6.600349e-18,539,18955
0.000000e+00,2.404262e-07,-1.620354e-08,3.025381e-07,0.000000e+00,0.000000e+00,0.000000e+00,-5.411023e+07,4.553688e+06,-4.653901e+07,4.577701e-18,540,0
1.083182e-09,3.122150e-03,-2.619454e-04,2.500136e-03,2.883208e+06,-2.419022e+05,2.308502e+06,-6.307611e-01,5.259426e-02,-3.812745e-01,4.577701e-18,540,4766
1.082955e-08,3.122382e-02,-2.619685e-03,2.500016e-02,2.883316e+06,-2.419112e+05,2.308568e+06,-5.479571e-03,5.292707e-04,-4.205082e-03,4.577701e-18,540,47650
0.000000e+00,1.948337e-08,2.024388e-07,4.405872e-07,0.000000e+00,0.000000e+00,0.000000e+00,-7.800305e+06,-2.206288e+07,-4.501313e+07,3.783635e-18,541,0
9.122727e-10,3.941336e-04,1.348185e-03,2.500424e-03,4.323047e+05,1.478660e+06,2.742101e+06,-2.221781e-01,-7.533433e-01,-1.232047e+00,3.783635e-18,541,4014
9.117273e-09,3.941411e-03,1.348133e-02,2.500057e-02,4.323367e+05,1.478769e+06,2.742279e+06,-2.081993e-03,-6.968943e-03,-1.286230e-02,3.783635e-18,541,40116
0.000000e+00,-1.936830e-08,-3.521091e-08,1.575093e-07,0.000000e+00,0.000000e+00,0.000000e+00,4.731389e+07,7.938150e+07,-3.519292e+08,1.028591e-17,542,0
1.772727e-10,-3.365072e-04,-5.645275e-04,2.502365e-03,-1.898191e+06,-3.184406e+06,1.411541e+07,2.465772e-01,4.044344e-01,-1.751917e+00,1.028591e-17,542,780
1.771136e-09,-3.361975e-03,-5.640051e-03,2.500046e-02,-1.898198e+06,-3.184417e+06,1.411546e+07,2.467993e-03,4.020040e-03,-1.756102e-02,1.028591e-17,542,7793
0.000000e+00,1.678098e-08,1.867194e-07,2.401409e-07,0.000000e+00,0.000000e+00,0.000000e+00,-5.905945e+06,-7.480421e+07,-7.614965e+07,5.682588e-18,543,0
7.352273e-10,1.968681e-04,2.511470e-03,2.500373e-03,2.678017e+05,3.416459e+06,3.401175e+06,-5.460016e-02,-7.433713e-01,-6.336241e-01,5.682588e-18,543,3235
7.350455e-09,1.968472e-03,2.511260e-02,2.500032e-02,2.678080e+05,3.416546e+06,3.401249e+06,-5.455378e-04,-7.187949e-03,-6.477261e-03,5.682588e-18,543,32342
0.000000e+00,-2.539736e-07,1.684112e-08,3.500992e-07,0.000000e+00,0.000000e+00,0.000000e+00,4.246079e+07,-1.466354e+06,-3.784117e+07,4.137982e-18,544,0
1.235227e-09,-3.066724e-03,1.161674e-04,2.500333e-03,-2.483625e+06,9.407268e+04,2.024592e+06,5.865232e-01,-2.025264e-02,-3.523910e-01,4.137982e-18,544,5435
1.234818e-08,-3.066819e-02,1.161629e-03,2.500017e-02,-2.483739e+06,9.407661e+04,2.024662e+06,4.985554e-03,-1.445555e-04,-4.156972e-03,4.137982e-18,544,54332
0.000000e+00,-1.949651e-08,2.614779e-07,4.750937e-07,0.000000e+00,0.000000e+00,0.000000e+00,4.370324e+06,-3.754112e+07,-4.277801e+07,3.364954e-18,545,0
1.044091e-09,-2.655010e-04,2.294275e-03,2.500163e-03,-2.544272e+05,2.198277e+06,2.395176e+06,1.072926e-01,-7.303477e-01,-6.521568e-01,3.364954e-18,545,4594
1.043773e-08,-2.655635e-03,2.294503e-02,2.500041e-02,-2.544449e+05,2.198397e+06,2.395284e+06,9.715553e-04,-6.524759e-03,-7.155706e-03,3.364954e-18,545,45926
0.000000e+00,3.172322e-08,1.098433e-07,6.129323e-07,0.000000e+00,0.000000e+00,0.000000e+00,-8.947618e+06,-8.472741e+06,-3.597897e+07,3.026375e-18,546,0
1.010455e-09,5.703516e-04,6.401862e-04,2.500148e-03,5.648377e+05,6.340367e+05,2.475601e+06,-2.932352e-01,-4.010894e-01,-1.287351e+00,3.026375e-18,546,4446
1.009864e-08,5.704051e-03,6.402908e-03,2.500040e-02,5.648844e+05,6.341005e+05,2.475807e+06,-2.434067e-03,-3.035833e-03,-1.431623e-02,3.026375e-18,546,44434
0.000000e+00,-4.951022e-08,-1.756939e-07,5.747950e-07,0.000000e+00,0.000000e+00,0.000000e+00,5.954496e+06,1.753628e+07,-3.688253e+07,3.099362e-18,547,0
1.000455e-09,-4.678504e-04,-1.315396e-03,2.500045e-03,-4.679740e+05,-1.315714e+06,2.500095e+06,2.600030e-01,7.231218e-01,-1.148123e+00,3.099362e-18,547,4402
9.999773e-09,-4.679603e-03,-1.315678e-02,2.500055e-02,-4.680150e+05,-1.315828e+06,2.500277e+06,2.117878e-03,6.035487e-03,-1.232970e-02,3.099362e-18,547,43999
0.000000e+00,-5.530938e-08,-2.601824e-08,3.886113e-07,0.000000e+00,0.000000e+00,0.000000e+00,1.501116e+07,3.992803e+06,-6.608829e+07,4.638079e-18,548,0
6.900000e-10,-6.128054e-04,-1.794152e-04,2.500123e-03,-8.885215e+05,-2.601613e+05,3.624753e+06,4.225546e-01,1.750592e-01,-1.901044e+00,4.638079e-18,548,3036
6.897045e-09,-6.128135e-03,-1.794346e-03,2.500020e-02,-8.885674e+05,-2.601804e+05,3.624961e+06,3.746530e-03,1.661395e-03,-1.966170e-02,4.638079e-18,548,30347
0.000000e+00,1.547953e-07,-1.006452e-07,2.543731e-07,0.000000e+00,0.000000e+00,0.000000e+00,-5.646328e+07,3.405591e+07,-7.098440e+07,5.553661e-18,549,0
7.650000e-10,2.047338e-03,-1.239830e-03,2.500427e-03,2.676812e+06,-1.621023e+06,3.268990e+06,-6.645622e-01,4.043463e-01,-6.950778e-01,5.553661e-18,549,3366
7.647727e-09,2.047157e-02,-1.239717e-02,2.500048e-02,2.676893e+06,-1.621072e+06,3.269075e+06,-6.418423e-03,3.939273e-03,-7.137126e-03,5.553661e-18,549,33650
0.000000e+00,-1.870131e-07,-2.864896e-08,4.911845e-07,0.000000e+00,0.000000e+00,0.000000e+00,2.184440e+07,1.949038e+06,-3.863934e+07,3.518121e-18,550,0
1.053182e-09,-1.594149e-03,-1.174344e-04,2.500538e-03,-1.514642e+06,-1.115770e+05,2.375302e+06,7.493516e-01,6.484264e-02,-9.557806e-01,3.518121e-18,550,4634
1.052500e-08,-1.594154e-02,-1.174356e-03,2.500021e-02,-1.514767e+06,-1.115878e+05,2.375462e+06,6.259906e-03,5.651865e-04,-1.058699e-02,3.518121e-18,550,46310
0.000000e+00,1.646643e-08,1.092590e-07,6.123485e-07,0.000000e+00,0.000000e+00,0.000000e+00,4.265286e+06,-7.739736e+06,-3.639976e+07,3.033824e-18,551,0
9.834091e-10,-1.790027e-04,6.167846e-04,2.500078e-03,-1.820954e+05,6.277237e+05,2.543631e+06,5.447907e-02,-4.542203e-01,-1.371794e+00,3.033824e-18,551,4327
9.828409e-09,-1.789699e-03,6.169517e-03,2.500006e-02,-1.821039e+05,6.277941e+05,2.543845e+06,6.236782e-04,-3.798069e-03,-1.548203e-02,3.033824e-18,551,43245
0.000000e+00,-5.569925e-08,7.854176e-08,6.606632e-07,0.000000e+00,0.000000e+00,0.000000e+00,6.720483e+06,-5.840783e+06,-3.557937e+07,2.799631e-18,552,0
9.679545e-10,-5.504019e-04,4.254808e-04,2.500224e-03,-5.691641e+05,4.399374e+05,2.584389e+06,4.168620e-01,-3.267806e-01,-1.427394e+00,2.799631e-18,552,4259
9.673409e-09,-5.505693e-03,4.255695e-03,2.500008e-02,-5.692277e+05,4.399873e+05,2.584608e+06,3.540184e-03,-2.275483e-03,-1.561406e-02,2.799631e-18,552,42563
0.000000e+00,1.742325e-07,5.865204e-08,5.821119e-07,0.000000e+00,0.000000e+00,0.000000e+00,-1.906834e+07,-5.669175e+06,-3.481272e+07,3.054116e-18,553,0
1.064318e-09,1.466405e-03,4.267522e-04,2.500246e-03,1.378693e+06,4.012453e+05,2.350127e+06,-6.856296e-01,-2.128822e-01,-9.394336e-01,3.054116e-18,553,4683
1.063773e-08,1.466611e-02,4.268321e-03,2.500022e-02,1.378808e+06,4.012809e+05,2.350285e+06,-5.381187e-03,-1.514613e-03,-1.076011e-02,3.054116e-18,553,46806
0.000000e+00,-1.825131e-08,-1.516661e-07,6.481122e-07,0.000000e+00,0.000000e+00,0.000000e+00,4.129995e+06,1.406793e+07,-3.653771e+07,2.811167e-18,554,0
9.768182e-10,-1.583725e-04,-1.034917e-03,2.500423e-03,-1.621108e+05,-1.060222e+06,2.560991e+06,1.630774e-02,6.232464e-01,-1.265440e+00,2.811167e-18,554,4298
9.761818e-09,-1.582534e-03,-1.034967e-02,2.500015e-02,-1.621133e+05,-1.060318e+06,2.561186e+06,-4.698923e-04,5.053743e-03,-1.379934e-02,2.811167e-18,554,42952
0.000000e+00,-1.527428e-07,7.134916e-08,4.437860e-07,0.000000e+00,0.000000e+00,0.000000e+00,2.282529e+07,-1.010985e+07,-4.438359e+07,3.873978e-18,555,0
9.779545e-10,-1.449343e-03,7.055831e-04,2.500062e-03,-1.482860e+06,7.219884e+05,2.557412e+06,6.820523e-01,-3.919550e-01,-9.830980e-01,3.873978e-18,555,4303
9.775682e-09,-1.449590e-02,7.057881e-03,2.500058e-02,-1.482965e+06,7.220489e+05,2.557564e+06,6.262716e-03,-3.263264e-03,-1.068225e-02,3.873978e-18,555,43013
0.000000e+00,-1.507943e-07,2.154218e-07,5.156638e-07,0.000000e+00,0.000000e+00,0.000000e+00,1.714754e+07,-2.550485e+07,-3.183636e+07,3.163416e-18,556,0
1.283409e-09,-1.532839e-03,2.208619e-03,2.500440e-03,-1.194907e+06,1.721772e+06,1.948720e+06,3.381219e-01,-5.320493e-01,-4.051504e-01,3.163416e-18,556,5647
1.282886e-08,-1.532924e-02,2.208828e-02,2.500008e-02,-1.194975e+06,1.721879e+06,1.948803e+06,2.817952e-03,-4.515865e-03,-5.090632e-03,3.163416e-18,556,56447
0.000000e+00,-2.203115e-08,-1.246761e-07,4.430909e-07,0.000000e+00,0.000000e+00,0.000000e+00,3.914157e+06,2.238611e+07,-5.110352e+07,4.031704e-18,557,0
8.684091e-10,-2.056840e-04,-1.261003e-03,2.500148e-03,-2.369857e+05,-1.452918e+06,2.880201e+06,1.237380e-01,7.503089e-01,-1.322490e+00,4.031704e-18,557,3821
8.680000e-09,-2.057029e-03,-1.261127e-02,2.500027e-02,-2.370027e+05,-1.453021e+06,2.880383e+06,1.178603e-03,7.141705e-03,-1.373404e-02,4.031704e-18,557,38192
0.000000e+00,-1.607876e-07,-7.759481e-08,2.836197e-07,0.000000e+00,0.000000e+00,0.000000e+00,5.161700e+07,2.468811e+07,-6.925795e+07,5.245293e-18,558,0
7.654545e-10,-1.932000e-03,-9.280601e-04,2.500279e-03,-2.524612e+06,-1.212738e+06,3.266941e+06,7.282056e-01,3.596970e-01,-8.012893e-01,5.245293e-18,558,3368
7.652500e-09,-1.931962e-02,-9.280490e-03,2.500040e-02,-2.524700e+06,-1.212782e+06,3.267038e+06,7.000734e-03,3.450294e-03,-8.253383e-03,5.245293e-18,558,33671
0.000000e+00,1.658797e-08,7.346514e-08,4.270300e-07,0.000000e+00,0.000000e+00,0.000000e+00,-5.058622e+06,-1.308188e+07,-5.779664e+07,4.246523e-18,559,0
7.552273e-10,2.138971e-04,5.982701e-04,2.500396e-03,2.834002e+05,7.926245e+05,3.312216e+06,-1.865845e-01,-4.899682e-01,-1.766333e+00,4.246523e-18,559,3323
7.547955e-09,2.139083e-03,5.982680e-03,2.500056e-02,2.834225e+05,7.926829e+05,3.312427e+06,-1.855270e-03,-4.577129e-03,-1.837717e-02,4.246523e-18,559,33211
0.000000e+00,-7.546616e-08,-1.715806e-08,2.010887e-07,0.000000e+00,0.000000e+00,0.000000e+00,7.852373e+07,1.588765e+07,-1.881252e+08,7.900582e-18,560,0
3.247727e-10,-1.045973e-03,-2.113918e-04,2.500121e-03,-3.220700e+06,-6.508975e+05,7.698116e+06,6.900145e-01,1.340766e-01,-1.542132e+00,7.900582e-18,560,1429
3.247727e-09,-1.046002e-02,-2.113952e-03,2.500156e-02,-3.220736e+06,-6.509044e+05,7.698196e+06,6.837034e-03,1.356854e-03,-1.546399e-02,7.900582e-18,560,14290
0.000000e+00,2.116598e-08,-1.131209e-07,3.675117e-07,0.000000e+00,0.000000e+00,0.000000e+00,4.277426e+07,-6.547873e+06,-6.692368e+07,4.739401e-18,561,0
7.231818e-10,-1.566860e-03,1.812098e-04,2.500038e-03,-2.167535e+06,2.508267e+05,3.457789e+06,8.296402e-01,-1.241231e-01,-1.149080e+00,4.739401e-18,561,3182
7.230227e-09,-1.567162e-02,1.813427e-03,2.500074e-02,-2.167629e+06,2.508409e+05,3.457921e+06,7.882161e-03,-1.072844e-03,-1.193192e-02,4.739401e-18,561,31813
0.000000e+00,5.511878e-08,-1.966643e-07,5.623237e-07,0.000000e+00,0.000000e+00,0.000000e+00,-5.222262e+06,2.259791e+07,-3.449796e+07,3.111445e-18,562,0
1.113636e-09,4.418630e-04,-1.754407e-03,2.500115e-03,3.970521e+05,-1.576356e+06,2.245768e+06,-1.986827e-01,6.956269e-01,-7.385362e-01,3.111445e-18,562,4900
1.113205e-08,4.419983e-03,-1.754800e-02,2.500022e-02,3.970870e+05,-1.576478e+06,2.245899e+06,-1.581532e-03,5.827283e-03,-8.799292e-03,3.111445e-18,562,48981
0.000000e+00,-5.030778e-09,2.311058e-07,3.006636e-07,0.000000e+00,0.000000e+00,0.000000e+00,-5.563399e+05,-5.289257e+07,-5.110878e+07,4.650415e-18,563,0
9.777273e-10,3.444761e-05,2.729852e-03,2.500461e-03,3.528176e+04,2.792869e+06,2.557909e+06,-3.919093e-02,-7.216366e-01,-5.328574e-01,4.650415e-18,563,4302
9.773636e-09,3.448268e-04,2.729649e-02,2.500020e-02,3.528781e+04,2.792980e+06,2.557992e+06,-3.663188e-04,-6.549735e-03,-5.592893e-03,4.650415e-18,563,43004
0.000000e+00,-2.783232e-08,-1.499411e-07,4.737917e-07,0.000000e+00,0.000000e+00,0.000000e+00,7.257846e+06,1.859490e+07,-4.087924e+07,3.747419e-18,564,0
1.046364e-09,-4.143635e-04,-1.315053e-03,2.500132e-03,-3.962432e+05,-1.257615e+06,2.390304e+06,1.934295e-01,6.416691e-01,-9.212224e-01,3.747419e-18,564,4604
1.045886e-08,-4.144251e-03,-1.315318e-02,2.500006e-02,-3.962751e+05,-1.257720e+06,2.390457e+06,1.822224e-03,5.188604e-03,-1.127287e-02,3.747419e-18,564,46019
0.000000e+00,4.896021e-08,2.423429e-08,1.588733e-07,0.000000e+00,0.000000e+00,0.000000e+00,-1.042645e+08,-5.959585e+07,-3.183379e+08,9.956366e-18,565,0
1.956818e-10,8.194088e-04,4.684758e-04,2.500991e-03,4.187339e+06,2.394025e+06,1.278048e+07,-5.400720e-01,-3.224158e-01,-1.577560e+00,9.956366e-18,565,861
1.956136e-09,8.191053e-03,4.683063e-03,2.500052e-02,4.187356e+06,2.394035e+06,1.278053e+07,-5.394181e-03,-3.213719e-03,-1.579838e-02,9.956366e-18,565,8607
0.000000e+00,-1.287371e-07,-1.126854e-07,3.924912e-07,0.000000e+00,0.000000e+00,0.000000e+00,2.446125e+07,2.037568e+07,-4.827454e+07,4.253173e-18,566,0
9.377273e-10,-1.439607e-03,-1.204229e-03,2.500424e-03,-1.535990e+06,-1.284825e+06,2.667367e+06,6.453091e-01,5.167135e-01,-9.194755e-01,4.253173e-18,566,4126
9.372500e-09,-1.439600e-02,-1.204197e-02,2.500001e-02,-1.536085e+06,-1.284902e+06,2.667503e+06,5.778387e-03,4.735181e-03,-9.649288e-03,4.253173e-18,566,41239
0.000000e+00,1.834835e-07,-5.388848e-08,2.935446e-07,0.000000e+00,0.000000e+00,0.000000e+00,-5.193476e+07,1.484269e+07,-5.961760e+07,5.045965e-18,567,0
8.536364e-10,2.286679e-03,-6.351253e-04,2.500430e-03,2.679520e+06,-7.442029e+05,2.929699e+06,-7.609771e-01,1.860725e-01,-6.836993e-01,5.045965e-18,567,3756
8.533409e-09,2.286544e-02,-6.350594e-03,2.500044e-02,2.679623e+06,-7.442279e+05,2.929791e+06,-7.298615e-03,1.971986e-03,-7.173261e-03,5.045965e-18,567,37547
0.000000e+00,-1.422406e-07,-7.812432e-08,2.126554e-07,0.000000e+00,0.000000e+00,0.000000e+00,8.153083e+07,4.136494e+07,-1.015442e+08,6.423496e-18,568,0
5.779545e-10,-2.029517e-03,-1.027850e-03,2.500213e-03,-3.511881e+06,-1.778574e+06,4.326225e+06,6.964157e-01,3.426598e-01,-7.583049e-01,6.423496e-18,568,2543
5.778864e-09,-2.029476e-02,-1.027819e-02,2.500081e-02,-3.511944e+06,-1.778606e+06,4.326294e+06,6.894155e-03,3.392290e-03,-7.685385e-03,6.423496e-18,568,25427
0.000000e+00,1.293668e-07,1.183810e-07,3.083028e-07,0.000000e+00,0.000000e+00,0.000000e+00,-3.489406e+07,-3.272868e+07,-6.456132e+07,4.986001e-18,569,0
7.843182e-10,1.408842e-03,1.330468e-03,2.500644e-03,1.796806e+06,1.696869e+06,3.189004e+06,-5.989655e-01,-5.811676e-01,-9.302042e-01,4.986001e-18,569,3451
7.839545e-09,1.408615e-02,1.330269e-02,2.500046e-02,1.796881e+06,1.696941e+06,3.189119e+06,-5.743235e-03,-5.529187e-03,-9.613356e-03,4.986001e-18,569,34494
0.000000e+00,-2.608575e-07,-2.484733e-08,2.853686e-07,0.000000e+00,0.000000e+00,0.000000e+00,6.067985e+07,8.717889e+06,-4.092530e+07,4.532212e-18,570,0
1.265909e-09,-3.972269e-03,-5.725314e-04,2.500272e-03,-3.138583e+06,-4.523855e+05,1.975258e+06,4.645250e-01,7.019837e-02,-1.987276e-01,4.532212e-18,570,5570
1.265659e-08,-3.972375e-02,-5.725642e-03,2.500018e-02,-3.138676e+06,-4.523994e+05,1.975298e+06,3.891027e-03,5.729172e-04,-2.386846e-03,4.532212e-18,570,55689
0.000000e+00,-1.644412e-07,-7.768713e-08,3.590679e-07,0.000000e+00,0.000000e+00,0.000000e+00,3.318744e+07,1.628595e+07,-4.973103e+07,4.475951e-18,571,0
1.192955e-09,-2.083721e-03,-1.793656e-03,2.500025e-03,-1.747410e+06,-1.504252e+06,2.096100e+06,4.792543e-01,3.892940e-01,-4.390023e-01,4.475951e-18,571,5249
1.192682e-08,-2.084098e-02,-1.794074e-02,2.500001e-02,-1.747500e+06,-1.504325e+06,2.096183e+06,4.032439e-03,3.137806e-03,-5.272099e-03,4.475951e-18,571,52478
0.000000e+00,9.554439e-09,-2.388345e-07,5.446005e-07,0.000000e+00,0.000000e+00,0.000000e+00,-1.088982e+06,2.460256e+07,-3.360066e+07,3.100195e-18,572,0
1.102500e-09,2.183947e-04,-1.894868e-03,2.500000e-03,1.982589e+05,-1.719710e+06,2.268359e+06,-8.970875e-02,7.346064e-01,-7.299735e-01,3.100195e-18,572,4851
1.102114e-08,2.184980e-03,-1.895310e-02,2.500007e-02,1.982745e+05,-1.719838e+06,2.268486e+06,-8.679402e-04,6.206400e-03,-8.526038e-03,3.100195e-18,572,48493
0.000000e+00,1.380300e-07,-1.161546e-07,2.710858e-07,0.000000e+00,0.000000e+00,0.000000e+00,-4.866769e+07,3.115644e+07,-8.307764e+07,5.396849e-18,573,0
6.586364e-10,1.498942e-03,-9.671411e-04,2.500050e-03,2.276292e+06,-1.468662e+06,3.796390e+06,-7.026678e-01,4.509118e-01,-1.050706e+00,5.396849e-18,573,2898
6.585227e-09,1.498995e-02,-9.671528e-03,2.500024e-02,2.276365e+06,-1.468709e+06,3.796499e+06,-6.790790e-03,4.418213e-03,-1.066255e-02,5.396849e-18,573,28975
0.000000e+00,-7.536541e-08,-4.153416e-08,3.401638e-07,0.000000e+00,0.000000e+00,0.000000e+00,2.469864e+07,1.147225e+07,-7.417623e+07,5.116808e-18,574,0
6.611364e-10,-8.778669e-04,-4.177956e-04,2.500170e-03,-1.328356e+06,-6.321817e+05,3.782731e+06,6.571047e-01,3.020295e-01,-1.637052e+00,5.116808e-18,574,2909
6.609091e-09,-8.779205e-03,-4.178139e-03,2.500053e-02,-1.328425e+06,-6.322133e+05,3.782902e+06,6.317634e-03,2.844299e-03,-1.661855e-02,5.116808e-18,574,29080
0.000000e+00,-3.154259e-08,9.533146e-08,2.199952e-07,0.000000e+00,0.000000e+00,0.000000e+00,2.274263e+07,-7.187807e+07,-1.454281e+08,7.091860e-18,575,0
4.120455e-10,-3.929985e-04,1.242270e-03,2.500573e-03,-9.538312e+05,3.015077e+06,6.068931e+06,2.333399e-01,-7.422280e-01,-1.377111e+00,7.091860e-18,575,1813
4.119318e-09,-3.929158e-03,1.242013e-02,2.500003e-02,-9.538464e+05,3.015125e+06,6.069021e+06,2.346195e-03,-7.347052e-03,-1.384273e-02,7.091860e-18,575,18125
0.000000e+00,9.566098e-08,-1.773322e-07,4.352400e-07,0.000000e+00,0.000000e+00,0.000000e+00,-2.589230e+07,4.908799e+07,-2.331346e+07,3.842658e-18,576,0
2.216591e-09,3.292889e-03,-7.336205e-03,2.500145e-03,1.485767e+06,-3.310180e+06,1.127860e+06,-6.146115e-02,1.373680e-01,-3.132275e-02,3.842658e-18,576,9753
2.216568e-08,3.293295e-02,-7.337207e-02,2.500012e-02,1.485788e+06,-3.310227e+06,1.127872e+06,-5.510597e-04,1.228842e-03,-4.185351e-04,3.842658e-18,576,97529
0.000000e+00,-5.598575e-08,2.617862e-07,3.371132e-07,0.000000e+00,0.000000e+00,0.000000e+00,9.833833e+06,-4.783019e+07,-3.945241e+07,4.122000e-18,577,0
1.227727e-09,-6.916177e-04,3.261996e-03,2.500140e-03,-5.635184e+05,2.657764e+06,2.036707e+06,1.248455e-01,-5.502127e-01,-2.993436e-01,4.122000e-18,577,5402
1.227477e-08,-6.917052e-03,3.262341e-02,2.500027e-02,-5.635425e+05,2.657870e+06,2.036766e+06,9.977070e-04,-4.687972e-03,-3.529297e-03,4.122000e-18,577,54009
0.000000e+00,-1.030711e-07,1.011958e-07,5.280054e-07,0.000000e+00,0.000000e+00,0.000000e+00,1.159158e+07,-1.061579e+07,-3.933082e+07,3.412601e-18,578,0
1.007045e-09,-8.146762e-04,7.378887e-04,2.500468e-03,-8.095276e+05,7.332695e+05,2.484155e+06,4.435956e-01,-4.509921e-01,-1.141730e+00,3.412601e-18,578,4431
1.006386e-08,-8.146949e-03,7.379514e-03,2.500037e-02,-8.095980e+05,7.333411e+05,2.484337e+06,3.698448e-03,-3.752957e-03,-1.309299e-02,3.412601e-18,578,44281
0.000000e+00,-1.113897e-08,1.091355e-07,1.785357e-07,0.000000e+00,0.000000e+00,0.000000e+00,1.076207e+07,-1.246925e+08,-1.808410e+08,8.065522e-18,579,0
3.397727e-10,-1.488965e-04,1.727526e-03,2.500623e-03,-4.382201e+05,5.084399e+06,7.359653e+06,6.348879e-02,-7.906190e-01,-1.059885e+00,8.065522e-18,579,1495
3.397045e-09,-1.488664e-03,1.727203e-02,2.500123e-02,-4.382235e+05,5.084441e+06,7.359710e+06,6.425852e-04,-7.841851e-03,-1.064715e-02,8.065522e-18,579,14947
0.000000e+00,-1.241850e-07,6.166067e-08,2.411091e-07,0.000000e+00,0.000000e+00,0.000000e+00,6.532067e+07,-3.179239e+07,-1.036133e+08,6.224197e-18,580,0
5.575000e-10,-1.597695e-03,7.779498e-04,2.500783e-03,-2.866195e+06,1.395603e+06,4.486100e+06,7.491231e-01,-3.612246e-01,-1.036351e+00,6.224197e-18,580,2453
5.572955e-09,-1.597324e-02,7.777667e-03,2.500099e-02,-2.866261e+06,1.395635e+06,4.486191e+06,7.431686e-03,-3.637652e-03,-1.050720e-02,6.224197e-18,580,24521
0.000000e+00,-9.342435e-08,-2.292883e-08,1.359852e-07,0.000000e+00,0.000000e+00,0.000000e+00,2.060660e+08,4.844763e+07,-2.806573e+08,1.000825e-17,581,0
2.220455e-10,-1.836385e-03,-4.317019e-04,2.500341e-03,-8.270104e+06,-1.944151e+06,1.126015e+07,7.395284e-01,1.704866e-01,-9.593123e-01,1.000825e-17,581,977
2.220227e-09,-1.836160e-02,-4.316478e-03,2.500023e-02,-8.270130e+06,-1.944157e+06,1.126019e+07,7.350108e-03,1.698931e-03,-9.614959e-03,1.000825e-17,581,9769
0.000000e+00,8.235651e-08,-6.519025e-08,5.091519e-07,0.000000e+00,0.000000e+00,0.000000e+00,-1.244226e+07,6.668464e+06,-4.156926e+07,3.620521e-18,582,0
9.811364e-10,9.775726e-04,-5.023555e-04,2.500205e-03,9.970843e+05,-5.124184e+05,2.549404e+06,-5.565463e-01,3.100546e-01,-1.138877e+00,3.620521e-18,582,4317
9.806364e-09,9.777698e-03,-5.024915e-03,2.500057e-02,9.971704e+05,-5.124664e+05,2.549582e+06,-4.537127e-03,2.738180e-03,-1.330966e-02,3.620521e-18,582,43148
0.000000e+00,-2.023026e-08,-1.617003e-07,6.164252e-07,0.000000e+00,0.000000e+00,0.000000e+00,4.482651e+06,1.761752e+07,-3.412667e+07,2.940716e-18,583,0
1.008182e-09,-2.642147e-04,-1.237591e-03,2.500201e-03,-2.621249e+05,-1.228444e+06,2.481026e+06,4.488990e-02,7.185540e-01,-1.117294e+00,2.940716e-18,583,4436
1.007659e-08,-2.641324e-03,-1.237848e-02,2.500050e-02,-2.621320e+05,-1.228558e+06,2.481205e+06,7.106544e-04,5.150807e-03,-1.242677e-02,2.940716e-18,583,44337
0.000000e+00,2.792890e-07,-6.230961e-08,3.529820e-07,0.000000e+00,0.000000e+00,0.000000e+00,-4.748854e+07,9.803001e+06,-3.748964e+07,3.922691e-18,584,0
1.277273e-09,3.448404e-03,-7.154270e-04,2.500300e-03,2.700675e+06,-5.602975e+05,1.957807e+06,-5.466533e-01,1.146687e-01,-2.690397e-01,3.922691e-18,584,5620
1.276932e-08,3.448573e-02,-7.154611e-03,2.500002e-02,2.700785e+06,-5.603205e+05,1.957862e+06,-4.608589e-03,9.968308e-04,-3.225419e-03,3.922691e-18,584,56185
0.000000e+00,-1.892269e-07,2.537758e-08,1.707642e-07,0.000000e+00,0.000000e+00,0.000000e+00,1.219679e+08,-1.613827e+07,-9.114627e+07,6.624818e-18,585,0
6.572727e-10,-3.374049e-03,4.463786e-04,2.500310e-03,-5.133655e+06,6.791697e+05,3.804149e+06,5.631095e-01,-7.434924e-02,-3.573486e-01,6.624818e-18,585,2892
6.571818e-09,-3.373757e-02,4.463397e-03,2.500030e-02,-5.133714e+06,6.791775e+05,3.804186e+06,5.488841e-03,-7.311549e-04,-3.646200e-03,6.624818e-18,585,28916
0.000000e+00,-2.833744e-08,-7.258786e-08,4.641732e-07,0.000000e+00,0.000000e+00,0.000000e+00,4.810788e+06,7.254772e+06,-4.853081e+07,3.963653e-18,586,0
8.440909e-10,-2.718322e-04,-4.041675e-04,2.500480e-03,-3.223157e+05,-4.791591e+05,2.964033e+06,2.471007e-01,3.414787e-01,-1.808150e+00,3.963653e-18,586,3714
8.434545e-09,-2.718562e-03,-4.041489e-03,2.500035e-02,-3.223486e+05,-4.792046e+05,2.964274e+06,2.128059e-03,3.333721e-03,-1.873828e-02,3.963653e-18,586,37112
0.000000e+00,-2.379860e-09,-6.518772e-08,3.330483e-07,0.000000e+00,0.000000e+00,0.000000e+00,4.658313e+05,1.914224e+07,-7.883580e+07,5.286201e-18,587,0
6.204545e-10,-8.736127e-06,-6.384955e-04,2.500119e-03,-1.406209e+04,-1.029469e+06,4.030718e+06,-1.969803e-02,5.324171e-01,-1.878711e+00,5.286201e-18,587,2730
6.202500e-09,-8.722244e-05,-6.385281e-03,2.500062e-02,-1.406017e+04,-1.029522e+06,4.030903e+06,-2.402457e-04,5.164038e-03,-1.908304e-02,5.286201e-18,587,27291
0.000000e+00,2.761031e-08,-2.123336e-07,4.143203e-07,0.000000e+00,0.000000e+00,0.000000e+00,-4.503403e+06,3.305635e+07,-4.232584e+07,3.915855e-18,588,0
1.014545e-09,2.016484e-04,-1.992855e-03,2.500201e-03,1.988427e+05,-1.965244e+06,2.465204e+06,-7.985302e-02,7.762821e-01,-8.077037e-01,3.915855e-18,588,4464
1.014114e-08,2.016501e-03,-1.992977e-02,2.500008e-02,1.988555e+05,-1.965368e+06,2.465333e+06,-7.076308e-04,7.042496e-03,-8.721159e-03,3.915855e-18,588,44621
0.000000e+00,1.666742e-07,1.452833e-07,2.933751e-07,0.000000e+00,0.000000e+00,0.000000e+00,-4.330926e+07,-3.722375e+07,-5.144942e+07,4.784246e-18,589,0
9.950000e-10,2.221194e-03,1.927592e-03,2.500482e-03,2.232951e+06,1.937807e+06,2.513434e+06,-5.037302e-01,-4.461217e-01,-4.425623e-01,4.784246e-18,589,4378
9.946591e-09,2.221024e-02,1.927457e-02,2.500023e-02,2.233030e+06,1.937877e+06,2.513504e+06,-4.585772e-03,-3.921960e-03,-4.728009e-03,4.784246e-18,589,43765
0.000000e+00,8.573019e-08,3.490811e-08,1.153548e-07,0.000000e+00,0.000000e+00,0.000000e+00,-2.688015e+08,-1.109062e+08,-3.438543e+08,1.118898e-17,590,0
1.818182e-10,1.955962e-03,8.070381e-04,2.501805e-03,1.075747e+07,4.438582e+06,1.375948e+07,-6.710283e-01,-2.792387e-01,-8.262060e-01,1.118898e-17,590,800
1.817045e-09,1.954690e-02,8.065139e-03,2.500171e-02,1.075749e+07,4.438590e+06,1.375950e+07,-6.710871e-03,-2.793049e-03,-8.275765e-03,1.118898e-17,590,7995
0.000000e+00,-8.319920e-08,-2.704543e-07,3.971366e-07,0.000000e+00,0.000000e+00,0.000000e+00,1.286278e+07,3.779364e+07,-3.313084e+07,3.684358e-18,591,0
1.367273e-09,-1.082756e-03,-3.184431e-03,2.500191e-03,-7.922202e+05,-2.329921e+06,1.828927e+06,1.771199e-01,5.118553e-01,-2.844255e-01,3.684358e-18,591,6016
1.366932e-08,-1.082907e-02,-3.184835e-02,2.500037e-02,-7.922583e+05,-2.330031e+06,1.828989e+06,1.554592e-03,4.376286e-03,-3.550128e-03,3.684358e-18,591,60145
0.000000e+00,2.385957e-07,-1.573156e-07,3.580354e-07,0.000000e+00,0.000000e+00,0.000000e+00,-3.766439e+07,2.536519e+07,-3.026909e+07,3.904775e-18,592,0
1.515000e-09,3.354769e-03,-2.265187e-03,2.500340e-03,2.215052e+06,-1.495644e+06,1.650613e+06,-3.536704e-01,2.425640e-01,-1.827958e-01,3.904775e-18,592,6666
1.514591e-08,3.354889e-02,-2.265283e-02,2.500019e-02,2.215136e+06,-1.495702e+06,1.650657e+06,-3.111932e-03,2.104021e-03,-2.337632e-03,3.904775e-18,592,66642
0.000000e+00,3.541121e-08,-6.421507e-08,4.707246e-07,0.000000e+00,0.000000e+00,0.000000e+00,-2.648197e+06,8.820093e+06,-4.644592e+07,3.928087e-18,593,0
9.145455e-10,9.045661e-05,-5.686434e-04,2.500476e-03,9.885424e+04,-6.223268e+05,2.735626e+06,-3.812478e-02,4.654685e-01,-1.576402e+00,3.928087e-18,593,4024
9.138636e-09,9.034802e-04,-5.687173e-03,2.500007e-02,9.885974e+04,-6.223940e+05,2.735855e+06,-8.592435e-04,4.205320e-03,-1.704001e-02,3.928087e-18,593,40210
0.000000e+00,2.559771e-07,-7.349022e-08,4.150628e-07,0.000000e+00,0.000000e+00,0.000000e+00,-3.756535e+07,7.152843e+06,-3.711247e+07,3.671427e-18,594,0
1.244545e-09,2.823996e-03,-5.919723e-04,2.500369e-03,2.270021e+06,-4.758485e+05,2.009462e+06,-5.983913e-01,1.329331e-01,-3.752410e-01,3.671427e-18,594,5476
1.244114e-08,2.824158e-02,-5.920095e-03,2.500018e-02,2.270138e+06,-4.758745e+05,2.009536e+06,-4.945614e-03,1.064049e-03,-4.582480e-03,3.671427e-18,594,54741
0.000000e+00,-2.038159e-07,6.967759e-08,5.864423e-07,0.000000e+00,0.000000e+00,0.000000e+00,2.127877e+07,-6.814282e+06,-3.364328e+07,2.955998e-18,595,0
1.117500e-09,-1.640909e-03,5.195326e-04,2.500454e-03,-1.469212e+06,4.652236e+05,2.238382e+06,6.148963e-01,-2.351062e-01,-7.938302e-01,2.955998e-18,595,4917
1.116886e-08,-1.640940e-02,5.196009e-03,2.500041e-02,-1.469320e+06,4.652650e+05,2.238523e+06,5.160943e-03,-1.781332e-03,-9.270186e-03,2.955998e-18,595,49143
0.000000e+00,6.206759e-08,-5.080741e-08,2.168122e-07,0.000000e+00,0.000000e+00,0.000000e+00,-5.285962e+07,4.306747e+07,-1.659093e+08,7.398721e-18,596,0
3.645455e-10,7.997832e-04,-6.514335e-04,2.501235e-03,2.194016e+06,-1.787052e+06,6.861425e+06,-5.366810e-01,4.352841e-01,-1.564035e+00,7.398721e-18,596,1604
3.643636e-09,7.994246e-03,-6.511408e-03,2.500072e-02,2.194047e+06,-1.787077e+06,6.861515e+06,-5.351742e-03,4.313551e-03,-1.572781e-02,7.398721e-18,596,16032
0.000000e+00,9.638933e-08,-6.912073e-09,1.802224e-07,0.000000e+00,0.000000e+00,0.000000e+00,-1.187274e+08,5.893601e+06,-1.984274e+08,8.262213e-18,597,0
3.104545e-10,1.498938e-03,-7.412399e-05,2.501160e-03,4.828217e+06,-2.387500e+05,8.056367e+06,-7.802586e-01,3.064927e-02,-1.211314e+00,8.262213e-18,597,1366
3.103182e-09,1.498292e-02,-7.408912e-04,2.500053e-02,4.828256e+06,-2.387516e+05,8.056426e+06,-7.750815e-03,3.016551e-04,-1.215568e-02,8.262213e-18,597,13654
0.000000e+00,2.050429e-07,-1.458247e-07,2.746469e-07,0.000000e+00,0.000000e+00,0.000000e+00,-5.045628e+07,4.012390e+07,-4.609277e+07,4.713513e-18,598,0
1.147045e-09,2.913628e-03,-2.315041e-03,2.500107e-03,2.540654e+06,-2.018709e+06,2.179812e+06,-4.075501e-01,3.249510e-01,-2.477030e-01,4.713513e-18,598,5047
1.146886e-08,2.913843e-02,-2.315229e-02,2.500011e-02,2.540728e+06,-2.018767e+06,2.179857e+06,-3.427187e-03,2.805041e-03,-2.861461e-03,4.713513e-18,598,50463
0.000000e+00,1.429017e-07,2.035459e-07,4.972179e-07,0.000000e+00,0.000000e+00,0.000000e+00,-1.716647e+07,-2.179087e+07,-3.500477e+07,3.290521e-18,599,0
1.185455e-09,1.617343e-03,1.631063e-03,2.500307e-03,1.365022e+06,1.376603e+06,2.109894e+06,-4.521857e-01,-4.957915e-01,-6.407457e-01,3.290521e-18,599,5216
1.184886e-08,1.617388e-02,1.631116e-02,2.500003e-02,1.365106e+06,1.376696e+06,2.110014e+06,-3.642910e-03,-4.104225e-03,-7.302138e-03,3.290521e-18,599,52135
0.000000e+00,9.156133e-08,8.072859e-08,6.583228e-07,0.000000e+00,0.000000e+00,0.000000e+00,-1.744780e+07,-4.393289e+06,-3.991453e+07,2.819069e-18,600,0
9.372727e-10,1.011689e-03,3.639269e-04,2.500600e-03,1.080117e+06,3.885496e+05,2.669198e+06,-6.062679e-01,-2.513102e-01,-1.386534e+00,2.819069e-18,600,4124
9.366136e-09,1.011647e-02,3.639218e-03,2.500034e-02,1.080206e+06,3.885868e+05,2.669404e+06,-5.414046e-03,-2.086566e-03,-1.479518e-02,2.819069e-18,600,41211
0.000000e+00,1.773290e-07,-3.883635e-08,2.468674e-07,0.000000e+00,0.000000e+00,0.000000e+00,-6.722056e+07,1.698974e+07,-7.368214e+07,5.671741e-18,601,0
7.450000e-10,2.343739e-03,-5.870706e-04,2.500575e-03,3.146561e+06,-7.881648e+05,3.356914e+06,-7.611121e-01,1.846380e-01,-6.961670e-01,5.671741e-18,601,3278
7.447500e-09,2.343406e-02,-5.869866e-03,2.500074e-02,3.146650e+06,-7.881865e+05,3.356996e+06,-7.374098e-03,1.836428e-03,-7.074910e-03,5.671741e-18,601,32769
0.000000e+00,1.049600e-07,8.339060e-08,6.451883e-07,0.000000e+00,0.000000e+00,0.000000e+00,-1.469191e+07,-1.033513e+07,-3.005723e+07,2.854520e-18,602,0
1.137955e-09,1.110526e-03,9.603163e-04,2.500274e-03,9.765632e+05,8.445015e+05,2.198176e+06,-4.692752e-01,-4.088761e-01,-9.086151e-01,2.854520e-18,602,5007
1.137318e-08,1.110659e-02,9.604603e-03,2.500049e-02,9.766473e+05,8.445748e+05,2.198340e+06,-4.243535e-03,-3.704779e-03,-1.062515e-02,2.854520e-18,602,50042
0.000000e+00,2.569329e-07,-3.036251e-08,2.789863e-07,0.000000e+00,0.000000e+00,0.000000e+00,-6.320336e+07,1.905712e+07,-3.902664e+07,4.618173e-18,603,0
1.340227e-09,4.320315e-03,-1.242649e-03,2.500316e-03,3.224201e+06,-9.273931e+05,1.865715e+06,-3.921495e-01,1.096504e-01,-1.517399e-01,4.618173e-18,603,5897
1.339977e-08,4.320354e-02,-1.242682e-02,2.500031e-02,3.224284e+06,-9.274162e+05,1.865748e+06,-3.214641e-03,9.055079e-04,-1.842532e-03,4.618173e-18,603,58959
0.000000e+00,4.895411e-08,-1.378070e-07,2.260496e-07,0.000000e+00,0.000000e+00,0.000000e+00,-2.715472e+07,7.644683e+07,-1.049495e+08,6.405115e-18,604,0
5.547727e-10,6.541289e-04,-1.840840e-03,2.500147e-03,1.179224e+06,-3.318551e+06,4.506954e+06,-2.753868e-01,7.710002e-01,-9.438217e-01,6.405115e-18,604,2441
5.547045e-09,6.541235e-03,-1.840823e-02,2.500043e-02,1.179248e+06,-3.318619e+06,4.507037e+06,-2.707152e-03,7.642358e-03,-9.506790e-03,6.405115e-18,604,24407
0.000000e+00,1.663313e-07,9.052691e-08,5.260143e-07,0.000000e+00,0.000000e+00,0.000000e+00,-1.744348e+07,-1.108218e+07,-3.170697e+07,3.320490e-18,605,0
1.202727e-09,1.445087e-03,8.298033e-04,2.500430e-03,1.202386e+06,6.904127e+05,2.079926e+06,-5.788010e-01,-3.180183e-01,-7.661360e-01,3.320490e-18,605,5292
1.201977e-08,1.445233e-02,8.298569e-03,2.500039e-02,1.202495e+06,6.904729e+05,2.080073e+06,-5.203549e-03,-3.003016e-03,-9.266650e-03,3.320490e-18,605,52887
0.000000e+00,-1.649993e-08,-4.783332e-08,2.771195e-07,0.000000e+00,0.000000e+00,0.000000e+00,7.247336e+06,2.394514e+07,-1.143399e+08,6.219880e-18,606,0
4.897727e-10,-1.607392e-04,-5.319627e-04,2.500343e-03,-3.282494e+05,-1.086360e+06,5.105893e+06,1.300249e-01,4.493865e-01,-1.932889e+00,6.219880e-18,606,2155
4.896364e-09,-1.607237e-03,-5.319235e-03,2.500047e-02,-3.282595e+05,-1.086395e+06,5.106043e+06,1.336313e-03,4.429776e-03,-1.948663e-02,6.219880e-18,606,21544
0.000000e+00,-9.792103e-08,5.910996e-08,5.158546e-07,0.000000e+00,0.000000e+00,0.000000e+00,2.329365e+06,-1.064765e+07,-3.844921e+07,3.546079e-18,607,0
1.017045e-09,-3.322786e-04,7.235881e-04,2.500030e-03,-3.269858e+05,7.121017e+05,2.459436e+06,2.364097e-01,-4.829968e-01,-1.221604e+00,3.546079e-18,607,4475
1.016500e-08,-3.323817e-03,7.238448e-03,2.500033e-02,-3.270237e+05,7.121790e+05,2.459633e+06,1.901930e-03,-3.705859e-03,-1.422968e-02,3.546079e-18,607,44726
0.000000e+00,3.775935e-08,2.069483e-07,2.629503e-07,0.000000e+00,0.000000e+00,0.000000e+00,-1.246704e+07,-6.440993e+07,-6.213121e+07,5.178760e-18,608,0
8.643182e-10,5.210885e-04,2.686103e-03,2.500446e-03,6.030239e+05,3.108427e+06,2.893359e+06,-1.386621e-01,-6.932050e-01,-5.348785e-01,5.178760e-18,608,3803
8.640455e-09,5.210406e-03,2.685827e-02,2.500007e-02,6.030428e+05,3.108522e+06,2.893432e+06,-1.327464e-03,-6.615020e-03,-5.570041e-03,5.178760e-18,608,38018
0.000000e+00,2.145973e-07,-1.262629e-07,2.577435e-07,0.000000e+00,0.000000e+00,0.000000e+00,-5.932553e+07,3.558654e+07,-4.219255e+07,4.876818e-18,609,0
1.259318e-09,3.710199e-03,-2.226336e-03,2.500125e-03,2.946744e+06,-1.768222e+06,1.985444e+06,-3.669786e-01,2.212307e-01,-1.728335e-01,4.876818e-18,609,5541
1.259159e-08,3.710419e-02,-2.226472e-02,2.500005e-02,2.946817e+06,-1.768266e+06,1.985479e+06,-3.065996e-03,1.861794e-03,-2.026428e-03,4.876818e-18,609,55403
0.000000e+00,4.772906e-08,2.669757e-07,3.865955e-07,0.000000e+00,0.000000e+00,0.000000e+00,-7.389403e+06,-4.054207e+07,-3.638980e+07,3.795011e-18,610,0
1.262500e-09,5.475514e-04,3.050391e-03,2.500122e-03,4.338707e+05,2.417055e+06,1.980660e+06,-1.073524e-01,-5.766707e-01,-3.342849e-01,3.795011e-18,610,5555
1.262205e-08,5.476326e-03,3.050812e-02,2.500015e-02,4.338920e+05,2.417170e+06,1.980727e+06,-9.310619e-04,-4.886983e-03,-4.015126e-03,3.795011e-18,610,55537
0.000000e+00,-9.077321e-08,-1.773809e-07,2.443333e-07,0.000000e+00,0.000000e+00,0.000000e+00,3.190901e+07,6.764390e+07,-6.493150e+07,5.520411e-18,611,0
8.502273e-10,-1.269648e-03,-2.689630e-03,2.500607e-03,-1.493560e+06,-3.163990e+06,2.941397e+06,2.846742e-01,6.094204e-01,-4.532897e-01,5.520411e-18,611,3741
8.499318e-09,-1.269427e-02,-2.689180e-02,2.500001e-02,-1.493598e+06,-3.164072e+06,2.941458e+06,2.661540e-03,5.687012e-03,-4.754026e-03,5.520411e-18,611,37397
0.000000e+00,-2.359390e-07,-7.473454e-08,5.474104e-07,0.000000e+00,0.000000e+00,0.000000e+00,2.396735e+07,6.729753e+06,-3.285869e+07,3.060278e-18,612,0
1.106364e-09,-1.681762e-03,-6.189121e-04,2.500335e-03,-1.521027e+06,-5.597544e+05,2.260796e+06,7.246141e-01,2.412060e-01,-7.734180e-01,3.060278e-18,612,4868
1.105818e-08,-1.681979e-02,-6.189833e-03,2.500048e-02,-1.521153e+06,-5.597964e+05,2.260932e+06,5.868727e-03,1.693344e-03,-9.022627e-03,3.060278e-18,612,48656
0.000000e+00,1.052017e-07,-1.527756e-07,3.770455e-07,0.000000e+00,0.000000e+00,0.000000e+00,-2.078057e+07,3.009564e+07,-5.044894e+07,4.322767e-18,613,0
9.225000e-10,1.202977e-03,-1.660960e-03,2.500240e-03,1.304547e+06,-1.801280e+06,2.711052e+06,-4.231563e-01,6.682688e-01,-8.316619e-01,4.322767e-18,613,4059
9.221591e-09,1.202995e-02,-1.661061e-02,2.500034e-02,1.304608e+06,-1.801377e+06,2.711174e+06,-3.948309e-03,6.102708e-03,-8.715467e-03,4.322767e-18,613,40575
0.000000e+00,2.283033e-07,-8.360436e-08,4.022712e-07,0.000000e+00,0.000000e+00,0.000000e+00,-4.343876e+07,9.463974e+06,-4.183190e+07,3.869538e-18,614,0
1.119318e-09,2.771496e-03,-6.312289e-04,2.500098e-03,2.476954e+06,-5.641320e+05,2.234017e+06,-6.486518e-01,1.548004e-01,-4.491432e-01,3.869538e-18,614,4925
1.119068e-08,2.771876e-02,-6.313035e-03,2.500036e-02,2.477069e+06,-5.641593e+05,2.234097e+06,-5.520777e-03,1.397312e-03,-5.084745e-03,3.869538e-18,614,49239
0.000000e+00,-6.624770e-08,1.963990e-07,3.852830e-07,0.000000e+00,0.000000e+00,0.000000e+00,1.106353e+07,-3.325824e+07,-4.652438e+07,4.137741e-18,615,0
9.615909e-10,-6.635074e-04,1.961299e-03,2.500392e-03,-6.903253e+05,2.040537e+06,2.601036e+06,2.611088e-01,-7.473428e-01,-7.889659e-01,4.137741e-18,615,4231
9.611591e-09,-6.635105e-03,1.961276e-02,2.500022e-02,-6.903649e+05,2.040650e+06,2.601157e+06,2.475173e-03,-6.653980e-03,-8.370573e-03,4.137741e-18,615,42291
0.000000e+00,6.995996e-08,6.639479e-08,6.479337e-07,0.000000e+00,0.000000e+00,0.000000e+00,-6.250888e+06,7.016172e+06,-1.453947e+07,2.902486e-18,616,0
1.215000e-09,7.945733e-04,-4.786238e-04,2.500458e-03,6.547208e+05,-3.944280e+05,2.059823e+06,-4.379323e-01,2.665617e-01,-1.174150e+00,2.902486e-18,616,5346
1.213727e-08,7.946371e-03,-4.787136e-03,2.500044e-02,6.548046e+05,-3.944790e+05,2.060049e+06,-4.173856e-03,2.504022e-03,-1.320151e-02,2.902486e-18,616,53404
0.000000e+00,-2.826168e-07,1.445239e-08,3.207879e-07,0.000000e+00,0.000000e+00,0.000000e+00,5.187106e+07,-2.311730e+06,-3.534515e+07,4.135155e-18,617,0
1.393182e-09,-3.997382e-03,1.658985e-04,2.500148e-03,-2.870034e+06,1.191014e+05,1.794759e+06,4.571770e-01,-1.483136e-02,-1.891214e-01,4.135155e-18,617,6130
1.392955e-08,-3.997821e-02,1.659031e-03,2.500033e-02,-2.870134e+06,1.191047e+05,1.794801e+06,3.835384e-03,-1.059072e-04,-2.384472e-03,4.135155e-18,617,61290
0.000000e+00,1.379498e-07,-1.062614e-07,4.373583e-07,0.000000e+00,0.000000e+00,0.000000e+00,-3.241885e+07,1.517115e+07,-4.496702e+07,3.927022e-18,618,0
9.370455e-10,1.746575e-03,-8.120854e-04,2.500235e-03,1.864713e+06,-8.670240e+05,2.669033e+06,-6.770415e-01,3.521455e-01,-8.783138e-01,3.927022e-18,618,4123
9.366818e-09,1.746638e-02,-8.121264e-03,2.500049e-02,1.864813e+06,-8.670760e+05,2.669164e+06,-6.487347e-03,3.019660e-03,-9.417083e-03,3.927022e-18,618,41214
0.000000e+00,-1.081327e-07,2.499044e-07,2.824598e-07,0.000000e+00,0.000000e+00,0.000000e+00,2.321773e+07,-5.416708e+07,-4.025702e+07,4.457895e-18,619,0
1.272273e-09,-1.558463e-03,3.622888e-03,2.500262e-03,-1.225254e+06,2.848254e+06,1.965387e+06,2.028158e-01,-4.462969e-01,-2.010952e-01,4.457895e-18,619,5598
1.272023e-08,-1.558550e-02,3.623041e-02,2.500031e-02,-1.225294e+06,2.848343e+06,1.965428e+06,1.555756e-03,-3.669885e-03,-2.471995e-03,4.457895e-18,619,55969
0.000000e+00,6.672563e-08,7.587728e-08,6.526634e-07,0.000000e+00,0.000000e+00,0.000000e+00,4.040503e+06,-1.988440e+07,1.066943e+07,2.888759e-18,620,0
2.002045e-09,-2.489797e-04,4.514298e-03,2.500164e-03,-1.244463e+05,2.256087e+06,1.249236e+06,1.952430e-02,-3.490407e-01,-1.486323e-01,2.888759e-18,620,8809
2.001250e-08,-2.490405e-03,4.514910e-02,2.500018e-02,-1.244524e+05,2.256197e+06,1.249284e+06,1.806750e-04,-3.273404e-03,-1.812437e-03,2.888759e-18,620,88055
0.000000e+00,-2.592353e-07,2.739301e-08,4.271770e-07,0.000000e+00,0.000000e+00,0.000000e+00,3.555529e+07,-5.070371e+06,-4.034252e+07,3.631470e-18,621,0
1.108182e-09,-2.380486e-03,4.092588e-04,2.500014e-03,-2.149052e+06,3.694693e+05,2.256575e+06,7.157486e-01,-1.129319e-01,-5.832468e-01,3.631470e-18,621,4876
1.107886e-08,-2.380903e-02,4.093283e-03,2.500045e-02,-2.149177e+06,3.694890e+05,2.256678e+06,6.029393e-03,-8.022003e-04,-6.525296e-03,3.631470e-18,621,48747
0.000000e+00,-8.824200e-08,-5.110117e-08,6.284578e-07,0.000000e+00,0.000000e+00,0.000000e+00,9.584283e+06,6.632193e+05,-3.483173e+07,2.959060e-18,622,0
1.028636e-09,-6.172752e-04,-1.409112e-04,2.500041e-03,-6.005668e+05,-1.370956e+05,2.431750e+06,4.029052e-01,9.711409e-02,-1.270890e+00,2.959060e-18,622,4526
1.028068e-08,-6.174247e-03,-1.409446e-03,2.500029e-02,-6.006321e+05,-1.371113e+05,2.431957e+06,3.318775e-03,6.259890e-04,-1.488029e-02,2.959060e-18,622,45235
0.000000e+00,-6.677277e-08,2.089820e-07,4.320346e-07,0.000000e+00,0.000000e+00,0.000000e+00,1.162590e+07,-3.085941e+07,-3.759661e+07,3.769758e-18,623,0
1.174318e-09,-8.627797e-04,2.304999e-03,2.500144e-03,-7.350791e+05,1.963801e+06,2.129603e+06,2.440062e-01,-6.412341e-01,-5.219568e-01,3.769758e-18,623,5167
1.173932e-08,-8.629286e-03,2.305360e-02,2.500024e-02,-7.351243e+05,1.963920e+06,2.129700e+06,1.782151e-03,-5.492346e-03,-6.073432e-03,3.769758e-18,623,51653
0.000000e+00,2.703759e-07,3.960582e-08,4.445545e-07,0.000000e+00,0.000000e+00,0.000000e+00,-2.641831e+07,-4.882829e+06,-2.574018e+07,3.477139e-18,624,0
1.425682e-09,2.812195e-03,5.249695e-04,2.500012e-03,1.973591e+06,3.684425e+05,1.754092e+06,-5.660225e-01,-1.139164e-01,-3.588863e-01,3.477139e-18,624,6273
1.425250e-08,2.812844e-02,5.251186e-03,2.500029e-02,1.973718e+06,3.684680e+05,1.754174e+06,-5.133645e-03,-9.460307e-04,-4.559203e-03,3.477139e-18,624,62711
0.000000e+00,-6.129960e-10,2.210105e-07,5.242926e-07,0.000000e+00,0.000000e+00,0.000000e+00,-2.536821e+06,-2.573904e+07,-3.476654e+07,3.245630e-18,625,0
1.149091e-09,1.564235e-04,2.055421e-03,2.500373e-03,1.361867e+05,1.789777e+06,2.176707e+06,-3.360624e-02,-7.122597e-01,-6.750645e-01,3.245630e-18,625,5056
1.148523e-08,1.564120e-03,2.055591e-02,2.500017e-02,1.361928e+05,1.789906e+06,2.176830e+06,-4.108646e-04,-5.833117e-03,-7.750593e-03,3.245630e-18,625,50535
0.000000e+00,3.370812e-08,1.569951e-07,1.889000e-07,0.000000e+00,0.000000e+00,0.000000e+00,-2.616070e+07,-1.124463e+08,-1.122796e+08,6.864133e-18,626,0
5.352273e-10,5.872321e-04,2.521281e-03,2.500738e-03,1.097227e+06,4.710909e+06,4.672400e+06,-1.665770e-01,-6.961734e-01,-6.079772e-01,6.864133e-18,626,2355
5.350682e-09,5.870937e-03,2.520669e-02,2.500067e-02,1.097242e+06,4.710968e+06,4.672451e+06,-1.585944e-03,-6.850427e-03,-6.189933e-03,6.864133e-18,626,23543
0.000000e+00,-1.770672e-07,3.386268e-08,3.785654e-07,0.000000e+00,0.000000e+00,0.000000e+00,2.919765e+07,-8.496302e+06,-5.180935e+07,4.321241e-18,627,0
8.738636e-10,-1.572685e-03,4.306003e-04,2.500184e-03,-1.800559e+06,4.930015e+05,2.862077e+06,8.057225e-01,-2.215754e-01,-1.094697e+00,4.321241e-18,627,3845
8.735000e-09,-1.572785e-02,4.306352e-03,2.500035e-02,-1.800670e+06,4.930321e+05,2.862229e+06,7.602618e-03,-2.100398e-03,-1.141157e-02,4.321241e-18,627,38434
0.000000e+00,9.308451e-08,2.135844e-07,3.006783e-07,0.000000e+00,0.000000e+00,0.000000e+00,-2.681889e+07,-5.091691e+07,-5.851103e+07,4.640424e-18,628,0
8.915909e-10,1.195178e-03,2.284691e-03,2.500027e-03,1.340852e+06,2.563141e+06,2.804464e+06,-3.418768e-01,-6.730977e-01,-5.953738e-01,4.640424e-18,628,3923
8.914318e-09,1.195278e-02,2.284870e-02,2.500003e-02,1.340900e+06,2.563236e+06,2.804548e+06,-3.244112e-03,-6.345381e-03,-6.174050e-03,4.640424e-18,628,39223
0.000000e+00,2.671141e-08,-1.794158e-07,2.119783e-07,0.000000e+00,0.000000e+00,0.000000e+00,-1.605770e+07,9.323150e+07,-8.594714e+07,6.164716e-18,629,0
6.777273e-10,4.751811e-04,-2.752961e-03,2.500578e-03,7.012194e+05,-4.062460e+06,3.689861e+06,-1.217529e-01,6.858045e-01,-5.280522e-01,6.164716e-18,629,2982
6.775455e-09,4.751091e-03,-2.752511e-02,2.500063e-02,7.012324e+05,-4.062534e+06,3.689917e+06,-1.156488e-03,6.643641e-03,-5.395196e-03,6.164716e-18,629,29812
0.000000e+00,4.396053e-08,4.332952e-08,5.639041e-07,0.000000e+00,0.000000e+00,0.000000e+00,-4.001325e+06,-6.169158e+06,-3.912872e+07,3.327910e-18,630,0
9.461364e-10,3.015448e-04,4.011693e-04,2.500313e-03,3.190113e+05,4.243800e+05,2.644166e+06,-2.535478e-01,-3.149682e-01,-1.512434e+00,3.327910e-18,630,4163
9.454773e-09,3.016162e-03,4.012395e-03,2.500015e-02,3.190491e+05,4.244270e+05,2.644392e+06,-2.067679e-03,-2.310764e-03,-1.626431e-02,3.327910e-18,630,41601
0.000000e+00,-1.969066e-07,-7.275720e-08,5.634446e-07,0.000000e+00,0.000000e+00,0.000000e+00,2.039187e+07,7.919827e+06,-3.358832e+07,3.087502e-18,631,0
1.124773e-09,-1.585319e-03,-7.599158e-04,2.500079e-03,-1.410321e+06,-6.761056e+05,2.223563e+06,6.310668e-01,3.255298e-01,-7.594450e-01,3.087502e-18,631,4949
1.124318e-08,-1.585647e-02,-7.601512e-03,2.500013e-02,-1.410433e+06,-6.761632e+05,2.223699e+06,5.547557e-03,2.473621e-03,-9.095896e-03,3.087502e-18,631,49470
0.000000e+00,6.293781e-08,6.100843e-08,6.756158e-07,0.000000e+00,0.000000e+00,0.000000e+00,-2.154882e+04,-1.602693e+05,-4.726153e+07,2.767742e-18,632,0
8.375000e-10,2.624167e-05,1.042896e-04,2.500126e-03,3.117740e+04,1.246517e+05,2.986757e+06,9.157016e-02,-1.347105e-01,-1.937117e+00,2.767742e-18,632,3685
8.370227e-09,2.610171e-04,1.043368e-03,2.500015e-02,3.116529e+04,1.246695e+05,2.987013e+06,8.158246e-04,-1.417601e-03,-2.030658e-02,2.767742e-18,632,36829
0.000000e+00,-1.368809e-07,9.643261e-08,4.809041e-07,0.000000e+00,0.000000e+00,0.000000e+00,1.731201e+07,-1.110725e+07,-4.095930e+07,3.638045e-18,633,0
1.017045e-09,-1.179236e-03,7.643722e-04,2.500058e-03,-1.160225e+06,7.521112e+05,2.459209e+06,5.903657e-01,-4.405652e-01,-1.012353e+00,3.638045e-18,633,4475
1.016591e-08,-1.179470e-02,7.645871e-03,2.500026e-02,-1.160320e+06,7.521819e+05,2.459373e+06,5.326407e-03,-3.427212e-03,-1.129406e-02,3.638045e-18,633,44730
0.000000e+00,-7.655249e-08,1.855022e-07,5.471040e-07,0.000000e+00,0.000000e+00,0.000000e+00,5.614750e+06,-2.240881e+07,-3.367290e+07,3.208421e-18,634,0
1.105909e-09,-5.423951e-04,1.567657e-03,2.500451e-03,-4.908238e+05,1.418420e+06,2.261941e+06,2.679570e-01,-6.652326e-01,-8.471684e-01,3.208421e-18,634,4866
1.105250e-08,-5.424804e-03,1.567706e-02,2.500027e-02,-4.908705e+05,1.418536e+06,2.262089e+06,2.031341e-03,-5.648998e-03,-9.717873e-03,3.208421e-18,634,48631
0.000000e+00,-7.494002e-08,7.113525e-08,1.391239e-07,0.000000e+00,0.000000e+00,0.000000e+00,1.481542e+08,-1.409205e+08,-2.511485e+08,9.636051e-18,635,0
2.479545e-10,-1.476474e-03,1.404459e-03,2.501763e-03,-5.954489e+06,5.664060e+06,1.008933e+07,5.451283e-01,-5.227066e-01,-8.722380e-01,9.636051e-18,635,1091
2.477955e-09,-1.475502e-02,1.403535e-02,2.500102e-02,-5.954510e+06,5.664081e+06,1.008936e+07,5.451731e-03,-5.172646e-03,-8.770588e-03,9.636051e-18,635,10903
0.000000e+00,-2.850579e-08,2.196164e-07,4.361772e-07,0.000000e+00,0.000000e+00,0.000000e+00,7.820503e+06,-3.860085e+07,-3.370717e+07,3.746826e-18,636,0
1.305227e-09,-6.251402e-04,3.059937e-03,2.500424e-03,-4.791637e+05,2.345325e+06,1.916044e+06,1.183226e-01,-5.595305e-01,-3.183704e-01,3.746826e-18,636,5743
1.304773e-08,-6.251957e-03,3.060103e-02,2.500021e-02,-4.791880e+05,2.345440e+06,1.916110e+06,1.038795e-03,-4.801152e-03,-3.929581e-03,3.746826e-18,636,57410
0.000000e+00,-1.894883e-07,-1.027954e-07,3.769313e-07,0.000000e+00,0.000000e+00,0.000000e+00,3.525445e+07,1.569169e+07,-4.347583e+07,4.164418e-18,637,0
1.066591e-09,-2.282406e-03,-1.015325e-03,2.500453e-03,-2.140802e+06,-9.523098e+05,2.344932e+06,6.541498e-01,2.879343e-01,-5.742144e-01,4.164418e-18,637,4693
1.066136e-08,-2.282379e-02,-1.015291e-02,2.500031e-02,-2.140912e+06,-9.523582e+05,2.345029e+06,5.701906e-03,2.356612e-03,-6.227928e-03,4.164418e-18,637,46910
0.000000e+00,-7.553280e-08,1.852364e-07,5.601817e-07,0.000000e+00,0.000000e+00,0.000000e+00,8.406958e+06,-1.820697e+07,-4.964437e+07,3.137048e-18,638,0
8.527273e-10,-3.968527e-04,9.796649e-04,2.500199e-03,-4.656045e+05,1.149501e+06,2.933162e+06,2.552187e-01,-7.040655e-01,-1.439305e+00,3.137048e-18,638,3752
8.523182e-09,-3.968469e-03,9.797463e-03,2.500012e-02,-4.656389e+05,1.149596e+06,2.933356e+06,2.653768e-03,-6.708216e-03,-1.511121e-02,3.137048e-18,638,37502
0.000000e+00,1.514721e-07,1.591022e-07,5.581087e-07,0.000000e+00,0.000000e+00,0.000000e+00,-2.083288e+07,-1.312221e+07,-3.201015e+07,3.085331e-18,639,0
1.184091e-09,1.669912e-03,1.161437e-03,2.500026e-03,1.411161e+06,9.814233e+05,2.112072e+06,-5.706873e-01,-3.869208e-01,-6.464589e-01,3.085331e-18,639,5210
1.183682e-08,1.670356e-02,1.161691e-02,2.500042e-02,1.411267e+06,9.814954e+05,2.112193e+06,-4.869486e-03,-3.085140e-03,-7.700731e-03,3.085331e-18,639,52082
0.000000e+00,2.305571e-07,-1.270139e-10,3.288547e-07,0.000000e+00,0.000000e+00,0.000000e+00,-4.649061e+07,-4.306359e+06,-5.596692e+07,4.442202e-18,640,0
8.736364e-10,2.288715e-03,1.595891e-04,2.500149e-03,2.620606e+06,1.827334e+05,2.862356e+06,-8.173014e-01,-5.370898e-02,-7.054010e-01,4.442202e-18,640,3844
8.734091e-09,2.288860e-02,1.596005e-03,2.500020e-02,2.620719e+06,1.827408e+05,2.862453e+06,-7.483039e-03,-6.697323e-04,-7.420378e-03,4.442202e-18,640,38430
0.000000e+00,-2.530491e-08,-1.026465e-07,1.327369e-07,0.000000e+00,0.000000e+00,0.000000e+00,5.208423e+07,2.146447e+08,-2.571209e+08,9.826477e-18,641,0
2.422727e-10,-5.066912e-04,-2.088293e-03,2.500588e-03,-2.091358e+06,-8.619401e+06,1.032109e+07,1.725445e-01,7.198561e-01,-8.157012e-01,9.826477e-18,641,1066
2.422273e-09,-5.065864e-03,-2.087864e-02,2.500061e-02,-2.091365e+06,-8.619429e+06,1.032112e+07,1.719988e-03,7.166512e-03,-8.181875e-03,9.826477e-18,641,10658
0.000000e+00,-6.885799e-09,-1.234723e-10,4.138194e-07,0.000000e+00,0.000000e+00,0.000000e+00,-2.298808e+06,-1.391721e+06,-4.873001e+07,4.451926e-18,642,0
8.586364e-10,1.140309e-04,9.066335e-05,2.500388e-03,1.329871e+05,1.057345e+05,2.913785e+06,-1.680271e-01,-1.318768e-01,-1.788376e+00,4.451926e-18,642,3778
8.580000e-09,1.141018e-03,9.071915e-04,2.500033e-02,1.330099e+05,1.057523e+05,2.914028e+06,-7.744901e-04,-1.554945e-03,-1.953734e-02,4.451926e-18,642,37752
0.000000e+00,-3.070568e-08,-1.881448e-07,5.431311e-07,0.000000e+00,0.000000e+00,0.000000e+00,2.303600e+06,2.119033e+07,-3.711017e+07,3.243044e-18,643,0
1.060909e-09,-1.409666e-04,-1.540764e-03,2.500532e-03,-1.328802e+05,-1.453174e+06,2.357949e+06,1.310424e-02,6.685401e-01,-9.346468e-01,3.243044e-18,643,4668
1.060250e-08,-1.408872e-03,-1.540724e-02,2.500036e-02,-1.328824e+05,-1.453285e+06,2.358106e+06,4.597316e-04,5.520544e-03,-1.052668e-02,3.243044e-18,643,46651
0.000000e+00,4.108382e-08,-2.550364e-07,3.051026e-07,0.000000e+00,0.000000e+00,0.000000e+00,-6.374931e+06,5.511270e+07,-4.167132e+07,4.417533e-18,644,0
1.211364e-09,3.928292e-04,-3.555990e-03,2.500115e-03,3.243466e+05,-2.936311e+06,2.064145e+06,-5.003735e-02,5.350493e-01,-2.670238e-01,4.417533e-18,644,5330
1.211159e-08,3.928367e-03,-3.556337e-02,2.500022e-02,3.243561e+05,-2.936413e+06,2.064196e+06,-4.720099e-04,4.514390e-03,-3.089471e-03,4.417533e-18,644,53291
0.000000e+00,5.323753e-08,-9.108940e-08,5.627483e-07,0.000000e+00,0.000000e+00,0.000000e+00,-3.071236e+06,9.151509e+06,-3.786278e+07,3.308512e-18,645,0
1.013409e-09,2.843831e-04,-6.730000e-04,2.500376e-03,2.808630e+05,-6.646590e+05,2.468606e+06,-1.976514e-01,4.501142e-01,-1.270595e+00,3.308512e-18,645,4459
1.012727e-08,2.844369e-03,-6.731154e-03,2.500044e-02,2.808946e+05,-6.647309e+05,2.468810e+06,-1.473288e-03,3.502525e-03,-1.462058e-02,3.308512e-18,645,44560
0.000000e+00,-1.887326e-08,-6.308663e-08,1.859306e-07,0.000000e+00,0.000000e+00,0.000000e+00,2.585715e+07,8.728494e+07,-2.315999e+08,8.578240e-18,646,0
2.668182e-10,-2.795521e-04,-9.439192e-04,2.502009e-03,-1.047718e+06,-3.537671e+06,9.377062e+06,1.823204e-01,6.271427e-01,-1.573758e+00,8.578240e-18,646,1174
2.666136e-09,-2.793377e-03,-9.431970e-03,2.500070e-02,-1.047726e+06,-3.537697e+06,9.377128e+06,1.827355e-03,6.280524e-03,-1.581908e-02,8.578240e-18,646,11731
0.000000e+00,5.758947e-08,1.227957e-08,4.002766e-07,0.000000e+00,0.000000e+00,0.000000e+00,-1.272969e+07,-2.813098e+06,-6.081139e+07,4.525600e-18,647,0
7.272727e-10,5.477456e-04,2.016729e-04,2.500259e-03,7.535489e+05,2.774773e+05,3.439298e+06,-4.408746e-01,-1.569562e-01,-1.818426e+00,4.525600e-18,647,3200
7.269091e-09,5.477599e-03,2.016976e-03,2.500066e-02,7.535995e+05,2.774953e+05,3.439508e+06,-4.087632e-03,-1.656060e-03,-1.880172e-02,4.525600e-18,647,31984
0.000000e+00,-1.233012e-08,1.461307e-07,6.225438e-07,0.000000e+00,0.000000e+00,0.000000e+00,8.249832e+06,1.337740e+08,-3.590107e+07,2.966986e-18,648,0
1.541364e-09,-5.524292e-04,-8.782679e-03,2.500144e-03,-3.584171e+05,-5.698421e+06,1.621725e+06,8.338355e-03,1.326325e-01,-2.823552e-02,2.966986e-18,648,6782
1.541545e-08,-5.525163e-03,-8.784346e-02,2.500019e-02,-3.584191e+05,-5.698453e+06,1.621732e+06,7.264526e-05,1.147534e-03,-3.264952e-04,2.966986e-18,648,67828
0.000000e+00,-2.275089e-08,-1.117513e-07,2.959045e-07,0.000000e+00,0.000000e+00,0.000000e+00,8.291786e+06,4.109254e+07,-8.598126e+07,5.572832e-18,649,0
6.175000e-10,-2.482414e-04,-1.230293e-03,2.500747e-03,-4.021150e+05,-1.992912e+06,4.050602e+06,1.551139e-01,7.855339e-01,-1.420118e+00,5.572832e-18,649,2717
6.172045e-09,-2.481877e-03,-1.230037e-02,2.500064e-02,-4.021301e+05,-1.992989e+06,4.050740e+06,1.525971e-03,7.739080e-03,-1.439903e-02,5.572832e-18,649,27157
0.000000e+00,-2.721310e-07,-5.811869e-08,4.887074e-07,0.000000e+00,0.000000e+00,0.000000e+00,3.083473e+07,3.779627e+06,-3.279551e+07,3.238869e-18,650,0
1.289091e-09,-2.693621e-03,-4.601456e-04,2.500374e-03,-2.090559e+06,-3.571517e+05,1.940073e+06,6.164875e-01,1.165929e-01,-3.947290e-01,3.238869e-18,650,5672
1.288614e-08,-2.693913e-02,-4.602277e-03,2.500026e-02,-2.090684e+06,-3.571753e+05,1.940154e+06,5.185893e-03,8.560515e-04,-4.989109e-03,3.238869e-18,650,56699
0.000000e+00,1.192697e-07,-1.466184e-07,2.565331e-07,0.000000e+00,0.000000e+00,0.000000e+00,-4.301653e+07,5.491909e+07,-7.059229e+07,5.481567e-18,651,0
7.756818e-10,1.564021e-03,-1.994438e-03,2.500448e-03,2.016693e+06,-2.571700e+06,3.223954e+06,-4.579080e-01,5.943304e-01,-6.412125e-01,5.481567e-18,651,3413
7.754545e-09,1.563857e-02,-1.994240e-02,2.500044e-02,2.016749e+06,-2.571773e+06,3.224033e+06,-4.329457e-03,5.716830e-03,-6.648521e-03,5.481567e-18,651,34120
0.000000e+00,-6.559769e-08,-2.401192e-07,4.531057e-07,0.000000e+00,0.000000e+00,0.000000e+00,1.532424e+07,2.190658e+07,-3.082047e+07,3.553295e-18,652,0
1.289091e-09,-1.299575e-03,-2.051795e-03,2.500020e-03,-1.008722e+06,-1.592524e+06,1.939988e+06,3.311134e-01,5.307858e-01,-4.738184e-01,3.553295e-18,652,5672
1.288682e-08,-1.299911e-02,-2.052249e-02,2.500039e-02,-1.008790e+06,-1.592631e+06,1.940085e+06,3.028119e-03,4.802261e-03,-5.921215e-03,3.553295e-18,652,56702
0.000000e+00,9.546847e-08,-9.975285e-09,1.167263e-07,0.000000e+00,0.000000e+00,0.000000e+00,-2.810229e+08,2.809633e+07,-3.251196e+08,1.096254e-17,653,0
1.922727e-10,2.163260e-03,-2.162702e-04,2.502354e-03,1.125068e+07,-1.124775e+06,1.301420e+07,-7.194717e-01,7.087851e-02,-7.986084e-01,1.096254e-17,653,846
1.921136e-09,2.161418e-02,-2.160856e-03,2.500216e-02,1.125070e+07,-1.124777e+06,1.301422e+07,-7.195208e-03,6.993882e-04,-8.004958e-03,1.096254e-17,653,8453
0.000000e+00,-1.330067e-08,1.020745e-08,5.668349e-07,0.000000e+00,0.000000e+00,0.000000e+00,3.608757e+06,-3.209145e+06,-3.974207e+07,3.334361e-18,654,0
9.759091e-10,-2.517096e-04,2.252504e-04,2.500493e-03,-2.581137e+05,2.309882e+05,2.563632e+06,1.446112e-01,-1.375403e-01,-1.415524e+00,3.334361e-18,654,4294
9.751818e-09,-2.517054e-03,2.252536e-03,2.500028e-02,-2.581359e+05,2.310093e+05,2.563851e+06,1.536724e-03,-1.036484e-03,-1.616421e-02,3.334361e-18,654,42908
0.000000e+00,-1.324812e-07,6.747040e-08,1.729791e-07,0.000000e+00,0.000000e+00,0.000000e+00,1.015995e+08,-4.381211e+07,-1.124587e+08,7.441652e-18,655,0
5.327273e-10,-2.276992e-03,9.817231e-04,2.501026e-03,-4.274484e+06,1.842917e+06,4.694928e+06,6.799549e-01,-2.869671e-01,-6.540667e-01,7.441652e-18,655,2344
5.325000e-09,-2.276171e-02,9.813580e-03,2.500062e-02,-4.274542e+06,1.842941e+06,4.694983e+06,6.663996e-03,-2.851543e-03,-6.633979e-03,7.441652e-18,655,23430
0.000000e+00,-4.200216e-09,-1.651263e-07,5.123595e-07,0.000000e+00,0.000000e+00,0.000000e+00,1.332431e+06,2.579103e+07,-4.626513e+07,3.483281e-18,656,0
9.113636e-10,-1.879652e-05,-1.489771e-03,2.500303e-03,-2.060127e+04,-1.635560e+06,2.744500e+06,-5.046383e-03,7.942766e-01,-1.147601e+00,3.483281e-18,656,4010
9.109091e-09,-1.876752e-04,-1.489842e-02,2.500009e-02,-2.060056e+04,-1.635674e+06,2.744666e+06,-5.984816e-05,7.192626e-03,-1.204187e-02,3.483281e-18,656,40080
0.000000e+00,-2.173553e-07,-1.178362e-07,4.926776e-07,0.000000e+00,0.000000e+00,0.000000e+00,2.626643e+07,1.342895e+07,-3.233715e+07,3.332203e-18,657,0
1.357273e-09,-2.310198e-03,-1.342501e-03,2.500257e-03,-1.702978e+06,-9.896436e+05,1.842611e+06,5.185638e-01,2.972966e-01,-4.058441e-01,3.332203e-18,657,5972
1.356773e-08,-2.310545e-02,-1.342714e-02,2.500025e-02,-1.703088e+06,-9.897071e+05,1.842699e+06,4.629591e-03,2.770640e-03,-5.110091e-03,3.332203e-18,657,59698
0.000000e+00,2.270420e-07,6.229068e-08,2.423224e-07,0.000000e+00,0.000000e+00,0.000000e+00,-6.969928e+07,-1.926272e+07,-5.429614e+07,5.126133e-18,658,0
1.000682e-09,3.338233e-03,9.266595e-04,2.500009e-03,3.336563e+06,9.262000e+05,2.498552e+06,-5.494542e-01,-1.547537e-01,-3.189687e-01,5.126133e-18,658,4403
1.000591e-08,3.338538e-02,9.267483e-03,2.500042e-02,3.336649e+06,9.262245e+05,2.498603e+06,-4.927444e-03,-1.443806e-03,-3.384507e-03,5.126133e-18,658,44026
0.000000e+00,-2.248787e-08,-2.037619e-08,3.210006e-07,0.000000e+00,0.000000e+00,0.000000e+00,7.870121e+06,3.841493e+06,-8.932726e+07,5.531928e-18,659,0
5.709091e-10,-2.302417e-04,-1.060740e-04,2.500333e-03,-4.034248e+05,-1.858305e+05,4.380741e+06,2.016194e-01,7.909751e-02,-2.060232e+00,5.531928e-18,659,2512
5.706818e-09,-2.302272e-03,-1.060513e-03,2.500021e-02,-4.034430e+05,-1.858377e+05,4.380927e+06,2.085331e-03,9.443696e-04,-2.087134e-02,5.531928e-18,659,25110
0.000000e+00,-5.476682e-08,1.562777e-07,2.490911e-07,0.000000e+00,0.000000e+00,0.000000e+00,2.242003e+07,-6.968122e+07,-8.743830e+07,5.807669e-18,660,0
6.490909e-10,-6.524311e-04,2.031121e-03,2.500072e-03,-1.005287e+06,3.129656e+06,3.852027e+06,2.388150e-01,-7.659747e-01,-8.079335e-01,5.807669e-18,660,2856
6.490227e-09,-6.524566e-03,2.031225e-02,2.500069e-02,-1.005311e+06,3.129735e+06,3.852110e+06,2.338913e-03,-7.515976e-03,-8.310157e-03,5.807669e-18,660,28557
0.000000e+00,3.017045e-08,7.144172e-08,2.783723e-07,0.000000e+00,0.000000e+00,0.000000e+00,-1.509679e+07,-3.457322e+07,-1.073357e+08,6.050719e-18,661,0
5.200000e-10,3.565457e-04,8.195141e-04,2.500002e-03,6.858073e+05,1.576315e+06,4.808424e+06,-2.701021e-01,-6.210156e-01,-1.696403e+00,6.050719e-18,661,2288
5.199318e-09,3.565742e-03,8.195790e-03,2.500069e-02,6.858295e+05,1.576366e+06,4.808564e+06,-2.646961e-03,-6.185667e-03,-1.706518e-02,6.050719e-18,661,22877
0.000000e+00,1.774207e-07,1.004303e-07,5.906199e-07,0.000000e+00,0.000000e+00,0.000000e+00,-1.906359e+07,-1.059218e+07,-3.322491e+07,2.968821e-18,662,0
1.106136e-09,1.455284e-03,8.610827e-04,2.500226e-03,1.316481e+06,7.789890e+05,2.261217e+06,-6.147891e-01,-3.792581e-01,-8.419117e-01,2.968821e-18,662,4867
1.105591e-08,1.455486e-02,8.612391e-03,2.500003e-02,1.316588e+06,7.790551e+05,2.261365e+06,-5.384304e-03,-2.990269e-03,-9.682237e-03,2.968821e-18,662,48646
0.000000e+00,-1.827855e-07,2.226967e-07,3.309237e-07,0.000000e+00,0.000000e+00,0.000000e+00,3.018916e+07,-3.747605e+07,-3.584918e+07,4.026270e-18,663,0
1.335000e-09,-2.288773e-03,2.847532e-03,2.500343e-03,-1.714957e+06,2.133641e+06,1.873184e+06,3.181178e-01,-3.994956e-01,-2.388797e-01,4.026270e-18,663,5874
1.334636e-08,-2.288842e-02,2.847630e-02,2.500034e-02,-1.715024e+06,2.133724e+06,1.873235e+06,2.673853e-03,-3.316013e-03,-2.892054e-03,4.026270e-18,663,58724
0.000000e+00,-8.990162e-08,2.133921e-07,3.657868e-07,0.000000e+00,0.000000e+00,0.000000e+00,2.193774e+07,-3.120195e+07,-5.115559e+07,4.160504e-18,664,0
9.170455e-10,-1.111276e-03,1.709883e-03,2.500253e-03,-1.212285e+06,1.865296e+06,2.727142e+06,4.250189e-01,-6.930092e-01,-7.994856e-01,4.160504e-18,664,4035
9.167273e-09,-1.111333e-02,1.709968e-02,2.500059e-02,-1.212347e+06,1.865396e+06,2.727259e+06,4.029909e-03,-6.270471e-03,-8.628663e-03,4.160504e-18,664,40336
0.000000e+00,1.751375e-07,-1.555587e-07,2.878222e-07,0.000000e+00,0.000000e+00,0.000000e+00,-4.296745e+07,3.980187e+07,-4.978653e+07,4.750977e-18,665,0
1.035455e-09,2.286935e-03,-2.112933e-03,2.500505e-03,2.209188e+06,-2.041108e+06,2.415227e+06,-4.635335e-01,4.285189e-01,-3.862867e-01,4.750977e-18,665,4556
1.035114e-08,2.286761e-02,-2.112779e-02,2.500048e-02,2.209264e+06,-2.041178e+06,2.415291e+06,-4.041272e-03,3.795133e-03,-4.220015e-03,4.750977e-18,665,45545
0.000000e+00,-1.908354e-07,-5.652851e-08,5.249089e-07,0.000000e+00,0.000000e+00,0.000000e+00,2.110706e+07,5.303885e+06,-3.641311e+07,3.306991e-18,666,0
1.095455e-09,-1.537504e-03,-2.824121e-04,2.500295e-03,-1.404413e+06,-2.579508e+05,2.283312e+06,6.601493e-01,1.253464e-01,-8.204788e-01,3.306991e-18,666,4820
1.094909e-08,-1.537701e-02,-2.824342e-03,2.500038e-02,-1.404527e+06,-2.579724e+05,2.283454e+06,5.605063e-03,9.945262e-04,-1.000263e-02,3.306991e-18,666,48176
0.000000e+00,-8.079813e-08,6.563208e-09,5.271096e-07,0.000000e+00,0.000000e+00,0.000000e+00,1.026083e+07,-3.032148e+06,-4.500560e+07,3.525920e-18,667,0
8.659091e-10,-5.709109e-04,2.373054e-04,2.500044e-03,-6.597858e+05,2.743106e+05,2.888816e+06,4.443299e-01,-1.965341e-01,-1.741483e+00,3.525920e-18,667,3810
8.654091e-09,-5.709834e-03,2.373860e-03,2.500020e-02,-6.598465e+05,2.743375e+05,2.889055e+06,4.170751e-03,-1.976299e-03,-1.799775e-02,3.525920e-18,667,38078
0.000000e+00,-8.119867e-09,4.325916e-08,6.404147e-07,0.000000e+00,0.000000e+00,0.000000e+00,2.687724e+06,-4.086182e+06,-3.643600e+07,2.937670e-18,668,0
9.656818e-10,-2.028556e-04,3.433114e-04,2.500150e-03,-2.101806e+05,3.558677e+05,2.590490e+06,8.164115e-02,-2.805659e-01,-1.514777e+00,2.937670e-18,668,4249
9.650682e-09,-2.028364e-03,3.434329e-03,2.500022e-02,-2.101930e+05,3.559104e+05,2.590722e+06,6.224664e-04,-2.082140e-03,-1.660840e-02,2.937670e-18,668,42463
0.000000e+00,-2.276424e-07,-8.869847e-08,4.939103e-07,0.000000e+00,0.000000e+00,0.000000e+00,2.638080e+07,9.716783e+06,-3.431056e+07,3.334594e-18,669,0
1.206591e-09,-2.162896e-03,-7.600699e-04,2.500405e-03,-1.793546e+06,-6.302744e+05,2.072905e+06,6.444473e-01,2.311298e-01,-5.461849e-01,3.334594e-18,669,5309
1.206045e-08,-2.163090e-02,-7.601378e-03,2.500036e-02,-1.793668e+06,-6.303183e+05,2.073009e+06,5.417108e-03,1.898843e-03,-6.579860e-03,3.334594e-18,669,53066
0.000000e+00,-5.719329e-08,1.271930e-07,5.504041e-07,0.000000e+00,0.000000e+00,0.000000e+00,6.168806e+06,-1.198681e+07,-3.455185e+07,3.303354e-18,670,0
1.116818e-09,-5.103701e-04,1.127599e-03,2.500431e-03,-4.574293e+05,1.010409e+06,2.240029e+06,3.045791e-01,-5.381263e-01,-9.833910e-01,3.303354e-18,670,4914
1.116068e-08,-5.105173e-03,1.127680e-02,2.500042e-02,-4.574828e+05,1.010504e+06,2.240203e+06,2.381480e-03,-4.871072e-03,-1.163010e-02,3.303354e-18,670,49107
0.000000e+00,-7.066418e-08,1.408757e-07,4.453903e-07,0.000000e+00,0.000000e+00,0.000000e+00,-4.839147e+06,-2.849071e+07,-3.212000e+07,3.916859e-18,671,0
1.216591e-09,2.558827e-04,2.325723e-03,2.500085e-03,2.105208e+05,1.912807e+06,2.055636e+06,-8.775377e-02,-6.806870e-01,-5.137775e-01,3.916859e-18,671,5353
1.216182e-08,2.560233e-03,2.326301e-02,2.500038e-02,2.105376e+05,1.912937e+06,2.055735e+06,-6.911377e-04,-5.711346e-03,-6.333694e-03,3.916859e-18,671,53512
0.000000e+00,-1.740617e-08,-1.848861e-07,2.733981e-07,0.000000e+00,0.000000e+00,0.000000e+00,5.166689e+06,6.157285e+07,-6.791266e+07,5.320084e-18,672,0
7.897727e-10,-2.056708e-04,-2.356125e-03,2.500548e-03,-2.604860e+05,-2.983976e+06,3.166626e+06,7.623055e-02,7.792696e-01,-6.905517e-01,5.320084e-18,672,3475
7.895000e-09,-2.056539e-03,-2.355853e-02,2.500065e-02,-2.604955e+05,-2.984073e+06,3.166712e+06,7.925675e-04,7.541380e-03,-7.174662e-03,5.320084e-18,672,34738
0.000000e+00,-1.531832e-07,8.849788e-08,5.661880e-07,0.000000e+00,0.000000e+00,0.000000e+00,1.854681e+07,-9.702565e+06,-3.777806e+07,3.141166e-18,673,0
1.010455e-09,-1.278882e-03,6.650460e-04,2.500106e-03,-1.266511e+06,6.585603e+05,2.475258e+06,6.833942e-01,-3.230425e-01,-1.019201e+00,3.141166e-18,673,4446
1.010000e-08,-1.279171e-02,6.651447e-03,2.500030e-02,-1.266620e+06,6.586117e+05,2.475422e+06,6.085412e-03,-2.739365e-03,-1.123804e-02,3.141166e-18,673,44440
0.000000e+00,1.152966e-07,1.421735e-07,3.770679e-07,0.000000e+00,0.000000e+00,0.000000e+00,-2.345751e+07,-2.499754e+07,-4.953190e+07,4.303488e-18,674,0
9.168182e-10,1.310477e-03,1.343341e-03,2.500190e-03,1.430045e+06,1.465861e+06,2.727886e+06,-5.696590e-01,-5.758200e-01,-9.074405e-01,4.303488e-18,674,4034
9.164773e-09,1.310598e-02,1.343426e-02,2.500057e-02,1.430127e+06,1.465944e+06,2.728018e+06,-5.350995e-03,-5.412779e-03,-9.568610e-03,4.303488e-18,674,40325
0.000000e+00,1.392179e-07,-2.039725e-07,2.844510e-07,0.000000e+00,0.000000e+00,0.000000e+00,-3.273242e+07,5.002834e+07,-4.714149e+07,4.666818e-18,675,0
1.095227e-09,1.836134e-03,-2.823112e-03,2.500440e-03,1.676876e+06,-2.578288e+06,2.283319e+06,-3.076206e-01,4.929370e-01,-3.185345e-01,4.666818e-18,675,4819
1.094909e-08,1.836027e-02,-2.822991e-02,2.500040e-02,1.676929e+06,-2.578373e+06,2.283374e+06,-2.726371e-03,4.201448e-03,-3.552620e-03,4.666818e-18,675,48176
0.000000e+00,1.002319e-07,-1.170786e-07,6.140279e-07,0.000000e+00,0.000000e+00,0.000000e+00,-1.751068e+07,6.592853e+06,-3.707371e+07,2.984168e-18,676,0
1.027273e-09,1.253574e-03,-5.616603e-04,2.500520e-03,1.221125e+06,-5.471337e+05,2.435183e+06,-6.226567e-01,3.220211e-01,-1.060756e+00,2.984168e-18,676,4520
1.026614e-08,1.253616e-02,-5.616953e-03,2.500016e-02,1.221226e+06,-5.471859e+05,2.435356e+06,-4.880257e-03,2.501024e-03,-1.198526e-02,2.984168e-18,676,45171
0.000000e+00,-1.079250e-08,-2.076186e-08,3.652497e-07,0.000000e+00,0.000000e+00,0.000000e+00,1.739915e+05,-1.355187e+06,-6.963218e+07,4.968429e-18,677,0
6.593182e-10,-2.193399e-05,8.335433e-06,2.500135e-03,-3.328366e+04,1.267328e+04,3.793437e+06,2.777831e-02,-1.749067e-02,-1.996582e+00,4.968429e-18,677,2901
6.590455e-09,-2.193581e-04,8.351131e-05,2.500055e-02,-3.328654e+04,1.267509e+04,3.793645e+06,1.131335e-04,-5.198143e-05,-2.061641e-02,4.968429e-18,677,28998
0.000000e+00,-1.493764e-07,1.196988e-07,4.269790e-07,0.000000e+00,0.000000e+00,0.000000e+00,2.331762e+07,-1.793557e+07,-4.314393e+07,3.911921e-18,678,0
8.586364e-10,-1.267643e-03,1.187335e-03,2.500391e-03,-1.477016e+06,1.383570e+06,2.913171e+06,5.973291e-01,-5.488665e-01,-1.027746e+00,3.911921e-18,678,3778
8.581818e-09,-1.267543e-02,1.187337e-02,2.500023e-02,-1.477097e+06,1.383644e+06,2.913311e+06,5.573844e-03,-5.251549e-03,-1.070163e-02,3.911921e-18,678,37760
0.000000e+00,8.070360e-08,1.303392e-08,4.130594e-07,0.000000e+00,0.000000e+00,0.000000e+00,-1.648452e+07,-4.989050e+06,-5.651745e+07,4.360618e-18,679,0
7.622727e-10,7.797329e-04,2.251807e-04,2.500115e-03,1.023490e+06,2.955848e+05,3.281207e+06,-6.055838e-01,-1.733902e-01,-1.669295e+00,4.360618e-18,679,3354
7.619318e-09,7.798266e-03,2.252138e-03,2.500064e-02,1.023563e+06,2.956057e+05,3.281408e+06,-5.517750e-03,-1.798949e-03,-1.733541e-02,4.360618e-18,679,33525
0.000000e+00,-1.584248e-07,-1.795949e-07,2.549609e-07,0.000000e+00,0.000000e+00,0.000000e+00,6.349683e+07,3.628049e+06,-6.216763e+07,4.998841e-18,680,0
8.509091e-10,-2.640766e-03,-2.489498e-04,2.500114e-03,-3.104220e+06,-2.924856e+05,2.938607e+06,7.339473e-01,7.438845e-02,-5.689468e-01,4.998841e-18,680,3744
8.507500e-09,-2.640914e-02,-2.488456e-03,2.500031e-02,-3.104319e+06,-2.924956e+05,2.938683e+06,6.952241e-03,6.348613e-04,-5.919293e-03,4.998841e-18,680,37433
0.000000e+00,-1.044623e-07,1.340094e-07,5.436341e-07,0.000000e+00,0.000000e+00,0.000000e+00,1.235370e+07,-1.348198e+07,-3.781167e+07,3.274944e-18,681,0
1.053182e-09,-8.700886e-04,1.076405e-03,2.500385e-03,-8.266644e+05,1.022798e+06,2.375121e+06,4.002813e-01,-5.594548e-01,-9.604901e-01,3.274944e-18,681,4634
1.052591e-08,-8.701377e-03,1.076582e-02,2.500051e-02,-8.267309e+05,1.022891e+06,2.375281e+06,3.619400e-03,-4.427182e-03,-1.115625e-02,3.274944e-18,681,46314
0.000000e+00,2.483248e-07,5.133258e-09,2.654703e-07,0.000000e+00,0.000000e+00,0.000000e+00,-6.370022e+07,-4.648132e+06,-4.513928e+07,4.805329e-18,682,0
1.167500e-09,3.836957e-03,2.777807e-04,2.500413e-03,3.287206e+06,2.379845e+05,2.141887e+06,-5.184046e-01,-3.300456e-02,-2.328517e-01,4.805329e-18,682,5137
1.167205e-08,3.836839e-02,2.777753e-03,2.500033e-02,3.287301e+06,2.379906e+05,2.141930e+06,-4.306928e-03,-3.075897e-04,-2.663610e-03,4.805329e-18,682,51357
0.000000e+00,2.970830e-08,1.133988e-07,3.537352e-07,0.000000e+00,0.000000e+00,0.000000e+00,-7.394759e+06,-2.647246e+07,-6.558575e+07,4.826374e-18,683,0
7.184091e-10,2.884470e-04,1.071392e-03,2.500384e-03,4.016487e+05,1.491969e+06,3.481570e+06,-1.669426e-01,-7.271837e-01,-1.495989e+00,4.826374e-18,683,3161
7.180682e-09,2.884111e-03,1.071335e-02,2.500015e-02,4.016676e+05,1.492052e+06,3.481740e+06,-1.642872e-03,-6.880915e-03,-1.529092e-02,4.826374e-18,683,31595
0.000000e+00,2.039530e-07,3.018791e-08,3.369166e-07,0.000000e+00,0.000000e+00,0.000000e+00,-4.415894e+07,-9.524915e+06,-5.231215e+07,4.516805e-18,684,0
9.231818e-10,2.241007e-03,5.484852e-04,2.500032e-03,2.428318e+06,5.943861e+05,2.708657e+06,-7.550040e-01,-2.033360e-01,-6.761994e-01,4.516805e-18,684,4062
9.229773e-09,2.241281e-02,5.486011e-03,2.500041e-02,2.428428e+06,5.944157e+05,2.708756e+06,-6.988450e-03,-1.779910e-03,-7.216756e-03,4.516805e-18,684,40611
0.000000e+00,8.296075e-10,-1.776125e-07,2.350591e-07,0.000000e+00,0.000000e+00,0.000000e+00,4.958433e+05,8.166983e+07,-7.885675e+07,5.889304e-18,685,0
7.209091e-10,-1.444977e-05,-2.644289e-03,2.500695e-03,-2.004755e+04,-3.668520e+06,3.469094e+06,2.525456e-03,7.322360e-01,-5.782314e-01,5.889304e-18,685,3172
7.206591e-09,-1.444734e-04,-2.643759e-02,2.500049e-02,-2.004784e+04,-3.668604e+06,3.469160e+06,-2.515905e-05,7.096163e-03,-5.956555e-03,5.889304e-18,685,31709
0.000000e+00,7.942692e-09,-9.043076e-08,3.355799e-07,0.000000e+00,0.000000e+00,0.000000e+00,1.304168e+06,2.701439e+07,-7.050071e+07,5.168849e-18,686,0
6.818182e-10,-3.136548e-05,-1.018477e-03,2.500666e-03,-4.603890e+04,-1.494409e+06,3.668758e+06,3.025208e-02,7.543327e-01,-1.558694e+00,5.168849e-18,686,3000
6.814318e-09,-3.137155e-04,-1.018335e-02,2.500018e-02,-4.604217e+04,-1.494490e+06,3.668926e+06,2.429962e-04,7.069794e-03,-1.598881e-02,5.168849e-18,686,29983
0.000000e+00,-1.486878e-07,1.142890e-07,3.602190e-07,0.000000e+00,0.000000e+00,0.000000e+00,2.898251e+07,-2.559681e+07,-4.826200e+07,4.435578e-18,687,0
9.615909e-10,-1.667558e-03,1.418738e-03,2.500265e-03,-1.734893e+06,1.476010e+06,2.600845e+06,5.939462e-01,-4.888833e-01,-7.296300e-01,4.435578e-18,687,4231
9.612273e-09,-1.667621e-02,1.418776e-02,2.500014e-02,-1.734983e+06,1.476084e+06,2.600956e+06,5.089459e-03,-4.460431e-03,-7.777992e-03,4.435578e-18,687,42294
0.000000e+00,1.767546e-07,8.935380e-08,5.421409e-07,0.000000e+00,0.000000e+00,0.000000e+00,-2.215500e+07,-1.034800e+07,-3.625147e+07,3.216249e-18,688,0
1.090000e-09,1.659273e-03,7.631306e-04,2.500339e-03,1.523192e+06,7.005505e+05,2.294723e+06,-6.682443e-01,-3.197532e-01,-8.022971e-01,3.216249e-18,688,4796
1.089455e-08,1.659441e-02,7.632156e-03,2.500018e-02,1.523307e+06,7.006055e+05,2.294862e+06,-5.577477e-03,-2.663421e-03,-9.022298e-03,3.216249e-18,688,47936
0.000000e+00,-1.609426e-07,1.397368e-07,2.863699e-07,0.000000e+00,0.000000e+00,0.000000e+00,4.087510e+07,-3.828062e+07,-5.788557e+07,4.928839e-18,689,0
8.893182e-10,-1.843795e-03,1.731880e-03,2.500195e-03,-2.073801e+06,1.947953e+06,2.811865e+06,5.329152e-01,-5.140921e-01,-6.168387e-01,4.928839e-18,689,3913
8.890909e-09,-1.843800e-02,1.731908e-02,2.500016e-02,-2.073876e+06,1.948025e+06,2.811952e+06,5.007073e-03,-4.863473e-03,-6.408974e-03,4.928839e-18,689,39120
0.000000e+00,2.148346e-07,-8.477466e-08,3.990898e-07,0.000000e+00,0.000000e+00,0.000000e+00,-3.274906e+07,1.430294e+07,-4.195778e+07,3.952801e-18,690,0
1.102955e-09,2.231673e-03,-9.318173e-04,2.500270e-03,2.024253e+06,-8.452041e+05,2.267456e+06,-6.528361e-01,2.674740e-01,-5.536020e-01,3.952801e-18,690,4853
1.102568e-08,2.231872e-02,-9.318929e-03,2.500041e-02,2.024367e+06,-8.452506e+05,2.267553e+06,-5.469578e-03,2.408594e-03,-6.432673e-03,3.952801e-18,690,48513
0.000000e+00,-1.928608e-07,2.707599e-08,3.652576e-07,0.000000e+00,0.000000e+00,0.000000e+00,3.459099e+07,-8.388654e+06,-4.804084e+07,4.363040e-18,691,0
1.297500e-09,-2.060565e-03,1.428468e-03,2.500222e-03,-1.588909e+06,1.101644e+06,1.927482e+06,5.380979e-01,-3.493396e-01,-4.625924e-01,4.363040e-18,691,5709
1.297023e-08,-2.060853e-02,1.428835e-02,2.500011e-02,-1.589019e+06,1.101715e+06,1.927578e+06,4.645323e-03,-3.179464e-03,-5.656490e-03,4.363040e-18,691,57069
0.000000e+00,1.713450e-07,1.677824e-07,3.590701e-07,0.000000e+00,0.000000e+00,0.000000e+00,-3.059907e+07,-3.005030e+07,-4.294018e+07,4.134657e-18,692,0
1.094545e-09,1.949129e-03,1.919984e-03,2.500090e-03,1.781435e+06,1.754791e+06,2.284625e+06,-4.923179e-01,-4.810517e-01,-4.780433e-01,4.134657e-18,692,4816
1.094273e-08,1.949371e-02,1.920216e-02,2.500017e-02,1.781520e+06,1.754874e+06,2.284708e+06,-4.243639e-03,-4.222031e-03,-5.304596e-03,4.134657e-18,692,48148
0.000000e+00,-4.655326e-08,1.348655e-07,2.094824e-07,0.000000e+00,0.000000e+00,0.000000e+00,2.726185e+07,-9.071910e+07,-1.155132e+08,6.761525e-18,693,0
5.140909e-10,-5.939812e-04,1.980012e-03,2.500375e-03,-1.155473e+06,3.851785e+06,4.863905e+06,2.232646e-01,-7.763712e-01,-8.686017e-01,6.761525e-18,693,2262
5.140000e-09,-5.939165e-03,1.979826e-02,2.500063e-02,-1.155492e+06,3.851848e+06,4.863976e+06,2.206072e-03,-7.693686e-03,-8.775602e-03,6.761525e-18,693,22616
0.000000e+00,1.258050e-07,-3.969668e-08,5.800258e-07,0.000000e+00,0.000000e+00,0.000000e+00,1.078001e+06,8.727869e+06,-4.027126e+07,3.179746e-18,694,0
8.965909e-10,2.182302e-04,-5.770704e-04,2.500102e-03,2.436745e+05,-6.442272e+05,2.790043e+06,-2.229743e-01,4.938768e-01,-1.630467e+00,3.179746e-18,694,3945
8.960455e-09,2.183399e-03,-5.772497e-03,2.500017e-02,2.437060e+05,-6.442971e+05,2.790274e+06,-1.981540e-03,4.514645e-03,-1.724563e-02,3.179746e-18,694,39426
0.000000e+00,1.083518e-07,1.505621e-07,4.349669e-07,0.000000e+00,0.000000e+00,0.000000e+00,-1.776851e+07,-2.142596e+07,-4.412726e+07,3.866655e-18,695,0
9.747727e-10,1.111840e-03,1.313489e-03,2.500186e-03,1.141251e+06,1.348192e+06,2.565852e+06,-5.132457e-01,-5.945121e-01,-9.546412e-01,3.866655e-18,695,4289
9.743409e-09,1.111963e-02,1.313596e-02,2.500027e-02,1.141330e+06,1.348284e+06,2.565999e+06,-4.669651e-03,-5.445561e-03,-1.023991e-02,3.866655e-18,695,42871
0.000000e+00,-8.828836e-08,-1.730560e-07,2.925656e-07,0.000000e+00,0.000000e+00,0.000000e+00,2.825569e+07,4.935167e+07,-6.493318e+07,5.032047e-18,696,0
8.106818e-10,-1.136730e-03,-1.965482e-03,2.500635e-03,-1.402566e+06,-2.425068e+06,3.085123e+06,4.036406e-01,6.636708e-01,-7.248756e-01,5.032047e-18,696,3567
8.103409e-09,-1.136557e-02,-1.965135e-02,2.500016e-02,-1.402617e+06,-2.425153e+06,3.085216e+06,3.746280e-03,6.481956e-03,-7.597907e-03,5.032047e-18,696,35655
0.000000e+00,-8.407076e-09,2.299368e-07,2.219756e-07,0.000000e+00,0.000000e+00,0.000000e+00,5.449537e+06,-8.013306e+07,-5.831067e+07,5.389276e-18,697,0
9.545455e-10,-2.437108e-04,3.544334e-03,2.500338e-03,-2.553680e+05,3.713665e+06,2.619617e+06,4.375695e-02,-5.532092e-01,-3.099143e-01,5.389276e-18,697,4200
9.543409e-09,-2.437079e-03,3.544109e-02,2.500021e-02,-2.553746e+05,3.713748e+06,2.619664e+06,4.117992e-04,-5.126771e-03,-3.236979e-03,5.389276e-18,697,41991
0.000000e+00,-1.794841e-07,6.147589e-08,3.023604e-07,0.000000e+00,0.000000e+00,0.000000e+00,4.831829e+07,-1.742038e+07,-6.135686e+07,4.954552e-18,698,0
8.295455e-10,-2.055269e-03,7.486882e-04,2.500250e-03,-2.478299e+06,9.028029e+05,3.014604e+06,7.468131e-01,-2.783704e-01,-7.761527e-01,4.954552e-18,698,3650
8.292955e-09,-2.055243e-02,7.486901e-03,2.500010e-02,-2.478397e+06,9.028394e+05,3.014706e+06,7.153449e-03,-2.591752e-03,-8.063244e-03,4.954552e-18,698,36489
0.000000e+00,-1.862478e-07,-8.577838e-08,4.543774e-07,0.000000e+00,0.000000e+00,0.000000e+00,2.791994e+07,1.335322e+07,-3.786059e+07,3.695284e-18,699,0
1.126136e-09,-1.873190e-03,-9.100094e-04,2.500090e-03,-1.664321e+06,-8.085229e+05,2.220811e+06,6.814756e-01,3.100276e-01,-6.710578e-01,3.695284e-18,699,4955
1.125727e-08,-1.873567e-02,-9.101727e-03,2.500043e-02,-1.664442e+06,-8.085778e+05,2.220931e+06,5.416816e-03,2.480420e-03,-7.662295e-03,3.695284e-18,699,49532
0.000000e+00,-2.097290e-07,1.506043e-07,3.184359e-07,0.000000e+00,0.000000e+00,0.000000e+00,4.294545e+07,-3.128784e+07,-4.239177e+07,4.316700e-18,700,0
1.185455e-09,-2.751144e-03,1.989799e-03,2.500348e-03,-2.321410e+06,1.678987e+06,2.109466e+06,4.617186e-01,-3.325794e-01,-2.896716e-01,4.316700e-18,700,5216
1.185136e-08,-2.751186e-02,1.989827e-02,2.500020e-02,-2.321496e+06,1.679049e+06,2.109521e+06,3.925299e-03,-2.804431e-03,-3.418039e-03,4.316700e-18,700,52146
0.000000e+00,-5.555782e-09,1.537553e-07,6.217967e-07,0.000000e+00,0.000000e+00,0.000000e+00,-2.472038e+07,-3.765608e+07,-3.313702e+07,2.937475e-18,701,0
1.246136e-09,1.642077e-03,2.593778e-03,2.500341e-03,1.318313e+06,2.082245e+06,2.006705e+06,-3.130365e-01,-4.987725e-01,-3.504313e-01,2.937475e-18,701,5483
1.245818e-08,1.642363e-02,2.594092e-02,2.500025e-02,1.318374e+06,2.082343e+06,2.006775e+06,-2.765134e-03,-4.323974e-03,-4.190857e-03,2.937475e-18,701,54816
0.000000e+00,-4.567529e-08,-2.219476e-07,5.151546e-07,0.000000e+00,0.000000e+00,0.000000e+00,2.735699e+06,2.384177e+07,-3.725120e+07,3.291626e-18,702,0
1.086591e-09,-3.024909e-04,-1.779380e-03,2.500451e-03,-2.785644e+05,-1.638565e+06,2.301967e+06,1.141400e-01,7.496767e-01,-7.364203e-01,3.291626e-18,702,4781
1.086023e-08,-3.025236e-03,-1.779516e-02,2.500006e-02,-2.785840e+05,-1.638693e+06,2.302094e+06,1.080437e-03,5.884839e-03,-9.044283e-03,3.291626e-18,702,47785
0.000000e+00,-7.089958e-08,9.267383e-08,3.459046e-07,0.000000e+00,0.000000e+00,0.000000e+00,1.784815e+07,-2.690562e+07,-6.760567e+07,4.924856e-18,703,0
7.215909e-10,-6.968224e-04,1.067112e-03,2.500376e-03,-9.660449e+05,1.479457e+06,3.466067e+06,4.285998e-01,-6.993062e-01,-1.349676e+00,4.924856e-18,703,3175
7.212955e-09,-6.968033e-03,1.067123e-02,2.500070e-02,-9.660937e+05,1.479537e+06,3.466221e+06,4.292529e-03,-6.466288e-03,-1.411208e-02,4.924856e-18,703,31737
0.000000e+00,3.864469e-08,-9.506026e-08,3.933064e-07,0.000000e+00,0.000000e+00,0.000000e+00,-8.907973e+06,1.790284e+07,-6.005981e+07,4.509745e-18,704,0
7.202273e-10,2.723398e-04,-7.004218e-04,2.500745e-03,3.783004e+05,-9.729593e+05,3.473535e+06,-2.373176e-01,5.541812e-01,-1.742958e+00,4.509745e-18,704,3169
7.197273e-09,2.722754e-03,-7.002661e-03,2.500005e-02,3.783274e+05,-9.730224e+05,3.473734e+06,-1.969691e-03,5.499720e-03,-1.800232e-02,4.509745e-18,704,31668
0.000000e+00,-1.318499e-07,-1.184595e-07,5.796158e-07,0.000000e+00,0.000000e+00,0.000000e+00,1.665263e+07,1.273818e+07,-3.419584e+07,3.085904e-18,705,0
1.051136e-09,-1.197835e-03,-8.120579e-04,2.500261e-03,-1.140316e+06,-7.730283e+05,2.379636e+06,5.707203e-01,3.953708e-01,-9.717538e-01,3.085904e-18,705,4625
1.050591e-08,-1.198001e-02,-8.121378e-03,2.500044e-02,-1.140411e+06,-7.730938e+05,2.379798e+06,4.542600e-03,3.052011e-03,-1.097657e-02,3.085904e-18,705,46226
0.000000e+00,-1.717482e-07,-4.214159e-08,6.267930e-07,0.000000e+00,0.000000e+00,0.000000e+00,1.535413e+07,9.804647e+05,-3.638697e+07,2.856114e-18,706,0
9.943182e-10,-1.094489e-03,-1.372951e-04,2.500112e-03,-1.101524e+06,-1.381314e+05,2.515540e+06,6.758416e-01,2.962843e-02,-1.179309e+00,2.856114e-18,706,4375
9.938182e-09,-1.094715e-02,-1.372758e-03,2.500013e-02,-1.101630e+06,-1.381360e+05,2.515725e+06,4.994637e-03,3.402539e-04,-1.344651e-02,2.856114e-18,706,43728
0.000000e+00,6.830364e-08,1.233850e-07,2.625820e-07,0.000000e+00,0.000000e+00,0.000000e+00,-2.920480e+07,-5.346298e+07,-9.163311e+07,5.838763e-18,707,0
6.097727e-10,8.125399e-04,1.488898e-03,2.500115e-03,1.332770e+06,2.442178e+06,4.100610e+06,-3.984091e-01,-7.397750e-01,-1.093957e+00,5.838763e-18,707,2683
6.096818e-09,8.125684e-03,1.488956e-02,2.500083e-02,1.332808e+06,2.442250e+06,4.100715e+06,-3.883478e-03,-7.276640e-03,-1.105529e-02,5.838763e-18,707,26826
0.000000e+00,4.649759e-10,-2.433490e-07,4.285037e-07,0.000000e+00,0.000000e+00,0.000000e+00,4.971195e+05,3.446778e+07,-3.500568e+07,3.702074e-18,708,0
1.253636e-09,2.110209e-05,-2.748206e-03,2.500088e-03,1.685860e+04,-2.193210e+06,1.994758e+06,-1.167295e-02,6.398641e-01,-4.216454e-01,3.702074e-18,708,5516
1.253295e-08,2.112772e-04,-2.748730e-02,2.500038e-02,1.686093e+04,-2.193336e+06,1.994842e+06,-1.475489e-04,5.407623e-03,-5.063684e-03,3.702074e-18,708,55145
0.000000e+00,-3.786726e-08,-5.677573e-08,6.696168e-07,0.000000e+00,0.000000e+00,0.000000e+00,2.702360e+06,3.781280e+06,-3.768306e+07,2.790386e-18,709,0
9.204545e-10,-1.781585e-04,-2.865220e-04,2.500574e-03,-1.937454e+05,-3.115481e+05,2.718203e+06,2.028082e-01,2.345944e-01,-1.643016e+00,2.790386e-18,709,4050
9.197273e-09,-1.781956e-03,-2.865383e-03,2.500028e-02,-1.937749e+05,-3.115822e+05,2.718443e+06,1.882027e-03,1.814713e-03,-1.770140e-02,2.790386e-18,709,40468
0.000000e+00,5.721347e-08,-8.998939e-08,2.826742e-07,0.000000e+00,0.000000e+00,0.000000e+00,-2.521633e+07,3.742802e+07,-9.187056e+07,5.818800e-18,710,0
5.904545e-10,7.045524e-04,-1.042102e-03,2.500399e-03,1.193536e+06,-1.765335e+06,4.235455e+06,-4.570886e-01,6.586717e-01,-1.432000e+00,5.818800e-18,710,2598
5.902727e-09,7.045127e-03,-1.042031e-02,2.500088e-02,1.193578e+06,-1.765396e+06,4.235589e+06,-4.452061e-03,6.427830e-03,-1.445016e-02,5.818800e-18,710,25972
0.000000e+00,-1.026112e-07,2.219991e-07,5.462400e-07,0.000000e+00,0.000000e+00,0.000000e+00,1.035647e+07,-2.498608e+07,-3.453574e+07,3.077230e-18,711,0
1.132727e-09,-8.592892e-04,1.896835e-03,2.500046e-03,-7.590435e+05,1.675468e+06,2.207795e+06,3.041383e-01,-6.474610e-01,-6.655053e-01,3.077230e-18,711,4984
1.132364e-08,-8.595091e-03,1.897235e-02,2.500048e-02,-7.590977e+05,1.675584e+06,2.207914e+06,2.341835e-03,-5.525433e-03,-7.640845e-03,3.077230e-18,711,49824
0.000000e+00,-1.206323e-07,9.323132e-08,2.201967e-07,0.000000e+00,0.000000e+00,0.000000e+00,6.950986e+07,-5.360604e+07,-1.055082e+08,6.422604e-18,712,0
5.568182e-10,-1.662463e-03,1.285891e-03,2.500147e-03,-2.985925e+06,2.309581e+06,4.490326e+06,6.243598e-01,-4.961106e-01,-8.359810e-01,6.422604e-18,712,2450
5.567500e-09,-1.662421e-02,1.285865e-02,2.500005e-02,-2.985980e+06,2.309625e+06,4.490400e+06,6.258157e-03,-4.872208e-03,-8.499303e-03,6.422604e-18,712,24497
0.000000e+00,5.569021e-08,-1.282553e-07,4.589790e-07,0.000000e+00,0.000000e+00,0.000000e+00,-9.808263e+06,2.198758e+07,-4.144773e+07,3.878468e-18,713,0
1.038409e-09,6.165508e-04,-1.421748e-03,2.500105e-03,5.941419e+05,-1.370053e+06,2.408650e+06,-3.014287e-01,6.843416e-01,-9.447414e-01,3.878468e-18,713,4569
1.037932e-08,6.166758e-03,-1.422015e-02,2.500028e-02,5.941912e+05,-1.370165e+06,2.408805e+06,-2.690898e-03,5.451339e-03,-1.074921e-02,3.878468e-18,713,45669
0.000000e+00,1.198387e-07,5.086405e-08,1.506473e-07,0.000000e+00,0.000000e+00,0.000000e+00,-1.580660e+08,-6.774826e+07,-1.793341e+08,8.422956e-18,714,0
3.447727e-10,2.207158e-03,9.460626e-04,2.500900e-03,6.401739e+06,2.744003e+06,7.253650e+06,-6.602486e-01,-2.840422e-01,-6.924426e-01,8.422956e-18,714,1517
3.446591e-09,2.206428e-02,9.457502e-03,2.500050e-02,6.401775e+06,2.744019e+06,7.253687e+06,-6.556825e-03,-2.814521e-03,-6.952836e-03,8.422956e-18,714,15165
0.000000e+00,-3.715642e-08,-4.504042e-08,3.522052e-07,0.000000e+00,0.000000e+00,0.000000e+00,1.047760e+07,8.946709e+06,-7.441788e+07,5.064432e-18,715,0
6.386364e-10,-3.846615e-04,-3.174890e-04,2.500144e-03,-6.025821e+05,-4.973440e+05,3.916108e+06,3.276252e-01,2.905455e-01,-1.916071e+00,5.064432e-18,715,2810
6.384091e-09,-3.846927e-03,-3.175096e-03,2.500089e-02,-6.026152e+05,-4.973733e+05,3.916302e+06,2.904845e-03,2.906202e-03,-1.951315e-02,5.064432e-18,715,28090
0.000000e+00,-1.322405e-07,-1.489228e-07,3.577651e-07,0.000000e+00,0.000000e+00,0.000000e+00,2.672773e+07,3.045756e+07,-4.813504e+07,4.389824e-18,716,0
9.609091e-10,-1.490151e-03,-1.703867e-03,2.500128e-03,-1.551418e+06,-1.773925e+06,2.602531e+06,5.193764e-01,6.123111e-01,-7.256615e-01,4.389824e-18,716,4228
9.606136e-09,-1.490308e-02,-1.704051e-02,2.500039e-02,-1.551497e+06,-1.774017e+06,2.602641e+06,4.725110e-03,5.546290e-03,-7.637211e-03,4.389824e-18,716,42267
0.000000e+00,-2.011739e-07,-1.255957e-07,3.905417e-07,0.000000e+00,0.000000e+00,0.000000e+00,3.453352e+07,2.221046e+07,-4.230523e+07,3.957400e-18,717,0
1.073182e-09,-2.208106e-03,-1.397369e-03,2.500185e-03,-2.058342e+06,-1.302575e+06,2.330231e+06,6.034571e-01,3.704785e-01,-5.361374e-01,3.957400e-18,717,4722
1.072864e-08,-2.208315e-02,-1.397483e-02,2.500035e-02,-2.058444e+06,-1.302638e+06,2.330322e+06,5.358140e-03,3.197711e-03,-5.801013e-03,3.957400e-18,717,47206
0.000000e+00,2.128860e-07,1.383666e-08,4.176495e-07,0.000000e+00,0.000000e+00,0.000000e+00,-4.039360e+07,-1.425402e+06,-3.781980e+07,3.885588e-18,718,0
1.177273e-09,2.788219e-03,1.261422e-04,2.500170e-03,2.369357e+06,1.071869e+05,2.124172e+06,-6.566370e-01,-2.702592e-02,-4.484902e-01,3.885588e-18,718,5180
1.176932e-08,2.788563e-02,1.261514e-03,2.500023e-02,2.369479e+06,1.071918e+05,2.124256e+06,-5.657622e-03,-2.653928e-04,-5.074233e-03,3.885588e-18,718,51785
0.000000e+00,-7.766966e-08,-7.050336e-08,6.464976e-07,0.000000e+00,0.000000e+00,0.000000e+00,3.963419e+06,2.343160e+06,-3.544354e+07,2.877551e-18,719,0
9.863636e-10,-3.699232e-04,-3.041099e-04,2.500066e-03,-3.753515e+05,-3.085863e+05,2.535987e+06,2.744776e-01,2.261076e-01,-1.388119e+00,2.877551e-18,719,4340
9.858182e-09,-3.700287e-03,-3.042090e-03,2.500047e-02,-3.753942e+05,-3.086214e+05,2.536204e+06,2.041608e-03,1.545430e-03,-1.583372e-02,2.877551e-18,719,43376
0.000000e+00,2.384490e-07,1.252094e-07,4.277240e-07,0.000000e+00,0.000000e+00,0.000000e+00,-3.052854e+07,-1.663882e+07,-3.447837e+07,3.565794e-18,720,0
1.284545e-09,2.571522e-03,1.366314e-03,2.500074e-03,2.002784e+06,1.064112e+06,1.946696e+06,-5.483122e-01,-2.816415e-01,-3.721028e-01,3.565794e-18,720,5652
1.284227e-08,2.572021e-02,1.366558e-02,2.500018e-02,2.002894e+06,1.064169e+06,1.946772e+06,-4.685387e-03,-2.397262e-03,-4.499920e-03,3.565794e-18,720,56506
0.000000e+00,-6.205511e-08,-9.282349e-08,5.697385e-07,0.000000e+00,0.000000e+00,0.000000e+00,7.476602e+06,9.672550e+06,-3.489518e+07,3.257111e-18,721,0
1.064091e-09,-5.310809e-04,-6.229761e-04,2.500368e-03,-4.995425e+05,-5.859348e+05,2.351131e+06,3.372692e-01,3.849179e-01,-1.228570e+00,3.257111e-18,721,4682
1.063318e-08,-5.311697e-03,-6.230351e-03,2.500019e-02,-4.995990e+05,-5.859993e+05,2.351338e+06,3.008176e-03,3.385143e-03,-1.406221e-02,3.257111e-18,721,46786
0.000000e+00,-7.478374e-08,-8.417859e-08,1.647221e-07,0.000000e+00,0.000000e+00,0.000000e+00,1.039746e+08,1.038661e+08,-1.909272e+08,8.453257e-18,722,0
3.234091e-10,-1.364596e-03,-1.362490e-03,2.501710e-03,-4.219424e+06,-4.212876e+06,7.735332e+06,5.614885e-01,5.422496e-01,-9.375660e-01,8.453257e-18,722,1423
3.232045e-09,-1.363743e-02,-1.361628e-02,2.500109e-02,-4.219452e+06,-4.212904e+06,7.735380e+06,5.580295e-03,5.420891e-03,-9.436593e-03,8.453257e-18,722,14221
0.000000e+00,1.545994e-07,-1.991815e-07,2.414376e-07,0.000000e+00,0.000000e+00,0.000000e+00,-4.475017e+07,5.694133e+07,-4.858165e+07,4.973096e-18,723,0
1.117727e-09,2.418846e-03,-3.074072e-03,2.500233e-03,2.164456e+06,-2.750767e+06,2.237070e+06,-3.043190e-01,3.839258e-01,-2.270275e-01,4.973096e-18,723,4918
1.117545e-08,2.418880e-02,-3.074110e-02,2.500041e-02,2.164510e+06,-2.750834e+06,2.237110e+06,-2.607192e-03,3.330362e-03,-2.558568e-03,4.973096e-18,723,49172
0.000000e+00,1.015894e-07,1.774855e-07,3.627644e-07,0.000000e+00,0.000000e+00,0.000000e+00,-2.348175e+07,-3.125834e+07,-4.673159e+07,4.316678e-18,724,0
1.002955e-09,1.421434e-03,1.839558e-03,2.500159e-03,1.417877e+06,1.834859e+06,2.493427e+06,-4.754190e-01,-5.856140e-01,-6.447784e-01,4.316678e-18,724,4413
1.002636e-08,1.421608e-02,1.839693e-02,2.500014e-02,1.417953e+06,1.834951e+06,2.493530e+06,-4.179057e-03,-5.308350e-03,-7.004631e-03,4.316678e-18,724,44116
0.000000e+00,-4.474931e-08,2.340631e-07,5.468834e-07,0.000000e+00,0.000000e+00,0.000000e+00,2.991766e+06,-3.265009e+07,-3.486968e+07,3.095546e-18,725,0
1.166818e-09,-2.561436e-04,2.373184e-03,2.500322e-03,-2.196486e+05,2.034860e+06,2.143379e+06,9.218526e-02,-6.715140e-01,-5.350761e-01,3.095546e-18,725,5134
1.166386e-08,-2.561952e-03,2.373428e-02,2.500032e-02,-2.196655e+05,2.034984e+06,2.143478e+06,8.433367e-04,-5.755191e-03,-6.323359e-03,3.095546e-18,725,51321
0.000000e+00,-2.150165e-07,-3.370904e-08,3.105148e-07,0.000000e+00,0.000000e+00,0.000000e+00,5.015962e+07,1.054996e+07,-5.399204e+07,4.677661e-18,726,0
9.315909e-10,-2.466095e-03,-5.270002e-04,2.500187e-03,-2.647986e+06,-5.659032e+05,2.684305e+06,7.317634e-01,1.730280e-01,-6.024952e-01,4.677661e-18,726,4099
9.313409e-09,-2.466178e-02,-5.270475e-03,2.500016e-02,-2.648094e+06,-5.659286e+05,2.684394e+06,6.705746e-03,1.542232e-03,-6.401297e-03,4.677661e-18,726,40979
0.000000e+00,-1.340150e-07,5.253717e-08,4.184863e-07,0.000000e+00,0.000000e+00,0.000000e+00,2.124038e+07,-9.901395e+06,-4.912690e+07,4.139013e-18,727,0
8.486364e-10,-8.048246e-04,9.358211e-04,2.500338e-03,-9.488258e+05,1.103503e+06,2.947549e+06,5.235620e-01,-6.021003e-01,-1.333250e+00,4.139013e-18,727,3734
8.481818e-09,-8.047827e-03,9.359571e-03,2.500065e-02,-9.488959e+05,1.103584e+06,2.947728e+06,4.783892e-03,-5.775499e-03,-1.393096e-02,4.139013e-18,727,37320
0.000000e+00,-7.815981e-08,-8.932895e-08,3.163194e-07,0.000000e+00,0.000000e+00,0.000000e+00,2.682293e+07,2.733164e+07,-7.714399e+07,5.266973e-18,728,0
6.634091e-10,-9.093067e-04,-9.200133e-04,2.500006e-03,-1.371120e+06,-1.387229e+06,3.769305e+06,5.908390e-01,5.741531e-01,-1.379723e+00,5.266973e-18,728,2919
6.632500e-09,-9.093953e-03,-9.200809e-03,2.500005e-02,-1.371182e+06,-1.387290e+06,3.769450e+06,5.658830e-03,5.539860e-03,-1.399931e-02,5.266973e-18,728,29183
0.000000e+00,9.641329e-08,-1.200867e-07,3.516613e-07,0.000000e+00,0.000000e+00,0.000000e+00,-2.178368e+07,2.486073e+07,-5.638884e+07,4.695914e-18,729,0
8.152273e-10,1.056263e-03,-1.195018e-03,2.500603e-03,1.296239e+06,-1.466498e+06,3.068377e+06,-5.553227e-01,6.131228e-01,-1.153740e+00,4.695914e-18,729,3587
8.147727e-09,1.056137e-02,-1.194860e-02,2.500038e-02,1.296311e+06,-1.466577e+06,3.068525e+06,-5.159622e-03,5.937513e-03,-1.188060e-02,4.695914e-18,729,35850
0.000000e+00,2.233125e-08,1.636717e-07,3.380685e-07,0.000000e+00,0.000000e+00,0.000000e+00,-3.489218e+06,-4.177746e+07,-5.786363e+07,4.751236e-18,730,0
8.297727e-10,1.618259e-04,1.894495e-03,2.500300e-03,1.950865e+05,2.283989e+06,3.014008e+06,-7.020745e-02,-8.263895e-01,-9.323147e-01,4.751236e-18,730,3651
8.294773e-09,1.618204e-03,1.894514e-02,2.500062e-02,1.950957e+05,2.284098e+06,3.014130e+06,-7.171537e-04,-7.771000e-03,-9.643478e-03,4.751236e-18,730,36497
0.000000e+00,-1.124656e-07,-1.091575e-07,5.892227e-07,0.000000e+00,0.000000e+00,0.000000e+00,1.266421e+07,1.247321e+07,-3.916159e+07,3.082197e-18,731,0
9.602273e-10,-8.580907e-04,-7.942934e-04,2.500519e-03,-8.942360e+05,-8.277326e+05,2.605267e+06,5.080486e-01,4.727977e-01,-1.232064e+00,3.082197e-18,731,4225
9.595909e-09,-8.580978e-03,-7.942841e-03,2.500011e-02,-8.943129e+05,-8.278042e+05,2.605454e+06,4.434138e-03,4.047776e-03,-1.343332e-02,3.082197e-18,731,42222
0.000000e+00,-1.113488e-07,-1.824433e-07,2.356255e-07,0.000000e+00,0.000000e+00,0.000000e+00,4.295817e+07,6.752662e+07,-6.056556e+07,5.452457e-18,732,0
9.202273e-10,-1.836550e-03,-2.875654e-03,2.500162e-03,-1.996079e+06,-3.125418e+06,2.717106e+06,3.209441e-01,4.899730e-01,-3.330454e-01,5.452457e-18,732,4049
9.201136e-09,-1.836622e-02,-2.875744e-02,2.500060e-02,-1.996126e+06,-3.125489e+06,2.717154e+06,2.931838e-03,4.551108e-03,-3.531016e-03,5.452457e-18,732,40485
0.000000e+00,-1.175702e-07,-5.945318e-08,4.697236e-07,0.000000e+00,0.000000e+00,0.000000e+00,1.776352e+07,4.912122e+06,-4.572679e+07,3.809553e-18,733,0
9.045455e-10,-9.793514e-04,-3.260462e-04,2.500589e-03,-1.083339e+06,-3.607326e+05,2.765902e+06,5.897052e-01,2.388399e-01,-1.482771e+00,3.809553e-18,733,3980
9.038636e-09,-9.791893e-03,-3.260508e-03,2.500012e-02,-1.083423e+06,-3.607667e+05,2.766115e+06,5.664144e-03,2.294651e-03,-1.542166e-02,3.809553e-18,733,39770
0.000000e+00,-9.397320e-08,1.274657e-07,2.636796e-07,0.000000e+00,0.000000e+00,0.000000e+00,3.763796e+07,-5.099958e+07,-8.355262e+07,5.675913e-18,734,0
6.625000e-10,-1.153044e-03,1.563795e-03,2.500530e-03,-1.740781e+06,2.360906e+06,3.774886e+06,4.954841e-01,-6.771182e-01,-9.308617e-01,5.675913e-18,734,2915
6.622727e-09,-1.152875e-02,1.563568e-02,2.500019e-02,-1.740833e+06,2.360977e+06,3.774983e+06,4.755110e-03,-6.552010e-03,-9.481250e-03,5.675913e-18,734,29140
0.000000e+00,-1.198064e-07,1.122635e-07,4.389291e-07,0.000000e+00,0.000000e+00,0.000000e+00,1.680326e+07,-1.528013e+07,-4.408895e+07,3.924454e-18,735,0
9.468182e-10,-9.355598e-04,8.828581e-04,2.500534e-03,-9.887253e+05,9.330454e+05,2.642261e+06,5.589285e-01,-5.294413e-01,-1.230966e+00,3.924454e-18,735,4166
9.461591e-09,-9.354920e-03,8.828085e-03,2.500008e-02,-9.888088e+05,9.331245e+05,2.642445e+06,4.878684e-03,-4.745050e-03,-1.315441e-02,3.924454e-18,735,41631
0.000000e+00,2.907869e-09,-1.190294e-07,4.343704e-07,0.000000e+00,0.000000e+00,0.000000e+00,-4.087761e+06,2.149193e+07,-4.714488e+07,4.113763e-18,736,0
9.054545e-10,1.978170e-04,-1.274734e-03,2.500173e-03,2.186217e+05,-1.408721e+06,2.762460e+06,-1.236654e-01,7.503404e-01,-1.254374e+00,4.113763e-18,736,3984
9.050000e-09,1.978511e-03,-1.274885e-02,2.500036e-02,2.186394e+05,-1.408828e+06,2.762640e+06,-1.190222e-03,6.819263e-03,-1.311975e-02,4.113763e-18,736,39820
0.000000e+00,-2.139481e-07,3.276938e-08,2.400633e-07,0.000000e+00,0.000000e+00,0.000000e+00,7.364274e+07,-1.251060e+07,-6.081439e+07,5.363944e-18,737,0
9.034091e-10,-3.138557e-03,5.320343e-04,2.500601e-03,-3.474746e+06,5.890221e+05,2.768237e+06,6.245481e-01,-1.092588e-01,-3.965593e-01,5.363944e-18,737,3975
9.031136e-09,-3.138094e-02,5.319550e-03,2.500046e-02,-3.474835e+06,5.890377e+05,2.768294e+06,5.849235e-03,-9.824341e-04,-4.127214e-03,5.363944e-18,737,39737
0.000000e+00,-1.152940e-07,4.156188e-08,5.017340e-07,0.000000e+00,0.000000e+00,0.000000e+00,1.597604e+07,-4.616054e+06,-3.919680e+07,3.615491e-18,738,0
1.019091e-09,-1.033557e-03,3.617805e-04,2.500346e-03,-1.014883e+06,3.552690e+05,2.454724e+06,5.581273e-01,-2.085083e-01,-1.149694e+00,3.615491e-18,738,4484
1.018455e-08,-1.033610e-02,3.618237e-03,2.500041e-02,-1.014973e+06,3.553025e+05,2.454910e+06,4.547654e-03,-1.723372e-03,-1.310400e-02,3.615491e-18,738,44812
0.000000e+00,2.011543e-07,-3.657923e-08,4.273996e-07,0.000000e+00,0.000000e+00,0.000000e+00,-3.073929e+07,3.415992e+06,-4.358281e+07,3.860264e-18,739,0
9.540909e-10,1.924385e-03,-1.330424e-04,2.500530e-03,2.017943e+06,-1.394407e+05,2.621696e+06,-7.901298e-01,2.329378e-02,-8.606527e-01,3.860264e-18,739,4198
9.535909e-09,1.924285e-02,-1.329722e-03,2.500037e-02,2.018062e+06,-1.394442e+05,2.621826e+06,-7.229603e-03,3.486223e-04,-9.194034e-03,3.860264e-18,739,41958
0.000000e+00,-7.872703e-08,1.667523e-07,4.665041e-07,0.000000e+00,0.000000e+00,0.000000e+00,2.805457e+06,-1.594660e+07,-3.285035e+07,3.695059e-18,740,0
1.120909e-09,-3.661849e-04,1.397900e-03,2.500050e-03,-3.269249e+05,1.248068e+06,2.231465e+06,1.761749e-01,-6.588108e-01,-8.725265e-01,3.695059e-18,740,4932
1.120341e-08,-3.662665e-03,1.398251e-02,2.500008e-02,-3.269560e+05,1.248184e+06,2.231620e+06,1.495804e-03,-5.503927e-03,-1.054652e-02,3.695059e-18,740,49295
0.000000e+00,1.398622e-07,3.517249e-08,6.361016e-07,0.000000e+00,0.000000e+00,0.000000e+00,-1.681652e+07,-6.069850e+06,-3.714845e+07,2.876773e-18,741,0
9.888636e-10,1.155993e-03,3.376670e-04,2.500194e-03,1.169816e+06,3.417036e+05,2.529464e+06,-6.623441e-01,-1.914421e-01,-1.172277e+00,2.876773e-18,741,4351
9.883636e-09,1.156200e-02,3.377262e-03,2.500055e-02,1.169919e+06,3.417334e+05,2.529648e+06,-5.679246e-03,-1.331434e-03,-1.317039e-02,2.876773e-18,741,43488
0.000000e+00,8.618752e-08,-1.421406e-07,2.050367e-07,0.000000e+00,0.000000e+00,0.000000e+00,-5.154172e+07,8.381525e+07,-9.930129e+07,6.492299e-18,742,0
5.936364e-10,1.312004e-03,-2.132433e-03,2.500752e-03,2.210304e+06,-3.592453e+06,4.212807e+06,-3.925320e-01,6.319153e-01,-6.512631e-01,6.492299e-18,742,2612
5.934318e-09,1.311670e-02,-2.131884e-02,2.500028e-02,2.210341e+06,-3.592512e+06,4.212868e+06,-3.840687e-03,6.240155e-03,-6.588470e-03,6.492299e-18,742,26111
0.000000e+00,2.288942e-07,-1.457073e-07,4.659816e-07,0.000000e+00,0.000000e+00,0.000000e+00,-2.300900e+07,1.513788e+07,-3.662435e+07,3.375412e-18,743,0
1.203409e-09,1.891979e-03,-1.322114e-03,2.500193e-03,1.573030e+06,-1.099266e+06,2.078157e+06,-5.743543e-01,4.134954e-01,-5.122991e-01,3.375412e-18,743,5295
1.203000e-08,1.892351e-02,-1.322412e-02,2.500042e-02,1.573139e+06,-1.099345e+06,2.078255e+06,-4.731847e-03,3.324160e-03,-6.451552e-03,3.375412e-18,743,52932
0.000000e+00,-4.933413e-08,1.424478e-07,2.295705e-07,0.000000e+00,0.000000e+00,0.000000e+00,2.422354e+07,-7.818669e+07,-1.033101e+08,6.285301e-18,744,0
5.643182e-10,-5.925592e-04,1.914827e-03,2.500735e-03,-1.050146e+06,3.393542e+06,4.431739e+06,2.331239e-01,-7.754828e-01,-8.926983e-01,6.285301e-18,744,2483
5.641136e-09,-5.924045e-03,1.914351e-02,2.500020e-02,-1.050166e+06,3.393611e+06,4.431818e+06,2.364546e-03,-7.738150e-03,-9.120193e-03,6.285301e-18,744,24821
0.000000e+00,-1.986594e-07,1.830308e-07,3.550521e-07,0.000000e+00,0.000000e+00,0.000000e+00,3.413810e+07,-3.024098e+07,-3.728910e+07,3.993958e-18,745,0
1.273182e-09,-2.505688e-03,2.228832e-03,2.500014e-03,-1.968716e+06,1.751185e+06,1.963908e+06,4.185596e-01,-3.715003e-01,-2.896682e-01,3.993958e-18,745,5602
1.272977e-08,-2.506125e-02,2.229215e-02,2.500025e-02,-1.968800e+06,1.751260e+06,1.963967e+06,3.593264e-03,-3.121025e-03,-3.465624e-03,3.993958e-18,745,56011
0.000000e+00,1.495780e-07,-7.875083e-10,3.395821e-07,0.000000e+00,0.000000e+00,0.000000e+00,-3.555171e+07,-2.088299e+06,-6.300284e+07,4.818267e-18,746,0
7.577273e-10,1.484140e-03,9.655539e-05,2.500098e-03,1.959415e+06,1.275053e+05,3.300429e+06,-8.169040e-01,-6.820597e-02,-1.229190e+00,4.818267e-18,746,3334
7.574773e-09,1.484211e-02,9.658107e-04,2.500011e-02,1.959513e+06,1.275134e+05,3.300577e+06,-7.819922e-03,-7.106855e-04,-1.253194e-02,4.818267e-18,746,33329
0.000000e+00,3.295606e-08,1.424313e-07,5.656591e-07,0.000000e+00,0.000000e+00,0.000000e+00,-1.945096e+06,-1.539097e+07,-3.511706e+07,3.216961e-18,747,0
1.045227e-09,1.586138e-04,1.118980e-03,2.500104e-03,1.518340e+05,1.071324e+06,2.393090e+06,-7.064014e-02,-5.996067e-01,-1.088762e+00,3.216961e-18,747,4599
1.044682e-08,1.586186e-03,1.119190e-02,2.500036e-02,1.518456e+05,1.071422e+06,2.393271e+06,-5.675478e-04,-5.256842e-03,-1.249698e-02,3.216961e-18,747,45966
0.000000e+00,1.680118e-07,1.230227e-07,2.403634e-07,0.000000e+00,0.000000e+00,0.000000e+00,-6.014087e+07,-4.451394e+07,-6.646844e+07,5.438318e-18,748,0
8.334091e-10,2.327852e-03,1.724527e-03,2.500592e-03,2.793639e+06,2.069598e+06,3.000748e+06,-5.436134e-01,-4.050240e-01,-4.812631e-01,5.438318e-18,748,3667
8.331364e-09,2.327488e-02,1.724261e-02,2.500045e-02,2.793711e+06,2.069652e+06,3.000811e+06,-5.161661e-03,-3.870978e-03,-4.964124e-03,5.438318e-18,748,36658
0.000000e+00,1.700916e-07,1.304766e-07,4.073408e-07,0.000000e+00,0.000000e+00,0.000000e+00,-2.623210e+07,-1.999036e+07,-4.251634e+07,3.931328e-18,749,0
1.029545e-09,1.683297e-03,1.281392e-03,2.500207e-03,1.635794e+06,1.245252e+06,2.429230e+06,-6.276595e-01,-4.941528e-01,-7.382956e-01,3.931328e-18,749,4530
1.029136e-08,1.683450e-02,1.281531e-02,2.500022e-02,1.635896e+06,1.245332e+06,2.429351e+06,-5.523168e-03,-4.481014e-03,-7.983607e-03,3.931328e-18,749,45282
0.000000e+00,1.735127e-08,-4.879039e-09,5.270711e-07,0.000000e+00,0.000000e+00,0.000000e+00,1.484447e+06,2.428913e+06,-3.990863e+07,3.585572e-18,750,0
9.929545e-10,-9.526708e-05,-1.343012e-04,2.500323e-03,-9.599911e+04,-1.353387e+05,2.519487e+06,2.662345e-02,6.745408e-02,-1.371417e+00,3.585572e-18,750,4369
9.922727e-09,-9.525482e-04,-1.342923e-03,2.500036e-02,-9.600328e+04,-1.353492e+05,2.519703e+06,5.282176e-04,7.006829e-04,-1.628663e-02,3.585572e-18,750,43660
0.000000e+00,7.527291e-08,-7.550392e-08,5.349284e-07,0.000000e+00,0.000000e+00,0.000000e+00,-8.645699e+06,8.088348e+06,-4.025484e+07,3.463611e-18,751,0
9.881818e-10,5.200234e-04,-6.439783e-04,2.500149e-03,5.266260e+05,-6.522317e+05,2.531301e+06,-3.336356e-01,4.353208e-01,-1.244450e+00,3.463611e-18,751,4348
9.876364e-09,5.201154e-03,-6.441632e-03,2.500024e-02,5.266780e+05,-6.522996e+05,2.531496e+06,-3.025856e-03,3.317794e-03,-1.441285e-02,3.463611e-18,751,43456
0.000000e+00,-1.641256e-07,1.160168e-07,6.077858e-07,0.000000e+00,0.000000e+00,0.000000e+00,1.391102e+07,-9.936013e+06,-3.440526e+07,2.886727e-18,752,0
1.063864e-09,-1.009465e-03,7.784073e-04,2.500353e-03,-9.495219e+05,7.321962e+05,2.351248e+06,5.342781e-01,-4.102546e-01,-9.704792e-01,2.886727e-18,752,4681
1.063273e-08,-1.009602e-02,7.785238e-03,2.500042e-02,-9.496115e+05,7.322650e+05,2.351412e+06,4.437141e-03,-3.378075e-03,-1.157518e-02,2.886727e-18,752,46784
0.000000e+00,1.106253e-07,-1.775536e-07,4.698792e-07,0.000000e+00,0.000000e+00,0.000000e+00,-1.641280e+07,2.500226e+07,-3.999858e+07,3.585782e-18,753,0
1.056818e-09,9.876771e-04,-1.686487e-03,2.500326e-03,9.350749e+05,-1.596678e+06,2.366709e+06,-3.923002e-01,6.516753e-01,-7.794135e-01,3.585782e-18,753,4650
1.056318e-08,9.877354e-03,-1.686594e-02,2.500015e-02,9.351403e+05,-1.596786e+06,2.366840e+06,-3.570698e-03,5.517927e-03,-8.675384e-03,3.585782e-18,753,46478
0.000000e+00,1.070531e-07,1.660049e-07,4.020920e-07,0.000000e+00,0.000000e+00,0.000000e+00,-1.965342e+07,-2.663356e+07,-4.588481e+07,4.050730e-18,754,0
9.534091e-10,9.113253e-04,1.634179e-03,2.500030e-03,9.562914e+05,1.714793e+06,2.623004e+06,-4.042706e-01,-6.379772e-01,-8.310350e-01,4.050730e-18,754,4195
9.531136e-09,9.114564e-03,1.634389e-02,2.500033e-02,9.563522e+05,1.714889e+06,2.623129e+06,-3.592570e-03,-6.302107e-03,-9.535249e-03,4.050730e-18,754,41937
0.000000e+00,-1.340767e-08,1.255553e-07,2.648318e-07,0.000000e+00,0.000000e+00,0.000000e+00,2.984539e+06,-5.784311e+07,-9.841738e+07,5.942359e-18,755,0
5.722727e-10,-7.561310e-05,1.496114e-03,2.500296e-03,-1.321285e+05,2.614801e+06,4.369609e+06,2.733350e-02,-8.283411e-01,-1.226298e+00,5.942359e-18,755,2518
5.721364e-09,-7.559654e-04,1.496028e-02,2.500028e-02,-1.321310e+05,2.614876e+06,4.369720e+06,3.283232e-04,-8.235627e-03,-1.241528e-02,5.942359e-18,755,25174
0.000000e+00,-9.924195e-08,-7.819530e-08,6.620826e-07,0.000000e+00,0.000000e+00,0.000000e+00,1.987802e+07,3.869415e+06,-4.269418e+07,2.781537e-18,756,0
9.202273e-10,-1.113421e-03,-2.532875e-04,2.500404e-03,-1.210841e+06,-2.753714e+05,2.718299e+06,7.598345e-01,1.441979e-01,-1.349182e+00,2.781537e-18,756,4049
9.197045e-09,-1.113609e-02,-2.532630e-03,2.500062e-02,-1.210951e+06,-2.753923e+05,2.718496e+06,6.687248e-03,1.478408e-03,-1.436051e-02,2.781537e-18,756,40467
0.000000e+00,-1.287778e-07,1.636451e-07,4.611428e-07,0.000000e+00,0.000000e+00,0.000000e+00,1.601655e+07,-2.332229e+07,-3.635947e+07,3.638577e-18,757,0
1.174545e-09,-1.215258e-03,1.787531e-03,2.500404e-03,-1.035246e+06,1.522755e+06,2.129519e+06,3.956625e-01,-5.760803e-01,-6.071470e-01,3.638577e-18,757,5168
1.173977e-08,-1.215351e-02,1.787671e-02,2.500024e-02,-1.035320e+06,1.522861e+06,2.129633e+06,3.134024e-03,-4.685190e-03,-7.198080e-03,3.638577e-18,757,51655
0.000000e+00,1.336679e-07,-3.704259e-08,5.775787e-07,0.000000e+00,0.000000e+00,0.000000e+00,-3.404694e+07,-3.698704e+06,-2.999812e+07,3.178656e-18,758,0
1.212500e-09,2.453326e-03,3.394227e-04,2.500218e-03,2.024301e+06,2.801388e+05,2.062520e+06,-5.932377e-01,-8.728199e-02,-4.587927e-01,3.178656e-18,758,5335
1.212114e-08,2.453672e-02,3.395506e-03,2.500029e-02,2.024414e+06,2.801555e+05,2.062608e+06,-5.613962e-03,-9.085907e-04,-5.943525e-03,3.178656e-18,758,53333
0.000000e+00,1.974537e-07,-1.184368e-07,3.431070e-07,0.000000e+00,0.000000e+00,0.000000e+00,-3.777430e+07,2.296672e+07,-4.589073e+07,4.339578e-18,759,0
1.016591e-09,2.259686e-03,-1.359200e-03,2.500157e-03,2.223567e+06,-1.337496e+06,2.459869e+06,-6.001491e-01,3.777090e-01,-5.313863e-01,4.339578e-18,759,4473
1.016318e-08,2.259847e-02,-1.359318e-02,2.500022e-02,2.223663e+06,-1.337556e+06,2.459955e+06,-5.291563e-03,3.304866e-03,-5.752649e-03,4.339578e-18,759,44718
0.000000e+00,-1.377273e-07,-2.225924e-07,3.157811e-07,0.000000e+00,0.000000e+00,0.000000e+00,2.693928e+07,4.534227e+07,-4.396506e+07,4.313134e-18,760,0
1.143636e-09,-1.662265e-03,-2.777323e-03,2.500096e-03,-1.453901e+06,-2.429194e+06,2.186420e+06,3.036327e-01,5.083497e-01,-3.397035e-01,4.313134e-18,760,5032
1.143432e-08,-1.662436e-02,-2.777617e-02,2.500037e-02,-1.453956e+06,-2.429286e+06,2.186481e+06,2.573327e-03,4.397507e-03,-3.840488e-03,4.313134e-18,760,50311
0.000000e+00,-6.582141e-08,9.391258e-08,3.628996e-07,0.000000e+00,0.000000e+00,0.000000e+00,1.408006e+07,-2.309645e+07,-6.885360e+07,4.746968e-18,761,0
6.972727e-10,-5.221694e-04,8.744183e-04,2.500645e-03,-7.491290e+05,1.254557e+06,3.587438e+06,3.324432e-01,-6.161860e-01,-1.573868e+00,4.746968e-18,761,3068
6.968864e-09,-5.220590e-03,8.742842e-03,2.500049e-02,-7.491656e+05,1.254625e+06,3.587611e+06,3.524440e-03,-5.850029e-03,-1.618427e-02,4.746968e-18,761,30663
0.000000e+00,-1.637939e-07,-8.852667e-08,1.999332e-07,0.000000e+00,0.000000e+00,0.000000e+00,9.156548e+07,4.769413e+07,-8.592332e+07,6.268523e-18,762,0
6.847727e-10,-2.700562e-03,-1.406185e-03,2.500323e-03,-3.944065e+06,-2.053671e+06,3.651467e+06,5.729281e-01,2.955710e-01,-4.428977e-01,6.268523e-18,762,3013
6.846591e-09,-2.700349e-02,-1.406069e-02,2.500024e-02,-3.944127e+06,-2.053703e+06,3.651515e+06,5.519500e-03,2.886447e-03,-4.554557e-03,6.268523e-18,762,30125
0.000000e+00,3.151118e-09,2.560444e-07,3.776023e-07,0.000000e+00,0.000000e+00,0.000000e+00,1.249492e+06,-4.672185e+07,-3.488830e+07,3.936191e-18,763,0
1.339773e-09,-9.556146e-05,3.566127e-03,2.500312e-03,-7.136527e+04,2.662603e+06,1.866477e+06,1.801917e-02,-5.107845e-01,-2.456530e-01,3.936191e-18,763,5895
1.339432e-08,-9.558755e-04,3.566367e-02,2.500036e-02,-7.136908e+04,2.662710e+06,1.866529e+06,1.519363e-04,-4.404153e-03,-3.048484e-03,3.936191e-18,763,58935
0.000000e+00,1.940763e-07,-3.740699e-08,3.296452e-07,0.000000e+00,0.000000e+00,0.000000e+00,-4.277921e+07,6.983247e+06,-5.571428e+07,4.649102e-18,764,0
8.690909e-10,2.032973e-03,-3.248260e-04,2.500416e-03,2.340027e+06,-3.738617e+05,2.877767e+06,-8.059370e-01,1.113073e-01,-8.326951e-01,4.649102e-18,764,3824
8.687273e-09,2.032845e-02,-3.247844e-03,2.500006e-02,2.340138e+06,-3.738770e+05,2.877882e+06,-7.721715e-03,1.162679e-03,-8.749973e-03,4.649102e-18,764,38224
0.000000e+00,-2.296639e-07,-1.218606e-08,4.836086e-07,0.000000e+00,0.000000e+00,0.000000e+00,2.524050e+07,5.594134e+03,-3.887958e+07,3.437166e-18,765,0
1.041364e-09,-1.834654e-03,-1.052294e-04,2.500375e-03,-1.762812e+06,-1.011167e+05,2.401993e+06,8.009501e-01,4.249388e-02,-8.842572e-01,3.437166e-18,765,4582
1.040818e-08,-1.834761e-02,-1.052426e-03,2.500053e-02,-1.762943e+06,-1.011237e+05,2.402139e+06,6.974488e-03,2.485006e-04,-9.641715e-03,3.437166e-18,765,45796
0.000000e+00,-1.198786e-07,-1.507340e-07,5.963610e-07,0.000000e+00,0.000000e+00,0.000000e+00,9.992884e+06,1.170752e+07,-3.349377e+07,2.974289e-18,766,0
1.045682e-09,-7.365237e-04,-9.009114e-04,2.500382e-03,-7.048444e+05,-8.621106e+05,2.392265e+06,4.023313e-01,4.621358e-01,-1.075455e+00,2.974289e-18,766,4601
1.045045e-08,-7.365942e-03,-9.009459e-03,2.500048e-02,-7.049107e+05,-8.621867e+05,2.392444e+06,3.296410e-03,4.120758e-03,-1.233102e-02,2.974289e-18,766,45982
0.000000e+00,2.550899e-07,8.378191e-09,5.133816e-07,0.000000e+00,0.000000e+00,0.000000e+00,-2.781482e+07,-8.286817e+05,-3.332965e+07,3.195186e-18,767,0
1.242045e-09,2.484110e-03,6.601332e-05,2.500259e-03,2.001061e+06,5.315453e+04,2.013526e+06,-6.486230e-01,-1.695279e-02,-4.760070e-01,3.195186e-18,767,5465
1.241614e-08,2.484532e-02,6.599975e-04,2.500045e-02,2.001188e+06,5.315780e+04,2.013620e+06,-5.536039e-03,-1.778281e-04,-5.834350e-03,3.195186e-18,767,54631
0.000000e+00,1.174194e-07,-8.028698e-08,1.414083e-07,0.000000e+00,0.000000e+00,0.000000e+00,-1.509742e+08,1.039311e+08,-1.634622e+08,8.357548e-18,768,0
3.781818e-10,2.313132e-03,-1.592382e-03,2.501019e-03,6.116424e+06,-4.210606e+06,6.613174e+06,-5.373628e-01,3.706227e-01,-5.362173e-01,8.357548e-18,768,1664
3.780455e-09,2.312297e-02,-1.591807e-02,2.500093e-02,6.116456e+06,-4.210628e+06,6.613206e+06,-5.342624e-03,3.680548e-03,-5.390595e-03,8.357548e-18,768,16634
0.000000e+00,5.019434e-08,2.238327e-07,4.551837e-07,0.000000e+00,0.000000e+00,0.000000e+00,-7.724254e+06,-3.126094e+07,-3.782438e+07,3.587375e-18,769,0
1.208636e-09,2.583723e-04,1.732306e-03,2.500169e-03,2.138745e+05,1.434169e+06,2.069461e+06,-9.567809e-02,-6.509426e-01,-7.154353e-01,3.587375e-18,769,5318
1.208045e-08,2.583741e-03,1.732544e-02,2.500020e-02,2.138927e+05,1.434293e+06,2.069599e+06,-8.397187e-04,-5.997031e-03,-8.837232e-03,3.587375e-18,769,53154
0.000000e+00,-1.727436e-07,1.590465e-07,4.574976e-07,0.000000e+00,0.000000e+00,0.000000e+00,1.972451e+07,-2.481942e+07,-3.409383e+07,3.567901e-18,770,0
1.230682e-09,-1.584634e-03,1.936110e-03,2.500308e-03,-1.288245e+06,1.573981e+06,2.032247e+06,4.186571e-01,-4.949294e-01,-5.115532e-01,3.567901e-18,770,5415
1.230159e-08,-1.584742e-02,1.936239e-02,2.500004e-02,-1.288326e+06,1.574077e+06,2.032347e+06,3.390396e-03,-4.170383e-03,-6.081355e-03,3.567901e-18,770,54127
0.000000e+00,-3.917981e-08,-2.624054e-07,3.989339e-07,0.000000e+00,0.000000e+00,0.000000e+00,5.541797e+06,3.904195e+07,-3.460393e+07,3.766721e-18,771,0
1.333409e-09,-4.333489e-04,-3.237297e-03,2.500260e-03,-3.251224e+05,-2.428796e+06,1.875402e+06,7.879851e-02,5.615839e-01,-2.860614e-01,3.766721e-18,771,5867
1.333045e-08,-4.334021e-03,-3.237684e-02,2.500014e-02,-3.251389e+05,-2.428914e+06,1.875463e+06,6.445007e-04,4.659129e-03,-3.638170e-03,3.766721e-18,771,58654
0.000000e+00,-3.335985e-08,1.189858e-07,5.945566e-07,0.000000e+00,0.000000e+00,0.000000e+00,7.139312e+06,-1.101704e+07,-3.726694e+07,3.097944e-18,772,0
9.904545e-10,-3.690100e-04,8.659403e-04,2.500324e-03,-3.728857e+05,8.750109e+05,2.525700e+06,2.706942e-01,-5.805345e-01,-1.281215e+00,3.097944e-18,772,4358
9.898182e-09,-3.690887e-03,8.660967e-03,2.500005e-02,-3.729281e+05,8.751015e+05,2.525901e+06,2.350438e-03,-4.809637e-03,-1.423296e-02,3.097944e-18,772,43552
0.000000e+00,-6.640343e-08,-5.606689e-08,5.780608e-07,0.000000e+00,0.000000e+00,0.000000e+00,5.822200e+06,1.661702e+06,-3.966125e+07,3.236630e-18,773,0
9.520455e-10,-5.382878e-04,-1.543836e-04,2.500245e-03,-5.659330e+05,-1.623150e+05,2.627688e+06,4.176485e-01,1.513821e-01,-1.518546e+00,3.236630e-18,773,4189
9.514091e-09,-5.384277e-03,-1.544294e-03,2.500024e-02,-5.659957e+05,-1.623378e+05,2.627917e+06,3.335153e-03,1.380728e-03,-1.636998e-02,3.236630e-18,773,41862
0.000000e+00,3.909910e-08,1.791645e-07,4.318964e-07,0.000000e+00,0.000000e+00,0.000000e+00,-7.536615e+06,-2.435376e+07,-4.282261e+07,3.904723e-18,774,0
1.016364e-09,4.595199e-04,1.586962e-03,2.500358e-03,4.523968e+05,1.562476e+06,2.461193e+06,-2.139858e-01,-8.277279e-01,-1.015105e+00,3.904723e-18,774,4472
1.015773e-08,4.595303e-03,1.587113e-02,2.500025e-02,4.524311e+05,1.562609e+06,2.461356e+06,-1.782084e-03,-7.340144e-03,-1.094039e-02,3.904723e-18,774,44694
0.000000e+00,1.690416e-08,1.261633e-07,3.993784e-07,0.000000e+00,0.000000e+00,0.000000e+00,8.181471e+05,-1.787148e+07,-4.328133e+07,4.360240e-18,775,0
9.581818e-10,-3.197131e-05,1.119842e-03,2.500311e-03,-3.343297e+04,1.169423e+06,2.610789e+06,2.840696e-02,-6.310675e-01,-1.279906e+00,4.360240e-18,775,4216
9.575682e-09,-3.201107e-04,1.119802e-02,2.500017e-02,-3.343733e+04,1.169518e+06,2.610983e+06,2.987064e-04,-6.105035e-03,-1.387847e-02,4.360240e-18,775,42133
0.000000e+00,-1.486680e-07,-4.046627e-08,3.130069e-07,0.000000e+00,0.000000e+00,0.000000e+00,4.357215e+07,1.324606e+07,-6.875487e+07,5.090818e-18,776,0
7.388636e-10,-1.656228e-03,-5.105256e-04,2.500292e-03,-2.242286e+06,-6.912127e+05,3.384719e+06,8.099641e-01,2.809379e-01,-1.057716e+00,5.090818e-18,776,3251
7.386136e-09,-1.656183e-02,-5.105385e-03,2.500012e-02,-2.242380e+06,-6.912455e+05,3.384842e+06,7.721843e-03,2.630200e-03,-1.088072e-02,5.090818e-18,776,32499
0.000000e+00,-9.203725e-08,4.023337e-08,2.505456e-07,0.000000e+00,0.000000e+00,0.000000e+00,5.216221e+07,-2.271125e+07,-1.179358e+08,6.427074e-18,777,0
4.904545e-10,-1.118314e-03,4.871955e-04,2.500540e-03,-2.280467e+06,9.934895e+05,5.098906e+06,7.131651e-01,-3.111403e-01,-1.450930e+00,6.427074e-18,777,2158
4.903182e-09,-1.118159e-02,4.871282e-03,2.500103e-02,-2.280522e+06,9.935136e+05,5.099018e+06,7.082408e-03,-3.062340e-03,-1.463121e-02,6.427074e-18,777,21574
0.000000e+00,-1.024173e-07,-9.852675e-08,5.788380e-07,0.000000e+00,0.000000e+00,0.000000e+00,9.645186e+06,7.837888e+06,-3.413549e+07,3.160154e-18,778,0
9.465909e-10,-8.022562e-04,-4.414011e-04,2.500120e-03,-8.481503e+05,-4.666117e+05,2.642645e+06,5.100348e-01,3.007212e-01,-1.438920e+00,3.160154e-18,778,4165
9.460227e-09,-8.023636e-03,-4.414280e-03,2.500016e-02,-8.482265e+05,-4.666566e+05,2.642861e+06,4.596617e-03,2.639980e-03,-1.528267e-02,3.160154e-18,778,41625
0.000000e+00,-1.048401e-07,-1.005110e-07,3.865331e-07,0.000000e+00,0.000000e+00,0.000000e+00,1.962167e+07,1.899512e+07,-5.205113e+07,4.407593e-18,779,0
8.550000e-10,-9.759246e-04,-1.069125e-03,2.500008e-03,-1.142014e+06,-1.251114e+06,2.925143e+06,5.504261e-01,6.050527e-01,-1.237518e+00,4.407593e-18,779,3762
8.546591e-09,-9.760306e-03,-1.069270e-02,2.500007e-02,-1.142089e+06,-1.251196e+06,2.925310e+06,5.242437e-03,5.810260e-03,-1.284140e-02,4.407593e-18,779,37605
0.000000e+00,5.259669e-08,-1.698456e-07,5.864150e-07,0.000000e+00,0.000000e+00,0.000000e+00,-5.460845e+06,2.052201e+07,-3.426408e+07,3.060282e-18,780,0
1.077045e-09,3.310117e-04,-1.541877e-03,2.500483e-03,3.074834e+05,-1.432471e+06,2.322606e+06,-1.334215e-01,6.610823e-01,-9.406140e-01,3.060282e-18,780,4739
1.076386e-08,3.309729e-03,-1.541886e-02,2.500043e-02,3.075060e+05,-1.432583e+06,2.322767e+06,-1.204388e-03,5.657737e-03,-1.046490e-02,3.060282e-18,780,47361
0.000000e+00,-1.983287e-07,1.013800e-07,4.711855e-07,0.000000e+00,0.000000e+00,0.000000e+00,2.563717e+07,-1.117449e+07,-3.595185e+07,3.522021e-18,781,0
1.145909e-09,-1.879149e-03,8.119318e-04,2.500093e-03,-1.640783e+06,7.089983e+05,2.182532e+06,6.380123e-01,-3.279513e-01,-6.760106e-01,3.522021e-18,781,5042
1.145455e-08,-1.879436e-02,8.121243e-03,2.500006e-02,-1.640898e+06,7.090575e+05,2.182655e+06,5.282803e-03,-2.174772e-03,-7.857761e-03,3.522021e-18,781,50400
0.000000e+00,-3.778456e-08,5.248862e-08,3.919319e-07,0.000000e+00,0.000000e+00,0.000000e+00,1.161689e+07,-1.305093e+07,-6.046605e+07,4.591783e-18,782,0
7.506818e-10,-4.739188e-04,5.794775e-04,2.500520e-03,-6.316705e+05,7.723579e+05,3.332404e+06,3.712138e-01,-4.395726e-01,-1.728749e+00,4.591783e-18,782,3303
7.502273e-09,-4.738946e-03,5.794413e-03,2.500069e-02,-6.317145e+05,7.724100e+05,3.332609e+06,3.636668e-03,-4.197466e-03,-1.786504e-02,4.591783e-18,782,33010
0.000000e+00,2.066353e-07,-1.077318e-07,3.167989e-07,0.000000e+00,0.000000e+00,0.000000e+00,-4.538040e+07,2.248889e+07,-4.730611e+07,4.524672e-18,783,0
1.049318e-09,2.586842e-03,-1.279672e-03,2.500422e-03,2.466036e+06,-1.219890e+06,2.383315e+06,-6.087562e-01,2.893395e-01,-4.395343e-01,4.524672e-18,783,4617
1.048955e-08,2.586757e-02,-1.279609e-02,2.500003e-02,2.466136e+06,-1.219938e+06,2.383388e+06,-5.192365e-03,2.649111e-03,-4.880677e-03,4.524672e-18,783,46154
0.000000e+00,-7.365835e-08,-2.140389e-07,3.369171e-07,0.000000e+00,0.000000e+00,0.000000e+00,1.661686e+07,4.470967e+07,-4.645666e+07,4.398510e-18,784,0
1.038409e-09,-9.801743e-04,-2.574526e-03,2.500066e-03,-9.442504e+05,-2.480118e+06,2.408068e+06,2.514511e-01,6.448250e-01,-4.947362e-01,4.398510e-18,784,4569
1.038182e-08,-9.803011e-03,-2.574810e-02,2.500026e-02,-9.442916e+05,-2.480224e+06,2.408150e+06,2.220724e-03,5.745006e-03,-5.367482e-03,4.398510e-18,784,45680
0.000000e+00,-1.146730e-07,-1.735634e-07,2.679689e-07,0.000000e+00,0.000000e+00,0.000000e+00,3.878347e+07,5.347900e+07,-6.311347e+07,5.167379e-18,785,0
8.554545e-10,-1.604941e-03,-2.196563e-03,2.500395e-03,-1.876546e+06,-2.568237e+06,2.923253e+06,4.342943e-01,5.672502e-01,-5.318149e-01,5.167379e-18,785,3764
8.552273e-09,-1.604874e-02,-2.196431e-02,2.500060e-02,-1.876604e+06,-2.568314e+06,2.923325e+06,4.030738e-03,5.394948e-03,-5.588632e-03,5.167379e-18,785,37630
0.000000e+00,-2.352945e-07,8.052335e-08,4.953662e-07,0.000000e+00,0.000000e+00,0.000000e+00,2.665896e+07,-9.060818e+06,-3.384525e+07,3.302241e-18,786,0
1.201136e-09,-2.193636e-03,7.024595e-04,2.500293e-03,-1.827315e+06,5.851251e+05,2.082213e+06,6.653448e-01,-2.094241e-01,-5.382610e-01,3.302241e-18,786,5285
1.200659e-08,-2.193973e-02,7.025358e-03,2.500046e-02,-1.827441e+06,5.851647e+05,2.082316e+06,5.455587e-03,-1.750690e-03,-6.493159e-03,3.302241e-18,786,52829
0.000000e+00,4.986748e-08,-6.761442e-08,1.491594e-07,0.000000e+00,0.000000e+00,0.000000e+00,-1.031987e+08,1.384026e+08,-2.845405e+08,9.760732e-18,787,0
2.188636e-10,9.074155e-04,-1.216904e-03,2.500907e-03,4.145931e+06,-5.559962e+06,1.142643e+07,-4.539837e-01,6.045416e-01,-1.183780e+00,9.760732e-18,787,963
2.187955e-09,9.071157e-03,-1.216501e-02,2.500066e-02,4.145947e+06,-5.559983e+06,1.142647e+07,-4.503240e-03,6.021115e-03,-1.187316e-02,9.760732e-18,787,9627
0.000000e+00,-4.671695e-09,1.013858e-07,5.773203e-07,0.000000e+00,0.000000e+00,0.000000e+00,5.353456e+05,-6.967946e+06,-3.549595e+07,3.216655e-18,788,0
1.038864e-09,2.503292e-05,5.601856e-04,2.500089e-03,2.418243e+04,5.397056e+05,2.407970e+06,-5.519426e-02,-3.889651e-01,-1.297677e+00,3.216655e-18,788,4571
1.038227e-08,2.510491e-04,5.603369e-03,2.500038e-02,2.419140e+04,5.397693e+05,2.408183e+06,-2.988881e-05,-3.104852e-03,-1.509854e-02,3.216655e-18,788,45682
0.000000e+00,-2.093440e-08,2.264797e-07,2.820527e-07,0.000000e+00,0.000000e+00,0.000000e+00,5.971273e+06,-5.789516e+07,-5.097168e+07,4.841918e-18,789,0
1.001364e-09,-3.080461e-04,2.987999e-03,2.500205e-03,-3.077159e+05,2.984715e+06,2.497194e+06,7.388344e-02,-6.642048e-01,-4.363881e-01,4.841918e-18,789,4406
1.001136e-08,-3.080654e-03,2.988106e-02,2.500044e-02,-3.077276e+05,2.984820e+06,2.497263e+06,6.857474e-04,-6.001304e-03,-4.608016e-03,4.841918e-18,789,44050
0.000000e+00,-7.862432e-08,9.254654e-08,6.294679e-07,0.000000e+00,0.000000e+00,0.000000e+00,9.089777e+06,-8.161914e+06,-3.582857e+07,2.916247e-18,790,0
9.736364e-10,-7.412083e-04,5.483247e-04,2.500138e-03,-7.618502e+05,5.635918e+05,2.569197e+06,4.545236e-01,-3.698216e-01,-1.379875e+00,2.916247e-18,790,4284
9.730682e-09,-7.413271e-03,5.484136e-03,2.500025e-02,-7.619200e+05,5.636487e+05,2.569409e+06,4.207754e-03,-3.272485e-03,-1.501208e-02,2.916247e-18,790,42815
0.000000e+00,1.549721e-07,2.244964e-08,4.564350e-07,0.000000e+00,0.000000e+00,0.000000e+00,-2.224460e+07,-4.596734e+06,-4.163502e+07,3.824953e-18,791,0
9.804545e-10,1.410625e-03,2.466158e-04,2.500056e-03,1.439658e+06,2.516462e+05,2.551066e+06,-7.483996e-01,-1.074738e-01,-1.109582e+00,3.824953e-18,791,4314
9.800000e-09,1.410860e-02,2.466143e-03,2.500055e-02,1.439774e+06,2.516629e+05,2.551238e+06,-6.909196e-03,-8.819113e-04,-1.203707e-02,3.824953e-18,791,43120
0.000000e+00,4.420997e-08,5.248391e-08,3.379309e-07,0.000000e+00,0.000000e+00,0.000000e+00,-1.448582e+07,-1.817032e+07,-7.573896e+07,5.192694e-18,792,0
6.440909e-10,4.983693e-04,6.290406e-04,2.500323e-03,7.740703e+05,9.770382e+05,3.883111e+06,-3.972135e-01,-5.036612e-01,-1.753184e+00,5.192694e-18,792,2834
6.438182e-09,4.983597e-03,6.290335e-03,2.500027e-02,7.741108e+05,9.770895e+05,3.883289e+06,-3.912467e-03,-4.805974e-03,-1.779376e-02,5.192694e-18,792,28328
0.000000e+00,1.493297e-07,8.484212e-08,6.024956e-07,0.000000e+00,0.000000e+00,0.000000e+00,-1.443704e+07,-8.196798e+06,-3.544423e+07,2.981957e-18,793,0
1.041364e-09,1.123128e-03,7.093453e-04,2.500342e-03,1.079264e+06,6.817334e+05,2.402135e+06,-5.738487e-01,-4.156402e-01,-1.082550e+00,2.981957e-18,793,4582
1.040750e-08,1.123239e-02,7.095083e-03,2.500044e-02,1.079358e+06,6.818016e+05,2.402313e+06,-4.801105e-03,-2.969273e-03,-1.202105e-02,2.981957e-18,793,45793
0.000000e+00,2.546986e-07,-1.035735e-07,4.222961e-07,0.000000e+00,0.000000e+00,0.000000e+00,-3.549293e+07,1.454030e+07,-3.707418e+07,3.592433e-18,794,0
1.229545e-09,2.635487e-03,-1.077963e-03,2.500033e-03,2.144335e+06,-8.770669e+05,2.033701e+06,-5.785751e-01,2.340752e-01,-3.859923e-01,3.592433e-18,794,5410
1.229295e-08,2.636017e-02,-1.078173e-02,2.500039e-02,2.144446e+06,-8.771122e+05,2.033777e+06,-4.737646e-03,2.032694e-03,-4.703736e-03,3.592433e-18,794,54089
0.000000e+00,1.911308e-07,-5.493442e-08,5.894447e-07,0.000000e+00,0.000000e+00,0.000000e+00,-1.951816e+07,3.201349e+06,-3.452381e+07,2.987881e-18,795,0
1.069545e-09,1.554077e-03,-3.251041e-04,2.500023e-03,1.454020e+06,-3.041354e+05,2.338371e+06,-7.346619e-01,1.250392e-01,-8.949895e-01,2.987881e-18,795,4706
1.069114e-08,1.554505e-02,-3.251539e-03,2.500008e-02,1.454144e+06,-3.041565e+05,2.338523e+06,-5.937442e-03,1.150343e-03,-1.022634e-02,2.987881e-18,795,47041
0.000000e+00,1.022190e-07,2.670226e-07,3.582262e-07,0.000000e+00,0.000000e+00,0.000000e+00,-1.686684e+07,-4.212833e+07,-3.364961e+07,3.877978e-18,796,0
1.364545e-09,1.337166e-03,3.322631e-03,2.500194e-03,9.802650e+05,2.435773e+06,1.832522e+06,-1.927068e-01,-4.737633e-01,-2.374868e-01,3.877978e-18,796,6004
1.364250e-08,1.337324e-02,3.322998e-02,2.500034e-02,9.803063e+05,2.435875e+06,1.832574e+06,-1.607531e-03,-4.040643e-03,-3.009155e-03,3.877978e-18,796,60027
0.000000e+00,-1.838250e-07,-1.208610e-07,3.734651e-07,0.000000e+00,0.000000e+00,0.000000e+00,3.026339e+07,2.559399e+07,-4.156935e+07,4.164819e-18,797,0
1.099091e-09,-1.987036e-03,-1.702791e-03,2.500075e-03,-1.808649e+06,-1.549955e+06,2.275284e+06,5.492002e-01,4.685332e-01,-5.554287e-01,4.164819e-18,797,4836
1.098773e-08,-1.987289e-02,-1.703039e-02,2.500033e-02,-1.808744e+06,-1.550036e+06,2.275381e+06,4.786880e-03,4.023705e-03,-6.076941e-03,4.164819e-18,797,48346
0.000000e+00,-9.274252e-08,-9.981355e-08,4.565285e-07,0.000000e+00,0.000000e+00,0.000000e+00,1.568093e+07,1.595657e+07,-4.597506e+07,3.901329e-18,798,0
9.165909e-10,-9.887095e-04,-9.054463e-04,2.500252e-03,-1.079375e+06,-9.884388e+05,2.728991e+06,5.760960e-01,5.177223e-01,-1.243748e+00,3.901329e-18,798,4033
9.160909e-09,-9.887992e-03,-9.054962e-03,2.500015e-02,-1.079459e+06,-9.885137e+05,2.729172e+06,5.231305e-03,4.709522e-03,-1.306201e-02,3.901329e-18,798,40308
0.000000e+00,-1.015628e-07,-2.448692e-07,4.687040e-07,0.000000e+00,0.000000e+00,0.000000e+00,1.539644e+07,2.972319e+07,-3.271417e+07,3.392441e-18,799,0
1.297500e-09,-1.284198e-03,-2.615811e-03,2.500073e-03,-9.901997e+05,-2.016953e+06,1.927248e+06,2.677824e-01,5.494471e-01,-3.700739e-01,3.392441e-18,799,5709
1.297182e-08,-1.284463e-02,-2.616345e-02,2.500011e-02,-9.902544e+05,-2.017065e+06,1.927325e+06,2.215908e-03,4.679112e-03,-4.494636e-03,3.392441e-18,799,57076
0.000000e+00,1.815433e-07,-1.004809e-07,2.676047e-07,0.000000e+00,0.000000e+00,0.000000e+00,-5.592252e+07,1.938807e+07,-6.287073e+07,5.186044e-18,800,0
8.365909e-10,2.326237e-03,-8.279423e-04,2.500198e-03,2.781322e+06,-9.898907e+05,2.989059e+06,-7.362176e-01,2.732873e-01,-6.555822e-01,5.186044e-18,800,3681
8.363864e-09,2.326261e-02,-8.279345e-03,2.500020e-02,2.781419e+06,-9.899268e+05,2.989146e+06,-7.031813e-03,2.624350e-03,-6.797413e-03,5.186044e-18,800,36801
0.000000e+00,1.941892e-07,3.246060e-09,2.327894e-07,0.000000e+00,0.000000e+00,0.000000e+00,-7.271408e+07,2.974039e+07,-6.099301e+07,5.716631e-18,801,0
9.022727e-10,3.081432e-03,-1.219659e-03,2.500058e-03,3.415754e+06,-1.352057e+06,2.771097e+06,-5.679546e-01,2.199465e-01,-3.676495e-01,5.716631e-18,801,3970
9.021818e-09,3.081634e-02,-1.219796e-02,2.500046e-02,3.415835e+06,-1.352089e+06,2.771149e+06,-5.307967e-03,2.042308e-03,-3.829740e-03,5.716631e-18,801,39696
0.000000e+00,-1.038468e-07,-7.502050e-08,4.331413e-07,0.000000e+00,0.000000e+00,0.000000e+00,1.723556e+07,8.743372e+06,-4.541141e+07,4.086647e-18,802,0
9.429545e-10,-1.099360e-03,-5.000771e-04,2.500424e-03,-1.166712e+06,-5.306804e+05,2.652978e+06,6.731465e-01,3.260451e-01,-1.259727e+00,4.086647e-18,802,4149
9.423409e-09,-1.099431e-02,-5.000828e-03,2.500020e-02,-1.166812e+06,-5.307289e+05,2.653166e+06,6.086330e-03,2.819731e-03,-1.363457e-02,4.086647e-18,802,41463
0.000000e+00,7.909019e-08,9.648738e-08,5.657908e-07,0.000000e+00,0.000000e+00,0.000000e+00,-1.971941e+06,-1.397779e+07,-4.339860e+07,3.251611e-18,803,0
8.913636e-10,2.178906e-04,8.354390e-04,2.500269e-03,2.446105e+05,9.379338e+05,2.806400e+06,-1.783361e-01,-6.098699e-01,-1.532153e+00,3.251611e-18,803,3922
8.908182e-09,2.179055e-03,8.355253e-03,2.500010e-02,2.446355e+05,9.380196e+05,2.806616e+06,-1.629962e-03,-5.397953e-03,-1.618963e-02,3.251611e-18,803,39196
0.000000e+00,-6.938007e-09,-2.932917e-07,3.623721e-07,0.000000e+00,0.000000e+00,0.000000e+00,1.082579e+06,4.353907e+07,-3.315837e+07,3.818209e-18,804,0
1.393636e-09,-8.720958e-05,-3.631243e-03,2.500103e-03,-6.259281e+04,-2.606484e+06,1.794216e+06,9.333487e-03,5.112751e-01,-2.348513e-01,3.818209e-18,804,6132
1.393364e-08,-8.721447e-04,-3.631772e-02,2.500011e-02,-6.259485e+04,-2.606596e+06,1.794268e+06,1.013817e-04,4.259346e-03,-2.920374e-03,3.818209e-18,804,61308
0.000000e+00,-7.207242e-08,2.238541e-07,3.692487e-07,0.000000e+00,0.000000e+00,0.000000e+00,6.307859e+06,-4.283346e+07,-4.704283e+07,4.111951e-18,805,0
1.002500e-09,-4.263736e-04,2.424320e-03,2.500330e-03,-4.254886e+05,2.419164e+06,2.494691e+06,1.589070e-01,-7.302915e-01,-6.283061e-01,4.111951e-18,805,4411
1.002136e-08,-4.263985e-03,2.424329e-02,2.500035e-02,-4.255138e+05,2.419279e+06,2.494791e+06,1.464651e-03,-6.556584e-03,-6.658746e-03,4.111951e-18,805,44094
0.000000e+00,-1.595350e-07,6.916668e-09,5.273779e-07,0.000000e+00,0.000000e+00,0.000000e+00,1.816666e+07,-1.397035e+06,-3.916836e+07,3.382283e-18,806,0
1.001818e-09,-1.262055e-03,1.242291e-04,2.500256e-03,-1.260653e+06,1.241467e+05,2.496879e+06,7.199013e-01,-1.007390e-01,-1.127321e+00,3.382283e-18,806,4408
1.001250e-08,-1.262224e-02,1.242994e-03,2.500017e-02,-1.260766e+06,1.241626e+05,2.497058e+06,5.566375e-03,-8.175524e-04,-1.255892e-02,3.382283e-18,806,44055
0.000000e+00,-6.146688e-08,1.123328e-07,4.903427e-07,0.000000e+00,0.000000e+00,0.000000e+00,8.134648e+06,-1.212648e+07,-4.413445e+07,3.676625e-18,807,0
9.070455e-10,-6.479513e-04,7.843407e-04,2.500256e-03,-7.149325e+05,8.653182e+05,2.757837e+06,4.605698e-01,-5.293931e-01,-1.402278e+00,3.676625e-18,807,3991
9.065227e-09,-6.480946e-03,7.844275e-03,2.500055e-02,-7.149985e+05,8.653940e+05,2.758038e+06,3.641977e-03,-5.128245e-03,-1.505360e-02,3.676625e-18,807,39887
0.000000e+00,1.559089e-07,-6.393918e-08,5.602056e-07,0.000000e+00,0.000000e+00,0.000000e+00,-1.892796e+07,5.916757e+06,-3.514085e+07,3.199928e-18,808,0
1.103636e-09,1.483516e-03,-5.573237e-04,2.500496e-03,1.345120e+06,-5.053181e+05,2.266559e+06,-6.512661e-01,2.290022e-01,-8.259445e-01,3.199928e-18,808,4856
1.103000e-08,1.483659e-02,-5.573623e-03,2.500037e-02,1.345233e+06,-5.053579e+05,2.266704e+06,-5.445001e-03,2.089883e-03,-9.982747e-03,3.199928e-18,808,48532
0.000000e+00,1.942729e-08,1.420629e-07,1.918129e-07,0.000000e+00,0.000000e+00,0.000000e+00,-1.399023e+07,-1.086992e+08,-1.282252e+08,7.105346e-18,809,0
4.700000e-10,2.740877e-04,2.130186e-03,2.500400e-03,5.831889e+05,4.532518e+06,5.320132e+06,-9.853850e-02,-7.733191e-01,-8.235641e-01,7.105346e-18,809,2068
4.699318e-09,2.740605e-03,2.129985e-02,2.500114e-02,5.831962e+05,4.532575e+06,5.320193e+06,-9.717143e-04,-7.651286e-03,-8.302169e-03,7.105346e-18,809,20677
0.000000e+00,8.583683e-08,-1.920819e-07,3.330847e-07,0.000000e+00,0.000000e+00,0.000000e+00,-1.927093e+07,4.163419e+07,-4.766251e+07,4.539328e-18,810,0
9.827273e-10,1.158280e-03,-2.042868e-03,2.500024e-03,1.179103e+06,-2.079541e+06,2.544618e+06,-3.593377e-01,6.783293e-01,-6.558399e-01,4.539328e-18,810,4324
9.824773e-09,1.158437e-02,-2.043103e-02,2.500040e-02,1.179158e+06,-2.079646e+06,2.544720e+06,-3.348870e-03,5.956310e-03,-6.988504e-03,4.539328e-18,810,43229
0.000000e+00,-1.151559e-07,-2.019829e-07,3.062548e-07,0.000000e+00,0.000000e+00,0.000000e+00,2.632397e+07,4.607684e+07,-5.072704e+07,4.602162e-18,811,0
9.900000e-10,-1.369758e-03,-2.391520e-03,2.500535e-03,-1.383998e+06,-2.416367e+06,2.526253e+06,3.482782e-01,5.968679e-01,-5.065746e-01,4.602162e-18,811,4356
9.896136e-09,-1.369623e-02,-2.391270e-02,2.500027e-02,-1.384052e+06,-2.416460e+06,2.526333e+06,3.179526e-03,5.464378e-03,-5.444440e-03,4.602162e-18,811,43543
0.000000e+00,-4.887008e-08,2.188287e-07,4.622071e-07,0.000000e+00,0.000000e+00,0.000000e+00,7.898565e+06,-3.024187e+07,-3.719936e+07,3.576632e-18,812,0
1.157045e-09,-5.548319e-04,2.284933e-03,2.500194e-03,-4.797588e+05,1.975785e+06,2.161449e+06,1.616924e-01,-6.706962e-01,-5.593462e-01,3.576632e-18,812,5091
1.156636e-08,-5.549049e-03,2.285256e-02,2.500029e-02,-4.797883e+05,1.975907e+06,2.161552e+06,1.395984e-03,-5.789894e-03,-6.442559e-03,3.576632e-18,812,50892
0.000000e+00,1.878818e-07,-2.480317e-08,2.550570e-07,0.000000e+00,0.000000e+00,0.000000e+00,-6.795320e+07,6.454821e+06,-7.065968e+07,5.487398e-18,813,0
7.725000e-10,2.477829e-03,-2.271085e-04,2.500503e-03,3.208184e+06,-2.940228e+05,3.237317e+06,-7.691720e-01,5.467314e-02,-6.533112e-01,5.487398e-18,813,3399
7.722500e-09,2.477525e-02,-2.270605e-03,2.500032e-02,3.208278e+06,-2.940294e+05,3.237397e+06,-7.407340e-03,5.892429e-04,-6.660497e-03,5.487398e-18,813,33979
0.000000e+00,6.535616e-08,-2.494279e-07,3.296492e-07,0.000000e+00,0.000000e+00,0.000000e+00,-1.266675e+07,3.998647e+07,-4.111824e+07,4.254862e-18,814,0
1.177727e-09,8.912224e-04,-2.827403e-03,2.500436e-03,7.570301e+05,-2.401607e+06,2.123508e+06,-1.961211e-01,5.942589e-01,-3.708381e-01,4.254862e-18,814,5182
1.177295e-08,8.912448e-03,-2.827394e-02,2.500009e-02,7.570665e+05,-2.401717e+06,2.123578e+06,-1.751771e-03,5.230649e-03,-4.501393e-03,4.254862e-18,814,51801
0.000000e+00,-7.535393e-08,-2.554783e-08,4.869530e-07,0.000000e+00,0.000000e+00,0.000000e+00,1.155837e+07,2.156955e+06,-4.313044e+07,3.788564e-18,815,0
9.440909e-10,-8.685541e-04,-1.358126e-04,2.500310e-03,-9.206714e+05,-1.439599e+05,2.649874e+06,5.171552e-01,9.024433e-02,-1.475596e+00,3.788564e-18,815,4154
9.434545e-09,-8.686015e-03,-1.358192e-03,2.500049e-02,-9.207485e+05,-1.439733e+05,2.650094e+06,4.730981e-03,9.437000e-04,-1.554742e-02,3.788564e-18,815,41512
0.000000e+00,-1.596943e-07,1.750105e-07,4.967520e-07,0.000000e+00,0.000000e+00,0.000000e+00,1.708769e+07,-2.157403e+07,-3.559983e+07,3.346272e-18,816,0
1.141818e-09,-1.386331e-03,1.636469e-03,2.500458e-03,-1.214823e+06,1.433964e+06,2.190642e+06,4.717545e-01,-5.260242e-01,-6.727166e-01,3.346272e-18,816,5024
1.141227e-08,-1.386383e-02,1.636474e-02,2.500038e-02,-1.214907e+06,1.434059e+06,2.190764e+06,4.062767e-03,-4.284972e-03,-7.610287e-03,3.346272e-18,816,50214
0.000000e+00,-9.891489e-09,-5.609985e-08,1.172064e-07,0.000000e+00,0.000000e+00,0.000000e+00,4.471070e+07,2.557582e+08,-5.144439e+08,1.267074e-17,817,0
1.215909e-10,-2.172892e-04,-1.242965e-03,2.500067e-03,-1.786987e+06,-1.022215e+07,2.056053e+07,1.188403e-01,6.832777e-01,-1.340130e+00,1.267074e-17,817,535
1.216136e-09,-2.173230e-03,-1.243159e-02,2.500452e-02,-1.786989e+06,-1.022217e+07,2.056055e+07,1.182760e-03,6.828710e-03,-1.340309e-02,1.267074e-17,817,5351
0.000000e+00,8.429260e-08,9.110878e-08,6.558323e-07,0.000000e+00,0.000000e+00,0.000000e+00,-6.369060e+06,-2.358019e+07,-3.381117e+07,2.825234e-18,818,0
1.057727e-09,4.878944e-04,1.544665e-03,2.500517e-03,4.615083e+05,1.461320e+06,2.364892e+06,-2.118574e-01,-6.938718e-01,-8.627475e-01,2.825234e-18,818,4654
1.057136e-08,4.878795e-03,1.544804e-02,2.500037e-02,4.615436e+05,1.461435e+06,2.365036e+06,-1.780388e-03,-5.765069e-03,-1.018893e-02,2.825234e-18,818,46514
0.000000e+00,2.882531e-08,-1.396225e-07,6.348623e-07,0.000000e+00,0.000000e+00,0.000000e+00,-1.749330e+06,8.728755e+06,-5.214546e+07,2.913637e-18,819,0
8.084091e-10,9.331951e-05,-4.679528e-04,2.500405e-03,1.154834e+05,-5.791407e+05,3.094365e+06,-7.453252e-02,3.915638e-01,-1.851582e+00,2.913637e-18,819,3557
8.079318e-09,9.330462e-04,-4.679133e-03,2.500068e-02,1.154929e+05,-5.791907e+05,3.094602e+06,-8.840212e-04,4.025138e-03,-1.921919e-02,2.913637e-18,819,35549
0.000000e+00,1.633081e-07,3.076891e-08,5.821909e-07,0.000000e+00,0.000000e+00,0.000000e+00,-1.658780e+07,-1.645640e+06,-3.463226e+07,3.088174e-18,820,0
1.063636e-09,1.338035e-03,2.579095e-04,2.500271e-03,1.258846e+06,2.426258e+05,2.351722e+06,-6.580345e-01,-1.012157e-01,-9.899072e-01,3.088174e-18,820,4680
1.063045e-08,1.338206e-02,2.579201e-03,2.500008e-02,1.258956e+06,2.426427e+05,2.351888e+06,-5.315508e-03,-8.311984e-04,-1.148194e-02,3.088174e-18,820,46774
0.000000e+00,8.035548e-08,2.428272e-07,3.054550e-07,0.000000e+00,0.000000e+00,0.000000e+00,-1.742747e+07,-5.306039e+07,-4.315382e+07,4.422756e-18,821,0
1.160455e-09,1.079297e-03,3.272556e-03,2.500170e-03,9.303175e+05,2.820816e+06,2.154776e+06,-1.814835e-01,-5.385136e-01,-3.084900e-01,4.422756e-18,821,5106
1.160227e-08,1.079379e-02,3.272785e-02,2.500043e-02,9.303506e+05,2.820914e+06,2.154833e+06,-1.444301e-03,-4.606511e-03,-3.434014e-03,4.422756e-18,821,51050
0.000000e+00,-2.688963e-08,8.451792e-09,3.482285e-07,0.000000e+00,0.000000e+00,0.000000e+00,8.914890e+06,-7.070941e+06,-7.786790e+07,5.153269e-18,822,0
6.215909e-10,-3.050777e-04,2.550569e-04,2.500419e-03,-4.909989e+05,4.105490e+05,4.023901e+06,2.514184e-01,-2.457911e-01,-1.987226e+00,5.153269e-18,822,2735
6.212955e-09,-3.050545e-03,2.550698e-03,2.500041e-02,-4.910236e+05,4.105732e+05,4.024096e+06,2.363667e-03,-2.440283e-03,-2.011328e-02,5.153269e-18,822,27337
0.000000e+00,-2.912004e-07,-3.276776e-08,3.572497e-07,0.000000e+00,0.000000e+00,0.000000e+00,4.419122e+07,6.814184e+06,-3.428774e+07,3.849951e-18,823,0
1.370227e-09,-3.547618e-03,-5.617676e-04,2.500248e-03,-2.589934e+06,-4.101420e+05,1.824967e+06,5.073547e-01,8.816755e-02,-2.402073e-01,3.849951e-18,823,6029
1.369886e-08,-3.547909e-02,-5.618453e-03,2.500013e-02,-2.590043e+06,-4.101609e+05,1.825019e+06,4.259750e-03,6.875778e-04,-2.987133e-03,3.849951e-18,823,60275
0.000000e+00,1.758843e-07,-2.184211e-07,3.189202e-07,0.000000e+00,0.000000e+00,0.000000e+00,-3.219786e+07,4.043210e+07,-3.778245e+07,4.163631e-18,824,0
1.311136e-09,2.338116e-03,-2.930020e-03,2.500020e-03,1.783778e+06,-2.235342e+06,1.906997e+06,-3.137024e-01,3.882043e-01,-2.293681e-01,4.163631e-18,824,5769
1.310955e-08,2.338449e-02,-2.930428e-02,2.500002e-02,1.783843e+06,-2.235422e+06,1.907045e+06,-2.621845e-03,3.279504e-03,-2.784056e-03,4.163631e-18,824,57682
0.000000e+00,-1.132341e-07,4.541787e-11,4.878518e-07,0.000000e+00,0.000000e+00,0.000000e+00,1.574435e+07,-1.972114e+05,-4.258215e+07,3.722410e-18,825,0
9.850000e-10,-1.048020e-03,8.978528e-05,2.500102e-03,-1.064815e+06,9.129180e+04,2.539335e+06,6.764014e-01,-9.340881e-02,-1.163768e+00,3.722410e-18,825,4334
9.845227e-09,-1.048329e-02,8.987578e-04,2.500052e-02,-1.064920e+06,9.130632e+04,2.539517e+06,4.924573e-03,-7.807076e-04,-1.370979e-02,3.722410e-18,825,43319
0.000000e+00,-2.385573e-07,-1.264510e-07,5.141163e-07,0.000000e+00,0.000000e+00,0.000000e+00,2.556158e+07,1.382146e+07,-3.300042e+07,3.147837e-18,826,0
1.192955e-09,-2.098569e-03,-1.277625e-03,2.500250e-03,-1.760031e+06,-1.071491e+06,2.096411e+06,6.045118e-01,3.372413e-01,-5.229493e-01,3.147837e-18,826,5249
1.192523e-08,-2.098872e-02,-1.277773e-02,2.500038e-02,-1.760145e+06,-1.071555e+06,2.096510e+06,4.893197e-03,2.829845e-03,-6.188845e-03,3.147837e-18,826,52471
0.000000e+00,-8.406866e-08,-1.254941e-07,2.324280e-07,0.000000e+00,0.000000e+00,0.000000e+00,4.324842e+07,6.469888e+07,-9.904322e+07,6.237507e-18,827,0
5.827273e-10,-1.106997e-03,-1.655758e-03,2.500382e-03,-1.899921e+06,-2.841752e+06,4.291191e+06,4.551432e-01,6.835602e-01,-9.129355e-01,6.237507e-18,827,2564
5.825909e-09,-1.106881e-02,-1.655585e-02,2.500024e-02,-1.899963e+06,-2.841815e+06,4.291276e+06,4.502452e-03,6.726355e-03,-9.233647e-03,6.237507e-18,827,25634
0.000000e+00,7.958562e-08,3.565316e-08,3.623245e-07,0.000000e+00,0.000000e+00,0.000000e+00,-2.334018e+07,-9.820088e+06,-6.689610e+07,4.843200e-18,828,0
6.965909e-10,9.604394e-04,3.833936e-04,2.500649e-03,1.379403e+06,5.506194e+05,3.590980e+06,-6.944437e-01,-2.684156e-01,-1.561586e+00,4.843200e-18,828,3065
6.962045e-09,9.603421e-03,3.833428e-03,2.500066e-02,1.379479e+06,5.506489e+05,3.591152e+06,-6.582688e-03,-2.554352e-03,-1.598220e-02,4.843200e-18,828,30633
0.000000e+00,8.074973e-08,8.314626e-08,1.929435e-07,0.000000e+00,0.000000e+00,0.000000e+00,-7.613644e+07,-7.833625e+07,-1.586303e+08,7.542772e-18,829,0
3.840909e-10,1.203919e-03,1.238456e-03,2.500229e-03,3.134548e+06,3.224465e+06,6.509526e+06,-5.589881e-01,-5.706622e-01,-1.061293e+00,7.542772e-18,829,1690
3.840682e-09,1.203887e-02,1.238421e-02,2.500118e-02,3.134582e+06,3.224500e+06,6.509591e+06,-5.555587e-03,-5.648215e-03,-1.069133e-02,7.542772e-18,829,16899
0.000000e+00,9.092894e-08,-1.092835e-07,5.838830e-07,0.000000e+00,0.000000e+00,0.000000e+00,-2.006985e+07,1.065805e+05,-3.873581e+07,3.158641e-18,830,0
9.554545e-10,1.182165e-03,-9.256522e-05,2.500101e-03,1.238059e+06,-9.678701e+04,2.617924e+06,-6.992494e-01,1.304325e-02,-1.269515e+00,3.158641e-18,830,4204
9.549545e-09,1.182291e-02,-9.243757e-04,2.500014e-02,1.238164e+06,-9.678898e+04,2.618116e+06,-6.335690e-03,2.571144e-04,-1.381676e-02,3.158641e-18,830,42018
0.000000e+00,1.113601e-07,7.492496e-08,3.681973e-07,0.000000e+00,0.000000e+00,0.000000e+00,-2.576680e+07,-1.793426e+07,-5.904824e+07,4.602765e-18,831,0
7.840909e-10,1.170557e-03,8.396159e-04,2.500323e-03,1.493536e+06,1.071296e+06,3.189817e+06,-6.640264e-01,-4.791228e-01,-1.230729e+00,4.602765e-18,831,3450
7.837500e-09,1.170556e-02,8.396254e-03,2.500029e-02,1.493618e+06,1.071356e+06,3.189969e+06,-6.204241e-03,-4.641539e-03,-1.275662e-02,4.602765e-18,831,34485
0.000000e+00,-1.333295e-07,-2.207068e-07,2.769437e-07,0.000000e+00,0.000000e+00,0.000000e+00,3.171461e+07,5.352378e+07,-4.424241e+07,4.630360e-18,832,0
1.179545e-09,-1.915095e-03,-3.223612e-03,2.500451e-03,-1.623955e+06,-2.733546e+06,2.120065e+06,2.658027e-01,4.453138e-01,-2.460635e-01,4.630360e-18,832,5190
1.179205e-08,-1.914975e-02,-3.223410e-02,2.500004e-02,-1.624005e+06,-2.733629e+06,2.120111e+06,2.212447e-03,3.801565e-03,-2.784923e-03,4.630360e-18,832,51885
0.000000e+00,7.468490e-08,-2.562597e-07,4.170214e-07,0.000000e+00,0.000000e+00,0.000000e+00,-1.096671e+07,3.575371e+07,-3.600069e+07,3.653586e-18,833,0
1.270909e-09,9.454438e-04,-2.696269e-03,2.500366e-03,7.442816e+05,-2.122439e+06,1.967815e+06,-2.199536e-01,5.848527e-01,-3.809165e-01,3.653586e-18,833,5592
1.270455e-08,9.455706e-03,-2.696458e-02,2.500037e-02,7.443256e+05,-2.122556e+06,1.967892e+06,-1.870029e-03,5.053257e-03,-4.633717e-03,3.653586e-18,833,55900
0.000000e+00,6.319867e-08,6.184976e-08,1.877145e-07,0.000000e+00,0.000000e+00,0.000000e+00,-7.372314e+07,-7.273645e+07,-1.983783e+08,8.153719e-18,834,0
3.100000e-10,9.312460e-04,9.187796e-04,2.501529e-03,3.004039e+06,2.963826e+06,8.069400e+06,-5.380302e-01,-5.307117e-01,-1.349906e+00,8.153719e-18,834,1364
3.098182e-09,9.307114e-03,9.182526e-03,2.500064e-02,3.004065e+06,2.963852e+06,8.069466e+06,-5.348616e-03,-5.281560e-03,-1.354563e-02,8.153719e-18,834,13632
0.000000e+00,8.758323e-08,1.291328e-07,4.172241e-07,0.000000e+00,0.000000e+00,0.000000e+00,-1.489246e+07,-1.985081e+07,-4.840636e+07,4.098641e-18,835,0
8.743182e-10,8.700035e-04,1.062720e-03,2.500467e-03,9.956200e+05,1.216125e+06,2.861078e+06,-4.914710e-01,-6.008810e-01,-1.238646e+00,4.098641e-18,835,3847
8.737955e-09,8.699639e-03,1.062642e-02,2.500006e-02,9.956878e+05,1.216207e+06,2.861249e+06,-4.708625e-03,-5.695162e-03,-1.292827e-02,4.098641e-18,835,38447
0.000000e+00,-1.204215e-07,3.897612e-08,6.196173e-07,0.000000e+00,0.000000e+00,0.000000e+00,1.367472e+07,-9.918239e+06,-3.905668e+07,2.960686e-18,836,0
9.545455e-10,-8.797445e-04,5.993672e-04,2.500409e-03,-9.223288e+05,6.283835e+05,2.620762e+06,6.016728e-01,-3.860256e-01,-1.350302e+00,2.960686e-18,836,4200
9.539318e-09,-8.798372e-03,5.994310e-03,2.500050e-02,-9.224194e+05,6.284417e+05,2.620966e+06,5.403481e-03,-3.402274e-03,-1.435210e-02,2.960686e-18,836,41973
0.000000e+00,9.404881e-08,1.398502e-07,4.926737e-07,0.000000e+00,0.000000e+00,0.000000e+00,-1.288180e+07,-1.626583e+07,-3.752176e+07,3.556407e-18,837,0
1.081591e-09,9.418087e-04,1.167829e-03,2.500284e-03,8.713718e+05,1.080506e+06,2.312715e+06,-4.435893e-01,-5.748691e-01,-9.302187e-01,3.556407e-18,837,4759
1.080977e-08,9.419281e-03,1.167998e-02,2.500008e-02,8.714473e+05,1.080604e+06,2.312875e+06,-3.407903e-03,-4.734687e-03,-1.067036e-02,3.556407e-18,837,47563
0.000000e+00,8.950882e-08,2.122731e-07,2.905534e-07,0.000000e+00,0.000000e+00,0.000000e+00,-1.904748e+07,-5.028498e+07,-3.788722e+07,4.745620e-18,838,0
1.323636e-09,1.420443e-03,3.685349e-03,2.500137e-03,1.073439e+06,2.785025e+06,1.889056e+06,-1.765395e-01,-4.426330e-01,-2.020082e-01,4.745620e-18,838,5824
1.323409e-08,1.420595e-02,3.685717e-02,2.500007e-02,1.073475e+06,2.785117e+06,1.889099e+06,-1.422502e-03,-3.720708e-03,-2.463391e-03,4.745620e-18,838,58230
0.000000e+00,-7.237813e-08,1.309141e-07,4.630190e-07,0.000000e+00,0.000000e+00,0.000000e+00,9.387287e+06,-1.279253e+07,-4.982730e+07,3.814097e-18,839,0
8.363636e-10,-5.561410e-04,7.931656e-04,2.500279e-03,-6.653821e+05,9.489267e+05,2.990871e+06,4.075275e-01,-5.650412e-01,-1.565854e+00,3.814097e-18,839,3680
8.358864e-09,-5.561813e-03,7.931931e-03,2.500039e-02,-6.654359e+05,9.490014e+05,2.991078e+06,3.844671e-03,-5.514271e-03,-1.632443e-02,3.814097e-18,839,36779
0.000000e+00,-6.472371e-08,-2.364535e-07,2.650429e-07,0.000000e+00,0.000000e+00,0.000000e+00,1.574684e+07,6.473572e+07,-4.934821e+07,4.837893e-18,840,0
1.079773e-09,-8.376503e-04,-3.452613e-03,2.500322e-03,-7.759127e+05,-3.198197e+06,2.315837e+06,1.256909e-01,5.360540e-01,-2.885496e-01,4.837893e-18,840,4751
1.079523e-08,-8.376167e-03,-3.452528e-02,2.500012e-02,-7.759341e+05,-3.198288e+06,2.315886e+06,1.133587e-03,4.697488e-03,-3.161407e-03,4.837893e-18,840,47499
0.000000e+00,-6.630404e-09,2.640979e-07,4.468802e-07,0.000000e+00,0.000000e+00,0.000000e+00,-1.519364e+06,-3.675140e+07,-3.133037e+07,3.498691e-18,841,0
1.393864e-09,1.085523e-04,3.264165e-03,2.500009e-03,7.792318e+04,2.342777e+06,1.793914e+06,-2.070906e-02,-5.372369e-01,-2.888209e-01,3.498691e-18,841,6133
1.393591e-08,1.085916e-03,3.264860e-02,2.500002e-02,7.792770e+04,2.342894e+06,1.793978e+06,-1.604296e-04,-4.703190e-03,-3.611004e-03,3.498691e-18,841,61318
0.000000e+00,-1.673300e-07,-1.195094e-07,3.106376e-07,0.000000e+00,0.000000e+00,0.000000e+00,4.046965e+07,2.919028e+07,-5.497268e+07,4.756332e-18,842,0
9.029545e-10,-1.942529e-03,-1.413157e-03,2.500421e-03,-2.151968e+06,-1.565528e+06,2.769732e+06,6.200803e-01,4.524595e-01,-6.675708e-01,4.756332e-18,842,3973
9.026136e-09,-1.942395e-02,-1.413066e-02,2.500010e-02,-2.152057e+06,-1.565592e+06,2.769828e+06,5.882393e-03,4.292023e-03,-6.954287e-03,4.756332e-18,842,39715
0.000000e+00,7.287557e-10,1.668970e-07,5.172594e-07,0.000000e+00,0.000000e+00,0.000000e+00,5.577430e+05,-1.778760e+07,-3.998852e+07,3.430335e-18,843,0
9.547727e-10,2.064972e-05,1.229580e-03,2.500191e-03,2.171059e+04,1.288815e+06,2.619955e+06,-5.289344e-02,-7.926751e-01,-1.273342e+00,3.430335e-18,843,4201
9.542273e-09,2.071460e-04,1.229812e-02,2.500042e-02,2.171853e+04,1.288934e+06,2.620148e+06,-2.634077e-04,-7.033468e-03,-1.347801e-02,3.430335e-18,843,41986
0.000000e+00,8.024208e-08,1.472535e-07,5.198740e-07,0.000000e+00,0.000000e+00,0.000000e+00,-9.533026e+06,-1.733827e+07,-3.765949e+07,3.405138e-18,844,0
1.040682e-09,6.249284e-04,1.151911e-03,2.500441e-03,6.009313e+05,1.107604e+06,2.403849e+06,-3.456831e-01,-5.801912e-01,-1.072114e+00,3.405138e-18,844,4579
1.040000e-08,6.249676e-03,1.151906e-02,2.500020e-02,6.009881e+05,1.107699e+06,2.404026e+06,-2.958405e-03,-4.841720e-03,-1.176624e-02,3.405138e-18,844,45760
0.000000e+00,-1.364216e-07,2.251569e-07,3.894486e-07,0.000000e+00,0.000000e+00,0.000000e+00,2.114628e+07,-3.389130e+07,-3.785831e+07,3.818983e-18,845,0
1.229318e-09,-1.551332e-03,2.522987e-03,2.500397e-03,-1.262437e+06,2.053169e+06,2.034392e+06,3.218916e-01,-5.357793e-01,-3.846193e-01,3.818983e-18,845,5409
1.228864e-08,-1.551360e-02,2.523058e-02,2.500008e-02,-1.262500e+06,2.053272e+06,2.034468e+06,2.720080e-03,-4.525004e-03,-4.436492e-03,3.818983e-18,845,54070
0.000000e+00,-8.720352e-08,1.827872e-07,5.426497e-07,0.000000e+00,0.000000e+00,0.000000e+00,2.285350e+07,-1.558624e+07,-3.046093e+07,3.219900e-18,846,0
1.270227e-09,-1.767961e-03,1.425824e-03,2.500289e-03,-1.392653e+06,1.123084e+06,1.969055e+06,4.724271e-01,-3.790876e-01,-5.611510e-01,3.219900e-18,846,5589
1.269636e-08,-1.768150e-02,1.425906e-02,2.500004e-02,-1.392748e+06,1.123160e+06,1.969168e+06,4.291795e-03,-3.666593e-03,-6.610037e-03,3.219900e-18,846,55864
0.000000e+00,2.206173e-07,-1.136930e-07,3.910228e-07,0.000000e+00,0.000000e+00,0.000000e+00,-3.462447e+07,2.013874e+07,-3.843317e+07,3.911898e-18,847,0
1.214773e-09,2.525967e-03,-1.372693e-03,2.500008e-03,2.080208e+06,-1.130472e+06,2.058425e+06,-5.487658e-01,3.130428e-01,-3.900691e-01,3.911898e-18,847,5345
1.214523e-08,2.526454e-02,-1.372981e-02,2.500020e-02,2.080313e+06,-1.130532e+06,2.058500e+06,-4.549455e-03,2.650632e-03,-4.658826e-03,3.911898e-18,847,53439
0.000000e+00,-1.487845e-07,1.611606e-07,2.600008e-07,0.000000e+00,0.000000e+00,0.000000e+00,4.493435e+07,-4.973904e+07,-5.896359e+07,5.129393e-18,848,0
9.109091e-10,-1.977367e-03,2.194698e-03,2.500399e-03,-2.171204e+06,2.409856e+06,2.745290e+06,4.425963e-01,-5.004324e-01,-4.541205e-01,5.129393e-18,848,4008
9.106591e-09,-1.977230e-02,2.194560e-02,2.500036e-02,-2.171268e+06,2.409928e+06,2.745355e+06,4.150595e-03,-4.706600e-03,-4.761560e-03,5.129393e-18,848,40069
0.000000e+00,-1.898363e-07,-4.165333e-08,3.615704e-07,0.000000e+00,0.000000e+00,0.000000e+00,3.740117e+07,8.506858e+06,-4.916395e+07,4.388868e-18,849,0
9.338636e-10,-2.051160e-03,-5.146756e-04,2.500515e-03,-2.197394e+06,-5.514357e+05,2.678350e+06,8.220627e-01,2.569531e-01,-7.861394e-01,4.388868e-18,849,4109
9.334091e-09,-2.051061e-02,-5.147125e-03,2.500007e-02,-2.197515e+06,-5.514736e+05,2.678466e+06,7.639291e-03,2.378442e-03,-8.302068e-03,4.388868e-18,849,41070
0.000000e+00,-9.764399e-08,1.744497e-07,2.502071e-07,0.000000e+00,0.000000e+00,0.000000e+00,3.228283e+07,-6.376728e+07,-6.945725e+07,5.430019e-18,850,0
7.943182e-10,-1.192195e-03,2.363395e-03,2.500624e-03,-1.501153e+06,2.975920e+06,3.148496e+06,3.152687e-01,-6.497943e-01,-5.700863e-01,5.430019e-18,850,3495
7.940455e-09,-1.191987e-02,2.363020e-02,2.500063e-02,-1.501192e+06,2.976001e+06,3.148568e+06,3.038608e-03,-6.252486e-03,-5.892053e-03,5.430019e-18,850,34938
0.000000e+00,-7.459358e-09,-1.697655e-07,1.586704e-07,0.000000e+00,0.000000e+00,0.000000e+00,5.398292e+06,1.453980e+08,-1.143234e+08,7.271696e-18,851,0
5.327273e-10,-1.184074e-04,-3.193539e-03,2.500454e-03,-2.222683e+05,-5.994831e+06,4.693701e+06,2.097212e-02,5.977187e-01,-4.152652e-01,7.271696e-18,851,2344
5.326364e-09,-1.183888e-03,-3.193078e-02,2.500049e-02,-2.222701e+05,-5.994881e+06,4.693736e+06,2.339045e-04,5.930773e-03,-4.207204e-03,7.271696e-18,851,23436
0.000000e+00,2.515765e-07,-9.828013e-08,3.697467e-07,0.000000e+00,0.000000e+00,0.000000e+00,-4.164547e+07,1.492904e+07,-3.618944e+07,3.920165e-18,852,0
1.302045e-09,3.161669e-03,-1.143371e-03,2.500028e-03,2.429073e+06,-8.784432e+05,1.920379e+06,-5.165652e-01,1.921102e-01,-2.805628e-01,3.920165e-18,852,5729
1.301818e-08,3.162205e-02,-1.143571e-02,2.500001e-02,2.429179e+06,-8.784826e+05,1.920437e+06,-4.316513e-03,1.568254e-03,-3.434981e-03,3.920165e-18,852,57280
0.000000e+00,6.675425e-08,-1.436347e-07,2.609369e-07,0.000000e+00,0.000000e+00,0.000000e+00,-2.365551e+07,5.877244e+07,-8.058992e+07,5.727532e-18,853,0
6.820455e-10,7.499969e-04,-1.874415e-03,2.500768e-03,1.099831e+06,-2.748793e+06,3.667080e+06,-2.987002e-01,7.757064e-01,-8.895076e-01,5.727532e-18,853,3001
6.817500e-09,7.498124e-03,-1.873994e-02,2.500045e-02,1.099863e+06,-2.748877e+06,3.667176e+06,-2.860943e-03,7.536463e-03,-9.066691e-03,5.727532e-18,853,29997
0.000000e+00,-7.048900e-08,-2.477249e-07,4.911653e-07,0.000000e+00,0.000000e+00,0.000000e+00,1.001707e+07,2.942145e+07,-3.538879e+07,3.312921e-18,854,0
1.192045e-09,-8.118684e-04,-2.274707e-03,2.500212e-03,-6.814748e+05,-1.909222e+06,2.097978e+06,2.600482e-01,6.664225e-01,-5.224223e-01,3.312921e-18,854,5245
1.191636e-08,-8.120655e-03,-2.275093e-02,2.500047e-02,-6.815236e+05,-1.909347e+06,2.098077e+06,2.020960e-03,5.517843e-03,-6.164019e-03,3.312921e-18,854,52432
0.000000e+00,9.550815e-08,-1.920175e-07,3.679953e-07,0.000000e+00,0.000000e+00,0.000000e+00,-6.768902e+06,3.822222e+07,-3.681562e+07,4.251911e-18,855,0
1.230227e-09,5.891335e-04,-2.841721e-03,2.500029e-03,4.790769e+05,-2.310933e+06,2.032635e+06,-1.407399e-01,6.254455e-01,-3.943456e-01,4.251911e-18,855,5413
1.229932e-08,5.892329e-03,-2.842276e-02,2.500016e-02,4.791041e+05,-2.311054e+06,2.032712e+06,-1.257792e-03,5.244230e-03,-4.707227e-03,4.251911e-18,855,54117
0.000000e+00,1.628831e-07,-7.365111e-08,3.015688e-07,0.000000e+00,0.000000e+00,0.000000e+00,-4.247500e+07,2.025530e+07,-6.451820e+07,5.053974e-18,856,0
7.786364e-10,1.705938e-03,-8.231328e-04,2.500432e-03,2.191584e+06,-1.057494e+06,3.212054e+06,-7.380863e-01,3.750080e-01,-9.797805e-01,5.053974e-18,856,3426
7.783182e-09,1.705751e-02,-8.230663e-03,2.500011e-02,2.191675e+06,-1.057540e+06,3.212175e+06,-7.175239e-03,3.660275e-03,-1.002862e-02,5.053974e-18,856,34246
0.000000e+00,1.711530e-08,2.818308e-07,3.268571e-07,0.000000e+00,0.000000e+00,0.000000e+00,-4.124665e+06,-4.972986e+07,-3.826017e+07,4.089835e-18,857,0
1.273182e-09,3.245004e-04,3.510745e-03,2.500122e-03,2.549759e+05,2.758272e+06,1.963962e+06,-5.862472e-02,-5.291453e-01,-2.656030e-01,4.089835e-18,857,5602
1.272932e-08,3.245651e-03,3.511090e-02,2.500005e-02,2.549877e+05,2.758378e+06,1.964016e+06,-4.503211e-04,-4.534826e-03,-3.147511e-03,4.089835e-18,857,56009
0.000000e+00,-1.802645e-07,1.545748e-07,4.837184e-07,0.000000e+00,0.000000e+00,0.000000e+00,2.127368e+07,-1.854076e+07,-3.268345e+07,3.417572e-18,858,0
1.268409e-09,-1.855151e-03,1.598732e-03,2.500005e-03,-1.463396e+06,1.261150e+06,1.971588e+06,4.962464e-01,-4.491959e-01,-5.036626e-01,3.417572e-18,858,5581
1.268023e-08,-1.855610e-02,1.599160e-02,2.500036e-02,-1.463496e+06,1.261240e+06,1.971690e+06,4.329908e-03,-4.051502e-03,-5.979695e-03,3.417572e-18,858,55793
0.000000e+00,1.239723e-07,1.056800e-07,2.766689e-07,0.000000e+00,0.000000e+00,0.000000e+00,-4.471873e+07,-3.633176e+07,-7.599707e+07,5.452232e-18,859,0
7.079545e-10,1.520552e-03,1.231515e-03,2.500026e-03,2.148322e+06,1.739939e+06,3.531911e+06,-6.579834e-01,-5.243163e-01,-9.247593e-01,5.452232e-18,859,3115
7.078409e-09,1.520673e-02,1.231603e-02,2.500045e-02,2.148396e+06,1.739998e+06,3.532015e+06,-6.354054e-03,-5.073036e-03,-9.460953e-03,5.452232e-18,859,31145
0.000000e+00,2.318876e-07,-9.884608e-09,5.265201e-07,0.000000e+00,0.000000e+00,0.000000e+00,-2.646091e+07,7.325872e+04,-3.381959e+07,3.203563e-18,860,0
1.150455e-09,2.067291e-03,-8.068551e-05,2.500345e-03,1.797930e+06,-7.019624e+04,2.174117e+06,-6.984855e-01,3.408091e-02,-6.834196e-01,3.203563e-18,860,5062
1.149886e-08,2.067409e-02,-8.071581e-04,2.500006e-02,1.798056e+06,-7.020249e+04,2.174241e+06,-5.793487e-03,4.176796e-04,-7.774081e-03,3.203563e-18,860,50595
0.000000e+00,-1.711685e-08,-5.846296e-08,5.329971e-07,0.000000e+00,0.000000e+00,0.000000e+00,2.440448e+05,6.294719e+06,-4.022821e+07,3.522397e-18,861,0
9.854545e-10,-3.753814e-06,-3.814724e-04,2.500290e-03,-3.833406e+03,-3.872909e+05,2.538598e+06,3.787863e-02,1.617471e-01,-1.386140e+00,3.522397e-18,861,4336
9.847955e-09,-3.777017e-05,-3.814023e-03,2.500020e-02,-3.839231e+03,-3.873161e+05,2.538815e+06,-3.435536e-04,2.108816e-03,-1.613510e-02,3.522397e-18,861,43331
0.000000e+00,8.650899e-09,2.789478e-08,5.975591e-07,0.000000e+00,0.000000e+00,0.000000e+00,-1.648193e+05,-4.382587e+06,-3.812809e+07,3.162597e-18,862,0
9.929545e-10,8.392087e-05,3.502944e-04,2.500116e-03,8.465928e+04,3.530857e+05,2.519277e+06,-1.072501e-01,-2.276823e-01,-1.407297e+00,3.162597e-18,862,4369
9.923409e-09,8.400906e-04,3.503775e-03,2.500004e-02,8.467601e+04,3.531214e+05,2.519499e+06,-5.263866e-04,-1.832584e-03,-1.608616e-02,3.162597e-18,862,43663
0.000000e+00,-8.585202e-08,-1.686416e-07,2.613265e-07,0.000000e+00,0.000000e+00,0.000000e+00,2.803827e+07,5.767508e+07,-7.099407e+07,5.425707e-18,863,0
7.625000e-10,-1.021638e-03,-2.101255e-03,2.500229e-03,-1.340137e+06,-2.756332e+06,3.279464e+06,3.502346e-01,7.131205e-01,-7.224788e-01,5.425707e-18,863,3355
7.623182e-09,-1.021613e-02,-2.101206e-02,2.500008e-02,-1.340179e+06,-2.756418e+06,3.279551e+06,3.403770e-03,6.851057e-03,-7.416705e-03,5.425707e-18,863,33542
0.000000e+00,4.958902e-08,-2.291942e-07,2.737567e-07,0.000000e+00,0.000000e+00,0.000000e+00,-1.277339e+07,6.137540e+07,-4.959576e+07,4.863982e-18,864,0
1.032500e-09,6.478456e-04,-3.197018e-03,2.500150e-03,6.275925e+05,-3.097109e+06,2.421773e+06,-1.204088e-01,6.007232e-01,-3.597703e-01,4.863982e-18,864,4543
1.032318e-08,6.478759e-03,-3.197202e-02,2.500052e-02,6.276121e+05,-3.097207e+06,2.421831e+06,-1.025283e-03,5.345387e-03,-3.877125e-03,4.863982e-18,864,45422
0.000000e+00,-1.173375e-07,2.082071e-07,5.325007e-07,0.000000e+00,0.000000e+00,0.000000e+00,1.351717e+07,-2.175460e+07,-3.331215e+07,3.159843e-18,865,0
1.158182e-09,-1.027279e-03,1.682195e-03,2.500079e-03,-8.874197e+05,1.453258e+06,2.159414e+06,3.236061e-01,-5.782924e-01,-7.033803e-01,3.159843e-18,865,5096
1.157727e-08,-1.027390e-02,1.682473e-02,2.500032e-02,-8.874787e+05,1.453363e+06,2.159543e+06,2.708785e-03,-4.861390e-03,-8.091957e-03,3.159843e-18,865,50940
0.000000e+00,4.065044e-08,-2.673448e-08,5.677215e-07,0.000000e+00,0.000000e+00,0.000000e+00,-1.661641e+06,4.924166e+05,-4.113623e+07,3.328194e-18,866,0
9.515909e-10,1.479348e-04,-4.874229e-05,2.500188e-03,1.555587e+05,-5.119939e+04,2.628811e+06,-1.000897e-01,-7.339341e-03,-1.495070e+00,3.328194e-18,866,4187
9.510000e-09,1.479377e-03,-4.869198e-04,2.500022e-02,1.555738e+05,-5.119829e+04,2.629036e+06,-1.240906e-03,2.226167e-04,-1.685697e-02,3.328194e-18,866,41844
0.000000e+00,8.248900e-08,-9.393053e-09,5.558367e-07,0.000000e+00,0.000000e+00,0.000000e+00,-1.068469e+07,-2.011044e+06,-3.968252e+07,3.362605e-18,867,0
9.906818e-10,7.645158e-04,1.402680e-04,2.500306e-03,7.722826e+05,1.417608e+05,2.525178e+06,-4.620002e-01,-1.165854e-01,-1.333939e+00,3.362605e-18,867,4359
9.900227e-09,7.645735e-03,1.403427e-03,2.500003e-02,7.723547e+05,1.417790e+05,2.525387e+06,-3.824482e-03,-4.500672e-04,-1.478806e-02,3.362605e-18,867,43561
0.000000e+00,5.620931e-08,3.578764e-08,2.135106e-07,0.000000e+00,0.000000e+00,0.000000e+00,-5.358529e+07,-3.453391e+07,-1.819931e+08,7.625679e-18,868,0
3.343182e-10,7.382855e-04,4.758588e-04,2.500209e-03,2.208401e+06,1.423417e+06,7.478639e+06,-5.253920e-01,-3.391419e-01,-1.657953e+00,7.625679e-18,868,1471
3.342955e-09,7.382631e-03,4.758449e-03,2.500093e-02,2.208429e+06,1.423435e+06,7.478726e+06,-5.244045e-03,-3.359134e-03,-1.664665e-02,7.625679e-18,868,14709
0.000000e+00,-2.120729e-08,-2.251720e-08,3.549903e-07,0.000000e+00,0.000000e+00,0.000000e+00,1.158509e+07,3.063040e+06,-6.985380e+07,5.080477e-18,869,0
6.625000e-10,-4.186225e-04,-9.625720e-05,2.500453e-03,-6.321932e+05,-1.453331e+05,3.775663e+06,3.505680e-01,7.718675e-02,-1.932163e+00,5.080477e-18,869,2915
6.621364e-09,-4.185956e-03,-9.623171e-04,2.500011e-02,-6.322299e+05,-1.453412e+05,3.775866e+06,3.308129e-03,8.637870e-04,-1.977555e-02,5.080477e-18,869,29134
0.000000e+00,4.482425e-09,-1.538019e-07,1.997857e-07,0.000000e+00,0.000000e+00,0.000000e+00,-5.121630e+06,1.003131e+08,-1.114941e+08,6.785379e-18,870,0
5.329545e-10,1.161916e-04,-2.265804e-03,2.500124e-03,2.180377e+05,-4.251699e+06,4.691270e+06,-4.253075e-02,7.736241e-01,-7.691636e-01,6.785379e-18,870,2345
5.329091e-09,1.161944e-03,-2.265779e-02,2.500035e-02,2.180413e+05,-4.251764e+06,4.691335e+06,-4.037651e-04,7.689381e-03,-7.744328e-03,6.785379e-18,870,23448
0.000000e+00,2.166349e-07,-2.095566e-08,5.317724e-07,0.000000e+00,0.000000e+00,0.000000e+00,-2.045524e+07,4.459181e+06,-3.551899e+07,3.217753e-18,871,0
9.247727e-10,1.289632e-03,-4.163370e-05,2.500339e-03,1.395465e+06,-4.492951e+04,2.704997e+06,-8.267122e-01,-2.166961e-02,-1.262261e+00,3.217753e-18,871,4069
9.242273e-09,1.289724e-02,-4.153129e-04,2.500042e-02,1.395585e+06,-4.492630e+04,2.705182e+06,-7.537830e-03,-2.205460e-04,-1.347096e-02,3.217753e-18,871,40666
0.000000e+00,1.575542e-07,2.039285e-07,4.504070e-07,0.000000e+00,0.000000e+00,0.000000e+00,-2.120836e+07,-1.999541e+07,-3.372133e+07,3.501540e-18,872,0
1.253409e-09,1.750502e-03,1.768070e-03,2.500131e-03,1.397340e+06,1.411420e+06,1.995182e+06,-4.663443e-01,-5.218943e-01,-4.469834e-01,3.501540e-18,872,5515
1.253023e-08,1.750892e-02,1.768536e-02,2.500026e-02,1.397432e+06,1.411523e+06,1.995271e+06,-3.803023e-03,-4.180259e-03,-5.941590e-03,3.501540e-18,872,55133
0.000000e+00,1.964491e-08,1.466409e-07,4.921078e-07,0.000000e+00,0.000000e+00,0.000000e+00,-4.413618e+06,-1.669737e+07,-3.940380e+07,3.618979e-18,873,0
1.027045e-09,3.366043e-04,1.249160e-03,2.500231e-03,3.279623e+05,1.217147e+06,2.435576e+06,-1.562747e-01,-6.754440e-01,-1.101983e+00,3.618979e-18,873,4519
1.026455e-08,3.366349e-03,1.249339e-02,2.500023e-02,3.279875e+05,1.217256e+06,2.435755e+06,-1.047987e-03,-5.641318e-03,-1.215025e-02,3.618979e-18,873,45164
0.000000e+00,-2.124792e-08,1.939665e-09,6.718378e-07,0.000000e+00,0.000000e+00,0.000000e+00,3.261096e+06,-8.378156e+05,-3.755741e+07,2.793595e-18,874,0
9.077273e-10,-2.255496e-04,9.392778e-05,2.500255e-03,-2.486436e+05,1.035991e+05,2.756088e+06,1.429241e-01,-9.430729e-02,-1.779079e+00,2.793595e-18,874,3994
9.070909e-09,-2.255410e-03,9.397171e-04,2.500043e-02,-2.486639e+05,1.036126e+05,2.756344e+06,9.472272e-04,-1.059699e-03,-1.867781e-02,2.793595e-18,874,39912
0.000000e+00,-1.372683e-08,-1.391065e-07,1.454017e-07,0.000000e+00,0.000000e+00,0.000000e+00,1.719203e+07,1.767193e+08,-1.615857e+08,8.331039e-18,875,0
3.822727e-10,-2.665435e-04,-2.740182e-03,2.501455e-03,-6.972579e+05,-7.168120e+06,6.543551e+06,6.423152e-02,6.671181e-01,-5.563746e-01,8.331039e-18,875,1682
3.820682e-09,-2.664012e-03,-2.738723e-02,2.500095e-02,-6.972618e+05,-7.168161e+06,6.543584e+06,6.223776e-04,6.587080e-03,-5.621545e-03,8.331039e-18,875,16811
0.000000e+00,1.855150e-07,-1.162544e-07,4.965384e-07,0.000000e+00,0.000000e+00,0.000000e+00,-2.391061e+07,1.459880e+07,-3.641855e+07,3.397344e-18,876,0
1.160455e-09,1.774120e-03,-1.097887e-03,2.500325e-03,1.529769e+06,-9.466398e+05,2.155282e+06,-6.484410e-01,3.781449e-01,-6.267953e-01,3.397344e-18,876,5106
1.159932e-08,1.774420e-02,-1.098033e-02,2.500002e-02,1.529888e+06,-9.467090e+05,2.155398e+06,-5.021697e-03,3.049408e-03,-7.590331e-03,3.397344e-18,876,51037
0.000000e+00,6.899007e-08,8.976994e-08,3.643786e-07,0.000000e+00,0.000000e+00,0.000000e+00,-1.670720e+07,-2.400069e+07,-6.558391e+07,4.728532e-18,877,0
7.222727e-10,6.695655e-04,9.640432e-04,2.500458e-03,9.274076e+05,1.335296e+06,3.463001e+06,-4.399715e-01,-6.294455e-01,-1.448650e+00,4.728532e-18,877,3178
7.219318e-09,6.695245e-03,9.639906e-03,2.500062e-02,9.274578e+05,1.335367e+06,3.463167e+06,-4.405359e-03,-5.875175e-03,-1.482983e-02,4.728532e-18,877,31765
0.000000e+00,-3.281405e-08,-4.176050e-08,2.149113e-07,0.000000e+00,0.000000e+00,0.000000e+00,3.125496e+07,3.974942e+07,-1.872704e+08,7.721503e-18,878,0
3.250000e-10,-4.183775e-04,-5.323279e-04,2.501316e-03,-1.287353e+06,-1.637983e+06,7.696481e+06,3.151542e-01,4.085337e-01,-1.799616e+00,7.721503e-18,878,1430
3.248409e-09,-4.181876e-03,-5.320872e-03,2.500150e-02,-1.287369e+06,-1.638004e+06,7.696573e+06,3.093927e-03,4.104491e-03,-1.807716e-02,7.721503e-18,878,14293
0.000000e+00,1.115665e-07,-1.064745e-07,6.401320e-07,0.000000e+00,0.000000e+00,0.000000e+00,-1.485330e+07,8.884168e+06,-3.672273e+07,2.851906e-18,879,0
9.736364e-10,9.640067e-04,-6.897264e-04,2.500352e-03,9.907732e+05,-7.089621e+05,2.569167e+06,-5.493178e-01,4.690442e-01,-1.185939e+00,2.851906e-18,879,4284
9.730909e-09,9.641089e-03,-6.898823e-03,2.500057e-02,9.908575e+05,-7.090341e+05,2.569350e+06,-4.572209e-03,3.840744e-03,-1.303781e-02,2.851906e-18,879,42816
0.000000e+00,8.670899e-08,-9.461655e-08,5.898666e-07,0.000000e+00,0.000000e+00,0.000000e+00,-7.710572e+06,4.267835e+06,-3.783989e+07,3.143667e-18,880,0
9.638636e-10,5.447992e-04,-3.719816e-04,2.500083e-03,5.656698e+05,-3.862235e+05,2.595154e+06,-3.928995e-01,2.716829e-01,-1.370650e+00,3.143667e-18,880,4241
9.633409e-09,5.449328e-03,-3.720660e-03,2.500038e-02,5.657295e+05,-3.862648e+05,2.595363e+06,-3.226638e-03,2.234552e-03,-1.539920e-02,3.143667e-18,880,42387
0.000000e+00,-4.009790e-08,-2.272158e-07,3.596977e-07,0.000000e+00,0.000000e+00,0.000000e+00,7.299107e+06,3.971443e+07,-4.320628e+07,4.206676e-18,881,0
1.170000e-09,-3.676024e-04,-2.769273e-03,2.500268e-03,-3.142928e+05,-2.367895e+06,2.137482e+06,8.489098e-02,6.666883e-01,-4.585166e-01,4.206676e-18,881,5148
1.169614e-08,-3.676027e-03,-2.769513e-02,2.500043e-02,-3.143084e+05,-2.368018e+06,2.137567e+06,7.337715e-04,5.592404e-03,-5.194983e-03,4.206676e-18,881,51463
0.000000e+00,1.013969e-07,-1.489113e-07,5.430991e-07,0.000000e+00,0.000000e+00,0.000000e+00,-1.370339e+07,1.802322e+07,-3.531559e+07,3.269408e-18,882,0
1.118409e-09,1.068623e-03,-1.314673e-03,2.500219e-03,9.561157e+05,-1.176217e+06,2.236393e+06,-4.403146e-01,5.301240e-01,-8.101163e-01,3.269408e-18,882,4921
1.117864e-08,1.068801e-02,-1.314846e-02,2.500003e-02,9.561933e+05,-1.176310e+06,2.236537e+06,-4.079810e-03,4.495280e-03,-9.409032e-03,3.269408e-18,882,49186
0.000000e+00,7.766548e-08,-1.310707e-07,3.923611e-07,0.000000e+00,0.000000e+00,0.000000e+00,-1.434374e+07,2.435703e+07,-5.039312e+07,4.343772e-18,883,0
9.372727e-10,8.617968e-04,-1.434654e-03,2.500192e-03,9.199625e+05,-1.531500e+06,2.668496e+06,-4.009174e-01,6.880003e-01,-1.003290e+00,4.343772e-18,883,4124
9.368636e-09,8.618749e-03,-1.434800e-02,2.500029e-02,9.200218e+05,-1.531602e+06,2.668645e+06,-3.646712e-03,6.320404e-03,-1.072447e-02,4.343772e-18,883,41222
0.000000e+00,6.749751e-08,-2.890843e-10,4.668097e-07,0.000000e+00,0.000000e+00,0.000000e+00,-1.152801e+07,-6.628658e+06,-4.859750e+07,3.954871e-18,884,0
8.531818e-10,6.104803e-04,3.535624e-04,2.500043e-03,7.160193e+05,4.147483e+05,2.931807e+06,-4.581651e-01,-2.810757e-01,-1.655331e+00,3.954871e-18,884,3754
8.527273e-09,6.105669e-03,3.536619e-03,2.500041e-02,7.160809e+05,4.147861e+05,2.932030e+06,-4.154974e-03,-2.599071e-03,-1.725311e-02,3.954871e-18,884,37520
0.000000e+00,-1.775646e-07,-6.097172e-08,3.954628e-07,0.000000e+00,0.000000e+00,0.000000e+00,3.210938e+07,7.861482e+06,-4.858592e+07,4.158550e-18,885,0
9.354545e-10,-1.933953e-03,-4.503640e-04,2.500170e-03,-2.068243e+06,-4.816280e+05,2.673465e+06,7.067764e-01,1.745600e-01,-8.415298e-01,4.158550e-18,885,4116
9.351136e-09,-1.934035e-02,-4.503772e-03,2.500007e-02,-2.068347e+06,-4.816538e+05,2.673590e+06,7.062550e-03,1.925048e-03,-8.941691e-03,4.158550e-18,885,41145
0.000000e+00,1.883308e-07,1.750868e-07,4.126475e-07,0.000000e+00,0.000000e+00,0.000000e+00,-2.600102e+07,-2.393192e+07,-3.584174e+07,3.705077e-18,886,0
1.223636e-09,2.006949e-03,1.884534e-03,2.500044e-03,1.640901e+06,1.540824e+06,2.043639e+06,-4.844347e-01,-4.574401e-01,-4.389242e-01,3.705077e-18,886,5384
1.223318e-08,2.007338e-02,1.884911e-02,2.500035e-02,1.640995e+06,1.540912e+06,2.043724e+06,-4.103212e-03,-3.866393e-03,-5.099810e-03,3.705077e-18,886,53826
0.000000e+00,-1.617689e-07,1.453400e-07,5.648077e-07,0.000000e+00,0.000000e+00,0.000000e+00,1.546635e+07,-1.425370e+07,-3.567977e+07,3.053495e-18,887,0
1.011136e-09,-1.132163e-03,1.013951e-03,2.500012e-03,-1.120469e+06,1.003413e+06,2.473512e+06,6.131591e-01,-5.163685e-01,-1.006746e+00,3.053495e-18,887,4449
1.010705e-08,-1.132459e-02,1.014152e-02,2.500006e-02,-1.120567e+06,1.003495e+06,2.473673e+06,5.224220e-03,-4.280665e-03,-1.105165e-02,3.053495e-18,887,44471
0.000000e+00,6.156796e-09,1.161969e-07,6.587337e-07,0.000000e+00,0.000000e+00,0.000000e+00,4.613349e+05,-1.061592e+07,-3.654205e+07,2.798638e-18,888,0
9.620455e-10,-5.826035e-06,7.655931e-04,2.500093e-03,-6.036470e+03,7.963432e+05,2.600093e+06,-1.214438e-02,-4.711355e-01,-1.420600e+00,2.798638e-18,888,4233
9.615000e-09,-5.804608e-05,7.656827e-03,2.500012e-02,-6.034631e+03,7.964147e+05,2.600309e+06,-1.498448e-04,-3.993287e-03,-1.536052e-02,2.798638e-18,888,42306
0.000000e+00,-3.968937e-08,-3.756080e-09,2.338746e-07,0.000000e+00,0.000000e+00,0.000000e+00,2.983524e+07,1.693570e+06,-1.649723e+08,7.253577e-18,889,0
3.634091e-10,-4.538426e-04,-2.540633e-05,2.500559e-03,-1.248921e+06,-6.990842e+04,6.881152e+06,3.661455e-01,1.552445e-02,-1.933784e+00,7.253577e-18,889,1599
3.633182e-09,-4.537588e-03,-2.539934e-04,2.500066e-02,-1.248942e+06,-6.990932e+04,6.881263e+06,3.658781e-03,1.722811e-04,-1.944804e-02,7.253577e-18,889,15986
0.000000e+00,1.338336e-08,-5.515033e-08,1.533403e-07,0.000000e+00,0.000000e+00,0.000000e+00,-3.449275e+07,1.289015e+08,-3.374448e+08,1.021791e-17,890,0
1.847727e-10,2.557382e-04,-9.555369e-04,2.500849e-03,1.384036e+06,-5.171262e+06,1.353426e+07,-1.708373e-01,6.146853e-01,-1.545372e+00,1.021791e-17,890,813
1.847273e-09,2.556706e-03,-9.552785e-03,2.500162e-02,1.384041e+06,-5.171280e+06,1.353431e+07,-1.679885e-03,6.123816e-03,-1.547426e-02,1.021791e-17,890,8128
0.000000e+00,1.363201e-07,1.639149e-07,5.565405e-07,0.000000e+00,0.000000e+00,0.000000e+00,-7.692421e+06,-1.833629e+07,-3.171406e+07,3.108896e-18,891,0
1.209545e-09,7.384477e-04,1.669771e-03,2.500236e-03,6.108997e+05,1.381449e+06,2.067912e+06,-2.715557e-01,-6.134588e-01,-6.975685e-01,3.108896e-18,891,5322
1.208955e-08,7.385503e-03,1.670099e-02,2.500032e-02,6.109514e+05,1.381566e+06,2.068047e+06,-2.407794e-03,-5.550467e-03,-8.480078e-03,3.108896e-18,891,53194
0.000000e+00,-1.733269e-07,1.900295e-07,2.645768e-07,0.000000e+00,0.000000e+00,0.000000e+00,4.335360e+07,-4.860417e+07,-4.631767e+07,4.725052e-18,892,0
1.141591e-09,-2.472066e-03,2.776817e-03,2.500161e-03,-2.165903e+06,2.432922e+06,2.190287e+06,3.426773e-01,-3.892523e-01,-2.531183e-01,4.725052e-18,892,5023
1.141409e-08,-2.472183e-02,2.776961e-02,2.500028e-02,-2.165965e+06,2.432992e+06,2.190333e+06,2.983668e-03,-3.339134e-03,-2.844541e-03,4.725052e-18,892,50222
0.000000e+00,7.039218e-08,6.514109e-08,2.997754e-07,0.000000e+00,0.000000e+00,0.000000e+00,-2.786862e+07,-2.521987e+07,-8.898584e+07,5.600641e-18,893,0
5.975000e-10,8.070258e-04,7.296833e-04,2.500634e-03,1.351051e+06,1.221566e+06,4.186020e+06,-5.678734e-01,-5.098071e-01,-1.557025e+00,5.600641e-18,893,2629
5.972273e-09,8.068855e-03,7.295535e-03,2.500019e-02,1.351104e+06,1.221614e+06,4.186167e+06,-5.562158e-03,-5.057869e-03,-1.572913e-02,5.600641e-18,893,26278
0.000000e+00,-2.419777e-08,-5.106926e-08,2.448674e-07,0.000000e+00,0.000000e+00,0.000000e+00,1.518305e+07,3.531383e+07,-1.452646e+08,6.882125e-18,894,0
4.068182e-10,-2.626602e-04,-6.121322e-04,2.500724e-03,-6.456983e+05,-1.504832e+06,6.147461e+06,1.983154e-01,4.872722e-01,-1.831684e+00,6.882125e-18,894,1790
4.066818e-09,-2.625955e-03,-6.119914e-03,2.500079e-02,-6.457111e+05,-1.504864e+06,6.147579e+06,2.032255e-03,4.846605e-03,-1.844101e-02,6.882125e-18,894,17894
0.000000e+00,1.003290e-08,7.949044e-08,4.098240e-07,0.000000e+00,0.000000e+00,0.000000e+00,-1.394253e+06,-1.702244e+07,-5.453859e+07,4.389222e-18,895,0
7.829545e-10,1.174682e-04,8.278809e-04,2.500553e-03,1.501318e+05,1.058035e+06,3.195163e+06,-8.855980e-02,-6.474078e-01,-1.642016e+00,4.389222e-18,895,3445
7.824318e-09,1.174665e-03,8.278354e-03,2.500004e-02,1.501428e+05,1.058115e+06,3.195367e+06,-9.478809e-04,-6.088402e-03,-1.701678e-02,4.389222e-18,895,34427
0.000000e+00,1.237536e-07,7.223331e-08,4.714697e-07,0.000000e+00,0.000000e+00,0.000000e+00,-1.454180e+07,-1.111129e+07,-4.553971e+07,3.758480e-18,896,0
9.127273e-10,8.914127e-04,7.535826e-04,2.500375e-03,9.772684e+05,8.262488e+05,2.740772e+06,-5.576690e-01,-4.961989e-01,-1.338568e+00,3.758480e-18,896,4016
9.121591e-09,8.914222e-03,7.536632e-03,2.500031e-02,9.773488e+05,8.263203e+05,2.740966e+06,-5.257777e-03,-4.653347e-03,-1.399852e-02,3.758480e-18,896,40135
0.000000e+00,-2.076334e-07,1.789031e-08,5.810177e-07,0.000000e+00,0.000000e+00,0.000000e+00,1.972885e+07,-1.938397e+06,-3.386804e+07,2.994619e-18,897,0
1.087045e-09,-1.547129e-03,8.910299e-05,2.500481e-03,-1.424155e+06,8.210560e+04,2.301199e+06,7.035328e-01,-1.233852e-01,-8.813861e-01,2.994619e-18,897,4783
1.086386e-08,-1.547181e-02,8.920058e-04,2.500011e-02,-1.424276e+06,8.212677e+04,2.301350e+06,5.409871e-03,-3.378308e-04,-1.031179e-02,2.994619e-18,897,47801
0.000000e+00,-2.076821e-07,5.428167e-10,2.465464e-07,0.000000e+00,0.000000e+00,0.000000e+00,7.135908e+07,6.388009e+05,-6.381730e+07,5.389986e-18,898,0
8.547727e-10,-2.889181e-03,-2.494113e-05,2.500158e-03,-3.380702e+06,-2.918048e+04,2.925278e+06,6.963388e-01,-2.834669e-04,-4.880591e-01,5.389986e-18,898,3761
8.546364e-09,-2.889276e-02,-2.493852e-04,2.500062e-02,-3.380796e+06,-2.918044e+04,2.925344e+06,6.591885e-03,-5.284592e-06,-5.032123e-03,5.389986e-18,898,37604
0.000000e+00,-2.626357e-07,4.232101e-08,4.565207e-07,0.000000e+00,0.000000e+00,0.000000e+00,3.164549e+07,-6.535814e+06,-3.616229e+07,3.442523e-18,899,0
1.216591e-09,-2.505620e-03,5.336452e-04,2.500083e-03,-2.060515e+06,4.388532e+05,2.055479e+06,6.467427e-01,-1.342733e-01,-4.518287e-01,3.442523e-18,899,5353
1.216273e-08,-2.506142e-02,5.337626e-03,2.500042e-02,-2.060639e+06,4.388789e+05,2.055566e+06,5.421345e-03,-1.147869e-03,-5.538318e-03,3.442523e-18,899,53516
0.000000e+00,6.494877e-08,-9.553793e-08,2.045455e-07,0.000000e+00,0.000000e+00,0.000000e+00,-5.299736e+07,7.780501e+07,-1.459990e+08,7.266500e-18,900,0
4.134091e-10,9.117865e-04,-1.338378e-03,2.500787e-03,2.205635e+06,-3.237569e+06,6.049342e+06,-4.555254e-01,6.670138e-01,-1.146358e+00,7.266500e-18,900,1819
4.132727e-09,9.115335e-03,-1.338006e-02,2.500044e-02,2.205664e+06,-3.237612e+06,6.049417e+06,-4.526956e-03,6.609730e-03,-1.153150e-02,7.266500e-18,900,18184
0.000000e+00,8.481727e-08,2.396917e-07,5.027988e-07,0.000000e+00,0.000000e+00,0.000000e+00,-8.363656e+06,-2.677224e+07,-3.482279e+07,3.242675e-18,901,0
1.175455e-09,6.549648e-04,2.176246e-03,2.500264e-03,5.574454e+05,1.852451e+06,2.127639e+06,-1.783309e-01,-6.963127e-01,-5.484460e-01,3.242675e-18,901,5172
1.175023e-08,6.550113e-03,2.176663e-02,2.500046e-02,5.574784e+05,1.852580e+06,2.127742e+06,-1.688561e-03,-5.714408e-03,-6.693477e-03,3.242675e-18,901,51701
0.000000e+00,6.440336e-08,-1.526601e-07,5.530239e-07,0.000000e+00,0.000000e+00,0.000000e+00,-6.983946e+06,1.828020e+07,-3.608029e+07,3.254424e-18,902,0
1.084545e-09,4.238919e-04,-1.360929e-03,2.500440e-03,3.910662e+05,-1.255654e+06,2.306549e+06,-1.842949e-01,6.069474e-01,-9.538778e-01,3.254424e-18,902,4772
1.083864e-08,4.238642e-03,-1.360953e-02,2.500004e-02,3.910977e+05,-1.255757e+06,2.306713e+06,-1.779980e-03,5.463723e-03,-1.085379e-02,3.254424e-18,902,47690
0.000000e+00,-2.210407e-07,-2.168310e-08,3.575350e-07,0.000000e+00,0.000000e+00,0.000000e+00,4.193648e+07,6.514811e+06,-4.537584e+07,4.269591e-18,903,0
1.023864e-09,-2.518480e-03,-4.043602e-04,2.500522e-03,-2.460722e+06,-3.951105e+05,2.442780e+06,7.335308e-01,1.239557e-01,-5.493044e-01,4.269591e-18,903,4505
1.023432e-08,-2.518375e-02,-4.043661e-03,2.500031e-02,-2.460840e+06,-3.951306e+05,2.442869e+06,6.525488e-03,1.017332e-03,-6.125027e-03,4.269591e-18,903,45031
0.000000e+00,-3.674624e-08,1.777664e-07,3.776850e-07,0.000000e+00,0.000000e+00,0.000000e+00,5.548986e+06,-3.366001e+07,-4.951804e+07,4.316746e-18,904,0
9.150000e-10,-2.685020e-04,1.875391e-03,2.500480e-03,-2.935602e+05,2.050520e+06,2.733631e+06,1.152934e-01,-7.913305e-01,-9.131912e-01,4.316746e-18,904,4026
9.145455e-09,-2.684749e-03,1.875288e-02,2.500041e-02,-2.935768e+05,2.050634e+06,2.733763e+06,1.082204e-03,-7.339880e-03,-9.597119e-03,4.316746e-18,904,40240
0.000000e+00,4.167609e-08,2.440210e-08,5.048775e-07,0.000000e+00,0.000000e+00,0.000000e+00,-3.509587e+06,-1.019253e+07,-4.215248e+07,3.705604e-18,905,0
9.443182e-10,2.476118e-04,6.534641e-04,2.500525e-03,2.624432e+05,6.925796e+05,2.649450e+06,-2.038976e-01,-4.476735e-01,-1.455514e+00,3.705604e-18,905,4155
9.435909e-09,2.476385e-03,6.535036e-03,2.500009e-02,2.624735e+05,6.926463e+05,2.649667e+06,-1.809976e-03,-4.007121e-03,-1.570954e-02,3.705604e-18,905,41518
0.000000e+00,-9.002505e-08,-8.079260e-08,6.560328e-07,0.000000e+00,0.000000e+00,0.000000e+00,2.820514e+06,1.100220e+07,-3.296001e+07,2.818983e-18,906,0
1.075455e-09,-2.286411e-04,-5.414470e-04,2.500389e-03,-2.127419e+05,-5.038546e+05,2.326331e+06,1.429216e-01,3.428397e-01,-1.278287e+00,2.818983e-18,906,4732
1.074659e-08,-2.286291e-03,-5.414759e-03,2.500039e-02,-2.127660e+05,-5.039127e+05,2.326549e+06,1.249909e-03,3.076615e-03,-1.500225e-02,2.818983e-18,906,47285
0.000000e+00,-1.850419e-07,-1.322052e-07,4.344601e-07,0.000000e+00,0.000000e+00,0.000000e+00,2.654222e+07,1.924462e+07,-3.842327e+07,3.724649e-18,907,0
1.124091e-09,-1.857905e-03,-1.397848e-03,2.500071e-03,-1.653623e+06,-1.244165e+06,2.224765e+06,5.855267e-01,4.403518e-01,-6.178392e-01,3.724649e-18,907,4946
1.123727e-08,-1.858216e-02,-1.398097e-02,2.500045e-02,-1.653727e+06,-1.244243e+06,2.224876e+06,4.855397e-03,3.786719e-03,-6.911921e-03,3.724649e-18,907,49444
0.000000e+00,-5.163929e-08,1.114096e-07,3.890126e-07,0.000000e+00,0.000000e+00,0.000000e+00,1.025201e+07,-2.240423e+07,-5.747176e+07,4.458820e-18,908,0
7.959091e-10,-5.130937e-04,1.093400e-03,2.500330e-03,-6.450021e+05,1.374505e+06,3.142628e+06,3.211112e-01,-7.209569e-01,-1.378645e+00,4.458820e-18,908,3502
7.955227e-09,-5.131108e-03,1.093445e-02,2.500043e-02,-6.450425e+05,1.374595e+06,3.142802e+06,3.115877e-03,-6.862194e-03,-1.437406e-02,4.458820e-18,908,35003
0.000000e+00,2.063579e-07,1.643855e-07,3.104638e-07,0.000000e+00,0.000000e+00,0.000000e+00,-4.139998e+07,-3.280937e+07,-4.119708e+07,4.317667e-18,909,0
1.211591e-09,2.728900e-03,2.160813e-03,2.500299e-03,2.252969e+06,1.783960e+06,2.063930e+06,-4.359991e-01,-3.475874e-01,-2.795989e-01,4.317667e-18,909,5331
1.211295e-08,2.729008e-02,2.160901e-02,2.500043e-02,2.253052e+06,1.784027e+06,2.063984e+06,-3.694478e-03,-3.003916e-03,-3.220955e-03,4.317667e-18,909,53297
0.000000e+00,1.225826e-09,-2.222694e-07,4.589352e-07,0.000000e+00,0.000000e+00,0.000000e+00,-6.326095e+05,2.936019e+07,-3.858007e+07,3.608777e-18,910,0
1.162273e-09,2.103722e-04,-2.281408e-03,2.500212e-03,1.811235e+05,-1.963913e+06,2.151772e+06,-6.313793e-02,6.936997e-01,-5.794014e-01,3.608777e-18,910,5114
1.161841e-08,2.104324e-03,-2.281745e-02,2.500035e-02,1.811350e+05,-1.964040e+06,2.151879e+06,-4.674090e-04,5.594216e-03,-6.805092e-03,3.608777e-18,910,51121
0.000000e+00,-1.333969e-07,-1.255417e-07,4.803579e-07,0.000000e+00,0.000000e+00,0.000000e+00,1.955532e+07,1.328446e+07,-4.104581e+07,3.611191e-18,911,0
1.065682e-09,-1.527793e-03,-8.852436e-04,2.500529e-03,-1.434537e+06,-8.311415e+05,2.347318e+06,6.536274e-01,3.706362e-01,-8.627333e-01,3.611191e-18,911,4689
1.065045e-08,-1.527837e-02,-8.852040e-03,2.500019e-02,-1.434646e+06,-8.312038e+05,2.347463e+06,5.324234e-03,3.036388e-03,-9.714240e-03,3.611191e-18,911,46862
0.000000e+00,-7.916557e-08,1.613973e-07,3.966222e-07,0.000000e+00,0.000000e+00,0.000000e+00,1.487938e+07,-2.757382e+07,-4.755974e+07,4.175172e-18,912,0
9.386364e-10,-7.672538e-04,1.563537e-03,2.500578e-03,-8.177974e+05,1.666582e+06,2.664999e+06,3.376103e-01,-7.121319e-01,-9.619112e-01,4.175172e-18,912,4130
9.380909e-09,-7.671672e-03,1.563401e-02,2.500022e-02,-8.178474e+05,1.666687e+06,2.665142e+06,3.197296e-03,-6.528041e-03,-1.016743e-02,4.175172e-18,912,41276
0.000000e+00,-1.876191e-07,-2.461987e-08,2.888714e-07,0.000000e+00,0.000000e+00,0.000000e+00,5.269927e+07,7.122844e+06,-6.259132e+07,5.103160e-18,913,0
8.161364e-10,-2.193025e-03,-2.913263e-04,2.500145e-03,-2.687834e+06,-3.570601e+05,3.063999e+06,7.985430e-01,1.109750e-01,-7.796097e-01,5.103160e-18,913,3591
8.159318e-09,-2.193090e-02,-2.913370e-03,2.500026e-02,-2.687937e+06,-3.570744e+05,3.064100e+06,7.507121e-03,1.092509e-03,-8.088505e-03,5.103160e-18,913,35901
0.000000e+00,6.832345e-08,1.192177e-07,1.752777e-07,0.000000e+00,0.000000e+00,0.000000e+00,-6.561742e+07,-1.136103e+08,-1.465207e+08,7.590197e-18,914,0
4.168182e-10,1.123343e-03,1.944745e-03,2.500357e-03,2.695098e+06,4.665783e+06,5.998695e+06,-3.798833e-01,-6.555127e-01,-7.663514e-01,7.590197e-18,914,1834
4.167727e-09,1.123249e-02,1.944581e-02,2.500107e-02,2.695123e+06,4.665826e+06,5.998745e+06,-3.769710e-03,-6.469896e-03,-7.711184e-03,7.590197e-18,914,18338
0.000000e+00,7.754471e-08,-2.264868e-07,4.872012e-07,0.000000e+00,0.000000e+00,0.000000e+00,-9.551551e+06,2.676351e+07,-3.426674e+07,3.384516e-18,915,0
1.211136e-09,7.975133e-04,-2.199102e-03,2.500332e-03,6.588308e+05,-1.816721e+06,2.065064e+06,-2.227060e-01,6.458726e-01,-5.374995e-01,3.384516e-18,915,5329
1.210614e-08,7.975858e-03,-2.199339e-02,2.500013e-02,6.588732e+05,-1.816844e+06,2.065168e+06,-1.991363e-03,5.325523e-03,-6.442892e-03,3.384516e-18,915,53267
0.000000e+00,2.872378e-08,-6.623341e-10,5.034608e-07,0.000000e+00,0.000000e+00,0.000000e+00,-1.316336e+06,-1.811458e+06,-4.206028e+07,3.733700e-18,916,0
9.481818e-10,2.080844e-04,1.974617e-04,2.500367e-03,2.197181e+05,2.084992e+05,2.638574e+06,-2.016468e-01,-1.756759e-01,-1.541054e+00,3.733700e-18,916,4172
9.474773e-09,2.081744e-03,1.975434e-03,2.500004e-02,2.197482e+05,2.085254e+05,2.638805e+06,-1.600171e-03,-8.880194e-04,-1.683753e-02,3.733700e-18,916,41689
0.000000e+00,6.066295e-08,-6.186474e-08,5.781001e-07,0.000000e+00,0.000000e+00,0.000000e+00,-3.904724e+06,4.795744e+06,-3.979408e+07,3.246272e-18,917,0
9.547727e-10,2.340857e-04,-2.943777e-04,2.500357e-03,2.453028e+05,-3.086374e+05,2.620104e+06,-1.362286e-01,2.877526e-01,-1.366739e+00,3.246272e-18,917,4201
9.541591e-09,2.340603e-03,-2.944897e-03,2.500018e-02,2.453235e+05,-3.086805e+05,2.620310e+06,-1.842137e-03,1.627163e-03,-1.646189e-02,3.246272e-18,917,41983
0.000000e+00,1.841732e-07,-1.095616e-07,4.266667e-07,0.000000e+00,0.000000e+00,0.000000e+00,-2.708665e+07,1.634205e+07,-4.359317e+07,3.835185e-18,918,0
1.042273e-09,1.792113e-03,-1.092205e-03,2.500183e-03,1.720251e+06,-1.048429e+06,2.399488e+06,-6.324139e-01,3.997159e-01,-7.067006e-01,3.835185e-18,918,4586
1.041886e-08,1.792301e-02,-1.092340e-02,2.500010e-02,1.720355e+06,-1.048494e+06,2.399605e+06,-5.808585e-03,3.568705e-03,-7.966144e-03,3.835185e-18,918,45843
0.000000e+00,2.105888e-07,-1.021289e-07,4.181273e-07,0.000000e+00,0.000000e+00,0.000000e+00,-3.059764e+07,1.616399e+07,-4.448600e+07,3.808386e-18,919,0
1.022273e-09,1.969473e-03,-1.065858e-03,2.500503e-03,1.927429e+06,-1.043132e+06,2.446668e+06,-6.890276e-01,3.800348e-01,-6.714466e-01,3.808386e-18,919,4498
1.021795e-08,1.969434e-02,-1.065863e-02,2.500011e-02,1.927540e+06,-1.043193e+06,2.446777e+06,-6.091206e-03,3.227982e-03,-7.452713e-03,3.808386e-18,919,44959
0.000000e+00,1.160143e-07,-1.440143e-07,4.795929e-07,0.000000e+00,0.000000e+00,0.000000e+00,-1.706537e+07,1.960468e+07,-4.069633e+07,3.607966e-18,920,0
1.038864e-09,1.143197e-03,-1.353308e-03,2.500184e-03,1.101059e+06,-1.303463e+06,2.407553e+06,-4.785344e-01,5.924885e-01,-8.705222e-01,3.607966e-18,920,4571
1.038409e-08,1.143345e-02,-1.353522e-02,2.500042e-02,1.101137e+06,-1.303560e+06,2.407696e+06,-4.318095e-03,5.231190e-03,-9.646121e-03,3.607966e-18,920,45690
0.000000e+00,-1.201409e-07,1.671818e-07,2.385098e-07,0.000000e+00,0.000000e+00,0.000000e+00,4.446121e+07,-6.044758e+07,-6.836333e+07,5.503504e-18,921,0
8.115909e-10,-1.669206e-03,2.273160e-03,2.500391e-03,-2.057052e+06,2.801337e+06,3.081178e+06,4.082399e-01,-5.599941e-01,-5.137110e-01,5.503504e-18,921,3571
8.113864e-09,-1.669068e-02,2.272972e-02,2.500039e-02,-2.057104e+06,2.801409e+06,3.081244e+06,3.861889e-03,-5.400637e-03,-5.307211e-03,5.503504e-18,921,35701
0.000000e+00,1.640650e-07,1.256383e-08,4.942682e-07,0.000000e+00,0.000000e+00,0.000000e+00,-2.216116e+07,-2.221509e+06,-3.320031e+07,3.573615e-18,922,0
1.177500e-09,1.811710e-03,1.402701e-04,2.500439e-03,1.539616e+06,1.191876e+05,2.124382e+06,-6.577396e-01,-4.288549e-02,-7.162485e-01,3.573615e-18,922,5181
1.176818e-08,1.811837e-02,1.402618e-03,2.500026e-02,1.539738e+06,1.191956e+05,2.124516e+06,-5.413992e-03,-3.702915e-04,-8.601766e-03,3.573615e-18,922,51780
0.000000e+00,-1.827778e-07,6.408807e-08,5.867461e-07,0.000000e+00,0.000000e+00,0.000000e+00,1.462136e+07,-4.775732e+06,-3.531871e+07,3.002219e-18,923,0
1.058636e-09,-1.185459e-03,4.303345e-04,2.500251e-03,-1.120659e+06,4.068510e+05,2.362793e+06,6.603076e-01,-2.586559e-01,-9.971685e-01,3.002219e-18,923,4658
1.058068e-08,-1.185729e-02,4.304729e-03,2.500019e-02,-1.120769e+06,4.068941e+05,2.362961e+06,5.158605e-03,-2.055681e-03,-1.174842e-02,3.002219e-18,923,46555
0.000000e+00,-2.652984e-08,2.078532e-07,4.382673e-07,0.000000e+00,0.000000e+00,0.000000e+00,2.540735e+06,-1.823475e+07,-3.993828e+07,3.779487e-18,924,0
1.050455e-09,-1.908742e-04,1.425290e-03,2.500444e-03,-1.818439e+05,1.357772e+06,2.381439e+06,9.932309e-02,-7.308302e-01,-9.788854e-01,3.779487e-18,924,4622
1.049795e-08,-1.908973e-03,1.425379e-02,2.500036e-02,-1.818603e+05,1.357893e+06,2.381602e+06,8.911424e-04,-5.660463e-03,-1.114323e-02,3.779487e-18,924,46191
0.000000e+00,-4.580026e-08,1.510233e-07,3.615116e-07,0.000000e+00,0.000000e+00,0.000000e+00,9.793818e+06,-3.204709e+07,-5.472326e+07,4.567723e-18,925,0
8.213636e-10,-4.686900e-04,1.550860e-03,2.500456e-03,-5.708693e+05,1.888974e+06,3.045242e+06,2.395505e-01,-8.004828e-01,-1.107141e+00,4.567723e-18,925,3614
8.209545e-09,-4.686566e-03,1.550758e-02,2.500013e-02,-5.709004e+05,1.889078e+06,3.045385e+06,2.244373e-03,-7.542729e-03,-1.143338e-02,4.567723e-18,925,36122
0.000000e+00,-1.061587e-07,1.133007e-08,5.200753e-07,0.000000e+00,0.000000e+00,0.000000e+00,1.478535e+07,-1.790951e+06,-4.250353e+07,3.531119e-18,926,0
9.336364e-10,-9.542992e-04,2.605513e-04,2.500257e-03,-1.022891e+06,2.793927e+05,2.679358e+06,6.288667e-01,-2.180042e-01,-1.401342e+00,3.531119e-18,926,4108
9.330682e-09,-9.544203e-03,2.606848e-03,2.500038e-02,-1.022983e+06,2.794248e+05,2.679565e+06,5.705001e-03,-2.011367e-03,-1.496023e-02,3.531119e-18,926,41055
0.000000e+00,5.326484e-08,1.792431e-08,3.416124e-07,0.000000e+00,0.000000e+00,0.000000e+00,-1.930106e+07,-7.773312e+06,-7.725404e+07,5.184268e-18,927,0
6.295455e-10,6.338481e-04,2.570005e-04,2.500332e-03,1.007248e+06,4.084104e+05,3.972837e+06,-5.356651e-01,-2.234985e-01,-1.828576e+00,5.184268e-18,927,2770
6.292727e-09,6.338325e-03,2.570007e-03,2.500008e-02,1.007301e+06,4.084326e+05,3.973019e+06,-5.213081e-03,-2.036588e-03,-1.857575e-02,5.184268e-18,927,27688
0.000000e+00,-1.069553e-07,7.629328e-08,3.059345e-07,0.000000e+00,0.000000e+00,0.000000e+00,4.059449e+07,-2.676742e+07,-7.643784e+07,5.325325e-18,928,0
6.872727e-10,-1.372591e-03,9.057496e-04,2.500611e-03,-1.997728e+06,1.318258e+06,3.639150e+06,7.162291e-01,-4.708477e-01,-1.117855e+00,5.325325e-18,928,3024
6.869773e-09,-1.372394e-02,9.056138e-03,2.500027e-02,-1.997806e+06,1.318309e+06,3.639271e+06,6.797990e-03,-4.532113e-03,-1.141920e-02,5.325325e-18,928,30227
0.000000e+00,1.549471e-08,-9.465996e-08,3.773435e-07,0.000000e+00,0.000000e+00,0.000000e+00,5.642560e+05,1.717797e+07,-6.555851e+07,4.685996e-18,929,0
7.011364e-10,-2.486652e-06,-7.145638e-04,2.500029e-03,-3.571359e+03,-1.019621e+06,3.566988e+06,1.023882e-02,5.644267e-01,-1.748221e+00,4.685996e-18,929,3085
7.008864e-09,-2.501974e-05,-7.146381e-03,2.500063e-02,-3.572516e+03,-1.019683e+06,3.567182e+06,3.026071e-04,5.617792e-03,-1.814781e-02,4.685996e-18,929,30839
0.000000e+00,1.364958e-07,6.594302e-08,2.276385e-07,0.000000e+00,0.000000e+00,0.000000e+00,-7.394871e+07,-3.553161e+07,-1.024661e+08,6.289608e-18,930,0
5.684091e-10,1.825533e-03,8.772854e-04,2.500961e-03,3.212005e+06,1.543572e+06,4.400250e+06,-7.272413e-01,-3.472427e-01,-8.877592e-01,6.289608e-18,930,2501
5.681591e-09,1.824937e-02,8.769980e-03,2.500058e-02,3.212070e+06,1.543603e+06,4.400330e+06,-7.187374e-03,-3.466868e-03,-8.964738e-03,6.289608e-18,930,24999
0.000000e+00,-6.808999e-08,8.208420e-08,1.579580e-07,0.000000e+00,0.000000e+00,0.000000e+00,1.006882e+08,-1.234507e+08,-2.173086e+08,8.816119e-18,931,0
2.852273e-10,-1.159893e-03,1.422152e-03,2.501230e-03,-4.066504e+06,4.985970e+06,8.769074e+06,4.870520e-01,-5.993124e-01,-9.907983e-01,8.816119e-18,931,1255
2.851136e-09,-1.159422e-02,1.421575e-02,2.500197e-02,-4.066526e+06,4.985997e+06,8.769119e+06,4.885902e-03,-5.967799e-03,-9.964327e-03,8.816119e-18,931,12545
0.000000e+00,1.319976e-07,-1.306425e-07,5.531014e-07,0.000000e+00,0.000000e+00,0.000000e+00,-1.733039e+07,1.606724e+07,-3.614728e+07,3.201528e-18,932,0
1.091136e-09,1.268272e-03,-1.216674e-03,2.500343e-03,1.163046e+06,-1.115777e+06,2.292323e+06,-5.185865e-01,5.179331e-01,-8.043854e-01,3.201528e-18,932,4801
1.090591e-08,1.268403e-02,-1.216849e-02,2.500010e-02,1.163136e+06,-1.115866e+06,2.292462e+06,-4.449166e-03,4.227089e-03,-9.280644e-03,3.201528e-18,932,47986
0.000000e+00,-1.719271e-07,-2.008305e-07,4.021209e-07,0.000000e+00,0.000000e+00,0.000000e+00,2.411201e+07,2.873071e+07,-3.542822e+07,3.751818e-18,933,0
1.282955e-09,-1.938801e-03,-2.312687e-03,2.500387e-03,-1.511827e+06,-1.803383e+06,1.949338e+06,3.856458e-01,4.651175e-01,-3.568482e-01,3.751818e-18,933,5645
1.282500e-08,-1.938912e-02,-2.312832e-02,2.500042e-02,-1.511905e+06,-1.803477e+06,1.949411e+06,3.413279e-03,3.862799e-03,-4.268994e-03,3.751818e-18,933,56430
0.000000e+00,-2.053712e-07,1.100292e-07,2.254703e-07,0.000000e+00,0.000000e+00,0.000000e+00,7.091595e+07,-3.641658e+07,-5.551792e+07,5.326387e-18,934,0
9.981818e-10,-3.305830e-03,1.697686e-03,2.500375e-03,-3.312361e+06,1.701032e+06,2.505125e+06,4.735752e-01,-2.403868e-01,-2.757508e-01,5.326387e-18,934,4392
9.979545e-09,-3.305590e-02,1.697555e-02,2.500014e-02,-3.312435e+06,1.701069e+06,2.505169e+06,4.230651e-03,-2.203371e-03,-2.918794e-03,5.326387e-18,934,43910
0.000000e+00,1.430033e-07,2.233075e-07,3.561316e-07,0.000000e+00,0.000000e+00,0.000000e+00,-2.581284e+07,-3.692138e+07,-3.829930e+07,4.008445e-18,935,0
1.240227e-09,1.876708e-03,2.661918e-03,2.500241e-03,1.513754e+06,2.147046e+06,2.016286e+06,-3.557913e-01,-4.784570e-01,-3.151355e-01,4.008445e-18,935,5457
1.239909e-08,1.876913e-02,2.662138e-02,2.500028e-02,1.513824e+06,2.147140e+06,2.016349e+06,-3.026592e-03,-4.068139e-03,-3.715435e-03,4.008445e-18,935,54556
0.000000e+00,-2.265416e-07,3.657351e-08,2.744038e-07,0.000000e+00,0.000000e+00,0.000000e+00,6.143654e+07,-1.172017e+07,-5.242769e+07,4.899079e-18,936,0
1.000227e-09,-3.088446e-03,5.984898e-04,2.500175e-03,-3.088458e+06,5.985082e+05,2.499930e+06,6.166383e-01,-1.254119e-01,-3.872309e-01,4.899079e-18,936,4401
1.000023e-08,-3.088529e-02,5.985211e-03,2.500000e-02,-3.088555e+06,5.985279e+05,2.499992e+06,5.570966e-03,-1.126997e-03,-4.172892e-03,4.899079e-18,936,44001
0.000000e+00,9.189434e-09,-2.258882e-08,4.693371e-07,0.000000e+00,0.000000e+00,0.000000e+00,8.333873e+05,2.627565e+06,-4.960561e+07,3.975759e-18,937,0
8.143182e-10,-4.642820e-05,-1.558035e-04,2.500051e-03,-5.710607e+04,-1.914527e+05,3.071914e+06,7.332544e-02,1.245563e-01,-1.955047e+00,3.975759e-18,937,3583
8.138409e-09,-4.647354e-04,-1.558117e-03,2.500056e-02,-5.711551e+04,-1.914687e+05,3.072166e+06,5.734980e-04,1.267445e-03,-2.019483e-02,3.975759e-18,937,35809
0.000000e+00,1.175636e-07,-1.999538e-07,2.146422e-07,0.000000e+00,0.000000e+00,0.000000e+00,-4.404980e+07,7.404074e+07,-5.555899e+07,5.454465e-18,938,0
1.014773e-09,2.046166e-03,-3.447983e-03,2.500267e-03,2.016631e+06,-3.398242e+06,2.464010e+06,-2.374639e-01,4.240877e-01,-2.270430e-01,5.454465e-18,938,4465
1.014614e-08,2.046105e-02,-3.447908e-02,2.500031e-02,2.016669e+06,-3.398310e+06,2.464046e+06,-2.187332e-03,3.725529e-03,-2.457409e-03,5.454465e-18,938,44643
0.000000e+00,-6.666091e-09,-1.922767e-07,2.921784e-07,0.000000e+00,0.000000e+00,0.000000e+00,1.082943e+05,5.825827e+07,-6.518107e+07,5.053225e-18,939,0
8.111364e-10,1.173020e-05,-2.321028e-03,2.500592e-03,1.450003e+04,-2.862150e+06,3.083315e+06,-2.654814e-02,7.746199e-01,-7.020388e-01,5.053225e-18,939,3569
8.108182e-09,1.175581e-04,-2.320687e-02,2.500022e-02,1.450342e+04,-2.862250e+06,3.083405e+06,3.022626e-05,7.501600e-03,-7.358554e-03,5.053225e-18,939,35676
0.000000e+00,-3.612719e-09,1.433432e-07,3.648286e-07,0.000000e+00,0.000000e+00,0.000000e+00,1.065209e+06,-3.194893e+07,-5.705739e+07,4.602871e-18,940,0
8.093182e-10,-7.165671e-05,1.549545e-03,2.500240e-03,-8.858039e+04,1.915477e+06,3.090296e+06,3.284456e-02,-8.227874e-01,-1.159511e+00,4.602871e-18,940,3561
8.090000e-09,-7.166077e-04,1.549615e-02,2.500060e-02,-8.858460e+04,1.915582e+06,3.090444e+06,2.665196e-04,-7.769184e-03,-1.191891e-02,4.602871e-18,940,35596
0.000000e+00,-2.338117e-08,-7.510748e-08,3.602138e-07,0.000000e+00,0.000000e+00,0.000000e+00,6.888230e+06,2.161903e+07,-7.101023e+07,4.913821e-18,941,0
6.656818e-10,-2.772005e-04,-8.013852e-04,2.500722e-03,-4.166196e+05,-1.204376e+06,3.757800e+06,2.325972e-01,6.284834e-01,-1.690218e+00,4.913821e-18,941,2929
6.652955e-09,-2.771737e-03,-8.012639e-03,2.500058e-02,-4.166440e+05,-1.204442e+06,3.757978e+06,2.110789e-03,5.859348e-03,-1.728725e-02,4.913821e-18,941,29273
0.000000e+00,-1.962996e-07,1.377143e-07,3.440114e-07,0.000000e+00,0.000000e+00,0.000000e+00,3.786132e+07,-2.635115e+07,-4.480315e+07,4.256320e-18,942,0
1.076136e-09,-2.296035e-03,1.578192e-03,2.500482e-03,-2.134333e+06,1.467031e+06,2.324031e+06,5.628622e-01,-3.806906e-01,-4.654162e-01,4.256320e-18,942,4735
1.075727e-08,-2.295957e-02,1.578123e-02,2.500038e-02,-2.134429e+06,1.467095e+06,2.324111e+06,4.944358e-03,-3.370251e-03,-5.182413e-03,4.256320e-18,942,47332
0.000000e+00,2.834870e-08,5.415974e-08,3.585417e-07,0.000000e+00,0.000000e+00,0.000000e+00,-5.945865e+06,-1.704834e+07,-7.210691e+07,4.960751e-18,943,0
6.547727e-10,2.136207e-04,6.135285e-04,2.500488e-03,3.263712e+05,9.374378e+05,3.820134e+06,-1.635561e-01,-5.219564e-01,-1.841705e+00,4.960751e-18,943,2881
6.544318e-09,2.135881e-03,6.134874e-03,2.500027e-02,3.263882e+05,9.374918e+05,3.820325e+06,-1.654210e-03,-5.052291e-03,-1.872144e-02,4.960751e-18,943,28795
0.000000e+00,-5.992688e-08,-1.017912e-07,6.093904e-07,0.000000e+00,0.000000e+00,0.000000e+00,6.868943e+06,1.021888e+07,-3.865978e+07,3.045524e-18,944,0
9.127273e-10,-5.737390e-04,-7.831403e-04,2.500329e-03,-6.290063e+05,-8.585689e+05,2.740743e+06,3.361568e-01,4.963051e-01,-1.425773e+00,3.045524e-18,944,4016
9.121591e-09,-5.737495e-03,-7.831501e-03,2.500011e-02,-6.290547e+05,-8.586404e+05,2.740948e+06,3.546184e-03,4.770374e-03,-1.517518e-02,3.045524e-18,944,40135
0.000000e+00,1.311516e-07,3.075125e-08,6.207290e-07,0.000000e+00,0.000000e+00,0.000000e+00,-1.138398e+07,-2.612839e+06,-2.965553e+07,2.961938e-18,945,0
1.170000e-09,1.166627e-03,9.094091e-05,2.500444e-03,9.979836e+05,7.776517e+04,2.138393e+06,-5.758246e-01,-4.218013e-02,-1.025539e+00,2.961938e-18,945,5148
1.169114e-08,1.166747e-02,9.091865e-04,2.500042e-02,9.980897e+05,7.777290e+04,2.138584e+06,-5.388704e-03,-4.072700e-04,-1.194315e-02,2.961938e-18,945,51441
0.000000e+00,1.705862e-07,2.293459e-07,4.445389e-07,0.000000e+00,0.000000e+00,0.000000e+00,-2.361599e+07,-2.694821e+07,-3.176198e+07,3.416775e-18,946,0
1.351136e-09,2.023123e-03,2.340496e-03,2.500417e-03,1.498002e+06,1.732984e+06,1.850981e+06,-3.778690e-01,-4.397783e-01,-3.239642e-01,3.416775e-18,946,5945
1.350636e-08,2.023248e-02,2.340626e-02,2.500021e-02,1.498082e+06,1.733078e+06,1.851051e+06,-3.295807e-03,-3.695720e-03,-3.998050e-03,3.416775e-18,946,59428
0.000000e+00,2.635565e-08,1.878664e-07,4.986770e-07,0.000000e+00,0.000000e+00,0.000000e+00,-9.982100e+06,-2.582940e+07,-3.644086e+07,3.475784e-18,947,0
1.092500e-09,6.585968e-04,1.962691e-03,2.500407e-03,6.031518e+05,1.797549e+06,2.289528e+06,-2.162006e-01,-7.343924e-01,-7.476005e-01,3.475784e-18,947,4807
1.091932e-08,6.585962e-03,1.962791e-02,2.500023e-02,6.031890e+05,1.797676e+06,2.289657e+06,-1.795309e-03,-6.146112e-03,-8.268180e-03,3.475784e-18,947,48045
0.000000e+00,-1.529635e-07,-5.194242e-08,3.884317e-07,0.000000e+00,0.000000e+00,0.000000e+00,2.773290e+07,7.656770e+06,-5.164121e+07,4.324674e-18,948,0
8.706818e-10,-1.522515e-03,-4.235113e-04,2.500395e-03,-1.749511e+06,-4.866576e+05,2.872786e+06,7.781190e-01,2.294572e-01,-1.107396e+00,4.324674e-18,948,3831
8.702500e-09,-1.522506e-02,-4.235129e-03,2.500052e-02,-1.749618e+06,-4.866891e+05,2.872939e+06,7.478314e-03,2.196856e-03,-1.160633e-02,4.324674e-18,948,38291
0.000000e+00,-1.225844e-07,-5.688344e-08,3.859601e-07,0.000000e+00,0.000000e+00,0.000000e+00,2.358952e+07,1.083938e+07,-5.556150e+07,4.449287e-18,949,0
7.997727e-10,-1.146775e-03,-5.467308e-04,2.500380e-03,-1.434596e+06,-6.839622e+05,3.127527e+06,7.211352e-01,3.486027e-01,-1.348514e+00,4.449287e-18,949,3519
7.993636e-09,-1.146760e-02,-5.467324e-03,2.500040e-02,-1.434687e+06,-6.840062e+05,3.127698e+06,6.907237e-03,3.305407e-03,-1.409538e-02,4.449287e-18,949,35172
0.000000e+00,-2.001434e-07,-1.269838e-07,5.009340e-07,0.000000e+00,0.000000e+00,0.000000e+00,2.009692e+07,1.596195e+07,-3.605132e+07,3.322856e-18,950,0
1.145682e-09,-1.741982e-03,-1.167979e-03,2.500446e-03,-1.521396e+06,-1.020000e+06,2.183160e+06,6.227629e-01,3.862425e-01,-6.273516e-01,3.322856e-18,950,5041
1.145136e-08,-1.742196e-02,-1.168037e-02,2.500036e-02,-1.521508e+06,-1.020070e+06,2.183274e+06,4.881339e-03,3.194609e-03,-7.559674e-03,3.322856e-18,950,50386
0.000000e+00,-2.142331e-07,1.639392e-08,3.674180e-07,0.000000e+00,0.000000e+00,0.000000e+00,4.191970e+07,-3.995923e+06,-4.755865e+07,4.242898e-18,951,0
9.809091e-10,-2.375118e-03,1.484646e-04,2.500384e-03,-2.422238e+06,1.514305e+05,2.549642e+06,7.383057e-01,-7.497884e-02,-6.337714e-01,4.242898e-18,951,4316
9.805455e-09,-2.375111e-02,1.484855e-03,2.500053e-02,-2.422353e+06,1.514421e+05,2.549740e+06,6.962286e-03,-5.134450e-04,-6.871654e-03,4.242898e-18,951,43144
0.000000e+00,1.192510e-07,-1.143152e-07,4.075311e-07,0.000000e+00,0.000000e+00,0.000000e+00,-2.034029e+07,1.955483e+07,-4.705197e+07,4.171299e-18,952,0
9.450000e-10,1.219344e-03,-1.199019e-03,2.500106e-03,1.290991e+06,-1.269478e+06,2.646602e+06,-5.563057e-01,5.468263e-01,-9.928977e-01,4.171299e-18,952,4158
9.446136e-09,1.219482e-02,-1.199160e-02,2.500027e-02,1.291074e+06,-1.269559e+06,2.646750e+06,-5.051627e-03,5.030896e-03,-1.049590e-02,4.171299e-18,952,41563
0.000000e+00,-2.323816e-07,-4.986138e-08,3.949371e-07,0.000000e+00,0.000000e+00,0.000000e+00,3.696827e+07,9.437283e+06,-4.004046e+07,3.922715e-18,953,0
1.151136e-09,-2.607383e-03,-7.156095e-04,2.500320e-03,-2.265998e+06,-6.219479e+05,2.172532e+06,6.511179e-01,1.885344e-01,-4.610710e-01,3.922715e-18,953,5065
1.150727e-08,-2.607538e-02,-7.156880e-03,2.500008e-02,-2.266116e+06,-6.219821e+05,2.172616e+06,5.494801e-03,1.492345e-03,-5.294683e-03,3.922715e-18,953,50632
0.000000e+00,-7.177141e-08,-3.122556e-08,2.830023e-07,0.000000e+00,0.000000e+00,0.000000e+00,3.345494e+07,1.416135e+07,-1.046706e+08,5.980539e-18,954,0
5.290909e-10,-8.158433e-04,-3.446654e-04,2.500912e-03,-1.542309e+06,-6.515700e+05,4.727574e+06,6.177805e-01,2.614862e-01,-1.708348e+00,5.980539e-18,954,2328
5.288182e-09,-8.156037e-03,-3.445632e-03,2.500043e-02,-1.542361e+06,-6.515918e+05,4.727717e+06,6.142758e-03,2.571277e-03,-1.724718e-02,5.980539e-18,954,23268
0.000000e+00,-1.085336e-09,-1.582393e-07,4.988870e-07,0.000000e+00,0.000000e+00,0.000000e+00,-2.672765e+06,2.138714e+07,-3.441416e+07,3.582750e-18,955,0
1.136818e-09,1.748234e-04,-1.678547e-03,2.500318e-03,1.538806e+05,-1.477490e+06,2.200325e+06,-5.674637e-02,6.532975e-01,-7.877117e-01,3.582750e-18,955,5002
1.136205e-08,1.748373e-03,-1.678721e-02,2.500034e-02,1.538907e+05,-1.477607e+06,2.200467e+06,-6.432811e-04,5.955219e-03,-9.290897e-03,3.582750e-18,955,49993
0.000000e+00,-3.821187e-08,-1.688378e-07,3.393212e-07,0.000000e+00,0.000000e+00,0.000000e+00,9.179216e+06,4.001372e+07,-6.107922e+07,4.713904e-18,956,0
7.893182e-10,-3.934011e-04,-1.687179e-03,2.500037e-03,-4.985745e+05,-2.138257e+06,3.168174e+06,1.803491e-01,8.044520e-01,-1.056878e+00,4.713904e-18,956,3473
7.891136e-09,-3.934319e-03,-1.687328e-02,2.500061e-02,-4.985970e+05,-2.138357e+06,3.168306e+06,1.840989e-03,7.775474e-03,-1.088099e-02,4.713904e-18,956,34721
0.000000e+00,2.717191e-08,-1.529605e-08,6.249797e-07,0.000000e+00,0.000000e+00,0.000000e+00,-2.694768e+06,8.120999e+05,-3.887790e+07,3.023785e-18,957,0
8.943182e-10,1.786595e-04,-4.187742e-06,2.500502e-03,1.999705e+05,-4.631941e+03,2.797641e+06,-1.854009e-01,-5.975389e-03,-1.739875e+00,3.023785e-18,957,3935
8.936136e-09,1.786960e-03,-4.143123e-05,2.500026e-02,1.999966e+05,-4.631016e+03,2.797888e+06,-1.278463e-03,-7.288722e-04,-1.881155e-02,3.023785e-18,957,39319
0.000000e+00,1.585269e-07,2.429730e-07,4.251277e-07,0.000000e+00,0.000000e+00,0.000000e+00,-1.915945e+07,-3.099077e+07,-2.926692e+07,3.493170e-18,958,0
1.459773e-09,1.810213e-03,2.896514e-03,2.500074e-03,1.240574e+06,1.985043e+06,1.712973e+06,-2.729869e-01,-4.372250e-01,-2.569794e-01,3.493170e-18,958,6423
1.459455e-08,1.810555e-02,2.897069e-02,2.500024e-02,1.240637e+06,1.985143e+06,1.713034e+06,-2.388096e-03,-3.825263e-03,-3.296754e-03,3.493170e-18,958,64216
0.000000e+00,1.378335e-08,-9.779250e-08,6.671061e-07,0.000000e+00,0.000000e+00,0.000000e+00,-4.256726e+05,3.450182e+06,-3.942672e+07,2.788664e-18,959,0
8.988636e-10,1.438399e-05,-2.685803e-04,2.500505e-03,1.598844e+04,-2.989683e+05,2.783455e+06,-1.831492e-02,2.000344e-01,-1.762861e+00,2.788664e-18,959,3955
8.981591e-09,1.436322e-04,-2.685250e-03,2.500009e-02,1.599118e+04,-2.989968e+05,2.783706e+06,-5.875267e-04,1.853085e-03,-1.893257e-02,2.788664e-18,959,39519
0.000000e+00,3.538069e-08,-9.476432e-08,3.390348e-07,0.000000e+00,0.000000e+00,0.000000e+00,-1.730610e+07,2.586878e+07,-6.711109e+07,5.084058e-18,960,0
6.422727e-10,6.049466e-04,-8.004672e-04,2.500146e-03,9.422670e+05,-1.246690e+06,3.893820e+06,-4.392999e-01,5.670729e-01,-1.586091e+00,5.084058e-18,960,2826
6.420455e-09,6.049750e-03,-8.004342e-03,2.500011e-02,9.423116e+05,-1.246747e+06,3.893981e+06,-4.335083e-03,5.537875e-03,-1.623643e-02,5.084058e-18,960,28250
0.000000e+00,-2.045718e-07,-1.290139e-07,3.173677e-07,0.000000e+00,0.000000e+00,0.000000e+00,4.199914e+07,2.681924e+07,-4.540280e+07,4.442107e-18,961,0
1.077955e-09,-2.488976e-03,-1.600328e-03,2.500132e-03,-2.309716e+06,-1.485071e+06,2.319757e+06,5.611669e-01,3.585537e-01,-4.305681e-01,4.442107e-18,961,4743
1.077705e-08,-2.489189e-02,-1.600466e-02,2.500026e-02,-2.309811e+06,-1.485132e+06,2.319831e+06,4.936990e-03,3.163501e-03,-4.655170e-03,4.442107e-18,961,47419
0.000000e+00,2.178930e-07,-1.471918e-07,3.360828e-07,0.000000e+00,0.000000e+00,0.000000e+00,-3.860814e+07,2.838780e+07,-3.879194e+07,4.179863e-18,962,0
1.232500e-09,2.672194e-03,-1.980155e-03,2.500396e-03,2.168789e+06,-1.607142e+06,2.029041e+06,-4.518537e-01,3.397487e-01,-3.017376e-01,4.179863e-18,962,5423
1.232114e-08,2.672191e-02,-1.980177e-02,2.500024e-02,2.168877e+06,-1.607208e+06,2.029100e+06,-3.769262e-03,2.852016e-03,-3.584861e-03,4.179863e-18,962,54213
0.000000e+00,5.539749e-08,-1.257772e-07,5.287049e-07,0.000000e+00,0.000000e+00,0.000000e+00,-8.416418e+06,1.440256e+07,-3.765947e+07,3.446985e-18,963,0
1.060909e-09,6.396312e-04,-1.109157e-03,2.500070e-03,6.033529e+05,-1.046262e+06,2.357666e+06,-3.211152e-01,5.843475e-01,-1.036444e+00,3.446985e-18,963,4668
1.060364e-08,6.397687e-03,-1.109413e-02,2.500000e-02,6.034065e+05,-1.046360e+06,2.357840e+06,-2.961416e-03,4.728990e-03,-1.178476e-02,3.446985e-18,963,46656
0.000000e+00,-1.080457e-07,2.205148e-08,5.920358e-07,0.000000e+00,0.000000e+00,0.000000e+00,1.005634e+07,-2.741475e+06,-3.442362e+07,3.119807e-18,964,0
1.072045e-09,-7.916740e-04,3.140711e-04,2.500404e-03,-7.390882e+05,2.932293e+05,2.333654e+06,4.715295e-01,-1.781268e-01,-1.170265e+00,3.119807e-18,964,4717
1.071273e-08,-7.917624e-03,3.141242e-03,2.500000e-02,-7.391678e+05,2.932594e+05,2.333853e+06,4.106002e-03,-1.708658e-03,-1.373431e-02,3.119807e-18,964,47136
0.000000e+00,-8.829560e-08,-3.308490e-08,6.600942e-07,0.000000e+00,0.000000e+00,0.000000e+00,8.352149e+06,-9.516074e+05,-3.682061e+07,2.810444e-18,965,0
9.350000e-10,-5.876695e-04,6.442789e-05,2.500513e-03,-6.290852e+05,6.898429e+04,2.675917e+06,4.998234e-01,-3.643375e-02,-1.637192e+00,2.810444e-18,965,4114
9.342727e-09,-5.877359e-03,6.444663e-04,2.500057e-02,-6.291589e+05,6.898967e+04,2.676159e+06,4.194752e-03,-3.678928e-04,-1.730879e-02,2.810444e-18,965,41108
0.000000e+00,9.638735e-08,1.493223e-07,1.979761e-07,0.000000e+00,0.000000e+00,0.000000e+00,-5.677765e+07,-8.593351e+07,-9.533448e+07,6.414457e-18,966,0
6.200000e-10,1.505157e-03,2.276435e-03,2.500762e-03,2.427861e+06,3.671942e+06,4.033662e+06,-3.855797e-01,-5.762417e-01,-5.544713e-01,6.414457e-18,966,2728
6.197955e-09,1.504783e-02,2.275862e-02,2.500060e-02,2.427898e+06,3.671999e+06,4.033716e+06,-3.772531e-03,-5.666765e-03,-5.616578e-03,6.414457e-18,966,27271
0.000000e+00,-1.482221e-07,-1.323821e-07,5.420211e-07,0.000000e+00,0.000000e+00,0.000000e+00,1.640201e+07,1.292033e+07,-3.566750e+07,3.221638e-18,967,0
1.067727e-09,-1.154696e-03,-1.051355e-03,2.500462e-03,-1.082119e+06,-9.853224e+05,2.342807e+06,5.170916e-01,4.748316e-01,-9.092089e-01,3.221638e-18,967,4698
1.067091e-08,-1.154718e-02,-1.051422e-02,2.500008e-02,-1.082206e+06,-9.854023e+05,2.342961e+06,4.210670e-03,3.774863e-03,-1.031312e-02,3.221638e-18,967,46952
0.000000e+00,1.747465e-07,-2.282757e-07,4.296681e-07,0.000000e+00,0.000000e+00,0.000000e+00,-2.165442e+07,2.787675e+07,-3.374983e+07,3.488114e-18,968,0
1.446364e-09,1.812403e-03,-2.456080e-03,2.500228e-03,1.253673e+06,-1.698905e+06,1.729042e+06,-3.355585e-01,4.441250e-01,-3.211620e-01,3.488114e-18,968,6364
1.445886e-08,1.812664e-02,-2.456417e-02,2.500018e-02,1.253749e+06,-1.699006e+06,1.729117e+06,-2.918663e-03,3.966812e-03,-4.087643e-03,3.488114e-18,968,63619
0.000000e+00,1.840080e-07,4.284026e-08,4.813680e-07,0.000000e+00,0.000000e+00,0.000000e+00,-2.451803e+07,-8.008094e+06,-3.794845e+07,3.571328e-18,969,0
1.100227e-09,1.845709e-03,6.537209e-04,2.500307e-03,1.678593e+06,5.945460e+05,2.273361e+06,-7.190070e-01,-2.394157e-01,-7.528528e-01,3.571328e-18,969,4841
1.099705e-08,1.845946e-02,6.538175e-03,2.500042e-02,1.678718e+06,5.945876e+05,2.273492e+06,-5.944251e-03,-2.351230e-03,-8.434962e-03,3.571328e-18,969,48387
0.000000e+00,-1.454139e-07,-9.507811e-08,2.325418e-07,0.000000e+00,0.000000e+00,0.000000e+00,6.624927e+07,4.510812e+07,-8.722639e+07,5.961803e-18,970,0
6.563636e-10,-1.931587e-03,-1.316673e-03,2.500634e-03,-2.943246e+06,-2.006285e+06,3.810156e+06,6.369398e-01,4.391046e-01,-7.148675e-01,5.961803e-18,970,2888
6.561591e-09,-1.931245e-02,-1.316447e-02,2.500083e-02,-2.943312e+06,-2.006331e+06,3.810230e+06,6.241308e-03,4.279699e-03,-7.292339e-03,5.961803e-18,970,28871
0.000000e+00,-4.378874e-09,1.204620e-07,3.951571e-07,0.000000e+00,0.000000e+00,0.000000e+00,3.837009e+06,-2.244100e+07,-5.518754e+07,4.413360e-18,971,0
7.804545e-10,-1.553298e-04,1.069903e-03,2.500304e-03,-1.991226e+05,1.371593e+06,3.204923e+06,9.284633e-02,-7.430032e-01,-1.490534e+00,4.413360e-18,971,3434
7.800682e-09,-1.553282e-03,1.069933e-02,2.500066e-02,-1.991340e+05,1.371685e+06,3.205107e+06,9.007145e-04,-7.069274e-03,-1.533311e-02,4.413360e-18,971,34323
0.000000e+00,2.806316e-07,4.040794e-08,4.531839e-07,0.000000e+00,0.000000e+00,0.000000e+00,-3.868069e+07,-4.698349e+06,-3.418875e+07,3.392999e-18,972,0
1.306364e-09,3.170178e-03,5.384238e-04,2.500225e-03,2.427647e+06,4.124086e+05,1.914180e+06,-5.620011e-01,-1.385335e-01,-3.059405e-01,3.392999e-18,972,5748
1.306045e-08,3.170609e-02,5.386190e-03,2.500028e-02,2.427762e+06,4.124371e+05,1.914244e+06,-4.705961e-03,-1.097937e-03,-3.762568e-03,3.392999e-18,972,57466
0.000000e+00,2.845565e-07,1.405257e-08,3.816172e-07,0.000000e+00,0.000000e+00,0.000000e+00,-4.149085e+07,-3.855642e+06,-3.539473e+07,3.754299e-18,973,0
1.326364e-09,3.251108e-03,3.129976e-04,2.500329e-03,2.452069e+06,2.360601e+05,1.885405e+06,-5.633869e-01,-4.387379e-02,-2.816731e-01,3.754299e-18,973,5836
1.325977e-08,3.251382e-02,3.130090e-03,2.500023e-02,2.452187e+06,2.360693e+05,1.885465e+06,-4.750340e-03,-4.913418e-04,-3.609295e-03,3.754299e-18,973,58343
0.000000e+00,1.601145e-07,1.212643e-08,5.103551e-07,0.000000e+00,0.000000e+00,0.000000e+00,-1.745107e+07,-2.359562e+06,-4.601530e+07,3.488780e-18,974,0
8.534091e-10,1.037309e-03,1.349049e-04,2.500433e-03,1.216200e+06,1.582034e+05,2.931329e+06,-6.897633e-01,-1.105711e-01,-1.539456e+00,3.488780e-18,974,3755
8.528636e-09,1.037251e-02,1.349246e-03,2.500037e-02,1.216293e+06,1.582183e+05,2.931537e+06,-6.568293e-03,-1.046032e-03,-1.600437e-02,3.488780e-18,974,37526
0.000000e+00,1.415362e-07,2.247939e-07,4.695292e-07,0.000000e+00,0.000000e+00,0.000000e+00,-1.562252e+07,-2.657991e+07,-3.716008e+07,3.374746e-18,975,0
1.133182e-09,1.152525e-03,1.962258e-03,2.500188e-03,1.017598e+06,1.732506e+06,2.206983e+06,-3.868343e-01,-6.297801e-01,-5.996810e-01,3.374746e-18,975,4986
1.132773e-08,1.152706e-02,1.962532e-02,2.500028e-02,1.017667e+06,1.732618e+06,2.207091e+06,-3.192697e-03,-5.378328e-03,-6.848792e-03,3.374746e-18,975,49842
0.000000e+00,-1.183285e-07,2.007859e-07,2.994929e-07,0.000000e+00,0.000000e+00,0.000000e+00,2.946937e+07,-4.744848e+07,-4.773434e+07,4.647222e-18,976,0
1.061136e-09,-1.643425e-03,2.642690e-03,2.500216e-03,-1.549171e+06,2.491114e+06,2.356521e+06,3.344295e-01,-5.374468e-01,-3.837739e-01,4.647222e-18,976,4669
1.060886e-08,-1.643493e-02,2.642788e-02,2.500015e-02,-1.549227e+06,2.491204e+06,2.356586e+06,2.984259e-03,-4.654448e-03,-4.190615e-03,4.647222e-18,976,46679
0.000000e+00,-1.896597e-07,-2.032150e-07,4.524255e-07,0.000000e+00,0.000000e+00,0.000000e+00,2.339514e+07,2.418057e+07,-3.277390e+07,3.415564e-18,977,0
1.312727e-09,-1.983401e-03,-2.020802e-03,2.500135e-03,-1.511592e+06,-1.540088e+06,1.904962e+06,4.186487e-01,4.281567e-01,-3.700777e-01,3.415564e-18,977,5776
1.312364e-08,-1.983752e-02,-2.021150e-02,2.500022e-02,-1.511678e+06,-1.540176e+06,1.905040e+06,3.681279e-03,3.740359e-03,-4.656263e-03,3.415564e-18,977,57744
0.000000e+00,-1.866398e-07,1.428016e-07,2.952656e-07,0.000000e+00,0.000000e+00,0.000000e+00,4.474429e+07,-3.596637e+07,-5.063811e+07,4.672001e-18,978,0
1.012955e-09,-2.323722e-03,1.885248e-03,2.500179e-03,-2.294589e+06,1.861638e+06,2.468567e+06,5.019960e-01,-4.184957e-01,-4.174523e-01,4.672001e-18,978,4457
1.012750e-08,-2.323847e-02,1.885374e-02,2.500055e-02,-2.294670e+06,1.861705e+06,2.468634e+06,4.536703e-03,-3.751047e-03,-4.576386e-03,4.672001e-18,978,44561
0.000000e+00,8.764767e-08,-7.532024e-08,5.949182e-07,0.000000e+00,0.000000e+00,0.000000e+00,-8.211161e+06,2.284523e+06,-3.948046e+07,3.128824e-18,979,0
9.022727e-10,5.596183e-04,-1.446505e-04,2.500262e-03,6.206813e+05,-1.603440e+05,2.772704e+06,-4.229099e-01,7.527416e-02,-1.694906e+00,3.128824e-18,979,3970
9.016591e-09,5.596428e-03,-1.445805e-03,2.500049e-02,6.207414e+05,-1.603547e+05,2.772946e+06,-3.788130e-03,6.235978e-04,-1.757536e-02,3.128824e-18,979,39673
0.000000e+00,-1.047966e-07,1.653670e-08,2.833036e-07,0.000000e+00,0.000000e+00,0.000000e+00,4.412839e+07,-7.340465e+06,-9.405979e+07,5.808096e-18,980,0
5.797727e-10,-1.200274e-03,2.018176e-04,2.500003e-03,-2.070734e+06,3.481855e+05,4.312786e+06,7.866652e-01,-1.365774e-01,-1.469207e+00,5.808096e-18,980,2551
5.796818e-09,-1.200370e-02,2.018371e-03,2.500059e-02,-2.070806e+06,3.481980e+05,4.312921e+06,7.783000e-03,-1.400291e-03,-1.485727e-02,5.808096e-18,980,25506
0.000000e+00,1.047843e-07,2.892561e-08,5.374261e-07,0.000000e+00,0.000000e+00,0.000000e+00,-1.291602e+07,-4.774846e+06,-3.900542e+07,3.425180e-18,981,0
1.005227e-09,8.269117e-04,4.309244e-04,2.500200e-03,8.231971e+05,4.290063e+05,2.488531e+06,-4.805767e-01,-2.404828e-01,-1.272886e+00,3.425180e-18,981,4423
1.004614e-08,8.269932e-03,4.309816e-03,2.500029e-02,8.232732e+05,4.290444e+05,2.488733e+06,-4.047584e-03,-1.728251e-03,-1.414272e-02,3.425180e-18,981,44203
0.000000e+00,-1.699389e-07,-7.055590e-08,4.539004e-07,0.000000e+00,0.000000e+00,0.000000e+00,2.103777e+07,5.719382e+06,-4.072229e+07,3.767986e-18,982,0
1.048409e-09,-1.461501e-03,-4.618832e-04,2.500240e-03,-1.394935e+06,-4.408810e+05,2.385885e+06,7.093030e-01,2.498894e-01,-9.988000e-01,3.767986e-18,982,4613
1.047841e-08,-1.461665e-02,-4.619714e-03,2.500043e-02,-1.395052e+06,-4.409223e+05,2.386051e+06,5.692114e-03,1.939734e-03,-1.100292e-02,3.767986e-18,982,46105
0.000000e+00,-1.617665e-07,-6.065228e-08,5.731257e-07,0.000000e+00,0.000000e+00,0.000000e+00,1.459343e+07,3.794760e+06,-3.795370e+07,3.124640e-18,983,0
9.940909e-10,-9.959525e-04,-2.303291e-04,2.500516e-03,-1.002489e+06,-2.319132e+05,2.516602e+06,5.351958e-01,2.078694e-01,-1.225414e+00,3.124640e-18,983,4374
9.934091e-09,-9.958824e-03,-2.303874e-03,2.500036e-02,-1.002573e+06,-2.319458e+05,2.516794e+06,4.296619e-03,1.523289e-03,-1.388679e-02,3.124640e-18,983,43710
0.000000e+00,-3.405529e-08,2.571316e-07,3.043142e-07,0.000000e+00,0.000000e+00,0.000000e+00,8.167200e+06,-5.398590e+07,-4.229080e+07,4.406032e-18,984,0
1.193182e-09,-5.263995e-04,3.463703e-03,2.500245e-03,-4.413028e+05,2.903712e+06,2.095719e+06,8.714371e-02,-5.531136e-01,-2.815766e-01,4.406032e-18,984,5250
1.192909e-08,-5.264332e-03,3.463862e-02,2.500017e-02,-4.413191e+05,2.903816e+06,2.095772e+06,7.129139e-04,-4.691106e-03,-3.242054e-03,4.406032e-18,984,52488
0.000000e+00,1.508235e-07,1.771107e-07,5.710601e-07,0.000000e+00,0.000000e+00,0.000000e+00,-1.530817e+07,-2.076570e+07,-3.488493e+07,2.988818e-18,985,0
1.135000e-09,1.198057e-03,1.651253e-03,2.500449e-03,1.056187e+06,1.455697e+06,2.203727e+06,-4.560265e-01,-5.880075e-01,-6.779441e-01,2.988818e-18,985,4994
1.134432e-08,1.198169e-02,1.651382e-02,2.500003e-02,1.056268e+06,1.455802e+06,2.203849e+06,-3.438734e-03,-5.155119e-03,-7.764089e-03,2.988818e-18,985,49915
0.000000e+00,-2.551880e-08,-7.619760e-08,5.751878e-07,0.000000e+00,0.000000e+00,0.000000e+00,1.546592e+06,6.192739e+06,-3.926901e+07,3.261407e-18,986,0
9.325000e-10,-1.132127e-04,-4.210948e-04,2.500606e-03,-1.215458e+05,-4.520043e+05,2.683210e+06,1.206932e-01,3.948924e-01,-1.622696e+00,3.261407e-18,986,4103
9.317273e-09,-1.132470e-03,-4.211452e-03,2.500037e-02,-1.215636e+05,-4.520624e+05,2.683450e+06,9.721454e-04,2.941668e-03,-1.750054e-02,3.261407e-18,986,40996
0.000000e+00,-4.796963e-08,-2.080967e-07,5.708153e-07,0.000000e+00,0.000000e+00,0.000000e+00,4.998442e+06,2.236172e+07,-3.559679e+07,3.046000e-18,987,0
1.077045e-09,-3.983656e-04,-1.639657e-03,2.500479e-03,-3.701466e+05,-1.523232e+06,2.322466e+06,2.137767e-01,6.614102e-01,-8.400584e-01,3.046000e-18,987,4739
1.076455e-08,-3.984452e-03,-1.639687e-02,2.500052e-02,-3.701829e+05,-1.523344e+06,2.322610e+06,1.899305e-03,5.316738e-03,-9.822126e-03,3.046000e-18,987,47364
0.000000e+00,7.733543e-08,-1.554704e-07,1.637409e-07,0.000000e+00,0.000000e+00,0.000000e+00,-6.060514e+07,1.210437e+08,-1.080756e+08,7.089729e-18,988,0
5.604545e-10,1.409896e-03,-2.815314e-03,2.500673e-03,2.515712e+06,-5.023429e+06,4.461916e+06,-2.748457e-01,5.456764e-01,-4.291774e-01,7.089729e-18,988,2466
5.602955e-09,1.409548e-02,-2.814616e-02,2.500004e-02,2.515736e+06,-5.023477e+06,4.461954e+06,-2.701983e-03,5.390315e-03,-4.329673e-03,7.089729e-18,988,24653
0.000000e+00,-4.778457e-08,-5.623582e-08,3.499254e-07,0.000000e+00,0.000000e+00,0.000000e+00,1.938471e+07,1.835140e+07,-7.228739e+07,5.049195e-18,989,0
6.663636e-10,-6.946447e-04,-6.524196e-04,2.500094e-03,-1.042875e+06,-9.794676e+05,3.752965e+06,5.053625e-01,4.774117e-01,-1.637309e+00,5.049195e-18,989,2932
6.661591e-09,-6.947183e-03,-6.524800e-03,2.500083e-02,-1.042928e+06,-9.795179e+05,3.753138e+06,4.842484e-03,4.447547e-03,-1.661796e-02,5.049195e-18,989,29311
0.000000e+00,1.804245e-07,9.823850e-08,4.776679e-07,0.000000e+00,0.000000e+00,0.000000e+00,-2.294564e+07,-1.351737e+07,-3.659090e+07,3.532498e-18,990,0
1.137273e-09,1.831496e-03,1.057206e-03,2.500282e-03,1.611385e+06,9.301404e+05,2.199239e+06,-6.471840e-01,-3.698527e-01,-6.689385e-01,3.532498e-18,990,5004
1.136750e-08,1.831731e-02,1.057332e-02,2.500002e-02,1.611501e+06,9.302067e+05,2.199360e+06,-5.493355e-03,-2.963237e-03,-7.714417e-03,3.532498e-18,990,50017
0.000000e+00,-2.857279e-08,5.019944e-08,1.317104e-07,0.000000e+00,0.000000e+00,0.000000e+00,9.454875e+07,-1.724743e+08,-4.284853e+08,1.152845e-17,991,0
1.459091e-10,-5.519469e-04,1.006900e-03,2.501236e-03,-3.782675e+06,6.900637e+06,1.714178e+07,3.190272e-01,-5.947606e-01,-1.422194e+00,1.152845e-17,991,642
1.458636e-09,-5.517576e-03,1.006557e-02,2.500375e-02,-3.782682e+06,6.900651e+06,1.714181e+07,3.191079e-03,-5.948800e-03,-1.423463e-02,1.152845e-17,991,6418
0.000000e+00,-1.336652e-07,1.387990e-08,1.408863e-07,0.000000e+00,0.000000e+00,0.000000e+00,1.879183e+08,-1.853126e+07,-1.775900e+08,8.605659e-18,992,0
3.486364e-10,-2.648896e-03,2.611751e-04,2.500447e-03,-7.597813e+06,7.491246e+05,7.171953e+06,6.746820e-01,-6.546615e-02,-5.890614e-01,8.605659e-18,992,1534
3.485909e-09,-2.648540e-02,2.611393e-03,2.500090e-02,-7.597850e+06,7.491282e+05,7.171985e+06,6.706787e-03,-6.456093e-04,-5.920623e-03,8.605659e-18,992,15338
0.000000e+00,-1.170163e-07,-1.828242e-07,4.770304e-07,0.000000e+00,0.000000e+00,0.000000e+00,2.164399e+07,2.423995e+07,-3.882979e+07,3.534664e-18,993,0
1.100455e-09,-1.477199e-03,-1.729553e-03,2.500200e-03,-1.343006e+06,-1.572446e+06,2.272594e+06,4.592031e-01,5.636875e-01,-6.144106e-01,3.534664e-18,993,4842
1.100068e-08,-1.477392e-02,-1.729793e-02,2.500028e-02,-1.343086e+06,-1.572544e+06,2.272702e+06,4.064190e-03,4.767281e-03,-7.061954e-03,3.534664e-18,993,48403
0.000000e+00,-1.207112e-07,-1.282632e-07,2.197341e-07,0.000000e+00,0.000000e+00,0.000000e+00,6.138185e+07,6.446472e+07,-8.819227e+07,6.118914e-18,994,0
6.575000e-10,-1.767864e-03,-1.856660e-03,2.500651e-03,-2.689067e+06,-2.824132e+06,3.803521e+06,5.081823e-01,5.349303e-01,-6.128967e-01,6.118914e-18,994,2893
6.572955e-09,-1.767517e-02,-1.856296e-02,2.500052e-02,-2.689120e+06,-2.824188e+06,3.803585e+06,4.981811e-03,5.187795e-03,-6.243850e-03,6.118914e-18,994,28921
0.000000e+00,1.419811e-07,-9.615819e-08,3.811972e-07,0.000000e+00,0.000000e+00,0.000000e+00,-1.783392e+07,1.574272e+07,-4.955045e+07,4.357606e-18,995,0
8.950000e-10,1.044551e-03,-7.981115e-04,2.500044e-03,1.167814e+06,-8.922462e+05,2.794564e+06,-6.519165e-01,4.715379e-01,-1.228418e+00,4.357606e-18,995,3938
8.946136e-09,1.044740e-02,-7.982151e-03,2.500062e-02,1.167906e+06,-8.923128e+05,2.794738e+06,-5.763543e-03,4.429267e-03,-1.319090e-02,4.357606e-18,995,39363
0.000000e+00,-2.131528e-07,4.759576e-08,4.097218e-07,0.000000e+00,0.000000e+00,0.000000e+00,3.058088e+07,-8.379241e+06,-4.408277e+07,3.919659e-18,996,0
9.863636e-10,-1.820492e-03,5.976490e-04,2.500465e-03,-1.846585e+06,6.062435e+05,2.535890e+06,7.753370e-01,-2.504754e-01,-8.426974e-01,3.919659e-18,996,4340
9.858636e-09,-1.820478e-02,5.976693e-03,2.500054e-02,-1.846706e+06,6.062825e+05,2.536022e+06,6.651214e-03,-2.250120e-03,-9.135141e-03,3.919659e-18,996,43378
0.000000e+00,1.121377e-07,2.450949e-07,4.777789e-07,0.000000e+00,0.000000e+00,0.000000e+00,-1.193612e+07,-2.883862e+07,-3.268848e+07,3.314097e-18,997,0
1.275227e-09,1.007157e-03,2.355671e-03,2.500194e-03,7.901773e+05,1.848212e+06,1.961103e+06,-2.486723e-01,-6.030474e-01,-4.443511e-01,3.314097e-18,997,5611
1.274795e-08,1.007312e-02,2.356086e-02,2.500025e-02,7.902271e+05,1.848333e+06,1.961194e+06,-2.083942e-03,-5.140526e-03,-5.544981e-03,3.314097e-18,997,56091
0.000000e+00,-1.691370e-07,-9.608923e-08,4.655363e-07,0.000000e+00,0.000000e+00,0.000000e+00,2.093303e+07,1.449978e+07,-4.180585e+07,3.661927e-18,998,0
9.813636e-10,-1.435208e-03,-8.701858e-04,2.500578e-03,-1.463343e+06,-8.872084e+05,2.549122e+06,7.010473e-01,4.114423e-01,-1.018101e+00,3.661927e-18,998,4318
9.807273e-09,-1.435133e-02,-8.701072e-03,2.500005e-02,-1.463451e+06,-8.872721e+05,2.549280e+06,6.172035e-03,3.631534e-03,-1.085311e-02,3.661927e-18,998,43152
0.000000e+00,-1.823614e-07,1.201271e-07,2.573786e-07,0.000000e+00,0.000000e+00,0.000000e+00,5.378664e+07,-3.833266e+07,-5.654083e+07,5.172093e-18,999,0
9.472727e-10,-2.492581e-03,1.800789e-03,2.500440e-03,-2.631876e+06,1.901463e+06,2.639945e+06,5.196197e-01,-3.917899e-01,-4.136258e-01,5.172093e-18,999,4168
9.470000e-09,-2.492389e-02,1.800685e-02,2.500040e-02,-2.631954e+06,1.901522e+06,2.640007e+06,4.902126e-03,-3.541923e-03,-4.390025e-03,5.172093e-18,999,41668
