0.000000e+00,-2.468246e-07,-8.392761e-08,2.638262e-07,0.000000e+00,0.000000e+00,0.000000e+00,6.241456e+07,2.134581e+07,-4.316386e+07,4.711385e-18,0,0
1.221591e-09,-3.837572e-03,-1.307586e-03,2.500367e-03,-3.142091e+06,-1.070607e+06,2.046995e+06,4.449942e-01,1.476506e-01,-2.065157e-01,4.711385e-18,0,5375
1.221318e-08,-3.837493e-02,-1.307551e-02,2.500046e-02,-3.142176e+06,-1.070635e+06,2.047035e+06,3.802651e-03,1.250820e-03,-2.361937e-03,4.711385e-18,0,53738
0.000000e+00,1.032943e-07,2.006817e-08,1.596857e-07,0.000000e+00,0.000000e+00,0.000000e+00,-1.531501e+08,-2.691845e+07,-2.140217e+08,8.793822e-18,1,0
2.893182e-10,1.790889e-03,3.147682e-04,2.500244e-03,6.189973e+06,1.087948e+06,8.641681e+06,-7.690299e-01,-1.340380e-01,-1.003187e+00,8.793822e-18,1,1273
2.892955e-09,1.790740e-02,3.147402e-03,2.500014e-02,6.190008e+06,1.087954e+06,8.641727e+06,-7.613577e-03,-1.368076e-03,-1.006782e-02,8.793822e-18,1,12729
0.000000e+00,2.521164e-07,5.567554e-09,2.570272e-07,0.000000e+00,0.000000e+00,0.000000e+00,-7.441687e+07,-1.089352e+07,-3.432585e+07,4.839810e-18,2,0
1.532045e-09,5.538246e-03,7.952797e-04,2.500160e-03,3.615449e+06,5.191915e+05,1.631979e+06,-2.792989e-01,-4.171840e-02,-9.233930e-02,4.839810e-18,2,6741
1.531886e-08,5.538456e-02,7.953393e-03,2.500021e-02,3.615517e+06,5.192015e+05,1.632002e+06,-2.410128e-03,-3.448202e-04,-1.086533e-03,4.839810e-18,2,67403
0.000000e+00,-1.357458e-07,1.024036e-07,5.337294e-07,0.000000e+00,0.000000e+00,0.000000e+00,1.765433e+07,-8.618431e+06,-3.984553e+07,3.331729e-18,3,0
9.795455e-10,-1.366508e-03,5.688374e-04,2.500220e-03,-1.395999e+06,5.811441e+05,2.553632e+06,7.474208e-01,-3.683931e-01,-1.175887e+00,3.331729e-18,3,4310
9.790000e-09,-1.366674e-02,5.689397e-03,2.500020e-02,-1.396115e+06,5.812010e+05,2.553814e+06,6.956573e-03,-3.334836e-03,-1.239438e-02,3.331729e-18,3,43076
0.000000e+00,1.976329e-07,-1.352359e-07,2.408588e-07,0.000000e+00,0.000000e+00,0.000000e+00,-6.058560e+07,3.981242e+07,-5.181665e+07,5.114684e-18,4,0
1.040682e-09,3.030584e-03,-2.012545e-03,2.500255e-03,2.912633e+06,-1.934217e+06,2.402751e+06,-4.475251e-01,2.970908e-01,-2.889762e-01,5.114684e-18,4,4579
1.040477e-08,3.030532e-02,-2.012511e-02,2.500020e-02,2.912707e+06,-1.934266e+06,2.402798e+06,-4.024758e-03,2.735719e-03,-3.107214e-03,5.114684e-18,4,45781
0.000000e+00,1.892586e-08,-4.325177e-08,3.074412e-07,0.000000e+00,0.000000e+00,0.000000e+00,-7.089178e+06,1.386159e+07,-9.809089e+07,5.705452e-18,5,0
5.429545e-10,1.863400e-04,-3.587631e-04,2.500008e-03,3.432896e+05,-6.609146e+05,4.605457e+06,-1.599803e-01,2.914236e-01,-1.990959e+00,5.705452e-18,5,2389
5.428409e-09,1.863521e-03,-3.587732e-03,2.500045e-02,3.433034e+05,-6.609396e+05,4.605628e+06,-1.621411e-03,2.894507e-03,-2.023384e-02,5.705452e-18,5,23885
0.000000e+00,-1.288443e-07,-2.749140e-08,3.803215e-07,0.000000e+00,0.000000e+00,0.000000e+00,2.616169e+07,2.783384e+06,-5.636113e+07,4.517486e-18,6,0
7.877273e-10,-1.179075e-03,-6.215314e-05,2.500017e-03,-1.497532e+06,-7.887439e+04,3.174921e+06,7.592909e-01,1.545197e-02,-1.413681e+00,4.517486e-18,6,3466
7.874318e-09,-1.179203e-02,-6.211150e-04,2.500041e-02,-1.497627e+06,-7.887631e+04,3.175097e+06,7.317301e-03,1.769344e-04,-1.469653e-02,4.517486e-18,6,34647
0.000000e+00,5.880419e-08,1.445523e-07,5.932276e-07,0.000000e+00,0.000000e+00,0.000000e+00,-7.298817e+06,-1.101539e+07,-3.726746e+07,3.045362e-18,7,0
9.665909e-10,4.912855e-04,8.572870e-04,2.500491e-03,5.086047e+05,8.876385e+05,2.588291e+06,-2.850069e-01,-6.112651e-01,-1.377931e+00,3.045362e-18,7,4253
9.658864e-09,4.912529e-03,8.573554e-03,2.500014e-02,5.086482e+05,8.877317e+05,2.588502e+06,-2.393834e-03,-5.136159e-03,-1.459978e-02,3.045362e-18,7,42499
0.000000e+00,1.463202e-07,-6.392354e-08,3.634685e-07,0.000000e+00,0.000000e+00,0.000000e+00,-3.301420e+07,1.328108e+07,-5.395313e+07,4.548854e-18,8,0
8.840909e-10,1.781584e-03,-7.230722e-04,2.500066e-03,2.016082e+06,-8.182095e+05,2.828619e+06,-7.812615e-01,2.881737e-01,-8.880398e-01,4.548854e-18,8,3890
8.838409e-09,1.781886e-02,-7.231636e-03,2.500062e-02,2.016191e+06,-8.182497e+05,2.828743e+06,-7.449035e-03,2.719489e-03,-9.333762e-03,4.548854e-18,8,38889
0.000000e+00,2.445124e-07,6.270819e-09,5.440984e-07,0.000000e+00,0.000000e+00,0.000000e+00,-2.695878e+07,-6.653066e+06,-3.347458e+07,3.087942e-18,9,0
1.153864e-09,2.061243e-03,4.216977e-04,2.500383e-03,1.787373e+06,3.656718e+05,2.167659e+06,-7.024157e-01,-1.328122e-01,-6.397032e-01,3.087942e-18,9,5077
1.153318e-08,2.061405e-02,4.217329e-03,2.500021e-02,1.787501e+06,3.656959e+05,2.167776e+06,-5.755486e-03,-1.271060e-03,-7.662886e-03,3.087942e-18,9,50746
0.000000e+00,-1.019330e-07,-2.752478e-07,3.966697e-07,0.000000e+00,0.000000e+00,0.000000e+00,1.207810e+07,3.835514e+07,-3.308388e+07,3.643346e-18,10,0
1.356364e-09,-9.720875e-04,-3.143610e-03,2.500047e-03,-7.169352e+05,-2.318560e+06,1.843527e+06,1.559755e-01,5.254988e-01,-2.840456e-01,3.643346e-18,10,5968
1.356091e-08,-9.722293e-03,-3.144172e-02,2.500007e-02,-7.169684e+05,-2.318672e+06,1.843589e+06,1.295693e-03,4.347995e-03,-3.543790e-03,3.643346e-18,10,59668
0.000000e+00,-8.018631e-08,2.045357e-07,4.616649e-07,0.000000e+00,0.000000e+00,0.000000e+00,-2.397527e+05,-2.616869e+07,-4.073801e+07,3.587159e-18,11,0
9.834091e-10,-8.256708e-05,1.694906e-03,2.500316e-03,-8.395267e+04,1.724456e+06,2.543541e+06,3.330127e-02,-7.868135e-01,-9.964900e-01,3.587159e-18,11,4327
9.828864e-09,-8.252045e-04,1.694940e-02,2.500023e-02,-8.395782e+04,1.724578e+06,2.543697e+06,2.797565e-04,-6.987629e-03,-1.065975e-02,3.587159e-18,11,43247
0.000000e+00,-1.129522e-09,1.727712e-07,4.655687e-07,0.000000e+00,0.000000e+00,0.000000e+00,-1.461967e+06,-2.519231e+07,-4.750175e+07,3.711580e-18,12,0
8.881818e-10,5.703174e-05,1.469367e-03,2.500471e-03,6.426324e+04,1.655310e+06,2.816356e+06,-4.599606e-02,-8.526648e-01,-1.182279e+00,3.711580e-18,12,3908
8.876818e-09,5.704500e-04,1.469383e-02,2.500042e-02,6.426971e+04,1.655430e+06,2.816523e+06,-4.887349e-04,-7.562944e-03,-1.235491e-02,3.711580e-18,12,39058
0.000000e+00,-4.746745e-08,-1.622119e-07,3.583948e-07,0.000000e+00,0.000000e+00,0.000000e+00,9.963121e+06,3.501025e+07,-5.676341e+07,4.569424e-18,13,0
8.193182e-10,-4.533471e-04,-1.664886e-03,2.500608e-03,-5.535406e+05,-2.032868e+06,3.052960e+06,2.219668e-01,8.156823e-01,-1.068797e+00,4.569424e-18,13,3605
8.188864e-09,-4.532865e-03,-1.664684e-02,2.500038e-02,-5.535693e+05,-2.032973e+06,3.053099e+06,2.120080e-03,7.629188e-03,-1.119614e-02,4.569424e-18,13,36031
0.000000e+00,-2.323719e-08,9.707451e-08,1.550038e-07,0.000000e+00,0.000000e+00,0.000000e+00,3.626303e+07,-1.597609e+08,-2.357556e+08,9.092477e-18,14,0
2.634091e-10,-3.849309e-04,1.696342e-03,2.501564e-03,-1.461312e+06,6.439846e+06,9.496650e+06,1.656482e-01,-7.516634e-01,-1.046846e+00,9.092477e-18,14,1159
2.632500e-09,-3.846925e-03,1.695298e-02,2.500008e-02,-1.461319e+06,6.439877e+06,9.496693e+06,1.693527e-03,-7.470155e-03,-1.049511e-02,9.092477e-18,14,11583
0.000000e+00,-1.484109e-07,-2.429172e-07,3.334426e-07,0.000000e+00,0.000000e+00,0.000000e+00,2.917676e+07,4.298789e+07,-3.602455e+07,4.057332e-18,15,0
1.376364e-09,-2.224373e-03,-3.258804e-03,2.500390e-03,-1.616583e+06,-2.368335e+06,1.816853e+06,2.669847e-01,3.851177e-01,-1.930449e-01,4.057332e-18,15,6056
1.376000e-08,-2.224414e-02,-3.258826e-02,2.500007e-02,-1.616641e+06,-2.368419e+06,1.816896e+06,2.176737e-03,3.256857e-03,-2.455305e-03,4.057332e-18,15,60544
0.000000e+00,-9.291064e-08,3.897405e-08,5.774683e-07,0.000000e+00,0.000000e+00,0.000000e+00,7.422838e+06,-5.216552e+06,-4.228016e+07,3.221795e-18,16,0
8.954545e-10,-5.654070e-04,2.792589e-04,2.500507e-03,-6.318971e+05,3.120812e+05,2.793995e+06,4.247805e-01,-2.013973e-01,-1.648651e+00,3.221795e-18,16,3940
8.947727e-09,-5.654015e-03,2.792412e-03,2.500007e-02,-6.319571e+05,3.121097e+05,2.794229e+06,4.328512e-03,-1.592240e-03,-1.735249e-02,3.221795e-18,16,39370
0.000000e+00,1.783792e-07,-1.812351e-07,4.694337e-07,0.000000e+00,0.000000e+00,0.000000e+00,-2.331724e+07,2.020000e+07,-3.568371e+07,3.437680e-18,17,0
1.164091e-09,1.915083e-03,-1.565719e-03,2.500182e-03,1.645962e+06,-1.345635e+06,2.148388e+06,-5.493509e-01,4.349653e-01,-5.651770e-01,3.437680e-18,17,5122
1.163659e-08,1.915329e-02,-1.565858e-02,2.500008e-02,1.646062e+06,-1.345715e+06,2.148493e+06,-4.455488e-03,3.584802e-03,-6.398863e-03,3.437680e-18,17,51201
0.000000e+00,1.206852e-07,-1.700762e-07,3.325952e-07,0.000000e+00,0.000000e+00,0.000000e+00,-2.804191e+07,4.121451e+07,-5.173728e+07,4.564478e-18,18,0
9.559091e-10,1.433034e-03,-2.116533e-03,2.500407e-03,1.499601e+06,-2.214858e+06,2.616232e+06,-4.101671e-01,6.045082e-01,-5.721206e-01,4.564478e-18,18,4206
9.555682e-09,1.432970e-02,-2.116446e-02,2.500002e-02,1.499663e+06,-2.214949e+06,2.616318e+06,-3.845365e-03,5.571304e-03,-6.159034e-03,4.564478e-18,18,42045
0.000000e+00,-1.383902e-07,-2.124826e-07,3.439396e-07,0.000000e+00,0.000000e+00,0.000000e+00,2.718029e+07,3.699363e+07,-4.115688e+07,4.191558e-18,19,0
1.154318e-09,-1.796236e-03,-2.454303e-03,2.500195e-03,-1.556658e+06,-2.126916e+06,2.166387e+06,3.801922e-01,5.062342e-01,-4.073957e-01,4.191558e-18,19,5079
1.154000e-08,-1.796379e-02,-2.454457e-02,2.500024e-02,-1.556727e+06,-2.127008e+06,2.166462e+06,3.252285e-03,4.235870e-03,-4.526930e-03,4.191558e-18,19,50776
0.000000e+00,-5.382726e-08,9.235930e-08,5.656889e-07,0.000000e+00,0.000000e+00,0.000000e+00,3.789498e+06,-1.152129e+07,-3.791159e+07,3.271795e-18,20,0
9.786364e-10,-3.140163e-04,8.263136e-04,2.500401e-03,-3.211616e+05,8.450366e+05,2.556395e+06,2.389676e-01,-5.479668e-01,-1.378121e+00,3.271795e-18,20,4306
9.779545e-09,-3.140799e-03,8.264020e-03,2.500055e-02,-3.211985e+05,8.451211e+05,2.556608e+06,1.967567e-03,-4.605942e-03,-1.475201e-02,3.271795e-18,20,43030
0.000000e+00,-4.637808e-08,-5.572113e-08,4.184588e-07,0.000000e+00,0.000000e+00,0.000000e+00,7.219379e+06,1.416528e+07,-4.920148e+07,4.342077e-18,21,0
8.547727e-10,-4.276930e-04,-7.490183e-04,2.500057e-03,-5.007614e+05,-8.768708e+05,2.926378e+06,3.643376e-01,5.195844e-01,-1.618162e+00,4.342077e-18,21,3761
8.543182e-09,-4.278064e-03,-7.491206e-03,2.500064e-02,-5.008106e+05,-8.769409e+05,2.926597e+06,3.274007e-03,5.204577e-03,-1.672379e-02,4.342077e-18,21,37590
0.000000e+00,-1.719754e-07,4.624107e-08,4.742154e-07,0.000000e+00,0.000000e+00,0.000000e+00,2.005627e+07,-7.309978e+06,-4.097043e+07,3.654389e-18,22,0
1.005455e-09,-1.343256e-03,4.998565e-04,2.500026e-03,-1.336765e+06,4.974480e+05,2.487572e+06,6.480407e-01,-2.350831e-01,-1.064003e+00,3.654389e-18,22,4424
1.005000e-08,-1.343446e-02,4.999327e-03,2.500025e-02,-1.336868e+06,4.974853e+05,2.487741e+06,5.920329e-03,-2.742850e-03,-1.189265e-02,3.654389e-18,22,44220
0.000000e+00,5.748562e-09,-3.713692e-08,5.789040e-07,0.000000e+00,0.000000e+00,0.000000e+00,-5.025586e+06,7.198816e+06,-3.631894e+07,3.268538e-18,23,0
1.050227e-09,3.701105e-04,-4.342685e-04,2.500251e-03,3.527324e+05,-4.138614e+05,2.382075e+06,-2.220411e-01,2.768666e-01,-1.282860e+00,3.268538e-18,23,4621
1.049500e-08,3.701875e-03,-4.343454e-03,2.500007e-02,3.527691e+05,-4.139073e+05,2.382289e+06,-2.023384e-03,2.383861e-03,-1.504522e-02,3.268538e-18,23,46178
0.000000e+00,-1.329529e-07,-6.364358e-08,4.168870e-07,0.000000e+00,0.000000e+00,0.000000e+00,2.085575e+07,1.206983e+07,-4.652299e+07,4.166339e-18,24,0
9.004545e-10,-1.192449e-03,-6.991061e-04,2.500501e-03,-1.325068e+06,-7.768523e+05,2.778141e+06,6.974586e-01,3.822704e-01,-1.205100e+00,4.166339e-18,24,3962
8.998864e-09,-1.192406e-02,-6.990738e-03,2.500017e-02,-1.325167e+06,-7.769067e+05,2.778312e+06,6.500748e-03,3.692327e-03,-1.273382e-02,4.166339e-18,24,39595
0.000000e+00,-1.791345e-07,-1.145967e-07,4.768718e-07,0.000000e+00,0.000000e+00,0.000000e+00,3.121211e+07,1.748728e+07,-3.713209e+07,3.553077e-18,25,0
1.107500e-09,-2.065081e-03,-1.226094e-03,2.500446e-03,-1.865494e+06,-1.107590e+06,2.258336e+06,6.128870e-01,3.629088e-01,-5.821998e-01,3.553077e-18,25,4873
1.107023e-08,-2.065138e-02,-1.226124e-02,2.500047e-02,-1.865601e+06,-1.107654e+06,2.258438e+06,5.344164e-03,3.088571e-03,-6.586603e-03,3.553077e-18,25,48709
0.000000e+00,1.076819e-07,-1.527046e-07,6.092152e-07,0.000000e+00,0.000000e+00,0.000000e+00,-8.473741e+06,1.282406e+07,-3.745724e+07,2.920377e-18,26,0
9.527273e-10,5.817081e-04,-9.013822e-04,2.500235e-03,6.109815e+05,-9.467543e+05,2.625607e+06,-3.821572e-01,5.799262e-01,-1.338228e+00,2.920377e-18,26,4192
9.521591e-09,5.817532e-03,-9.014609e-03,2.500013e-02,6.110389e+05,-9.468415e+05,2.625809e+06,-2.925477e-03,5.073955e-03,-1.446305e-02,2.920377e-18,26,41895
0.000000e+00,-9.430143e-09,2.021988e-07,3.952113e-07,0.000000e+00,0.000000e+00,0.000000e+00,5.640726e+05,-3.236304e+07,-4.283715e+07,4.070132e-18,27,0
1.033864e-09,-4.490868e-05,2.158738e-03,2.500115e-03,-4.345136e+04,2.089106e+06,2.419042e+06,1.237457e-02,-8.060310e-01,-7.535663e-01,4.070132e-18,27,4549
1.033477e-08,-4.490614e-04,2.159034e-02,2.500035e-02,-4.345339e+04,2.089238e+06,2.419165e+06,1.248856e-04,-7.079183e-03,-8.019869e-03,4.070132e-18,27,45473
0.000000e+00,1.619193e-10,-2.087511e-08,6.842396e-07,0.000000e+00,0.000000e+00,0.000000e+00,-1.539981e+06,1.087080e+06,-3.717770e+07,2.739594e-18,28,0
9.231818e-10,8.737400e-05,-6.888712e-06,2.500009e-03,9.471175e+04,-7.372653e+03,2.709575e+06,-5.404380e-02,-3.857013e-02,-1.662101e+00,2.739594e-18,28,4062
9.226591e-09,8.738585e-04,-6.806828e-05,2.500038e-02,9.471965e+04,-7.367063e+03,2.709818e+06,-3.954895e-04,4.181309e-04,-1.773413e-02,2.739594e-18,28,40597
0.000000e+00,-6.716320e-08,1.415604e-07,6.368921e-07,0.000000e+00,0.000000e+00,0.000000e+00,7.963256e+06,-1.007928e+07,-3.575700e+07,2.847220e-18,29,0
9.600000e-10,-5.174608e-04,7.222473e-04,2.500492e-03,-5.394041e+05,7.528518e+05,2.606108e+06,3.306779e-01,-4.747285e-01,-1.437428e+00,2.847220e-18,29,4224
9.592955e-09,-5.174469e-03,7.222097e-03,2.500046e-02,-5.394542e+05,7.529237e+05,2.606326e+06,3.133335e-03,-3.865275e-03,-1.525895e-02,2.847220e-18,29,42209
0.000000e+00,-1.361628e-07,1.083472e-07,6.120904e-07,0.000000e+00,0.000000e+00,0.000000e+00,1.303844e+07,-1.040414e+07,-3.457694e+07,2.923593e-18,30,0
1.000000e-09,-9.450943e-04,7.202794e-04,2.500301e-03,-9.457804e+05,7.207565e+05,2.501471e+06,5.600947e-01,-4.254206e-01,-1.157523e+00,2.923593e-18,30,4400
9.994091e-09,-9.452187e-03,7.203329e-03,2.500012e-02,-9.458688e+05,7.208236e+05,2.501654e+06,4.445230e-03,-3.042690e-03,-1.285195e-02,2.923593e-18,30,43974
0.000000e+00,1.336874e-07,-2.134995e-07,4.291569e-07,0.000000e+00,0.000000e+00,0.000000e+00,-1.677601e+07,3.192786e+07,-3.461081e+07,3.663575e-18,31,0
1.277955e-09,1.345971e-03,-2.563001e-03,2.500179e-03,1.053664e+06,-2.006442e+06,1.956812e+06,-2.784162e-01,5.440960e-01,-3.721363e-01,3.663575e-18,31,5623
1.277591e-08,1.346148e-02,-2.563402e-02,2.500023e-02,1.053720e+06,-2.006551e+06,1.956888e+06,-2.384601e-03,4.593944e-03,-4.536649e-03,3.663575e-18,31,56214
0.000000e+00,4.508536e-08,-2.217878e-07,2.180929e-07,0.000000e+00,0.000000e+00,0.000000e+00,-1.689502e+07,8.246406e+07,-6.014109e+07,5.489701e-18,32,0
9.347727e-10,7.236146e-04,-3.528475e-03,2.500212e-03,7.742144e+05,-3.775203e+06,2.674866e+06,-1.104674e-01,5.369153e-01,-3.010148e-01,5.489701e-18,32,4113
9.346364e-09,7.236103e-03,-3.528449e-02,2.500040e-02,7.742307e+05,-3.775283e+06,2.674911e+06,-1.024177e-03,4.994421e-03,-3.144693e-03,5.489701e-18,32,41124
0.000000e+00,-1.277970e-07,-9.414224e-08,3.214743e-07,0.000000e+00,0.000000e+00,0.000000e+00,3.279883e+07,2.178113e+07,-6.682040e+07,4.990165e-18,33,0
7.350000e-10,-1.283963e-03,-8.728893e-04,2.500538e-03,-1.747487e+06,-1.188017e+06,3.402983e+06,6.942872e-01,4.806222e-01,-1.196049e+00,4.990165e-18,33,3234
7.346591e-09,-1.283808e-02,-8.727880e-03,2.500043e-02,-1.747568e+06,-1.188073e+06,3.403123e+06,6.784314e-03,4.637122e-03,-1.222679e-02,4.990165e-18,33,32325
0.000000e+00,9.041020e-09,7.992197e-08,2.435380e-07,0.000000e+00,0.000000e+00,0.000000e+00,-6.784924e+06,-5.833201e+07,-1.369197e+08,6.733962e-18,34,0
4.322727e-10,1.253317e-04,1.074955e-03,2.500313e-03,2.899688e+05,2.487011e+06,5.784454e+06,-8.814003e-02,-7.395088e-01,-1.513972e+00,6.733962e-18,34,1902
4.322045e-09,1.253264e-03,1.074903e-02,2.500086e-02,2.899748e+05,2.487062e+06,5.784557e+06,-8.577255e-04,-7.273819e-03,-1.533397e-02,6.733962e-18,34,19017
0.000000e+00,2.407510e-07,-6.887385e-08,4.177611e-07,0.000000e+00,0.000000e+00,0.000000e+00,-3.441332e+07,9.012353e+06,-3.500723e+07,3.726927e-18,35,0
1.293182e-09,2.795818e-03,-6.253271e-04,2.500316e-03,2.162932e+06,-4.837181e+05,1.933896e+06,-5.854333e-01,1.101711e-01,-3.772502e-01,3.726927e-18,35,5690
1.292727e-08,2.796072e-02,-6.253164e-03,2.500018e-02,2.163052e+06,-4.837405e+05,1.933973e+06,-4.931984e-03,9.999673e-04,-4.734362e-03,3.726927e-18,35,56880
0.000000e+00,1.495364e-07,5.282928e-08,2.897885e-07,0.000000e+00,0.000000e+00,0.000000e+00,-4.976324e+07,-2.263481e+07,-7.176054e+07,5.327291e-18,36,0
7.381818e-10,1.796730e-03,8.242595e-04,2.500389e-03,2.434615e+06,1.116934e+06,3.387809e+06,-7.525347e-01,-3.644662e-01,-8.888509e-01,5.327291e-18,36,3248
7.379545e-09,1.796637e-02,8.242455e-03,2.500063e-02,2.434702e+06,1.116976e+06,3.387913e+06,-7.299385e-03,-3.480682e-03,-9.141476e-03,5.327291e-18,36,32470
0.000000e+00,2.354774e-07,-3.353721e-08,4.784541e-07,0.000000e+00,0.000000e+00,0.000000e+00,-3.302234e+07,9.987023e+06,-3.593130e+07,3.446646e-18,37,0
1.159773e-09,2.516329e-03,-6.035178e-04,2.500062e-03,2.170686e+06,-5.205991e+05,2.156208e+06,-6.784811e-01,1.514245e-01,-5.270479e-01,3.446646e-18,37,5103
1.159455e-08,2.516802e-02,-6.036091e-03,2.500044e-02,2.170810e+06,-5.206268e+05,2.156306e+06,-5.667183e-03,1.218981e-03,-5.938567e-03,3.446646e-18,37,51016
0.000000e+00,1.434872e-07,-1.986043e-07,2.660174e-07,0.000000e+00,0.000000e+00,0.000000e+00,-3.944958e+07,5.476317e+07,-5.019831e+07,4.841878e-18,38,0
1.071136e-09,2.067627e-03,-2.881213e-03,2.500154e-03,1.930696e+06,-2.690410e+06,2.334335e+06,-3.192812e-01,4.502321e-01,-2.835967e-01,4.841878e-18,38,4713
1.070977e-08,2.067733e-02,-2.881371e-02,2.500034e-02,1.930750e+06,-2.690486e+06,2.334383e+06,-2.847250e-03,4.005371e-03,-3.185932e-03,4.841878e-18,38,47123
0.000000e+00,-1.979913e-07,1.112199e-07,2.534495e-07,0.000000e+00,0.000000e+00,0.000000e+00,6.066478e+07,-3.528705e+07,-5.593511e+07,5.108897e-18,39,0
9.670455e-10,-2.823674e-03,1.647060e-03,2.500257e-03,-2.920455e+06,1.703526e+06,2.585732e+06,5.219658e-01,-3.105271e-01,-3.615575e-01,5.108897e-18,39,4255
9.668409e-09,-2.823618e-02,1.647040e-02,2.500005e-02,-2.920534e+06,1.703573e+06,2.585787e+06,4.860689e-03,-2.817918e-03,-3.843802e-03,5.108897e-18,39,42541
0.000000e+00,-2.129243e-07,1.475036e-07,3.616472e-07,0.000000e+00,0.000000e+00,0.000000e+00,3.540471e+07,-2.384865e+07,-3.777909e+07,4.022134e-18,40,0
1.199545e-09,-2.506089e-03,1.577109e-03,2.500052e-03,-2.090026e+06,1.315269e+06,2.084649e+06,5.480907e-01,-3.590081e-01,-4.141614e-01,4.022134e-18,40,5278
1.199250e-08,-2.506457e-02,1.577335e-02,2.500027e-02,-2.090129e+06,1.315336e+06,2.084728e+06,4.715056e-03,-2.965380e-03,-4.681216e-03,4.022134e-18,40,52767
0.000000e+00,1.131634e-07,3.138133e-08,2.146054e-07,0.000000e+00,0.000000e+00,0.000000e+00,-8.303210e+07,-2.530936e+07,-1.382734e+08,7.000083e-18,41,0
4.338636e-10,1.509782e-03,4.612065e-04,2.500873e-03,3.480057e+06,1.063097e+06,5.764397e+06,-7.683951e-01,-2.455733e-01,-1.165349e+00,7.000083e-18,41,1909
4.337045e-09,1.509325e-02,4.610723e-03,2.500062e-02,3.480110e+06,1.063114e+06,5.764477e+06,-7.630130e-03,-2.418836e-03,-1.173311e-02,7.000083e-18,41,19083
0.000000e+00,1.098374e-07,-7.997268e-08,5.687731e-07,0.000000e+00,0.000000e+00,0.000000e+00,-9.286624e+06,2.918154e+06,-4.012716e+07,3.210187e-18,42,0
9.472727e-10,7.170972e-04,-2.375712e-04,2.500212e-03,7.576625e+05,-2.509353e+05,2.640847e+06,-5.316639e-01,1.640973e-01,-1.481990e+00,3.210187e-18,42,4168
9.466818e-09,7.172598e-03,-2.375599e-03,2.500059e-02,7.577420e+05,-2.509598e+05,2.641069e+06,-4.642581e-03,1.478879e-03,-1.581708e-02,3.210187e-18,42,41654
0.000000e+00,1.811112e-07,6.406833e-08,5.904616e-07,0.000000e+00,0.000000e+00,0.000000e+00,-1.818687e+07,-7.216669e+06,-3.500497e+07,2.983966e-18,43,0
1.055000e-09,1.379321e-03,5.619252e-04,2.500512e-03,1.308290e+06,5.330468e+05,2.371194e+06,-6.769807e-01,-3.102714e-01,-1.000299e+00,2.983966e-18,43,4642
1.054318e-08,1.379350e-02,5.619976e-03,2.500014e-02,1.308403e+06,5.330984e+05,2.371361e+06,-5.474162e-03,-2.531375e-03,-1.107981e-02,2.983966e-18,43,46390
0.000000e+00,2.090301e-07,-2.077145e-08,5.512508e-07,0.000000e+00,0.000000e+00,0.000000e+00,-1.735913e+07,3.681061e+06,-3.607811e+07,3.141902e-18,44,0
1.085909e-09,1.362575e-03,-3.494551e-04,2.500247e-03,1.255659e+06,-3.220375e+05,2.303465e+06,-6.758661e-01,1.500266e-01,-9.425565e-01,3.141902e-18,44,4778
1.085318e-08,1.362787e-02,-3.495091e-03,2.500013e-02,1.255774e+06,-3.220632e+05,2.303628e+06,-5.518909e-03,1.421137e-03,-1.088311e-02,3.141902e-18,44,47754
0.000000e+00,-1.790218e-07,2.270663e-08,2.135975e-07,0.000000e+00,0.000000e+00,0.000000e+00,9.137564e+07,-1.296539e+07,-8.819891e+07,6.143647e-18,45,0
6.600000e-10,-2.626731e-03,3.745439e-04,2.500627e-03,-3.980300e+06,5.675582e+05,3.789058e+06,7.060993e-01,-1.066210e-01,-5.788373e-01,6.143647e-18,45,2904
6.597955e-09,-2.626193e-02,3.744733e-03,2.500018e-02,-3.980374e+06,5.675693e+05,3.789119e+06,6.867907e-03,-1.081458e-03,-5.888934e-03,6.143647e-18,45,29031
0.000000e+00,1.491012e-07,6.373153e-08,5.641409e-07,0.000000e+00,0.000000e+00,0.000000e+00,-1.582011e+07,-5.530389e+06,-3.291358e+07,3.177411e-18,46,0
1.148182e-09,1.370112e-03,5.333736e-04,2.500481e-03,1.194197e+06,4.649181e+05,2.178785e+06,-6.222383e-01,-2.567126e-01,-8.718442e-01,3.177411e-18,46,5052
1.147432e-08,1.370251e-02,5.334579e-03,2.500026e-02,1.194309e+06,4.649645e+05,2.178944e+06,-5.575211e-03,-2.010344e-03,-1.045189e-02,3.177411e-18,46,50487
0.000000e+00,-2.239590e-07,1.282214e-07,3.897145e-07,0.000000e+00,0.000000e+00,0.000000e+00,3.474956e+07,-1.815494e+07,-3.714888e+07,3.852255e-18,47,0
1.217955e-09,-2.570689e-03,1.363052e-03,2.500224e-03,-2.111554e+06,1.119562e+06,2.053249e+06,5.822358e-01,-2.842624e-01,-3.955580e-01,3.852255e-18,47,5359
1.217591e-08,-2.571001e-02,1.363166e-02,2.500033e-02,-2.111665e+06,1.119617e+06,2.053326e+06,4.988590e-03,-2.507938e-03,-4.631347e-03,3.852255e-18,47,53574
0.000000e+00,-4.627887e-08,1.995992e-07,2.093812e-07,0.000000e+00,0.000000e+00,0.000000e+00,1.989219e+07,-9.027426e+07,-7.445181e+07,5.851487e-18,48,0
7.747727e-10,-6.793839e-04,3.087073e-03,2.500095e-03,-8.769709e+05,3.984918e+06,3.227069e+06,1.307934e-01,-6.034633e-01,-4.059260e-01,5.851487e-18,48,3409
7.747045e-09,-6.793956e-03,3.087143e-02,2.500039e-02,-8.769869e+05,3.984992e+06,3.227119e+06,1.291774e-03,-5.804187e-03,-4.197193e-03,5.851487e-18,48,34087
0.000000e+00,-1.062096e-07,-2.018520e-07,3.266904e-07,0.000000e+00,0.000000e+00,0.000000e+00,3.345471e+07,4.754265e+07,-4.284056e+07,4.490450e-18,49,0
1.155000e-09,-2.011647e-03,-2.883162e-03,2.500009e-03,-1.742162e+06,-2.496883e+06,2.164780e+06,3.219349e-01,4.577871e-01,-2.976447e-01,4.490450e-18,49,5082
1.154864e-08,-2.011955e-02,-2.883557e-02,2.500041e-02,-1.742220e+06,-2.496966e+06,2.164835e+06,2.809147e-03,3.859543e-03,-3.309981e-03,4.490450e-18,49,50814
0.000000e+00,-7.784056e-08,1.328199e-07,2.128970e-07,0.000000e+00,0.000000e+00,0.000000e+00,4.591337e+07,-8.097284e+07,-1.087211e+08,6.526851e-18,50,0
5.436364e-10,-1.064379e-03,1.879509e-03,2.500175e-03,-1.958039e+06,3.457577e+06,4.599214e+06,3.807798e-01,-6.857067e-01,-8.065162e-01,6.526851e-18,50,2392
5.435682e-09,-1.064332e-02,1.879437e-02,2.500002e-02,-1.958071e+06,3.457636e+06,4.599284e+06,3.768063e-03,-6.759658e-03,-8.174634e-03,6.526851e-18,50,23917
0.000000e+00,-1.109954e-07,-1.008915e-07,5.005518e-07,0.000000e+00,0.000000e+00,0.000000e+00,1.351127e+07,1.520968e+07,-3.993783e+07,3.582742e-18,51,0
1.016136e-09,-8.620810e-04,-9.449294e-04,2.500496e-03,-8.490254e+05,-9.305406e+05,2.461873e+06,5.273162e-01,4.974506e-01,-1.048861e+00,3.582742e-18,51,4471
1.015500e-08,-8.621848e-03,-9.449617e-03,2.500049e-02,-8.491099e+05,-9.306204e+05,2.462042e+06,3.989343e-03,4.461926e-03,-1.218262e-02,3.582742e-18,51,44682
0.000000e+00,1.480127e-07,-1.943014e-07,4.784506e-07,0.000000e+00,0.000000e+00,0.000000e+00,-1.655813e+07,2.398141e+07,-3.485471e+07,3.429685e-18,52,0
1.201136e-09,1.336782e-03,-1.874756e-03,2.500385e-03,1.113465e+06,-1.561614e+06,2.082300e+06,-3.588595e-01,5.290769e-01,-5.456985e-01,3.429685e-18,52,5285
1.200591e-08,1.336813e-02,-1.874854e-02,2.500009e-02,1.113533e+06,-1.561714e+06,2.082404e+06,-2.931436e-03,4.764895e-03,-6.645366e-03,3.429685e-18,52,52826
0.000000e+00,9.194608e-08,2.046981e-07,3.966915e-07,0.000000e+00,0.000000e+00,0.000000e+00,-1.552401e+07,-3.163458e+07,-3.927253e+07,3.950449e-18,53,0
1.118409e-09,1.131994e-03,2.255754e-03,2.500351e-03,1.012643e+06,2.017881e+06,2.236257e+06,-3.345590e-01,-6.616994e-01,-5.592589e-01,3.950449e-18,53,4921
1.117955e-08,1.132083e-02,2.255891e-02,2.500046e-02,1.012702e+06,2.017998e+06,2.236356e+06,-2.848747e-03,-5.640025e-03,-6.060382e-03,3.950449e-18,53,49190
0.000000e+00,-1.040300e-07,-2.078843e-07,5.732849e-07,0.000000e+00,0.000000e+00,0.000000e+00,9.990649e+06,2.054144e+07,-3.289027e+07,2.985469e-18,54,0
1.069773e-09,-7.205675e-04,-1.487168e-03,2.500452e-03,-6.739996e+05,-1.391060e+06,2.338308e+06,3.389512e-01,6.882644e-01,-8.848575e-01,2.985469e-18,54,4707
1.069159e-08,-7.206125e-03,-1.487262e-02,2.500042e-02,-6.740568e+05,-1.391176e+06,2.338458e+06,2.740302e-03,5.453256e-03,-1.006220e-02,2.985469e-18,54,47043
0.000000e+00,-1.234200e-07,-2.668418e-08,2.223731e-07,0.000000e+00,0.000000e+00,0.000000e+00,8.112025e+07,1.594602e+07,-1.227111e+08,6.727183e-18,55,0
4.827273e-10,-1.666523e-03,-3.268311e-04,2.500953e-03,-3.452601e+06,-6.771000e+05,5.181161e+06,8.088689e-01,1.531236e-01,-1.092326e+00,6.727183e-18,55,2124
4.825227e-09,-1.665966e-02,-3.267180e-03,2.500044e-02,-3.452663e+06,-6.771117e+05,5.181244e+06,7.965432e-03,1.485603e-03,-1.103651e-02,6.727183e-18,55,21231
0.000000e+00,-1.595516e-07,1.260535e-07,4.251344e-07,0.000000e+00,0.000000e+00,0.000000e+00,2.048981e+07,-2.222752e+07,-4.144190e+07,3.880232e-18,56,0
1.070000e-09,-1.439910e-03,1.423531e-03,2.500010e-03,-1.346462e+06,1.331109e+06,2.337306e+06,5.560873e-01,-5.225273e-01,-7.703239e-01,3.880232e-18,56,4708
1.069614e-08,-1.440189e-02,1.423767e-02,2.500028e-02,-1.346556e+06,1.331197e+06,2.337437e+06,4.869346e-03,-4.677183e-03,-8.368427e-03,3.880232e-18,56,47063
0.000000e+00,-1.710277e-08,1.742397e-07,5.874880e-07,0.000000e+00,0.000000e+00,0.000000e+00,2.504648e+06,-1.821996e+07,-3.375568e+07,3.050634e-18,57,0
1.087273e-09,-2.503937e-04,1.457667e-03,2.500435e-03,-2.304284e+05,1.341597e+06,2.300781e+06,8.818002e-02,-6.838968e-01,-9.663877e-01,3.050634e-18,57,4784
1.086591e-08,-2.503791e-03,1.457760e-02,2.500028e-02,-2.304434e+05,1.341714e+06,2.300947e+06,7.007370e-04,-5.465408e-03,-1.094352e-02,3.050634e-18,57,47810
0.000000e+00,-4.914874e-08,2.653506e-08,2.525563e-07,0.000000e+00,0.000000e+00,0.000000e+00,3.266446e+07,-1.887880e+07,-1.397974e+08,6.709130e-18,58,0
4.206818e-10,-5.890388e-04,3.410035e-04,2.500966e-03,-1.400356e+06,8.106952e+05,5.945485e+06,4.664176e-01,-2.748084e-01,-1.807709e+00,6.709130e-18,58,1851
4.205000e-09,-5.888530e-03,3.408989e-03,2.500095e-02,-1.400387e+06,8.107135e+05,5.945605e+06,4.632147e-03,-2.686368e-03,-1.826035e-02,6.709130e-18,58,18502
0.000000e+00,1.291531e-07,-1.385493e-07,2.932009e-07,0.000000e+00,0.000000e+00,0.000000e+00,-3.877488e+07,3.740142e+07,-6.167404e+07,5.065161e-18,59,0
8.268182e-10,1.637039e-03,-1.571508e-03,2.500399e-03,1.980496e+06,-1.901179e+06,3.024723e+06,-5.838615e-01,5.435462e-01,-7.632015e-01,5.065161e-18,59,3638
8.265227e-09,1.636925e-02,-1.571369e-02,2.500014e-02,1.980572e+06,-1.901250e+06,3.024823e+06,-5.571752e-03,5.156612e-03,-7.861141e-03,5.065161e-18,59,36367
0.000000e+00,-1.345376e-07,2.305600e-07,4.111830e-07,0.000000e+00,0.000000e+00,0.000000e+00,1.705959e+07,-3.662819e+07,-3.631914e+07,3.682376e-18,60,0
1.224773e-09,-1.262485e-03,2.715067e-03,2.500460e-03,-1.031193e+06,2.217678e+06,2.041977e+06,2.721089e-01,-5.701262e-01,-3.759334e-01,3.682376e-18,60,5389
1.224318e-08,-1.262507e-02,2.715135e-02,2.500046e-02,-1.031245e+06,2.217787e+06,2.042050e+06,2.166265e-03,-4.547690e-03,-4.401189e-03,3.682376e-18,60,53870
0.000000e+00,1.110283e-07,-1.609358e-08,1.495663e-07,0.000000e+00,0.000000e+00,0.000000e+00,-1.719012e+08,2.426469e+07,-2.133343e+08,8.972212e-18,61,0
2.906818e-10,2.016849e-03,-2.846441e-04,2.500913e-03,6.938250e+06,-9.792150e+05,8.603437e+06,-7.576949e-01,1.064702e-01,-8.812137e-01,8.972212e-18,61,1279
2.905909e-09,2.016202e-02,-2.845525e-03,2.500094e-02,6.938284e+06,-9.792199e+05,8.603477e+06,-7.526892e-03,1.013034e-03,-8.840242e-03,8.972212e-18,61,12786
0.000000e+00,1.931689e-07,-1.613917e-08,5.901514e-07,0.000000e+00,0.000000e+00,0.000000e+00,-1.718458e+07,2.011614e+06,-3.634234e+07,2.983676e-18,62,0
1.007500e-09,1.273936e-03,-1.047437e-04,2.500360e-03,1.265356e+06,-1.040584e+05,2.482911e+06,-7.332721e-01,8.203542e-02,-1.149170e+00,2.983676e-18,62,4433
1.006886e-08,1.274066e-02,-1.047753e-03,2.500029e-02,1.265473e+06,-1.040715e+05,2.483095e+06,-6.198032e-03,7.525447e-04,-1.254122e-02,2.983676e-18,62,44303
0.000000e+00,-1.590512e-07,8.569463e-08,1.732689e-07,0.000000e+00,0.000000e+00,0.000000e+00,1.118275e+08,-5.965739e+07,-1.025818e+08,6.783155e-18,63,0
5.877273e-10,-2.743725e-03,1.463432e-03,2.500870e-03,-4.668547e+06,2.490079e+06,4.255219e+06,5.383965e-01,-2.854082e-01,-4.288470e-01,6.783155e-18,63,2586
5.875227e-09,-2.742889e-02,1.462984e-02,2.500052e-02,-4.668597e+06,2.490105e+06,4.255259e+06,5.346893e-03,-2.878623e-03,-4.395286e-03,6.783155e-18,63,25851
0.000000e+00,-8.712842e-08,1.519405e-07,3.992108e-07,0.000000e+00,0.000000e+00,0.000000e+00,1.251039e+07,-2.569452e+07,-4.656720e+07,4.162974e-18,64,0
9.331818e-10,-6.725676e-04,1.513807e-03,2.500206e-03,-7.210737e+05,1.623071e+06,2.680303e+06,3.167950e-01,-7.312364e-01,-1.065089e+00,4.162974e-18,64,4106
9.327273e-09,-6.725650e-03,1.513876e-02,2.500000e-02,-7.211203e+05,1.623178e+06,2.680460e+06,2.875603e-03,-6.754866e-03,-1.108737e-02,4.162974e-18,64,41040
0.000000e+00,-2.287925e-08,2.437669e-07,5.410490e-07,0.000000e+00,0.000000e+00,0.000000e+00,2.010824e+06,-2.399631e+07,-3.343983e+07,3.098510e-18,65,0
1.128636e-09,-1.695125e-04,1.944970e-03,2.500219e-03,-1.503017e+05,1.724362e+06,2.216086e+06,7.606137e-02,-7.676663e-01,-7.503525e-01,3.098510e-18,65,4966
1.128114e-08,-1.695565e-03,1.945270e-02,2.500016e-02,-1.503152e+05,1.724498e+06,2.216220e+06,7.121306e-04,-6.469201e-03,-8.566711e-03,3.098510e-18,65,49637
0.000000e+00,1.644233e-07,1.824323e-07,3.515708e-07,0.000000e+00,0.000000e+00,0.000000e+00,-2.712795e+07,-3.370942e+07,-3.964101e+07,4.148441e-18,66,0
1.298864e-09,2.140384e-03,2.407272e-03,2.500181e-03,1.648519e+06,1.854068e+06,1.925261e+06,-3.762321e-01,-4.299405e-01,-3.200878e-01,4.148441e-18,66,5715
1.298523e-08,2.140632e-02,2.407544e-02,2.500012e-02,1.648596e+06,1.854156e+06,1.925327e+06,-3.223365e-03,-3.546280e-03,-3.791050e-03,4.148441e-18,66,57135
0.000000e+00,-9.586552e-08,-1.231761e-07,6.409301e-07,0.000000e+00,0.000000e+00,0.000000e+00,8.507731e+06,1.112911e+07,-3.535542e+07,2.823198e-18,67,0
1.011364e-09,-6.410670e-04,-8.138689e-04,2.500016e-03,-6.343442e+05,-8.052877e+05,2.473129e+06,3.863438e-01,4.669408e-01,-1.206148e+00,2.823198e-18,67,4450
1.010864e-08,-6.412334e-03,-8.140352e-03,2.500020e-02,-6.344059e+05,-8.053622e+05,2.473323e+06,3.284419e-03,4.005487e-03,-1.381601e-02,2.823198e-18,67,44478
0.000000e+00,-2.765937e-08,-1.739082e-07,5.749860e-07,0.000000e+00,0.000000e+00,0.000000e+00,3.445056e+06,2.001402e+07,-3.590533e+07,3.108766e-18,68,0
1.072727e-09,-3.368387e-04,-1.521280e-03,2.500448e-03,-3.142149e+05,-1.419136e+06,2.331831e+06,1.393385e-01,7.383726e-01,-8.887070e-01,3.108766e-18,68,4720
1.072114e-08,-3.368701e-03,-1.521468e-02,2.500011e-02,-3.142384e+05,-1.419261e+06,2.331983e+06,1.085333e-03,5.770651e-03,-1.045530e-02,3.108766e-18,68,47173
0.000000e+00,6.850251e-08,7.076576e-08,6.398315e-07,0.000000e+00,0.000000e+00,0.000000e+00,-5.182170e+06,-6.246763e+06,-3.314029e+07,2.897344e-18,69,0
1.044545e-09,3.605669e-04,4.398728e-04,2.500485e-03,3.454824e+05,4.214502e+05,2.395225e+06,-2.435648e-01,-2.707853e-01,-1.298861e+00,2.897344e-18,69,4596
1.043750e-08,3.605979e-03,4.398882e-03,2.500039e-02,3.455225e+05,4.214948e+05,2.395440e+06,-1.808969e-03,-2.263336e-03,-1.509855e-02,2.897344e-18,69,45925
0.000000e+00,-1.177977e-07,4.666772e-08,1.757352e-07,0.000000e+00,0.000000e+00,0.000000e+00,1.238808e+08,-4.797510e+07,-1.616308e+08,7.814045e-18,70,0
3.793182e-10,-1.921498e-03,7.440826e-04,2.500870e-03,-5.065727e+06,1.961654e+06,6.593048e+06,7.240820e-01,-2.788886e-01,-8.616970e-01,7.814045e-18,70,1669
3.792045e-09,-1.920957e-02,7.438719e-03,2.500129e-02,-5.065771e+06,1.961670e+06,6.593100e+06,7.182001e-03,-2.779331e-03,-8.681101e-03,7.814045e-18,70,16685
0.000000e+00,-1.271871e-07,2.227412e-07,3.614058e-07,0.000000e+00,0.000000e+00,0.000000e+00,1.952166e+07,-4.153986e+07,-3.856332e+07,4.036256e-18,71,0
1.229773e-09,-1.444181e-03,2.944726e-03,2.500043e-03,-1.174767e+06,2.395352e+06,2.033262e+06,2.732382e-01,-5.303213e-01,-3.166158e-01,4.036256e-18,71,5411
1.229545e-08,-1.444426e-02,2.945187e-02,2.500004e-02,-1.174820e+06,2.395454e+06,2.033324e+06,2.251395e-03,-4.331272e-03,-3.660649e-03,4.036256e-18,71,54100
0.000000e+00,2.483264e-07,1.011840e-07,5.189568e-07,0.000000e+00,0.000000e+00,0.000000e+00,-2.338677e+07,-1.060687e+07,-3.165628e+07,3.115002e-18,72,0
1.073636e-09,1.871420e-03,5.214115e-04,2.500181e-03,1.744004e+06,4.859101e+05,2.329555e+06,-7.316220e-01,-2.253262e-01,-7.849979e-01,3.115002e-18,72,4724
1.073182e-08,1.871632e-02,5.214725e-03,2.500051e-02,1.744128e+06,4.859482e+05,2.329689e+06,-6.794225e-03,-2.117047e-03,-8.679496e-03,3.115002e-18,72,47220
0.000000e+00,-1.629208e-07,-2.112627e-07,5.233936e-07,0.000000e+00,0.000000e+00,0.000000e+00,1.670327e+07,2.144446e+07,-3.244467e+07,3.117868e-18,73,0
1.259545e-09,-1.509047e-03,-1.852730e-03,2.500436e-03,-1.198734e+06,-1.471730e+06,1.985718e+06,4.115588e-01,5.014607e-01,-4.797551e-01,3.117868e-18,73,5542
1.259000e-08,-1.509201e-02,-1.852903e-02,2.500042e-02,-1.198815e+06,-1.471829e+06,1.985814e+06,3.626225e-03,4.371213e-03,-6.078661e-03,3.117868e-18,73,55396
0.000000e+00,-1.006474e-07,-6.494111e-08,4.946818e-07,0.000000e+00,0.000000e+00,0.000000e+00,3.226442e+07,-4.297825e+05,-4.696209e+07,3.702955e-18,74,0
8.938636e-10,-1.713289e-03,-3.377558e-05,2.500442e-03,-1.917714e+06,-3.772856e+04,2.798237e+06,8.283432e-01,-2.716743e-03,-1.039410e+00,3.702955e-18,74,3933
8.934318e-09,-1.713336e-02,-3.371277e-04,2.500052e-02,-1.917831e+06,-3.772817e+04,2.798384e+06,7.873280e-03,5.281115e-05,-1.093754e-02,3.702955e-18,74,39311
0.000000e+00,2.069126e-07,9.879746e-08,3.564998e-07,0.000000e+00,0.000000e+00,0.000000e+00,-3.886150e+07,-2.006471e+07,-4.506892e+07,4.223105e-18,75,0
1.043636e-09,2.336723e-03,1.194152e-03,2.500184e-03,2.239843e+06,1.144635e+06,2.396172e+06,-6.397856e-01,-3.179398e-01,-5.327253e-01,4.223105e-18,75,4592
1.043341e-08,2.336916e-02,1.194242e-02,2.500038e-02,2.239948e+06,1.144687e+06,2.396260e+06,-5.673324e-03,-2.872744e-03,-5.707439e-03,4.223105e-18,75,45907
0.000000e+00,-1.311216e-07,-1.200472e-08,5.579547e-07,0.000000e+00,0.000000e+00,0.000000e+00,1.436842e+07,7.698134e+05,-3.654390e+07,3.290109e-18,76,0
9.406818e-10,-9.267185e-04,-7.334026e-05,2.500210e-03,-9.859302e+05,-7.795898e+04,2.659283e+06,6.681089e-01,4.924169e-03,-1.416227e+00,3.290109e-18,76,4139
9.401136e-09,-9.268831e-03,-7.329138e-04,2.500043e-02,-9.860294e+05,-7.795974e+04,2.659494e+06,6.008063e-03,3.396604e-04,-1.509725e-02,3.290109e-18,76,41365
0.000000e+00,9.671344e-08,-2.752935e-07,3.522319e-07,0.000000e+00,0.000000e+00,0.000000e+00,-1.665595e+07,4.308385e+07,-3.452983e+07,3.893085e-18,77,0
1.379545e-09,1.356321e-03,-3.413110e-03,2.500134e-03,9.834964e+05,-2.474862e+06,1.812541e+06,-1.881272e-01,4.595050e-01,-2.277588e-01,3.893085e-18,77,6070
1.379273e-08,1.356506e-02,-3.413505e-02,2.500004e-02,9.835371e+05,-2.474962e+06,1.812591e+06,-1.531569e-03,3.905439e-03,-2.858601e-03,3.893085e-18,77,60688
0.000000e+00,2.184564e-07,1.104048e-07,4.668673e-07,0.000000e+00,0.000000e+00,0.000000e+00,-2.622895e+07,-1.311716e+07,-3.832167e+07,3.457602e-18,78,0
1.048636e-09,1.744811e-03,9.854681e-04,2.500109e-03,1.664738e+06,9.402468e+05,2.384985e+06,-6.805106e-01,-3.693782e-01,-7.853849e-01,3.457602e-18,78,4614
1.048227e-08,1.745023e-02,9.855892e-03,2.500020e-02,1.664851e+06,9.403079e+05,2.385115e+06,-5.861520e-03,-3.233244e-03,-8.461533e-03,3.457602e-18,78,46122
0.000000e+00,-2.486748e-07,-8.151854e-08,4.290450e-07,0.000000e+00,0.000000e+00,0.000000e+00,3.294751e+07,1.111645e+07,-3.414298e+07,3.616664e-18,79,0
1.293182e-09,-2.715763e-03,-8.717668e-04,2.500438e-03,-2.101032e+06,-6.743904e+05,1.934011e+06,5.905690e-01,1.676383e-01,-3.878807e-01,3.616664e-18,79,5690
1.292659e-08,-2.715909e-02,-8.717555e-03,2.500034e-02,-2.101152e+06,-6.744245e+05,1.934091e+06,4.997328e-03,1.355192e-03,-4.713744e-03,3.616664e-18,79,56877
0.000000e+00,1.242156e-07,-4.784567e-10,3.740881e-07,0.000000e+00,0.000000e+00,0.000000e+00,-2.165384e+07,-3.086829e+06,-5.730897e+07,4.601410e-18,80,0
7.834091e-10,1.043862e-03,1.153578e-04,2.500667e-03,1.333149e+06,1.473276e+05,3.193341e+06,-7.084407e-01,-6.868403e-02,-1.520663e+00,4.601410e-18,80,3447
7.828864e-09,1.043701e-02,1.153397e-03,2.500030e-02,1.333237e+06,1.473361e+05,3.193530e+06,-7.042490e-03,-5.840791e-04,-1.563326e-02,4.601410e-18,80,34447
0.000000e+00,1.311530e-07,1.332760e-07,6.130411e-07,0.000000e+00,0.000000e+00,0.000000e+00,-1.079140e+07,-9.282244e+06,-3.709408e+07,2.894452e-18,81,0
9.697727e-10,7.883297e-04,7.580355e-04,2.500217e-03,8.134937e+05,7.822725e+05,2.579456e+06,-5.280568e-01,-4.987412e-01,-1.319950e+00,2.894452e-18,81,4267
9.692045e-09,7.884427e-03,7.581781e-03,2.500039e-02,8.135745e+05,7.823488e+05,2.579658e+06,-4.763534e-03,-4.076916e-03,-1.402035e-02,2.894452e-18,81,42645
0.000000e+00,-8.227784e-08,5.881788e-08,6.313850e-07,0.000000e+00,0.000000e+00,0.000000e+00,8.193122e+06,-5.816199e+06,-3.723639e+07,2.937324e-18,82,0
9.372727e-10,-5.934770e-04,4.999162e-04,2.500329e-03,-6.337029e+05,5.338111e+05,2.669179e+06,4.256525e-01,-3.560243e-01,-1.538929e+00,2.937324e-18,82,4124
9.366136e-09,-5.935311e-03,4.999705e-03,2.500006e-02,-6.337658e+05,5.338638e+05,2.669407e+06,3.949165e-03,-2.895461e-03,-1.626155e-02,2.937324e-18,82,41211
0.000000e+00,-8.599154e-08,-1.355520e-07,2.703465e-07,0.000000e+00,0.000000e+00,0.000000e+00,3.276766e+07,5.070940e+07,-7.952947e+07,5.585348e-18,83,0
6.854545e-10,-1.060065e-03,-1.636236e-03,2.500517e-03,-1.546852e+06,-2.387586e+06,3.648512e+06,4.592770e-01,6.967393e-01,-9.310044e-01,5.585348e-18,83,3016
6.852273e-09,-1.059947e-02,-1.636043e-02,2.500074e-02,-1.546901e+06,-2.387662e+06,3.648613e+06,4.497498e-03,6.806292e-03,-9.528760e-03,5.585348e-18,83,30150
0.000000e+00,-2.959319e-09,2.204825e-07,2.216051e-07,0.000000e+00,0.000000e+00,0.000000e+00,8.366967e+06,-8.096547e+07,-6.348325e+07,5.507529e-18,84,0
8.836364e-10,-3.322971e-04,3.276568e-03,2.500368e-03,-3.761286e+05,3.708578e+06,2.829867e+06,5.896207e-02,-5.891000e-01,-3.652085e-01,5.507529e-18,84,3888
8.834318e-09,-3.322830e-03,3.276283e-02,2.500008e-02,-3.761368e+05,3.708660e+06,2.829919e+06,5.928340e-04,-5.614175e-03,-3.818428e-03,5.507529e-18,84,38871
0.000000e+00,-1.231232e-07,1.981594e-07,3.261570e-07,0.000000e+00,0.000000e+00,0.000000e+00,2.374390e+07,-3.843173e+07,-4.866077e+07,4.426912e-18,85,0
9.850000e-10,-1.299078e-03,2.116383e-03,2.500492e-03,-1.319292e+06,2.149359e+06,2.539164e+06,3.666658e-01,-6.332344e-01,-6.125477e-01,4.426912e-18,85,4334
9.845909e-09,-1.298963e-02,2.116238e-02,2.500049e-02,-1.319349e+06,2.149458e+06,2.539260e+06,3.456339e-03,-5.747406e-03,-6.507041e-03,4.426912e-18,85,43322
0.000000e+00,-1.806346e-07,-6.307495e-08,2.322355e-07,0.000000e+00,0.000000e+00,0.000000e+00,7.592113e+07,2.454961e+07,-7.670039e+07,5.758897e-18,86,0
7.370455e-10,-2.526528e-03,-8.149492e-04,2.500427e-03,-3.428406e+06,-1.105843e+06,3.392810e+06,6.811037e-01,2.130445e-01,-5.758245e-01,5.758897e-18,86,3243
7.368636e-09,-2.526275e-02,-8.148586e-03,2.500052e-02,-3.428485e+06,-1.105868e+06,3.392877e+06,6.565197e-03,2.048934e-03,-5.937744e-03,5.758897e-18,86,32422
0.000000e+00,2.778065e-07,5.567075e-08,3.809272e-07,0.000000e+00,0.000000e+00,0.000000e+00,-4.052758e+07,-9.156647e+06,-3.419950e+07,3.759602e-18,87,0
1.338864e-09,3.258829e-03,7.692450e-04,2.500141e-03,2.434915e+06,5.747834e+05,1.867683e+06,-5.322418e-01,-1.334428e-01,-2.811750e-01,3.759602e-18,87,5891
1.338568e-08,3.259293e-02,7.693837e-03,2.500037e-02,2.435027e+06,5.748115e+05,1.867743e+06,-4.511749e-03,-1.039983e-03,-3.433786e-03,3.759602e-18,87,58897
0.000000e+00,8.117843e-08,-1.689139e-07,4.518407e-07,0.000000e+00,0.000000e+00,0.000000e+00,-1.286276e+07,2.699800e+07,-3.974989e+07,3.787659e-18,88,0
1.059318e-09,7.369252e-04,-1.754200e-03,2.500305e-03,6.960154e+05,-1.656857e+06,2.361132e+06,-2.928752e-01,6.645537e-01,-7.814277e-01,3.787659e-18,88,4661
1.058818e-08,7.369547e-03,-1.754304e-02,2.500024e-02,6.960643e+05,-1.656968e+06,2.361264e+06,-2.214228e-03,5.691931e-03,-8.865029e-03,3.787659e-18,88,46588
0.000000e+00,1.039414e-07,-1.715941e-08,6.441800e-07,0.000000e+00,0.000000e+00,0.000000e+00,-8.340173e+06,7.189911e+06,-3.700950e+07,2.872927e-18,89,0
9.388636e-10,6.019252e-04,-4.313595e-04,2.500346e-03,6.416397e+05,-4.598917e+05,2.664631e+06,-4.707241e-01,3.417482e-01,-1.518001e+00,2.872927e-18,89,4131
9.382273e-09,6.020039e-03,-4.314767e-03,2.500049e-02,6.417094e+05,-4.599423e+05,2.664857e+06,-3.923515e-03,3.242761e-03,-1.611007e-02,2.872927e-18,89,41282
0.000000e+00,2.221951e-07,8.537503e-08,3.419745e-07,0.000000e+00,0.000000e+00,0.000000e+00,-4.601648e+07,-1.691635e+07,-4.180214e+07,4.274201e-18,90,0
1.157045e-09,2.953695e-03,1.095204e-03,2.500447e-03,2.553610e+06,9.468609e+05,2.161414e+06,-5.702348e-01,-2.155237e-01,-3.531275e-01,4.274201e-18,90,5091
1.156659e-08,2.953651e-02,1.095193e-02,2.500034e-02,2.553714e+06,9.469002e+05,2.161479e+06,-4.851518e-03,-1.795229e-03,-3.946535e-03,4.274201e-18,90,50893
0.000000e+00,-9.985208e-08,-1.100264e-07,2.131161e-07,0.000000e+00,0.000000e+00,0.000000e+00,6.122168e+07,6.575336e+07,-1.100213e+08,6.618889e-18,91,0
5.356818e-10,-1.404331e-03,-1.506910e-03,2.500620e-03,-2.621811e+06,-2.813309e+06,4.668377e+06,5.511578e-01,5.831842e-01,-8.782257e-01,6.618889e-18,91,2357
5.355227e-09,-1.404046e-02,-1.506598e-02,2.500037e-02,-2.621858e+06,-2.813358e+06,4.668452e+06,5.407527e-03,5.730115e-03,-8.871135e-03,6.618889e-18,91,23563
0.000000e+00,1.033445e-08,-4.818571e-08,6.528222e-07,0.000000e+00,0.000000e+00,0.000000e+00,-4.017984e+06,5.436124e+06,-3.806174e+07,2.877854e-18,92,0
9.345455e-10,2.034323e-04,-3.032914e-04,2.500554e-03,2.178356e+05,-3.247322e+05,2.677165e+06,-1.339590e-01,1.899921e-01,-1.567002e+00,2.877854e-18,92,4112
9.338182e-09,2.034181e-03,-3.032418e-03,2.500008e-02,2.178554e+05,-3.247603e+05,2.677397e+06,-1.068073e-03,1.480759e-03,-1.700521e-02,2.877854e-18,92,41088
0.000000e+00,5.486100e-08,-1.375312e-07,3.294932e-07,0.000000e+00,0.000000e+00,0.000000e+00,-1.313065e+07,3.565926e+07,-6.496045e+07,4.963256e-18,93,0
7.481818e-10,5.383360e-04,-1.440749e-03,2.500655e-03,7.197931e+05,-1.926360e+06,3.343215e+06,-3.007738e-01,7.726998e-01,-1.187456e+00,4.963256e-18,93,3292
7.477955e-09,5.382578e-03,-1.440522e-02,2.500052e-02,7.198287e+05,-1.926451e+06,3.343356e+06,-2.870198e-03,7.459038e-03,-1.222543e-02,4.963256e-18,93,32903
0.000000e+00,-1.791976e-08,7.450825e-09,3.692357e-07,0.000000e+00,0.000000e+00,0.000000e+00,4.841964e+06,-2.595138e+06,-6.986564e+07,4.896598e-18,94,0
6.543182e-10,-2.465867e-04,-4.055267e-05,2.500701e-03,-3.770536e+05,-6.205081e+04,3.823249e+06,1.949132e-01,1.237294e-02,-1.983319e+00,4.896598e-18,94,2879
6.539091e-09,-2.465559e-03,-4.057138e-04,2.500065e-02,-3.770737e+05,-6.205208e+04,3.823454e+06,1.862669e-03,1.696509e-04,-2.020535e-02,4.896598e-18,94,28772
0.000000e+00,2.291536e-07,1.279338e-08,4.520970e-07,0.000000e+00,0.000000e+00,0.000000e+00,-2.959831e+07,-4.600594e+06,-3.401102e+07,3.610261e-18,95,0
1.263409e-09,2.469960e-03,3.280656e-04,2.500302e-03,1.956019e+06,2.597928e+05,1.979554e+06,-6.299899e-01,-7.754943e-02,-4.579173e-01,3.610261e-18,95,5559
1.262909e-08,2.470263e-02,3.280933e-03,2.500014e-02,1.956144e+06,2.598082e+05,1.979646e+06,-5.704048e-03,-6.780488e-04,-5.726575e-03,3.610261e-18,95,55568
0.000000e+00,-1.508545e-07,-1.216720e-07,4.510668e-07,0.000000e+00,0.000000e+00,0.000000e+00,2.017132e+07,1.711751e+07,-4.174016e+07,3.766903e-18,96,0
1.019091e-09,-1.291099e-03,-1.077845e-03,2.500500e-03,-1.267589e+06,-1.058262e+06,2.454606e+06,5.479379e-01,4.899913e-01,-9.162389e-01,3.766903e-18,96,4484
1.018500e-08,-1.291037e-02,-1.077838e-02,2.500032e-02,-1.267677e+06,-1.058341e+06,2.454754e+06,4.494607e-03,4.382167e-03,-1.010395e-02,3.766903e-18,96,44814
0.000000e+00,-2.645155e-07,-1.032569e-07,4.608434e-07,0.000000e+00,0.000000e+00,0.000000e+00,3.084780e+07,1.343388e+07,-3.248292e+07,3.357405e-18,97,0
1.341591e-09,-2.714527e-03,-1.167970e-03,2.500397e-03,-2.024285e+06,-8.709927e+05,1.864146e+06,5.481658e-01,2.362629e-01,-3.443840e-01,3.357405e-18,97,5903
1.341091e-08,-2.714742e-02,-1.168076e-02,2.500010e-02,-2.024400e+06,-8.710426e+05,1.864220e+06,4.593071e-03,2.050199e-03,-4.325197e-03,3.357405e-18,97,59008
0.000000e+00,2.151086e-07,-7.026857e-08,3.720092e-07,0.000000e+00,0.000000e+00,0.000000e+00,-3.804337e+07,1.180974e+07,-4.172955e+07,4.133539e-18,98,0
1.101364e-09,2.544938e-03,-8.605204e-04,2.500316e-03,2.311647e+06,-7.816480e+05,2.270750e+06,-6.588789e-01,2.240027e-01,-5.154365e-01,4.133539e-18,98,4846
1.100955e-08,2.545009e-02,-8.605550e-03,2.500006e-02,2.311761e+06,-7.816869e+05,2.270840e+06,-5.691190e-03,2.003081e-03,-5.622156e-03,4.133539e-18,98,48442
0.000000e+00,-2.931366e-07,-2.614999e-08,4.079590e-07,0.000000e+00,0.000000e+00,0.000000e+00,3.958339e+07,3.574988e+06,-3.184826e+07,3.575061e-18,99,0
1.400909e-09,-3.430147e-03,-3.333479e-04,2.500394e-03,-2.449436e+06,-2.380562e+05,1.785144e+06,5.220918e-01,5.670627e-02,-2.634950e-01,3.575061e-18,99,6164
1.400455e-08,-3.430315e-02,-3.333852e-03,2.500031e-02,-2.449551e+06,-2.380687e+05,1.785203e+06,4.432711e-03,4.195293e-04,-3.248958e-03,3.575061e-18,99,61620
0.000000e+00,1.396473e-07,-2.007339e-07,5.232276e-07,0.000000e+00,0.000000e+00,0.000000e+00,-1.252660e+07,2.260299e+07,-3.656056e+07,3.196643e-18,100,0
1.054318e-09,9.576741e-04,-1.502379e-03,2.500172e-03,9.088487e+05,-1.425710e+06,2.372256e+06,-3.965563e-01,6.133542e-01,-8.367107e-01,3.196643e-18,100,4639
1.053864e-08,9.578002e-03,-1.502507e-02,2.500050e-02,9.089146e+05,-1.425812e+06,2.372396e+06,-3.420413e-03,5.084719e-03,-9.396030e-03,3.196643e-18,100,46370
0.000000e+00,1.554535e-07,1.908426e-07,4.284269e-07,0.000000e+00,0.000000e+00,0.000000e+00,-1.819055e+07,-2.782504e+07,-3.077352e+07,3.667036e-18,101,0
1.342955e-09,1.630511e-03,2.470255e-03,2.500243e-03,1.214688e+06,1.840304e+06,1.862205e+06,-3.301333e-01,-4.989217e-01,-3.566310e-01,3.667036e-18,101,5909
1.342500e-08,1.630713e-02,2.470595e-02,2.500025e-02,1.214758e+06,1.840410e+06,1.862281e+06,-2.819297e-03,-4.176955e-03,-4.345205e-03,3.667036e-18,101,59070
0.000000e+00,-9.915664e-09,2.253328e-08,2.124094e-07,0.000000e+00,0.000000e+00,0.000000e+00,7.963813e+06,-2.886900e+07,-2.042576e+08,7.985382e-18,102,0
2.993182e-10,-9.744630e-05,3.549043e-04,2.501583e-03,-3.255560e+05,1.185759e+06,8.357670e+06,6.990727e-02,-3.125321e-01,-1.944768e+00,7.985382e-18,102,1317
2.991364e-09,-9.738652e-04,3.547054e-03,2.500101e-02,-3.255593e+05,1.185774e+06,8.357762e+06,7.519790e-04,-3.073146e-03,-1.952477e-02,7.985382e-18,102,13162
0.000000e+00,9.319177e-08,-9.587941e-08,2.284880e-07,0.000000e+00,0.000000e+00,0.000000e+00,-5.907785e+07,5.627485e+07,-1.130574e+08,6.522523e-18,103,0
5.195455e-10,1.321600e-03,-1.256819e-03,2.500581e-03,2.544033e+06,-2.419306e+06,4.813320e+06,-6.096778e-01,5.645535e-01,-1.009172e+00,6.522523e-18,103,2286
5.194091e-09,1.321399e-02,-1.256615e-02,2.500098e-02,2.544083e+06,-2.419352e+06,4.813402e+06,-5.889136e-03,5.516012e-03,-1.022669e-02,6.522523e-18,103,22854
0.000000e+00,-4.708790e-08,2.305473e-07,5.039245e-07,0.000000e+00,0.000000e+00,0.000000e+00,3.983521e+06,-2.158505e+07,-3.314871e+07,3.306786e-18,104,0
1.218182e-09,-3.838607e-04,1.889794e-03,2.500335e-03,-3.153091e+05,1.552366e+06,2.053291e+06,1.283879e-01,-6.862596e-01,-6.401173e-01,3.306786e-18,104,5360
1.217568e-08,-3.839083e-03,1.890104e-02,2.500039e-02,-3.153337e+05,1.552498e+06,2.053415e+06,1.192664e-03,-5.885198e-03,-8.033443e-03,3.306786e-18,104,53573
0.000000e+00,4.755361e-08,-5.128225e-08,2.773134e-07,0.000000e+00,0.000000e+00,0.000000e+00,-2.510282e+07,2.292681e+07,-1.129324e+08,6.137066e-18,105,0
4.990909e-10,5.644393e-04,-5.132829e-04,2.501072e-03,1.131154e+06,-1.028608e+06,5.011958e+06,-4.411199e-01,3.851721e-01,-1.773430e+00,6.137066e-18,105,2196
4.988182e-09,5.642422e-03,-5.130911e-03,2.500073e-02,1.131189e+06,-1.028638e+06,5.012098e+06,-4.302648e-03,3.754617e-03,-1.798548e-02,6.137066e-18,105,21948
0.000000e+00,-2.117156e-07,-3.994437e-08,3.647330e-07,0.000000e+00,0.000000e+00,0.000000e+00,3.872459e+07,4.459327e+06,-4.490459e+07,4.252852e-18,106,0
1.038409e-09,-2.409806e-03,-2.550297e-04,2.500308e-03,-2.321582e+06,-2.457871e+05,2.408395e+06,7.143769e-01,1.520639e-01,-5.770268e-01,4.252852e-18,106,4569
1.038045e-08,-2.409904e-02,-2.551376e-03,2.500037e-02,-2.321699e+06,-2.458120e+05,2.408490e+06,6.596944e-03,8.308752e-04,-6.534223e-03,4.252852e-18,106,45674
0.000000e+00,4.793415e-08,-1.922783e-07,3.508008e-07,0.000000e+00,0.000000e+00,0.000000e+00,-6.879924e+06,3.837603e+07,-5.245859e+07,4.477397e-18,107,0
8.938636e-10,3.857284e-04,-1.956936e-03,2.500384e-03,4.317206e+05,-2.190159e+06,2.798072e+06,-1.771662e-01,7.902941e-01,-8.727729e-01,4.477397e-18,107,3933
8.934773e-09,3.857321e-03,-1.956854e-02,2.500025e-02,4.317456e+05,-2.190270e+06,2.798195e+06,-1.572245e-03,7.553252e-03,-9.153758e-03,4.477397e-18,107,39313
0.000000e+00,1.311900e-07,-1.223360e-07,1.659039e-07,0.000000e+00,0.000000e+00,0.000000e+00,-9.641129e+07,8.897233e+07,-1.008812e+08,6.940867e-18,108,0
5.981818e-10,2.405492e-03,-2.219559e-03,2.500761e-03,4.021494e+06,-3.710647e+06,4.180665e+06,-4.359938e-01,3.999121e-01,-3.939934e-01,6.940867e-18,108,2632
5.980000e-09,2.404863e-02,-2.218976e-02,2.500050e-02,4.021536e+06,-3.710685e+06,4.180702e+06,-4.265161e-03,3.924057e-03,-4.002653e-03,6.940867e-18,108,26312
0.000000e+00,6.672512e-09,-3.868069e-08,2.796874e-07,0.000000e+00,0.000000e+00,0.000000e+00,-1.622118e+06,1.780260e+07,-1.184498e+08,6.215659e-18,109,0
4.763636e-10,3.429473e-05,-3.795694e-04,2.500314e-03,7.199229e+04,-7.969411e+05,5.249504e+06,-1.750505e-02,3.184877e-01,-1.983899e+00,6.215659e-18,109,2096
4.762500e-09,3.428681e-04,-3.795453e-03,2.500093e-02,7.199360e+04,-7.969651e+05,5.249653e+06,-1.784638e-04,3.081567e-03,-2.007421e-02,6.215659e-18,109,20955
0.000000e+00,-2.473425e-09,-9.490733e-08,4.726650e-07,0.000000e+00,0.000000e+00,0.000000e+00,1.591506e+06,8.783755e+06,-4.649166e+07,3.873420e-18,110,0
9.093182e-10,-4.561089e-06,-5.317399e-04,2.500066e-03,-4.992336e+03,-5.851490e+05,2.750992e+06,2.580981e-02,3.722019e-01,-1.642103e+00,3.873420e-18,110,4001
9.087727e-09,-4.541547e-05,-5.317689e-03,2.500040e-02,-4.996019e+03,-5.852024e+05,2.751229e+06,1.185913e-04,3.892052e-03,-1.737872e-02,3.873420e-18,110,39986
0.000000e+00,8.545863e-08,-7.033431e-08,1.588475e-07,0.000000e+00,0.000000e+00,0.000000e+00,-1.222770e+08,9.927977e+07,-2.047014e+08,8.686677e-18,111,0
3.022727e-10,1.495236e-03,-1.213951e-03,2.500399e-03,4.946606e+06,-4.016043e+06,8.271851e+06,-6.041826e-01,4.892703e-01,-9.418311e-01,8.686677e-18,111,1330
3.022500e-09,1.495119e-02,-1.213855e-02,2.500181e-02,4.946635e+06,-4.016067e+06,8.271896e+06,-6.009154e-03,4.851038e-03,-9.440016e-03,8.686677e-18,111,13299
0.000000e+00,-1.345603e-07,-1.050652e-07,1.656782e-07,0.000000e+00,0.000000e+00,0.000000e+00,1.066973e+08,8.184520e+07,-1.095698e+08,7.124902e-18,112,0
5.527273e-10,-2.448049e-03,-1.877154e-03,2.500401e-03,-4.429184e+06,-3.396275e+06,4.523803e+06,4.971902e-01,3.782492e-01,-4.466391e-01,7.124902e-18,112,2432
5.526364e-09,-2.447738e-02,-1.876912e-02,2.500031e-02,-4.429227e+06,-3.396308e+06,4.523842e+06,4.883005e-03,3.706727e-03,-4.517637e-03,7.124902e-18,112,24316
0.000000e+00,-1.828299e-07,-8.842356e-08,3.561188e-07,0.000000e+00,0.000000e+00,0.000000e+00,3.759081e+07,1.626641e+07,-4.826894e+07,4.398027e-18,113,0
9.588636e-10,-2.085075e-03,-8.176855e-04,2.500514e-03,-2.175399e+06,-8.530540e+05,2.608478e+06,7.263394e-01,2.684500e-01,-7.155818e-01,4.398027e-18,113,4219
9.584091e-09,-2.084917e-02,-8.175761e-03,2.500001e-02,-2.175509e+06,-8.530947e+05,2.608587e+06,6.679324e-03,2.517107e-03,-7.603350e-03,4.398027e-18,113,42170
0.000000e+00,2.169619e-08,-1.485222e-07,3.406060e-07,0.000000e+00,0.000000e+00,0.000000e+00,-5.025975e+06,3.567796e+07,-6.289803e+07,4.832563e-18,114,0
7.575000e-10,2.159922e-04,-1.494157e-03,2.500383e-03,2.852542e+05,-1.973231e+06,3.301779e+06,-1.254493e-01,8.167462e-01,-1.208101e+00,4.832563e-18,114,3333
7.571818e-09,2.159890e-03,-1.494093e-02,2.500057e-02,2.852693e+05,-1.973329e+06,3.301924e+06,-1.273677e-03,7.794818e-03,-1.244527e-02,4.832563e-18,114,33316
0.000000e+00,-1.500952e-07,-5.586560e-08,2.321483e-07,0.000000e+00,0.000000e+00,0.000000e+00,7.364370e+07,2.669891e+07,-9.333464e+07,6.135384e-18,115,0
6.147727e-10,-2.001847e-03,-7.256746e-04,2.500842e-03,-3.256667e+06,-1.180547e+06,4.068278e+06,7.550900e-01,2.728058e-01,-8.362593e-01,6.135384e-18,115,2705
6.145227e-09,-2.001303e-02,-7.254756e-03,2.500064e-02,-3.256740e+06,-1.180573e+06,4.068359e+06,7.408706e-03,2.693571e-03,-8.484316e-03,6.135384e-18,115,27039
0.000000e+00,7.334636e-08,1.737829e-07,5.559711e-07,0.000000e+00,0.000000e+00,0.000000e+00,-1.043614e+07,-1.686415e+07,-3.378409e+07,3.169207e-18,116,0
1.148864e-09,9.310742e-04,1.343398e-03,2.500128e-03,8.110217e+05,1.170101e+06,2.177054e+06,-3.894128e-01,-5.510669e-01,-7.877854e-01,3.169207e-18,116,5055
1.148341e-08,9.313219e-03,1.343671e-02,2.500021e-02,8.110922e+05,1.170201e+06,2.177197e+06,-3.457109e-03,-4.819712e-03,-9.614207e-03,3.169207e-18,116,50527
0.000000e+00,-1.661368e-07,1.664759e-07,4.023088e-07,0.000000e+00,0.000000e+00,0.000000e+00,2.167490e+07,-2.385729e+07,-4.149454e+07,3.890189e-18,117,0
1.053864e-09,-1.493698e-03,1.603212e-03,2.500500e-03,-1.418075e+06,1.522042e+06,2.373488e+06,5.444190e-01,-5.821780e-01,-7.219644e-01,3.890189e-18,117,4637
1.053318e-08,-1.493679e-02,1.603189e-02,2.500049e-02,-1.418165e+06,1.522139e+06,2.373609e+06,4.833006e-03,-5.132944e-03,-7.739895e-03,3.890189e-18,117,46346
0.000000e+00,-1.784611e-07,-2.566863e-08,4.728580e-07,0.000000e+00,0.000000e+00,0.000000e+00,2.278363e+07,-5.313884e+05,-4.045730e+07,3.665729e-18,118,0
1.065227e-09,-1.692410e-03,4.817691e-05,2.500454e-03,-1.589763e+06,4.523700e+04,2.348258e+06,7.221071e-01,1.108573e-02,-8.537685e-01,3.665729e-18,118,4687
1.064614e-08,-1.692475e-02,4.815736e-04,2.500004e-02,-1.589884e+06,4.523507e+04,2.348402e+06,6.564359e-03,1.924131e-04,-9.641779e-03,3.665729e-18,118,46843
0.000000e+00,-1.786432e-07,-9.606002e-08,2.212426e-07,0.000000e+00,0.000000e+00,0.000000e+00,7.606915e+07,4.024379e+07,-7.201812e+07,5.755980e-18,119,0
7.906818e-10,-2.697437e-03,-1.427858e-03,2.500127e-03,-3.411969e+06,-1.806086e+06,3.162221e+06,5.674107e-01,3.009042e-01,-4.371158e-01,5.755980e-18,119,3479
7.905909e-09,-2.697479e-02,-1.427879e-02,2.500037e-02,-3.412040e+06,-1.806124e+06,3.162276e+06,5.472557e-03,2.855405e-03,-4.517615e-03,5.755980e-18,119,34786
0.000000e+00,2.429052e-08,1.640987e-07,5.866309e-07,0.000000e+00,0.000000e+00,0.000000e+00,-3.677003e+06,-1.109353e+07,-3.857436e+07,3.073966e-18,120,0
9.815909e-10,2.403828e-04,9.253119e-04,2.500572e-03,2.451482e+05,9.434214e+05,2.548801e+06,-2.109287e-01,-6.377949e-01,-1.339555e+00,3.073966e-18,120,4319
9.808636e-09,2.404556e-03,9.253658e-03,2.500047e-02,2.451809e+05,9.435202e+05,2.549009e+06,-2.055345e-03,-4.926931e-03,-1.439413e-02,3.073966e-18,120,43158
0.000000e+00,-1.379307e-07,1.869259e-07,4.381284e-07,0.000000e+00,0.000000e+00,0.000000e+00,1.707939e+07,-2.444084e+07,-3.973289e+07,3.678245e-18,121,0
1.064091e-09,-1.176016e-03,1.756024e-03,2.500371e-03,-1.105729e+06,1.651147e+06,2.350568e+06,4.186006e-01,-6.571238e-01,-7.342003e-01,3.678245e-18,121,4682
1.063568e-08,-1.176016e-02,1.756100e-02,2.500002e-02,-1.105799e+06,1.651257e+06,2.350692e+06,3.664486e-03,-5.710313e-03,-8.005399e-03,3.678245e-18,121,46797
0.000000e+00,-1.090518e-07,9.236932e-08,3.435639e-07,0.000000e+00,0.000000e+00,0.000000e+00,2.441024e+07,-2.473341e+07,-6.205559e+07,4.808537e-18,122,0
7.579545e-10,-1.035921e-03,1.043374e-03,2.500197e-03,-1.367252e+06,1.377137e+06,3.299591e+06,5.716572e-01,-6.045405e-01,-1.238205e+00,4.808537e-18,122,3335
7.576818e-09,-1.035941e-02,1.043429e-02,2.500049e-02,-1.367321e+06,1.377210e+06,3.299739e+06,5.592485e-03,-5.849010e-03,-1.265643e-02,4.808537e-18,122,33338
0.000000e+00,3.507270e-08,-1.207127e-07,2.501349e-07,0.000000e+00,0.000000e+00,0.000000e+00,-2.463714e+07,5.689903e+07,-1.105542e+08,6.227792e-18,123,0
5.209091e-10,5.630924e-04,-1.304651e-03,2.500718e-03,1.081152e+06,-2.504890e+06,4.801155e+06,-3.242688e-01,7.462400e-01,-1.294064e+00,6.227792e-18,123,2292
5.207273e-09,5.629867e-03,-1.304371e-02,2.500109e-02,1.081179e+06,-2.504951e+06,4.801261e+06,-3.244569e-03,7.273076e-03,-1.312407e-02,6.227792e-18,123,22912
0.000000e+00,5.576397e-08,1.858042e-07,3.023336e-07,0.000000e+00,0.000000e+00,0.000000e+00,-1.642963e+07,-4.982478e+07,-5.968991e+07,4.892970e-18,124,0
8.556818e-10,7.301587e-04,2.190272e-03,2.500193e-03,8.535693e+05,2.560413e+06,2.922426e+06,-2.552696e-01,-7.369232e-01,-7.019197e-01,4.892970e-18,124,3765
8.554545e-09,7.301892e-03,2.190318e-02,2.500016e-02,8.536038e+05,2.560512e+06,2.922521e+06,-2.482440e-03,-7.034344e-03,-7.222384e-03,4.892970e-18,124,37640
0.000000e+00,-9.197600e-08,-2.375310e-07,4.944954e-07,0.000000e+00,0.000000e+00,0.000000e+00,9.273630e+06,2.718990e+07,-3.839253e+07,3.303734e-18,125,0
1.100682e-09,-6.913295e-04,-2.011202e-03,2.500145e-03,-6.284209e+05,-1.828183e+06,2.272159e+06,2.504994e-01,7.053043e-01,-6.865166e-01,3.303734e-18,125,4843
1.100273e-08,-6.914338e-03,-2.011496e-02,2.500015e-02,-6.284643e+05,-1.828305e+06,2.272279e+06,2.133552e-03,5.927547e-03,-7.721318e-03,3.303734e-18,125,48412
0.000000e+00,2.742049e-08,1.118042e-07,3.717399e-07,0.000000e+00,0.000000e+00,0.000000e+00,-6.071001e+06,-2.634637e+07,-5.974294e+07,4.628233e-18,126,0
7.577273e-10,2.476126e-04,1.164403e-03,2.500329e-03,3.269310e+05,1.537437e+06,3.300941e+06,-1.645005e-01,-7.674434e-01,-1.434632e+00,4.628233e-18,126,3334
7.573636e-09,2.476055e-03,1.164395e-02,2.500021e-02,3.269506e+05,1.537529e+06,3.301113e+06,-1.565913e-03,-7.375932e-03,-1.469313e-02,4.628233e-18,126,33324
0.000000e+00,-8.523154e-09,-1.977934e-07,2.827984e-07,0.000000e+00,0.000000e+00,0.000000e+00,1.453835e+06,5.343589e+07,-6.436703e+07,5.117690e-18,127,0
8.036364e-10,-4.630020e-05,-2.163831e-03,2.500362e-03,-5.760248e+04,-2.693278e+06,3.111942e+06,2.163398e-03,8.117232e-01,-8.217913e-01,5.117690e-18,127,3536
8.033636e-09,-4.627678e-04,-2.163685e-02,2.500033e-02,-5.760275e+04,-2.693381e+06,3.112046e+06,6.191358e-06,7.771692e-03,-8.484044e-03,5.117690e-18,127,35348
0.000000e+00,-8.697052e-10,-1.653903e-07,5.446387e-07,0.000000e+00,0.000000e+00,0.000000e+00,1.320203e+05,1.819530e+07,-3.921490e+07,3.290055e-18,128,0
1.003409e-09,3.341457e-05,-1.263987e-03,2.500052e-03,3.337777e+04,-1.260541e+06,2.492697e+06,-4.933152e-02,6.930957e-01,-1.121896e+00,3.290055e-18,128,4415
1.002932e-08,3.347376e-04,-1.264234e-02,2.500024e-02,3.338556e+04,-1.260651e+06,2.492876e+06,-3.411508e-04,5.594888e-03,-1.275441e-02,3.290055e-18,128,44129
0.000000e+00,8.272626e-08,-2.155701e-07,2.491756e-07,0.000000e+00,0.000000e+00,0.000000e+00,-2.450460e+07,6.670785e+07,-5.425727e+07,5.129341e-18,129,0
9.963636e-10,1.173134e-03,-3.205617e-03,2.500463e-03,1.177630e+06,-3.217928e+06,2.509846e+06,-1.974121e-01,5.488409e-01,-3.318180e-01,5.129341e-18,129,4384
9.960909e-09,1.173028e-02,-3.205352e-02,2.500048e-02,1.177661e+06,-3.218014e+06,2.509898e+06,-1.800565e-03,4.982789e-03,-3.535356e-03,5.129341e-18,129,43828
0.000000e+00,-2.454385e-07,1.099628e-09,2.722255e-07,0.000000e+00,0.000000e+00,0.000000e+00,6.240751e+07,-2.051657e+06,-4.875093e+07,4.767742e-18,130,0
1.071364e-09,-3.376539e-03,1.228244e-04,2.500220e-03,-3.152349e+06,1.146901e+05,2.333972e+06,5.827628e-01,-2.991771e-02,-3.286377e-01,4.767742e-18,130,4714
1.071136e-08,-3.376597e-02,1.228478e-03,2.500015e-02,-3.152448e+06,1.146952e+05,2.334027e+06,5.136010e-03,-2.286538e-04,-3.549797e-03,4.767742e-18,130,47130
0.000000e+00,-1.101223e-07,1.224718e-07,5.727247e-07,0.000000e+00,0.000000e+00,0.000000e+00,1.214943e+07,-1.159480e+07,-3.845331e+07,3.137026e-18,131,0
9.352273e-10,-7.419474e-04,7.667650e-04,2.500220e-03,-7.938425e+05,8.204156e+05,2.674856e+06,4.597361e-01,-4.884893e-01,-1.460392e+00,3.137026e-18,131,4115
9.346364e-09,-7.419538e-03,7.667894e-03,2.500030e-02,-7.939104e+05,8.204877e+05,2.675072e+06,4.198517e-03,-4.379846e-03,-1.518973e-02,3.137026e-18,131,41124
0.000000e+00,-2.069151e-07,-5.355222e-08,2.706636e-07,0.000000e+00,0.000000e+00,0.000000e+00,5.986276e+07,9.663234e+06,-5.992005e+07,5.086246e-18,132,0
8.777273e-10,-2.606732e-03,-4.144652e-04,2.500523e-03,-2.970575e+06,-4.722782e+05,2.849304e+06,7.163370e-01,1.020788e-01,-5.667232e-01,5.086246e-18,132,3862
8.774091e-09,-2.606412e-02,-4.143838e-03,2.500018e-02,-2.970675e+06,-4.722923e+05,2.849383e+06,6.804436e-03,9.907890e-04,-5.899021e-03,5.086246e-18,132,38606
0.000000e+00,1.347200e-07,-5.206007e-08,2.669211e-07,0.000000e+00,0.000000e+00,0.000000e+00,-5.616880e+07,2.114591e+07,-8.711937e+07,5.760887e-18,133,0
6.345455e-10,1.648793e-03,-6.193933e-04,2.500186e-03,2.598902e+06,-9.763107e+05,3.940673e+06,-7.877395e-01,2.932353e-01,-1.052995e+00,5.760887e-18,133,2792
6.344091e-09,1.648772e-02,-6.193823e-03,2.500013e-02,2.598981e+06,-9.763402e+05,3.940778e+06,-7.692480e-03,2.911751e-03,-1.068802e-02,5.760887e-18,133,27914
0.000000e+00,1.902438e-07,6.899358e-08,3.473014e-07,0.000000e+00,0.000000e+00,0.000000e+00,-3.201856e+07,-2.177049e+07,-2.108923e+07,4.464738e-18,134,0
1.634318e-09,3.624120e-03,2.319274e-03,2.500287e-03,2.218303e+06,1.419634e+06,1.530153e+06,-3.336100e-01,-2.126544e-01,-1.645718e-01,4.464738e-18,134,7191
1.633841e-08,3.624330e-02,2.319437e-02,2.500031e-02,2.218389e+06,1.419688e+06,1.530196e+06,-2.942115e-03,-1.882169e-03,-2.028687e-03,4.464738e-18,134,71889
0.000000e+00,-1.420855e-08,-7.022904e-08,3.580768e-07,0.000000e+00,0.000000e+00,0.000000e+00,-3.159820e+06,2.559072e+07,-6.360254e+07,4.958695e-18,135,0
7.497727e-10,4.393460e-04,-7.764693e-04,2.500199e-03,5.864185e+05,-1.036060e+06,3.335920e+06,-3.201095e-01,5.660345e-01,-1.622412e+00,4.958695e-18,135,3299
7.494318e-09,4.394684e-03,-7.764597e-03,2.500053e-02,5.864564e+05,-1.036127e+06,3.336112e+06,-3.102190e-03,5.535072e-03,-1.677993e-02,4.958695e-18,135,32975
0.000000e+00,-3.181854e-08,-1.664773e-07,6.175467e-07,0.000000e+00,0.000000e+00,0.000000e+00,3.990747e+06,1.654615e+07,-3.821051e+07,2.912817e-18,136,0
8.793182e-10,-2.666173e-04,-9.783634e-04,2.500179e-03,-3.034386e+05,-1.113335e+06,2.844580e+06,2.133018e-01,6.868282e-01,-1.428515e+00,2.912817e-18,136,3869
8.788636e-09,-2.666804e-03,-9.784705e-03,2.500017e-02,-3.034682e+05,-1.113430e+06,2.844779e+06,1.797346e-03,6.207966e-03,-1.540517e-02,2.912817e-18,136,38670
0.000000e+00,1.145810e-07,1.211623e-07,4.454150e-07,0.000000e+00,0.000000e+00,0.000000e+00,-1.564804e+07,-1.672211e+07,-4.240678e+07,3.853151e-18,137,0
1.003636e-09,1.187543e-03,1.076809e-03,2.500180e-03,1.184001e+06,1.073557e+06,2.492189e+06,-5.639214e-01,-5.249962e-01,-9.860527e-01,3.853151e-18,137,4416
1.003136e-08,1.187705e-02,1.076921e-02,2.500015e-02,1.184091e+06,1.073640e+06,2.492346e+06,-4.989898e-03,-4.438822e-03,-1.087464e-02,3.853151e-18,137,44138
0.000000e+00,2.224436e-08,2.626319e-07,4.562247e-07,0.000000e+00,0.000000e+00,0.000000e+00,-3.337934e+06,-3.129577e+07,-2.334637e+07,3.456738e-18,138,0
1.573636e-09,3.970694e-04,3.481110e-03,2.500016e-03,2.524641e+05,2.213176e+06,1.589068e+06,-6.197588e-02,-4.844485e-01,-2.504465e-01,3.456738e-18,138,6924
1.573250e-08,3.971855e-03,3.481857e-02,2.500015e-02,2.524794e+05,2.213295e+06,1.589132e+06,-5.101516e-04,-4.356903e-03,-3.139070e-03,3.456738e-18,138,69223
0.000000e+00,-1.245864e-07,2.066953e-07,4.138179e-07,0.000000e+00,0.000000e+00,0.000000e+00,1.051337e+07,-2.901164e+07,-4.029206e+07,3.788040e-18,139,0
1.072727e-09,-7.869242e-04,2.020590e-03,2.500018e-03,-7.339348e+05,1.884567e+06,2.331281e+06,2.861958e-01,-7.133985e-01,-6.913018e-01,3.788040e-18,139,4720
1.072386e-08,-7.870616e-03,2.020977e-02,2.500047e-02,-7.339832e+05,1.884688e+06,2.331399e+06,2.459194e-03,-6.121377e-03,-7.742199e-03,3.788040e-18,139,47185
0.000000e+00,1.772043e-07,-1.177073e-07,4.210375e-07,0.000000e+00,0.000000e+00,0.000000e+00,-2.421362e+07,2.252669e+07,-1.235790e+07,3.894059e-18,140,0
1.960000e-09,3.710136e-03,-3.268714e-03,2.500017e-03,1.893631e+06,-1.668341e+06,1.275755e+06,-2.382787e-01,2.090816e-01,-1.149233e-01,3.894059e-18,140,8624
1.959636e-08,3.710798e-02,-3.269313e-02,2.500023e-02,1.893704e+06,-1.668405e+06,1.275792e+06,-2.180826e-03,1.921504e-03,-1.469148e-03,3.894059e-18,140,86224
0.000000e+00,-9.384112e-08,6.459668e-08,1.426626e-07,0.000000e+00,0.000000e+00,0.000000e+00,1.583702e+08,-1.073107e+08,-2.232152e+08,9.171408e-18,141,0
2.784091e-10,-1.776007e-03,1.203326e-03,2.501554e-03,-6.379017e+06,4.322071e+06,8.984962e+06,6.173244e-01,-4.139632e-01,-8.174288e-01,9.171408e-18,141,1225
2.782500e-09,-1.774970e-02,1.202622e-02,2.500079e-02,-6.379044e+06,4.322090e+06,8.984998e+06,6.135782e-03,-4.116345e-03,-8.226652e-03,9.171408e-18,141,12243
0.000000e+00,1.583407e-07,-1.469763e-07,4.183505e-07,0.000000e+00,0.000000e+00,0.000000e+00,-2.227014e+07,2.203783e+07,-3.829460e+07,3.887318e-18,142,0
1.142500e-09,1.678751e-03,-1.404677e-03,2.500412e-03,1.470175e+06,-1.230087e+06,2.189304e+06,-5.471427e-01,4.513662e-01,-6.451118e-01,3.887318e-18,142,5027
1.141932e-08,1.678832e-02,-1.404675e-02,2.500048e-02,1.470274e+06,-1.230168e+06,2.189421e+06,-4.416629e-03,3.717711e-03,-7.364877e-03,3.887318e-18,142,50245
0.000000e+00,-1.800150e-07,-7.178796e-08,4.122086e-07,0.000000e+00,0.000000e+00,0.000000e+00,3.176088e+07,9.943279e+06,-4.417863e+07,4.020278e-18,143,0
9.936364e-10,-1.838409e-03,-5.717459e-04,2.500538e-03,-1.851129e+06,-5.756927e+05,2.517398e+06,7.683226e-01,2.454674e-01,-8.303941e-01,4.020278e-18,143,4372
9.930909e-09,-1.838335e-02,-5.717154e-03,2.500017e-02,-1.851249e+06,-5.757312e+05,2.517529e+06,6.848609e-03,2.241483e-03,-9.028272e-03,4.020278e-18,143,43696
0.000000e+00,-1.112552e-07,2.262084e-07,2.898980e-07,0.000000e+00,0.000000e+00,0.000000e+00,1.840278e+07,-5.301641e+07,-4.435575e+07,4.571396e-18,144,0
1.137955e-09,-1.117061e-03,3.207947e-03,2.500344e-03,-9.818715e+05,2.819817e+06,2.197547e+06,1.867407e-01,-5.541065e-01,-3.227403e-01,4.571396e-18,144,5007
1.137636e-08,-1.117015e-02,3.207923e-02,2.500022e-02,-9.819050e+05,2.819916e+06,2.197606e+06,1.601223e-03,-4.779208e-03,-3.506405e-03,4.571396e-18,144,50056
0.000000e+00,8.245341e-08,-1.837094e-07,4.951115e-07,0.000000e+00,0.000000e+00,0.000000e+00,-5.514144e+06,2.807734e+07,-4.066169e+07,3.479371e-18,145,0
1.016818e-09,5.041722e-04,-1.800163e-03,2.500268e-03,4.960717e+05,-1.771371e+06,2.459747e+06,-1.844503e-01,7.731134e-01,-8.327468e-01,3.479371e-18,145,4474
1.016364e-08,5.041874e-03,-1.800351e-02,2.500014e-02,4.961013e+05,-1.771495e+06,2.459881e+06,-1.685466e-03,6.459572e-03,-9.497297e-03,3.479371e-18,145,44720
0.000000e+00,-1.433108e-07,-1.241628e-07,2.137099e-07,0.000000e+00,0.000000e+00,0.000000e+00,6.819709e+07,5.730319e+07,-8.073483e+07,6.036379e-18,146,0
7.131818e-10,-2.147529e-03,-1.802876e-03,2.500438e-03,-3.011545e+06,-2.528217e+06,3.506280e+06,5.292497e-01,4.385304e-01,-5.256027e-01,6.036379e-18,146,3138
7.130227e-09,-2.147306e-02,-1.802682e-02,2.500071e-02,-3.011604e+06,-2.528266e+06,3.506340e+06,5.077751e-03,4.316277e-03,-5.388692e-03,6.036379e-18,146,31373
0.000000e+00,-4.740668e-08,3.864478e-08,2.934589e-07,0.000000e+00,0.000000e+00,0.000000e+00,2.225946e+07,-1.664625e+07,-1.028435e+08,5.878273e-18,147,0
5.315909e-10,-5.512264e-04,4.121656e-04,2.500780e-03,-1.037190e+06,7.755233e+05,4.705184e+06,4.454114e-01,-3.272638e-01,-1.832815e+00,5.878273e-18,147,2339
5.313409e-09,-5.511028e-03,4.120686e-03,2.500072e-02,-1.037227e+06,7.755508e+05,4.705338e+06,4.333073e-03,-3.262359e-03,-1.856376e-02,5.878273e-18,147,23379
0.000000e+00,1.071380e-07,-2.112759e-09,6.450422e-07,0.000000e+00,0.000000e+00,0.000000e+00,-1.172615e+07,-6.189258e+06,-3.675200e+07,2.866094e-18,148,0
9.570455e-10,8.284544e-04,2.796752e-04,2.500075e-03,8.662500e+05,2.924262e+05,2.613733e+06,-4.979353e-01,-1.623235e-01,-1.485089e+00,2.866094e-18,148,4211
9.565000e-09,8.285631e-03,2.797041e-03,2.500057e-02,8.663252e+05,2.924506e+05,2.613958e+06,-4.215681e-03,-1.390777e-03,-1.587316e-02,2.866094e-18,148,42086
0.000000e+00,7.146737e-08,-6.619226e-08,3.137042e-07,0.000000e+00,0.000000e+00,0.000000e+00,-2.614142e+07,2.201308e+07,-8.428944e+07,5.414901e-18,149,0
6.175000e-10,8.035675e-04,-6.690929e-04,2.500602e-03,1.301736e+06,-1.083862e+06,4.050477e+06,-5.810471e-01,4.576037e-01,-1.568927e+00,5.414901e-18,149,2717
6.172273e-09,8.034678e-03,-6.689903e-03,2.500079e-02,1.301793e+06,-1.083906e+06,4.050630e+06,-5.666237e-03,4.510431e-03,-1.595793e-02,5.414901e-18,149,27158
0.000000e+00,-1.486725e-07,-1.244957e-07,5.842070e-07,0.000000e+00,0.000000e+00,0.000000e+00,1.409983e+07,1.204753e+07,-3.678172e+07,3.022698e-18,150,0
9.988636e-10,-9.882347e-04,-8.109385e-04,2.500433e-03,-9.900594e+05,-8.123476e+05,2.504388e+06,5.890435e-01,4.203233e-01,-1.115267e+00,3.022698e-18,150,4395
9.982500e-09,-9.883258e-03,-8.109266e-03,2.500025e-02,-9.901522e+05,-8.124138e+05,2.504565e+06,5.021774e-03,3.718957e-03,-1.253680e-02,3.022698e-18,150,43923
0.000000e+00,2.163106e-07,6.893896e-09,5.109939e-07,0.000000e+00,0.000000e+00,0.000000e+00,-2.211280e+07,-4.089133e+06,-3.660039e+07,3.329873e-18,151,0
1.083409e-09,1.717798e-03,2.743683e-04,2.500257e-03,1.586589e+06,2.533849e+05,2.308700e+06,-7.694067e-01,-9.044973e-02,-8.515420e-01,3.329873e-18,151,4767
1.082864e-08,1.718053e-02,2.743786e-03,2.500023e-02,1.586721e+06,2.534003e+05,2.308846e+06,-6.483347e-03,-1.051123e-03,-9.481126e-03,3.329873e-18,151,47646
0.000000e+00,-4.165180e-08,9.313000e-08,6.242413e-07,0.000000e+00,0.000000e+00,0.000000e+00,3.924303e+06,-6.735344e+06,-3.526786e+07,2.975284e-18,152,0
9.961364e-10,-3.257672e-04,5.386644e-04,2.500388e-03,-3.273550e+05,5.411713e+05,2.511472e+06,2.574201e-01,-3.511474e-01,-1.365767e+00,2.975284e-18,152,4383
9.954318e-09,-3.258573e-03,5.386985e-03,2.500020e-02,-3.273955e+05,5.412265e+05,2.511687e+06,1.928843e-03,-2.799625e-03,-1.531508e-02,2.975284e-18,152,43799
0.000000e+00,-2.614324e-08,4.087828e-08,2.995792e-07,0.000000e+00,0.000000e+00,0.000000e+00,6.936243e+06,-1.952088e+07,-1.043307e+08,5.815904e-18,153,0
5.243182e-10,-1.682283e-04,4.800286e-04,2.500678e-03,-3.208978e+05,9.157688e+05,4.770258e+06,1.245119e-01,-4.207083e-01,-1.908304e+00,5.815904e-18,153,2307
5.240909e-09,-1.681812e-03,4.799471e-03,2.500065e-02,-3.209081e+05,9.158036e+05,4.770416e+06,1.218898e-03,-4.134923e-03,-1.936055e-02,5.815904e-18,153,23060
0.000000e+00,3.362837e-08,1.757606e-07,5.751526e-07,0.000000e+00,0.000000e+00,0.000000e+00,-7.489120e+06,-1.729973e+07,-3.382257e+07,3.106423e-18,154,0
1.094545e-09,5.043474e-04,1.370775e-03,2.500177e-03,4.610768e+05,1.253208e+06,2.285232e+06,-2.128191e-01,-6.199596e-01,-9.301155e-01,3.106423e-18,154,4816
1.093977e-08,5.044053e-03,1.370977e-02,2.500011e-02,4.611135e+05,1.253315e+06,2.285393e+06,-1.992284e-03,-5.148082e-03,-1.084836e-02,3.106423e-18,154,48135
0.000000e+00,-1.714500e-08,-7.521094e-08,6.421275e-07,0.000000e+00,0.000000e+00,0.000000e+00,1.470262e+06,1.001549e+07,-3.726505e+07,2.910381e-18,155,0
9.527273e-10,-1.703246e-04,-6.060906e-04,2.500235e-03,-1.789743e+05,-6.366176e+05,2.625643e+06,1.335377e-01,4.000665e-01,-1.423300e+00,2.910381e-18,155,4192
9.521591e-09,-1.704073e-03,-6.061606e-03,2.500053e-02,-1.789943e+05,-6.366778e+05,2.625857e+06,1.011602e-03,3.401986e-03,-1.578246e-02,2.910381e-18,155,41895
0.000000e+00,-1.004921e-07,9.442914e-08,2.067245e-07,0.000000e+00,0.000000e+00,0.000000e+00,7.071656e+07,-6.910111e+07,-1.233728e+08,6.887449e-18,156,0
4.850000e-10,-1.442658e-03,1.410296e-03,2.500481e-03,-2.974735e+06,2.908017e+06,5.155808e+06,5.715967e-01,-5.640966e-01,-8.869838e-01,6.887449e-18,156,2134
4.849091e-09,-1.442483e-02,1.410130e-02,2.500114e-02,-2.974779e+06,2.908060e+06,5.155876e+06,5.623135e-03,-5.528266e-03,-8.981376e-03,6.887449e-18,156,21336
0.000000e+00,2.089716e-07,3.494657e-08,5.749998e-07,0.000000e+00,0.000000e+00,0.000000e+00,-1.934193e+07,-4.517401e+06,-3.474299e+07,3.015585e-18,157,0
1.090909e-09,1.535016e-03,4.045278e-04,2.500132e-03,1.408030e+06,3.711021e+05,2.292710e+06,-6.984551e-01,-1.900123e-01,-8.713671e-01,3.015585e-18,157,4800
1.090409e-08,1.535324e-02,4.046486e-03,2.500013e-02,1.408150e+06,3.711347e+05,2.292861e+06,-6.056971e-03,-1.661175e-03,-1.010384e-02,3.015585e-18,157,47978
0.000000e+00,1.550492e-07,6.728303e-08,3.446701e-07,0.000000e+00,0.000000e+00,0.000000e+00,-3.255564e+07,-1.791548e+07,-5.790848e+07,4.660869e-18,158,0
8.138636e-10,1.481768e-03,8.247647e-04,2.500246e-03,1.821374e+06,1.013837e+06,3.072951e+06,-7.356963e-01,-4.313793e-01,-1.051669e+00,4.660869e-18,158,3581
8.135682e-09,1.481811e-02,8.248232e-03,2.500065e-02,1.821469e+06,1.013893e+06,3.073086e+06,-7.089241e-03,-4.062282e-03,-1.088853e-02,4.660869e-18,158,35797
0.000000e+00,1.521206e-07,-5.307628e-08,4.394211e-07,0.000000e+00,0.000000e+00,0.000000e+00,-2.446852e+07,-2.970829e+06,-4.840357e+07,3.945494e-18,159,0
8.852273e-10,1.352532e-03,1.906152e-04,2.500623e-03,1.528767e+06,2.155333e+05,2.825980e+06,-7.992769e-01,-1.071256e-01,-1.217484e+00,3.945494e-18,159,3895
8.846591e-09,1.352434e-02,1.906653e-03,2.500040e-02,1.528879e+06,2.155482e+05,2.826150e+06,-7.579809e-03,-1.104986e-03,-1.292665e-02,3.945494e-18,159,38925
0.000000e+00,2.086175e-08,-1.563313e-07,5.000678e-07,0.000000e+00,0.000000e+00,0.000000e+00,-1.869850e+06,1.847082e+07,-3.806456e+07,3.567431e-18,160,0
1.069545e-09,1.531876e-04,-1.355966e-03,2.500129e-03,1.433211e+05,-1.268673e+06,2.338591e+06,-7.721897e-02,6.608246e-01,-9.483309e-01,3.567431e-18,160,4706
1.069023e-08,1.532138e-03,-1.356236e-02,2.500025e-02,1.433341e+05,-1.268785e+06,2.338752e+06,-1.836088e-04,5.646971e-03,-1.122026e-02,3.567431e-18,160,47037
0.000000e+00,-2.148331e-07,-9.196482e-09,4.223742e-07,0.000000e+00,0.000000e+00,0.000000e+00,3.258563e+07,4.607144e+05,-3.934983e+07,3.853634e-18,161,0
1.105227e-09,-2.270829e-03,-4.851412e-05,2.500028e-03,-2.055667e+06,-4.395818e+04,2.262681e+06,7.427169e-01,4.634710e-02,-6.196288e-01,3.853634e-18,161,4863
1.104886e-08,-2.271270e-02,-4.856849e-04,2.500020e-02,-2.055796e+06,-4.396631e+04,2.262790e+06,6.241480e-03,1.478281e-04,-7.088116e-03,3.853634e-18,161,48615
0.000000e+00,-2.221178e-07,1.912878e-07,3.675010e-07,0.000000e+00,0.000000e+00,0.000000e+00,3.437644e+07,-2.828756e+07,-3.142119e+07,3.794636e-18,162,0
1.482045e-09,-3.029453e-03,2.545613e-03,2.500119e-03,-2.044764e+06,1.718195e+06,1.687151e+06,3.499060e-01,-2.958935e-01,-1.884923e-01,3.794636e-18,162,6521
1.481795e-08,-3.029914e-02,2.546007e-02,2.500031e-02,-2.044845e+06,1.718264e+06,1.687196e+06,2.967643e-03,-2.477675e-03,-2.439666e-03,3.794636e-18,162,65199
0.000000e+00,-1.074657e-07,-8.356515e-08,4.350684e-07,0.000000e+00,0.000000e+00,0.000000e+00,1.273011e+07,6.742792e+06,-4.984760e+07,4.063004e-18,163,0
8.595455e-10,-7.832790e-04,-4.675126e-04,2.500066e-03,-9.118331e+05,-5.442206e+05,2.910114e+06,5.215441e-01,2.993090e-01,-1.622853e+00,4.063004e-18,163,3782
8.590909e-09,-7.833445e-03,-4.675339e-03,2.500063e-02,-9.119039e+05,-5.442612e+05,2.910335e+06,5.186478e-03,2.804889e-03,-1.672246e-02,4.063004e-18,163,37800
0.000000e+00,-1.110672e-07,-9.150992e-12,4.070475e-07,0.000000e+00,0.000000e+00,0.000000e+00,2.026553e+07,-3.759253e+06,-5.387301e+07,4.338718e-18,164,0
8.050000e-10,-9.839356e-04,2.304603e-04,2.500372e-03,-1.222957e+06,2.865033e+05,3.107393e+06,6.781857e-01,-1.783871e-01,-1.521093e+00,4.338718e-18,164,3542
8.045455e-09,-9.839216e-03,2.305011e-03,2.500047e-02,-1.223043e+06,2.865260e+05,3.107587e+06,6.663484e-03,-1.645532e-03,-1.568868e-02,4.338718e-18,164,35400
0.000000e+00,1.120689e-08,-1.566459e-07,1.887539e-07,0.000000e+00,0.000000e+00,0.000000e+00,-9.051681e+06,1.137671e+08,-1.169698e+08,6.947964e-18,165,0
5.140909e-10,1.950435e-04,-2.446676e-03,2.500461e-03,3.794179e+05,-4.759457e+06,4.863968e+06,-6.178198e-02,7.348934e-01,-6.714000e-01,6.947964e-18,165,2262
5.140000e-09,1.950215e-03,-2.446372e-02,2.500094e-02,3.794229e+05,-4.759517e+06,4.864023e+06,-5.954243e-04,7.222894e-03,-6.783739e-03,6.947964e-18,165,22616
0.000000e+00,-6.752565e-08,6.710677e-08,2.331710e-07,0.000000e+00,0.000000e+00,0.000000e+00,4.409824e+07,-4.768475e+07,-1.386700e+08,6.846268e-18,166,0
4.284091e-10,-7.999408e-04,8.663933e-04,2.500555e-03,-1.867378e+06,2.022529e+06,5.837160e+06,5.026469e-01,-5.619062e-01,-1.459519e+00,6.846268e-18,166,1885
4.282955e-09,-7.997943e-03,8.662443e-03,2.500047e-02,-1.867412e+06,2.022567e+06,5.837259e+06,5.011442e-03,-5.548895e-03,-1.473896e-02,6.846268e-18,166,18845
0.000000e+00,4.210385e-08,1.749569e-07,5.477937e-07,0.000000e+00,0.000000e+00,0.000000e+00,-8.189409e+06,-1.953205e+07,-3.183708e+07,3.236649e-18,167,0
1.198409e-09,6.503323e-04,1.693200e-03,2.500332e-03,5.430671e+05,1.413780e+06,2.087231e+06,-2.595897e-01,-5.898586e-01,-7.189671e-01,3.236649e-18,167,5273
1.197773e-08,6.504664e-03,1.693378e-02,2.500047e-02,5.431162e+05,1.413891e+06,2.087368e+06,-2.142835e-03,-5.581362e-03,-8.625637e-03,3.236649e-18,167,52702
0.000000e+00,5.411036e-08,9.771381e-08,1.479482e-07,0.000000e+00,0.000000e+00,0.000000e+00,-8.731232e+07,-1.583028e+08,-2.220528e+08,9.028150e-18,168,0
2.795455e-10,9.838456e-04,1.783726e-03,2.500315e-03,3.519389e+06,6.380702e+06,8.944007e+06,-3.649842e-01,-6.603913e-01,-8.715447e-01,9.028150e-18,168,1230
2.795227e-09,9.837543e-03,1.783560e-02,2.500067e-02,3.519405e+06,6.380731e+06,8.944046e+06,-3.641551e-03,-6.592975e-03,-8.736836e-03,9.028150e-18,168,12299
0.000000e+00,-1.660622e-07,-1.871275e-07,2.787575e-07,0.000000e+00,0.000000e+00,0.000000e+00,3.883012e+07,4.465224e+07,-4.660869e+07,4.691200e-18,169,0
1.099773e-09,-2.221137e-03,-2.535890e-03,2.500024e-03,-2.020144e+06,-2.306397e+06,2.273538e+06,3.933304e-01,4.370636e-01,-3.350857e-01,4.691200e-18,169,4839
1.099614e-08,-2.221377e-02,-2.536145e-02,2.500027e-02,-2.020212e+06,-2.306473e+06,2.273597e+06,3.446053e-03,3.770775e-03,-3.630753e-03,4.691200e-18,169,48383
0.000000e+00,-1.007721e-07,-2.675519e-07,3.566460e-07,0.000000e+00,0.000000e+00,0.000000e+00,1.432995e+07,4.296671e+07,-3.498141e+07,3.907363e-18,170,0
1.356591e-09,-1.143029e-03,-3.433303e-03,2.500394e-03,-8.428368e+05,-2.531673e+06,1.843411e+06,1.592686e-01,4.933383e-01,-2.413536e-01,3.907363e-18,170,5969
1.356182e-08,-1.143039e-02,-3.433401e-02,2.500017e-02,-8.428708e+05,-2.531778e+06,1.843464e+06,1.276686e-03,4.062114e-03,-2.941592e-03,3.907363e-18,170,59672
0.000000e+00,-1.615003e-07,-7.709811e-09,6.108986e-07,0.000000e+00,0.000000e+00,0.000000e+00,1.451615e+07,3.444902e+06,-3.647668e+07,2.964445e-18,171,0
1.006818e-09,-1.044573e-03,-2.255656e-04,2.500130e-03,-1.038235e+06,-2.242173e+05,2.484387e+06,6.061033e-01,1.258722e-01,-1.200963e+00,2.964445e-18,171,4430
1.006295e-08,-1.044769e-02,-2.256258e-03,2.500051e-02,-1.038331e+06,-2.242373e+05,2.484579e+06,4.963491e-03,1.299436e-03,-1.340817e-02,2.964445e-18,171,44277
0.000000e+00,-1.851286e-08,-5.018672e-08,2.431950e-07,0.000000e+00,0.000000e+00,0.000000e+00,1.529358e+07,3.407267e+07,-1.485018e+08,6.951261e-18,172,0
3.990909e-10,-2.596995e-04,-5.767639e-04,2.500810e-03,-6.508008e+05,-1.445319e+06,6.266674e+06,2.164146e-01,4.538832e-01,-1.846672e+00,6.951261e-18,172,1756
3.989545e-09,-2.596411e-03,-5.766202e-03,2.500136e-02,-6.508145e+05,-1.445348e+06,6.266790e+06,2.186034e-03,4.495647e-03,-1.862173e-02,6.951261e-18,172,17554
0.000000e+00,1.436537e-07,-2.187465e-07,3.830190e-07,0.000000e+00,0.000000e+00,0.000000e+00,-2.169320e+07,3.507248e+07,-3.648820e+07,3.882319e-18,173,0
1.263182e-09,1.617478e-03,-2.707286e-03,2.500105e-03,1.280947e+06,-2.144075e+06,1.979603e+06,-3.009119e-01,5.230382e-01,-3.460662e-01,3.882319e-18,173,5558
1.262886e-08,1.617688e-02,-2.707714e-02,2.500029e-02,1.281007e+06,-2.144179e+06,1.979672e+06,-2.493425e-03,4.489673e-03,-4.053819e-03,3.882319e-18,173,55567
0.000000e+00,7.930397e-08,-2.179624e-07,3.595474e-07,0.000000e+00,0.000000e+00,0.000000e+00,-1.712047e+07,4.377351e+07,-4.657988e+07,4.215834e-18,174,0
1.038864e-09,1.019187e-03,-2.538273e-03,2.500083e-03,9.814402e+05,-2.444145e+06,2.407003e+06,-2.886984e-01,6.545422e-01,-4.925498e-01,4.215834e-18,174,4571
1.038636e-08,1.019357e-02,-2.538575e-02,2.500017e-02,9.814875e+05,-2.444253e+06,2.407085e+06,-2.387114e-03,5.681649e-03,-5.446083e-03,4.215834e-18,174,45700
0.000000e+00,4.516043e-08,-8.493562e-08,5.679988e-07,0.000000e+00,0.000000e+00,0.000000e+00,-5.570519e+06,8.151218e+06,-4.105829e+07,3.275047e-18,175,0
9.427273e-10,4.043123e-04,-5.038724e-04,2.500240e-03,4.292090e+05,-5.349653e+05,2.653613e+06,-2.782282e-01,4.174692e-01,-1.512898e+00,3.275047e-18,175,4148
9.421136e-09,4.043613e-03,-5.039963e-03,2.500023e-02,4.292504e+05,-5.350274e+05,2.653839e+06,-2.141496e-03,3.768437e-03,-1.628458e-02,3.275047e-18,175,41453
0.000000e+00,6.964215e-08,5.178380e-09,1.673303e-07,0.000000e+00,0.000000e+00,0.000000e+00,-1.187711e+08,-1.090297e+07,-2.680903e+08,9.268517e-18,176,0
2.315909e-10,1.108317e-03,1.018128e-04,2.500386e-03,4.785572e+06,4.396214e+05,1.079628e+07,-6.850359e-01,-6.721538e-02,-1.479690e+00,9.268517e-18,176,1019
2.315682e-09,1.108193e-02,1.018028e-03,2.500092e-02,4.785597e+06,4.396239e+05,1.079634e+07,-6.843175e-03,-6.731856e-04,-1.481703e-02,9.268517e-18,176,10189
0.000000e+00,5.656955e-08,1.458252e-07,5.500619e-07,0.000000e+00,0.000000e+00,0.000000e+00,-7.120516e+06,-1.128652e+07,-3.516521e+07,3.266188e-18,177,0
1.155227e-09,3.373190e-04,1.127352e-03,2.500408e-03,2.922427e+05,9.767143e+05,2.165690e+06,-1.923027e-01,-5.798908e-01,-1.029042e+00,3.266188e-18,177,5083
1.154364e-08,3.373557e-03,1.127477e-02,2.500010e-02,2.922777e+05,9.768198e+05,2.165879e+06,-1.573982e-03,-5.119302e-03,-1.194257e-02,3.266188e-18,177,50792
0.000000e+00,1.342618e-07,3.148015e-08,3.839590e-07,0.000000e+00,0.000000e+00,0.000000e+00,-2.800229e+07,-1.127774e+07,-5.350730e+07,4.450340e-18,178,0
8.429545e-10,1.397754e-03,5.785558e-04,2.500422e-03,1.658995e+06,6.867035e+05,2.967287e+06,-7.852398e-01,-3.137224e-01,-1.157885e+00,4.450340e-18,178,3709
8.425227e-09,1.397737e-02,5.785591e-03,2.500017e-02,1.659100e+06,6.867452e+05,2.967441e+06,-7.574403e-03,-2.930140e-03,-1.208816e-02,4.450340e-18,178,37071
0.000000e+00,-1.592724e-08,1.922940e-08,3.423292e-07,0.000000e+00,0.000000e+00,0.000000e+00,3.672223e+06,-8.711341e+06,-8.101866e+07,5.221221e-18,179,0
6.031818e-10,-1.158798e-04,2.825013e-04,2.500445e-03,-1.921716e+05,4.685651e+05,4.146676e+06,8.998643e-02,-2.722876e-01,-2.004174e+00,5.221221e-18,179,2654
6.029091e-09,-1.158624e-03,2.825009e-03,2.500079e-02,-1.921801e+05,4.685910e+05,4.146868e+06,1.018697e-03,-2.757286e-03,-2.033672e-02,5.221221e-18,179,26528
0.000000e+00,-2.224736e-07,1.168068e-08,4.436974e-07,0.000000e+00,0.000000e+00,0.000000e+00,3.171271e+07,-3.303775e+06,-3.926762e+07,3.687844e-18,180,0
1.091591e-09,-2.218612e-03,1.458090e-04,2.500088e-03,-2.033484e+06,1.336498e+05,2.291012e+06,7.444938e-01,-6.025568e-02,-6.495763e-01,3.687844e-18,180,4803
1.091227e-08,-2.218985e-02,1.458425e-03,2.500029e-02,-2.033612e+06,1.336601e+05,2.291124e+06,6.300563e-03,-3.625794e-04,-7.309470e-03,3.687844e-18,180,48014
0.000000e+00,-2.996697e-08,-2.461075e-07,3.898832e-07,0.000000e+00,0.000000e+00,0.000000e+00,5.190958e+06,3.895550e+07,-3.996460e+07,3.913003e-18,181,0
1.147500e-09,-4.034660e-04,-2.733519e-03,2.500069e-03,-3.517720e+05,-2.383119e+06,2.179171e+06,1.070104e-01,6.666217e-01,-4.436772e-01,3.913003e-18,181,5049
1.147227e-08,-4.035598e-03,-2.733971e-02,2.500021e-02,-3.517913e+05,-2.383239e+06,2.179252e+06,8.020282e-04,5.576461e-03,-5.155356e-03,3.913003e-18,181,50478
0.000000e+00,-5.146388e-08,-1.183486e-07,2.819084e-07,0.000000e+00,0.000000e+00,0.000000e+00,1.710780e+07,5.289024e+07,-9.008684e+07,5.685160e-18,182,0
6.115909e-10,-4.863291e-04,-1.494912e-03,2.500431e-03,-7.953357e+05,-2.444815e+06,4.089008e+06,2.602852e-01,7.968160e-01,-1.199061e+00,5.685160e-18,182,2691
6.114091e-09,-4.862778e-03,-1.494786e-02,2.500072e-02,-7.953609e+05,-2.444892e+06,4.089124e+06,2.559986e-03,7.832878e-03,-1.214732e-02,5.685160e-18,182,26902
0.000000e+00,2.222814e-08,1.908949e-07,5.869253e-07,0.000000e+00,0.000000e+00,0.000000e+00,-1.656399e+06,-2.214467e+07,-3.759893e+07,3.019554e-18,183,0
1.020455e-09,2.383261e-04,1.603349e-03,2.500400e-03,2.337324e+05,1.572190e+06,2.451246e+06,-1.154480e-01,-7.591037e-01,-9.944291e-01,3.019554e-18,183,4490
1.019886e-08,2.383759e-03,1.603448e-02,2.500016e-02,2.337510e+05,1.572312e+06,2.451407e+06,-8.258280e-04,-6.460603e-03,-1.071468e-02,3.019554e-18,183,44875
0.000000e+00,-1.421724e-07,-1.668842e-07,5.877674e-07,0.000000e+00,0.000000e+00,0.000000e+00,1.340252e+07,1.525629e+07,-3.449275e+07,2.949119e-18,184,0
1.104773e-09,-1.067325e-03,-1.324107e-03,2.500024e-03,-9.667163e+05,-1.199287e+06,2.263744e+06,4.562134e-01,5.342382e-01,-8.095814e-01,2.949119e-18,184,4861
1.104364e-08,-1.067604e-02,-1.324443e-02,2.500023e-02,-9.667957e+05,-1.199380e+06,2.263886e+06,3.694281e-03,4.397474e-03,-9.465021e-03,2.949119e-18,184,48592
0.000000e+00,9.010605e-08,-2.496494e-07,4.535885e-07,0.000000e+00,0.000000e+00,0.000000e+00,-1.090252e+07,3.219909e+07,-3.440182e+07,3.465412e-18,185,0
1.296364e-09,8.951482e-04,-2.650740e-03,2.500284e-03,6.908253e+05,-2.045706e+06,1.929117e+06,-1.987879e-01,5.865930e-01,-3.810844e-01,3.465412e-18,185,5704
1.295932e-08,8.952605e-03,-2.651087e-02,2.500024e-02,6.908658e+05,-2.045825e+06,1.929195e+06,-1.743541e-03,4.947317e-03,-4.762347e-03,3.465412e-18,185,57021
0.000000e+00,-2.360694e-07,-5.056137e-08,2.425269e-07,0.000000e+00,0.000000e+00,0.000000e+00,7.188302e+07,1.255548e+07,-5.149695e+07,5.075469e-18,186,0
1.054773e-09,-3.640504e-03,-6.280423e-04,2.500111e-03,-3.452067e+06,-5.955144e+05,2.370495e+06,5.191906e-01,8.274273e-02,-2.712045e-01,5.075469e-18,186,4641
1.054636e-08,-3.640679e-02,-6.280530e-03,2.500024e-02,-3.452153e+06,-5.955282e+05,2.370541e+06,4.632430e-03,7.821189e-04,-2.931827e-03,5.075469e-18,186,46404
0.000000e+00,-9.010012e-08,1.015944e-07,3.968526e-07,0.000000e+00,0.000000e+00,0.000000e+00,1.409218e+07,-2.013610e+07,-5.314079e+07,4.332599e-18,187,0
8.254545e-10,-7.223116e-04,1.041311e-03,2.500382e-03,-8.754843e+05,1.262184e+06,3.030318e+06,4.332459e-01,-6.446163e-01,-1.358078e+00,4.332599e-18,187,3632
8.250000e-09,-7.222732e-03,1.041297e-02,2.500021e-02,-8.755408e+05,1.262268e+06,3.030496e+06,4.342934e-03,-6.089103e-03,-1.396255e-02,4.332599e-18,187,36300
0.000000e+00,2.499585e-07,1.661711e-08,3.152976e-07,0.000000e+00,0.000000e+00,0.000000e+00,-5.580359e+07,-2.151591e+06,-4.190043e+07,4.392931e-18,188,0
1.196591e-09,3.554086e-03,1.553787e-04,2.500448e-03,2.970968e+06,1.298902e+05,2.089904e+06,-5.432971e-01,-2.810263e-02,-2.753946e-01,4.392931e-18,188,5265
1.196227e-08,3.553949e-02,1.553782e-03,2.500015e-02,2.971070e+06,1.298955e+05,2.089956e+06,-4.579567e-03,-2.395583e-04,-3.102458e-03,4.392931e-18,188,52634
0.000000e+00,1.313675e-07,-5.607359e-08,3.829788e-07,0.000000e+00,0.000000e+00,0.000000e+00,-2.492313e+07,1.090232e+07,-5.582276e+07,4.447608e-18,189,0
8.088636e-10,1.230143e-03,-5.260588e-04,2.500518e-03,1.521554e+06,-6.506893e+05,3.092501e+06,-7.210860e-01,3.248741e-01,-1.285722e+00,4.447608e-18,189,3559
8.084091e-09,1.230035e-02,-5.260221e-03,2.500016e-02,1.521646e+06,-6.507308e+05,3.092666e+06,-6.926163e-03,2.813669e-03,-1.348574e-02,4.447608e-18,189,35570
0.000000e+00,1.672126e-07,-1.954748e-07,4.974914e-07,0.000000e+00,0.000000e+00,0.000000e+00,-2.183923e+07,1.877098e+07,-3.204154e+07,3.287314e-18,190,0
1.295000e-09,1.694888e-03,-1.852782e-03,2.500145e-03,1.309470e+06,-1.431446e+06,1.931122e+06,-4.264034e-01,4.367471e-01,-4.449156e-01,3.287314e-18,190,5698
1.294591e-08,1.695225e-02,-1.853129e-02,2.500035e-02,1.309557e+06,-1.431535e+06,1.931213e+06,-3.671547e-03,4.054429e-03,-5.685339e-03,3.287314e-18,190,56962
0.000000e+00,-1.412586e-07,2.078039e-07,4.051690e-07,0.000000e+00,0.000000e+00,0.000000e+00,1.541758e+07,-3.470363e+07,-3.699145e+07,3.801509e-18,191,0
1.194091e-09,-1.125503e-03,2.476994e-03,2.500285e-03,-9.429205e+05,2.075252e+06,2.094413e+06,2.608207e-01,-5.820414e-01,-4.665159e-01,3.801509e-18,191,5254
1.193659e-08,-1.125526e-02,2.477137e-02,2.500030e-02,-9.429696e+05,2.075362e+06,2.094501e+06,2.094103e-03,-4.800214e-03,-5.318460e-03,3.801509e-18,191,52521
0.000000e+00,-1.955323e-07,1.710281e-08,5.270972e-07,0.000000e+00,0.000000e+00,0.000000e+00,2.309191e+07,-4.525274e+06,-3.503704e+07,3.309826e-18,192,0
1.125455e-09,-1.708903e-03,2.917635e-04,2.500017e-03,-1.519372e+06,2.593865e+05,2.222156e+06,6.935318e-01,-1.021251e-01,-7.496596e-01,3.309826e-18,192,4952
1.125045e-08,-1.709357e-02,2.918204e-03,2.500046e-02,-1.519495e+06,2.594046e+05,2.222290e+06,5.912320e-03,-8.774923e-04,-9.057402e-03,3.309826e-18,192,49502
0.000000e+00,1.615748e-07,-1.810684e-07,3.352053e-07,0.000000e+00,0.000000e+00,0.000000e+00,-3.491834e+07,3.621612e+07,-4.562418e+07,4.311926e-18,193,0
1.083864e-09,2.082896e-03,-2.101016e-03,2.500183e-03,1.922345e+06,-1.939010e+06,2.307115e+06,-4.611537e-01,4.397693e-01,-4.120105e-01,4.311926e-18,193,4769
1.083614e-08,2.083077e-02,-2.101138e-02,2.500037e-02,1.922424e+06,-1.939085e+06,2.307186e+06,-3.951449e-03,4.043559e-03,-4.608989e-03,4.311926e-18,193,47679
0.000000e+00,9.022256e-08,3.864834e-08,1.701898e-07,0.000000e+00,0.000000e+00,0.000000e+00,-1.183367e+08,-5.786390e+07,-2.155168e+08,8.579407e-18,194,0
2.868182e-10,1.374064e-03,6.723088e-04,2.500296e-03,4.790659e+06,2.344023e+06,8.717214e+06,-6.830468e-01,-3.507318e-01,-1.188915e+00,8.579407e-18,194,1262
2.867955e-09,1.373947e-02,6.722586e-03,2.500073e-02,4.790690e+06,2.344039e+06,8.717267e+06,-6.802982e-03,-3.496239e-03,-1.192118e-02,8.579407e-18,194,12619
0.000000e+00,3.388880e-08,-1.109003e-08,3.653538e-07,0.000000e+00,0.000000e+00,0.000000e+00,-9.413011e+06,-7.237378e+03,-7.378268e+07,4.925050e-18,195,0
6.415909e-10,3.344384e-04,8.859367e-06,2.500608e-03,5.214894e+05,1.385584e+04,3.898835e+06,-2.846855e-01,-3.546527e-02,-1.964456e+00,4.925050e-18,195,2823
6.412273e-09,3.343925e-03,8.883414e-05,2.500049e-02,5.215182e+05,1.385942e+04,3.899034e+06,-2.853367e-03,-1.204375e-04,-2.011324e-02,4.925050e-18,195,28214
0.000000e+00,6.550338e-09,-6.845661e-08,3.236049e-07,0.000000e+00,0.000000e+00,0.000000e+00,-9.875009e+05,1.776090e+07,-8.531239e+07,5.403539e-18,196,0
5.943182e-10,2.912959e-05,-5.431826e-04,2.500618e-03,4.900489e+04,-9.142520e+05,4.208681e+06,4.213021e-03,4.578459e-01,-1.914800e+00,5.403539e-18,196,2615
5.940227e-09,2.911035e-04,-5.430881e-03,2.500064e-02,4.900451e+04,-9.142949e+05,4.208861e+06,-6.534162e-05,4.465114e-03,-1.947990e-02,5.403539e-18,196,26137
0.000000e+00,5.002959e-08,1.032099e-07,2.783289e-07,0.000000e+00,0.000000e+00,0.000000e+00,-2.235119e+07,-4.616072e+07,-9.634037e+07,5.801724e-18,197,0
5.777273e-10,5.933588e-04,1.224178e-03,2.500387e-03,1.027267e+06,2.119388e+06,4.328581e+06,-3.549994e-01,-7.345549e-01,-1.312691e+00,5.801724e-18,197,2542
5.775682e-09,5.933184e-03,1.224095e-02,2.500067e-02,1.027299e+06,2.119455e+06,4.328701e+06,-3.527068e-03,-7.212595e-03,-1.329351e-02,5.801724e-18,197,25413
0.000000e+00,-1.597414e-07,-1.827326e-07,3.288388e-07,0.000000e+00,0.000000e+00,0.000000e+00,3.371056e+07,3.516927e+07,-4.373531e+07,4.362169e-18,198,0
1.097045e-09,-2.079109e-03,-2.123803e-03,2.500295e-03,-1.895826e+06,-1.936532e+06,2.279554e+06,4.642624e-01,4.555491e-01,-4.282838e-01,4.362169e-18,198,4827
1.096705e-08,-2.079157e-02,-2.123802e-02,2.500010e-02,-1.895907e+06,-1.936611e+06,2.279628e+06,4.075025e-03,3.917848e-03,-4.654936e-03,4.362169e-18,198,48255
0.000000e+00,-1.840609e-07,-1.045557e-07,4.966215e-07,0.000000e+00,0.000000e+00,0.000000e+00,2.170578e+07,9.310177e+06,-3.906373e+07,3.440881e-18,199,0
1.063409e-09,-1.523423e-03,-6.702478e-04,2.500190e-03,-1.433448e+06,-6.306862e+05,2.352013e+06,6.599578e-01,3.238555e-01,-8.650586e-01,3.440881e-18,199,4679
1.062932e-08,-1.523653e-02,-6.703765e-03,2.500049e-02,-1.433559e+06,-6.307406e+05,2.352159e+06,6.001429e-03,2.830701e-03,-9.789977e-03,3.440881e-18,199,46769
0.000000e+00,-2.143337e-07,5.515437e-08,5.812394e-07,0.000000e+00,0.000000e+00,0.000000e+00,2.053329e+07,-6.647709e+06,-3.330054e+07,2.967830e-18,200,0
1.123636e-09,-1.638777e-03,5.340056e-04,2.500239e-03,-1.459338e+06,4.755607e+05,2.225939e+06,6.417939e-01,-2.198665e-01,-7.678072e-01,2.967830e-18,200,4944
1.123114e-08,-1.638998e-02,5.341061e-03,2.500005e-02,-1.459451e+06,4.755995e+05,2.226076e+06,5.343417e-03,-1.761835e-03,-9.126462e-03,2.967830e-18,200,49417
0.000000e+00,-5.554556e-08,1.878164e-07,6.125597e-07,0.000000e+00,0.000000e+00,0.000000e+00,6.108050e+06,-1.940613e+07,-3.292300e+07,2.887842e-18,201,0
1.067500e-09,-4.601165e-04,1.486758e-03,2.500286e-03,-4.312646e+05,1.393688e+06,2.343300e+06,1.845246e-01,-7.033110e-01,-1.036413e+00,2.887842e-18,201,4697
1.066864e-08,-4.600993e-03,1.486869e-02,2.500002e-02,-4.312956e+05,1.393806e+06,2.343475e+06,1.614549e-03,-5.704351e-03,-1.130532e-02,2.887842e-18,201,46942
0.000000e+00,-1.200896e-07,2.191251e-07,5.505446e-07,0.000000e+00,0.000000e+00,0.000000e+00,1.097701e+07,-2.098904e+07,-3.223822e+07,3.034391e-18,202,0
1.168182e-09,-8.826899e-04,1.836215e-03,2.500458e-03,-7.560352e+05,1.572822e+06,2.141198e+06,3.050727e-01,-6.540200e-01,-6.595937e-01,3.034391e-18,202,5140
1.167568e-08,-8.827219e-03,1.836369e-02,2.500015e-02,-7.560913e+05,1.572942e+06,2.141320e+06,2.579306e-03,-5.228898e-03,-7.835363e-03,3.034391e-18,202,51373
0.000000e+00,-2.167206e-08,2.580598e-07,2.680313e-07,0.000000e+00,0.000000e+00,0.000000e+00,5.525942e+06,-6.191794e+07,-4.638580e+07,4.666938e-18,203,0
1.123182e-09,-3.145210e-04,3.522798e-03,2.500267e-03,-2.800905e+05,3.137150e+06,2.226327e+06,4.854373e-02,-5.462820e-01,-2.911675e-01,4.666938e-18,203,4942
1.122932e-08,-3.145226e-03,3.522807e-02,2.500027e-02,-2.800991e+05,3.137247e+06,2.226379e+06,3.918346e-04,-4.772878e-03,-3.177704e-03,4.666938e-18,203,49409
0.000000e+00,-2.737798e-07,-7.659415e-08,4.589830e-07,0.000000e+00,0.000000e+00,0.000000e+00,3.316766e+07,7.448593e+06,-3.305051e+07,3.364728e-18,204,0
1.278409e-09,1.279537e-03,6.402244e-04,2.500334e-03,1.002383e+06,5.014843e+05,1.957588e+06,-5.619955e-01,-2.835430e-01,-9.002218e-01,3.364728e-18,204,5625
1.277114e-08,1.280073e-02,6.404190e-03,2.500009e-02,1.002496e+06,5.015414e+05,1.957771e+06,-5.350149e-03,-2.658785e-03,-1.046824e-02,3.364728e-18,204,56193
0.000000e+00,1.068131e-07,1.930951e-08,5.765696e-07,0.000000e+00,0.000000e+00,0.000000e+00,-9.659883e+06,-9.271511e+05,-3.756016e+07,3.199958e-18,205,0
9.968182e-10,7.735190e-04,6.325493e-05,2.500197e-03,7.766206e+05,6.346008e+04,2.509522e+06,-5.080758e-01,-6.682135e-03,-1.315713e+00,3.199958e-18,205,4386
9.962045e-09,7.736692e-03,6.321967e-04,2.500017e-02,7.767005e+05,6.346109e+04,2.509730e+06,-4.137356e-03,7.973505e-05,-1.476712e-02,3.199958e-18,205,43833
0.000000e+00,1.759558e-07,6.839476e-09,4.875426e-07,0.000000e+00,0.000000e+00,0.000000e+00,-1.926145e+07,-4.280179e+06,-3.974114e+07,3.571779e-18,206,0
1.017500e-09,1.354280e-03,2.678088e-04,2.500414e-03,1.331925e+06,2.634018e+05,2.458596e+06,-7.566520e-01,-1.497068e-01,-1.100918e+00,3.571779e-18,206,4477
1.016841e-08,1.354353e-02,2.678357e-03,2.500014e-02,1.332047e+06,2.634258e+05,2.458773e+06,-5.860222e-03,-8.974871e-04,-1.210765e-02,3.571779e-18,206,44741
0.000000e+00,1.764455e-07,1.475360e-07,4.389592e-07,0.000000e+00,0.000000e+00,0.000000e+00,-5.349395e+08,-1.161068e+08,2.873381e+08,3.745250e-18,207,0
2.272727e-08,4.857931e-01,1.054476e-01,-2.609108e-01,2.137489e+07,4.639690e+06,-1.148010e+07,-2.746060e-05,-5.959732e-06,1.474850e-05,3.745250e-18,207,100000
0.000000e+00,-1.270184e-07,-2.477067e-07,3.958674e-07,0.000000e+00,0.000000e+00,0.000000e+00,1.893625e+07,3.471978e+07,-3.495235e+07,3.727258e-18,208,0
1.317500e-09,-1.518605e-03,-2.752325e-03,2.500117e-03,-1.153103e+06,-2.089862e+06,1.897967e+06,2.776465e-01,4.963805e-01,-3.090478e-01,3.727258e-18,208,5797
1.317205e-08,-1.518869e-02,-2.752771e-02,2.500028e-02,-1.153161e+06,-2.089965e+06,1.898032e+06,2.335544e-03,4.194479e-03,-3.883228e-03,3.727258e-18,208,57957
0.000000e+00,-1.191814e-07,1.412850e-07,4.794286e-07,0.000000e+00,0.000000e+00,0.000000e+00,1.509292e+07,-2.071941e+07,-3.624350e+07,3.599944e-18,209,0
1.128636e-09,-1.110332e-03,1.464578e-03,2.500489e-03,-9.843956e+05,1.298480e+06,2.216325e+06,4.305153e-01,-5.807985e-01,-7.298257e-01,3.599944e-18,209,4966
1.128000e-08,-1.110393e-02,1.464679e-02,2.500031e-02,-9.844721e+05,1.298584e+06,2.216456e+06,3.721680e-03,-4.710213e-03,-8.780122e-03,3.599944e-18,209,49632
0.000000e+00,-1.467942e-07,7.624636e-08,6.291836e-07,0.000000e+00,0.000000e+00,0.000000e+00,1.292372e+07,-7.807184e+06,-3.532698e+07,2.860843e-18,210,0
9.861364e-10,-9.256670e-04,5.863676e-04,2.500173e-03,-9.393338e+05,5.949632e+05,2.536553e+06,5.520178e-01,-2.580982e-01,-1.254031e+00,2.860843e-18,210,4339
9.855909e-09,-9.257975e-03,5.863851e-03,2.500026e-02,-9.394197e+05,5.950033e+05,2.536749e+06,4.507053e-03,-1.838976e-03,-1.362730e-02,2.860843e-18,210,43366
0.000000e+00,-1.334298e-07,-1.751826e-07,4.214529e-07,0.000000e+00,0.000000e+00,0.000000e+00,2.330296e+07,3.527864e+07,-3.655994e+07,3.862401e-18,211,0
1.265227e-09,-1.812379e-03,-2.680495e-03,2.500166e-03,-1.432974e+06,-2.119374e+06,1.976355e+06,3.181899e-01,4.728550e-01,-3.055944e-01,3.862401e-18,211,5567
1.264955e-08,-1.812640e-02,-2.680901e-02,2.500019e-02,-1.433037e+06,-2.119468e+06,1.976416e+06,2.764291e-03,3.974125e-03,-3.787542e-03,3.862401e-18,211,55658
0.000000e+00,3.678847e-08,2.351708e-07,2.470987e-07,0.000000e+00,0.000000e+00,0.000000e+00,-7.564585e+06,-6.835358e+07,-5.385347e+07,5.051048e-18,212,0
9.988636e-10,4.091035e-04,3.302798e-03,2.500068e-03,4.096821e+05,3.307195e+06,2.503194e+06,-9.694033e-02,-5.798827e-01,-3.469404e-01,5.051048e-18,212,4395
9.987273e-09,4.091608e-03,3.302990e-02,2.500021e-02,4.096974e+05,3.307287e+06,2.503249e+06,-9.148074e-04,-5.361070e-03,-3.665208e-03,5.051048e-18,212,43944
0.000000e+00,6.829970e-08,-3.257589e-09,5.042563e-07,0.000000e+00,0.000000e+00,0.000000e+00,-9.208749e+06,-5.325169e+05,-4.316322e+07,3.677114e-18,213,0
9.184091e-10,6.309260e-04,5.182811e-05,2.500587e-03,6.875373e+05,5.648612e+04,2.724381e+06,-4.667993e-01,-4.118944e-02,-1.632166e+00,3.677114e-18,213,4041
9.176364e-09,6.309040e-03,5.183287e-04,2.500002e-02,6.876049e+05,5.649208e+04,2.724618e+06,-4.177369e-03,-2.479160e-04,-1.711117e-02,3.677114e-18,213,40376
0.000000e+00,-4.154973e-08,2.949719e-08,5.263651e-07,0.000000e+00,0.000000e+00,0.000000e+00,4.001514e+06,-3.565599e+06,-4.619027e+07,3.562251e-18,214,0
9.340909e-10,-2.657578e-04,-2.504104e-04,2.500128e-03,-2.847182e+05,-2.683836e+05,2.678082e+06,2.196841e-01,1.705012e-01,-1.611803e+00,3.562251e-18,214,4110
9.335000e-09,-2.657875e-03,-2.505252e-03,2.500010e-02,-2.847506e+05,-2.684088e+05,2.678320e+06,1.791667e-03,1.652332e-03,-1.759086e-02,3.562251e-18,214,41074
0.000000e+00,-5.487803e-08,-1.118013e-07,6.093044e-07,0.000000e+00,0.000000e+00,0.000000e+00,6.619371e+06,3.900413e+05,-2.219742e+07,3.033609e-18,215,0
1.156591e-09,-6.613997e-04,-2.498951e-04,2.500157e-03,-5.724542e+05,-2.162331e+05,2.163410e+06,3.813470e-01,1.348076e-01,-1.262187e+00,3.033609e-18,215,5089
1.155591e-08,-6.615132e-03,-2.498784e-03,2.500013e-02,-5.725237e+05,-2.162578e+05,2.163641e+06,3.737946e-03,1.422494e-03,-1.429660e-02,3.033609e-18,215,50846
0.000000e+00,7.395956e-08,2.448254e-07,4.409783e-07,0.000000e+00,0.000000e+00,0.000000e+00,-7.254525e+06,-2.360106e+07,-3.816731e+07,3.559419e-18,216,0
1.105000e-09,5.959993e-04,1.911674e-03,2.500494e-03,5.396824e+05,1.731124e+06,2.263752e+06,-2.234285e-01,-7.861420e-01,-7.550126e-01,3.559419e-18,216,4862
1.104364e-08,5.960027e-03,1.911781e-02,2.500019e-02,5.397213e+05,1.731261e+06,2.263885e+06,-1.449380e-03,-6.426493e-03,-8.358456e-03,3.559419e-18,216,48592
0.000000e+00,4.055099e-08,5.950417e-09,5.797916e-07,0.000000e+00,0.000000e+00,0.000000e+00,-6.431025e+06,-2.759863e+06,-3.698433e+07,3.248266e-18,217,0
1.035455e-09,5.072052e-04,1.931109e-04,2.500352e-03,4.902584e+05,1.866793e+05,2.416132e+06,-3.144923e-01,-1.275190e-01,-1.302882e+00,3.248266e-18,217,4556
1.034705e-08,5.072687e-03,1.931553e-03,2.500003e-02,4.903098e+05,1.867001e+05,2.416346e+06,-2.942772e-03,-7.906549e-04,-1.522388e-02,3.248266e-18,217,45527
0.000000e+00,-2.007737e-08,-6.470807e-08,3.636237e-07,0.000000e+00,0.000000e+00,0.000000e+00,1.609348e+07,6.558392e+06,-7.870884e+07,4.903296e-18,218,0
6.236364e-10,-5.139043e-04,-2.361382e-04,2.500689e-03,-8.244090e+05,-3.787460e+05,4.011034e+06,4.396123e-01,2.071440e-01,-1.902598e+00,4.903296e-18,218,2744
6.232955e-09,-5.138478e-03,-2.360740e-03,2.500072e-02,-8.244523e+05,-3.787664e+05,4.011221e+06,4.256192e-03,1.998936e-03,-1.925920e-02,4.903296e-18,218,27425
0.000000e+00,7.096826e-08,-1.885086e-07,3.096442e-07,0.000000e+00,0.000000e+00,0.000000e+00,-2.699161e+07,3.742189e+07,-2.380885e+07,4.833285e-18,219,0
1.673182e-09,2.710962e-03,-3.945158e-03,2.500089e-03,1.620739e+06,-2.358563e+06,1.494412e+06,-1.966537e-01,2.863563e-01,-1.246382e-01,4.833285e-18,219,7362
1.672909e-08,2.711331e-02,-3.945641e-02,2.500023e-02,1.620790e+06,-2.358638e+06,1.494445e+06,-1.718259e-03,2.512636e-03,-1.589370e-03,4.833285e-18,219,73608
0.000000e+00,-8.701864e-08,-1.247974e-07,4.187126e-07,0.000000e+00,0.000000e+00,0.000000e+00,1.181124e+07,2.017860e+07,-4.885474e+07,4.130462e-18,220,0
8.834091e-10,-6.003502e-04,-1.100763e-03,2.500117e-03,-6.799266e+05,-1.246774e+06,2.831347e+06,3.368401e-01,6.653454e-01,-1.318248e+00,4.130462e-18,220,3887
8.829773e-09,-6.003603e-03,-1.100869e-02,2.500024e-02,-6.799736e+05,-1.246867e+06,2.831532e+06,3.397238e-03,6.376809e-03,-1.378511e-02,4.130462e-18,220,38851
0.000000e+00,-7.792696e-09,-2.780367e-07,3.110069e-07,0.000000e+00,0.000000e+00,0.000000e+00,2.562810e+06,5.581513e+07,-3.882722e+07,4.243401e-18,221,0
1.305909e-09,-1.419165e-04,-3.904421e-03,2.500020e-03,-1.086859e+05,-2.990568e+06,1.914575e+06,1.080849e-02,4.808953e-01,-2.011748e-01,4.243401e-18,221,5746
1.305773e-08,-1.419195e-03,-3.905000e-02,2.500016e-02,-1.086881e+05,-2.990667e+06,1.914617e+06,1.398146e-04,3.985000e-03,-2.517260e-03,4.243401e-18,221,57454
0.000000e+00,-3.892860e-08,-9.486333e-08,2.100792e-07,0.000000e+00,0.000000e+00,0.000000e+00,3.403622e+07,7.790668e+07,-1.529953e+08,7.324958e-18,222,0
3.945455e-10,-5.592925e-04,-1.278501e-03,2.500864e-03,-1.417641e+06,-3.240592e+06,6.338770e+06,3.272532e-01,7.219472e-01,-1.308278e+00,7.324958e-18,222,1736
3.944091e-09,-5.591332e-03,-1.278126e-02,2.500086e-02,-1.417661e+06,-3.240637e+06,6.338852e+06,3.208735e-03,7.106212e-03,-1.316899e-02,7.324958e-18,222,17354
0.000000e+00,1.574443e-07,-1.848974e-07,4.322684e-07,0.000000e+00,0.000000e+00,0.000000e+00,-1.977263e+07,2.273983e+07,-3.547088e+07,3.691104e-18,223,0
1.227955e-09,1.575853e-03,-1.910445e-03,2.500413e-03,1.283999e+06,-1.556618e+06,2.036835e+06,-4.441627e-01,5.172486e-01,-4.983484e-01,3.691104e-18,223,5403
1.227409e-08,1.575987e-02,-1.910598e-02,2.500046e-02,1.284085e+06,-1.556718e+06,2.036933e+06,-3.374088e-03,4.564217e-03,-6.125283e-03,3.691104e-18,223,54006
0.000000e+00,1.271993e-07,-1.505402e-07,3.365512e-07,0.000000e+00,0.000000e+00,0.000000e+00,-3.310430e+07,3.069421e+07,-5.434268e+07,4.601387e-18,224,0
8.940909e-10,1.612152e-03,-1.498514e-03,2.500505e-03,1.803758e+06,-1.676567e+06,2.797335e+06,-5.768816e-01,5.231906e-01,-7.398326e-01,4.601387e-18,224,3934
8.937045e-09,1.612024e-02,-1.498355e-02,2.500004e-02,1.803839e+06,-1.676640e+06,2.797440e+06,-5.451530e-03,4.948579e-03,-7.845562e-03,4.601387e-18,224,39323
0.000000e+00,1.157513e-07,-1.684248e-07,5.149756e-07,0.000000e+00,0.000000e+00,0.000000e+00,-1.044216e+07,1.945550e+07,-3.947427e+07,3.359541e-18,225,0
9.961364e-10,7.753411e-04,-1.341457e-03,2.500000e-03,7.788226e+05,-1.347445e+06,2.510756e+06,-3.724522e-01,6.389141e-01,-1.042419e+00,3.359541e-18,225,4383
9.957273e-09,7.754911e-03,-1.341684e-02,2.500044e-02,7.788811e+05,-1.347546e+06,2.510920e+06,-3.038287e-03,5.490034e-03,-1.117648e-02,3.359541e-18,225,43812
0.000000e+00,-1.903678e-08,1.064074e-07,5.211447e-07,0.000000e+00,0.000000e+00,0.000000e+00,-4.907200e+05,-1.226785e+07,-3.842924e+07,3.513537e-18,226,0
1.036364e-09,-2.130478e-05,8.762644e-04,2.500186e-03,-2.065261e+04,8.462016e+05,2.413684e+06,7.150728e-02,-5.499233e-01,-1.172559e+00,3.513537e-18,226,4560
1.035773e-08,-2.139058e-04,8.764711e-03,2.500049e-02,-2.066433e+04,8.462914e+05,2.413877e+06,1.998151e-04,-4.377961e-03,-1.402154e-02,3.513537e-18,226,45574
0.000000e+00,1.027572e-07,-1.419405e-07,3.363316e-07,0.000000e+00,0.000000e+00,0.000000e+00,-2.710501e+07,2.976162e+07,-6.046527e+07,4.739488e-18,227,0
7.945455e-10,1.180497e-03,-1.287674e-03,2.500037e-03,1.486307e+06,-1.621191e+06,3.147336e+06,-5.693151e-01,6.005533e-01,-1.042566e+00,4.739488e-18,227,3496
7.943409e-09,1.180633e-02,-1.287779e-02,2.500069e-02,1.486379e+06,-1.621266e+06,3.147467e+06,-5.286939e-03,5.713139e-03,-1.073398e-02,4.739488e-18,227,34951
0.000000e+00,-4.548703e-08,-2.548895e-07,4.486550e-07,0.000000e+00,0.000000e+00,0.000000e+00,5.951478e+06,3.261233e+07,-3.499403e+07,3.522033e-18,228,0
1.227500e-09,-4.711034e-04,-2.544095e-03,2.500149e-03,-3.839553e+05,-2.073570e+06,2.037312e+06,1.063823e-01,6.471314e-01,-4.674203e-01,3.522033e-18,228,5401
1.227114e-08,-4.711555e-03,-2.544500e-02,2.500032e-02,-3.839758e+05,-2.073695e+06,2.037404e+06,7.474259e-04,5.430304e-03,-5.594206e-03,3.522033e-18,228,53993
0.000000e+00,1.247428e-08,2.654871e-07,4.705931e-07,0.000000e+00,0.000000e+00,0.000000e+00,-3.760689e+05,-3.270393e+07,-3.720632e+07,3.376867e-18,229,0
1.138636e-09,5.344690e-05,2.466594e-03,2.500013e-03,4.697986e+04,2.167310e+06,2.196197e+06,-2.807902e-02,-7.302723e-01,-5.529808e-01,3.376867e-18,229,5010
1.138341e-08,5.347877e-04,2.467131e-02,2.500040e-02,4.698489e+04,2.167441e+06,2.196297e+06,-1.585395e-04,-6.111794e-03,-6.267452e-03,3.376867e-18,229,50087
0.000000e+00,1.264056e-07,-1.962675e-07,4.565902e-07,0.000000e+00,0.000000e+00,0.000000e+00,-1.528497e+07,2.676681e+07,-3.655351e+07,3.587395e-18,230,0
1.194091e-09,1.186694e-03,-2.103876e-03,2.500348e-03,9.943007e+05,-1.762825e+06,2.094490e+06,-3.329974e-01,6.011854e-01,-5.058668e-01,3.587395e-18,230,5254
1.193614e-08,1.186808e-02,-2.104123e-02,2.500031e-02,9.943633e+05,-1.762938e+06,2.094586e+06,-2.690829e-03,5.087802e-03,-6.183463e-03,3.587395e-18,230,52519
0.000000e+00,2.217424e-07,1.153778e-07,4.398441e-07,0.000000e+00,0.000000e+00,0.000000e+00,-3.015414e+07,-1.733684e+07,-3.532134e+07,3.588160e-18,231,0
1.239091e-09,2.385828e-03,1.351443e-03,2.500030e-03,1.926354e+06,1.091179e+06,2.018097e+06,-5.667102e-01,-3.183894e-01,-4.168428e-01,3.588160e-18,231,5452
1.238795e-08,2.386350e-02,1.351743e-02,2.500027e-02,1.926464e+06,1.091241e+06,2.018179e+06,-4.803362e-03,-2.758172e-03,-5.016146e-03,3.588160e-18,231,54507
0.000000e+00,1.518588e-07,1.520385e-07,3.702582e-07,0.000000e+00,0.000000e+00,0.000000e+00,-2.406869e+07,-2.857841e+07,-4.347186e+07,4.190544e-18,232,0
1.050909e-09,1.591038e-03,1.807717e-03,2.500031e-03,1.514639e+06,1.720917e+06,2.379583e+06,-5.002121e-01,-5.699312e-01,-6.229101e-01,4.190544e-18,232,4624
1.050614e-08,1.591294e-02,1.808012e-02,2.500034e-02,1.514722e+06,1.721011e+06,2.379687e+06,-4.515899e-03,-4.908251e-03,-6.662029e-03,4.190544e-18,232,46227
0.000000e+00,4.871143e-08,-3.849307e-08,2.203380e-07,0.000000e+00,0.000000e+00,0.000000e+00,-4.359894e+07,3.282408e+07,-1.736150e+08,7.493514e-18,233,0
3.486364e-10,6.304257e-04,-4.740450e-04,2.500989e-03,1.808346e+06,-1.359765e+06,7.173819e+06,-4.730889e-01,3.459673e-01,-1.734681e+00,7.493514e-18,233,1534
3.485000e-09,6.302125e-03,-4.738813e-03,2.500094e-02,1.808372e+06,-1.359784e+06,7.173915e+06,-4.738272e-03,3.408868e-03,-1.746244e-02,7.493514e-18,233,15334
0.000000e+00,1.425784e-08,2.935472e-08,2.683822e-07,0.000000e+00,0.000000e+00,0.000000e+00,-9.766607e+06,-2.136614e+07,-1.313717e+08,6.455286e-18,234,0
4.409091e-10,1.886888e-04,4.129341e-04,2.500350e-03,4.280252e+05,9.367138e+05,5.671472e+06,-1.676135e-01,-3.711094e-01,-1.923131e+00,6.455286e-18,234,1940
4.408182e-09,1.886820e-03,4.129218e-03,2.500106e-02,4.280369e+05,9.367397e+05,5.671606e+06,-1.731371e-03,-3.520297e-03,-1.942197e-02,6.455286e-18,234,19396
0.000000e+00,-9.089282e-08,-1.500544e-07,2.165659e-07,0.000000e+00,0.000000e+00,0.000000e+00,4.450778e+07,7.802798e+07,-8.930583e+07,6.188660e-18,235,0
6.497727e-10,-1.262723e-03,-2.216105e-03,2.500511e-03,-1.943531e+06,-3.410960e+06,3.848542e+06,3.606349e-01,6.434715e-01,-6.260548e-01,6.188660e-18,235,2859
6.496136e-09,-1.262549e-02,-2.215814e-02,2.500080e-02,-1.943568e+06,-3.411027e+06,3.848606e+06,3.539106e-03,6.300183e-03,-6.382397e-03,6.188660e-18,235,28583
0.000000e+00,-1.286419e-07,-1.891942e-07,3.919085e-07,0.000000e+00,0.000000e+00,0.000000e+00,1.972511e+07,3.361323e+07,-4.146924e+07,4.008013e-18,236,0
1.083636e-09,-1.222093e-03,-2.209841e-03,2.500281e-03,-1.128202e+06,-2.040154e+06,2.307909e+06,3.352540e-01,6.305312e-01,-5.701163e-01,4.008013e-18,236,4768
1.083227e-08,-1.222099e-02,-2.209943e-02,2.500003e-02,-1.128260e+06,-2.040262e+06,2.308007e+06,2.795319e-03,5.432551e-03,-6.251542e-03,4.008013e-18,236,47662
0.000000e+00,-1.538178e-07,-1.446549e-07,2.464648e-07,0.000000e+00,0.000000e+00,0.000000e+00,5.910045e+07,1.030607e+08,-5.536488e+07,5.388041e-18,237,0
1.059773e-09,-2.698087e-03,-4.679159e-03,2.500213e-03,-2.546016e+06,-4.415538e+06,2.359153e+06,1.540457e-01,2.670599e-01,-1.126923e-01,5.388041e-18,237,4663
1.059705e-08,-2.698034e-02,-4.679171e-02,2.500024e-02,-2.546042e+06,-4.415583e+06,2.359172e+06,1.384114e-03,2.403818e-03,-1.202241e-03,5.388041e-18,237,46627
0.000000e+00,-1.012468e-07,1.318166e-07,5.481761e-07,0.000000e+00,0.000000e+00,0.000000e+00,9.314085e+06,-1.437574e+07,-3.720954e+07,3.263698e-18,238,0
1.017500e-09,-6.040202e-04,1.059584e-03,2.500157e-03,-5.939869e+05,1.042084e+06,2.458434e+06,3.104570e-01,-5.652852e-01,-1.204461e+00,3.263698e-18,238,4477
1.016909e-08,-6.040323e-03,1.059700e-02,2.500020e-02,-5.940367e+05,1.042175e+06,2.458628e+06,2.614914e-03,-4.490003e-03,-1.320795e-02,3.263698e-18,238,44744
0.000000e+00,1.290271e-07,5.181336e-08,5.921721e-07,0.000000e+00,0.000000e+00,0.000000e+00,-1.304662e+07,-5.489124e+06,-3.651692e+07,3.077438e-18,239,0
1.009091e-09,1.024770e-03,4.448982e-04,2.500509e-03,1.016392e+06,4.412819e+05,2.479165e+06,-6.634401e-01,-3.064850e-01,-1.167707e+00,3.077438e-18,239,4440
1.008409e-08,1.024932e-02,4.449898e-03,2.500033e-02,1.016498e+06,4.413306e+05,2.479352e+06,-4.882233e-03,-2.375899e-03,-1.324802e-02,3.077438e-18,239,44370
0.000000e+00,-2.442076e-08,2.806484e-07,4.427407e-07,0.000000e+00,0.000000e+00,0.000000e+00,4.321674e+06,-3.458065e+07,-2.978299e+07,3.441392e-18,240,0
1.412500e-09,-3.470766e-04,3.208492e-03,2.500368e-03,-2.458163e+05,2.272488e+06,1.770541e+06,5.509143e-02,-5.442398e-01,-2.966921e-01,3.441392e-18,240,6215
1.412000e-08,-3.470917e-03,3.208740e-02,2.500022e-02,-2.458286e+05,2.272609e+06,1.770608e+06,5.218121e-04,-4.702074e-03,-3.714717e-03,3.441392e-18,240,62128
0.000000e+00,-6.109678e-08,6.408242e-08,4.595817e-07,0.000000e+00,0.000000e+00,0.000000e+00,6.654635e+06,-1.161519e+07,-4.573003e+07,3.955763e-18,241,0
9.329545e-10,-4.979198e-04,9.961824e-04,2.500341e-03,-5.340484e+05,1.068624e+06,2.681458e+06,2.990134e-01,-6.392713e-01,-1.399456e+00,3.955763e-18,241,4105
9.323409e-09,-4.979134e-03,9.963080e-03,2.500043e-02,-5.340924e+05,1.068718e+06,2.681665e+06,2.713873e-03,-5.967297e-03,-1.457680e-02,3.955763e-18,241,41023
0.000000e+00,1.727846e-07,-2.097798e-07,3.811422e-07,0.000000e+00,0.000000e+00,0.000000e+00,-2.808300e+07,3.173426e+07,-3.463841e+07,3.838123e-18,242,0
1.350682e-09,2.301361e-03,-2.578032e-03,2.500307e-03,1.704483e+06,-1.909376e+06,1.851449e+06,-3.623272e-01,4.024268e-01,-2.707286e-01,3.838123e-18,242,5943
1.350295e-08,2.301548e-02,-2.578215e-02,2.500021e-02,1.704560e+06,-1.909462e+06,1.851508e+06,-3.020041e-03,3.477221e-03,-3.264205e-03,3.838123e-18,242,59413
0.000000e+00,4.192266e-08,-7.558968e-08,2.088574e-07,0.000000e+00,0.000000e+00,0.000000e+00,-3.842560e+07,6.913565e+07,-1.681240e+08,7.566099e-18,243,0
3.609091e-10,5.736066e-04,-1.031867e-03,2.501065e-03,1.589401e+06,-2.859189e+06,6.930042e+06,-3.629069e-01,6.513045e-01,-1.461755e+00,7.566099e-18,243,1588
3.607500e-09,5.733796e-03,-1.031458e-02,2.500030e-02,1.589421e+06,-2.859226e+06,6.930126e+06,-3.624344e-03,6.408814e-03,-1.470471e-02,7.566099e-18,243,15873
0.000000e+00,6.224154e-08,-1.118139e-08,6.202888e-07,0.000000e+00,0.000000e+00,0.000000e+00,-7.600540e+06,-6.256018e+04,-3.473937e+07,3.025824e-18,244,0
1.016591e-09,5.461607e-04,2.410088e-06,2.500211e-03,5.376896e+05,2.334976e+03,2.460786e+06,-3.533913e-01,3.512830e-02,-1.337797e+00,3.025824e-18,244,4473
1.015932e-08,5.462539e-03,2.371546e-05,2.500013e-02,5.377462e+05,2.329277e+03,2.461002e+06,-3.153970e-03,5.228211e-04,-1.537217e-02,3.025824e-18,244,44701
0.000000e+00,-2.446894e-08,-2.029417e-07,2.028995e-07,0.000000e+00,0.000000e+00,0.000000e+00,1.127847e+07,9.564004e+07,-7.410618e+07,5.962823e-18,245,0
7.815909e-10,-3.867815e-04,-3.284047e-03,2.500071e-03,-4.949123e+05,-4.202171e+06,3.198868e+06,6.884751e-02,5.928351e-01,-3.737220e-01,5.962823e-18,245,3439
7.815227e-09,-3.867864e-03,-3.284101e-02,2.500001e-02,-4.949208e+05,-4.202244e+06,3.198914e+06,6.775138e-04,5.713721e-03,-3.847735e-03,5.962823e-18,245,34387
0.000000e+00,1.597012e-07,1.139045e-07,5.937082e-07,0.000000e+00,0.000000e+00,0.000000e+00,-1.761041e+07,-9.310194e+06,-3.345639e+07,2.961043e-18,246,0
1.091136e-09,1.378500e-03,8.334795e-04,2.500321e-03,1.264215e+06,7.643604e+05,2.292399e+06,-6.221640e-01,-3.715787e-01,-8.677400e-01,2.961043e-18,246,4801
1.090568e-08,1.378707e-02,8.335849e-03,2.500039e-02,1.264322e+06,7.644243e+05,2.292549e+06,-5.301761e-03,-3.093472e-03,-9.958478e-03,2.961043e-18,246,47985
0.000000e+00,-2.484058e-07,1.242449e-07,4.226893e-07,0.000000e+00,0.000000e+00,0.000000e+00,3.383672e+07,-1.484872e+07,-3.434494e+07,3.567018e-18,247,0
1.284545e-09,-2.737332e-03,1.130090e-03,2.500292e-03,-2.131879e+06,8.800853e+05,1.946822e+06,5.600039e-01,-2.175255e-01,-3.444178e-01,3.567018e-18,247,5652
1.284136e-08,-2.737616e-02,1.130150e-02,2.500003e-02,-2.131993e+06,8.801293e+05,1.946892e+06,4.725956e-03,-1.958598e-03,-4.324135e-03,3.567018e-18,247,56502
0.000000e+00,5.648906e-08,-3.423105e-08,5.724334e-07,0.000000e+00,0.000000e+00,0.000000e+00,-8.076461e+06,2.328622e+06,-3.920942e+07,3.273682e-18,248,0
9.586364e-10,5.245424e-04,-1.834675e-04,2.500115e-03,5.476362e+05,-1.914502e+05,2.609432e+06,-3.924677e-01,6.684120e-02,-1.454961e+00,3.273682e-18,248,4218
9.580682e-09,5.246710e-03,-1.834232e-03,2.500033e-02,5.476955e+05,-1.914604e+05,2.609653e+06,-2.892727e-03,1.070530e-03,-1.628397e-02,3.273682e-18,248,42155
0.000000e+00,7.469977e-08,-1.440358e-07,4.607525e-07,0.000000e+00,0.000000e+00,0.000000e+00,-1.299245e+07,7.934490e+06,-4.662208e+07,3.807003e-18,249,0
9.747727e-10,9.771720e-04,2.459748e-04,2.500382e-03,1.003326e+06,2.527110e+05,2.566490e+06,-6.815897e-01,-1.058922e-01,-1.349456e+00,3.807003e-18,249,4289
9.740909e-09,9.773223e-03,2.461392e-03,2.500009e-02,1.003431e+06,2.527273e+05,2.566698e+06,-5.223888e-03,-9.779056e-04,-1.469938e-02,3.807003e-18,249,42860
0.000000e+00,-1.795282e-07,1.688240e-07,3.888954e-07,0.000000e+00,0.000000e+00,0.000000e+00,2.856232e+07,-2.556272e+07,-3.533811e+07,3.920778e-18,250,0
1.301136e-09,-2.384826e-03,1.933033e-03,2.500359e-03,-1.833679e+06,1.486238e+06,1.922047e+06,4.655261e-01,-3.695553e-01,-3.273265e-01,3.920778e-18,250,5725
1.300705e-08,-2.385063e-02,1.933154e-02,2.500031e-02,-1.833774e+06,1.486314e+06,1.922115e+06,3.804193e-03,-3.087539e-03,-4.116433e-03,3.920778e-18,250,57231
0.000000e+00,8.924048e-09,-1.320535e-07,5.108854e-07,0.000000e+00,0.000000e+00,0.000000e+00,-1.830079e+06,1.290931e+07,-4.228568e+07,3.555538e-18,251,0
9.263636e-10,1.218641e-04,-7.859530e-04,2.500368e-03,1.316617e+05,-8.489969e+05,2.700620e+06,-9.130383e-02,5.409662e-01,-1.514690e+00,3.555538e-18,251,4076
9.257273e-09,1.218818e-03,-7.859415e-03,2.500051e-02,1.316750e+05,-8.490760e+05,2.700842e+06,-5.494834e-04,4.628232e-03,-1.620077e-02,3.555538e-18,251,40732
0.000000e+00,2.828915e-09,2.671744e-07,5.119625e-07,0.000000e+00,0.000000e+00,0.000000e+00,-4.095937e+05,-2.832160e+07,-3.226320e+07,3.165120e-18,252,0
1.236136e-09,4.627535e-05,2.418093e-03,2.500095e-03,3.745901e+04,1.957219e+06,2.023088e+06,-1.277772e-02,-6.782978e-01,-5.118048e-01,3.165120e-18,252,5439
1.235727e-08,4.628850e-04,2.418581e-02,2.500006e-02,3.746148e+04,1.957351e+06,2.023189e+06,-7.679629e-05,-5.661330e-03,-6.156395e-03,3.165120e-18,252,54372
0.000000e+00,3.756935e-08,9.527547e-08,6.722068e-07,0.000000e+00,0.000000e+00,0.000000e+00,-3.179318e+06,-8.670443e+06,-3.470046e+07,2.742889e-18,253,0
9.643182e-10,3.251429e-04,6.418213e-04,2.500521e-03,3.375696e+05,6.660932e+05,2.594584e+06,-2.611426e-01,-4.361448e-01,-1.526040e+00,2.742889e-18,253,4243
9.635455e-09,3.252540e-03,6.418082e-03,2.500018e-02,3.376093e+05,6.661595e+05,2.594817e+06,-2.229682e-03,-3.477893e-03,-1.617082e-02,2.742889e-18,253,42396
0.000000e+00,3.549564e-08,-1.388788e-07,6.512115e-07,0.000000e+00,0.000000e+00,0.000000e+00,-1.717413e+05,1.396345e+07,-3.767137e+07,2.795060e-18,254,0
9.568182e-10,4.849245e-05,-9.409551e-04,2.500397e-03,5.068763e+04,-9.841069e+05,2.614480e+06,-3.133901e-02,5.765555e-01,-1.318250e+00,2.795060e-18,254,4210
9.562045e-09,4.847047e-04,-9.410038e-03,2.500001e-02,5.069234e+04,-9.841939e+05,2.614680e+06,-4.072512e-04,4.535106e-03,-1.448956e-02,2.795060e-18,254,42073
0.000000e+00,-8.082075e-08,-2.411280e-07,4.422891e-07,0.000000e+00,0.000000e+00,0.000000e+00,9.151305e+06,3.097570e+07,-3.364049e+07,3.578252e-18,255,0
1.307273e-09,-7.909314e-04,-2.556502e-03,2.500200e-03,-6.053318e+05,-1.956506e+06,1.913017e+06,1.875112e-01,5.558613e-01,-4.059865e-01,3.578252e-18,255,5752
1.306841e-08,-7.910697e-03,-2.556835e-02,2.500027e-02,-6.053703e+05,-1.956620e+06,1.913102e+06,1.561495e-03,5.117893e-03,-5.111027e-03,3.578252e-18,255,57501
0.000000e+00,-1.275474e-07,-2.401872e-07,3.252631e-07,0.000000e+00,0.000000e+00,0.000000e+00,2.134793e+07,4.555113e+07,-3.616189e+07,4.194717e-18,256,0
1.346364e-09,-1.609663e-03,-3.440607e-03,2.500015e-03,-1.195899e+06,-2.556234e+06,1.857096e+06,2.053928e-01,4.450766e-01,-2.156277e-01,4.194717e-18,256,5924
1.346182e-08,-1.609897e-02,-3.441150e-02,2.500003e-02,-1.195943e+06,-2.556329e+06,1.857142e+06,1.672903e-03,3.696780e-03,-2.660820e-03,4.194717e-18,256,59232
0.000000e+00,-7.650256e-09,-6.679024e-08,4.267476e-07,0.000000e+00,0.000000e+00,0.000000e+00,-1.435258e+06,1.037052e+07,-5.386813e+07,4.270016e-18,257,0
7.759091e-10,8.849372e-05,-5.042547e-04,2.500721e-03,1.141569e+05,-6.502574e+05,3.224567e+06,-8.709996e-02,3.857907e-01,-1.844216e+00,4.270016e-18,257,3414
7.753182e-09,8.850595e-04,-5.041551e-03,2.500071e-02,1.141676e+05,-6.503047e+05,3.224793e+06,-8.025530e-04,3.839683e-03,-1.914764e-02,4.270016e-18,257,34114
0.000000e+00,9.177371e-08,-3.367782e-08,5.268009e-07,0.000000e+00,0.000000e+00,0.000000e+00,-1.294159e+07,1.881276e+06,-4.236080e+07,3.499617e-18,258,0
9.231818e-10,8.278078e-04,-1.178386e-04,2.500446e-03,8.973633e+05,-1.276861e+05,2.709995e+06,-5.768450e-01,5.151320e-02,-1.499807e+00,3.499617e-18,258,4062
9.225227e-09,8.278336e-03,-1.177946e-03,2.500045e-02,8.974474e+05,-1.276936e+05,2.710215e+06,-5.101351e-03,4.462518e-04,-1.575590e-02,3.499617e-18,258,40591
0.000000e+00,-1.340540e-07,-2.053409e-08,6.097153e-07,0.000000e+00,0.000000e+00,0.000000e+00,1.215364e+07,2.031898e+06,-3.856439e+07,3.009643e-18,259,0
9.413636e-10,-7.874095e-04,-8.394390e-05,2.500272e-03,-8.370168e+05,-8.917681e+04,2.657400e+06,5.258343e-01,1.920623e-02,-1.446954e+00,3.009643e-18,259,4142
9.407727e-09,-7.874446e-03,-8.389672e-04,2.500029e-02,-8.370950e+05,-8.917970e+04,2.657616e+06,5.085770e-03,4.340100e-04,-1.558233e-02,3.009643e-18,259,41394
0.000000e+00,3.014658e-08,-8.400482e-08,3.177837e-07,0.000000e+00,0.000000e+00,0.000000e+00,-1.276954e+07,2.815689e+07,-8.429113e+07,5.403274e-18,260,0
6.131818e-10,3.901063e-04,-8.597291e-04,2.500908e-03,6.364106e+05,-1.402510e+06,4.079550e+06,-2.899789e-01,6.295508e-01,-1.655878e+00,5.403274e-18,260,2698
6.128182e-09,3.900039e-03,-8.594849e-03,2.500036e-02,6.364387e+05,-1.402571e+06,4.079711e+06,-2.877288e-03,6.208069e-03,-1.683245e-02,5.403274e-18,260,26964
0.000000e+00,5.291596e-08,-1.354543e-07,5.644196e-07,0.000000e+00,0.000000e+00,0.000000e+00,-5.014522e+06,1.490871e+07,-3.877578e+07,3.220388e-18,261,0
9.513636e-10,2.916217e-04,-1.072928e-03,2.500033e-03,3.067332e+05,-1.128604e+06,2.629081e+06,-2.018915e-01,6.682032e-01,-1.261930e+00,3.220388e-18,261,4186
9.509091e-09,2.916776e-03,-1.073192e-02,2.500034e-02,3.067636e+05,-1.128704e+06,2.629272e+06,-1.599320e-03,5.565826e-03,-1.359385e-02,3.220388e-18,261,41840
0.000000e+00,2.087329e-07,-1.959260e-07,4.538404e-07,0.000000e+00,0.000000e+00,0.000000e+00,-2.686363e+07,2.412870e+07,-3.254669e+07,3.385868e-18,262,0
1.339318e-09,2.307884e-03,-2.118287e-03,2.500182e-03,1.723912e+06,-1.582300e+06,1.867095e+06,-4.312940e-01,3.990375e-01,-3.103617e-01,3.385868e-18,262,5893
1.338977e-08,2.308271e-02,-2.118657e-02,2.500018e-02,1.724002e+06,-1.582384e+06,1.867161e+06,-3.663054e-03,3.300193e-03,-3.931062e-03,3.385868e-18,262,58915
0.000000e+00,-1.897716e-07,4.730712e-08,4.457085e-07,0.000000e+00,0.000000e+00,0.000000e+00,2.606363e+07,-7.006025e+06,-3.971603e+07,3.776337e-18,263,0
1.082273e-09,-1.863487e-03,5.089799e-04,2.500354e-03,-1.722828e+06,4.705254e+05,2.311147e+06,7.246490e-01,-1.708472e-01,-7.961829e-01,3.776337e-18,263,4762
1.081727e-08,-1.863622e-02,5.089780e-03,2.500047e-02,-1.722952e+06,4.705546e+05,2.311284e+06,5.991042e-03,-1.079125e-03,-8.882865e-03,3.776337e-18,263,47596
0.000000e+00,1.372167e-08,-2.700436e-09,1.550347e-07,0.000000e+00,0.000000e+00,0.000000e+00,-3.757545e+07,5.413619e+06,-3.965203e+08,1.071740e-17,264,0
1.575000e-10,2.371599e-04,-3.415181e-05,2.502188e-03,1.505727e+06,-2.168244e+05,1.588630e+07,-1.880201e-01,2.387363e-02,-1.904107e+00,1.071740e-17,264,693
1.573864e-09,2.369822e-03,-3.412547e-04,2.500302e-02,1.505732e+06,-2.168250e+05,1.588634e+07,-1.868652e-03,2.462508e-04,-1.907639e-02,1.071740e-17,264,6925
0.000000e+00,2.367621e-08,-6.457019e-08,5.607950e-07,0.000000e+00,0.000000e+00,0.000000e+00,-2.697381e+06,6.151657e+06,-4.045311e+07,3.344420e-18,265,0
9.325000e-10,1.702410e-04,-4.742203e-04,2.500050e-03,1.827174e+05,-5.089568e+05,2.682506e+06,-1.341101e-01,3.419548e-01,-1.516879e+00,3.344420e-18,265,4103
9.319773e-09,1.702879e-03,-4.743329e-03,2.500051e-02,1.827371e+05,-5.090072e+05,2.682729e+06,-9.756224e-04,2.997500e-03,-1.661728e-02,3.344420e-18,265,41007
0.000000e+00,1.969337e-07,-1.407022e-07,2.779200e-07,0.000000e+00,0.000000e+00,0.000000e+00,-5.826376e+07,3.072576e+07,-4.625151e+07,4.770985e-18,266,0
1.118864e-09,3.219343e-03,-1.668585e-03,2.500191e-03,2.877956e+06,-1.491577e+06,2.234834e+06,-4.728161e-01,2.262888e-01,-2.845652e-01,4.770985e-18,266,4923
1.118659e-08,3.219452e-02,-1.668571e-02,2.500031e-02,2.878040e+06,-1.491617e+06,2.234885e+06,-4.130552e-03,2.019325e-03,-3.129253e-03,4.770985e-18,266,49221
0.000000e+00,-2.087033e-07,2.329032e-08,3.033679e-07,0.000000e+00,0.000000e+00,0.000000e+00,5.383670e+07,-5.990140e+06,-5.549353e+07,4.786874e-18,267,0
9.197727e-10,-2.558598e-03,2.924382e-04,2.500243e-03,-2.782561e+06,3.180415e+05,2.718803e+06,7.323927e-01,-8.618469e-02,-5.762782e-01,4.786874e-18,267,4047
9.195227e-09,-2.558629e-02,2.924462e-03,2.500015e-02,-2.782667e+06,3.180540e+05,2.718887e+06,6.846239e-03,-7.994055e-04,-6.077289e-03,4.786874e-18,267,40459
0.000000e+00,-1.061377e-07,4.845431e-08,5.533044e-07,0.000000e+00,0.000000e+00,0.000000e+00,1.868257e+07,-3.390573e+07,-2.765569e+07,3.343304e-18,268,0
1.502727e-09,-1.936816e-03,2.772686e-03,2.500039e-03,-1.289465e+06,1.846005e+06,1.663944e+06,2.875882e-01,-4.249691e-01,-2.599447e-01,3.343304e-18,268,6612
1.502455e-08,-1.937349e-02,2.773516e-02,2.500028e-02,-1.289533e+06,1.846105e+06,1.664007e+06,2.607009e-03,-3.720270e-03,-3.360319e-03,3.343304e-18,268,66108
0.000000e+00,1.124986e-08,6.228274e-08,6.412951e-07,0.000000e+00,0.000000e+00,0.000000e+00,-1.917814e+06,-9.468297e+06,-3.838188e+07,2.924489e-18,269,0
8.779545e-10,-4.236961e-06,6.378182e-04,2.500188e-03,-4.855704e+03,7.269643e+05,2.849322e+06,1.824540e-02,-4.491144e-01,-1.715143e+00,2.924489e-18,269,3863
8.774091e-09,-4.259483e-05,6.378434e-03,2.500037e-02,-4.858210e+03,7.270266e+05,2.849560e+06,-3.819282e-05,-4.796971e-03,-1.800149e-02,2.924489e-18,269,38606
0.000000e+00,-2.650989e-08,-1.224067e-07,2.054410e-07,0.000000e+00,0.000000e+00,0.000000e+00,1.793994e+07,9.086215e+07,-1.342642e+08,7.118923e-18,270,0
4.463636e-10,-3.351834e-04,-1.700336e-03,2.500166e-03,-7.509549e+05,-3.809530e+06,5.601399e+06,1.509791e-01,7.962203e-01,-1.082639e+00,7.118923e-18,270,1964
4.463182e-09,-3.351668e-03,-1.700271e-02,2.500022e-02,-7.509656e+05,-3.809586e+06,5.601475e+06,1.504271e-03,7.830218e-03,-1.093779e-02,7.118923e-18,270,19638
0.000000e+00,-8.217825e-08,9.832316e-08,5.033151e-07,0.000000e+00,0.000000e+00,0.000000e+00,8.229880e+06,-1.228552e+07,-3.968260e+07,3.591808e-18,271,0
1.024773e-09,-5.610817e-04,8.328775e-04,2.500469e-03,-5.478762e+05,8.133255e+05,2.441238e+06,3.074815e-01,-4.678120e-01,-1.156863e+00,3.591808e-18,271,4509
1.024068e-08,-5.610638e-03,8.328988e-03,2.500012e-02,-5.479258e+05,8.134010e+05,2.441426e+06,2.741855e-03,-3.712102e-03,-1.329347e-02,3.591808e-18,271,45059
0.000000e+00,-2.035956e-07,1.124162e-07,4.385539e-07,0.000000e+00,0.000000e+00,0.000000e+00,3.006787e+07,-1.579114e+07,-3.866296e+07,3.678226e-18,272,0
1.135227e-09,-2.153667e-03,1.122958e-03,2.500259e-03,-1.897991e+06,9.896130e+05,2.203073e+06,6.136389e-01,-3.029302e-01,-5.967506e-01,3.678226e-18,272,4995
1.134773e-08,-2.153782e-02,1.122984e-02,2.500005e-02,-1.898100e+06,9.896672e+05,2.203181e+06,4.981054e-03,-2.203638e-03,-6.667801e-03,3.678226e-18,272,49930
0.000000e+00,1.698764e-07,-1.576527e-07,2.165024e-07,0.000000e+00,0.000000e+00,0.000000e+00,-6.430202e+07,5.802925e+07,-5.868580e+07,5.441536e-18,273,0
9.656818e-10,2.827939e-03,-2.545610e-03,2.500263e-03,2.928816e+06,-2.636399e+06,2.589269e+06,-3.829789e-01,3.350225e-01,-2.564552e-01,5.441536e-18,273,4249
9.655227e-09,2.827844e-02,-2.545508e-02,2.500011e-02,2.928875e+06,-2.636450e+06,2.589308e+06,-3.475871e-03,3.142030e-03,-2.776857e-03,5.441536e-18,273,42483
0.000000e+00,-7.150365e-08,1.646803e-07,6.272046e-07,0.000000e+00,0.000000e+00,0.000000e+00,8.499050e+06,-1.598579e+07,-3.408376e+07,2.853531e-18,274,0
1.044318e-09,-5.793581e-04,1.231838e-03,2.500192e-03,-5.551017e+05,1.180391e+06,2.395176e+06,2.606108e-01,-6.317668e-01,-1.053663e+00,2.853531e-18,274,4595
1.043773e-08,-5.793989e-03,1.232054e-02,2.500041e-02,-5.551446e+05,1.180495e+06,2.395350e+06,2.356131e-03,-4.571403e-03,-1.185756e-02,2.853531e-18,274,45926
0.000000e+00,1.883535e-07,1.633889e-07,3.926296e-07,0.000000e+00,0.000000e+00,0.000000e+00,-2.968128e+07,-2.614940e+07,-3.812241e+07,3.864060e-18,275,0
1.199773e-09,2.190139e-03,1.902378e-03,2.500400e-03,1.826197e+06,1.586250e+06,2.084494e+06,-4.813781e-01,-4.178059e-01,-3.995078e-01,3.864060e-18,275,5279
1.199341e-08,2.190226e-02,1.902449e-02,2.500035e-02,1.826288e+06,1.586329e+06,2.084570e+06,-4.149916e-03,-3.486464e-03,-4.611533e-03,3.864060e-18,275,52771
0.000000e+00,-2.238677e-07,-1.299918e-07,4.925034e-07,0.000000e+00,0.000000e+00,0.000000e+00,2.775422e+07,1.450169e+07,-3.318231e+07,3.300080e-18,276,0
1.298409e-09,-2.384055e-03,-1.179465e-03,2.500370e-03,-1.837010e+06,-9.088166e+05,1.926190e+06,5.341918e-01,2.687795e-01,-4.206873e-01,3.300080e-18,276,5713
1.297909e-08,-2.384264e-02,-1.179559e-02,2.500042e-02,-1.837119e+06,-9.088715e+05,1.926278e+06,4.677460e-03,2.441860e-03,-5.190642e-03,3.300080e-18,276,57108
0.000000e+00,1.419732e-07,-1.210912e-07,3.805279e-07,0.000000e+00,0.000000e+00,0.000000e+00,-2.719023e+07,2.161934e+07,-5.045263e+07,4.283976e-18,277,0
8.704545e-10,1.423736e-03,-1.009186e-03,2.500525e-03,1.636338e+06,-1.159832e+06,2.873593e+06,-6.593963e-01,4.610960e-01,-1.013001e+00,4.283976e-18,277,3830
8.700000e-09,1.423611e-02,-1.009056e-02,2.500035e-02,1.636429e+06,-1.159895e+06,2.873732e+06,-6.300980e-03,4.400022e-03,-1.055841e-02,4.283976e-18,277,38280
0.000000e+00,2.470375e-07,1.070097e-08,4.717798e-07,0.000000e+00,0.000000e+00,0.000000e+00,-3.229579e+07,-5.009948e+06,-3.471990e+07,3.436731e-18,278,0
1.236364e-09,2.630849e-03,3.626841e-04,2.500168e-03,2.128959e+06,2.935246e+05,2.022665e+06,-6.813846e-01,-1.057981e-01,-4.304486e-01,3.436731e-18,278,5440
1.236000e-08,2.631384e-02,3.627935e-03,2.500033e-02,2.129092e+06,2.935452e+05,2.022750e+06,-5.888315e-03,-8.737894e-04,-5.265986e-03,3.436731e-18,278,54384
0.000000e+00,-1.417156e-09,-1.694947e-07,4.510711e-07,0.000000e+00,0.000000e+00,0.000000e+00,2.119026e+06,2.398637e+07,-4.399460e+07,3.837228e-18,279,0
9.790909e-10,-1.770585e-04,-1.531164e-03,2.500366e-03,-1.809776e+05,-1.564864e+06,2.554761e+06,8.709128e-02,8.128083e-01,-9.908642e-01,3.837228e-18,279,4308
9.785682e-09,-1.770953e-03,-1.531320e-02,2.500022e-02,-1.809911e+05,-1.564990e+06,2.554915e+06,7.888990e-04,7.035681e-03,-1.124034e-02,3.837228e-18,279,43057
0.000000e+00,-8.841436e-08,-2.473846e-07,4.701913e-07,0.000000e+00,0.000000e+00,0.000000e+00,8.905021e+06,3.262718e+07,-3.350497e+07,3.399420e-18,280,0
1.268864e-09,-7.522826e-04,-2.696090e-03,2.500246e-03,-5.931392e+05,-2.125811e+06,1.970913e+06,1.660559e-01,6.236865e-01,-4.037926e-01,3.399420e-18,280,5583
1.268455e-08,-7.523684e-03,-2.696485e-02,2.500033e-02,-5.931723e+05,-2.125935e+06,1.970995e+06,1.301562e-03,5.350631e-03,-4.889269e-03,3.399420e-18,280,55812
0.000000e+00,-1.174785e-07,-7.420688e-08,6.494577e-07,0.000000e+00,0.000000e+00,0.000000e+00,1.082472e+07,6.838635e+06,-3.702951e+07,2.810313e-18,281,0
9.663636e-10,-6.567507e-04,-4.574212e-04,2.500531e-03,-6.801143e+05,-4.736297e+05,2.588834e+06,4.780853e-01,2.613021e-01,-1.337637e+00,2.810313e-18,281,4252
9.656818e-09,-6.567778e-03,-4.573765e-03,2.500014e-02,-6.801872e+05,-4.736695e+05,2.589039e+06,3.610337e-03,2.542464e-03,-1.500049e-02,2.810313e-18,281,42490
0.000000e+00,1.039694e-07,1.767428e-07,5.872130e-07,0.000000e+00,0.000000e+00,0.000000e+00,-1.108753e+07,-1.613871e+07,-3.424881e+07,2.976324e-18,282,0
1.056818e-09,8.171957e-04,1.285354e-03,2.500047e-03,7.737396e+05,1.217062e+06,2.366684e+06,-3.658881e-01,-6.212576e-01,-9.939579e-01,2.976324e-18,282,4650
1.056341e-08,8.173302e-03,1.285628e-02,2.500045e-02,7.738005e+05,1.217166e+06,2.366851e+06,-2.833306e-03,-5.091835e-03,-1.103066e-02,2.976324e-18,282,46479
0.000000e+00,5.526664e-08,-1.439418e-07,2.096137e-07,0.000000e+00,0.000000e+00,0.000000e+00,-3.403307e+07,9.258393e+07,-1.033754e+08,6.603758e-18,283,0
5.722727e-10,8.318252e-04,-2.263691e-03,2.500969e-03,1.453664e+06,-3.955952e+06,4.370430e+06,-2.609084e-01,7.178339e-01,-6.805454e-01,6.603758e-18,283,2518
5.720227e-09,8.315322e-03,-2.262903e-02,2.500000e-02,1.453688e+06,-3.956017e+06,4.370491e+06,-2.559511e-03,6.958148e-03,-6.951091e-03,6.603758e-18,283,25169
0.000000e+00,-3.664221e-08,1.478048e-07,6.470371e-07,0.000000e+00,0.000000e+00,0.000000e+00,1.645999e+06,-1.336818e+07,-3.661076e+07,2.807192e-18,284,0
9.672727e-10,-1.777987e-04,9.670891e-04,2.500025e-03,-1.840042e+05,1.000549e+06,2.585937e+06,1.590208e-01,-6.239468e-01,-1.368965e+00,2.807192e-18,284,4256
9.667727e-09,-1.778894e-03,9.673005e-03,2.500036e-02,-1.840285e+05,1.000644e+06,2.586147e+06,1.353265e-03,-5.149015e-03,-1.450652e-02,2.807192e-18,284,42538
0.000000e+00,-1.932024e-07,-4.484829e-09,2.039774e-07,0.000000e+00,0.000000e+00,0.000000e+00,9.714853e+07,1.111556e+06,-8.156459e+07,6.100576e-18,285,0
7.145455e-10,-3.023250e-03,-3.295942e-05,2.500320e-03,-4.231414e+06,-4.612297e+04,3.499360e+06,6.454511e-01,2.497057e-03,-4.502005e-01,6.100576e-18,285,3144
7.144318e-09,-3.023067e-02,-3.295211e-04,2.500068e-02,-4.231487e+06,-4.612324e+04,3.499411e+06,6.230533e-03,-1.907318e-05,-4.612220e-03,6.100576e-18,285,31435
0.000000e+00,-1.484939e-07,8.342960e-08,1.580454e-07,0.000000e+00,0.000000e+00,0.000000e+00,1.240236e+08,-7.072333e+07,-1.114412e+08,7.271197e-18,286,0
5.456818e-10,-2.796685e-03,1.595649e-03,2.500773e-03,-5.125252e+06,2.924220e+06,4.582869e+06,5.218522e-01,-3.018832e-01,-4.110430e-01,7.271197e-18,286,2401
5.455227e-09,-2.795953e-02,1.595235e-02,2.500072e-02,-5.125297e+06,2.924246e+06,4.582904e+06,5.125665e-03,-2.977312e-03,-4.165207e-03,7.271197e-18,286,24003
0.000000e+00,2.448656e-08,-1.990570e-07,2.763986e-07,0.000000e+00,0.000000e+00,0.000000e+00,-1.011819e+07,6.009046e+07,-6.074286e+07,5.153035e-18,287,0
8.670455e-10,4.390615e-04,-2.579519e-03,2.500438e-03,5.065318e+05,-2.975787e+06,2.884301e+06,-1.331967e-01,7.281259e-01,-5.784511e-01,5.153035e-18,287,3815
8.667727e-09,4.390473e-03,-2.579333e-02,2.500046e-02,5.065501e+05,-2.975886e+06,2.884380e+06,-1.186017e-03,6.853748e-03,-6.023587e-03,5.153035e-18,287,38138
0.000000e+00,1.341116e-07,2.155571e-08,5.272143e-07,0.000000e+00,0.000000e+00,0.000000e+00,-1.453747e+07,-4.414268e+06,-3.697108e+07,3.426732e-18,288,0
1.080227e-09,1.141056e-03,2.990681e-04,2.500219e-03,1.057107e+06,2.771041e+05,2.315684e+06,-5.852150e-01,-1.762458e-01,-1.030173e+00,3.426732e-18,288,4753
1.079591e-08,1.141238e-02,2.991565e-03,2.500008e-02,1.057207e+06,2.771341e+05,2.315861e+06,-4.911553e-03,-1.582363e-03,-1.227878e-02,3.426732e-18,288,47502
0.000000e+00,-1.173475e-08,-1.450342e-07,5.089402e-07,0.000000e+00,0.000000e+00,0.000000e+00,4.406403e+06,1.849178e+07,-4.060664e+07,3.538613e-18,289,0
9.793182e-10,-2.501303e-04,-1.233954e-03,2.500254e-03,-2.555932e+05,-1.260850e+06,2.554291e+06,1.372836e-01,6.846392e-01,-1.202792e+00,3.538613e-18,289,4309
9.787500e-09,-2.501596e-03,-1.234052e-02,2.500027e-02,-2.556144e+05,-1.260956e+06,2.554478e+06,9.693032e-04,6.076504e-03,-1.319442e-02,3.538613e-18,289,43065
0.000000e+00,1.503732e-07,-1.466121e-07,2.087574e-07,0.000000e+00,0.000000e+00,0.000000e+00,-6.536956e+07,6.343708e+07,-7.003558e+07,5.814526e-18,290,0
8.177273e-10,2.377671e-03,-2.309209e-03,2.500463e-03,2.907992e+06,-2.824256e+06,3.058023e+06,-4.288104e-01,4.126461e-01,-3.768804e-01,5.814526e-18,290,3598
8.175227e-09,2.377356e-02,-2.308900e-02,2.500016e-02,2.908047e+06,-2.824309e+06,3.058072e+06,-4.141735e-03,3.944345e-03,-3.930093e-03,5.814526e-18,290,35971
0.000000e+00,-9.783630e-08,-1.492502e-07,3.753748e-07,0.000000e+00,0.000000e+00,0.000000e+00,2.039509e+07,2.723257e+07,-4.997774e+07,4.373058e-18,291,0
9.104545e-10,-1.110079e-03,-1.450133e-03,2.500589e-03,-1.219847e+06,-1.593486e+06,2.747415e+06,5.068403e-01,6.514191e-01,-9.367543e-01,4.373058e-18,291,4006
9.099545e-09,-1.110001e-02,-1.449997e-02,2.500033e-02,-1.219919e+06,-1.593579e+06,2.747550e+06,4.554277e-03,6.173450e-03,-9.908426e-03,4.373058e-18,291,40038
0.000000e+00,-7.701823e-08,-1.125716e-08,6.622557e-07,0.000000e+00,0.000000e+00,0.000000e+00,9.903265e+06,1.992608e+06,-3.603954e+07,2.817441e-18,292,0
9.756818e-10,-6.627363e-04,2.067575e-05,2.500105e-03,-6.797698e+05,2.130016e+04,2.563758e+06,4.410631e-01,-4.884045e-02,-1.377135e+00,2.817441e-18,292,4293
9.751364e-09,-6.628674e-03,2.076539e-04,2.500037e-02,-6.798377e+05,2.130765e+04,2.563971e+06,3.444379e-03,1.618521e-04,-1.524108e-02,2.817441e-18,292,42906
0.000000e+00,-1.416678e-07,8.672618e-08,4.492769e-07,0.000000e+00,0.000000e+00,0.000000e+00,1.862180e+07,-1.210499e+07,-4.295365e+07,3.847631e-18,293,0
9.781818e-10,-1.205816e-03,7.892212e-04,2.500345e-03,-1.233515e+06,8.073563e+05,2.557308e+06,6.555531e-01,-4.295179e-01,-1.141637e+00,3.847631e-18,293,4304
9.775909e-09,-1.205868e-02,7.892604e-03,2.500013e-02,-1.233616e+06,8.074225e+05,2.557485e+06,5.882151e-03,-3.542214e-03,-1.205076e-02,3.847631e-18,293,43014
0.000000e+00,-4.216078e-08,2.374002e-07,3.956364e-07,0.000000e+00,0.000000e+00,0.000000e+00,5.593968e+06,-3.648184e+07,-3.882705e+07,3.886565e-18,294,0
1.156136e-09,-2.557164e-04,2.625805e-03,2.500104e-03,-2.212515e+05,2.272203e+06,2.163023e+06,6.992107e-02,-6.889826e-01,-4.984086e-01,3.886565e-18,294,5087
1.155795e-08,-2.557244e-03,2.626193e-02,2.500026e-02,-2.212642e+05,2.272329e+06,2.163115e+06,4.944067e-04,-5.751829e-03,-5.599642e-03,3.886565e-18,294,50855
0.000000e+00,1.168797e-07,1.520328e-07,4.282603e-07,0.000000e+00,0.000000e+00,0.000000e+00,-1.544400e+07,-2.307607e+07,-4.106402e+07,3.881117e-18,295,0
1.009773e-09,1.040314e-03,1.487753e-03,2.500423e-03,1.030818e+06,1.474197e+06,2.477223e+06,-4.507276e-01,-6.512256e-01,-9.251882e-01,3.881117e-18,295,4443
1.009205e-08,1.040303e-02,1.487759e-02,2.500034e-02,1.030890e+06,1.474300e+06,2.477370e+06,-4.052805e-03,-5.526120e-03,-9.772569e-03,3.881117e-18,295,44405
0.000000e+00,-2.189073e-08,-5.614776e-09,5.926438e-07,0.000000e+00,0.000000e+00,0.000000e+00,-9.973404e+05,-7.643622e+06,-3.559369e+07,3.205218e-18,296,0
1.030909e-09,1.032415e-04,4.935577e-04,2.500462e-03,1.002680e+05,4.791689e+05,2.426877e+06,-7.010485e-02,-2.819641e-01,-1.294279e+00,3.205218e-18,296,4536
1.030136e-08,1.032859e-03,4.936023e-03,2.500034e-02,1.002794e+05,4.792147e+05,2.427089e+06,-3.638937e-04,-2.808644e-03,-1.533487e-02,3.205218e-18,296,45326
0.000000e+00,3.069805e-08,-1.146200e-07,2.920583e-07,0.000000e+00,0.000000e+00,0.000000e+00,-1.086916e+07,4.280784e+07,-8.787372e+07,5.607139e-18,297,0
6.109091e-10,3.171924e-04,-1.248892e-03,2.500360e-03,5.193410e+05,-2.044825e+06,4.093621e+06,-1.996226e-01,7.751979e-01,-1.400278e+00,5.607139e-18,297,2688
6.107045e-09,3.171649e-03,-1.248787e-02,2.500007e-02,5.193603e+05,-2.044900e+06,4.093756e+06,-1.978210e-03,7.656227e-03,-1.423143e-02,5.607139e-18,297,26871
0.000000e+00,2.374172e-07,-1.537206e-08,4.817205e-07,0.000000e+00,0.000000e+00,0.000000e+00,-3.450249e+07,-3.794885e+06,-3.775663e+07,3.428584e-18,298,0
1.119091e-09,2.393728e-03,1.923309e-04,2.500417e-03,2.139991e+06,1.719478e+05,2.234936e+06,-7.200352e-01,-4.602326e-02,-5.922327e-01,3.428584e-18,298,4924
1.118614e-08,2.393818e-02,1.923405e-03,2.500049e-02,2.140118e+06,1.719559e+05,2.235041e+06,-6.154472e-03,-5.084758e-04,-6.594757e-03,3.428584e-18,298,49219
0.000000e+00,-1.523833e-07,3.088315e-08,5.355253e-07,0.000000e+00,0.000000e+00,0.000000e+00,1.802943e+07,-6.446552e+06,-3.566172e+07,3.359337e-18,299,0
1.101818e-09,-1.361520e-03,4.342367e-04,2.500211e-03,-1.236531e+06,3.943829e+05,2.270148e+06,6.028959e-01,-1.977025e-01,-8.926922e-01,3.359337e-18,299,4848
1.101250e-08,-1.361724e-02,4.343122e-03,2.500020e-02,-1.236636e+06,3.944172e+05,2.270304e+06,5.261165e-03,-1.673278e-03,-1.062886e-02,3.359337e-18,299,48455
0.000000e+00,-2.357275e-07,-6.018432e-08,3.799344e-07,0.000000e+00,0.000000e+00,0.000000e+00,3.780012e+07,9.383259e+06,-4.191868e+07,4.000569e-18,300,0
8.190909e-10,-3.940161e-03,-1.059389e-03,2.500100e-03,-4.811521e+06,-1.293680e+06,3.052467e+06,4.507173e-01,1.190126e-01,-2.338174e-01,4.000569e-18,300,3604
8.190227e-09,-3.940690e-02,-1.059538e-02,2.500043e-02,-4.811580e+06,-1.293696e+06,3.052497e+06,4.272973e-03,1.142621e-03,-2.413665e-03,4.000569e-18,300,36037
0.000000e+00,-3.572264e-08,-2.543526e-07,3.291035e-07,0.000000e+00,0.000000e+00,0.000000e+00,8.595674e+06,5.088304e+07,-4.381461e+07,4.269746e-18,301,0
1.136136e-09,-5.067360e-04,-3.121811e-03,2.500429e-03,-4.461601e+05,-2.748545e+06,2.201155e+06,1.031461e-01,5.935084e-01,-3.532608e-01,4.269746e-18,301,4999
1.135773e-08,-5.067358e-03,-3.121721e-02,2.500027e-02,-4.461785e+05,-2.748651e+06,2.201219e+06,8.868334e-04,5.010102e-03,-4.050510e-03,4.269746e-18,301,49974
0.000000e+00,1.599707e-07,3.315292e-08,5.826755e-07,0.000000e+00,0.000000e+00,0.000000e+00,-1.663613e+07,-2.436957e+06,-3.665078e+07,3.081368e-18,302,0
9.847727e-10,1.181292e-03,1.883134e-04,2.500355e-03,1.200407e+06,1.913284e+05,2.540267e+06,-6.993548e-01,-8.194400e-02,-1.228562e+00,3.081368e-18,302,4333
9.841591e-09,1.181387e-02,1.882968e-03,2.500044e-02,1.200515e+06,1.913411e+05,2.540458e+06,-5.528426e-03,-6.930201e-04,-1.330048e-02,3.081368e-18,302,43303
0.000000e+00,-5.413060e-08,-1.159028e-07,6.168271e-07,0.000000e+00,0.000000e+00,0.000000e+00,3.333516e+06,1.934049e+07,-5.545981e+07,2.991003e-18,303,0
8.045455e-10,-1.751154e-04,-8.588691e-04,2.500051e-03,-2.177470e+05,-1.068078e+06,3.108618e+06,1.372695e-01,6.324104e-01,-1.750384e+00,2.991003e-18,303,3540
8.042045e-09,-1.751164e-03,-8.589564e-03,2.500001e-02,-2.177644e+05,-1.068158e+06,3.108841e+06,1.295639e-03,6.300234e-03,-1.809585e-02,2.991003e-18,303,35385
0.000000e+00,7.684261e-08,2.771898e-08,6.614922e-07,0.000000e+00,0.000000e+00,0.000000e+00,-7.984665e+06,-2.409928e+06,-3.582513e+07,2.810719e-18,304,0
9.606818e-10,5.444815e-04,1.883222e-04,2.500473e-03,5.671886e+05,1.962054e+05,2.604262e+06,-3.754114e-01,-1.391443e-01,-1.497224e+00,2.810719e-18,304,4227
9.599773e-09,5.444883e-03,1.883510e-03,2.500055e-02,5.672456e+05,1.962265e+05,2.604490e+06,-3.361071e-03,-9.404497e-04,-1.632497e-02,2.810719e-18,304,42239
0.000000e+00,8.808500e-08,2.002614e-07,5.653054e-07,0.000000e+00,0.000000e+00,0.000000e+00,-1.086427e+07,-2.050543e+07,-3.310757e+07,3.049265e-18,305,0
1.129318e-09,8.952999e-04,1.650036e-03,2.500305e-03,7.932960e+05,1.461979e+06,2.214819e+06,-3.559640e-01,-6.331328e-01,-7.538325e-01,3.049265e-18,305,4969
1.128773e-08,8.954458e-03,1.650237e-02,2.500047e-02,7.933593e+05,1.462092e+06,2.214954e+06,-3.016646e-03,-5.380995e-03,-8.647216e-03,3.049265e-18,305,49666
0.000000e+00,4.181617e-08,-1.588898e-07,5.170021e-07,0.000000e+00,0.000000e+00,0.000000e+00,-8.186730e+06,1.294717e+07,-3.957037e+07,3.453171e-18,306,0
1.018636e-09,5.389661e-04,-9.884965e-04,2.500059e-03,5.294773e+05,-9.710916e+05,2.455432e+06,-2.858303e-01,5.626733e-01,-1.087624e+00,3.453171e-18,306,4482
1.018159e-08,5.390891e-03,-9.887251e-03,2.500040e-02,5.295231e+05,-9.711820e+05,2.455607e+06,-2.494438e-03,4.600500e-03,-1.272709e-02,3.453171e-18,306,44799
0.000000e+00,-2.477381e-07,-7.279915e-08,3.006418e-07,0.000000e+00,0.000000e+00,0.000000e+00,5.190764e+07,2.076059e+07,-3.985266e+07,4.462380e-18,307,0
1.263864e-09,-3.529845e-03,-1.367517e-03,2.500252e-03,-2.793624e+06,-1.082293e+06,1.978492e+06,4.686681e-01,1.740510e-01,-2.315187e-01,4.462380e-18,307,5561
1.263591e-08,-3.529994e-02,-1.367573e-02,2.500019e-02,-2.793717e+06,-1.082327e+06,1.978538e+06,4.009197e-03,1.520342e-03,-2.742610e-03,4.462380e-18,307,55598
0.000000e+00,-7.114540e-08,-1.606640e-07,3.776272e-07,0.000000e+00,0.000000e+00,0.000000e+00,1.269030e+07,3.171525e+07,-5.203830e+07,4.368354e-18,308,0
8.861364e-10,-6.643286e-04,-1.693897e-03,2.500066e-03,-7.500287e+05,-1.912457e+06,2.822170e+06,3.154084e-01,7.964361e-01,-9.488253e-01,4.368354e-18,308,3899
8.858409e-09,-6.644053e-03,-1.694126e-02,2.500005e-02,-7.500728e+05,-1.912569e+06,2.822303e+06,2.810736e-03,7.561549e-03,-1.009435e-02,4.368354e-18,308,38977
0.000000e+00,1.787634e-07,-1.084786e-07,4.689003e-07,0.000000e+00,0.000000e+00,0.000000e+00,-1.975892e+07,1.593811e+07,-4.205471e+07,3.599018e-18,309,0
9.663636e-10,1.312274e-03,-1.019050e-03,2.500233e-03,1.358698e+06,-1.055159e+06,2.588282e+06,-6.323589e-01,5.047397e-01,-1.008262e+00,3.599018e-18,309,4252
9.659091e-09,1.312376e-02,-1.019181e-02,2.500057e-02,1.358795e+06,-1.055236e+06,2.588436e+06,-5.770550e-03,4.612762e-03,-1.073792e-02,3.599018e-18,309,42500
0.000000e+00,3.331134e-08,2.470426e-07,5.166042e-07,0.000000e+00,0.000000e+00,0.000000e+00,-4.986484e+06,-2.697595e+07,-3.201413e+07,3.199245e-18,310,0
1.287727e-09,4.093829e-04,2.304520e-03,2.500028e-03,3.181291e+05,1.790644e+06,1.942035e+06,-1.297157e-01,-6.562670e-01,-5.079021e-01,3.199245e-18,310,5666
1.287318e-08,4.095306e-03,2.305122e-02,2.500038e-02,3.181554e+05,1.790777e+06,1.942139e+06,-9.813997e-04,-5.651706e-03,-6.271445e-03,3.199245e-18,310,56642
0.000000e+00,1.135261e-07,6.597339e-08,4.729530e-07,0.000000e+00,0.000000e+00,0.000000e+00,-1.583435e+07,-9.164405e+06,-4.379420e+07,3.764382e-18,311,0
9.397727e-10,1.007662e-03,5.896838e-04,2.500113e-03,1.073057e+06,6.279445e+05,2.661665e+06,-6.818728e-01,-3.993390e-01,-1.310446e+00,3.764382e-18,311,4135
9.392727e-09,1.007888e-02,5.898085e-03,2.500041e-02,1.073159e+06,6.280037e+05,2.661860e+06,-6.362152e-03,-3.417038e-03,-1.395037e-02,3.764382e-18,311,41328
0.000000e+00,-3.108345e-08,1.919959e-08,6.603877e-07,0.000000e+00,0.000000e+00,0.000000e+00,2.442630e+06,-2.835523e+06,-3.747712e+07,2.847346e-18,312,0
9.168182e-10,-3.374556e-05,3.025573e-04,2.500214e-03,-3.682154e+04,3.302015e+05,2.728732e+06,5.007002e-02,-1.525426e-01,-1.747042e+00,2.847346e-18,312,4034
9.161818e-09,-3.373885e-04,3.025219e-03,2.500034e-02,-3.682878e+04,3.302235e+05,2.728986e+06,9.152687e-04,-9.558874e-04,-1.852718e-02,2.847346e-18,312,40312
0.000000e+00,1.648715e-07,-2.064760e-07,5.091007e-07,0.000000e+00,0.000000e+00,0.000000e+00,-1.876673e+07,2.690257e+07,-3.690647e+07,3.205348e-18,313,0
1.135227e-09,1.415425e-03,-1.917494e-03,2.500199e-03,1.247440e+06,-1.689906e+06,2.202989e+06,-4.469690e-01,5.946862e-01,-6.030869e-01,3.205348e-18,313,4995
1.134818e-08,1.415615e-02,-1.917733e-02,2.500014e-02,1.247520e+06,-1.690012e+06,2.203097e+06,-3.632891e-03,5.061635e-03,-6.823803e-03,3.205348e-18,313,49932
0.000000e+00,1.260628e-07,-2.272871e-08,1.539697e-07,0.000000e+00,0.000000e+00,0.000000e+00,-1.680185e+08,3.179545e+07,-1.790796e+08,8.398915e-18,314,0
3.452273e-10,2.349790e-03,-4.446592e-04,2.500780e-03,6.806469e+06,-1.288016e+06,7.243744e+06,-7.122370e-01,1.351009e-01,-6.929397e-01,8.398915e-18,314,1519
3.451364e-09,2.349171e-02,-4.445432e-03,2.500093e-02,6.806508e+06,-1.288024e+06,7.243782e+06,-7.070685e-03,1.314826e-03,-7.021802e-03,8.398915e-18,314,15186
0.000000e+00,-1.125617e-07,-9.628995e-08,4.316084e-07,0.000000e+00,0.000000e+00,0.000000e+00,1.859049e+07,2.088379e+07,-4.619303e+07,4.053774e-18,315,0
9.979545e-10,-1.287644e-03,-1.326767e-03,2.500173e-03,-1.290990e+06,-1.330243e+06,2.506162e+06,5.304305e-01,5.734956e-01,-8.626591e-01,4.053774e-18,315,4391
9.975455e-09,-1.287813e-02,-1.326970e-02,2.500025e-02,-1.291074e+06,-1.330333e+06,2.506298e+06,4.623528e-03,4.986314e-03,-9.401322e-03,4.053774e-18,315,43892
0.000000e+00,3.405307e-09,1.937153e-07,5.585370e-07,0.000000e+00,0.000000e+00,0.000000e+00,1.487481e+06,-1.517453e+07,-3.645102e+07,3.153864e-18,316,0
1.057500e-09,-7.786379e-05,1.279712e-03,2.500021e-03,-7.367259e+04,1.210999e+06,2.365138e+06,2.183464e-02,-6.637141e-01,-1.007258e+00,3.153864e-18,316,4653
1.057023e-08,-7.787198e-04,1.280049e-02,2.500026e-02,-7.367622e+04,1.211110e+06,2.365307e+06,1.242173e-04,-5.225694e-03,-1.188922e-02,3.153864e-18,316,46509
0.000000e+00,1.700361e-07,3.456960e-08,1.637681e-07,0.000000e+00,0.000000e+00,0.000000e+00,-1.337451e+08,-2.903492e+07,-1.032875e+08,7.095595e-18,317,0
5.865909e-10,3.259703e-03,7.083903e-04,2.500791e-03,5.557219e+06,1.207687e+06,4.263295e+06,-5.711855e-01,-1.273375e-01,-3.716651e-01,7.095595e-18,317,2581
5.864091e-09,3.258816e-02,7.082012e-03,2.500048e-02,5.557272e+06,1.207699e+06,4.263330e+06,-5.509108e-03,-1.225797e-03,-3.817657e-03,7.095595e-18,317,25802
0.000000e+00,-3.104711e-08,-2.970738e-09,2.286418e-07,0.000000e+00,0.000000e+00,0.000000e+00,3.098914e+07,5.898094e+06,-1.739579e+08,7.456733e-18,318,0
3.468182e-10,-4.475903e-04,-8.517164e-05,2.501284e-03,-1.290651e+06,-2.456059e+05,7.212334e+06,3.797306e-01,7.343375e-02,-1.921717e+00,7.456733e-18,318,1526
3.466364e-09,-4.473889e-03,-8.513609e-04,2.500076e-02,-1.290672e+06,-2.456100e+05,7.212439e+06,3.755714e-03,7.001226e-04,-1.936743e-02,7.456733e-18,318,15252
0.000000e+00,2.674924e-08,-2.212261e-07,4.964261e-07,0.000000e+00,0.000000e+00,0.000000e+00,-4.663651e+06,2.745108e+07,-3.638207e+07,3.396286e-18,319,0
1.121818e-09,3.916078e-04,-2.017142e-03,2.500430e-03,3.493076e+05,-1.799051e+06,2.229616e+06,-1.426424e-01,6.807688e-01,-6.570073e-01,3.396286e-18,319,4936
1.121273e-08,3.916650e-03,-2.017221e-02,2.500025e-02,3.493329e+05,-1.799171e+06,2.229733e+06,-1.491569e-03,5.767175e-03,-7.836046e-03,3.396286e-18,319,49336
0.000000e+00,-1.306824e-08,-1.620635e-07,6.012835e-07,0.000000e+00,0.000000e+00,0.000000e+00,-2.273371e+06,1.622881e+07,-3.715758e+07,3.004769e-18,320,0
9.318182e-10,-2.662137e-04,-1.399377e-03,2.500153e-03,-2.859796e+05,-1.502707e+06,2.684189e+06,1.900080e-01,7.592050e-01,-1.177528e+00,3.004769e-18,320,4100
9.313864e-09,-2.663501e-03,-1.399591e-02,2.500035e-02,-2.860075e+05,-1.502818e+06,2.684362e+06,1.728337e-03,7.133285e-03,-1.264983e-02,3.004769e-18,320,40981
0.000000e+00,-2.234917e-07,1.114574e-07,3.398054e-07,0.000000e+00,0.000000e+00,0.000000e+00,4.222449e+07,-1.967111e+07,-4.099096e+07,4.219063e-18,321,0
1.167273e-09,-2.835331e-03,1.301083e-03,2.500127e-03,-2.429865e+06,1.114999e+06,2.142239e+06,5.763956e-01,-2.547031e-01,-3.673471e-01,4.219063e-18,321,5136
1.167000e-08,-2.835646e-02,1.301202e-02,2.500007e-02,-2.429971e+06,1.115045e+06,2.142307e+06,4.886934e-03,-2.099280e-03,-4.110895e-03,4.219063e-18,321,51348
0.000000e+00,-5.631988e-08,2.493496e-07,5.411165e-07,0.000000e+00,0.000000e+00,0.000000e+00,6.017215e+06,-2.261434e+07,-3.542419e+07,3.066874e-18,322,0
1.085000e-09,-4.835088e-04,1.732439e-03,2.500317e-03,-4.459248e+05,1.597774e+06,2.305327e+06,2.120921e-01,-7.906617e-01,-8.564309e-01,3.066874e-18,322,4774
1.084455e-08,-4.835826e-03,1.732708e-02,2.500045e-02,-4.459611e+05,1.597909e+06,2.305474e+06,1.885592e-03,-6.359663e-03,-9.549712e-03,3.066874e-18,322,47716
0.000000e+00,9.184255e-08,-1.459644e-07,3.219989e-07,0.000000e+00,0.000000e+00,0.000000e+00,-2.277062e+07,3.516909e+07,-5.698320e+07,4.897787e-18,323,0
8.456818e-10,1.050530e-03,-1.651421e-03,2.500145e-03,1.242690e+06,-1.953468e+06,2.957135e+06,-4.485314e-01,6.674934e-01,-8.906643e-01,4.897787e-18,323,3721
8.454318e-09,1.050609e-02,-1.651521e-02,2.500066e-02,1.242750e+06,-1.953558e+06,2.957254e+06,-4.240516e-03,6.470417e-03,-9.328378e-03,4.897787e-18,323,37199
0.000000e+00,-2.477397e-09,1.682486e-07,4.531895e-07,0.000000e+00,0.000000e+00,0.000000e+00,3.661953e+05,-2.013541e+07,-3.434410e+07,3.802434e-18,324,0
1.107500e-09,-1.769374e-05,1.618467e-03,2.500218e-03,-1.593717e+04,1.462369e+06,2.258586e+06,-2.903551e-02,-6.942480e-01,-8.696203e-01,3.802434e-18,324,4873
1.106886e-08,-1.764078e-04,1.618666e-02,2.500007e-02,-1.593210e+04,1.462490e+06,2.258739e+06,-7.630668e-05,-5.652920e-03,-9.950709e-03,3.802434e-18,324,48703
0.000000e+00,-8.713045e-08,1.571890e-09,5.778115e-07,0.000000e+00,0.000000e+00,0.000000e+00,5.470382e+06,-9.210083e+05,-4.015444e+07,3.236536e-18,325,0
9.370455e-10,-4.305976e-04,5.180500e-05,2.500259e-03,-4.598563e+05,5.536148e+04,2.669771e+06,2.936115e-01,-5.763766e-02,-1.571311e+00,3.236536e-18,325,4123
9.364091e-09,-4.306130e-03,5.183982e-04,2.500016e-02,-4.598997e+05,5.536999e+04,2.670004e+06,2.353064e-03,-1.789662e-04,-1.674533e-02,3.236536e-18,325,41202
0.000000e+00,-2.559525e-07,-5.152066e-08,3.606594e-07,0.000000e+00,0.000000e+00,0.000000e+00,3.943807e+07,2.599009e+06,-4.579103e+07,4.030418e-18,326,0
1.010227e-09,-2.427841e-03,-1.460111e-04,2.500479e-03,-2.404273e+06,-1.444805e+05,2.475817e+06,7.992290e-01,-1.403564e-02,-6.410224e-01,4.030418e-18,326,4445
1.009773e-08,-2.427763e-02,-1.458961e-03,2.500024e-02,-2.404401e+06,-1.444782e+05,2.475920e+06,7.142300e-03,-1.425939e-04,-6.842936e-03,4.030418e-18,326,44430
0.000000e+00,1.190207e-07,-1.076365e-07,5.929510e-07,0.000000e+00,0.000000e+00,0.000000e+00,-1.359343e+07,9.158767e+06,-3.658387e+07,3.044840e-18,327,0
1.011591e-09,1.031552e-03,-6.598472e-04,2.500052e-03,1.020412e+06,-6.527435e+05,2.472591e+06,-5.297006e-01,3.795791e-01,-1.175919e+00,3.044840e-18,327,4451
1.011091e-08,1.031724e-02,-6.599824e-03,2.500036e-02,1.020496e+06,-6.528040e+05,2.472780e+06,-4.329249e-03,3.132295e-03,-1.290410e-02,3.044840e-18,327,44488
0.000000e+00,1.120013e-07,-9.631926e-08,6.198867e-07,0.000000e+00,0.000000e+00,0.000000e+00,-1.044432e+07,6.898842e+06,-3.802974e+07,2.931120e-18,328,0
9.970455e-10,7.872852e-04,-4.895494e-04,2.500426e-03,7.902291e+05,-4.913801e+05,2.509020e+06,-4.988819e-01,3.280841e-01,-1.233725e+00,2.931120e-18,328,4387
9.964091e-09,7.873888e-03,-4.896160e-03,2.500037e-02,7.903075e+05,-4.914316e+05,2.509215e+06,-3.686073e-03,2.534887e-03,-1.389700e-02,2.931120e-18,328,43842
0.000000e+00,-1.891682e-07,-2.243740e-07,3.775682e-07,0.000000e+00,0.000000e+00,0.000000e+00,2.763254e+07,3.220912e+07,-3.432103e+07,3.744037e-18,329,0
1.367500e-09,-2.250605e-03,-2.619284e-03,2.500195e-03,-1.646359e+06,-1.916043e+06,1.828572e+06,3.395119e-01,3.919738e-01,-2.515085e-01,3.744037e-18,329,6017
1.367182e-08,-2.250868e-02,-2.619575e-02,2.500008e-02,-1.646432e+06,-1.916128e+06,1.828627e+06,2.844002e-03,3.412820e-03,-3.231940e-03,3.744037e-18,329,60156
0.000000e+00,1.563753e-07,1.987121e-07,4.847439e-07,0.000000e+00,0.000000e+00,0.000000e+00,-1.812404e+07,-2.204374e+07,-3.403095e+07,3.335233e-18,330,0
1.182273e-09,1.432653e-03,1.777198e-03,2.500175e-03,1.212545e+06,1.504132e+06,2.115337e+06,-4.917126e-01,-5.983868e-01,-5.500138e-01,3.335233e-18,330,5202
1.181841e-08,1.433026e-02,1.777633e-02,2.500009e-02,1.212637e+06,1.504243e+06,2.115440e+06,-4.398726e-03,-5.140302e-03,-6.895287e-03,3.335233e-18,330,52001
0.000000e+00,-9.855816e-08,7.686540e-08,1.328075e-07,0.000000e+00,0.000000e+00,0.000000e+00,1.689059e+08,-1.357418e+08,-2.021994e+08,9.162508e-18,331,0
3.075000e-10,-2.091412e-03,1.680946e-03,2.501687e-03,-6.801236e+06,5.466416e+06,8.135371e+06,5.220064e-01,-4.245704e-01,-5.745275e-01,9.162508e-18,331,1353
3.073182e-09,-2.090152e-02,1.679936e-02,2.500160e-02,-6.801261e+06,5.466436e+06,8.135399e+06,5.157440e-03,-4.160006e-03,-5.825118e-03,9.162508e-18,331,13522
0.000000e+00,-3.362227e-08,-2.561235e-07,2.809652e-07,0.000000e+00,0.000000e+00,0.000000e+00,5.318910e+06,5.627886e+07,-4.239856e+07,4.611879e-18,332,0
1.201818e-09,-3.791074e-04,-3.580964e-03,2.500313e-03,-3.155391e+05,-2.980397e+06,2.080711e+06,6.334529e-02,5.337849e-01,-2.646142e-01,4.611879e-18,332,5288
1.201523e-08,-3.791268e-03,-3.581012e-02,2.500034e-02,-3.155511e+05,-2.980498e+06,2.080762e+06,5.542717e-04,4.439662e-03,-3.110991e-03,4.611879e-18,332,52867
0.000000e+00,-4.444347e-08,1.505272e-07,4.175978e-07,0.000000e+00,0.000000e+00,0.000000e+00,6.277598e+06,-2.380760e+07,-4.818489e+07,4.085643e-18,333,0
8.731818e-10,-3.916500e-04,1.183986e-03,2.500524e-03,-4.487951e+05,1.356695e+06,2.864990e+06,2.326183e-01,-7.245885e-01,-1.348590e+00,4.085643e-18,333,3842
8.726136e-09,-3.916226e-03,1.183870e-02,2.500037e-02,-4.488272e+05,1.356795e+06,2.865176e+06,2.135915e-03,-6.973698e-03,-1.388652e-02,4.085643e-18,333,38395
0.000000e+00,1.666188e-07,-2.014632e-07,4.319217e-07,0.000000e+00,0.000000e+00,0.000000e+00,-2.410816e+07,3.036560e+07,-3.296622e+07,3.611220e-18,334,0
1.357727e-09,2.043342e-03,-2.293622e-03,2.500291e-03,1.505613e+06,-1.690029e+06,1.841905e+06,-3.697126e-01,4.309987e-01,-3.225295e-01,3.611220e-18,334,5974
1.357295e-08,2.043555e-02,-2.293864e-02,2.500028e-02,1.505692e+06,-1.690121e+06,1.841975e+06,-3.269183e-03,3.697260e-03,-4.045244e-03,3.611220e-18,334,59721
0.000000e+00,1.071175e-07,1.919787e-07,2.849194e-07,0.000000e+00,0.000000e+00,0.000000e+00,-2.809382e+07,-5.154513e+07,-5.606302e+07,4.853902e-18,335,0
9.302273e-10,1.314095e-03,2.410157e-03,2.500371e-03,1.413011e+06,2.591583e+06,2.688327e+06,-3.328063e-01,-6.125819e-01,-5.104130e-01,4.853902e-18,335,4093
9.299545e-09,1.314038e-02,2.410056e-02,2.500036e-02,1.413060e+06,2.591673e+06,2.688403e+06,-3.124186e-03,-5.760327e-03,-5.340679e-03,4.853902e-18,335,40918
0.000000e+00,1.707827e-07,-5.336186e-08,2.069720e-07,0.000000e+00,0.000000e+00,0.000000e+00,-9.190554e+07,2.814671e+07,-9.034006e+07,6.271331e-18,336,0
6.475000e-10,2.575088e-03,-7.866857e-04,2.500064e-03,3.977341e+06,-1.215066e+06,3.861315e+06,-6.788187e-01,2.037930e-01,-5.680029e-01,6.271331e-18,336,2849
6.474545e-09,2.575157e-02,-7.867030e-03,2.500040e-02,3.977411e+06,-1.215087e+06,3.861373e+06,-6.619966e-03,1.976246e-03,-5.777931e-03,6.271331e-18,336,28488
0.000000e+00,1.355526e-07,-1.684703e-07,2.349593e-07,0.000000e+00,0.000000e+00,0.000000e+00,-4.946283e+07,5.789542e+07,-5.942475e+07,5.438529e-18,337,0
9.300000e-10,2.178407e-03,-2.525022e-03,2.500338e-03,2.342793e+06,-2.715525e+06,2.688777e+06,-4.030016e-01,4.475395e-01,-3.495192e-01,5.438529e-18,337,4092
9.297955e-09,2.178320e-02,-2.524887e-02,2.500025e-02,2.342852e+06,-2.715591e+06,2.688828e+06,-3.596755e-03,4.161425e-03,-3.747645e-03,5.438529e-18,337,40911
0.000000e+00,-2.402395e-07,1.109904e-07,2.854537e-07,0.000000e+00,0.000000e+00,0.000000e+00,5.328314e+07,-2.395493e+07,-4.232164e+07,4.497169e-18,338,0
1.204318e-09,-3.359343e-03,1.504799e-03,2.500213e-03,-2.790107e+06,1.249803e+06,2.076289e+06,4.827899e-01,-2.115965e-01,-2.544631e-01,4.497169e-18,338,5299
1.204068e-08,-3.359478e-02,1.504848e-02,2.500007e-02,-2.790199e+06,1.249843e+06,2.076338e+06,4.052152e-03,-1.794126e-03,-2.878172e-03,4.497169e-18,338,52979
0.000000e+00,-1.548861e-07,-8.962194e-08,4.127342e-07,0.000000e+00,0.000000e+00,0.000000e+00,2.689731e+07,1.432586e+07,-4.591457e+07,4.081642e-18,339,0
9.711364e-10,-1.610210e-03,-8.564912e-04,2.500065e-03,-1.658941e+06,-8.823944e+05,2.575264e+06,7.137944e-01,3.700904e-01,-8.995657e-01,4.081642e-18,339,4273
9.707727e-09,-1.610449e-02,-8.566020e-03,2.500009e-02,-1.659050e+06,-8.824511e+05,2.575402e+06,6.325784e-03,3.392480e-03,-9.629311e-03,4.081642e-18,339,42714
0.000000e+00,-2.068676e-07,4.020717e-08,4.040771e-07,0.000000e+00,0.000000e+00,0.000000e+00,3.264671e+07,-5.018473e+06,-4.048049e+07,3.988894e-18,340,0
1.108864e-09,-2.309365e-03,4.317601e-04,2.500282e-03,-2.083698e+06,3.895824e+05,2.255449e+06,7.404447e-01,-1.371940e-01,-5.863926e-01,3.988894e-18,340,4879
1.108432e-08,-2.309627e-02,4.318220e-03,2.500026e-02,-2.083828e+06,3.896063e+05,2.255552e+06,6.342551e-03,-1.019985e-03,-6.605634e-03,3.988894e-18,340,48771
0.000000e+00,-1.000925e-07,1.589165e-07,2.421497e-07,0.000000e+00,0.000000e+00,0.000000e+00,3.925234e+07,-6.390290e+07,-7.745534e+07,5.652730e-18,341,0
7.254545e-10,-1.294382e-03,2.110281e-03,2.500397e-03,-1.784509e+06,2.909367e+06,3.447012e+06,3.865514e-01,-6.371673e-01,-6.430478e-01,5.652730e-18,341,3192
7.252727e-09,-1.294260e-02,2.110091e-02,2.500038e-02,-1.784554e+06,2.909440e+06,3.447086e+06,3.734507e-03,-6.182698e-03,-6.607518e-03,5.652730e-18,341,31912
0.000000e+00,-1.332952e-07,2.428275e-08,2.988439e-07,0.000000e+00,0.000000e+00,0.000000e+00,4.096846e+07,-1.015222e+07,-7.656506e+07,5.388727e-18,342,0
6.654545e-10,-1.361325e-03,3.608332e-04,2.500499e-03,-2.046275e+06,5.424424e+05,3.758459e+06,7.696710e-01,-2.399813e-01,-1.328999e+00,5.388727e-18,342,2928
6.651818e-09,-1.361147e-02,3.608216e-03,2.500069e-02,-2.046356e+06,5.424677e+05,3.758599e+06,7.495496e-03,-2.382774e-03,-1.350567e-02,5.388727e-18,342,29268
0.000000e+00,3.154262e-08,2.613059e-07,4.670184e-07,0.000000e+00,0.000000e+00,0.000000e+00,-1.331287e+07,-2.885465e+07,-3.688445e+07,3.400648e-18,343,0
1.140909e-09,9.419578e-04,2.199523e-03,2.500395e-03,8.260576e+05,1.928814e+06,2.192200e+06,-2.759278e-01,-6.770814e-01,-5.741738e-01,3.400648e-18,343,5020
1.140409e-08,9.420359e-03,2.199633e-02,2.500022e-02,8.261072e+05,1.928936e+06,2.192304e+06,-2.387894e-03,-5.621093e-03,-6.468128e-03,3.400648e-18,343,50178
0.000000e+00,-1.554005e-07,4.751207e-08,2.802692e-07,0.000000e+00,0.000000e+00,0.000000e+00,5.099099e+07,-1.660748e+07,-7.313241e+07,5.424148e-18,344,0
7.218182e-10,-1.794213e-03,5.931963e-04,2.500485e-03,-2.486310e+06,8.220428e+05,3.464795e+06,7.836283e-01,-2.808733e-01,-9.657465e-01,5.424148e-18,344,3176
7.215455e-09,-1.793988e-02,5.931415e-03,2.500020e-02,-2.486399e+06,8.220748e+05,3.464905e+06,7.571087e-03,-2.605196e-03,-9.921334e-03,5.424148e-18,344,31748
0.000000e+00,-6.579760e-08,1.752154e-07,2.036243e-07,0.000000e+00,0.000000e+00,0.000000e+00,3.375373e+07,-9.240253e+07,-8.659578e+07,6.186999e-18,345,0
6.761364e-10,-9.871065e-04,2.703441e-03,2.500250e-03,-1.460049e+06,3.998725e+06,3.698035e+06,2.284065e-01,-6.291004e-01,-4.973319e-01,6.186999e-18,345,2975
6.760455e-09,-9.870633e-03,2.703329e-02,2.500054e-02,-1.460074e+06,3.998792e+06,3.698089e+06,2.237559e-03,-6.115200e-03,-5.081045e-03,6.186999e-18,345,29746
0.000000e+00,-1.490137e-07,-2.036418e-07,4.411446e-07,0.000000e+00,0.000000e+00,0.000000e+00,2.159234e+07,2.890742e+07,-3.737168e+07,3.593932e-18,346,0
1.122500e-09,-1.603544e-03,-1.895283e-03,2.500317e-03,-1.429219e+06,-1.689145e+06,2.228033e+06,4.660170e-01,5.283562e-01,-5.455170e-01,3.593932e-18,346,4939
1.122068e-08,-1.603675e-02,-1.895336e-02,2.500021e-02,-1.429302e+06,-1.689239e+06,2.228130e+06,3.848030e-03,4.612347e-03,-6.137943e-03,3.593932e-18,346,49371
0.000000e+00,2.196369e-07,-1.402595e-07,3.196645e-07,0.000000e+00,0.000000e+00,0.000000e+00,-4.185447e+07,2.588344e+07,-4.268715e+07,4.294802e-18,347,0
1.136136e-09,2.626547e-03,-1.622855e-03,2.500119e-03,2.312544e+06,-1.428836e+06,2.200953e+06,-5.247812e-01,3.227254e-01,-3.890866e-01,4.294802e-18,347,4999
1.135886e-08,2.626785e-02,-1.622995e-02,2.500045e-02,2.312638e+06,-1.428894e+06,2.201023e+06,-4.506809e-03,2.840844e-03,-4.300534e-03,4.294802e-18,347,49979
0.000000e+00,-2.015711e-07,-1.386664e-07,2.641447e-07,0.000000e+00,0.000000e+00,0.000000e+00,5.465299e+07,3.680248e+07,-4.988859e+07,4.856294e-18,348,0
1.062045e-09,-2.872898e-03,-1.938773e-03,2.500054e-03,-2.705631e+06,-1.825893e+06,2.354262e+06,4.705900e-01,3.189104e-01,-3.119100e-01,4.856294e-18,348,4673
1.061909e-08,-2.873136e-02,-1.938934e-02,2.500025e-02,-2.705710e+06,-1.825947e+06,2.354314e+06,4.156225e-03,2.759850e-03,-3.365586e-03,4.856294e-18,348,46724
0.000000e+00,2.639603e-07,-3.259293e-08,4.205903e-07,0.000000e+00,0.000000e+00,0.000000e+00,-3.660965e+07,2.392077e+06,-3.411911e+07,3.633282e-18,349,0
1.282727e-09,2.896358e-03,-1.391476e-04,2.500416e-03,2.258964e+06,-1.084889e+05,1.949724e+06,-6.172034e-01,1.943706e-02,-3.700923e-01,3.633282e-18,349,5644
1.282227e-08,2.896497e-02,-1.391098e-03,2.500007e-02,2.259089e+06,-1.084929e+05,1.949800e+06,-5.185841e-03,1.975369e-04,-4.475724e-03,3.633282e-18,349,56418
0.000000e+00,-6.047561e-08,6.760153e-08,5.084839e-07,0.000000e+00,0.000000e+00,0.000000e+00,6.233995e+06,-9.918574e+06,-4.098153e+07,3.623815e-18,350,0
9.040909e-10,-3.173750e-04,3.172865e-04,2.500279e-03,-3.512828e+05,3.511249e+05,2.767214e+06,2.348332e-01,-2.202560e-01,-1.696150e+00,3.623815e-18,350,3978
9.034545e-09,-3.173690e-03,3.172303e-03,2.500062e-02,-3.513163e+05,3.511563e+05,2.767457e+06,2.210958e-03,-1.714757e-03,-1.774233e-02,3.623815e-18,350,39752
0.000000e+00,2.228043e-09,-2.357289e-07,3.103877e-07,0.000000e+00,0.000000e+00,0.000000e+00,-1.608786e+06,5.172136e+07,-4.689720e+07,4.563193e-18,351,0
1.046364e-09,9.446204e-05,-2.936351e-03,2.500037e-03,9.030709e+04,-2.807076e+06,2.389690e+06,-2.052221e-02,6.586510e-01,-4.422742e-01,4.563193e-18,351,4604
1.046159e-08,9.447502e-04,-2.936646e-02,2.500008e-02,9.031046e+04,-2.807185e+06,2.389763e+06,-1.561729e-04,5.788270e-03,-4.863281e-03,4.563193e-18,351,46031
0.000000e+00,-1.089847e-07,8.235878e-08,4.602246e-07,0.000000e+00,0.000000e+00,0.000000e+00,1.351990e+07,-1.389056e+07,-4.288684e+07,3.854081e-18,352,0
9.786364e-10,-8.421168e-04,8.835346e-04,2.500011e-03,-8.611088e+05,9.035160e+05,2.555851e+06,5.051617e-01,-5.460697e-01,-1.214737e+00,3.854081e-18,352,4306
9.781591e-09,-8.422987e-03,8.837759e-03,2.500042e-02,-8.611868e+05,9.036003e+05,2.556039e+06,4.208187e-03,-4.290855e-03,-1.325657e-02,3.854081e-18,352,43039
0.000000e+00,5.107401e-08,1.217409e-07,3.952442e-07,0.000000e+00,0.000000e+00,0.000000e+00,-1.164273e+07,-2.473310e+07,-5.271054e+07,4.349083e-18,353,0
8.302273e-10,5.700626e-04,1.309367e-03,2.500140e-03,6.870012e+05,1.577930e+06,3.012478e+06,-3.453774e-01,-7.511242e-01,-1.222653e+00,4.349083e-18,353,3653
8.298864e-09,5.701305e-03,1.309496e-02,2.500024e-02,6.870465e+05,1.578028e+06,3.012639e+06,-3.306513e-03,-7.106360e-03,-1.262021e-02,4.349083e-18,353,36515
0.000000e+00,7.023791e-08,-1.549110e-07,4.562074e-07,0.000000e+00,0.000000e+00,0.000000e+00,-3.693395e+06,2.449037e+07,-4.114843e+07,3.816977e-18,354,0
1.027727e-09,3.476851e-04,-1.569007e-03,2.500328e-03,3.385161e+05,-1.527587e+06,2.433848e+06,-1.749387e-01,7.059550e-01,-9.193672e-01,3.816977e-18,354,4522
1.027182e-08,3.477175e-03,-1.569104e-02,2.500018e-02,3.385444e+05,-1.527701e+06,2.433998e+06,-1.434770e-03,6.257601e-03,-1.038259e-02,3.816977e-18,354,45196
0.000000e+00,9.417828e-08,-1.869195e-07,4.652870e-07,0.000000e+00,0.000000e+00,0.000000e+00,-1.276723e+07,2.779317e+07,-3.860490e+07,3.625920e-18,355,0
1.090909e-09,9.178285e-04,-1.979063e-03,2.500199e-03,8.417866e+05,-1.815110e+06,2.292543e+06,-3.185948e-01,6.881351e-01,-6.521947e-01,3.625920e-18,355,4800
1.090500e-08,9.179644e-03,-1.979368e-02,2.500034e-02,8.418413e+05,-1.815228e+06,2.292656e+06,-2.464762e-03,5.591403e-03,-7.488380e-03,3.625920e-18,355,47982
0.000000e+00,-1.469468e-07,2.759576e-08,3.338294e-07,0.000000e+00,0.000000e+00,0.000000e+00,3.827003e+07,-8.987959e+06,-6.879724e+07,4.887886e-18,356,0
7.356818e-10,-1.445938e-03,3.556115e-04,2.500472e-03,-1.966076e+06,4.835759e+05,3.399692e+06,7.697571e-01,-2.175431e-01,-1.196030e+00,4.887886e-18,356,3237
7.353636e-09,-1.445783e-02,3.556034e-03,2.500024e-02,-1.966165e+06,4.836012e+05,3.399831e+06,7.785016e-03,-1.957433e-03,-1.250039e-02,4.887886e-18,356,32356
0.000000e+00,3.408932e-08,2.885507e-07,3.679004e-07,0.000000e+00,0.000000e+00,0.000000e+00,-5.579896e+06,-4.152808e+07,-3.268199e+07,3.785133e-18,357,0
1.392500e-09,4.881414e-04,3.540620e-03,2.500087e-03,3.506851e+05,2.543546e+06,1.795676e+06,-7.400335e-02,-5.151359e-01,-2.393606e-01,3.785133e-18,357,6127
1.392227e-08,4.882315e-03,3.541184e-02,2.500005e-02,3.507013e+05,2.543659e+06,1.795730e+06,-6.357959e-04,-4.319695e-03,-3.048759e-03,3.785133e-18,357,61258
0.000000e+00,1.050198e-07,-1.844474e-07,5.954878e-07,0.000000e+00,0.000000e+00,0.000000e+00,-9.370012e+06,1.890336e+07,-3.462693e+07,2.932062e-18,358,0
1.074773e-09,6.137189e-04,-1.447274e-03,2.500373e-03,5.713788e+05,-1.347471e+06,2.327331e+06,-3.088780e-01,6.730149e-01,-8.936925e-01,2.932062e-18,358,4729
1.074182e-08,6.137682e-03,-1.447425e-02,2.500000e-02,5.714311e+05,-1.347585e+06,2.327483e+06,-2.512171e-03,5.896326e-03,-1.019696e-02,2.932062e-18,358,47264
0.000000e+00,2.595921e-07,2.636604e-08,5.132115e-07,0.000000e+00,0.000000e+00,0.000000e+00,-2.754310e+07,-5.811804e+06,-3.229826e+07,3.176375e-18,359,0
1.254318e-09,2.331060e-03,5.429062e-04,2.500210e-03,1.859414e+06,4.331490e+05,1.993827e+06,-6.343274e-01,-1.808604e-01,-4.840321e-01,3.176375e-18,359,5519
1.253864e-08,2.331445e-02,5.431032e-03,2.500009e-02,1.859539e+06,4.331847e+05,1.993924e+06,-5.602926e-03,-1.338929e-03,-6.056539e-03,3.176375e-18,359,55170
0.000000e+00,-4.702516e-08,1.322203e-07,5.600973e-07,0.000000e+00,0.000000e+00,0.000000e+00,3.931112e+06,-1.172505e+07,-3.478803e+07,3.249649e-18,360,0
8.556818e-10,-2.582517e-06,7.535230e-04,2.500172e-03,-2.971459e+03,8.812777e+05,2.923492e+06,2.692646e-02,-6.260742e-01,-1.700032e+00,3.249649e-18,360,3765
8.551591e-09,-2.547376e-05,7.536295e-03,2.500056e-02,-2.975072e+03,8.813623e+05,2.923722e+06,-9.843905e-05,-6.018018e-03,-1.754924e-02,3.249649e-18,360,37627
0.000000e+00,4.434797e-08,-1.960001e-07,6.068605e-07,0.000000e+00,0.000000e+00,0.000000e+00,-3.634323e+06,1.725186e+07,-3.418532e+07,2.899161e-18,361,0
1.073409e-09,3.232861e-04,-1.321199e-03,2.500099e-03,3.014315e+05,-1.231642e+06,2.330115e+06,-1.843491e-01,6.184346e-01,-9.575459e-01,2.899161e-18,361,4723
1.072909e-08,3.234062e-03,-1.321438e-02,2.500025e-02,3.014626e+05,-1.231747e+06,2.330278e+06,-9.690494e-04,5.515337e-03,-1.114313e-02,2.899161e-18,361,47208
0.000000e+00,-6.068067e-08,6.837792e-08,1.550991e-07,0.000000e+00,0.000000e+00,0.000000e+00,1.063872e+08,-1.226989e+08,-2.483476e+08,9.315228e-18,362,0
2.502273e-10,-1.072207e-03,1.236734e-03,2.501494e-03,-4.284858e+06,4.942364e+06,9.996632e+06,5.058274e-01,-5.893837e-01,-1.115803e+00,9.315228e-18,362,1101
2.500909e-09,-1.071610e-02,1.236047e-02,2.500081e-02,-4.284878e+06,4.942387e+06,9.996676e+06,5.076236e-03,-5.870654e-03,-1.118544e-02,9.315228e-18,362,11004
0.000000e+00,-3.635235e-09,-2.136661e-07,2.505650e-07,0.000000e+00,0.000000e+00,0.000000e+00,-2.508153e+05,7.214505e+07,-5.708063e+07,5.299310e-18,363,0
9.513636e-10,2.046476e-05,-3.293020e-03,2.500225e-03,2.153323e+04,-3.462030e+06,2.628306e+06,-1.342103e-02,6.162943e-01,-3.602290e-01,5.299310e-18,363,4186
9.511818e-09,2.048133e-04,-3.293023e-02,2.500010e-02,2.153524e+04,-3.462123e+06,2.628360e+06,-4.775379e-05,5.578373e-03,-3.813621e-03,5.299310e-18,363,41852
0.000000e+00,1.117945e-07,-2.276685e-07,5.069109e-07,0.000000e+00,0.000000e+00,0.000000e+00,-1.069568e+07,2.689929e+07,-3.438765e+07,3.240994e-18,364,0
1.210227e-09,8.283719e-04,-2.234253e-03,2.500396e-03,6.847923e+05,-1.847085e+06,2.066588e+06,-2.279716e-01,6.130911e-01,-5.019370e-01,3.240994e-18,364,5325
1.209727e-08,8.284128e-03,-2.234461e-02,2.500030e-02,6.848357e+05,-1.847202e+06,2.066685e+06,-1.962916e-03,5.224263e-03,-6.215324e-03,3.240994e-18,364,53228
0.000000e+00,-6.253743e-09,-2.822346e-07,4.630859e-07,0.000000e+00,0.000000e+00,0.000000e+00,8.207667e+05,3.371184e+07,-3.305772e+07,3.351442e-18,365,0
1.268409e-09,-7.991799e-07,-2.739443e-03,2.500278e-03,-6.229008e+02,-2.160730e+06,1.971636e+06,3.669441e-03,6.284791e-01,-3.985328e-01,3.351442e-18,365,5581
1.267977e-08,-7.914251e-06,-2.739751e-02,2.500009e-02,-6.236195e+02,-2.160856e+06,1.971717e+06,-2.820278e-05,5.258503e-03,-4.997613e-03,3.351442e-18,365,55791
0.000000e+00,-1.376906e-07,2.083442e-07,2.728127e-07,0.000000e+00,0.000000e+00,0.000000e+00,3.646514e+07,-4.658559e+07,-5.227431e+07,4.738665e-18,366,0
9.997727e-10,-1.879703e-03,2.391505e-03,2.500315e-03,-1.880633e+06,2.392630e+06,2.501239e+06,4.221056e-01,-5.168461e-01,-4.110476e-01,4.738665e-18,366,4399
9.995000e-09,-1.879692e-02,2.391436e-02,2.500001e-02,-1.880700e+06,2.392711e+06,2.501304e+06,3.605529e-03,-4.591682e-03,-4.427714e-03,4.738665e-18,366,43978
0.000000e+00,1.751680e-07,1.472926e-07,4.397707e-07,0.000000e+00,0.000000e+00,0.000000e+00,4.856324e+08,7.853874e+07,-3.607581e+08,3.744812e-18,367,0
1.734091e-10,-3.364767e-03,-5.439788e-04,2.500334e-03,-1.940476e+07,-3.137835e+06,1.441625e+07,5.258544e-01,8.474681e-02,-3.773127e-01,3.744812e-18,367,763
1.734318e-09,-3.365386e-02,-5.441858e-03,2.500281e-02,-1.940478e+07,-3.137838e+06,1.441626e+07,5.245346e-03,8.465961e-04,-3.773508e-03,3.744812e-18,367,7631
0.000000e+00,2.629625e-07,-8.995982e-08,3.275054e-07,0.000000e+00,0.000000e+00,0.000000e+00,-4.656086e+07,1.593384e+07,-3.853831e+07,4.119478e-18,368,0
1.255909e-09,3.269261e-03,-1.127805e-03,2.500116e-03,2.603894e+06,-8.982754e+05,1.990989e+06,-5.173936e-01,1.794661e-01,-2.840383e-01,4.119478e-18,368,5526
1.255659e-08,3.269600e-02,-1.127926e-02,2.500017e-02,2.603996e+06,-8.983109e+05,1.991046e+06,-4.480618e-03,1.504922e-03,-3.322166e-03,4.119478e-18,368,55249
0.000000e+00,4.416572e-08,-1.951657e-08,4.933156e-07,0.000000e+00,0.000000e+00,0.000000e+00,-6.299528e+06,6.883887e+05,-4.430364e+07,3.772259e-18,369,0
9.054545e-10,3.715646e-04,-5.622230e-05,2.500426e-03,4.107073e+05,-6.208396e+04,2.763170e+06,-3.060860e-01,-2.393238e-03,-1.677359e+00,3.772259e-18,369,3984
9.047727e-09,3.715950e-03,-5.617246e-04,2.500052e-02,4.107510e+05,-6.208364e+04,2.763410e+06,-2.249719e-03,3.643067e-04,-1.786453e-02,3.772259e-18,369,39810
0.000000e+00,2.097321e-07,1.181559e-07,2.869225e-07,0.000000e+00,0.000000e+00,0.000000e+00,-4.996352e+07,-3.258360e+07,-4.987882e+07,4.677506e-18,370,0
1.040000e-09,2.651026e-03,1.728317e-03,2.500422e-03,2.549685e+06,1.662272e+06,2.404575e+06,-5.215076e-01,-3.455553e-01,-3.736190e-01,4.677506e-18,370,4576
1.039682e-08,2.650862e-02,1.728233e-02,2.500007e-02,2.549770e+06,1.662328e+06,2.404637e+06,-4.613643e-03,-3.018555e-03,-4.020684e-03,4.677506e-18,370,45746
0.000000e+00,-1.108257e-07,2.372865e-07,3.433007e-07,0.000000e+00,0.000000e+00,0.000000e+00,1.650089e+07,-4.357531e+07,-3.914013e+07,4.115229e-18,371,0
1.217727e-09,-1.120489e-03,3.082384e-03,2.500228e-03,-9.204117e+05,2.532118e+06,2.053534e+06,1.882907e-01,-5.583601e-01,-3.205053e-01,4.115229e-18,371,5358
1.217409e-08,-1.120518e-02,3.082616e-02,2.500005e-02,-9.204478e+05,2.532225e+06,2.053596e+06,1.729751e-03,-4.619772e-03,-3.678045e-03,4.115229e-18,371,53566
0.000000e+00,1.553210e-07,1.839199e-08,1.827093e-07,0.000000e+00,0.000000e+00,0.000000e+00,-1.177398e+08,-1.342336e+07,-1.213978e+08,7.071121e-18,372,0
4.972727e-10,2.437277e-03,2.777623e-04,2.500925e-03,4.901484e+06,5.585910e+05,5.029385e+06,-7.261599e-01,-8.073016e-02,-6.745556e-01,7.071121e-18,372,2188
4.970909e-09,2.436494e-02,2.776719e-03,2.500076e-02,4.901541e+06,5.585973e+05,5.029438e+06,-7.158779e-03,-7.785259e-04,-6.833446e-03,7.071121e-18,372,21872
0.000000e+00,-1.017546e-07,-7.413806e-08,6.207281e-07,0.000000e+00,0.000000e+00,0.000000e+00,8.747963e+06,1.000047e+07,-3.801202e+07,2.968285e-18,373,0
9.650000e-10,-6.004582e-04,-6.549366e-04,2.500402e-03,-6.226697e+05,-6.791539e+05,2.592422e+06,3.798946e-01,3.848222e-01,-1.375488e+00,2.968285e-18,373,4246
9.643409e-09,-6.004656e-03,-6.549333e-03,2.500000e-02,-6.227275e+05,-6.792125e+05,2.592632e+06,3.020007e-03,3.380171e-03,-1.503155e-02,2.968285e-18,373,42431
0.000000e+00,-2.804925e-07,6.457588e-08,3.430955e-07,0.000000e+00,0.000000e+00,0.000000e+00,4.454801e+07,-1.022344e+07,-3.485150e+07,3.954228e-18,374,0
1.342727e-09,-3.485745e-03,7.966647e-04,2.500268e-03,-2.596875e+06,5.935065e+05,1.862365e+06,5.129950e-01,-1.129356e-01,-2.466295e-01,3.954228e-18,374,5908
1.342386e-08,-3.486003e-02,7.967136e-03,2.500028e-02,-2.596983e+06,5.935303e+05,1.862418e+06,4.228757e-03,-9.992504e-04,-3.017428e-03,3.954228e-18,374,59065
0.000000e+00,-4.320158e-08,1.093800e-07,6.612082e-07,0.000000e+00,0.000000e+00,0.000000e+00,4.663055e+06,-7.323020e+06,-3.996424e+07,2.785408e-18,375,0
9.093182e-10,-3.110222e-04,5.300700e-04,2.500509e-03,-3.423233e+05,5.833653e+05,2.751382e+06,2.486330e-01,-4.152386e-01,-1.657992e+00,2.785408e-18,375,4001
9.086364e-09,-3.110457e-03,5.300678e-03,2.500030e-02,-3.423590e+05,5.834249e+05,2.751621e+06,2.254849e-03,-3.364206e-03,-1.725231e-02,2.785408e-18,375,39980
0.000000e+00,1.403631e-07,8.704882e-08,1.721542e-07,0.000000e+00,0.000000e+00,0.000000e+00,-1.098553e+08,-7.019996e+07,-1.161816e+08,7.095944e-18,376,0
5.215909e-10,2.375600e-03,1.518949e-03,2.500443e-03,4.554670e+06,2.912247e+06,4.793933e+06,-5.582172e-01,-3.625312e-01,-5.229955e-01,7.095944e-18,376,2295
5.215000e-09,2.375271e-02,1.518743e-02,2.500050e-02,4.554716e+06,2.912277e+06,4.793976e+06,-5.502222e-03,-3.566277e-03,-5.284682e-03,7.095944e-18,376,22946
0.000000e+00,-1.572021e-08,1.642303e-08,3.862274e-07,0.000000e+00,0.000000e+00,0.000000e+00,3.304067e+06,-7.980609e+06,-6.940775e+07,4.702390e-18,377,0
6.604545e-10,-1.496459e-04,2.633227e-04,2.500104e-03,-2.266968e+05,3.989054e+05,3.786788e+06,1.330964e-01,-2.489332e-01,-1.943899e+00,4.702390e-18,377,2906
6.602045e-09,-1.496654e-03,2.633583e-03,2.500065e-02,-2.267107e+05,3.989314e+05,3.786991e+06,1.334853e-03,-2.239515e-03,-1.996397e-02,4.702390e-18,377,29049
0.000000e+00,-1.401276e-07,-5.011004e-08,4.248032e-07,0.000000e+00,0.000000e+00,0.000000e+00,2.569021e+07,2.265541e+06,-5.035417e+07,4.097787e-18,378,0
8.915909e-10,-1.446540e-03,-2.835898e-04,2.500160e-03,-1.623298e+06,-3.182280e+05,2.805213e+06,7.699977e-01,1.340314e-01,-1.154317e+00,4.097787e-18,378,3923
8.912045e-09,-1.446684e-02,-2.836049e-03,2.500032e-02,-1.623406e+06,-3.182469e+05,2.805376e+06,7.105818e-03,1.477465e-03,-1.227395e-02,4.097787e-18,378,39213
0.000000e+00,-1.533482e-07,-1.396125e-07,2.474071e-07,0.000000e+00,0.000000e+00,0.000000e+00,4.975984e+07,-4.159531e+06,-7.679688e+07,5.417816e-18,379,0
6.988636e-10,-1.752773e-03,7.984796e-05,2.500405e-03,-2.508770e+06,1.144917e+05,3.578480e+06,8.851228e-01,-6.355507e-02,-1.031636e+00,5.417816e-18,379,3075
6.986364e-09,-1.752717e-02,7.997513e-04,2.500069e-02,-2.508868e+06,1.144988e+05,3.578595e+06,8.399184e-03,-2.320188e-04,-1.070283e-02,5.417816e-18,379,30740
0.000000e+00,1.285640e-07,-2.074165e-08,3.615669e-07,0.000000e+00,0.000000e+00,0.000000e+00,-3.008667e+07,5.453477e+06,-5.855026e+07,4.699331e-18,380,0
7.877273e-10,1.388842e-03,-2.705278e-04,2.500507e-03,1.763910e+06,-3.435711e+05,3.175361e+06,-8.143576e-01,1.353273e-01,-1.237467e+00,4.699331e-18,380,3466
7.873182e-09,1.388754e-02,-2.704984e-03,2.500029e-02,1.764011e+06,-3.435879e+05,3.175516e+06,-7.650205e-03,1.293746e-03,-1.284063e-02,4.699331e-18,380,34642
0.000000e+00,-6.056927e-08,-2.747762e-08,2.282201e-07,0.000000e+00,0.000000e+00,0.000000e+00,4.948712e+07,2.310586e+07,-1.619196e+08,7.238344e-18,381,0
3.715909e-10,-7.682035e-04,-3.587319e-04,2.501242e-03,-2.067464e+06,-9.654568e+05,6.731414e+06,5.696796e-01,2.674239e-01,-1.691133e+00,7.238344e-18,381,1635
3.714091e-09,-7.678793e-03,-3.585815e-03,2.500127e-02,-2.067497e+06,-9.654725e+05,6.731513e+06,5.602241e-03,2.588962e-03,-1.706911e-02,7.238344e-18,381,16342
0.000000e+00,1.150421e-07,5.535689e-08,6.148869e-07,0.000000e+00,0.000000e+00,0.000000e+00,-1.055444e+07,-5.727254e+06,-3.761717e+07,2.980104e-18,382,0
9.895455e-10,8.535856e-04,4.483084e-04,2.500547e-03,8.632019e+05,4.534578e+05,2.528192e+06,-4.830998e-01,-3.195008e-01,-1.237653e+00,2.980104e-18,382,4354
9.888409e-09,8.535658e-03,4.483935e-03,2.500001e-02,8.632773e+05,4.535076e+05,2.528386e+06,-3.818299e-03,-2.565596e-03,-1.405278e-02,2.980104e-18,382,43509
0.000000e+00,3.197592e-08,2.177711e-08,6.731219e-07,0.000000e+00,0.000000e+00,0.000000e+00,9.895498e+06,3.459417e+06,-2.638609e+07,2.793369e-18,383,0
1.129545e-09,-8.836413e-04,-5.154466e-04,2.500354e-03,-7.830627e+05,-4.568330e+05,2.214908e+06,4.690576e-01,3.012824e-01,-1.101465e+00,2.793369e-18,383,4970
1.128727e-08,-8.838482e-03,-5.156283e-03,2.500044e-02,-7.831462e+05,-4.568867e+05,2.215106e+06,4.510548e-03,2.614155e-03,-1.275167e-02,2.793369e-18,383,49664
0.000000e+00,2.434847e-07,-1.506556e-07,3.227494e-07,0.000000e+00,0.000000e+00,0.000000e+00,-4.396275e+07,2.643354e+07,-3.752803e+07,4.095706e-18,384,0
1.312727e-09,3.187098e-03,-1.913280e-03,2.500405e-03,2.428534e+06,-1.457893e+06,1.904984e+06,-4.317923e-01,2.583308e-01,-2.332064e-01,4.095706e-18,384,5776
1.312341e-08,3.187061e-02,-1.913252e-02,2.500004e-02,2.428623e+06,-1.457947e+06,1.905033e+06,-3.683368e-03,2.187949e-03,-2.815104e-03,4.095706e-18,384,57743
0.000000e+00,-1.389993e-07,-6.690584e-08,1.734827e-07,0.000000e+00,0.000000e+00,0.000000e+00,1.182308e+08,5.500163e+07,-1.263348e+08,7.304900e-18,385,0
4.806818e-10,-2.349733e-03,-1.092425e-03,2.500051e-03,-4.888481e+06,-2.272716e+06,5.201105e+06,6.455805e-01,2.941542e-01,-6.163606e-01,7.304900e-18,385,2115
4.806818e-09,-2.349814e-02,-1.092459e-02,2.500091e-02,-4.888530e+06,-2.272739e+06,5.201152e+06,6.367857e-03,2.888805e-03,-6.206446e-03,7.304900e-18,385,21150
0.000000e+00,-2.464082e-08,3.467868e-08,6.020881e-07,0.000000e+00,0.000000e+00,0.000000e+00,3.757209e+06,-4.149748e+06,-3.837541e+07,3.140285e-18,386,0
9.563636e-10,1.951793e-05,3.532013e-04,2.500541e-03,2.052555e+04,3.695398e+05,2.616064e+06,-4.095823e-02,-1.666741e-01,-1.490155e+00,3.140285e-18,386,4208
9.556364e-09,1.960816e-04,3.531422e-03,2.500029e-02,2.053170e+04,3.695649e+05,2.616290e+06,1.974768e-04,-1.489393e-03,-1.680764e-02,3.140285e-18,386,42048
0.000000e+00,-2.535886e-07,8.422971e-08,3.740644e-07,0.000000e+00,0.000000e+00,0.000000e+00,4.027954e+07,-1.269611e+07,-3.689523e+07,3.892100e-18,387,0
1.250455e-09,-3.002698e-03,9.292307e-04,2.500146e-03,-2.402186e+06,7.433789e+05,1.999752e+06,5.758861e-01,-1.726835e-01,-3.311119e-01,3.892100e-18,387,5502
1.250159e-08,-3.003108e-02,9.293405e-03,2.500024e-02,-2.402300e+06,7.434129e+05,1.999818e+06,4.750351e-03,-1.543912e-03,-3.961125e-03,3.892100e-18,387,55007
0.000000e+00,7.934527e-08,2.555038e-07,4.354452e-07,0.000000e+00,0.000000e+00,0.000000e+00,-1.408379e+07,-3.812162e+07,-3.085070e+07,3.539254e-18,388,0
1.360227e-09,1.144245e-03,3.277814e-03,2.500053e-03,8.415348e+05,2.410674e+06,1.838265e+06,-1.792803e-01,-5.189481e-01,-2.687592e-01,3.539254e-18,388,5985
1.359977e-08,1.144464e-02,3.278450e-02,2.500017e-02,8.415732e+05,2.410785e+06,1.838323e+06,-1.466792e-03,-4.340911e-03,-3.206102e-03,3.539254e-18,388,59839
0.000000e+00,-2.759601e-07,-8.734324e-08,3.849619e-07,0.000000e+00,0.000000e+00,0.000000e+00,3.959917e+07,1.285564e+07,-3.419782e+07,3.721927e-18,389,0
1.345682e-09,-3.186710e-03,-1.018467e-03,2.500111e-03,-2.368973e+06,-7.571031e+05,1.858200e+06,5.237654e-01,1.575141e-01,-2.821742e-01,3.721927e-18,389,5921
1.345386e-08,-3.187178e-02,-1.018594e-02,2.500014e-02,-2.369084e+06,-7.571364e+05,1.858261e+06,4.367108e-03,1.449722e-03,-3.448449e-03,3.721927e-18,389,59197
0.000000e+00,-1.464143e-07,7.182147e-08,3.754363e-07,0.000000e+00,0.000000e+00,0.000000e+00,2.685159e+07,-1.349255e+07,-5.494284e+07,4.420260e-18,390,0
8.129545e-10,-1.281919e-03,6.582740e-04,2.500696e-03,-1.577566e+06,8.101056e+05,3.077125e+06,7.160180e-01,-3.752945e-01,-1.230104e+00,4.420260e-18,390,3577
8.124545e-09,-1.281699e-02,6.581726e-03,2.500033e-02,-1.577658e+06,8.101538e+05,3.077283e+06,6.871169e-03,-3.570394e-03,-1.273203e-02,4.420260e-18,390,35748
0.000000e+00,-4.883998e-08,6.920562e-08,2.962062e-07,0.000000e+00,0.000000e+00,0.000000e+00,1.857634e+07,-3.290645e+07,-9.742886e+07,5.718547e-18,391,0
5.615909e-10,-4.852574e-04,8.655422e-04,2.500204e-03,-8.642579e+05,1.541625e+06,4.452761e+06,3.283598e-01,-6.364224e-01,-1.586972e+00,5.718547e-18,391,2471
5.614545e-09,-4.852435e-03,8.655538e-03,2.500039e-02,-8.642870e+05,1.541681e+06,4.452902e+06,3.267394e-03,-6.227767e-03,-1.613675e-02,5.718547e-18,391,24704
0.000000e+00,-1.341220e-07,2.018099e-07,2.861242e-07,0.000000e+00,0.000000e+00,0.000000e+00,3.210016e+07,-4.448256e+07,-5.225117e+07,4.689819e-18,392,0
9.754545e-10,-1.620776e-03,2.258192e-03,2.500008e-03,-1.662012e+06,2.315651e+06,2.563368e+06,3.994757e-01,-5.688953e-01,-5.024839e-01,4.689819e-18,392,4292
9.752955e-09,-1.620954e-02,2.258445e-02,2.500053e-02,-1.662074e+06,2.315738e+06,2.563446e+06,3.547068e-03,-5.060355e-03,-5.369165e-03,4.689819e-18,392,42913
0.000000e+00,2.319376e-07,2.687499e-08,3.002169e-07,0.000000e+00,0.000000e+00,0.000000e+00,-5.228460e+07,-8.773140e+06,-4.604214e+07,4.634089e-18,393,0
1.088864e-09,3.079388e-03,5.303023e-04,2.500044e-03,2.828910e+06,4.871964e+05,2.296371e+06,-6.267664e-01,-1.185557e-01,-3.717797e-01,4.634089e-18,393,4791
1.088682e-08,3.079780e-02,5.303996e-03,2.500030e-02,2.829018e+06,4.872167e+05,2.296435e+06,-5.361705e-03,-1.003905e-03,-4.095155e-03,4.634089e-18,393,47902
0.000000e+00,3.253690e-08,1.076824e-07,4.596209e-07,0.000000e+00,0.000000e+00,0.000000e+00,-4.313002e+06,-1.495686e+07,-4.778678e+07,3.900234e-18,394,0
8.495455e-10,2.604065e-04,8.238205e-04,2.500631e-03,3.067476e+05,9.703657e+05,2.944988e+06,-1.953441e-01,-6.140288e-01,-1.583506e+00,3.900234e-18,394,3738
8.489091e-09,2.603984e-03,8.237494e-03,2.500035e-02,3.067738e+05,9.704480e+05,2.945201e+06,-2.191372e-03,-5.767531e-03,-1.658188e-02,3.900234e-18,394,37352
0.000000e+00,-1.577388e-07,9.307441e-08,3.515236e-07,0.000000e+00,0.000000e+00,0.000000e+00,3.316532e+07,-2.134793e+07,-5.054214e+07,4.528076e-18,395,0
9.115909e-10,-1.741566e-03,1.121890e-03,2.500353e-03,-1.911239e+06,1.231200e+06,2.743626e+06,6.775032e-01,-4.367733e-01,-8.280455e-01,4.528076e-18,395,4011
9.112045e-09,-1.741526e-02,1.121872e-02,2.500014e-02,-1.911337e+06,1.231263e+06,2.743746e+06,6.409777e-03,-4.024001e-03,-8.656430e-03,4.528076e-18,395,40093
0.000000e+00,1.747681e-07,1.190793e-07,3.117452e-07,0.000000e+00,0.000000e+00,0.000000e+00,-4.017596e+07,-3.007290e+07,-5.233635e+07,4.688441e-18,396,0
9.418182e-10,2.018908e-03,1.510656e-03,2.500073e-03,2.144289e+06,1.604495e+06,2.655058e+06,-5.917872e-01,-4.520686e-01,-6.020303e-01,4.688441e-18,396,4144
9.416136e-09,2.019092e-02,1.510813e-02,2.500051e-02,2.144377e+06,1.604562e+06,2.655148e+06,-5.534443e-03,-4.156978e-03,-6.320132e-03,4.688441e-18,396,41431
0.000000e+00,-9.666422e-08,-6.662084e-08,4.875642e-07,0.000000e+00,0.000000e+00,0.000000e+00,3.167667e+06,1.174132e+07,-1.881537e+07,3.748979e-18,397,0
1.135909e-09,-5.436511e-04,-1.200121e-03,2.500216e-03,-4.790009e+05,-1.057458e+06,2.202458e+06,2.589834e-01,5.547384e-01,-9.240509e-01,3.748979e-18,397,4998
1.135114e-08,-5.437147e-03,-1.200314e-02,2.500023e-02,-4.790473e+05,-1.057558e+06,2.202625e+06,2.321084e-03,5.137197e-03,-1.115184e-02,3.748979e-18,397,49945
0.000000e+00,1.001434e-07,1.605164e-07,2.550303e-07,0.000000e+00,0.000000e+00,0.000000e+00,-3.593673e+07,-5.862689e+07,-7.301921e+07,5.458797e-18,398,0
7.554545e-10,1.264268e-03,2.061571e-03,2.500559e-03,1.673826e+06,2.729419e+06,3.310407e+06,-3.945759e-01,-6.450272e-01,-6.640959e-01,5.458797e-18,398,3324
7.552045e-09,1.264084e-02,2.061275e-02,2.500049e-02,1.673873e+06,2.729496e+06,3.310486e+06,-3.833785e-03,-6.251216e-03,-6.783417e-03,5.458797e-18,398,33229
0.000000e+00,-1.634903e-07,-1.385323e-09,5.544582e-07,0.000000e+00,0.000000e+00,0.000000e+00,1.653238e+07,-4.513734e+05,-3.641555e+07,3.248457e-18,399,0
1.054318e-09,-1.271482e-03,6.632037e-05,2.500161e-03,-1.206835e+06,6.295348e+04,2.372469e+06,6.553127e-01,-2.779852e-02,-1.044965e+00,3.248457e-18,399,4639
1.053750e-08,-1.271697e-02,6.633560e-04,2.500008e-02,-1.206944e+06,6.295806e+04,2.372644e+06,5.209985e-03,-3.465456e-04,-1.170290e-02,3.248457e-18,399,46365
0.000000e+00,6.105532e-08,-2.474634e-08,6.388344e-07,0.000000e+00,0.000000e+00,0.000000e+00,-6.287489e+06,4.318836e+06,-3.835999e+07,2.932477e-18,400,0
9.211364e-10,4.153583e-04,-2.332262e-04,2.500174e-03,4.512298e+05,-2.534066e+05,2.715781e+06,-2.725022e-01,1.876679e-01,-1.633067e+00,2.932477e-18,400,4053
9.205455e-09,4.153762e-03,-2.332714e-03,2.500020e-02,4.512694e+05,-2.534339e+05,2.716019e+06,-1.890435e-03,1.405077e-03,-1.743418e-02,2.932477e-18,400,40504
0.000000e+00,-2.091373e-07,1.268215e-07,3.021105e-07,0.000000e+00,0.000000e+00,0.000000e+00,4.567814e+07,-2.864932e+07,-4.536062e+07,4.531717e-18,401,0
1.100227e-09,-2.708100e-03,1.686841e-03,2.500384e-03,-2.462099e+06,1.533616e+06,2.272967e+06,5.255766e-01,-3.313920e-01,-3.701749e-01,4.531717e-18,401,4841
1.099886e-08,-2.708027e-02,1.686802e-02,2.500019e-02,-2.462190e+06,1.533674e+06,2.273032e+06,4.621823e-03,-2.887635e-03,-4.022839e-03,4.531717e-18,401,48395
0.000000e+00,8.425708e-08,-4.676079e-08,2.382579e-07,0.000000e+00,0.000000e+00,0.000000e+00,-5.669049e+07,2.839384e+07,-1.320351e+08,6.726529e-18,402,0
4.468182e-10,1.082553e-03,-5.401786e-04,2.500181e-03,2.423051e+06,-1.209046e+06,5.595891e+06,-6.951203e-01,3.294633e-01,-1.448240e+00,6.726529e-18,402,1966
4.467727e-09,1.082558e-02,-5.401721e-03,2.500109e-02,2.423100e+06,-1.209069e+06,5.595993e+06,-6.832176e-03,3.221094e-03,-1.459713e-02,6.726529e-18,402,19658
0.000000e+00,2.035906e-07,-1.294010e-08,4.680948e-07,0.000000e+00,0.000000e+00,0.000000e+00,-2.136069e+07,-1.429028e+06,-3.703214e+07,3.614283e-18,403,0
1.115909e-09,1.613827e-03,1.530150e-04,2.500387e-03,1.447155e+06,1.372242e+05,2.241604e+06,-6.995431e-01,-5.598488e-02,-8.089414e-01,3.614283e-18,403,4910
1.115273e-08,1.613968e-02,1.530391e-03,2.500014e-02,1.447278e+06,1.372341e+05,2.241747e+06,-5.890633e-03,-5.429534e-04,-9.637066e-03,3.614283e-18,403,49072
0.000000e+00,-2.041242e-07,5.596282e-08,5.131467e-07,0.000000e+00,0.000000e+00,0.000000e+00,2.320083e+07,-9.832511e+06,-3.614048e+07,3.331887e-18,404,0
1.120909e-09,-1.766157e-03,7.351584e-04,2.500412e-03,-1.576518e+06,6.563317e+05,2.231448e+06,6.260129e-01,-3.280124e-01,-6.969229e-01,3.331887e-18,404,4932
1.120341e-08,-1.766233e-02,7.353107e-03,2.500002e-02,-1.576629e+06,6.563897e+05,2.231573e+06,5.594854e-03,-2.219374e-03,-8.188731e-03,3.331887e-18,404,49295
0.000000e+00,-3.525152e-08,1.369241e-07,1.481913e-07,0.000000e+00,0.000000e+00,0.000000e+00,4.258427e+07,-1.682736e+08,-1.610999e+08,8.195996e-18,405,0
3.831818e-10,-6.619930e-04,2.616556e-03,2.500806e-03,-1.727615e+06,6.828484e+06,6.526333e+06,1.628046e-01,-6.519798e-01,-5.689890e-01,8.195996e-18,405,1686
3.830682e-09,-6.617973e-03,2.615787e-02,2.500044e-02,-1.727625e+06,6.828523e+06,6.526367e+06,1.619566e-03,-6.474547e-03,-5.740606e-03,8.195996e-18,405,16855
0.000000e+00,1.668980e-07,7.200409e-08,2.319089e-07,0.000000e+00,0.000000e+00,0.000000e+00,-7.439469e+07,-3.397536e+07,-8.226626e+07,5.855130e-18,406,0
6.952273e-10,2.304110e-03,1.054487e-03,2.500364e-03,3.314619e+06,1.516964e+06,3.596758e+06,-6.687325e-01,-3.129549e-01,-6.127796e-01,5.855130e-18,406,3059
6.950682e-09,2.303894e-02,1.054397e-02,2.500007e-02,3.314693e+06,1.516999e+06,3.596825e+06,-6.477827e-03,-3.000257e-03,-6.279713e-03,5.855130e-18,406,30583
0.000000e+00,5.089819e-08,2.350092e-07,2.489581e-07,0.000000e+00,0.000000e+00,0.000000e+00,-2.378712e+07,-6.696786e+07,-5.504003e+07,5.005470e-18,407,0
9.854545e-10,1.114240e-03,3.154513e-03,2.500062e-03,1.130923e+06,3.201644e+06,2.537223e+06,-1.971051e-01,-5.450416e-01,-3.410005e-01,5.005470e-18,407,4336
9.853409e-09,1.114344e-02,3.154717e-02,2.500043e-02,1.130954e+06,3.201728e+06,2.537276e+06,-1.832828e-03,-5.018110e-03,-3.586599e-03,5.005470e-18,407,43355
0.000000e+00,1.448165e-07,-1.024547e-07,4.126605e-07,0.000000e+00,0.000000e+00,0.000000e+00,-2.174494e+07,1.515903e+07,-4.501191e+07,4.078332e-18,408,0
9.863636e-10,1.373213e-03,-8.700389e-04,2.500537e-03,1.393018e+06,-8.825257e+05,2.536119e+06,-6.631424e-01,3.906981e-01,-9.850453e-01,4.078332e-18,408,4340
9.857727e-09,1.373194e-02,-8.699692e-03,2.500050e-02,1.393121e+06,-8.825865e+05,2.536273e+06,-5.794786e-03,3.786498e-03,-1.070537e-02,4.078332e-18,408,43374
0.000000e+00,6.306283e-08,-7.681605e-08,5.191293e-07,0.000000e+00,0.000000e+00,0.000000e+00,-1.426668e+07,1.109660e+07,-3.452627e+07,3.556713e-18,409,0
1.110909e-09,1.056124e-03,-8.366026e-04,2.500263e-03,9.513936e+05,-7.536588e+05,2.251739e+06,-4.750750e-01,4.074059e-01,-9.303432e-01,3.556713e-18,409,4888
1.110250e-08,1.056275e-02,-8.367443e-03,2.500007e-02,9.514767e+05,-7.537301e+05,2.251903e+06,-4.410815e-03,3.503908e-03,-1.105368e-02,3.556713e-18,409,48851
0.000000e+00,1.544934e-07,1.455733e-07,3.957042e-07,0.000000e+00,0.000000e+00,0.000000e+00,-2.258140e+07,-2.334115e+07,-4.378614e+07,4.022610e-18,410,0
1.000909e-09,1.426316e-03,1.398452e-03,2.500508e-03,1.425739e+06,1.397868e+06,2.499095e+06,-5.741683e-01,-5.556695e-01,-8.177912e-01,4.022610e-18,410,4404
1.000364e-08,1.426253e-02,1.398373e-02,2.500014e-02,1.425829e+06,1.397955e+06,2.499224e+06,-5.136105e-03,-4.780409e-03,-8.710452e-03,4.022610e-18,410,44016
0.000000e+00,2.085287e-09,-2.276061e-07,5.471718e-07,0.000000e+00,0.000000e+00,0.000000e+00,-1.288693e+06,2.763743e+07,-3.540567e+07,3.123976e-18,411,0
9.304545e-10,-3.081010e-06,-1.412846e-03,2.500538e-03,-3.307131e+03,-1.519229e+06,2.688594e+06,-2.099369e-02,7.669681e-01,-1.188269e+00,3.123976e-18,411,4094
9.298636e-09,-3.073433e-05,-1.412681e-02,2.500039e-02,-3.304070e+03,-1.519342e+06,2.688769e+06,-3.515191e-04,7.231915e-03,-1.254269e-02,3.123976e-18,411,40914
0.000000e+00,-8.791841e-08,-7.473633e-08,5.924547e-07,0.000000e+00,0.000000e+00,0.000000e+00,7.538568e+06,8.440614e+06,-3.644799e+07,3.122612e-18,412,0
1.030455e-09,-5.647294e-04,-5.708095e-04,2.500086e-03,-5.484243e+05,-5.543218e+05,2.427466e+06,3.118264e-01,3.146486e-01,-1.222119e+00,3.122612e-18,412,4534
1.029886e-08,-5.648139e-03,-5.708883e-03,2.500036e-02,-5.484749e+05,-5.543729e+05,2.427665e+06,2.859658e-03,2.889749e-03,-1.425330e-02,3.122612e-18,412,45315
0.000000e+00,1.238801e-07,-2.597423e-08,3.918802e-07,0.000000e+00,0.000000e+00,0.000000e+00,-2.233359e+07,5.003470e+06,-5.863750e+07,4.425497e-18,413,0
7.606818e-10,9.693246e-04,-2.086700e-04,2.500395e-03,1.274878e+06,-2.744378e+05,3.288315e+06,-6.655620e-01,1.344926e-01,-1.555173e+00,4.425497e-18,413,3347
7.602727e-09,9.692550e-03,-2.086477e-03,2.500025e-02,1.274958e+06,-2.744540e+05,3.288502e+06,-6.584905e-03,1.500553e-03,-1.597939e-02,4.425497e-18,413,33452
0.000000e+00,8.529751e-08,-2.005781e-07,3.670866e-07,0.000000e+00,0.000000e+00,0.000000e+00,-1.967098e+07,3.433702e+07,-4.944799e+07,4.235418e-18,414,0
9.631818e-10,1.081580e-03,-1.921455e-03,2.500343e-03,1.123401e+06,-1.995673e+06,2.596586e+06,-3.927947e-01,6.665938e-01,-7.156650e-01,4.235418e-18,414,4238
9.628182e-09,1.081628e-02,-1.921469e-02,2.500054e-02,1.123461e+06,-1.995775e+06,2.596695e+06,-3.716138e-03,6.177382e-03,-7.717500e-03,4.235418e-18,414,42364
0.000000e+00,-6.802722e-08,1.057042e-08,6.598983e-07,0.000000e+00,0.000000e+00,0.000000e+00,6.739101e+06,-4.252940e+06,-3.639652e+07,2.833897e-18,415,0
9.511364e-10,-4.731758e-04,2.485149e-04,2.500145e-03,-4.979019e+05,2.613276e+05,2.630165e+06,3.594591e-01,-2.696632e-02,-1.605823e+00,2.833897e-18,415,4185
9.505227e-09,-4.732656e-03,2.483965e-03,2.500052e-02,-4.979559e+05,2.613318e+05,2.630406e+06,3.043412e-03,1.409253e-04,-1.744434e-02,2.833897e-18,415,41823
0.000000e+00,1.372210e-07,2.183913e-07,5.130035e-07,0.000000e+00,0.000000e+00,0.000000e+00,-1.062413e+07,-1.996864e+07,-2.906281e+07,3.186343e-18,416,0
1.318636e-09,1.108853e-03,1.862579e-03,2.500326e-03,8.414725e+05,1.413424e+06,1.896912e+06,-3.371477e-01,-5.553808e-01,-5.654084e-01,3.186343e-18,416,5802
1.317932e-08,1.108998e-02,1.862789e-02,2.500016e-02,8.415425e+05,1.413539e+06,1.897031e+06,-3.035901e-03,-5.072605e-03,-6.912091e-03,3.186343e-18,416,57989
0.000000e+00,1.841377e-07,-1.016801e-07,2.106175e-07,0.000000e+00,0.000000e+00,0.000000e+00,-7.960331e+07,4.240799e+07,-7.016683e+07,5.778719e-18,417,0
8.163636e-10,2.897335e-03,-1.539675e-03,2.500089e-03,3.549491e+06,-1.886227e+06,3.062668e+06,-5.331731e-01,2.767024e-01,-3.761604e-01,5.778719e-18,417,3592
8.162955e-09,2.897441e-02,-1.539723e-02,2.500055e-02,3.549560e+06,-1.886263e+06,3.062717e+06,-5.120859e-03,2.635130e-03,-3.896232e-03,5.778719e-18,417,35917
0.000000e+00,1.308820e-07,5.548442e-08,4.134187e-07,0.000000e+00,0.000000e+00,0.000000e+00,-2.275177e+07,-1.353327e+07,-5.226440e+07,4.174399e-18,418,0
8.570455e-10,1.259728e-03,6.860019e-04,2.500222e-03,1.470599e+06,8.008855e+05,2.918311e+06,-6.908099e-01,-4.144513e-01,-1.187144e+00,4.174399e-18,418,3771
8.566591e-09,1.259798e-02,6.860822e-03,2.500010e-02,1.470693e+06,8.009415e+05,2.918472e+06,-6.885960e-03,-3.657714e-03,-1.251959e-02,4.174399e-18,418,37693
0.000000e+00,-1.654671e-08,1.167079e-07,1.372569e-07,0.000000e+00,0.000000e+00,0.000000e+00,2.639800e+07,-2.036644e+08,-2.179462e+08,9.229862e-18,419,0
2.852273e-10,-3.030269e-04,2.338736e-03,2.500983e-03,-1.062381e+06,8.199414e+06,8.768174e+06,8.877314e-02,-7.150619e-01,-7.104654e-01,9.229862e-18,419,1255
2.851364e-09,-3.029249e-03,2.337962e-02,2.500138e-02,-1.062385e+06,8.199446e+06,8.768206e+06,9.019196e-04,-7.075777e-03,-7.140697e-03,9.229862e-18,419,12546
0.000000e+00,1.917808e-07,6.744258e-08,3.538016e-07,0.000000e+00,0.000000e+00,0.000000e+00,-4.454248e+07,-7.007242e+06,-7.828091e+07,4.405957e-18,420,0
6.759091e-10,1.470302e-03,2.340169e-04,2.500537e-03,2.175813e+06,3.462059e+05,3.700196e+06,-8.066630e-01,-7.864842e-02,-1.216729e+00,4.405957e-18,420,2974
6.756364e-09,1.470067e-02,2.339149e-03,2.500007e-02,2.175899e+06,3.462143e+05,3.700326e+06,-8.015476e-03,-1.289714e-03,-1.255742e-02,4.405957e-18,420,29728
0.000000e+00,-1.501548e-08,1.363605e-07,6.207783e-07,0.000000e+00,0.000000e+00,0.000000e+00,-1.500713e+06,-1.054749e+07,-3.606078e+07,2.949026e-18,421,0
9.627273e-10,7.017549e-05,7.356045e-04,2.500438e-03,7.316262e+04,7.648381e+05,2.598798e+06,-1.548719e-01,-6.325302e-01,-1.603573e+00,2.949026e-18,421,4236
9.619773e-09,7.037157e-04,7.357530e-03,2.500009e-02,7.318605e+04,7.649340e+05,2.599042e+06,-1.539110e-03,-4.943274e-03,-1.715731e-02,2.949026e-18,421,42327
0.000000e+00,1.481966e-07,-5.861959e-08,3.081257e-07,0.000000e+00,0.000000e+00,0.000000e+00,-4.305260e+07,1.673545e+07,-6.881662e+07,5.112834e-18,422,0
7.409091e-10,1.630117e-03,-6.308242e-04,2.500502e-03,2.200825e+06,-8.516710e+05,3.375656e+06,-7.815156e-01,2.984940e-01,-1.049186e+00,5.112834e-18,422,3260
7.406136e-09,1.629962e-02,-6.307598e-03,2.500070e-02,2.200917e+06,-8.517060e+05,3.375779e+06,-7.650598e-03,2.857339e-03,-1.078247e-02,5.112834e-18,422,32587
0.000000e+00,4.064209e-09,5.270211e-10,2.252091e-07,0.000000e+00,0.000000e+00,0.000000e+00,-6.650850e+06,-2.252206e+06,-1.874027e+08,7.621641e-18,423,0
3.236364e-10,8.961881e-05,3.037557e-05,2.500662e-03,2.769397e+05,9.386946e+04,7.726946e+06,-9.224804e-02,-3.244124e-02,-2.017469e+00,7.621641e-18,423,1424
3.235455e-09,8.960282e-04,3.037104e-04,2.500037e-02,2.769444e+05,9.387112e+04,7.727049e+06,-8.902186e-04,-3.352773e-04,-2.033025e-02,7.621641e-18,423,14236
0.000000e+00,2.214752e-07,-1.244312e-07,4.473767e-07,0.000000e+00,0.000000e+00,0.000000e+00,-3.302228e+07,1.613118e+07,-3.589896e+07,3.554673e-18,424,0
1.221818e-09,2.570188e-03,-1.144431e-03,2.500245e-03,2.104504e+06,-9.370453e+05,2.046795e+06,-5.922682e-01,2.624787e-01,-4.285126e-01,3.554673e-18,424,5376
1.221432e-08,2.570498e-02,-1.144536e-02,2.500039e-02,2.104618e+06,-9.370957e+05,2.046878e+06,-4.911430e-03,2.048232e-03,-4.978304e-03,3.554673e-18,424,53743
0.000000e+00,-3.314577e-08,3.968529e-08,5.785062e-07,0.000000e+00,0.000000e+00,0.000000e+00,3.413640e+06,-4.390373e+06,-3.598715e+07,3.258387e-18,425,0
1.038409e-09,-2.711537e-04,3.558578e-04,2.500034e-03,-2.613732e+05,3.429554e+05,2.409027e+06,1.930318e-01,-1.988692e-01,-1.346745e+00,3.258387e-18,425,4569
1.037773e-08,-2.712446e-03,3.559080e-03,2.500041e-02,-2.614048e+05,3.429880e+05,2.409248e+06,1.574466e-03,-2.033149e-03,-1.546309e-02,3.258387e-18,425,45662
0.000000e+00,-1.114424e-07,-1.634412e-07,5.529216e-07,0.000000e+00,0.000000e+00,0.000000e+00,1.171016e+07,1.518132e+07,-3.788648e+07,3.172310e-18,426,0
9.895455e-10,-7.531391e-04,-1.007670e-03,2.500444e-03,-7.615847e+05,-1.019030e+06,2.528002e+06,4.101110e-01,6.212787e-01,-1.131457e+00,3.172310e-18,426,4354
9.889318e-09,-7.531542e-03,-1.007752e-02,2.500039e-02,-7.616487e+05,-1.019127e+06,2.528180e+06,3.265984e-03,5.382078e-03,-1.270878e-02,3.172310e-18,426,43513
0.000000e+00,2.321903e-07,2.588109e-08,3.713993e-07,0.000000e+00,0.000000e+00,0.000000e+00,-4.086633e+07,-3.943182e+06,-4.611296e+07,4.096563e-18,427,0
1.007955e-09,2.389703e-03,2.285044e-04,2.500472e-03,2.371747e+06,2.267700e+05,2.481365e+06,-7.379875e-01,-5.899646e-02,-6.410843e-01,4.096563e-18,427,4435
1.007523e-08,2.389586e-02,2.284760e-03,2.500045e-02,2.371864e+06,2.267794e+05,2.481467e+06,-6.584085e-03,-4.210578e-04,-6.855086e-03,4.096563e-18,427,44331
0.000000e+00,-3.246360e-08,-5.211665e-10,5.139094e-07,0.000000e+00,0.000000e+00,0.000000e+00,2.092216e+06,-6.533091e+05,-4.376872e+07,3.652272e-18,428,0
8.747727e-10,-1.352418e-04,2.305838e-04,2.500527e-03,-1.547445e+05,2.637860e+05,2.860262e+06,1.280941e-01,-1.446911e-01,-1.834387e+00,3.652272e-18,428,3849
8.740455e-09,-1.352528e-03,2.305570e-03,2.500008e-02,-1.547622e+05,2.638059e+05,2.860515e+06,1.134798e-03,-1.218293e-03,-1.892584e-02,3.652272e-18,428,38458
0.000000e+00,-1.041328e-07,1.227692e-07,4.806775e-07,0.000000e+00,0.000000e+00,0.000000e+00,9.820721e+06,-1.491900e+07,-3.764758e+07,3.657595e-18,429,0
1.078636e-09,-7.346373e-04,1.131287e-03,2.500299e-03,-6.815492e+05,1.049539e+06,2.319063e+06,3.546253e-01,-5.265031e-01,-9.428141e-01,3.657595e-18,429,4746
1.078023e-08,-7.347234e-03,1.131420e-02,2.500019e-02,-6.816095e+05,1.049628e+06,2.319225e+06,2.941468e-03,-4.440772e-03,-1.136458e-02,3.657595e-18,429,47433
0.000000e+00,-4.076854e-08,1.516683e-07,5.917623e-07,0.000000e+00,0.000000e+00,0.000000e+00,-2.969803e+05,-1.666345e+07,-3.691791e+07,3.065993e-18,430,0
9.877273e-10,-9.254236e-05,1.113956e-03,2.500243e-03,-9.378068e+04,1.128599e+06,2.532581e+06,7.269788e-02,-6.754791e-01,-1.254801e+00,3.065993e-18,430,4346
9.871364e-09,-9.257392e-04,1.114079e-02,2.500021e-02,-9.379201e+04,1.128704e+06,2.532777e+06,4.419348e-04,-5.457115e-03,-1.362331e-02,3.065993e-18,430,43434
0.000000e+00,-2.615895e-07,-5.614297e-08,3.511438e-07,0.000000e+00,0.000000e+00,0.000000e+00,5.021305e+07,1.112043e+07,-3.065367e+07,4.052204e-18,431,0
1.534091e-09,-4.326044e-03,-9.294964e-04,2.500052e-03,-2.820694e+06,-6.060468e+05,1.629827e+06,3.829053e-01,7.879700e-02,-1.523785e-01,4.052204e-18,431,6750
1.533909e-08,-4.326679e-02,-9.296190e-03,2.500024e-02,-2.820787e+06,-6.060658e+05,1.629865e+06,3.295892e-03,7.099363e-04,-1.904516e-03,4.052204e-18,431,67492
0.000000e+00,3.525020e-08,2.404167e-07,3.914007e-07,0.000000e+00,0.000000e+00,0.000000e+00,-6.015808e+06,-4.135785e+07,-3.517597e+07,3.906034e-18,432,0
1.257727e-09,4.835115e-04,3.115177e-03,2.500443e-03,3.846024e+05,2.477770e+06,1.988483e+06,-1.026006e-01,-5.829738e-01,-3.602079e-01,3.906034e-18,432,5534
1.257250e-08,4.835391e-03,3.115166e-02,2.500035e-02,3.846227e+05,2.477885e+06,1.988555e+06,-7.424947e-04,-4.914332e-03,-4.131350e-03,3.906034e-18,432,55319
0.000000e+00,-7.634740e-08,-1.457603e-07,1.739190e-07,0.000000e+00,0.000000e+00,0.000000e+00,5.948879e+07,1.123873e+08,-1.132932e+08,7.095372e-18,433,0
5.334091e-10,-1.320792e-03,-2.494307e-03,2.500982e-03,-2.476232e+06,-4.676340e+06,4.688750e+06,3.188735e-01,5.959366e-01,-5.308651e-01,7.095372e-18,433,2347
5.332045e-09,-1.320344e-02,-2.493456e-02,2.500076e-02,-2.476259e+06,-4.676390e+06,4.688794e+06,3.113350e-03,5.850913e-03,-5.365164e-03,7.095372e-18,433,23461
0.000000e+00,-9.198263e-08,1.519344e-07,5.158261e-07,0.000000e+00,0.000000e+00,0.000000e+00,7.059934e+06,-1.929258e+07,-3.639502e+07,3.407231e-18,434,0
1.076591e-09,-5.976276e-04,1.442460e-03,2.500220e-03,-5.555583e+05,1.340737e+06,2.323355e+06,3.329074e-01,-6.550968e-01,-9.167839e-01,3.407231e-18,434,4737
1.076045e-08,-5.978031e-03,1.442686e-02,2.500052e-02,-5.556147e+05,1.340848e+06,2.323511e+06,2.395712e-03,-5.265710e-03,-1.049144e-02,3.407231e-18,434,47346
0.000000e+00,7.123888e-08,-2.107362e-07,4.252748e-07,0.000000e+00,0.000000e+00,0.000000e+00,-1.300082e+07,3.493378e+07,-4.181454e+07,3.814657e-18,435,0
1.061136e-09,8.066036e-04,-2.210241e-03,2.500143e-03,7.604825e+05,-2.083818e+06,2.356706e+06,-2.638692e-01,7.017196e-01,-6.106494e-01,3.814657e-18,435,4669
1.060818e-08,8.067313e-03,-2.210547e-02,2.500053e-02,7.605266e+05,-2.083935e+06,2.356809e+06,-2.263687e-03,6.128833e-03,-6.796612e-03,3.814657e-18,435,46676
0.000000e+00,1.011780e-08,2.237790e-07,2.225603e-07,0.000000e+00,0.000000e+00,0.000000e+00,-1.114901e+07,-8.310226e+07,-6.230344e+07,5.453720e-18,436,0
9.029545e-10,4.576560e-04,3.420895e-03,2.500018e-03,5.069383e+05,3.789067e+06,2.768914e+06,-8.082639e-02,-5.628074e-01,-3.324678e-01,5.453720e-18,436,3973
9.028864e-09,4.577068e-03,3.421105e-02,2.500028e-02,5.069498e+05,3.789147e+06,2.768961e+06,-7.494345e-04,-5.332287e-03,-3.460073e-03,5.453720e-18,436,39727
0.000000e+00,-1.249044e-07,-2.348211e-07,3.572225e-07,0.000000e+00,0.000000e+00,0.000000e+00,1.985456e+07,4.017794e+07,-4.036502e+07,4.027960e-18,437,0
1.165227e-09,-1.337112e-03,-2.735251e-03,2.500048e-03,-1.147887e+06,-2.348216e+06,2.145956e+06,2.674737e-01,5.680332e-01,-3.903524e-01,4.027960e-18,437,5127
1.164977e-08,-1.337261e-02,-2.735614e-02,2.500004e-02,-1.147936e+06,-2.348320e+06,2.146028e+06,2.305999e-03,4.783803e-03,-4.419154e-03,4.027960e-18,437,51259
0.000000e+00,1.459408e-07,-1.780739e-07,3.136297e-07,0.000000e+00,0.000000e+00,0.000000e+00,-3.436387e+07,4.097976e+07,-4.740223e+07,4.567105e-18,438,0
1.063864e-09,1.930345e-03,-2.363628e-03,2.500291e-03,1.814972e+06,-2.222387e+06,2.350551e+06,-3.934523e-01,4.961362e-01,-3.898488e-01,4.567105e-18,438,4681
1.063591e-08,1.930386e-02,-2.363707e-02,2.500039e-02,1.815038e+06,-2.222470e+06,2.350616e+06,-3.403579e-03,4.457709e-03,-4.347474e-03,4.567105e-18,438,46798
0.000000e+00,-8.404977e-08,-6.220772e-09,2.214506e-07,0.000000e+00,0.000000e+00,0.000000e+00,7.085429e+07,4.116250e+06,-1.571946e+08,7.245877e-18,439,0
3.834091e-10,-1.132968e-03,-6.548880e-05,2.501448e-03,-2.955155e+06,-1.708099e+05,6.524430e+06,7.424184e-01,3.645592e-02,-1.486305e+00,7.245877e-18,439,1687
3.831818e-09,-1.132368e-02,-6.545177e-04,2.500061e-02,-2.955200e+06,-1.708121e+05,6.524520e+06,7.289800e-03,3.924223e-04,-1.500423e-02,7.245877e-18,439,16860
0.000000e+00,1.094245e-08,-1.352710e-08,2.070712e-07,0.000000e+00,0.000000e+00,0.000000e+00,-1.467692e+07,1.584174e+07,-2.166858e+08,8.199429e-18,440,0
2.829545e-10,1.698461e-04,-1.830649e-04,2.500399e-03,6.002768e+05,-6.469861e+05,8.836763e+06,-1.497042e-01,1.530723e-01,-1.984909e+00,8.199429e-18,440,1245
2.829091e-09,1.698247e-03,-1.830394e-03,2.500019e-02,6.002835e+05,-6.469929e+05,8.836852e+06,-1.473861e-03,1.518844e-03,-1.989063e-02,8.199429e-18,440,12448
0.000000e+00,-9.984321e-08,-1.182739e-08,1.294320e-07,0.000000e+00,0.000000e+00,0.000000e+00,2.352221e+08,2.876572e+07,-2.789488e+08,1.016281e-17,441,0
2.236364e-10,-2.109941e-03,-2.580576e-04,2.501365e-03,-9.434463e+06,-1.153890e+06,1.118462e+07,7.363392e-01,9.253380e-02,-8.215517e-01,1.016281e-17,441,984
2.235227e-09,-2.108826e-02,-2.579218e-03,2.500030e-02,-9.434489e+06,-1.153893e+06,1.118465e+07,7.321274e-03,8.785654e-04,-8.263849e-03,1.016281e-17,441,9835
0.000000e+00,2.479925e-07,1.571801e-09,2.639622e-07,0.000000e+00,0.000000e+00,0.000000e+00,-5.661287e+07,5.589697e+06,-6.201079e+07,4.822332e-18,442,0
8.511364e-10,2.414624e-03,-2.137288e-04,2.500403e-03,2.837632e+06,-2.511761e+05,2.938229e+06,-7.717498e-01,5.437665e-02,-6.452394e-01,4.822332e-18,442,3745
8.508636e-09,2.414445e-02,-2.137156e-03,2.500044e-02,2.837735e+06,-2.511834e+05,2.938316e+06,-7.166239e-03,5.612732e-04,-6.747430e-03,4.822332e-18,442,37438
0.000000e+00,1.929531e-07,1.380927e-07,4.846764e-07,0.000000e+00,0.000000e+00,0.000000e+00,-2.299017e+07,-1.567299e+07,-3.753617e+07,3.386399e-18,443,0
1.099545e-09,1.642704e-03,1.162576e-03,2.500239e-03,1.494808e+06,1.057918e+06,2.274640e+06,-6.153282e-01,-4.388616e-01,-7.072979e-01,3.386399e-18,443,4838
1.099068e-08,1.642893e-02,1.162721e-02,2.500002e-02,1.494915e+06,1.057994e+06,2.274764e+06,-5.225773e-03,-3.434765e-03,-8.059635e-03,3.386399e-18,443,48359
0.000000e+00,1.981621e-07,1.256535e-07,3.464957e-07,0.000000e+00,0.000000e+00,0.000000e+00,-3.593295e+07,-2.378312e+07,-4.108986e+07,4.261098e-18,444,0
1.150455e-09,2.420170e-03,1.588901e-03,2.500225e-03,2.104459e+06,1.381615e+06,2.173688e+06,-5.484460e-01,-3.486961e-01,-4.088051e-01,4.261098e-18,444,5062
1.150114e-08,2.420361e-02,1.589010e-02,2.500001e-02,2.104559e+06,1.381678e+06,2.173763e+06,-4.684361e-03,-2.849307e-03,-4.659545e-03,4.261098e-18,444,50605
0.000000e+00,-1.871350e-07,1.075564e-07,1.994843e-07,0.000000e+00,0.000000e+00,0.000000e+00,8.320770e+07,-4.820861e+07,-6.958440e+07,5.823815e-18,445,0
8.313636e-10,-3.047095e-03,1.766432e-03,2.500613e-03,-3.665539e+06,2.124954e+06,3.008000e+06,4.771420e-01,-2.785672e-01,-3.205379e-01,5.823815e-18,445,3658
8.311136e-09,-3.046488e-02,1.766083e-02,2.500003e-02,-3.665602e+06,2.124991e+06,3.008042e+06,4.563764e-03,-2.655440e-03,-3.325469e-03,5.823815e-18,445,36569
0.000000e+00,5.484237e-08,4.698437e-08,4.503610e-07,0.000000e+00,0.000000e+00,0.000000e+00,-8.471840e+06,-1.167385e+07,-5.365097e+07,4.050585e-18,446,0
7.863636e-10,3.640190e-04,5.752679e-04,2.500173e-03,4.631441e+05,7.320029e+05,3.180883e+06,-2.645012e-01,-4.341975e-01,-1.731469e+00,4.050585e-18,446,3460
7.859545e-09,3.640114e-03,5.753173e-03,2.500040e-02,4.631769e+05,7.320568e+05,3.181099e+06,-2.582873e-03,-4.337879e-03,-1.794307e-02,4.050585e-18,446,34582
0.000000e+00,1.532209e-08,9.787878e-08,2.926370e-07,0.000000e+00,0.000000e+00,0.000000e+00,-6.743911e+06,-4.103796e+07,-9.514807e+07,5.682207e-18,447,0
5.750000e-10,1.832430e-04,1.104291e-03,2.500726e-03,3.187616e+05,1.920958e+06,4.349822e+06,-1.248303e-01,-7.472945e-01,-1.496766e+00,5.682207e-18,447,2530
5.747500e-09,1.832086e-03,1.104074e-02,2.500076e-02,3.187729e+05,1.921026e+06,4.349958e+06,-1.272643e-03,-7.381543e-03,-1.517196e-02,5.682207e-18,447,25289
0.000000e+00,2.873017e-08,-1.157307e-07,4.712255e-07,0.000000e+00,0.000000e+00,0.000000e+00,-7.362051e+06,1.518239e+07,-4.484440e+07,3.835404e-18,448,0
9.245455e-10,3.857516e-04,-8.584178e-04,2.500027e-03,4.175294e+05,-9.290970e+05,2.705459e+06,-2.452520e-01,5.715683e-01,-1.406028e+00,3.835404e-18,448,4068
9.240682e-09,3.858229e-03,-8.585489e-03,2.500040e-02,4.175652e+05,-9.291804e+05,2.705665e+06,-2.112605e-03,5.012771e-03,-1.503727e-02,3.835404e-18,448,40659
0.000000e+00,2.635700e-07,-6.475851e-08,5.119017e-07,0.000000e+00,0.000000e+00,0.000000e+00,-2.693298e+07,7.728757e+06,-3.287041e+07,3.152286e-18,449,0
1.206591e-09,2.112525e-03,-6.374825e-04,2.500363e-03,1.751743e+06,-5.286228e+05,2.072884e+06,-6.394892e-01,1.914080e-01,-5.625224e-01,3.152286e-18,449,5309
1.206045e-08,2.112680e-02,-6.375410e-03,2.500013e-02,1.751864e+06,-5.286592e+05,2.072992e+06,-5.574152e-03,1.645445e-03,-6.831147e-03,3.152286e-18,449,53066
0.000000e+00,1.011240e-07,9.616288e-08,4.940493e-07,0.000000e+00,0.000000e+00,0.000000e+00,-1.306756e+07,-9.839601e+06,-4.188168e+07,3.611509e-18,450,0
9.670455e-10,8.726152e-04,6.436598e-04,2.500370e-03,9.030578e+05,6.660253e+05,2.586868e+06,-5.643307e-01,-4.004231e-01,-1.264836e+00,3.611509e-18,450,4255
9.664318e-09,8.727375e-03,6.436703e-03,2.500046e-02,9.031439e+05,6.660863e+05,2.587062e+06,-4.722619e-03,-3.621632e-03,-1.378309e-02,3.611509e-18,450,42523
0.000000e+00,8.737759e-11,-1.679724e-07,1.672730e-07,0.000000e+00,0.000000e+00,0.000000e+00,2.389289e+05,1.354705e+08,-1.121525e+08,7.152899e-18,451,0
5.406818e-10,-5.591426e-06,-3.036371e-03,2.500246e-03,-1.034318e+04,-5.615997e+06,4.624288e+06,2.046127e-03,6.366296e-01,-4.572565e-01,7.152899e-18,451,2379
5.406364e-09,-5.591875e-05,-3.036224e-02,2.500072e-02,-1.034335e+04,-5.616051e+06,4.624327e+06,1.126748e-06,6.202769e-03,-4.639278e-03,7.152899e-18,451,23788
0.000000e+00,-1.155081e-07,-2.570328e-07,4.216080e-07,0.000000e+00,0.000000e+00,0.000000e+00,1.495138e+07,3.365324e+07,-3.530750e+07,3.569455e-18,452,0
1.251364e-09,-1.119925e-03,-2.619512e-03,2.500062e-03,-8.953249e+05,-2.094211e+06,1.998319e+06,2.412547e-01,5.723435e-01,-3.978722e-01,3.569455e-18,452,5506
1.251045e-08,-1.120091e-02,-2.619947e-02,2.500006e-02,-8.953724e+05,-2.094324e+06,1.998399e+06,2.169360e-03,4.738594e-03,-4.717441e-03,3.569455e-18,452,55046
0.000000e+00,1.418301e-07,-7.202762e-08,4.456975e-07,0.000000e+00,0.000000e+00,0.000000e+00,-6.650221e+06,1.197685e+07,-4.784999e+07,3.911567e-18,453,0
8.852273e-10,5.688475e-04,-6.351879e-04,2.500232e-03,6.430884e+05,-7.179990e+05,2.825901e+06,-4.754588e-01,4.300135e-01,-1.543197e+00,3.911567e-18,453,3895
8.846818e-09,5.689292e-03,-6.351998e-03,2.500032e-02,6.431549e+05,-7.180592e+05,2.826117e+06,-4.004717e-03,4.138506e-03,-1.624220e-02,3.911567e-18,453,38926
0.000000e+00,1.601228e-07,1.895789e-07,4.451718e-07,0.000000e+00,0.000000e+00,0.000000e+00,-2.019605e+07,-2.588782e+07,-3.843883e+07,3.566577e-18,454,0
1.122727e-09,1.449112e-03,1.949937e-03,2.500406e-03,1.291308e+06,1.737675e+06,2.227679e+06,-4.366503e-01,-6.140738e-01,-5.695230e-01,3.566577e-18,454,4940
1.122250e-08,1.449167e-02,1.950097e-02,2.500031e-02,1.291385e+06,1.737784e+06,2.227781e+06,-3.788135e-03,-5.003046e-03,-6.371050e-03,3.566577e-18,454,49379
0.000000e+00,-2.863187e-07,-1.547716e-08,4.382216e-07,0.000000e+00,0.000000e+00,0.000000e+00,3.650574e+07,7.982045e+04,-3.475099e+07,3.454687e-18,455,0
1.252500e-09,-2.875008e-03,1.241403e-05,2.500424e-03,-2.296396e+06,9.931118e+03,1.996774e+06,6.349563e-01,-4.210042e-03,-3.907420e-01,3.454687e-18,455,5511
1.252023e-08,-2.875134e-02,1.243228e-04,2.500025e-02,-2.296521e+06,9.931930e+03,1.996852e+06,5.356624e-03,-1.013484e-04,-4.713755e-03,3.454687e-18,455,55089
0.000000e+00,-7.913309e-08,-1.400005e-07,3.095909e-07,0.000000e+00,0.000000e+00,0.000000e+00,2.347332e+07,3.921191e+07,-6.760818e+07,5.102125e-18,456,0
7.477273e-10,-9.100471e-04,-1.514946e-03,2.500315e-03,-1.217482e+06,-2.026702e+06,3.344650e+06,4.490489e-01,7.282497e-01,-1.049277e+00,5.102125e-18,456,3290
7.474773e-09,-9.100400e-03,-1.514914e-02,2.500061e-02,-1.217535e+06,-2.026788e+06,3.344774e+06,4.359773e-03,7.103074e-03,-1.078533e-02,5.102125e-18,456,32889
0.000000e+00,1.465171e-07,-1.545174e-07,5.837866e-07,0.000000e+00,0.000000e+00,0.000000e+00,-1.689363e+07,1.532454e+07,-3.243126e+07,2.986319e-18,457,0
1.159318e-09,1.341892e-03,-1.170141e-03,2.500352e-03,1.158221e+06,-1.009948e+06,2.157546e+06,-5.144194e-01,4.476085e-01,-7.371865e-01,2.986319e-18,457,5101
1.158727e-08,1.342058e-02,-1.170254e-02,2.500031e-02,1.158315e+06,-1.010029e+06,2.157682e+06,-4.432151e-03,3.885215e-03,-8.779874e-03,2.986319e-18,457,50984
0.000000e+00,5.084615e-09,-2.359877e-07,4.558162e-07,0.000000e+00,0.000000e+00,0.000000e+00,-1.675196e+06,3.172874e+07,-3.670230e+07,3.576889e-18,458,0
1.190227e-09,1.272858e-04,-2.438607e-03,2.500284e-03,1.070061e+05,-2.049885e+06,2.101250e+06,-3.707724e-02,6.843484e-01,-5.186381e-01,3.576889e-18,458,5237
1.189773e-08,1.273115e-03,-2.438889e-02,2.500029e-02,1.070131e+05,-2.050013e+06,2.101348e+06,-5.143344e-04,5.600690e-03,-6.199202e-03,3.576889e-18,458,52350
0.000000e+00,-4.602440e-08,1.145974e-07,5.287919e-07,0.000000e+00,0.000000e+00,0.000000e+00,4.504228e+06,-1.367951e+07,-3.724593e+07,3.446790e-18,459,0
1.269773e-09,-8.344100e-04,1.369394e-03,2.500258e-03,-6.577273e+05,1.079369e+06,1.970152e+06,3.298408e-01,-5.416877e-01,-8.088534e-01,3.446790e-18,459,5587
1.268932e-08,-8.345981e-03,1.369632e-02,2.500004e-02,-6.577933e+05,1.079477e+06,1.970316e+06,3.166208e-03,-5.149199e-03,-9.558991e-03,3.446790e-18,459,55833
0.000000e+00,-1.025438e-07,5.208019e-08,2.292707e-07,0.000000e+00,0.000000e+00,0.000000e+00,6.733849e+07,-3.361115e+07,-1.263384e+08,6.720312e-18,460,0
4.679545e-10,-1.343112e-03,6.707431e-04,2.500594e-03,-2.870438e+06,1.433482e+06,5.343983e+06,7.320543e-01,-3.672049e-01,-1.229087e+00,6.720312e-18,460,2059
4.678182e-09,-1.342850e-02,6.706121e-03,2.500029e-02,-2.870492e+06,1.433509e+06,5.344074e+06,7.180402e-03,-3.654148e-03,-1.242889e-02,6.720312e-18,460,20584
0.000000e+00,-5.386622e-08,-1.065175e-07,2.788030e-07,0.000000e+00,0.000000e+00,0.000000e+00,2.318239e+07,3.352717e+07,-9.110252e+07,5.801729e-18,461,0
5.906818e-10,-6.537387e-04,-9.453738e-04,2.500272e-03,-1.107044e+06,-1.600833e+06,4.233685e+06,4.404105e-01,6.116596e-01,-1.509432e+00,5.801729e-18,461,2599
5.905000e-09,-6.537103e-03,-9.452963e-03,2.500004e-02,-1.107085e+06,-1.600890e+06,4.233826e+06,4.311079e-03,6.028166e-03,-1.526825e-02,5.801729e-18,461,25982
0.000000e+00,-1.873864e-07,-4.772867e-08,4.654944e-07,0.000000e+00,0.000000e+00,0.000000e+00,2.463268e+07,5.837933e+06,-3.924072e+07,3.673196e-18,462,0
1.072500e-09,-1.722980e-03,-4.092547e-04,2.500267e-03,-1.607463e+06,-3.817935e+05,2.332101e+06,7.136279e-01,1.503035e-01,-7.893099e-01,3.673196e-18,462,4719
1.072000e-08,-1.723194e-02,-4.092810e-03,2.500028e-02,-1.607583e+06,-3.818189e+05,2.332236e+06,5.916451e-03,1.494841e-03,-9.093389e-03,3.673196e-18,462,47168
0.000000e+00,-8.191255e-08,-1.585414e-07,4.018448e-07,0.000000e+00,0.000000e+00,0.000000e+00,1.269845e+07,2.801308e+07,-5.058056e+07,4.162109e-18,463,0
9.029545e-10,-7.006872e-04,-1.586726e-03,2.500181e-03,-7.763766e+05,-1.758026e+06,2.769754e+06,3.503391e-01,6.841141e-01,-9.571847e-01,4.162109e-18,463,3973
9.026136e-09,-7.007671e-03,-1.586815e-02,2.500032e-02,-7.764266e+05,-1.758124e+06,2.769891e+06,3.075101e-03,7.057106e-03,-1.037346e-02,4.162109e-18,463,39715
0.000000e+00,2.377373e-07,2.434507e-08,3.259471e-07,0.000000e+00,0.000000e+00,0.000000e+00,-4.669724e+07,-7.575592e+06,-4.752006e+07,4.394263e-18,464,0
1.019545e-09,2.640701e-03,4.351448e-04,2.500515e-03,2.590941e+06,4.269776e+05,2.453099e+06,-7.062659e-01,-1.303793e-01,-5.354982e-01,4.394263e-18,464,4486
1.019136e-08,2.640521e-02,4.351465e-03,2.500054e-02,2.591055e+06,4.269986e+05,2.453185e+06,-6.248433e-03,-1.018375e-03,-5.722986e-03,4.394263e-18,464,44842
0.000000e+00,3.632301e-08,2.279243e-07,4.147832e-07,0.000000e+00,0.000000e+00,0.000000e+00,-6.544769e+06,-3.163022e+07,-4.314549e+07,3.816341e-18,465,0
1.023636e-09,4.825254e-04,2.117718e-03,2.500154e-03,4.716461e+05,2.069797e+06,2.443166e+06,-1.904665e-01,-7.603487e-01,-7.273044e-01,3.816341e-18,465,4504
1.023273e-08,4.826192e-03,2.117960e-02,2.500039e-02,4.716769e+05,2.069920e+06,2.443284e+06,-1.601722e-03,-6.797727e-03,-7.748003e-03,3.816341e-18,465,45024
0.000000e+00,1.567605e-07,-1.698467e-08,5.069805e-07,0.000000e+00,0.000000e+00,0.000000e+00,-1.508100e+07,-3.132625e+06,-3.433930e+07,3.508922e-18,466,0
1.105909e-09,1.257605e-03,1.585020e-04,2.500141e-03,1.138066e+06,1.433965e+05,2.261840e+06,-6.438246e-01,-4.137087e-02,-9.593842e-01,3.508922e-18,466,4866
1.105295e-08,1.257892e-02,1.584933e-03,2.500014e-02,1.138178e+06,1.434037e+05,2.262008e+06,-5.451327e-03,-5.449322e-04,-1.151933e-02,3.508922e-18,466,48633
0.000000e+00,-1.953775e-08,-2.131550e-07,3.341880e-07,0.000000e+00,0.000000e+00,0.000000e+00,4.960250e+06,5.626913e+07,-6.144194e+07,4.527348e-18,467,0
8.459091e-10,-2.222157e-04,-2.374901e-03,2.500265e-03,-2.627832e+05,-2.808244e+06,2.956171e+06,8.697181e-02,7.823128e-01,-6.697324e-01,4.527348e-18,467,3722
8.457045e-09,-2.222368e-03,-2.374949e-02,2.500065e-02,-2.627948e+05,-2.808348e+06,2.956261e+06,7.572338e-04,7.365475e-03,-7.092979e-03,4.527348e-18,467,37211
0.000000e+00,4.788917e-08,-1.593485e-07,4.249813e-07,0.000000e+00,0.000000e+00,0.000000e+00,-2.802106e+06,2.663314e+07,-4.663541e+07,4.037660e-18,468,0
9.286364e-10,1.879938e-04,-1.514130e-03,2.500368e-03,2.025239e+05,-1.631394e+06,2.693612e+06,-8.618440e-02,7.909389e-01,-1.120834e+00,4.037660e-18,468,4086
9.281364e-09,1.879708e-03,-1.514152e-02,2.500051e-02,2.025365e+05,-1.631510e+06,2.693776e+06,-6.579876e-04,7.357245e-03,-1.176271e-02,4.037660e-18,468,40838
0.000000e+00,-1.728528e-07,-7.969158e-09,5.751234e-07,0.000000e+00,0.000000e+00,0.000000e+00,1.981737e+07,2.312026e+06,-3.906205e+07,3.119428e-18,469,0
9.788636e-10,-1.351336e-03,-1.028949e-04,2.500421e-03,-1.381382e+06,-1.051737e+05,2.555536e+06,7.206174e-01,4.725823e-02,-1.156867e+00,3.119428e-18,469,4307
9.782727e-09,-1.351364e-02,-1.028883e-03,2.500032e-02,-1.381493e+06,-1.051810e+05,2.555716e+06,6.223375e-03,7.087774e-04,-1.239746e-02,3.119428e-18,469,43044
0.000000e+00,1.387905e-07,1.478980e-08,3.955991e-07,0.000000e+00,0.000000e+00,0.000000e+00,-2.804428e+07,-5.001027e+06,-5.870582e+07,4.344751e-18,470,0
7.738636e-10,1.259606e-03,2.304492e-04,2.500012e-03,1.628430e+06,2.979526e+05,3.231637e+06,-7.974819e-01,-1.565586e-01,-1.354149e+00,4.344751e-18,470,3405
7.736136e-09,1.259774e-02,2.304986e-03,2.500051e-02,1.628528e+06,2.979717e+05,3.231803e+06,-7.782736e-03,-1.456397e-03,-1.395744e-02,4.344751e-18,470,34039
0.000000e+00,-2.783948e-08,1.651288e-07,2.890701e-07,0.000000e+00,0.000000e+00,0.000000e+00,7.548943e+06,-5.342597e+07,-7.261490e+07,5.248490e-18,471,0
7.302273e-10,-2.662469e-04,1.905121e-03,2.500578e-03,-3.646860e+05,2.609601e+06,3.424988e+06,1.064059e-01,-8.172334e-01,-9.255614e-01,5.248490e-18,471,3213
7.299318e-09,-2.661969e-03,1.904834e-02,2.500021e-02,-3.646983e+05,2.609695e+06,3.425095e+06,1.094840e-03,-7.957072e-03,-9.457271e-03,5.248490e-18,471,32117
0.000000e+00,4.485340e-08,4.504086e-08,2.520264e-07,0.000000e+00,0.000000e+00,0.000000e+00,-3.154215e+07,-3.141882e+07,-1.358175e+08,6.665036e-18,472,0
4.325000e-10,5.872876e-04,5.849194e-04,2.501257e-03,1.358061e+06,1.352584e+06,5.783695e+06,-4.546605e-01,-4.539390e-01,-1.706477e+00,6.665036e-18,472,1903
4.322500e-09,5.870245e-03,5.846572e-03,2.500021e-02,1.358092e+06,1.352615e+06,5.783812e+06,-4.428424e-03,-4.515280e-03,-1.721785e-02,6.665036e-18,472,19019
0.000000e+00,9.979749e-08,7.234648e-08,2.603357e-07,0.000000e+00,0.000000e+00,0.000000e+00,-4.657376e+07,-3.679966e+07,-1.021307e+08,6.036057e-18,473,0
5.563636e-10,1.158658e-03,9.180996e-04,2.500527e-03,2.082885e+06,1.650466e+06,4.494923e+06,-6.384038e-01,-5.230066e-01,-1.233737e+00,6.036057e-18,473,2448
5.561818e-09,1.158468e-02,9.179620e-03,2.500011e-02,2.082941e+06,1.650512e+06,4.495031e+06,-6.244050e-03,-5.138070e-03,-1.251789e-02,6.036057e-18,473,24472
0.000000e+00,1.559645e-07,1.529491e-07,4.714202e-07,0.000000e+00,0.000000e+00,0.000000e+00,-1.862148e+07,-1.642618e+07,-4.477460e+07,3.530174e-18,474,0
9.322727e-10,1.171811e-03,1.030669e-03,2.500210e-03,1.257630e+06,1.106145e+06,2.682923e+06,-6.100499e-01,-5.461788e-01,-1.134975e+00,3.530174e-18,474,4102
9.318182e-09,1.171881e-02,1.030726e-02,2.500012e-02,1.257720e+06,1.106225e+06,2.683091e+06,-5.815745e-03,-4.946086e-03,-1.189464e-02,3.530174e-18,474,41000
0.000000e+00,-7.421663e-08,1.106164e-07,2.630424e-07,0.000000e+00,0.000000e+00,0.000000e+00,3.110383e+07,-5.216304e+07,-9.693965e+07,5.908375e-18,475,0
5.825000e-10,-8.146402e-04,1.371102e-03,2.500642e-03,-1.398741e+06,2.354237e+06,4.293457e+06,4.101367e-01,-7.208488e-01,-1.149462e+00,5.908375e-18,475,2563
5.822955e-09,-8.144843e-03,1.370866e-02,2.500077e-02,-1.398779e+06,2.354303e+06,4.293563e+06,4.014263e-03,-7.026796e-03,-1.170166e-02,5.908375e-18,475,25621
0.000000e+00,7.535498e-08,-8.790412e-08,2.504248e-07,0.000000e+00,0.000000e+00,0.000000e+00,-4.330980e+07,4.606100e+07,-1.122223e+08,6.306408e-18,476,0
5.134091e-10,9.696039e-04,-1.043036e-03,2.500983e-03,1.888820e+06,-2.031858e+06,4.871779e+06,-5.630294e-01,5.958620e-01,-1.281708e+00,6.306408e-18,476,2259
5.131591e-09,9.692694e-03,-1.042671e-02,2.500014e-02,1.888866e+06,-2.031907e+06,4.871883e+06,-5.469820e-03,5.730281e-03,-1.301737e-02,6.306408e-18,476,22579
0.000000e+00,-1.248833e-07,9.918852e-08,2.333686e-07,0.000000e+00,0.000000e+00,0.000000e+00,6.009779e+07,-5.909234e+07,-9.620599e+07,6.119171e-18,477,0
6.040909e-10,-1.585126e-03,1.557297e-03,2.500679e-03,-2.624264e+06,2.578236e+06,4.139852e+06,5.575286e-01,-5.561335e-01,-7.672561e-01,6.119171e-18,477,2658
6.038864e-09,-1.584765e-02,1.556966e-02,2.500016e-02,-2.624318e+06,2.578289e+06,4.139925e+06,5.473022e-03,-5.442243e-03,-7.823900e-03,6.119171e-18,477,26571
0.000000e+00,1.459322e-07,-1.586281e-07,5.078563e-07,0.000000e+00,0.000000e+00,0.000000e+00,-2.365583e+07,1.762049e+07,-3.355224e+07,3.367308e-18,478,0
1.206818e-09,1.768874e-03,-1.279681e-03,2.500128e-03,1.466579e+06,-1.060901e+06,2.072324e+06,-5.487784e-01,3.765199e-01,-5.757683e-01,3.367308e-18,478,5310
1.206386e-08,1.769253e-02,-1.279857e-02,2.500043e-02,1.466684e+06,-1.060972e+06,2.072434e+06,-4.706812e-03,3.302627e-03,-6.954835e-03,3.367308e-18,478,53081
0.000000e+00,6.852824e-08,-2.015419e-07,3.451905e-07,0.000000e+00,0.000000e+00,0.000000e+00,-1.460429e+07,4.126645e+07,-4.805596e+07,4.438638e-18,479,0
9.952273e-10,8.142191e-04,-2.344237e-03,2.500520e-03,8.184081e+05,-2.356332e+06,2.513100e+06,-2.322523e-01,6.935414e-01,-6.112288e-01,4.438638e-18,479,4379
9.947955e-09,8.141474e-03,-2.344064e-02,2.500033e-02,8.184446e+05,-2.356441e+06,2.513197e+06,-2.031409e-03,6.169253e-03,-6.562084e-03,4.438638e-18,479,43771
0.000000e+00,5.441995e-08,-2.375051e-07,5.632449e-07,0.000000e+00,0.000000e+00,0.000000e+00,-5.399873e+06,2.225903e+07,-3.279274e+07,2.999069e-18,480,0
1.187273e-09,4.239428e-04,-1.861917e-03,2.500004e-03,3.572959e+05,-1.569166e+06,2.106400e+06,-1.559039e-01,6.486676e-01,-6.660545e-01,2.999069e-18,480,5224
1.186864e-08,4.240609e-03,-1.862382e-02,2.500034e-02,3.573251e+05,-1.569287e+06,2.106526e+06,-1.323644e-03,5.806392e-03,-8.094885e-03,2.999069e-18,480,52222
0.000000e+00,2.387570e-07,-1.462469e-07,4.642107e-07,0.000000e+00,0.000000e+00,0.000000e+00,-2.925367e+07,1.723917e+07,-3.453291e+07,3.356838e-18,481,0
1.341591e-09,2.535916e-03,-1.640385e-03,2.500178e-03,1.891022e+06,-1.223250e+06,1.863968e+06,-4.694826e-01,3.036323e-01,-3.382496e-01,3.356838e-18,481,5903
1.341227e-08,2.536283e-02,-1.640648e-02,2.500026e-02,1.891121e+06,-1.223314e+06,1.864041e+06,-4.087537e-03,2.705188e-03,-4.275721e-03,3.356838e-18,481,59014
0.000000e+00,1.819889e-08,7.502437e-09,2.700810e-07,0.000000e+00,0.000000e+00,0.000000e+00,-1.036606e+07,-6.641204e+06,-1.329589e+08,6.453536e-18,482,0
4.354545e-10,1.965312e-04,1.269327e-04,2.500937e-03,4.513841e+05,2.915501e+05,5.743877e+06,-1.633337e-01,-1.204264e-01,-2.004961e+00,6.453536e-18,482,1916
4.352500e-09,1.964660e-03,1.268975e-03,2.500041e-02,4.513953e+05,2.915584e+05,5.744015e+06,-1.818224e-03,-1.128583e-03,-2.027779e-02,6.453536e-18,482,19151
0.000000e+00,1.002575e-07,-1.626122e-07,2.789239e-07,0.000000e+00,0.000000e+00,0.000000e+00,-3.118298e+07,4.979639e+07,-6.428522e+07,5.208333e-18,483,0
8.177273e-10,1.258126e-03,-2.017221e-03,2.500318e-03,1.538944e+06,-2.467473e+06,3.058154e+06,-4.102130e-01,6.594646e-01,-6.964510e-01,5.208333e-18,483,3598
8.175000e-09,1.258088e-02,-2.017161e-02,2.500054e-02,1.538997e+06,-2.467558e+06,3.058244e+06,-3.912340e-03,6.286200e-03,-7.175330e-03,5.208333e-18,483,35970
0.000000e+00,7.304052e-08,-2.328818e-07,3.443266e-07,0.000000e+00,0.000000e+00,0.000000e+00,-1.500923e+07,4.774563e+07,-4.205908e+07,4.246281e-18,484,0
1.154773e-09,9.795972e-04,-3.037984e-03,2.500374e-03,8.485777e+05,-2.631613e+06,2.165584e+06,-1.872916e-01,5.642567e-01,-3.457845e-01,4.246281e-18,484,5081
1.154432e-08,9.796227e-03,-3.038013e-02,2.500035e-02,8.486118e+05,-2.631715e+06,2.165647e+06,-1.616226e-03,4.715437e-03,-3.986550e-03,4.246281e-18,484,50795
0.000000e+00,-3.452354e-08,-1.621933e-07,4.046471e-07,0.000000e+00,0.000000e+00,0.000000e+00,5.513490e+06,2.775216e+07,-5.128701e+07,4.185216e-18,485,0
8.693182e-10,-2.888320e-04,-1.449930e-03,2.500214e-03,-3.324204e+05,-1.668745e+06,2.877142e+06,1.597212e-01,8.005343e-01,-1.183630e+00,4.185216e-18,485,3825
8.689318e-09,-2.888501e-03,-1.450023e-02,2.500052e-02,-3.324423e+05,-1.668855e+06,2.877305e+06,1.606030e-03,7.769675e-03,-1.243223e-02,4.185216e-18,485,38233
0.000000e+00,5.455703e-08,1.989124e-07,6.023197e-07,0.000000e+00,0.000000e+00,0.000000e+00,-6.823798e+06,-1.838828e+07,-3.553775e+07,2.909317e-18,486,0
1.023864e-09,5.135390e-04,1.393060e-03,2.500474e-03,5.018757e+05,1.361512e+06,2.443252e+06,-2.358429e-01,-7.348517e-01,-1.050214e+00,2.909317e-18,486,4505
1.023227e-08,5.135306e-03,1.393132e-02,2.500023e-02,5.019137e+05,1.361630e+06,2.443422e+06,-2.088096e-03,-5.928094e-03,-1.155652e-02,2.909317e-18,486,45022
0.000000e+00,1.059066e-07,3.705847e-08,1.617453e-07,0.000000e+00,0.000000e+00,0.000000e+00,-1.481358e+08,-5.722888e+07,-1.981340e+08,8.551659e-18,487,0
3.122727e-10,1.872392e-03,7.237001e-04,2.501081e-03,5.995976e+06,2.317528e+06,8.009134e+06,-7.182603e-01,-2.876931e-01,-8.812229e-01,8.551659e-18,487,1374
3.121591e-09,1.871708e-02,7.234406e-03,2.500139e-02,5.996012e+06,2.317542e+06,8.009178e+06,-7.099332e-03,-2.794663e-03,-8.921595e-03,8.551659e-18,487,13735
0.000000e+00,-4.335933e-10,-1.777081e-07,3.716488e-07,0.000000e+00,0.000000e+00,0.000000e+00,-1.716638e+06,3.382698e+07,-5.372325e+07,4.405941e-18,488,0
9.838636e-10,1.222295e-04,-2.212895e-03,2.500470e-03,1.241998e+05,-2.250103e+06,2.542070e+06,3.299198e-02,7.100088e-01,-6.672180e-01,4.405941e-18,488,4329
9.834545e-09,1.221444e-03,-2.212865e-02,2.500028e-02,1.241946e+05,-2.250214e+06,2.542174e+06,-3.480188e-04,6.945063e-03,-7.595924e-03,4.405941e-18,488,43272
0.000000e+00,4.013900e-09,-2.696787e-07,3.637715e-07,0.000000e+00,0.000000e+00,0.000000e+00,-8.104807e+05,4.475787e+07,-3.919144e+07,3.956912e-18,489,0
1.224773e-09,5.727899e-05,-3.101575e-03,2.500026e-03,4.679320e+04,-2.533261e+06,2.041576e+06,-1.448256e-02,5.999628e-01,-3.426383e-01,3.956912e-18,489,5389
1.224545e-08,5.729974e-04,-3.102090e-02,2.500020e-02,4.679599e+04,-2.533377e+06,2.041643e+06,-1.347135e-04,5.110262e-03,-4.075200e-03,3.956912e-18,489,53880
0.000000e+00,-1.213815e-07,-1.050673e-07,3.133985e-07,0.000000e+00,0.000000e+00,0.000000e+00,2.990018e+07,3.331726e+07,-6.309496e+07,5.064335e-18,490,0
7.868182e-10,-1.255599e-03,-1.379002e-03,2.500693e-03,-1.596320e+06,-1.753222e+06,3.178982e+06,5.724826e-01,6.081510e-01,-9.601359e-01,5.064335e-18,490,3462
7.864318e-09,-1.255397e-02,-1.378787e-02,2.500063e-02,-1.596391e+06,-1.753297e+06,3.179101e+06,5.479915e-03,5.871858e-03,-9.913280e-03,5.064335e-18,490,34603
0.000000e+00,4.267927e-08,1.987449e-08,4.416800e-07,0.000000e+00,0.000000e+00,0.000000e+00,-4.774454e+06,-2.507043e+06,-5.421363e+07,4.156862e-18,491,0
7.734091e-10,2.152300e-04,1.854593e-04,2.500534e-03,2.784253e+05,2.399688e+05,3.234774e+06,-1.624705e-01,-1.646052e-01,-1.918758e+00,4.156862e-18,491,3403
7.728636e-09,2.151855e-03,1.854612e-03,2.500047e-02,2.784451e+05,2.399889e+05,3.235009e+06,-1.651946e-03,-1.705351e-03,-1.986173e-02,4.156862e-18,491,34006
0.000000e+00,-9.443631e-08,2.834407e-08,4.604230e-07,0.000000e+00,0.000000e+00,0.000000e+00,1.375010e+07,-5.359612e+06,-4.629932e+07,3.939770e-18,492,0
8.781818e-10,-7.759720e-04,2.963664e-04,2.500436e-03,-8.842281e+05,3.376672e+05,2.848827e+06,5.672155e-01,-1.705543e-01,-1.586506e+00,3.939770e-18,492,3864
8.775682e-09,-7.759677e-03,2.963248e-03,2.500049e-02,-8.843067e+05,3.376909e+05,2.849048e+06,5.390467e-03,-1.356172e-03,-1.658624e-02,3.939770e-18,492,38613
0.000000e+00,5.051164e-08,-2.517957e-07,3.315018e-07,0.000000e+00,0.000000e+00,0.000000e+00,-9.514475e+06,4.982384e+07,-4.170437e+07,4.250174e-18,493,0
1.175682e-09,6.149615e-04,-3.223548e-03,2.500109e-03,5.232269e+05,-2.742676e+06,2.126839e+06,-1.111350e-01,5.737489e-01,-3.244984e-01,4.250174e-18,493,5173
1.175455e-08,6.150288e-03,-3.223887e-02,2.500018e-02,5.232475e+05,-2.742782e+06,2.126900e+06,-9.188404e-04,4.854737e-03,-3.724227e-03,4.250174e-18,493,51720
0.000000e+00,-5.172476e-08,-1.000755e-07,3.439002e-07,0.000000e+00,0.000000e+00,0.000000e+00,1.451309e+07,2.392858e+07,-6.902800e+07,4.970652e-18,494,0
6.911364e-10,-5.475047e-04,-8.952041e-04,2.500223e-03,-7.925104e+05,-1.295744e+06,3.618687e+06,3.906359e-01,5.961237e-01,-1.567274e+00,4.970652e-18,494,3041
6.908636e-09,-5.475157e-03,-8.951825e-03,2.500029e-02,-7.925530e+05,-1.295809e+06,3.618858e+06,3.733332e-03,5.872441e-03,-1.596957e-02,4.970652e-18,494,30398
0.000000e+00,8.657314e-08,-1.503610e-07,1.562597e-07,0.000000e+00,0.000000e+00,0.000000e+00,-7.300154e+07,1.259858e+08,-1.104289e+08,7.239928e-18,495,0
5.511364e-10,1.660951e-03,-2.865807e-03,2.500299e-03,3.013756e+06,-5.199937e+06,4.536643e+06,-2.915591e-01,5.021350e-01,-3.841709e-01,7.239928e-18,495,2425
5.510682e-09,1.660792e-02,-2.865531e-02,2.500012e-02,3.013782e+06,-5.199981e+06,4.536676e+06,-2.846259e-03,4.932250e-03,-3.906600e-03,7.239928e-18,495,24247
0.000000e+00,-1.854540e-08,6.061294e-08,6.842287e-07,0.000000e+00,0.000000e+00,0.000000e+00,1.615520e+06,-5.310140e+06,-3.587038e+07,2.720656e-18,496,0
9.463636e-10,-8.414030e-05,4.916514e-04,2.500356e-03,-8.909161e+04,5.198481e+05,2.643637e+06,1.594991e-01,-2.728354e-01,-1.652476e+00,2.720656e-18,496,4164
9.456591e-09,-8.424978e-04,4.915964e-03,2.500004e-02,-8.911542e+04,5.198888e+05,2.643884e+06,1.699950e-03,-1.785131e-03,-1.768258e-02,2.720656e-18,496,41609
0.000000e+00,-1.887932e-07,-6.574371e-08,5.987351e-07,0.000000e+00,0.000000e+00,0.000000e+00,1.806001e+07,5.957955e+06,-3.492484e+07,2.939423e-18,497,0
1.071136e-09,-1.380877e-03,-4.740992e-04,2.500020e-03,-1.290040e+06,-4.428758e+05,2.334953e+06,6.647089e-01,2.023186e-01,-9.385188e-01,2.939423e-18,497,4713
1.070682e-08,-1.381219e-02,-4.741782e-03,2.500015e-02,-1.290153e+06,-4.429100e+05,2.335112e+06,5.742963e-03,1.892676e-03,-1.075527e-02,2.939423e-18,497,47110
0.000000e+00,-2.279425e-07,1.560695e-07,4.260345e-07,0.000000e+00,0.000000e+00,0.000000e+00,3.001832e+07,-2.032223e+07,-3.488239e+07,3.558601e-18,498,0
1.246591e-09,-2.323072e-03,1.558105e-03,2.500145e-03,-1.864321e+06,1.250416e+06,2.006032e+06,5.100221e-01,-3.476625e-01,-3.977030e-01,3.558601e-18,498,5485
1.246250e-08,-2.323406e-02,1.558329e-02,2.500034e-02,-1.864421e+06,1.250484e+06,2.006110e+06,4.373976e-03,-2.807329e-03,-4.840271e-03,3.558601e-18,498,54835
0.000000e+00,1.715230e-07,3.431832e-08,1.805834e-07,0.000000e+00,0.000000e+00,0.000000e+00,-1.186415e+08,-2.611035e+07,-1.074395e+08,6.768729e-18,499,0
5.602273e-10,2.776984e-03,6.128964e-04,2.500343e-03,4.957093e+06,1.094072e+06,4.463172e+06,-6.401455e-01,-1.501285e-01,-5.129102e-01,6.768729e-18,499,2465
5.601591e-09,2.776773e-02,6.128568e-03,2.500101e-02,4.957150e+06,1.094086e+06,4.463218e+06,-6.286683e-03,-1.432807e-03,-5.247448e-03,6.768729e-18,499,24647
0.000000e+00,1.416835e-08,-2.211869e-08,4.845345e-07,0.000000e+00,0.000000e+00,0.000000e+00,-2.696297e+06,9.509195e+05,-4.550953e+07,3.849515e-18,500,0
8.784091e-10,2.426862e-04,-1.364132e-04,2.500327e-03,2.764973e+05,-1.554220e+05,2.848159e+06,-1.670260e-01,8.763878e-02,-1.793943e+00,3.849515e-18,500,3865
8.777727e-09,2.426978e-03,-1.364221e-03,2.500047e-02,2.765205e+05,-1.554342e+05,2.848408e+06,-1.413176e-03,9.838359e-04,-1.884838e-02,3.849515e-18,500,38622
0.000000e+00,-1.170100e-07,-1.421227e-07,2.193319e-07,0.000000e+00,0.000000e+00,0.000000e+00,5.607126e+07,6.800780e+07,-8.358224e+07,6.033302e-18,501,0
6.900000e-10,-1.705865e-03,-2.066965e-03,2.500389e-03,-2.472556e+06,-2.995946e+06,3.624005e+06,4.556406e-01,5.480032e-01,-5.674879e-01,6.033302e-18,501,3036
6.898409e-09,-1.705676e-02,-2.066733e-02,2.500001e-02,-2.472606e+06,-2.996006e+06,3.624067e+06,4.383947e-03,5.367569e-03,-5.832391e-03,6.033302e-18,501,30353
0.000000e+00,8.210134e-08,-1.121959e-07,5.886979e-07,0.000000e+00,0.000000e+00,0.000000e+00,-1.070569e+07,1.152289e+07,-3.793060e+07,3.106633e-18,502,0
9.720455e-10,5.946563e-04,-7.626175e-04,2.500492e-03,6.122029e+05,-7.850334e+05,2.573626e+06,-3.916442e-01,4.238672e-01,-1.257011e+00,3.106633e-18,502,4277
9.713864e-09,5.946857e-03,-7.625707e-03,2.500006e-02,6.122629e+05,-7.850984e+05,2.573819e+06,-2.899407e-03,3.826597e-03,-1.409389e-02,3.106633e-18,502,42741
0.000000e+00,2.324533e-07,-6.851675e-09,5.647963e-07,0.000000e+00,0.000000e+00,0.000000e+00,-2.137735e+07,8.831266e+04,-3.896598e+07,3.022014e-18,503,0
9.918182e-10,1.469001e-03,-3.465967e-05,2.500412e-03,1.482044e+06,-3.498204e+04,2.522095e+06,-7.974189e-01,2.483724e-02,-1.086940e+00,3.022014e-18,503,4364
9.912500e-09,1.469076e-02,-3.467520e-04,2.500047e-02,1.482169e+06,-3.498594e+04,2.522265e+06,-6.794692e-03,3.163262e-04,-1.164445e-02,3.022014e-18,503,43615
0.000000e+00,6.640547e-08,-1.020849e-08,3.322162e-07,0.000000e+00,0.000000e+00,0.000000e+00,-2.175383e+07,-1.617426e+06,-8.304574e+07,5.275259e-18,504,0
6.102273e-10,6.845399e-04,5.117314e-05,2.500161e-03,1.122177e+06,8.393077e+04,4.098186e+06,-5.589914e-01,-6.562763e-02,-1.811284e+00,5.275259e-18,504,2685
6.100455e-09,6.845794e-03,5.120009e-04,2.500093e-02,1.122231e+06,8.393709e+04,4.098361e+06,-5.394845e-03,-5.723547e-04,-1.841886e-02,5.275259e-18,504,26842
0.000000e+00,7.411854e-08,1.676302e-08,5.078088e-07,0.000000e+00,0.000000e+00,0.000000e+00,-1.049593e+07,-7.443471e+06,-4.355270e+07,3.639516e-18,505,0
9.261364e-10,5.407615e-04,3.692697e-04,2.500579e-03,5.842209e+05,3.990203e+05,2.701585e+06,-3.237984e-01,-2.529931e-01,-1.592248e+00,3.639516e-18,505,4075
9.253864e-09,5.406320e-03,3.692456e-03,2.500025e-02,5.842682e+05,3.990572e+05,2.701818e+06,-2.952324e-03,-1.966004e-03,-1.674701e-02,3.639516e-18,505,40717
0.000000e+00,2.747159e-07,-7.895114e-08,4.257644e-07,0.000000e+00,0.000000e+00,0.000000e+00,-3.632520e+07,9.564171e+06,-3.237589e+07,3.519022e-18,506,0
1.363409e-09,3.146348e-03,-7.818514e-04,2.500255e-03,2.308651e+06,-5.736543e+05,1.834140e+06,-5.448881e-01,1.231555e-01,-2.803785e-01,3.519022e-18,506,5999
1.363045e-08,3.146787e-02,-7.819163e-03,2.500035e-02,2.308768e+06,-5.736806e+05,1.834202e+06,-4.557819e-03,1.007290e-03,-3.649132e-03,3.519022e-18,506,59974
0.000000e+00,-1.884353e-07,1.569066e-07,4.660056e-07,0.000000e+00,0.000000e+00,0.000000e+00,2.340199e+07,-1.962490e+07,-3.431614e+07,3.474598e-18,507,0
1.223864e-09,-1.840831e-03,1.505601e-03,2.500063e-03,-1.504872e+06,1.230797e+06,2.043355e+06,4.988314e-01,-3.951228e-01,-5.140670e-01,3.474598e-18,507,5385
1.223477e-08,-1.841172e-02,1.505849e-02,2.500016e-02,-1.504968e+06,1.230873e+06,2.043455e+06,4.211336e-03,-3.343794e-03,-6.186385e-03,3.474598e-18,507,53833
0.000000e+00,-1.013075e-07,-1.826944e-07,4.929275e-07,0.000000e+00,0.000000e+00,0.000000e+00,1.085316e+07,2.136258e+07,-3.844281e+07,3.459823e-18,508,0
1.145455e-09,-9.210398e-04,-1.595200e-03,2.500138e-03,-8.046194e+05,-1.393487e+06,2.183421e+06,3.643219e-01,6.041905e-01,-7.036936e-01,3.459823e-18,508,5040
1.145000e-08,-9.212839e-03,-1.595538e-02,2.500039e-02,-8.046851e+05,-1.393595e+06,2.183549e+06,3.029651e-03,5.024556e-03,-8.506953e-03,3.459823e-18,508,50380
0.000000e+00,-2.588839e-07,3.417382e-08,5.161319e-07,0.000000e+00,0.000000e+00,0.000000e+00,2.765533e+07,-4.220207e+06,-3.236393e+07,3.160869e-18,509,0
1.235455e-09,-2.299337e-03,3.851220e-04,2.500351e-03,-1.862107e+06,3.118908e+05,2.024377e+06,6.492576e-01,-1.035552e-01,-4.937752e-01,3.160869e-18,509,5436
1.234955e-08,-2.299613e-02,3.851691e-03,2.500035e-02,-1.862233e+06,3.119109e+05,2.024474e+06,5.622052e-03,-1.016005e-03,-6.318345e-03,3.160869e-18,509,54338
0.000000e+00,-1.437859e-07,2.157975e-08,3.146401e-07,0.000000e+00,0.000000e+00,0.000000e+00,4.321569e+07,-6.271498e+06,-7.251532e+07,5.130670e-18,510,0
7.084091e-10,-1.568553e-03,2.108442e-04,2.500796e-03,-2.214867e+06,2.977131e+05,3.530931e+06,8.243474e-01,-1.121746e-01,-1.153768e+00,5.130670e-18,510,3117
7.080455e-09,-1.568227e-02,2.107952e-03,2.500073e-02,-2.214960e+06,2.977257e+05,3.531061e+06,8.196598e-03,-9.792314e-04,-1.193798e-02,5.130670e-18,510,31154
0.000000e+00,1.197513e-07,2.538728e-08,4.392538e-07,0.000000e+00,0.000000e+00,0.000000e+00,-1.866088e+07,-5.329638e+06,-5.035519e+07,4.032564e-18,511,0
8.422727e-10,1.021588e-03,3.130011e-04,2.500337e-03,1.213642e+06,3.718616e+05,2.969873e+06,-7.082219e-01,-2.171141e-01,-1.451387e+00,4.032564e-18,511,3706
8.417955e-09,1.021634e-02,3.130287e-03,2.500036e-02,1.213736e+06,3.718904e+05,2.970067e+06,-6.819561e-03,-1.965684e-03,-1.528699e-02,4.032564e-18,511,37039
0.000000e+00,2.452480e-07,-1.576316e-07,4.300066e-07,0.000000e+00,0.000000e+00,0.000000e+00,-3.202044e+07,1.951081e+07,-3.008835e+07,3.476277e-18,512,0
1.456591e-09,2.985229e-03,-1.810075e-03,2.500169e-03,2.050299e+06,-1.243168e+06,1.716725e+06,-4.451115e-01,2.636678e-01,-2.367500e-01,3.476277e-18,512,6409
1.456250e-08,2.985736e-02,-1.810358e-02,2.500000e-02,2.050400e+06,-1.243229e+06,1.716780e+06,-3.775631e-03,2.272920e-03,-3.169111e-03,3.476277e-18,512,64075
0.000000e+00,-2.129661e-07,5.935134e-08,2.757540e-07,0.000000e+00,0.000000e+00,0.000000e+00,6.159347e+07,-1.632093e+07,-5.517210e+07,4.953653e-18,513,0
9.597727e-10,-2.922102e-03,7.775796e-04,2.500143e-03,-3.045268e+06,8.103533e+05,2.605261e+06,6.318375e-01,-1.682071e-01,-4.195068e-01,4.953653e-18,513,4223
9.596136e-09,-2.922283e-02,7.776268e-03,2.500058e-02,-3.045364e+06,8.103788e+05,2.605324e+06,5.815427e-03,-1.538861e-03,-4.462621e-03,4.953653e-18,513,42223
0.000000e+00,2.694330e-08,-1.258729e-07,2.443562e-07,0.000000e+00,0.000000e+00,0.000000e+00,-4.389766e+06,7.226194e+07,-1.008291e+08,6.297561e-18,514,0
5.693182e-10,1.113816e-04,-1.815499e-03,2.500630e-03,1.956328e+05,-3.189364e+06,4.392729e+06,-4.707835e-02,8.356141e-01,-1.018917e+00,6.297561e-18,514,2505
5.691364e-09,1.113440e-03,-1.815189e-02,2.500077e-02,1.956370e+05,-3.189439e+06,4.392821e+06,-5.179476e-04,8.236636e-03,-1.034671e-02,6.297561e-18,514,25042
0.000000e+00,4.594300e-08,-1.414391e-07,2.707594e-07,0.000000e+00,0.000000e+00,0.000000e+00,-1.901912e+07,5.733409e+07,-8.521186e+07,5.682589e-18,515,0
6.475000e-10,5.759016e-04,-1.720166e-03,2.500450e-03,8.896164e+05,-2.657161e+06,3.862238e+06,-2.806878e-01,7.963929e-01,-1.015408e+00,5.682589e-18,515,2849
6.472955e-09,5.758460e-03,-1.719973e-02,2.500024e-02,8.896451e+05,-2.657242e+06,3.862342e+06,-2.726818e-03,7.757650e-03,-1.039398e-02,5.682589e-18,515,28481
0.000000e+00,-6.042942e-08,2.130234e-07,3.690543e-07,0.000000e+00,0.000000e+00,0.000000e+00,9.542582e+06,-3.823932e+07,-4.179813e+07,4.165989e-18,516,0
1.088182e-09,-6.989848e-04,2.482724e-03,2.500084e-03,-6.426057e+05,2.282494e+06,2.298083e+06,1.829518e-01,-6.930995e-01,-5.497831e-01,4.165989e-18,516,4788
1.087864e-08,-6.990641e-03,2.483035e-02,2.500013e-02,-6.426371e+05,2.282613e+06,2.298178e+06,1.625387e-03,-5.836619e-03,-5.949950e-03,4.165989e-18,516,47866
0.000000e+00,1.172287e-07,2.156908e-07,4.940434e-07,0.000000e+00,0.000000e+00,0.000000e+00,-1.316222e+07,-2.243487e+07,-3.269717e+07,3.316616e-18,517,0
1.188636e-09,1.152483e-03,1.975213e-03,2.500351e-03,9.701264e+05,1.662685e+06,2.104200e+06,-3.531718e-01,-6.178853e-01,-5.665404e-01,3.316616e-18,517,5230
1.188114e-08,1.152614e-02,1.975449e-02,2.500046e-02,9.701925e+05,1.662800e+06,2.104307e+06,-2.973040e-03,-5.116425e-03,-6.672619e-03,3.316616e-18,517,52277
0.000000e+00,1.778688e-07,-1.159642e-07,4.279988e-07,0.000000e+00,0.000000e+00,0.000000e+00,-2.797905e+07,8.661268e+06,-6.559386e+07,3.851342e-18,518,0
7.422727e-10,1.123635e-03,-3.756370e-04,2.500166e-03,1.514325e+06,-5.061848e+05,3.369254e+06,-7.258716e-01,2.423157e-01,-1.466165e+00,3.851342e-18,518,3266
7.420000e-09,1.123636e-02,-3.755958e-03,2.500008e-02,1.514410e+06,-5.062133e+05,3.369426e+06,-7.088104e-03,2.359782e-03,-1.499494e-02,3.851342e-18,518,32648
0.000000e+00,1.582265e-08,-9.048129e-08,1.729091e-07,0.000000e+00,0.000000e+00,0.000000e+00,-2.186033e+07,1.247027e+08,-2.163442e+08,8.618080e-18,519,0
2.856818e-10,2.529835e-04,-1.443252e-03,2.501105e-03,8.855377e+05,-5.051927e+06,8.754725e+06,-1.325433e-01,7.618855e-01,-1.239965e+00,8.618080e-18,519,1257
2.855682e-09,2.528828e-03,-1.442678e-02,2.500087e-02,8.855437e+05,-5.051962e+06,8.754781e+06,-1.315050e-03,7.594749e-03,-1.243090e-02,8.618080e-18,519,12565
0.000000e+00,-1.709272e-07,4.874017e-08,2.893916e-07,0.000000e+00,0.000000e+00,0.000000e+00,5.609893e+07,-1.378531e+07,-6.882828e+07,5.190675e-18,520,0
7.731818e-10,-2.127390e-03,5.175277e-04,2.500121e-03,-2.752170e+06,6.694979e+05,3.234058e+06,7.973389e-01,-1.847937e-01,-7.671016e-01,5.190675e-18,520,3402
7.730227e-09,-2.127492e-02,5.175385e-03,2.500015e-02,-2.752267e+06,6.695204e+05,3.234152e+06,7.541343e-03,-1.772322e-03,-8.019931e-03,5.190675e-18,520,34013
0.000000e+00,2.558065e-07,-9.352729e-08,2.835682e-07,0.000000e+00,0.000000e+00,0.000000e+00,-5.466790e+07,1.927498e+07,-4.071790e+07,4.454356e-18,521,0
1.249773e-09,3.608049e-03,-1.264592e-03,2.500054e-03,2.887677e+06,-1.012096e+06,2.000640e+06,-4.757173e-01,1.622584e-01,-2.308950e-01,4.454356e-18,521,5499
1.249614e-08,3.608479e-02,-1.264729e-02,2.500040e-02,2.887770e+06,-1.012128e+06,2.000686e+06,-4.052766e-03,1.389638e-03,-2.656436e-03,4.454356e-18,521,54983
0.000000e+00,2.803766e-08,1.217714e-07,4.347113e-07,0.000000e+00,0.000000e+00,0.000000e+00,-4.137962e+06,-2.087363e+07,-4.800494e+07,4.054778e-18,522,0
8.800000e-10,2.328220e-04,1.161269e-03,2.500524e-03,2.647604e+05,1.320441e+06,2.842804e+06,-1.726622e-01,-7.330019e-01,-1.357301e+00,4.054778e-18,522,3872
8.794318e-09,2.328377e-03,1.161232e-02,2.500062e-02,2.647844e+05,1.320542e+06,2.842993e+06,-1.556961e-03,-6.908148e-03,-1.416313e-02,4.054778e-18,522,38695
0.000000e+00,5.255113e-08,4.778250e-08,4.155870e-07,0.000000e+00,0.000000e+00,0.000000e+00,-1.137509e+07,-1.204863e+07,-5.568002e+07,4.344809e-18,523,0
7.897727e-10,6.001777e-04,5.658425e-04,2.500567e-03,7.604275e+05,7.169042e+05,3.167605e+06,-4.629512e-01,-4.338786e-01,-1.648552e+00,4.344809e-18,523,3475
7.892500e-09,6.001626e-03,5.658135e-03,2.500041e-02,7.604853e+05,7.169583e+05,3.167811e+06,-4.232609e-03,-4.270755e-03,-1.704284e-02,4.344809e-18,523,34727
0.000000e+00,7.253647e-08,-4.974621e-09,2.877924e-07,0.000000e+00,0.000000e+00,0.000000e+00,-3.356385e+07,-1.148094e+06,-1.037055e+08,5.922926e-18,524,0
5.322727e-10,8.256911e-04,3.069797e-05,2.500943e-03,1.551607e+06,5.771219e+04,4.699395e+06,-6.360808e-01,-3.966578e-02,-1.732797e+00,5.922926e-18,524,2342
5.320000e-09,8.254575e-03,3.070214e-04,2.500094e-02,1.551661e+06,5.771552e+04,4.699541e+06,-6.234723e-03,-3.564798e-04,-1.755261e-02,5.922926e-18,524,23408
0.000000e+00,-4.031300e-08,1.431462e-07,3.868012e-07,0.000000e+00,0.000000e+00,0.000000e+00,6.319237e+06,-2.650469e+07,-5.127087e+07,4.362355e-18,525,0
8.711364e-10,-3.001972e-04,1.578658e-03,2.500193e-03,-3.447529e+05,1.813131e+06,2.871089e+06,1.530508e-01,-8.177839e-01,-1.122336e+00,4.362355e-18,525,3833
8.707500e-09,-3.001943e-03,1.578774e-02,2.500009e-02,-3.447740e+05,1.813244e+06,2.871244e+06,1.344766e-03,-7.793830e-03,-1.155095e-02,4.362355e-18,525,38313
0.000000e+00,-4.868664e-08,1.563792e-07,5.630804e-07,0.000000e+00,0.000000e+00,0.000000e+00,5.714871e+06,-1.927104e+07,-3.230649e+07,3.190288e-18,526,0
1.151364e-09,-4.448699e-04,1.480300e-03,2.500131e-03,-3.866447e+05,1.286561e+06,2.172392e+06,1.792931e-01,-5.961148e-01,-8.216833e-01,3.190288e-18,526,5066
1.150818e-08,-4.449558e-03,1.480591e-02,2.500048e-02,-3.866773e+05,1.286669e+06,2.172542e+06,1.678299e-03,-5.513257e-03,-1.002571e-02,3.190288e-18,526,50636
0.000000e+00,-2.058885e-08,1.256775e-07,3.265500e-07,0.000000e+00,0.000000e+00,0.000000e+00,5.499915e+06,-3.671618e+07,-7.244672e+07,5.063178e-18,527,0
6.927273e-10,-1.975580e-04,1.320431e-03,2.500682e-03,-2.852831e+05,1.906777e+06,3.610815e+06,1.211521e-01,-7.974775e-01,-1.332903e+00,5.063178e-18,527,3048
6.923636e-09,-1.975199e-03,1.320183e-02,2.500010e-02,-2.852963e+05,1.906864e+06,3.610961e+06,1.178846e-03,-7.753421e-03,-1.357280e-02,5.063178e-18,527,30464
0.000000e+00,1.572299e-07,1.478620e-07,1.984355e-07,0.000000e+00,0.000000e+00,0.000000e+00,-6.989136e+07,-6.583521e+07,-7.072128e+07,5.824850e-18,528,0
8.184091e-10,2.514818e-03,2.368777e-03,2.500567e-03,3.073111e+06,2.894649e+06,3.055562e+06,-4.058314e-01,-3.826187e-01,-3.332521e-01,5.824850e-18,528,3601
8.181818e-09,2.514371e-02,2.368357e-02,2.500019e-02,3.073163e+06,2.894699e+06,3.055606e+06,-3.899034e-03,-3.658965e-03,-3.437575e-03,5.824850e-18,528,36000
0.000000e+00,5.438223e-08,1.790739e-07,2.094266e-07,0.000000e+00,0.000000e+00,0.000000e+00,-2.788575e+07,-8.944348e+07,-8.629981e+07,6.092382e-18,529,0
6.750000e-10,8.203821e-04,2.626477e-03,2.500140e-03,1.215505e+06,3.891455e+06,3.704127e+06,-2.088651e-01,-6.570877e-01,-5.382813e-01,6.092382e-18,529,2970
6.749318e-09,8.203858e-03,2.626477e-02,2.500048e-02,1.215527e+06,3.891525e+06,3.704185e+06,-2.026170e-03,-6.403593e-03,-5.467986e-03,6.092382e-18,529,29697
0.000000e+00,-1.482674e-07,6.400316e-08,2.283504e-07,0.000000e+00,0.000000e+00,0.000000e+00,7.825062e+07,-3.154638e+07,-9.443420e+07,6.170523e-18,530,0
6.145455e-10,-2.106186e-03,8.458136e-04,2.500687e-03,-3.427633e+06,1.376471e+06,4.069452e+06,7.331430e-01,-2.844747e-01,-7.447134e-01,6.170523e-18,530,2704
6.143409e-09,-2.105742e-02,8.456260e-03,2.500046e-02,-3.427704e+06,1.376499e+06,4.069525e+06,7.098366e-03,-2.925736e-03,-7.598960e-03,6.170523e-18,530,27031
0.000000e+00,1.588053e-07,1.640774e-07,3.181782e-07,0.000000e+00,0.000000e+00,0.000000e+00,-3.288158e+07,-3.689817e+07,-4.708980e+07,4.506637e-18,531,0
1.029545e-09,1.884188e-03,2.082405e-03,2.500071e-03,1.830694e+06,2.023294e+06,2.428795e+06,-4.610864e-01,-5.127030e-01,-4.844439e-01,4.506637e-18,531,4530
1.029318e-08,1.884364e-02,2.082610e-02,2.500015e-02,1.830769e+06,2.023377e+06,2.428874e+06,-4.155624e-03,-4.589201e-03,-5.139191e-03,4.506637e-18,531,45290
0.000000e+00,2.374294e-07,-3.435391e-08,5.373509e-07,0.000000e+00,0.000000e+00,0.000000e+00,-2.382398e+07,7.363499e+06,-3.411836e+07,3.131784e-18,532,0
1.128182e-09,1.939335e-03,-4.299733e-04,2.500417e-03,1.719971e+06,-3.813063e+05,2.217079e+06,-7.044355e-01,1.389705e-01,-7.040067e-01,3.131784e-18,532,4964
1.127614e-08,1.939458e-02,-4.299660e-03,2.500029e-02,1.720096e+06,-3.813311e+05,2.217205e+06,-5.778085e-03,1.268269e-03,-8.084325e-03,3.131784e-18,532,49615
0.000000e+00,1.988196e-07,-6.701451e-08,2.735151e-07,0.000000e+00,0.000000e+00,0.000000e+00,-5.892146e+07,1.779490e+07,-6.323934e+07,5.084778e-18,533,0
8.422727e-10,2.425877e-03,-7.312426e-04,2.500263e-03,2.880821e+06,-8.683659e+05,2.968909e+06,-7.172961e-01,2.116310e-01,-6.044546e-01,5.084778e-18,533,3706
8.420682e-09,2.425852e-02,-7.312251e-03,2.500037e-02,2.880917e+06,-8.683941e+05,2.968990e+06,-6.740088e-03,1.966155e-03,-6.307334e-03,5.084778e-18,533,37051
0.000000e+00,-2.358855e-08,-4.284719e-08,6.817553e-07,0.000000e+00,0.000000e+00,0.000000e+00,2.185278e+06,5.228927e+06,-3.771596e+07,2.743426e-18,534,0
9.179545e-10,-1.349582e-04,-3.460863e-04,2.500588e-03,-1.471165e+05,-3.773384e+05,2.725604e+06,8.588509e-02,2.801004e-01,-1.642980e+00,2.743426e-18,534,4039
9.172273e-09,-1.349389e-03,-3.461034e-03,2.500022e-02,-1.471289e+05,-3.773790e+05,2.725843e+06,5.531566e-04,2.656012e-03,-1.742998e-02,2.743426e-18,534,40358
0.000000e+00,-2.147253e-07,-4.190546e-08,2.030129e-07,0.000000e+00,0.000000e+00,0.000000e+00,9.223491e+07,1.561967e+07,-6.583582e+07,5.751272e-18,535,0
8.729545e-10,-3.582424e-03,-6.009854e-04,2.500558e-03,-4.104235e+06,-6.885066e+05,2.864632e+06,5.290907e-01,8.113452e-02,-2.959995e-01,5.751272e-18,535,3841
8.727273e-09,-3.581887e-02,-6.008808e-03,2.500055e-02,-4.104308e+06,-6.885178e+05,2.864672e+06,5.014786e-03,8.204439e-04,-3.110140e-03,5.751272e-18,535,38400
0.000000e+00,-1.280899e-07,-1.767384e-07,2.210253e-07,0.000000e+00,0.000000e+00,0.000000e+00,4.990648e+07,6.928584e+07,-6.335479e+07,5.565667e-18,536,0
8.918182e-10,-2.025013e-03,-2.804544e-03,2.500417e-03,-2.270963e+06,-3.145163e+06,2.803925e+06,3.381790e-01,4.600793e-01,-3.305590e-01,5.565667e-18,536,3924
8.916136e-09,-2.024826e-02,-2.804277e-02,2.500032e-02,-2.271011e+06,-3.145228e+06,2.803972e+06,3.169677e-03,4.316497e-03,-3.476808e-03,5.565667e-18,536,39231
0.000000e+00,8.177550e-08,-7.284580e-08,4.384249e-07,0.000000e+00,0.000000e+00,0.000000e+00,-1.288370e+07,9.601392e+06,-5.005170e+07,4.082840e-18,537,0
8.075000e-10,6.783950e-04,-4.014492e-04,2.500636e-03,8.406558e+05,-4.974121e+05,3.098289e+06,-5.206357e-01,2.960852e-01,-1.660266e+00,4.082840e-18,537,3553
8.069091e-09,6.783292e-03,-4.013679e-03,2.500041e-02,8.407222e+05,-4.974499e+05,3.098501e+06,-5.153635e-03,2.792515e-03,-1.718918e-02,4.082840e-18,537,35504
0.000000e+00,-6.431870e-08,1.883103e-07,3.834039e-07,0.000000e+00,0.000000e+00,0.000000e+00,1.088158e+07,-3.123540e+07,-4.489274e+07,4.174791e-18,538,0
9.725000e-10,-6.771610e-04,1.897371e-03,2.500058e-03,-6.966571e+05,1.951986e+06,2.571643e+06,2.727990e-01,-7.792963e-01,-8.538283e-01,4.174791e-18,538,4279
9.721591e-09,-6.772580e-03,1.897634e-02,2.500055e-02,-6.966990e+05,1.952105e+06,2.571775e+06,2.555014e-03,-6.948955e-03,-8.983580e-03,4.174791e-18,538,42775
0.000000e+00,1.027174e-08,-2.571386e-07,3.119016e-07,0.000000e+00,0.000000e+00,0.000000e+00,-4.055863e+06,5.387128e+07,-4.284634e+07,4.391197e-18,539,0
1.173409e-09,2.697406e-04,-3.399641e-03,2.500059e-03,2.299548e+05,-2.898040e+06,2.130881e+06,-4.666303e-02,5.689673e-01,-2.988071e-01,4.391197e-18,539,5163
1.173227e-08,2.697877e-03,-3.400057e-02,2.500023e-02,2.299634e+05,-2.898145e+06,2.130937e+06,-3.413393e-04,4.807272e-03,-3.476759e-03,4.391197e-18,539,51622
0.000000e+00,-2.871929e-09,-1.927842e-07,3.166795e-07,0.000000e+00,0.000000e+00,0.000000e+00,-2.202728e+06,4.467622e+07,-5.623921e+07,4.816487e-18,540,0
8.650000e-10,8.645173e-05,-2.130199e-03,2.500257e-03,9.999202e+04,-2.463506e+06,2.891165e+06,-3.840942e-02,8.070529e-01,-8.023743e-01,4.816487e-18,540,3806
8.647045e-09,8.646279e-04,-2.130203e-02,2.500014e-02,9.999725e+04,-2.463616e+06,2.891275e+06,-2.469258e-04,7.799760e-03,-8.426866e-03,4.816487e-18,540,38047
0.000000e+00,1.534132e-07,-7.214327e-08,4.463371e-07,0.000000e+00,0.000000e+00,0.000000e+00,-3.181357e+07,1.247428e+07,-4.781576e+07,3.876318e-18,541,0
8.843182e-10,1.561039e-03,-6.420918e-04,2.500087e-03,1.766030e+06,-7.263943e+05,2.828032e+06,-7.558826e-01,2.938520e-01,-1.017350e+00,3.876318e-18,541,3891
8.840227e-09,1.561211e-02,-6.421489e-03,2.500059e-02,1.766136e+06,-7.264353e+05,2.828175e+06,-7.342643e-03,2.825890e-03,-1.075957e-02,3.876318e-18,541,38897
0.000000e+00,-4.268561e-08,-1.511224e-08,6.252166e-07,0.000000e+00,0.000000e+00,0.000000e+00,5.716703e+06,1.308772e+06,-3.842667e+07,3.019678e-18,542,0
9.575000e-10,-4.535083e-04,-1.044777e-04,2.500268e-03,-4.740756e+05,-1.092119e+05,2.612642e+06,3.222499e-01,8.023145e-02,-1.455410e+00,3.019678e-18,542,4213
9.568864e-09,-4.536293e-03,-1.045027e-03,2.500024e-02,-4.741243e+05,-1.092241e+05,2.612862e+06,2.381412e-03,6.926499e-04,-1.609304e-02,3.019678e-18,542,42103
0.000000e+00,-1.593207e-08,-8.661774e-08,5.323073e-07,0.000000e+00,0.000000e+00,0.000000e+00,1.832061e+06,1.096492e+07,-4.242930e+07,3.492712e-18,543,0
8.752273e-10,-8.673377e-05,-7.165954e-04,2.500037e-03,-9.912530e+04,-8.193281e+05,2.857991e+06,4.615749e-02,5.013596e-01,-1.627251e+00,3.492712e-18,543,3851
8.747500e-09,-8.671167e-04,-7.167021e-03,2.500038e-02,-9.913167e+04,-8.193974e+05,2.858216e+06,9.542514e-04,5.193180e-03,-1.712402e-02,3.492712e-18,543,38489
0.000000e+00,-9.898959e-08,-1.810449e-07,5.392207e-07,0.000000e+00,0.000000e+00,0.000000e+00,8.778951e+06,2.099324e+07,-3.522084e+07,3.220390e-18,544,0
1.116818e-09,-5.072179e-04,-1.516669e-03,2.500147e-03,-4.544232e+05,-1.358930e+06,2.239481e+06,2.276397e-01,6.658432e-01,-7.822871e-01,3.220390e-18,544,4914
1.116341e-08,-5.072955e-03,-1.517026e-02,2.500045e-02,-4.544632e+05,-1.359047e+06,2.239620e+06,1.810718e-03,5.530820e-03,-9.789222e-03,3.220390e-18,544,49119
0.000000e+00,2.994328e-08,2.269173e-08,3.872050e-07,0.000000e+00,0.000000e+00,0.000000e+00,-7.502176e+06,-5.116705e+06,-6.496359e+07,4.675296e-18,545,0
6.900000e-10,3.099142e-04,2.203154e-04,2.500415e-03,4.493910e+05,3.194704e+05,3.625255e+06,-2.723559e-01,-1.964957e-01,-1.948388e+00,4.675296e-18,545,3036
6.896136e-09,3.099048e-03,2.203102e-03,2.500033e-02,4.494206e+05,3.194918e+05,3.625468e+06,-2.653465e-03,-1.709948e-03,-1.995559e-02,4.675296e-18,545,30343
0.000000e+00,-2.157970e-07,1.739641e-08,3.751671e-07,0.000000e+00,0.000000e+00,0.000000e+00,3.847690e+07,-4.024064e+06,-4.296774e+07,4.161137e-18,546,0
1.049318e-09,-2.411837e-03,2.276922e-04,2.500481e-03,-2.299494e+06,2.170963e+05,2.383595e+06,7.671822e-01,-8.099356e-02,-6.101267e-01,4.161137e-18,546,4617
1.048841e-08,-2.411796e-02,2.276989e-03,2.500024e-02,-2.299621e+06,2.171097e+05,2.383696e+06,6.747901e-03,-5.096587e-04,-6.609850e-03,4.161137e-18,546,46149
0.000000e+00,-1.535376e-07,1.513965e-07,5.297386e-07,0.000000e+00,0.000000e+00,0.000000e+00,1.773083e+07,-1.670513e+07,-3.595590e+07,3.236669e-18,547,0
1.087273e-09,-1.299960e-03,1.207746e-03,2.500487e-03,-1.196340e+06,1.111427e+06,2.300639e+06,5.415261e-01,-4.691887e-01,-8.088478e-01,3.236669e-18,547,4784
1.086659e-08,-1.300010e-02,1.207740e-02,2.500029e-02,-1.196433e+06,1.111508e+06,2.300779e+06,4.747104e-03,-3.896690e-03,-9.116616e-03,3.236669e-18,547,47813
0.000000e+00,-1.688810e-08,2.568823e-07,4.700361e-07,0.000000e+00,0.000000e+00,0.000000e+00,8.637246e+06,-2.703334e+07,-3.621679e+07,3.406640e-18,548,0
1.167727e-09,-4.854984e-04,2.305077e-03,2.500382e-03,-4.159612e+05,1.975014e+06,2.141846e+06,1.294324e-01,-6.981067e-01,-5.587901e-01,3.406640e-18,548,5138
1.167227e-08,-4.855190e-03,2.305282e-02,2.500039e-02,-4.159851e+05,1.975142e+06,2.141949e+06,1.188781e-03,-5.706529e-03,-6.435906e-03,3.406640e-18,548,51358
0.000000e+00,5.050513e-08,-2.306138e-07,3.939902e-07,0.000000e+00,0.000000e+00,0.000000e+00,-7.620041e+06,3.891013e+07,-4.160129e+07,3.948566e-18,549,0
1.114773e-09,5.317648e-04,-2.591222e-03,2.500316e-03,4.772084e+05,-2.325381e+06,2.243385e+06,-1.373487e-01,6.765208e-01,-4.879858e-01,3.948566e-18,549,4905
1.114386e-08,5.317932e-03,-2.591366e-02,2.500014e-02,4.772325e+05,-2.325499e+06,2.243471e+06,-1.227399e-03,5.673039e-03,-5.579061e-03,3.948566e-18,549,49033
0.000000e+00,-1.486206e-07,2.339218e-07,4.958357e-07,0.000000e+00,0.000000e+00,0.000000e+00,1.426586e+07,-2.492040e+07,-3.147487e+07,3.201802e-18,550,0
1.237045e-09,-1.173244e-03,2.180461e-03,2.500326e-03,-9.488904e+05,1.763561e+06,2.021777e+06,3.147705e-01,-5.934648e-01,-4.917702e-01,3.201802e-18,550,5443
1.236545e-08,-1.173345e-02,2.180716e-02,2.500038e-02,-9.489516e+05,1.763677e+06,2.021874e+06,2.674898e-03,-5.061294e-03,-5.916746e-03,3.201802e-18,550,54408
0.000000e+00,-1.221472e-07,2.691884e-07,4.022446e-07,0.000000e+00,0.000000e+00,0.000000e+00,1.452210e+07,-3.553870e+07,-3.222936e+07,3.583302e-18,551,0
1.386591e-09,-1.207400e-03,3.042118e-03,2.500103e-03,-8.710986e+05,2.194832e+06,1.803394e+06,1.983609e-01,-5.045633e-01,-2.818807e-01,3.583302e-18,551,6101
1.386273e-08,-1.207579e-02,3.042628e-02,2.500013e-02,-8.711418e+05,2.194942e+06,1.803456e+06,1.740328e-03,-4.361909e-03,-3.593243e-03,3.583302e-18,551,60996
0.000000e+00,-5.641614e-08,-1.696704e-07,1.765388e-07,0.000000e+00,0.000000e+00,0.000000e+00,3.771694e+07,1.164217e+08,-9.904572e+07,6.772665e-18,552,0
6.061364e-10,-9.592371e-04,-2.962402e-03,2.500767e-03,-1.582616e+06,-4.887589e+06,4.125834e+06,1.900712e-01,5.937694e-01,-4.317114e-01,6.772665e-18,552,2667
6.059545e-09,-9.589971e-03,-2.961668e-02,2.500082e-02,-1.582634e+06,-4.887646e+06,4.125876e+06,1.860171e-03,5.813707e-03,-4.409693e-03,6.772665e-18,552,26662
0.000000e+00,2.468238e-07,-3.475593e-08,3.244311e-07,0.000000e+00,0.000000e+00,0.000000e+00,-4.839957e+07,4.933297e+06,-4.374247e+07,4.334156e-18,553,0
1.112273e-09,3.004039e-03,-3.012844e-04,2.500497e-03,2.701687e+06,-2.709365e+05,2.248511e+06,-6.438578e-01,5.321997e-02,-4.067466e-01,4.334156e-18,553,4894
1.111841e-08,3.003842e-02,-3.012389e-03,2.500000e-02,2.701800e+06,-2.709458e+05,2.248583e+06,-5.614712e-03,4.516674e-04,-4.456552e-03,4.334156e-18,553,48921
0.000000e+00,7.129723e-08,-1.738491e-08,2.012107e-07,0.000000e+00,0.000000e+00,0.000000e+00,-7.777610e+07,1.322679e+07,-1.954807e+08,7.950913e-18,554,0
3.134091e-10,9.974340e-04,-1.690425e-04,2.501480e-03,3.182585e+06,-5.393526e+05,7.981531e+06,-6.706701e-01,9.634693e-02,-1.565609e+00,7.950913e-18,554,1379
3.132273e-09,9.968785e-03,-1.689415e-03,2.500051e-02,3.182618e+06,-5.393574e+05,7.981608e+06,-6.707313e-03,1.034835e-03,-1.574291e-02,7.950913e-18,554,13782
0.000000e+00,7.044220e-08,-1.537838e-07,4.103898e-07,0.000000e+00,0.000000e+00,0.000000e+00,-1.552719e+07,2.611174e+07,-4.238333e+07,4.135650e-18,555,0
1.082045e-09,1.000760e-03,-1.762996e-03,2.500135e-03,9.254073e+05,-1.630219e+06,2.311324e+06,-3.820139e-01,6.258010e-01,-7.159754e-01,4.135650e-18,555,4761
1.081636e-08,1.000949e-02,-1.763292e-02,2.500029e-02,9.254724e+05,-1.630325e+06,2.311447e+06,-2.905841e-03,5.059693e-03,-8.159259e-03,4.135650e-18,555,47592
0.000000e+00,-1.994198e-07,-1.384773e-07,4.316194e-07,0.000000e+00,0.000000e+00,0.000000e+00,3.031685e+07,2.216302e+07,-3.501912e+07,3.691316e-18,556,0
1.285909e-09,-2.366182e-03,-1.801118e-03,2.500303e-03,-1.840834e+06,-1.401248e+06,1.944762e+06,4.610394e-01,3.533157e-01,-3.477976e-01,3.691316e-18,556,5658
1.285500e-08,-2.366385e-02,-1.801297e-02,2.500010e-02,-1.840927e+06,-1.401319e+06,1.944833e+06,3.880440e-03,3.039464e-03,-4.337656e-03,3.691316e-18,556,56562
0.000000e+00,3.386506e-08,-9.442371e-08,4.415470e-07,0.000000e+00,0.000000e+00,0.000000e+00,-6.652611e+06,1.244599e+07,-4.852871e+07,4.085875e-18,557,0
8.670455e-10,4.053483e-04,-6.663230e-04,2.500492e-03,4.678457e+05,-7.690037e+05,2.885514e+06,-2.904017e-01,4.870937e-01,-1.648399e+00,4.085875e-18,557,3815
8.664091e-09,4.053419e-03,-6.662710e-03,2.500043e-02,4.678855e+05,-7.690704e+05,2.885740e+06,-2.790566e-03,4.646357e-03,-1.712586e-02,4.085875e-18,557,38122
0.000000e+00,-2.568522e-07,1.740590e-09,3.480025e-07,0.000000e+00,0.000000e+00,0.000000e+00,4.521165e+07,-2.476845e+06,-3.907057e+07,4.120255e-18,558,0
1.202500e-09,-3.174575e-03,2.142022e-04,2.500198e-03,-2.640895e+06,1.782172e+05,2.079540e+06,6.060306e-01,-4.525276e-02,-3.436011e-01,4.120255e-18,558,5291
1.202205e-08,-3.174888e-02,2.142508e-03,2.500046e-02,-2.641009e+06,1.782257e+05,2.079606e+06,5.119590e-03,-3.437102e-04,-3.941870e-03,4.120255e-18,558,52897
0.000000e+00,-6.340952e-08,-1.858338e-07,2.750493e-07,0.000000e+00,0.000000e+00,0.000000e+00,1.879661e+07,5.809745e+07,-6.345150e+07,5.210261e-18,559,0
8.350000e-10,-7.723522e-04,-2.384509e-03,2.500122e-03,-9.251919e+05,-2.856386e+06,2.994615e+06,2.355160e-01,7.280268e-01,-6.255317e-01,5.210261e-18,559,3674
8.348409e-09,-7.723891e-03,-2.384631e-02,2.500040e-02,-9.252230e+05,-2.856482e+06,2.994698e+06,2.252736e-03,6.949173e-03,-6.521763e-03,5.210261e-18,559,36733
0.000000e+00,-1.436776e-07,1.143344e-07,3.730473e-07,0.000000e+00,0.000000e+00,0.000000e+00,2.340329e+07,-2.343908e+07,-4.955455e+07,4.341874e-18,560,0
8.811364e-10,-1.286355e-03,1.211045e-03,2.500166e-03,-1.460531e+06,1.375040e+06,2.838380e+06,5.939179e-01,-5.696832e-01,-1.002408e+00,4.341874e-18,560,3877
8.807955e-09,-1.286426e-02,1.211125e-02,2.500040e-02,-1.460613e+06,1.375119e+06,2.838519e+06,5.645002e-03,-5.314961e-03,-1.044592e-02,4.341874e-18,560,38755
0.000000e+00,-9.089037e-08,2.043659e-07,4.574414e-07,0.000000e+00,0.000000e+00,0.000000e+00,2.054351e+07,-2.623270e+07,-3.325494e+07,3.595912e-18,561,0
1.286364e-09,-1.600593e-03,2.214496e-03,2.500232e-03,-1.244878e+06,1.722375e+06,1.944137e+06,3.458570e-01,-5.231411e-01,-4.070972e-01,3.595912e-18,561,5660
1.285932e-08,-1.600818e-02,2.214849e-02,2.500043e-02,-1.244948e+06,1.722481e+06,1.944220e+06,3.006652e-03,-4.387793e-03,-5.154314e-03,3.595912e-18,561,56581
0.000000e+00,-1.675934e-07,1.204569e-07,3.712927e-07,0.000000e+00,0.000000e+00,0.000000e+00,3.147237e+07,-2.367216e+07,-4.508838e+07,4.243577e-18,562,0
1.015000e-09,-1.921513e-03,1.387851e-03,2.500485e-03,-1.893901e+06,1.367918e+06,2.464187e+06,6.096609e-01,-4.521297e-01,-6.488640e-01,4.243577e-18,562,4466
1.014545e-08,-1.921443e-02,1.387811e-02,2.500042e-02,-1.893999e+06,1.367990e+06,2.464291e+06,5.468822e-03,-3.978202e-03,-6.997275e-03,4.243577e-18,562,44640
0.000000e+00,1.547636e-07,-1.088937e-08,5.452281e-07,0.000000e+00,0.000000e+00,0.000000e+00,-1.607300e+07,3.951943e+05,-3.764793e+07,3.294536e-18,563,0
1.033864e-09,1.160482e-03,-3.917176e-05,2.500466e-03,1.123275e+06,-3.791055e+04,2.419736e+06,-6.310604e-01,2.350741e-02,-1.110684e+00,3.294536e-18,563,4549
1.033182e-08,1.160544e-02,-3.916920e-04,2.500045e-02,1.123378e+06,-3.791443e+04,2.419918e+06,-5.399545e-03,1.247062e-04,-1.269988e-02,3.294536e-18,563,45460
0.000000e+00,2.168526e-08,6.571468e-08,3.573666e-07,0.000000e+00,0.000000e+00,0.000000e+00,-4.860233e+06,-2.089378e+07,-6.915802e+07,4.936496e-18,564,0
6.729545e-10,1.934186e-04,8.009017e-04,2.500521e-03,2.875384e+05,1.190685e+06,3.716983e+06,-1.455185e-01,-6.417685e-01,-1.736598e+00,4.936496e-18,564,2961
6.725909e-09,1.933953e-03,8.008405e-03,2.500018e-02,2.875539e+05,1.190753e+06,3.717168e+06,-1.381924e-03,-6.186387e-03,-1.763586e-02,4.936496e-18,564,29594
0.000000e+00,-4.432540e-08,-4.142976e-08,4.282189e-07,0.000000e+00,0.000000e+00,0.000000e+00,-5.834133e+06,-1.935070e+06,-4.998885e+07,4.279621e-18,565,0
8.345455e-10,2.625270e-04,9.780561e-05,2.500463e-03,3.148597e+05,1.173904e+05,2.997983e+06,-2.106439e-01,-1.102166e-01,-1.856798e+00,4.279621e-18,565,3672
8.339091e-09,2.625579e-03,9.788573e-04,2.500048e-02,3.148875e+05,1.174049e+05,2.998228e+06,-2.162707e-03,-1.138236e-03,-1.939292e-02,4.279621e-18,565,36692
0.000000e+00,-1.826572e-07,2.184231e-08,5.593909e-07,0.000000e+00,0.000000e+00,0.000000e+00,2.105879e+07,-6.416962e+06,-3.769769e+07,3.172034e-18,566,0
9.993182e-10,-1.428418e-03,3.717331e-04,2.500429e-03,-1.430313e+06,3.721455e+05,2.503241e+06,7.415266e-01,-1.211016e-01,-1.084107e+00,3.172034e-18,566,4397
9.987045e-09,-1.428455e-02,3.716617e-03,2.500015e-02,-1.430430e+06,3.721645e+05,2.503412e+06,6.126197e-03,-1.637209e-03,-1.164678e-02,3.172034e-18,566,43943
0.000000e+00,-1.370216e-07,1.276801e-07,2.857288e-07,0.000000e+00,0.000000e+00,0.000000e+00,4.131750e+07,-3.993097e+07,-6.656201e+07,5.139177e-18,567,0
7.929545e-10,-1.612105e-03,1.555318e-03,2.500337e-03,-2.033535e+06,1.961909e+06,3.153719e+06,5.681209e-01,-5.505331e-01,-7.506077e-01,5.139177e-18,567,3489
7.927273e-09,-1.612041e-02,1.555261e-02,2.500052e-02,-2.033606e+06,1.961978e+06,3.153813e+06,5.497264e-03,-5.300650e-03,-7.740645e-03,5.139177e-18,567,34880
0.000000e+00,-1.933857e-08,1.802748e-07,6.179468e-07,0.000000e+00,0.000000e+00,0.000000e+00,6.407397e+05,-1.773361e+07,-3.640751e+07,2.892172e-18,568,0
9.881818e-10,-6.129531e-05,1.298489e-03,2.500103e-03,-6.205458e+04,1.314984e+06,2.531179e+06,2.546386e-02,-7.842128e-01,-1.191562e+00,2.892172e-18,568,4348
9.876818e-09,-6.129051e-04,1.298780e-02,2.500020e-02,-6.205852e+04,1.315106e+06,2.531366e+06,-1.490304e-05,-6.508886e-03,-1.275940e-02,2.892172e-18,568,43458
0.000000e+00,1.691787e-07,-1.098190e-07,3.567574e-07,0.000000e+00,0.000000e+00,0.000000e+00,-3.659395e+07,2.061583e+07,-4.814949e+07,4.389155e-18,569,0
9.065909e-10,1.833573e-03,-1.021164e-03,2.500025e-03,2.023281e+06,-1.126790e+06,2.758336e+06,-7.133489e-01,3.904763e-01,-7.730459e-01,4.389155e-18,569,3989
9.063409e-09,1.833780e-02,-1.021256e-02,2.500002e-02,2.023383e+06,-1.126846e+06,2.758447e+06,-6.655190e-03,3.544154e-03,-8.245457e-03,4.389155e-18,569,39879
0.000000e+00,4.545549e-08,9.821247e-08,4.289606e-07,0.000000e+00,0.000000e+00,0.000000e+00,-9.062821e+06,-1.622973e+07,-5.002822e+07,4.142664e-18,570,0
7.809091e-10,4.195412e-04,7.816323e-04,2.500440e-03,5.375632e+05,1.001530e+06,3.203386e+06,-3.237232e-01,-6.239816e-01,-1.617605e+00,4.142664e-18,570,3436
7.804318e-09,4.195299e-03,7.816233e-03,2.500029e-02,5.376031e+05,1.001607e+06,3.203585e+06,-3.104970e-03,-5.955504e-03,-1.672995e-02,4.142664e-18,570,34339
0.000000e+00,2.032270e-07,6.662117e-08,3.985272e-07,0.000000e+00,0.000000e+00,0.000000e+00,-3.161380e+07,-1.067221e+07,-4.317024e+07,4.003896e-18,571,0
1.037727e-09,2.089109e-03,7.169876e-04,2.500437e-03,2.014132e+06,6.912994e+05,2.410254e+06,-7.364647e-01,-2.844709e-01,-6.907611e-01,4.003896e-18,571,4566
1.037250e-08,2.089150e-02,7.170470e-03,2.500048e-02,2.014252e+06,6.913459e+05,2.410368e+06,-6.539457e-03,-2.562665e-03,-7.406606e-03,4.003896e-18,571,45639
0.000000e+00,-1.201738e-07,1.437886e-08,5.492930e-07,0.000000e+00,0.000000e+00,0.000000e+00,1.205856e+07,-1.391660e+06,-3.662581e+07,3.352385e-18,572,0
1.031136e-09,-8.719398e-04,1.642958e-04,2.500137e-03,-8.462324e+05,1.594820e+05,2.425965e+06,4.982589e-01,-1.054282e-01,-1.224904e+00,3.352385e-18,572,4537
1.030523e-08,-8.720599e-03,1.643478e-03,2.500029e-02,-8.463134e+05,1.594991e+05,2.426165e+06,4.101765e-03,-9.857469e-04,-1.378530e-02,3.352385e-18,572,45343
0.000000e+00,8.217257e-08,5.021996e-08,2.747397e-07,0.000000e+00,0.000000e+00,0.000000e+00,-3.750909e+07,-2.494062e+07,-1.058316e+08,6.000495e-18,573,0
5.311364e-10,9.006333e-04,6.009097e-04,2.500027e-03,1.695980e+06,1.131590e+06,4.707587e+06,-6.063357e-01,-4.184223e-01,-1.536224e+00,6.000495e-18,573,2337
5.310682e-09,9.006850e-03,6.009536e-03,2.500066e-02,1.696031e+06,1.131626e+06,4.707716e+06,-5.935067e-03,-4.097620e-03,-1.553764e-02,6.000495e-18,573,23367
0.000000e+00,-1.645516e-08,-2.337791e-07,4.623254e-07,0.000000e+00,0.000000e+00,0.000000e+00,5.114226e+06,2.868384e+07,-3.800639e+07,3.544614e-18,574,0
1.124091e-09,-3.646336e-04,-2.098072e-03,2.500461e-03,-3.245662e+05,-1.867478e+06,2.225156e+06,1.250872e-01,7.289699e-01,-6.658798e-01,3.544614e-18,574,4946
1.123523e-08,-3.646552e-03,-2.098147e-02,2.500030e-02,-3.245883e+05,-1.867607e+06,2.225275e+06,1.061164e-03,6.139969e-03,-7.594900e-03,3.544614e-18,574,49435
0.000000e+00,-1.689413e-07,1.064221e-07,4.267381e-07,0.000000e+00,0.000000e+00,0.000000e+00,2.264282e+07,-1.743111e+07,-4.089541e+07,3.889333e-18,575,0
1.063636e-09,-1.526979e-03,1.186389e-03,2.500004e-03,-1.436419e+06,1.116067e+06,2.351293e+06,6.071708e-01,-4.775968e-01,-7.898560e-01,3.889333e-18,575,4680
1.063250e-08,-1.527268e-02,1.186652e-02,2.500026e-02,-1.436521e+06,1.116147e+06,2.351427e+06,5.088822e-03,-3.830578e-03,-8.607553e-03,3.889333e-18,575,46783
0.000000e+00,2.359756e-07,-2.924730e-08,2.638818e-07,0.000000e+00,0.000000e+00,0.000000e+00,-6.401515e+07,8.415819e+06,-5.198088e+07,4.911734e-18,576,0
1.019318e-09,3.242956e-03,-4.151136e-04,2.500174e-03,3.182192e+06,-4.073244e+05,2.453086e+06,-6.006434e-01,6.875541e-02,-3.547237e-01,4.911734e-18,576,4485
1.019136e-08,3.243090e-02,-4.151195e-03,2.500043e-02,3.182289e+06,-4.073354e+05,2.453144e+06,-5.409892e-03,6.735870e-04,-3.815651e-03,4.911734e-18,576,44842
0.000000e+00,-5.834086e-08,-6.975995e-08,4.643409e-07,0.000000e+00,0.000000e+00,0.000000e+00,-6.047643e+07,4.478969e+07,-8.508314e+07,3.965690e-18,577,0
6.627273e-10,1.758066e-03,-1.304785e-03,2.500192e-03,2.653446e+06,-1.969138e+06,3.772649e+06,-6.423334e-01,4.684798e-01,-7.930498e-01,3.965690e-18,577,2916
6.626591e-09,1.758319e-02,-1.304870e-02,2.500017e-02,2.653514e+06,-1.969187e+06,3.772732e+06,-6.252018e-03,4.548809e-03,-8.094149e-03,3.965690e-18,577,29157
0.000000e+00,1.997714e-07,-4.879619e-08,4.085760e-07,0.000000e+00,0.000000e+00,0.000000e+00,-3.330278e+07,6.899666e+06,-4.022449e+07,3.984282e-18,578,0
1.103409e-09,2.250183e-03,-3.957829e-04,2.500502e-03,2.040300e+06,-3.588108e+05,2.266871e+06,-7.126366e-01,1.045227e-01,-6.371383e-01,3.984282e-18,578,4855
1.102841e-08,2.250118e-02,-3.957130e-03,2.500011e-02,2.040423e+06,-3.588290e+05,2.266982e+06,-5.976029e-03,8.793732e-04,-7.044167e-03,3.984282e-18,578,48525
0.000000e+00,9.555839e-08,9.350114e-08,2.365114e-07,0.000000e+00,0.000000e+00,0.000000e+00,-5.194044e+07,-5.462165e+07,-1.091034e+08,6.344590e-18,579,0
5.343182e-10,1.204344e-03,1.268464e-03,2.500948e-03,2.254232e+06,2.374274e+06,4.680984e+06,-5.638353e-01,-6.104763e-01,-1.045916e+00,6.344590e-18,579,2351
5.340909e-09,1.203971e-02,1.268083e-02,2.500087e-02,2.254280e+06,2.374325e+06,4.681072e+06,-5.558979e-03,-5.988116e-03,-1.056673e-02,6.344590e-18,579,23500
0.000000e+00,1.324457e-07,-3.010859e-08,2.875702e-07,0.000000e+00,0.000000e+00,0.000000e+00,-4.897863e+07,8.176632e+06,-8.298359e+07,5.534157e-18,580,0
6.475000e-10,1.520230e-03,-2.574934e-04,2.500604e-03,2.348423e+06,-3.977701e+05,3.862629e+06,-8.218684e-01,1.500686e-01,-1.200315e+00,5.534157e-18,580,2849
6.472273e-09,1.519967e-02,-2.574488e-03,2.500013e-02,2.348508e+06,-3.977855e+05,3.862752e+06,-8.091468e-03,1.332334e-03,-1.219817e-02,5.534157e-18,580,28478
0.000000e+00,-1.085214e-07,-1.396752e-07,4.543151e-07,0.000000e+00,0.000000e+00,0.000000e+00,1.325947e+07,1.960085e+07,-4.416598e+07,3.798047e-18,581,0
9.877273e-10,-8.498909e-04,-1.252348e-03,2.500144e-03,-8.609945e+05,-1.268716e+06,2.532257e+06,4.519409e-01,6.491711e-01,-1.030467e+00,3.798047e-18,581,4346
9.872727e-09,-8.500345e-03,-1.252564e-02,2.500043e-02,-8.610649e+05,-1.268817e+06,2.532418e+06,3.857098e-03,5.684421e-03,-1.128497e-02,3.798047e-18,581,43440
0.000000e+00,1.422226e-08,5.903688e-08,2.229624e-07,0.000000e+00,0.000000e+00,0.000000e+00,-1.435496e+07,-5.558907e+07,-1.633334e+08,7.417717e-18,582,0
3.686364e-10,2.215178e-04,8.568668e-04,2.500477e-03,6.009605e+05,2.324598e+06,6.783286e+06,-1.726522e-01,-6.634329e-01,-1.679370e+00,7.417717e-18,582,1622
3.685682e-09,2.214959e-03,8.567769e-03,2.500121e-02,6.009706e+05,2.324636e+06,6.783384e+06,-1.690225e-03,-6.548905e-03,-1.687606e-02,7.417717e-18,582,16217
0.000000e+00,2.918814e-08,8.497977e-09,6.227647e-07,0.000000e+00,0.000000e+00,0.000000e+00,-4.961838e+06,-9.578048e+05,-3.758260e+07,3.033194e-18,583,0
9.350000e-10,3.065575e-04,8.122188e-05,2.500155e-03,3.281298e+05,8.698518e+04,2.675497e+06,-2.176232e-01,-8.254613e-02,-1.591520e+00,3.033194e-18,583,4114
9.344091e-09,3.066054e-03,8.127732e-04,2.500029e-02,3.281619e+05,8.699734e+04,2.675732e+06,-1.870047e-03,2.817194e-04,-1.722068e-02,3.033194e-18,583,41114
0.000000e+00,-1.372327e-07,2.129588e-07,2.638287e-07,0.000000e+00,0.000000e+00,0.000000e+00,3.411401e+07,-6.049644e+07,-3.077396e+07,4.774539e-18,584,0
1.658636e-09,-2.858225e-03,5.044143e-03,2.500158e-03,-1.723505e+06,3.041627e+06,1.507428e+06,1.312151e-01,-2.321561e-01,-8.085490e-02,4.774539e-18,584,7298
1.658455e-08,-2.858353e-02,5.044394e-02,2.500016e-02,-1.723540e+06,3.041687e+06,1.507450e+06,1.139764e-03,-2.007352e-03,-9.940792e-04,4.774539e-18,584,72972
0.000000e+00,-1.952368e-07,-1.001735e-07,3.795159e-07,0.000000e+00,0.000000e+00,0.000000e+00,3.604198e+07,1.825962e+07,-4.471344e+07,4.131447e-18,585,0
1.050455e-09,-2.234299e-03,-1.177966e-03,2.500008e-03,-2.127817e+06,-1.121832e+06,2.380477e+06,6.343211e-01,3.299525e-01,-5.597353e-01,4.131447e-18,585,4622
1.050205e-08,-2.234638e-02,-1.178149e-02,2.500003e-02,-2.127922e+06,-1.121886e+06,2.380570e+06,5.630688e-03,2.801744e-03,-6.154613e-03,4.131447e-18,585,46209
0.000000e+00,-1.142778e-07,-4.229698e-08,4.199582e-07,0.000000e+00,0.000000e+00,0.000000e+00,1.652611e+07,3.246461e+06,-5.071340e+07,4.212534e-18,586,0
8.459091e-10,-9.159126e-04,-2.047190e-04,2.500628e-03,-1.083449e+06,-2.421098e+05,2.957592e+06,6.521890e-01,1.063675e-01,-1.543918e+00,4.212534e-18,586,3722
8.452955e-09,-9.158309e-03,-2.046548e-03,2.500046e-02,-1.083536e+06,-2.421240e+05,2.957799e+06,6.382513e-03,9.344024e-04,-1.603258e-02,4.212534e-18,586,37193
0.000000e+00,-1.203204e-07,-2.427268e-07,4.795304e-07,0.000000e+00,0.000000e+00,0.000000e+00,1.629948e+07,2.882004e+07,-3.369858e+07,3.319118e-18,587,0
1.249773e-09,-1.228964e-03,-2.318424e-03,2.500321e-03,-9.838040e+05,-1.855928e+06,2.001100e+06,2.975525e-01,5.546914e-01,-4.372108e-01,3.319118e-18,587,5499
1.249318e-08,-1.229082e-02,-2.318640e-02,2.500032e-02,-9.838626e+05,-1.856037e+06,2.001187e+06,2.637720e-03,4.584257e-03,-5.320790e-03,3.319118e-18,587,54970
0.000000e+00,-4.581847e-08,2.008589e-07,4.057597e-07,0.000000e+00,0.000000e+00,0.000000e+00,6.596491e+06,-3.116576e+07,-4.348785e+07,3.982504e-18,588,0
9.965909e-10,-4.610613e-04,1.858023e-03,2.500420e-03,-4.628556e+05,1.865336e+06,2.509880e+06,1.684318e-01,-7.783970e-01,-8.641751e-01,3.982504e-18,588,4385
9.960682e-09,-4.610337e-03,1.857997e-02,2.500022e-02,-4.628820e+05,1.865458e+06,2.510017e+06,1.641233e-03,-6.890263e-03,-9.249273e-03,3.982504e-18,588,43827
0.000000e+00,-2.264010e-07,-9.470055e-08,4.952226e-07,0.000000e+00,0.000000e+00,0.000000e+00,2.820023e+07,9.268767e+06,-3.521086e+07,3.330512e-18,589,0
1.172500e-09,-2.237282e-03,-8.437842e-04,2.500304e-03,-1.909072e+06,-7.200016e+05,2.133043e+06,6.370901e-01,2.405667e-01,-5.492575e-01,3.330512e-18,589,5159
1.172045e-08,-2.237512e-02,-8.438716e-03,2.500043e-02,-1.909190e+06,-7.200460e+05,2.133145e+06,5.286183e-03,1.948836e-03,-6.412140e-03,3.330512e-18,589,51570
0.000000e+00,-1.429783e-07,-8.944666e-08,3.575906e-07,0.000000e+00,0.000000e+00,0.000000e+00,2.925024e+07,1.688123e+07,-5.988055e+07,4.575834e-18,590,0
7.829545e-10,-1.296475e-03,-7.401022e-04,2.500289e-03,-1.656532e+06,-9.456381e+05,3.194364e+06,7.088443e-01,4.115550e-01,-1.196996e+00,4.575834e-18,590,3445
7.826364e-09,-1.296462e-02,-7.400915e-03,2.500036e-02,-1.656620e+06,-9.456890e+05,3.194512e+06,7.001897e-03,3.886598e-03,-1.246645e-02,4.575834e-18,590,34436
0.000000e+00,6.943940e-08,-4.582388e-09,1.323553e-07,0.000000e+00,0.000000e+00,0.000000e+00,-2.101399e+08,1.329829e+07,-3.801955e+08,1.110433e-17,591,0
1.643182e-10,1.382406e-03,-8.747419e-05,2.500801e-03,8.412709e+06,-5.323276e+05,1.521871e+07,-7.271676e-01,4.474472e-02,-1.267865e+00,1.110433e-17,591,723
1.642727e-09,1.381985e-02,-8.744736e-04,2.500033e-02,8.412728e+06,-5.323288e+05,1.521875e+07,-7.260722e-03,4.485206e-04,-1.269017e-02,1.110433e-17,591,7228
0.000000e+00,-2.121357e-07,7.840225e-08,3.720726e-07,0.000000e+00,0.000000e+00,0.000000e+00,3.762013e+07,-1.311037e+07,-4.208098e+07,4.131402e-18,592,0
1.091591e-09,-2.464300e-03,8.505303e-04,2.500057e-03,-2.258494e+06,7.795055e+05,2.290860e+06,6.946164e-01,-2.500598e-01,-5.421427e-01,4.131402e-18,592,4803
1.091295e-08,-2.464676e-02,8.506687e-03,2.500019e-02,-2.258613e+06,7.795485e+05,2.290954e+06,6.014791e-03,-2.086398e-03,-5.882115e-03,4.131402e-18,592,48017
0.000000e+00,2.671473e-08,1.642582e-07,5.468393e-07,0.000000e+00,0.000000e+00,0.000000e+00,3.558315e+05,-1.261581e+07,-3.213798e+07,3.268956e-18,593,0
1.130000e-09,5.180738e-05,1.102106e-03,2.500000e-03,4.587334e+04,9.761345e+05,2.213667e+06,-2.435411e-02,-5.898087e-01,-1.043600e+00,3.268956e-18,593,4972
1.129364e-08,5.180839e-04,1.102407e-02,2.500048e-02,4.587766e+04,9.762394e+05,2.213855e+06,-6.231000e-05,-5.165126e-03,-1.237213e-02,3.268956e-18,593,49692
0.000000e+00,2.403031e-08,5.845253e-08,3.889478e-07,0.000000e+00,0.000000e+00,0.000000e+00,-3.536388e+06,-1.789497e+07,-6.251079e+07,4.613293e-18,594,0
7.229545e-10,1.523703e-04,7.255611e-04,2.500570e-03,2.108324e+05,1.004139e+06,3.460175e+06,-8.716491e-02,-5.760450e-01,-1.741006e+00,4.613293e-18,594,3181
7.225227e-09,1.523314e-03,7.255101e-03,2.500064e-02,2.108424e+05,1.004205e+06,3.460374e+06,-9.131610e-04,-5.650966e-03,-1.793321e-02,4.613293e-18,594,31791
0.000000e+00,-6.538873e-09,-1.304168e-07,3.590680e-07,0.000000e+00,0.000000e+00,0.000000e+00,2.745108e+05,2.921431e+07,-6.271978e+07,4.735313e-18,595,0
7.377273e-10,-5.934451e-06,-1.231342e-03,2.500273e-03,-8.025555e+03,-1.669791e+06,3.390260e+06,-1.179205e-02,7.668712e-01,-1.417683e+00,4.735313e-18,595,3246
7.374091e-09,-5.918738e-05,-1.231317e-02,2.500018e-02,-8.024167e+03,-1.669880e+06,3.390426e+06,-9.555096e-05,7.436566e-03,-1.455536e-02,4.735313e-18,595,32446
0.000000e+00,-1.167057e-08,-2.078869e-07,2.714843e-07,0.000000e+00,0.000000e+00,0.000000e+00,5.103471e+06,6.574623e+07,-5.607170e+07,5.142984e-18,596,0
9.454545e-10,-2.385517e-04,-3.049030e-03,2.500299e-03,-2.523808e+05,-3.225645e+06,2.644871e+06,5.647162e-02,6.504018e-01,-4.212932e-01,5.142984e-18,596,4160
9.452273e-09,-2.385568e-03,-3.048969e-02,2.500018e-02,-2.523892e+05,-3.225742e+06,2.644934e+06,5.352587e-04,5.921110e-03,-4.483530e-03,5.142984e-18,596,41590
0.000000e+00,-6.682607e-08,7.401967e-08,5.661254e-07,0.000000e+00,0.000000e+00,0.000000e+00,8.033056e+06,-7.017022e+06,-3.840900e+07,3.279377e-18,597,0
9.872727e-10,-6.171522e-04,4.963220e-04,2.500264e-03,-6.256341e+05,5.030729e+05,2.533749e+06,4.187123e-01,-2.980287e-01,-1.271477e+00,3.279377e-18,597,4344
9.866818e-09,-6.172978e-03,4.963722e-03,2.500026e-02,-6.256993e+05,5.031193e+05,2.533948e+06,3.213456e-03,-2.315800e-03,-1.452710e-02,3.279377e-18,597,43414
0.000000e+00,-9.631097e-08,-1.094720e-07,2.517227e-07,0.000000e+00,0.000000e+00,0.000000e+00,4.440713e+07,4.864780e+07,-9.377285e+07,5.991871e-18,598,0
6.020455e-10,-1.206155e-03,-1.318963e-03,2.500931e-03,-2.003763e+06,-2.191153e+06,4.154543e+06,5.683289e-01,6.085254e-01,-1.040568e+00,5.991871e-18,598,2649
6.017500e-09,-1.205768e-02,-1.318531e-02,2.500011e-02,-2.003817e+06,-2.191211e+06,4.154642e+06,5.581253e-03,5.988358e-03,-1.056971e-02,5.991871e-18,598,26477
0.000000e+00,2.044705e-07,-1.126959e-07,4.532429e-07,0.000000e+00,0.000000e+00,0.000000e+00,-2.715479e+07,1.265862e+07,-3.944748e+07,3.605079e-18,599,0
1.060000e-09,1.743360e-03,-9.828584e-04,2.500264e-03,1.645519e+06,-9.277500e+05,2.359568e+06,-6.622074e-01,3.869056e-01,-7.692486e-01,3.605079e-18,599,4664
1.059523e-08,1.743463e-02,-9.829677e-03,2.500030e-02,1.645630e+06,-9.278147e+05,2.359697e+06,-5.464129e-03,3.324322e-03,-8.535039e-03,3.605079e-18,599,46619
0.000000e+00,2.217157e-07,5.463867e-08,5.460863e-07,0.000000e+00,0.000000e+00,0.000000e+00,-2.136013e+07,-8.150956e+06,-3.291602e+07,3.108618e-18,600,0
1.189773e-09,1.825825e-03,7.409729e-04,2.500223e-03,1.535551e+06,6.232321e+05,2.102163e+06,-6.488662e-01,-2.775606e-01,-6.518830e-01,3.108618e-18,600,5235
1.189250e-08,1.826149e-02,7.411718e-03,2.500018e-02,1.535673e+06,6.232841e+05,2.102286e+06,-5.577393e-03,-2.258132e-03,-7.847913e-03,3.108618e-18,600,52327
0.000000e+00,2.075932e-07,-3.316870e-08,1.881045e-07,0.000000e+00,0.000000e+00,0.000000e+00,-1.029831e+08,1.593708e+07,-7.365293e+07,6.052751e-18,601,0
7.950000e-10,3.550938e-03,-5.471755e-04,2.500272e-03,4.466953e+06,-6.883211e+05,3.145122e+06,-5.336061e-01,7.848518e-02,-3.080624e-01,6.052751e-18,601,3498
7.948864e-09,3.550730e-02,-5.471389e-03,2.500027e-02,4.467020e+06,-6.883309e+05,3.145161e+06,-5.115177e-03,7.540384e-04,-3.195502e-03,6.052751e-18,601,34975
0.000000e+00,-1.278272e-07,2.206789e-07,3.065501e-07,0.000000e+00,0.000000e+00,0.000000e+00,2.633676e+07,-4.701176e+07,-4.751347e+07,4.426392e-18,602,0
1.061136e-09,-1.471733e-03,2.659924e-03,2.500423e-03,-1.387316e+06,2.507391e+06,2.356745e+06,3.084922e-01,-5.719959e-01,-4.106313e-01,4.426392e-18,602,4669
1.060795e-08,-1.471660e-02,2.659829e-02,2.500038e-02,-1.387368e+06,2.507487e+06,2.356814e+06,2.864119e-03,-4.946123e-03,-4.473992e-03,4.426392e-18,602,46675
0.000000e+00,1.815161e-07,-3.268275e-08,4.088557e-07,0.000000e+00,0.000000e+00,0.000000e+00,-2.883234e+07,1.272387e+06,-4.416265e+07,4.068544e-18,603,0
1.007955e-09,1.916022e-03,-1.753625e-04,2.500264e-03,1.901960e+06,-1.740623e+05,2.481400e+06,-7.842058e-01,5.867174e-02,-8.389354e-01,4.068544e-18,603,4435
1.007500e-08,1.916212e-02,-1.753663e-03,2.500024e-02,1.902085e+06,-1.740717e+05,2.481534e+06,-6.768784e-03,6.289124e-04,-8.989079e-03,4.068544e-18,603,44330
0.000000e+00,-2.303106e-08,4.543309e-09,2.388107e-07,0.000000e+00,0.000000e+00,0.000000e+00,1.590975e+07,-7.279061e+06,-1.696479e+08,7.198532e-18,604,0
3.543182e-10,-2.353512e-04,1.084664e-04,2.501364e-03,-6.642668e+05,3.061662e+05,7.059935e+06,1.960785e-01,-1.088728e-01,-1.986448e+00,7.198532e-18,604,1559
3.541136e-09,-2.352278e-03,1.084178e-03,2.500039e-02,-6.642778e+05,3.061723e+05,7.060046e+06,2.015068e-03,-9.814278e-04,-2.008761e-02,7.198532e-18,604,15581
0.000000e+00,-1.489318e-07,4.848153e-08,6.078965e-07,0.000000e+00,0.000000e+00,0.000000e+00,1.368206e+07,-6.544898e+06,-3.521687e+07,2.979188e-18,605,0
1.016364e-09,-1.010562e-03,3.545007e-04,2.500223e-03,-9.949818e+05,3.490064e+05,2.461166e+06,5.612124e-01,-1.994942e-01,-1.181427e+00,2.979188e-18,605,4472
1.015773e-08,-1.010673e-02,3.545137e-03,2.500007e-02,-9.950717e+05,3.490384e+05,2.461356e+06,4.628806e-03,-1.954431e-03,-1.306074e-02,2.979188e-18,605,44694
0.000000e+00,-2.647277e-08,-1.134312e-08,4.854949e-07,0.000000e+00,0.000000e+00,0.000000e+00,1.789826e+06,-9.716941e+04,-4.475101e+07,3.845160e-18,606,0
9.352273e-10,-1.465354e-04,-6.208033e-05,2.500320e-03,-1.568291e+05,-6.637164e+04,2.675071e+06,1.379696e-01,-1.625461e-02,-1.572396e+00,3.845160e-18,606,4115
9.345682e-09,-1.465681e-03,-6.202792e-04,2.500050e-02,-1.568494e+05,-6.636927e+04,2.675304e+06,7.786363e-04,7.264547e-04,-1.706658e-02,3.845160e-18,606,41121
0.000000e+00,2.538552e-07,-2.775577e-08,3.674255e-07,0.000000e+00,0.000000e+00,0.000000e+00,-4.095882e+07,4.855780e+06,-3.965403e+07,4.002227e-18,607,0
1.167500e-09,2.868075e-03,-3.366594e-04,2.500164e-03,2.457527e+06,-2.884549e+05,2.141923e+06,-6.382826e-01,6.466720e-02,-4.181890e-01,4.002227e-18,607,5137
1.167182e-08,2.868374e-02,-3.366785e-03,2.500028e-02,2.457644e+06,-2.884668e+05,2.142001e+06,-5.475981e-03,5.515080e-04,-4.735262e-03,4.002227e-18,607,51356
0.000000e+00,-1.114962e-07,-9.414806e-08,3.854250e-07,0.000000e+00,0.000000e+00,0.000000e+00,1.922036e+07,1.702838e+07,-5.260582e+07,4.425236e-18,608,0
8.452273e-10,-1.028354e-03,-8.353065e-04,2.500048e-03,-1.217322e+06,-9.887846e+05,2.959058e+06,6.176522e-01,5.086139e-01,-1.319273e+00,4.425236e-18,608,3719
8.448636e-09,-1.028467e-02,-8.353867e-03,2.500009e-02,-1.217405e+06,-9.888525e+05,2.959235e+06,6.060827e-03,4.962272e-03,-1.362316e-02,4.425236e-18,608,37174
0.000000e+00,1.842748e-08,-2.087137e-07,3.724027e-07,0.000000e+00,0.000000e+00,0.000000e+00,-3.075096e+06,3.955772e+07,-4.810139e+07,4.237766e-18,609,0
9.702273e-10,2.065503e-04,-2.249535e-03,2.500338e-03,2.130721e+05,-2.319580e+06,2.577738e+06,-1.458354e-01,8.295796e-01,-7.151052e-01,4.237766e-18,609,4269
9.698409e-09,2.066442e-03,-2.249617e-02,2.500009e-02,2.130943e+05,-2.319707e+06,2.577848e+06,-1.348488e-03,7.613094e-03,-7.762951e-03,4.237766e-18,609,42673
0.000000e+00,5.517575e-08,-7.291360e-08,5.282599e-07,0.000000e+00,0.000000e+00,0.000000e+00,-2.451399e+06,4.574762e+06,-4.665193e+07,3.513447e-18,610,0
8.281818e-10,2.382742e-04,-2.743015e-04,2.500622e-03,2.879179e+05,-3.314035e+05,3.021117e+06,-2.046748e-01,2.212094e-01,-1.889401e+00,3.513447e-18,610,3644
8.275227e-09,2.382577e-03,-2.742457e-03,2.500054e-02,2.879446e+05,-3.314325e+05,3.021364e+06,-2.093731e-03,2.229701e-03,-1.950670e-02,3.513447e-18,610,36411
0.000000e+00,1.984126e-07,9.619156e-08,4.083942e-07,0.000000e+00,0.000000e+00,0.000000e+00,-2.899518e+07,-1.564008e+07,-4.113998e+07,3.906221e-18,611,0
1.104318e-09,2.025323e-03,1.150368e-03,2.500262e-03,1.834912e+06,1.042219e+06,2.264721e+06,-6.462330e-01,-3.556010e-01,-5.936318e-01,3.906221e-18,611,4859
1.103886e-08,2.025527e-02,1.150485e-02,2.500009e-02,1.835025e+06,1.042281e+06,2.264825e+06,-5.348445e-03,-2.927885e-03,-6.739761e-03,3.906221e-18,611,48571
0.000000e+00,1.383564e-07,-1.420856e-07,4.432608e-07,0.000000e+00,0.000000e+00,0.000000e+00,-1.823163e+07,1.826219e+07,-4.223004e+07,3.794259e-18,612,0
9.947727e-10,1.164657e-03,-1.153568e-03,2.500110e-03,1.171454e+06,-1.160271e+06,2.514292e+06,-5.461439e-01,5.340444e-01,-9.904385e-01,3.794259e-18,612,4377
9.943182e-09,1.164794e-02,-1.153677e-02,2.500018e-02,1.171540e+06,-1.160355e+06,2.514448e+06,-4.913749e-03,4.498509e-03,-1.071000e-02,3.794259e-18,612,43750
0.000000e+00,-3.271011e-09,-2.853304e-08,5.903071e-07,0.000000e+00,0.000000e+00,0.000000e+00,-4.190739e+05,3.089596e+06,-4.209881e+07,3.212819e-18,613,0
8.713636e-10,7.361020e-06,-1.896841e-04,2.500188e-03,8.506193e+03,-2.179896e+05,2.871051e+06,-8.270298e-04,1.779442e-01,-1.918143e+00,3.212819e-18,613,3834
8.707727e-09,7.401937e-05,-1.898089e-03,2.500050e-02,8.506324e+03,-2.180141e+05,2.871316e+06,-1.566848e-04,1.872420e-03,-1.980544e-02,3.212819e-18,613,38314
0.000000e+00,-1.845843e-07,-1.631794e-07,3.982129e-07,0.000000e+00,0.000000e+00,0.000000e+00,3.065222e+07,2.532609e+07,-3.751638e+07,3.872820e-18,614,0
1.206136e-09,-2.205732e-03,-1.881851e-03,2.500319e-03,-1.829490e+06,-1.560867e+06,2.073455e+06,4.810731e-01,4.152397e-01,-4.145084e-01,3.872820e-18,614,5307
1.205727e-08,-2.205860e-02,-1.881974e-02,2.500037e-02,-1.829582e+06,-1.560946e+06,2.073534e+06,3.915099e-03,3.639957e-03,-4.799077e-03,3.872820e-18,614,53052
0.000000e+00,-6.599475e-08,-3.997790e-08,5.295548e-07,0.000000e+00,0.000000e+00,0.000000e+00,1.458852e+06,-3.732739e+07,-7.469274e+06,3.542402e-18,615,0
1.768182e-09,-4.482042e-04,4.512830e-03,2.500087e-03,-2.535690e+05,2.553347e+06,1.414193e+06,3.529820e-02,-3.635897e-01,-1.411315e-01,3.542402e-18,615,7780
1.767795e-08,-4.482559e-03,4.513734e-02,2.500010e-02,-2.535788e+05,2.553448e+06,1.414234e+06,3.225696e-04,-3.248213e-03,-1.800053e-03,3.542402e-18,615,77783
0.000000e+00,2.805176e-08,-2.662704e-07,4.620101e-07,0.000000e+00,0.000000e+00,0.000000e+00,-5.256399e+06,3.282255e+07,-3.398723e+07,3.413797e-18,616,0
1.289318e-09,4.420605e-04,-2.731133e-03,2.500095e-03,3.430468e+05,-2.119259e+06,1.939513e+06,-1.053292e-01,6.083642e-01,-3.873064e-01,3.413797e-18,616,5673
1.288977e-08,4.421765e-03,-2.731669e-02,2.500009e-02,3.430681e+05,-2.119383e+06,1.939593e+06,-8.485271e-04,5.208567e-03,-4.841083e-03,3.413797e-18,616,56715
0.000000e+00,1.009418e-07,-1.565943e-07,4.286724e-07,0.000000e+00,0.000000e+00,0.000000e+00,-1.757529e+07,2.226477e+07,-4.158679e+07,3.936763e-18,617,0
1.032500e-09,1.151882e-03,-1.441080e-03,2.500117e-03,1.116291e+06,-1.396504e+06,2.422344e+06,-5.030484e-01,6.085423e-01,-8.560990e-01,3.936763e-18,617,4543
1.032068e-08,1.152082e-02,-1.441283e-02,2.500036e-02,1.116373e+06,-1.396603e+06,2.422484e+06,-4.331980e-03,5.143819e-03,-9.341793e-03,3.936763e-18,617,45411
0.000000e+00,2.508512e-07,-5.789863e-08,3.149838e-07,0.000000e+00,0.000000e+00,0.000000e+00,-5.016235e+07,1.198335e+07,-4.173650e+07,4.346017e-18,618,0
1.178409e-09,3.246384e-03,-7.448110e-04,2.500006e-03,2.755707e+06,-6.322142e+05,2.121840e+06,-5.703391e-01,1.187791e-01,-3.208450e-01,4.346017e-18,618,5185
1.178227e-08,3.246846e-02,-7.448918e-03,2.500023e-02,2.755813e+06,-6.322362e+05,2.121900e+06,-4.841238e-03,9.315834e-04,-3.610190e-03,4.346017e-18,618,51842
0.000000e+00,-1.553222e-07,-2.875234e-08,3.439909e-07,0.000000e+00,0.000000e+00,0.000000e+00,3.813049e+07,3.760721e+06,-5.896369e+07,4.742975e-18,619,0
8.061364e-10,-1.709336e-03,-1.603165e-04,2.500034e-03,-2.121246e+06,-1.989271e+05,3.102123e+06,8.481072e-01,7.390143e-02,-1.056482e+00,4.742975e-18,619,3547
8.059091e-09,-1.709529e-02,-1.603182e-03,2.500040e-02,-2.121354e+06,-1.989365e+05,3.102258e+06,8.118701e-03,6.904144e-04,-1.098500e-02,4.742975e-18,619,35460
0.000000e+00,1.143932e-07,1.429435e-07,5.436722e-07,0.000000e+00,0.000000e+00,0.000000e+00,-1.239825e+07,-1.384957e+07,-3.442387e+07,3.235526e-18,620,0
1.010227e-09,6.541738e-04,9.973605e-04,2.500032e-03,6.479540e+05,9.880642e+05,2.475902e+06,-3.573848e-01,-6.184265e-01,-1.126761e+00,3.235526e-18,620,4445
1.009727e-08,6.542590e-03,9.976686e-03,2.500002e-02,6.480110e+05,9.881626e+05,2.476082e+06,-2.934717e-03,-4.626815e-03,-1.275284e-02,3.235526e-18,620,44428
0.000000e+00,1.398243e-07,1.296327e-07,5.907656e-07,0.000000e+00,0.000000e+00,0.000000e+00,-1.358781e+07,-1.141624e+07,-3.118590e+07,2.989772e-18,621,0
1.171364e-09,1.195990e-03,1.015179e-03,2.500290e-03,1.021776e+06,8.672921e+05,2.135438e+06,-5.142013e-01,-4.341864e-01,-8.106192e-01,2.989772e-18,621,5154
1.170727e-08,1.196216e-02,1.015359e-02,2.500038e-02,1.021871e+06,8.673721e+05,2.135589e+06,-4.603595e-03,-3.876087e-03,-9.819193e-03,2.989772e-18,621,51512
0.000000e+00,-2.357367e-07,-1.106484e-07,3.163831e-07,0.000000e+00,0.000000e+00,0.000000e+00,4.736774e+07,2.409565e+07,-4.053491e+07,4.327914e-18,622,0
1.210000e-09,-3.108268e-03,-1.658762e-03,2.500384e-03,-2.569518e+06,-1.371288e+06,2.066709e+06,4.797125e-01,2.650291e-01,-2.762908e-01,4.327914e-18,622,5324
1.209659e-08,-3.108239e-02,-1.658787e-02,2.500028e-02,-2.569610e+06,-1.371338e+06,2.066763e+06,4.053456e-03,2.256431e-03,-3.226520e-03,4.327914e-18,622,53225
0.000000e+00,1.470237e-07,2.227793e-07,5.216780e-07,0.000000e+00,0.000000e+00,0.000000e+00,-2.065803e+07,-2.388371e+07,-3.664158e+07,3.115625e-18,623,0
1.108182e-09,1.398555e-03,1.687667e-03,2.500405e-03,1.262704e+06,1.523663e+06,2.257043e+06,-5.073181e-01,-5.785333e-01,-7.045661e-01,3.115625e-18,623,4876
1.107636e-08,1.398615e-02,1.687665e-02,2.500004e-02,1.262793e+06,1.523764e+06,2.257167e+06,-4.417748e-03,-4.815166e-03,-7.831719e-03,3.115625e-18,623,48736
0.000000e+00,7.171496e-08,1.180457e-07,4.974608e-07,0.000000e+00,0.000000e+00,0.000000e+00,-7.998478e+06,-1.373148e+07,-4.128666e+07,3.594791e-18,624,0
9.631818e-10,6.889165e-04,8.476199e-04,2.500119e-03,7.157865e+05,8.806910e+05,2.597103e+06,-4.209501e-01,-5.872119e-01,-1.336697e+00,3.594791e-18,624,4238
9.626136e-09,6.890201e-03,8.477646e-03,2.500016e-02,7.158505e+05,8.807802e+05,2.597307e+06,-4.025033e-03,-4.450282e-03,-1.415345e-02,3.594791e-18,624,42355
0.000000e+00,-2.206079e-07,-7.283804e-08,2.825059e-07,0.000000e+00,0.000000e+00,0.000000e+00,5.641977e+07,1.842723e+07,-5.299249e+07,4.813991e-18,625,0
9.772727e-10,-2.797110e-03,-8.937892e-04,2.500010e-03,-2.862873e+06,-9.147825e+05,2.558534e+06,6.354056e-01,1.900400e-01,-4.503879e-01,4.813991e-18,625,4300
9.771364e-09,-2.797419e-02,-8.938683e-03,2.500050e-02,-2.862971e+06,-9.148118e+05,2.558604e+06,5.853436e-03,1.826823e-03,-4.825114e-03,4.813991e-18,625,42994
0.000000e+00,2.571219e-08,1.814620e-07,3.606780e-07,0.000000e+00,0.000000e+00,0.000000e+00,-6.028771e+06,-3.336300e+07,-5.157614e+07,4.426829e-18,626,0
8.488636e-10,2.978466e-04,1.634472e-03,2.500405e-03,3.510545e+05,1.926329e+06,2.946570e+06,-1.649303e-01,-8.254582e-01,-1.065528e+00,4.426829e-18,626,3735
8.484545e-09,2.978526e-03,1.634400e-02,2.500038e-02,3.510766e+05,1.926439e+06,2.946713e+06,-1.684372e-03,-7.866625e-03,-1.105877e-02,4.426829e-18,626,37332
0.000000e+00,1.595238e-07,4.139035e-08,3.047901e-07,0.000000e+00,0.000000e+00,0.000000e+00,-4.962725e+07,-1.222927e+07,-6.973867e+07,5.104904e-18,627,0
7.506818e-10,1.861524e-03,4.659099e-04,2.500187e-03,2.480480e+06,6.208336e+05,3.331165e+06,-8.231006e-01,-2.150220e-01,-9.113517e-01,5.104904e-18,627,3303
7.505000e-09,1.861602e-02,4.659360e-03,2.500054e-02,2.480578e+06,6.208591e+05,3.331273e+06,-7.888174e-03,-2.079859e-03,-9.503872e-03,5.104904e-18,627,33022
0.000000e+00,9.607563e-08,5.225614e-08,5.797759e-07,0.000000e+00,0.000000e+00,0.000000e+00,-7.487871e+06,-6.682373e+06,-3.597577e+07,3.179872e-18,628,0
1.042955e-09,5.807136e-04,5.776927e-04,2.500533e-03,5.572455e+05,5.543564e+05,2.398849e+06,-3.578056e-01,-3.249078e-01,-1.213920e+00,3.179872e-18,628,4589
1.042159e-08,5.807373e-03,5.777215e-03,2.500002e-02,5.573043e+05,5.544098e+05,2.399050e+06,-2.948034e-03,-2.899213e-03,-1.403276e-02,3.179872e-18,628,45855
0.000000e+00,1.239736e-08,-4.565198e-08,3.511203e-07,0.000000e+00,0.000000e+00,0.000000e+00,-3.184100e+06,9.116076e+06,-7.671065e+07,5.088931e-18,629,0
6.225000e-10,1.103212e-04,-2.921071e-04,2.500390e-03,1.772843e+05,-4.693653e+05,4.018000e+06,-8.181345e-02,2.022131e-01,-2.005266e+00,5.088931e-18,629,2739
6.222045e-09,1.103070e-03,-2.920432e-03,2.500028e-02,1.772923e+05,-4.693853e+05,4.018197e+06,-8.669967e-04,2.122306e-03,-2.044678e-02,5.088931e-18,629,27377
0.000000e+00,1.565284e-07,-7.551949e-08,4.898594e-07,0.000000e+00,0.000000e+00,0.000000e+00,-1.857888e+07,8.319974e+06,-4.314328e+07,3.570875e-18,630,0
9.500000e-10,1.164104e-03,-5.193764e-04,2.500017e-03,1.226103e+06,-5.470637e+05,2.632800e+06,-6.230106e-01,3.060548e-01,-1.217166e+00,3.570875e-18,630,4180
9.495682e-09,1.164265e-02,-5.194733e-03,2.500038e-02,1.226197e+06,-5.471096e+05,2.632983e+06,-6.006862e-03,2.710718e-03,-1.317567e-02,3.570875e-18,630,41781
0.000000e+00,3.205906e-08,2.240726e-07,3.964499e-07,0.000000e+00,0.000000e+00,0.000000e+00,-4.113702e+06,-2.940293e+07,-3.817553e+07,3.955116e-18,631,0
1.134545e-09,3.116542e-04,2.320547e-03,2.500188e-03,2.748681e+05,2.046436e+06,2.204384e+06,-1.201439e-01,-7.190484e-01,-5.893050e-01,3.955116e-18,631,4992
1.134114e-08,3.117303e-03,2.320877e-02,2.500033e-02,2.748896e+05,2.046565e+06,2.204490e+06,-9.391744e-04,-6.095885e-03,-6.654412e-03,3.955116e-18,631,49901
0.000000e+00,1.188728e-08,1.794201e-07,2.280350e-07,0.000000e+00,0.000000e+00,0.000000e+00,-8.331176e+06,-8.092356e+07,-8.502705e+07,5.927869e-18,632,0
6.734091e-10,2.520830e-04,2.420021e-03,2.500771e-03,3.744052e+05,3.594148e+06,3.713911e+06,-8.635832e-02,-7.432317e-01,-6.668408e-01,5.927869e-18,632,2963
6.731591e-09,2.520344e-03,2.419442e-02,2.500068e-02,3.744144e+05,3.594227e+06,3.713982e+06,-8.415116e-04,-7.251222e-03,-6.779580e-03,5.927869e-18,632,29619
0.000000e+00,-1.315243e-07,-3.194827e-08,5.669841e-07,0.000000e+00,0.000000e+00,0.000000e+00,1.438349e+07,7.792378e+06,-3.868977e+07,3.232265e-18,633,0
9.920455e-10,-1.043774e-03,-5.368572e-04,2.500338e-03,-1.052874e+06,-5.415348e+05,2.521538e+06,5.925888e-01,2.799790e-01,-1.160016e+00,3.232265e-18,633,4365
9.914545e-09,-1.043873e-02,-5.369025e-03,2.500010e-02,-1.052967e+06,-5.415786e+05,2.521720e+06,4.943084e-03,2.617976e-03,-1.291271e-02,3.232265e-18,633,43624
0.000000e+00,-1.441477e-08,-5.461343e-10,2.749397e-07,0.000000e+00,0.000000e+00,0.000000e+00,9.514081e+06,-4.442749e+05,-1.281424e+08,6.356568e-18,634,0
4.479545e-10,-1.883847e-04,9.366921e-06,2.500169e-03,-4.206231e+05,2.092067e+04,5.581958e+06,1.784999e-01,-1.456026e-02,-2.022617e+00,6.356568e-18,634,1971
4.478864e-09,-1.883920e-03,9.369967e-05,2.500101e-02,-4.206358e+05,2.092170e+04,5.582101e+06,1.645126e-03,-2.549480e-04,-2.043640e-02,6.356568e-18,634,19707
0.000000e+00,1.150053e-07,-5.114462e-08,4.931088e-07,0.000000e+00,0.000000e+00,0.000000e+00,-1.452065e+07,5.188211e+06,-4.246707e+07,3.660077e-18,635,0
9.534091e-10,9.551300e-04,-3.161318e-04,2.500164e-03,1.002532e+06,-3.318313e+05,2.623699e+06,-6.126570e-01,2.353396e-01,-1.335517e+00,3.660077e-18,635,4195
9.528636e-09,9.552721e-03,-3.161912e-03,2.500041e-02,1.002624e+06,-3.318667e+05,2.623900e+06,-5.178637e-03,1.795219e-03,-1.435162e-02,3.660077e-18,635,41926
0.000000e+00,8.070362e-08,-1.461335e-07,4.941268e-07,0.000000e+00,0.000000e+00,0.000000e+00,-9.820247e+06,1.369033e+07,-4.238580e+07,3.577129e-18,636,0
9.815909e-10,7.333953e-04,-9.749953e-04,2.500421e-03,7.477692e+05,-9.939727e+05,2.548464e+06,-4.703551e-01,5.726196e-01,-1.153157e+00,3.577129e-18,636,4319
9.809773e-09,7.335370e-03,-9.750615e-03,2.500004e-02,7.478419e+05,-9.940613e+05,2.548644e+06,-3.392448e-03,4.713786e-03,-1.286295e-02,3.577129e-18,636,43163
0.000000e+00,4.480401e-08,-1.291837e-07,6.414113e-07,0.000000e+00,0.000000e+00,0.000000e+00,-6.597546e+06,7.781460e+06,-3.280271e+07,2.849159e-18,637,0
1.081818e-09,5.618168e-04,-7.434899e-04,2.500407e-03,5.197743e+05,-6.878062e+05,2.312526e+06,-3.183315e-01,4.256965e-01,-1.144430e+00,2.849159e-18,637,4760
1.081068e-08,5.619067e-03,-7.435648e-03,2.500023e-02,5.198285e+05,-6.878788e+05,2.312722e+06,-2.799337e-03,3.813298e-03,-1.329121e-02,2.849159e-18,637,47567
0.000000e+00,-6.538862e-08,-1.177449e-07,5.830979e-07,0.000000e+00,0.000000e+00,0.000000e+00,8.163079e+06,1.167640e+07,-3.591836e+07,3.143103e-18,638,0
1.056364e-09,-5.809681e-04,-8.588241e-04,2.500355e-03,-5.503259e+05,-8.135917e+05,2.368045e+06,2.823817e-01,4.636893e-01,-1.069243e+00,3.143103e-18,638,4648
1.055727e-08,-5.809935e-03,-8.589292e-03,2.500034e-02,-5.503729e+05,-8.136689e+05,2.368224e+06,2.717648e-03,4.140934e-03,-1.291897e-02,3.143103e-18,638,46452
0.000000e+00,1.053577e-07,1.216043e-07,4.869493e-07,0.000000e+00,0.000000e+00,0.000000e+00,-1.447691e+07,-1.671400e+07,-3.975864e+07,3.604855e-18,639,0
1.113409e-09,1.279682e-03,1.459484e-03,2.500294e-03,1.150058e+06,1.311625e+06,2.246437e+06,-4.869627e-01,-5.248019e-01,-7.566868e-01,3.604855e-18,639,4899
1.112886e-08,1.279875e-02,1.459677e-02,2.500048e-02,1.150144e+06,1.311717e+06,2.246570e+06,-4.158402e-03,-4.385987e-03,-8.589832e-03,3.604855e-18,639,48967
0.000000e+00,-1.407367e-07,-1.531889e-07,4.121743e-07,0.000000e+00,0.000000e+00,0.000000e+00,2.196012e+07,2.233128e+07,-3.964896e+07,3.971746e-18,640,0
1.129545e-09,-1.469546e-03,-1.669370e-03,2.500059e-03,-1.301658e+06,-1.478698e+06,2.214027e+06,4.738973e-01,5.337809e-01,-6.238425e-01,3.971746e-18,640,4970
1.129159e-08,-1.469776e-02,-1.669677e-02,2.500004e-02,-1.301742e+06,-1.478793e+06,2.214139e+06,4.094519e-03,4.627616e-03,-7.174356e-03,3.971746e-18,640,49683
0.000000e+00,8.918279e-08,-1.685741e-07,5.776083e-07,0.000000e+00,0.000000e+00,0.000000e+00,-6.959310e+06,1.657904e+07,-3.450625e+07,3.063649e-18,641,0
1.103182e-09,5.595542e-04,-1.346209e-03,2.500167e-03,5.075650e+05,-1.221089e+06,2.267256e+06,-2.672414e-01,5.764428e-01,-8.801038e-01,3.063649e-18,641,4854
1.102659e-08,5.596712e-03,-1.346440e-02,2.500033e-02,5.076115e+05,-1.221189e+06,2.267410e+06,-2.272329e-03,5.392073e-03,-1.047545e-02,3.063649e-18,641,48517
0.000000e+00,-1.204934e-07,-1.324530e-07,1.812494e-07,0.000000e+00,0.000000e+00,0.000000e+00,7.854670e+07,8.674450e+07,-9.599204e+07,6.691560e-18,642,0
6.222727e-10,-2.064119e-03,-2.278724e-03,2.500475e-03,-3.317254e+06,-3.662146e+06,4.018402e+06,4.270606e-01,4.689276e-01,-4.444096e-01,6.691560e-18,642,2738
6.221364e-09,-2.063792e-02,-2.278363e-02,2.500007e-02,-3.317296e+06,-3.662192e+06,4.018445e+06,4.168487e-03,4.593112e-03,-4.527369e-03,6.691560e-18,642,27374
0.000000e+00,9.793167e-08,-2.912283e-08,3.280685e-07,0.000000e+00,0.000000e+00,0.000000e+00,-5.104702e+07,4.111285e+05,-8.317707e+07,5.208212e-18,643,0
6.452273e-10,1.553469e-03,-1.225998e-05,2.500243e-03,2.408271e+06,-1.895258e+04,3.875605e+06,-8.535711e-01,-6.345792e-03,-1.196849e+00,5.208212e-18,643,2839
6.450682e-09,1.553500e-02,-1.222852e-04,2.500048e-02,2.408358e+06,-1.895193e+04,3.875727e+06,-8.342007e-03,-1.545463e-05,-1.213603e-02,5.208212e-18,643,28383
0.000000e+00,-1.221681e-07,-2.071936e-07,4.759127e-07,0.000000e+00,0.000000e+00,0.000000e+00,1.619352e+07,2.476896e+07,-3.663315e+07,3.449893e-18,644,0
1.172500e-09,-1.214673e-03,-1.945441e-03,2.500323e-03,-1.036493e+06,-1.660072e+06,2.133092e+06,3.584357e-01,5.796372e-01,-5.675810e-01,3.449893e-18,644,5159
1.172000e-08,-1.214766e-02,-1.945599e-02,2.500003e-02,-1.036559e+06,-1.660179e+06,2.133198e+06,3.136186e-03,4.806816e-03,-6.679749e-03,3.449893e-18,644,51568
0.000000e+00,-5.576731e-08,-2.203014e-07,2.654071e-07,0.000000e+00,0.000000e+00,0.000000e+00,1.712528e+07,6.458923e+07,-5.276820e+07,5.017530e-18,645,0
1.009318e-09,-8.574478e-04,-3.209866e-03,2.500019e-03,-8.497244e+05,-3.180907e+06,2.477212e+06,1.616105e-01,5.831206e-01,-3.450269e-01,5.017530e-18,645,4441
1.009205e-08,-8.575456e-03,-3.210188e-02,2.500027e-02,-8.497501e+05,-3.181000e+06,2.477267e+06,1.405229e-03,5.223125e-03,-3.736052e-03,5.017530e-18,645,44405
0.000000e+00,2.615561e-07,1.169637e-07,4.454754e-07,0.000000e+00,0.000000e+00,0.000000e+00,-3.104606e+07,-1.443204e+07,-3.191705e+07,3.401409e-18,646,0
1.351591e-09,2.744358e-03,1.216996e-03,2.500288e-03,2.031378e+06,9.008075e+05,1.850295e+06,-5.348198e-01,-2.323920e-01,-3.429219e-01,3.401409e-18,646,5947
1.351136e-08,2.744659e-02,1.217111e-02,2.500019e-02,2.031491e+06,9.008569e+05,1.850369e+06,-4.615172e-03,-2.019908e-03,-4.202494e-03,3.401409e-18,646,59450
0.000000e+00,-4.068051e-08,-1.308753e-07,4.887629e-07,0.000000e+00,0.000000e+00,0.000000e+00,3.179389e+06,1.808531e+07,-4.086923e+07,3.680404e-18,647,0
1.035682e-09,-2.980772e-04,-1.191161e-03,2.500430e-03,-2.879831e+05,-1.150878e+06,2.415364e+06,1.252412e-01,5.903233e-01,-1.032104e+00,3.680404e-18,647,4557
1.035045e-08,-2.980732e-03,-1.191207e-02,2.500030e-02,-2.880035e+05,-1.150975e+06,2.415534e+06,8.860025e-04,5.116624e-03,-1.214407e-02,3.680404e-18,647,45542
0.000000e+00,-1.800728e-07,-9.624597e-08,5.778681e-07,0.000000e+00,0.000000e+00,0.000000e+00,1.812078e+07,9.340153e+06,-3.539040e+07,3.029831e-18,648,0
1.113864e-09,-1.379643e-03,-6.587342e-04,2.500097e-03,-1.239433e+06,-5.917869e+05,2.245388e+06,6.136439e-01,3.085807e-01,-8.344938e-01,3.029831e-18,648,4901
1.113386e-08,-1.379965e-02,-6.588888e-03,2.500010e-02,-1.239540e+06,-5.918411e+05,2.245535e+06,5.451278e-03,2.557711e-03,-1.006849e-02,3.029831e-18,648,48989
0.000000e+00,-1.282349e-07,-1.673680e-07,4.280515e-07,0.000000e+00,0.000000e+00,0.000000e+00,1.260866e+07,1.886744e+07,-4.886048e+07,3.858220e-18,649,0
8.684091e-10,-7.579851e-04,-1.123257e-03,2.500273e-03,-8.733389e+05,-1.294157e+06,2.880327e+06,4.928033e-01,6.613597e-01,-1.273050e+00,3.858220e-18,649,3821
8.679545e-09,-7.580191e-03,-1.123268e-02,2.500003e-02,-8.734065e+05,-1.294247e+06,2.880502e+06,4.748188e-03,6.364024e-03,-1.319745e-02,3.858220e-18,649,38190
0.000000e+00,-1.125483e-07,-4.846795e-08,6.027116e-07,0.000000e+00,0.000000e+00,0.000000e+00,1.277839e+07,4.170486e+06,-3.215300e+07,3.066576e-18,650,0
1.119318e-09,-9.745648e-04,-3.478185e-04,2.500017e-03,-8.714466e+05,-3.109586e+05,2.234817e+06,5.494051e-01,1.545299e-01,-1.110698e+00,3.066576e-18,650,4925
1.118659e-08,-9.748464e-03,-3.478551e-03,2.500017e-02,-8.715435e+05,-3.109859e+05,2.235014e+06,5.174746e-03,1.413341e-03,-1.275769e-02,3.066576e-18,650,49221
0.000000e+00,-1.700107e-07,-1.435319e-08,4.057050e-07,0.000000e+00,0.000000e+00,0.000000e+00,2.897290e+07,-1.055485e+06,-4.602987e+07,4.151443e-18,651,0
9.600000e-10,-1.787589e-03,1.472026e-04,2.500567e-03,-1.863062e+06,1.534908e+05,2.605732e+06,8.050193e-01,-9.496453e-02,-9.685503e-01,4.151443e-18,651,4224
9.594318e-09,-1.787473e-02,1.472594e-03,2.500033e-02,-1.863184e+06,1.535051e+05,2.605879e+06,7.445293e-03,-6.701354e-04,-1.032642e-02,4.151443e-18,651,42215
0.000000e+00,1.159273e-07,1.871652e-07,2.080793e-07,0.000000e+00,0.000000e+00,0.000000e+00,-4.690305e+07,-7.671874e+07,-6.742479e+07,5.650465e-18,652,0
8.486364e-10,1.775741e-03,2.903972e-03,2.500022e-03,2.092700e+06,3.422316e+06,2.946115e+06,-2.961958e-01,-4.848284e-01,-3.414325e-01,5.650465e-18,652,3734
8.485909e-09,1.775851e-02,2.904155e-02,2.500060e-02,2.092740e+06,3.422381e+06,2.946161e+06,-2.848899e-03,-4.610332e-03,-3.532361e-03,5.650465e-18,652,37338
0.000000e+00,2.070142e-07,-1.251062e-07,4.276970e-07,0.000000e+00,0.000000e+00,0.000000e+00,-3.139473e+07,1.742510e+07,-3.292939e+07,3.717414e-18,653,0
1.338182e-09,2.644170e-03,-1.403424e-03,2.500235e-03,1.976836e+06,-1.049160e+06,1.868796e+06,-5.146738e-01,2.480960e-01,-3.465533e-01,3.717414e-18,653,5888
1.337773e-08,2.644546e-02,-1.403535e-02,2.500042e-02,1.976944e+06,-1.049212e+06,1.868870e+06,-4.504852e-03,2.085404e-03,-4.305253e-03,3.717414e-18,653,58862
0.000000e+00,8.950358e-08,2.579330e-07,3.987735e-07,0.000000e+00,0.000000e+00,0.000000e+00,-1.442585e+07,-3.570860e+07,-3.274726e+07,3.707073e-18,654,0
1.362045e-09,1.267595e-03,3.002352e-03,2.500379e-03,9.310410e+05,2.205176e+06,1.836120e+06,-2.133464e-01,-5.105916e-01,-3.020326e-01,3.707073e-18,654,5993
1.361568e-08,1.267670e-02,3.002489e-02,2.500018e-02,9.310866e+05,2.205285e+06,1.836185e+06,-1.873120e-03,-4.338839e-03,-3.617278e-03,3.707073e-18,654,59909
0.000000e+00,-7.074138e-08,-1.807267e-07,3.002550e-07,0.000000e+00,0.000000e+00,0.000000e+00,2.004848e+07,4.867550e+07,-6.110047e+07,4.965065e-18,655,0
8.377273e-10,-8.656891e-04,-2.083550e-03,2.500650e-03,-1.033697e+06,-2.487844e+06,2.985609e+06,3.229072e-01,7.249587e-01,-7.334293e-01,4.965065e-18,655,3686
8.373636e-09,-8.655801e-03,-2.083232e-02,2.500054e-02,-1.033740e+06,-2.487940e+06,2.985707e+06,3.059278e-03,6.984297e-03,-7.647086e-03,4.965065e-18,655,36844
0.000000e+00,-3.548788e-08,7.929843e-09,1.979841e-07,0.000000e+00,0.000000e+00,0.000000e+00,4.387167e+07,-9.443625e+06,-2.272548e+08,8.440237e-18,656,0
2.709091e-10,-4.835913e-04,1.040814e-04,2.502000e-03,-1.785075e+06,3.841928e+05,9.235514e+06,3.834562e-01,-8.042723e-02,-1.891307e+00,8.440237e-18,656,1192
2.707045e-09,-4.832310e-03,1.040034e-03,2.500113e-02,-1.785091e+06,3.841962e+05,9.235595e+06,3.854439e-03,-8.173541e-04,-1.896555e-02,8.440237e-18,656,11911
0.000000e+00,-1.267069e-07,1.857253e-07,2.964294e-07,0.000000e+00,0.000000e+00,0.000000e+00,2.901784e+07,-3.953784e+07,-5.394500e+07,4.736056e-18,657,0
9.140909e-10,-1.433918e-03,1.916609e-03,2.500226e-03,-1.569185e+06,2.097352e+06,2.735839e+06,4.597522e-01,-5.923990e-01,-6.864676e-01,4.736056e-18,657,4022
9.137955e-09,-1.433913e-02,1.916553e-02,2.500007e-02,-1.569251e+06,2.097437e+06,2.735939e+06,4.398354e-03,-5.545856e-03,-7.135881e-03,4.736056e-18,657,40207
0.000000e+00,5.805642e-08,-1.370596e-07,2.250461e-07,0.000000e+00,0.000000e+00,0.000000e+00,-3.460200e+07,7.728259e+07,-1.076043e+08,6.403107e-18,658,0
5.450000e-10,8.131574e-04,-1.814914e-03,2.500707e-03,1.492186e+06,-3.330440e+06,4.588743e+06,-3.358219e-01,7.399215e-01,-9.069989e-01,6.403107e-18,658,2398
5.448182e-09,8.129733e-03,-1.814493e-02,2.500046e-02,1.492215e+06,-3.330504e+06,4.588821e+06,-3.315151e-03,7.197059e-03,-9.232352e-03,6.403107e-18,658,23972
0.000000e+00,1.722820e-07,1.959662e-07,3.731491e-07,0.000000e+00,0.000000e+00,0.000000e+00,-2.617434e+07,-3.336699e+07,-3.841740e+07,3.919547e-18,659,0
1.108182e-09,1.643382e-03,2.413191e-03,2.500385e-03,1.483416e+06,2.178413e+06,2.256744e+06,-3.601559e-01,-5.521828e-01,-4.282940e-01,3.919547e-18,659,4876
1.107795e-08,1.643322e-02,2.413227e-02,2.500023e-02,1.483479e+06,2.178510e+06,2.256819e+06,-3.152145e-03,-4.715294e-03,-4.656662e-03,3.919547e-18,659,48743
0.000000e+00,-1.079314e-07,1.518888e-07,6.158529e-07,0.000000e+00,0.000000e+00,0.000000e+00,1.150866e+07,-1.345240e+07,-3.375582e+07,2.885856e-18,660,0
1.036818e-09,-8.632179e-04,1.085409e-03,2.500522e-03,-8.331754e+05,1.047570e+06,2.412805e+06,4.664228e-01,-5.361668e-01,-1.049816e+00,2.885856e-18,660,4562
1.036136e-08,-8.632789e-03,1.085420e-02,2.500016e-02,-8.332517e+05,1.047658e+06,2.412977e+06,3.855206e-03,-3.960163e-03,-1.180794e-02,2.885856e-18,660,45590
0.000000e+00,-2.817296e-08,-1.551284e-08,5.970475e-07,0.000000e+00,0.000000e+00,0.000000e+00,8.937573e+06,8.292528e+06,-4.143800e+07,3.178496e-18,661,0
9.286364e-10,-5.213637e-04,-4.142626e-04,2.500215e-03,-5.618346e+05,-4.464097e+05,2.693796e+06,3.309446e-01,2.585444e-01,-1.535506e+00,3.178496e-18,661,4086
9.280682e-09,-5.214167e-03,-4.142959e-03,2.500048e-02,-5.618830e+05,-4.464476e+05,2.694022e+06,2.723621e-03,2.399325e-03,-1.645231e-02,3.178496e-18,661,40835
0.000000e+00,-1.640178e-07,2.354521e-08,6.326120e-07,0.000000e+00,0.000000e+00,0.000000e+00,1.243143e+07,-1.764986e+07,-2.929974e+07,2.859409e-18,662,0
1.205000e-09,-1.062797e-03,1.309474e-03,2.500145e-03,-8.826226e+05,1.087517e+06,2.075674e+06,4.374904e-01,-4.969502e-01,-7.591124e-01,2.859409e-18,662,5302
1.204432e-08,-1.063057e-02,1.309826e-02,2.500034e-02,-8.827056e+05,1.087611e+06,2.075820e+06,3.944662e-03,-4.642891e-03,-9.233818e-03,2.859409e-18,662,52995
0.000000e+00,-1.219022e-07,-5.715726e-08,3.226069e-07,0.000000e+00,0.000000e+00,0.000000e+00,3.214318e+07,1.206675e+07,-6.812022e+07,5.107126e-18,663,0
6.990909e-10,-1.165559e-03,-4.454770e-04,2.500636e-03,-1.667832e+06,-6.374297e+05,3.578057e+06,7.256203e-01,2.725511e-01,-1.438824e+00,5.107126e-18,663,3076
6.987045e-09,-1.165323e-02,-4.453762e-03,2.500013e-02,-1.667912e+06,-6.374598e+05,3.578217e+06,7.058290e-03,2.654304e-03,-1.462892e-02,5.107126e-18,663,30743
0.000000e+00,3.953124e-08,-5.104620e-08,3.593405e-07,0.000000e+00,0.000000e+00,0.000000e+00,-1.320704e+07,1.238544e+07,-7.420223e+07,4.949031e-18,664,0
6.445455e-10,4.651678e-04,-4.195340e-04,2.500065e-03,7.220324e+05,-6.511106e+05,3.880024e+06,-4.126219e-01,2.999308e-01,-1.833297e+00,4.949031e-18,664,2836
6.443409e-09,4.652337e-03,-4.195382e-03,2.500069e-02,7.220744e+05,-6.511412e+05,3.880211e+06,-3.929891e-03,2.884576e-03,-1.874454e-02,4.949031e-18,664,28351
0.000000e+00,2.513648e-07,-8.079006e-08,4.592558e-07,0.000000e+00,0.000000e+00,0.000000e+00,-3.186028e+07,9.593126e+06,-3.468175e+07,3.441706e-18,665,0
1.202045e-09,2.401843e-03,-7.757891e-04,2.500355e-03,1.999059e+06,-6.456930e+05,2.080633e+06,-6.317410e-01,1.954124e-01,-4.930408e-01,3.441706e-18,665,5289
1.201568e-08,2.402001e-02,-7.758410e-03,2.500040e-02,1.999178e+06,-6.457300e+05,2.080727e+06,-5.330295e-03,1.693109e-03,-5.801477e-03,3.441706e-18,665,52869
0.000000e+00,7.779025e-08,8.877661e-08,6.568338e-07,0.000000e+00,0.000000e+00,0.000000e+00,-7.139003e+06,-1.044817e+07,-3.540273e+07,2.797141e-18,666,0
9.715909e-10,4.767206e-04,6.996949e-04,2.500534e-03,4.910241e+05,7.206701e+05,2.574994e+06,-3.303995e-01,-4.497977e-01,-1.380928e+00,2.797141e-18,666,4275
9.708864e-09,4.767299e-03,6.996885e-03,2.500049e-02,4.910748e+05,7.207390e+05,2.575206e+06,-2.759346e-03,-3.791491e-03,-1.497404e-02,2.797141e-18,666,42719
0.000000e+00,-2.302915e-07,1.756743e-07,3.846535e-07,0.000000e+00,0.000000e+00,0.000000e+00,3.449966e+07,-2.337019e+07,-3.465933e+07,3.718620e-18,667,0
1.335227e-09,-2.834614e-03,1.901434e-03,2.500424e-03,-2.123731e+06,1.424557e+06,1.872928e+06,4.625270e-01,-3.023954e-01,-2.575086e-01,3.718620e-18,667,5875
1.334818e-08,-2.834786e-02,1.901520e-02,2.500037e-02,-2.123828e+06,1.424620e+06,1.872983e+06,3.796114e-03,-2.454886e-03,-3.338571e-03,3.718620e-18,667,58732
0.000000e+00,-1.139942e-07,-9.056483e-08,5.219022e-07,0.000000e+00,0.000000e+00,0.000000e+00,1.448896e+07,1.142522e+07,-4.407054e+07,3.463812e-18,668,0
9.025000e-10,-8.457275e-04,-6.642576e-04,2.500474e-03,-9.376567e+05,-7.365221e+05,2.771902e+06,5.066544e-01,4.623297e-01,-1.387241e+00,3.463812e-18,668,3971
9.019091e-09,-8.456788e-03,-6.642749e-03,2.500020e-02,-9.377289e+05,-7.365880e+05,2.772100e+06,5.152435e-03,3.596528e-03,-1.479353e-02,3.463812e-18,668,39684
0.000000e+00,-1.269201e-09,-2.119021e-07,5.139205e-07,0.000000e+00,0.000000e+00,0.000000e+00,1.991242e+06,2.448037e+07,-3.606002e+07,3.337305e-18,669,0
1.132045e-09,-2.237095e-04,-1.887580e-03,2.500449e-03,-1.977232e+05,-1.668382e+06,2.209561e+06,5.582551e-02,6.947600e-01,-7.153383e-01,3.337305e-18,669,4981
1.131455e-08,-2.237110e-03,-1.887693e-02,2.500039e-02,-1.977331e+05,-1.668506e+06,2.209690e+06,4.685693e-04,5.807560e-03,-8.419617e-03,3.337305e-18,669,49784
0.000000e+00,-1.123456e-07,1.665062e-07,2.170461e-07,0.000000e+00,0.000000e+00,0.000000e+00,4.988223e+07,-7.384065e+07,-7.349601e+07,5.813964e-18,670,0
7.806818e-10,-1.732369e-03,2.565038e-03,2.500568e-03,-2.219310e+06,3.286030e+06,3.203264e+06,3.547875e-01,-5.258537e-01,-4.204659e-01,5.813964e-18,670,3435
7.804545e-09,-1.732075e-02,2.564604e-02,2.500016e-02,-2.219353e+06,3.286095e+06,3.203316e+06,3.374043e-03,-5.042769e-03,-4.359770e-03,5.813964e-18,670,34340
0.000000e+00,-3.035870e-08,-7.663412e-08,4.545259e-07,0.000000e+00,0.000000e+00,0.000000e+00,1.908761e+06,1.187040e+07,-4.874542e+07,4.027024e-18,671,0
8.697727e-10,-2.995888e-04,-6.711264e-04,2.500053e-03,-3.447402e+05,-7.721082e+05,2.875936e+06,2.277534e-01,4.509276e-01,-1.636002e+00,4.027024e-18,671,3827
8.692955e-09,-2.996756e-03,-6.711870e-03,2.500047e-02,-3.447715e+05,-7.721702e+05,2.876161e+06,2.429754e-03,4.792101e-03,-1.714525e-02,4.027024e-18,671,38249
0.000000e+00,1.739597e-07,-5.219032e-08,3.110524e-07,0.000000e+00,0.000000e+00,0.000000e+00,-4.915705e+07,1.266275e+07,-6.206274e+07,4.924560e-18,672,0
8.215909e-10,2.077039e-03,-5.293320e-04,2.500452e-03,2.528818e+06,-6.444475e+05,3.044020e+06,-7.775941e-01,1.884222e-01,-7.840907e-01,4.924560e-18,672,3615
8.212955e-09,2.076907e-02,-5.292828e-03,2.500054e-02,2.528919e+06,-6.444720e+05,3.044122e+06,-7.368365e-03,1.852615e-03,-8.159713e-03,4.924560e-18,672,36137
0.000000e+00,-1.337494e-07,-6.338686e-08,3.410154e-07,0.000000e+00,0.000000e+00,0.000000e+00,3.286901e+07,1.192748e+07,-6.409902e+07,4.836810e-18,673,0
7.602273e-10,-1.436653e-03,-5.071557e-04,2.500227e-03,-1.890532e+06,-6.673399e+05,3.289700e+06,8.043976e-01,2.666101e-01,-1.190724e+00,4.836810e-18,673,3345
7.599545e-09,-1.436715e-02,-5.071486e-03,2.500034e-02,-1.890629e+06,-6.673719e+05,3.289843e+06,7.703490e-03,2.569499e-03,-1.233334e-02,4.836810e-18,673,33438
0.000000e+00,-2.408947e-08,-1.423025e-07,5.762442e-07,0.000000e+00,0.000000e+00,0.000000e+00,9.057076e+05,1.317276e+07,-3.598914e+07,3.164774e-18,674,0
1.048182e-09,-1.081550e-04,-9.574425e-04,2.500377e-03,-1.032351e+05,-9.140862e+05,2.386635e+06,4.127883e-02,5.253740e-01,-1.133050e+00,3.164774e-18,674,4612
1.047500e-08,-1.081387e-03,-9.575045e-03,2.500022e-02,-1.032419e+05,-9.141730e+05,2.386824e+06,4.841490e-04,4.726647e-03,-1.324480e-02,3.164774e-18,674,46090
0.000000e+00,2.157586e-07,-1.391300e-07,2.631962e-07,0.000000e+00,0.000000e+00,0.000000e+00,-5.814683e+07,3.398385e+07,-4.553879e+07,4.751764e-18,675,0
1.186818e-09,3.438061e-03,-2.027772e-03,2.500464e-03,2.897439e+06,-1.708917e+06,2.107023e+06,-4.088568e-01,2.476610e-01,-2.063360e-01,4.751764e-18,675,5222
1.186523e-08,3.437878e-02,-2.027669e-02,2.500046e-02,2.897516e+06,-1.708963e+06,2.107062e+06,-3.497295e-03,2.075426e-03,-2.438406e-03,4.751764e-18,675,52207
0.000000e+00,1.782114e-07,-5.044068e-08,2.362678e-07,0.000000e+00,0.000000e+00,0.000000e+00,-7.535829e+07,1.967049e+07,-7.976567e+07,5.768987e-18,676,0
7.095455e-10,2.411641e-03,-6.256571e-04,2.500343e-03,3.399355e+06,-8.818857e+05,3.524197e+06,-7.264978e-01,1.786142e-01,-6.401024e-01,5.768987e-18,676,3122
7.093864e-09,2.411464e-02,-6.256002e-03,2.500032e-02,3.399436e+06,-8.819057e+05,3.524269e+06,-7.067336e-03,1.742562e-03,-6.571302e-03,5.768987e-18,676,31213
0.000000e+00,1.661521e-07,1.996609e-07,2.825205e-07,0.000000e+00,0.000000e+00,0.000000e+00,-3.628192e+07,-4.500943e+07,-4.421750e+07,4.541978e-18,677,0
1.150682e-09,2.178548e-03,2.713106e-03,2.500462e-03,1.893737e+06,2.358427e+06,2.173318e+06,-3.483677e-01,-4.406387e-01,-2.967828e-01,4.541978e-18,677,5063
1.150318e-08,2.178401e-02,2.712940e-02,2.500020e-02,1.893800e+06,2.358507e+06,2.173372e+06,-2.969160e-03,-3.737360e-03,-3.272612e-03,4.541978e-18,677,50614
0.000000e+00,1.348825e-07,-1.220683e-07,3.602157e-07,0.000000e+00,0.000000e+00,0.000000e+00,-2.785100e+07,2.340753e+07,-5.050764e+07,4.474679e-18,678,0
9.231818e-10,1.562590e-03,-1.285957e-03,2.500147e-03,1.693346e+06,-1.393555e+06,2.708932e+06,-6.170384e-01,5.103863e-01,-8.029358e-01,4.474679e-18,678,4062
9.228864e-09,1.562760e-02,-1.286090e-02,2.500048e-02,1.693436e+06,-1.393630e+06,2.709049e+06,-5.907821e-03,4.738418e-03,-8.627295e-03,4.474679e-18,678,40607
0.000000e+00,-6.981252e-09,-6.455531e-08,2.593714e-07,0.000000e+00,0.000000e+00,0.000000e+00,5.077168e+06,3.852633e+07,-1.296381e+08,6.517782e-18,679,0
4.481818e-10,-9.931033e-05,-7.498898e-04,2.501171e-03,-2.216227e+05,-1.673401e+06,5.581239e+06,8.636523e-02,5.758622e-01,-1.771714e+00,6.517782e-18,679,1972
4.479318e-09,-9.927221e-04,-7.495733e-03,2.500032e-02,-2.216288e+05,-1.673442e+06,5.581364e+06,8.833385e-04,5.631090e-03,-1.794338e-02,6.517782e-18,679,19709
0.000000e+00,2.728665e-07,-8.918573e-09,3.613674e-07,0.000000e+00,0.000000e+00,0.000000e+00,-4.521757e+07,-2.573814e+05,-3.678469e+07,3.937131e-18,680,0
1.282273e-09,3.353240e-03,3.440739e-05,2.500077e-03,2.615961e+06,2.686506e+04,1.950032e+06,-5.572982e-01,-1.336785e-02,-2.866390e-01,3.937131e-18,680,5642
1.282023e-08,3.353715e-02,3.444010e-04,2.500001e-02,2.616073e+06,2.686774e+04,1.950090e+06,-4.696362e-03,-7.349442e-05,-3.430685e-03,3.937131e-18,680,56409
0.000000e+00,-5.257918e-08,-1.673754e-07,2.493403e-07,0.000000e+00,0.000000e+00,0.000000e+00,1.997099e+07,6.703461e+07,-7.766485e+07,5.719043e-18,681,0
7.131818e-10,-6.585294e-04,-2.210903e-03,2.500184e-03,-9.235317e+05,-3.100622e+06,3.506103e+06,2.254882e-01,7.628587e-01,-7.406341e-01,5.719043e-18,681,3138
7.130455e-09,-6.585219e-03,-2.210890e-02,2.500025e-02,-9.235571e+05,-3.100708e+06,3.506187e+06,2.218025e-03,7.382418e-03,-7.583639e-03,5.719043e-18,681,31374
0.000000e+00,-1.649247e-07,1.535904e-08,6.371987e-07,0.000000e+00,0.000000e+00,0.000000e+00,1.531706e+07,1.139263e+07,-4.512227e+07,2.838618e-18,682,0
8.950000e-10,-9.073344e-04,-5.436878e-04,2.500124e-03,-1.014450e+06,-6.078675e+05,2.794577e+06,6.522447e-01,2.900391e-01,-1.386405e+00,2.838618e-18,682,3938
8.945909e-09,-9.075196e-03,-5.437846e-03,2.500031e-02,-1.014542e+06,-6.079084e+05,2.794773e+06,5.986262e-03,2.506582e-03,-1.491154e-02,2.838618e-18,682,39362
0.000000e+00,-1.201562e-07,-8.025149e-08,2.711855e-07,0.000000e+00,0.000000e+00,0.000000e+00,4.820607e+07,2.976986e+07,-8.608283e+07,5.706537e-18,683,0
6.365909e-10,-1.433697e-03,-8.845035e-04,2.500298e-03,-2.252626e+06,-1.389717e+06,3.928238e+06,7.175446e-01,4.337583e-01,-1.104959e+00,5.706537e-18,683,2801
6.364318e-09,-1.433647e-02,-8.844630e-03,2.500070e-02,-2.252698e+06,-1.389761e+06,3.928350e+06,7.041399e-03,4.281620e-03,-1.122285e-02,5.706537e-18,683,28003
0.000000e+00,-1.561814e-07,-1.406613e-07,4.199175e-07,0.000000e+00,0.000000e+00,0.000000e+00,2.713296e+07,1.974998e+07,-4.212582e+07,3.907875e-18,684,0
1.013182e-09,-1.637267e-03,-1.371065e-03,2.500438e-03,-1.616748e+06,-1.353908e+06,2.468655e+06,6.253668e-01,5.159665e-01,-7.061659e-01,3.907875e-18,684,4458
1.012705e-08,-1.637285e-02,-1.371102e-02,2.500027e-02,-1.616848e+06,-1.353990e+06,2.468768e+06,5.125197e-03,4.285830e-03,-7.915445e-03,3.907875e-18,684,44559
0.000000e+00,1.382309e-07,-1.389972e-07,5.059686e-07,0.000000e+00,0.000000e+00,0.000000e+00,-1.651330e+07,8.237579e+06,-3.730549e+07,3.427487e-18,685,0
1.071818e-09,1.190358e-03,-7.550013e-04,2.500265e-03,1.111351e+06,-7.049187e+05,2.333780e+06,-5.752935e-01,3.950344e-01,-9.584445e-01,3.427487e-18,685,4716
1.071227e-08,1.190506e-02,-7.551271e-03,2.500026e-02,1.111448e+06,-7.049854e+05,2.333943e+06,-4.680938e-03,3.197865e-03,-1.115927e-02,3.427487e-18,685,47134
0.000000e+00,1.923380e-07,2.151227e-07,4.430499e-07,0.000000e+00,0.000000e+00,0.000000e+00,-2.255877e+07,-2.693023e+07,-3.059451e+07,3.404593e-18,686,0
1.369773e-09,1.971565e-03,2.285164e-03,2.500125e-03,1.439994e+06,1.669016e+06,1.825625e+06,-3.827339e-01,-4.306371e-01,-3.344521e-01,3.404593e-18,686,6027
1.369386e-08,1.971902e-02,2.285522e-02,2.500004e-02,1.440076e+06,1.669108e+06,1.825699e+06,-3.284787e-03,-3.793432e-03,-4.157316e-03,3.404593e-18,686,60253
0.000000e+00,-2.231188e-07,-1.685040e-07,3.828051e-07,0.000000e+00,0.000000e+00,0.000000e+00,3.402425e+07,2.438716e+07,-3.484453e+07,3.786721e-18,687,0
1.324091e-09,-2.718562e-03,-1.943741e-03,2.500054e-03,-2.053930e+06,-1.468506e+06,1.888436e+06,4.648089e-01,3.182385e-01,-2.787677e-01,3.786721e-18,687,5826
1.323841e-08,-2.719069e-02,-1.944064e-02,2.500006e-02,-2.054027e+06,-1.468572e+06,1.888495e+06,3.762592e-03,2.658433e-03,-3.462464e-03,3.786721e-18,687,58249
0.000000e+00,-3.312764e-09,-6.314574e-08,5.179839e-07,0.000000e+00,0.000000e+00,0.000000e+00,-1.115089e+06,8.091480e+06,-4.075635e+07,3.609121e-18,688,0
9.900000e-10,5.377702e-05,-5.395035e-04,2.500196e-03,5.437325e+04,-5.454546e+05,2.526830e+06,-3.520534e-02,3.978405e-01,-1.335979e+00,3.609121e-18,688,4356
9.893864e-09,5.379495e-04,-5.396615e-03,2.500028e-02,5.437876e+04,-5.455168e+05,2.527039e+06,-4.599220e-04,3.600782e-03,-1.545884e-02,3.609121e-18,688,43533
0.000000e+00,6.702463e-08,-1.574857e-08,4.235934e-07,0.000000e+00,0.000000e+00,0.000000e+00,-1.230605e+07,2.128895e+06,-5.549343e+07,4.280713e-18,689,0
7.706818e-10,6.024628e-04,-8.396266e-05,2.500641e-03,7.821943e+05,-1.089917e+05,3.246235e+06,-4.769479e-01,5.957031e-02,-1.793019e+00,4.280713e-18,689,3391
7.701364e-09,6.023935e-03,-8.393914e-04,2.500052e-02,7.822523e+05,-1.089990e+05,3.246454e+06,-4.699097e-03,6.787932e-04,-1.841386e-02,4.280713e-18,689,33886
0.000000e+00,2.764459e-08,1.831558e-07,3.239855e-07,0.000000e+00,0.000000e+00,0.000000e+00,-7.469928e+06,-4.549379e+07,-5.705750e+07,4.744943e-18,690,0
8.595455e-10,3.540228e-04,2.113727e-03,2.500500e-03,4.120184e+05,2.459944e+06,2.909757e+06,-1.366259e-01,-7.953339e-01,-7.889132e-01,4.744943e-18,690,3782
8.591818e-09,3.539980e-03,2.113538e-02,2.500022e-02,4.120369e+05,2.460052e+06,2.909865e+06,-1.396412e-03,-7.536591e-03,-8.162374e-03,4.744943e-18,690,37804
0.000000e+00,-2.122378e-07,5.827306e-08,4.155220e-07,0.000000e+00,0.000000e+00,0.000000e+00,3.385875e+07,-1.084379e+07,-4.086029e+07,3.871939e-18,691,0
1.104773e-09,-2.366470e-03,6.935522e-04,2.500058e-03,-2.143032e+06,6.280450e+05,2.263540e+06,7.026316e-01,-1.947514e-01,-5.632105e-01,3.871939e-18,691,4861
1.104477e-08,-2.366921e-02,6.936599e-03,2.500046e-02,-2.143154e+06,6.280789e+05,2.263639e+06,6.185695e-03,-1.718896e-03,-6.224558e-03,3.871939e-18,691,48597
0.000000e+00,5.517253e-09,-5.975726e-09,1.027283e-07,0.000000e+00,0.000000e+00,0.000000e+00,-5.158580e+07,5.376847e+07,-9.243039e+08,1.590605e-17,692,0
6.795455e-11,1.399819e-04,-1.459040e-04,2.508150e-03,2.059861e+06,-2.147002e+06,3.690786e+07,-1.054160e-01,1.076362e-01,-1.843627e+00,1.590605e-17,692,299
6.775000e-10,1.395561e-03,-1.454600e-03,2.500518e-02,2.059862e+06,-2.147003e+06,3.690788e+07,-1.060593e-03,1.083035e-03,-1.854967e-02,1.590605e-17,692,2981
0.000000e+00,-1.039410e-07,4.217318e-08,5.557658e-07,0.000000e+00,0.000000e+00,0.000000e+00,7.371441e+05,1.757144e+07,-4.700300e+07,3.338050e-18,693,0
8.411364e-10,-1.448566e-04,-8.665741e-04,2.500197e-03,-1.721996e+05,-1.031002e+06,2.973763e+06,3.153157e-02,5.937703e-01,-1.547495e+00,3.338050e-18,693,3701
8.406818e-09,-1.447690e-03,-8.667297e-03,2.500003e-02,-1.722037e+05,-1.031080e+06,2.973969e+06,5.120713e-04,6.036889e-03,-1.691928e-02,3.338050e-18,693,36990
0.000000e+00,6.434296e-08,8.136431e-08,1.283516e-07,0.000000e+00,0.000000e+00,0.000000e+00,-1.466307e+08,-1.843809e+08,-2.719869e+08,1.007646e-17,694,0
2.293182e-10,1.348971e-03,1.696266e-03,2.501466e-03,5.882384e+06,7.396814e+06,1.090796e+07,-4.563434e-01,-5.738164e-01,-8.033038e-01,1.007646e-17,694,1009
2.292045e-09,1.348275e-02,1.695391e-02,2.500165e-02,5.882401e+06,7.396834e+06,1.090798e+07,-4.561715e-03,-5.735487e-03,-8.045939e-03,1.007646e-17,694,10085
0.000000e+00,-1.633614e-07,-4.907852e-08,3.828527e-07,0.000000e+00,0.000000e+00,0.000000e+00,3.217093e+07,6.763956e+06,-4.960715e+07,4.339190e-18,695,0
9.050000e-10,-1.737194e-03,-3.506980e-04,2.500474e-03,-1.920492e+06,-3.876899e+05,2.763878e+06,8.244439e-01,1.718352e-01,-9.782422e-01,4.339190e-18,695,3982
9.045227e-09,-1.737123e-02,-3.506748e-03,2.500001e-02,-1.920610e+06,-3.877145e+05,2.764019e+06,7.518670e-03,1.540278e-03,-1.036522e-02,4.339190e-18,695,39799
0.000000e+00,-1.913985e-07,-1.214417e-07,4.396780e-07,0.000000e+00,0.000000e+00,0.000000e+00,2.732102e+07,1.412558e+07,-3.845236e+07,3.712563e-18,696,0
1.136364e-09,-1.889285e-03,-9.893809e-04,2.500392e-03,-1.663427e+06,-8.710847e+05,2.201055e+06,6.159159e-01,3.197428e-01,-6.357096e-01,3.712563e-18,696,5000
1.135818e-08,-1.889347e-02,-9.893936e-03,2.500014e-02,-1.663537e+06,-8.711420e+05,2.201170e+06,5.136802e-03,2.673292e-03,-7.411239e-03,3.712563e-18,696,49976
0.000000e+00,4.639772e-08,-7.802772e-08,2.566009e-07,0.000000e+00,0.000000e+00,0.000000e+00,-3.716427e+07,3.438018e+07,-1.147783e+08,6.411619e-18,697,0
4.988636e-10,8.170025e-04,-7.567993e-04,2.500479e-03,1.638024e+06,-1.517241e+06,5.012914e+06,-5.541592e-01,4.919643e-01,-1.522519e+00,6.411619e-18,697,2195
4.987273e-09,8.169288e-03,-7.566940e-03,2.500094e-02,1.638068e+06,-1.517279e+06,5.013035e+06,-5.385805e-03,4.751224e-03,-1.541212e-02,6.411619e-18,697,21944
0.000000e+00,-1.512191e-07,-1.150871e-07,5.532263e-07,0.000000e+00,0.000000e+00,0.000000e+00,1.576568e+07,1.191846e+07,-3.653951e+07,3.187183e-18,698,0
1.059545e-09,-1.215877e-03,-7.930714e-04,2.500136e-03,-1.148342e+06,-7.489930e+05,2.360599e+06,6.023367e-01,3.965431e-01,-9.337137e-01,3.187183e-18,698,4662
1.059045e-08,-1.216142e-02,-7.932178e-03,2.500002e-02,-1.148443e+06,-7.490592e+05,2.360756e+06,5.034736e-03,3.558912e-03,-1.080106e-02,3.187183e-18,698,46598
0.000000e+00,-6.014122e-08,-1.269767e-07,4.937182e-07,0.000000e+00,0.000000e+00,0.000000e+00,1.023731e+07,1.633321e+07,-4.219160e+07,3.641417e-18,699,0
9.529545e-10,-6.030370e-04,-9.379960e-04,2.500402e-03,-6.331967e+05,-9.849512e+05,2.625183e+06,3.280398e-01,5.706214e-01,-1.328082e+00,3.641417e-18,699,4193
9.523182e-09,-6.030027e-03,-9.379860e-03,2.500024e-02,-6.332460e+05,-9.850370e+05,2.625384e+06,2.753274e-03,5.165287e-03,-1.432688e-02,3.641417e-18,699,41902
0.000000e+00,6.822699e-09,-1.107124e-07,4.701166e-07,0.000000e+00,0.000000e+00,0.000000e+00,-7.988710e+05,1.718750e+07,-4.416831e+07,3.863068e-18,700,0
9.515909e-10,4.461447e-05,-1.093506e-03,2.500031e-03,4.693601e+04,-1.149959e+06,2.628537e+06,-4.614913e-02,6.775189e-01,-1.307685e+00,3.863068e-18,700,4187
9.511136e-09,4.464144e-04,-1.093735e-02,2.500051e-02,4.694291e+04,-1.150060e+06,2.628734e+06,-3.966166e-04,5.307773e-03,-1.406064e-02,3.863068e-18,700,41849
0.000000e+00,-1.881718e-08,-2.062043e-07,3.267847e-07,0.000000e+00,0.000000e+00,0.000000e+00,4.120345e+06,3.835490e+07,-4.381127e+07,4.637112e-18,701,0
1.065227e-09,-2.604011e-04,-2.405160e-03,2.500072e-03,-2.445593e+05,-2.258845e+06,2.347659e+06,7.532077e-02,7.124680e-01,-5.989617e-01,4.637112e-18,701,4687
1.064909e-08,-2.604325e-03,-2.405457e-02,2.500051e-02,-2.445720e+05,-2.258965e+06,2.347760e+06,5.498271e-04,6.152567e-03,-6.662518e-03,4.637112e-18,701,46856
0.000000e+00,1.745285e-07,3.504201e-08,3.434188e-07,0.000000e+00,0.000000e+00,0.000000e+00,-3.919507e+07,-7.233930e+06,-5.604155e+07,4.626710e-18,702,0
8.479545e-10,1.864866e-03,3.793125e-04,2.500582e-03,2.200090e+06,4.475182e+05,2.949727e+06,-8.101064e-01,-1.761571e-01,-9.026034e-01,4.626710e-18,702,3731
8.475455e-09,1.864674e-02,3.792907e-03,2.500039e-02,2.200199e+06,4.475418e+05,2.949848e+06,-7.675600e-03,-1.581446e-03,-9.484256e-03,4.626710e-18,702,37292
0.000000e+00,-1.257462e-07,1.591002e-07,5.502013e-07,0.000000e+00,0.000000e+00,0.000000e+00,1.322763e+07,-1.776301e+07,-3.794141e+07,3.166295e-18,703,0
1.004318e-09,-9.214327e-04,1.265468e-03,2.500383e-03,-9.180208e+05,1.260827e+06,2.490730e+06,4.553085e-01,-6.352516e-01,-1.073709e+00,3.166295e-18,703,4419
1.003727e-08,-9.214413e-03,1.265522e-02,2.500031e-02,-9.180930e+05,1.260928e+06,2.490901e+06,3.941479e-03,-5.430338e-03,-1.140721e-02,3.166295e-18,703,44164
0.000000e+00,1.470118e-07,1.213185e-07,2.705808e-07,0.000000e+00,0.000000e+00,0.000000e+00,-4.716902e+07,-4.174510e+07,-6.751315e+07,5.267691e-18,704,0
7.972727e-10,1.805645e-03,1.601509e-03,2.500272e-03,2.265265e+06,2.009189e+06,3.136477e+06,-5.674906e-01,-5.139185e-01,-6.614155e-01,5.267691e-18,704,3508
7.970909e-09,1.805626e-02,1.601509e-02,2.500071e-02,2.265337e+06,2.009254e+06,3.136560e+06,-5.461972e-03,-4.904431e-03,-6.799115e-03,5.267691e-18,704,35072
0.000000e+00,-2.372798e-09,-2.540034e-07,5.160061e-07,0.000000e+00,0.000000e+00,0.000000e+00,4.993880e+05,2.818243e+07,-3.371614e+07,3.193558e-18,705,0
1.211818e-09,-9.391688e-05,-2.284767e-03,2.500210e-03,-7.755813e+04,-1.886387e+06,2.063779e+06,3.070826e-02,6.596995e-01,-5.387383e-01,3.193558e-18,705,5332
1.211364e-08,-9.394945e-04,-2.285096e-02,2.500008e-02,-7.756399e+04,-1.886513e+06,2.063883e+06,1.742886e-04,5.644827e-03,-6.531766e-03,3.193558e-18,705,53300
0.000000e+00,-1.529669e-07,-1.838747e-07,4.025377e-07,0.000000e+00,0.000000e+00,0.000000e+00,2.746747e+07,3.042191e+07,-3.833500e+07,3.887429e-18,706,0
1.186591e-09,-1.964163e-03,-2.106256e-03,2.500251e-03,-1.655968e+06,-1.775726e+06,2.107519e+06,4.388031e-01,4.630783e-01,-4.094137e-01,3.887429e-18,706,5221
1.186227e-08,-1.964347e-02,-2.106411e-02,2.500013e-02,-1.656050e+06,-1.775813e+06,2.107596e+06,3.536345e-03,3.951990e-03,-4.765670e-03,3.887429e-18,706,52194
0.000000e+00,1.608557e-07,-2.546707e-08,5.171456e-07,0.000000e+00,0.000000e+00,0.000000e+00,-1.990502e+07,7.511788e+06,-4.402204e+07,3.438645e-18,707,0
9.218182e-10,1.252090e-03,-4.859197e-04,2.500606e-03,1.359145e+06,-5.274552e+05,2.713879e+06,-7.552114e-01,2.586319e-01,-1.262227e+00,3.438645e-18,707,4056
9.212045e-09,1.252047e-02,-4.858902e-03,2.500054e-02,1.359255e+06,-5.274929e+05,2.714064e+06,-7.225572e-03,2.532700e-03,-1.328024e-02,3.438645e-18,707,40533
0.000000e+00,2.061388e-07,1.400595e-07,3.551027e-07,0.000000e+00,0.000000e+00,0.000000e+00,-3.866521e+07,-2.951306e+07,-4.168315e+07,4.110345e-18,708,0
1.165909e-09,2.522497e-03,1.920715e-03,2.500396e-03,2.164241e+06,1.647948e+06,2.144923e+06,-4.885230e-01,-3.781876e-01,-3.460504e-01,4.110345e-18,708,5130
1.165545e-08,2.522518e-02,1.920754e-02,2.500022e-02,2.164331e+06,1.648017e+06,2.144988e+06,-4.181290e-03,-3.073755e-03,-3.918424e-03,4.110345e-18,708,51284
0.000000e+00,-4.955710e-09,-4.933556e-08,6.289288e-07,0.000000e+00,0.000000e+00,0.000000e+00,-1.152134e+06,5.951818e+06,-3.574500e+07,2.997736e-18,709,0
9.975000e-10,-4.516514e-06,-3.862424e-04,2.500086e-03,-4.566537e+03,-3.874534e+05,2.507734e+06,1.707109e-02,2.162135e-01,-1.374036e+00,2.997736e-18,709,4389
9.969091e-09,-4.550548e-05,-3.862568e-03,2.500006e-02,-4.569203e+03,-3.874874e+05,2.507951e+06,9.654336e-05,2.413521e-03,-1.582309e-02,2.997736e-18,709,43864
0.000000e+00,-2.642860e-07,-1.940027e-08,4.276517e-07,0.000000e+00,0.000000e+00,0.000000e+00,3.273382e+07,1.059480e+06,-3.458052e+07,3.607417e-18,710,0
1.260227e-09,-2.653469e-03,-7.596346e-05,2.500006e-03,-2.106527e+06,-6.030622e+04,1.984264e+06,6.239311e-01,2.314857e-02,-4.210132e-01,3.607417e-18,710,5545
1.259909e-08,-2.654026e-02,-7.598107e-04,2.500010e-02,-2.106651e+06,-6.031083e+04,1.984349e+06,5.453220e-03,1.052503e-04,-5.246399e-03,3.607417e-18,710,55436
0.000000e+00,2.279073e-07,2.722421e-08,3.537323e-07,0.000000e+00,0.000000e+00,0.000000e+00,-4.130069e+07,-5.825710e+06,-4.197271e+07,4.246160e-18,711,0
1.130000e-09,2.744225e-03,3.877707e-04,2.500370e-03,2.429476e+06,3.433011e+05,2.213180e+06,-6.729026e-01,-9.576734e-02,-4.395255e-01,4.246160e-18,711,4972
1.129591e-08,2.744306e-02,3.877882e-03,2.500002e-02,2.429595e+06,3.433182e+05,2.213259e+06,-5.678257e-03,-8.897036e-04,-5.074006e-03,4.246160e-18,711,49702
0.000000e+00,2.066702e-07,-6.088267e-08,4.470097e-07,0.000000e+00,0.000000e+00,0.000000e+00,-2.758796e+07,1.526560e+07,-3.889115e+07,3.707753e-18,712,0
1.126591e-09,1.930805e-03,-9.242206e-04,2.500461e-03,1.714720e+06,-8.207924e+05,2.220202e+06,-6.396052e-01,3.005080e-01,-6.466086e-01,3.707753e-18,712,4957
1.126023e-08,1.930811e-02,-9.242280e-03,2.500014e-02,1.714834e+06,-8.208457e+05,2.220317e+06,-5.103121e-03,2.619992e-03,-7.545192e-03,3.707753e-18,712,49545
0.000000e+00,-1.064153e-07,-1.564090e-08,3.608504e-07,0.000000e+00,0.000000e+00,0.000000e+00,2.410457e+07,1.174985e+06,-6.448626e+07,4.794740e-18,713,0
7.093182e-10,-9.618920e-04,-1.856794e-05,2.500302e-03,-1.356662e+06,-2.613616e+04,3.526176e+06,6.820541e-01,-1.391265e-02,-1.620287e+00,4.794740e-18,713,3121
7.090000e-09,-9.618726e-03,-1.853262e-04,2.500067e-02,-1.356739e+06,-2.613459e+04,3.526358e+06,6.623688e-03,-1.406913e-04,-1.662448e-02,4.794740e-18,713,31196
0.000000e+00,1.482341e-07,8.228598e-08,5.701896e-07,0.000000e+00,0.000000e+00,0.000000e+00,-1.493874e+07,-1.252794e+07,-3.484330e+07,3.130307e-18,714,0
1.078182e-09,1.144496e-03,9.444192e-04,2.500249e-03,1.062244e+06,8.765661e+05,2.319989e+06,-5.530658e-01,-4.534012e-01,-9.617560e-01,3.130307e-18,714,4744
1.077591e-08,1.144660e-02,9.445737e-03,2.500018e-02,1.062338e+06,8.766431e+05,2.320153e+06,-4.476322e-03,-3.758989e-03,-1.086310e-02,3.130307e-18,714,47414
0.000000e+00,-1.516506e-07,-3.833810e-08,2.558485e-07,0.000000e+00,0.000000e+00,0.000000e+00,6.447419e+07,1.347793e+07,-8.844948e+07,5.812499e-18,715,0
6.334091e-10,-1.858911e-03,-3.863018e-04,2.500455e-03,-2.935279e+06,-6.099640e+05,3.948094e+06,8.111799e-01,1.596910e-01,-9.623643e-01,5.812499e-18,715,2787
6.332273e-09,-1.858705e-02,-3.862479e-03,2.500056e-02,-2.935360e+06,-6.099799e+05,3.948191e+06,7.981516e-03,1.621462e-03,-9.774759e-03,5.812499e-18,715,27862
0.000000e+00,1.014561e-07,2.242224e-07,4.780970e-07,0.000000e+00,0.000000e+00,0.000000e+00,-1.049436e+07,-2.609063e+07,-3.145969e+07,3.393558e-18,716,0
1.290455e-09,9.639192e-04,2.358134e-03,2.500032e-03,7.473601e+05,1.828373e+06,1.937881e+06,-2.415187e-01,-6.031619e-01,-4.513744e-01,3.393558e-18,716,5678
1.290068e-08,9.641412e-03,2.358714e-02,2.500016e-02,7.474091e+05,1.828495e+06,1.937974e+06,-2.055706e-03,-5.127765e-03,-5.550135e-03,3.393558e-18,716,56763
0.000000e+00,1.957249e-07,9.233504e-08,2.773996e-07,0.000000e+00,0.000000e+00,0.000000e+00,-5.316355e+07,-2.532611e+07,-5.625084e+07,4.971962e-18,717,0
9.250000e-10,2.479086e-03,1.178686e-03,2.500144e-03,2.680768e+06,1.274575e+06,2.703287e+06,-6.366871e-01,-3.012249e-01,-5.186295e-01,4.971962e-18,717,4070
9.248182e-09,2.479225e-02,1.178751e-02,2.500061e-02,2.680861e+06,1.274619e+06,2.703363e+06,-5.984989e-03,-2.775096e-03,-5.439567e-03,4.971962e-18,717,40692
0.000000e+00,1.568810e-07,1.075951e-07,4.737062e-07,0.000000e+00,0.000000e+00,0.000000e+00,-1.972778e+07,-1.216036e+07,-4.034454e+07,3.599853e-18,718,0
1.032500e-09,1.436623e-03,8.988794e-04,2.500172e-03,1.392293e+06,8.711200e+05,2.422464e+06,-6.716181e-01,-4.107542e-01,-9.312471e-01,3.599853e-18,718,4543
1.032023e-08,1.436870e-02,8.990119e-03,2.500053e-02,1.392402e+06,8.711869e+05,2.422617e+06,-5.608471e-03,-3.613626e-03,-1.012284e-02,3.599853e-18,718,45409
0.000000e+00,-4.834560e-08,2.837765e-08,4.937705e-07,0.000000e+00,0.000000e+00,0.000000e+00,6.388461e+06,-4.813710e+06,-4.076060e+07,3.766572e-18,719,0
9.759091e-10,-4.787778e-04,3.139988e-04,2.500051e-03,-4.910036e+05,3.221056e+05,2.563060e+06,3.271816e-01,-3.024838e-01,-1.271375e+00,3.766572e-18,719,4294
9.754091e-09,-4.789263e-03,3.141838e-03,2.500048e-02,-4.910540e+05,3.221520e+05,2.563257e+06,2.728618e-03,-1.242856e-03,-1.556855e-02,3.766572e-18,719,42918
0.000000e+00,5.792600e-08,-1.375171e-07,1.571259e-07,0.000000e+00,0.000000e+00,0.000000e+00,-5.882457e+07,1.414139e+08,-1.411798e+08,7.787484e-18,720,0
4.343182e-10,1.044449e-03,-2.511071e-03,2.500405e-03,2.404825e+06,-5.781704e+06,5.757063e+06,-2.605191e-01,6.304823e-01,-5.691866e-01,7.787484e-18,720,1911
4.342500e-09,1.044300e-02,-2.510716e-02,2.500018e-02,2.404842e+06,-5.781747e+06,5.757102e+06,-2.591826e-03,6.231811e-03,-5.733656e-03,7.787484e-18,720,19107
0.000000e+00,1.877130e-07,-1.441928e-07,2.828828e-07,0.000000e+00,0.000000e+00,0.000000e+00,-3.773283e+07,3.860956e+07,-5.665193e+07,4.774467e-18,721,0
9.095455e-10,1.816198e-03,-1.790866e-03,2.500453e-03,1.997365e+06,-1.969515e+06,2.749607e+06,-5.398825e-01,5.173060e-01,-5.780182e-01,4.774467e-18,721,4002
9.092273e-09,1.816061e-02,-1.790737e-02,2.500030e-02,1.997442e+06,-1.969589e+06,2.749690e+06,-4.963387e-03,4.704062e-03,-6.269273e-03,4.774467e-18,721,40006
0.000000e+00,-1.144315e-07,1.522950e-07,4.089606e-07,0.000000e+00,0.000000e+00,0.000000e+00,1.710108e+07,-2.405915e+07,-4.445521e+07,4.031626e-18,722,0
9.461364e-10,-9.401646e-04,1.598388e-03,2.500516e-03,-9.941609e+05,1.690266e+06,2.643823e+06,4.206192e-01,-7.039151e-01,-9.419216e-01,4.031626e-18,722,4163
9.456136e-09,-9.400916e-03,1.598329e-02,2.500044e-02,-9.942237e+05,1.690371e+06,2.643964e+06,3.767763e-03,-6.450468e-03,-9.848469e-03,4.031626e-18,722,41607
0.000000e+00,-1.657222e-07,1.007282e-07,4.919424e-07,0.000000e+00,0.000000e+00,0.000000e+00,2.067754e+07,-1.153498e+07,-3.872135e+07,3.499050e-18,723,0
1.062955e-09,-1.474160e-03,8.171028e-04,2.500334e-03,-1.387673e+06,7.691537e+05,2.353147e+06,6.152662e-01,-3.406857e-01,-8.478556e-01,3.499050e-18,723,4677
1.062409e-08,-1.474271e-02,8.171538e-03,2.500023e-02,-1.387776e+06,7.692107e+05,2.353290e+06,5.068951e-03,-2.988887e-03,-9.668115e-03,3.499050e-18,723,46746
0.000000e+00,-1.355717e-07,2.375581e-07,2.879744e-07,0.000000e+00,0.000000e+00,0.000000e+00,2.937699e+07,-5.412269e+07,-4.005298e+07,4.413820e-18,724,0
1.279773e-09,-1.933303e-03,3.564724e-03,2.500186e-03,-1.510989e+06,2.786049e+06,1.953809e+06,2.198550e-01,-4.054319e-01,-2.038648e-01,4.413820e-18,724,5631
1.279545e-08,-1.933379e-02,3.564876e-02,2.500003e-02,-1.511033e+06,2.786131e+06,1.953851e+06,1.824974e-03,-3.375093e-03,-2.350787e-03,4.413820e-18,724,56300
0.000000e+00,6.433649e-08,1.551061e-07,1.745928e-07,0.000000e+00,0.000000e+00,0.000000e+00,-4.829887e+07,-1.169381e+08,-1.129867e+08,6.988830e-18,725,0
5.350000e-10,1.074708e-03,2.602084e-03,2.500673e-03,2.008872e+06,4.863886e+06,4.674226e+06,-2.529544e-01,-6.157053e-01,-5.241760e-01,6.988830e-18,725,2354
5.348636e-09,1.074477e-02,2.601527e-02,2.500087e-02,2.008893e+06,4.863938e+06,4.674270e+06,-2.502621e-03,-6.058065e-03,-5.292206e-03,6.988830e-18,725,23534
0.000000e+00,4.679740e-08,2.231503e-07,5.299353e-07,0.000000e+00,0.000000e+00,0.000000e+00,-7.164155e+06,-2.259781e+07,-3.265896e+07,3.198135e-18,726,0
1.184318e-09,5.794407e-04,1.842385e-03,2.500072e-03,4.895772e+05,1.556640e+06,2.111754e+06,-2.046931e-01,-6.877703e-01,-6.696427e-01,3.198135e-18,726,5211
1.183864e-08,5.795889e-03,1.842845e-02,2.500048e-02,4.896153e+05,1.556768e+06,2.111880e+06,-1.631101e-03,-6.127507e-03,-8.119875e-03,3.198135e-18,726,52090
0.000000e+00,-2.146027e-08,-4.951669e-08,2.018010e-07,0.000000e+00,0.000000e+00,0.000000e+00,2.510977e+07,5.704913e+07,-2.080577e+08,8.148071e-18,727,0
2.947727e-10,-3.023912e-04,-6.869906e-04,2.500694e-03,-1.025862e+06,-2.330612e+06,8.483465e+06,2.278142e-01,5.150850e-01,-1.751112e+00,8.148071e-18,727,1297
2.947045e-09,-3.023280e-03,-6.868462e-03,2.500134e-02,-1.025872e+06,-2.330636e+06,8.483547e+06,2.254997e-03,5.107411e-03,-1.755356e-02,8.148071e-18,727,12967
0.000000e+00,-6.734156e-08,6.299703e-08,1.774289e-07,0.000000e+00,0.000000e+00,0.000000e+00,8.944033e+07,-8.258050e+07,-2.119728e+08,8.453393e-18,728,0
2.913636e-10,-1.056807e-03,9.758211e-04,2.501443e-03,-3.627094e+06,3.349138e+06,8.585168e+06,5.645189e-01,-5.223153e-01,-1.246171e+00,8.453393e-18,728,1282
2.912045e-09,-1.056232e-02,9.752899e-03,2.500056e-02,-3.627120e+06,3.349162e+06,8.585226e+06,5.632245e-03,-5.268328e-03,-1.255908e-02,8.453393e-18,728,12813
0.000000e+00,-1.984823e-07,-4.584682e-08,5.156890e-07,0.000000e+00,0.000000e+00,0.000000e+00,2.500664e+07,8.416643e+06,-5.178471e+07,3.359295e-18,729,0
8.500000e-10,-1.266378e-03,-3.960889e-04,2.500561e-03,-1.490543e+06,-4.662251e+05,2.942867e+06,7.320155e-01,2.385066e-01,-1.297696e+00,3.359295e-18,729,3740
8.495227e-09,-1.266254e-02,-3.960689e-03,2.500055e-02,-1.490641e+06,-4.662571e+05,2.943042e+06,7.021761e-03,2.279596e-03,-1.352960e-02,3.359295e-18,729,37379
0.000000e+00,-1.100814e-07,7.523930e-08,3.717065e-07,0.000000e+00,0.000000e+00,0.000000e+00,2.112528e+07,-1.654126e+07,-5.827545e+07,4.574785e-18,730,0
7.781818e-10,-9.983486e-04,7.942130e-04,2.500060e-03,-1.283501e+06,1.021094e+06,3.213827e+06,5.982801e-01,-4.935883e-01,-1.361530e+00,4.574785e-18,730,3424
7.778864e-09,-9.984157e-03,7.942916e-03,2.500001e-02,-1.283575e+06,1.021154e+06,3.213994e+06,5.812758e-03,-4.794847e-03,-1.396675e-02,4.574785e-18,730,34227
0.000000e+00,-2.044071e-07,2.028393e-07,3.633967e-07,0.000000e+00,0.000000e+00,0.000000e+00,2.779266e+07,-3.315417e+07,-3.197507e+07,3.844038e-18,731,0
1.425227e-09,-2.392052e-03,2.846253e-03,2.500260e-03,-1.678919e+06,1.997756e+06,1.754557e+06,3.127716e-01,-3.817312e-01,-2.236881e-01,3.844038e-18,731,6271
1.424864e-08,-2.392227e-02,2.846520e-02,2.500020e-02,-1.678989e+06,1.997841e+06,1.754608e+06,2.672819e-03,-3.189935e-03,-2.793746e-03,3.844038e-18,731,62694
0.000000e+00,1.104351e-07,-2.266498e-07,2.667273e-07,0.000000e+00,0.000000e+00,0.000000e+00,-2.881364e+07,5.917399e+07,-4.729228e+07,4.766271e-18,732,0
1.122955e-09,1.610352e-03,-3.300375e-03,2.500171e-03,1.434333e+06,-2.939616e+06,2.226642e+06,-2.344546e-01,4.732669e-01,-2.616185e-01,4.766271e-18,732,4941
1.122773e-08,1.610431e-02,-3.300523e-02,2.500027e-02,1.434375e+06,-2.939700e+06,2.226688e+06,-2.062660e-03,4.083956e-03,-2.940471e-03,4.766271e-18,732,49402
0.000000e+00,4.691099e-08,1.245993e-07,1.444624e-07,0.000000e+00,0.000000e+00,0.000000e+00,-6.365262e+07,-1.722834e+08,-1.791788e+08,8.525541e-18,733,0
3.454545e-10,8.893085e-04,2.407117e-03,2.500396e-03,2.574290e+06,6.967914e+06,7.237859e+06,-2.383613e-01,-6.472714e-01,-6.193880e-01,8.525541e-18,733,1520
3.454091e-09,8.891874e-03,2.406792e-02,2.500035e-02,2.574303e+06,6.967949e+06,7.237893e+06,-2.377112e-03,-6.430834e-03,-6.240443e-03,8.525541e-18,733,15198
0.000000e+00,-4.992991e-08,-1.420034e-07,5.487069e-07,0.000000e+00,0.000000e+00,0.000000e+00,5.055580e+06,1.519267e+07,-3.851187e+07,3.298560e-18,734,0
9.952273e-10,-3.894616e-04,-1.001703e-03,2.500303e-03,-3.916111e+05,-1.007156e+06,2.513527e+06,2.231023e-01,5.461781e-01,-1.210208e+00,3.298560e-18,734,4379
9.946136e-09,-3.894996e-03,-1.001730e-02,2.500006e-02,-3.916461e+05,-1.007242e+06,2.513718e+06,1.771624e-03,4.626192e-03,-1.351933e-02,3.298560e-18,734,43763
0.000000e+00,2.077307e-07,-4.754283e-08,4.455320e-07,0.000000e+00,0.000000e+00,0.000000e+00,-2.868037e+07,-1.974950e+06,-3.631196e+07,3.724705e-18,735,0
1.170909e-09,2.246327e-03,8.309503e-05,2.500031e-03,1.919480e+06,7.101583e+04,2.135818e+06,-6.835263e-01,-8.253349e-03,-5.977134e-01,3.724705e-18,735,5152
1.170523e-08,2.246784e-02,8.312115e-04,2.500038e-02,1.919606e+06,7.101731e+04,2.135929e+06,-5.774089e-03,-1.505426e-04,-6.910928e-03,3.724705e-18,735,51503
0.000000e+00,-4.426930e-08,-1.917712e-08,3.678784e-07,0.000000e+00,0.000000e+00,0.000000e+00,1.208515e+07,3.318850e+06,-7.008678e+07,4.877190e-18,736,0
6.615909e-10,-4.323396e-04,-1.395804e-04,2.500551e-03,-6.537820e+05,-2.110629e+05,3.780939e+06,3.733583e-01,1.103187e-01,-1.888861e+00,4.877190e-18,736,2911
6.612273e-09,-4.322980e-03,-1.395605e-03,2.500069e-02,-6.538210e+05,-2.110744e+05,3.781137e+06,3.387862e-03,9.904471e-04,-1.944617e-02,4.877190e-18,736,29094
0.000000e+00,1.327405e-07,-1.782045e-07,2.500438e-07,0.000000e+00,0.000000e+00,0.000000e+00,-4.369324e+07,5.794599e+07,-6.086645e+07,5.217733e-18,737,0
8.940909e-10,1.833716e-03,-2.451733e-03,2.500608e-03,2.051283e+06,-2.742648e+06,2.797126e+06,-3.781773e-01,5.196255e-01,-4.375120e-01,5.217733e-18,737,3934
8.937727e-09,1.833385e-02,-2.451308e-02,2.500009e-02,2.051337e+06,-2.742721e+06,2.797188e+06,-3.478137e-03,4.889173e-03,-4.578923e-03,5.217733e-18,737,39326
0.000000e+00,4.441530e-08,-2.048407e-08,3.290385e-07,0.000000e+00,0.000000e+00,0.000000e+00,-1.346509e+07,3.893281e+06,-8.591724e+07,5.371540e-18,738,0
5.893182e-10,4.106917e-04,-1.116688e-04,2.500179e-03,6.971374e+05,-1.895182e+05,4.243656e+06,-3.635525e-01,7.524173e-02,-1.975259e+00,5.371540e-18,738,2593
5.891136e-09,4.106936e-03,-1.116491e-03,2.500008e-02,6.971712e+05,-1.895253e+05,4.243840e+06,-3.562101e-03,8.139405e-04,-2.004523e-02,5.371540e-18,738,25921
0.000000e+00,4.784597e-09,1.542308e-07,5.914181e-07,0.000000e+00,0.000000e+00,0.000000e+00,-2.886679e+05,-1.036152e+07,-3.660069e+07,3.067592e-18,739,0
1.013864e-09,8.635561e-05,9.352526e-04,2.500481e-03,8.536137e+04,9.232936e+05,2.467583e+06,-1.216620e-01,-6.489477e-01,-1.231318e+00,3.067592e-18,739,4461
1.013136e-08,8.647846e-04,9.354165e-03,2.500015e-02,8.538086e+04,9.233973e+05,2.467781e+06,-1.263216e-03,-5.165403e-03,-1.408394e-02,3.067592e-18,739,44578
0.000000e+00,-5.326891e-08,1.438167e-07,5.886247e-07,0.000000e+00,0.000000e+00,0.000000e+00,1.133388e+07,-1.004245e+07,-3.542969e+07,3.086621e-18,740,0
1.017500e-09,-7.739901e-04,7.645581e-04,2.500363e-03,-7.612643e+05,7.518614e+05,2.458522e+06,4.280356e-01,-3.960797e-01,-1.126516e+00,3.086621e-18,740,4477
1.016864e-08,-7.740944e-03,7.645426e-03,2.500000e-02,-7.613330e+05,7.519249e+05,2.458703e+06,3.975299e-03,-3.228791e-03,-1.291322e-02,3.086621e-18,740,44742
0.000000e+00,3.509300e-08,-3.380331e-08,1.783070e-07,0.000000e+00,0.000000e+00,0.000000e+00,-5.697864e+07,5.491976e+07,-2.676273e+08,9.120033e-18,741,0
2.318182e-10,5.331096e-04,-5.138256e-04,2.502338e-03,2.299653e+06,-2.216469e+06,1.079415e+07,-3.862570e-01,3.723515e-01,-1.730295e+00,9.120033e-18,741,1020
2.316136e-09,5.326343e-03,-5.133675e-03,2.500089e-02,2.299667e+06,-2.216482e+06,1.079421e+07,-3.870470e-03,3.709982e-03,-1.735211e-02,9.120033e-18,741,10191
0.000000e+00,1.047035e-07,1.354098e-07,3.182400e-07,0.000000e+00,0.000000e+00,0.000000e+00,-2.630393e+07,-3.707861e+07,-6.315620e+07,4.891127e-18,742,0
7.897727e-10,1.088943e-03,1.544763e-03,2.500175e-03,1.379235e+06,1.956600e+06,3.166404e+06,-4.710255e-01,-6.819231e-01,-9.358345e-01,4.891127e-18,742,3475
7.895455e-09,1.088969e-02,1.544824e-02,2.500032e-02,1.379294e+06,1.956685e+06,3.166521e+06,-4.555869e-03,-6.531097e-03,-9.576088e-03,4.891127e-18,742,34740
0.000000e+00,-1.828330e-07,2.044310e-07,4.584526e-07,0.000000e+00,0.000000e+00,0.000000e+00,2.096045e+07,-2.486938e+07,-3.076184e+07,3.400232e-18,743,0
1.366136e-09,-1.904740e-03,2.253471e-03,2.500297e-03,-1.394927e+06,1.650278e+06,1.830609e+06,3.867693e-01,-4.337457e-01,-3.385681e-01,3.400232e-18,743,6011
1.365659e-08,-1.904987e-02,2.253709e-02,2.500005e-02,-1.395010e+06,1.650371e+06,1.830682e+06,3.313329e-03,-3.780365e-03,-4.394211e-03,3.400232e-18,743,60089
0.000000e+00,1.350589e-08,8.643588e-08,5.300048e-07,0.000000e+00,0.000000e+00,0.000000e+00,-3.883395e+06,-9.446861e+06,-3.986806e+07,3.483242e-18,744,0
9.881818e-10,2.258043e-04,6.400377e-04,2.500511e-03,2.286746e+05,6.481767e+05,2.531758e+06,-1.814536e-01,-4.144582e-01,-1.341172e+00,3.483242e-18,744,4348
9.874545e-09,2.258098e-03,6.400447e-03,2.500017e-02,2.287029e+05,6.482412e+05,2.531968e+06,-1.364508e-03,-3.592303e-03,-1.525715e-02,3.483242e-18,744,43448
0.000000e+00,-2.206400e-07,-1.402570e-07,4.547731e-07,0.000000e+00,0.000000e+00,0.000000e+00,2.984288e+07,1.889937e+07,-3.425876e+07,3.481617e-18,745,0
1.280000e-09,-2.439956e-03,-1.508064e-03,2.500178e-03,-1.907063e+06,-1.178671e+06,1.953675e+06,5.229476e-01,3.117741e-01,-3.781068e-01,3.481617e-18,745,5632
1.279636e-08,-2.440340e-02,-1.508266e-02,2.500014e-02,-1.907169e+06,-1.178733e+06,1.953752e+06,4.425532e-03,2.689937e-03,-4.609070e-03,3.481617e-18,745,56304
0.000000e+00,-4.103630e-08,-1.966368e-07,3.483375e-07,0.000000e+00,0.000000e+00,0.000000e+00,1.148533e+07,4.214548e+07,-5.203261e+07,4.481942e-18,746,0
9.229545e-10,-5.671770e-04,-2.190208e-03,2.500590e-03,-6.147537e+05,-2.373923e+06,2.709930e+06,2.010137e-01,7.809417e-01,-6.847367e-01,4.481942e-18,746,4061
9.225455e-09,-5.671371e-03,-2.190048e-02,2.500047e-02,-6.147830e+05,-2.374036e+06,2.710030e+06,1.915358e-03,6.927056e-03,-7.476113e-03,4.481942e-18,746,40592
0.000000e+00,-2.599645e-08,-1.840590e-07,3.670907e-07,0.000000e+00,0.000000e+00,0.000000e+00,5.154056e+06,3.699673e+07,-5.401531e+07,4.406376e-18,747,0
8.650000e-10,-2.479624e-04,-1.835057e-03,2.500136e-03,-2.867482e+05,-2.122312e+06,2.891140e+06,8.483151e-02,8.174735e-01,-9.356334e-01,4.406376e-18,747,3806
8.647273e-09,-2.479590e-03,-1.835219e-02,2.500060e-02,-2.867598e+05,-2.122424e+06,2.891268e+06,9.201019e-04,7.856201e-03,-9.864361e-03,4.406376e-18,747,38048
0.000000e+00,-7.516523e-08,6.873838e-08,2.080309e-07,0.000000e+00,0.000000e+00,0.000000e+00,6.403848e+07,-6.093826e+07,-1.566210e+08,7.380231e-18,748,0
3.865909e-10,-1.026567e-03,9.774560e-04,2.501266e-03,-2.655545e+06,2.528515e+06,6.470200e+06,5.730339e-01,-5.533551e-01,-1.283695e+00,7.380231e-18,748,1701
3.863864e-09,-1.026072e-02,9.769889e-03,2.500014e-02,-2.655580e+06,2.528549e+06,6.470279e+06,5.699480e-03,-5.469181e-03,-1.294018e-02,7.380231e-18,748,17001
0.000000e+00,2.679428e-08,-2.783158e-07,3.041976e-07,0.000000e+00,0.000000e+00,0.000000e+00,-7.654986e+06,5.590647e+07,-3.718572e+07,4.272863e-18,749,0
1.355909e-09,5.651380e-04,-4.059761e-03,2.500198e-03,4.169136e+05,-2.994859e+06,1.844100e+06,-6.483005e-02,4.457882e-01,-1.797204e-01,4.272863e-18,749,5966
1.355682e-08,5.652003e-03,-4.060072e-02,2.500028e-02,4.169274e+05,-2.994954e+06,1.844139e+06,-4.973526e-04,3.691983e-03,-2.260534e-03,4.272863e-18,749,59650
0.000000e+00,-2.091842e-07,-2.038010e-07,3.507844e-07,0.000000e+00,0.000000e+00,0.000000e+00,3.349376e+07,3.087229e+07,-3.385374e+07,3.899940e-18,750,0
1.390682e-09,-2.737537e-03,-2.494498e-03,2.500391e-03,-1.969133e+06,-1.794291e+06,1.798212e+06,3.693530e-01,3.316133e-01,-2.220088e-01,3.899940e-18,750,6119
1.390273e-08,-2.737626e-02,-2.494550e-02,2.500021e-02,-1.969214e+06,-1.794364e+06,1.798261e+06,3.068795e-03,2.802941e-03,-2.802762e-03,3.899940e-18,750,61172
0.000000e+00,-9.079642e-08,-3.397017e-08,1.462786e-07,0.000000e+00,0.000000e+00,0.000000e+00,1.741964e+08,6.597687e+07,-2.589621e+08,9.536165e-18,751,0
2.404545e-10,-1.684031e-03,-6.378650e-04,2.502361e-03,-7.003378e+06,-2.652691e+06,1.040650e+07,7.126893e-01,2.722277e-01,-1.003588e+00,9.536165e-18,751,1058
2.402500e-09,-1.682570e-02,-6.373121e-03,2.500176e-02,-7.003405e+06,-2.652701e+06,1.040654e+07,7.158842e-03,2.705651e-03,-1.009733e-02,9.536165e-18,751,10571
0.000000e+00,-8.530402e-08,-1.859188e-07,2.607499e-07,0.000000e+00,0.000000e+00,0.000000e+00,3.035370e+07,6.149113e+07,-6.212583e+07,5.284910e-18,752,0
8.704545e-10,-1.266942e-03,-2.562998e-03,2.500032e-03,-1.455802e+06,-2.945024e+06,2.872442e+06,3.110985e-01,6.145545e-01,-4.888375e-01,5.284910e-18,752,3830
8.703409e-09,-1.267045e-02,-2.563179e-02,2.500018e-02,-1.455845e+06,-2.945109e+06,2.872510e+06,2.850343e-03,5.774664e-03,-5.121161e-03,5.284910e-18,752,38295
0.000000e+00,2.435007e-07,-1.136167e-07,4.920849e-07,0.000000e+00,0.000000e+00,0.000000e+00,-2.676280e+07,1.195339e+07,-3.510489e+07,3.257157e-18,753,0
1.188864e-09,2.221713e-03,-9.626276e-04,2.500186e-03,1.869704e+06,-8.101089e+05,2.103561e+06,-6.195720e-01,2.781953e-01,-5.228359e-01,3.257157e-18,753,5231
1.188455e-08,2.222050e-02,-9.627757e-03,2.500008e-02,1.869820e+06,-8.101610e+05,2.103660e+06,-5.030716e-03,2.355064e-03,-6.192783e-03,3.257157e-18,753,52292
0.000000e+00,6.627846e-08,-1.052682e-07,2.137032e-07,0.000000e+00,0.000000e+00,0.000000e+00,-4.835348e+07,7.477421e+07,-1.288501e+08,6.946014e-18,754,0
4.629545e-10,9.447675e-04,-1.460213e-03,2.500204e-03,2.040885e+06,-3.154340e+06,5.400773e+06,-4.515678e-01,6.918985e-01,-1.074552e+00,6.946014e-18,754,2037
4.629091e-09,9.447486e-03,-1.460180e-02,2.500083e-02,2.040918e+06,-3.154390e+06,5.400851e+06,-4.466786e-03,6.818485e-03,-1.084102e-02,6.946014e-18,754,20368
0.000000e+00,1.188095e-07,7.466840e-08,3.053358e-07,0.000000e+00,0.000000e+00,0.000000e+00,-3.588368e+07,-2.698352e+07,-7.616479e+07,5.253279e-18,755,0
6.854545e-10,1.220134e-03,9.229689e-04,2.500645e-03,1.780528e+06,1.346926e+06,3.648914e+06,-6.548734e-01,-5.255849e-01,-1.190441e+00,5.253279e-18,755,3016
6.851364e-09,1.219907e-02,9.228285e-03,2.500018e-02,1.780599e+06,1.346983e+06,3.649043e+06,-6.462234e-03,-5.057742e-03,-1.213557e-02,5.253279e-18,755,30146
0.000000e+00,1.818387e-07,-1.594540e-07,4.227434e-07,0.000000e+00,0.000000e+00,0.000000e+00,-2.739963e+07,2.318193e+07,-3.495153e+07,3.747825e-18,756,0
1.264091e-09,2.117620e-03,-1.814838e-03,2.500444e-03,1.675953e+06,-1.436324e+06,1.978539e+06,-4.624617e-01,3.986319e-01,-4.125822e-01,3.747825e-18,756,5562
1.263568e-08,2.117674e-02,-1.814888e-02,2.500036e-02,1.676045e+06,-1.436404e+06,1.978623e+06,-3.997719e-03,3.259361e-03,-5.041348e-03,3.747825e-18,756,55597
0.000000e+00,-7.060063e-08,1.428191e-07,1.842079e-07,0.000000e+00,0.000000e+00,0.000000e+00,5.167131e+07,-1.071145e+08,-1.153758e+08,6.977551e-18,757,0
5.222727e-10,-1.126011e-03,2.336001e-03,2.500364e-03,-2.156074e+06,4.472964e+06,4.787563e+06,3.060610e-01,-6.460253e-01,-6.075180e-01,6.977551e-18,757,2298
5.222045e-09,-1.125917e-02,2.335812e-02,2.500102e-02,-2.156099e+06,4.473018e+06,4.787613e+06,3.027020e-03,-6.351883e-03,-6.143175e-03,6.977551e-18,757,22977
0.000000e+00,-1.674076e-07,-1.117699e-07,4.761155e-07,0.000000e+00,0.000000e+00,0.000000e+00,1.127143e+07,1.191296e+07,-3.855607e+07,3.593780e-18,758,0
1.068182e-09,-9.248783e-04,-8.284220e-04,2.500387e-03,-8.664578e+05,-7.760592e+05,2.341881e+06,4.907018e-01,4.053932e-01,-9.831432e-01,3.593780e-18,758,4700
1.067523e-08,-9.249636e-03,-8.284602e-03,2.500026e-02,-8.665404e+05,-7.761275e+05,2.342047e+06,4.136723e-03,3.861384e-03,-1.176085e-02,3.593780e-18,758,46971
0.000000e+00,-1.912209e-07,-6.406082e-08,2.026218e-07,0.000000e+00,0.000000e+00,0.000000e+00,9.145330e+07,2.970787e+07,-7.435098e+07,6.004746e-18,759,0
7.786364e-10,-3.130561e-03,-1.017435e-03,2.500701e-03,-4.020978e+06,-1.306820e+06,3.211818e+06,5.710871e-01,1.844988e-01,-3.771425e-01,6.004746e-18,759,3426
7.783864e-09,-3.129884e-02,-1.017214e-02,2.500049e-02,-4.021049e+06,-1.306842e+06,3.211865e+06,5.445107e-03,1.756518e-03,-3.895733e-03,6.004746e-18,759,34249
0.000000e+00,8.864701e-08,-1.014149e-07,1.674924e-07,0.000000e+00,0.000000e+00,0.000000e+00,-9.419521e+07,1.069762e+08,-1.557187e+08,7.865400e-18,760,0
3.938636e-10,1.516156e-03,-1.721494e-03,2.500200e-03,3.849488e+06,-4.370832e+06,6.347861e+06,-4.977457e-01,5.603035e-01,-7.476859e-01,7.865400e-18,760,1733
3.938409e-09,1.516093e-02,-1.721421e-02,2.500062e-02,3.849519e+06,-4.370867e+06,6.347908e+06,-4.937008e-03,5.535648e-03,-7.529302e-03,7.865400e-18,760,17329
0.000000e+00,-1.278154e-07,-2.278785e-07,2.839317e-07,0.000000e+00,0.000000e+00,0.000000e+00,2.908589e+07,5.180386e+07,-4.214254e+07,4.556978e-18,761,0
1.217955e-09,-1.840810e-03,-3.318666e-03,2.500318e-03,-1.511744e+06,-2.725448e+06,2.053112e+06,2.407848e-01,4.498124e-01,-2.389756e-01,4.556978e-18,761,5359
1.217659e-08,-1.840788e-02,-3.318664e-02,2.500005e-02,-1.511790e+06,-2.725534e+06,2.053159e+06,2.086248e-03,3.776997e-03,-2.751386e-03,4.556978e-18,761,53577
0.000000e+00,7.010522e-08,-4.194227e-08,5.104266e-07,0.000000e+00,0.000000e+00,0.000000e+00,-9.231021e+06,3.688514e+06,-4.146906e+07,3.626736e-18,762,0
9.818182e-10,6.330956e-04,-3.051951e-04,2.500378e-03,6.453504e+05,-3.111153e+05,2.547972e+06,-4.428821e-01,2.098799e-01,-1.283222e+00,3.626736e-18,762,4320
9.811818e-09,6.332041e-03,-3.052581e-03,2.500042e-02,6.454190e+05,-3.111478e+05,2.548172e+06,-3.319546e-03,1.797315e-03,-1.498908e-02,3.626736e-18,762,43172
0.000000e+00,-1.689469e-07,-2.351512e-08,5.164595e-07,0.000000e+00,0.000000e+00,0.000000e+00,1.738807e+07,2.992538e+06,-3.678356e+07,3.436975e-18,763,0
1.088182e-09,-1.315598e-03,-2.396196e-04,2.500444e-03,-1.209835e+06,-2.203760e+05,2.298888e+06,6.322794e-01,1.199800e-01,-9.586632e-01,3.436975e-18,763,4788
1.087477e-08,-1.315664e-02,-2.396517e-03,2.500005e-02,-1.209944e+06,-2.203967e+05,2.299053e+06,5.772189e-03,9.972175e-04,-1.115883e-02,3.436975e-18,763,47849
0.000000e+00,-1.893417e-07,1.337045e-07,4.799037e-07,0.000000e+00,0.000000e+00,0.000000e+00,2.376657e+07,-1.456751e+07,-3.727088e+07,3.446540e-18,764,0
1.106818e-09,-1.803138e-03,1.065780e-03,2.500235e-03,-1.630030e+06,9.634254e+05,2.259651e+06,6.431894e-01,-3.766255e-01,-6.682415e-01,3.446540e-18,764,4870
1.106364e-08,-1.803397e-02,1.065897e-02,2.500013e-02,-1.630142e+06,9.634911e+05,2.259769e+06,5.022853e-03,-3.138741e-03,-7.617121e-03,3.446540e-18,764,48680
0.000000e+00,-3.175405e-08,-1.354041e-07,5.996882e-07,0.000000e+00,0.000000e+00,0.000000e+00,2.088447e+06,1.184614e+07,-3.871608e+07,3.053610e-18,765,0
9.584091e-10,-1.845894e-04,-8.344392e-04,2.500001e-03,-1.927484e+05,-8.712629e+05,2.609766e+06,1.244091e-01,5.252978e-01,-1.332135e+00,3.053610e-18,765,4217
9.579545e-09,-1.846434e-03,-8.346283e-03,2.500059e-02,-1.927672e+05,-8.713424e+05,2.609968e+06,7.311672e-04,4.404595e-03,-1.481905e-02,3.053610e-18,765,42150
0.000000e+00,3.867838e-08,2.449678e-08,6.784176e-07,0.000000e+00,0.000000e+00,0.000000e+00,-1.695360e+07,-7.467421e+06,-4.699203e+07,2.765513e-18,766,0
8.709091e-10,8.250388e-04,3.927210e-04,2.500315e-03,9.479688e+05,4.512634e+05,2.872127e+06,-5.704517e-01,-2.924351e-01,-1.556827e+00,2.765513e-18,766,3832
8.704318e-09,8.251375e-03,3.927913e-03,2.500025e-02,9.480472e+05,4.513036e+05,2.872342e+06,-5.744082e-03,-2.708248e-03,-1.645188e-02,2.765513e-18,766,38299
0.000000e+00,-1.449728e-07,3.488625e-10,2.944158e-07,0.000000e+00,0.000000e+00,0.000000e+00,4.972288e+07,1.955008e+06,-7.600818e+07,5.378766e-18,767,0
6.822727e-10,-1.639568e-03,-5.834756e-05,2.500493e-03,-2.403690e+06,-8.559821e+04,3.665729e+06,8.274035e-01,8.103471e-02,-1.151799e+00,5.378766e-18,767,3002
6.820000e-09,-1.639321e-02,-5.837703e-04,2.500037e-02,-2.403779e+06,-8.560694e+04,3.665853e+06,8.081323e-03,7.810916e-04,-1.171569e-02,5.378766e-18,767,30008
0.000000e+00,1.303769e-07,2.991826e-08,5.555902e-07,0.000000e+00,0.000000e+00,0.000000e+00,-1.321185e+07,-4.133974e+06,-3.663539e+07,3.275087e-18,768,0
1.024091e-09,8.992643e-04,2.649769e-04,2.500166e-03,8.787236e+05,2.589052e+05,2.442574e+06,-4.999511e-01,-1.238489e-01,-1.162259e+00,3.275087e-18,768,4506
1.023523e-08,8.993923e-03,2.649940e-03,2.500048e-02,8.788044e+05,2.589251e+05,2.442762e+06,-4.338452e-03,-1.277190e-03,-1.385060e-02,3.275087e-18,768,45035
0.000000e+00,-1.974067e-07,1.909358e-07,3.995703e-07,0.000000e+00,0.000000e+00,0.000000e+00,2.785519e+07,-2.846748e+07,-3.623012e+07,3.713921e-18,769,0
1.227045e-09,-2.115391e-03,2.215591e-03,2.500063e-03,-1.724619e+06,1.806383e+06,2.037887e+06,4.223515e-01,-4.773920e-01,-3.780339e-01,3.713921e-18,769,5399
1.226773e-08,-2.115710e-02,2.216013e-02,2.500040e-02,-1.724700e+06,1.806475e+06,2.037961e+06,3.574479e-03,-4.052242e-03,-4.301351e-03,3.713921e-18,769,53978
0.000000e+00,2.138845e-07,5.161029e-08,4.325065e-07,0.000000e+00,0.000000e+00,0.000000e+00,-2.896164e+07,-8.102170e+06,-4.040435e+07,3.755313e-18,770,0
1.056136e-09,1.997509e-03,5.310397e-04,2.500076e-03,1.892405e+06,5.030814e+05,2.368023e+06,-7.885931e-01,-2.012576e-01,-7.618774e-01,3.755313e-18,770,4647
1.055750e-08,1.997897e-02,5.311263e-03,2.500053e-02,1.892536e+06,5.031149e+05,2.368151e+06,-7.049919e-03,-2.026212e-03,-8.226561e-03,3.755313e-18,770,46453
0.000000e+00,-5.499309e-08,-4.800136e-08,1.315285e-07,0.000000e+00,0.000000e+00,0.000000e+00,1.626166e+08,1.437211e+08,-3.715476e+08,1.104898e-17,771,0
1.681818e-10,-1.095008e-03,-9.677981e-04,2.501586e-03,-6.510647e+06,-5.754293e+06,1.487377e+07,5.511491e-01,4.920958e-01,-1.218629e+00,1.104898e-17,771,740
1.680909e-09,-1.094386e-02,-9.672490e-03,2.500158e-02,-6.510661e+06,-5.754306e+06,1.487380e+07,5.500689e-03,4.882794e-03,-1.222340e-02,1.104898e-17,771,7396
0.000000e+00,6.259174e-08,1.322612e-07,4.727196e-07,0.000000e+00,0.000000e+00,0.000000e+00,-8.333059e+06,-1.906824e+07,-4.088502e+07,3.730970e-18,772,0
9.947727e-10,5.804214e-04,1.231992e-03,2.500258e-03,5.838933e+05,1.239283e+06,2.514667e+06,-3.292475e-01,-6.612876e-01,-1.185008e+00,3.730970e-18,772,4377
9.941818e-09,5.804924e-03,1.232068e-02,2.500048e-02,5.839449e+05,1.239386e+06,2.514854e+06,-2.737447e-03,-5.387633e-03,-1.256689e-02,3.730970e-18,772,43744
0.000000e+00,6.726152e-08,2.470263e-07,3.870262e-07,0.000000e+00,0.000000e+00,0.000000e+00,-1.130271e+07,-3.660500e+07,-3.432630e+07,3.862013e-18,773,0
1.275000e-09,8.319016e-04,2.897020e-03,2.500145e-03,6.527333e+05,2.273116e+06,1.961362e+06,-1.650383e-01,-5.805459e-01,-3.783117e-01,3.862013e-18,773,5610
1.274636e-08,8.319958e-03,2.897387e-02,2.500037e-02,6.527664e+05,2.273233e+06,1.961439e+06,-1.287770e-03,-4.905358e-03,-4.357820e-03,3.862013e-18,773,56084
0.000000e+00,-6.254525e-09,-7.811134e-08,2.221031e-07,0.000000e+00,0.000000e+00,0.000000e+00,5.150698e+06,6.463459e+07,-1.589355e+08,7.295616e-18,774,0
3.786364e-10,-8.131666e-05,-1.021258e-03,2.500615e-03,-2.147736e+05,-2.697356e+06,6.604498e+06,5.425222e-02,6.975990e-01,-1.582596e+00,7.295616e-18,774,1666
3.785455e-09,-8.130205e-04,-1.021078e-02,2.500121e-02,-2.147769e+05,-2.697398e+06,6.604593e+06,5.202289e-04,6.888145e-03,-1.592081e-02,7.295616e-18,774,16656
0.000000e+00,1.509684e-07,-1.000524e-07,3.090021e-07,0.000000e+00,0.000000e+00,0.000000e+00,-4.201032e+07,2.590769e+07,-6.178911e+07,4.954367e-18,775,0
8.161364e-10,1.785471e-03,-1.094881e-03,2.500252e-03,2.188394e+06,-1.341938e+06,3.064166e+06,-7.059609e-01,4.215375e-01,-8.269015e-01,4.954367e-18,775,3591
8.158864e-09,1.785480e-02,-1.094870e-02,2.500023e-02,2.188485e+06,-1.341993e+06,3.064273e+06,-6.743720e-03,3.964532e-03,-8.535091e-03,4.954367e-18,775,35899
0.000000e+00,1.453176e-08,5.527156e-08,2.380974e-07,0.000000e+00,0.000000e+00,0.000000e+00,-1.302416e+07,-4.233573e+07,-1.568249e+08,7.044197e-18,776,0
3.815909e-10,2.092873e-04,6.784121e-04,2.501482e-03,5.485100e+05,1.777977e+06,6.555709e+06,-1.688940e-01,-5.129916e-01,-1.780481e+00,7.044197e-18,776,1679
3.813636e-09,2.091828e-03,6.780598e-03,2.500128e-02,5.485202e+05,1.778008e+06,6.555816e+06,-1.665368e-03,-5.337887e-03,-1.801954e-02,7.044197e-18,776,16780
0.000000e+00,2.683934e-07,-8.937056e-08,3.873587e-07,0.000000e+00,0.000000e+00,0.000000e+00,-3.844337e+07,1.267646e+07,-3.288281e+07,3.736203e-18,777,0
1.381818e-09,3.255684e-03,-1.104658e-03,2.500112e-03,2.356968e+06,-7.997345e+05,1.809592e+06,-5.019159e-01,1.738638e-01,-2.586521e-01,3.736203e-18,777,6080
1.381523e-08,3.256196e-02,-1.104847e-02,2.500009e-02,2.357077e+06,-7.997723e+05,1.809649e+06,-4.260083e-03,1.419465e-03,-3.262687e-03,3.736203e-18,777,60787
0.000000e+00,1.655795e-07,-1.954334e-07,5.409406e-07,0.000000e+00,0.000000e+00,0.000000e+00,-1.790667e+07,1.837253e+07,-3.582733e+07,3.073143e-18,778,0
1.102500e-09,1.344277e-03,-1.365948e-03,2.500208e-03,1.220008e+06,-1.239626e+06,2.268523e+06,-5.231866e-01,5.157807e-01,-7.342963e-01,3.073143e-18,778,4851
1.102045e-08,1.344501e-02,-1.366124e-02,2.500037e-02,1.220099e+06,-1.239716e+06,2.268652e+06,-4.045110e-03,4.402446e-03,-8.550669e-03,3.073143e-18,778,48490
0.000000e+00,1.745248e-07,-1.721070e-09,2.088884e-07,0.000000e+00,0.000000e+00,0.000000e+00,-9.622082e+07,7.260981e+05,-9.495775e+07,6.302967e-18,779,0
6.186364e-10,2.562835e-03,-1.773373e-05,2.500571e-03,4.143080e+06,-2.866308e+04,4.042278e+06,-7.251998e-01,4.240647e-04,-6.151404e-01,6.302967e-18,779,2722
6.184773e-09,2.562411e-02,-1.772765e-04,2.500072e-02,4.143151e+06,-2.866312e+04,4.042338e+06,-7.143509e-03,-1.533806e-05,-6.256612e-03,6.302967e-18,779,27213
0.000000e+00,-5.256975e-09,2.605011e-07,4.613791e-07,0.000000e+00,0.000000e+00,0.000000e+00,1.236540e+05,-3.058038e+07,-2.787430e+07,3.442736e-18,780,0
1.408864e-09,-1.130909e-05,2.977113e-03,2.500099e-03,-8.018833e+03,2.114182e+06,1.775020e+06,-3.318112e-03,-5.700899e-01,-3.465924e-01,3.442736e-18,780,6199
1.408432e-08,-1.129438e-04,2.977666e-02,2.500009e-02,-8.018115e+03,2.114309e+06,1.775098e+06,-2.585257e-06,-4.966832e-03,-4.306626e-03,3.442736e-18,780,61971
0.000000e+00,1.990989e-07,2.089973e-07,3.390198e-07,0.000000e+00,0.000000e+00,0.000000e+00,-3.151398e+07,-3.402591e+07,-3.469093e+07,3.960728e-18,781,0
1.358409e-09,2.498711e-03,2.679880e-03,2.500308e-03,1.840036e+06,1.973445e+06,1.840889e+06,-3.532319e-01,-3.758555e-01,-2.364181e-01,3.960728e-18,781,5977
1.358045e-08,2.498848e-02,2.680023e-02,2.500025e-02,1.840112e+06,1.973525e+06,1.840940e+06,-2.923857e-03,-3.103353e-03,-2.874990e-03,3.960728e-18,781,59754
0.000000e+00,1.893344e-07,6.693263e-08,1.881198e-07,0.000000e+00,0.000000e+00,0.000000e+00,-1.007379e+08,-3.791819e+07,-8.133290e+07,6.196064e-18,782,0
7.252273e-10,3.134315e-03,1.181730e-03,2.500078e-03,4.322145e+06,1.629589e+06,3.447427e+06,-5.371633e-01,-2.078209e-01,-3.611936e-01,6.196064e-18,782,3191
7.251818e-09,3.134352e-02,1.181752e-02,2.500024e-02,4.322207e+06,1.629612e+06,3.447468e+06,-5.209415e-03,-1.988003e-03,-3.712486e-03,6.196064e-18,782,31908
0.000000e+00,-1.632981e-07,6.654252e-08,3.588647e-07,0.000000e+00,0.000000e+00,0.000000e+00,3.575742e+07,-1.200750e+07,-5.216442e+07,4.501536e-18,783,0
8.700000e-10,-1.781647e-03,6.187573e-04,2.500261e-03,-2.048715e+06,7.115090e+05,2.874698e+06,7.792763e-01,-2.776757e-01,-9.241366e-01,4.501536e-18,783,3828
8.696591e-09,-1.781679e-02,6.187694e-03,2.500017e-02,-2.048822e+06,7.115471e+05,2.874826e+06,7.480294e-03,-2.601506e-03,-9.682552e-03,4.501536e-18,783,38265
0.000000e+00,1.093024e-07,-1.802500e-07,2.479488e-07,0.000000e+00,0.000000e+00,0.000000e+00,-3.413572e+07,6.213802e+07,-6.221898e+07,5.357885e-18,784,0
8.747727e-10,1.415248e-03,-2.584793e-03,2.500351e-03,1.618137e+06,-2.955391e+06,2.858619e+06,-3.157748e-01,5.962945e-01,-4.678722e-01,5.357885e-18,784,3849
8.745455e-09,1.415137e-02,-2.584627e-02,2.500006e-02,1.618180e+06,-2.955473e+06,2.858684e+06,-2.974347e-03,5.594535e-03,-4.862116e-03,5.357885e-18,784,38480
0.000000e+00,2.072549e-08,4.516344e-08,4.058670e-07,0.000000e+00,0.000000e+00,0.000000e+00,-1.782917e+06,-1.050651e+07,-6.307970e+07,4.471261e-18,785,0
7.354545e-10,1.779665e-04,3.733825e-04,2.500725e-03,2.421124e+05,5.079647e+05,3.401734e+06,-1.169866e-01,-3.339668e-01,-1.903848e+00,4.471261e-18,785,3236
7.349318e-09,1.779339e-03,3.733204e-03,2.500054e-02,2.421260e+05,5.080034e+05,3.401955e+06,-1.203542e-03,-3.191954e-03,-1.960419e-02,4.471261e-18,785,32337
0.000000e+00,-1.747346e-07,1.329996e-07,5.273377e-07,0.000000e+00,0.000000e+00,0.000000e+00,2.157492e+07,-1.295613e+07,-3.632566e+07,3.234618e-18,786,0
1.067955e-09,-1.530011e-03,9.744827e-04,2.500387e-03,-1.433494e+06,9.130252e+05,2.342161e+06,6.345134e-01,-4.233601e-01,-8.328776e-01,3.234618e-18,786,4699
1.067386e-08,-1.530087e-02,9.745487e-03,2.500009e-02,-1.433601e+06,9.130965e+05,2.342302e+06,5.244688e-03,-3.370946e-03,-9.184973e-03,3.234618e-18,786,46965
0.000000e+00,-6.648810e-08,-4.388486e-08,5.329508e-07,0.000000e+00,0.000000e+00,0.000000e+00,1.160370e+07,4.283426e+07,-7.683967e+07,3.519747e-18,787,0
6.863636e-10,-3.857247e-04,-1.362229e-03,2.500808e-03,-5.621059e+05,-1.985370e+06,3.644064e+06,2.268729e-01,7.901176e-01,-1.314730e+00,3.519747e-18,787,3020
6.860455e-09,-3.856343e-03,-1.362052e-02,2.500032e-02,-5.621305e+05,-1.985456e+06,3.644207e+06,2.173951e-03,7.738589e-03,-1.343678e-02,3.519747e-18,787,30186
0.000000e+00,-4.711823e-08,6.738722e-08,1.703395e-07,0.000000e+00,0.000000e+00,0.000000e+00,6.566727e+07,-1.048330e+08,-2.405021e+08,8.905004e-18,788,0
2.577273e-10,-6.834003e-04,1.091432e-03,2.501729e-03,-2.651587e+06,4.234784e+06,9.706682e+06,3.785489e-01,-6.272329e-01,-1.354942e+00,8.905004e-18,788,1134
2.575682e-09,-6.829687e-03,1.090752e-02,2.500148e-02,-2.651602e+06,4.234809e+06,9.706738e+06,3.865522e-03,-6.286830e-03,-1.358861e-02,8.905004e-18,788,11333
0.000000e+00,-1.085217e-07,5.856527e-08,4.661152e-07,0.000000e+00,0.000000e+00,0.000000e+00,1.486426e+07,-7.448076e+06,-4.466875e+07,3.847625e-18,789,0
9.195455e-10,-8.488153e-04,4.156716e-04,2.500146e-03,-9.237351e+05,4.523340e+05,2.720340e+06,5.971828e-01,-2.912880e-01,-1.432907e+00,3.847625e-18,789,4046
9.190000e-09,-8.489118e-03,4.156968e-03,2.500002e-02,-9.238218e+05,4.523762e+05,2.720548e+06,5.287331e-03,-1.987614e-03,-1.538522e-02,3.847625e-18,789,40436
0.000000e+00,-1.032042e-07,-5.496059e-08,5.260304e-07,0.000000e+00,0.000000e+00,0.000000e+00,1.336583e+07,4.761419e+06,-4.403121e+07,3.494424e-18,790,0
8.872727e-10,-7.264904e-04,-2.949070e-04,2.500176e-03,-8.193496e+05,-3.325507e+05,2.819297e+06,5.290054e-01,1.811735e-01,-1.572673e+00,3.494424e-18,790,3904
8.867500e-09,-7.265576e-03,-2.948905e-03,2.500026e-02,-8.194237e+05,-3.325761e+05,2.819517e+06,4.949859e-03,1.860178e-03,-1.651377e-02,3.494424e-18,790,39017
0.000000e+00,1.539884e-07,1.582350e-07,4.573562e-07,0.000000e+00,0.000000e+00,0.000000e+00,-1.626191e+07,-2.215395e+07,-3.428922e+07,3.605185e-18,791,0
1.211364e-09,1.375067e-03,1.710127e-03,2.500176e-03,1.135726e+06,1.412456e+06,2.064560e+06,-3.908101e-01,-4.786802e-01,-5.350417e-01,3.605185e-18,791,5330
1.210909e-08,1.375257e-02,1.710351e-02,2.500012e-02,1.135801e+06,1.412547e+06,2.064664e+06,-3.755753e-03,-4.571730e-03,-6.936617e-03,3.605185e-18,791,53280
0.000000e+00,-5.328999e-08,-4.372802e-08,4.326741e-07,0.000000e+00,0.000000e+00,0.000000e+00,2.071784e+07,5.911242e+06,-5.989504e+07,4.230811e-18,792,0
7.411364e-10,-8.674892e-04,-2.612335e-04,2.500594e-03,-1.171082e+06,-3.526320e+05,3.375259e+06,6.115933e-01,1.931576e-01,-1.643578e+00,4.230811e-18,792,3261
7.406818e-09,-8.673945e-03,-2.611891e-03,2.500006e-02,-1.171154e+06,-3.526546e+05,3.375452e+06,6.037198e-03,1.745922e-03,-1.688492e-02,4.230811e-18,792,32590
0.000000e+00,2.129625e-07,-4.409339e-08,4.713920e-07,0.000000e+00,0.000000e+00,0.000000e+00,-2.459954e+07,7.563630e+06,-3.994521e+07,3.554726e-18,793,0
1.068409e-09,1.653211e-03,-5.587615e-04,2.500072e-03,1.548295e+06,-5.233103e+05,2.340876e+06,-7.435019e-01,2.318408e-01,-8.251062e-01,3.554726e-18,793,4701
1.067977e-08,1.653543e-02,-5.588798e-03,2.500019e-02,1.548420e+06,-5.233494e+05,2.341016e+06,-5.928185e-03,1.999538e-03,-9.504141e-03,3.554726e-18,793,46991
0.000000e+00,-2.667787e-08,-4.047165e-08,6.482041e-07,0.000000e+00,0.000000e+00,0.000000e+00,3.584226e+06,4.200991e+06,-3.741357e+07,2.904581e-18,794,0
9.779545e-10,-2.522845e-04,-3.113454e-04,2.500359e-03,-2.582017e+05,-3.186577e+05,2.558014e+06,1.891583e-01,2.313333e-01,-1.354901e+00,2.904581e-18,794,4303
9.773182e-09,-2.523440e-03,-3.114272e-03,2.500020e-02,-2.582309e+05,-3.186934e+05,2.558224e+06,1.550597e-03,1.912610e-03,-1.605659e-02,2.904581e-18,794,43002
0.000000e+00,1.396506e-07,-1.204815e-09,3.825126e-07,0.000000e+00,0.000000e+00,0.000000e+00,-3.360492e+07,3.937736e+05,-5.654623e+07,4.464182e-18,795,0
8.290909e-10,1.642941e-03,2.458407e-06,2.500421e-03,1.982501e+06,2.979929e+03,3.016740e+06,-8.336082e-01,-6.699684e-03,-1.064948e+00,4.464182e-18,795,3648
8.287273e-09,1.642947e-02,2.468865e-05,2.500068e-02,1.982610e+06,2.980801e+03,3.016880e+06,-7.871624e-03,9.110276e-06,-1.110381e-02,4.464182e-18,795,36464
0.000000e+00,-3.380059e-08,-1.361615e-07,2.107453e-07,0.000000e+00,0.000000e+00,0.000000e+00,2.450422e+07,9.533090e+07,-1.206421e+08,6.785512e-18,796,0
4.952273e-10,-5.123213e-04,-1.990577e-03,2.500292e-03,-1.034592e+06,-4.019789e+06,5.048951e+06,2.052478e-01,7.771604e-01,-8.627966e-01,6.785512e-18,796,2179
4.951591e-09,-5.122900e-03,-1.990444e-02,2.500050e-02,-1.034608e+06,-4.019850e+06,5.049018e+06,1.949084e-03,7.597457e-03,-8.827253e-03,6.785512e-18,796,21787
0.000000e+00,6.492007e-08,-1.055266e-07,5.920554e-07,0.000000e+00,0.000000e+00,0.000000e+00,-2.875732e+06,8.306511e+06,-4.012175e+07,3.110633e-18,797,0
8.902273e-10,1.789505e-04,-5.730040e-04,2.500091e-03,2.011515e+05,-6.441130e+05,2.809957e+06,-1.622529e-01,4.287352e-01,-1.689101e+00,3.110633e-18,797,3917
8.897045e-09,1.789685e-03,-5.730699e-03,2.500048e-02,2.011743e+05,-6.441733e+05,2.810195e+06,-1.454867e-03,4.137160e-03,-1.765776e-02,3.110633e-18,797,39147
0.000000e+00,3.374661e-09,2.529521e-07,3.557101e-07,0.000000e+00,0.000000e+00,0.000000e+00,-1.126641e+06,-4.275562e+07,-3.827004e+07,4.075718e-18,798,0
1.198864e-09,9.194597e-05,3.048338e-03,2.500236e-03,7.673672e+04,2.543645e+06,2.085943e+06,-2.546437e-02,-6.301529e-01,-3.854245e-01,4.075718e-18,798,5275
1.198500e-08,9.196817e-04,3.048550e-02,2.500016e-02,7.674152e+04,2.543764e+06,2.086017e+06,-1.623239e-04,-5.283539e-03,-4.334501e-03,4.075718e-18,798,52734
0.000000e+00,-1.793863e-07,6.707326e-08,2.985072e-07,0.000000e+00,0.000000e+00,0.000000e+00,5.136142e+07,-2.167090e+07,-6.403693e+07,4.980371e-18,799,0
8.170455e-10,-2.087871e-03,8.869987e-04,2.500514e-03,-2.556045e+06,1.085922e+06,3.060956e+06,7.172101e-01,-3.190500e-01,-7.258098e-01,4.980371e-18,799,3595
8.167500e-09,-2.087653e-02,8.869270e-03,2.500050e-02,-2.556138e+06,1.085963e+06,3.061049e+06,6.897892e-03,-2.902136e-03,-7.600801e-03,4.980371e-18,799,35937
0.000000e+00,-2.633186e-07,-1.173262e-07,3.409831e-07,0.000000e+00,0.000000e+00,0.000000e+00,4.380985e+07,2.022384e+07,-3.610966e+07,3.979425e-18,800,0
1.352727e-09,-3.340537e-03,-1.498055e-03,2.500249e-03,-2.470234e+06,-1.107767e+06,1.848553e+06,4.537903e-01,2.035435e-01,-2.326678e-01,3.979425e-18,800,5952
1.352409e-08,-3.340762e-02,-1.498152e-02,2.500016e-02,-2.470330e+06,-1.107810e+06,1.848604e+06,3.874073e-03,1.796652e-03,-2.880997e-03,3.979425e-18,800,59506
0.000000e+00,-2.076029e-07,-6.097875e-08,4.618366e-07,0.000000e+00,0.000000e+00,0.000000e+00,2.984685e+07,8.144193e+06,-3.736327e+07,3.614794e-18,801,0
1.157727e-09,-2.233651e-03,-5.448250e-04,2.500358e-03,-1.930327e+06,-4.708831e+05,2.160380e+06,6.717673e-01,2.020306e-01,-6.030336e-01,3.614794e-18,801,5094
1.157205e-08,-2.233775e-02,-5.449069e-03,2.500019e-02,-1.930450e+06,-4.709199e+05,2.160491e+06,5.569143e-03,1.717401e-03,-6.951780e-03,3.614794e-18,801,50917
0.000000e+00,-8.907958e-08,1.127861e-08,1.401625e-07,0.000000e+00,0.000000e+00,0.000000e+00,2.001197e+08,-1.910456e+07,-2.891127e+08,1.003551e-17,802,0
2.156818e-10,-1.732262e-03,1.653406e-04,2.501828e-03,-8.031359e+06,7.665620e+05,1.159926e+07,7.583223e-01,-6.894778e-02,-1.043510e+00,1.003551e-17,802,949
2.155455e-09,-1.731131e-02,1.652300e-03,2.500182e-02,-8.031385e+06,7.665643e+05,1.159930e+07,7.595083e-03,-6.771823e-04,-1.048502e-02,1.003551e-17,802,9484
0.000000e+00,-3.067795e-08,1.606637e-08,4.171688e-07,0.000000e+00,0.000000e+00,0.000000e+00,5.373029e+06,-6.102490e+06,-5.880661e+07,4.383721e-18,803,0
7.065909e-10,-4.010162e-04,5.748049e-04,2.500212e-03,-5.678787e+05,8.140586e+05,3.539791e+06,3.098398e-01,-4.740710e-01,-1.761751e+00,4.383721e-18,803,3109
7.062727e-09,-4.010712e-03,5.749351e-03,2.500064e-02,-5.679132e+05,8.141115e+05,3.539988e+06,2.969823e-03,-4.490060e-03,-1.801853e-02,4.383721e-18,803,31076
0.000000e+00,-1.886780e-07,-1.925935e-07,2.799220e-07,0.000000e+00,0.000000e+00,0.000000e+00,4.456604e+07,4.267077e+07,-4.190369e+07,4.514978e-18,804,0
1.235455e-09,-2.840957e-03,-2.702768e-03,2.500140e-03,-2.300051e+06,-2.188144e+06,2.023863e+06,3.572591e-01,3.298327e-01,-2.187035e-01,4.514978e-18,804,5436
1.235273e-08,-2.841189e-02,-2.702956e-02,2.500037e-02,-2.300120e+06,-2.188208e+06,2.023906e+06,2.972525e-03,2.810523e-03,-2.522123e-03,4.514978e-18,804,54352
0.000000e+00,1.288862e-07,-1.514006e-07,5.907740e-07,0.000000e+00,0.000000e+00,0.000000e+00,-1.050722e+07,1.283458e+07,-3.541970e+07,2.985728e-18,805,0
1.066591e-09,9.034269e-04,-9.903064e-04,2.500461e-03,8.476190e+05,-9.291063e+05,2.345377e+06,-4.493341e-01,4.979486e-01,-9.917700e-01,2.985728e-18,805,4693
1.065932e-08,9.035005e-03,-9.903635e-03,2.500035e-02,8.476945e+05,-9.291900e+05,2.345545e+06,-3.542591e-03,4.311870e-03,-1.139186e-02,2.985728e-18,805,46901
0.000000e+00,-2.272047e-08,1.142434e-07,2.025160e-07,0.000000e+00,0.000000e+00,0.000000e+00,1.702795e+07,-9.739926e+07,-1.492179e+08,7.292659e-18,806,0
4.059091e-10,-2.860610e-04,1.639378e-03,2.500599e-03,-7.047594e+05,4.038946e+06,6.160604e+06,1.317722e-01,-7.973595e-01,-1.100884e+00,7.292659e-18,806,1786
4.058182e-09,-2.860060e-03,1.639086e-02,2.500102e-02,-7.047679e+05,4.038997e+06,6.160675e+06,1.324017e-03,-7.894751e-03,-1.107404e-02,7.292659e-18,806,17856
0.000000e+00,-1.511133e-07,2.009955e-07,4.029405e-07,0.000000e+00,0.000000e+00,0.000000e+00,3.000543e+07,-2.438856e+07,-3.492977e+07,3.812506e-18,807,0
1.250000e-09,-2.157047e-03,2.026503e-03,2.500172e-03,-1.726341e+06,1.621887e+06,2.000592e+06,4.390199e-01,-4.287235e-01,-3.876557e-01,3.812506e-18,807,5500
1.249636e-08,-2.157291e-02,2.026762e-02,2.500027e-02,-1.726427e+06,1.621971e+06,2.000669e+06,3.647499e-03,-3.726289e-03,-4.540370e-03,3.812506e-18,807,54984
0.000000e+00,1.805366e-07,-1.082516e-08,3.216191e-07,0.000000e+00,0.000000e+00,0.000000e+00,-4.631760e+07,1.709520e+06,-5.939401e+07,4.818186e-18,808,0
8.356818e-10,2.059700e-03,-7.303550e-05,2.500273e-03,2.465502e+06,-8.740663e+04,2.992558e+06,-8.111285e-01,1.600545e-02,-8.244067e-01,4.818186e-18,808,3677
8.354091e-09,2.059702e-02,-7.302075e-04,2.500022e-02,2.465609e+06,-8.740875e+04,2.992667e+06,-7.636513e-03,2.006724e-04,-8.574476e-03,4.818186e-18,808,36758
0.000000e+00,-4.276609e-08,-2.688131e-07,2.810770e-07,0.000000e+00,0.000000e+00,0.000000e+00,1.359526e+07,6.400933e+07,-3.983148e+07,4.492890e-18,809,0
1.313864e-09,-8.986836e-04,-4.250484e-03,2.500120e-03,-6.841495e+05,-3.235739e+06,1.903017e+06,8.997432e-02,4.132605e-01,-1.676088e-01,4.492890e-18,809,5781
1.313705e-08,-8.987690e-03,-4.250806e-02,2.500018e-02,-6.841681e+05,-3.235825e+06,1.903052e+06,7.155929e-04,3.452247e-03,-1.990551e-03,4.492890e-18,809,57803
0.000000e+00,-1.352492e-07,-1.742048e-07,5.345433e-07,0.000000e+00,0.000000e+00,0.000000e+00,1.596146e+07,1.879433e+07,-3.503914e+07,3.205125e-18,810,0
1.152045e-09,-1.307827e-03,-1.492927e-03,2.500432e-03,-1.135900e+06,-1.296618e+06,2.171146e+06,4.666318e-01,5.073217e-01,-6.704723e-01,3.205125e-18,810,5069
1.151477e-08,-1.307958e-02,-1.493021e-02,2.500047e-02,-1.135985e+06,-1.296710e+06,2.171269e+06,3.937698e-03,4.299036e-03,-7.947348e-03,3.205125e-18,810,50665
0.000000e+00,-2.459634e-07,-7.103486e-08,3.250638e-07,0.000000e+00,0.000000e+00,0.000000e+00,4.737352e+07,1.295361e+07,-4.463170e+07,4.300333e-18,811,0
1.094545e-09,-2.865141e-03,-7.519974e-04,2.500428e-03,-2.618477e+06,-6.872257e+05,2.284853e+06,6.256896e-01,1.490422e-01,-4.130378e-01,4.300333e-18,811,4816
1.094159e-08,-2.865028e-02,-7.519349e-03,2.500006e-02,-2.618585e+06,-6.872514e+05,2.284925e+06,5.421749e-03,1.369758e-03,-4.582157e-03,4.300333e-18,811,48143
0.000000e+00,-1.288580e-07,3.919540e-08,5.505218e-07,0.000000e+00,0.000000e+00,0.000000e+00,1.740895e+07,-7.743393e+06,-3.761303e+07,3.320535e-18,812,0
1.025682e-09,-1.217447e-03,5.006444e-04,2.500344e-03,-1.187709e+06,4.884524e+05,2.438855e+06,5.712675e-01,-2.612686e-01,-1.074409e+00,3.320535e-18,812,4513
1.025068e-08,-1.217477e-02,5.006941e-03,2.500012e-02,-1.187802e+06,4.884946e+05,2.439030e+06,5.092937e-03,-2.404076e-03,-1.197622e-02,3.320535e-18,812,45103
0.000000e+00,3.073147e-11,1.422157e-07,4.935844e-07,0.000000e+00,0.000000e+00,0.000000e+00,-6.400731e+05,-1.692964e+07,-4.006474e+07,3.611122e-18,813,0
9.822727e-10,1.018223e-04,1.131317e-03,2.500150e-03,1.038607e+05,1.152590e+06,2.546605e+06,-1.209679e-01,-7.131252e-01,-1.267168e+00,3.611122e-18,813,4322
9.817045e-09,1.019545e-03,1.131500e-02,2.500027e-02,1.038795e+05,1.152701e+06,2.546802e+06,-1.249471e-03,-5.837456e-03,-1.352340e-02,3.611122e-18,813,43195
0.000000e+00,-5.512485e-08,-7.233294e-08,5.351386e-07,0.000000e+00,0.000000e+00,0.000000e+00,5.016420e+06,1.014228e+07,-4.236787e+07,3.474412e-18,814,0
9.195455e-10,-3.543564e-04,-5.735878e-04,2.500142e-03,-3.856611e+05,-6.241740e+05,2.720369e+06,2.677828e-01,3.664486e-01,-1.532822e+00,3.474412e-18,814,4046
9.190000e-09,-3.544215e-03,-5.736155e-03,2.500035e-02,-3.856999e+05,-6.242273e+05,2.720592e+06,2.375973e-03,3.872253e-03,-1.641327e-02,3.474412e-18,814,40436
0.000000e+00,-2.438090e-09,1.272933e-07,2.487454e-07,0.000000e+00,0.000000e+00,0.000000e+00,-1.649148e+05,-6.687355e+07,-1.069099e+08,6.191340e-18,815,0
5.393182e-10,5.043769e-06,1.585106e-03,2.500108e-03,9.363154e+03,2.939492e+06,4.636108e+06,-8.584933e-03,-8.259996e-01,-1.156509e+00,6.191340e-18,815,2373
5.392500e-09,5.048779e-05,1.585128e-02,2.500038e-02,9.363882e+03,2.939562e+06,4.636207e+06,-7.874685e-05,-8.100215e-03,-1.170240e-02,6.191340e-18,815,23727
0.000000e+00,-7.162688e-08,-1.481157e-07,5.328591e-07,0.000000e+00,0.000000e+00,0.000000e+00,8.853636e+06,1.716960e+07,-3.773231e+07,3.355551e-18,816,0
1.054091e-09,-6.112589e-04,-1.249896e-03,2.500226e-03,-5.803644e+05,-1.186514e+06,2.372960e+06,3.571835e-01,5.959418e-01,-9.889502e-01,3.355551e-18,816,4638
1.053545e-08,-6.114371e-03,-1.250044e-02,2.500042e-02,-5.804237e+05,-1.186613e+06,2.373126e+06,2.627351e-03,5.025389e-03,-1.136772e-02,3.355551e-18,816,46356
0.000000e+00,-2.357159e-07,1.130305e-07,4.999028e-07,0.000000e+00,0.000000e+00,0.000000e+00,2.593541e+07,-1.186942e+07,-3.350214e+07,3.235460e-18,817,0
1.131591e-09,-1.907876e-03,6.540098e-04,2.500251e-03,-1.686985e+06,5.782483e+05,2.210225e+06,7.108224e-01,-2.690361e-01,-6.435325e-01,3.235460e-18,817,4979
1.131114e-08,-1.908168e-02,6.540719e-03,2.500031e-02,-1.687111e+06,5.782962e+05,2.210341e+06,6.156141e-03,-1.621168e-03,-7.754207e-03,3.235460e-18,817,49769
0.000000e+00,-1.237100e-07,1.152648e-07,5.205153e-07,0.000000e+00,0.000000e+00,0.000000e+00,1.440286e+07,-1.110566e+07,-3.885116e+07,3.411384e-18,818,0
1.022955e-09,-1.113772e-03,8.522116e-04,2.500122e-03,-1.089557e+06,8.336752e+05,2.445072e+06,5.728149e-01,-4.617713e-01,-1.013577e+00,3.411384e-18,818,4501
1.022477e-08,-1.114039e-02,8.524107e-03,2.500048e-02,-1.089650e+06,8.337496e+05,2.445236e+06,4.776973e-03,-3.495142e-03,-1.140629e-02,3.411384e-18,818,44989
0.000000e+00,-1.293670e-07,8.697570e-08,2.307609e-07,0.000000e+00,0.000000e+00,0.000000e+00,7.008874e+07,-4.024596e+07,-9.603762e+07,6.207234e-18,819,0
6.018182e-10,-1.848799e-03,1.066783e-03,2.500136e-03,-3.072403e+06,1.772812e+06,4.154631e+06,6.894596e-01,-4.119112e-01,-8.205285e-01,6.207234e-18,819,2648
6.017500e-09,-1.848825e-02,1.066795e-02,2.500064e-02,-3.072469e+06,1.772852e+06,4.154709e+06,6.750230e-03,-4.070866e-03,-8.344417e-03,6.207234e-18,819,26477
0.000000e+00,1.925450e-07,1.164028e-07,3.844382e-07,0.000000e+00,0.000000e+00,0.000000e+00,-3.108101e+07,-2.070846e+07,-4.319214e+07,4.044612e-18,820,0
1.041136e-09,1.921670e-03,1.334206e-03,2.500107e-03,1.846531e+06,1.282071e+06,2.401995e+06,-6.160055e-01,-4.367348e-01,-6.454076e-01,4.044612e-18,820,4581
1.040818e-08,1.921900e-02,1.334398e-02,2.500052e-02,1.846632e+06,1.282143e+06,2.402101e+06,-5.396270e-03,-3.924709e-03,-6.927471e-03,4.044612e-18,820,45796
0.000000e+00,-8.603744e-08,-1.644336e-08,2.673866e-07,0.000000e+00,0.000000e+00,0.000000e+00,4.410969e+07,7.713350e+06,-1.145509e+08,6.204942e-18,821,0
4.979545e-10,-9.758042e-04,-1.696320e-04,2.501026e-03,-1.959940e+06,-3.407063e+05,5.023196e+06,6.883025e-01,1.158559e-01,-1.608335e+00,6.204942e-18,821,2191
4.977045e-09,-9.754757e-03,-1.695720e-03,2.500085e-02,-1.959995e+06,-3.407154e+05,5.023323e+06,6.793295e-03,1.126169e-03,-1.625920e-02,6.204942e-18,821,21899
0.000000e+00,-2.756079e-07,2.581892e-08,4.435102e-07,0.000000e+00,0.000000e+00,0.000000e+00,3.359112e+07,-5.394754e+06,-3.355821e+07,3.462532e-18,822,0
1.313864e-09,-2.906438e-03,5.218669e-04,2.500153e-03,-2.213108e+06,3.974009e+05,1.903296e+06,5.880819e-01,-1.079755e-01,-3.497342e-01,3.462532e-18,822,5781
1.313523e-08,-2.906959e-02,5.219906e-03,2.500042e-02,-2.213230e+06,3.974232e+05,1.903369e+06,4.971098e-03,-9.549413e-04,-4.349226e-03,3.462532e-18,822,57795
0.000000e+00,-1.053163e-08,-1.404161e-08,5.673661e-07,0.000000e+00,0.000000e+00,0.000000e+00,6.802011e+04,-6.826651e+05,-3.534706e+07,3.338504e-18,823,0
1.025682e-09,-1.455595e-05,8.892733e-05,2.500491e-03,-1.422558e+04,8.676731e+04,2.439459e+06,3.340266e-02,-3.550567e-02,-1.430112e+00,3.338504e-18,823,4513
1.024818e-08,-1.457926e-04,8.891826e-04,2.500017e-02,-1.423096e+04,8.677299e+04,2.439691e+06,1.139575e-04,-3.097564e-04,-1.623689e-02,3.338504e-18,823,45092
0.000000e+00,-2.098996e-09,-1.347205e-07,1.328827e-07,0.000000e+00,0.000000e+00,0.000000e+00,2.793401e+06,2.069126e+08,-1.825607e+08,8.843139e-18,824,0
3.397727e-10,-3.829800e-05,-2.836375e-03,2.500235e-03,-1.127144e+05,-8.347760e+06,7.358402e+06,8.892881e-03,6.460275e-01,-5.274539e-01,8.843139e-18,824,1495
3.397500e-09,-3.829492e-04,-2.836164e-02,2.500029e-02,-1.127149e+05,-8.347795e+06,7.358430e+06,9.223295e-05,6.421308e-03,-5.314165e-03,8.843139e-18,824,14949
0.000000e+00,1.699523e-08,2.453348e-07,2.579540e-07,0.000000e+00,0.000000e+00,0.000000e+00,-3.701224e+06,-6.679691e+07,-5.292690e+07,4.872618e-18,825,0
1.009318e-09,1.607939e-04,3.284441e-03,2.500123e-03,1.593165e+05,3.254769e+06,2.477330e+06,-1.744293e-02,-5.883228e-01,-3.528645e-01,4.872618e-18,825,4441
1.009159e-08,1.607770e-03,3.284584e-02,2.500033e-02,1.593192e+05,3.254862e+06,2.477386e+06,-3.483177e-04,-5.396520e-03,-3.749130e-03,4.872618e-18,825,44403
0.000000e+00,2.050698e-07,-1.679518e-07,4.386472e-07,0.000000e+00,0.000000e+00,0.000000e+00,-2.862327e+07,2.180202e+07,-3.386221e+07,3.555700e-18,826,0
1.277500e-09,2.401766e-03,-1.730896e-03,2.500309e-03,1.880900e+06,-1.355497e+06,1.957646e+06,-5.123101e-01,3.686385e-01,-3.950319e-01,3.555700e-18,826,5621
1.277045e-08,2.401984e-02,-1.731027e-02,2.500021e-02,1.881002e+06,-1.355571e+06,1.957726e+06,-4.369418e-03,3.131205e-03,-4.626725e-03,3.555700e-18,826,56190
0.000000e+00,1.388268e-07,3.429515e-08,2.917016e-07,0.000000e+00,0.000000e+00,0.000000e+00,-4.515153e+07,-1.009805e+07,-7.798096e+07,5.421082e-18,827,0
6.775000e-10,1.496222e-03,3.614861e-04,2.500348e-03,2.209057e+06,5.338057e+05,3.691299e+06,-8.327939e-01,-2.892300e-01,-1.207828e+00,5.421082e-18,827,2981
6.772727e-09,1.496137e-02,3.615309e-03,2.500031e-02,2.209146e+06,5.338367e+05,3.691429e+06,-8.105477e-03,-2.670176e-03,-1.230057e-02,5.421082e-18,827,29800
0.000000e+00,2.238400e-09,1.982661e-08,6.062315e-07,0.000000e+00,0.000000e+00,0.000000e+00,-2.875011e+06,-2.140747e+06,-3.679162e+07,3.125635e-18,828,0
9.763636e-10,1.666830e-04,1.625783e-04,2.500353e-03,1.708561e+05,1.666347e+05,2.562411e+06,-1.039042e-01,-9.894655e-02,-1.505263e+00,3.125635e-18,828,4296
9.756364e-09,1.666916e-03,1.625742e-03,2.500001e-02,1.708721e+05,1.666499e+05,2.562644e+06,-1.135604e-03,-6.040090e-04,-1.663847e-02,3.125635e-18,828,42928
0.000000e+00,2.249641e-07,1.290584e-08,2.040673e-07,0.000000e+00,0.000000e+00,0.000000e+00,-9.111429e+07,-6.467365e+06,-6.410277e+07,5.640271e-18,829,0
8.925000e-10,3.631593e-03,2.614173e-04,2.500418e-03,4.069459e+06,2.929468e+05,2.801753e+06,-5.262205e-01,-4.280918e-02,-2.932464e-01,5.640271e-18,829,3927
8.922955e-09,3.631169e-02,2.613954e-03,2.500004e-02,4.069534e+06,2.929529e+05,2.801794e+06,-4.972309e-03,-3.776369e-04,-3.064240e-03,5.640271e-18,829,39261
0.000000e+00,-8.984482e-08,-2.235120e-07,4.737842e-07,0.000000e+00,0.000000e+00,0.000000e+00,8.796877e+06,2.357513e+07,-3.517419e+07,3.461982e-18,830,0
1.196818e-09,-7.256145e-04,-1.942814e-03,2.500270e-03,-6.066650e+05,-1.624269e+06,2.089821e+06,2.570845e-01,6.396741e-01,-6.156921e-01,3.461982e-18,830,5266
1.196273e-08,-7.257347e-03,-1.943062e-02,2.500013e-02,-6.067134e+05,-1.624389e+06,2.089938e+06,2.078045e-03,5.435673e-03,-7.413738e-03,3.461982e-18,830,52636
0.000000e+00,1.165392e-07,4.270865e-08,3.921214e-07,0.000000e+00,0.000000e+00,0.000000e+00,-1.893179e+07,-1.293438e+07,-5.631852e+07,4.420723e-18,831,0
7.827273e-10,9.075398e-04,5.837232e-04,2.500408e-03,1.160045e+06,7.461922e+05,3.195752e+06,-6.174635e-01,-4.281326e-01,-1.495100e+00,4.420723e-18,831,3444
7.822955e-09,9.074961e-03,5.837394e-03,2.500030e-02,1.160121e+06,7.462451e+05,3.195937e+06,-6.029073e-03,-4.030950e-03,-1.541934e-02,4.420723e-18,831,34421
0.000000e+00,-7.834276e-08,-9.303395e-09,4.259235e-07,0.000000e+00,0.000000e+00,0.000000e+00,1.325318e+07,-1.413999e+06,-5.244146e+07,4.254300e-18,832,0
8.065909e-10,-6.624325e-04,8.116685e-05,2.500343e-03,-8.218076e+05,1.007182e+05,3.101481e+06,5.275260e-01,-6.108042e-02,-1.760855e+00,4.254300e-18,832,3549
8.060682e-09,-6.624302e-03,8.118325e-04,2.500012e-02,-8.218748e+05,1.007260e+05,3.101706e+06,5.300696e-03,-6.176660e-04,-1.809068e-02,4.254300e-18,832,35467
0.000000e+00,1.587312e-07,-8.228013e-08,1.715681e-07,0.000000e+00,0.000000e+00,0.000000e+00,-1.122187e+08,5.702211e+07,-1.009252e+08,6.851112e-18,833,0
5.961364e-10,2.799507e-03,-1.421224e-03,2.500195e-03,4.696289e+06,-2.384156e+06,4.194076e+06,-5.506541e-01,2.749263e-01,-4.276730e-01,6.851112e-18,833,2623
5.960909e-09,2.799426e-02,-1.421179e-02,2.500064e-02,4.696341e+06,-2.384181e+06,4.194116e+06,-5.399207e-03,2.702312e-03,-4.334830e-03,6.851112e-18,833,26228
0.000000e+00,-1.952532e-07,3.177504e-08,4.727303e-07,0.000000e+00,0.000000e+00,0.000000e+00,2.658023e+07,-3.753421e+06,-3.951397e+07,3.604232e-18,834,0
1.054318e-09,-1.813125e-03,2.264505e-04,2.500284e-03,-1.720703e+06,2.148920e+05,2.372373e+06,7.526051e-01,-9.606129e-02,-8.424533e-01,3.604232e-18,834,4639
1.053795e-08,-1.813263e-02,2.264534e-03,2.500011e-02,-1.720828e+06,2.149079e+05,2.372513e+06,6.535248e-03,-5.455035e-04,-9.359004e-03,3.604232e-18,834,46367
0.000000e+00,9.078573e-08,-3.180560e-08,3.259430e-07,0.000000e+00,0.000000e+00,0.000000e+00,-9.218706e+06,1.680206e+07,-7.320900e+07,5.263194e-18,835,0
6.529545e-10,3.670889e-04,-5.941726e-04,2.500672e-03,5.623645e+05,-9.104031e+05,3.831041e+06,-2.894858e-01,4.872498e-01,-1.792267e+00,5.263194e-18,835,2873
6.525682e-09,3.669847e-03,-5.940966e-03,2.500023e-02,5.623944e+05,-9.104534e+05,3.831226e+06,-2.967852e-03,4.509272e-03,-1.837632e-02,5.263194e-18,835,28713
0.000000e+00,1.193651e-07,-2.028313e-08,6.252631e-07,0.000000e+00,0.000000e+00,0.000000e+00,-1.381024e+07,2.971196e+06,-3.326523e+07,2.939661e-18,836,0
1.077500e-09,1.092885e-03,-1.971775e-04,2.500257e-03,1.015049e+06,-1.831617e+05,2.321547e+06,-5.669018e-01,1.253985e-01,-1.067624e+00,2.939661e-18,836,4741
1.076864e-08,1.093064e-02,-1.972394e-03,2.500015e-02,1.015146e+06,-1.831830e+05,2.321730e+06,-4.913179e-03,9.887294e-04,-1.244540e-02,2.939661e-18,836,47382
0.000000e+00,-1.835309e-07,-1.163483e-08,5.317670e-07,0.000000e+00,0.000000e+00,0.000000e+00,2.042773e+07,1.590370e+06,-3.566457e+07,3.323133e-18,837,0
1.079545e-09,-1.462510e-03,-9.995450e-05,2.500161e-03,-1.355683e+06,-9.266642e+04,2.316940e+06,7.077212e-01,5.735175e-02,-9.185689e-01,3.323133e-18,837,4750
1.079023e-08,-1.462808e-02,-9.998871e-04,2.500049e-02,-1.355803e+06,-9.267622e+04,2.317098e+06,6.086362e-03,2.302534e-04,-1.058798e-02,3.323133e-18,837,47477
0.000000e+00,1.994535e-07,2.035956e-08,4.656805e-07,0.000000e+00,0.000000e+00,0.000000e+00,-2.332653e+07,-7.273860e+06,-3.865070e+07,3.629364e-18,838,0
1.075000e-09,1.703160e-03,5.226432e-04,2.500100e-03,1.585280e+06,4.865550e+05,2.326616e+06,-6.983023e-01,-2.570134e-01,-8.462573e-01,3.629364e-18,838,4730
1.074523e-08,1.703412e-02,5.228090e-03,2.500015e-02,1.585398e+06,4.865986e+05,2.326760e+06,-6.320846e-03,-2.295277e-03,-9.315791e-03,3.629364e-18,838,47279
0.000000e+00,-5.696261e-08,-2.197702e-08,6.751042e-07,0.000000e+00,0.000000e+00,0.000000e+00,4.672397e+06,3.007862e+06,-3.786802e+07,2.768798e-18,839,0
9.038636e-10,-3.245921e-04,-1.717807e-04,2.500182e-03,-3.594485e+05,-1.901354e+05,2.767774e+06,2.969335e-01,6.309600e-02,-1.772084e+00,2.768798e-18,839,3977
9.032500e-09,-3.246703e-03,-1.717383e-03,2.500011e-02,-3.594908e+05,-1.901444e+05,2.768027e+06,3.052074e-03,7.515142e-04,-1.841652e-02,2.768798e-18,839,39743
0.000000e+00,9.555056e-09,2.187898e-07,5.361907e-07,0.000000e+00,0.000000e+00,0.000000e+00,-1.410459e+06,-2.465121e+07,-3.067780e+07,3.197430e-18,840,0
1.235455e-09,1.497222e-04,2.119940e-03,2.500442e-03,1.212647e+05,1.716985e+06,2.024629e+06,-4.545978e-02,-6.786466e-01,-6.020841e-01,3.197430e-18,840,5436
1.234795e-08,1.497357e-03,2.120116e-02,2.500021e-02,1.212735e+05,1.717117e+06,2.024747e+06,-3.135802e-04,-5.727279e-03,-7.245225e-03,3.197430e-18,840,54331
0.000000e+00,-2.079672e-07,1.852244e-07,4.851174e-07,0.000000e+00,0.000000e+00,0.000000e+00,2.434921e+07,-1.936683e+07,-3.291397e+07,3.252942e-18,841,0
1.243636e-09,-2.012832e-03,1.686127e-03,2.500006e-03,-1.619280e+06,1.356460e+06,2.010747e+06,4.930446e-01,-4.209124e-01,-4.547174e-01,3.252942e-18,841,5472
1.243318e-08,-2.013273e-02,1.686506e-02,2.500018e-02,-1.619376e+06,1.356542e+06,2.010837e+06,4.013887e-03,-3.379947e-03,-5.394931e-03,3.252942e-18,841,54706
0.000000e+00,-1.794649e-07,-2.079387e-08,4.338976e-07,0.000000e+00,0.000000e+00,0.000000e+00,2.708604e+07,7.514722e+05,-4.350658e+07,3.914154e-18,842,0
9.940909e-10,-1.714677e-03,-2.022652e-04,2.500238e-03,-1.725817e+06,-2.036586e+05,2.516059e+06,7.649665e-01,1.201812e-01,-9.349912e-01,3.914154e-18,842,4374
9.936136e-09,-1.714790e-02,-2.023529e-03,2.500004e-02,-1.725937e+06,-2.036775e+05,2.516206e+06,6.797927e-03,1.306763e-03,-1.021338e-02,3.914154e-18,842,43719
0.000000e+00,7.205717e-08,-2.851362e-07,3.781376e-07,0.000000e+00,0.000000e+00,0.000000e+00,-1.003214e+07,4.096757e+07,-3.489966e+07,3.734913e-18,843,0
1.334773e-09,7.822162e-04,-3.224182e-03,2.500416e-03,5.862366e+05,-2.416396e+06,1.873604e+06,-1.283286e-01,5.301959e-01,-2.797217e-01,3.734913e-18,843,5873
1.334318e-08,7.822253e-03,-3.224237e-02,2.500000e-02,5.862635e+05,-2.416508e+06,1.873663e+06,-1.049836e-03,4.503863e-03,-3.502841e-03,3.734913e-18,843,58710
0.000000e+00,1.698241e-07,2.121337e-08,2.374045e-07,0.000000e+00,0.000000e+00,0.000000e+00,-7.705033e+07,-1.102050e+07,-8.782223e+07,5.910069e-18,844,0
6.509091e-10,2.232678e-03,3.220167e-04,2.500652e-03,3.430559e+06,4.947985e+05,3.842124e+06,-7.732509e-01,-1.196331e-01,-7.482187e-01,5.910069e-18,844,2864
6.506818e-09,2.232211e-02,3.219571e-03,2.500015e-02,3.430639e+06,4.948108e+05,3.842201e+06,-7.599037e-03,-1.145092e-03,-7.606670e-03,5.910069e-18,844,28630
0.000000e+00,1.355340e-07,-1.577928e-07,5.185447e-07,0.000000e+00,0.000000e+00,0.000000e+00,-1.322856e+07,1.547121e+07,-4.421874e+07,3.332380e-18,845,0
9.150000e-10,8.702893e-04,-9.449783e-04,2.500297e-03,9.517166e+05,-1.033338e+06,2.733750e+06,-5.290449e-01,5.467050e-01,-1.274116e+00,3.332380e-18,845,4026
9.145000e-09,8.703437e-03,-9.449886e-03,2.500031e-02,9.517930e+05,-1.033417e+06,2.733935e+06,-4.875234e-03,5.143776e-03,-1.331015e-02,3.332380e-18,845,40238
0.000000e+00,1.169272e-07,-3.111636e-08,2.219920e-07,0.000000e+00,0.000000e+00,0.000000e+00,-8.012992e+07,1.974204e+07,-1.284302e+08,6.800066e-18,846,0
4.631818e-10,1.571756e-03,-3.859223e-04,2.500668e-03,3.393654e+06,-8.332515e+05,5.399150e+06,-7.982218e-01,1.856345e-01,-1.142266e+00,6.800066e-18,846,2038
4.630455e-09,1.571424e-02,-3.858355e-03,2.500069e-02,3.393712e+06,-8.332651e+05,5.399234e+06,-7.842592e-03,1.835585e-03,-1.152989e-02,6.800066e-18,846,20374
0.000000e+00,-1.300495e-07,-1.293003e-07,5.064313e-07,0.000000e+00,0.000000e+00,0.000000e+00,1.550628e+07,1.693873e+07,-3.966799e+07,3.459846e-18,847,0
9.361364e-10,-9.387185e-04,-9.005308e-04,2.500185e-03,-1.003416e+06,-9.625349e+05,2.671998e+06,5.714509e-01,5.463755e-01,-1.238772e+00,3.459846e-18,847,4119
9.356364e-09,-9.388300e-03,-9.005856e-03,2.500029e-02,-1.003501e+06,-9.626156e+05,2.672182e+06,5.223139e-03,4.836209e-03,-1.326849e-02,3.459846e-18,847,41168
0.000000e+00,-1.218598e-07,-2.244915e-08,4.896875e-07,0.000000e+00,0.000000e+00,0.000000e+00,1.539656e+07,-8.350569e+05,-4.250053e+07,3.699863e-18,848,0
1.057500e-09,-1.103375e-03,1.331632e-04,2.500044e-03,-1.044145e+06,1.260616e+05,2.365327e+06,5.781476e-01,-7.706075e-02,-1.118352e+00,3.699863e-18,848,4653
1.056932e-08,-1.103586e-02,1.332339e-03,2.500008e-02,-1.044242e+06,1.260744e+05,2.365515e+06,4.504832e-03,-8.467058e-04,-1.257314e-02,3.699863e-18,848,46505
0.000000e+00,1.141149e-07,1.478746e-07,1.948607e-07,0.000000e+00,0.000000e+00,0.000000e+00,-6.313458e+07,-8.264989e+07,-9.015810e+07,6.315136e-18,849,0
6.545455e-10,1.769521e-03,2.317011e-03,2.500260e-03,2.703636e+06,3.540145e+06,3.820002e+06,-3.961700e-01,-5.214133e-01,-4.847908e-01,6.315136e-18,849,2880
6.544545e-09,1.769414e-02,2.316873e-02,2.500032e-02,2.703677e+06,3.540199e+06,3.820053e+06,-3.888061e-03,-5.084497e-03,-4.932351e-03,6.315136e-18,849,28796
0.000000e+00,1.174217e-07,2.701164e-07,4.161394e-07,0.000000e+00,0.000000e+00,0.000000e+00,-1.609071e+07,-3.284626e+07,-3.109611e+07,3.510020e-18,850,0
1.376364e-09,1.506477e-03,2.868954e-03,2.500218e-03,1.095035e+06,2.085289e+06,1.816913e+06,-2.749355e-01,-4.920928e-01,-3.025870e-01,3.510020e-18,850,6056
1.375955e-08,1.506711e-02,2.869257e-02,2.500006e-02,1.095095e+06,2.085396e+06,1.816979e+06,-2.419869e-03,-4.076529e-03,-3.655250e-03,3.510020e-18,850,60542
0.000000e+00,5.426980e-08,2.347648e-07,5.636982e-07,0.000000e+00,0.000000e+00,0.000000e+00,-6.396366e+06,-2.336514e+07,-3.295970e+07,3.002386e-18,851,0
1.096136e-09,4.575840e-04,1.798698e-03,2.500255e-03,4.176290e+05,1.641915e+06,2.281900e+06,-1.467646e-01,-7.232127e-01,-8.393000e-01,3.002386e-18,851,4823
1.095591e-08,4.575518e-03,1.798863e-02,2.500045e-02,4.176543e+05,1.642040e+06,2.282046e+06,-1.072206e-03,-5.935978e-03,-9.279455e-03,3.002386e-18,851,48206
0.000000e+00,-3.079201e-09,-2.107572e-07,5.500324e-07,0.000000e+00,0.000000e+00,0.000000e+00,1.899546e+06,1.859869e+07,-3.763939e+07,3.154694e-18,852,0
1.041591e-09,-1.055939e-04,-1.387805e-03,2.500394e-03,-1.014318e+05,-1.333268e+06,2.401530e+06,4.255527e-02,7.052440e-01,-9.602291e-01,3.154694e-18,852,4583
1.041000e-08,-1.055903e-03,-1.387930e-02,2.500013e-02,-1.014388e+05,-1.333383e+06,2.401689e+06,1.883461e-04,5.928191e-03,-1.131658e-02,3.154694e-18,852,45804
0.000000e+00,1.507803e-07,1.207363e-07,3.520598e-07,0.000000e+00,0.000000e+00,0.000000e+00,-2.804597e+07,-2.544701e+07,-5.095665e+07,4.452222e-18,853,0
9.052273e-10,1.488766e-03,1.317740e-03,2.500234e-03,1.645306e+06,1.456319e+06,2.762812e+06,-6.061007e-01,-5.502683e-01,-8.693107e-01,4.452222e-18,853,3983
9.048864e-09,1.488812e-02,1.317800e-02,2.500041e-02,1.645392e+06,1.456398e+06,2.762937e+06,-5.771198e-03,-5.098683e-03,-9.048256e-03,4.452222e-18,853,39815
0.000000e+00,-1.077818e-07,-5.078416e-08,6.170864e-07,0.000000e+00,0.000000e+00,0.000000e+00,8.560129e+06,3.929839e+06,-4.298985e+07,2.999041e-18,854,0
8.750000e-10,-5.331241e-04,-2.439110e-04,2.500513e-03,-6.096564e+05,-2.788954e+05,2.859261e+06,3.820686e-01,1.495620e-01,-1.724205e+00,2.999041e-18,854,3850
8.743636e-09,-5.330633e-03,-2.438572e-03,2.500055e-02,-6.097092e+05,-2.789161e+05,2.859500e+06,3.879142e-03,1.510725e-03,-1.779885e-02,2.999041e-18,854,38472
0.000000e+00,-6.295100e-08,2.651340e-07,3.865947e-07,0.000000e+00,0.000000e+00,0.000000e+00,9.387628e+06,-3.901095e+07,-3.500320e+07,3.782625e-18,855,0
1.290000e-09,-7.409197e-04,3.095639e-03,2.500094e-03,-5.745752e+05,2.400663e+06,1.938438e+06,1.337728e-01,-5.766014e-01,-3.294753e-01,3.782625e-18,855,5676
1.289705e-08,-7.410302e-03,3.096138e-02,2.500028e-02,-5.746024e+05,2.400780e+06,1.938506e+06,1.249268e-03,-4.868547e-03,-3.909447e-03,3.782625e-18,855,56747
0.000000e+00,1.326283e-07,6.876964e-08,2.494815e-07,0.000000e+00,0.000000e+00,0.000000e+00,-6.116922e+07,-3.362307e+07,-9.323292e+07,5.962859e-18,856,0
6.097727e-10,1.669108e-03,9.198367e-04,2.500361e-03,2.737679e+06,1.508736e+06,4.100903e+06,-7.213709e-01,-4.073374e-01,-9.472985e-01,5.962859e-18,856,2683
6.096364e-09,1.668995e-02,9.197834e-03,2.500075e-02,2.737749e+06,1.508776e+06,4.100994e+06,-7.022620e-03,-4.035888e-03,-9.630752e-03,5.962859e-18,856,26824
0.000000e+00,-1.764229e-07,7.797492e-09,6.120302e-07,0.000000e+00,0.000000e+00,0.000000e+00,2.046950e+07,-2.123355e+06,-3.412531e+07,2.931736e-18,857,0
1.065000e-09,-1.490362e-03,1.868099e-04,2.500462e-03,-1.400287e+06,1.755129e+05,2.348841e+06,6.752050e-01,-6.867623e-02,-9.590265e-01,2.931736e-18,857,4686
1.064364e-08,-1.490410e-02,1.868076e-03,2.500043e-02,-1.400401e+06,1.755244e+05,2.349002e+06,5.740333e-03,-4.385488e-04,-1.071980e-02,2.931736e-18,857,46832
0.000000e+00,-2.148078e-07,-1.005152e-07,3.395892e-07,0.000000e+00,0.000000e+00,0.000000e+00,4.308169e+07,1.985376e+07,-4.643981e+07,4.320281e-18,858,0
1.040909e-09,-2.511776e-03,-1.121615e-03,2.500091e-03,-2.413878e+06,-1.077861e+06,2.402307e+06,6.430620e-01,2.672265e-01,-4.936623e-01,4.320281e-18,858,4580
1.040682e-08,-2.512076e-02,-1.121710e-02,2.500051e-02,-2.413984e+06,-1.077905e+06,2.402388e+06,5.704146e-03,2.301043e-03,-5.370712e-03,4.320281e-18,858,45790
0.000000e+00,-4.089866e-08,2.866605e-08,2.074008e-07,0.000000e+00,0.000000e+00,0.000000e+00,4.460840e+07,-3.647911e+07,-2.026449e+08,7.995620e-18,859,0
3.020455e-10,-5.515540e-04,4.515178e-04,2.500015e-03,-1.826096e+06,1.494917e+06,8.276972e+06,4.174094e-01,-3.586628e-01,-1.763915e+00,7.995620e-18,859,1329
3.020455e-09,-5.515675e-03,4.515352e-03,2.500040e-02,-1.826116e+06,1.494934e+06,8.277057e+06,4.159174e-03,-3.488642e-03,-1.772969e-02,7.995620e-18,859,13290
0.000000e+00,2.227310e-07,-2.052854e-08,4.780353e-07,0.000000e+00,0.000000e+00,0.000000e+00,-2.158723e+07,1.961763e+05,-3.718618e+07,3.500194e-18,860,0
1.096591e-09,1.623385e-03,-4.529654e-05,2.500506e-03,1.481360e+06,-4.136889e+04,2.281231e+06,-7.294210e-01,4.669816e-02,-8.571348e-01,3.500194e-18,860,4825
1.095909e-08,1.623433e-02,-4.533633e-04,2.500036e-02,1.481486e+06,-4.137700e+04,2.281381e+06,-5.885187e-03,3.445003e-04,-9.896367e-03,3.500194e-18,860,48220
0.000000e+00,-4.666337e-09,2.328258e-07,3.010500e-07,0.000000e+00,0.000000e+00,0.000000e+00,2.879327e+05,-5.319342e+07,-5.037957e+07,4.613741e-18,861,0
9.956818e-10,-1.065727e-05,2.795315e-03,2.500353e-03,-1.069767e+04,2.808238e+06,2.511652e+06,-4.912899e-04,-6.824768e-01,-4.965668e-01,4.613741e-18,861,4381
9.953636e-09,-1.064860e-04,2.795217e-02,2.500020e-02,-1.069760e+04,2.808345e+06,2.511730e+06,-1.300327e-05,-6.255391e-03,-5.206160e-03,4.613741e-18,861,43796
0.000000e+00,-2.522403e-07,-6.039765e-08,3.038210e-07,0.000000e+00,0.000000e+00,0.000000e+00,5.675969e+07,2.317883e+06,-4.262216e+07,4.427956e-18,862,0
1.184773e-09,-3.543286e-03,-1.718431e-04,2.500018e-03,-2.991458e+06,-1.450449e+05,2.110388e+06,5.399769e-01,2.602251e-02,-2.768271e-01,4.427956e-18,862,5213
1.184614e-08,-3.543719e-02,-1.718263e-03,2.500009e-02,-2.991558e+06,-1.450498e+05,2.110441e+06,4.625255e-03,2.242852e-04,-3.137828e-03,4.427956e-18,862,52123
0.000000e+00,1.251639e-07,-6.722293e-09,1.869564e-07,0.000000e+00,0.000000e+00,0.000000e+00,-1.168767e+08,5.787164e+06,-1.542555e+08,7.549562e-18,863,0
3.952273e-10,1.900379e-03,-9.383629e-05,2.500320e-03,4.808433e+06,-2.374263e+05,6.326329e+06,-7.932065e-01,3.604681e-02,-9.555169e-01,7.549562e-18,863,1739
3.951818e-09,1.900216e-02,-9.382712e-04,2.500066e-02,4.808483e+06,-2.374286e+05,6.326389e+06,-7.878709e-03,3.657352e-04,-9.635159e-03,7.549562e-18,863,17388
0.000000e+00,2.330391e-07,4.739788e-08,3.959263e-07,0.000000e+00,0.000000e+00,0.000000e+00,-3.704131e+07,-8.214708e+06,-4.045768e+07,3.908622e-18,864,0
1.121591e-09,2.508816e-03,6.231615e-04,2.500220e-03,2.237785e+06,5.558943e+05,2.229712e+06,-6.786450e-01,-1.948158e-01,-5.088666e-01,3.908622e-18,864,4935
1.121227e-08,2.509060e-02,6.232801e-03,2.500028e-02,2.237905e+06,5.559287e+05,2.229802e+06,-5.715234e-03,-1.723791e-03,-5.705484e-03,3.908622e-18,864,49334
0.000000e+00,7.036274e-08,-8.266687e-08,3.880796e-07,0.000000e+00,0.000000e+00,0.000000e+00,-1.476197e+07,1.528684e+07,-5.962640e+07,4.520075e-18,865,0
7.500000e-10,7.343905e-04,-6.805404e-04,2.500201e-03,9.797125e+05,-9.078089e+05,3.334849e+06,-5.335733e-01,4.661054e-01,-1.549084e+00,4.520075e-18,865,3300
7.496591e-09,7.344463e-03,-6.805464e-03,2.500009e-02,9.797757e+05,-9.078641e+05,3.335032e+06,-4.991106e-03,4.620723e-03,-1.595365e-02,4.520075e-18,865,32985
0.000000e+00,-1.193668e-07,1.664728e-07,5.222879e-07,0.000000e+00,0.000000e+00,0.000000e+00,1.227538e+07,-2.143840e+07,-3.468483e+07,3.304767e-18,866,0
1.097727e-09,-8.835106e-04,1.575531e-03,2.500223e-03,-8.053225e+05,1.436171e+06,2.278553e+06,3.551943e-01,-6.557459e-01,-8.264607e-01,3.304767e-18,866,4830
1.097182e-08,-8.835841e-03,1.575734e-02,2.500003e-02,-8.053840e+05,1.436284e+06,2.278697e+06,2.978515e-03,-5.338156e-03,-9.237331e-03,3.304767e-18,866,48276
0.000000e+00,2.728797e-07,-2.424414e-08,5.078158e-07,0.000000e+00,0.000000e+00,0.000000e+00,-2.982617e+07,1.949298e+06,-3.180471e+07,3.163920e-18,867,0
1.280227e-09,2.563883e-03,-1.615414e-04,2.500311e-03,2.003680e+06,-1.262419e+05,1.953536e+06,-6.271487e-01,4.114353e-02,-4.516304e-01,3.163920e-18,867,5633
1.279727e-08,2.564156e-02,-1.615554e-03,2.500015e-02,2.003806e+06,-1.262502e+05,1.953629e+06,-5.364617e-03,2.689467e-04,-5.472656e-03,3.163920e-18,867,56308
0.000000e+00,3.870027e-08,-8.329621e-08,2.596755e-07,0.000000e+00,0.000000e+00,0.000000e+00,-9.096523e+06,5.153101e+07,-1.211978e+08,6.344570e-18,868,0
4.777273e-10,1.917262e-04,-1.072610e-03,2.500970e-03,4.013363e+05,-2.245548e+06,5.235638e+06,-1.241850e-01,7.236984e-01,-1.546422e+00,6.344570e-18,868,2102
4.775000e-09,1.916411e-03,-1.072254e-02,2.500035e-02,4.013456e+05,-2.245602e+06,5.235754e+06,-1.180038e-03,7.072064e-03,-1.563861e-02,6.344570e-18,868,21010
0.000000e+00,-1.320369e-07,-1.277056e-07,2.999771e-07,0.000000e+00,0.000000e+00,0.000000e+00,3.889202e+07,3.796367e+07,-6.214822e+07,5.041204e-18,869,0
8.300000e-10,-1.642568e-03,-1.596221e-03,2.500675e-03,-1.979556e+06,-1.923693e+06,3.013403e+06,5.754694e-01,5.522112e-01,-7.186790e-01,5.041204e-18,869,3652
8.296364e-09,-1.642312e-02,-1.595966e-02,2.500042e-02,-1.979632e+06,-1.923766e+06,3.013497e+06,5.416429e-03,5.271631e-03,-7.465626e-03,5.041204e-18,869,36504
0.000000e+00,1.463347e-07,-6.116564e-08,4.282137e-07,0.000000e+00,0.000000e+00,0.000000e+00,-1.907447e+07,7.961162e+06,-3.785738e+07,4.035162e-18,870,0
1.052500e-09,1.440600e-03,-5.567188e-04,2.500363e-03,1.369700e+06,-5.292571e+05,2.376750e+06,-6.903200e-01,2.378361e-01,-9.612363e-01,4.035162e-18,870,4631
1.051864e-08,1.440727e-02,-5.567048e-03,2.500026e-02,1.369815e+06,-5.292966e+05,2.376911e+06,-5.710808e-03,1.987522e-03,-1.083622e-02,4.035162e-18,870,46282
0.000000e+00,1.084309e-08,-1.759247e-07,4.240783e-07,0.000000e+00,0.000000e+00,0.000000e+00,-6.074218e+05,2.769695e+07,-4.464097e+07,4.002736e-18,871,0
1.003409e-09,5.254371e-05,-1.805072e-03,2.500290e-03,5.237711e+04,-1.799979e+06,2.492692e+06,-1.255137e-02,8.059112e-01,-8.758330e-01,4.002736e-18,871,4415
1.002932e-08,5.253096e-04,-1.805247e-02,2.500014e-02,5.237908e+04,-1.800107e+06,2.492831e+06,-6.904301e-05,6.890900e-03,-9.604575e-03,4.002736e-18,871,44129
0.000000e+00,1.911228e-08,-2.175179e-07,4.476230e-07,0.000000e+00,0.000000e+00,0.000000e+00,-3.677238e+06,2.870016e+07,-3.821198e+07,3.691097e-18,872,0
1.162727e-09,2.402473e-04,-2.188993e-03,2.500356e-03,2.067154e+05,-1.883654e+06,2.151081e+06,-6.730759e-02,6.890668e-01,-5.965413e-01,3.691097e-18,872,5116
1.162205e-08,2.402457e-03,-2.189182e-02,2.500014e-02,2.067278e+05,-1.883780e+06,2.151191e+06,-8.609415e-04,5.637404e-03,-7.134127e-03,3.691097e-18,872,51137
0.000000e+00,-1.978906e-07,-4.398552e-08,5.059568e-07,0.000000e+00,0.000000e+00,0.000000e+00,2.384264e+07,2.400173e+06,-2.390258e+07,3.415792e-18,873,0
1.380227e-09,-2.475099e-03,-2.936086e-04,2.500305e-03,-1.794390e+06,-2.128520e+05,1.812216e+06,6.043442e-01,7.302481e-02,-4.654170e-01,3.415792e-18,873,6073
1.379523e-08,-2.475380e-02,-2.936329e-03,2.500001e-02,-1.794521e+06,-2.128678e+05,1.812318e+06,5.594482e-03,6.777482e-04,-5.685199e-03,3.415792e-18,873,60699
0.000000e+00,-2.448326e-08,-3.257173e-08,1.252872e-07,0.000000e+00,0.000000e+00,0.000000e+00,1.056053e+08,1.441678e+08,-5.325006e+08,1.255308e-17,874,0
1.175000e-10,-4.960142e-04,-6.771458e-04,2.501022e-03,-4.221235e+06,-5.762729e+06,2.128445e+07,3.250228e-01,4.487008e-01,-1.616999e+00,1.255308e-17,874,517
1.174773e-09,-4.959016e-03,-6.769929e-03,2.500452e-02,-4.221241e+06,-5.762737e+06,2.128448e+07,3.250694e-03,4.488704e-03,-1.618150e-02,1.255308e-17,874,5169
0.000000e+00,4.301330e-08,5.468180e-08,3.735116e-07,0.000000e+00,0.000000e+00,0.000000e+00,-1.375293e+07,-1.556952e+07,-6.446290e+07,4.759579e-18,875,0
7.097727e-10,5.942134e-04,6.693241e-04,2.500253e-03,8.376160e+05,9.435049e+05,3.523881e+06,-4.464855e-01,-5.272138e-01,-1.668089e+00,4.759579e-18,875,3123
7.094545e-09,5.942466e-03,6.693700e-03,2.500042e-02,8.376661e+05,9.435640e+05,3.524068e+06,-4.409896e-03,-5.052320e-03,-1.698198e-02,4.759579e-18,875,31216
0.000000e+00,-4.428786e-08,-2.041466e-08,1.428825e-07,0.000000e+00,0.000000e+00,0.000000e+00,1.296936e+08,5.868146e+07,-4.024549e+08,1.102721e-17,876,0
1.552273e-10,-8.061105e-04,-3.647308e-04,2.501238e-03,-5.192914e+06,-2.349571e+06,1.611278e+07,5.278741e-01,2.381583e-01,-1.604029e+00,1.102721e-17,876,683
1.551591e-09,-8.057322e-03,-3.645593e-03,2.500058e-02,-5.192927e+06,-2.349577e+06,1.611282e+07,5.281464e-03,2.392318e-03,-1.607000e-02,1.102721e-17,876,6827
0.000000e+00,-7.436767e-08,-1.432739e-07,3.468321e-07,0.000000e+00,0.000000e+00,0.000000e+00,1.890867e+07,3.108611e+07,-5.814930e+07,4.713324e-18,877,0
8.027273e-10,-8.856618e-04,-1.425099e-03,2.500104e-03,-1.103784e+06,-1.776000e+06,3.115410e+06,4.526065e-01,6.892560e-01,-1.075236e+00,4.713324e-18,877,3532
8.024773e-09,-8.857580e-03,-1.425197e-02,2.500055e-02,-1.103841e+06,-1.776087e+06,3.115547e+06,4.460883e-03,6.792959e-03,-1.120158e-02,4.713324e-18,877,35309
0.000000e+00,2.020468e-07,1.897927e-07,4.569606e-07,0.000000e+00,0.000000e+00,0.000000e+00,-2.516891e+07,-2.139125e+07,-3.331658e+07,3.383437e-18,878,0
1.257045e-09,2.027817e-03,1.714388e-03,2.500373e-03,1.613939e+06,1.364451e+06,1.989594e+06,-4.962370e-01,-4.106836e-01,-4.378952e-01,3.383437e-18,878,5531
1.256545e-08,2.027983e-02,1.714492e-02,2.500034e-02,1.614038e+06,1.364532e+06,1.989682e+06,-4.264050e-03,-3.465209e-03,-5.224541e-03,3.383437e-18,878,55288
0.000000e+00,-1.238549e-07,-1.796782e-07,3.705233e-07,0.000000e+00,0.000000e+00,0.000000e+00,2.241529e+07,3.168192e+07,-4.225914e+07,4.209886e-18,879,0
1.122273e-09,-1.432133e-03,-2.066255e-03,2.500355e-03,-1.276642e+06,-1.841955e+06,2.228529e+06,3.945636e-01,5.802792e-01,-5.436446e-01,4.209886e-18,879,4938
1.121818e-08,-1.432157e-02,-2.066332e-02,2.500019e-02,-1.276711e+06,-1.842057e+06,2.228626e+06,3.261106e-03,5.049872e-03,-6.087990e-03,4.209886e-18,879,49360
0.000000e+00,-5.828637e-08,4.860754e-08,3.154308e-07,0.000000e+00,0.000000e+00,0.000000e+00,2.238907e+07,-2.012944e+07,-9.127470e+07,5.470952e-18,880,0
5.829545e-10,-6.321548e-04,5.716874e-04,2.500690e-03,-1.084708e+06,9.809724e+05,4.290565e+06,4.826491e-01,-4.516802e-01,-1.677301e+00,5.470952e-18,880,2565
5.826818e-09,-6.320409e-03,5.715954e-03,2.500050e-02,-1.084752e+06,9.810141e+05,4.290720e+06,4.663946e-03,-4.521289e-03,-1.719749e-02,5.470952e-18,880,25638
0.000000e+00,-8.040935e-08,1.788777e-07,3.008752e-07,0.000000e+00,0.000000e+00,0.000000e+00,1.889515e+07,-4.728229e+07,-6.071515e+07,4.904786e-18,881,0
8.356818e-10,-8.068522e-04,2.038571e-03,2.500157e-03,-9.657608e+05,2.440128e+06,2.992370e+06,2.823830e-01,-7.415373e-01,-7.712961e-01,4.904786e-18,881,3677
8.354545e-09,-8.068508e-03,2.038617e-02,2.500001e-02,-9.657981e+05,2.440226e+06,2.992472e+06,2.748264e-03,-7.172156e-03,-7.969578e-03,4.904786e-18,881,36760
0.000000e+00,8.567844e-08,1.291017e-07,5.335081e-07,0.000000e+00,0.000000e+00,0.000000e+00,-9.880720e+06,-1.239246e+07,-3.671150e+07,3.351733e-18,882,0
1.081364e-09,8.695404e-04,9.039369e-04,2.500228e-03,8.047588e+05,8.365259e+05,2.313208e+06,-4.589436e-01,-4.739906e-01,-1.012334e+00,3.351733e-18,882,4758
1.080750e-08,8.697364e-03,9.040753e-03,2.500020e-02,8.048370e+05,8.366066e+05,2.313382e+06,-3.565816e-03,-3.842748e-03,-1.183886e-02,3.351733e-18,882,47553
0.000000e+00,1.805756e-07,-2.240987e-07,4.457955e-07,0.000000e+00,0.000000e+00,0.000000e+00,-2.241608e+07,2.980422e+07,-3.196421e+07,3.419218e-18,883,0
1.337500e-09,1.836592e-03,-2.692327e-03,2.500001e-03,1.373679e+06,-2.013737e+06,1.869469e+06,-3.215982e-01,4.525685e-01,-2.902334e-01,3.419218e-18,883,5885
1.337273e-08,1.836981e-02,-2.692907e-02,2.500009e-02,1.373747e+06,-2.013833e+06,1.869531e+06,-2.551569e-03,3.985411e-03,-3.648081e-03,3.419218e-18,883,58840
0.000000e+00,-2.598008e-08,2.765915e-07,3.758596e-07,0.000000e+00,0.000000e+00,0.000000e+00,3.166100e+06,-4.116664e+07,-3.426598e+07,3.814074e-18,884,0
1.324091e-09,-2.570077e-04,3.345869e-03,2.500185e-03,-1.941637e+05,2.527870e+06,1.888575e+06,3.899632e-02,-5.653196e-01,-2.956279e-01,3.814074e-18,884,5826
1.323750e-08,-2.570239e-03,3.346258e-02,2.500016e-02,-1.941718e+05,2.527988e+06,1.888637e+06,3.569991e-04,-4.771311e-03,-3.523015e-03,3.814074e-18,884,58245
0.000000e+00,2.000009e-08,1.526488e-07,3.259116e-07,0.000000e+00,0.000000e+00,0.000000e+00,-5.998709e+06,-3.964135e+07,-6.518423e+07,4.919630e-18,885,0
7.527273e-10,2.456871e-04,1.597062e-03,2.500162e-03,3.265215e+05,2.122445e+06,3.322327e+06,-1.343428e-01,-8.351929e-01,-1.134171e+00,4.919630e-18,885,3312
7.525000e-09,2.457069e-03,1.597140e-02,2.500062e-02,3.265375e+05,2.122545e+06,3.322462e+06,-1.235925e-03,-8.103477e-03,-1.157527e-02,4.919630e-18,885,33110
0.000000e+00,5.971560e-08,-1.448045e-07,4.198809e-07,0.000000e+00,0.000000e+00,0.000000e+00,-7.915628e+06,1.614401e+07,-4.782362e+07,4.110516e-18,886,0
9.070455e-10,4.961084e-04,-1.064684e-03,2.500516e-03,5.473257e+05,-1.174586e+06,2.758124e+06,-3.279011e-01,6.885712e-01,-1.351419e+00,4.110516e-18,886,3991
9.064318e-09,4.961110e-03,-1.064677e-02,2.500060e-02,5.473727e+05,-1.174685e+06,2.758318e+06,-3.014844e-03,6.412374e-03,-1.408777e-02,4.110516e-18,886,39883
0.000000e+00,1.539136e-07,-1.659080e-08,5.694978e-07,0.000000e+00,0.000000e+00,0.000000e+00,-1.501527e+07,2.748717e+06,-3.945578e+07,3.164685e-18,887,0
9.429545e-10,1.012026e-03,-1.465824e-04,2.500580e-03,1.074053e+06,-1.555416e+05,2.653226e+06,-6.989396e-01,8.093581e-02,-1.388727e+00,3.164685e-18,887,4149
9.422500e-09,1.012024e-02,-1.465589e-03,2.500018e-02,1.074157e+06,-1.555536e+05,2.653433e+06,-5.882901e-03,8.037755e-04,-1.467515e-02,3.164685e-18,887,41459
0.000000e+00,-1.142048e-07,-1.767658e-07,4.517872e-07,0.000000e+00,0.000000e+00,0.000000e+00,1.323671e+07,2.507241e+07,-4.189304e+07,3.699795e-18,888,0
1.043182e-09,-9.300905e-04,-1.686055e-03,2.500068e-03,-8.920717e+05,-1.617151e+06,2.397409e+06,3.770421e-01,6.788091e-01,-7.991369e-01,3.699795e-18,888,4590
1.042795e-08,-9.302462e-03,-1.686351e-02,2.500023e-02,-8.921337e+05,-1.617262e+06,2.397541e+06,3.254217e-03,5.801223e-03,-8.843369e-03,3.699795e-18,888,45883
0.000000e+00,-8.147860e-08,-1.831930e-09,3.355712e-07,0.000000e+00,0.000000e+00,0.000000e+00,2.388450e+07,-9.754026e+05,-7.765268e+07,5.179175e-18,889,0
6.359091e-10,-7.966658e-04,4.760203e-05,2.500530e-03,-1.253254e+06,7.491458e+04,3.933350e+06,6.130659e-01,-5.448453e-02,-1.752510e+00,5.179175e-18,889,2798
6.355909e-09,-7.965571e-03,4.761394e-04,2.500012e-02,-1.253316e+06,7.492007e+04,3.933526e+06,5.876640e-03,-5.778243e-04,-1.779338e-02,5.179175e-18,889,27966
0.000000e+00,-6.180839e-08,8.473292e-09,1.995520e-07,0.000000e+00,0.000000e+00,0.000000e+00,7.414398e+07,-1.025148e+07,-2.056249e+08,8.138594e-18,890,0
2.984091e-10,-9.035373e-04,1.249354e-04,2.500126e-03,-3.027898e+06,4.186785e+05,8.378163e+06,6.453544e-01,-8.814629e-02,-1.634478e+00,8.138594e-18,890,1313
2.984091e-09,-9.035575e-03,1.249382e-03,2.500138e-02,-3.027928e+06,4.186826e+05,8.378240e+06,6.380435e-03,-8.992907e-04,-1.641429e-02,8.138594e-18,890,13130
0.000000e+00,-2.000497e-07,-1.036352e-07,3.214500e-07,0.000000e+00,0.000000e+00,0.000000e+00,4.211388e+07,2.358260e+07,-4.637002e+07,4.538725e-18,891,0
1.059545e-09,-2.463545e-03,-1.426209e-03,2.500091e-03,-2.325853e+06,-1.346543e+06,2.360039e+06,5.822962e-01,3.574849e-01,-4.603210e-01,4.538725e-18,891,4662
1.059318e-08,-2.463815e-02,-1.426413e-02,2.500046e-02,-2.325950e+06,-1.346603e+06,2.360117e+06,5.083379e-03,2.902016e-03,-5.021216e-03,4.538725e-18,891,46610
0.000000e+00,-2.157664e-07,-1.475121e-07,5.068545e-07,0.000000e+00,0.000000e+00,0.000000e+00,2.369500e+07,1.864776e+07,-3.548845e+07,3.219106e-18,892,0
1.225227e-09,-1.941777e-03,-1.365609e-03,2.500013e-03,-1.585634e+06,-1.115107e+06,2.040980e+06,5.331893e-01,3.713303e-01,-5.172676e-01,3.219106e-18,892,5391
1.224909e-08,-1.942253e-02,-1.365905e-02,2.500042e-02,-1.585737e+06,-1.115178e+06,2.041081e+06,4.533413e-03,3.295222e-03,-6.238596e-03,3.219106e-18,892,53896
0.000000e+00,-6.658052e-08,4.178223e-09,4.548907e-07,0.000000e+00,0.000000e+00,0.000000e+00,8.900084e+06,-3.208261e+06,-4.951208e+07,4.037050e-18,893,0
8.329545e-10,-5.262449e-04,1.488519e-04,2.500105e-03,-6.321886e+05,1.788305e+05,3.003157e+06,3.736256e-01,-1.199295e-01,-1.788027e+00,4.037050e-18,893,3665
8.324773e-09,-5.262792e-03,1.488715e-03,2.500067e-02,-6.322378e+05,1.788462e+05,3.003393e+06,4.026623e-03,-1.031732e-03,-1.853242e-02,4.037050e-18,893,36629
0.000000e+00,-8.889291e-08,2.224646e-08,1.449092e-07,0.000000e+00,0.000000e+00,0.000000e+00,1.816768e+08,-5.563582e+07,-2.789639e+08,9.757339e-18,894,0
2.234091e-10,-1.630064e-03,4.993020e-04,2.502114e-03,-7.296130e+06,2.234890e+06,1.119936e+07,7.249238e-01,-2.322963e-01,-1.063514e+00,9.757339e-18,894,983
2.232273e-09,-1.628704e-02,4.988905e-03,2.500016e-02,-7.296155e+06,2.234898e+06,1.119939e+07,7.307036e-03,-2.219666e-03,-1.069810e-02,9.757339e-18,894,9822
0.000000e+00,3.866505e-08,-1.729010e-07,5.221068e-07,0.000000e+00,0.000000e+00,0.000000e+00,-5.177887e+06,2.582397e+07,-4.281841e+07,3.392554e-18,895,0
9.368182e-10,3.556832e-04,-1.499146e-03,2.500371e-03,3.799563e+05,-1.601105e+06,2.670063e+06,-2.274181e-01,7.434435e-01,-1.126480e+00,3.392554e-18,895,4122
9.363182e-09,3.557568e-03,-1.499141e-02,2.500045e-02,3.799899e+05,-1.601215e+06,2.670230e+06,-1.573641e-03,6.906492e-03,-1.179312e-02,3.392554e-18,895,41198
0.000000e+00,2.654887e-07,5.492098e-08,4.447544e-07,0.000000e+00,0.000000e+00,0.000000e+00,3.491683e+06,-9.287475e+07,-6.495529e+06,3.500714e-18,896,0
5.565227e-09,-1.321000e-04,2.423268e-02,2.500031e-03,-2.377823e+04,4.354483e+06,4.491613e+05,7.128543e-05,-1.826508e-02,-8.088204e-04,3.500714e-18,896,24487
2.272727e-08,-5.401838e-04,9.896468e-02,1.020857e-02,-2.377829e+04,4.354496e+06,4.491622e+05,5.254837e-06,-1.006013e-03,-1.034680e-04,3.500714e-18,896,100000
0.000000e+00,9.496306e-08,6.663019e-08,6.542363e-07,0.000000e+00,0.000000e+00,0.000000e+00,-1.095306e+07,-5.097410e+06,-3.526731e+07,2.810859e-18,897,0
9.477273e-10,6.637118e-04,4.532302e-04,2.500041e-03,7.008344e+05,4.786677e+05,2.639362e+06,-4.470735e-01,-3.518260e-01,-1.474790e+00,2.810859e-18,897,4170
9.472045e-09,6.638319e-03,4.533917e-03,2.500036e-02,7.009012e+05,4.787203e+05,2.639583e+06,-3.713893e-03,-2.543072e-03,-1.575973e-02,2.810859e-18,897,41677
0.000000e+00,-1.200744e-07,-2.055340e-07,2.371166e-07,0.000000e+00,0.000000e+00,0.000000e+00,3.781790e+07,6.604884e+07,-5.377603e+07,5.168764e-18,898,0
1.021818e-09,-1.828517e-03,-3.193269e-03,2.500098e-03,-1.789766e+06,-3.125601e+06,2.446916e+06,2.645017e-01,4.629347e-01,-2.760113e-01,5.168764e-18,898,4496
1.021705e-08,-1.828615e-02,-3.193445e-02,2.500038e-02,-1.789809e+06,-3.125675e+06,2.446961e+06,2.367279e-03,4.182218e-03,-2.991092e-03,5.168764e-18,898,44955
0.000000e+00,-9.718463e-08,-1.977507e-07,3.299162e-07,0.000000e+00,0.000000e+00,0.000000e+00,9.753263e+06,3.743836e+07,-5.278930e+07,4.516289e-18,899,0
8.972727e-10,-5.708222e-04,-1.920221e-03,2.500165e-03,-6.364141e+05,-2.140907e+06,2.787167e+06,2.432889e-01,7.820819e-01,-8.295651e-01,4.516289e-18,899,3948
8.969773e-09,-5.708505e-03,-1.920344e-02,2.500035e-02,-6.364485e+05,-2.141018e+06,2.787284e+06,2.227254e-03,7.081765e-03,-8.929362e-03,4.516289e-18,899,39467
0.000000e+00,-1.300235e-08,1.808894e-07,2.333435e-07,0.000000e+00,0.000000e+00,0.000000e+00,6.479064e+06,-7.853186e+07,-8.353997e+07,5.836854e-18,900,0
6.815909e-10,-1.962949e-04,2.392541e-03,2.500752e-03,-2.880353e+05,3.510711e+06,3.669327e+06,5.984178e-02,-7.514461e-01,-6.827204e-01,5.836854e-18,900,2999
6.813409e-09,-1.962508e-03,2.391999e-02,2.500077e-02,-2.880417e+05,3.510792e+06,3.669400e+06,5.178567e-04,-7.336359e-03,-6.947964e-03,5.836854e-18,900,29979
0.000000e+00,-7.444647e-09,4.628923e-08,6.162594e-07,0.000000e+00,0.000000e+00,0.000000e+00,4.931415e+05,-7.633832e+06,-3.759668e+07,3.063381e-18,901,0
9.588636e-10,6.473457e-05,5.103689e-04,2.500178e-03,6.773179e+04,5.326731e+05,2.609015e+06,-1.346802e-01,-3.343680e-01,-1.595527e+00,3.063381e-18,901,4219
9.582273e-09,6.489588e-04,5.104188e-03,2.500051e-02,6.775215e+04,5.327237e+05,2.609258e+06,-4.679847e-04,-2.436050e-03,-1.704384e-02,3.063381e-18,901,42162
0.000000e+00,-2.229463e-08,-1.104078e-07,3.751939e-07,0.000000e+00,0.000000e+00,0.000000e+00,4.961927e+06,2.267887e+07,-6.336136e+07,4.641229e-18,902,0
7.770455e-10,-2.344087e-04,-1.025686e-03,2.500237e-03,-3.018299e+05,-1.320657e+06,3.218872e+06,1.645510e-01,7.050560e-01,-1.555532e+00,4.641229e-18,902,3419
7.766818e-09,-2.344248e-03,-1.025728e-02,2.500052e-02,-3.018501e+05,-1.320743e+06,3.219063e+06,1.520171e-03,7.026489e-03,-1.598942e-02,4.641229e-18,902,34174
0.000000e+00,-3.791819e-08,1.125556e-07,6.434489e-07,0.000000e+00,0.000000e+00,0.000000e+00,1.620521e+06,-9.294007e+06,-3.381811e+07,2.868785e-18,903,0
1.022045e-09,-1.799850e-04,7.672162e-04,2.500495e-03,-1.763416e+05,7.512776e+05,2.447840e+06,1.879790e-01,-4.832156e-01,-1.255311e+00,2.868785e-18,903,4497
1.021318e-08,-1.800995e-03,7.672904e-03,2.500047e-02,-1.763719e+05,7.513554e+05,2.448043e+06,1.243600e-03,-3.834595e-03,-1.442440e-02,2.868785e-18,903,44938
0.000000e+00,-1.335729e-07,7.775469e-08,2.639668e-07,0.000000e+00,0.000000e+00,0.000000e+00,5.424402e+07,-3.231488e+07,-8.692788e+07,5.709171e-18,904,0
6.406818e-10,-1.592078e-03,9.506557e-04,2.500218e-03,-2.485424e+06,1.484098e+06,3.902932e+06,7.051832e-01,-4.303326e-01,-9.791528e-01,5.709171e-18,904,2819
6.405455e-09,-1.592032e-02,9.506352e-03,2.500021e-02,-2.485495e+06,1.484142e+06,3.903032e+06,6.930403e-03,-4.303874e-03,-9.998254e-03,5.709171e-18,904,28184
0.000000e+00,1.227994e-08,1.354448e-07,4.130012e-07,0.000000e+00,0.000000e+00,0.000000e+00,-1.436256e+06,-2.444205e+07,-4.888665e+07,4.190249e-18,905,0
8.772727e-10,3.122626e-05,1.292413e-03,2.500121e-03,3.556940e+04,1.474011e+06,2.851146e+06,-2.291059e-03,-7.393781e-01,-1.319839e+00,4.190249e-18,905,3860
8.768409e-09,3.119113e-04,1.292470e-02,2.500010e-02,3.556973e+04,1.474114e+06,2.851330e+06,-2.043906e-04,-7.011326e-03,-1.361963e-02,4.190249e-18,905,38581
0.000000e+00,-1.660825e-07,-1.302565e-07,2.109832e-07,0.000000e+00,0.000000e+00,0.000000e+00,7.445340e+07,5.598347e+07,-6.776163e+07,5.775314e-18,906,0
8.486364e-10,-2.807809e-03,-2.110651e-03,2.500023e-03,-3.308981e+06,-2.487378e+06,2.946084e+06,4.472492e-01,3.351114e-01,-3.178748e-01,5.775314e-18,906,3734
8.485909e-09,-2.807978e-02,-2.110772e-02,2.500034e-02,-3.309041e+06,-2.487423e+06,2.946127e+06,4.250319e-03,3.173213e-03,-3.346263e-03,5.775314e-18,906,37338
0.000000e+00,-9.500120e-08,-6.695046e-08,5.017736e-07,0.000000e+00,0.000000e+00,0.000000e+00,9.118193e+04,1.158886e+07,-6.065133e+07,3.659165e-18,907,0
7.340909e-10,-7.285719e-05,-4.945051e-04,2.500415e-03,-9.923466e+04,-6.739488e+05,3.407486e+06,8.886127e-02,3.814052e-01,-1.888175e+00,3.659165e-18,907,3230
7.336818e-09,-7.281329e-04,-4.944647e-03,2.500031e-02,-9.924494e+04,-6.739930e+05,3.407705e+06,7.754726e-04,3.674944e-03,-1.945341e-02,3.659165e-18,907,32282
0.000000e+00,6.388863e-08,3.054725e-08,4.370512e-07,0.000000e+00,0.000000e+00,0.000000e+00,-1.448472e+07,-5.314848e+06,-5.241701e+07,4.164099e-18,908,0
8.040909e-10,7.745178e-04,2.323987e-04,2.500489e-03,9.638258e+05,2.891586e+05,3.111204e+06,-5.572040e-01,-1.634935e-01,-1.683452e+00,4.164099e-18,908,3538
8.035455e-09,7.744716e-03,2.323534e-03,2.500002e-02,9.638966e+05,2.891793e+05,3.111419e+06,-5.444394e-03,-1.592321e-03,-1.736105e-02,4.164099e-18,908,35356
0.000000e+00,-6.790961e-08,1.609099e-07,2.634072e-07,0.000000e+00,0.000000e+00,0.000000e+00,2.296506e+07,-6.002655e+07,-7.741660e+07,5.511515e-18,909,0
7.093182e-10,-7.581199e-04,1.990111e-03,2.500154e-03,-1.068995e+06,2.806223e+06,3.525204e+06,2.770073e-01,-7.506764e-01,-8.136857e-01,5.511515e-18,909,3121
7.091818e-09,-7.581141e-03,1.990128e-02,2.500025e-02,-1.069026e+06,2.806308e+06,3.525295e+06,2.714078e-03,-7.314679e-03,-8.312510e-03,5.511515e-18,909,31204
0.000000e+00,-1.254335e-08,2.060683e-07,4.332711e-07,0.000000e+00,0.000000e+00,0.000000e+00,1.295316e+06,-2.882258e+07,-4.036412e+07,3.798689e-18,910,0
1.051136e-09,-6.723865e-05,1.984624e-03,2.500173e-03,-6.397518e+04,1.889119e+06,2.379401e+06,1.521694e-02,-7.750527e-01,-7.887771e-01,3.798689e-18,910,4625
1.050682e-08,-6.721873e-04,1.984854e-02,2.500006e-02,-6.397769e+04,1.889247e+06,2.379533e+06,7.432591e-05,-6.818963e-03,-8.703177e-03,3.798689e-18,910,46230
0.000000e+00,-6.544902e-08,7.853073e-08,2.640751e-07,0.000000e+00,0.000000e+00,0.000000e+00,3.114969e+07,-4.118150e+07,-1.109004e+08,6.154804e-18,911,0
5.145455e-10,-7.113151e-04,9.422946e-04,2.500164e-03,-1.382622e+06,1.831616e+06,4.859532e+06,4.549473e-01,-6.196488e-01,-1.464937e+00,6.154804e-18,911,2264
5.144545e-09,-7.112994e-03,9.422869e-03,2.500025e-02,-1.382659e+06,1.831666e+06,4.859651e+06,4.533443e-03,-6.081744e-03,-1.483822e-02,6.154804e-18,911,22636
0.000000e+00,-1.174087e-07,1.279087e-07,5.072937e-07,0.000000e+00,0.000000e+00,0.000000e+00,1.273078e+07,-1.676347e+07,-3.616174e+07,3.474474e-18,912,0
1.099773e-09,-1.025186e-03,1.265314e-03,2.500373e-03,-9.328260e+05,1.151258e+06,2.274507e+06,4.627393e-01,-5.193229e-01,-8.640232e-01,3.474474e-18,912,4839
1.099136e-08,-1.025298e-02,1.265383e-02,2.500010e-02,-9.329061e+05,1.151348e+06,2.274658e+06,3.776947e-03,-4.257545e-03,-1.006465e-02,3.474474e-18,912,48362
0.000000e+00,3.659739e-08,-1.038931e-07,5.425395e-07,0.000000e+00,0.000000e+00,0.000000e+00,-3.803542e+06,1.195360e+07,-3.990858e+07,3.401362e-18,913,0
9.715909e-10,2.075214e-04,-7.786937e-04,2.500310e-03,2.137828e+05,-8.020256e+05,2.574687e+06,-1.713989e-01,4.863162e-01,-1.276670e+00,3.401362e-18,913,4275
9.710000e-09,2.075833e-03,-7.787661e-03,2.500039e-02,2.138090e+05,-8.021002e+05,2.574883e+06,-1.120246e-03,4.506361e-03,-1.465829e-02,3.401362e-18,913,42724
0.000000e+00,4.006628e-08,-2.034517e-08,2.613524e-07,0.000000e+00,0.000000e+00,0.000000e+00,-2.735342e+07,1.246896e+07,-1.327738e+08,6.571895e-18,914,0
4.377273e-10,5.212141e-04,-2.363851e-04,2.501143e-03,1.190907e+06,-5.400985e+05,5.714486e+06,-4.413444e-01,1.907749e-01,-1.885837e+00,6.571895e-18,914,1926
4.375000e-09,5.210239e-03,-2.362943e-03,2.500106e-02,1.190938e+06,-5.401117e+05,5.714617e+06,-4.302355e-03,1.716206e-03,-1.903861e-02,6.571895e-18,914,19250
0.000000e+00,-2.800144e-07,-1.059739e-08,3.901660e-07,0.000000e+00,0.000000e+00,0.000000e+00,3.925169e+07,-1.418337e+06,-3.245223e+07,3.738224e-18,915,0
1.391591e-09,-3.372859e-03,1.188875e-04,2.500283e-03,-2.424697e+06,8.549135e+04,1.797023e+06,5.389256e-01,-2.476586e-02,-2.638458e-01,3.738224e-18,915,6123
1.391182e-08,-3.373184e-02,1.189315e-03,2.500002e-02,-2.424814e+06,8.549676e+04,1.797082e+06,4.547942e-03,-2.323672e-04,-3.380757e-03,3.738224e-18,915,61212
0.000000e+00,1.305057e-07,1.538844e-07,6.050646e-07,0.000000e+00,0.000000e+00,0.000000e+00,-1.185950e+07,-1.662467e+07,-3.323568e+07,2.901745e-18,916,0
1.074091e-09,1.006989e-03,1.254762e-03,2.500219e-03,9.382025e+05,1.168954e+06,2.328740e+06,-4.977537e-01,-5.607905e-01,-9.370373e-01,2.901745e-18,916,4726
1.073545e-08,1.007198e-02,1.254921e-02,2.500029e-02,9.382868e+05,1.169049e+06,2.328899e+06,-3.928568e-03,-4.711913e-03,-1.039436e-02,2.901745e-18,916,47236
0.000000e+00,-6.650010e-08,2.482873e-07,4.987675e-07,0.000000e+00,0.000000e+00,0.000000e+00,1.107536e+07,-2.184851e+07,-2.905781e+07,3.265501e-18,917,0
1.327273e-09,-9.942160e-04,2.135690e-03,2.500234e-03,-7.495385e+05,1.610060e+06,1.884403e+06,2.652471e-01,-5.814570e-01,-4.970446e-01,3.265501e-18,917,5840
1.326682e-08,-9.943914e-03,2.136027e-02,2.500018e-02,-7.495939e+05,1.610181e+06,1.884508e+06,2.440574e-03,-5.203644e-03,-6.195017e-03,3.265501e-18,917,58374
0.000000e+00,-1.063090e-07,9.671443e-08,2.766864e-07,0.000000e+00,0.000000e+00,0.000000e+00,3.985044e+07,-3.903348e+07,-8.737861e+07,5.618541e-18,918,0
6.297727e-10,-1.165179e-03,1.143830e-03,2.500409e-03,-1.850525e+06,1.816642e+06,3.970922e+06,5.838548e-01,-5.871343e-01,-1.121432e+00,5.618541e-18,918,2771
6.295909e-09,-1.165078e-02,1.143745e-02,2.500072e-02,-1.850583e+06,1.816701e+06,3.971034e+06,5.703671e-03,-5.801676e-03,-1.144390e-02,5.618541e-18,918,27702
0.000000e+00,-1.433763e-08,-2.658530e-07,4.287262e-07,0.000000e+00,0.000000e+00,0.000000e+00,1.626589e+06,3.596298e+07,-3.366273e+07,3.598090e-18,919,0
1.360455e-09,-1.454842e-04,-3.143600e-03,2.500272e-03,-1.069932e+05,-2.311692e+06,1.838152e+06,3.192318e-02,5.679359e-01,-2.990198e-01,3.598090e-18,919,5986
1.360068e-08,-1.455175e-03,-3.144047e-02,2.500033e-02,-1.070000e+05,-2.311814e+06,1.838217e+06,2.288422e-04,4.844774e-03,-3.851706e-03,3.598090e-18,919,59843
0.000000e+00,-2.528614e-07,-4.798895e-08,4.481089e-07,0.000000e+00,0.000000e+00,0.000000e+00,3.192762e+07,4.672141e+06,-3.579705e+07,3.529797e-18,920,0
1.199773e-09,-2.366662e-03,-4.247916e-04,2.500064e-03,-1.973614e+06,-3.542316e+05,2.084334e+06,6.918349e-01,1.128980e-01,-4.964505e-01,3.529797e-18,920,5279
1.199432e-08,-2.367210e-02,-4.248751e-03,2.500034e-02,-1.973745e+06,-3.542529e+05,2.084428e+06,5.614619e-03,1.055010e-03,-6.210514e-03,3.529797e-18,920,52775
0.000000e+00,9.087596e-08,2.204914e-07,5.193429e-07,0.000000e+00,0.000000e+00,0.000000e+00,-9.834513e+06,-2.291780e+07,-3.309494e+07,3.213250e-18,921,0
1.115000e-09,7.435186e-04,1.845952e-03,2.500188e-03,6.672944e+05,1.656527e+06,2.243148e+06,-3.247870e-01,-6.895541e-01,-7.397109e-01,3.213250e-18,921,4906
1.114500e-08,7.436956e-03,1.846192e-02,2.500005e-02,6.673514e+05,1.656648e+06,2.243279e+06,-2.270887e-03,-5.978402e-03,-8.316519e-03,3.213250e-18,921,49038
0.000000e+00,3.093050e-08,-3.080404e-09,2.588220e-07,0.000000e+00,0.000000e+00,0.000000e+00,-2.211529e+07,-1.400411e+06,-1.366820e+08,6.677017e-18,922,0
4.263636e-10,4.103133e-04,2.712739e-05,2.501306e-03,9.625044e+05,6.365501e+04,5.867163e+06,-3.715475e-01,-3.940984e-02,-1.963534e+00,6.677017e-18,922,1876
4.261136e-09,4.101378e-03,2.712383e-04,2.500096e-02,9.625294e+05,6.365767e+04,5.867295e+06,-3.640630e-03,-3.929167e-04,-1.978731e-02,6.677017e-18,922,18749
0.000000e+00,9.278213e-08,-1.713033e-07,4.937489e-07,0.000000e+00,0.000000e+00,0.000000e+00,-1.408016e+07,1.784110e+07,-3.987491e+07,3.509047e-18,923,0
1.068182e-09,1.043879e-03,-1.214660e-03,2.500048e-03,9.778756e+05,-1.137807e+06,2.341413e+06,-4.532349e-01,5.396020e-01,-8.857093e-01,3.509047e-18,923,4700
1.067727e-08,1.044098e-02,-1.214867e-02,2.500009e-02,9.779519e+05,-1.137898e+06,2.341563e+06,-3.712704e-03,4.687557e-03,-1.006344e-02,3.509047e-18,923,46980
0.000000e+00,-2.053450e-07,-7.350770e-08,2.622121e-07,0.000000e+00,0.000000e+00,0.000000e+00,6.064420e+07,2.405566e+07,-5.663429e+07,5.132464e-18,924,0
9.365909e-10,-2.799917e-03,-1.122536e-03,2.500373e-03,-2.990128e+06,-1.198814e+06,2.670002e+06,6.119509e-01,2.510638e-01,-4.397803e-01,5.132464e-18,924,4121
9.363409e-09,-2.799782e-02,-1.122498e-02,2.500045e-02,-2.990219e+06,-1.198851e+06,2.670068e+06,5.725353e-03,2.366058e-03,-4.629943e-03,5.132464e-18,924,41199
0.000000e+00,-5.970921e-09,-1.129246e-07,1.324847e-07,0.000000e+00,0.000000e+00,0.000000e+00,1.209946e+07,2.156645e+08,-2.367853e+08,9.582277e-18,925,0
2.629545e-10,-1.279138e-04,-2.279666e-03,2.501826e-03,-4.864399e+05,-8.669251e+06,9.514046e+06,4.147217e-02,7.238937e-01,-7.541130e-01,9.582277e-18,925,1157
2.627727e-09,-1.278237e-03,-2.278053e-02,2.500044e-02,-4.864416e+05,-8.669281e+06,9.514077e+06,4.248203e-04,7.229283e-03,-7.561688e-03,9.582277e-18,925,11562
0.000000e+00,-4.250179e-08,-2.267492e-07,3.099650e-07,0.000000e+00,0.000000e+00,0.000000e+00,1.246397e+07,5.239874e+07,-4.824082e+07,4.603793e-18,926,0
1.036591e-09,-7.061206e-04,-2.863869e-03,2.500199e-03,-6.814232e+05,-2.763562e+06,2.412344e+06,1.699989e-01,6.367868e-01,-4.341766e-01,4.603793e-18,926,4561
1.036341e-08,-7.061845e-03,-2.863991e-02,2.500025e-02,-6.814509e+05,-2.763666e+06,2.412416e+06,1.508213e-03,5.718507e-03,-4.770888e-03,4.603793e-18,926,45599
0.000000e+00,2.074650e-07,9.470028e-08,4.343683e-07,0.000000e+00,0.000000e+00,0.000000e+00,-2.731880e+07,-1.196219e+07,-3.998590e+07,3.710904e-18,927,0
1.250682e-09,1.975899e-03,1.212189e-03,2.500137e-03,1.580736e+06,9.698056e+05,1.999639e+06,-5.756438e-01,-3.475838e-01,-5.243481e-01,3.710904e-18,927,5503
1.250227e-08,1.976275e-02,1.212468e-02,2.500022e-02,1.580849e+06,9.698740e+05,1.999743e+06,-4.976434e-03,-3.025087e-03,-6.352547e-03,3.710904e-18,927,55010
0.000000e+00,6.910738e-08,-1.907885e-07,3.155556e-07,0.000000e+00,0.000000e+00,0.000000e+00,-7.331430e+06,5.891915e+07,-8.101926e+07,4.768924e-18,928,0
6.795455e-10,2.416342e-04,-1.865134e-03,2.500457e-03,3.555909e+05,-2.745214e+06,3.680088e+06,-1.064452e-01,8.348970e-01,-9.738617e-01,4.768924e-18,928,2990
6.793409e-09,2.415726e-03,-1.864945e-02,2.500054e-02,3.556023e+05,-2.745304e+06,3.680192e+06,-1.150569e-03,8.110906e-03,-9.998354e-03,4.768924e-18,928,29891
0.000000e+00,1.102726e-07,5.659942e-09,3.238590e-07,0.000000e+00,0.000000e+00,0.000000e+00,-3.408990e+07,-5.111878e+06,-7.600831e+07,5.205580e-18,929,0
6.625000e-10,1.158848e-03,1.775250e-04,2.500780e-03,1.749773e+06,2.680763e+05,3.775728e+06,-7.396293e-01,-1.246011e-01,-1.476659e+00,5.205580e-18,929,2915
6.621364e-09,1.158589e-02,1.775020e-03,2.500059e-02,1.749850e+06,2.680894e+05,3.775883e+06,-7.253229e-03,-1.091298e-03,-1.502707e-02,5.205580e-18,929,29134
0.000000e+00,-1.746940e-07,9.345008e-08,4.384173e-07,0.000000e+00,0.000000e+00,0.000000e+00,2.555627e+07,-9.826051e+06,-4.485159e+07,3.817695e-18,930,0
9.568182e-10,-1.579447e-03,6.491179e-04,2.500591e-03,-1.651639e+06,6.787852e+05,2.614458e+06,7.601322e-01,-3.225548e-01,-1.012956e+00,3.817695e-18,930,4210
9.562273e-09,-1.579337e-02,6.490720e-03,2.500028e-02,-1.651754e+06,6.788339e+05,2.614612e+06,7.116505e-03,-2.962875e-03,-1.067362e-02,3.817695e-18,930,42074
0.000000e+00,1.368610e-07,1.517330e-07,5.499887e-07,0.000000e+00,0.000000e+00,0.000000e+00,-1.719469e+07,-1.571634e+07,-3.367907e+07,3.150948e-18,931,0
1.164773e-09,1.480645e-03,1.314059e-03,2.500362e-03,1.272028e+06,1.128835e+06,2.147383e+06,-5.460167e-01,-4.587480e-01,-6.691766e-01,3.150948e-18,931,5125
1.164205e-08,1.480890e-02,1.314190e-02,2.500015e-02,1.272128e+06,1.128919e+06,2.147507e+06,-4.646121e-03,-3.911627e-03,-7.909751e-03,3.150948e-18,931,51225
0.000000e+00,-7.098323e-08,-3.918799e-08,1.995546e-07,0.000000e+00,0.000000e+00,0.000000e+00,7.626683e+07,4.255028e+07,-1.872041e+08,7.905019e-18,932,0
3.268182e-10,-1.021635e-03,-5.699111e-04,2.501132e-03,-3.126072e+06,-1.743856e+06,7.653006e+06,6.478306e-01,3.606245e-01,-1.457098e+00,7.905019e-18,932,1438
3.266818e-09,-1.021237e-02,-5.696893e-03,2.500115e-02,-3.126105e+06,-1.743875e+06,7.653082e+06,6.420146e-03,3.542110e-03,-1.463928e-02,7.905019e-18,932,14374
0.000000e+00,8.720470e-08,-1.348911e-07,3.573906e-07,0.000000e+00,0.000000e+00,0.000000e+00,-1.925463e+07,2.716071e+07,-6.086093e+07,4.613755e-18,933,0
7.731818e-10,8.461030e-04,-1.178215e-03,2.500466e-03,1.094763e+06,-1.524439e+06,3.234966e+06,-4.804192e-01,6.491948e-01,-1.224545e+00,4.613755e-18,933,3402
7.728182e-09,8.460520e-03,-1.178114e-02,2.500052e-02,1.094822e+06,-1.524518e+06,3.235116e+06,-4.444725e-03,6.206785e-03,-1.270284e-02,4.613755e-18,933,34004
0.000000e+00,-1.073970e-07,-9.034005e-09,5.717841e-07,0.000000e+00,0.000000e+00,0.000000e+00,9.717086e+06,1.651342e+06,-3.952230e+07,3.248933e-18,934,0
9.793182e-10,-7.002640e-04,-1.876117e-04,2.500289e-03,-7.155862e+05,-1.917999e+05,2.554421e+06,4.482450e-01,1.424083e-01,-1.352987e+00,3.248933e-18,934,4309
9.787045e-09,-7.003457e-03,-1.877093e-03,2.500046e-02,-7.156555e+05,-1.918219e+05,2.554631e+06,3.731888e-03,1.429253e-03,-1.507193e-02,3.248933e-18,934,43063
0.000000e+00,1.505342e-08,4.551657e-08,6.280741e-07,0.000000e+00,0.000000e+00,0.000000e+00,-5.164444e+06,-4.483310e+06,-3.619742e+07,3.001187e-18,935,0
9.729545e-10,3.124247e-04,3.516993e-04,2.500341e-03,3.213995e+05,3.617564e+05,2.571400e+06,-2.260109e-01,-2.304492e-01,-1.540438e+00,3.001187e-18,935,4281
9.722273e-09,3.124702e-03,3.517077e-03,2.500005e-02,3.214342e+05,3.617917e+05,2.571638e+06,-1.996038e-03,-1.706803e-03,-1.655640e-02,3.001187e-18,935,42778
0.000000e+00,1.642768e-07,-1.386832e-07,5.877974e-07,0.000000e+00,0.000000e+00,0.000000e+00,-1.863828e+07,9.463094e+06,-3.392052e+07,2.956477e-18,936,0
1.095000e-09,1.444296e-03,-7.848723e-04,2.500488e-03,1.319913e+06,-7.172936e+05,2.284443e+06,-6.658401e-01,3.994782e-01,-8.450959e-01,2.956477e-18,936,4818
1.094364e-08,1.444457e-02,-7.849799e-03,2.500033e-02,1.320027e+06,-7.173626e+05,2.284589e+06,-5.489822e-03,3.222320e-03,-9.813406e-03,2.956477e-18,936,48152
0.000000e+00,-6.649585e-08,-2.367370e-07,5.280233e-07,0.000000e+00,0.000000e+00,0.000000e+00,6.092415e+06,2.448586e+07,-3.462541e+07,3.159514e-18,937,0
1.183864e-09,-4.511881e-04,-1.971732e-03,2.500226e-03,-3.813348e+05,-1.666471e+06,2.112619e+06,1.619498e-01,6.656473e-01,-6.313583e-01,3.159514e-18,937,5209
1.183364e-08,-4.512583e-03,-1.972037e-02,2.500018e-02,-3.813649e+05,-1.666596e+06,2.112738e+06,1.199036e-03,5.706246e-03,-7.669069e-03,3.159514e-18,937,52068
0.000000e+00,2.670736e-09,-8.558151e-08,3.230480e-07,0.000000e+00,0.000000e+00,0.000000e+00,2.191924e+06,3.167074e+07,-8.207527e+07,5.348825e-18,938,0
6.236364e-10,-6.543451e-05,-9.916363e-04,2.500272e-03,-1.049743e+05,-1.590598e+06,4.010164e+06,5.423072e-02,6.991681e-01,-1.623811e+00,5.348825e-18,938,2744
6.234318e-09,-6.544369e-04,-9.916294e-03,2.500077e-02,-1.049797e+05,-1.590667e+06,4.010324e+06,4.110796e-04,6.846077e-03,-1.647539e-02,5.348825e-18,938,27431
0.000000e+00,-9.599856e-08,5.919552e-08,3.990444e-07,0.000000e+00,0.000000e+00,0.000000e+00,1.634746e+07,-1.183858e+07,-5.594951e+07,4.392911e-18,939,0
7.797727e-10,-7.186096e-04,5.192792e-04,2.500082e-03,-9.220310e+05,6.663085e+05,3.207567e+06,5.118391e-01,-3.938754e-01,-1.629709e+00,4.392911e-18,939,3431
7.794091e-09,-7.186394e-03,5.193260e-03,2.500015e-02,-9.220940e+05,6.663570e+05,3.207768e+06,4.947223e-03,-3.791531e-03,-1.671013e-02,4.392911e-18,939,34294
0.000000e+00,-4.560764e-09,-4.379048e-08,5.277110e-07,0.000000e+00,0.000000e+00,0.000000e+00,-5.531138e+05,1.280694e+06,-4.289788e+07,3.561723e-18,940,0
9.118182e-10,-1.685633e-05,-1.448927e-04,2.500171e-03,-1.853842e+04,-1.589733e+05,2.743531e+06,4.140220e-02,5.888212e-02,-1.627032e+00,3.561723e-18,940,4012
9.112500e-09,-1.689244e-04,-1.448640e-03,2.500059e-02,-1.854433e+04,-1.589819e+05,2.743766e+06,1.515444e-04,1.303447e-03,-1.797255e-02,3.561723e-18,940,40095
0.000000e+00,-1.847325e-07,-1.699236e-07,4.990478e-07,0.000000e+00,0.000000e+00,0.000000e+00,2.035842e+07,2.056904e+07,-3.451068e+07,3.289419e-18,941,0
1.181591e-09,-1.729373e-03,-1.556756e-03,2.500198e-03,-1.464390e+06,-1.318149e+06,2.116551e+06,5.170627e-01,4.482912e-01,-5.469333e-01,3.289419e-18,941,5199
1.181159e-08,-1.729668e-02,-1.556941e-02,2.500003e-02,-1.464486e+06,-1.318232e+06,2.116654e+06,4.200697e-03,3.911135e-03,-6.506814e-03,3.289419e-18,941,51971
0.000000e+00,-1.636835e-07,1.783994e-07,2.521435e-07,0.000000e+00,0.000000e+00,0.000000e+00,4.725954e+07,-4.920379e+07,-5.098803e+07,4.968337e-18,942,0
1.048636e-09,-2.428464e-03,2.525984e-03,2.500168e-03,-2.316298e+06,2.409301e+06,2.384465e+06,3.918390e-01,-4.032480e-01,-3.067279e-01,4.968337e-18,942,4614
1.048455e-08,-2.428535e-02,2.526045e-02,2.500016e-02,-2.316363e+06,2.409367e+06,2.384516e+06,3.474121e-03,-3.614037e-03,-3.277201e-03,4.968337e-18,942,46132
0.000000e+00,2.669494e-07,5.151151e-08,4.458411e-07,0.000000e+00,0.000000e+00,0.000000e+00,-6.931131e+07,7.731405e+07,-6.041659e+07,3.492184e-18,943,0
9.479545e-10,2.886338e-03,-3.139244e-03,2.500125e-03,3.044951e+06,-3.312091e+06,2.637222e+06,-2.985510e-01,3.275038e-01,-2.023804e-01,3.492184e-18,943,4171
9.479545e-09,2.886493e-02,-3.139699e-02,2.500004e-02,3.044996e+06,-3.312140e+06,2.637252e+06,-2.755626e-03,3.008843e-03,-2.147160e-03,3.492184e-18,943,41710
0.000000e+00,1.725790e-07,-1.789423e-07,2.832498e-07,0.000000e+00,0.000000e+00,0.000000e+00,-4.289874e+07,4.375879e+07,-4.734957e+07,4.665794e-18,944,0
1.103864e-09,2.422764e-03,-2.451723e-03,2.500221e-03,2.195333e+06,-2.221547e+06,2.265232e+06,-4.079861e-01,3.982180e-01,-2.998983e-01,4.665794e-18,944,4857
1.103636e-08,2.422850e-02,-2.451780e-02,2.500007e-02,2.195404e+06,-2.221616e+06,2.265284e+06,-3.428245e-03,3.514332e-03,-3.362486e-03,4.665794e-18,944,48560
0.000000e+00,7.038226e-08,-3.446161e-08,1.923788e-07,0.000000e+00,0.000000e+00,0.000000e+00,-8.363237e+07,4.241539e+07,-2.005198e+08,8.175630e-18,945,0
3.063636e-10,1.045078e-03,-5.299988e-04,2.500911e-03,3.411271e+06,-1.729990e+06,8.163176e+06,-6.536808e-01,3.329276e-01,-1.453087e+00,8.175630e-18,945,1348
3.062727e-09,1.044785e-02,-5.298518e-03,2.500175e-02,3.411303e+06,-1.730007e+06,8.163247e+06,-6.511070e-03,3.311991e-03,-1.458596e-02,8.175630e-18,945,13476
0.000000e+00,1.212257e-07,-8.785368e-08,5.604465e-07,0.000000e+00,0.000000e+00,0.000000e+00,-1.841387e+07,9.348272e+06,-3.426970e+07,3.229497e-18,946,0
1.116364e-09,1.391468e-03,-6.613083e-04,2.500491e-03,1.247305e+06,-5.927158e+05,2.240743e+06,-6.123917e-01,2.598627e-01,-8.210507e-01,3.229497e-18,946,4912
1.115705e-08,1.391616e-02,-6.612959e-03,2.500028e-02,1.247413e+06,-5.927615e+05,2.240889e+06,-5.345547e-03,2.494486e-03,-1.005667e-02,3.229497e-18,946,49091
0.000000e+00,-6.403794e-08,2.580584e-07,5.215427e-07,0.000000e+00,0.000000e+00,0.000000e+00,8.606960e+06,-2.680409e+07,-3.380032e+07,3.129491e-18,947,0
1.177727e-09,-7.097187e-04,2.172833e-03,2.500256e-03,-6.029505e+05,1.845909e+06,2.123558e+06,2.187494e-01,-6.730774e-01,-5.689035e-01,3.129491e-18,947,5182
1.177273e-08,-7.098336e-03,2.173134e-02,2.500028e-02,-6.029911e+05,1.846034e+06,2.123664e+06,1.891964e-03,-5.508050e-03,-6.692037e-03,3.129491e-18,947,51800
0.000000e+00,-7.582059e-08,3.902135e-09,1.277009e-07,0.000000e+00,0.000000e+00,0.000000e+00,2.307198e+08,-1.186972e+07,-3.716258e+08,1.117905e-17,948,0
1.681818e-10,-1.553380e-03,7.993494e-05,2.501780e-03,-9.236021e+06,4.752744e+05,1.487493e+07,7.456251e-01,-4.136316e-02,-1.161084e+00,1.117905e-17,948,740
1.680682e-09,-1.552289e-02,7.987888e-04,2.500015e-02,-9.236041e+06,4.752755e+05,1.487496e+07,7.443017e-03,-3.998164e-04,-1.163656e-02,1.117905e-17,948,7395
0.000000e+00,-1.464938e-07,-8.730398e-08,3.196749e-07,0.000000e+00,0.000000e+00,0.000000e+00,4.354172e+07,2.022397e+07,-5.885067e+07,4.930532e-18,949,0
8.354545e-10,-1.937016e-03,-9.004065e-04,2.500638e-03,-2.319283e+06,-1.078071e+06,2.993801e+06,7.395687e-01,3.369265e-01,-8.075705e-01,4.930532e-18,949,3676
8.350682e-09,-1.936757e-02,-9.002631e-03,2.500040e-02,-2.319381e+06,-1.078115e+06,2.993908e+06,7.031941e-03,3.223798e-03,-8.368600e-03,4.930532e-18,949,36743
0.000000e+00,-6.120515e-08,2.640832e-07,5.001932e-07,0.000000e+00,0.000000e+00,0.000000e+00,5.732364e+06,-3.344199e+07,-2.836607e+07,3.211344e-18,950,0
1.369545e-09,-6.497150e-04,2.976771e-03,2.500192e-03,-4.746325e+05,2.174511e+06,1.825954e+06,1.267387e-01,-5.521107e-01,-3.349516e-01,3.211344e-18,950,6026
1.369136e-08,-6.498329e-03,2.977191e-02,2.500001e-02,-4.746598e+05,2.174629e+06,1.826027e+06,1.168548e-03,-4.818427e-03,-4.142960e-03,3.211344e-18,950,60242
0.000000e+00,3.219919e-08,2.123378e-07,4.946770e-07,0.000000e+00,0.000000e+00,0.000000e+00,-4.693357e+06,-2.247647e+07,-3.342768e+07,3.413650e-18,951,0
1.175227e-09,3.434382e-04,1.835670e-03,2.500438e-03,2.923750e+05,1.562959e+06,2.128498e+06,-9.830801e-02,-6.740103e-01,-7.264397e-01,3.413650e-18,951,5171
1.174545e-08,3.434068e-03,1.835759e-02,2.500032e-02,2.923932e+05,1.563083e+06,2.128633e+06,-8.849870e-04,-5.849332e-03,-8.562504e-03,3.413650e-18,951,51680
0.000000e+00,-1.349256e-07,-4.788729e-08,4.751972e-07,0.000000e+00,0.000000e+00,0.000000e+00,1.916856e+07,5.055517e+06,-4.246893e+07,3.755282e-18,952,0
9.688636e-10,-1.204305e-03,-3.626079e-04,2.500266e-03,-1.243847e+06,-3.744892e+05,2.581858e+06,6.961269e-01,1.954427e-01,-1.202801e+00,3.755282e-18,952,4263
9.682955e-09,-1.204407e-02,-3.626156e-03,2.500014e-02,-1.243953e+06,-3.745191e+05,2.582043e+06,6.093107e-03,1.930068e-03,-1.296821e-02,3.755282e-18,952,42605
0.000000e+00,-1.487795e-07,-9.747900e-08,3.443931e-07,0.000000e+00,0.000000e+00,0.000000e+00,3.661610e+07,2.563293e+07,-5.357844e+07,4.647761e-18,953,0
8.947727e-10,-1.813363e-03,-1.291326e-03,2.500013e-03,-2.027336e+06,-1.443716e+06,2.794659e+06,6.458247e-01,4.622342e-01,-7.392456e-01,4.647761e-18,953,3937
8.945682e-09,-1.813587e-02,-1.291499e-02,2.500025e-02,-2.027427e+06,-1.443781e+06,2.794763e+06,6.061819e-03,4.393485e-03,-7.760311e-03,4.647761e-18,953,39361
0.000000e+00,1.500812e-07,-7.028628e-08,6.337653e-07,0.000000e+00,0.000000e+00,0.000000e+00,-1.351560e+07,5.165285e+06,-3.405867e+07,2.832314e-18,954,0
1.047045e-09,1.107012e-03,-4.732617e-04,2.500491e-03,1.058035e+06,-4.523167e+05,2.389239e+06,-5.794887e-01,2.339629e-01,-1.080308e+00,2.832314e-18,954,4607
1.046364e-08,1.107084e-02,-4.732845e-03,2.500037e-02,1.058130e+06,-4.523553e+05,2.389418e+06,-4.648226e-03,2.030217e-03,-1.232755e-02,2.832314e-18,954,46040
0.000000e+00,2.718245e-08,2.026245e-07,3.626365e-07,0.000000e+00,0.000000e+00,0.000000e+00,-6.417553e+06,-4.034179e+07,-4.641954e+07,4.300870e-18,955,0
1.007500e-09,3.912755e-04,2.394218e-03,2.500396e-03,3.885400e+05,2.377352e+06,2.482395e+06,-1.335928e-01,-7.498437e-01,-6.209527e-01,4.300870e-18,955,4433
1.007091e-08,3.912932e-03,2.394203e-02,2.500010e-02,3.885613e+05,2.377471e+06,2.482494e+06,-1.192627e-03,-6.845323e-03,-6.607602e-03,4.300870e-18,955,44312
0.000000e+00,-3.809234e-08,3.722718e-08,5.109962e-07,0.000000e+00,0.000000e+00,0.000000e+00,3.190875e+05,-9.488671e+06,-4.047021e+07,3.656603e-18,956,0
9.865909e-10,-8.230711e-05,5.794233e-04,2.500366e-03,-8.359129e+04,5.877910e+05,2.535746e+06,1.395389e-01,-4.163341e-01,-1.346921e+00,3.656603e-18,956,4341
9.859091e-09,-8.241303e-04,5.795075e-03,2.500032e-02,-8.361299e+04,5.878557e+05,2.535957e+06,7.822167e-04,-2.535616e-03,-1.583213e-02,3.656603e-18,956,43380
0.000000e+00,2.194594e-07,1.038994e-07,2.741988e-07,0.000000e+00,0.000000e+00,0.000000e+00,-5.845630e+07,-2.607594e+07,-4.706570e+07,4.766986e-18,957,0
1.113636e-09,3.265624e-03,1.459708e-03,2.500089e-03,2.933042e+06,1.311042e+06,2.245222e+06,-4.954209e-01,-2.215588e-01,-2.818778e-01,4.766986e-18,957,4900
1.113477e-08,3.265876e-02,1.459816e-02,2.500018e-02,2.933129e+06,1.311081e+06,2.245272e+06,-4.294357e-03,-1.932543e-03,-3.075695e-03,4.766986e-18,957,48993
0.000000e+00,-2.032472e-07,1.497284e-07,3.326296e-07,0.000000e+00,0.000000e+00,0.000000e+00,3.717911e+07,-2.899621e+07,-3.964177e+07,4.252509e-18,958,0
1.210909e-09,-2.571363e-03,2.132378e-03,2.500333e-03,-2.124181e+06,1.761578e+06,2.065189e+06,4.512262e-01,-3.811413e-01,-3.225755e-01,4.252509e-18,958,5328
1.210545e-08,-2.571413e-02,2.132462e-02,2.500019e-02,-2.124267e+06,1.761650e+06,2.065251e+06,3.893647e-03,-3.199409e-03,-3.617993e-03,4.252509e-18,958,53264
0.000000e+00,-1.839252e-07,2.078523e-07,4.835602e-07,0.000000e+00,0.000000e+00,0.000000e+00,1.934752e+07,-2.408792e+07,-3.389226e+07,3.265159e-18,959,0
1.199545e-09,-1.562869e-03,1.956813e-03,2.500257e-03,-1.303524e+06,1.632096e+06,2.084924e+06,4.333229e-01,-5.317339e-01,-5.230052e-01,3.265159e-18,959,5278
1.199091e-08,-1.563040e-02,1.957025e-02,2.500032e-02,-1.303606e+06,1.632196e+06,2.085024e+06,3.528838e-03,-4.356704e-03,-6.167884e-03,3.265159e-18,959,52760
0.000000e+00,-1.058525e-07,3.535233e-08,2.530668e-07,0.000000e+00,0.000000e+00,0.000000e+00,5.650685e+07,-1.792072e+07,-1.134831e+08,6.283477e-18,960,0
5.084091e-10,-1.260138e-03,3.998696e-04,2.500870e-03,-2.478928e+06,7.866143e+05,4.919490e+06,7.551231e-01,-2.374370e-01,-1.357170e+00,6.283477e-18,960,2237
5.081818e-09,-1.259752e-02,3.997451e-03,2.500012e-02,-2.478988e+06,7.866334e+05,4.919599e+06,7.467482e-03,-2.373727e-03,-1.376036e-02,6.283477e-18,960,22360
0.000000e+00,1.703806e-08,-1.832765e-07,5.048172e-07,0.000000e+00,0.000000e+00,0.000000e+00,-5.008235e+05,2.418698e+07,-3.774312e+07,3.469796e-18,961,0
1.072727e-09,9.083592e-05,-1.646247e-03,2.500297e-03,8.473638e+04,-1.535606e+06,2.331676e+06,-4.303181e-02,7.342741e-01,-8.399894e-01,3.469796e-18,961,4720
1.072205e-08,9.085423e-04,-1.646479e-02,2.500052e-02,8.474363e+04,-1.535730e+06,2.331819e+06,-2.692880e-04,5.974451e-03,-9.789084e-03,3.469796e-18,961,47177
0.000000e+00,9.728554e-08,4.568602e-08,3.468669e-07,0.000000e+00,0.000000e+00,0.000000e+00,-2.428553e+07,-1.547836e+07,-6.931455e+07,4.932600e-18,962,0
6.925000e-10,9.230542e-04,5.914965e-04,2.500447e-03,1.333449e+06,8.545253e+05,3.611843e+06,-6.281676e-01,-4.288354e-01,-1.524927e+00,4.932600e-18,962,3047
6.921818e-09,9.229888e-03,5.914849e-03,2.500063e-02,1.333518e+06,8.545722e+05,3.612010e+06,-6.268064e-03,-4.116020e-03,-1.551040e-02,4.932600e-18,962,30456
0.000000e+00,-2.904056e-09,5.061473e-08,2.644762e-07,0.000000e+00,0.000000e+00,0.000000e+00,2.145517e+06,-3.346563e+07,-1.305105e+08,6.467807e-18,963,0
4.450000e-10,-4.172158e-05,6.496832e-04,2.500447e-03,-9.377331e+04,1.460186e+06,5.619519e+06,3.837062e-02,-5.408396e-01,-1.818233e+00,6.467807e-18,963,1958
4.448864e-09,-4.171861e-04,6.496193e-03,2.500066e-02,-9.377601e+04,1.460224e+06,5.619646e+06,2.297881e-04,-5.269367e-03,-1.838819e-02,6.467807e-18,963,19575
0.000000e+00,-2.030031e-07,-9.582882e-08,5.261872e-07,0.000000e+00,0.000000e+00,0.000000e+00,2.344840e+07,8.594605e+06,-3.891787e+07,3.238234e-18,964,0
1.046136e-09,-1.655423e-03,-5.866527e-04,2.500440e-03,-1.583366e+06,-5.610874e+05,2.391041e+06,7.393436e-01,2.583729e-01,-8.642937e-01,3.238234e-18,964,4603
1.045568e-08,-1.655513e-02,-5.866562e-03,2.500016e-02,-1.583488e+06,-5.611300e+05,2.391185e+06,6.499309e-03,2.348608e-03,-9.602975e-03,3.238234e-18,964,46005
0.000000e+00,1.898242e-07,-9.291811e-08,4.703414e-07,0.000000e+00,0.000000e+00,0.000000e+00,-2.576938e+07,7.729088e+06,-4.217923e+07,3.582154e-18,965,0
9.870455e-10,1.559052e-03,-4.795741e-04,2.500339e-03,1.580447e+06,-4.860887e+05,2.534198e+06,-7.853968e-01,2.038780e-01,-1.019864e+00,3.582154e-18,965,4343
9.865000e-09,1.559109e-02,-4.795281e-03,2.500000e-02,1.580570e+06,-4.861205e+05,2.534358e+06,-6.842529e-03,2.010211e-03,-1.099286e-02,3.582154e-18,965,43406
0.000000e+00,1.368409e-07,-1.307121e-07,1.995446e-07,0.000000e+00,0.000000e+00,0.000000e+00,-7.120211e+07,6.682608e+07,-8.489242e+07,6.236366e-18,966,0
6.868182e-10,2.122300e-03,-1.993193e-03,2.500194e-03,3.090336e+06,-2.902334e+06,3.640464e+06,-4.895865e-01,4.559786e-01,-4.976854e-01,6.236366e-18,966,3022
6.867273e-09,2.122225e-02,-1.993119e-02,2.500019e-02,3.090389e+06,-2.902383e+06,3.640518e+06,-4.758551e-03,4.424067e-03,-5.092245e-03,6.236366e-18,966,30216
0.000000e+00,-8.465459e-08,-7.304225e-08,2.499552e-07,0.000000e+00,0.000000e+00,0.000000e+00,4.553932e+07,3.738188e+07,-1.134382e+08,6.346784e-18,967,0
5.077273e-10,-1.016087e-03,-8.325717e-04,2.500686e-03,-2.001525e+06,-1.640015e+06,4.925753e+06,6.160332e-01,4.945066e-01,-1.378270e+00,6.346784e-18,967,2234
5.075455e-09,-1.015870e-02,-8.323863e-03,2.500060e-02,-2.001575e+06,-1.640055e+06,4.925864e+06,6.060823e-03,4.846193e-03,-1.391914e-02,6.346784e-18,967,22332
0.000000e+00,5.911242e-08,-1.991634e-07,4.168960e-07,0.000000e+00,0.000000e+00,0.000000e+00,-6.618903e+06,2.991278e+07,-4.084782e+07,3.933250e-18,968,0
1.084091e-09,5.180864e-04,-2.079217e-03,2.500077e-03,4.781607e+05,-1.918978e+06,2.306874e+06,-1.847886e-01,7.511041e-01,-6.673775e-01,3.933250e-18,968,4770
1.083727e-08,5.181929e-03,-2.079639e-02,2.500036e-02,4.781922e+05,-1.919106e+06,2.306989e+06,-1.653825e-03,6.232036e-03,-7.696573e-03,3.933250e-18,968,47684
0.000000e+00,7.983060e-08,1.775741e-07,4.143861e-07,0.000000e+00,0.000000e+00,0.000000e+00,-1.214003e+07,-2.669310e+07,-4.280684e+07,3.960918e-18,969,0
1.021364e-09,8.887483e-04,1.716854e-03,2.500493e-03,8.706620e+05,1.681878e+06,2.449129e+06,-3.663401e-01,-7.216476e-01,-8.650976e-01,3.960918e-18,969,4494
1.020773e-08,8.887415e-03,1.716808e-02,2.500015e-02,8.707210e+05,1.681994e+06,2.449269e+06,-3.317972e-03,-6.175718e-03,-9.123932e-03,3.960918e-18,969,44914
0.000000e+00,-4.375170e-08,-1.455206e-07,3.422252e-07,0.000000e+00,0.000000e+00,0.000000e+00,9.109052e+06,3.250520e+07,-5.964679e+07,4.810006e-18,970,0
7.759091e-10,-3.835625e-04,-1.391792e-03,2.500164e-03,-4.945339e+05,-1.794465e+06,3.223304e+06,2.164258e-01,7.640796e-01,-1.275146e+00,4.810006e-18,970,3414
7.756136e-09,-3.835675e-03,-1.391810e-02,2.500046e-02,-4.945604e+05,-1.794558e+06,3.223460e+06,2.027854e-03,7.434934e-03,-1.317277e-02,4.810006e-18,970,34127
0.000000e+00,-1.380770e-07,-1.117964e-07,3.995792e-07,0.000000e+00,0.000000e+00,0.000000e+00,2.397252e+07,1.992541e+07,-4.603213e+07,4.185734e-18,971,0
9.713636e-10,-1.466773e-03,-1.215971e-03,2.500223e-03,-1.510786e+06,-1.252439e+06,2.574847e+06,6.209367e-01,4.933892e-01,-9.032601e-01,4.185734e-18,971,4274
9.709318e-09,-1.466864e-02,-1.216027e-02,2.500012e-02,-1.510881e+06,-1.252515e+06,2.574986e+06,5.551641e-03,4.505954e-03,-9.587703e-03,4.185734e-18,971,42721
0.000000e+00,-6.162511e-08,-6.807666e-08,4.625536e-07,0.000000e+00,0.000000e+00,0.000000e+00,7.681217e+07,-2.559213e+07,-1.054987e+07,3.977678e-18,972,0
3.534318e-09,-1.348191e-02,4.272711e-03,2.500145e-03,-3.814874e+06,1.209038e+06,7.073147e+05,4.991004e-02,-1.587485e-02,-5.431821e-03,3.977678e-18,972,15551
2.272727e-08,-8.670100e-02,2.747784e-02,1.607565e-02,-3.814900e+06,1.209046e+06,7.073179e+05,1.101598e-03,-3.486949e-04,-2.039410e-04,3.977678e-18,972,100000
0.000000e+00,2.354574e-07,-9.255335e-09,5.427428e-07,0.000000e+00,0.000000e+00,0.000000e+00,-2.226426e+07,2.327518e+06,-3.239018e+07,3.123256e-18,973,0
1.141818e-09,1.884670e-03,-1.737416e-04,2.500393e-03,1.651616e+06,-1.522633e+05,2.190636e+06,-7.209709e-01,6.036084e-02,-7.186954e-01,3.123256e-18,973,5024
1.141227e-08,1.884862e-02,-1.737647e-03,2.500032e-02,1.651746e+06,-1.522741e+05,2.190766e+06,-5.900868e-03,5.749412e-04,-8.323554e-03,3.123256e-18,973,50214
0.000000e+00,-2.177115e-07,7.401396e-08,4.563954e-07,0.000000e+00,0.000000e+00,0.000000e+00,3.036392e+07,-1.017152e+07,-3.812169e+07,3.582058e-18,974,0
1.130455e-09,-2.169554e-03,7.256764e-04,2.500213e-03,-1.920154e+06,6.422838e+05,2.212326e+06,6.794242e-01,-2.508454e-01,-5.936333e-01,3.582058e-18,974,4974
1.130045e-08,-2.169854e-02,7.258079e-03,2.500046e-02,-1.920275e+06,6.423285e+05,2.212432e+06,5.881638e-03,-1.743959e-03,-6.724051e-03,3.582058e-18,974,49722
0.000000e+00,-1.310115e-07,2.067781e-07,3.650509e-07,0.000000e+00,0.000000e+00,0.000000e+00,2.198090e+07,-3.000927e+07,-4.080495e+07,4.079120e-18,975,0
1.116364e-09,-1.503336e-03,2.103991e-03,2.500309e-03,-1.347226e+06,1.885514e+06,2.240286e+06,4.133162e-01,-5.891895e-01,-5.304750e-01,4.079120e-18,975,4912
1.115932e-08,-1.503407e-02,2.104098e-02,2.500018e-02,-1.347299e+06,1.885618e+06,2.240380e+06,3.523298e-03,-4.980829e-03,-5.886660e-03,4.079120e-18,975,49101
0.000000e+00,5.401069e-09,-5.601585e-08,3.776792e-07,0.000000e+00,0.000000e+00,0.000000e+00,-2.885787e+06,1.114974e+07,-7.090963e+07,4.763345e-18,976,0
6.638636e-10,9.412688e-05,-4.434700e-04,2.500595e-03,1.418406e+05,-6.683083e+05,3.768040e+06,-6.277130e-02,3.720716e-01,-1.895425e+00,4.763345e-18,976,2921
6.634773e-09,9.410768e-04,-4.434071e-03,2.500020e-02,1.418472e+05,-6.683473e+05,3.768239e+06,-8.981720e-04,3.497165e-03,-1.967606e-02,4.763345e-18,976,29193
0.000000e+00,-7.048137e-08,-6.394981e-08,1.355535e-07,0.000000e+00,0.000000e+00,0.000000e+00,1.601531e+08,1.471092e+08,-2.850896e+08,1.006808e-17,977,0
2.186364e-10,-1.404846e-03,-1.290469e-03,2.500055e-03,-6.425324e+06,-5.902205e+06,1.143441e+07,5.548175e-01,5.135721e-01,-9.407697e-01,1.006808e-17,977,962
2.186591e-09,-1.404962e-02,-1.290577e-02,2.500250e-02,-6.425343e+06,-5.902223e+06,1.143444e+07,5.547701e-03,5.116656e-03,-9.445636e-03,1.006808e-17,977,9621
0.000000e+00,8.081301e-08,-1.693781e-07,3.280657e-07,0.000000e+00,0.000000e+00,0.000000e+00,-1.990234e+07,3.982576e+07,-5.761191e+07,4.744138e-18,978,0
8.393182e-10,8.956257e-04,-1.836025e-03,2.500083e-03,1.067437e+06,-2.188276e+06,2.979420e+06,-3.480982e-01,7.458931e-01,-8.578103e-01,4.744138e-18,978,3693
8.390909e-09,8.956759e-03,-1.836160e-02,2.500016e-02,1.067483e+06,-2.188374e+06,2.979534e+06,-3.372499e-03,7.096247e-03,-8.905089e-03,4.744138e-18,978,36920
0.000000e+00,-8.753588e-08,-1.961334e-07,5.945216e-07,0.000000e+00,0.000000e+00,0.000000e+00,6.742516e+06,1.727348e+07,-3.505186e+07,2.928718e-18,979,0
1.045909e-09,-4.651967e-04,-1.326117e-03,2.500324e-03,-4.450426e+05,-1.268773e+06,2.391637e+06,2.377467e-01,6.788059e-01,-1.026174e+00,2.928718e-18,979,4602
1.045318e-08,-4.652139e-03,-1.326269e-02,2.500042e-02,-4.450818e+05,-1.268885e+06,2.391807e+06,1.535923e-03,5.491277e-03,-1.162723e-02,2.928718e-18,979,45994
0.000000e+00,-1.567048e-07,1.867012e-07,5.393640e-07,0.000000e+00,0.000000e+00,0.000000e+00,1.648985e+07,-1.996739e+07,-3.397493e+07,3.106459e-18,980,0
1.091364e-09,-1.207842e-03,1.520219e-03,2.500108e-03,-1.107341e+06,1.393767e+06,2.291676e+06,4.741858e-01,-6.061310e-01,-7.970375e-01,3.106459e-18,980,4802
1.090909e-08,-1.208008e-02,1.520470e-02,2.500028e-02,-1.107423e+06,1.393872e+06,2.291814e+06,4.205478e-03,-5.167708e-03,-8.831819e-03,3.106459e-18,980,48000
0.000000e+00,-2.187798e-07,3.391356e-08,5.189335e-07,0.000000e+00,0.000000e+00,0.000000e+00,2.705297e+07,-4.753219e+06,-3.521819e+07,3.276255e-18,981,0
1.123864e-09,-2.090466e-03,3.850589e-04,2.500277e-03,-1.861097e+06,3.428047e+05,2.225404e+06,7.198172e-01,-1.215439e-01,-6.468957e-01,3.276255e-18,981,4945
1.123386e-08,-2.090723e-02,3.850994e-03,2.500007e-02,-1.861225e+06,3.428261e+05,2.225519e+06,6.119976e-03,-9.070669e-04,-7.529848e-03,3.276255e-18,981,49429
0.000000e+00,-1.914947e-07,-1.165680e-07,5.135580e-07,0.000000e+00,0.000000e+00,0.000000e+00,2.142227e+07,1.555068e+07,-3.972975e+07,3.308761e-18,982,0
1.036591e-09,-1.454929e-03,-1.036946e-03,2.500529e-03,-1.404400e+06,-1.000860e+06,2.413080e+06,6.596844e-01,4.108793e-01,-8.230649e-01,3.308761e-18,982,4561
1.036023e-08,-1.454988e-02,-1.036912e-02,2.500025e-02,-1.404508e+06,-1.000927e+06,2.413215e+06,5.264671e-03,3.882974e-03,-9.318608e-03,3.308761e-18,982,45585
0.000000e+00,9.273914e-08,-1.162275e-07,5.510837e-07,0.000000e+00,0.000000e+00,0.000000e+00,-1.085619e+07,1.188510e+07,-3.690397e+07,3.284659e-18,983,0
9.784091e-10,5.653551e-04,-1.656976e-03,2.500233e-03,5.781603e+05,-1.694602e+06,2.556403e+06,-3.106169e-01,7.125825e-01,-1.003131e+00,3.284659e-18,983,4305
9.779318e-09,5.654040e-03,-1.657181e-02,2.500004e-02,5.782082e+05,-1.694712e+06,2.556559e+06,-2.522320e-03,6.292102e-03,-1.070729e-02,3.284659e-18,983,43029
0.000000e+00,-6.439611e-08,2.399416e-07,3.132556e-07,0.000000e+00,0.000000e+00,0.000000e+00,1.120166e+07,-4.959974e+07,-4.439758e+07,4.406801e-18,984,0
1.104318e-09,-6.663407e-04,3.005781e-03,2.500408e-03,-6.035513e+05,2.722678e+06,2.264614e+06,1.253301e-01,-6.207640e-01,-4.000432e-01,4.406801e-18,984,4859
1.103955e-08,-6.662940e-03,3.005709e-02,2.500044e-02,-6.035732e+05,2.722786e+06,2.264684e+06,1.104453e-03,-5.375634e-03,-4.289312e-03,4.406801e-18,984,48574
0.000000e+00,8.453199e-08,1.046077e-07,5.800904e-07,0.000000e+00,0.000000e+00,0.000000e+00,-8.266853e+06,-9.227706e+06,-3.618468e+07,3.139733e-18,985,0
1.043864e-09,6.486962e-04,7.525329e-04,2.500528e-03,6.219271e+05,7.214814e+05,2.396669e+06,-3.840125e-01,-4.504394e-01,-1.146841e+00,3.139733e-18,985,4593
1.043114e-08,6.487387e-03,7.525852e-03,2.500018e-02,6.219903e+05,7.215555e+05,2.396859e+06,-3.085606e-03,-3.824633e-03,-1.336898e-02,3.139733e-18,985,45897
0.000000e+00,2.029526e-07,-7.491198e-08,2.551110e-07,0.000000e+00,0.000000e+00,0.000000e+00,-6.610245e+07,2.425530e+07,-5.830099e+07,5.211887e-18,986,0
9.297727e-10,2.945218e-03,-1.074350e-03,2.500531e-03,3.168289e+06,-1.155711e+06,2.689689e+06,-5.950058e-01,2.104835e-01,-3.984237e-01,5.211887e-18,986,4091
9.294773e-09,2.944856e-02,-1.074209e-02,2.500018e-02,3.168376e+06,-1.155742e+06,2.689748e+06,-5.519750e-03,1.948025e-03,-4.227271e-03,5.211887e-18,986,40897
0.000000e+00,9.765660e-08,1.057917e-07,1.920395e-07,0.000000e+00,0.000000e+00,0.000000e+00,-7.499549e+07,-8.299972e+07,-1.290841e+08,7.081783e-18,987,0
4.677273e-10,1.459554e-03,1.615948e-03,2.500236e-03,3.120650e+06,3.455042e+06,5.345610e+06,-5.135005e-01,-5.749813e-01,-7.973176e-01,7.081783e-18,987,2058
4.676818e-09,1.459479e-02,1.615868e-02,2.500060e-02,3.120688e+06,3.455085e+06,5.345669e+06,-5.070912e-03,-5.668264e-03,-8.024944e-03,7.081783e-18,987,20578
0.000000e+00,-4.750803e-08,2.795346e-08,3.341651e-07,0.000000e+00,0.000000e+00,0.000000e+00,1.543877e+07,-1.040444e+07,-8.477400e+07,5.275785e-18,988,0
5.997727e-10,-4.729642e-04,3.204885e-04,2.500081e-03,-7.888412e+05,5.345483e+05,4.169475e+06,3.901664e-01,-2.747529e-01,-1.865601e+00,5.275785e-18,988,2639
5.996136e-09,-4.730003e-03,3.205222e-03,2.500088e-02,-7.888782e+05,5.345743e+05,4.169652e+06,3.906076e-03,-2.918738e-03,-1.900076e-02,5.275785e-18,988,26383
0.000000e+00,-2.420900e-07,-4.133997e-08,5.068380e-07,0.000000e+00,0.000000e+00,0.000000e+00,2.868730e+07,3.337399e+06,-3.494880e+07,3.263461e-18,989,0
1.168182e-09,-2.202140e-03,-2.372717e-04,2.500075e-03,-1.886061e+06,-2.031845e+05,2.140790e+06,6.684181e-01,6.139428e-02,-5.976616e-01,3.263461e-18,989,5140
1.167795e-08,-2.202528e-02,-2.372792e-03,2.500025e-02,-1.886184e+06,-2.031957e+05,2.140901e+06,5.651515e-03,4.042623e-04,-7.088321e-03,3.263461e-18,989,51383
0.000000e+00,6.039739e-08,-5.686216e-08,6.682681e-07,0.000000e+00,0.000000e+00,0.000000e+00,-5.934346e+06,5.691337e+06,-3.588324e+07,2.776078e-18,990,0
9.736364e-10,4.496338e-04,-4.045947e-04,2.500044e-03,4.621687e+05,-4.158705e+05,2.569044e+06,-2.981561e-01,2.757730e-01,-1.371261e+00,2.776078e-18,990,4284
9.731364e-09,4.497513e-03,-4.046983e-03,2.500056e-02,4.622144e+05,-4.159129e+05,2.569256e+06,-2.398227e-03,2.580519e-03,-1.574629e-02,2.776078e-18,990,42818
0.000000e+00,6.340168e-08,-1.183853e-07,3.435060e-07,0.000000e+00,0.000000e+00,0.000000e+00,-1.604272e+07,2.557327e+07,-6.715122e+07,4.880374e-18,991,0
7.075000e-10,6.241960e-04,-9.972945e-04,2.500365e-03,8.826075e+05,-1.410129e+06,3.535161e+06,-4.135707e-01,6.445421e-01,-1.456722e+00,4.880374e-18,991,3113
7.071818e-09,6.241634e-03,-9.972181e-03,2.500011e-02,8.826537e+05,-1.410201e+06,3.535324e+06,-3.942816e-03,6.206929e-03,-1.498931e-02,4.880374e-18,991,31116
0.000000e+00,-1.988641e-07,-7.604948e-09,5.443240e-07,0.000000e+00,0.000000e+00,0.000000e+00,2.703694e+07,1.169430e+06,-3.877928e+07,3.215902e-18,992,0
1.023864e-09,-1.818111e-03,-3.444387e-05,2.500496e-03,-1.776733e+06,-3.364558e+04,2.443045e+06,7.806600e-01,2.342692e-02,-8.533614e-01,3.215902e-18,992,4505
1.023318e-08,-1.818157e-02,-3.443256e-04,2.500033e-02,-1.776859e+06,-3.364941e+04,2.443184e+06,6.803103e-03,5.616509e-04,-9.530958e-03,3.215902e-18,992,45026
0.000000e+00,-2.712109e-08,6.656592e-08,5.801984e-07,0.000000e+00,0.000000e+00,0.000000e+00,2.295602e+05,-9.437166e+06,-3.733978e+07,3.230244e-18,993,0
9.936364e-10,2.845698e-05,7.047781e-04,2.500526e-03,2.864212e+04,7.098184e+05,2.517834e+06,4.892738e-02,-3.969080e-01,-1.269249e+00,3.230244e-18,993,4372
9.929318e-09,2.843385e-04,7.047951e-03,2.500056e-02,2.863470e+04,7.098808e+05,2.518034e+06,-1.766019e-04,-3.401920e-03,-1.543125e-02,3.230244e-18,993,43689
0.000000e+00,2.581746e-09,2.062105e-07,5.501897e-07,0.000000e+00,0.000000e+00,0.000000e+00,2.403037e+06,-2.438125e+07,-3.209031e+07,3.165727e-18,994,0
1.171818e-09,-1.032488e-04,1.894690e-03,2.500018e-03,-8.813173e+04,1.617882e+06,2.134233e+06,1.397239e-02,-6.884880e-01,-6.888488e-01,3.165727e-18,994,5156
1.171386e-08,-1.032360e-03,1.895159e-02,2.500032e-02,-8.813436e+04,1.618009e+06,2.134362e+06,3.713577e-04,-5.948442e-03,-8.365410e-03,3.165727e-18,994,51541
0.000000e+00,-1.806554e-07,9.617733e-08,4.098700e-07,0.000000e+00,0.000000e+00,0.000000e+00,2.964060e+07,-1.348464e+07,-3.919700e+07,3.979180e-18,995,0
1.223409e-09,-2.328520e-03,1.279539e-03,2.500204e-03,-1.904208e+06,1.046414e+06,2.044068e+06,5.591955e-01,-2.998181e-01,-4.212466e-01,3.979180e-18,995,5383
1.223045e-08,-2.328921e-02,1.279799e-02,2.500010e-02,-1.904316e+06,1.046471e+06,2.044150e+06,4.897046e-03,-2.364667e-03,-5.327471e-03,3.979180e-18,995,53814
0.000000e+00,-1.867284e-07,8.570077e-08,2.725127e-07,0.000000e+00,0.000000e+00,0.000000e+00,5.718736e+07,-2.760898e+07,-6.111027e+07,5.129640e-18,996,0
8.718182e-10,-2.435780e-03,1.177226e-03,2.500233e-03,-2.794536e+06,1.350626e+06,2.868232e+06,6.441391e-01,-3.172507e-01,-5.370581e-01,5.129640e-18,996,3836
8.716136e-09,-2.435759e-02,1.177225e-02,2.500004e-02,-2.794625e+06,1.350670e+06,2.868306e+06,6.083892e-03,-2.912043e-03,-5.647196e-03,5.129640e-18,996,38351
0.000000e+00,-1.636147e-07,1.715195e-07,4.882867e-07,0.000000e+00,0.000000e+00,0.000000e+00,1.766901e+07,-2.035196e+07,-3.539929e+07,3.384275e-18,997,0
1.176136e-09,-1.418126e-03,1.638133e-03,2.500052e-03,-1.206434e+06,1.393582e+06,2.126279e+06,4.708146e-01,-5.229369e-01,-5.802421e-01,3.384275e-18,997,5175
1.175773e-08,-1.418489e-02,1.638530e-02,2.500042e-02,-1.206522e+06,1.393679e+06,2.126388e+06,3.758957e-03,-4.261467e-03,-7.184165e-03,3.384275e-18,997,51734
0.000000e+00,7.364723e-08,-2.395003e-07,3.071511e-07,0.000000e+00,0.000000e+00,0.000000e+00,-1.746345e+07,5.268672e+07,-4.212406e+07,4.470037e-18,998,0
1.195682e-09,1.127562e-03,-3.392084e-03,2.500294e-03,9.432980e+05,-2.837716e+06,2.091356e+06,-1.789852e-01,5.252053e-01,-2.675851e-01,4.470037e-18,998,5261
1.195409e-08,1.127625e-02,-3.392228e-02,2.500041e-02,9.433317e+05,-2.837815e+06,2.091407e+06,-1.458818e-03,4.353815e-03,-3.099792e-03,4.470037e-18,998,52598
0.000000e+00,-5.018201e-08,1.744503e-07,4.817871e-07,0.000000e+00,0.000000e+00,0.000000e+00,5.593704e+06,-2.121037e+07,-3.857685e+07,3.583830e-18,999,0
1.137500e-09,-4.653036e-04,1.670159e-03,2.500467e-03,-4.093290e+05,1.469286e+06,2.199072e+06,1.860986e-01,-6.912054e-01,-7.554201e-01,3.583830e-18,999,5005
1.136841e-08,-4.653394e-03,1.670334e-02,2.500012e-02,-4.093623e+05,1.469409e+06,2.199208e+06,1.828040e-03,-5.847452e-03,-9.407984e-03,3.583830e-18,999,50021
