0.000000e+00,-1.062842e-07,-1.192432e-07,5.892495e-07,0.000000e+00,0.000000e+00,0.000000e+00,1.186922e+07,1.207924e+07,-3.684604e+07,3.046216e-18,0,0
1.025000e-09,-9.812250e-04,-8.342951e-04,2.500332e-03,-9.579854e+05,-8.144561e+05,2.440334e+06,5.171053e-01,4.146490e-01,-1.006961e+00,3.046216e-18,0,4510
1.024455e-08,-9.814053e-03,-8.343722e-03,2.500035e-02,-9.580689e+05,-8.145231e+05,2.440498e+06,4.293720e-03,3.358052e-03,-1.171799e-02,3.046216e-18,0,45076
0.000000e+00,9.669483e-08,4.659003e-08,1.691562e-07,0.000000e+00,0.000000e+00,0.000000e+00,-1.276621e+08,-6.727272e+07,-1.987939e+08,8.427320e-18,1,0
3.106818e-10,1.607757e-03,8.475272e-04,2.500407e-03,5.174907e+06,2.727965e+06,8.048000e+06,-6.918242e-01,-3.745610e-01,-1.002276e+00,8.427320e-18,1,1367
3.106364e-09,1.607523e-02,8.474091e-03,2.500017e-02,5.174941e+06,2.727983e+06,8.048050e+06,-6.886611e-03,-3.643354e-03,-1.011753e-02,8.427320e-18,1,13668
0.000000e+00,1.869019e-07,-9.565713e-08,3.825750e-07,0.000000e+00,0.000000e+00,0.000000e+00,-3.288210e+07,1.639811e+07,-4.461594e+07,4.151640e-18,2,0
1.000227e-09,1.927782e-03,-9.814752e-04,2.500360e-03,1.928248e+06,-9.817203e+05,2.500557e+06,-7.248100e-01,3.747578e-01,-7.474758e-01,4.151640e-18,2,4401
9.997727e-09,1.927805e-02,-9.814944e-03,2.500000e-02,1.928363e+06,-9.817794e+05,2.500676e+06,-6.360740e-03,3.466765e-03,-8.039238e-03,4.151640e-18,2,43990
0.000000e+00,1.253144e-07,3.538373e-08,1.922180e-07,0.000000e+00,0.000000e+00,0.000000e+00,-1.078393e+08,-2.818197e+07,-1.426976e+08,7.337269e-18,3,0
4.250000e-10,1.897112e-03,4.955292e-04,2.500451e-03,4.463950e+06,1.165984e+06,5.883504e+06,-7.697283e-01,-1.972717e-01,-9.235328e-01,7.337269e-18,3,1870
4.249318e-09,1.896884e-02,4.954665e-03,2.500104e-02,4.464002e+06,1.165997e+06,5.883566e+06,-7.641132e-03,-1.987842e-03,-9.312248e-03,7.337269e-18,3,18697
0.000000e+00,-4.180909e-08,-2.443787e-07,3.864675e-07,0.000000e+00,0.000000e+00,0.000000e+00,6.000523e+06,3.993485e+07,-4.218328e+07,3.937323e-18,4,0
1.057500e-09,-3.680501e-04,-2.430963e-03,2.500168e-03,-3.482099e+05,-2.299685e+06,2.364823e+06,1.364334e-01,7.122373e-01,-5.877070e-01,3.937323e-18,4,4653
1.057159e-08,-3.681131e-03,-2.431131e-02,2.500008e-02,-3.482327e+05,-2.299803e+06,2.364922e+06,1.219488e-03,6.225843e-03,-6.445367e-03,3.937323e-18,4,46515
0.000000e+00,-1.403444e-07,-5.583079e-08,5.158621e-07,0.000000e+00,0.000000e+00,0.000000e+00,1.495945e+07,7.970890e+06,-4.359836e+07,3.478217e-18,5,0
9.343182e-10,-9.722869e-04,-4.759200e-04,2.500049e-03,-1.041405e+06,-5.097107e+05,2.677063e+06,6.667246e-01,2.865286e-01,-1.307426e+00,3.478217e-18,5,4111
9.338636e-09,-9.725267e-03,-4.759985e-03,2.500028e-02,-1.041503e+06,-5.097530e+05,2.677256e+06,5.863526e-03,2.653160e-03,-1.404056e-02,3.478217e-18,5,41090
0.000000e+00,9.841406e-08,-2.087812e-07,3.688624e-07,0.000000e+00,0.000000e+00,0.000000e+00,-1.744239e+07,3.105996e+07,-4.043359e+07,4.166194e-18,6,0
1.131136e-09,1.153847e-03,-2.207588e-03,2.500046e-03,1.020548e+06,-1.952537e+06,2.210788e+06,-3.279251e-01,6.147102e-01,-5.217639e-01,4.166194e-18,6,4977
1.130818e-08,1.154050e-02,-2.207957e-02,2.500012e-02,1.020606e+06,-1.952647e+06,2.210882e+06,-2.578294e-03,5.174713e-03,-6.028928e-03,4.166194e-18,6,49756
0.000000e+00,1.339578e-07,-7.135471e-08,6.344298e-07,0.000000e+00,0.000000e+00,0.000000e+00,-1.028465e+07,2.112009e+06,-3.488081e+07,2.854246e-18,7,0
1.019091e-09,8.138828e-04,-2.428254e-04,2.500040e-03,7.992419e+05,-2.384467e+05,2.454387e+06,-4.982196e-01,1.531349e-01,-1.200121e+00,2.854246e-18,7,4484
1.018591e-08,8.140996e-03,-2.428809e-03,2.500042e-02,7.993220e+05,-2.384712e+05,2.454581e+06,-4.225155e-03,1.144450e-03,-1.399208e-02,2.854246e-18,7,44818
0.000000e+00,-5.544180e-08,-6.267724e-08,5.587196e-07,0.000000e+00,0.000000e+00,0.000000e+00,7.094980e+06,6.540082e+06,-4.004272e+07,3.340423e-18,8,0
9.843182e-10,-4.604533e-04,-5.366407e-04,2.500382e-03,-4.681617e+05,-5.456123e+05,2.541465e+06,3.047991e-01,3.331023e-01,-1.269856e+00,3.340423e-18,8,4331
9.836818e-09,-4.605202e-03,-5.367052e-03,2.500015e-02,-4.682090e+05,-5.456639e+05,2.541663e+06,2.443352e-03,2.833184e-03,-1.468889e-02,3.340423e-18,8,43282
0.000000e+00,-4.217726e-08,2.123944e-07,5.934405e-07,0.000000e+00,0.000000e+00,0.000000e+00,2.950478e+06,-1.899442e+07,-3.307105e+07,2.917227e-18,9,0
1.121818e-09,-2.997265e-04,1.604948e-03,2.500453e-03,-2.673362e+05,1.431653e+06,2.229821e+06,1.113747e-01,-7.135591e-01,-8.349636e-01,2.917227e-18,9,4936
1.121159e-08,-2.997253e-03,1.605106e-02,2.500007e-02,-2.673559e+05,1.431780e+06,2.229969e+06,9.164316e-04,-5.973607e-03,-9.799928e-03,2.917227e-18,9,49331
0.000000e+00,2.698420e-08,-4.001250e-08,5.593024e-07,0.000000e+00,0.000000e+00,0.000000e+00,-3.730542e+06,5.102892e+06,-4.295808e+07,3.362511e-18,10,0
9.181818e-10,2.715693e-04,-3.013616e-04,2.500032e-03,2.959816e+05,-3.284814e+05,2.724311e+06,-1.777523e-01,2.399478e-01,-1.589380e+00,3.362511e-18,10,4040
9.176591e-09,2.716082e-03,-3.014333e-03,2.500008e-02,2.960074e+05,-3.285161e+05,2.724542e+06,-1.794146e-03,2.416783e-03,-1.723661e-02,3.362511e-18,10,40377
0.000000e+00,2.307846e-07,-6.169500e-08,2.264979e-07,0.000000e+00,0.000000e+00,0.000000e+00,-7.703257e+07,1.988674e+07,-5.520717e+07,5.251930e-18,11,0
1.006818e-09,3.613636e-03,-9.314687e-04,2.500502e-03,3.589700e+06,-9.252945e+05,2.483753e+06,-5.035182e-01,1.279968e-01,-2.665434e-01,5.251930e-18,11,4430
1.006545e-08,3.613202e-02,-9.313527e-03,2.500024e-02,3.589780e+06,-9.253148e+05,2.483796e+06,-4.540426e-03,1.143841e-03,-2.875198e-03,5.251930e-18,11,44288
0.000000e+00,-1.266561e-07,-3.736494e-08,2.679841e-07,0.000000e+00,0.000000e+00,0.000000e+00,4.974923e+07,1.322755e+07,-9.510466e+07,5.855387e-18,12,0
5.822727e-10,-1.331179e-03,-3.498017e-04,2.500405e-03,-2.286613e+06,-6.008429e+05,4.294877e+06,7.727474e-01,1.816786e-01,-1.337856e+00,5.855387e-18,12,2562
5.820909e-09,-1.331022e-02,-3.497472e-03,2.500024e-02,-2.286684e+06,-6.008596e+05,4.295001e+06,7.678901e-03,1.804775e-03,-1.351691e-02,5.855387e-18,12,25612
0.000000e+00,4.786437e-08,-1.140579e-07,1.533187e-07,0.000000e+00,0.000000e+00,0.000000e+00,-6.434313e+07,1.542257e+08,-1.895009e+08,8.531533e-18,13,0
3.263636e-10,8.499896e-04,-2.037429e-03,2.500635e-03,2.604404e+06,-6.242771e+06,7.661990e+06,-2.863198e-01,6.877554e-01,-7.885331e-01,8.531533e-18,13,1436
3.262955e-09,8.498096e-03,-2.036998e-02,2.500086e-02,2.604419e+06,-6.242807e+06,7.662031e+06,-2.854270e-03,6.852118e-03,-7.921690e-03,8.531533e-18,13,14357
0.000000e+00,1.660670e-07,-2.772410e-08,4.442243e-07,0.000000e+00,0.000000e+00,0.000000e+00,-2.816618e+07,3.076382e+06,-3.936446e+07,3.896376e-18,14,0
1.083636e-09,1.932963e-03,-2.724622e-04,2.500105e-03,1.784773e+06,-2.516039e+05,2.307984e+06,-7.141984e-01,1.193351e-01,-7.680506e-01,3.896376e-18,14,4768
1.083205e-08,1.933264e-02,-2.725364e-03,2.500034e-02,1.784895e+06,-2.516242e+05,2.308116e+06,-5.715321e-03,9.491151e-04,-8.647755e-03,3.896376e-18,14,47661
0.000000e+00,1.634649e-07,1.901885e-07,4.699037e-07,0.000000e+00,0.000000e+00,0.000000e+00,-1.559677e+07,-2.575619e+07,-3.328380e+07,3.433459e-18,15,0
1.268864e-09,1.300983e-03,2.139174e-03,2.500303e-03,1.025811e+06,1.686789e+06,1.971048e+06,-3.266440e-01,-5.504461e-01,-4.596858e-01,3.433459e-18,15,5583
1.268364e-08,1.301100e-02,2.139453e-02,2.500024e-02,1.025876e+06,1.686899e+06,1.971141e+06,-2.822074e-03,-4.801810e-03,-5.700899e-03,3.433459e-18,15,55808
0.000000e+00,1.967607e-07,1.502747e-07,5.399993e-07,0.000000e+00,0.000000e+00,0.000000e+00,-2.323701e+07,-1.677630e+07,-3.981371e+07,3.108700e-18,16,0
1.024545e-09,1.528253e-03,1.106855e-03,2.500509e-03,1.492387e+06,1.080913e+06,2.441421e+06,-5.992205e-01,-4.696776e-01,-8.427736e-01,3.108700e-18,16,4508
1.024000e-08,1.528202e-02,1.106853e-02,2.500036e-02,1.492484e+06,1.080988e+06,2.441558e+06,-4.429745e-03,-3.977875e-03,-9.459099e-03,3.108700e-18,16,45056
0.000000e+00,2.929048e-08,-6.634608e-09,4.272454e-07,0.000000e+00,0.000000e+00,0.000000e+00,-3.394737e+06,3.270692e+06,-5.571518e+07,4.315384e-18,17,0
7.686364e-10,1.718308e-04,-1.292829e-04,2.500550e-03,2.236686e+05,-1.683096e+05,3.254928e+06,-1.273631e-01,1.125487e-01,-1.969901e+00,4.315384e-18,17,3382
7.680682e-09,1.717927e-03,-1.292724e-03,2.500013e-02,2.236841e+05,-1.683232e+05,3.255167e+06,-1.349050e-03,9.205064e-04,-2.015738e-02,4.315384e-18,17,33795
0.000000e+00,2.691528e-07,6.037958e-08,2.886906e-07,0.000000e+00,0.000000e+00,0.000000e+00,-5.631588e+07,-1.290885e+07,-4.032716e+07,4.397837e-18,18,0
1.261136e-09,3.748708e-03,8.617861e-04,2.500159e-03,2.973213e+06,6.835153e+05,1.982691e+06,-4.843385e-01,-1.149465e-01,-2.268000e-01,4.397837e-18,18,5549
1.260909e-08,3.748950e-02,8.618501e-03,2.500008e-02,2.973309e+06,6.835381e+05,1.982737e+06,-4.088898e-03,-9.339852e-04,-2.623734e-03,4.397837e-18,18,55480
0.000000e+00,-1.389145e-08,4.780012e-08,2.248421e-07,0.000000e+00,0.000000e+00,0.000000e+00,1.050258e+07,-4.121683e+07,-1.764499e+08,7.451657e-18,19,0
3.429545e-10,-1.491682e-04,5.863216e-04,2.501268e-03,-4.349613e+05,1.709695e+06,7.293490e+06,1.097737e-01,-4.618087e-01,-1.841332e+00,7.451657e-18,19,1509
3.427727e-09,-1.490940e-03,5.860405e-03,2.500028e-02,-4.349672e+05,1.709720e+06,7.293590e+06,1.122678e-03,-4.640868e-03,-1.852351e-02,7.451657e-18,19,15082
0.000000e+00,1.783026e-07,7.551911e-08,2.624548e-07,0.000000e+00,0.000000e+00,0.000000e+00,-6.094076e+07,-2.679417e+07,-6.821549e+07,5.364884e-18,20,0
7.984091e-10,2.323841e-03,1.017511e-03,2.500706e-03,2.911186e+06,1.274686e+06,3.132514e+06,-6.875322e-01,-3.010589e-01,-6.156859e-01,5.364884e-18,20,3513
7.980909e-09,2.323395e-02,1.017317e-02,2.500045e-02,2.911272e+06,1.274724e+06,3.132592e+06,-6.429068e-03,-2.886173e-03,-6.391264e-03,5.364884e-18,20,35116
0.000000e+00,1.221804e-07,-6.051189e-08,3.726002e-07,0.000000e+00,0.000000e+00,0.000000e+00,-2.265827e+07,-5.882447e+06,-6.907984e+07,4.586732e-18,21,0
6.865909e-10,8.675127e-04,1.718137e-04,2.500196e-03,1.264000e+06,2.504476e+05,3.642658e+06,-6.410146e-01,-1.470059e-01,-1.693937e+00,4.586732e-18,21,3021
6.863182e-09,8.675076e-03,1.718808e-03,2.500034e-02,1.264069e+06,2.504635e+05,3.642842e+06,-6.444913e-03,-1.532473e-03,-1.732214e-02,4.586732e-18,21,30198
0.000000e+00,-1.991941e-07,1.631896e-07,3.213954e-07,0.000000e+00,0.000000e+00,0.000000e+00,3.867417e+07,-3.398904e+07,-4.120225e+07,4.296492e-18,22,0
1.195682e-09,-2.554895e-03,2.241317e-03,2.500293e-03,-2.137398e+06,1.875077e+06,2.091414e+06,4.311862e-01,-3.824645e-01,-3.069548e-01,4.296492e-18,22,5261
1.195364e-08,-2.554965e-02,2.241395e-02,2.500015e-02,-2.137479e+06,1.875149e+06,2.091472e+06,3.720310e-03,-3.201326e-03,-3.471113e-03,4.296492e-18,22,52596
0.000000e+00,1.084033e-07,-2.559561e-07,4.050548e-07,0.000000e+00,0.000000e+00,0.000000e+00,-1.257485e+07,3.799866e+07,-4.110301e+07,3.687220e-18,23,0
1.113182e-09,8.486290e-04,-2.497071e-03,2.500127e-03,7.626241e+05,-2.244054e+06,2.246408e+06,-2.212114e-01,6.533740e-01,-4.867570e-01,3.687220e-18,23,4898
1.112886e-08,8.487152e-03,-2.497375e-02,2.500015e-02,7.626629e+05,-2.244168e+06,2.246494e+06,-1.869679e-03,5.487814e-03,-5.694440e-03,3.687220e-18,23,48967
0.000000e+00,2.169036e-07,1.486245e-07,5.226723e-07,0.000000e+00,0.000000e+00,0.000000e+00,-2.621423e+07,-1.440558e+07,-3.149220e+07,3.137380e-18,24,0
1.252727e-09,2.121825e-03,1.143972e-03,2.500342e-03,1.694613e+06,9.136217e+05,1.996481e+06,-5.508333e-01,-2.975779e-01,-4.991441e-01,3.137380e-18,24,5512
1.252205e-08,2.121998e-02,1.144041e-02,2.500025e-02,1.694722e+06,9.136803e+05,1.996581e+06,-4.784073e-03,-2.527895e-03,-6.153597e-03,3.137380e-18,24,55097
0.000000e+00,-6.942361e-09,2.528953e-07,3.513021e-07,0.000000e+00,0.000000e+00,0.000000e+00,4.542651e+06,-4.241383e+07,-4.016498e+07,4.122155e-18,25,0
1.135000e-09,-3.616881e-04,2.800399e-03,2.500041e-03,-3.188160e+05,2.468223e+06,2.203180e+06,8.529229e-02,-6.534861e-01,-4.516806e-01,4.122155e-18,25,4994
1.134727e-08,-3.617653e-03,2.800755e-02,2.500020e-02,-3.188312e+05,2.468340e+06,2.203261e+06,6.552420e-04,-5.619304e-03,-5.074089e-03,4.122155e-18,25,49928
0.000000e+00,3.334355e-08,7.648023e-08,5.532231e-07,0.000000e+00,0.000000e+00,0.000000e+00,-1.098010e+07,-7.941151e+06,-3.657167e+07,3.376309e-18,26,0
1.100909e-09,6.766284e-04,7.086095e-04,2.500246e-03,6.151139e+05,6.442354e+05,2.272397e+06,-3.634488e-01,-4.054856e-01,-1.146002e+00,3.376309e-18,26,4844
1.100159e-08,6.767193e-03,7.087557e-03,2.500016e-02,6.151770e+05,6.443057e+05,2.272598e+06,-3.115420e-03,-3.730452e-03,-1.307178e-02,3.376309e-18,26,48407
0.000000e+00,1.048666e-07,-1.633948e-07,5.667505e-07,0.000000e+00,0.000000e+00,0.000000e+00,-1.062945e+07,1.666042e+07,-3.858879e+07,3.102252e-18,27,0
1.002955e-09,7.688447e-04,-1.132026e-03,2.500133e-03,7.670770e+05,-1.129419e+06,2.493770e+06,-4.093802e-01,6.084149e-01,-1.036666e+00,3.102252e-18,27,4413
1.002500e-08,7.689932e-03,-1.132242e-02,2.500027e-02,7.671418e+05,-1.129516e+06,2.493935e+06,-3.063850e-03,5.242609e-03,-1.159935e-02,3.102252e-18,27,44110
0.000000e+00,9.995404e-08,9.389749e-09,1.378894e-07,0.000000e+00,0.000000e+00,0.000000e+00,-2.064233e+08,-1.846818e+07,-2.638461e+08,9.782946e-18,28,0
2.361364e-10,1.957808e-03,1.751570e-04,2.501486e-03,8.290812e+06,7.417430e+05,1.059309e+07,-7.517641e-01,-6.700672e-02,-9.116770e-01,9.782946e-18,28,1039
2.360227e-09,1.956829e-02,1.750691e-03,2.500224e-02,8.290840e+06,7.417455e+05,1.059313e+07,-7.505009e-03,-6.598418e-04,-9.145199e-03,9.782946e-18,28,10385
0.000000e+00,2.337159e-07,-8.683730e-08,2.924832e-07,0.000000e+00,0.000000e+00,0.000000e+00,-5.433344e+07,1.906813e+07,-4.582086e+07,4.579802e-18,29,0
1.113182e-09,3.163851e-03,-1.103146e-03,2.500302e-03,2.842907e+06,-9.912274e+05,2.246389e+06,-5.569256e-01,1.881933e-01,-3.250796e-01,4.579802e-18,29,4898
1.112909e-08,3.163896e-02,-1.103146e-02,2.500041e-02,2.843005e+06,-9.912604e+05,2.246447e+06,-4.817459e-03,1.642150e-03,-3.588467e-03,4.579802e-18,29,48968
0.000000e+00,-1.497359e-08,1.393279e-07,6.296949e-07,0.000000e+00,0.000000e+00,0.000000e+00,1.897481e+06,-1.255817e+07,-3.547938e+07,2.889304e-18,30,0
9.895455e-10,-1.036027e-04,8.905968e-04,2.500302e-03,-1.048582e+05,9.006481e+05,2.527931e+06,1.378003e-01,-5.459792e-01,-1.239523e+00,2.889304e-18,30,4354
9.889545e-09,-1.036999e-03,8.906993e-03,2.500031e-02,-1.048797e+05,9.007333e+05,2.528125e+06,6.513175e-04,-4.192038e-03,-1.417124e-02,2.889304e-18,30,43514
0.000000e+00,-8.652379e-08,3.876449e-08,1.419640e-07,0.000000e+00,0.000000e+00,0.000000e+00,1.784720e+08,-8.055975e+07,-2.706129e+08,9.787079e-18,31,0
2.302273e-10,-1.650571e-03,7.450476e-04,2.501723e-03,-7.169142e+06,3.236065e+06,1.086600e+07,6.986500e-01,-3.157120e-01,-1.002794e+00,9.787079e-18,31,1013
2.300909e-09,-1.649563e-02,7.445929e-03,2.500182e-02,-7.169167e+06,3.236077e+06,1.086604e+07,6.950390e-03,-3.154770e-03,-1.005496e-02,9.787079e-18,31,10124
0.000000e+00,-1.239042e-07,7.790389e-08,1.838414e-07,0.000000e+00,0.000000e+00,0.000000e+00,9.905228e+07,-6.506880e+07,-1.321395e+08,7.239613e-18,32,0
4.584091e-10,-1.881249e-03,1.236431e-03,2.500290e-03,-4.103996e+06,2.697320e+06,5.454367e+06,6.286915e-01,-4.195781e-01,-7.698896e-01,7.239613e-18,32,2017
4.583636e-09,-1.881132e-02,1.236359e-02,2.500099e-02,-4.104042e+06,2.697351e+06,5.454423e+06,6.227688e-03,-4.173630e-03,-7.767260e-03,7.239613e-18,32,20168
0.000000e+00,9.127176e-08,3.568031e-08,1.652630e-07,0.000000e+00,0.000000e+00,0.000000e+00,-1.284443e+08,-4.444947e+07,-2.168730e+08,8.766953e-18,33,0
2.852273e-10,1.482752e-03,5.128867e-04,2.501234e-03,5.198452e+06,1.798136e+06,8.769129e+06,-7.337495e-01,-2.439687e-01,-1.173074e+00,8.766953e-18,33,1255
2.850909e-09,1.482040e-02,5.126355e-03,2.500014e-02,5.198485e+06,1.798147e+06,8.769182e+06,-7.303913e-03,-2.427331e-03,-1.176943e-02,8.766953e-18,33,12544
0.000000e+00,-1.519540e-07,-2.909209e-08,1.981571e-07,0.000000e+00,0.000000e+00,0.000000e+00,1.072183e+08,8.526630e+06,-1.003584e+08,6.820174e-18,34,0
5.920455e-10,-2.696052e-03,-2.152224e-04,2.500310e-03,-4.554135e+06,-3.635213e+05,4.223317e+06,7.059521e-01,5.383446e-02,-5.627211e-01,6.820174e-18,34,2605
5.919545e-09,-2.695850e-02,-2.151904e-03,2.500026e-02,-4.554201e+06,-3.635263e+05,4.223370e+06,6.869223e-03,5.137858e-04,-5.726112e-03,6.820174e-18,34,26046
0.000000e+00,6.883102e-08,1.049392e-07,3.082172e-07,0.000000e+00,0.000000e+00,0.000000e+00,-2.032405e+07,-3.404235e+07,-7.859940e+07,5.340231e-18,35,0
6.561364e-10,6.653857e-04,1.119856e-03,2.500230e-03,1.014386e+06,1.707254e+06,3.811410e+06,-4.044404e-01,-6.858701e-01,-1.386424e+00,5.340231e-18,35,2887
6.559318e-09,6.653698e-03,1.119843e-02,2.500038e-02,1.014428e+06,1.707325e+06,3.811554e+06,-3.961747e-03,-6.636707e-03,-1.410542e-02,5.340231e-18,35,28861
0.000000e+00,6.935169e-08,-1.252428e-07,5.467760e-07,0.000000e+00,0.000000e+00,0.000000e+00,-7.575189e+06,1.066319e+07,-4.243436e+07,3.315398e-18,36,0
8.993182e-10,4.277156e-04,-6.574257e-04,2.500243e-03,4.758855e+05,-7.314805e+05,2.781621e+06,-2.834485e-01,4.558445e-01,-1.541351e+00,3.315398e-18,36,3957
8.987727e-09,4.277141e-03,-6.574373e-03,2.500060e-02,4.759257e+05,-7.315452e+05,2.781840e+06,-2.792851e-03,3.868415e-03,-1.644744e-02,3.315398e-18,36,39546
0.000000e+00,2.766623e-08,-1.371076e-07,3.430437e-07,0.000000e+00,0.000000e+00,0.000000e+00,-4.738913e+06,3.411745e+07,-6.154778e+07,4.856948e-18,37,0
7.645455e-10,3.080585e-04,-1.438860e-03,2.500590e-03,4.031101e+05,-1.882741e+06,3.271693e+06,-1.593184e-01,8.138098e-01,-1.245804e+00,4.856948e-18,37,3364
7.641364e-09,3.080283e-03,-1.438669e-02,2.500028e-02,4.031294e+05,-1.882840e+06,3.271843e+06,-1.724903e-03,7.803401e-03,-1.286139e-02,4.856948e-18,37,33622
0.000000e+00,-1.621414e-07,1.751779e-07,5.072613e-07,0.000000e+00,0.000000e+00,0.000000e+00,1.210930e+07,-1.461783e+07,-3.079107e+07,3.297569e-18,38,0
1.251136e-09,-1.186176e-03,1.486725e-03,2.500446e-03,-9.487147e+05,1.189134e+06,1.999425e+06,4.081728e-01,-5.209894e-01,-6.745531e-01,3.297569e-18,38,5505
1.250364e-08,-1.186234e-02,1.486841e-02,2.500022e-02,-9.487951e+05,1.189236e+06,1.999559e+06,3.817096e-03,-4.689240e-03,-8.096427e-03,3.297569e-18,38,55016
0.000000e+00,-4.419189e-08,-2.275852e-07,4.747789e-07,0.000000e+00,0.000000e+00,0.000000e+00,8.525597e+06,2.815581e+07,-3.868742e+07,3.483505e-18,39,0
1.079545e-09,-5.499105e-04,-2.001029e-03,2.500488e-03,-5.096683e+05,-1.854599e+06,2.316994e+06,2.051795e-01,7.587659e-01,-7.195052e-01,3.483505e-18,39,4750
1.078977e-08,-5.499186e-03,-2.001064e-02,2.500001e-02,-5.097032e+05,-1.854728e+06,2.317117e+06,2.208300e-03,6.196756e-03,-8.062360e-03,3.483505e-18,39,47475
0.000000e+00,-3.204169e-08,-4.295300e-08,6.034609e-07,0.000000e+00,0.000000e+00,0.000000e+00,1.001584e+07,-9.256968e+06,-3.563831e+07,3.122003e-18,40,0
1.054091e-09,-6.644865e-04,7.796452e-04,2.500453e-03,-6.308683e+05,7.402980e+05,2.373349e+06,3.405973e-01,-4.072257e-01,-1.146627e+00,3.122003e-18,40,4638
1.053364e-08,-6.645276e-03,7.797865e-03,2.500023e-02,-6.309248e+05,7.403656e+05,2.373541e+06,2.948479e-03,-3.583869e-03,-1.323842e-02,3.122003e-18,40,46348
0.000000e+00,1.225578e-08,-1.223236e-07,5.151246e-07,0.000000e+00,0.000000e+00,0.000000e+00,-2.894962e+06,1.425619e+07,-4.114328e+07,3.545312e-18,41,0
1.002273e-09,1.549857e-04,-9.807252e-04,2.500553e-03,1.546785e+05,-9.792072e+05,2.496087e+06,-4.652373e-02,5.771400e-01,-1.180688e+00,3.545312e-18,41,4410
1.001568e-08,1.549221e-03,-9.807401e-03,2.500020e-02,1.546858e+05,-9.792984e+05,2.496275e+06,-1.930843e-04,4.876400e-03,-1.341763e-02,3.545312e-18,41,44069
0.000000e+00,-1.360437e-07,-1.911172e-07,2.206500e-07,0.000000e+00,0.000000e+00,0.000000e+00,4.562597e+07,6.750430e+07,-5.746171e+07,5.358551e-18,42,0
9.713636e-10,-2.045899e-03,-3.034841e-03,2.500484e-03,-2.106506e+06,-3.124768e+06,2.574396e+06,2.961243e-01,4.476000e-01,-2.868201e-01,5.358551e-18,42,4274
9.711136e-09,-2.045661e-02,-3.034510e-02,2.500044e-02,-2.106552e+06,-3.124836e+06,2.574440e+06,2.751821e-03,4.097453e-03,-3.026644e-03,5.358551e-18,42,42729
0.000000e+00,-2.185660e-07,9.495200e-08,2.458436e-07,0.000000e+00,0.000000e+00,0.000000e+00,6.577421e+07,-2.761081e+07,-5.407625e+07,5.069640e-18,43,0
1.003182e-09,-3.167650e-03,1.322597e-03,2.500319e-03,-3.158182e+06,1.318638e+06,2.492638e+06,5.263104e-01,-2.195973e-01,-3.230981e-01,5.069640e-18,43,4414
1.002955e-08,-3.167517e-02,1.322536e-02,2.500015e-02,-3.158266e+06,1.318673e+06,2.492689e+06,4.771188e-03,-1.924429e-03,-3.447476e-03,5.069640e-18,43,44130
0.000000e+00,-4.039640e-08,8.477125e-08,6.091701e-07,0.000000e+00,0.000000e+00,0.000000e+00,6.686487e+06,-8.852506e+06,-3.850611e+07,3.049055e-18,44,0
9.493182e-10,-4.464585e-04,6.220159e-04,2.500594e-03,-4.706483e+05,6.557161e+05,2.635371e+06,2.852202e-01,-4.181955e-01,-1.350418e+00,3.049055e-18,44,4177
9.486364e-09,-4.464707e-03,6.220337e-03,2.500031e-02,-4.706910e+05,6.557788e+05,2.635574e+06,2.587824e-03,-3.579868e-03,-1.516782e-02,3.049055e-18,44,41740
0.000000e+00,7.069764e-08,1.312373e-07,3.343605e-07,0.000000e+00,0.000000e+00,0.000000e+00,-1.690658e+07,-3.648287e+07,-6.362821e+07,4.895992e-18,45,0
7.672727e-10,6.820383e-04,1.509756e-03,2.500741e-03,8.892009e+05,1.968420e+06,3.260100e+06,-3.286444e-01,-7.787279e-01,-1.099176e+00,4.895992e-18,45,3376
7.668636e-09,6.818964e-03,1.509507e-02,2.500064e-02,8.892407e+05,1.968514e+06,3.260234e+06,-3.195563e-03,-7.514572e-03,-1.141203e-02,4.895992e-18,45,33742
0.000000e+00,-8.508328e-08,-1.013761e-07,2.583192e-07,0.000000e+00,0.000000e+00,0.000000e+00,3.974103e+07,4.783307e+07,-9.886597e+07,6.002821e-18,46,0
5.731818e-10,-1.021358e-03,-1.229990e-03,2.500434e-03,-1.782197e+06,-2.146252e+06,4.362876e+06,5.276602e-01,6.446053e-01,-1.159262e+00,6.002821e-18,46,2522
5.730227e-09,-1.021243e-02,-1.229856e-02,2.500043e-02,-1.782245e+06,-2.146310e+06,4.362981e+06,5.156700e-03,6.361129e-03,-1.179082e-02,6.002821e-18,46,25213
0.000000e+00,-7.958197e-08,-7.225584e-10,4.851414e-07,0.000000e+00,0.000000e+00,0.000000e+00,6.225593e+06,-1.922673e+06,-4.795814e+07,3.812033e-18,47,0
8.402273e-10,-5.158780e-04,8.554839e-06,2.500273e-03,-6.145281e+05,1.024074e+04,2.977431e+06,5.021006e-01,-6.618562e-02,-1.854621e+00,3.812033e-18,47,3697
8.396591e-09,-5.159892e-03,8.599245e-05,2.500036e-02,-6.145947e+05,1.024951e+04,2.977677e+06,4.178131e-03,-2.845350e-04,-1.920606e-02,3.812033e-18,47,36945
0.000000e+00,9.153087e-08,1.162164e-07,3.851347e-07,0.000000e+00,0.000000e+00,0.000000e+00,-1.735674e+07,-2.367626e+07,-5.668285e+07,4.419259e-18,48,0
8.036364e-10,8.161204e-04,1.167686e-03,2.500062e-03,1.016003e+06,1.453678e+06,3.111977e+06,-4.796811e-01,-6.616229e-01,-1.239016e+00,4.419259e-18,48,3536
8.033636e-09,8.162188e-03,1.167828e-02,2.500060e-02,1.016064e+06,1.453762e+06,3.112134e+06,-4.570981e-03,-6.283114e-03,-1.289679e-02,4.419259e-18,48,35348
0.000000e+00,1.280314e-07,1.793891e-07,2.591192e-07,0.000000e+00,0.000000e+00,0.000000e+00,-4.019257e+07,-5.491823e+07,-5.905809e+07,5.132130e-18,49,0
9.138636e-10,1.766898e-03,2.410304e-03,2.500309e-03,1.933825e+06,2.638003e+06,2.736299e+06,-3.848821e-01,-5.190539e-01,-4.397968e-01,5.132130e-18,49,4021
9.136591e-09,1.766859e-02,2.410240e-02,2.500058e-02,1.933880e+06,2.638078e+06,2.736363e+06,-3.588960e-03,-4.832735e-03,-4.642833e-03,5.132130e-18,49,40201
0.000000e+00,2.157389e-09,2.722414e-07,5.067394e-07,0.000000e+00,0.000000e+00,0.000000e+00,-7.546957e+05,-2.845893e+07,-3.125445e+07,3.172070e-18,50,0
1.297045e-09,1.200176e-04,2.179604e-03,2.500173e-03,9.258889e+04,1.681424e+06,1.928315e+06,-3.188444e-02,-6.405719e-01,-5.703862e-01,3.172070e-18,50,5707
1.296477e-08,1.200383e-03,2.179926e-02,2.500036e-02,9.259542e+04,1.681554e+06,1.928433e+06,-3.488572e-04,-5.899630e-03,-6.861005e-03,3.172070e-18,50,57045
0.000000e+00,1.279417e-07,7.892669e-08,2.713293e-07,0.000000e+00,0.000000e+00,0.000000e+00,-4.982081e+07,-3.217774e+07,-8.211099e+07,5.658677e-18,51,0
6.629545e-10,1.548675e-03,1.005358e-03,2.500015e-03,2.336516e+06,1.516821e+06,3.771602e+06,-7.077088e-01,-4.704546e-01,-1.016310e+00,5.658677e-18,51,2917
6.628636e-09,1.548795e-02,1.005447e-02,2.500072e-02,2.336590e+06,1.516870e+06,3.771708e+06,-6.839636e-03,-4.509599e-03,-1.037198e-02,5.658677e-18,51,29166
0.000000e+00,-7.648954e-08,1.964953e-07,5.158684e-07,0.000000e+00,0.000000e+00,0.000000e+00,6.345112e+06,-2.065346e+07,-3.455531e+07,3.317492e-18,52,0
1.187273e-09,-7.238287e-04,1.801288e-03,2.500400e-03,-6.100540e+05,1.518074e+06,2.106838e+06,2.541311e-01,-6.024069e-01,-7.089779e-01,3.317492e-18,52,5224
1.186614e-08,-7.238933e-03,1.801359e-02,2.500021e-02,-6.101015e+05,1.518187e+06,2.106972e+06,2.112432e-03,-5.183682e-03,-8.249542e-03,3.317492e-18,52,52211
0.000000e+00,1.062212e-08,2.372843e-07,5.192012e-07,0.000000e+00,0.000000e+00,0.000000e+00,-5.037069e+05,-2.209252e+07,-3.567279e+07,3.218880e-18,53,0
1.127500e-09,1.402960e-05,1.814877e-03,2.500161e-03,1.243613e+04,1.610630e+06,2.218276e+06,-2.213043e-03,-7.106214e-01,-7.605148e-01,3.218880e-18,53,4961
1.127000e-08,1.401664e-04,1.815175e-02,2.500016e-02,1.243656e+04,1.610756e+06,2.218412e+06,1.892610e-05,-5.984332e-03,-8.855350e-03,3.218880e-18,53,49588
0.000000e+00,-9.760479e-08,-7.250861e-08,5.157835e-07,0.000000e+00,0.000000e+00,0.000000e+00,1.308878e+07,7.362275e+06,-4.327698e+07,3.542175e-18,54,0
9.563636e-10,-8.410381e-04,-5.281646e-04,2.500286e-03,-8.800425e+05,-5.526532e+05,2.615582e+06,5.316372e-01,3.235853e-01,-1.247086e+00,3.542175e-18,54,4208
9.558182e-09,-8.411575e-03,-5.282335e-03,2.500039e-02,-8.801227e+05,-5.527020e+05,2.615771e+06,4.448296e-03,2.769027e-03,-1.395867e-02,3.542175e-18,54,42056
0.000000e+00,5.414302e-08,-2.273971e-07,4.392078e-07,0.000000e+00,0.000000e+00,0.000000e+00,-3.531108e+06,3.160935e+07,-3.975446e+07,3.685798e-18,55,0
1.119091e-09,2.317463e-04,-2.253130e-03,2.500487e-03,2.072005e+05,-2.014387e+06,2.235022e+06,-1.009862e-01,7.361473e-01,-5.998125e-01,3.685798e-18,55,4924
1.118568e-08,2.317697e-03,-2.253222e-02,2.500042e-02,2.072183e+05,-2.014516e+06,2.235129e+06,-9.553456e-04,6.234383e-03,-6.904710e-03,3.685798e-18,55,49217
0.000000e+00,-1.524290e-07,3.214556e-08,2.480575e-07,0.000000e+00,0.000000e+00,0.000000e+00,6.968400e+07,-1.613230e+07,-9.419892e+07,5.935210e-18,56,0
6.059091e-10,-1.878374e-03,4.359799e-04,2.500456e-03,-3.100531e+06,7.196597e+05,4.127188e+06,7.892630e-01,-1.912279e-01,-9.338043e-01,5.935210e-18,56,2666
6.057500e-09,-1.878154e-02,4.359353e-03,2.500060e-02,-3.100606e+06,7.196780e+05,4.127277e+06,7.790953e-03,-1.803702e-03,-9.523557e-03,5.935210e-18,56,26653
0.000000e+00,1.338185e-07,2.366031e-07,4.279189e-07,0.000000e+00,0.000000e+00,0.000000e+00,-1.749685e+07,-2.669018e+07,-3.835605e+07,3.574184e-18,57,0
1.147727e-09,1.263385e-03,2.025867e-03,2.500010e-03,1.101289e+06,1.765972e+06,2.178834e+06,-3.674201e-01,-6.145761e-01,-5.547365e-01,3.574184e-18,57,5050
1.147409e-08,1.263627e-02,2.026289e-02,2.500030e-02,1.101356e+06,1.766083e+06,2.178935e+06,-3.142267e-03,-5.091203e-03,-6.509951e-03,3.574184e-18,57,50486
0.000000e+00,6.800219e-08,-1.556001e-07,5.354328e-07,0.000000e+00,0.000000e+00,0.000000e+00,-7.138931e+06,1.763286e+07,-4.216479e+07,3.330164e-18,58,0
9.447727e-10,4.886494e-04,-1.177445e-03,2.500344e-03,5.175363e+05,-1.247060e+06,2.647618e+06,-2.758459e-01,6.674785e-01,-1.187661e+00,3.330164e-18,58,4157
9.442500e-09,4.886821e-03,-1.177532e-02,2.500033e-02,5.175774e+05,-1.247160e+06,2.647796e+06,-2.163045e-03,5.895594e-03,-1.297190e-02,3.330164e-18,58,41547
0.000000e+00,-1.559390e-07,-6.746564e-08,2.072447e-07,0.000000e+00,0.000000e+00,0.000000e+00,8.453650e+07,3.901962e+07,-8.834724e+07,6.422429e-18,59,0
6.613636e-10,-2.435436e-03,-1.115330e-03,2.500141e-03,-3.682833e+06,-1.686566e+06,3.780489e+06,6.506356e-01,2.685617e-01,-5.425554e-01,6.422429e-18,59,2910
6.612955e-09,-2.435449e-02,-1.115322e-02,2.500035e-02,-3.682901e+06,-1.686594e+06,3.780546e+06,6.314641e-03,2.908802e-03,-5.806734e-03,6.422429e-18,59,29097
0.000000e+00,1.815990e-07,2.323005e-10,5.951809e-07,0.000000e+00,0.000000e+00,0.000000e+00,-2.448172e+07,-8.054253e+06,-4.278263e+07,2.998305e-18,60,0
9.570455e-10,1.507898e-03,3.727498e-04,2.500171e-03,1.576590e+06,3.896116e+05,2.613302e+06,-8.420342e-01,-1.004380e-01,-1.053267e+00,2.998305e-18,60,4211
9.566364e-09,1.508217e-02,3.727148e-03,2.500005e-02,1.576718e+06,3.896268e+05,2.613462e+06,-7.087751e-03,-1.020679e-03,-1.156770e-02,2.998305e-18,60,42092
0.000000e+00,1.678154e-07,-2.341394e-07,4.518209e-07,0.000000e+00,0.000000e+00,0.000000e+00,-2.340558e+07,3.208392e+07,-3.176807e+07,3.398444e-18,61,0
1.363182e-09,1.971071e-03,-2.770645e-03,2.500165e-03,1.446435e+06,-2.033251e+06,1.834325e+06,-2.943114e-01,4.431302e-01,-2.630768e-01,3.398444e-18,61,5998
1.362909e-08,1.971356e-02,-2.771128e-02,2.500041e-02,1.446498e+06,-2.033346e+06,1.834383e+06,-2.628362e-03,3.695207e-03,-3.348095e-03,3.398444e-18,61,59968
0.000000e+00,6.693428e-08,1.707828e-07,4.005628e-07,0.000000e+00,0.000000e+00,0.000000e+00,-1.230667e+07,-3.521965e+07,-4.522193e+07,4.144095e-18,62,0
9.843182e-10,6.324917e-04,1.920046e-03,2.500307e-03,6.428304e+05,1.951474e+06,2.540924e+06,-2.361223e-01,-7.118700e-01,-7.888635e-01,4.144095e-18,62,4331
9.839091e-09,6.324878e-03,1.920072e-02,2.500051e-02,6.428671e+05,1.951585e+06,2.541047e+06,-2.067727e-03,-6.138786e-03,-8.556679e-03,4.144095e-18,62,43292
0.000000e+00,-1.538935e-07,-2.332687e-07,4.042681e-07,0.000000e+00,0.000000e+00,0.000000e+00,2.322315e+07,3.006197e+07,-3.372543e+07,3.656179e-18,63,0
1.325682e-09,-1.947914e-03,-2.459165e-03,2.500409e-03,-1.469998e+06,-1.855737e+06,1.886498e+06,3.679306e-01,4.387424e-01,-3.163343e-01,3.656179e-18,63,5833
1.325205e-08,-1.948040e-02,-2.459227e-02,2.500012e-02,-1.470075e+06,-1.855829e+06,1.886565e+06,3.141426e-03,3.754102e-03,-3.909337e-03,3.656179e-18,63,58309
0.000000e+00,1.469511e-07,-6.941676e-08,5.811192e-07,0.000000e+00,0.000000e+00,0.000000e+00,-1.313853e+07,6.539503e+06,-3.722799e+07,3.093099e-18,64,0
9.936364e-10,9.822298e-04,-3.789816e-04,2.500306e-03,9.891889e+05,-3.816144e+05,2.517519e+06,-5.608260e-01,2.068124e-01,-1.204963e+00,3.093099e-18,64,4372
9.930455e-09,9.823081e-03,-3.789640e-03,2.500031e-02,9.892767e+05,-3.816468e+05,2.517708e+06,-4.515479e-03,1.733174e-03,-1.337460e-02,3.093099e-18,64,43694
0.000000e+00,5.143311e-10,2.781922e-08,2.816408e-07,0.000000e+00,0.000000e+00,0.000000e+00,7.916997e+05,-1.503251e+07,-1.194977e+08,6.194771e-18,65,0
4.731818e-10,-1.811167e-05,3.200673e-04,2.500806e-03,-3.829408e+04,6.765502e+05,5.285827e+06,2.507037e-02,-2.884605e-01,-1.998126e+00,6.194771e-18,65,2082
4.729773e-09,-1.811205e-04,3.199941e-03,2.500094e-02,-3.829595e+04,6.765718e+05,5.285977e+06,2.144813e-04,-2.729115e-03,-2.021132e-02,6.194771e-18,65,20811
0.000000e+00,6.211911e-08,4.422246e-09,6.336768e-07,0.000000e+00,0.000000e+00,0.000000e+00,-5.773151e+06,-3.255573e+05,-3.775696e+07,2.951915e-18,66,0
8.959091e-10,3.327649e-04,1.691836e-04,2.500494e-03,3.717722e+05,1.890898e+05,2.792516e+06,-3.416251e-01,-1.688333e-01,-1.608446e+00,2.951915e-18,66,3942
8.952500e-09,3.328304e-03,1.692762e-03,2.500017e-02,3.718206e+05,1.891137e+05,2.792744e+06,-2.969991e-03,-1.072655e-03,-1.792794e-02,2.951915e-18,66,39391
0.000000e+00,-1.045039e-08,1.616837e-07,1.501233e-07,0.000000e+00,0.000000e+00,0.000000e+00,1.011453e+07,-1.576468e+08,-1.279981e+08,7.619629e-18,67,0
4.788636e-10,-1.981840e-04,3.089493e-03,2.501114e-03,-4.138673e+05,6.451790e+06,5.223003e+06,3.849388e-02,-6.088888e-01,-4.428698e-01,7.619629e-18,67,2107
4.786591e-09,-1.981022e-03,3.088221e-02,2.500051e-02,-4.138702e+05,6.451836e+06,5.223037e+06,3.901909e-04,-6.016726e-03,-4.466631e-03,7.619629e-18,67,21061
0.000000e+00,-1.351247e-07,1.296021e-08,1.714663e-07,0.000000e+00,0.000000e+00,0.000000e+00,1.360851e+08,-1.312088e+07,-1.516659e+08,7.743882e-18,68,0
4.036364e-10,-2.249342e-03,2.167607e-04,2.500569e-03,-5.572777e+06,5.370269e+05,6.195102e+06,7.483618e-01,-7.041578e-02,-7.644440e-01,7.743882e-18,68,1776
4.035455e-09,-2.248880e-02,2.167158e-03,2.500020e-02,-5.572825e+06,5.370314e+05,6.195151e+06,7.434386e-03,-7.196735e-04,-7.716696e-03,7.743882e-18,68,17756
0.000000e+00,-4.449520e-08,-5.614256e-09,4.468351e-07,0.000000e+00,0.000000e+00,0.000000e+00,9.649909e+06,-2.913258e+06,-4.842446e+07,4.135735e-18,69,0
8.900000e-10,-5.034858e-04,3.724077e-05,2.500524e-03,-5.661448e+05,4.191879e+04,2.811147e+06,3.876513e-01,-8.530823e-02,-1.624999e+00,4.135735e-18,69,3916
8.893182e-09,-5.034806e-03,3.728038e-04,2.500016e-02,-5.661992e+05,4.193074e+04,2.811376e+06,3.401445e-03,-2.992206e-04,-1.771509e-02,4.135735e-18,69,39130
0.000000e+00,4.801037e-08,2.013081e-07,2.413884e-07,0.000000e+00,0.000000e+00,0.000000e+00,-3.975292e+07,-7.365330e+07,-6.781062e+07,5.475924e-18,70,0
8.313636e-10,1.486973e-03,2.779073e-03,2.500265e-03,1.788900e+06,3.343232e+06,3.007645e+06,-2.991486e-01,-5.552154e-01,-4.095737e-01,5.475924e-18,70,3658
8.312273e-09,1.486981e-02,2.778994e-02,2.500052e-02,1.788939e+06,3.343305e+06,3.007699e+06,-2.831936e-03,-5.329391e-03,-4.256175e-03,5.475924e-18,70,36574
0.000000e+00,5.151389e-08,-4.242217e-08,5.368304e-07,0.000000e+00,0.000000e+00,0.000000e+00,-6.949404e+06,5.829446e+06,-4.445829e+07,3.483490e-18,71,0
8.822727e-10,4.110287e-04,-3.639252e-04,2.500342e-03,4.661987e+05,-4.128071e+05,2.835524e+06,-2.968731e-01,2.784270e-01,-1.649775e+00,3.483490e-18,71,3882
8.816818e-09,4.110375e-03,-3.639616e-03,2.500045e-02,4.662400e+05,-4.128459e+05,2.835754e+06,-3.181202e-03,2.500619e-03,-1.751483e-02,3.483490e-18,71,38794
0.000000e+00,-7.213304e-09,4.601264e-08,1.697047e-07,0.000000e+00,0.000000e+00,0.000000e+00,1.368304e+07,-8.549048e+07,-2.961377e+08,9.552424e-18,72,0
2.100000e-10,-1.156134e-04,7.225463e-04,2.501763e-03,-5.505271e+05,3.440618e+06,1.191281e+07,7.976869e-02,-5.209669e-01,-1.725848e+00,9.552424e-18,72,924
2.098636e-09,-1.155363e-03,7.220650e-03,2.500082e-02,-5.505297e+05,3.440635e+06,1.191287e+07,7.869647e-04,-5.229355e-03,-1.730976e-02,9.552424e-18,72,9234
0.000000e+00,2.111142e-08,1.133498e-07,4.354758e-07,0.000000e+00,0.000000e+00,0.000000e+00,-1.616613e+06,-1.775362e+07,-5.187383e+07,4.091974e-18,73,0
8.352273e-10,1.289235e-04,9.879226e-04,2.500133e-03,1.544509e+05,1.183539e+06,2.994703e+06,-8.658176e-02,-6.763391e-01,-1.500463e+00,4.091974e-18,73,3675
8.348182e-09,1.289377e-03,9.880354e-03,2.500043e-02,1.544623e+05,1.183629e+06,2.994901e+06,-8.957800e-04,-6.448074e-03,-1.570226e-02,4.091974e-18,73,36732
0.000000e+00,-1.460718e-07,-1.146128e-07,2.539825e-07,0.000000e+00,0.000000e+00,0.000000e+00,5.206678e+07,4.671981e+07,-7.487311e+07,5.544819e-18,74,0
7.395455e-10,-1.781082e-03,-1.601649e-03,2.500415e-03,-2.408763e+06,-2.166132e+06,3.381417e+06,5.639417e-01,5.220241e-01,-6.839061e-01,5.544819e-18,74,3254
7.393409e-09,-1.780903e-02,-1.601514e-02,2.500035e-02,-2.408829e+06,-2.166193e+06,3.381497e+06,5.559816e-03,4.931630e-03,-7.064112e-03,5.544819e-18,74,32531
0.000000e+00,-1.345166e-08,6.446657e-08,6.337807e-07,0.000000e+00,0.000000e+00,0.000000e+00,2.269458e+06,-5.215328e+06,-3.978861e+07,2.950217e-18,75,0
8.950000e-10,-1.408522e-04,3.942186e-04,2.500428e-03,-1.575529e+05,4.408287e+05,2.795432e+06,1.557653e-01,-3.252230e-01,-1.762810e+00,2.950217e-18,75,3938
8.943182e-09,-1.409013e-03,3.942394e-03,2.500023e-02,-1.575748e+05,4.408746e+05,2.795682e+06,1.413610e-03,-2.683696e-03,-1.852121e-02,2.950217e-18,75,39350
0.000000e+00,-1.840000e-07,-1.971619e-07,2.893609e-07,0.000000e+00,0.000000e+00,0.000000e+00,4.104523e+07,4.077842e+07,-4.464246e+07,4.436426e-18,76,0
1.151364e-09,-2.445280e-03,-2.410853e-03,2.500450e-03,-2.124347e+06,-2.094410e+06,2.171998e+06,3.978411e-01,3.845065e-01,-2.886259e-01,4.436426e-18,76,5066
1.151023e-08,-2.445172e-02,-2.410716e-02,2.500033e-02,-2.124419e+06,-2.094480e+06,2.172051e+06,3.418326e-03,3.293279e-03,-3.323374e-03,4.436426e-18,76,50645
0.000000e+00,1.543972e-07,1.007079e-07,2.042172e-07,0.000000e+00,0.000000e+00,0.000000e+00,-4.910689e+07,-7.615596e+07,-9.852551e+07,6.255382e-18,77,0
5.938636e-10,1.269319e-03,1.951119e-03,2.500055e-03,2.137497e+06,3.285845e+06,4.210090e+06,-4.192649e-01,-6.483677e-01,-7.314380e-01,6.255382e-18,77,2613
5.938182e-09,1.269296e-02,1.951199e-02,2.500042e-02,2.137536e+06,3.285906e+06,4.210159e+06,-4.143553e-03,-6.377588e-03,-7.399613e-03,6.255382e-18,77,26128
0.000000e+00,1.243298e-07,1.768732e-07,3.034468e-07,0.000000e+00,0.000000e+00,0.000000e+00,-3.624365e+07,-4.892941e+07,-4.253872e+07,4.755959e-18,78,0
1.196136e-09,2.235422e-03,3.019963e-03,2.500137e-03,1.869321e+06,2.525364e+06,2.090394e+06,-3.008157e-01,-4.036109e-01,-2.441506e-01,4.755959e-18,78,5263
1.195955e-08,2.235619e-02,3.020217e-02,2.500032e-02,1.869377e+06,2.525440e+06,2.090441e+06,-2.579189e-03,-3.506406e-03,-2.774607e-03,4.755959e-18,78,52622
0.000000e+00,5.262146e-08,7.789193e-08,5.953478e-07,0.000000e+00,0.000000e+00,0.000000e+00,-1.118726e+07,-1.308164e+07,-3.855367e+07,3.132567e-18,79,0
9.445455e-10,6.787334e-04,9.966147e-04,2.500217e-03,7.190443e+05,1.055966e+06,2.648100e+06,-3.815533e-01,-6.577131e-01,-1.208521e+00,3.132567e-18,79,4156
9.440682e-09,6.788232e-03,9.968937e-03,2.500011e-02,7.191011e+05,1.056064e+06,2.648281e+06,-3.527262e-03,-5.234383e-03,-1.321779e-02,3.132567e-18,79,41539
0.000000e+00,2.110203e-07,-6.910451e-08,4.740707e-07,0.000000e+00,0.000000e+00,0.000000e+00,-2.611749e+07,8.642369e+06,-3.976038e+07,3.526027e-18,80,0
1.053182e-09,1.876417e-03,-5.563707e-04,2.500520e-03,1.782707e+06,-5.285259e+05,2.375076e+06,-7.781899e-01,2.034685e-01,-7.907663e-01,3.526027e-18,80,4634
1.052591e-08,1.876453e-02,-5.563218e-03,2.500000e-02,1.782836e+06,-5.285597e+05,2.375208e+06,-6.446331e-03,1.952897e-03,-8.660734e-03,3.526027e-18,80,46314
0.000000e+00,1.359839e-07,-1.052229e-07,4.198732e-07,0.000000e+00,0.000000e+00,0.000000e+00,-2.363912e+07,1.984426e+07,-4.700725e+07,4.055559e-18,81,0
9.470455e-10,1.381446e-03,-1.143368e-03,2.500091e-03,1.459433e+06,-1.207950e+06,2.640812e+06,-6.232226e-01,5.363067e-01,-9.522809e-01,4.055559e-18,81,4167
9.466818e-09,1.381614e-02,-1.143539e-02,2.500021e-02,1.459526e+06,-1.208030e+06,2.640955e+06,-5.445037e-03,4.937592e-03,-1.009591e-02,4.055559e-18,81,41654
0.000000e+00,-2.031997e-07,9.724907e-08,5.573674e-07,0.000000e+00,0.000000e+00,0.000000e+00,2.212595e+07,-9.522537e+06,-3.161774e+07,3.070040e-18,82,0
1.207727e-09,-1.924092e-03,7.835936e-04,2.500115e-03,-1.594101e+06,6.491469e+05,2.070806e+06,6.206471e-01,-2.263916e-01,-6.224187e-01,3.070040e-18,82,5314
1.207250e-08,-1.924470e-02,7.836815e-03,2.500002e-02,-1.594219e+06,6.491899e+05,2.070925e+06,5.480158e-03,-2.197323e-03,-7.419515e-03,3.070040e-18,82,53119
0.000000e+00,-1.243065e-07,-1.135793e-07,5.272701e-07,0.000000e+00,0.000000e+00,0.000000e+00,1.694337e+07,1.553334e+07,-4.121460e+07,3.362206e-18,83,0
9.656818e-10,-1.060568e-03,-9.715124e-04,2.500140e-03,-1.098981e+06,-1.006634e+06,2.590059e+06,6.014159e-01,4.981705e-01,-1.101841e+00,3.362206e-18,83,4249
9.652273e-09,-1.060763e-02,-9.716273e-03,2.500013e-02,-1.099073e+06,-1.006710e+06,2.590227e+06,5.010219e-03,4.407015e-03,-1.189855e-02,3.362206e-18,83,42470
0.000000e+00,1.692435e-07,3.983696e-08,3.070540e-07,0.000000e+00,0.000000e+00,0.000000e+00,-4.932821e+07,-8.227768e+06,-6.387519e+07,5.034159e-18,84,0
7.977273e-10,2.020543e-03,3.370304e-04,2.500617e-03,2.533635e+06,4.225986e+05,3.135307e+06,-8.126230e-01,-1.328640e-01,-8.440242e-01,5.034159e-18,84,3510
7.973864e-09,2.020286e-02,3.369755e-03,2.500064e-02,2.533738e+06,4.226153e+05,3.135414e+06,-7.717666e-03,-1.235368e-03,-8.745567e-03,5.034159e-18,84,35085
0.000000e+00,1.906917e-07,1.682767e-07,5.363572e-07,0.000000e+00,0.000000e+00,0.000000e+00,-1.662697e+07,-2.387780e+07,-3.455208e+07,3.100386e-18,85,0
1.134091e-09,1.278574e-03,1.774613e-03,2.500239e-03,1.127948e+06,1.565607e+06,2.205282e+06,-4.178711e-01,-5.650926e-01,-6.376625e-01,3.100386e-18,85,4990
1.133636e-08,1.278684e-02,1.774822e-02,2.500009e-02,1.128023e+06,1.565708e+06,2.205397e+06,-3.663675e-03,-4.899365e-03,-7.305816e-03,3.100386e-18,85,49880
0.000000e+00,-1.430051e-07,-8.334514e-08,2.376322e-07,0.000000e+00,0.000000e+00,0.000000e+00,6.153586e+07,4.186469e+07,-8.922986e+07,5.996613e-18,86,0
6.365909e-10,-1.752271e-03,-1.196088e-03,2.500463e-03,-2.752973e+06,-1.879199e+06,3.928299e+06,6.613655e-01,4.703876e-01,-8.410571e-01,5.996613e-18,86,2801
6.364091e-09,-1.752024e-02,-1.195942e-02,2.500019e-02,-2.753039e+06,-1.879246e+06,3.928383e+06,6.546343e-03,4.620931e-03,-8.554702e-03,5.996613e-18,86,28002
0.000000e+00,-1.334707e-07,4.047204e-08,4.319362e-07,0.000000e+00,0.000000e+00,0.000000e+00,1.127718e+04,-9.012685e+06,-5.364415e+07,4.072613e-18,87,0
7.777273e-10,-1.440211e-04,4.522203e-04,2.500258e-03,-1.852314e+05,5.818593e+05,3.216456e+06,1.533676e-01,-3.835479e-01,-1.863229e+00,4.072613e-18,87,3422
7.772727e-09,-1.439824e-03,4.522599e-03,2.500069e-02,-1.852503e+05,5.819064e+05,3.216685e+06,1.128316e-03,-3.759665e-03,-1.911093e-02,4.072613e-18,87,34200
0.000000e+00,2.736601e-07,2.844612e-08,3.908859e-07,0.000000e+00,0.000000e+00,0.000000e+00,-3.959633e+07,-4.623570e+06,-3.099347e+07,3.767928e-18,88,0
1.444773e-09,3.560547e-03,4.096159e-04,2.500076e-03,2.465368e+06,2.836263e+05,1.730710e+06,-5.003331e-01,-5.832476e-02,-2.324926e-01,3.767928e-18,88,6357
1.444500e-08,3.561212e-02,4.096966e-03,2.500027e-02,2.465482e+06,2.836396e+05,1.730764e+06,-4.298790e-03,-5.591515e-04,-2.997072e-03,3.767928e-18,88,63558
0.000000e+00,2.553150e-07,-7.882828e-08,4.829563e-07,0.000000e+00,0.000000e+00,0.000000e+00,-2.282633e+07,1.233941e+07,-3.889628e+07,3.318234e-18,89,0
1.049773e-09,1.683189e-03,-7.570420e-04,2.500018e-03,1.604275e+06,-7.216525e+05,2.382356e+06,-7.168268e-01,3.684908e-01,-8.265918e-01,3.318234e-18,89,4619
1.049386e-08,1.683504e-02,-7.572871e-03,2.500028e-02,1.604394e+06,-7.217134e+05,2.382494e+06,-5.628648e-03,3.309048e-03,-9.305160e-03,3.318234e-18,89,46173
0.000000e+00,-1.353086e-07,2.536790e-07,4.463930e-07,0.000000e+00,0.000000e+00,0.000000e+00,1.675855e+07,-2.911790e+07,-3.179716e+07,3.403160e-18,90,0
1.316364e-09,-1.609734e-03,2.536480e-03,2.500274e-03,-1.223390e+06,1.927705e+06,1.899744e+06,3.018959e-01,-4.982238e-01,-3.262415e-01,3.403160e-18,90,5792
1.315977e-08,-1.609946e-02,2.536809e-02,2.500039e-02,-1.223453e+06,1.927808e+06,1.899813e+06,2.717075e-03,-4.200530e-03,-4.220993e-03,3.403160e-18,90,57903
0.000000e+00,-1.981658e-07,1.900365e-07,3.598054e-07,0.000000e+00,0.000000e+00,0.000000e+00,3.211212e+07,-2.637794e+07,-3.687931e+07,3.939125e-18,91,0
1.261591e-09,-2.436797e-03,1.989575e-03,2.500287e-03,-1.932283e+06,1.577586e+06,1.982232e+06,4.727902e-01,-3.596654e-01,-3.352793e-01,3.939125e-18,91,5551
1.261205e-08,-2.436998e-02,1.989656e-02,2.500015e-02,-1.932377e+06,1.577657e+06,1.982299e+06,4.060061e-03,-2.983291e-03,-3.992990e-03,3.939125e-18,91,55493
0.000000e+00,4.522300e-11,7.331717e-08,3.059070e-07,0.000000e+00,0.000000e+00,0.000000e+00,9.958402e+05,-2.634380e+07,-9.365326e+07,5.628112e-18,92,0
5.668182e-10,-3.020725e-05,7.218845e-04,2.500876e-03,-5.332326e+04,1.273916e+06,4.413088e+06,3.716709e-02,-5.658532e-01,-1.811344e+00,5.628112e-18,92,2494
5.665000e-09,-3.020730e-04,7.216753e-03,2.500029e-02,-5.332660e+04,1.273967e+06,4.413250e+06,3.968309e-04,-5.554142e-03,-1.834855e-02,5.628112e-18,92,24926
0.000000e+00,-4.594178e-08,1.737484e-07,2.623547e-07,0.000000e+00,0.000000e+00,0.000000e+00,1.739146e+07,-6.364075e+07,-7.400056e+07,5.486405e-18,93,0
7.395455e-10,-6.087879e-04,2.207150e-03,2.500086e-03,-8.233709e+05,2.985055e+06,3.381016e+06,2.219198e-01,-7.533461e-01,-7.327186e-01,5.486405e-18,93,3254
7.394318e-09,-6.088277e-03,2.207250e-02,2.500045e-02,-8.233969e+05,2.985143e+06,3.381102e+06,2.093928e-03,-7.228903e-03,-7.539601e-03,5.486405e-18,93,32535
0.000000e+00,4.536995e-08,7.126174e-08,6.315273e-07,0.000000e+00,0.000000e+00,0.000000e+00,-4.081868e+06,-7.227803e+06,-4.076993e+07,2.953031e-18,94,0
9.288636e-10,2.929713e-04,6.521294e-04,2.500108e-03,3.156811e+05,7.026078e+05,2.692968e+06,-2.469811e-01,-4.387623e-01,-1.514664e+00,2.953031e-18,94,4087
9.283409e-09,2.930593e-03,6.522543e-03,2.500017e-02,3.157173e+05,7.026721e+05,2.693191e+06,-2.356959e-03,-4.019999e-03,-1.619568e-02,2.953031e-18,94,40847
0.000000e+00,7.046906e-08,2.340115e-07,2.889239e-07,0.000000e+00,0.000000e+00,0.000000e+00,-1.787499e+07,-5.529015e+07,-4.665286e+07,4.655129e-18,95,0
1.094091e-09,1.021457e-03,3.132852e-03,2.500345e-03,9.338656e+05,2.864154e+06,2.285634e+06,-1.903028e-01,-5.623109e-01,-3.394071e-01,4.655129e-18,95,4814
1.093795e-08,1.021457e-02,3.132799e-02,2.500029e-02,9.338984e+05,2.864251e+06,2.285693e+06,-1.732277e-03,-4.830387e-03,-3.784923e-03,4.655129e-18,95,48127
0.000000e+00,5.631624e-08,-1.562052e-07,2.576937e-07,0.000000e+00,0.000000e+00,0.000000e+00,-2.264189e+07,6.145775e+07,-8.139356e+07,5.691479e-18,96,0
6.790909e-10,7.121849e-04,-1.931784e-03,2.500572e-03,1.048932e+06,-2.845196e+06,3.682721e+06,-2.826733e-01,7.672406e-01,-8.704066e-01,5.691479e-18,96,2988
6.788636e-09,7.120833e-03,-1.931505e-02,2.500080e-02,1.048962e+06,-2.845278e+06,3.682815e+06,-2.726151e-03,7.527982e-03,-8.858478e-03,5.691479e-18,96,29870
0.000000e+00,-1.043873e-07,2.734413e-07,4.249301e-07,0.000000e+00,0.000000e+00,0.000000e+00,1.212683e+07,-3.377110e+07,-3.185930e+07,3.488607e-18,97,0
1.370909e-09,-1.097872e-03,2.939324e-03,2.500270e-03,-8.011832e+05,2.144972e+06,1.824171e+06,2.023425e-01,-5.253168e-01,-3.076159e-01,3.488607e-18,97,6032
1.370477e-08,-1.098000e-02,2.939628e-02,2.500003e-02,-8.012268e+05,2.145086e+06,1.824239e+06,1.757405e-03,-4.469968e-03,-3.883232e-03,3.488607e-18,97,60301
0.000000e+00,1.712603e-08,7.755387e-08,5.293316e-07,0.000000e+00,0.000000e+00,0.000000e+00,-2.448858e+06,-1.022590e+07,-3.852152e+07,3.516614e-18,98,0
1.004091e-09,1.883438e-04,6.897630e-04,2.500100e-03,1.877242e+05,6.874124e+05,2.491325e+06,-1.068428e-01,-3.697381e-01,-1.316706e+00,3.516614e-18,98,4418
1.003477e-08,1.883748e-03,6.898004e-03,2.500002e-02,1.877411e+05,6.874709e+05,2.491534e+06,-4.590340e-04,-3.396163e-03,-1.514287e-02,3.516614e-18,98,44153
0.000000e+00,-1.044080e-07,1.055526e-07,1.425317e-07,0.000000e+00,0.000000e+00,0.000000e+00,1.231563e+08,-1.272722e+08,-1.499545e+08,8.159323e-18,99,0
4.113636e-10,-2.057688e-03,2.126651e-03,2.500997e-03,-5.002111e+06,5.169762e+06,6.079701e+06,4.382350e-01,-4.557194e-01,-4.863626e-01,8.159323e-18,99,1810
4.112045e-09,-2.056899e-02,2.125839e-02,2.500013e-02,-5.002139e+06,5.169792e+06,6.079733e+06,4.347198e-03,-4.525033e-03,-4.904900e-03,8.159323e-18,99,18093
0.000000e+00,1.198942e-07,1.678120e-08,5.667391e-07,0.000000e+00,0.000000e+00,0.000000e+00,-1.283691e+07,-4.525023e+04,-4.118874e+07,3.245025e-18,100,0
8.720455e-10,7.032831e-04,5.244139e-05,2.500213e-03,8.070128e+05,6.017909e+04,2.868624e+06,-5.468584e-01,-3.988633e-02,-1.652739e+00,3.245025e-18,100,3837
8.715000e-09,7.033136e-03,5.244590e-04,2.500018e-02,8.070881e+05,6.018460e+04,2.868852e+06,-5.005744e-03,-1.473921e-04,-1.733893e-02,3.245025e-18,100,38346
0.000000e+00,2.016050e-07,4.751544e-09,4.656099e-07,0.000000e+00,0.000000e+00,0.000000e+00,-2.576130e+07,1.621574e+06,-3.907555e+07,3.647845e-18,101,0
1.083636e-09,1.793596e-03,-7.034524e-05,2.500203e-03,1.656138e+06,-6.495668e+04,2.308098e+06,-7.222922e-01,2.561063e-02,-7.983316e-01,3.647845e-18,101,4768
1.083136e-08,1.793817e-02,-7.035605e-04,2.500002e-02,1.656261e+06,-6.496102e+04,2.308236e+06,-6.193926e-03,2.496778e-04,-9.185167e-03,3.647845e-18,101,47658
0.000000e+00,-4.089483e-08,2.642059e-07,5.132210e-07,0.000000e+00,0.000000e+00,0.000000e+00,8.997977e+06,-2.439853e+07,-3.447198e+07,3.164161e-18,102,0
1.121818e-09,-6.351064e-04,1.956608e-03,2.500223e-03,-5.664464e+05,1.745074e+06,2.229511e+06,2.060788e-01,-6.862209e-01,-7.180680e-01,3.164161e-18,102,4936
1.121318e-08,-6.351628e-03,1.956779e-02,2.500009e-02,-5.664828e+05,1.745195e+06,2.229639e+06,1.595495e-03,-5.974664e-03,-8.114969e-03,3.164161e-18,102,49338
0.000000e+00,-8.258518e-09,-8.176426e-08,2.829395e-07,0.000000e+00,0.000000e+00,0.000000e+00,3.780881e+06,3.729036e+07,-1.028974e+08,5.958622e-18,103,0
5.370455e-10,-9.469883e-05,-9.237307e-04,2.500562e-03,-1.763729e+05,-1.720401e+06,4.656906e+06,7.030614e-02,6.834531e-01,-1.665563e+00,5.958622e-18,103,2363
5.368409e-09,-9.468442e-04,-9.235846e-03,2.500033e-02,-1.763788e+05,-1.720459e+06,4.657048e+06,7.178217e-04,6.743517e-03,-1.685253e-02,5.958622e-18,103,23621
0.000000e+00,1.973289e-07,-4.649054e-08,5.406586e-07,0.000000e+00,0.000000e+00,0.000000e+00,-2.101875e+07,6.484124e+06,-3.773646e+07,3.217162e-18,104,0
1.010000e-09,1.446089e-03,-4.525113e-04,2.500114e-03,1.432645e+06,-4.482943e+05,2.476393e+06,-7.152399e-01,1.933563e-01,-1.009493e+00,3.217162e-18,104,4444
1.009545e-08,1.446318e-02,-4.525701e-03,2.500048e-02,1.432759e+06,-4.483251e+05,2.476555e+06,-5.512601e-03,1.725469e-03,-1.126822e-02,3.217162e-18,104,44420
0.000000e+00,-6.824382e-08,7.457952e-08,2.242352e-07,0.000000e+00,0.000000e+00,0.000000e+00,5.157260e+07,-5.549363e+07,-1.437285e+08,6.986610e-18,105,0
4.168182e-10,-9.022771e-04,9.708560e-04,2.500666e-03,-2.164821e+06,2.329358e+06,5.999651e+06,5.312464e-01,-5.713621e-01,-1.343654e+00,6.986610e-18,105,1834
4.167045e-09,-9.020955e-03,9.706596e-03,2.500100e-02,-2.164856e+06,2.329396e+06,5.999740e+06,5.253997e-03,-5.715345e-03,-1.355368e-02,6.986610e-18,105,18335
0.000000e+00,-9.720657e-09,8.638433e-08,5.935072e-07,0.000000e+00,0.000000e+00,0.000000e+00,8.099305e+06,-1.728681e+07,-3.386106e+07,3.149531e-18,106,0
1.025682e-09,-6.986474e-04,9.797215e-04,2.500044e-03,-6.816321e+05,9.558610e+05,2.438579e+06,3.160016e-01,-5.327169e-01,-1.092799e+00,3.149531e-18,106,4513
1.025182e-08,-6.987869e-03,9.799284e-03,2.500006e-02,-6.816832e+05,9.559471e+05,2.438757e+06,2.808013e-03,-4.703752e-03,-1.263485e-02,3.149531e-18,106,45108
0.000000e+00,3.164596e-08,2.625711e-07,5.144212e-07,0.000000e+00,0.000000e+00,0.000000e+00,-3.097412e+06,-2.938993e+07,-3.529956e+07,3.162172e-18,107,0
1.133409e-09,2.354218e-04,2.196040e-03,2.500149e-03,2.078289e+05,1.938550e+06,2.206585e+06,-8.553686e-02,-7.198316e-01,-6.688183e-01,3.162172e-18,107,4987
1.132977e-08,2.354650e-03,2.196328e-02,2.500030e-02,2.078442e+05,1.938678e+06,2.206705e+06,-5.713432e-04,-6.088533e-03,-7.602501e-03,3.162172e-18,107,49851
0.000000e+00,8.977888e-08,7.969189e-08,1.824121e-07,0.000000e+00,0.000000e+00,0.000000e+00,-8.950592e+07,-8.254619e+07,-1.610249e+08,7.768341e-18,108,0
3.797727e-10,1.393870e-03,1.285800e-03,2.501112e-03,3.670341e+06,3.385782e+06,6.585831e+06,-5.816119e-01,-5.423298e-01,-9.614068e-01,7.768341e-18,108,1671
3.796136e-09,1.393319e-02,1.285295e-02,2.500087e-02,3.670376e+06,3.385814e+06,6.585889e+06,-5.795682e-03,-5.363587e-03,-9.678823e-03,7.768341e-18,108,16703
0.000000e+00,2.159386e-07,-1.189013e-07,2.350885e-07,0.000000e+00,0.000000e+00,0.000000e+00,-6.625394e+07,3.620180e+07,-5.263296e+07,5.088805e-18,109,0
1.042955e-09,3.272308e-03,-1.787259e-03,2.500240e-03,3.138049e+06,-1.713929e+06,2.397467e+06,-4.558416e-01,2.484499e-01,-2.657586e-01,5.088805e-18,109,4589
1.042773e-08,3.272276e-02,-1.787241e-02,2.500026e-02,3.138124e+06,-1.713969e+06,2.397511e+06,-4.101722e-03,2.220953e-03,-2.874172e-03,5.088805e-18,109,45882
0.000000e+00,-8.242183e-08,-1.625647e-07,5.365862e-07,0.000000e+00,0.000000e+00,0.000000e+00,1.104536e+07,1.754054e+07,-3.931416e+07,3.278248e-18,110,0
1.009545e-09,-7.800201e-04,-1.253260e-03,2.500554e-03,-7.731239e+05,-1.242236e+06,2.477946e+06,3.762786e-01,6.417870e-01,-1.023978e+00,3.278248e-18,110,4442
1.008909e-08,-7.800084e-03,-1.253296e-02,2.500041e-02,-7.731838e+05,-1.242338e+06,2.478110e+06,2.746994e-03,5.361574e-03,-1.164176e-02,3.278248e-18,110,44392
0.000000e+00,-2.317802e-07,-3.908418e-08,2.737620e-07,0.000000e+00,0.000000e+00,0.000000e+00,5.884006e+07,2.292007e+07,-8.131068e+07,4.877404e-18,111,0
6.856818e-10,-1.877451e-03,-6.910201e-04,2.500755e-03,-2.738524e+06,-1.007931e+06,3.647578e+06,7.839915e-01,2.082700e-01,-8.895048e-01,4.877404e-18,111,3017
6.853864e-09,-1.876960e-02,-6.908239e-03,2.500017e-02,-2.738609e+06,-1.007954e+06,3.647674e+06,7.754898e-03,2.188519e-03,-9.242007e-03,4.877404e-18,111,30157
0.000000e+00,9.475671e-08,-1.529550e-07,4.408812e-07,0.000000e+00,0.000000e+00,0.000000e+00,-1.378469e+07,2.291806e+07,-4.330293e+07,3.880487e-18,112,0
1.007273e-09,9.118369e-04,-1.482026e-03,2.500238e-03,9.057726e+05,-1.472150e+06,2.483109e+06,-4.074861e-01,6.523808e-01,-9.047160e-01,3.880487e-18,112,4432
1.006818e-08,9.119446e-03,-1.482182e-02,2.500054e-02,9.058373e+05,-1.472254e+06,2.483254e+06,-3.318053e-03,5.404797e-03,-9.980037e-03,3.880487e-18,112,44300
0.000000e+00,1.586827e-07,5.718507e-08,3.177613e-07,0.000000e+00,0.000000e+00,0.000000e+00,-4.157678e+07,-1.643468e+07,-6.577841e+07,4.956606e-18,113,0
7.659091e-10,1.657889e-03,6.507482e-04,2.500283e-03,2.165295e+06,8.499147e+05,3.265206e+06,-7.846444e-01,-3.035584e-01,-1.007212e+00,4.956606e-18,113,3370
7.656591e-09,1.657879e-02,6.507449e-03,2.500048e-02,2.165390e+06,8.499514e+05,3.265328e+06,-7.546264e-03,-3.056565e-03,-1.046012e-02,4.956606e-18,113,33689
0.000000e+00,2.325988e-08,2.483742e-07,3.565235e-07,0.000000e+00,0.000000e+00,0.000000e+00,-3.824120e+06,-4.133653e+07,-4.185999e+07,4.112135e-18,114,0
1.114318e-09,2.697690e-04,2.710933e-03,2.500463e-03,2.421885e+05,2.433726e+06,2.244447e+06,-6.813110e-02,-6.618697e-01,-4.761804e-01,4.112135e-18,114,4903
1.113864e-08,2.697643e-03,2.710834e-02,2.500021e-02,2.422005e+05,2.433842e+06,2.244531e+06,-6.268707e-04,-5.740063e-03,-5.391188e-03,4.112135e-18,114,49010
0.000000e+00,-2.245011e-07,6.917576e-08,4.923871e-07,0.000000e+00,0.000000e+00,0.000000e+00,2.668577e+07,-7.337016e+06,-3.576541e+07,3.364060e-18,115,0
1.144091e-09,-2.007658e-03,5.279441e-04,2.500484e-03,-1.755779e+06,4.616600e+05,2.186294e+06,6.871897e-01,-1.554746e-01,-6.597800e-01,3.364060e-18,115,5034
1.143500e-08,-2.007727e-02,5.279084e-03,2.500046e-02,-1.755903e+06,4.616880e+05,2.186414e+06,5.938633e-03,-1.291329e-03,-7.631229e-03,3.364060e-18,115,50314
0.000000e+00,-1.314855e-07,-1.583791e-07,1.906759e-07,0.000000e+00,0.000000e+00,0.000000e+00,5.704725e+07,6.426502e+07,-6.951887e+07,6.104350e-18,116,0
8.165909e-10,-2.102717e-03,-2.371872e-03,2.500440e-03,-2.575337e+06,-2.904981e+06,3.062310e+06,4.137767e-01,4.694488e-01,-4.070387e-01,6.104350e-18,116,3593
8.163864e-09,-2.102474e-02,-2.371593e-02,2.500038e-02,-2.575390e+06,-2.905042e+06,3.062362e+06,4.000865e-03,4.465547e-03,-4.211786e-03,6.104350e-18,116,35921
0.000000e+00,8.670644e-08,4.303362e-08,2.020618e-07,0.000000e+00,0.000000e+00,0.000000e+00,-7.946105e+07,-3.910524e+07,-1.697054e+08,7.612058e-18,117,0
3.586364e-10,1.174447e-03,5.780019e-04,2.501339e-03,3.274851e+06,1.611710e+06,6.974680e+06,-6.836786e-01,-3.367116e-01,-1.361245e+00,7.612058e-18,117,1578
3.584545e-09,1.173892e-02,5.777283e-03,2.500123e-02,3.274890e+06,1.611729e+06,6.974758e+06,-6.811980e-03,-3.337836e-03,-1.369779e-02,7.612058e-18,117,15772
0.000000e+00,6.186869e-09,-5.990660e-08,4.862171e-07,0.000000e+00,0.000000e+00,0.000000e+00,2.211116e+06,8.197016e+06,-4.509370e+07,3.827627e-18,118,0
9.213636e-10,-1.518120e-04,-5.208439e-04,2.500176e-03,-1.649445e+05,-5.657481e+05,2.715017e+06,1.281981e-01,3.916928e-01,-1.493896e+00,3.827627e-18,118,4054
9.208182e-09,-1.518805e-03,-5.209486e-03,2.500052e-02,-1.649632e+05,-5.658050e+05,2.715235e+06,7.243361e-04,2.842807e-03,-1.644914e-02,3.827627e-18,118,40516
0.000000e+00,1.616184e-07,-8.399625e-08,4.699661e-07,0.000000e+00,0.000000e+00,0.000000e+00,-2.145478e+07,1.223635e+07,-4.055842e+07,3.682809e-18,119,0
1.040000e-09,1.482475e-03,-8.084838e-04,2.500185e-03,1.426277e+06,-7.778514e+05,2.404940e+06,-6.213455e-01,3.579848e-01,-8.764853e-01,3.682809e-18,119,4576
1.039523e-08,1.482641e-02,-8.085916e-03,2.500006e-02,1.426379e+06,-7.779101e+05,2.405084e+06,-4.982464e-03,2.998881e-03,-1.004374e-02,3.682809e-18,119,45739
0.000000e+00,1.254966e-07,-1.657638e-07,5.089629e-07,0.000000e+00,0.000000e+00,0.000000e+00,-2.907757e+06,-5.101939e+06,-3.275198e+07,3.406009e-18,120,0
1.042045e-09,3.902590e-04,8.190347e-05,2.500186e-03,3.748335e+05,7.877885e+04,2.400911e+06,-2.821787e-01,-5.757147e-02,-1.336782e+00,3.406009e-18,120,4585
1.041273e-08,3.903064e-03,8.201885e-04,2.500006e-02,3.748798e+05,7.878830e+04,2.401132e+06,-2.243709e-03,-3.895763e-04,-1.560765e-02,3.406009e-18,120,45816
0.000000e+00,-1.098683e-07,-8.622183e-08,3.814166e-07,0.000000e+00,0.000000e+00,0.000000e+00,2.467653e+07,1.967302e+07,-5.670227e+07,4.469967e-18,121,0
8.025000e-10,-1.248012e-03,-8.691931e-04,2.500539e-03,-1.555896e+06,-1.083547e+06,3.116896e+06,7.048435e-01,4.554135e-01,-1.160930e+00,4.469967e-18,121,3531
8.020909e-09,-1.247964e-02,-8.691026e-03,2.500045e-02,-1.555986e+06,-1.083605e+06,3.117043e+06,6.763870e-03,4.407011e-03,-1.204428e-02,4.469967e-18,121,35292
0.000000e+00,2.137220e-07,4.795159e-08,5.637121e-07,0.000000e+00,0.000000e+00,0.000000e+00,-1.856979e+07,-2.368604e+06,-2.337400e+07,3.065572e-18,122,0
1.347955e-09,2.017537e-03,3.085948e-04,2.500129e-03,1.497858e+06,2.291061e+05,1.855690e+06,-6.297019e-01,-1.004995e-01,-6.251184e-01,3.065572e-18,122,5931
1.347205e-08,2.017905e-02,3.086512e-03,2.500002e-02,1.497992e+06,2.291274e+05,1.855825e+06,-5.962333e-03,-9.259922e-04,-7.441318e-03,3.065572e-18,122,59277
0.000000e+00,8.295290e-08,1.646069e-07,4.126133e-07,0.000000e+00,0.000000e+00,0.000000e+00,-1.787494e+07,-2.897390e+07,-4.754102e+07,4.050625e-18,123,0
9.506818e-10,9.653664e-04,1.628065e-03,2.500462e-03,1.015944e+06,1.713347e+06,2.630983e+06,-4.208634e-01,-7.024993e-01,-8.552701e-01,4.050625e-18,123,4183
9.502273e-09,9.653747e-03,1.628065e-02,2.500046e-02,1.016007e+06,1.713453e+06,2.631112e+06,-3.612186e-03,-6.254062e-03,-9.371029e-03,4.050625e-18,123,41810
0.000000e+00,-2.369121e-07,3.210474e-08,4.173335e-07,0.000000e+00,0.000000e+00,0.000000e+00,4.034055e+07,-8.297810e+06,-4.288613e+07,3.774772e-18,124,0
1.082500e-09,-2.594546e-03,4.673870e-04,2.500250e-03,-2.397794e+06,4.319288e+05,2.310122e+06,7.256377e-01,-1.239103e-01,-4.721772e-01,3.774772e-18,124,4763
1.082205e-08,-2.594897e-02,4.674347e-03,2.500044e-02,-2.397918e+06,4.319499e+05,2.310204e+06,5.978776e-03,-9.782279e-04,-5.634459e-03,3.774772e-18,124,47617
0.000000e+00,2.408032e-08,9.019389e-08,1.322029e-07,0.000000e+00,0.000000e+00,0.000000e+00,-5.845808e+07,-2.186404e+08,-2.982815e+08,1.028076e-17,125,0
2.090909e-10,4.901132e-04,1.833074e-03,2.500139e-03,2.343957e+06,8.766639e+06,1.195681e+07,-1.953302e-01,-7.289615e-01,-9.456539e-01,1.028076e-17,125,920
2.090909e-09,4.901024e-03,1.833033e-02,2.500072e-02,2.343963e+06,8.766663e+06,1.195684e+07,-1.949384e-03,-7.270945e-03,-9.475862e-03,1.028076e-17,125,9200
0.000000e+00,-1.058209e-07,-1.370662e-07,2.962265e-07,0.000000e+00,0.000000e+00,0.000000e+00,3.144314e+07,4.087186e+07,-6.752271e+07,5.145257e-18,126,0
7.650000e-10,-1.200486e-03,-1.579281e-03,2.500379e-03,-1.569695e+06,-2.064996e+06,3.269118e+06,5.003479e-01,6.584370e-01,-9.032383e-01,5.145257e-18,126,3366
7.647500e-09,-1.200426e-02,-1.579207e-02,2.500071e-02,-1.569755e+06,-2.065075e+06,3.269228e+06,4.874803e-03,6.287907e-03,-9.262122e-03,5.145257e-18,126,33649
0.000000e+00,-1.529865e-07,2.037598e-07,4.655523e-07,0.000000e+00,0.000000e+00,0.000000e+00,1.735853e+07,-2.605915e+07,-3.401198e+07,3.440402e-18,127,0
1.207273e-09,-1.310352e-03,2.054610e-03,2.500109e-03,-1.085941e+06,1.702717e+06,2.071461e+06,3.835059e-01,-5.652254e-01,-5.132448e-01,3.440402e-18,127,5312
1.206886e-08,-1.310606e-02,2.054979e-02,2.500035e-02,-1.086014e+06,1.702824e+06,2.071559e+06,3.095147e-03,-4.684717e-03,-6.055975e-03,3.440402e-18,127,53103
0.000000e+00,2.034816e-07,1.737493e-07,4.616478e-07,0.000000e+00,0.000000e+00,0.000000e+00,-2.556911e+07,-2.338233e+07,-3.003167e+07,3.418642e-18,128,0
1.396364e-09,2.268351e-03,2.083774e-03,2.500004e-03,1.625183e+06,1.492947e+06,1.790755e+06,-4.043934e-01,-3.684936e-01,-3.191977e-01,3.418642e-18,128,6144
1.396068e-08,2.268859e-02,2.084247e-02,2.500036e-02,1.625271e+06,1.493027e+06,1.790827e+06,-3.616181e-03,-3.292633e-03,-4.008169e-03,3.418642e-18,128,61427
0.000000e+00,-5.493011e-09,-1.194782e-07,5.348708e-07,0.000000e+00,0.000000e+00,0.000000e+00,-6.709950e+05,1.175567e+07,-4.312565e+07,3.433353e-18,129,0
9.243182e-10,-3.680184e-05,-7.757130e-04,2.500574e-03,-3.982442e+04,-8.397903e+05,2.706666e+06,-5.555224e-03,5.148320e-01,-1.429449e+00,3.433353e-18,129,4067
9.236591e-09,-3.678279e-04,-7.756796e-03,2.500055e-02,-3.982359e+04,-8.398654e+05,2.706875e+06,-4.427346e-04,4.611329e-03,-1.552981e-02,3.433353e-18,129,40641
0.000000e+00,1.488967e-07,9.054179e-08,4.637802e-07,0.000000e+00,0.000000e+00,0.000000e+00,-2.144863e+07,-1.446713e+07,-4.003933e+07,3.738941e-18,130,0
1.118864e-09,1.670372e-03,1.015067e-03,2.500505e-03,1.493767e+06,9.077475e+05,2.235601e+06,-5.859850e-01,-3.645338e-01,-6.853380e-01,3.738941e-18,130,4923
1.118273e-08,1.670430e-02,1.015105e-02,2.500030e-02,1.493870e+06,9.078117e+05,2.235723e+06,-5.135700e-03,-3.080037e-03,-8.226434e-03,3.738941e-18,130,49204
0.000000e+00,8.816655e-08,2.444309e-07,3.987940e-07,0.000000e+00,0.000000e+00,0.000000e+00,-1.131480e+07,-3.769563e+07,-3.875508e+07,3.793313e-18,131,0
1.165682e-09,8.363094e-04,2.570549e-03,2.500204e-03,7.177489e+05,2.206077e+06,2.145341e+06,-2.145746e-01,-6.247018e-01,-4.610074e-01,3.793313e-18,131,5129
1.165318e-08,8.364044e-03,2.570778e-02,2.500021e-02,7.177883e+05,2.206192e+06,2.145427e+06,-1.861012e-03,-5.356030e-03,-5.368628e-03,3.793313e-18,131,51274
0.000000e+00,2.453638e-07,1.121832e-07,4.149856e-07,0.000000e+00,0.000000e+00,0.000000e+00,-3.517791e+07,-1.876889e+07,-3.368562e+07,3.663467e-18,132,0
1.362727e-09,2.937314e-03,1.579835e-03,2.500180e-03,2.156296e+06,1.159786e+06,1.834992e+06,-4.807391e-01,-2.616450e-01,-2.774997e-01,3.663467e-18,132,5996
1.362409e-08,2.937749e-02,1.580096e-02,2.500029e-02,2.156399e+06,1.159842e+06,1.835052e+06,-4.083104e-03,-2.191553e-03,-3.457568e-03,3.663467e-18,132,59946
0.000000e+00,-1.228223e-07,1.099374e-07,1.680239e-07,0.000000e+00,0.000000e+00,0.000000e+00,9.862461e+07,-9.312551e+07,-1.187979e+08,7.198933e-18,133,0
5.113636e-10,-2.083914e-03,1.969339e-03,2.500066e-03,-4.075309e+06,3.851267e+06,4.889057e+06,4.706742e-01,-4.574965e-01,-5.095724e-01,7.198933e-18,133,2250
5.113636e-09,-2.083974e-02,1.969406e-02,2.500099e-02,-4.075347e+06,3.851304e+06,4.889098e+06,4.640626e-03,-4.503472e-03,-5.164880e-03,7.198933e-18,133,22500
0.000000e+00,-4.260407e-09,8.222706e-08,2.346694e-07,0.000000e+00,0.000000e+00,0.000000e+00,2.038206e+06,-5.972230e+07,-1.433661e+08,6.931151e-18,134,0
4.150000e-10,-3.590004e-05,1.048696e-03,2.501165e-03,-8.650963e+04,2.527193e+06,6.027232e+06,2.344818e-02,-7.158217e-01,-1.558418e+00,6.931151e-18,134,1826
4.147955e-09,-3.588413e-04,1.048274e-02,2.500087e-02,-8.651117e+04,2.527240e+06,6.027335e+06,2.624438e-04,-7.134979e-03,-1.569682e-02,6.931151e-18,134,18251
0.000000e+00,4.712637e-08,-2.602152e-07,2.875987e-07,0.000000e+00,0.000000e+00,0.000000e+00,-1.208345e+07,5.750933e+07,-4.033146e+07,4.503703e-18,135,0
1.266591e-09,8.080693e-04,-3.851231e-03,2.500011e-03,6.381526e+05,-3.041367e+06,1.974016e+06,-1.034197e-01,4.803724e-01,-2.129321e-01,4.503703e-18,135,5573
1.266455e-08,8.081899e-03,-3.851750e-02,2.500016e-02,6.381732e+05,-3.041462e+06,1.974059e+06,-7.823451e-04,3.985589e-03,-2.519875e-03,4.503703e-18,135,55724
0.000000e+00,-1.909341e-08,-2.537557e-07,3.159444e-07,0.000000e+00,0.000000e+00,0.000000e+00,1.905386e+07,5.500101e+07,-4.113436e+07,4.388599e-18,136,0
1.250909e-09,-1.079865e-03,-3.638182e-03,2.500357e-03,-8.634926e+05,-2.909149e+06,1.999017e+06,1.382252e-01,4.778728e-01,-2.202714e-01,4.388599e-18,136,5504
1.250614e-08,-1.079892e-02,-3.638219e-02,2.500016e-02,-8.635198e+05,-2.909243e+06,1.999061e+06,1.233063e-03,4.024192e-03,-2.712258e-03,4.388599e-18,136,55027
0.000000e+00,-3.268947e-08,-1.739747e-07,5.439619e-07,0.000000e+00,0.000000e+00,0.000000e+00,5.388622e+06,1.878804e+07,-3.925555e+07,3.258073e-18,137,0
1.025455e-09,-3.407690e-04,-1.404343e-03,2.500388e-03,-3.325179e+05,-1.370383e+06,2.439245e+06,1.598455e-01,7.026360e-01,-9.410198e-01,3.258073e-18,137,4512
1.024909e-08,-3.407991e-03,-1.404512e-02,2.500026e-02,-3.325437e+05,-1.370496e+06,2.439398e+06,1.358659e-03,5.495172e-03,-1.104027e-02,3.258073e-18,137,45096
0.000000e+00,-2.447888e-07,7.644875e-08,4.399927e-07,0.000000e+00,0.000000e+00,0.000000e+00,3.503741e+07,-8.227772e+06,-3.647433e+07,3.566096e-18,138,0
1.239318e-09,-2.799354e-03,6.501932e-04,2.500188e-03,-2.259770e+06,5.248337e+05,2.017794e+06,6.219153e-01,-1.345562e-01,-3.863670e-01,3.566096e-18,138,5453
1.238977e-08,-2.799794e-02,6.502571e-03,2.500021e-02,-2.259892e+06,5.248600e+05,2.017871e+06,5.352731e-03,-1.080530e-03,-4.629397e-03,3.566096e-18,138,54515
0.000000e+00,1.702999e-07,-1.242159e-08,3.234251e-07,0.000000e+00,0.000000e+00,0.000000e+00,-4.604265e+07,3.026077e+06,-6.395781e+07,4.880100e-18,139,0
7.895455e-10,1.885217e-03,-1.236998e-04,2.500597e-03,2.388476e+06,-1.567171e+05,3.167822e+06,-8.169083e-01,4.991320e-02,-9.241334e-01,4.880100e-18,139,3474
7.891818e-09,1.884942e-02,-1.236784e-03,2.500001e-02,2.388577e+06,-1.567233e+05,3.167937e+06,-7.933232e-03,5.529537e-04,-9.683560e-03,4.880100e-18,139,34724
0.000000e+00,-3.131824e-08,-1.211131e-08,5.198194e-07,0.000000e+00,0.000000e+00,0.000000e+00,3.924432e+06,2.588246e+06,-4.705754e+07,3.621391e-18,140,0
8.277273e-10,-2.742281e-04,-1.496974e-04,2.500648e-03,-3.315219e+05,-1.810321e+05,3.022824e+06,1.843125e-01,1.681121e-01,-1.906569e+00,3.621391e-18,140,3642
8.270455e-09,-2.741804e-03,-1.497205e-03,2.500024e-02,-3.315460e+05,-1.810541e+05,3.023074e+06,1.652679e-03,1.742261e-03,-1.969024e-02,3.621391e-18,140,36390
0.000000e+00,-5.935015e-08,2.201133e-07,5.349625e-07,0.000000e+00,0.000000e+00,0.000000e+00,1.028101e+07,5.316303e+06,-2.383507e+07,3.184103e-18,141,0
1.131818e-09,-9.508984e-04,3.931634e-05,2.500357e-03,-8.409701e+05,3.464833e+04,2.210715e+06,5.209988e-01,-1.168423e-02,-1.122609e+00,3.184103e-18,141,4980
1.130864e-08,-9.510082e-03,3.919436e-04,2.500009e-02,-8.410630e+05,3.465039e+04,2.210916e+06,4.717482e-03,-1.060587e-04,-1.315895e-02,3.184103e-18,141,49758
0.000000e+00,-5.969628e-08,-2.489990e-07,2.938865e-07,0.000000e+00,0.000000e+00,0.000000e+00,1.683533e+07,5.410618e+07,-4.578980e+07,4.523973e-18,142,0
1.065455e-09,-9.715197e-04,-2.968683e-03,2.500098e-03,-9.121094e+05,-2.787032e+06,2.346909e+06,2.014382e-01,5.956956e-01,-4.017042e-01,4.523973e-18,142,4688
1.065227e-08,-9.716016e-03,-2.968824e-02,2.500003e-02,-9.121433e+05,-2.787132e+06,2.346977e+06,1.768137e-03,5.136298e-03,-4.343516e-03,4.523973e-18,142,46870
0.000000e+00,2.008707e-07,1.480651e-07,4.017293e-07,0.000000e+00,0.000000e+00,0.000000e+00,-3.015325e+07,-2.290057e+07,-3.951505e+07,3.835302e-18,143,0
1.148636e-09,2.117620e-03,1.616298e-03,2.500394e-03,1.844374e+06,1.407753e+06,2.177337e+06,-5.452101e-01,-4.212712e-01,-4.719606e-01,3.835302e-18,143,5054
1.148205e-08,2.117714e-02,1.616384e-02,2.500044e-02,1.844473e+06,1.407829e+06,2.177423e+06,-4.555858e-03,-3.462278e-03,-5.500374e-03,3.835302e-18,143,50521
0.000000e+00,1.062285e-07,1.021540e-07,6.331113e-07,0.000000e+00,0.000000e+00,0.000000e+00,-7.427494e+06,-7.260353e+06,-3.099002e+07,2.873667e-18,144,0
1.102727e-09,8.264136e-04,5.449053e-04,2.500029e-03,7.501004e+05,4.944887e+05,2.268419e+06,-4.713916e-01,-2.785176e-01,-1.134169e+00,2.873667e-18,144,4852
1.102091e-08,8.266719e-03,5.449732e-03,2.500024e-02,7.501823e+05,4.945370e+05,2.268617e+06,-4.084669e-03,-2.677392e-03,-1.300970e-02,2.873667e-18,144,48492
0.000000e+00,-1.550341e-07,-5.277535e-08,5.035036e-07,0.000000e+00,0.000000e+00,0.000000e+00,1.962211e+07,1.000433e+07,-4.066673e+07,3.523550e-18,145,0
9.990909e-10,-1.367515e-03,-7.205034e-04,2.500048e-03,-1.369637e+06,-7.216468e+05,2.503348e+06,6.947869e-01,3.395043e-01,-9.988057e-01,3.523550e-18,145,4396
9.986591e-09,-1.367794e-02,-7.206702e-03,2.500006e-02,-1.369747e+06,-7.217003e+05,2.503506e+06,5.723545e-03,2.852996e-03,-1.081849e-02,3.523550e-18,145,43941
0.000000e+00,1.241471e-07,-6.679514e-08,3.682689e-07,0.000000e+00,0.000000e+00,0.000000e+00,-3.458110e+07,3.244534e+07,-4.366769e+07,4.607519e-18,146,0
1.096136e-09,2.038574e-03,-1.887265e-03,2.500143e-03,1.860462e+06,-1.722405e+06,2.281359e+06,-4.735447e-01,4.360937e-01,-4.834763e-01,4.607519e-18,146,4823
1.095841e-08,2.038762e-02,-1.887471e-02,2.500021e-02,1.860543e+06,-1.722480e+06,2.281443e+06,-4.178272e-03,3.649586e-03,-5.375435e-03,4.607519e-18,146,48217
0.000000e+00,-7.278656e-08,-2.767465e-08,5.934963e-07,0.000000e+00,0.000000e+00,0.000000e+00,8.678245e+06,1.746696e+06,-4.217206e+07,3.146718e-18,147,0
8.786364e-10,-5.764879e-04,-1.366539e-04,2.500497e-03,-6.566965e+05,-1.556770e+05,2.847421e+06,5.156698e-01,1.301586e-01,-1.686157e+00,3.146718e-18,147,3866
8.780000e-09,-5.765753e-03,-1.366833e-03,2.500054e-02,-6.567680e+05,-1.556951e+05,2.847655e+06,4.368922e-03,1.066617e-03,-1.786045e-02,3.146718e-18,147,38632
0.000000e+00,1.919009e-07,-1.091595e-07,3.094593e-07,0.000000e+00,0.000000e+00,0.000000e+00,-4.436464e+07,2.161679e+07,-4.979840e+07,4.669289e-18,148,0
9.890909e-10,2.425279e-03,-1.146543e-03,2.500241e-03,2.452845e+06,-1.159529e+06,2.528318e+06,-6.652830e-01,2.982873e-01,-5.333260e-01,4.669289e-18,148,4352
9.887955e-09,2.425358e-02,-1.146538e-02,2.500001e-02,2.452949e+06,-1.159575e+06,2.528402e+06,-5.829092e-03,2.721542e-03,-5.666501e-03,4.669289e-18,148,43507
0.000000e+00,-6.789747e-08,-2.005356e-07,3.364836e-07,0.000000e+00,0.000000e+00,0.000000e+00,1.658706e+07,4.151307e+07,-4.799133e+07,4.496653e-18,149,0
9.820455e-10,-9.395351e-04,-2.290663e-03,2.500445e-03,-9.570866e+05,-2.333369e+06,2.546758e+06,2.953502e-01,6.851560e-01,-6.169516e-01,4.496653e-18,149,4321
9.816364e-09,-9.395077e-03,-2.290517e-02,2.500001e-02,-9.571323e+05,-2.333475e+06,2.546854e+06,2.626935e-03,6.098930e-03,-6.547012e-03,4.496653e-18,149,43192
0.000000e+00,-3.726256e-08,1.642361e-07,5.897796e-07,0.000000e+00,0.000000e+00,0.000000e+00,2.511001e+06,-1.612447e+07,-3.447466e+07,3.035079e-18,150,0
1.155455e-09,-3.923335e-04,1.418429e-03,2.500104e-03,-3.398167e+05,1.228487e+06,2.164718e+06,1.700071e-01,-6.142988e-01,-8.754191e-01,3.035079e-18,150,5084
1.154886e-08,-3.924454e-03,1.418756e-02,2.500028e-02,-3.398476e+05,1.228599e+06,2.164878e+06,1.445455e-03,-5.561769e-03,-1.051174e-02,3.035079e-18,150,50815
0.000000e+00,6.586716e-09,1.464493e-07,3.193273e-07,0.000000e+00,0.000000e+00,0.000000e+00,3.013220e+05,-4.468498e+07,-6.961124e+07,5.064698e-18,151,0
7.329545e-10,-1.630138e-05,1.673227e-03,2.500682e-03,-2.227130e+04,2.283580e+06,3.412531e+06,2.060492e-02,-8.518810e-01,-1.082537e+00,5.064698e-18,151,3225
7.325909e-09,-1.631480e-04,1.672931e-02,2.500003e-02,-2.227368e+04,2.283679e+06,3.412657e+06,1.754674e-04,-8.166909e-03,-1.118035e-02,5.064698e-18,151,32234
0.000000e+00,-2.116933e-07,-7.392650e-08,4.063861e-07,0.000000e+00,0.000000e+00,0.000000e+00,3.378515e+07,1.141455e+07,-4.141080e+07,3.903041e-18,152,0
1.128409e-09,-2.375887e-03,-8.088034e-04,2.500221e-03,-2.106453e+06,-7.170922e+05,2.216217e+06,6.533016e-01,2.328929e-01,-5.027433e-01,3.903041e-18,152,4965
1.128045e-08,-2.376167e-02,-8.089104e-03,2.500011e-02,-2.106569e+06,-7.171336e+05,2.216307e+06,5.476291e-03,2.103458e-03,-5.884010e-03,3.903041e-18,152,49634
0.000000e+00,-1.887410e-08,1.485850e-07,2.853450e-07,0.000000e+00,0.000000e+00,0.000000e+00,7.076425e+06,-5.732393e+07,-8.026164e+07,5.458681e-18,153,0
6.740909e-10,-2.367107e-04,1.826115e-03,2.500041e-03,-3.512400e+05,2.709614e+06,3.709322e+06,1.096036e-01,-8.404635e-01,-9.902074e-01,5.458681e-18,153,2966
6.739773e-09,-2.367280e-03,1.826222e-02,2.500014e-02,-3.512517e+05,2.709704e+06,3.709427e+06,1.119884e-03,-8.088386e-03,-1.011518e-02,5.458681e-18,153,29655
0.000000e+00,1.801659e-07,-4.565820e-08,5.799372e-07,0.000000e+00,0.000000e+00,0.000000e+00,-1.706116e+07,5.651157e+06,-3.671188e+07,3.055734e-18,154,0
1.005909e-09,1.212775e-03,-3.894143e-04,2.500542e-03,1.206377e+06,-3.873281e+05,2.486963e+06,-6.116461e-01,1.648752e-01,-1.099200e+00,3.055734e-18,154,4426
1.005250e-08,1.212710e-02,-3.893609e-03,2.500039e-02,1.206474e+06,-3.873542e+05,2.487138e+06,-4.854938e-03,1.652616e-03,-1.222406e-02,3.055734e-18,154,44231
0.000000e+00,3.026120e-08,-5.338548e-08,1.779075e-07,0.000000e+00,0.000000e+00,0.000000e+00,-4.683917e+07,8.369705e+07,-2.528474e+08,8.955344e-18,155,0
2.450000e-10,4.636065e-04,-8.284598e-04,2.500691e-03,1.892248e+06,-3.381429e+06,1.020668e+07,-3.114700e-01,5.583285e-01,-1.591759e+00,8.955344e-18,155,1078
2.449545e-09,4.635175e-03,-8.283014e-03,2.500190e-02,1.892260e+06,-3.381451e+06,1.020675e+07,-3.105475e-03,5.565579e-03,-1.594973e-02,8.955344e-18,155,10778
0.000000e+00,7.381471e-08,-2.325371e-07,3.992822e-07,0.000000e+00,0.000000e+00,0.000000e+00,-8.538582e+06,3.751678e+07,-3.992187e+07,3.885901e-18,156,0
1.163636e-09,6.798364e-04,-2.463663e-03,2.500260e-03,5.844667e+05,-2.118105e+06,2.149163e+06,-1.619082e-01,6.364687e-01,-4.731570e-01,3.885901e-18,156,5120
1.163250e-08,6.798796e-03,-2.463883e-02,2.500030e-02,5.844964e+05,-2.118221e+06,2.149250e+06,-1.491227e-03,5.359256e-03,-5.670935e-03,3.885901e-18,156,51183
0.000000e+00,-2.012451e-07,-1.302457e-08,3.083598e-07,0.000000e+00,0.000000e+00,0.000000e+00,4.990685e+07,9.837598e+05,-5.894122e+07,4.806141e-18,157,0
8.584091e-10,-2.231512e-03,-4.520535e-05,2.500000e-03,-2.600377e+06,-5.266548e+04,2.912969e+06,7.908097e-01,1.367159e-02,-7.461397e-01,4.806141e-18,157,3777
8.582273e-09,-2.231716e-02,-4.519982e-04,2.500002e-02,-2.600484e+06,-5.266735e+04,2.913070e+06,7.638980e-03,2.017786e-04,-7.724008e-03,4.806141e-18,157,37762
0.000000e+00,9.944307e-08,1.848053e-07,5.165241e-07,0.000000e+00,0.000000e+00,0.000000e+00,-1.096605e+07,-2.094837e+07,-3.538491e+07,3.310163e-18,158,0
1.142045e-09,8.660730e-04,1.642808e-03,2.500126e-03,7.588263e+05,1.439357e+06,2.190016e+06,-3.326744e-01,-6.179191e-01,-7.537560e-01,3.310163e-18,158,5025
1.141545e-08,8.662316e-03,1.643086e-02,2.500021e-02,7.588861e+05,1.439468e+06,2.190153e+06,-2.841316e-03,-5.255174e-03,-8.646087e-03,3.310163e-18,158,50228
0.000000e+00,-1.999072e-07,-1.336245e-07,3.893985e-07,0.000000e+00,0.000000e+00,0.000000e+00,3.279601e+07,2.258988e+07,-4.439985e+07,3.938327e-18,159,0
1.038182e-09,-1.996401e-03,-1.362725e-03,2.500141e-03,-1.923752e+06,-1.313101e+06,2.408782e+06,6.195771e-01,3.940297e-01,-6.057258e-01,3.938327e-18,159,4568
1.037864e-08,-1.996590e-02,-1.362818e-02,2.500003e-02,-1.923853e+06,-1.313165e+06,2.408882e+06,5.384274e-03,3.262076e-03,-6.523490e-03,3.938327e-18,159,45666
0.000000e+00,-5.873820e-08,1.269922e-07,2.058543e-07,0.000000e+00,0.000000e+00,0.000000e+00,4.375224e+07,-9.191386e+07,-1.244380e+08,6.872224e-18,160,0
4.820455e-10,-8.849136e-04,1.858358e-03,2.500010e-03,-1.835857e+06,3.855369e+06,5.186402e+06,3.424930e-01,-7.138197e-01,-8.544779e-01,6.872224e-18,160,2121
4.820455e-09,-8.849705e-03,1.858472e-02,2.500098e-02,-1.835883e+06,3.855424e+06,5.186468e+06,3.352415e-03,-7.074445e-03,-8.678356e-03,6.872224e-18,160,21210
0.000000e+00,6.565022e-08,-1.268427e-08,1.428656e-07,0.000000e+00,0.000000e+00,0.000000e+00,-1.703606e+08,3.313321e+07,-3.517492e+08,1.056098e-17,161,0
1.775000e-10,1.211865e-03,-2.356969e-04,2.501754e-03,6.827193e+06,-1.327828e+06,1.409389e+07,-6.888143e-01,1.343686e-01,-1.372404e+00,1.056098e-17,161,781
1.773864e-09,1.211057e-02,-2.355399e-03,2.500077e-02,6.827213e+06,-1.327832e+06,1.409393e+07,-6.890411e-03,1.339841e-03,-1.375304e-02,1.056098e-17,161,7805
0.000000e+00,-1.077164e-07,8.228423e-08,4.397762e-07,0.000000e+00,0.000000e+00,0.000000e+00,1.332305e+07,-1.310813e+07,-4.634426e+07,4.010911e-18,162,0
9.234091e-10,-7.283630e-04,8.038025e-04,2.500576e-03,-7.891964e+05,8.710583e+05,2.709275e+06,3.910240e-01,-4.990991e-01,-1.302618e+00,4.010911e-18,162,4063
9.227727e-09,-7.282493e-03,8.037848e-03,2.500057e-02,-7.892534e+05,8.711310e+05,2.709466e+06,4.236658e-03,-4.774321e-03,-1.447284e-02,4.010911e-18,162,40602
0.000000e+00,-1.009581e-07,1.392408e-07,4.031305e-07,0.000000e+00,0.000000e+00,0.000000e+00,1.507967e+07,-2.454797e+07,-4.541707e+07,4.154957e-18,163,0
9.604545e-10,-8.805082e-04,1.514823e-03,2.500588e-03,-9.172383e+05,1.578074e+06,2.604525e+06,4.036231e-01,-7.070080e-01,-9.591717e-01,4.154957e-18,163,4226
9.598864e-09,-8.804425e-03,1.514764e-02,2.500058e-02,-9.172994e+05,1.578181e+06,2.604671e+06,3.557370e-03,-6.213163e-03,-1.014031e-02,4.154957e-18,163,42235
0.000000e+00,-6.467953e-08,-1.812147e-07,3.584957e-07,0.000000e+00,0.000000e+00,0.000000e+00,1.374818e+07,3.519458e+07,-5.129556e+07,4.426220e-18,164,0
9.034091e-10,-7.128455e-04,-1.835858e-03,2.500578e-03,-7.893849e+05,-2.032982e+06,2.768737e+06,2.873527e-01,7.588156e-01,-8.692067e-01,4.426220e-18,164,3975
9.029545e-09,-7.127770e-03,-1.835688e-02,2.500055e-02,-7.894259e+05,-2.033091e+06,2.768862e+06,2.776458e-03,7.004876e-03,-9.163050e-03,4.426220e-18,164,39730
0.000000e+00,-2.327778e-08,-1.280356e-07,5.331136e-07,0.000000e+00,0.000000e+00,0.000000e+00,7.534204e+06,1.641875e+07,-4.140928e+07,3.422641e-18,165,0
9.468182e-10,-6.085249e-04,-9.144604e-04,2.500253e-03,-6.431543e+05,-9.664727e+05,2.641993e+06,3.376938e-01,5.728907e-01,-1.310128e+00,3.422641e-18,165,4166
9.462500e-09,-6.085778e-03,-9.145237e-03,2.500000e-02,-6.432048e+05,-9.665582e+05,2.642189e+06,3.243199e-03,4.873062e-03,-1.413405e-02,3.422641e-18,165,41635
0.000000e+00,-1.014455e-08,-2.843307e-07,4.667407e-07,0.000000e+00,0.000000e+00,0.000000e+00,-1.106983e+05,3.284019e+07,-3.252826e+07,3.321750e-18,166,0
1.359091e-09,2.838524e-05,-2.720454e-03,2.500173e-03,2.092565e+04,-2.002659e+06,1.840080e+06,-1.630954e-02,5.943736e-01,-3.973088e-01,3.321750e-18,166,5980
1.358636e-08,2.842843e-04,-2.720880e-02,2.500020e-02,2.092914e+04,-2.002786e+06,1.840167e+06,-1.202817e-04,5.335519e-03,-4.993709e-03,3.321750e-18,166,59780
0.000000e+00,1.408267e-07,8.422617e-08,4.826886e-07,0.000000e+00,0.000000e+00,0.000000e+00,-1.924961e+07,-1.309161e+07,-4.246283e+07,3.650912e-18,167,0
9.659091e-10,1.157352e-03,7.915291e-04,2.500155e-03,1.198875e+06,8.199991e+05,2.589470e+06,-5.752536e-01,-4.452514e-01,-1.086014e+00,3.650912e-18,167,4250
9.654545e-09,1.157457e-02,7.916692e-03,2.500031e-02,1.198962e+06,8.200670e+05,2.589636e+06,-5.326415e-03,-3.447727e-03,-1.183520e-02,3.650912e-18,167,42480
0.000000e+00,1.681846e-07,-1.562259e-07,2.425275e-07,0.000000e+00,0.000000e+00,0.000000e+00,-5.433836e+07,5.291317e+07,-5.921832e+07,5.205670e-18,168,0
9.334091e-10,2.369164e-03,-2.318690e-03,2.500258e-03,2.538587e+06,-2.484530e+06,2.678868e+06,-4.172974e-01,4.214873e-01,-3.531355e-01,5.205670e-18,168,4107
9.332273e-09,2.369084e-02,-2.318635e-02,2.500007e-02,2.538649e+06,-2.484592e+06,2.678920e+06,-3.960235e-03,3.915461e-03,-3.754836e-03,5.205670e-18,168,41062
0.000000e+00,1.885238e-07,1.265506e-07,3.346457e-07,0.000000e+00,0.000000e+00,0.000000e+00,-3.792355e+07,-2.834197e+07,-4.494011e+07,4.413676e-18,169,0
1.070455e-09,2.273099e-03,1.728335e-03,2.500393e-03,2.124188e+06,1.615169e+06,2.336285e+06,-5.305974e-01,-4.309445e-01,-4.619070e-01,4.413676e-18,169,4710
1.070091e-08,2.273071e-02,1.728373e-02,2.500050e-02,2.124277e+06,1.615242e+06,2.336363e+06,-4.607523e-03,-3.752411e-03,-5.049878e-03,4.413676e-18,169,47084
0.000000e+00,2.287686e-07,-1.704385e-07,4.364403e-07,0.000000e+00,0.000000e+00,0.000000e+00,-3.071243e+07,2.110301e+07,-3.192166e+07,3.478603e-18,170,0
1.349091e-09,2.588912e-03,-1.775969e-03,2.500026e-03,1.919784e+06,-1.316932e+06,1.853505e+06,-4.609364e-01,3.080693e-01,-3.263037e-01,3.478603e-18,170,5936
1.348795e-08,2.589390e-02,-1.776268e-02,2.500017e-02,1.919882e+06,-1.316997e+06,1.853575e+06,-3.873939e-03,2.698604e-03,-4.074740e-03,3.478603e-18,170,59347
0.000000e+00,1.788584e-07,-3.011030e-08,2.478129e-07,0.000000e+00,0.000000e+00,0.000000e+00,-7.076524e+07,9.931057e+06,-7.590538e+07,5.669363e-18,171,0
7.313636e-10,2.390209e-03,-3.336483e-04,2.500177e-03,3.268738e+06,-4.562679e+05,3.418912e+06,-7.685564e-01,1.001443e-01,-6.832430e-01,5.669363e-18,171,3218
7.312273e-09,2.390196e-02,-3.336369e-03,2.500016e-02,3.268826e+06,-4.562795e+05,3.418991e+06,-7.347510e-03,1.023868e-03,-6.996631e-03,5.669363e-18,171,32174
0.000000e+00,-1.164549e-07,-1.851496e-08,3.594443e-07,0.000000e+00,0.000000e+00,0.000000e+00,2.981220e+07,3.804899e+06,-6.317751e+07,4.762544e-18,172,0
7.375000e-10,-1.233059e-03,-1.560933e-04,2.500240e-03,-1.672664e+06,-2.117238e+05,3.391224e+06,7.890870e-01,8.379653e-02,-1.385461e+00,4.762544e-18,172,3245
7.372045e-09,-1.233093e-02,-1.560838e-03,2.500035e-02,-1.672756e+06,-2.117336e+05,3.391385e+06,7.640707e-03,8.270530e-04,-1.416591e-02,4.762544e-18,172,32437
0.000000e+00,-1.849432e-07,-1.699731e-07,2.493316e-07,0.000000e+00,0.000000e+00,0.000000e+00,5.342794e+07,4.641431e+07,-4.975233e+07,4.915063e-18,173,0
1.088636e-09,-2.826293e-03,-2.437724e-03,2.500141e-03,-2.596669e+06,-2.239642e+06,2.296779e+06,4.008814e-01,3.351385e-01,-2.534024e-01,4.915063e-18,173,4790
1.088477e-08,-2.826418e-02,-2.437803e-02,2.500006e-02,-2.596738e+06,-2.239700e+06,2.296823e+06,3.449729e-03,2.936325e-03,-2.826914e-03,4.915063e-18,173,47893
0.000000e+00,4.250117e-08,-1.607362e-07,5.048298e-07,0.000000e+00,0.000000e+00,0.000000e+00,-1.788338e+06,2.493980e+07,-4.249590e+07,3.519891e-18,174,0
9.670455e-10,1.578947e-04,-1.505279e-03,2.500209e-03,1.633940e+05,-1.557510e+06,2.586437e+06,-1.084747e-01,7.787923e-01,-1.058474e+00,3.519891e-18,174,4255
9.665909e-09,1.579355e-03,-1.505471e-02,2.500044e-02,1.634105e+05,-1.557629e+06,2.586599e+06,-1.157408e-03,6.597853e-03,-1.154979e-02,3.519891e-18,174,42530
0.000000e+00,-4.343560e-08,-1.341498e-07,5.037025e-07,0.000000e+00,0.000000e+00,0.000000e+00,7.595370e+06,1.696176e+07,-4.124322e+07,3.571830e-18,175,0
1.037045e-09,-5.033785e-04,-1.171866e-03,2.500290e-03,-4.857318e+05,-1.130778e+06,2.411973e+06,2.673413e-01,6.068582e-01,-9.865705e-01,3.571830e-18,175,4563
1.036500e-08,-5.034601e-03,-1.172048e-02,2.500031e-02,-4.857755e+05,-1.130877e+06,2.412135e+06,1.986616e-03,5.006542e-03,-1.166404e-02,3.571830e-18,175,45606
0.000000e+00,-2.398673e-07,1.199792e-07,4.512392e-07,0.000000e+00,0.000000e+00,0.000000e+00,3.150304e+07,-1.570800e+07,-3.408806e+07,3.459566e-18,176,0
1.271136e-09,-2.576710e-03,1.255121e-03,2.500113e-03,-2.027995e+06,9.878195e+05,1.967261e+06,5.625456e-01,-2.648612e-01,-3.871765e-01,3.459566e-18,176,5593
1.270795e-08,-2.577158e-02,1.255314e-02,2.500006e-02,-2.028107e+06,9.878724e+05,1.967339e+06,4.727638e-03,-2.370805e-03,-4.731030e-03,3.459566e-18,176,55915
0.000000e+00,8.644831e-09,-1.477972e-07,4.290476e-07,0.000000e+00,0.000000e+00,0.000000e+00,-1.790648e+06,1.920084e+07,-4.763133e+07,4.069397e-18,177,0
9.129545e-10,9.331769e-05,-1.138209e-03,2.500474e-03,1.022147e+05,-1.247481e+06,2.740173e+06,-8.056785e-03,6.801984e-01,-1.323802e+00,4.069397e-18,177,4017
9.123636e-09,9.325780e-04,-1.138154e-02,2.500046e-02,1.022159e+05,-1.247579e+06,2.740364e+06,-3.442934e-04,5.979244e-03,-1.419468e-02,4.069397e-18,177,40144
0.000000e+00,-2.052346e-07,5.694685e-08,3.184441e-07,0.000000e+00,0.000000e+00,0.000000e+00,4.885710e+07,-1.226224e+07,-5.089239e+07,4.630637e-18,178,0
9.800000e-10,-2.582122e-03,6.487021e-04,2.500371e-03,-2.635649e+06,6.621507e+05,2.551878e+06,6.947195e-01,-1.802423e-01,-5.343401e-01,4.630637e-18,178,4312
9.796818e-09,-2.582094e-02,6.486968e-03,2.500042e-02,-2.635756e+06,6.621786e+05,2.551961e+06,6.330323e-03,-1.622492e-03,-5.664619e-03,4.630637e-18,178,43106
0.000000e+00,9.874252e-08,2.226146e-07,3.787962e-07,0.000000e+00,0.000000e+00,0.000000e+00,-2.042282e+07,-3.643991e+07,-3.365572e+07,4.005475e-18,179,0
1.346591e-09,1.650096e-03,2.964079e-03,2.500134e-03,1.225854e+06,2.202007e+06,1.856964e+06,-2.605694e-01,-4.797888e-01,-2.772650e-01,4.005475e-18,179,5925
1.346295e-08,1.650355e-02,2.964541e-02,2.500038e-02,1.225909e+06,2.202108e+06,1.857024e+06,-2.274467e-03,-3.952837e-03,-3.357997e-03,4.005475e-18,179,59237
0.000000e+00,-2.026882e-07,-1.411747e-07,4.644721e-07,0.000000e+00,0.000000e+00,0.000000e+00,2.468280e+07,1.683255e+07,-3.501835e+07,3.460706e-18,180,0
1.194091e-09,-1.920010e-03,-1.291703e-03,2.500429e-03,-1.608770e+06,-1.082295e+06,2.094641e+06,5.687635e-01,3.747106e-01,-5.558628e-01,3.460706e-18,180,5254
1.193523e-08,-1.920098e-02,-1.291741e-02,2.500019e-02,-1.608877e+06,-1.082365e+06,2.094747e+06,4.913883e-03,3.351935e-03,-6.590708e-03,3.460706e-18,180,52515
0.000000e+00,1.840120e-07,-1.191457e-07,5.720350e-07,0.000000e+00,0.000000e+00,0.000000e+00,-1.813646e+07,1.153288e+07,-3.458013e+07,3.015463e-18,181,0
1.111364e-09,1.391860e-03,-9.419282e-04,2.500506e-03,1.253149e+06,-8.481187e+05,2.250750e+06,-5.730604e-01,4.167291e-01,-7.837858e-01,3.015463e-18,181,4890
1.110750e-08,1.391934e-02,-9.420443e-03,2.500045e-02,1.253249e+06,-8.481916e+05,2.250888e+06,-5.306136e-03,3.672122e-03,-9.367396e-03,3.015463e-18,181,48873
0.000000e+00,-3.876082e-08,3.838727e-08,2.295251e-07,0.000000e+00,0.000000e+00,0.000000e+00,3.352212e+07,-2.925079e+07,-1.672892e+08,7.286025e-18,182,0
3.600000e-10,-5.035105e-04,4.387593e-04,2.500741e-03,-1.398728e+06,1.218833e+06,6.946749e+06,3.972162e-01,-3.324621e-01,-1.805916e+00,7.286025e-18,182,1584
3.598864e-09,-5.033860e-03,4.386444e-03,2.500059e-02,-1.398750e+06,1.218852e+06,6.946852e+06,3.910051e-03,-3.392796e-03,-1.817702e-02,7.286025e-18,182,15835
0.000000e+00,9.135767e-09,-2.200232e-07,4.887159e-07,0.000000e+00,0.000000e+00,0.000000e+00,-2.240970e+06,2.673206e+07,-3.614870e+07,3.446442e-18,183,0
1.179545e-09,1.631649e-04,-2.109798e-03,2.500166e-03,1.384589e+05,-1.789670e+06,2.120234e+06,-8.316440e-02,6.843529e-01,-5.793617e-01,3.446442e-18,183,5190
1.179114e-08,1.632571e-03,-2.110216e-02,2.500017e-02,1.384744e+05,-1.789797e+06,2.120343e+06,-5.892002e-04,5.867619e-03,-7.262741e-03,3.446442e-18,183,51881
0.000000e+00,1.562621e-07,-8.073802e-09,5.069091e-07,0.000000e+00,0.000000e+00,0.000000e+00,-1.853612e+07,2.101249e+05,-4.386760e+07,3.523711e-18,184,0
9.020455e-10,1.308864e-03,-8.086336e-07,2.500361e-03,1.451961e+06,-9.173645e+02,2.773053e+06,-8.119291e-01,2.082680e-02,-1.255291e+00,3.523711e-18,184,3969
9.015455e-09,1.309000e-02,-8.271476e-06,2.500048e-02,1.452077e+06,-9.203093e+02,2.773233e+06,-6.746036e-03,-1.202421e-04,-1.327192e-02,3.523711e-18,184,39668
0.000000e+00,1.451898e-07,5.038015e-08,4.900343e-07,0.000000e+00,0.000000e+00,0.000000e+00,-2.050202e+07,-6.026296e+06,-4.307281e+07,3.631596e-18,185,0
9.365909e-10,1.130498e-03,4.416103e-04,2.500472e-03,1.207715e+06,4.718021e+05,2.670927e+06,-6.197973e-01,-2.410753e-01,-1.208241e+00,3.631596e-18,185,4121
9.360000e-09,1.130422e-02,4.416041e-03,2.500003e-02,1.207807e+06,4.718377e+05,2.671106e+06,-5.363400e-03,-1.935632e-03,-1.316948e-02,3.631596e-18,185,41184
0.000000e+00,-1.393333e-07,-1.943867e-07,4.910197e-07,0.000000e+00,0.000000e+00,0.000000e+00,1.596551e+07,2.180897e+07,-3.539256e+07,3.358570e-18,186,0
1.150455e-09,-1.214286e-03,-1.613294e-03,2.500304e-03,-1.056088e+06,-1.403093e+06,2.174012e+06,4.273471e-01,5.612861e-01,-6.318101e-01,3.358570e-18,186,5062
1.149955e-08,-1.214451e-02,-1.613491e-02,2.500033e-02,-1.056166e+06,-1.403195e+06,2.174127e+06,3.404261e-03,4.532153e-03,-7.759096e-03,3.358570e-18,186,50598
0.000000e+00,2.050755e-08,-6.587042e-08,6.642548e-07,0.000000e+00,0.000000e+00,0.000000e+00,-3.827127e+06,6.605703e+06,-3.669882e+07,2.804670e-18,187,0
9.986364e-10,2.625542e-04,-5.430852e-04,2.500194e-03,2.630511e+05,-5.442765e+05,2.504822e+06,-1.180361e-01,3.561539e-01,-1.302001e+00,2.804670e-18,187,4394
9.980682e-09,2.625430e-03,-5.432219e-03,2.500014e-02,2.630697e+05,-5.443326e+05,2.505028e+06,-1.084378e-03,2.958538e-03,-1.511943e-02,2.804670e-18,187,43915
0.000000e+00,1.685512e-07,6.638485e-09,1.764035e-07,0.000000e+00,0.000000e+00,0.000000e+00,-1.240847e+08,-3.997693e+06,-1.097495e+08,6.958852e-18,188,0
5.493182e-10,2.843860e-03,9.140954e-05,2.500676e-03,5.177286e+06,1.664091e+05,4.552411e+06,-6.661392e-01,-2.007962e-02,-5.194244e-01,6.958852e-18,188,2417
5.491591e-09,2.843166e-02,9.138557e-04,2.500012e-02,5.177344e+06,1.664108e+05,4.552456e+06,-6.583448e-03,-2.119350e-04,-5.250366e-03,6.958852e-18,188,24163
0.000000e+00,2.414452e-07,8.983024e-08,3.450622e-07,0.000000e+00,0.000000e+00,0.000000e+00,-4.644414e+07,-2.045727e+07,-3.719100e+07,4.153230e-18,189,0
1.306136e-09,3.392977e-03,1.472553e-03,2.500426e-03,2.598486e+06,1.127742e+06,1.914611e+06,-4.694089e-01,-1.973946e-01,-2.402093e-01,4.153230e-18,189,5747
1.305750e-08,3.392968e-02,1.472545e-02,2.500020e-02,2.598583e+06,1.127782e+06,1.914661e+06,-3.992598e-03,-1.623889e-03,-2.838482e-03,4.153230e-18,189,57453
0.000000e+00,-1.010640e-07,-1.334775e-07,1.712033e-07,0.000000e+00,0.000000e+00,0.000000e+00,7.726535e+07,1.060487e+08,-1.103300e+08,7.085036e-18,190,0
5.484091e-10,-1.760910e-03,-2.418143e-03,2.500354e-03,-3.211052e+06,-4.409546e+06,4.559339e+06,3.768627e-01,5.260901e-01,-4.688365e-01,7.085036e-18,190,2413
5.483409e-09,-1.760758e-02,-2.417944e-02,2.500086e-02,-3.211084e+06,-4.409591e+06,4.559380e+06,3.686208e-03,5.084064e-03,-4.771107e-03,7.085036e-18,190,24127
0.000000e+00,-6.569717e-08,-1.943960e-07,5.472007e-07,0.000000e+00,0.000000e+00,0.000000e+00,8.870073e+06,2.108574e+07,-3.785305e+07,3.167109e-18,191,0
1.021591e-09,-6.704276e-04,-1.615762e-03,2.500273e-03,-6.567264e+05,-1.582514e+06,2.448316e+06,3.499994e-01,6.970799e-01,-9.006811e-01,3.167109e-18,191,4495
1.021114e-08,-6.705874e-03,-1.615920e-02,2.500029e-02,-6.567827e+05,-1.582626e+06,2.448462e+06,2.851375e-03,5.554713e-03,-9.977812e-03,3.167109e-18,191,44929
0.000000e+00,-1.204758e-07,1.748861e-07,5.272801e-07,0.000000e+00,0.000000e+00,0.000000e+00,1.671796e+07,-1.557743e+07,-3.392346e+07,3.268136e-18,192,0
1.155227e-09,-1.295861e-03,1.393718e-03,2.500051e-03,-1.122450e+06,1.207231e+06,2.164935e+06,4.828582e-01,-5.359646e-01,-7.188871e-01,3.268136e-18,192,5083
1.154773e-08,-1.296168e-02,1.394070e-02,2.500027e-02,-1.122538e+06,1.207328e+06,2.165067e+06,4.038651e-03,-4.386336e-03,-8.432084e-03,3.268136e-18,192,50810
0.000000e+00,-1.488896e-07,2.331792e-07,3.276817e-07,0.000000e+00,0.000000e+00,0.000000e+00,2.662316e+07,-4.052167e+07,-3.771544e+07,4.119745e-18,193,0
1.276364e-09,-1.934784e-03,2.920444e-03,2.500342e-03,-1.516335e+06,2.288813e+06,1.959270e+06,3.023866e-01,-4.567712e-01,-2.800667e-01,4.119745e-18,193,5616
1.276000e-08,-1.934840e-02,2.920521e-02,2.500042e-02,-1.516396e+06,2.288905e+06,1.959327e+06,2.526811e-03,-3.847513e-03,-3.241176e-03,4.119745e-18,193,56144
0.000000e+00,-1.872150e-07,-1.539626e-08,4.981518e-07,0.000000e+00,0.000000e+00,0.000000e+00,1.262550e+07,3.394902e+04,-2.769201e+07,3.496132e-18,194,0
1.147727e-09,-1.329873e-03,-6.414066e-05,2.500103e-03,-1.159657e+06,-5.595925e+04,2.179586e+06,6.442210e-01,4.630519e-02,-9.499556e-01,3.496132e-18,194,5050
1.147023e-08,-1.330142e-02,-6.418516e-04,2.500036e-02,-1.159773e+06,-5.596764e+04,2.179759e+06,5.656656e-03,5.144490e-04,-1.116789e-02,3.496132e-18,194,50469
0.000000e+00,-1.404926e-07,-5.247008e-08,2.856421e-07,0.000000e+00,0.000000e+00,0.000000e+00,4.650203e+07,1.793567e+07,-8.411808e+07,5.459291e-18,195,0
6.431818e-10,-1.416926e-03,-5.456978e-04,2.500486e-03,-2.203482e+06,-8.486176e+05,3.888364e+06,7.498719e-01,2.794386e-01,-1.206833e+00,5.459291e-18,195,2830
6.429545e-09,-1.416744e-02,-5.456244e-03,2.500056e-02,-2.203559e+06,-8.486460e+05,3.888487e+06,7.404579e-03,2.706253e-03,-1.235218e-02,5.459291e-18,195,28290
0.000000e+00,2.732922e-08,-5.693596e-08,5.098846e-07,0.000000e+00,0.000000e+00,0.000000e+00,-4.210457e+06,6.782967e+06,-4.786532e+07,3.662823e-18,196,0
8.131818e-10,2.360427e-04,-3.776904e-04,2.500276e-03,2.904651e+05,-4.647521e+05,3.076338e+06,-1.787772e-01,2.912091e-01,-1.837060e+00,3.662823e-18,196,3578
8.126591e-09,2.360472e-03,-3.776839e-03,2.500022e-02,2.904880e+05,-4.647894e+05,3.076574e+06,-1.628794e-03,2.885128e-03,-1.915773e-02,3.662823e-18,196,35757
0.000000e+00,9.947733e-08,7.541693e-08,4.025478e-07,0.000000e+00,0.000000e+00,0.000000e+00,-2.059668e+07,-8.182039e+06,-5.316241e+07,4.350989e-18,197,0
8.277273e-10,1.058614e-03,4.233049e-04,2.500334e-03,1.279655e+06,5.116849e+05,3.022061e+06,-6.741453e-01,-2.961389e-01,-1.471470e+00,4.350989e-18,197,3642
8.272500e-09,1.058590e-02,4.232921e-03,2.500008e-02,1.279744e+06,5.117236e+05,3.022254e+06,-6.560828e-03,-2.943102e-03,-1.524558e-02,4.350989e-18,197,36399
0.000000e+00,8.571643e-08,2.541912e-08,4.413362e-07,0.000000e+00,0.000000e+00,0.000000e+00,-1.615536e+07,-4.642630e+06,-4.985238e+07,4.121608e-18,198,0
8.640909e-10,9.257840e-04,2.117104e-04,2.500590e-03,1.072094e+06,2.451926e+05,2.895329e+06,-6.128656e-01,-1.706181e-01,-1.523775e+00,4.121608e-18,198,3802
8.634773e-09,9.257222e-03,2.117174e-03,2.500061e-02,1.072178e+06,2.452159e+05,2.895537e+06,-5.766069e-03,-1.685001e-03,-1.585576e-02,4.121608e-18,198,37993
0.000000e+00,1.884458e-07,-2.212065e-07,4.098805e-07,0.000000e+00,0.000000e+00,0.000000e+00,-2.646144e+07,3.048835e+07,-3.381373e+07,3.595895e-18,199,0
1.343182e-09,2.120300e-03,-2.468859e-03,2.500362e-03,1.579177e+06,-1.838750e+06,1.861849e+06,-3.668397e-01,4.127172e-01,-2.952077e-01,3.595895e-18,199,5910
1.342750e-08,2.120435e-02,-2.468977e-02,2.500016e-02,1.579254e+06,-1.838837e+06,1.861912e+06,-3.052718e-03,3.439174e-03,-3.686332e-03,3.595895e-18,199,59081
0.000000e+00,-1.839014e-07,1.037837e-07,4.401566e-07,0.000000e+00,0.000000e+00,0.000000e+00,2.586402e+07,-1.466333e+07,-4.297855e+07,3.758202e-18,200,0
1.000000e-09,-1.672260e-03,9.110865e-04,2.500510e-03,-1.673125e+06,9.115467e+05,2.501354e+06,6.945567e-01,-3.769495e-01,-8.404707e-01,3.758202e-18,200,4400
9.994545e-09,-1.672208e-02,9.110478e-03,2.500004e-02,-1.673235e+06,9.116062e+05,2.501487e+06,5.983625e-03,-3.222066e-03,-9.094028e-03,3.758202e-18,200,43976
0.000000e+00,-2.620038e-07,3.105041e-08,3.080255e-07,0.000000e+00,0.000000e+00,0.000000e+00,5.177401e+07,-8.931836e+06,-4.253324e+07,4.343586e-18,201,0
1.168409e-09,-3.261199e-03,5.592282e-04,2.500140e-03,-2.791941e+06,4.787756e+05,2.140098e+06,5.722177e-01,-1.011634e-01,-3.152163e-01,4.343586e-18,201,5141
1.168182e-08,-3.261494e-02,5.592954e-03,2.500037e-02,-2.792046e+06,4.787942e+05,2.140157e+06,4.866025e-03,-8.592099e-04,-3.588852e-03,4.343586e-18,201,51400
0.000000e+00,-8.666749e-08,2.607716e-07,3.496855e-07,0.000000e+00,0.000000e+00,0.000000e+00,1.059329e+07,-3.912715e+07,-3.292603e+07,4.004119e-18,202,0
1.378864e-09,-9.220485e-04,3.310792e-03,2.500030e-03,-6.689641e+05,2.401990e+06,1.813427e+06,1.551680e-01,-5.007147e-01,-2.528416e-01,4.004119e-18,202,6067
1.378614e-08,-9.222416e-03,3.311406e-02,2.500028e-02,-6.689978e+05,2.402099e+06,1.813483e+06,1.196764e-03,-4.330339e-03,-3.260414e-03,4.004119e-18,202,60659
0.000000e+00,-1.740140e-07,-3.564483e-08,4.891481e-07,0.000000e+00,0.000000e+00,0.000000e+00,7.876011e+07,-3.130215e+07,7.123815e+07,3.606275e-18,203,0
2.272727e-08,-8.627585e-02,3.285173e-02,-6.976585e-02,-3.796161e+06,1.445489e+06,-3.069742e+06,5.569577e-04,-2.121145e-04,4.504743e-04,3.606275e-18,203,100000
0.000000e+00,4.846087e-08,1.680148e-07,4.436396e-07,0.000000e+00,0.000000e+00,0.000000e+00,-5.836822e+06,-2.657092e+07,-4.712713e+07,3.858580e-18,204,0
9.070455e-10,3.525136e-04,1.508127e-03,2.500524e-03,3.888600e+05,1.663556e+06,2.757773e+06,-1.994064e-01,-7.789538e-01,-1.072706e+00,3.858580e-18,204,3991
9.065455e-09,3.525185e-03,1.508085e-02,2.500060e-02,3.888885e+05,1.663667e+06,2.757927e+06,-1.679324e-03,-7.076039e-03,-1.151288e-02,3.858580e-18,204,39888
0.000000e+00,-4.112139e-08,1.919406e-08,6.557859e-07,0.000000e+00,0.000000e+00,0.000000e+00,4.530926e+06,-7.086011e+05,-3.707124e+07,2.848442e-18,205,0
9.472727e-10,-3.461072e-04,3.570486e-05,2.500230e-03,-3.657015e+05,3.769574e+04,2.640749e+06,2.765632e-01,-2.264636e-02,-1.453117e+00,2.848442e-18,205,4168
9.467045e-09,-3.462093e-03,3.568880e-04,2.500035e-02,-3.657428e+05,3.769911e+04,2.640967e+06,1.787027e-03,-4.305823e-05,-1.637438e-02,2.848442e-18,205,41655
0.000000e+00,-1.217521e-07,-1.601336e-07,3.078424e-07,0.000000e+00,0.000000e+00,0.000000e+00,3.198682e+07,4.158358e+07,-5.795681e+07,4.814291e-18,206,0
8.786364e-10,-1.470617e-03,-1.895252e-03,2.500632e-03,-1.674244e+06,-2.157657e+06,2.846574e+06,4.723940e-01,6.004646e-01,-6.632764e-01,4.814291e-18,206,3866
8.782500e-09,-1.470404e-02,-1.894962e-02,2.500017e-02,-1.674309e+06,-2.157740e+06,2.846666e+06,4.484164e-03,5.640863e-03,-6.977174e-03,4.814291e-18,206,38643
0.000000e+00,1.451793e-09,-9.314724e-08,5.152617e-07,0.000000e+00,0.000000e+00,0.000000e+00,1.797919e+04,9.797738e+06,-4.322232e+07,3.590732e-18,207,0
9.493182e-10,-3.490190e-05,-6.348674e-04,2.500060e-03,-3.677598e+04,-6.692557e+05,2.634865e+06,1.533371e-03,4.255192e-01,-1.363589e+00,3.590732e-18,207,4177
9.488182e-09,-3.489287e-04,-6.350001e-03,2.500026e-02,-3.677621e+04,-6.693194e+05,2.635070e+06,3.091181e-04,3.624537e-03,-1.538598e-02,3.590732e-18,207,41748
0.000000e+00,1.014260e-07,-1.108117e-07,4.422216e-07,0.000000e+00,0.000000e+00,0.000000e+00,-1.606352e+07,1.769027e+07,-4.702217e+07,3.968216e-18,208,0
8.995455e-10,9.439179e-04,-9.937882e-04,2.500511e-03,1.049968e+06,-1.105413e+06,2.780919e+06,-5.574412e-01,5.714098e-01,-1.220628e+00,3.968216e-18,208,3958
8.990000e-09,9.439167e-03,-9.937622e-03,2.500057e-02,1.050047e+06,-1.105494e+06,2.781093e+06,-4.830704e-03,5.070727e-03,-1.282430e-02,3.968216e-18,208,39556
0.000000e+00,2.151164e-07,5.127529e-08,5.740473e-07,0.000000e+00,0.000000e+00,0.000000e+00,-2.116705e+07,-9.343776e+06,-4.546682e+07,3.010964e-18,209,0
9.404545e-10,1.282189e-03,5.605303e-04,2.500316e-03,1.364071e+06,5.964229e+05,2.659602e+06,-6.619126e-01,-3.273917e-01,-1.125161e+00,3.010964e-18,209,4138
9.400000e-09,1.282230e-02,5.606337e-03,2.500051e-02,1.364170e+06,5.964715e+05,2.659770e+06,-5.677711e-03,-2.729618e-03,-1.229463e-02,3.010964e-18,209,41360
0.000000e+00,2.077955e-07,-1.514530e-08,4.962504e-07,0.000000e+00,0.000000e+00,0.000000e+00,-2.790528e+07,-3.615627e+05,-3.771763e+07,3.447409e-18,210,0
1.061591e-09,1.966919e-03,3.240304e-06,2.500483e-03,1.853793e+06,3.092546e+03,2.356206e+06,-7.388783e-01,-2.276777e-02,-7.580256e-01,3.447409e-18,210,4671
1.061023e-08,1.966909e-02,3.280012e-05,2.500004e-02,1.853917e+06,3.096401e+03,2.356334e+06,-6.516839e-03,-2.450143e-04,-8.678404e-03,3.447409e-18,210,46685
0.000000e+00,-2.168757e-07,2.086523e-09,3.866245e-07,0.000000e+00,0.000000e+00,0.000000e+00,3.684112e+07,9.846849e+05,-4.131393e+07,4.075760e-18,211,0
1.150227e-09,-2.633896e-03,-7.361533e-05,2.500054e-03,-2.290913e+06,-6.403271e+04,2.174011e+06,6.873027e-01,1.832643e-02,-4.580060e-01,4.075760e-18,211,5061
1.149955e-08,-2.634436e-02,-7.363387e-04,2.500029e-02,-2.291038e+06,-6.403604e+04,2.174094e+06,5.817787e-03,3.035649e-04,-5.461332e-03,4.075760e-18,211,50598
0.000000e+00,1.915762e-07,-5.095740e-08,2.455339e-07,0.000000e+00,0.000000e+00,0.000000e+00,-7.282602e+07,1.978839e+07,-6.994166e+07,5.514493e-18,212,0
7.963636e-10,2.675219e-03,-7.265659e-04,2.500255e-03,3.359851e+06,-9.125070e+05,3.139899e+06,-6.770521e-01,1.834601e-01,-5.226022e-01,5.514493e-18,212,3504
7.962045e-09,2.675134e-02,-7.265437e-03,2.500016e-02,3.359936e+06,-9.125300e+05,3.139965e+06,-6.418715e-03,1.728687e-03,-5.452475e-03,5.514493e-18,212,35033
0.000000e+00,7.636989e-08,1.167624e-07,2.845344e-07,0.000000e+00,0.000000e+00,0.000000e+00,-2.526925e+07,-4.426122e+07,-8.142742e+07,5.562101e-18,213,0
6.563636e-10,7.940501e-04,1.401704e-03,2.500825e-03,1.210052e+06,2.136110e+06,3.810817e+06,-4.106439e-01,-7.527018e-01,-1.168474e+00,5.562101e-18,213,2888
6.560455e-09,7.938516e-03,1.401388e-02,2.500083e-02,1.210095e+06,2.136188e+06,3.810938e+06,-3.933027e-03,-7.257845e-03,-1.188544e-02,5.562101e-18,213,28866
0.000000e+00,-8.873378e-08,2.118345e-07,2.181161e-07,0.000000e+00,0.000000e+00,0.000000e+00,2.991262e+07,-7.823899e+07,-5.917514e+07,5.435202e-18,214,0
9.488636e-10,-1.302507e-03,3.401649e-03,2.500383e-03,-1.372883e+06,3.585464e+06,2.635324e+06,1.924854e-01,-5.026552e-01,-2.919072e-01,5.435202e-18,214,4175
9.486591e-09,-1.302401e-02,3.401390e-02,2.500037e-02,-1.372912e+06,3.585539e+06,2.635368e+06,1.785190e-03,-4.629973e-03,-3.057650e-03,5.435202e-18,214,41741
0.000000e+00,1.892857e-07,1.187831e-07,2.088954e-07,0.000000e+00,0.000000e+00,0.000000e+00,-7.644227e+07,-5.002628e+07,-6.313715e+07,5.624836e-18,215,0
9.054545e-10,3.098797e-03,2.031486e-03,2.500365e-03,3.422750e+06,2.243873e+06,2.761600e+06,-4.382272e-01,-2.923622e-01,-2.809121e-01,5.624836e-18,215,3984
9.052727e-09,3.098530e-02,2.031321e-02,2.500015e-02,3.422813e+06,2.243914e+06,2.761640e+06,-4.083826e-03,-2.700363e-03,-2.941469e-03,5.624836e-18,215,39832
0.000000e+00,7.774887e-08,1.379891e-07,4.544946e-07,0.000000e+00,0.000000e+00,0.000000e+00,-1.098106e+07,-2.020369e+07,-4.729075e+07,3.837136e-18,216,0
1.357955e-09,7.193968e-03,7.373038e-04,2.500249e-03,5.298776e+06,5.428535e+05,1.840961e+06,-1.880765e-01,-1.942259e-02,-4.978500e-02,3.837136e-18,216,5975
1.357977e-08,7.195505e-02,7.372002e-03,2.500024e-02,5.298816e+06,5.428576e+05,1.840972e+06,-1.621834e-03,-1.682871e-04,-5.590974e-04,3.837136e-18,216,59751
0.000000e+00,5.101405e-08,1.622240e-07,3.969145e-07,0.000000e+00,0.000000e+00,0.000000e+00,-4.721594e+06,-3.132530e+07,-4.647951e+07,4.227853e-18,217,0
9.629545e-10,2.785095e-04,1.868064e-03,2.500409e-03,2.893270e+05,1.940915e+06,2.597458e+06,-1.012699e-01,-7.907739e-01,-8.631376e-01,4.227853e-18,217,4237
9.624773e-09,2.784718e-03,1.868078e-02,2.500006e-02,2.893424e+05,1.941036e+06,2.597589e+06,-1.001357e-03,-7.053336e-03,-9.303034e-03,4.227853e-18,217,42349
0.000000e+00,7.400873e-08,-1.297710e-07,3.094448e-07,0.000000e+00,0.000000e+00,0.000000e+00,-2.400662e+07,3.735561e+07,-6.823863e+07,5.170476e-18,218,0
7.359091e-10,9.165435e-04,-1.421066e-03,2.500449e-03,1.245877e+06,-1.931647e+06,3.398568e+06,-4.713765e-01,7.111781e-01,-1.098426e+00,5.170476e-18,218,3238
7.356136e-09,9.164834e-03,-1.420946e-02,2.500044e-02,1.245932e+06,-1.931729e+06,3.398696e+06,-4.526685e-03,6.914046e-03,-1.119094e-02,5.170476e-18,218,32367
0.000000e+00,-1.734764e-07,-4.402971e-08,4.926466e-07,0.000000e+00,0.000000e+00,0.000000e+00,2.714352e+07,4.653160e+07,-4.555783e+07,3.562747e-18,219,0
1.047955e-09,-1.554628e-03,-2.416644e-03,2.500084e-03,-1.483911e+06,-2.306857e+06,2.385974e+06,3.698555e-01,5.571695e-01,-4.618673e-01,3.562747e-18,219,4611
1.047795e-08,-1.554839e-02,-2.417103e-02,2.500042e-02,-1.483972e+06,-2.306949e+06,2.386051e+06,3.256471e-03,4.844908e-03,-4.984258e-03,3.562747e-18,219,46103
0.000000e+00,-1.571932e-07,1.338609e-07,2.281671e-07,0.000000e+00,0.000000e+00,0.000000e+00,6.160875e+07,-5.505654e+07,-6.982636e+07,5.612019e-18,220,0
8.100000e-10,-2.258329e-03,2.020922e-03,2.500361e-03,-2.788439e+06,2.495322e+06,3.087110e+06,4.779497e-01,-4.356608e-01,-4.372982e-01,5.612019e-18,220,3564
8.098182e-09,-2.258135e-02,2.020762e-02,2.500011e-02,-2.788501e+06,2.495377e+06,3.087166e+06,4.611992e-03,-4.126237e-03,-4.528689e-03,5.612019e-18,220,35632
0.000000e+00,1.213729e-07,1.731316e-07,3.127729e-07,0.000000e+00,0.000000e+00,0.000000e+00,-2.702232e+07,-3.786527e+07,-6.509399e+07,4.708128e-18,221,0
7.909091e-10,1.107434e-03,1.565504e-03,2.500138e-03,1.400628e+06,1.979966e+06,3.161760e+06,-4.913400e-01,-6.856811e-01,-9.075704e-01,4.708128e-18,221,3480
7.907045e-09,1.107485e-02,1.565572e-02,2.500032e-02,1.400689e+06,1.980052e+06,3.161873e+06,-4.686369e-03,-6.560458e-03,-9.572425e-03,4.708128e-18,221,34791
0.000000e+00,7.729619e-08,2.543457e-08,5.675647e-07,0.000000e+00,0.000000e+00,0.000000e+00,-7.827856e+06,-1.808351e+06,-4.177241e+07,3.289568e-18,222,0
9.038636e-10,6.813502e-04,1.710508e-04,2.500628e-03,7.543832e+05,1.894434e+05,2.768075e+06,-4.594209e-01,-1.774360e-01,-1.553999e+00,3.289568e-18,222,3977
9.031591e-09,6.813212e-03,1.710966e-03,2.500028e-02,7.544487e+05,1.894687e+05,2.768297e+06,-4.346505e-03,-8.141873e-04,-1.682273e-02,3.289568e-18,222,39739
0.000000e+00,-6.163002e-08,-4.925219e-08,5.038485e-07,0.000000e+00,0.000000e+00,0.000000e+00,7.986143e+06,5.418450e+06,-4.498061e+07,3.684657e-18,223,0
9.268182e-10,-5.798295e-04,-2.930931e-04,2.500550e-03,-6.261053e+05,-3.164380e+05,2.699404e+06,4.106409e-01,1.952430e-01,-1.462998e+00,3.684657e-18,223,4078
9.261364e-09,-5.798547e-03,-2.930657e-03,2.500033e-02,-6.261653e+05,-3.164666e+05,2.699619e+06,2.989738e-03,1.257036e-03,-1.606836e-02,3.684657e-18,223,40750
0.000000e+00,-1.644072e-07,8.920388e-08,3.802641e-07,0.000000e+00,0.000000e+00,0.000000e+00,3.049201e+07,-2.063308e+07,-4.526930e+07,4.277346e-18,224,0
9.915909e-10,-1.802483e-03,1.201890e-03,2.500531e-03,-1.818592e+06,1.212641e+06,2.522485e+06,6.555408e-01,-4.327354e-01,-7.384309e-01,4.277346e-18,224,4363
9.910909e-09,-1.802384e-02,1.201833e-02,2.500023e-02,-1.818694e+06,1.212709e+06,2.522601e+06,5.767684e-03,-3.756497e-03,-7.856962e-03,4.277346e-18,224,43608
0.000000e+00,6.398748e-08,2.141309e-07,3.159696e-07,0.000000e+00,0.000000e+00,0.000000e+00,-1.457219e+07,-4.659632e+07,-4.886002e+07,4.594350e-18,225,0
1.004091e-09,7.820490e-04,2.582189e-03,2.500008e-03,7.790983e+05,2.572504e+06,2.490313e+06,-1.961952e-01,-6.811370e-01,-5.200441e-01,4.594350e-18,225,4418
1.003886e-08,7.821257e-03,2.582499e-02,2.500004e-02,7.791294e+05,2.572612e+06,2.490396e+06,-1.918054e-03,-5.928782e-03,-5.584744e-03,4.594350e-18,225,44171
0.000000e+00,2.389730e-08,1.246192e-07,3.163479e-07,0.000000e+00,0.000000e+00,0.000000e+00,-6.163810e+06,-3.933777e+07,-7.497437e+07,5.221620e-18,226,0
6.811364e-10,2.099487e-04,1.367549e-03,2.500088e-03,3.083164e+05,2.008401e+06,3.671326e+06,-1.165349e-01,-8.286425e-01,-1.307811e+00,5.221620e-18,226,2997
6.809545e-09,2.099501e-03,1.367630e-02,2.500019e-02,3.083290e+05,2.008490e+06,3.671467e+06,-1.163344e-03,-8.046333e-03,-1.339844e-02,5.221620e-18,226,29962
0.000000e+00,9.360744e-08,1.045659e-07,3.619247e-07,0.000000e+00,0.000000e+00,0.000000e+00,-2.061154e+07,-2.159311e+07,-5.825285e+07,4.665141e-18,227,0
8.813636e-10,7.261996e-04,1.420017e-03,2.500273e-03,8.242843e+05,1.612067e+06,2.837862e+06,-3.691103e-01,-7.523586e-01,-1.156992e+00,4.665141e-18,227,3878
8.809545e-09,7.261612e-03,1.420146e-02,2.500042e-02,8.243357e+05,1.612171e+06,2.838023e+06,-3.487944e-03,-7.112967e-03,-1.215403e-02,4.665141e-18,227,38762
0.000000e+00,-1.790936e-07,-1.224449e-07,2.809186e-07,0.000000e+00,0.000000e+00,0.000000e+00,4.639408e+07,3.656962e+07,-5.922643e+07,4.953457e-18,228,0
8.872727e-10,-2.044388e-03,-1.607862e-03,2.500390e-03,-2.304675e+06,-1.812592e+06,2.818516e+06,5.654373e-01,4.450607e-01,-5.804815e-01,4.953457e-18,228,3904
8.870000e-09,-2.044250e-02,-1.607770e-02,2.500037e-02,-2.304754e+06,-1.812654e+06,2.818598e+06,5.405563e-03,4.213455e-03,-6.109210e-03,4.953457e-18,228,39028
0.000000e+00,-1.356270e-07,-2.072512e-07,2.727278e-07,0.000000e+00,0.000000e+00,0.000000e+00,2.978817e+07,5.219233e+07,-4.958472e+07,4.753030e-18,229,0
1.042500e-09,-1.601145e-03,-2.777735e-03,2.500110e-03,-1.536232e+06,-2.665154e+06,2.398526e+06,3.073074e-01,5.434157e-01,-3.734922e-01,4.753030e-18,229,4587
1.042318e-08,-1.601244e-02,-2.777939e-02,2.500040e-02,-1.536282e+06,-2.665243e+06,2.398588e+06,2.747344e-03,4.813845e-03,-3.994885e-03,4.753030e-18,229,45862
0.000000e+00,3.437375e-08,1.935671e-07,2.132009e-07,0.000000e+00,0.000000e+00,0.000000e+00,-1.373972e+07,-8.545907e+07,-7.440775e+07,5.933985e-18,230,0
7.659091e-10,4.692689e-04,2.925963e-03,2.500629e-03,6.127647e+05,3.820733e+06,3.265173e+06,-1.004221e-01,-6.527305e-01,-4.733683e-01,5.933985e-18,230,3370
7.656591e-09,4.691704e-03,2.925387e-02,2.500023e-02,6.127768e+05,3.820812e+06,3.265231e+06,-1.014711e-03,-6.262644e-03,-4.830949e-03,5.933985e-18,230,33689
0.000000e+00,-8.830088e-08,-2.273158e-07,4.050638e-07,0.000000e+00,0.000000e+00,0.000000e+00,1.535817e+07,3.343198e+07,-3.845663e+07,3.833552e-18,231,0
1.167273e-09,-1.073908e-03,-2.361948e-03,2.500228e-03,-9.204372e+05,-2.024341e+06,2.142468e+06,2.852301e-01,5.984241e-01,-4.809685e-01,3.833552e-18,231,5136
1.166886e-08,-1.074042e-02,-2.362171e-02,2.500032e-02,-9.204896e+05,-2.024451e+06,2.142557e+06,2.332417e-03,5.132952e-03,-5.628620e-03,3.833552e-18,231,51343
0.000000e+00,6.070201e-08,2.453693e-08,4.504043e-07,0.000000e+00,0.000000e+00,0.000000e+00,-6.418009e+06,-1.358540e+06,-5.429120e+07,4.090709e-18,232,0
7.650000e-10,3.051136e-04,7.026993e-05,2.500235e-03,3.990737e+05,9.191156e+04,3.269948e+06,-2.688891e-01,-7.369003e-02,-1.961250e+00,4.090709e-18,232,3366
7.645455e-09,3.051107e-03,7.027139e-04,2.500031e-02,3.991062e+05,9.192047e+04,3.270185e+06,-2.666357e-03,-7.830080e-04,-2.005988e-02,4.090709e-18,232,33640
0.000000e+00,6.728901e-10,1.088090e-08,2.632307e-07,0.000000e+00,0.000000e+00,0.000000e+00,1.399570e+06,-5.729292e+06,-1.344841e+08,6.605894e-18,233,0
4.304545e-10,-2.783547e-05,1.075074e-04,2.501215e-03,-6.469167e+04,2.497848e+05,5.811265e+06,4.178680e-02,-9.358209e-02,-2.063694e+00,6.605894e-18,233,1894
4.302045e-09,-2.783043e-04,1.074592e-03,2.500051e-02,-6.469451e+04,2.497912e+05,5.811406e+06,3.335561e-04,-9.594266e-04,-2.074341e-02,6.605894e-18,233,18929
0.000000e+00,-1.922560e-07,9.615448e-08,2.091132e-07,0.000000e+00,0.000000e+00,0.000000e+00,8.273513e+07,-4.150089e+07,-6.917744e+07,5.731895e-18,234,0
8.318182e-10,-3.052413e-03,1.531663e-03,2.500564e-03,-3.669962e+06,1.841546e+06,3.006313e+06,5.072658e-01,-2.577911e-01,-3.408233e-01,5.731895e-18,234,3660
8.315909e-09,-3.051916e-02,1.531417e-02,2.500036e-02,-3.670029e+06,1.841580e+06,3.006358e+06,4.869690e-03,-2.487247e-03,-3.564916e-03,5.731895e-18,234,36590
0.000000e+00,1.033499e-07,-1.714690e-07,3.226784e-07,0.000000e+00,0.000000e+00,0.000000e+00,-2.484587e+07,3.840688e+07,-5.154815e+07,4.700504e-18,235,0
9.197727e-10,1.276540e-03,-1.938793e-03,2.500066e-03,1.388391e+06,-2.108637e+06,2.718789e+06,-4.368359e-01,6.548453e-01,-7.031520e-01,4.700504e-18,235,4047
9.195455e-09,1.276686e-02,-1.938986e-02,2.500060e-02,1.388454e+06,-2.108733e+06,2.718892e+06,-3.973556e-03,6.083802e-03,-7.329228e-03,4.700504e-18,235,40460
0.000000e+00,-1.054780e-07,-2.221837e-07,4.691639e-07,0.000000e+00,0.000000e+00,0.000000e+00,1.400101e+07,2.573730e+07,-3.639663e+07,3.454556e-18,236,0
1.157727e-09,-1.029635e-03,-1.918211e-03,2.500429e-03,-8.898238e+05,-1.657735e+06,2.160437e+06,3.236998e-01,6.100322e-01,-5.998090e-01,3.454556e-18,236,5094
1.157182e-08,-1.029685e-02,-1.918297e-02,2.500036e-02,-8.898828e+05,-1.657846e+06,2.160547e+06,2.650630e-03,5.135904e-03,-7.115180e-03,3.454556e-18,236,50916
0.000000e+00,2.180679e-07,-7.958722e-08,4.550737e-07,0.000000e+00,0.000000e+00,0.000000e+00,-2.951315e+07,1.181241e+07,-3.394888e+07,3.595584e-18,237,0
1.247955e-09,2.384166e-03,-8.965431e-04,2.500188e-03,1.911391e+06,-7.187487e+05,2.003971e+06,-5.844191e-01,2.145821e-01,-4.658108e-01,3.595584e-18,237,5491
1.247523e-08,2.384494e-02,-8.966523e-03,2.500017e-02,1.911505e+06,-7.187908e+05,2.004063e+06,-4.900457e-03,1.816594e-03,-5.655887e-03,3.595584e-18,237,54891
0.000000e+00,-6.960453e-08,3.462642e-08,2.601362e-07,0.000000e+00,0.000000e+00,0.000000e+00,3.957786e+07,-2.031807e+07,-1.232598e+08,6.405555e-18,238,0
4.688636e-10,-8.119407e-04,4.173941e-04,2.500161e-03,-1.731965e+06,8.903578e+05,5.332925e+06,5.944499e-01,-3.125738e-01,-1.662885e+00,6.405555e-18,238,2063
4.687955e-09,-8.119414e-03,4.173975e-03,2.500069e-02,-1.732009e+06,8.903809e+05,5.333048e+06,5.878420e-03,-3.144440e-03,-1.673211e-02,6.405555e-18,238,20627
0.000000e+00,-1.646915e-07,9.082502e-08,6.139038e-07,0.000000e+00,0.000000e+00,0.000000e+00,1.374359e+07,-7.600791e+06,-3.691916e+07,2.887893e-18,239,0
9.870455e-10,-9.898344e-04,5.024627e-04,2.500445e-03,-1.003563e+06,5.093988e+05,2.534421e+06,6.279596e-01,-3.122970e-01,-1.201053e+00,2.887893e-18,239,4343
9.864318e-09,-9.899452e-03,5.024892e-03,2.500056e-02,-1.003660e+06,5.094474e+05,2.534608e+06,4.935553e-03,-2.616652e-03,-1.332347e-02,2.887893e-18,239,43403
0.000000e+00,-1.433749e-07,2.810159e-08,4.886229e-07,0.000000e+00,0.000000e+00,0.000000e+00,1.761948e+07,-1.896508e+06,-4.359441e+07,3.656060e-18,240,0
9.384091e-10,-1.120753e-03,1.412444e-04,2.500386e-03,-1.195171e+06,1.506585e+05,2.665842e+06,7.236146e-01,-1.281351e-01,-1.340106e+00,3.656060e-18,240,4129
9.377955e-09,-1.120820e-02,1.412866e-03,2.500026e-02,-1.195278e+06,1.506775e+05,2.666041e+06,6.476460e-03,-1.025417e-03,-1.406748e-02,3.656060e-18,240,41263
0.000000e+00,-3.337123e-08,-2.545716e-07,4.360569e-07,0.000000e+00,0.000000e+00,0.000000e+00,3.059093e+06,3.354785e+07,-3.489661e+07,3.599713e-18,241,0
1.249318e-09,-2.685029e-04,-2.627973e-03,2.500034e-03,-2.150204e+05,-2.104525e+06,2.001623e+06,6.633291e-02,6.391085e-01,-4.363469e-01,3.599713e-18,241,5497
1.249000e-08,-2.685600e-03,-2.628544e-02,2.500044e-02,-2.150334e+05,-2.104650e+06,2.001710e+06,5.709531e-04,5.367960e-03,-5.431861e-03,3.599713e-18,241,54956
0.000000e+00,2.263604e-07,1.617770e-07,3.677348e-07,0.000000e+00,0.000000e+00,0.000000e+00,-3.625333e+07,-2.511138e+07,-3.447013e+07,3.881090e-18,242,0
1.356136e-09,2.906718e-03,2.028118e-03,2.500073e-03,2.144110e+06,1.496025e+06,1.843808e+06,-4.253472e-01,-3.011184e-01,-2.522111e-01,3.881090e-18,242,5967
1.355886e-08,2.907162e-02,2.028435e-02,2.500010e-02,2.144200e+06,1.496089e+06,1.843862e+06,-3.632556e-03,-2.524959e-03,-3.081862e-03,3.881090e-18,242,59659
0.000000e+00,1.573528e-07,5.880192e-09,4.638583e-07,0.000000e+00,0.000000e+00,0.000000e+00,-2.254300e+07,-1.000070e+06,-4.070116e+07,3.797946e-18,243,0
1.022045e-09,1.493522e-03,7.952985e-05,2.500143e-03,1.462194e+06,7.788850e+04,2.447304e+06,-7.015412e-01,-4.791859e-02,-1.011355e+00,3.797946e-18,243,4497
1.021545e-08,1.493693e-02,7.956495e-04,2.500045e-02,1.462307e+06,7.789626e+04,2.447468e+06,-5.844930e-03,-4.021878e-04,-1.132987e-02,3.797946e-18,243,44948
0.000000e+00,-1.497538e-07,-1.931398e-07,4.482066e-07,0.000000e+00,0.000000e+00,0.000000e+00,2.134125e+07,2.466971e+07,-3.539233e+07,3.567026e-18,244,0
1.222955e-09,-1.620805e-03,-1.878279e-03,2.500228e-03,-1.326036e+06,-1.536603e+06,2.044925e+06,4.666909e-01,4.966896e-01,-4.591320e-01,3.567026e-18,244,5381
1.222545e-08,-1.621134e-02,-1.878562e-02,2.500033e-02,-1.326126e+06,-1.536698e+06,2.045015e+06,3.748996e-03,4.302445e-03,-5.825634e-03,3.567026e-18,244,53792
0.000000e+00,-1.239541e-07,1.071484e-07,4.575880e-07,0.000000e+00,0.000000e+00,0.000000e+00,1.700556e+07,-1.256464e+07,-4.704813e+07,3.808556e-18,245,0
9.031818e-10,-1.050172e-03,7.845403e-04,2.500234e-03,-1.163491e+06,8.691595e+05,2.769431e+06,6.460796e-01,-4.701048e-01,-1.240212e+00,3.808556e-18,245,3974
9.027273e-09,-1.050309e-02,7.846121e-03,2.500053e-02,-1.163583e+06,8.692265e+05,2.769608e+06,5.767197e-03,-4.150487e-03,-1.309237e-02,3.808556e-18,245,39720
0.000000e+00,1.077242e-07,-1.339720e-07,2.048837e-07,0.000000e+00,0.000000e+00,0.000000e+00,-4.853904e+07,7.375868e+07,-9.945149e+07,6.426571e-18,246,0
5.875000e-10,1.234245e-03,-1.876720e-03,2.500626e-03,2.101013e+06,-3.194741e+06,4.256686e+06,-4.167668e-01,6.542188e-01,-7.732680e-01,6.426571e-18,246,2585
5.873182e-09,1.233970e-02,-1.876337e-02,2.500043e-02,2.101052e+06,-3.194801e+06,4.256757e+06,-4.115794e-03,6.441336e-03,-7.828433e-03,6.426571e-18,246,25842
0.000000e+00,4.359653e-08,-1.621490e-07,3.898720e-07,0.000000e+00,0.000000e+00,0.000000e+00,-2.699360e+06,3.083887e+07,-4.995233e+07,4.304978e-18,247,0
9.111364e-10,1.709133e-04,-1.676375e-03,2.500049e-03,1.876432e+05,-1.840797e+06,2.744789e+06,-7.215722e-02,8.060564e-01,-9.673253e-01,4.304978e-18,247,4009
9.108182e-09,1.709103e-03,-1.676626e-02,2.500016e-02,1.876535e+05,-1.840913e+06,2.744929e+06,-7.189862e-04,7.561190e-03,-1.083582e-02,4.304978e-18,247,40076
0.000000e+00,2.288765e-07,4.795168e-08,3.343823e-07,0.000000e+00,0.000000e+00,0.000000e+00,-4.640945e+07,-6.108324e+06,-4.437173e+07,4.376153e-18,248,0
1.070909e-09,2.808095e-03,3.341444e-04,2.500273e-03,2.623056e+06,3.120934e+05,2.335202e+06,-6.748598e-01,-7.383889e-02,-4.731875e-01,4.376153e-18,248,4712
1.070568e-08,2.808156e-02,3.341193e-03,2.500005e-02,2.623170e+06,3.121059e+05,2.335282e+06,-5.844336e-03,-6.916099e-04,-5.154548e-03,4.376153e-18,248,47105
0.000000e+00,-1.460808e-07,9.729417e-08,1.585446e-07,0.000000e+00,0.000000e+00,0.000000e+00,1.185599e+08,-7.966660e+07,-1.064989e+08,7.153073e-18,249,0
5.704545e-10,-2.797640e-03,1.880286e-03,2.500006e-03,-4.904360e+06,3.296209e+06,4.382501e+06,4.734463e-01,-3.205055e-01,-3.673761e-01,7.153073e-18,249,2510
5.704545e-09,-2.797725e-02,1.880344e-02,2.500031e-02,-4.904403e+06,3.296238e+06,4.382535e+06,4.628232e-03,-3.138390e-03,-3.754091e-03,7.153073e-18,249,25100
0.000000e+00,1.056768e-07,5.969027e-08,2.272030e-07,0.000000e+00,0.000000e+00,0.000000e+00,-6.602808e+07,-3.748394e+07,-1.222089e+08,6.695196e-18,250,0
4.820455e-10,1.362060e-03,7.733677e-04,2.500954e-03,2.825850e+06,1.604498e+06,5.188550e+06,-7.151018e-01,-4.058025e-01,-1.196391e+00,6.695196e-18,250,2121
4.818409e-09,1.361617e-02,7.731166e-03,2.500072e-02,2.825905e+06,1.604529e+06,5.188642e+06,-7.098585e-03,-4.067779e-03,-1.207437e-02,6.695196e-18,250,21201
0.000000e+00,-8.537721e-08,-9.581674e-08,5.232745e-07,0.000000e+00,0.000000e+00,0.000000e+00,1.090779e+07,1.529683e+07,-4.352205e+07,3.481809e-18,251,0
9.093182e-10,-7.219491e-04,-8.616761e-04,2.500489e-03,-7.945059e+05,-9.481994e+05,2.751192e+06,4.716257e-01,5.296431e-01,-1.395707e+00,3.481809e-18,251,4001
9.087045e-09,-7.219660e-03,-8.616307e-03,2.500034e-02,-7.945736e+05,-9.482754e+05,2.751393e+06,4.352285e-03,4.811570e-03,-1.466042e-02,3.481809e-18,251,39983
0.000000e+00,1.942182e-07,-2.099411e-07,3.903087e-07,0.000000e+00,0.000000e+00,0.000000e+00,-2.997250e+07,2.819061e+07,-3.094261e+07,3.721114e-18,252,0
1.472500e-09,2.712694e-03,-2.534037e-03,2.500282e-03,1.842914e+06,-1.721514e+06,1.698235e+06,-3.538466e-01,3.266640e-01,-2.134631e-01,3.721114e-18,252,6479
1.472114e-08,2.712969e-02,-2.534258e-02,2.500012e-02,1.842996e+06,-1.721589e+06,1.698285e+06,-3.028210e-03,2.875426e-03,-2.795590e-03,3.721114e-18,252,64773
0.000000e+00,-1.538771e-07,1.014529e-07,2.450267e-07,0.000000e+00,0.000000e+00,0.000000e+00,6.208053e+07,-4.297969e+07,-7.693351e+07,5.666362e-18,253,0
7.300000e-10,-2.063247e-03,1.430082e-03,2.500197e-03,-2.826809e+06,1.959337e+06,3.425266e+06,6.101539e-01,-4.289110e-01,-6.280022e-01,5.666362e-18,253,3212
7.298864e-09,-2.063255e-02,1.430097e-02,2.500070e-02,-2.826879e+06,1.959386e+06,3.425338e+06,5.937237e-03,-4.072167e-03,-6.476973e-03,5.666362e-18,253,32115
0.000000e+00,1.380473e-07,-2.425475e-08,4.716017e-07,0.000000e+00,0.000000e+00,0.000000e+00,-1.800631e+07,-6.481805e+04,-4.713538e+07,3.796977e-18,254,0
8.727273e-10,9.688067e-04,-1.371264e-04,2.500380e-03,1.110773e+06,-1.573036e+05,2.866396e+06,-6.632375e-01,1.427949e-01,-1.470308e+00,3.796977e-18,254,3840
8.721818e-09,9.687955e-03,-1.371945e-03,2.500030e-02,1.110864e+06,-1.573233e+05,2.866599e+06,-5.798896e-03,1.297652e-03,-1.537877e-02,3.796977e-18,254,38376
0.000000e+00,-1.516641e-09,-1.974269e-07,5.449533e-07,0.000000e+00,0.000000e+00,0.000000e+00,1.302659e+06,1.894709e+07,-3.910376e+07,3.208691e-18,255,0
9.665909e-10,-1.366381e-04,-1.244199e-03,2.500342e-03,-1.414687e+05,-1.288041e+06,2.587926e+06,6.664955e-02,7.419946e-01,-1.180727e+00,3.208691e-18,255,4253
9.660227e-09,-1.366589e-03,-1.244277e-02,2.500012e-02,-1.414788e+05,-1.288154e+06,2.588106e+06,1.700454e-04,6.197791e-03,-1.284948e-02,3.208691e-18,255,42505
0.000000e+00,5.918346e-08,1.052115e-07,1.901357e-07,0.000000e+00,0.000000e+00,0.000000e+00,-5.329618e+07,-9.919738e+07,-1.544414e+08,7.544667e-18,256,0
3.943182e-10,8.652889e-04,1.611560e-03,2.500473e-03,2.194444e+06,4.087072e+06,6.341315e+06,-3.724225e-01,-7.098885e-01,-1.001599e+00,7.544667e-18,256,1735
3.942500e-09,8.651645e-03,1.611336e-02,2.500080e-02,2.194468e+06,4.087116e+06,6.341378e+06,-3.736648e-03,-7.037878e-03,-1.006995e-02,7.544667e-18,256,17347
0.000000e+00,1.172714e-07,6.795650e-08,3.631718e-07,0.000000e+00,0.000000e+00,0.000000e+00,-2.751894e+07,-1.398952e+07,-6.040302e+07,4.667727e-18,257,0
7.668182e-10,1.233082e-03,6.243219e-04,2.500591e-03,1.608745e+06,8.145184e+05,3.262018e+06,-7.218938e-01,-3.719082e-01,-1.279127e+00,4.667727e-18,257,3374
7.664091e-09,1.232953e-02,6.242534e-03,2.500050e-02,1.608832e+06,8.145634e+05,3.262173e+06,-7.058144e-03,-3.669517e-03,-1.333844e-02,4.667727e-18,257,33722
0.000000e+00,1.744868e-07,1.505035e-08,5.591228e-07,0.000000e+00,0.000000e+00,0.000000e+00,-2.011282e+07,-3.811932e+06,-3.557326e+07,3.187493e-18,258,0
1.078182e-09,1.492311e-03,2.418032e-04,2.500514e-03,1.384949e+06,2.244295e+05,2.320154e+06,-6.410939e-01,-1.045881e-01,-9.121499e-01,3.187493e-18,258,4744
1.077523e-08,1.492310e-02,2.418249e-03,2.500040e-02,1.385058e+06,2.244473e+05,2.320310e+06,-5.748757e-03,-7.060052e-04,-1.059392e-02,3.187493e-18,258,47411
0.000000e+00,2.431111e-08,1.579122e-08,4.234893e-07,0.000000e+00,0.000000e+00,0.000000e+00,-9.914681e+05,-6.093550e+06,-5.603579e+07,4.346805e-18,259,0
7.634091e-10,1.365255e-04,3.089685e-04,2.500555e-03,1.789623e+05,4.050248e+05,3.277149e+06,-1.065653e-01,-2.741438e-01,-1.918611e+00,4.346805e-18,259,3359
7.628636e-09,1.365215e-03,3.089744e-03,2.500024e-02,1.789751e+05,4.050579e+05,3.277381e+06,-1.203830e-03,-2.550182e-03,-1.967732e-02,4.346805e-18,259,33566
0.000000e+00,-2.335749e-07,-3.303495e-08,3.531584e-07,0.000000e+00,0.000000e+00,0.000000e+00,4.084275e+07,7.949081e+06,-4.568778e+07,4.209527e-18,260,0
1.036818e-09,-2.455130e-03,-4.660046e-04,2.500419e-03,-2.368872e+06,-4.496586e+05,2.412205e+06,7.321065e-01,1.541209e-01,-5.781739e-01,4.209527e-18,260,4562
1.036409e-08,-2.455117e-02,-4.660288e-03,2.500044e-02,-2.368992e+06,-4.496839e+05,2.412300e+06,6.321572e-03,1.349431e-03,-6.286801e-03,4.209527e-18,260,45602
0.000000e+00,2.333825e-07,1.410735e-07,4.756318e-07,0.000000e+00,0.000000e+00,0.000000e+00,-2.702071e+07,-1.601260e+07,-3.349444e+07,3.326531e-18,261,0
1.301591e-09,2.363617e-03,1.384375e-03,2.500090e-03,1.816798e+06,1.064141e+06,1.921231e+06,-5.175288e-01,-3.295077e-01,-3.905981e-01,3.326531e-18,261,5727
1.301250e-08,2.364100e-02,1.384708e-02,2.500023e-02,1.816904e+06,1.064208e+06,1.921312e+06,-4.568372e-03,-2.681429e-03,-4.929399e-03,3.326531e-18,261,57255
0.000000e+00,1.274162e-07,9.970563e-08,5.050123e-07,0.000000e+00,0.000000e+00,0.000000e+00,-1.498262e+07,-1.521620e+07,-4.191243e+07,3.513922e-18,262,0
9.615909e-10,9.494925e-04,9.599356e-04,2.500358e-03,9.880436e+05,9.989587e+05,2.601300e+06,-5.369188e-01,-5.543979e-01,-1.092361e+00,3.513922e-18,262,4231
9.610682e-09,9.495755e-03,9.600622e-03,2.500042e-02,9.881251e+05,9.990428e+05,2.601466e+06,-4.477585e-03,-4.459613e-03,-1.207254e-02,3.513922e-18,262,42287
0.000000e+00,1.043498e-07,9.307638e-08,5.568496e-07,0.000000e+00,0.000000e+00,0.000000e+00,-1.391996e+07,-9.259379e+06,-4.089054e+07,3.264052e-18,263,0
9.422727e-10,8.612146e-04,6.478971e-04,2.500323e-03,9.145635e+05,6.881134e+05,2.654681e+06,-5.146536e-01,-4.409249e-01,-1.246049e+00,3.264052e-18,263,4146
9.417273e-09,8.612677e-03,6.480118e-03,2.500005e-02,9.146400e+05,6.881790e+05,2.654867e+06,-4.334579e-03,-3.548164e-03,-1.370681e-02,3.264052e-18,263,41436
0.000000e+00,1.736210e-07,1.794920e-07,4.844158e-07,0.000000e+00,0.000000e+00,0.000000e+00,-1.761118e+07,-2.145270e+07,-3.695192e+07,3.364919e-18,264,0
1.146591e-09,1.300859e-03,1.566640e-03,2.500235e-03,1.135140e+06,1.367076e+06,2.181326e+06,-4.403544e-01,-5.297718e-01,-6.756518e-01,3.364919e-18,264,5045
1.146091e-08,1.300973e-02,1.566791e-02,2.500017e-02,1.135219e+06,1.367171e+06,2.181449e+06,-3.786482e-03,-4.737217e-03,-7.797228e-03,3.364919e-18,264,50428
0.000000e+00,-4.118402e-08,1.143371e-07,1.961062e-07,0.000000e+00,0.000000e+00,0.000000e+00,3.491002e+07,-9.968728e+07,-1.480350e+08,7.383965e-18,265,0
4.097727e-10,-5.920803e-04,1.690787e-03,2.501033e-03,-1.444949e+06,4.126309e+06,6.103565e+06,2.655405e-01,-7.612767e-01,-1.026934e+00,7.383965e-18,265,1803
4.096136e-09,-5.918741e-03,1.690201e-02,2.500120e-02,-1.444966e+06,4.126358e+06,6.103632e+06,2.658867e-03,-7.564330e-03,-1.034968e-02,7.383965e-18,265,18023
0.000000e+00,-1.545309e-07,1.603820e-07,5.399960e-07,0.000000e+00,0.000000e+00,0.000000e+00,1.741950e+07,-1.408004e+07,-4.061987e+07,3.167241e-18,266,0
9.811364e-10,-1.181738e-03,9.900521e-04,2.500027e-03,-1.205212e+06,1.009658e+06,2.549064e+06,6.227962e-01,-4.931553e-01,-1.022572e+00,3.167241e-18,266,4317
9.807500e-09,-1.182008e-02,9.902214e-03,2.500015e-02,-1.205308e+06,1.009734e+06,2.549223e+06,5.287264e-03,-4.040207e-03,-1.118538e-02,3.167241e-18,266,43153
0.000000e+00,-7.180069e-08,1.690517e-07,3.336345e-07,0.000000e+00,0.000000e+00,0.000000e+00,2.092481e+07,-6.063087e+07,-4.978285e+07,4.690775e-18,267,0
1.010455e-09,-1.114358e-03,3.060182e-03,2.500403e-03,-1.103106e+06,3.029239e+06,2.474795e+06,2.201565e-01,-5.723332e-01,-3.626067e-01,4.690775e-18,267,4446
1.010182e-08,-1.114336e-02,3.060078e-02,2.500010e-02,-1.103141e+06,3.029330e+06,2.474853e+06,1.907189e-03,-5.034454e-03,-3.941502e-03,4.690775e-18,267,44448
0.000000e+00,1.500446e-07,-1.858995e-07,3.363706e-07,0.000000e+00,0.000000e+00,0.000000e+00,-3.365832e+07,3.377625e+07,-4.269341e+07,4.337935e-18,268,0
1.111136e-09,2.186424e-03,-2.102384e-03,2.500048e-03,1.968395e+06,-1.892728e+06,2.250397e+06,-4.522989e-01,4.683074e-01,-3.997742e-01,4.337935e-18,268,4889
1.110932e-08,2.186746e-02,-2.102690e-02,2.500050e-02,1.968475e+06,-1.892810e+06,2.250467e+06,-3.731576e-03,3.679991e-03,-4.525077e-03,4.337935e-18,268,48881
0.000000e+00,6.402952e-09,-1.766268e-07,4.373680e-07,0.000000e+00,0.000000e+00,0.000000e+00,-4.803886e+06,3.053073e+07,-5.137856e+07,3.920173e-18,269,0
8.556818e-10,1.370372e-04,-1.607811e-03,2.500269e-03,1.601749e+05,-1.879859e+06,2.922955e+06,-3.319380e-02,8.325406e-01,-1.172418e+00,3.920173e-18,269,3765
8.552955e-09,1.369975e-03,-1.607831e-02,2.500006e-02,1.601793e+05,-1.879971e+06,2.923114e+06,-2.928935e-04,7.807250e-03,-1.222103e-02,3.920173e-18,269,37633
0.000000e+00,2.416119e-07,7.140725e-08,3.533582e-07,0.000000e+00,0.000000e+00,0.000000e+00,-4.779376e+07,-8.819484e+06,-4.051564e+07,4.134306e-18,270,0
1.192955e-09,3.218482e-03,6.378836e-04,2.500259e-03,2.698761e+06,5.348765e+05,2.096176e+06,-5.716270e-01,-1.206189e-01,-3.260260e-01,4.134306e-18,270,5249
1.192659e-08,3.218695e-02,6.379255e-03,2.500039e-02,2.698868e+06,5.348992e+05,2.096237e+06,-4.855494e-03,-9.843501e-04,-3.751189e-03,4.134306e-18,270,52477
0.000000e+00,-1.909056e-07,-7.109980e-08,2.799167e-07,0.000000e+00,0.000000e+00,0.000000e+00,5.724853e+07,2.331803e+07,-6.674846e+07,5.084517e-18,271,0
8.077273e-10,-2.222140e-03,-8.957485e-04,2.500563e-03,-2.751703e+06,-1.109206e+06,3.096238e+06,7.036773e-01,2.688182e-01,-6.545895e-01,5.084517e-18,271,3554
8.074318e-09,-2.221818e-02,-8.956102e-03,2.500016e-02,-2.751793e+06,-1.109240e+06,3.096321e+06,6.790847e-03,2.605690e-03,-6.936949e-03,5.084517e-18,271,35527
0.000000e+00,-5.567074e-08,-2.346393e-07,3.742652e-07,0.000000e+00,0.000000e+00,0.000000e+00,1.314772e+07,3.763230e+07,-4.036681e+07,4.051389e-18,272,0
1.138636e-09,-8.431913e-04,-2.489761e-03,2.500134e-03,-7.408340e+05,-2.187516e+06,2.196260e+06,2.079487e-01,6.456625e-01,-4.857538e-01,4.051389e-18,272,5010
1.138295e-08,-8.432847e-03,-2.490035e-02,2.500006e-02,-7.408712e+05,-2.187631e+06,2.196347e+06,1.665888e-03,5.406948e-03,-5.576660e-03,4.051389e-18,272,50085
0.000000e+00,1.411252e-07,-1.625955e-07,4.966830e-07,0.000000e+00,0.000000e+00,0.000000e+00,-2.494013e+07,1.546483e+07,-2.233638e+07,3.441024e-18,273,0
1.518636e-09,2.596204e-03,-1.748552e-03,2.500053e-03,1.710481e+06,-1.151981e+06,1.646728e+06,-4.325006e-01,2.889166e-01,-3.110253e-01,3.441024e-18,273,6682
1.518159e-08,2.596760e-02,-1.748880e-02,2.500007e-02,1.710584e+06,-1.152050e+06,1.646804e+06,-4.040037e-03,2.716705e-03,-3.887678e-03,3.441024e-18,273,66799
0.000000e+00,-8.708082e-08,-1.262770e-07,2.027461e-07,0.000000e+00,0.000000e+00,0.000000e+00,5.853235e+07,8.819468e+07,-1.112357e+08,6.737027e-18,274,0
5.370455e-10,-1.324244e-03,-1.998485e-03,2.500957e-03,-2.465941e+06,-3.721502e+06,4.657027e+06,4.046949e-01,6.297107e-01,-6.877254e-01,6.737027e-18,274,2363
5.368409e-09,-1.323824e-02,-1.997863e-02,2.500098e-02,-2.465975e+06,-3.721556e+06,4.657086e+06,4.023346e-03,6.156589e-03,-7.009602e-03,6.737027e-18,274,23621
0.000000e+00,2.284553e-07,7.296197e-08,4.532186e-07,0.000000e+00,0.000000e+00,0.000000e+00,-2.872475e+07,-7.412223e+06,-3.982914e+07,3.578231e-18,275,0
1.081364e-09,2.039992e-03,5.468999e-04,2.500147e-03,1.887477e+06,5.060207e+05,2.312722e+06,-7.296254e-01,-2.119754e-01,-6.657069e-01,3.578231e-18,275,4758
1.080977e-08,2.040315e-02,5.469968e-03,2.500017e-02,1.887601e+06,5.060569e+05,2.312836e+06,-5.773912e-03,-1.738581e-03,-7.791019e-03,3.578231e-18,275,47563
0.000000e+00,1.500128e-07,2.494675e-07,4.293167e-07,0.000000e+00,0.000000e+00,0.000000e+00,-2.155714e+07,-3.257337e+07,-3.383929e+07,3.477373e-18,276,0
1.309091e-09,1.699807e-03,2.623220e-03,2.500344e-03,1.298953e+06,2.004615e+06,1.910337e+06,-3.008590e-01,-4.760936e-01,-3.220109e-01,3.477373e-18,276,5760
1.308682e-08,1.699912e-02,2.623399e-02,2.500043e-02,1.299015e+06,2.004713e+06,1.910405e+06,-2.640814e-03,-3.954255e-03,-3.957058e-03,3.477373e-18,276,57582
0.000000e+00,1.398131e-07,-8.008454e-08,4.999746e-07,0.000000e+00,0.000000e+00,0.000000e+00,-1.926368e+07,8.391909e+06,-4.223074e+07,3.555500e-18,277,0
9.654545e-10,1.254234e-03,-5.478103e-04,2.500117e-03,1.299867e+06,-5.677523e+05,2.590737e+06,-6.161092e-01,2.943452e-01,-1.158646e+00,3.555500e-18,277,4248
9.649773e-09,1.254337e-02,-5.478675e-03,2.500017e-02,1.299961e+06,-5.677972e+05,2.590914e+06,-5.476191e-03,2.743133e-03,-1.247241e-02,3.555500e-18,277,42459
0.000000e+00,1.159775e-07,-2.544084e-07,3.114532e-07,0.000000e+00,0.000000e+00,0.000000e+00,-2.276411e+07,4.835791e+07,-3.532243e+07,4.223593e-18,278,0
1.400682e-09,1.772112e-03,-3.757138e-03,2.500260e-03,1.265516e+06,-2.683076e+06,1.785207e+06,-1.905805e-01,4.072669e-01,-1.725955e-01,4.223593e-18,278,6163
1.400409e-08,1.772236e-02,-3.757399e-02,2.500035e-02,1.265557e+06,-2.683166e+06,1.785245e+06,-1.578894e-03,3.342325e-03,-2.219278e-03,4.223593e-18,278,61618
0.000000e+00,1.310683e-07,1.241897e-07,3.834541e-07,0.000000e+00,0.000000e+00,0.000000e+00,-2.671026e+07,-2.312541e+07,-5.181639e+07,4.289041e-18,279,0
8.784091e-10,1.350134e-03,1.187631e-03,2.500175e-03,1.537682e+06,1.352607e+06,2.847124e+06,-6.094302e-01,-5.418862e-01,-9.742709e-01,4.289041e-18,279,3865
8.780909e-09,1.350222e-02,1.187710e-02,2.500046e-02,1.537767e+06,1.352682e+06,2.847260e+06,-5.680297e-03,-5.153578e-03,-1.019692e-02,4.289041e-18,279,38636
0.000000e+00,6.789252e-08,-2.808903e-08,6.143180e-07,0.000000e+00,0.000000e+00,0.000000e+00,-7.010043e+06,3.654706e+06,-3.751032e+07,3.038681e-18,280,0
9.922727e-10,4.443076e-04,-2.840821e-04,2.500119e-03,4.480886e+05,-2.865681e+05,2.520836e+06,-2.823151e-01,2.131027e-01,-1.298579e+00,3.038681e-18,280,4366
9.917273e-09,4.443825e-03,-2.841949e-03,2.500008e-02,4.481328e+05,-2.866015e+05,2.521040e+06,-2.304281e-03,1.630427e-03,-1.539374e-02,3.038681e-18,280,43636
0.000000e+00,9.263577e-08,8.488909e-08,2.088854e-07,0.000000e+00,0.000000e+00,0.000000e+00,-6.746370e+07,-6.548062e+07,-1.343629e+08,7.026512e-18,281,0
4.468182e-10,1.262364e-03,1.225848e-03,2.500985e-03,2.825383e+06,2.743671e+06,5.597507e+06,-5.806972e-01,-5.720814e-01,-1.050968e+00,7.026512e-18,281,1966
4.466364e-09,1.261926e-02,1.225429e-02,2.500066e-02,2.825424e+06,2.743712e+06,5.597581e+06,-5.783422e-03,-5.696619e-03,-1.061289e-02,7.026512e-18,281,19652
0.000000e+00,3.746567e-08,2.509694e-07,4.717448e-07,0.000000e+00,0.000000e+00,0.000000e+00,-6.190347e+06,-3.043297e+07,-3.408279e+07,3.406751e-18,282,0
1.240227e-09,4.913352e-04,2.454594e-03,2.500042e-03,3.964076e+05,1.980135e+06,2.016334e+06,-1.521842e-01,-6.383650e-01,-4.759643e-01,3.406751e-18,282,5457
1.239886e-08,4.914979e-03,2.455136e-02,2.500045e-02,3.964374e+05,1.980260e+06,2.016428e+06,-1.116568e-03,-5.484825e-03,-5.728147e-03,3.406751e-18,282,54555
0.000000e+00,1.606264e-07,-2.147177e-07,3.667991e-07,0.000000e+00,0.000000e+00,0.000000e+00,-2.976573e+07,3.620146e+07,-3.610137e+07,3.957307e-18,283,0
1.329318e-09,2.298552e-03,-2.833911e-03,2.500412e-03,1.729680e+06,-2.132535e+06,1.881214e+06,-3.276801e-01,4.059343e-01,-2.392002e-01,3.957307e-18,283,5849
1.328932e-08,2.298620e-02,-2.833987e-02,2.500023e-02,1.729748e+06,-2.132619e+06,1.881265e+06,-2.780369e-03,3.368630e-03,-2.924862e-03,3.957307e-18,283,58473
0.000000e+00,3.713164e-10,-1.127703e-07,6.476645e-07,0.000000e+00,0.000000e+00,0.000000e+00,5.218028e+06,1.163003e+07,-3.765034e+07,2.850147e-18,284,0
9.613636e-10,-3.219051e-04,-7.445955e-04,2.500434e-03,-3.351006e+05,-7.750810e+05,2.602130e+06,1.875507e-01,4.955690e-01,-1.296386e+00,2.850147e-18,284,4230
9.607500e-09,-3.219434e-03,-7.446589e-03,2.500021e-02,-3.351290e+05,-7.751561e+05,2.602327e+06,1.247023e-03,3.924242e-03,-1.450083e-02,2.850147e-18,284,42273
0.000000e+00,1.664415e-07,1.230537e-07,6.064585e-07,0.000000e+00,0.000000e+00,0.000000e+00,-1.425976e+07,-1.050325e+07,-3.397635e+07,2.885119e-18,285,0
1.070227e-09,1.082162e-03,8.023529e-04,2.500019e-03,1.011814e+06,7.501982e+05,2.336993e+06,-5.303807e-01,-3.919157e-01,-9.904095e-01,2.885119e-18,285,4709
1.069750e-08,1.082388e-02,8.025243e-03,2.500022e-02,1.011903e+06,7.502643e+05,2.337161e+06,-4.669800e-03,-3.349043e-03,-1.139135e-02,2.885119e-18,285,47069
0.000000e+00,2.073700e-07,-1.701780e-07,4.565538e-07,0.000000e+00,0.000000e+00,0.000000e+00,-2.694889e+07,2.181275e+07,-3.493781e+07,3.451241e-18,286,0
1.179318e-09,2.194508e-03,-1.662397e-03,2.500467e-03,1.861634e+06,-1.410187e+06,2.120751e+06,-5.318323e-01,3.882377e-01,-4.596645e-01,3.451241e-18,286,5189
1.178841e-08,2.194562e-02,-1.662383e-02,2.500046e-02,1.861733e+06,-1.410259e+06,2.120837e+06,-4.382479e-03,3.371921e-03,-5.331621e-03,3.451241e-18,286,51869
0.000000e+00,-2.438424e-07,1.365457e-07,3.495803e-07,0.000000e+00,0.000000e+00,0.000000e+00,3.980107e+07,-1.969121e+07,-4.055807e+07,3.971475e-18,287,0
1.175909e-09,-2.724595e-03,1.317278e-03,2.500441e-03,-2.317841e+06,1.120578e+06,2.126791e+06,5.770648e-01,-2.628031e-01,-3.802820e-01,3.971475e-18,287,5174
1.175477e-08,-2.724565e-02,1.317215e-02,2.500010e-02,-2.317948e+06,1.120627e+06,2.126862e+06,4.956627e-03,-2.290819e-03,-4.328810e-03,3.971475e-18,287,51721
0.000000e+00,1.453391e-07,8.619299e-08,2.895944e-07,0.000000e+00,0.000000e+00,0.000000e+00,-4.826564e+07,-3.019704e+07,-7.166726e+07,5.266962e-18,288,0
7.452273e-10,1.725264e-03,1.104112e-03,2.500013e-03,2.315487e+06,1.482024e+06,3.355211e+06,-5.155949e-01,-5.266544e-01,-8.059354e-01,5.266962e-18,288,3279
7.451136e-09,1.725305e-02,1.104277e-02,2.500028e-02,2.315548e+06,1.482086e+06,3.355306e+06,-6.629427e-03,-4.371476e-03,-8.766216e-03,5.266962e-18,288,32785
0.000000e+00,-2.973939e-08,8.355417e-09,5.119118e-07,0.000000e+00,0.000000e+00,0.000000e+00,3.419248e+06,-4.351279e+06,-4.381625e+07,3.672044e-18,289,0
9.340909e-10,-2.118161e-04,2.399487e-04,2.500033e-03,-2.269451e+05,2.570789e+05,2.677880e+06,1.775230e-01,-1.798524e-01,-1.495819e+00,3.672044e-18,289,4110
9.335682e-09,-2.118698e-03,2.400005e-03,2.500002e-02,-2.269712e+05,2.571054e+05,2.678101e+06,1.049381e-03,-1.183914e-03,-1.665753e-02,3.672044e-18,289,41077
0.000000e+00,7.651773e-08,-7.558851e-08,6.269506e-07,0.000000e+00,0.000000e+00,0.000000e+00,-6.953838e+06,7.169078e+06,-3.632268e+07,2.940891e-18,290,0
9.806818e-10,5.912599e-04,-4.713719e-04,2.500512e-03,6.034039e+05,-4.810005e+05,2.551031e+06,-4.036388e-01,2.974074e-01,-1.307162e+00,2.940891e-18,290,4315
9.800000e-09,5.913327e-03,-4.713804e-03,2.500035e-02,6.034663e+05,-4.810465e+05,2.551235e+06,-3.157349e-03,2.405123e-03,-1.480205e-02,2.940891e-18,290,43120
0.000000e+00,2.186906e-07,-5.052645e-09,2.465601e-07,0.000000e+00,0.000000e+00,0.000000e+00,-7.327030e+07,3.524351e+06,-6.154208e+07,5.279917e-18,291,0
8.936364e-10,3.078899e-03,-1.485125e-04,2.500538e-03,3.445964e+06,-1.662232e+05,2.798441e+06,-6.360710e-01,3.132597e-02,-4.133686e-01,5.279917e-18,291,3932
8.933636e-09,3.078505e-02,-1.484976e-03,2.500039e-02,3.446054e+06,-1.662276e+05,2.798499e+06,-5.942790e-03,2.793589e-04,-4.371822e-03,5.279917e-18,291,39308
0.000000e+00,-1.930909e-07,9.595155e-08,5.823221e-07,0.000000e+00,0.000000e+00,0.000000e+00,1.968632e+07,-9.402430e+06,-3.543894e+07,2.978573e-18,292,0
1.110682e-09,-1.607711e-03,8.161081e-04,2.500027e-03,-1.448370e+06,7.351853e+05,2.251730e+06,6.374281e-01,-2.834299e-01,-8.070955e-01,2.978573e-18,292,4887
1.110250e-08,-1.608048e-02,8.162357e-03,2.500007e-02,-1.448481e+06,7.352348e+05,2.251872e+06,5.460828e-03,-2.356025e-03,-9.135026e-03,2.978573e-18,292,48851
0.000000e+00,9.880632e-09,1.324250e-07,6.449481e-07,0.000000e+00,0.000000e+00,0.000000e+00,-1.787999e+06,-1.184756e+07,-3.592413e+07,2.826324e-18,293,0
9.695455e-10,1.503644e-04,8.070430e-04,2.500351e-03,1.552649e+05,8.329791e+05,2.580222e+06,-1.194004e-01,-5.304512e-01,-1.362527e+00,2.826324e-18,293,4266
9.689091e-09,1.504336e-03,8.070828e-03,2.500022e-02,1.552832e+05,8.330602e+05,2.580432e+06,-5.340231e-04,-4.682182e-03,-1.505909e-02,2.826324e-18,293,42632
0.000000e+00,-2.251476e-07,-2.137109e-08,4.736125e-07,0.000000e+00,0.000000e+00,0.000000e+00,3.011666e+07,4.223252e+06,-3.575326e+07,3.492299e-18,294,0
1.186136e-09,-2.300563e-03,-3.544580e-04,2.500241e-03,-1.940530e+06,-2.990063e+05,2.108474e+06,6.622320e-01,1.051957e-01,-5.341898e-01,3.492299e-18,294,5219
1.185705e-08,-2.300888e-02,-3.545301e-03,2.500046e-02,-1.940654e+06,-2.990260e+05,2.108574e+06,5.831715e-03,9.833944e-04,-6.342193e-03,3.492299e-18,294,52171
0.000000e+00,-2.335275e-10,5.146334e-08,1.933906e-07,0.000000e+00,0.000000e+00,0.000000e+00,-3.383486e+05,-6.554152e+07,-2.357314e+08,8.477564e-18,295,0
2.618182e-10,3.709406e-06,6.960237e-04,2.500812e-03,1.417178e+04,2.658403e+06,9.551574e+06,-9.099437e-03,-5.114144e-01,-1.754177e+00,8.477564e-18,295,1152
2.617500e-09,3.709435e-05,6.958418e-03,2.500142e-02,1.417216e+04,2.658425e+06,9.551647e+06,-5.409534e-05,-5.182422e-03,-1.764636e-02,8.477564e-18,295,11517
0.000000e+00,-1.491307e-07,-8.461164e-08,2.669023e-07,0.000000e+00,0.000000e+00,0.000000e+00,5.158695e+07,3.267791e+07,-8.125248e+07,5.525086e-18,296,0
6.768182e-10,-1.619041e-03,-1.031542e-03,2.500089e-03,-2.392577e+06,-1.524428e+06,3.694416e+06,6.678593e-01,4.557371e-01,-9.402892e-01,5.525086e-18,296,2978
6.767045e-09,-1.619074e-02,-1.031590e-02,2.500043e-02,-2.392649e+06,-1.524476e+06,3.694516e+06,6.672454e-03,4.435025e-03,-9.643662e-03,5.525086e-18,296,29775
0.000000e+00,-2.450136e-07,-4.203142e-08,2.468568e-07,0.000000e+00,0.000000e+00,0.000000e+00,7.177844e+07,1.216423e+07,-4.399671e+07,4.969631e-18,297,0
1.229545e-09,-4.267497e-03,-7.316232e-04,2.500149e-03,-3.471373e+06,-5.951424e+05,2.033524e+06,4.121458e-01,7.452931e-02,-1.702874e-01,4.969631e-18,297,5410
1.229386e-08,-4.267661e-02,-7.316600e-03,2.500001e-02,-3.471453e+06,-5.951568e+05,2.033558e+06,3.496758e-03,6.104658e-04,-2.010934e-03,4.969631e-18,297,54093
0.000000e+00,3.863711e-08,-5.552922e-08,3.830573e-07,0.000000e+00,0.000000e+00,0.000000e+00,-8.830236e+06,1.064360e+07,-6.243682e+07,4.685131e-18,298,0
7.118182e-10,3.541017e-04,-4.798198e-04,2.500056e-03,4.977296e+05,-6.744289e+05,3.513691e+06,-3.058950e-01,3.921623e-01,-1.878179e+00,4.685131e-18,298,3132
7.115227e-09,3.541450e-03,-4.798697e-03,2.500077e-02,4.977640e+05,-6.744730e+05,3.513902e+06,-2.873390e-03,3.828903e-03,-1.911500e-02,4.685131e-18,298,31307
0.000000e+00,1.286456e-07,2.479106e-08,6.217863e-07,0.000000e+00,0.000000e+00,0.000000e+00,-1.940985e+07,8.450831e+06,-3.249966e+07,2.948872e-18,299,0
1.128409e-09,1.456501e-03,-5.334918e-04,2.500221e-03,1.291616e+06,-4.731296e+05,2.216552e+06,-6.092449e-01,2.159918e-01,-8.249995e-01,2.948872e-18,299,4965
1.127886e-08,1.456790e-02,-5.336295e-03,2.500047e-02,1.291724e+06,-4.731679e+05,2.216700e+06,-5.465290e-03,2.110916e-03,-9.943426e-03,2.948872e-18,299,49627
0.000000e+00,-1.485615e-07,3.630182e-08,3.910535e-07,0.000000e+00,0.000000e+00,0.000000e+00,2.590944e+07,-2.169571e+06,-4.936430e+07,4.338265e-18,300,0
8.995455e-10,-1.409883e-03,8.171443e-05,2.500626e-03,-1.568217e+06,9.085713e+04,2.781059e+06,7.969566e-01,-4.969394e-02,-1.208265e+00,4.338265e-18,300,3958
8.989545e-09,-1.409751e-02,8.167959e-04,2.500054e-02,-1.568330e+06,9.086418e+04,2.781231e+06,7.439959e-03,-4.829009e-04,-1.249988e-02,4.338265e-18,300,39554
0.000000e+00,1.453908e-07,1.930178e-07,2.315119e-07,0.000000e+00,0.000000e+00,0.000000e+00,-4.728509e+07,-6.421328e+07,-5.461079e+07,5.172604e-18,301,0
1.024773e-09,2.243801e-03,3.076989e-03,2.500381e-03,2.189870e+06,3.003059e+06,2.440090e+06,-2.942395e-01,-4.136548e-01,-2.425765e-01,5.172604e-18,301,4509
1.024568e-08,2.243676e-02,3.076843e-02,2.500053e-02,2.189918e+06,3.003126e+06,2.440130e+06,-2.655569e-03,-3.637584e-03,-2.739856e-03,5.172604e-18,301,45081
0.000000e+00,7.564008e-08,-2.664247e-07,3.295326e-07,0.000000e+00,0.000000e+00,0.000000e+00,-1.387503e+07,4.898861e+07,-3.652842e+07,4.130102e-18,302,0
1.344545e-09,1.058295e-03,-3.680802e-03,2.500005e-03,7.873331e+05,-2.738366e+06,1.859572e+06,-1.368941e-01,4.709590e-01,-2.045241e-01,4.130102e-18,302,5916
1.344409e-08,1.058496e-02,-3.681479e-02,2.500042e-02,7.873620e+05,-2.738466e+06,1.859616e+06,-1.126085e-03,3.931649e-03,-2.645836e-03,4.130102e-18,302,59154
0.000000e+00,5.946579e-08,1.208810e-07,3.726562e-07,0.000000e+00,0.000000e+00,0.000000e+00,-1.014021e+07,-2.585444e+07,-5.785802e+07,4.580849e-18,303,0
7.450000e-10,3.493781e-04,1.039095e-03,2.500387e-03,4.691328e+05,1.395371e+06,3.357463e+06,-2.368164e-01,-7.001091e-01,-1.492393e+00,4.580849e-18,303,3278
7.446136e-09,3.493255e-03,1.039012e-02,2.500018e-02,4.691607e+05,1.395453e+06,3.357639e+06,-2.289083e-03,-6.904917e-03,-1.553090e-02,4.580849e-18,303,32763
0.000000e+00,5.971799e-08,1.718844e-07,2.622679e-07,0.000000e+00,0.000000e+00,0.000000e+00,-1.975236e+07,-5.995211e+07,-7.337473e+07,5.476561e-18,304,0
7.402273e-10,6.884792e-04,2.107200e-03,2.500455e-03,9.302706e+05,2.847300e+06,3.378443e+06,-2.362889e-01,-7.668853e-01,-7.694336e-01,5.476561e-18,304,3257
7.400000e-09,6.884022e-03,2.107006e-02,2.500062e-02,9.302982e+05,2.847389e+06,3.378533e+06,-2.277197e-03,-7.330783e-03,-7.927790e-03,5.476561e-18,304,32560
0.000000e+00,-1.817154e-08,-2.766149e-07,3.858204e-07,0.000000e+00,0.000000e+00,0.000000e+00,2.528314e+06,4.191919e+07,-3.640888e+07,3.783229e-18,305,0
1.291818e-09,-1.820150e-04,-3.221904e-03,2.500435e-03,-1.409496e+05,-2.494992e+06,1.935916e+06,3.512796e-02,5.672365e-01,-3.037916e-01,3.783229e-18,305,5684
1.291386e-08,-1.820206e-03,-3.221992e-02,2.500034e-02,-1.409567e+05,-2.495107e+06,1.935979e+06,2.313204e-04,4.860334e-03,-3.755416e-03,3.783229e-18,305,56821
0.000000e+00,2.011760e-08,-8.768284e-08,1.394270e-07,0.000000e+00,0.000000e+00,0.000000e+00,-4.287987e+07,1.953207e+08,-2.925970e+08,1.004792e-17,306,0
2.131818e-10,3.667848e-04,-1.670935e-03,2.502421e-03,1.720475e+06,-7.837864e+06,1.173807e+07,-1.588853e-01,7.409442e-01,-1.062232e+00,1.004792e-17,306,938
2.130000e-09,3.664630e-03,-1.669473e-02,2.500223e-02,1.720480e+06,-7.837889e+06,1.173811e+07,-1.586928e-03,7.406678e-03,-1.064812e-02,1.004792e-17,306,9372
0.000000e+00,9.472790e-08,8.440426e-08,4.644012e-07,0.000000e+00,0.000000e+00,0.000000e+00,-1.240827e+07,-1.496233e+07,-4.595764e+07,3.859524e-18,307,0
9.161364e-10,7.763805e-04,8.858821e-04,2.500180e-03,8.480321e+05,9.676009e+05,2.730321e+06,-4.964390e-01,-5.252990e-01,-1.316114e+00,3.859524e-18,307,4031
9.156591e-09,7.765040e-03,8.859872e-03,2.500057e-02,8.481038e+05,9.676769e+05,2.730512e+06,-4.547266e-03,-4.714662e-03,-1.387289e-02,3.859524e-18,307,40289
0.000000e+00,1.112117e-08,2.131873e-07,4.366561e-07,0.000000e+00,0.000000e+00,0.000000e+00,-2.931250e+05,-3.057609e+07,-3.875323e+07,3.756168e-18,308,0
1.104091e-09,-1.233055e-05,2.114606e-03,2.500238e-03,-1.123355e+04,1.916253e+06,2.265277e+06,3.294981e-02,-7.309923e-01,-6.801066e-01,3.756168e-18,308,4858
1.103614e-08,-1.239498e-04,2.114796e-02,2.500004e-02,-1.123926e+04,1.916380e+06,2.265396e+06,3.045115e-04,-6.224718e-03,-7.662013e-03,3.756168e-18,308,48559
0.000000e+00,1.304625e-10,-1.756721e-07,1.811773e-07,0.000000e+00,0.000000e+00,0.000000e+00,2.286174e+06,1.173393e+08,-1.019662e+08,6.740457e-18,309,0
5.875000e-10,-5.759161e-05,-2.898950e-03,2.500782e-03,-9.804378e+04,-4.934638e+06,4.256760e+06,1.838867e-02,6.585164e-01,-4.984666e-01,6.740457e-18,309,2585
5.873182e-09,-5.758273e-04,-2.898214e-02,2.500086e-02,-9.804549e+04,-4.934699e+06,4.256806e+06,1.576776e-04,6.481578e-03,-5.040603e-03,6.740457e-18,309,25842
0.000000e+00,2.123558e-07,8.808848e-08,4.771061e-07,0.000000e+00,0.000000e+00,0.000000e+00,-2.479274e+07,-1.101411e+07,-3.971753e+07,3.474740e-18,310,0
1.049773e-09,1.690205e-03,7.567701e-04,2.500167e-03,1.610918e+06,7.212873e+05,2.382438e+06,-6.709711e-01,-3.071979e-01,-7.862157e-01,3.474740e-18,310,4619
1.049341e-08,1.690399e-02,7.568743e-03,2.500007e-02,1.611029e+06,7.213382e+05,2.382569e+06,-5.651601e-03,-2.644936e-03,-9.029494e-03,3.474740e-18,310,46171
0.000000e+00,-3.073685e-09,-1.467285e-07,4.865918e-07,0.000000e+00,0.000000e+00,0.000000e+00,1.423894e+06,1.804139e+07,-4.279716e+07,3.671188e-18,311,0
9.775000e-10,-1.281735e-04,-1.122456e-03,2.500142e-03,-1.311745e+05,-1.148960e+06,2.558805e+06,2.806475e-02,5.844020e-01,-1.118931e+00,3.671188e-18,311,4301
9.770227e-09,-1.281587e-03,-1.122561e-02,2.500027e-02,-1.311788e+05,-1.149050e+06,2.558978e+06,5.835853e-04,5.310361e-03,-1.278603e-02,3.671188e-18,311,42989
0.000000e+00,2.614854e-07,1.154335e-07,4.484011e-07,0.000000e+00,0.000000e+00,0.000000e+00,-3.246262e+07,-1.590200e+07,-3.418161e+07,3.412828e-18,312,0
1.255909e-09,2.533611e-03,1.250599e-03,2.500087e-03,2.018209e+06,9.962270e+05,1.991107e+06,-5.595684e-01,-2.879128e-01,-4.020059e-01,3.412828e-18,312,5526
1.255591e-08,2.534041e-02,1.250850e-02,2.500035e-02,2.018319e+06,9.962839e+05,1.991188e+06,-4.795727e-03,-2.221735e-03,-4.823160e-03,3.412828e-18,312,55246
0.000000e+00,8.671679e-08,-1.238698e-07,3.572742e-07,0.000000e+00,0.000000e+00,0.000000e+00,-1.949431e+07,2.662990e+07,-5.703830e+07,4.658065e-18,313,0
8.097727e-10,9.291874e-04,-1.240631e-03,2.500524e-03,1.147997e+06,-1.532743e+06,3.088942e+06,-5.107791e-01,6.688419e-01,-1.178304e+00,4.658065e-18,313,3563
8.093409e-09,9.291174e-03,-1.240509e-02,2.500017e-02,1.148062e+06,-1.532829e+06,3.089093e+06,-4.857431e-03,6.460085e-03,-1.214458e-02,4.658065e-18,313,35611
0.000000e+00,2.357889e-07,4.825740e-08,2.511789e-07,0.000000e+00,0.000000e+00,0.000000e+00,-9.003969e+07,4.346406e+06,-3.128810e+07,5.025757e-18,314,0
1.747045e-09,7.263185e-03,-3.110648e-04,2.500303e-03,4.157791e+06,-1.780978e+05,1.431152e+06,-1.833985e-01,7.845821e-03,-4.440816e-02,5.025757e-18,314,7687
1.746841e-08,7.262998e-02,-3.111033e-03,2.500012e-02,4.157841e+06,-1.780999e+05,1.431164e+06,-1.599087e-03,6.832291e-05,-5.503116e-04,5.025757e-18,314,76861
0.000000e+00,-3.479712e-08,4.285894e-08,5.412098e-07,0.000000e+00,0.000000e+00,0.000000e+00,4.936300e+06,-9.664331e+06,-4.225415e+07,3.468527e-18,315,0
9.113636e-10,-2.498623e-04,5.873237e-04,2.500579e-03,-2.743719e+05,6.449606e+05,2.745254e+06,2.099513e-01,-4.181408e-01,-1.542943e+00,3.468527e-18,315,4010
9.106591e-09,-2.498607e-03,5.873330e-03,2.500006e-02,-2.744020e+05,6.450207e+05,2.745476e+06,2.027453e-03,-3.486714e-03,-1.644308e-02,3.468527e-18,315,40069
0.000000e+00,2.633126e-07,2.581136e-08,5.020668e-07,0.000000e+00,0.000000e+00,0.000000e+00,-2.828929e+07,-3.183005e+06,-3.464588e+07,3.224617e-18,316,0
1.190909e-09,2.258832e-03,2.794448e-04,2.500214e-03,1.897714e+06,2.347867e+05,2.100004e+06,-6.748893e-01,-8.788477e-02,-5.454979e-01,3.224617e-18,316,5240
1.190477e-08,2.259180e-02,2.795064e-03,2.500028e-02,1.897840e+06,2.348032e+05,2.100107e+06,-5.632267e-03,-7.103732e-04,-6.664855e-03,3.224617e-18,316,52381
0.000000e+00,8.716042e-08,-3.287916e-08,4.830807e-07,0.000000e+00,0.000000e+00,0.000000e+00,-1.280559e+07,4.144664e+06,-4.786225e+07,3.809546e-18,317,0
8.545455e-10,7.350141e-04,-2.352216e-04,2.500306e-03,8.607826e+05,-2.754570e+05,2.927352e+06,-6.043302e-01,1.865330e-01,-1.583323e+00,3.809546e-18,317,3760
8.540227e-09,7.351234e-03,-2.352456e-03,2.500036e-02,8.608641e+05,-2.754821e+05,2.927566e+06,-5.394733e-03,1.591417e-03,-1.666518e-02,3.809546e-18,317,37577
0.000000e+00,2.811960e-08,-6.182696e-08,4.867354e-07,0.000000e+00,0.000000e+00,0.000000e+00,-6.205531e+06,8.985540e+06,-4.450453e+07,3.815598e-18,318,0
9.400000e-10,3.487815e-04,-5.774745e-04,2.500395e-03,3.712969e+05,-6.148061e+05,2.661409e+06,-2.155454e-01,3.853860e-01,-1.423982e+00,3.815598e-18,318,4136
9.393636e-09,3.487814e-03,-5.775222e-03,2.500046e-02,3.713289e+05,-6.148632e+05,2.661621e+06,-1.809363e-03,3.276014e-03,-1.587408e-02,3.815598e-18,318,41332
0.000000e+00,-6.142321e-08,2.271680e-07,2.820105e-07,0.000000e+00,0.000000e+00,0.000000e+00,2.028547e+07,-6.301270e+07,-4.646877e+07,4.780840e-18,319,0
1.136364e-09,-1.142558e-03,3.570024e-03,2.500290e-03,-1.005667e+06,3.142276e+06,2.200445e+06,1.550198e-01,-4.909130e-01,-2.430696e-01,4.780840e-18,319,5000
1.136136e-08,-1.142573e-02,3.570054e-02,2.500021e-02,-1.005694e+06,3.142364e+06,2.200489e+06,1.354011e-03,-4.228560e-03,-2.808410e-03,4.780840e-18,319,49990
0.000000e+00,5.936416e-08,-1.730061e-07,3.363373e-07,0.000000e+00,0.000000e+00,0.000000e+00,-1.283809e+07,3.828806e+07,-5.185779e+07,4.689785e-18,320,0
8.965909e-10,6.380792e-04,-1.936124e-03,2.500551e-03,7.119805e+05,-2.160294e+06,2.789762e+06,-2.817230e-01,7.768452e-01,-8.570991e-01,4.689785e-18,320,3945
8.961364e-09,6.380307e-03,-1.935914e-02,2.500016e-02,7.120204e+05,-2.160404e+06,2.789883e+06,-2.483804e-03,7.329859e-03,-8.930804e-03,4.689785e-18,320,39430
0.000000e+00,-1.737021e-07,-4.991029e-08,2.713866e-07,0.000000e+00,0.000000e+00,0.000000e+00,5.783173e+07,2.637992e+07,-8.067906e+07,5.394671e-18,321,0
6.861364e-10,-1.824781e-03,-8.353784e-04,2.500546e-03,-2.659958e+06,-1.217802e+06,3.644859e+06,7.124046e-01,3.712197e-01,-8.683127e-01,5.394671e-18,321,3019
6.859091e-09,-1.824497e-02,-8.353021e-03,2.500057e-02,-2.660035e+06,-1.217842e+06,3.644953e+06,7.259120e-03,3.252815e-03,-9.115602e-03,5.394671e-18,321,30180
0.000000e+00,-4.463283e-08,1.536264e-07,4.283682e-07,0.000000e+00,0.000000e+00,0.000000e+00,8.448478e+06,-2.461269e+07,-4.564831e+07,4.005980e-18,322,0
9.063636e-10,-4.229837e-04,1.373222e-03,2.500258e-03,-4.669590e+05,1.515937e+06,2.759694e+06,2.505597e-01,-7.507825e-01,-1.164342e+00,4.005980e-18,322,3988
9.059091e-09,-4.230215e-03,1.373297e-02,2.500042e-02,-4.669949e+05,1.516044e+06,2.759861e+06,2.123348e-03,-6.971391e-03,-1.222671e-02,4.005980e-18,322,39860
0.000000e+00,2.074814e-08,-1.504099e-08,2.917788e-07,0.000000e+00,0.000000e+00,0.000000e+00,-8.177016e+06,5.547629e+06,-1.108450e+08,6.014588e-18,323,0
4.995455e-10,1.865058e-04,-1.267748e-04,2.500583e-03,3.734186e+05,-2.538299e+05,5.006573e+06,-1.487555e-01,1.117803e-01,-2.018465e+00,6.014588e-18,323,2198
4.993409e-09,1.864641e-03,-1.267485e-03,2.500003e-02,3.734303e+05,-2.538387e+05,5.006733e+06,-1.439129e-03,1.201133e-03,-2.069102e-02,6.014588e-18,323,21971
0.000000e+00,-5.979941e-08,-5.468112e-08,5.820692e-07,0.000000e+00,0.000000e+00,0.000000e+00,8.329820e+06,6.028118e+06,-4.223887e+07,3.209259e-18,324,0
8.561364e-10,-5.072671e-04,-4.364256e-04,2.500174e-03,-5.929189e+05,-5.101609e+05,2.921819e+06,3.819531e-01,3.604149e-01,-1.691503e+00,3.209259e-18,324,3767
8.556364e-09,-5.073206e-03,-4.365091e-03,2.500030e-02,-5.929705e+05,-5.102097e+05,2.922048e+06,3.484020e-03,3.364945e-03,-1.756632e-02,3.209259e-18,324,37648
0.000000e+00,4.908648e-08,2.430410e-07,3.297887e-07,0.000000e+00,0.000000e+00,0.000000e+00,-7.489757e+06,-4.960406e+07,-4.399016e+07,4.312854e-18,325,0
1.115909e-09,4.477086e-04,3.039872e-03,2.500310e-03,4.013178e+05,2.724968e+06,2.240973e+06,-9.480281e-02,-6.230334e-01,-3.802677e-01,4.312854e-18,325,4910
1.115591e-08,4.477078e-03,3.039946e-02,2.500023e-02,4.013345e+05,2.725077e+06,2.241040e+06,-8.064873e-04,-5.376840e-03,-4.276912e-03,4.312854e-18,325,49086
0.000000e+00,1.820713e-07,-1.083301e-07,4.655820e-07,0.000000e+00,0.000000e+00,0.000000e+00,-2.413702e+07,1.401141e+07,-3.867278e+07,3.609710e-18,326,0
1.085227e-09,1.600254e-03,-1.101823e-03,2.500456e-03,1.475329e+06,-1.015892e+06,2.304811e+06,-5.757572e-01,4.280296e-01,-6.957711e-01,3.609710e-18,326,4775
1.084682e-08,1.600261e-02,-1.101914e-02,2.500005e-02,1.475428e+06,-1.015965e+06,2.304931e+06,-5.261493e-03,3.159010e-03,-8.326931e-03,3.609710e-18,326,47726
0.000000e+00,1.245300e-07,-9.405007e-08,1.827390e-07,0.000000e+00,0.000000e+00,0.000000e+00,-9.592506e+07,6.994413e+07,-1.196600e+08,7.080572e-18,327,0
5.038636e-10,2.014765e-03,-1.467732e-03,2.500300e-03,3.998806e+06,-2.913071e+06,4.962361e+06,-5.935387e-01,4.264425e-01,-6.586466e-01,7.080572e-18,327,2217
5.037955e-09,2.014589e-02,-1.467599e-02,2.500029e-02,3.998853e+06,-2.913105e+06,4.962413e+06,-5.849310e-03,4.228105e-03,-6.643730e-03,7.080572e-18,327,22167
0.000000e+00,-1.986157e-07,-1.188938e-07,2.824028e-07,0.000000e+00,0.000000e+00,0.000000e+00,5.403442e+07,3.206755e+07,-5.440174e+07,4.814107e-18,328,0
9.681818e-10,-2.587449e-03,-1.528729e-03,2.500322e-03,-2.673095e+06,-1.579311e+06,2.582823e+06,5.634496e-01,3.180364e-01,-4.206832e-01,4.814107e-18,328,4260
9.679318e-09,-2.587376e-02,-1.528667e-02,2.500011e-02,-2.673181e+06,-1.579360e+06,2.582888e+06,5.206033e-03,2.877047e-03,-4.591828e-03,4.814107e-18,328,42589
0.000000e+00,1.072656e-07,-3.375183e-08,2.803710e-07,0.000000e+00,0.000000e+00,0.000000e+00,-4.173904e+07,1.413789e+07,-9.368821e+07,5.816356e-18,329,0
5.809091e-10,1.135891e-03,-3.868703e-04,2.500586e-03,1.955802e+06,-6.661341e+05,4.305374e+06,-7.289159e-01,2.577484e-01,-1.479643e+00,5.816356e-18,329,2556
5.806818e-09,1.135702e-02,-3.868129e-03,2.500066e-02,1.955869e+06,-6.661577e+05,4.305509e+06,-7.130617e-03,2.561260e-03,-1.493686e-02,5.816356e-18,329,25550
0.000000e+00,1.505645e-07,1.466642e-07,2.228598e-07,0.000000e+00,0.000000e+00,0.000000e+00,-6.023281e+07,-5.789726e+07,-6.857666e+07,5.635977e-18,330,0
8.245455e-10,2.252319e-03,2.160580e-03,2.500423e-03,2.731970e+06,2.620683e+06,3.032726e+06,-4.619995e-01,-4.351314e-01,-4.154932e-01,5.635977e-18,330,3628
8.243409e-09,2.252080e-02,2.160341e-02,2.500014e-02,2.732030e+06,2.620739e+06,3.032781e+06,-4.365990e-03,-4.124320e-03,-4.307092e-03,5.635977e-18,330,36271
0.000000e+00,-8.141571e-08,2.314567e-08,3.395434e-07,0.000000e+00,0.000000e+00,0.000000e+00,2.287837e+07,-6.414284e+06,-7.498125e+07,5.110831e-18,331,0
6.488636e-10,-8.001243e-04,2.180212e-04,2.500209e-03,-1.233600e+06,3.361222e+05,3.854366e+06,6.229918e-01,-1.568779e-01,-1.724427e+00,5.110831e-18,331,2855
6.486136e-09,-8.001293e-03,2.180136e-03,2.500005e-02,-1.233664e+06,3.361383e+05,3.854543e+06,6.147080e-03,-1.477833e-03,-1.745509e-02,5.110831e-18,331,28539
0.000000e+00,-1.099903e-07,-9.947298e-08,1.945323e-07,0.000000e+00,0.000000e+00,0.000000e+00,7.901635e+07,7.130284e+07,-1.243519e+08,6.984854e-18,332,0
4.831818e-10,-1.597656e-03,-1.441022e-03,2.500985e-03,-3.306696e+06,-2.982506e+06,5.176229e+06,5.781543e-01,5.181404e-01,-8.259635e-01,6.984854e-18,332,2126
4.829773e-09,-1.597067e-02,-1.440490e-02,2.500016e-02,-3.306740e+06,-2.982545e+06,5.176293e+06,5.710322e-03,5.212247e-03,-8.330201e-03,6.984854e-18,332,21251
0.000000e+00,-5.864723e-08,2.434844e-07,5.153651e-07,0.000000e+00,0.000000e+00,0.000000e+00,7.049343e+06,-2.487901e+07,-3.176383e+07,3.203468e-18,333,0
1.269773e-09,-6.062040e-04,2.159998e-03,2.500311e-03,-4.776538e+05,1.702084e+06,1.969766e+06,1.484483e-01,-6.305049e-01,-5.472920e-01,3.203468e-18,333,5587
1.269182e-08,-6.062269e-03,2.160247e-02,2.500011e-02,-4.776835e+05,1.702209e+06,1.969877e+06,1.650955e-03,-5.616416e-03,-6.658394e-03,3.203468e-18,333,55844
0.000000e+00,7.144704e-08,4.623870e-08,2.997594e-07,0.000000e+00,0.000000e+00,0.000000e+00,-2.284932e+07,-1.996151e+07,-9.552969e+07,5.680271e-18,334,0
5.611364e-10,6.123511e-04,5.324313e-04,2.500331e-03,1.091525e+06,9.490974e+05,4.456743e+06,-4.621527e-01,-4.094940e-01,-1.770143e+00,5.680271e-18,334,2469
5.609545e-09,6.122985e-03,5.324015e-03,2.500045e-02,1.091565e+06,9.491337e+05,4.456900e+06,-4.533371e-03,-4.016922e-03,-1.786810e-02,5.680271e-18,334,24682
0.000000e+00,-4.837332e-08,2.696898e-07,4.876605e-07,0.000000e+00,0.000000e+00,0.000000e+00,6.179862e+06,-2.903606e+07,-2.807185e+07,3.255460e-18,335,0
1.387727e-09,-5.453544e-04,2.770003e-03,2.500110e-03,-3.931672e+05,1.997089e+06,1.802082e+06,1.040720e-01,-5.742311e-01,-3.792848e-01,3.255460e-18,335,6106
1.387295e-08,-5.454371e-03,2.770541e-02,2.500038e-02,-3.931899e+05,1.997214e+06,1.802166e+06,1.012441e-03,-5.170839e-03,-4.661325e-03,3.255460e-18,335,61041
0.000000e+00,-2.580616e-08,-7.679273e-08,3.293173e-07,0.000000e+00,0.000000e+00,0.000000e+00,1.761923e+06,1.937333e+07,-8.094485e+07,5.274250e-18,336,0
6.136364e-10,-7.392402e-05,-6.294167e-04,2.500478e-03,-1.204970e+05,-1.026070e+06,4.076022e+06,6.824411e-02,5.146613e-01,-1.862361e+00,5.274250e-18,336,2700
6.133409e-09,-7.390705e-04,-6.293316e-03,2.500002e-02,-1.205037e+05,-1.026120e+06,4.076203e+06,6.240684e-04,4.979249e-03,-1.888174e-02,5.274250e-18,336,26987
0.000000e+00,1.521524e-07,-1.508444e-07,4.407833e-07,0.000000e+00,0.000000e+00,0.000000e+00,-2.040643e+07,1.893389e+07,-3.891788e+07,3.754879e-18,337,0
1.097955e-09,1.398899e-03,-1.345226e-03,2.500206e-03,1.274744e+06,-1.225871e+06,2.277937e+06,-4.838768e-01,4.858087e-01,-7.183782e-01,3.754879e-18,337,4831
1.097500e-08,1.399029e-02,-1.345390e-02,2.500051e-02,1.274828e+06,-1.225955e+06,2.278062e+06,-4.259318e-03,4.067911e-03,-8.293705e-03,3.754879e-18,337,48290
0.000000e+00,-2.300216e-07,1.186962e-07,2.623464e-07,0.000000e+00,0.000000e+00,0.000000e+00,5.784025e+07,-3.042217e+07,-4.677633e+07,4.724752e-18,338,0
1.132045e-09,-3.259302e-03,1.715424e-03,2.500339e-03,-2.879720e+06,1.515645e+06,2.208916e+06,4.631959e-01,-2.426084e-01,-2.594542e-01,4.724752e-18,338,4981
1.131773e-08,-3.259192e-02,1.715366e-02,2.500004e-02,-2.879803e+06,1.515688e+06,2.208962e+06,4.016303e-03,-2.078769e-03,-2.903957e-03,4.724752e-18,338,49798
0.000000e+00,1.003350e-07,1.227899e-07,2.791367e-07,0.000000e+00,0.000000e+00,0.000000e+00,-2.993236e+07,-4.073583e+07,-7.462445e+07,5.485430e-18,339,0
7.034091e-10,1.048625e-03,1.412172e-03,2.500802e-03,1.491179e+06,2.008150e+06,3.555955e+06,-5.207220e-01,-6.800790e-01,-1.044366e+00,5.485430e-18,339,3095
7.030455e-09,1.048368e-02,1.411822e-02,2.500010e-02,1.491237e+06,2.008225e+06,3.556071e+06,-4.913511e-03,-6.563784e-03,-1.083217e-02,5.485430e-18,339,30934
0.000000e+00,-6.706892e-09,-2.011207e-07,5.158039e-07,0.000000e+00,0.000000e+00,0.000000e+00,2.060802e+06,2.282000e+07,-3.762961e+07,3.354371e-18,340,0
1.087727e-09,-2.344721e-04,-1.686900e-03,2.500394e-03,-2.157805e+05,-1.551726e+06,2.299587e+06,1.443394e-01,6.536845e-01,-8.044372e-01,3.354371e-18,340,4786
1.087159e-08,-2.345839e-03,-1.686969e-02,2.500036e-02,-2.158052e+05,-1.551838e+06,2.299725e+06,1.470961e-03,5.391066e-03,-9.430428e-03,3.354371e-18,340,47835
0.000000e+00,-2.023282e-07,-8.523192e-08,4.346215e-07,0.000000e+00,0.000000e+00,0.000000e+00,2.929044e+07,1.301659e+07,-4.107066e+07,3.740876e-18,341,0
1.061591e-09,-1.894929e-03,-9.025055e-04,2.500298e-03,-1.785865e+06,-8.505575e+05,2.355949e+06,6.742427e-01,3.048535e-01,-6.853667e-01,3.740876e-18,341,4671
1.061159e-08,-1.895083e-02,-9.025734e-03,2.500052e-02,-1.785978e+06,-8.506086e+05,2.356065e+06,5.746561e-03,2.730109e-03,-7.719864e-03,3.740876e-18,341,46691
0.000000e+00,-9.321378e-08,-1.147564e-07,3.272235e-07,0.000000e+00,0.000000e+00,0.000000e+00,2.518660e+07,3.202588e+07,-6.646173e+07,4.967833e-18,342,0
7.468182e-10,-9.947245e-04,-1.252024e-03,2.500305e-03,-1.332415e+06,-1.677053e+06,3.348787e+06,5.255188e-01,6.549948e-01,-1.144787e+00,4.967833e-18,342,3286
7.465455e-09,-9.947080e-03,-1.251996e-02,2.500034e-02,-1.332477e+06,-1.677131e+06,3.348922e+06,5.200046e-03,6.273381e-03,-1.172469e-02,4.967833e-18,342,32848
0.000000e+00,1.882308e-07,-1.230394e-07,3.370360e-07,0.000000e+00,0.000000e+00,0.000000e+00,-4.024853e+07,2.208080e+07,-4.984192e+07,4.418000e-18,343,0
9.611364e-10,2.128316e-03,-1.181627e-03,2.500180e-03,2.215135e+06,-1.229818e+06,2.601862e+06,-6.626635e-01,3.691514e-01,-6.310294e-01,4.418000e-18,343,4229
9.608636e-09,2.128442e-02,-1.181687e-02,2.500047e-02,2.215236e+06,-1.229873e+06,2.601958e+06,-5.854843e-03,3.405446e-03,-6.711701e-03,4.418000e-18,343,42278
0.000000e+00,1.981435e-07,1.624722e-07,3.865451e-07,0.000000e+00,0.000000e+00,0.000000e+00,-2.934889e+07,-2.814528e+07,-3.545051e+07,3.891261e-18,344,0
1.291591e-09,2.342195e-03,2.193684e-03,2.500325e-03,1.814118e+06,1.699087e+06,1.936214e+06,-4.253444e-01,-3.903198e-01,-3.221778e-01,3.891261e-18,344,5683
1.291182e-08,2.342349e-02,2.193822e-02,2.500020e-02,1.814205e+06,1.699166e+06,1.936280e+06,-3.493600e-03,-3.314586e-03,-3.857474e-03,3.891261e-18,344,56812
0.000000e+00,1.155976e-07,3.714887e-09,3.207311e-07,0.000000e+00,0.000000e+00,0.000000e+00,-3.339472e+07,-1.236043e+06,-7.841197e+07,5.232217e-18,345,0
6.475000e-10,1.103448e-03,3.327022e-05,2.500839e-03,1.704706e+06,5.138497e+04,3.863273e+06,-7.417279e-01,-8.011887e-03,-1.530780e+00,5.232217e-18,345,2849
6.471364e-09,1.103179e-02,3.325332e-04,2.500077e-02,1.704782e+06,5.138579e+04,3.863430e+06,-7.238556e-03,-7.287253e-05,-1.557563e-02,5.232217e-18,345,28474
0.000000e+00,-1.466316e-07,2.065793e-07,4.061186e-07,0.000000e+00,0.000000e+00,0.000000e+00,2.151939e+07,-3.132736e+07,-3.570597e+07,3.773101e-18,346,0
1.240909e-09,-1.695955e-03,2.414470e-03,2.500439e-03,-1.367307e+06,1.946537e+06,2.015458e+06,3.804728e-01,-5.097186e-01,-3.965294e-01,3.773101e-18,346,5460
1.240409e-08,-1.696013e-02,2.414494e-02,2.500008e-02,-1.367381e+06,1.946637e+06,2.015536e+06,3.188292e-03,-4.157817e-03,-4.627769e-03,3.773101e-18,346,54578
0.000000e+00,1.999803e-07,-2.379654e-08,5.150558e-07,0.000000e+00,0.000000e+00,0.000000e+00,-2.401402e+07,2.402983e+06,-4.238252e+07,3.362738e-18,347,0
9.522727e-10,1.501023e-03,-1.609720e-04,2.500271e-03,1.577171e+06,-1.691381e+05,2.626642e+06,-7.950388e-01,8.765900e-02,-1.102272e+00,3.362738e-18,347,4190
9.517955e-09,1.501141e-02,-1.609848e-03,2.500043e-02,1.577290e+06,-1.691512e+05,2.626808e+06,-6.768541e-03,4.321068e-04,-1.181348e-02,3.362738e-18,347,41879
0.000000e+00,-3.806903e-08,-4.045202e-08,3.914859e-07,0.000000e+00,0.000000e+00,0.000000e+00,1.022598e+07,6.185656e+06,-6.154781e+07,4.612113e-18,348,0
7.309091e-10,-4.390759e-04,-1.901764e-04,2.500647e-03,-6.011022e+05,-2.602826e+05,3.422817e+06,3.998345e-01,1.486534e-01,-1.911233e+00,4.612113e-18,348,3216
7.304091e-09,-4.390481e-03,-1.901155e-03,2.500065e-02,-6.011483e+05,-2.602998e+05,3.423038e+06,3.926361e-03,1.440036e-03,-1.945233e-02,4.612113e-18,348,32138
0.000000e+00,-1.579055e-07,-1.535256e-07,3.778480e-07,0.000000e+00,0.000000e+00,0.000000e+00,2.595194e+07,2.397379e+07,-4.208791e+07,4.124788e-18,349,0
1.089773e-09,-1.793701e-03,-1.603289e-03,2.500020e-03,-1.646695e+06,-1.471860e+06,2.294684e+06,5.358834e-01,4.709924e-01,-5.671055e-01,4.124788e-18,349,4795
1.089477e-08,-1.794029e-02,-1.603553e-02,2.500019e-02,-1.646787e+06,-1.471941e+06,2.294782e+06,4.613281e-03,4.100877e-03,-6.380170e-03,4.124788e-18,349,47937
0.000000e+00,-1.588195e-07,5.917484e-08,3.805920e-07,0.000000e+00,0.000000e+00,0.000000e+00,2.436584e+07,-1.185737e+07,-4.717044e+07,4.360803e-18,350,0
9.581818e-10,-1.562826e-03,6.362393e-04,2.500125e-03,-1.631964e+06,6.643469e+05,2.610218e+06,7.471183e-01,-2.923714e-01,-9.587949e-01,4.360803e-18,350,4216
9.577727e-09,-1.563042e-02,6.362923e-03,2.500005e-02,-1.632077e+06,6.643911e+05,2.610364e+06,6.371933e-03,-2.562562e-03,-1.036905e-02,4.360803e-18,350,42142
0.000000e+00,3.073522e-08,-1.485659e-07,1.580455e-07,0.000000e+00,0.000000e+00,0.000000e+00,-2.820618e+07,1.476238e+08,-1.380188e+08,7.701907e-18,351,0
4.438636e-10,5.120671e-04,-2.682274e-03,2.500983e-03,1.153665e+06,-6.043091e+06,5.634567e+06,-1.227582e-01,6.660716e-01,-5.649345e-01,7.701907e-18,351,1953
4.437045e-09,5.118891e-03,-2.681359e-02,2.500096e-02,1.153674e+06,-6.043137e+06,5.634606e+06,-1.226490e-03,6.613655e-03,-5.686724e-03,7.701907e-18,351,19523
0.000000e+00,-6.246915e-08,-4.280850e-08,1.914174e-07,0.000000e+00,0.000000e+00,0.000000e+00,7.351409e+07,5.142623e+07,-2.081190e+08,8.232612e-18,352,0
2.954545e-10,-8.844421e-04,-6.188272e-04,2.500102e-03,-2.993509e+06,-2.094505e+06,8.461831e+06,5.677244e-01,4.019753e-01,-1.513813e+00,8.232612e-18,352,1300
2.954545e-09,-8.844512e-03,-6.188349e-03,2.500104e-02,-2.993535e+06,-2.094524e+06,8.461902e+06,5.652532e-03,3.966410e-03,-1.518568e-02,8.232612e-18,352,13000
0.000000e+00,-1.771982e-07,1.456968e-07,3.711227e-07,0.000000e+00,0.000000e+00,0.000000e+00,3.049253e+07,-2.620789e+07,-4.237418e+07,4.118685e-18,353,0
1.085682e-09,-1.969330e-03,1.674384e-03,2.500358e-03,-1.814633e+06,1.542866e+06,2.303606e+06,5.321024e-01,-4.573180e-01,-5.421046e-01,4.118685e-18,353,4777
1.085250e-08,-1.969326e-02,1.674391e-02,2.500001e-02,-1.814724e+06,1.542944e+06,2.303699e+06,4.611318e-03,-3.885649e-03,-5.975401e-03,4.118685e-18,353,47751
0.000000e+00,4.776793e-08,-1.952296e-07,2.421921e-07,0.000000e+00,0.000000e+00,0.000000e+00,-1.826487e+07,7.255697e+07,-6.828731e+07,5.518823e-18,354,0
8.113636e-10,6.885215e-04,-2.733420e-03,2.500118e-03,8.487473e+05,-3.369498e+06,3.081700e+06,-1.731891e-01,6.782034e-01,-5.132524e-01,5.518823e-18,354,3570
8.112500e-09,6.885475e-03,-2.733511e-02,2.500042e-02,8.487694e+05,-3.369585e+06,3.081765e+06,-1.699654e-03,6.522415e-03,-5.295408e-03,5.518823e-18,354,35695
0.000000e+00,1.339370e-08,-1.182376e-07,6.403411e-07,0.000000e+00,0.000000e+00,0.000000e+00,-4.249396e+06,1.785576e+07,-3.198671e+07,2.876496e-18,355,0
1.141818e-09,3.314247e-04,-1.335944e-03,2.500479e-03,2.904714e+05,-1.170887e+06,2.190919e+06,-1.359815e-01,6.041050e-01,-9.241519e-01,2.876496e-18,355,5024
1.141068e-08,3.314444e-03,-1.336055e-02,2.500014e-02,2.904959e+05,-1.170996e+06,2.191086e+06,-1.391869e-03,5.659316e-03,-1.081524e-02,2.876496e-18,355,50207
0.000000e+00,-1.018173e-07,-8.739468e-08,3.611402e-07,0.000000e+00,0.000000e+00,0.000000e+00,2.325827e+07,2.004222e+07,-5.824874e+07,4.682341e-18,356,0
7.990909e-10,-9.968422e-04,-9.502243e-04,2.500526e-03,-1.248038e+06,-1.189692e+06,3.130289e+06,5.967091e-01,5.512502e-01,-1.273785e+00,4.682341e-18,356,3516
7.986591e-09,-9.967565e-03,-9.501550e-03,2.500043e-02,-1.248114e+06,-1.189762e+06,3.130450e+06,5.959643e-03,5.258940e-03,-1.316037e-02,4.682341e-18,356,35141
0.000000e+00,-1.116153e-07,6.941538e-08,4.716772e-07,0.000000e+00,0.000000e+00,0.000000e+00,1.261677e+07,-9.837862e+06,-4.515388e+07,3.795676e-18,357,0
9.161364e-10,-7.458359e-04,5.689157e-04,2.500466e-03,-8.147807e+05,6.214303e+05,2.730776e+06,5.949994e-01,-3.815429e-01,-1.434630e+00,3.795676e-18,357,4031
9.155000e-09,-7.459290e-03,5.689172e-03,2.500038e-02,-8.148668e+05,6.214855e+05,2.730984e+06,5.380660e-03,-3.828526e-03,-1.525039e-02,3.795676e-18,357,40282
0.000000e+00,-6.942547e-08,1.551881e-07,6.067900e-07,0.000000e+00,0.000000e+00,0.000000e+00,5.747604e+06,-9.059407e+06,-3.138323e+07,2.952701e-18,358,0
1.151591e-09,-6.901555e-04,9.113458e-04,2.500080e-03,-5.998221e+05,7.920220e+05,2.172211e+06,3.403656e-01,-4.605460e-01,-1.031221e+00,2.952701e-18,358,5067
1.150909e-08,-6.903343e-03,9.115431e-03,2.500037e-02,-5.998838e+05,7.921055e+05,2.172400e+06,3.250988e-03,-4.205501e-03,-1.210743e-02,2.952701e-18,358,50640
0.000000e+00,1.182871e-07,-9.018775e-08,4.147406e-07,0.000000e+00,0.000000e+00,0.000000e+00,-1.913013e+07,1.344113e+07,-4.758788e+07,4.176579e-18,359,0
9.150000e-10,1.108443e-03,-8.140471e-04,2.500071e-03,1.212118e+06,-8.901885e+05,2.733521e+06,-6.129101e-01,4.457425e-01,-1.215859e+00,4.176579e-18,359,4026
9.145682e-09,1.108561e-02,-8.141344e-03,2.500001e-02,1.212207e+06,-8.902529e+05,2.733697e+06,-5.068885e-03,4.218026e-03,-1.282516e-02,4.176579e-18,359,40241
0.000000e+00,1.877685e-07,-1.485802e-07,3.046489e-07,0.000000e+00,0.000000e+00,0.000000e+00,-4.203969e+07,3.312783e+07,-4.346905e+07,4.571206e-18,360,0
1.154773e-09,2.646390e-03,-2.076049e-03,2.500141e-03,2.292386e+06,-1.798292e+06,2.165346e+06,-4.846751e-01,3.411946e-01,-3.064331e-01,4.571206e-18,360,5081
1.154545e-08,2.646661e-02,-2.076207e-02,2.500004e-02,2.292474e+06,-1.798354e+06,2.165402e+06,-4.043179e-03,2.810589e-03,-3.541753e-03,4.571206e-18,360,50800
0.000000e+00,1.748217e-07,-6.827019e-09,5.907339e-07,0.000000e+00,0.000000e+00,0.000000e+00,-8.707769e+06,9.123979e+06,-3.312021e+07,3.032901e-18,361,0
1.116364e-09,8.422221e-04,-5.755876e-04,2.500170e-03,7.550352e+05,-5.160418e+05,2.240837e+06,-4.668420e-01,3.006114e-01,-1.101738e+00,3.032901e-18,361,4912
1.115659e-08,8.423630e-03,-5.757205e-03,2.500029e-02,7.551173e+05,-5.160947e+05,2.241032e+06,-4.169021e-03,2.901602e-03,-1.277297e-02,3.032901e-18,361,49089
0.000000e+00,-1.757866e-07,7.996531e-08,3.126899e-07,0.000000e+00,0.000000e+00,0.000000e+00,4.503348e+07,-2.035896e+07,-5.786819e+07,4.822518e-18,362,0
8.665909e-10,-2.057388e-03,9.217728e-04,2.500293e-03,-2.374849e+06,1.063999e+06,2.885799e+06,7.148961e-01,-3.165396e-01,-7.266012e-01,4.822518e-18,362,3813
8.663182e-09,-2.057375e-02,9.217615e-03,2.500033e-02,-2.374947e+06,1.064042e+06,2.885899e+06,6.816109e-03,-3.177139e-03,-7.548479e-03,4.822518e-18,362,38118
0.000000e+00,-2.598385e-07,9.244853e-08,4.976049e-07,0.000000e+00,0.000000e+00,0.000000e+00,2.802314e+07,-9.161518e+06,-3.227088e+07,3.195644e-18,363,0
1.331818e-09,-2.451119e-03,8.655241e-04,2.500012e-03,-1.841385e+06,6.501990e+05,1.877658e+06,5.789540e-01,-1.920278e-01,-4.310990e-01,3.195644e-18,363,5860
1.331455e-08,-2.451714e-02,8.657081e-03,2.500038e-02,-1.841507e+06,6.502392e+05,1.877750e+06,5.195983e-03,-1.838729e-03,-5.344713e-03,3.195644e-18,363,58584
0.000000e+00,-1.820178e-07,7.344448e-08,5.684586e-07,0.000000e+00,0.000000e+00,0.000000e+00,1.803372e+07,-4.585496e+06,-3.294279e+07,3.087480e-18,364,0
1.138182e-09,-1.504480e-03,3.740238e-04,2.500045e-03,-1.322787e+06,3.288375e+05,2.197515e+06,6.743985e-01,-1.756527e-01,-8.664119e-01,3.087480e-18,364,5008
1.137659e-08,-1.504874e-02,3.741064e-03,2.500042e-02,-1.322908e+06,3.288689e+05,2.197672e+06,5.812463e-03,-1.409947e-03,-1.002666e-02,3.087480e-18,364,50057
0.000000e+00,-3.941955e-09,7.807824e-08,5.995515e-07,0.000000e+00,0.000000e+00,0.000000e+00,-1.779505e+06,-2.121375e+06,-4.489980e+07,3.124216e-18,365,0
8.477273e-10,1.107856e-05,1.837394e-04,2.500097e-03,1.303189e+04,2.169290e+05,2.950844e+06,1.456875e-02,-1.988960e-01,-1.903953e+00,3.124216e-18,365,3730
8.472273e-09,1.104285e-04,1.837892e-03,2.500055e-02,1.302996e+04,2.169556e+05,2.951099e+06,5.414981e-06,-1.939601e-03,-1.978485e-02,3.124216e-18,365,37278
0.000000e+00,3.424128e-08,2.508934e-07,2.445140e-07,0.000000e+00,0.000000e+00,0.000000e+00,-6.231437e+06,-7.122721e+07,-4.794353e+07,4.932764e-18,366,0
1.125455e-09,3.342550e-04,3.887119e-03,2.500496e-03,2.970281e+05,3.454442e+06,2.221958e+06,-3.578877e-02,-4.915907e-01,-2.331995e-01,4.932764e-18,366,4952
1.125136e-08,3.341988e-03,3.886722e-02,2.500019e-02,2.970344e+05,3.454530e+06,2.221999e+06,-3.637255e-04,-4.206578e-03,-2.564588e-03,4.932764e-18,366,49506
0.000000e+00,6.614140e-09,-2.367435e-07,5.065055e-07,0.000000e+00,0.000000e+00,0.000000e+00,-1.305724e+06,2.955118e+07,-3.726025e+07,3.294982e-18,367,0
1.109091e-09,5.360427e-05,-2.152827e-03,2.500308e-03,4.831710e+04,-1.942075e+06,2.255046e+06,5.880716e-03,7.294721e-01,-6.541798e-01,3.294982e-18,367,4880
1.108636e-08,5.356687e-04,-2.153049e-02,2.500046e-02,4.831608e+04,-1.942202e+06,2.255161e+06,-1.515766e-04,6.318071e-03,-7.483027e-03,3.294982e-18,367,48780
0.000000e+00,-5.644098e-08,-7.810218e-08,1.565538e-07,0.000000e+00,0.000000e+00,0.000000e+00,9.299723e+07,1.294271e+08,-2.392807e+08,9.122129e-18,368,0
2.595455e-10,-9.729665e-04,-1.354125e-03,2.501752e-03,-3.748669e+06,-5.217206e+06,9.638741e+06,4.501488e-01,6.278187e-01,-1.093473e+00,9.122129e-18,368,1142
2.593864e-09,-9.723587e-03,-1.353279e-02,2.500173e-02,-3.748687e+06,-5.217231e+06,9.638786e+06,4.488357e-03,6.265517e-03,-1.096346e-02,9.122129e-18,368,11413
0.000000e+00,9.530473e-08,-2.238655e-07,3.697554e-07,0.000000e+00,0.000000e+00,0.000000e+00,-1.300050e+07,4.534205e+07,-3.937222e+07,4.089611e-18,369,0
1.215000e-09,9.202821e-04,-3.120323e-03,2.500331e-03,7.576680e+05,-2.569016e+06,2.058199e+06,-1.657359e-01,5.521042e-01,-3.179463e-01,4.089611e-18,369,5346
1.214659e-08,9.203086e-03,-3.120471e-02,2.500027e-02,7.576996e+05,-2.569121e+06,2.058260e+06,-1.307665e-03,4.578942e-03,-3.863161e-03,4.089611e-18,369,53445
0.000000e+00,1.184775e-07,-1.589985e-09,4.898704e-07,0.000000e+00,0.000000e+00,0.000000e+00,-1.440657e+07,-1.347398e+06,-4.608985e+07,3.714117e-18,370,0
9.265909e-10,8.860315e-04,4.580073e-05,2.500591e-03,9.569503e+05,4.944648e+04,2.699976e+06,-6.179683e-01,-1.732016e-02,-1.351496e+00,3.714117e-18,370,4077
9.259318e-09,8.860660e-03,4.578423e-04,2.500012e-02,9.570406e+05,4.944902e+04,2.700174e+06,-5.264364e-03,-2.259955e-04,-1.500235e-02,3.714117e-18,370,40741
0.000000e+00,-1.494235e-09,-4.042467e-08,2.706545e-07,0.000000e+00,0.000000e+00,0.000000e+00,7.916910e+06,2.360608e+07,-1.229218e+08,6.383122e-18,371,0
4.643182e-10,-1.632971e-04,-4.854346e-04,2.500353e-03,-3.517864e+05,-1.045658e+06,5.385678e+06,1.514595e-01,4.042278e-01,-1.927550e+00,6.383122e-18,371,2043
4.642045e-09,-1.633003e-03,-4.854010e-03,2.500074e-02,-3.517975e+05,-1.045687e+06,5.385819e+06,1.414124e-03,3.955112e-03,-1.937959e-02,6.383122e-18,371,20425
0.000000e+00,-9.123022e-08,-1.764370e-07,4.784291e-07,0.000000e+00,0.000000e+00,0.000000e+00,1.585588e+07,2.054919e+07,-5.553690e+07,3.574296e-18,372,0
8.175000e-10,-7.527946e-04,-9.943262e-04,2.500233e-03,-9.212972e+05,-1.216821e+06,3.059442e+06,4.681485e-01,6.082286e-01,-1.365177e+00,3.574296e-18,372,3597
8.171364e-09,-7.528257e-03,-9.943137e-03,2.500003e-02,-9.213577e+05,-1.216899e+06,3.059619e+06,4.712135e-03,5.916584e-03,-1.416885e-02,3.574296e-18,372,35954
0.000000e+00,-1.201897e-07,1.177100e-07,4.437677e-07,0.000000e+00,0.000000e+00,0.000000e+00,1.450049e+07,-1.847018e+07,-3.988880e+07,3.887055e-18,373,0
1.036136e-09,-9.142472e-04,1.240848e-03,2.500077e-03,-8.828718e+05,1.198379e+06,2.413904e+06,4.166406e-01,-6.113955e-01,-9.299175e-01,3.887055e-18,373,4559
1.035682e-08,-9.143740e-03,1.241132e-02,2.500048e-02,-8.829398e+05,1.198478e+06,2.414056e+06,3.656818e-03,-5.040559e-03,-1.062258e-02,3.887055e-18,373,45570
0.000000e+00,1.539320e-07,1.525369e-07,5.719055e-07,0.000000e+00,0.000000e+00,0.000000e+00,-1.470376e+07,-1.579715e+07,-3.573767e+07,3.024921e-18,374,0
9.490909e-10,1.367527e-03,7.954381e-04,2.500076e-03,1.441713e+06,8.385981e+05,2.635066e+06,-6.746291e-01,-4.485566e-01,-9.801337e-01,3.024921e-18,374,4176
9.487500e-09,1.367818e-02,7.956206e-03,2.500039e-02,1.441814e+06,8.386652e+05,2.635213e+06,-5.969098e-03,-3.355510e-03,-1.112281e-02,3.024921e-18,374,41745
0.000000e+00,-9.532030e-08,2.101209e-07,4.054526e-07,0.000000e+00,0.000000e+00,0.000000e+00,1.177699e+07,-3.064403e+07,-4.133780e+07,3.880476e-18,375,0
1.059318e-09,-7.518357e-04,2.103755e-03,2.500107e-03,-7.099922e+05,1.986920e+06,2.360839e+06,2.206678e-01,-7.118702e-01,-6.877648e-01,3.880476e-18,375,4661
1.058955e-08,-7.518514e-03,2.104049e-02,2.500035e-02,-7.100290e+05,1.987039e+06,2.360955e+06,1.631555e-03,-6.156502e-03,-7.489782e-03,3.880476e-18,375,46594
0.000000e+00,-1.951928e-07,2.070436e-07,3.594981e-07,0.000000e+00,0.000000e+00,0.000000e+00,2.890850e+07,-3.643600e+07,-3.504006e+07,3.881193e-18,376,0
1.337500e-09,-2.254726e-03,2.795075e-03,2.500137e-03,-1.686314e+06,2.090450e+06,1.869535e+06,3.295754e-01,-4.012687e-01,-2.495547e-01,3.881193e-18,376,5885
1.337227e-08,-2.254983e-02,2.795401e-02,2.500010e-02,-1.686384e+06,2.090534e+06,1.869589e+06,2.719222e-03,-3.352480e-03,-3.013627e-03,3.881193e-18,376,58838
0.000000e+00,-1.166378e-07,2.503796e-08,5.179387e-07,0.000000e+00,0.000000e+00,0.000000e+00,1.605290e+07,-6.396427e+06,-4.667604e+07,3.525993e-18,377,0
8.781818e-10,-8.534145e-04,3.619460e-04,2.500575e-03,-9.724576e+05,4.124229e+05,2.848825e+06,6.277434e-01,-2.308026e-01,-1.510865e+00,3.525993e-18,377,3864
8.775682e-09,-8.533967e-03,3.619265e-03,2.500054e-02,-9.725446e+05,4.124549e+05,2.849035e+06,5.790535e-03,-2.294049e-03,-1.569494e-02,3.525993e-18,377,38613
0.000000e+00,-2.274727e-07,8.116116e-08,4.228914e-07,0.000000e+00,0.000000e+00,0.000000e+00,3.320094e+07,-1.109541e+07,-3.566903e+07,3.729753e-18,378,0
1.258636e-09,-2.659427e-03,8.899461e-04,2.500088e-03,-2.113911e+06,7.073748e+05,1.986800e+06,5.985486e-01,-1.897145e-01,-3.970970e-01,3.729753e-18,378,5538
1.258318e-08,-2.659963e-02,8.900997e-03,2.500043e-02,-2.114030e+06,7.074123e+05,1.986879e+06,5.164153e-03,-1.626247e-03,-4.819684e-03,3.729753e-18,378,55366
0.000000e+00,-1.090535e-07,2.118879e-07,3.821797e-07,0.000000e+00,0.000000e+00,0.000000e+00,1.766222e+07,-3.284596e+07,-3.818128e+07,3.995443e-18,379,0
1.177727e-09,-1.145146e-03,2.290018e-03,2.500141e-03,-9.727872e+05,1.945336e+06,2.123434e+06,3.151098e-01,-6.114954e-01,-4.993183e-01,3.995443e-18,379,5182
1.177341e-08,-1.145300e-02,2.290318e-02,2.500019e-02,-9.728456e+05,1.945450e+06,2.123528e+06,2.447789e-03,-5.010481e-03,-5.775451e-03,3.995443e-18,379,51803
0.000000e+00,1.906729e-07,-1.446190e-07,3.340212e-07,0.000000e+00,0.000000e+00,0.000000e+00,-3.971117e+07,3.033609e+07,-4.641000e+07,4.348667e-18,380,0
1.047045e-09,2.278318e-03,-1.728471e-03,2.500365e-03,2.176644e+06,-1.651301e+06,2.388476e+06,-5.506754e-01,3.913627e-01,-4.778039e-01,4.348667e-18,380,4607
1.046705e-08,2.278301e-02,-1.728423e-02,2.500043e-02,2.176735e+06,-1.651366e+06,2.388555e+06,-4.826726e-03,3.293976e-03,-5.167100e-03,4.348667e-18,380,46055
0.000000e+00,-2.048258e-08,1.319112e-07,2.796303e-07,0.000000e+00,0.000000e+00,0.000000e+00,9.289895e+06,-4.817833e+07,-8.568121e+07,5.664682e-18,381,0
6.297727e-10,-2.825366e-04,1.441074e-03,2.500213e-03,-4.487601e+05,2.288784e+06,3.970739e+06,1.759617e-01,-8.116916e-01,-1.259014e+00,5.664682e-18,381,2771
6.296136e-09,-2.825456e-03,1.441054e-02,2.500045e-02,-4.487776e+05,2.288865e+06,3.970864e+06,1.729918e-03,-7.921487e-03,-1.275793e-02,5.664682e-18,381,27703
0.000000e+00,1.258088e-07,5.157160e-08,2.916091e-07,0.000000e+00,0.000000e+00,0.000000e+00,-4.440076e+07,-1.693073e+07,-8.160008e+07,5.492322e-18,382,0
6.506818e-10,1.401489e-03,5.337761e-04,2.500094e-03,2.154441e+06,8.205371e+05,3.843007e+06,-7.889749e-01,-2.933662e-01,-1.240322e+00,5.492322e-18,382,2863
6.505455e-09,1.401564e-02,5.337980e-03,2.500064e-02,2.154522e+06,8.205672e+05,3.843134e+06,-7.698318e-03,-2.883344e-03,-1.262756e-02,5.492322e-18,382,28624
0.000000e+00,1.562259e-07,-1.432689e-07,1.965602e-07,0.000000e+00,0.000000e+00,0.000000e+00,-7.376454e+07,6.726062e+07,-7.011651e+07,5.933227e-18,383,0
8.297727e-10,2.682066e-03,-2.446740e-03,2.500502e-03,3.232589e+06,-2.948963e+06,3.013609e+06,-3.967894e-01,3.645237e-01,-2.985753e-01,5.933227e-18,383,3651
8.295682e-09,2.681661e-02,-2.446373e-02,2.500008e-02,3.232641e+06,-2.949011e+06,3.013648e+06,-3.797267e-03,3.513032e-03,-3.134387e-03,5.933227e-18,383,36501
0.000000e+00,1.472570e-07,1.372055e-07,5.407211e-07,0.000000e+00,0.000000e+00,0.000000e+00,-1.327577e+07,-1.413538e+07,-3.515298e+07,3.216914e-18,384,0
1.132955e-09,1.062758e-03,1.204916e-03,2.500138e-03,9.386377e+05,1.064288e+06,2.207710e+06,-4.366859e-01,-5.388906e-01,-8.537707e-01,3.216914e-18,384,4985
1.132409e-08,1.062920e-02,1.205204e-02,2.500050e-02,9.387156e+05,1.064385e+06,2.207864e+06,-3.653985e-03,-4.597588e-03,-9.863205e-03,3.216914e-18,384,49826
0.000000e+00,8.424474e-08,-5.074010e-08,4.025477e-07,0.000000e+00,0.000000e+00,0.000000e+00,-1.536281e+07,8.871070e+06,-5.650627e+07,4.427959e-18,385,0
7.695455e-10,7.338523e-04,-3.929646e-04,2.500182e-03,9.541682e+05,-5.109185e+05,3.250341e+06,-5.680867e-01,3.001524e-01,-1.687685e+00,4.427959e-18,385,3386
7.691591e-09,7.339043e-03,-3.929775e-03,2.500037e-02,9.542373e+05,-5.109550e+05,3.250547e+06,-5.580050e-03,2.809246e-03,-1.737201e-02,4.427959e-18,385,33843
0.000000e+00,3.402768e-09,6.308677e-09,3.982777e-07,0.000000e+00,0.000000e+00,0.000000e+00,2.268789e+06,-2.302149e+06,-6.105712e+07,4.589869e-18,386,0
7.227273e-10,-1.232929e-04,9.414474e-05,2.500235e-03,-1.707477e+05,1.303516e+05,3.461068e+06,1.357350e-01,-9.104286e-02,-2.012642e+00,4.589869e-18,386,3180
7.223409e-09,-1.233352e-03,9.415751e-04,2.500077e-02,-1.707632e+05,1.303620e+05,3.461298e+06,1.298468e-03,-9.449576e-04,-2.047712e-02,4.589869e-18,386,31783
0.000000e+00,-1.645641e-07,2.362506e-08,2.247688e-07,0.000000e+00,0.000000e+00,0.000000e+00,8.690496e+07,-1.295795e+07,-9.467521e+07,6.175520e-18,387,0
6.156818e-10,-2.328082e-03,3.479564e-04,2.500768e-03,-3.781710e+06,5.652214e+05,4.062040e+06,7.577264e-01,-1.170521e-01,-6.985523e-01,6.175520e-18,387,2709
6.154545e-09,-2.327480e-02,3.478693e-03,2.500016e-02,-3.781784e+06,5.652327e+05,4.062108e+06,7.425371e-03,-1.122912e-03,-7.175084e-03,6.175520e-18,387,27080
0.000000e+00,3.237481e-08,-3.717092e-09,3.099130e-07,0.000000e+00,0.000000e+00,0.000000e+00,-1.263708e+07,-6.710373e+05,-9.871263e+07,5.691737e-18,388,0
5.404545e-10,3.279354e-04,1.712616e-05,2.500557e-03,6.069435e+05,3.171251e+04,4.627766e+06,-2.858219e-01,-2.549092e-02,-2.004370e+00,5.691737e-18,388,2378
5.402273e-09,3.278882e-03,1.713154e-04,2.500060e-02,6.069679e+05,3.171468e+04,4.627937e+06,-2.689171e-03,-1.381774e-04,-2.040566e-02,5.691737e-18,388,23770
0.000000e+00,1.287136e-07,-3.990670e-08,4.703716e-07,0.000000e+00,0.000000e+00,0.000000e+00,-1.449519e+07,9.835534e+06,-4.531198e+07,3.815396e-18,389,0
9.468182e-10,9.274951e-04,-6.347572e-04,2.500336e-03,9.802267e+05,-6.708862e+05,2.641997e+06,-5.602912e-01,3.665970e-01,-1.226842e+00,3.815396e-18,389,4166
9.462500e-09,9.275384e-03,-6.348197e-03,2.500004e-02,9.803104e+05,-6.709409e+05,2.642181e+06,-4.441209e-03,3.412744e-03,-1.357826e-02,3.815396e-18,389,41635
0.000000e+00,-1.523756e-07,7.916772e-08,2.231984e-07,0.000000e+00,0.000000e+00,0.000000e+00,7.581041e+07,-3.972011e+07,-9.124886e+07,6.125084e-18,390,0
6.340909e-10,-2.105959e-03,1.104273e-03,2.500076e-03,-3.321602e+06,1.741708e+06,3.943061e+06,6.727391e-01,-3.564197e-01,-7.007474e-01,6.125084e-18,390,2790
6.340227e-09,-2.105979e-02,1.104286e-02,2.500005e-02,-3.321669e+06,1.741744e+06,3.943131e+06,6.658609e-03,-3.428719e-03,-7.119454e-03,6.125084e-18,390,27897
0.000000e+00,-7.538985e-09,9.765838e-08,5.178287e-07,0.000000e+00,0.000000e+00,0.000000e+00,-4.808331e+05,-1.414725e+07,-4.151439e+07,3.558787e-18,391,0
9.650000e-10,3.787099e-05,8.826710e-04,2.500325e-03,3.926019e+04,9.154060e+05,2.592366e+06,-1.355450e-02,-5.985312e-01,-1.342377e+00,3.558787e-18,391,4246
9.643636e-09,3.786106e-04,8.827802e-03,2.500000e-02,3.926225e+04,9.154972e+05,2.592572e+06,2.842829e-05,-4.776536e-03,-1.474075e-02,3.558787e-18,391,42432
0.000000e+00,-1.353820e-07,-1.655989e-07,1.935766e-07,0.000000e+00,0.000000e+00,0.000000e+00,7.068778e+07,9.259324e+07,-7.634531e+07,5.943808e-18,392,0
7.770455e-10,-2.340379e-03,-3.065116e-03,2.500635e-03,-3.012063e+06,-3.944814e+06,3.218189e+06,2.998602e-01,3.953507e-01,-2.668223e-01,5.943808e-18,392,3419
7.768409e-09,-2.339902e-02,-3.064503e-02,2.500035e-02,-3.012099e+06,-3.944863e+06,3.218222e+06,2.903852e-03,3.794283e-03,-2.754718e-03,5.943808e-18,392,34181
0.000000e+00,-1.607506e-07,-1.663620e-07,2.409282e-07,0.000000e+00,0.000000e+00,0.000000e+00,4.973744e+07,5.187256e+07,-5.645392e+07,5.199156e-18,393,0
9.615909e-10,-2.285090e-03,-2.379945e-03,2.500569e-03,-2.376800e+06,-2.475462e+06,2.600728e+06,4.163404e-01,4.341142e-01,-3.612453e-01,5.199156e-18,393,4231
9.612727e-09,-2.284757e-02,-2.379597e-02,2.500022e-02,-2.376864e+06,-2.475528e+06,2.600783e+06,3.833730e-03,3.970721e-03,-3.847441e-03,5.199156e-18,393,42296
0.000000e+00,-2.699717e-08,7.715756e-08,5.051294e-07,0.000000e+00,0.000000e+00,0.000000e+00,1.907698e+06,-7.047973e+06,-4.122677e+07,3.665583e-18,394,0
9.731818e-10,-1.438696e-04,5.562375e-04,2.500533e-03,-1.479812e+05,5.720554e+05,2.570775e+06,1.401613e-01,-3.988238e-01,-1.307210e+00,3.665583e-18,394,4282
9.724773e-09,-1.439097e-03,5.563076e-03,2.500036e-02,-1.480027e+05,5.721166e+05,2.570977e+06,9.197272e-04,-2.860462e-03,-1.536401e-02,3.665583e-18,394,42789
0.000000e+00,-4.750332e-08,1.318845e-07,5.358646e-07,0.000000e+00,0.000000e+00,0.000000e+00,2.798868e+06,-1.559320e+07,-3.853849e+07,3.376268e-18,395,0
1.042727e-09,-2.581754e-04,1.205904e-03,2.500234e-03,-2.477841e+05,1.157294e+06,2.398918e+06,1.493702e-01,-6.123515e-01,-1.062364e+00,3.376268e-18,395,4588
1.042136e-08,-2.582243e-03,1.206053e-02,2.500017e-02,-2.478086e+05,1.157395e+06,2.399093e+06,7.779560e-04,-4.997330e-03,-1.217617e-02,3.376268e-18,395,45854
0.000000e+00,-6.536308e-08,1.328890e-07,5.401343e-07,0.000000e+00,0.000000e+00,0.000000e+00,1.175194e+07,-1.496300e+07,-3.998313e+07,3.335357e-18,396,0
9.768182e-10,-7.568158e-04,1.026187e-03,2.500513e-03,-7.752992e+05,1.051280e+06,2.561032e+06,4.223865e-01,-6.145888e-01,-1.188936e+00,3.335357e-18,396,4298
9.761818e-09,-7.568293e-03,1.026237e-02,2.500052e-02,-7.753643e+05,1.051374e+06,2.561216e+06,3.661369e-03,-4.956789e-03,-1.319570e-02,3.335357e-18,396,42952
0.000000e+00,1.175468e-08,-9.302698e-08,6.526886e-07,0.000000e+00,0.000000e+00,0.000000e+00,-8.610815e+05,3.882969e+06,-3.909211e+07,2.843940e-18,397,0
8.961364e-10,-7.877306e-06,-2.481467e-04,2.500355e-03,-8.770022e+03,-2.771131e+05,2.791669e+06,-4.079917e-02,2.541950e-01,-1.679584e+00,2.843940e-18,397,3943
8.955227e-09,-7.851716e-05,-2.481666e-03,2.500025e-02,-8.764237e+03,-2.771491e+05,2.791907e+06,-3.618498e-04,2.448604e-03,-1.801136e-02,2.843940e-18,397,39403
0.000000e+00,-2.606999e-07,1.251966e-07,4.247474e-07,0.000000e+00,0.000000e+00,0.000000e+00,3.356265e+07,-1.581603e+07,-3.106411e+07,3.499980e-18,398,0
1.414318e-09,-3.027882e-03,1.381941e-03,2.500039e-03,-2.141760e+06,9.774918e+05,1.767976e+06,4.892615e-01,-2.171625e-01,-2.661561e-01,3.499980e-18,398,6223
1.414045e-08,-3.028536e-02,1.382214e-02,2.500017e-02,-2.141869e+06,9.775400e+05,1.768036e+06,4.185708e-03,-1.891665e-03,-3.469602e-03,3.499980e-18,398,62218
0.000000e+00,-5.369635e-08,2.216736e-07,2.916202e-07,0.000000e+00,0.000000e+00,0.000000e+00,8.386116e+06,-5.190424e+07,-5.896780e+07,4.756953e-18,399,0
8.684091e-10,-3.818246e-04,2.307939e-03,2.500481e-03,-4.397950e+05,2.658397e+06,2.879946e+06,1.316369e-01,-7.600978e-01,-6.921757e-01,4.756953e-18,399,3821
8.680682e-09,-3.817739e-03,2.307673e-02,2.500002e-02,-4.398130e+05,2.658501e+06,2.880042e+06,1.231869e-03,-7.196334e-03,-7.218022e-03,4.756953e-18,399,38195
0.000000e+00,-1.631714e-07,-2.091200e-07,5.045344e-07,0.000000e+00,0.000000e+00,0.000000e+00,1.832872e+07,2.425163e+07,-3.555016e+07,3.200062e-18,400,0
1.151818e-09,-1.403259e-03,-1.792140e-03,2.500106e-03,-1.218905e+06,-1.556699e+06,2.171198e+06,4.292146e-01,5.563082e-01,-5.865013e-01,3.200062e-18,400,5068
1.151432e-08,-1.403483e-02,-1.792430e-02,2.500006e-02,-1.218983e+06,-1.556800e+06,2.171305e+06,3.339118e-03,4.635718e-03,-6.919677e-03,3.200062e-18,400,50663
0.000000e+00,-1.206111e-07,-2.488405e-07,4.694508e-07,0.000000e+00,0.000000e+00,0.000000e+00,1.615070e+07,2.864393e+07,-3.406130e+07,3.335311e-18,401,0
1.248636e-09,-1.309167e-03,-2.264762e-03,2.500094e-03,-1.048992e+06,-1.814613e+06,2.002738e+06,3.254233e-01,5.446604e-01,-4.337808e-01,3.335311e-18,401,5494
1.248295e-08,-1.309448e-02,-2.265170e-02,2.500029e-02,-1.049056e+06,-1.814720e+06,2.002824e+06,2.783534e-03,4.690199e-03,-5.383104e-03,3.335311e-18,401,54925
0.000000e+00,-2.317611e-07,-3.101085e-08,3.033917e-07,0.000000e+00,0.000000e+00,0.000000e+00,5.449119e+07,6.182620e+06,-5.294744e+07,4.612371e-18,402,0
9.675000e-10,-2.722390e-03,-3.117388e-04,2.500475e-03,-2.814614e+06,-3.222991e+05,2.584897e+06,6.964888e-01,8.293046e-02,-5.029253e-01,4.612371e-18,402,4257
9.671591e-09,-2.722181e-02,-3.117151e-03,2.500021e-02,-2.814720e+06,-3.223118e+05,2.584974e+06,6.341861e-03,7.699266e-04,-5.360598e-03,4.612371e-18,402,42555
0.000000e+00,-9.233382e-08,7.750161e-08,6.300520e-07,0.000000e+00,0.000000e+00,0.000000e+00,-2.086412e+06,-1.663805e+07,-4.441100e+07,2.922071e-18,403,0
8.684091e-10,3.166895e-05,8.351210e-04,2.500280e-03,3.655953e+04,9.623011e+05,2.880440e+06,-1.094653e-02,-5.952711e-01,-1.556832e+00,2.922071e-18,403,3821
8.679318e-09,3.172418e-04,8.352095e-03,2.500052e-02,3.656106e+04,9.623827e+05,2.880654e+06,-3.842651e-04,-5.931403e-03,-1.643642e-02,2.922071e-18,403,38189
0.000000e+00,-1.498632e-07,-3.670946e-08,2.246009e-07,0.000000e+00,0.000000e+00,0.000000e+00,7.768735e+07,2.025617e+07,-1.072015e+08,6.347094e-18,404,0
5.445455e-10,-1.830370e-03,-4.747678e-04,2.500946e-03,-3.361616e+06,-8.719426e+05,4.593065e+06,7.862695e-01,1.919892e-01,-9.783400e-01,6.347094e-18,404,2396
5.443182e-09,-1.829798e-02,-4.746164e-03,2.500104e-02,-3.361684e+06,-8.719591e+05,4.593149e+06,7.815444e-03,1.976002e-03,-9.904957e-03,6.347094e-18,404,23950
0.000000e+00,1.286653e-07,-1.320295e-07,2.449244e-07,0.000000e+00,0.000000e+00,0.000000e+00,-5.086907e+07,5.176708e+07,-7.927240e+07,5.672547e-18,405,0
7.061364e-10,1.638371e-03,-1.667178e-03,2.500347e-03,2.320566e+06,-2.361366e+06,3.541278e+06,-5.392803e-01,5.491212e-01,-7.169828e-01,5.672547e-18,405,3107
7.059773e-09,1.638272e-02,-1.667076e-02,2.500076e-02,2.320626e+06,-2.361427e+06,3.541358e+06,-5.303217e-03,5.374908e-03,-7.313871e-03,5.672547e-18,405,31063
0.000000e+00,-1.057525e-07,-3.637894e-08,5.028174e-07,0.000000e+00,0.000000e+00,0.000000e+00,1.425064e+07,3.536051e+06,-4.395934e+07,3.636598e-18,406,0
9.279545e-10,-8.926786e-04,-2.439522e-04,2.500180e-03,-9.626777e+05,-2.631189e+05,2.695695e+06,6.026038e-01,1.820613e-01,-1.432390e+00,3.636598e-18,406,4083
9.274091e-09,-8.927928e-03,-2.440162e-03,2.500027e-02,-9.627659e+05,-2.631455e+05,2.695906e+06,4.933941e-03,1.996810e-03,-1.514596e-02,3.636598e-18,406,40806
0.000000e+00,2.040848e-08,-2.434648e-07,2.321297e-07,0.000000e+00,0.000000e+00,0.000000e+00,-6.908075e+06,7.562968e+07,-5.015047e+07,5.139037e-18,407,0
1.090227e-09,3.620596e-04,-3.935396e-03,2.500119e-03,3.321564e+05,-3.610299e+06,2.293388e+06,-4.793211e-02,4.927148e-01,-2.314635e-01,5.139037e-18,407,4797
1.090091e-08,3.620808e-03,-3.935558e-02,2.500014e-02,3.321647e+05,-3.610384e+06,2.293428e+06,-3.674217e-04,4.260706e-03,-2.533058e-03,5.139037e-18,407,47964
0.000000e+00,-2.668367e-07,-9.945905e-08,3.535519e-07,0.000000e+00,0.000000e+00,0.000000e+00,4.196009e+07,1.565543e+07,-3.642702e+07,3.909348e-18,408,0
1.291591e-09,-3.139778e-03,-1.157954e-03,2.500040e-03,-2.431757e+06,-8.968240e+05,1.935946e+06,5.157684e-01,1.855197e-01,-2.859877e-01,3.909348e-18,408,5683
1.291364e-08,-3.140277e-02,-1.158125e-02,2.500025e-02,-2.431861e+06,-8.968616e+05,1.936005e+06,4.372055e-03,1.546850e-03,-3.445898e-03,3.909348e-18,408,56820
0.000000e+00,-9.863300e-08,7.251108e-08,6.243874e-07,0.000000e+00,0.000000e+00,0.000000e+00,1.778709e+07,-1.359208e+06,-2.751762e+07,2.948242e-18,409,0
1.219545e-09,-1.524188e-03,1.674291e-04,2.500262e-03,-1.250866e+06,1.373663e+05,2.051233e+06,6.584794e-01,-6.888886e-02,-8.441372e-01,2.948242e-18,409,5366
1.218773e-08,-1.524507e-02,1.674208e-03,2.500004e-02,-1.250993e+06,1.373795e+05,2.051397e+06,6.016905e-03,-5.964821e-04,-9.933059e-03,2.948242e-18,409,53626
0.000000e+00,1.239539e-07,-1.379167e-08,5.949957e-07,0.000000e+00,0.000000e+00,0.000000e+00,-1.098877e+07,2.989535e+06,-3.861061e+07,3.083768e-18,410,0
9.625000e-10,7.966060e-04,-1.148315e-04,2.500378e-03,8.282601e+05,-1.193639e+05,2.599063e+06,-5.260168e-01,5.793807e-02,-1.321145e+00,3.083768e-18,410,4235
9.618864e-09,7.966899e-03,-1.148152e-03,2.500025e-02,8.283400e+05,-1.193727e+05,2.599264e+06,-4.294780e-03,1.441660e-05,-1.487970e-02,3.083768e-18,410,42323
0.000000e+00,2.622148e-08,6.430471e-08,4.159300e-07,0.000000e+00,0.000000e+00,0.000000e+00,-1.763651e+06,-1.300512e+07,-5.675632e+07,4.357045e-18,411,0
7.640909e-10,9.091972e-05,6.022829e-04,2.500190e-03,1.190194e+05,7.887085e+05,3.273631e+06,-4.379127e-02,-4.917784e-01,-1.807039e+00,4.357045e-18,411,3362
7.636818e-09,9.089379e-04,6.023199e-03,2.500020e-02,1.190247e+05,7.887679e+05,3.273849e+06,-5.784585e-04,-4.712063e-03,-1.852726e-02,4.357045e-18,411,33602
0.000000e+00,-6.396278e-08,5.048726e-09,4.672243e-07,0.000000e+00,0.000000e+00,0.000000e+00,8.792904e+06,-3.953522e+06,-4.615412e+07,3.955715e-18,412,0
9.100000e-10,-6.382520e-04,2.495672e-04,2.500471e-03,-7.019167e+05,2.743997e+05,2.749318e+06,4.593508e-01,-1.882546e-01,-1.577897e+00,3.955715e-18,412,4004
9.093182e-09,-6.382611e-03,2.495213e-03,2.500018e-02,-7.019827e+05,2.744267e+05,2.749546e+06,3.859620e-03,-1.534134e-03,-1.669970e-02,3.955715e-18,412,40010
0.000000e+00,6.283815e-08,2.745871e-08,5.332851e-07,0.000000e+00,0.000000e+00,0.000000e+00,-4.573816e+06,-3.080480e+06,-4.297168e+07,3.504863e-18,413,0
9.409091e-10,2.737741e-04,2.876922e-04,2.500095e-03,2.912877e+05,3.061147e+05,2.658514e+06,-2.950511e-01,-2.881124e-01,-1.464168e+00,3.504863e-18,413,4140
9.403864e-09,2.739235e-03,2.878627e-03,2.500050e-02,2.913315e+05,3.061575e+05,2.658732e+06,-1.845042e-03,-1.813871e-03,-1.654890e-02,3.504863e-18,413,41377
0.000000e+00,-8.926147e-08,-1.781660e-07,4.692554e-07,0.000000e+00,0.000000e+00,0.000000e+00,9.371899e+06,2.779589e+07,-2.515056e+07,3.627467e-18,414,0
1.406136e-09,-9.929213e-04,-2.688652e-03,2.500240e-03,-7.065123e+05,-1.913103e+06,1.778628e+06,2.008637e-01,5.278242e-01,-3.686479e-01,3.627467e-18,414,6187
1.405591e-08,-9.930608e-03,-2.689020e-02,2.500034e-02,-7.065567e+05,-1.913220e+06,1.778711e+06,1.830738e-03,4.875853e-03,-4.550462e-03,3.627467e-18,414,61846
0.000000e+00,-7.796800e-08,-2.537899e-07,4.400746e-07,0.000000e+00,0.000000e+00,0.000000e+00,2.818627e+06,3.185735e+07,-2.508911e+07,3.546776e-18,415,0
1.520909e-09,-4.121577e-04,-3.314078e-03,2.500144e-03,-2.710982e+05,-2.180021e+06,1.644240e+06,5.855394e-02,4.951332e-01,-2.629955e-01,3.546776e-18,415,6692
1.520455e-08,-4.121926e-03,-3.314604e-02,2.500005e-02,-2.711122e+05,-2.180139e+06,1.644304e+06,5.707079e-04,4.564313e-03,-3.442779e-03,3.546776e-18,415,66900
0.000000e+00,2.660475e-07,-4.320308e-08,4.090195e-07,0.000000e+00,0.000000e+00,0.000000e+00,-3.644086e+07,6.947850e+06,-3.417769e+07,3.689890e-18,416,0
1.292500e-09,2.921954e-03,-6.047528e-04,2.500169e-03,2.261619e+06,-4.681012e+05,1.934806e+06,-5.681956e-01,1.160158e-01,-3.702278e-01,3.689890e-18,416,5687
1.292114e-08,2.922261e-02,-6.048359e-03,2.500005e-02,2.261734e+06,-4.681248e+05,1.934882e+06,-4.791352e-03,1.003126e-03,-4.419683e-03,3.689890e-18,416,56853
0.000000e+00,7.101146e-08,1.989240e-07,5.452594e-07,0.000000e+00,0.000000e+00,0.000000e+00,-7.857661e+06,-2.009302e+07,-3.756457e+07,3.158969e-18,417,0
1.062955e-09,4.829922e-04,1.620933e-03,2.500290e-03,4.546573e+05,1.525847e+06,2.353111e+06,-2.212396e-01,-6.916233e-01,-8.792003e-01,3.158969e-18,417,4677
1.062432e-08,4.830430e-03,1.621103e-02,2.500041e-02,4.546944e+05,1.525963e+06,2.353260e+06,-1.646374e-03,-5.862188e-03,-9.905400e-03,3.158969e-18,417,46747
0.000000e+00,6.344396e-08,-1.565745e-07,1.564367e-07,0.000000e+00,0.000000e+00,0.000000e+00,-5.558389e+07,1.359324e+08,-1.159614e+08,7.337774e-18,418,0
5.256818e-10,1.203561e-03,-2.943527e-03,2.500923e-03,2.289572e+06,-5.599565e+06,4.757500e+06,-2.280579e-01,5.574267e-01,-4.204029e-01,7.337774e-18,418,2313
5.255000e-09,1.203175e-02,-2.942583e-02,2.500079e-02,2.289591e+06,-5.599611e+06,4.757535e+06,-2.247800e-03,5.507925e-03,-4.254602e-03,7.337774e-18,418,23122
0.000000e+00,4.824832e-08,-1.568658e-07,4.882704e-07,0.000000e+00,0.000000e+00,0.000000e+00,-6.971691e+06,2.014106e+07,-3.575404e+07,3.623339e-18,419,0
1.125455e-09,5.287831e-04,-1.540103e-03,2.500227e-03,4.701878e+05,-1.369299e+06,2.222409e+06,-2.479456e-01,6.097426e-01,-7.667659e-01,3.623339e-18,419,4952
1.124909e-08,5.289163e-03,-1.540330e-02,2.500023e-02,4.702318e+05,-1.369407e+06,2.222546e+06,-2.075133e-03,5.770790e-03,-9.529402e-03,3.623339e-18,419,49496
0.000000e+00,-1.130705e-07,-8.695672e-08,5.016982e-07,0.000000e+00,0.000000e+00,0.000000e+00,1.782708e+07,1.292959e+07,-4.153758e+07,3.582656e-18,420,0
9.911364e-10,-1.158685e-03,-8.111855e-04,2.500135e-03,-1.169832e+06,-8.189247e+05,2.523528e+06,6.242826e-01,3.947928e-01,-1.032117e+00,3.582656e-18,420,4361
9.906818e-09,-1.158926e-02,-8.112913e-03,2.500030e-02,-1.169930e+06,-8.189864e+05,2.523690e+06,5.204212e-03,3.333121e-03,-1.141887e-02,3.582656e-18,420,43590
0.000000e+00,2.229961e-08,-2.712041e-07,3.536183e-07,0.000000e+00,0.000000e+00,0.000000e+00,-3.126188e+06,4.623614e+07,-3.902135e+07,4.008339e-18,421,0
1.239773e-09,1.903039e-04,-3.242630e-03,2.500443e-03,1.535322e+05,-2.616367e+06,2.017178e+06,-2.767205e-02,5.723621e-01,-3.104251e-01,4.008339e-18,421,5455
1.239364e-08,1.902831e-03,-3.242627e-02,2.500034e-02,1.535376e+05,-2.616479e+06,2.017240e+06,-3.090906e-04,4.803409e-03,-3.739589e-03,4.008339e-18,421,54532
0.000000e+00,-1.165084e-07,-5.377193e-08,6.019810e-07,0.000000e+00,0.000000e+00,0.000000e+00,1.309762e+07,6.225935e+06,-3.738415e+07,3.036173e-18,422,0
1.013409e-09,-9.250898e-04,-3.843891e-04,2.500019e-03,-9.135196e+05,-3.795860e+05,2.468033e+06,5.392001e-01,2.456315e-01,-1.124030e+00,3.036173e-18,422,4459
1.012955e-08,-9.253509e-03,-3.845044e-03,2.500030e-02,-9.136057e+05,-3.796253e+05,2.468214e+06,4.481647e-03,2.004337e-03,-1.317265e-02,3.036173e-18,422,44570
0.000000e+00,5.627204e-08,1.469247e-08,4.277522e-07,0.000000e+00,0.000000e+00,0.000000e+00,-8.832196e+06,-2.078347e+06,-5.143948e+07,4.284041e-18,423,0
8.336364e-10,4.094699e-04,1.244797e-04,2.500036e-03,4.915287e+05,1.494676e+05,3.000644e+06,-3.697774e-01,-1.335331e-01,-1.822980e+00,4.284041e-18,423,3668
8.331591e-09,4.095232e-03,1.245290e-03,2.500022e-02,4.915774e+05,1.494852e+05,3.000884e+06,-3.511945e-03,-1.198782e-03,-1.902141e-02,4.284041e-18,423,36659
0.000000e+00,6.236176e-08,4.133158e-08,4.471730e-07,0.000000e+00,0.000000e+00,0.000000e+00,-7.439497e+06,-1.268526e+07,-5.114976e+07,4.099551e-18,424,0
8.070455e-10,3.035904e-04,6.319907e-04,2.500082e-03,3.763525e+05,7.835657e+05,3.099350e+06,-2.195028e-01,-4.399808e-01,-1.719450e+00,4.099551e-18,424,3551
8.066364e-09,3.035821e-03,6.320481e-03,2.500057e-02,3.763805e+05,7.836218e+05,3.099570e+06,-2.031980e-03,-4.198421e-03,-1.799913e-02,4.099551e-18,424,35492
0.000000e+00,-1.345669e-07,8.798805e-08,2.593513e-07,0.000000e+00,0.000000e+00,0.000000e+00,5.176264e+07,-3.738527e+07,-8.330713e+07,5.717125e-18,425,0
6.638636e-10,-1.582646e-03,1.149834e-03,2.500832e-03,-2.384426e+06,1.732382e+06,3.767598e+06,6.612589e-01,-4.907108e-01,-9.261368e-01,5.717125e-18,425,2921
6.635682e-09,-1.582235e-02,1.149556e-02,2.500072e-02,-2.384495e+06,1.732433e+06,3.767695e+06,6.542793e-03,-4.706913e-03,-9.406081e-03,5.717125e-18,425,29197
0.000000e+00,2.039693e-07,-2.846678e-08,3.538481e-07,0.000000e+00,0.000000e+00,0.000000e+00,-4.135241e+07,5.706628e+06,-4.868003e+07,4.387313e-18,426,0
9.615909e-10,2.270653e-03,-3.228025e-04,2.500341e-03,2.362262e+06,-3.358254e+05,2.600866e+06,-7.684341e-01,1.064301e-01,-6.889761e-01,4.387313e-18,426,4231
9.612273e-09,2.270667e-02,-3.228036e-03,2.500035e-02,2.362379e+06,-3.358415e+05,2.600970e+06,-6.966630e-03,9.228229e-04,-7.282788e-03,4.387313e-18,426,42294
0.000000e+00,2.647399e-07,-1.098545e-07,3.445635e-07,0.000000e+00,0.000000e+00,0.000000e+00,-4.288676e+07,1.732856e+07,-3.525729e+07,3.962814e-18,427,0
1.344091e-09,3.339514e-03,-1.347939e-03,2.500226e-03,2.485398e+06,-1.003188e+06,1.860433e+06,-4.841031e-01,1.962569e-01,-2.424398e-01,3.962814e-18,427,5914
1.343773e-08,3.339803e-02,-1.348055e-02,2.500014e-02,2.485500e+06,-1.003230e+06,1.860485e+06,-4.020056e-03,1.645877e-03,-2.983337e-03,3.962814e-18,427,59126
0.000000e+00,3.591596e-08,-1.955703e-07,2.000270e-07,0.000000e+00,0.000000e+00,0.000000e+00,-1.726221e+07,9.764580e+07,-7.938922e+07,6.076816e-18,428,0
7.347727e-10,5.509468e-04,-3.121557e-03,2.500398e-03,7.498838e+05,-4.248719e+06,3.403124e+06,-1.053701e-01,6.096191e-01,-4.106403e-01,6.076816e-18,428,3233
7.346364e-09,5.508939e-03,-3.121274e-02,2.500073e-02,7.498961e+05,-4.248790e+06,3.403172e+06,-1.049197e-03,5.919435e-03,-4.208396e-03,6.076816e-18,428,32324
0.000000e+00,2.697907e-08,-1.272543e-09,3.483439e-07,0.000000e+00,0.000000e+00,0.000000e+00,-6.628684e+06,-5.049256e+04,-7.920339e+07,5.146826e-18,429,0
6.113636e-10,2.164041e-04,-3.556084e-06,2.500512e-03,3.540919e+05,-5.822480e+03,4.091347e+06,-1.764801e-01,5.329091e-03,-2.025626e+00,5.146826e-18,429,2690
6.110455e-09,2.163665e-03,-3.557676e-05,2.500009e-02,3.541090e+05,-5.822993e+03,4.091543e+06,-1.802681e-03,1.409066e-04,-2.061170e-02,5.146826e-18,429,26886
0.000000e+00,1.862668e-07,1.561199e-07,5.130970e-07,0.000000e+00,0.000000e+00,0.000000e+00,-1.696560e+07,-1.804563e+07,-3.050531e+07,3.247164e-18,430,0
1.284318e-09,1.520320e-03,1.614428e-03,2.500159e-03,1.184460e+06,1.257813e+06,1.947387e+06,-4.441615e-01,-4.748929e-01,-5.538548e-01,3.247164e-18,430,5651
1.283773e-08,1.520574e-02,1.614738e-02,2.500019e-02,1.184550e+06,1.257909e+06,1.947500e+06,-3.994739e-03,-4.329383e-03,-6.719747e-03,3.247164e-18,430,56486
0.000000e+00,-1.725487e-07,-9.908785e-08,2.508947e-07,0.000000e+00,0.000000e+00,0.000000e+00,6.348005e+07,3.874172e+07,-6.840868e+07,5.448175e-18,431,0
8.113636e-10,-2.388970e-03,-1.459660e-03,2.500093e-03,-2.944896e+06,-1.799342e+06,3.081652e+06,5.994482e-01,3.698550e-01,-5.091814e-01,5.448175e-18,431,3570
8.112500e-09,-2.389052e-02,-1.459719e-02,2.500005e-02,-2.944973e+06,-1.799390e+06,3.081718e+06,5.726639e-03,3.497661e-03,-5.359291e-03,5.448175e-18,431,35695
0.000000e+00,2.562271e-07,3.895181e-08,4.491396e-07,0.000000e+00,0.000000e+00,0.000000e+00,-3.170046e+07,-7.022712e+06,-3.845224e+07,3.525454e-18,432,0
1.126818e-09,2.307590e-03,4.779224e-04,2.500446e-03,2.048882e+06,4.243429e+05,2.219631e+06,-7.201963e-01,-1.457383e-01,-5.678003e-01,3.525454e-18,432,4958
1.126318e-08,2.307687e-02,4.779433e-03,2.500028e-02,2.049009e+06,4.243687e+05,2.219733e+06,-5.804243e-03,-1.276273e-03,-6.666944e-03,3.525454e-18,432,49558
0.000000e+00,2.560608e-07,8.738140e-08,4.381113e-07,0.000000e+00,0.000000e+00,0.000000e+00,-3.518125e+07,-1.081646e+07,-3.578867e+07,3.536191e-18,433,0
1.221364e-09,2.647391e-03,9.971556e-04,2.500413e-03,2.168531e+06,8.168423e+05,2.047729e+06,-6.303109e-01,-2.587110e-01,-4.413104e-01,3.536191e-18,433,5374
1.220864e-08,2.647473e-02,9.972478e-03,2.500014e-02,2.168652e+06,8.168920e+05,2.047815e+06,-5.392818e-03,-2.191076e-03,-5.120086e-03,3.536191e-18,433,53718
0.000000e+00,4.957654e-08,9.147742e-08,2.509247e-07,0.000000e+00,0.000000e+00,0.000000e+00,-2.582240e+07,-5.036439e+07,-1.152082e+08,6.390692e-18,434,0
5.000000e-10,5.663709e-04,1.106556e-03,2.500834e-03,1.132893e+06,2.213430e+06,5.002185e+06,-3.519058e-01,-7.036906e-01,-1.439647e+00,6.390692e-18,434,2200
4.997955e-09,5.662176e-03,1.106267e-02,2.500086e-02,1.132921e+06,2.213486e+06,5.002299e+06,-3.467870e-03,-6.965090e-03,-1.450828e-02,6.390692e-18,434,21991
0.000000e+00,8.511707e-09,5.841363e-08,1.828037e-07,0.000000e+00,0.000000e+00,0.000000e+00,-1.918691e+07,-9.045796e+07,-2.435897e+08,8.797840e-18,435,0
2.540909e-10,1.974490e-04,9.300642e-04,2.501610e-03,7.770953e+05,3.660343e+06,9.845143e+06,-1.464390e-01,-6.384505e-01,-1.590194e+00,8.797840e-18,435,1118
2.539318e-09,1.973299e-03,9.294827e-03,2.500012e-02,7.771012e+05,3.660368e+06,9.845207e+06,-1.433717e-03,-6.378299e-03,-1.597569e-02,8.797840e-18,435,11173
0.000000e+00,-1.673178e-07,4.812323e-08,4.151369e-07,0.000000e+00,0.000000e+00,0.000000e+00,3.138595e+07,-4.052726e+06,-4.772292e+07,4.073134e-18,436,0
9.318182e-10,-1.790237e-03,2.569386e-04,2.500278e-03,-1.922159e+06,2.758697e+05,2.684107e+06,7.821286e-01,-1.258600e-01,-9.338522e-01,4.073134e-18,436,4100
9.314091e-09,-1.790310e-02,2.569482e-03,2.500015e-02,-1.922274e+06,2.758882e+05,2.684245e+06,7.212628e-03,-9.909219e-04,-9.793430e-03,4.073134e-18,436,40982
0.000000e+00,-1.249553e-07,-2.468585e-07,3.066063e-07,0.000000e+00,0.000000e+00,0.000000e+00,2.334803e+07,4.577722e+07,-3.523335e+07,4.269281e-18,437,0
1.385227e-09,-1.824389e-03,-3.522920e-03,2.500296e-03,-1.317414e+06,-2.543905e+06,1.805185e+06,2.188187e-01,4.051346e-01,-1.916215e-01,4.269281e-18,437,6095
1.384909e-08,-1.824496e-02,-3.523071e-02,2.500031e-02,-1.317462e+06,-2.543993e+06,1.805227e+06,1.790358e-03,3.457752e-03,-2.426397e-03,4.269281e-18,437,60936
0.000000e+00,1.027723e-07,2.605537e-07,3.541693e-07,0.000000e+00,0.000000e+00,0.000000e+00,-1.824349e+07,-4.249903e+07,-3.544662e+07,3.945007e-18,438,0
1.337955e-09,1.413698e-03,3.286993e-03,2.500213e-03,1.056957e+06,2.457525e+06,1.868958e+06,-2.032944e-01,-4.786697e-01,-2.497160e-01,3.945007e-18,438,5887
1.337636e-08,1.413821e-02,3.287269e-02,2.500002e-02,1.057000e+06,2.457626e+06,1.869011e+06,-1.737537e-03,-4.040877e-03,-3.011653e-03,3.945007e-18,438,58856
0.000000e+00,1.094665e-07,3.962374e-08,3.252089e-07,0.000000e+00,0.000000e+00,0.000000e+00,-3.236783e+07,-1.045154e+07,-7.610476e+07,5.173718e-18,439,0
6.518182e-10,1.075306e-03,3.545777e-04,2.500781e-03,1.650233e+06,5.441592e+05,3.837609e+06,-7.193768e-01,-2.421813e-01,-1.507464e+00,5.173718e-18,439,2868
6.514545e-09,1.075053e-02,3.544956e-03,2.500039e-02,1.650307e+06,5.441842e+05,3.837764e+06,-7.104717e-03,-2.340524e-03,-1.538079e-02,5.173718e-18,439,28664
0.000000e+00,1.441036e-07,-1.954425e-08,3.501144e-07,0.000000e+00,0.000000e+00,0.000000e+00,-3.463798e+07,4.645718e+06,-6.244220e+07,4.748851e-18,440,0
7.645455e-10,1.484690e-03,-2.085591e-04,2.500712e-03,1.942681e+06,-2.729082e+05,3.271770e+06,-8.101635e-01,1.244708e-01,-1.190381e+00,4.748851e-18,440,3364
7.641136e-09,1.484427e-02,-2.085323e-03,2.500015e-02,1.942779e+06,-2.729232e+05,3.271914e+06,-7.869652e-03,1.138514e-03,-1.232673e-02,4.748851e-18,440,33621
0.000000e+00,2.626052e-07,8.709745e-09,2.830622e-07,0.000000e+00,0.000000e+00,0.000000e+00,-5.893377e+07,-5.763583e+05,-4.354187e+07,4.542529e-18,441,0
1.175455e-09,3.610295e-03,2.596477e-05,2.500362e-03,3.072154e+06,2.208285e+04,2.127410e+06,-5.401166e-01,-3.056526e-04,-2.736308e-01,4.542529e-18,441,5172
1.175136e-08,3.610199e-02,2.595114e-04,2.500010e-02,3.072254e+06,2.208290e+04,2.127461e+06,-4.649738e-03,2.453953e-05,-3.065714e-03,4.542529e-18,441,51706
0.000000e+00,-6.027716e-08,-8.456105e-08,5.267344e-07,0.000000e+00,0.000000e+00,0.000000e+00,5.697493e+06,1.121578e+07,-4.273133e+07,3.502863e-18,442,0
9.243182e-10,-3.536814e-04,-5.695065e-04,2.500128e-03,-3.829041e+05,-6.165757e+05,2.706301e+06,2.437411e-01,4.084807e-01,-1.505774e+00,3.502863e-18,442,4067
9.237727e-09,-3.537165e-03,-5.695762e-03,2.500023e-02,-3.829396e+05,-6.166352e+05,2.706522e+06,1.628089e-03,3.177023e-03,-1.620010e-02,3.502863e-18,442,40646
0.000000e+00,2.035147e-07,-1.338254e-07,4.890609e-07,0.000000e+00,0.000000e+00,0.000000e+00,-2.431268e+07,1.433916e+07,-3.932321e+07,3.368180e-18,443,0
1.045000e-09,1.691326e-03,-1.017540e-03,2.500001e-03,1.619377e+06,-9.742482e+05,2.393120e+06,-6.849330e-01,4.144750e-01,-7.597444e-01,3.368180e-18,443,4598
1.044659e-08,1.691693e-02,-1.017755e-02,2.500011e-02,1.619490e+06,-9.743165e+05,2.393245e+06,-5.879345e-03,3.090658e-03,-8.599548e-03,3.368180e-18,443,45965
0.000000e+00,-1.474990e-07,-3.627202e-08,2.038137e-07,0.000000e+00,0.000000e+00,0.000000e+00,8.686017e+07,3.278329e+07,-1.149764e+08,6.758606e-18,444,0
5.154545e-10,-1.904997e-03,-7.179444e-04,2.500985e-03,-3.696029e+06,-1.392976e+06,4.852258e+06,7.564932e-01,2.872864e-01,-9.011840e-01,6.758606e-18,444,2268
5.152273e-09,-1.904305e-02,-7.177011e-03,2.500031e-02,-3.696091e+06,-1.392999e+06,4.852332e+06,7.469485e-03,2.856301e-03,-9.083534e-03,6.758606e-18,444,22670
0.000000e+00,-1.045007e-07,1.987165e-07,2.230574e-07,0.000000e+00,0.000000e+00,0.000000e+00,4.011023e+07,-7.029563e+07,-6.253184e+07,5.446369e-18,445,0
8.952273e-10,-1.650494e-03,2.890221e-03,2.500405e-03,-1.843937e+06,3.228940e+06,2.793272e+06,2.962985e-01,-5.117261e-01,-3.583268e-01,5.446369e-18,445,3939
8.950227e-09,-1.650369e-02,2.889981e-02,2.500055e-02,-1.843979e+06,3.229012e+06,2.793323e+06,2.778852e-03,-4.766914e-03,-3.721886e-03,5.446369e-18,445,39381
0.000000e+00,3.969781e-08,2.430620e-07,2.917231e-07,0.000000e+00,0.000000e+00,0.000000e+00,-5.071970e+06,-5.735577e+07,-4.652881e+07,4.612048e-18,446,0
1.098864e-09,2.814106e-04,3.291692e-03,2.500301e-03,2.561252e+05,2.996326e+06,2.275663e+06,-3.905248e-02,-5.992351e-01,-3.369125e-01,4.612048e-18,446,4835
1.098591e-08,2.813787e-03,3.291736e-02,2.500037e-02,2.561319e+05,2.996430e+06,2.275722e+06,-3.814567e-04,-5.217352e-03,-3.694345e-03,4.612048e-18,446,48338
0.000000e+00,-2.862645e-08,-9.999086e-08,1.908481e-07,0.000000e+00,0.000000e+00,0.000000e+00,2.849001e+07,1.028650e+08,-1.744276e+08,7.807759e-18,447,0
3.506818e-10,-4.094011e-04,-1.478408e-03,2.500839e-03,-1.167461e+06,-4.215887e+06,7.131387e+06,2.092245e-01,7.631940e-01,-1.196605e+00,7.807759e-18,447,1543
3.505682e-09,-4.092772e-03,-1.477964e-02,2.500054e-02,-1.167473e+06,-4.215930e+06,7.131453e+06,2.086717e-03,7.593444e-03,-1.201397e-02,7.807759e-18,447,15425
0.000000e+00,1.591762e-07,9.762205e-08,2.023918e-07,0.000000e+00,0.000000e+00,0.000000e+00,-1.159249e+08,-3.240732e+07,-7.250432e+07,6.246639e-18,448,0
8.170455e-10,4.029303e-03,1.134640e-03,2.500539e-03,4.931878e+06,1.388743e+06,3.060491e+06,-4.296873e-01,-1.220063e-01,-2.224265e-01,6.246639e-18,448,3595
8.168636e-09,4.028679e-02,1.134421e-02,2.500019e-02,4.931933e+06,1.388759e+06,3.060519e+06,-4.116245e-03,-1.168573e-03,-2.283881e-03,6.246639e-18,448,35942
0.000000e+00,4.705285e-08,6.956323e-09,6.789826e-07,0.000000e+00,0.000000e+00,0.000000e+00,-3.365290e+06,-1.116090e+06,-3.620040e+07,2.741473e-18,449,0
9.643182e-10,2.097660e-04,7.188471e-05,2.500139e-03,2.176928e+05,7.459028e+04,2.593962e+06,-1.662356e-01,-4.442739e-02,-1.407877e+00,2.741473e-18,449,4243
9.637727e-09,2.098087e-03,7.188855e-04,2.500017e-02,2.177181e+05,7.459708e+04,2.594177e+06,-1.037442e-03,-3.447853e-04,-1.647999e-02,2.741473e-18,449,42406
0.000000e+00,1.882264e-07,7.181594e-08,3.107415e-07,0.000000e+00,0.000000e+00,0.000000e+00,-4.706649e+07,-1.872264e+07,-5.482037e+07,4.799377e-18,450,0
9.054545e-10,2.258527e-03,8.983950e-04,2.500510e-03,2.495113e+06,9.925125e+05,2.762154e+06,-6.999032e-01,-2.821689e-01,-6.389281e-01,4.799377e-18,450,3984
9.050909e-09,2.258303e-02,8.983132e-03,2.500013e-02,2.495214e+06,9.925528e+05,2.762246e+06,-6.511658e-03,-2.658919e-03,-6.768125e-03,4.799377e-18,450,39824
0.000000e+00,-1.937960e-07,-1.460681e-08,5.038731e-07,0.000000e+00,0.000000e+00,0.000000e+00,3.987476e+07,-1.713256e+06,-5.074610e+07,3.442292e-18,451,0
9.204545e-10,-1.982974e-03,7.289394e-05,2.500415e-03,-2.155211e+06,7.924612e+04,2.717150e+06,8.107369e-01,-2.815941e-02,-8.683469e-01,3.442292e-18,451,4050
9.200909e-09,-1.982991e-02,7.291159e-04,2.500052e-02,-2.155329e+06,7.925020e+04,2.717277e+06,7.513277e-03,-2.168536e-04,-9.102185e-03,3.442292e-18,451,40484
0.000000e+00,-8.663047e-08,-1.816223e-08,4.343300e-07,0.000000e+00,0.000000e+00,0.000000e+00,1.028791e+07,-2.955010e+06,-3.923638e+07,4.171971e-18,452,0
9.693182e-10,-7.661773e-04,1.367142e-04,2.500520e-03,-7.910537e+05,1.412348e+05,2.581059e+06,4.779046e-01,-1.635193e-01,-1.261840e+00,4.171971e-18,452,4265
9.686136e-09,-7.662175e-03,1.368014e-03,2.500053e-02,-7.911266e+05,1.412599e+05,2.581253e+06,3.670984e-03,-8.827839e-04,-1.495226e-02,4.171971e-18,452,42619
0.000000e+00,1.468252e-07,-9.271393e-08,4.071707e-07,0.000000e+00,0.000000e+00,0.000000e+00,-2.904332e+07,1.383366e+07,-4.403804e+07,4.139182e-18,453,0
1.042955e-09,1.948764e-03,-8.958256e-04,2.500445e-03,1.869499e+06,-8.593408e+05,2.398156e+06,-7.130589e-01,3.031034e-01,-6.759183e-01,4.139182e-18,453,4589
1.042477e-08,1.948897e-02,-8.958392e-03,2.500037e-02,1.869616e+06,-8.593906e+05,2.398268e+06,-6.070825e-03,2.666018e-03,-7.659762e-03,4.139182e-18,453,45869
0.000000e+00,-1.241559e-07,6.963640e-08,5.935652e-07,0.000000e+00,0.000000e+00,0.000000e+00,1.203547e+07,-6.839015e+06,-3.547188e+07,3.061978e-18,454,0
1.080909e-09,-9.117743e-04,4.899682e-04,2.500216e-03,-8.441894e+05,4.536571e+05,2.314254e+06,5.046625e-01,-2.830423e-01,-1.098549e+00,3.061978e-18,454,4756
1.080273e-08,-9.119522e-03,4.900728e-03,2.500049e-02,-8.442753e+05,4.537052e+05,2.314443e+06,4.438167e-03,-2.332211e-03,-1.282295e-02,3.061978e-18,454,47532
0.000000e+00,1.513411e-07,-2.137425e-07,4.137466e-07,0.000000e+00,0.000000e+00,0.000000e+00,-2.273877e+07,2.887642e+07,-3.418645e+07,3.717056e-18,455,0
1.301818e-09,1.802275e-03,-2.226896e-03,2.500031e-03,1.385037e+06,-1.711333e+06,1.920847e+06,-3.703829e-01,4.583160e-01,-3.661802e-01,3.717056e-18,455,5728
1.301523e-08,1.802652e-02,-2.227335e-02,2.500043e-02,1.385113e+06,-1.711427e+06,1.920923e+06,-3.218333e-03,3.887701e-03,-4.613926e-03,3.717056e-18,455,57267
0.000000e+00,-1.766959e-08,1.007605e-07,3.451495e-07,0.000000e+00,0.000000e+00,0.000000e+00,-5.185483e+04,-2.801817e+07,-6.807214e+07,4.991676e-18,456,0
6.975000e-10,-4.339955e-06,1.094257e-03,2.500658e-03,-6.229073e+03,1.569480e+06,3.586291e+06,3.279825e-02,-7.513164e-01,-1.526460e+00,4.991676e-18,456,3069
6.971136e-09,-4.343764e-05,1.094103e-02,2.500062e-02,-6.232681e+03,1.569562e+06,3.586459e+06,1.865096e-04,-7.394392e-03,-1.563060e-02,4.991676e-18,456,30673
0.000000e+00,5.338777e-08,1.029089e-07,6.609536e-07,0.000000e+00,0.000000e+00,0.000000e+00,-4.108569e+06,-1.114624e+07,-3.530705e+07,2.776717e-18,457,0
1.007955e-09,3.189515e-04,8.303717e-04,2.500471e-03,3.167857e+05,8.245095e+05,2.481955e+06,-2.749656e-01,-5.483462e-01,-1.237261e+00,2.776717e-18,457,4435
1.007273e-08,3.190870e-03,8.305018e-03,2.500030e-02,3.168293e+05,8.245967e+05,2.482152e+06,-1.716716e-03,-4.534268e-03,-1.422640e-02,2.776717e-18,457,44320
0.000000e+00,1.045725e-07,1.396620e-07,3.633094e-07,0.000000e+00,0.000000e+00,0.000000e+00,-1.789298e+07,-3.399931e+07,-5.486934e+07,4.490079e-18,458,0
8.565909e-10,9.062961e-04,1.658692e-03,2.500397e-03,1.058438e+06,1.937186e+06,2.919785e+06,-4.032493e-01,-7.426588e-01,-9.134864e-01,4.490079e-18,458,3769
8.562273e-09,9.062627e-03,1.658667e-02,2.500012e-02,1.058492e+06,1.937286e+06,2.919909e+06,-3.851092e-03,-7.016035e-03,-9.692759e-03,4.490079e-18,458,37674
0.000000e+00,1.245756e-07,1.176146e-07,6.231497e-07,0.000000e+00,0.000000e+00,0.000000e+00,-1.428959e+07,-1.063808e+07,-2.505064e+07,2.881968e-18,459,0
1.305000e-09,1.371204e-03,1.047997e-03,2.500233e-03,1.051607e+06,8.037133e+05,1.916955e+06,-5.150536e-01,-3.874838e-01,-7.658129e-01,2.881968e-18,459,5742
1.304159e-08,1.371452e-02,1.048163e-02,2.500029e-02,1.051713e+06,8.037929e+05,1.917114e+06,-4.851042e-03,-3.735286e-03,-8.922637e-03,2.881968e-18,459,57383
0.000000e+00,-2.703111e-08,-2.166113e-07,3.282140e-07,0.000000e+00,0.000000e+00,0.000000e+00,1.053056e+07,4.441416e+07,-4.853182e+07,4.533708e-18,460,0
9.790909e-10,-6.522492e-04,-2.459440e-03,2.500118e-03,-6.664459e+05,-2.512817e+06,2.554077e+06,1.884823e-01,7.106593e-01,-5.901447e-01,4.533708e-18,460,4308
9.788409e-09,-6.523396e-03,-2.459644e-02,2.500046e-02,-6.664750e+05,-2.512926e+06,2.554169e+06,1.708338e-03,6.292927e-03,-6.258001e-03,4.533708e-18,460,43069
0.000000e+00,-5.877660e-08,-2.043503e-07,4.116885e-07,0.000000e+00,0.000000e+00,0.000000e+00,1.028452e+07,3.005737e+07,-4.200970e+07,3.934416e-18,461,0
1.058409e-09,-7.405994e-04,-1.980797e-03,2.500084e-03,-7.001664e+05,-1.872430e+06,2.362860e+06,3.069523e-01,7.122967e-01,-7.014234e-01,3.934416e-18,461,4657
1.058045e-08,-7.408019e-03,-1.981109e-02,2.500027e-02,-7.002176e+05,-1.872548e+06,2.362978e+06,2.676735e-03,5.751923e-03,-7.767673e-03,3.934416e-18,461,46554
0.000000e+00,1.494169e-07,-9.075430e-08,6.346611e-07,0.000000e+00,0.000000e+00,0.000000e+00,-1.539972e+07,8.644864e+06,-3.379690e+07,2.817986e-18,462,0
1.042727e-09,1.168450e-03,-6.448292e-04,2.500404e-03,1.121276e+06,-6.187987e+05,2.398948e+06,-5.512904e-01,3.079825e-01,-1.010510e+00,2.817986e-18,462,4588
1.042114e-08,1.168494e-02,-6.448570e-03,2.500001e-02,1.121367e+06,-6.188493e+05,2.399115e+06,-4.797725e-03,2.471076e-03,-1.168651e-02,2.817986e-18,462,45853
0.000000e+00,-1.590550e-08,4.239441e-08,4.943759e-07,0.000000e+00,0.000000e+00,0.000000e+00,1.450943e+06,-6.696296e+06,-4.360111e+07,3.774076e-18,463,0
9.259091e-10,-6.810070e-05,4.142577e-04,2.500543e-03,-7.355234e+04,4.477508e+05,2.702112e+06,3.524250e-02,-2.864084e-01,-1.526084e+00,3.774076e-18,463,4074
9.252045e-09,-6.805430e-04,4.142581e-03,2.500024e-02,-7.355751e+04,4.477927e+05,2.702336e+06,6.693391e-04,-2.207224e-03,-1.701206e-02,3.774076e-18,463,40709
0.000000e+00,-4.901503e-08,2.585214e-07,3.027916e-07,0.000000e+00,0.000000e+00,0.000000e+00,8.897459e+06,-5.614241e+07,-3.653944e+07,4.391921e-18,464,0
1.360000e-09,-6.526160e-04,4.086045e-03,2.500406e-03,-4.799784e+05,3.005184e+06,1.838725e+06,6.983291e-02,-4.382370e-01,-1.866865e-01,4.391921e-18,464,5984
1.359636e-08,-6.525957e-03,4.085952e-02,2.500012e-02,-4.799933e+05,3.005277e+06,1.838766e+06,5.726304e-04,-3.639663e-03,-2.213980e-03,4.391921e-18,464,59824
0.000000e+00,1.019533e-08,1.208354e-08,1.039059e-07,0.000000e+00,0.000000e+00,0.000000e+00,-8.839367e+07,-1.048242e+08,-8.806183e+08,1.560555e-17,465,0
7.113636e-11,2.511025e-04,2.977779e-04,2.501586e-03,3.529746e+06,4.185862e+06,3.516475e+07,-1.839676e-01,-2.192944e-01,-1.806371e+00,1.560555e-17,465,313
7.111364e-10,2.510141e-03,2.976731e-03,2.500704e-02,3.529748e+06,4.185865e+06,3.516477e+07,-1.841046e-03,-2.194649e-03,-1.807728e-02,1.560555e-17,465,3129
0.000000e+00,4.149959e-08,1.757443e-07,5.594667e-07,0.000000e+00,0.000000e+00,0.000000e+00,-3.443107e+06,-1.814733e+07,-3.724476e+07,3.156415e-18,466,0
1.038409e-09,2.885785e-04,1.292542e-03,2.500278e-03,2.781048e+05,1.245588e+06,2.408813e+06,-1.562757e-01,-6.811810e-01,-9.910105e-01,3.156415e-18,466,4569
1.037864e-08,2.886339e-03,1.292748e-02,2.500040e-02,2.781304e+05,1.245700e+06,2.408976e+06,-1.262341e-03,-5.470065e-03,-1.150897e-02,3.156415e-18,466,45666
0.000000e+00,1.352981e-07,-1.288542e-07,5.915232e-07,0.000000e+00,0.000000e+00,0.000000e+00,-1.224983e+07,1.227264e+07,-3.609977e+07,2.993252e-18,467,0
1.045000e-09,9.615369e-04,-1.008317e-03,2.500443e-03,9.207515e+05,-9.655426e+05,2.393700e+06,-4.834865e-01,4.969139e-01,-9.463086e-01,2.993252e-18,467,4598
1.044409e-08,9.616384e-03,-1.008418e-02,2.500026e-02,9.208311e+05,-9.656244e+05,2.393857e+06,-3.776363e-03,4.291971e-03,-1.106435e-02,2.993252e-18,467,45954
0.000000e+00,6.733847e-09,1.384470e-07,3.779392e-07,0.000000e+00,0.000000e+00,0.000000e+00,2.371541e+06,-2.913076e+07,-5.352212e+07,4.507735e-18,468,0
8.343182e-10,-1.228954e-04,1.544253e-03,2.500640e-03,-1.474485e+05,1.851830e+06,2.998238e+06,1.161047e-01,-8.364951e-01,-1.142562e+00,4.507735e-18,468,3671
8.338409e-09,-1.229457e-03,1.544124e-02,2.500062e-02,-1.474638e+05,1.851941e+06,2.998388e+06,6.782738e-04,-7.750144e-03,-1.189796e-02,4.507735e-18,468,36689
0.000000e+00,-2.790852e-07,-4.905618e-08,3.913472e-07,0.000000e+00,0.000000e+00,0.000000e+00,4.089310e+07,1.183755e+07,-4.131009e+07,3.705600e-18,469,0
1.146364e-09,-2.712279e-03,-7.681310e-04,2.500289e-03,-2.366855e+06,-6.703294e+05,2.181464e+06,6.452193e-01,1.830123e-01,-4.152397e-01,3.705600e-18,469,5044
1.146023e-08,-2.712470e-02,-7.682100e-03,2.500025e-02,-2.366972e+06,-6.703625e+05,2.181540e+06,5.292311e-03,1.478192e-03,-4.827173e-03,3.705600e-18,469,50425
0.000000e+00,7.085638e-08,2.598389e-07,2.946421e-07,0.000000e+00,0.000000e+00,0.000000e+00,-1.570350e+07,-5.746394e+07,-4.148589e+07,4.407327e-18,470,0
1.247273e-09,1.007435e-03,3.724056e-03,2.500392e-03,8.078955e+05,2.986456e+06,2.004877e+06,-1.266216e-01,-4.707963e-01,-2.146638e-01,4.407327e-18,470,5488
1.246955e-08,1.007409e-02,3.723974e-02,2.500006e-02,8.079204e+05,2.986548e+06,2.004919e+06,-1.079404e-03,-4.036427e-03,-2.594795e-03,4.407327e-18,470,54866
0.000000e+00,-9.720108e-08,1.523901e-07,2.777486e-07,0.000000e+00,0.000000e+00,0.000000e+00,2.944341e+07,-4.761737e+07,-6.936921e+07,5.290699e-18,471,0
7.625000e-10,-1.098941e-03,1.781085e-03,2.500393e-03,-1.441584e+06,2.336433e+06,3.279777e+06,4.202068e-01,-6.905963e-01,-8.266030e-01,5.290699e-18,471,3355
7.622500e-09,-1.098850e-02,1.780949e-02,2.500023e-02,-1.441635e+06,2.336516e+06,3.279876e+06,4.036098e-03,-6.596493e-03,-8.473540e-03,5.290699e-18,471,33539
0.000000e+00,-1.075206e-07,-2.058363e-07,3.684330e-07,0.000000e+00,0.000000e+00,0.000000e+00,1.947119e+07,3.770378e+07,-4.027302e+07,4.130889e-18,472,0
1.134318e-09,-1.271064e-03,-2.493210e-03,2.500198e-03,-1.120997e+06,-2.198818e+06,2.204611e+06,3.131752e-01,5.872462e-01,-4.419433e-01,4.130889e-18,472,4991
1.134000e-08,-1.271208e-02,-2.493453e-02,2.500042e-02,-1.121053e+06,-2.198922e+06,2.204690e+06,2.726880e-03,5.011253e-03,-5.041871e-03,4.130889e-18,472,49896
0.000000e+00,-2.792025e-08,-5.083450e-08,6.068193e-07,0.000000e+00,0.000000e+00,0.000000e+00,-3.854075e+06,1.786757e+07,-4.625585e+07,3.100419e-18,473,0
8.545455e-10,1.655006e-04,-9.028991e-04,2.500479e-03,1.938415e+05,-1.057316e+06,2.927363e+06,-1.284997e-01,6.562605e-01,-1.536754e+00,3.100419e-18,473,3760
8.540227e-09,1.655415e-03,-9.029659e-03,2.500058e-02,1.938589e+05,-1.057405e+06,2.927570e+06,-1.334262e-03,6.209392e-03,-1.600906e-02,3.100419e-18,473,37577
0.000000e+00,9.650094e-08,1.604256e-07,5.525141e-07,0.000000e+00,0.000000e+00,0.000000e+00,-8.528505e+06,-1.777519e+07,-3.653404e+07,3.182318e-18,474,0
9.556818e-10,-4.061460e-03,1.487619e-03,2.500572e-03,-4.251517e+06,1.556851e+06,2.616529e+06,4.006166e-01,-1.456191e-01,-1.941449e-01,3.182318e-18,474,4205
9.554773e-09,-4.062107e-02,1.487528e-02,2.500055e-02,-4.251577e+06,1.556873e+06,2.616559e+06,3.686573e-03,-1.352403e-03,-2.062876e-03,3.182318e-18,474,42041
0.000000e+00,-7.672014e-08,-1.203529e-07,2.115695e-07,0.000000e+00,0.000000e+00,0.000000e+00,4.320279e+07,7.761850e+07,-1.218066e+08,6.724076e-18,475,0
4.879545e-10,-8.928256e-04,-1.605530e-03,2.500202e-03,-1.829840e+06,-3.290573e+06,5.124094e+06,3.856690e-01,7.165584e-01,-1.004059e+00,6.724076e-18,475,2147
4.879091e-09,-8.928010e-03,-1.605508e-02,2.500108e-02,-1.829870e+06,-3.290628e+06,5.124172e+06,3.865747e-03,7.087872e-03,-1.010410e-02,6.724076e-18,475,21468
0.000000e+00,1.947184e-07,9.288450e-08,2.237975e-07,0.000000e+00,0.000000e+00,0.000000e+00,-7.534244e+07,-3.700300e+07,-6.610785e+07,5.562141e-18,476,0
8.540909e-10,2.920749e-03,1.440807e-03,2.500415e-03,3.420178e+06,1.687192e+06,2.927798e+06,-5.432197e-01,-2.792733e-01,-3.794597e-01,5.562141e-18,476,3758
8.538864e-09,2.920451e-02,1.440674e-02,2.500020e-02,3.420252e+06,1.687230e+06,2.927849e+06,-5.118858e-03,-2.643652e-03,-3.947969e-03,5.562141e-18,476,37571
0.000000e+00,8.765012e-09,-2.066538e-07,3.298162e-07,0.000000e+00,0.000000e+00,0.000000e+00,1.608327e+06,4.301519e+07,-4.877535e+07,4.602856e-18,477,0
9.454545e-10,-6.161812e-06,-2.403733e-03,2.500241e-03,-6.536060e+03,-2.543309e+06,2.645093e+06,2.515298e-02,7.518319e-01,-6.336291e-01,4.602856e-18,477,4160
9.451591e-09,-6.178492e-05,-2.403826e-02,2.500043e-02,-6.539801e+03,-2.543422e+06,2.645187e+06,-2.860760e-05,6.927376e-03,-6.915631e-03,4.602856e-18,477,41587
0.000000e+00,-6.189910e-08,-2.258593e-09,1.886326e-07,0.000000e+00,0.000000e+00,0.000000e+00,8.167292e+07,4.248868e+06,-2.303970e+08,8.522506e-18,478,0
2.679545e-10,-8.877396e-04,-4.625410e-05,2.501509e-03,-3.313009e+06,-1.726233e+05,9.335447e+06,6.135669e-01,3.571240e-02,-1.638295e+00,8.522506e-18,478,1179
2.677955e-09,-8.872143e-03,-4.622792e-04,2.500007e-02,-3.313035e+06,-1.726248e+05,9.335516e+06,6.110670e-03,3.134646e-04,-1.643940e-02,8.522506e-18,478,11783
0.000000e+00,-1.729451e-07,-6.188973e-08,3.318220e-07,0.000000e+00,0.000000e+00,0.000000e+00,3.929421e+07,1.315130e+07,-5.750059e+07,4.703984e-18,479,0
8.343182e-10,-1.799094e-03,-5.909517e-04,2.500306e-03,-2.157141e+06,-7.085379e+05,2.997614e+06,7.769143e-01,2.422176e-01,-9.346575e-01,4.703984e-18,479,3671
8.340000e-09,-1.799054e-02,-5.909210e-03,2.500021e-02,-2.157243e+06,-7.085698e+05,2.997737e+06,7.466151e-03,2.428853e-03,-9.676093e-03,4.703984e-18,479,36696
0.000000e+00,-1.675378e-07,-1.922345e-07,4.927750e-07,0.000000e+00,0.000000e+00,0.000000e+00,2.211366e+07,1.819113e+07,-3.283822e+07,3.292294e-18,480,0
1.264091e-09,-1.947086e-03,-1.653381e-03,2.500272e-03,-1.541116e+06,-1.308612e+06,1.978423e+06,4.930506e-01,4.150503e-01,-4.455792e-01,3.292294e-18,480,5562
1.263636e-08,-1.947401e-02,-1.653605e-02,2.500027e-02,-1.541214e+06,-1.308695e+06,1.978513e+06,4.250040e-03,3.639468e-03,-5.493206e-03,3.292294e-18,480,55600
0.000000e+00,1.503992e-07,-1.012645e-07,5.633406e-07,0.000000e+00,0.000000e+00,0.000000e+00,-1.471844e+07,1.017830e+07,-3.668546e+07,3.146346e-18,481,0
1.103182e-09,1.234830e-03,-8.398614e-04,2.500067e-03,1.120025e+06,-7.618351e+05,2.267128e+06,-5.094990e-01,3.818068e-01,-8.601885e-01,3.146346e-18,481,4854
1.102727e-08,1.235079e-02,-8.400928e-03,2.500049e-02,1.120113e+06,-7.619014e+05,2.267279e+06,-4.896602e-03,3.476174e-03,-1.027858e-02,3.146346e-18,481,48520
0.000000e+00,-4.150615e-08,2.625234e-08,5.431286e-07,0.000000e+00,0.000000e+00,0.000000e+00,8.512962e+06,-9.222545e+04,-4.362632e+07,3.461378e-18,482,0
8.204545e-10,-3.652127e-04,-5.988651e-05,2.500168e-03,-4.454523e+05,-7.304456e+04,3.049026e+06,3.284004e-01,-4.192343e-03,-1.898043e+00,3.461378e-18,482,3610
8.199318e-09,-3.652404e-03,-5.988690e-04,2.500002e-02,-4.454948e+05,-7.304402e+04,3.049272e+06,2.438885e-03,6.440056e-04,-1.955515e-02,3.461378e-18,482,36077
0.000000e+00,-1.522980e-07,1.809863e-07,2.201297e-07,0.000000e+00,0.000000e+00,0.000000e+00,5.222668e+07,-6.252069e+07,-5.745541e+07,5.327993e-18,483,0
9.727273e-10,-2.344616e-03,2.804850e-03,2.500228e-03,-2.410694e+06,2.883897e+06,2.570519e+06,3.401206e-01,-4.046722e-01,-2.830390e-01,5.327993e-18,483,4280
9.725682e-09,-2.344569e-02,2.804792e-02,2.500018e-02,-2.410746e+06,2.883959e+06,2.570563e+06,3.095564e-03,-3.694494e-03,-2.999949e-03,5.327993e-18,483,42793
0.000000e+00,6.588436e-08,-1.306594e-09,2.090489e-07,0.000000e+00,0.000000e+00,0.000000e+00,-6.819854e+07,2.400931e+06,-1.884437e+08,7.782035e-18,484,0
3.238636e-10,9.073866e-04,-3.209554e-05,2.500681e-03,2.801832e+06,-9.910969e+04,7.721469e+06,-6.411357e-01,2.696446e-02,-1.641290e+00,7.782035e-18,484,1425
3.237727e-09,9.071621e-03,-3.208910e-04,2.500019e-02,2.801864e+06,-9.911107e+04,7.721553e+06,-6.362443e-03,2.579048e-04,-1.652028e-02,7.782035e-18,484,14246
0.000000e+00,-2.141147e-07,1.093553e-07,4.536080e-07,0.000000e+00,0.000000e+00,0.000000e+00,2.846671e+07,-1.370189e+07,-3.696616e+07,3.560830e-18,485,0
1.145000e-09,-2.085519e-03,9.691294e-04,2.500332e-03,-1.822372e+06,8.467990e+05,2.184387e+06,6.687097e-01,-2.915227e-01,-6.166637e-01,3.560830e-18,485,5038
1.144500e-08,-2.085698e-02,9.691608e-03,2.500047e-02,-1.822492e+06,8.468516e+05,2.184499e+06,5.848589e-03,-2.321107e-03,-7.035791e-03,3.560830e-18,485,50358
0.000000e+00,1.910412e-07,1.288377e-07,4.279914e-07,0.000000e+00,0.000000e+00,0.000000e+00,-2.632177e+07,-2.047678e+07,-4.056559e+07,3.761842e-18,486,0
1.095455e-09,1.824784e-03,1.432729e-03,2.500295e-03,1.666540e+06,1.308540e+06,2.283046e+06,-5.591221e-01,-4.660217e-01,-5.917820e-01,3.761842e-18,486,4820
1.095023e-08,1.824894e-02,1.432875e-02,2.500003e-02,1.666636e+06,1.308620e+06,2.283149e+06,-4.755437e-03,-3.786582e-03,-6.847072e-03,3.761842e-18,486,48181
0.000000e+00,-9.390768e-08,-1.572674e-07,4.617930e-07,0.000000e+00,0.000000e+00,0.000000e+00,1.459637e+07,1.803065e+07,-3.853533e+07,3.717181e-18,487,0
1.095682e-09,-1.038636e-03,-1.377554e-03,2.500160e-03,-9.485252e+05,-1.258023e+06,2.282601e+06,4.208825e-01,5.566885e-01,-7.144896e-01,3.717181e-18,487,4821
1.095250e-08,-1.038867e-02,-1.377844e-02,2.500035e-02,-9.485978e+05,-1.258119e+06,2.282725e+06,3.479524e-03,4.626227e-03,-9.242114e-03,3.717181e-18,487,48191
0.000000e+00,-4.079310e-08,-2.119865e-08,4.933991e-07,0.000000e+00,0.000000e+00,0.000000e+00,6.699894e+06,2.928176e+06,-4.541092e+07,3.790408e-18,488,0
9.011364e-10,-4.278852e-04,-1.870474e-04,2.500479e-03,-4.751683e+05,-2.077407e+05,2.776297e+06,2.941615e-01,1.493141e-01,-1.561338e+00,3.790408e-18,488,3965
9.004773e-09,-4.278757e-03,-1.870645e-03,2.500007e-02,-4.752101e+05,-2.077619e+05,2.776520e+06,2.367874e-03,1.013334e-03,-1.703661e-02,3.790408e-18,488,39621
0.000000e+00,-6.341663e-08,-1.302962e-07,3.573005e-07,0.000000e+00,0.000000e+00,0.000000e+00,1.398970e+07,2.644116e+07,-6.008611e+07,4.675415e-18,489,0
7.752273e-10,-6.476244e-04,-1.193791e-03,2.500119e-03,-8.357851e+05,-1.540602e+06,3.226090e+06,3.932296e-01,7.172772e-01,-1.320552e+00,4.675415e-18,489,3411
7.749318e-09,-6.476744e-03,-1.193859e-02,2.500010e-02,-8.358333e+05,-1.540689e+06,3.226252e+06,3.827062e-03,6.896045e-03,-1.354536e-02,4.675415e-18,489,34097
0.000000e+00,-1.029147e-07,2.660282e-07,3.559534e-07,0.000000e+00,0.000000e+00,0.000000e+00,2.185333e+07,-4.089921e+07,-3.390186e+07,3.904104e-18,490,0
1.381591e-09,-1.709575e-03,3.296554e-03,2.500034e-03,-1.237800e+06,2.386813e+06,1.809788e+06,2.254962e-01,-4.418364e-01,-2.270402e-01,3.904104e-18,490,6079
1.381386e-08,-1.709875e-02,3.297105e-02,2.500033e-02,-1.237849e+06,2.386909e+06,1.809838e+06,1.903321e-03,-3.691324e-03,-2.788606e-03,3.904104e-18,490,60781
0.000000e+00,2.319255e-07,5.161618e-08,2.552365e-07,0.000000e+00,0.000000e+00,0.000000e+00,-4.920077e+07,-3.046060e+07,-7.288881e+07,5.021275e-18,491,0
7.406818e-10,1.791769e-03,1.064193e-03,2.500339e-03,2.419710e+06,1.437093e+06,3.376304e+06,-8.804221e-01,-3.486485e-01,-8.597094e-01,5.021275e-18,491,3259
7.404545e-09,1.791696e-02,1.064101e-02,2.500012e-02,2.419813e+06,1.437134e+06,3.376405e+06,-8.498093e-03,-3.346487e-03,-8.943963e-03,5.021275e-18,491,32580
0.000000e+00,-1.413893e-07,3.883727e-08,4.296793e-07,0.000000e+00,0.000000e+00,0.000000e+00,3.956075e+07,-4.972051e+05,-4.278524e+07,4.067671e-18,492,0
1.027273e-09,-2.347742e-03,8.542038e-05,2.500253e-03,-2.286443e+06,8.317839e+04,2.434477e+06,7.575509e-01,-3.426362e-02,-6.246856e-01,4.067671e-18,492,4520
1.026909e-08,-2.347957e-02,8.541824e-04,2.500003e-02,-2.286566e+06,8.318394e+04,2.434579e+06,6.372393e-03,-3.591438e-04,-6.910513e-03,4.067671e-18,492,45184
0.000000e+00,-4.029756e-08,1.443608e-07,2.456433e-07,0.000000e+00,0.000000e+00,0.000000e+00,1.982100e+07,-6.845950e+07,-9.377619e+07,6.025488e-18,493,0
6.065909e-10,-5.394635e-04,1.854672e-03,2.500681e-03,-8.894808e+05,3.057995e+06,4.122940e+06,2.413988e-01,-7.970360e-01,-9.471668e-01,6.025488e-18,493,2669
6.063636e-09,-5.393505e-03,1.854263e-02,2.500016e-02,-8.895040e+05,3.058071e+06,4.123031e+06,2.385939e-03,-7.849869e-03,-9.585411e-03,6.025488e-18,493,26680
0.000000e+00,-1.454310e-07,1.118982e-10,4.411847e-07,0.000000e+00,0.000000e+00,0.000000e+00,2.130165e+07,2.709882e+06,-4.437592e+07,3.972784e-18,494,0
9.475000e-10,-1.298132e-03,-1.409871e-04,2.500229e-03,-1.371017e+06,-1.489310e+05,2.639942e+06,8.257264e-01,1.266601e-01,-1.155449e+00,3.972784e-18,494,4169
9.470000e-09,-1.298350e-02,-1.410385e-03,2.500036e-02,-1.371141e+06,-1.489500e+05,2.640116e+06,6.579195e-03,5.206008e-04,-1.273993e-02,3.972784e-18,494,41668
0.000000e+00,-6.950387e-08,9.494466e-09,2.673184e-07,0.000000e+00,0.000000e+00,0.000000e+00,3.702433e+07,-2.937732e+06,-1.207182e+08,6.305898e-18,495,0
4.750000e-10,-7.863929e-04,6.372407e-05,2.501090e-03,-1.655831e+06,1.341678e+05,5.266062e+06,6.002787e-01,-4.376352e-02,-1.749429e+00,6.305898e-18,495,2090
4.747500e-09,-7.861090e-03,6.369674e-04,2.500080e-02,-1.655876e+06,1.341711e+05,5.266193e+06,5.910518e-03,-5.566176e-04,-1.761130e-02,6.305898e-18,495,20889
0.000000e+00,1.184844e-07,-1.340914e-07,1.959493e-07,0.000000e+00,0.000000e+00,0.000000e+00,-7.311656e+07,7.539209e+07,-8.637999e+07,6.462720e-18,496,0
6.818182e-10,2.142406e-03,-2.208858e-03,2.500325e-03,3.142465e+06,-3.239913e+06,3.667291e+06,-4.469181e-01,4.539759e-01,-4.373315e-01,6.462720e-18,496,3000
6.817045e-09,2.142239e-02,-2.208671e-02,2.500023e-02,3.142513e+06,-3.239962e+06,3.667338e+06,-4.278066e-03,4.446692e-03,-4.539353e-03,6.462720e-18,496,29995
0.000000e+00,-1.263334e-07,1.369091e-07,4.648707e-07,0.000000e+00,0.000000e+00,0.000000e+00,1.466532e+07,-1.796277e+07,-4.536385e+07,3.690757e-18,497,0
9.086364e-10,-8.232965e-04,1.091691e-03,2.500577e-03,-9.065759e+05,1.202213e+06,2.753183e+06,4.781429e-01,-6.657156e-01,-1.224686e+00,3.690757e-18,497,3998
9.080455e-09,-8.232134e-03,1.091661e-02,2.500028e-02,-9.066445e+05,1.202309e+06,2.753359e+06,4.354101e-03,-5.923228e-03,-1.288087e-02,3.690757e-18,497,39954
0.000000e+00,-1.355376e-07,7.571479e-08,4.969307e-07,0.000000e+00,0.000000e+00,0.000000e+00,1.337749e+07,-1.270723e+07,-4.364562e+07,3.578770e-18,498,0
8.936364e-10,-8.004681e-04,8.060628e-04,2.500469e-03,-8.963615e+05,9.026274e+05,2.799456e+06,6.107830e-01,-5.391995e-01,-1.429486e+00,3.578770e-18,498,3932
8.930455e-09,-8.004936e-03,8.060821e-03,2.500053e-02,-8.964477e+05,9.027034e+05,2.799658e+06,5.598283e-03,-4.888499e-03,-1.494329e-02,3.578770e-18,498,39294
0.000000e+00,-1.950316e-07,-1.588220e-07,5.496096e-07,0.000000e+00,0.000000e+00,0.000000e+00,1.768721e+07,1.501509e+07,-3.221860e+07,3.022800e-18,499,0
1.214545e-09,-1.532189e-03,-1.302154e-03,2.500057e-03,-1.262292e+06,-1.072763e+06,2.059156e+06,5.123266e-01,4.243656e-01,-6.346040e-01,3.022800e-18,499,5344
1.214091e-08,-1.532534e-02,-1.302429e-02,2.500025e-02,-1.262390e+06,-1.072844e+06,2.059279e+06,4.595529e-03,3.882475e-03,-7.612102e-03,3.022800e-18,499,53420
0.000000e+00,-1.219765e-07,7.088219e-08,3.404406e-07,0.000000e+00,0.000000e+00,0.000000e+00,2.224433e+07,-1.117876e+07,-6.565261e+07,4.863989e-18,500,0
7.079545e-10,-9.249581e-04,4.681167e-04,2.500744e-03,-1.307081e+06,6.614855e+05,3.533539e+06,6.748773e-01,-3.284665e-01,-1.552631e+00,4.863989e-18,500,3115
7.075227e-09,-9.247895e-03,4.680169e-03,2.500067e-02,-1.307156e+06,6.615222e+05,3.533713e+06,6.395962e-03,-3.156305e-03,-1.588090e-02,4.863989e-18,500,31131
0.000000e+00,-2.093045e-07,-7.399348e-09,2.341360e-07,0.000000e+00,0.000000e+00,0.000000e+00,7.935111e+07,-2.207987e+05,-6.680008e+07,5.516842e-18,501,0
8.386364e-10,-3.047624e-03,1.090400e-05,2.500106e-03,-3.634572e+06,1.301962e+04,2.981416e+06,6.418408e-01,-7.579071e-03,-4.305594e-01,5.516842e-18,501,3690
8.385455e-09,-3.047761e-02,1.091670e-04,2.500066e-02,-3.634657e+06,1.302062e+04,2.981473e+06,6.131013e-03,-3.853874e-05,-4.489686e-03,5.516842e-18,501,36896
0.000000e+00,-1.845184e-07,6.534602e-08,4.012055e-07,0.000000e+00,0.000000e+00,0.000000e+00,3.675330e+07,-1.152907e+07,-4.510470e+07,4.082305e-18,502,0
9.486364e-10,-2.037156e-03,6.017205e-04,2.500477e-03,-2.148341e+06,6.345698e+05,2.636603e+06,7.446216e-01,-2.432320e-01,-7.709035e-01,4.082305e-18,502,4174
9.482045e-09,-2.037061e-02,6.017022e-03,2.500051e-02,-2.148452e+06,6.346062e+05,2.636719e+06,6.746938e-03,-2.077726e-03,-8.145602e-03,4.082305e-18,502,41721
0.000000e+00,-3.665617e-08,-8.781138e-08,5.666070e-07,0.000000e+00,0.000000e+00,0.000000e+00,9.492409e+06,1.487196e+07,-3.869840e+07,3.283594e-18,503,0
1.055000e-09,-8.290022e-04,-1.214696e-03,2.500050e-03,-7.862554e+05,-1.152098e+06,2.370544e+06,3.105992e-01,5.255600e-01,-8.592347e-01,3.283594e-18,503,4642
1.054614e-08,-8.291866e-03,-1.215010e-02,2.500033e-02,-7.863070e+05,-1.152185e+06,2.370688e+06,3.009343e-03,4.599766e-03,-1.062821e-02,3.283594e-18,503,46403
0.000000e+00,7.606847e-08,1.172506e-07,5.546251e-07,0.000000e+00,0.000000e+00,0.000000e+00,-5.969005e+06,-1.636244e+07,-3.982828e+07,3.273424e-18,504,0
9.756818e-10,3.911966e-04,1.088572e-03,2.500432e-03,4.012431e+05,1.116497e+06,2.563928e+06,-2.763184e-01,-6.461464e-01,-1.197278e+00,3.273424e-18,504,4293
9.750682e-09,3.912414e-03,1.088656e-02,2.500024e-02,4.012856e+05,1.116597e+06,2.564113e+06,-2.017987e-03,-5.338768e-03,-1.315671e-02,3.273424e-18,504,42903
0.000000e+00,7.312380e-08,2.191406e-07,3.345744e-07,0.000000e+00,0.000000e+00,0.000000e+00,-1.773709e+07,-4.430724e+07,-4.904647e+07,4.391714e-18,505,0
9.868182e-10,9.920205e-04,2.370924e-03,2.500045e-03,1.005646e+06,2.403357e+06,2.533956e+06,-2.965810e-01,-6.577329e-01,-5.588911e-01,4.391714e-18,505,4342
9.866136e-09,9.921808e-03,2.371185e-02,2.500048e-02,1.005692e+06,2.403459e+06,2.534043e+06,-2.743867e-03,-5.837951e-03,-5.997479e-03,4.391714e-18,505,43411
0.000000e+00,9.919265e-08,-1.834252e-07,2.672564e-07,0.000000e+00,0.000000e+00,0.000000e+00,-3.115720e+07,5.774855e+07,-6.082648e+07,5.165161e-18,506,0
8.811364e-10,1.335816e-03,-2.471463e-03,2.500042e-03,1.516346e+06,-2.805464e+06,2.837658e+06,-3.348819e-01,6.154253e-01,-5.021560e-01,5.165161e-18,506,3877
8.810227e-09,1.335937e-02,-2.471680e-02,2.500055e-02,1.516393e+06,-2.805550e+06,2.837728e+06,-3.204342e-03,5.842762e-03,-5.245906e-03,5.165161e-18,506,38765
0.000000e+00,-1.705437e-07,1.814856e-07,5.078723e-07,0.000000e+00,0.000000e+00,0.000000e+00,3.160112e+07,-2.950347e+07,-3.411769e+07,3.256860e-18,507,0
1.279773e-09,-2.305606e-03,2.218963e-03,2.500021e-03,-1.802233e+06,1.734537e+06,1.953764e+06,4.102879e-01,-4.128179e-01,-3.177042e-01,3.256860e-18,507,5631
1.279591e-08,-2.306115e-02,2.219492e-02,2.500044e-02,-1.802315e+06,1.734620e+06,1.953828e+06,3.604421e-03,-3.341767e-03,-3.824746e-03,3.256860e-18,507,56302
0.000000e+00,-2.530279e-07,-3.786307e-08,2.636920e-07,0.000000e+00,0.000000e+00,0.000000e+00,7.220033e+07,7.968385e+06,-4.906159e+07,4.758736e-18,508,0
1.100455e-09,-3.801982e-03,-4.053987e-04,2.500272e-03,-3.455508e+06,-3.684294e+05,2.272221e+06,4.911829e-01,4.292231e-02,-2.490825e-01,4.758736e-18,508,4842
1.100250e-08,-3.801928e-02,-4.053664e-03,2.500026e-02,-3.455593e+06,-3.684368e+05,2.272265e+06,4.302941e-03,4.040787e-04,-2.758996e-03,4.758736e-18,508,48411
0.000000e+00,8.836721e-09,-7.007866e-08,3.789762e-07,0.000000e+00,0.000000e+00,0.000000e+00,-1.428557e+06,1.391858e+07,-6.230531e+07,4.722543e-18,509,0
7.115909e-10,7.256111e-05,-5.831429e-04,2.500575e-03,1.020116e+05,-8.199259e+05,3.515558e+06,-4.340830e-02,4.967508e-01,-1.884536e+00,4.722543e-18,509,3131
7.111364e-09,7.254380e-04,-5.830778e-03,2.500047e-02,1.020165e+05,-8.199817e+05,3.515770e+06,-3.923790e-04,4.845773e-03,-1.920428e-02,4.722543e-18,509,31290
0.000000e+00,7.720363e-08,-8.675252e-08,4.303322e-07,0.000000e+00,0.000000e+00,0.000000e+00,-9.328440e+06,1.395603e+07,-4.748942e+07,4.152762e-18,510,0
9.047727e-10,5.632652e-04,-8.077774e-04,2.500448e-03,6.229757e+05,-8.934186e+05,2.764993e+06,-3.771850e-01,5.522662e-01,-1.388433e+00,4.152762e-18,510,3981
9.041591e-09,5.632668e-03,-8.077893e-03,2.500003e-02,6.230295e+05,-8.934974e+05,2.765192e+06,-3.458728e-03,4.666443e-03,-1.501515e-02,4.152762e-18,510,39783
0.000000e+00,8.814464e-08,1.000878e-07,5.438567e-07,0.000000e+00,0.000000e+00,0.000000e+00,-8.710242e+06,-1.136550e+07,-3.792124e+07,3.349354e-18,511,0
1.088409e-09,8.030887e-04,1.006835e-03,2.500049e-03,7.384018e+05,9.257489e+05,2.298084e+06,-3.907526e-01,-4.959031e-01,-1.005527e+00,3.349354e-18,511,4789
1.087864e-08,8.032754e-03,1.007082e-02,2.500021e-02,7.384688e+05,9.258339e+05,2.298257e+06,-3.300441e-03,-4.467350e-03,-1.154382e-02,3.349354e-18,511,47866
0.000000e+00,-2.429087e-08,-1.100249e-07,4.259416e-07,0.000000e+00,0.000000e+00,0.000000e+00,5.912296e+06,1.923343e+07,-5.334470e+07,4.186148e-18,512,0
8.090909e-10,-1.036899e-04,-1.045297e-03,2.500406e-03,-1.282098e+05,-1.292693e+06,3.091710e+06,1.011989e-01,7.173327e-01,-1.514184e+00,4.186148e-18,512,3560
8.086136e-09,-1.036756e-03,-1.045284e-02,2.500009e-02,-1.282227e+05,-1.292785e+06,3.091904e+06,9.409021e-04,6.877952e-03,-1.565108e-02,4.186148e-18,512,35579
0.000000e+00,-3.006840e-08,1.744079e-07,6.234016e-07,0.000000e+00,0.000000e+00,0.000000e+00,1.503922e+06,-1.592314e+07,-3.490451e+07,2.860146e-18,513,0
1.000455e-09,-1.016854e-04,1.210982e-03,2.500078e-03,-1.017062e+05,1.211312e+06,2.500090e+06,6.878703e-02,-7.189764e-01,-1.160377e+00,2.860146e-18,513,4402
9.999773e-09,-1.017053e-03,1.211281e-02,2.500055e-02,-1.017170e+05,1.211426e+06,2.500274e+06,3.515154e-04,-5.816132e-03,-1.279686e-02,2.860146e-18,513,43999
0.000000e+00,-1.243121e-07,1.738878e-09,5.635196e-07,0.000000e+00,0.000000e+00,0.000000e+00,1.366748e+07,-4.492302e+05,-4.003262e+07,3.247187e-18,514,0
9.890909e-10,-9.988457e-04,5.005889e-05,2.500248e-03,-1.010648e+06,5.064818e+04,2.529014e+06,6.347040e-01,-2.184523e-02,-1.205459e+00,3.247187e-18,514,4352
9.885227e-09,-9.990441e-03,5.006571e-04,2.500009e-02,-1.010747e+06,5.065158e+04,2.529203e+06,4.892170e-03,9.770869e-05,-1.366714e-02,3.247187e-18,514,43495
0.000000e+00,-1.783808e-07,1.405834e-07,3.140286e-07,0.000000e+00,0.000000e+00,0.000000e+00,3.737537e+07,-3.268390e+07,-4.922046e+07,4.568988e-18,515,0
9.970455e-10,-2.031774e-03,1.767829e-03,2.500250e-03,-2.038426e+06,1.773644e+06,2.508162e+06,5.299331e-01,-4.732884e-01,-5.310685e-01,4.568988e-18,515,4387
9.967500e-09,-2.031800e-02,1.767877e-02,2.500023e-02,-2.038509e+06,1.773718e+06,2.508246e+06,4.792388e-03,-4.192919e-03,-5.657121e-03,4.568988e-18,515,43857
0.000000e+00,5.072871e-08,2.133711e-07,3.520558e-07,0.000000e+00,0.000000e+00,0.000000e+00,-6.954946e+06,-3.993794e+07,-4.948863e+07,4.324705e-18,516,0
9.490909e-10,3.842314e-04,2.158793e-03,2.500130e-03,4.049763e+05,2.275472e+06,2.634933e+06,-1.264037e-01,-7.723813e-01,-7.361326e-01,4.324705e-18,516,4176
9.487955e-09,3.842402e-03,2.158955e-02,2.500025e-02,4.049952e+05,2.275587e+06,2.635044e+06,-1.152071e-03,-7.031550e-03,-7.811042e-03,4.324705e-18,516,41747
0.000000e+00,-1.519884e-07,1.708706e-07,5.202216e-07,0.000000e+00,0.000000e+00,0.000000e+00,1.416520e+07,-1.785922e+07,-3.881967e+07,3.258673e-18,517,0
1.023409e-09,-1.027711e-03,1.337110e-03,2.500420e-03,-1.004810e+06,1.307352e+06,2.444155e+06,4.961008e-01,-6.522004e-01,-9.200153e-01,3.258673e-18,517,4503
1.022864e-08,-1.027782e-02,1.337239e-02,2.500056e-02,-1.004890e+06,1.307458e+06,2.444304e+06,4.253162e-03,-5.501682e-03,-1.011623e-02,3.258673e-18,517,45006
0.000000e+00,1.125117e-07,-2.187628e-07,3.838518e-07,0.000000e+00,0.000000e+00,0.000000e+00,-2.152543e+07,3.598164e+07,-4.240104e+07,3.981562e-18,518,0
1.093182e-09,1.338393e-03,-2.316243e-03,2.500503e-03,1.224786e+06,-2.119612e+06,2.287876e+06,-3.531962e-01,6.018494e-01,-5.084617e-01,3.981562e-18,518,4810
1.092727e-08,1.338354e-02,-2.316155e-02,2.500040e-02,1.224846e+06,-2.119716e+06,2.287965e+06,-2.940395e-03,5.142864e-03,-5.622330e-03,3.981562e-18,518,48080
0.000000e+00,-1.521175e-08,-1.549914e-07,4.173638e-07,0.000000e+00,0.000000e+00,0.000000e+00,7.919491e+06,2.414766e+07,-4.500575e+07,4.127155e-18,519,0
9.606818e-10,-4.605910e-04,-1.484235e-03,2.500256e-03,-4.797298e+05,-1.545920e+06,2.603687e+06,2.188985e-01,7.753857e-01,-1.068363e+00,4.127155e-18,519,4227
9.601818e-09,-4.606239e-03,-1.484358e-02,2.500023e-02,-4.797629e+05,-1.546037e+06,2.603849e+06,1.731570e-03,6.487479e-03,-1.136737e-02,4.127155e-18,519,42248
0.000000e+00,-8.514576e-08,2.745005e-07,3.679042e-07,0.000000e+00,0.000000e+00,0.000000e+00,9.578863e+06,-4.327669e+07,-3.567443e+07,3.824059e-18,520,0
1.302955e-09,-7.568825e-04,3.311699e-03,2.500234e-03,-5.810810e+05,2.542578e+06,1.919225e+06,1.187926e-01,-5.531038e-01,-2.950578e-01,3.824059e-18,520,5733
1.302614e-08,-7.569237e-03,3.311990e-02,2.500025e-02,-5.811053e+05,2.542691e+06,1.919287e+06,9.750638e-04,-4.671070e-03,-3.525112e-03,3.824059e-18,520,57315
0.000000e+00,1.972487e-07,4.449440e-10,3.960676e-07,0.000000e+00,0.000000e+00,0.000000e+00,-3.325287e+07,7.032201e+04,-4.313591e+07,4.112704e-18,521,0
1.009091e-09,2.008816e-03,-5.786504e-07,2.500376e-03,1.991742e+06,-5.810945e+02,2.478769e+06,-8.266173e-01,1.931529e-04,-8.542494e-01,4.112704e-18,521,4440
1.008568e-08,2.008803e-02,-5.853207e-06,2.500017e-02,1.991874e+06,-5.810983e+02,2.478906e+06,-7.163870e-03,-1.275580e-04,-9.129395e-03,4.112704e-18,521,44377
0.000000e+00,9.229181e-08,-3.521555e-08,3.780112e-07,0.000000e+00,0.000000e+00,0.000000e+00,-1.981857e+07,4.271441e+06,-6.045241e+07,4.657913e-18,522,0
7.390909e-10,8.739850e-04,-1.906795e-04,2.500696e-03,1.183128e+06,-2.581169e+05,3.384815e+06,-6.638360e-01,1.575220e-01,-1.653233e+00,4.657913e-18,522,3252
7.385909e-09,8.738450e-03,-1.906437e-03,2.500000e-02,1.183206e+06,-2.581353e+05,3.385008e+06,-6.502360e-03,1.251034e-03,-1.697689e-02,4.657913e-18,522,32498
0.000000e+00,1.232113e-07,3.243469e-08,6.253350e-07,0.000000e+00,0.000000e+00,0.000000e+00,-3.754966e+06,-1.355482e+07,-4.220060e+07,2.937074e-18,523,0
1.300227e-09,-4.426892e-04,1.694001e-03,2.500428e-03,-3.408807e+05,1.303996e+06,1.923969e+06,1.602355e-01,-6.258807e-01,-7.480778e-01,2.937074e-18,523,5721
1.299386e-08,-4.429142e-03,1.694370e-02,2.500011e-02,-3.409135e+05,1.304124e+06,1.924123e+06,1.561959e-03,-5.904361e-03,-8.799827e-03,2.937074e-18,523,57173
0.000000e+00,-1.940055e-07,-1.325474e-07,3.688403e-07,0.000000e+00,0.000000e+00,0.000000e+00,3.249808e+07,2.408624e+07,-3.967910e+07,4.106309e-18,524,0
1.178182e-09,-2.288884e-03,-1.687766e-03,2.500185e-03,-1.943498e+06,-1.433082e+06,2.122488e+06,5.202101e-01,3.747924e-01,-3.929184e-01,4.106309e-18,524,5184
1.177864e-08,-2.289170e-02,-1.687970e-02,2.500017e-02,-1.943595e+06,-1.433151e+06,2.122562e+06,4.430376e-03,3.295814e-03,-4.700893e-03,4.106309e-18,524,51826
0.000000e+00,-7.757297e-09,1.177082e-07,3.994724e-07,0.000000e+00,0.000000e+00,0.000000e+00,4.414780e+06,-2.128285e+07,-5.666344e+07,4.382858e-18,525,0
7.634091e-10,-5.035719e-05,9.981569e-04,2.500461e-03,-6.599353e+04,1.308159e+06,3.276688e+06,7.574616e-02,-6.957938e-01,-1.564369e+00,4.382858e-18,525,3359
7.629773e-09,-5.035447e-04,9.980929e-03,2.500047e-02,-6.600266e+04,1.308243e+06,3.276877e+06,6.448465e-04,-6.902972e-03,-1.617137e-02,4.382858e-18,525,33571
0.000000e+00,-7.513593e-08,-2.402552e-08,3.117697e-07,0.000000e+00,0.000000e+00,0.000000e+00,2.694012e+07,7.633143e+06,-8.888280e+07,5.508865e-18,526,0
5.895455e-10,-7.815348e-04,-2.203998e-04,2.500186e-03,-1.326052e+06,-3.739452e+05,4.241843e+06,6.019228e-01,1.573429e-01,-1.740733e+00,5.508865e-18,526,2594
5.893636e-09,-7.815281e-03,-2.203904e-03,2.500002e-02,-1.326108e+06,-3.739599e+05,4.242005e+06,5.991569e-03,1.611267e-03,-1.759295e-02,5.508865e-18,526,25932
0.000000e+00,-3.636799e-08,9.087470e-08,5.108526e-07,0.000000e+00,0.000000e+00,0.000000e+00,8.189964e+06,-1.527184e+07,-4.427323e+07,3.605942e-18,527,0
8.640909e-10,-4.990744e-04,8.175323e-04,2.500044e-03,-5.779606e+05,9.467874e+05,2.894680e+06,3.270587e-01,-6.222416e-01,-1.530305e+00,3.605942e-18,527,3802
8.636591e-09,-4.991560e-03,8.176984e-03,2.500028e-02,-5.780052e+05,9.468724e+05,2.894889e+06,2.950368e-03,-5.943348e-03,-1.584907e-02,3.605942e-18,527,38001
0.000000e+00,-3.042181e-08,1.497599e-07,4.908420e-07,0.000000e+00,0.000000e+00,0.000000e+00,5.377879e+06,-1.932537e+07,-3.997044e+07,3.612370e-18,528,0
1.044318e-09,-4.290923e-04,1.429567e-03,2.500492e-03,-4.111950e+05,1.369862e+06,2.395453e+06,2.155285e-01,-7.231022e-01,-9.995223e-01,3.612370e-18,528,4595
1.043659e-08,-4.291424e-03,1.429661e-02,2.500052e-02,-4.112305e+05,1.369981e+06,2.395618e+06,1.754242e-03,-5.908002e-03,-1.109430e-02,3.612370e-18,528,45921
0.000000e+00,-3.134576e-08,-1.732397e-08,4.467045e-07,0.000000e+00,0.000000e+00,0.000000e+00,2.159755e+06,5.161537e+06,-4.903766e+07,4.145266e-18,529,0
8.609091e-10,-2.157685e-04,-2.959973e-04,2.500581e-03,-2.508869e+05,-3.441192e+05,2.906251e+06,2.107071e-01,2.575778e-01,-1.760473e+00,4.145266e-18,529,3788
8.602273e-09,-2.158159e-03,-2.960173e-03,2.500046e-02,-2.509155e+05,-3.441541e+05,2.906491e+06,2.172569e-03,2.176864e-03,-1.853441e-02,4.145266e-18,529,37850
0.000000e+00,-3.049421e-08,5.030701e-08,2.838204e-07,0.000000e+00,0.000000e+00,0.000000e+00,1.609794e+07,-2.262601e+07,-1.114043e+08,6.052969e-18,530,0
5.022727e-10,-3.698927e-04,5.166446e-04,2.500669e-03,-7.366044e+05,1.028813e+06,4.979466e+06,3.169905e-01,-4.143243e-01,-1.850107e+00,6.052969e-18,530,2210
5.020682e-09,-3.698267e-03,5.165366e-03,2.500048e-02,-7.366295e+05,1.028846e+06,4.979613e+06,3.080872e-03,-4.101607e-03,-1.869385e-02,6.052969e-18,530,22091
0.000000e+00,-1.375461e-07,-2.560599e-07,4.177181e-07,0.000000e+00,0.000000e+00,0.000000e+00,1.841204e+07,3.246377e+07,-3.273052e+07,3.534784e-18,531,0
1.396364e-09,-1.709840e-03,-2.841707e-03,2.500324e-03,-1.225000e+06,-2.035865e+06,1.790913e+06,2.788142e-01,4.508939e-01,-2.751440e-01,3.534784e-18,531,6144
1.395932e-08,-1.710010e-02,-2.841922e-02,2.500011e-02,-1.225061e+06,-2.035964e+06,1.790974e+06,2.422707e-03,3.975349e-03,-3.491677e-03,3.534784e-18,531,61421
0.000000e+00,-1.224120e-07,1.356100e-07,3.225454e-07,0.000000e+00,0.000000e+00,0.000000e+00,3.051875e+07,-3.519442e+07,-5.994006e+07,4.794991e-18,532,0
8.309091e-10,-1.324358e-03,1.541550e-03,2.500045e-03,-1.594369e+06,1.855860e+06,3.009469e+06,5.216416e-01,-6.143123e-01,-8.348182e-01,4.794991e-18,532,3656
8.307273e-09,-1.324486e-02,1.541714e-02,2.500061e-02,-1.594437e+06,1.855941e+06,3.009579e+06,5.044880e-03,-5.926262e-03,-8.701927e-03,4.794991e-18,532,36552
0.000000e+00,-2.681144e-08,-2.234360e-07,4.607283e-07,0.000000e+00,0.000000e+00,0.000000e+00,2.245704e+06,2.928024e+07,-3.648661e+07,3.588925e-18,533,0
1.175682e-09,-2.462197e-04,-2.101282e-03,2.500186e-03,-2.095580e+05,-1.788254e+06,2.127248e+06,8.484330e-02,6.688027e-01,-5.873533e-01,3.588925e-18,533,5173
1.175227e-08,-2.462766e-03,-2.101600e-02,2.500017e-02,-2.095737e+05,-1.788378e+06,2.127358e+06,6.949505e-04,5.795913e-03,-7.273940e-03,3.588925e-18,533,51710
0.000000e+00,2.160221e-07,-2.568105e-09,5.722461e-07,0.000000e+00,0.000000e+00,0.000000e+00,-2.172942e+07,6.506870e+05,-3.479323e+07,3.027036e-18,534,0
1.102045e-09,1.651214e-03,-3.657646e-06,2.500110e-03,1.499186e+06,-3.323200e+03,2.269433e+06,-6.529884e-01,4.954371e-03,-8.009605e-01,3.027036e-18,534,4849
1.101591e-08,1.651487e-02,-3.661045e-05,2.500011e-02,1.499299e+06,-3.324051e+03,2.269573e+06,-5.901126e-03,1.274236e-04,-9.624306e-03,3.027036e-18,534,48470
0.000000e+00,2.258620e-07,-1.270861e-07,4.627252e-07,0.000000e+00,0.000000e+00,0.000000e+00,-3.133809e+07,1.297162e+07,-3.469356e+07,3.450046e-18,535,0
1.252500e-09,2.586200e-03,-1.062314e-03,2.500210e-03,2.065771e+06,-8.485266e+05,1.996616e+06,-5.842376e-01,2.484050e-01,-4.041310e-01,3.450046e-18,535,5511
1.252114e-08,2.586570e-02,-1.062451e-02,2.500009e-02,2.065886e+06,-8.485756e+05,1.996696e+06,-4.774147e-03,1.998576e-03,-4.880228e-03,3.450046e-18,535,55093
0.000000e+00,-4.977155e-08,6.199981e-08,1.792720e-07,0.000000e+00,0.000000e+00,0.000000e+00,6.819813e+07,-8.790856e+07,-2.271228e+08,8.620859e-18,536,0
2.722727e-10,-7.520010e-04,9.694125e-04,2.501682e-03,-2.761918e+06,3.560427e+06,9.187988e+06,4.473576e-01,-5.802010e-01,-1.397612e+00,8.620859e-18,536,1198
2.721136e-09,-7.515601e-03,9.688464e-03,2.500193e-02,-2.761937e+06,3.560452e+06,9.188049e+06,4.448521e-03,-5.750068e-03,-1.408900e-02,8.620859e-18,536,11973
0.000000e+00,-2.000225e-07,1.222892e-07,4.951124e-07,0.000000e+00,0.000000e+00,0.000000e+00,3.379074e+07,-1.062777e+07,-3.834813e+07,3.362832e-18,537,0
1.098636e-09,-2.229793e-03,7.675771e-04,2.500309e-03,-2.030542e+06,6.989399e+05,2.276421e+06,6.874973e-01,-2.270209e-01,-6.041339e-01,3.362832e-18,537,4834
1.098227e-08,-2.229991e-02,7.675967e-03,2.500049e-02,-2.030661e+06,6.989792e+05,2.276527e+06,6.021237e-03,-1.802402e-03,-6.776945e-03,3.362832e-18,537,48322
0.000000e+00,-1.564932e-07,5.183498e-08,4.917646e-07,0.000000e+00,0.000000e+00,0.000000e+00,2.359933e+07,-3.157220e+05,-4.599564e+07,3.594272e-18,538,0
1.033636e-09,-2.293185e-03,-1.845174e-03,2.500487e-03,-2.219395e+06,-1.786102e+06,2.419404e+06,5.062274e-01,4.053207e-01,-4.261639e-01,3.594272e-18,538,4548
1.033318e-08,-2.293318e-02,-1.845562e-02,2.500038e-02,-2.219477e+06,-1.786168e+06,2.419474e+06,4.528103e-03,3.535735e-03,-4.656175e-03,3.594272e-18,538,45466
0.000000e+00,8.385840e-08,-1.974851e-07,4.994521e-07,0.000000e+00,0.000000e+00,0.000000e+00,-7.336513e+06,2.465987e+07,-3.836500e+07,3.409207e-18,539,0
1.024091e-09,5.063716e-04,-1.608708e-03,2.500254e-03,4.947132e+05,-1.571756e+06,2.442390e+06,-2.184898e-01,7.180964e-01,-9.149406e-01,3.409207e-18,539,4506
1.023591e-08,5.063849e-03,-1.608832e-02,2.500023e-02,4.947485e+05,-1.571872e+06,2.442538e+06,-1.757320e-03,5.972107e-03,-1.023361e-02,3.409207e-18,539,45038
0.000000e+00,-6.602584e-08,1.114125e-07,3.770358e-07,0.000000e+00,0.000000e+00,0.000000e+00,1.496227e+07,-2.392576e+07,-5.949587e+07,4.542788e-18,540,0
7.981818e-10,-7.491972e-04,1.067542e-03,2.500308e-03,-9.391166e+05,1.338106e+06,3.133584e+06,4.700962e-01,-6.608093e-01,-1.314339e+00,4.542788e-18,540,3512
7.978182e-09,-7.492406e-03,1.067563e-02,2.500043e-02,-9.391759e+05,1.338189e+06,3.133750e+06,4.399288e-03,-6.459161e-03,-1.366815e-02,4.542788e-18,540,35104
0.000000e+00,-5.485917e-08,1.015452e-07,4.692856e-07,0.000000e+00,0.000000e+00,0.000000e+00,8.864493e+06,-1.783431e+07,-4.058796e+07,3.843389e-18,541,0
1.014545e-09,-6.348721e-04,1.227153e-03,2.500236e-03,-6.262287e+05,1.210433e+06,2.465537e+06,3.346545e-01,-6.678889e-01,-1.078190e+00,3.843389e-18,541,4464
1.013977e-08,-6.349756e-03,1.227344e-02,2.500012e-02,-6.262822e+05,1.210540e+06,2.465710e+06,2.956805e-03,-5.460706e-03,-1.187824e-02,3.843389e-18,541,44615
0.000000e+00,8.807749e-08,-5.386111e-08,1.190890e-07,0.000000e+00,0.000000e+00,0.000000e+00,-2.292455e+08,1.400470e+08,-2.913070e+08,1.053189e-17,542,0
2.143182e-10,1.968559e-03,-1.202680e-03,2.501010e-03,9.184975e+06,-5.611507e+06,1.166926e+07,-6.070288e-01,3.708767e-01,-7.363933e-01,1.053189e-17,542,943
2.142500e-09,1.967889e-02,-1.202271e-02,2.500150e-02,9.184995e+06,-5.611519e+06,1.166928e+07,-6.056891e-03,3.698584e-03,-7.379443e-03,1.053189e-17,542,9427
0.000000e+00,-8.037230e-08,6.337322e-08,5.375071e-07,0.000000e+00,0.000000e+00,0.000000e+00,1.036705e+07,-8.422646e+06,-4.171016e+07,3.428454e-18,543,0
9.347727e-10,-6.434508e-04,5.636098e-04,2.500528e-03,-6.887771e+05,6.033823e+05,2.676324e+06,3.831469e-01,-3.822830e-01,-1.356073e+00,3.428454e-18,543,4113
9.341136e-09,-6.433955e-03,5.636253e-03,2.500008e-02,-6.888336e+05,6.034387e+05,2.676525e+06,3.913887e-03,-3.706257e-03,-1.501782e-02,3.428454e-18,543,41101
0.000000e+00,2.311169e-07,-3.967796e-08,4.678160e-07,0.000000e+00,0.000000e+00,0.000000e+00,-2.968581e+07,4.610807e+06,-3.663972e+07,3.515575e-18,544,0
1.140909e-09,2.230473e-03,-4.500639e-04,2.500395e-03,1.956022e+06,-3.947547e+05,2.192203e+06,-7.094111e-01,1.729779e-01,-5.736167e-01,3.515575e-18,544,5020
1.140409e-08,2.230657e-02,-4.501767e-03,2.500026e-02,1.956149e+06,-3.947857e+05,2.192307e+06,-5.698734e-03,1.180803e-03,-6.858861e-03,3.515575e-18,544,50178
0.000000e+00,9.574947e-08,2.045663e-07,2.927343e-07,0.000000e+00,0.000000e+00,0.000000e+00,-2.604039e+07,-5.173625e+07,-5.299781e+07,4.771552e-18,545,0
9.770455e-10,1.306847e-03,2.569078e-03,2.500114e-03,1.337917e+06,2.630103e+06,2.559229e+06,-3.161365e-01,-5.933647e-01,-4.522368e-01,4.771552e-18,545,4299
9.768636e-09,1.306962e-02,2.569253e-02,2.500031e-02,1.337965e+06,2.630194e+06,2.559299e+06,-2.904303e-03,-5.385887e-03,-4.887553e-03,4.771552e-18,545,42982
0.000000e+00,-2.422278e-08,4.195169e-08,1.906022e-07,0.000000e+00,0.000000e+00,0.000000e+00,3.465653e+07,-5.440885e+07,-2.403811e+08,8.615387e-18,546,0
2.570455e-10,-3.611719e-04,5.667609e-04,2.502083e-03,-1.405087e+06,2.204882e+06,9.733865e+06,2.731478e-01,-4.139510e-01,-1.772027e+00,8.615387e-18,546,1131
2.568409e-09,-3.608861e-03,5.663077e-03,2.500072e-02,-1.405099e+06,2.204899e+06,9.733937e+06,2.726095e-03,-4.177208e-03,-1.780872e-02,8.615387e-18,546,11301
0.000000e+00,-1.504461e-07,1.899175e-07,4.332702e-07,0.000000e+00,0.000000e+00,0.000000e+00,2.074917e+07,-2.649689e+07,-3.632557e+07,3.667493e-18,547,0
1.170682e-09,-1.528468e-03,1.923201e-03,2.500403e-03,-1.306242e+06,1.643553e+06,2.136457e+06,4.275542e-01,-5.152860e-01,-5.322644e-01,3.667493e-18,547,5151
1.170159e-08,-1.528507e-02,1.923213e-02,2.500010e-02,-1.306321e+06,1.643647e+06,2.136556e+06,3.795340e-03,-4.332555e-03,-6.101760e-03,3.667493e-18,547,51487
0.000000e+00,-4.560593e-09,-2.798969e-08,3.395165e-07,0.000000e+00,0.000000e+00,0.000000e+00,3.693287e+06,7.450585e+06,-8.236345e+07,5.258733e-18,548,0
6.000000e-10,-1.264514e-04,-2.347921e-04,2.500171e-03,-2.108651e+05,-3.914538e+05,4.168193e+06,1.340049e-01,1.964669e-01,-2.020737e+00,5.258733e-18,548,2640
5.997955e-09,-1.264748e-03,-2.347925e-03,2.500075e-02,-2.108778e+05,-3.914724e+05,4.168385e+06,1.269874e-03,1.961614e-03,-2.044758e-02,5.258733e-18,548,26391
0.000000e+00,2.278904e-07,1.314753e-09,2.099061e-07,0.000000e+00,0.000000e+00,0.000000e+00,-8.771486e+07,3.020905e+05,-5.973470e+07,5.554430e-18,549,0
9.479545e-10,3.771796e-03,-1.333920e-05,2.500203e-03,3.979374e+06,-1.407597e+04,2.637636e+06,-5.173331e-01,2.150378e-03,-2.678545e-01,5.554430e-18,549,4171
9.478182e-09,3.771731e-02,-1.334127e-04,2.500012e-02,3.979451e+06,-1.407629e+04,2.637676e+06,-4.714921e-03,-1.192896e-05,-2.831065e-03,5.554430e-18,549,41704
0.000000e+00,-2.120182e-07,-1.139514e-07,3.722245e-07,0.000000e+00,0.000000e+00,0.000000e+00,3.773892e+07,1.742066e+07,-4.102422e+07,4.050380e-18,550,0
1.328636e-09,-3.047484e-03,-1.605696e-03,2.500140e-03,-2.294497e+06,-1.208961e+06,1.881985e+06,4.649835e-01,2.418710e-01,-2.633817e-01,4.050380e-18,550,5846
1.328386e-08,-3.047968e-02,-1.605960e-02,2.500025e-02,-2.294594e+06,-1.209011e+06,1.882041e+06,3.977519e-03,2.094991e-03,-3.244219e-03,4.050380e-18,550,58449
0.000000e+00,6.309094e-08,-2.417404e-07,4.308708e-07,0.000000e+00,0.000000e+00,0.000000e+00,-8.181961e+06,3.827329e+07,-3.692267e+07,3.665570e-18,551,0
1.208182e-09,4.081613e-04,-2.826665e-03,2.500470e-03,3.379125e+05,-2.340533e+06,2.070016e+06,-8.241777e-02,6.111837e-01,-3.937446e-01,3.665570e-18,551,5316
1.207727e-08,4.081104e-03,-2.826717e-02,2.500034e-02,3.379282e+05,-2.340649e+06,2.070092e+06,-7.633863e-04,5.080415e-03,-4.729769e-03,3.665570e-18,551,53140
0.000000e+00,-1.701691e-07,-1.579835e-07,3.862242e-07,0.000000e+00,0.000000e+00,0.000000e+00,3.349250e+07,2.839744e+07,-4.548864e+07,4.003661e-18,552,0
1.042955e-09,-1.961342e-03,-1.676862e-03,2.500277e-03,-1.881255e+06,-1.608389e+06,2.397803e+06,5.456146e-01,4.689480e-01,-5.411471e-01,4.003661e-18,552,4589
1.042636e-08,-1.961463e-02,-1.676963e-02,2.500054e-02,-1.881345e+06,-1.608466e+06,2.397893e+06,4.860648e-03,4.009171e-03,-5.855801e-03,4.003661e-18,552,45876
0.000000e+00,-1.868317e-08,8.044097e-08,2.653043e-07,0.000000e+00,0.000000e+00,0.000000e+00,1.073222e+07,-4.279772e+07,-1.164975e+08,6.275663e-18,553,0
4.906818e-10,-2.343901e-04,9.312404e-04,2.500156e-03,-4.777676e+05,1.898158e+06,5.095867e+06,1.779652e-01,-6.780400e-01,-1.640965e+00,6.275663e-18,553,2159
4.905909e-09,-2.343893e-03,9.312233e-03,2.500003e-02,-4.777814e+05,1.898211e+06,5.095995e+06,1.773373e-03,-6.705794e-03,-1.655035e-02,6.275663e-18,553,21586
0.000000e+00,9.178828e-08,8.785231e-08,2.803137e-07,0.000000e+00,0.000000e+00,0.000000e+00,-3.538447e+07,-3.387129e+07,-8.782487e+07,5.716922e-18,554,0
6.161364e-10,1.031778e-03,9.888372e-04,2.500833e-03,1.674985e+06,1.605277e+06,4.059612e+06,-5.982352e-01,-5.742954e-01,-1.301032e+00,5.716922e-18,554,2711
6.158409e-09,1.031527e-02,9.885975e-03,2.500089e-02,1.675044e+06,1.605333e+06,4.059739e+06,-5.899867e-03,-5.595937e-03,-1.318524e-02,5.716922e-18,554,27097
0.000000e+00,-8.153778e-08,-2.794045e-07,4.474637e-07,0.000000e+00,0.000000e+00,0.000000e+00,1.180274e+07,3.602915e+07,-3.288191e+07,3.393450e-18,555,0
1.347955e-09,-1.014473e-03,-3.053798e-03,2.500416e-03,-7.529057e+05,-2.266379e+06,1.855279e+06,1.762539e-01,5.212655e-01,-2.960613e-01,3.393450e-18,555,5931
1.347500e-08,-1.014537e-02,-3.053939e-02,2.500010e-02,-7.529431e+05,-2.266489e+06,1.855342e+06,1.560868e-03,4.578018e-03,-3.731176e-03,3.393450e-18,555,59290
0.000000e+00,1.623992e-07,-5.487434e-08,4.402737e-07,0.000000e+00,0.000000e+00,0.000000e+00,-2.549456e+07,1.028466e+07,-4.106158e+07,3.910278e-18,556,0
1.060000e-09,1.717032e-03,-6.502420e-04,2.500150e-03,1.620776e+06,-6.136641e+05,2.359423e+06,-6.990080e-01,1.975467e-01,-7.511946e-01,3.910278e-18,556,4664
1.059591e-08,1.717353e-02,-6.502348e-03,2.500039e-02,1.620893e+06,-6.136972e+05,2.359549e+06,-5.894685e-03,2.520393e-03,-8.968633e-03,3.910278e-18,556,46622
0.000000e+00,1.972356e-07,1.655351e-07,4.773232e-07,0.000000e+00,0.000000e+00,0.000000e+00,-2.207707e+07,-1.782986e+07,-3.618153e+07,3.378386e-18,557,0
1.165227e-09,1.647459e-03,1.442338e-03,2.500380e-03,1.414572e+06,1.238491e+06,2.146484e+06,-5.140342e-01,-4.639911e-01,-5.949157e-01,3.378386e-18,557,5127
1.164705e-08,1.647556e-02,1.442471e-02,2.500038e-02,1.414666e+06,1.238576e+06,2.146594e+06,-4.514313e-03,-3.944726e-03,-7.067229e-03,3.378386e-18,557,51247
0.000000e+00,-8.600901e-08,-6.370090e-08,2.178205e-07,0.000000e+00,0.000000e+00,0.000000e+00,6.272207e+07,4.683926e+07,-1.430325e+08,7.067226e-18,558,0
4.188636e-10,-1.101954e-03,-8.229144e-04,2.501149e-03,-2.630978e+06,-1.964755e+06,5.971522e+06,6.273358e-01,4.672604e-01,-1.328945e+00,7.067226e-18,558,1843
4.186591e-09,-1.101489e-02,-8.225673e-03,2.500049e-02,-2.631020e+06,-1.964786e+06,5.971610e+06,6.253595e-03,4.638646e-03,-1.335547e-02,7.067226e-18,558,18421
0.000000e+00,4.807232e-08,-2.381389e-07,3.287662e-07,0.000000e+00,0.000000e+00,0.000000e+00,-9.355736e+06,4.945849e+07,-4.282794e+07,4.368732e-18,559,0
1.112273e-09,5.684391e-04,-3.038440e-03,2.500146e-03,5.112148e+05,-2.732588e+06,2.248119e+06,-1.146225e-01,6.228496e-01,-3.494343e-01,4.368732e-18,559,4894
1.112045e-08,5.684936e-03,-3.038758e-02,2.500024e-02,5.112349e+05,-2.732697e+06,2.248181e+06,-8.896852e-04,5.226858e-03,-4.336586e-03,4.368732e-18,559,48930
0.000000e+00,-1.314103e-07,1.491408e-07,4.501837e-07,0.000000e+00,0.000000e+00,0.000000e+00,1.995698e+07,-2.357003e+07,-4.184400e+07,3.743337e-18,560,0
1.022500e-09,-1.302419e-03,1.544419e-03,2.500108e-03,-1.274398e+06,1.511215e+06,2.445896e+06,4.949917e-01,-6.018803e-01,-7.897060e-01,3.743337e-18,560,4499
1.022136e-08,-1.302604e-02,1.544662e-02,2.500054e-02,-1.274478e+06,1.511312e+06,2.446024e+06,4.291437e-03,-5.130168e-03,-8.484094e-03,3.743337e-18,560,44974
0.000000e+00,-1.768579e-07,1.263893e-07,5.693527e-07,0.000000e+00,0.000000e+00,0.000000e+00,1.641428e+07,-1.344693e+07,-3.354341e+07,3.032893e-18,561,0
1.122955e-09,-1.384992e-03,1.048806e-03,2.500115e-03,-1.234110e+06,9.345459e+05,2.227260e+06,5.425462e-01,-4.169127e-01,-8.097026e-01,3.032893e-18,561,4941
1.122455e-08,-1.385227e-02,1.048982e-02,2.500019e-02,-1.234206e+06,9.346197e+05,2.227405e+06,4.377844e-03,-3.578680e-03,-9.358388e-03,3.032893e-18,561,49388
0.000000e+00,-1.661552e-07,-3.477775e-09,3.761183e-07,0.000000e+00,0.000000e+00,0.000000e+00,3.298087e+07,2.600499e+06,-5.095384e+07,4.398226e-18,562,0
8.920455e-10,-1.750508e-03,-1.621208e-04,2.500361e-03,-1.963254e+06,-1.818640e+05,2.803896e+06,8.000907e-01,9.356899e-02,-1.002539e+00,4.398226e-18,562,3925
8.916136e-09,-1.750459e-02,-1.621501e-03,2.500002e-02,-1.963367e+06,-1.818772e+05,2.804038e+06,7.606182e-03,9.443187e-04,-1.038193e-02,4.398226e-18,562,39231
0.000000e+00,-1.007622e-07,2.643631e-07,4.547464e-07,0.000000e+00,0.000000e+00,0.000000e+00,1.006337e+07,-2.998251e+07,-3.310548e+07,3.380865e-18,563,0
1.255909e-09,-7.917816e-04,2.478506e-03,2.500092e-03,-6.307147e+05,1.974439e+06,1.991198e+06,1.851106e-01,-6.188406e-01,-4.534071e-01,3.380865e-18,563,5526
1.255523e-08,-7.918770e-03,2.478946e-02,2.500011e-02,-6.307512e+05,1.974561e+06,1.991288e+06,1.781358e-03,-5.222763e-03,-5.482875e-03,3.380865e-18,563,55243
0.000000e+00,4.810830e-08,-9.876915e-08,1.274123e-07,0.000000e+00,0.000000e+00,0.000000e+00,-1.035044e+08,2.111808e+08,-2.531812e+08,9.899055e-18,564,0
2.461364e-10,1.022683e-03,-2.086570e-03,2.500665e-03,4.154851e+06,-8.477100e+06,1.015939e+07,-3.160688e-01,6.428435e-01,-7.293663e-01,9.899055e-18,564,1083
2.460909e-09,1.022476e-02,-2.086147e-02,2.500146e-02,4.154864e+06,-8.477125e+06,1.015942e+07,-3.137761e-03,6.400883e-03,-7.319298e-03,9.899055e-18,564,10828
0.000000e+00,-2.287323e-07,-1.482149e-07,4.753487e-07,0.000000e+00,0.000000e+00,0.000000e+00,2.680901e+07,1.635545e+07,-3.310620e+07,3.307323e-18,565,0
1.275227e-09,-2.275123e-03,-1.330912e-03,2.500241e-03,-1.784998e+06,-1.044148e+06,1.961103e+06,5.624119e-01,3.100306e-01,-4.232048e-01,3.307323e-18,565,5611
1.274795e-08,-2.275499e-02,-1.331073e-02,2.500025e-02,-1.785111e+06,-1.044210e+06,1.961189e+06,4.740315e-03,2.771540e-03,-5.226142e-03,3.307323e-18,565,56091
0.000000e+00,-9.942730e-08,5.283668e-08,6.422374e-07,0.000000e+00,0.000000e+00,0.000000e+00,7.796031e+06,-1.090551e+06,-3.650869e+07,2.868066e-18,566,0
9.693182e-10,-5.991417e-04,1.047894e-04,2.500100e-03,-6.184994e+05,1.081588e+05,2.580537e+06,3.302465e-01,-6.989574e-02,-1.357244e+00,2.868066e-18,566,4265
9.687955e-09,-5.991977e-03,1.047864e-03,2.500036e-02,-6.185498e+05,1.081694e+05,2.580745e+06,2.456387e-03,-3.668394e-04,-1.545981e-02,2.868066e-18,566,42627
0.000000e+00,-1.425570e-07,2.467121e-08,2.112496e-07,0.000000e+00,0.000000e+00,0.000000e+00,8.998473e+07,-1.688923e+07,-1.156701e+08,6.706536e-18,567,0
5.125000e-10,-1.959993e-03,3.689806e-04,2.500303e-03,-3.824669e+06,7.200275e+05,4.878890e+06,7.885027e-01,-1.571008e-01,-9.181289e-01,6.706536e-18,567,2255
5.124091e-09,-1.959805e-02,3.689502e-03,2.500003e-02,-3.824733e+06,7.200403e+05,4.878965e+06,7.800393e-03,-1.581631e-03,-9.252029e-03,6.706536e-18,567,22546
0.000000e+00,8.106933e-08,7.391381e-08,3.332273e-07,0.000000e+00,0.000000e+00,0.000000e+00,-1.726529e+07,-2.234233e+07,-8.083324e+07,5.114537e-18,568,0
6.279545e-10,5.601021e-04,7.165557e-04,2.500397e-03,8.922026e+05,1.141465e+06,3.982834e+06,-4.060081e-01,-5.215324e-01,-1.673504e+00,5.114537e-18,568,2763
6.277045e-09,5.600424e-03,7.165037e-03,2.500056e-02,8.922429e+05,1.141517e+06,3.983000e+06,-4.049262e-03,-5.075820e-03,-1.703726e-02,5.114537e-18,568,27619
0.000000e+00,-1.610695e-07,-2.061298e-07,2.761620e-07,0.000000e+00,0.000000e+00,0.000000e+00,3.876610e+07,4.911131e+07,-4.853509e+07,4.606879e-18,569,0
1.070682e-09,-2.076195e-03,-2.629852e-03,2.500015e-03,-1.939566e+06,-2.456778e+06,2.335273e+06,3.604324e-01,4.511188e-01,-3.347937e-01,4.606879e-18,569,4711
1.070545e-08,-2.076395e-02,-2.630096e-02,2.500029e-02,-1.939626e+06,-2.456855e+06,2.335329e+06,3.092520e-03,3.915398e-03,-3.671105e-03,4.606879e-18,569,47104
0.000000e+00,2.265218e-07,-5.605641e-08,5.710675e-07,0.000000e+00,0.000000e+00,0.000000e+00,-2.150641e+07,6.041086e+06,-3.380055e+07,2.986977e-18,570,0
1.155455e-09,1.853261e-03,-5.035992e-04,2.500066e-03,1.604877e+06,-4.361073e+05,2.164374e+06,-6.637411e-01,1.816654e-01,-6.515963e-01,2.986977e-18,570,5084
1.155068e-08,1.853737e-02,-5.037319e-03,2.500025e-02,1.604998e+06,-4.361404e+05,2.164494e+06,-5.725089e-03,1.602119e-03,-8.128555e-03,2.986977e-18,570,50823
0.000000e+00,2.581343e-08,-6.285664e-08,4.195885e-07,0.000000e+00,0.000000e+00,0.000000e+00,-4.333084e+06,1.031817e+07,-5.640782e+07,4.338687e-18,571,0
7.688636e-10,1.696413e-04,-5.340974e-04,2.500539e-03,2.207514e+05,-6.950980e+05,3.253805e+06,-1.234253e-01,4.427993e-01,-1.829490e+00,4.338687e-18,571,3383
7.683409e-09,1.696123e-03,-5.340691e-03,2.500039e-02,2.207664e+05,-6.951517e+05,3.254027e+06,-1.157092e-03,4.264866e-03,-1.900315e-02,4.338687e-18,571,33807
0.000000e+00,-1.435793e-08,-1.201597e-07,5.738815e-07,0.000000e+00,0.000000e+00,0.000000e+00,1.789766e+06,1.330521e+07,-4.193697e+07,3.202087e-18,572,0
9.218182e-10,-1.636208e-04,-8.657263e-04,2.500124e-03,-1.777108e+05,-9.397854e+05,2.713440e+06,1.716643e-01,5.617669e-01,-1.367662e+00,3.202087e-18,572,4056
9.213409e-09,-1.637298e-03,-8.658603e-03,2.500023e-02,-1.777358e+05,-9.398671e+05,2.713640e+06,5.352897e-04,4.823113e-03,-1.498118e-02,3.202087e-18,572,40539
0.000000e+00,-1.295454e-07,-6.443778e-08,4.668583e-07,0.000000e+00,0.000000e+00,0.000000e+00,3.358686e+07,-2.219263e+06,-4.286021e+07,3.807584e-18,573,0
1.005455e-09,-2.039452e-03,-3.925054e-05,2.500040e-03,-2.029410e+06,-3.902765e+04,2.487200e+06,7.597665e-01,1.897880e-02,-7.542199e-01,3.807584e-18,573,4424
1.005159e-08,-2.039867e-02,-3.923226e-04,2.500049e-02,-2.029530e+06,-3.903066e+04,2.487320e+06,6.656728e-03,5.249698e-05,-8.299659e-03,3.807584e-18,573,44227
0.000000e+00,8.924062e-08,-8.297672e-08,4.459479e-07,0.000000e+00,0.000000e+00,0.000000e+00,-1.459127e+07,1.271476e+07,-4.956796e+07,4.020921e-18,574,0
8.886364e-10,7.658997e-04,-6.662135e-04,2.500317e-03,8.624768e+05,-7.501794e+05,2.814975e+06,-5.456787e-01,4.590310e-01,-1.402449e+00,4.020921e-18,574,3910
8.881136e-09,7.659752e-03,-6.662448e-03,2.500031e-02,8.625533e+05,-7.502438e+05,2.815172e+06,-4.505546e-03,3.696982e-03,-1.499824e-02,4.020921e-18,574,39077
0.000000e+00,-1.977378e-07,4.074093e-08,5.932480e-07,0.000000e+00,0.000000e+00,0.000000e+00,1.881220e+07,-2.103821e+06,-3.487894e+07,2.950462e-18,575,0
9.995455e-10,-4.679968e-04,2.059698e-03,2.500364e-03,-4.682079e+05,2.062008e+06,2.502210e+06,1.733636e-01,-7.681605e-01,-7.585314e-01,2.950462e-18,575,4398
9.991136e-09,-4.678134e-03,2.060133e-02,2.500011e-02,-4.682351e+05,2.062129e+06,2.502330e+06,1.361593e-03,-6.745250e-03,-8.162400e-03,2.950462e-18,575,43961
0.000000e+00,-8.519670e-08,-2.525584e-07,4.476640e-07,0.000000e+00,0.000000e+00,0.000000e+00,2.085625e+07,2.812785e+07,-4.366031e+07,3.501242e-18,576,0
1.014091e-09,-1.223422e-03,-1.771459e-03,2.500422e-03,-1.207046e+06,-1.747640e+06,2.466316e+06,4.855400e-01,6.870610e-01,-6.772265e-01,3.501242e-18,576,4462
1.013659e-08,-1.223528e-02,-1.771514e-02,2.500021e-02,-1.207123e+06,-1.747750e+06,2.466425e+06,3.707187e-03,5.364997e-03,-7.781150e-03,3.501242e-18,576,44601
0.000000e+00,1.681669e-07,-1.824807e-08,2.958314e-07,0.000000e+00,0.000000e+00,0.000000e+00,-5.589513e+07,5.260113e+06,-6.968347e+07,5.194277e-18,577,0
7.622727e-10,2.097141e-03,-1.951088e-04,2.500355e-03,2.751880e+06,-2.560160e+05,3.280660e+06,-8.250237e-01,7.435150e-02,-8.085050e-01,5.194277e-18,577,3354
7.620455e-09,2.097060e-02,-1.950964e-03,2.500027e-02,2.751979e+06,-2.560250e+05,3.280758e+06,-7.916117e-03,7.861156e-04,-8.473630e-03,5.194277e-18,577,33530
0.000000e+00,7.594789e-08,5.398146e-08,6.161467e-07,0.000000e+00,0.000000e+00,0.000000e+00,-9.495230e+06,-3.879408e+06,-3.849925e+07,3.019000e-18,578,0
9.570455e-10,6.612069e-04,3.170596e-04,2.500160e-03,6.913704e+05,3.315902e+05,2.613626e+06,-4.106692e-01,-2.439201e-01,-1.325973e+00,3.019000e-18,578,4211
9.565227e-09,6.613091e-03,3.171710e-03,2.500016e-02,6.914324e+05,3.316270e+05,2.613827e+06,-3.710597e-03,-1.724020e-03,-1.500013e-02,3.019000e-18,578,42087
0.000000e+00,2.307655e-09,-2.827510e-07,3.102099e-07,0.000000e+00,0.000000e+00,0.000000e+00,-5.852716e+05,5.611246e+07,-3.739586e+07,4.212401e-18,579,0
1.362045e-09,-1.790100e-05,-4.093603e-03,2.500193e-03,-1.316740e+04,-3.006217e+06,1.835785e+06,9.062463e-03,4.460146e-01,-1.805866e-01,4.212401e-18,579,5993
1.361818e-08,-1.793022e-04,-4.093918e-02,2.500022e-02,-1.316933e+04,-3.006313e+06,1.835824e+06,2.296973e-05,3.757835e-03,-2.270038e-03,4.212401e-18,579,59920
0.000000e+00,5.712163e-08,-2.099828e-07,4.573313e-07,0.000000e+00,0.000000e+00,0.000000e+00,-6.007901e+06,2.881320e+07,-4.220220e+07,3.639924e-18,580,0
1.019773e-09,3.721794e-04,-1.867144e-03,2.500411e-03,3.651308e+05,-1.831886e+06,2.452727e+06,-1.462624e-01,7.543716e-01,-8.011753e-01,3.639924e-18,580,4487
1.019273e-08,3.721687e-03,-1.867188e-02,2.500015e-02,3.651543e+05,-1.832008e+06,2.452857e+06,-1.184809e-03,6.385490e-03,-8.949483e-03,3.639924e-18,580,44848
0.000000e+00,5.986254e-08,2.431659e-07,2.492433e-07,0.000000e+00,0.000000e+00,0.000000e+00,-1.749787e+07,-6.853270e+07,-4.826557e+07,4.925507e-18,581,0
1.115000e-09,9.461513e-04,3.726707e-03,2.500388e-03,8.487215e+05,3.342956e+06,2.242699e+06,-1.223556e-01,-4.911422e-01,-2.423545e-01,4.925507e-18,581,4906
1.114727e-08,9.460936e-03,3.726487e-02,2.500011e-02,8.487430e+05,3.343042e+06,2.242742e+06,-1.115246e-03,-4.223276e-03,-2.676369e-03,4.925507e-18,581,49048
0.000000e+00,-3.856587e-08,-1.754251e-07,4.708881e-07,0.000000e+00,0.000000e+00,0.000000e+00,1.130301e+07,2.144733e+07,-4.502494e+07,3.681553e-18,582,0
9.618182e-10,-6.552194e-04,-1.282464e-03,2.500071e-03,-6.816718e+05,-1.334183e+06,2.600437e+06,3.358245e-01,7.014361e-01,-1.130328e+00,3.681553e-18,582,4232
9.613864e-09,-6.553440e-03,-1.282664e-02,2.500040e-02,-6.817227e+05,-1.334289e+06,2.600609e+06,2.583395e-03,6.024049e-03,-1.209407e-02,3.681553e-18,582,42301
0.000000e+00,-1.374841e-07,1.636866e-08,6.402403e-07,0.000000e+00,0.000000e+00,0.000000e+00,1.118364e+07,1.566958e+06,-3.546717e+07,2.839415e-18,583,0
9.975000e-10,-8.160995e-04,-7.196225e-05,2.500543e-03,-8.187446e+05,-7.226944e+04,2.507970e+06,5.019393e-01,9.193430e-02,-1.201572e+00,2.839415e-18,583,4389
9.968182e-09,-8.161383e-03,-7.203759e-04,2.500015e-02,-8.188235e+05,-7.228392e+04,2.508160e+06,4.212616e-03,5.070510e-04,-1.431470e-02,2.839415e-18,583,43860
0.000000e+00,-2.041374e-07,-6.637578e-08,2.524835e-07,0.000000e+00,0.000000e+00,0.000000e+00,6.135644e+07,2.986405e+07,-6.157001e+07,5.275860e-18,584,0
8.845455e-10,-2.608316e-03,-1.244747e-03,2.500521e-03,-2.949352e+06,-1.407508e+06,2.827225e+06,6.187123e-01,2.790881e-01,-4.595283e-01,5.275860e-18,584,3892
8.842727e-09,-2.608037e-02,-1.244621e-02,2.500051e-02,-2.949439e+06,-1.407547e+06,2.827289e+06,5.817503e-03,2.652215e-03,-4.949115e-03,5.275860e-18,584,38908
0.000000e+00,1.953980e-07,-8.507553e-08,2.074852e-07,0.000000e+00,0.000000e+00,0.000000e+00,-8.575551e+07,3.355190e+07,-6.850912e+07,5.785432e-18,585,0
8.377273e-10,3.198674e-03,-1.248981e-03,2.500047e-03,3.818713e+06,-1.491070e+06,2.984497e+06,-5.397267e-01,2.057094e-01,-3.395207e-01,5.785432e-18,585,3686
8.376591e-09,3.198788e-02,-1.249012e-02,2.500005e-02,3.818784e+06,-1.491097e+06,2.984542e+06,-5.105749e-03,1.948125e-03,-3.548631e-03,5.785432e-18,585,36857
0.000000e+00,2.769819e-08,-4.791425e-08,2.006058e-07,0.000000e+00,0.000000e+00,0.000000e+00,-3.144758e+07,5.590072e+07,-2.134829e+08,8.164792e-18,586,0
2.877273e-10,3.688300e-04,-6.558253e-04,2.500251e-03,1.281880e+06,-2.279349e+06,8.689620e+06,-2.688614e-01,4.851304e-01,-1.733179e+00,8.164792e-18,586,1266
2.877045e-09,3.688052e-03,-6.557832e-03,2.500061e-02,1.281892e+06,-2.279371e+06,8.689699e+06,-2.691640e-03,4.818411e-03,-1.740309e-02,8.164792e-18,586,12659
0.000000e+00,4.894102e-08,7.883842e-08,6.674834e-07,0.000000e+00,0.000000e+00,0.000000e+00,-3.170511e+06,-4.545654e+06,-3.748905e+07,2.770110e-18,587,0
9.256818e-10,1.614366e-04,2.298292e-04,2.500334e-03,1.744934e+05,2.484522e+05,2.702551e+06,-1.243007e-01,-1.857556e-01,-1.591202e+00,2.770110e-18,587,4073
9.250455e-09,1.614179e-03,2.298325e-03,2.500006e-02,1.745116e+05,2.484793e+05,2.702784e+06,-9.830716e-04,-9.155856e-04,-1.761225e-02,2.770110e-18,587,40702
0.000000e+00,2.379914e-07,-1.883523e-09,4.358402e-07,0.000000e+00,0.000000e+00,0.000000e+00,-3.129737e+07,1.568540e+06,-3.568544e+07,3.686425e-18,588,0
1.231136e-09,2.555912e-03,-1.185458e-04,2.500158e-03,2.077076e+06,-9.633435e+04,2.031305e+06,-6.431172e-01,2.526560e-02,-4.629252e-01,3.686425e-18,588,5417
1.230750e-08,2.556351e-02,-1.185625e-03,2.500046e-02,2.077201e+06,-9.633924e+04,2.031396e+06,-5.459572e-03,1.476189e-04,-5.698349e-03,3.686425e-18,588,54153
0.000000e+00,1.147730e-07,5.876293e-08,2.509834e-07,0.000000e+00,0.000000e+00,0.000000e+00,-5.604852e+07,-2.863979e+07,-1.030341e+08,6.169614e-18,589,0
5.527273e-10,1.379077e-03,7.050647e-04,2.500321e-03,2.495421e+06,1.275806e+06,4.524114e+06,-7.422063e-01,-3.806391e-01,-1.217205e+00,6.169614e-18,589,2432
5.525909e-09,1.378953e-02,7.050019e-03,2.500000e-02,2.495486e+06,1.275840e+06,4.524221e+06,-7.359594e-03,-3.802885e-03,-1.232039e-02,6.169614e-18,589,24314
0.000000e+00,-5.806243e-08,2.262871e-07,5.378083e-07,0.000000e+00,0.000000e+00,0.000000e+00,-7.290494e+05,-4.808709e+07,-4.840324e+07,3.154461e-18,590,0
1.009545e-09,6.149497e-06,2.498737e-03,2.500234e-03,6.116145e+03,2.475938e+06,2.476963e+06,1.752148e-02,-7.261532e-01,-5.948689e-01,3.154461e-18,590,4442
1.009295e-08,6.168393e-05,2.498957e-02,2.500021e-02,6.113369e+03,2.476054e+06,2.477058e+06,3.525783e-06,-6.387165e-03,-6.427800e-03,3.154461e-18,590,44409
0.000000e+00,1.190850e-07,-1.397400e-07,2.106310e-07,0.000000e+00,0.000000e+00,0.000000e+00,-6.503715e+07,7.640861e+07,-9.553641e+07,6.166850e-18,591,0
6.165909e-10,1.715509e-03,-2.018799e-03,2.500875e-03,2.782457e+06,-3.274386e+06,4.056157e+06,-4.545791e-01,5.443756e-01,-5.966611e-01,6.166850e-18,591,2713
6.163636e-09,1.715013e-02,-2.018221e-02,2.500083e-02,2.782502e+06,-3.274439e+06,4.056216e+06,-4.399964e-03,5.339379e-03,-6.080390e-03,6.166850e-18,591,27120
0.000000e+00,1.127961e-07,-2.573064e-07,3.909251e-07,0.000000e+00,0.000000e+00,0.000000e+00,-1.813496e+07,4.066475e+07,-2.893550e+07,3.750505e-18,592,0
1.585682e-09,1.675591e-03,-3.825785e-03,2.500254e-03,1.057030e+06,-2.413468e+06,1.576955e+06,-1.617786e-01,3.717795e-01,-1.637069e-01,3.750505e-18,592,6977
1.585341e-08,1.675748e-02,-3.826158e-02,2.500031e-02,1.057070e+06,-2.413560e+06,1.576997e+06,-1.452525e-03,3.317044e-03,-2.167197e-03,3.750505e-18,592,69755
0.000000e+00,1.073904e-07,2.426917e-07,5.161122e-07,0.000000e+00,0.000000e+00,0.000000e+00,-1.070373e+07,-2.405448e+07,-3.215855e+07,3.142167e-18,593,0
1.237045e-09,8.672034e-04,1.993781e-03,2.500305e-03,7.014701e+05,1.612633e+06,2.021887e+06,-2.931358e-01,-5.966350e-01,-5.844628e-01,3.142167e-18,593,5443
1.236477e-08,8.673498e-03,1.993980e-02,2.500036e-02,7.015272e+05,1.612749e+06,2.022002e+06,-2.611112e-03,-5.148777e-03,-6.962775e-03,3.142167e-18,593,54405
0.000000e+00,-1.918646e-07,-6.456376e-08,3.797348e-07,0.000000e+00,0.000000e+00,0.000000e+00,3.417273e+07,1.111724e+07,-4.706411e+07,4.194439e-18,594,0
9.609091e-10,-1.970075e-03,-6.034618e-04,2.500259e-03,-2.051107e+06,-6.282553e+05,2.602748e+06,7.431958e-01,2.130629e-01,-7.945924e-01,4.194439e-18,594,4228
9.605227e-09,-1.970131e-02,-6.034532e-03,2.500010e-02,-2.051220e+06,-6.282877e+05,2.602869e+06,6.746209e-03,1.940467e-03,-8.459683e-03,4.194439e-18,594,42263
0.000000e+00,1.416746e-07,1.747741e-07,2.216822e-07,0.000000e+00,0.000000e+00,0.000000e+00,-5.141634e+07,-6.278992e+07,-5.944866e+07,5.467112e-18,595,0
9.359091e-10,2.236453e-03,2.700527e-03,2.500341e-03,2.389974e+06,2.885871e+06,2.671782e+06,-3.691454e-01,-4.272009e-01,-3.192640e-01,5.467112e-18,595,4118
9.357045e-09,2.236313e-02,2.700328e-02,2.500011e-02,2.390028e+06,2.885934e+06,2.671829e+06,-3.390603e-03,-3.892095e-03,-3.402373e-03,5.467112e-18,595,41171
0.000000e+00,1.695734e-07,-6.411434e-08,4.911287e-07,0.000000e+00,0.000000e+00,0.000000e+00,-2.206361e+07,8.507847e+06,-4.248320e+07,3.555864e-18,596,0
9.543182e-10,1.396305e-03,-5.883415e-04,2.500360e-03,1.464041e+06,-6.168835e+05,2.621191e+06,-7.519899e-01,3.065763e-01,-1.145283e+00,3.555864e-18,596,4199
9.537727e-09,1.396358e-02,-5.883633e-03,2.500034e-02,1.464155e+06,-6.169296e+05,2.621364e+06,-6.526763e-03,2.794621e-03,-1.207284e-02,3.555864e-18,596,41966
0.000000e+00,1.519140e-07,1.757796e-07,4.034590e-07,0.000000e+00,0.000000e+00,0.000000e+00,-2.243700e+07,-2.724061e+07,-4.217419e+07,3.899051e-18,597,0
1.080909e-09,1.493171e-03,1.934717e-03,2.500494e-03,1.381998e+06,1.790697e+06,2.313923e+06,-4.479539e-01,-5.731254e-01,-5.817251e-01,3.899051e-18,597,4756
1.080432e-08,1.493152e-02,1.934718e-02,2.500051e-02,1.382074e+06,1.790794e+06,2.314023e+06,-3.869127e-03,-4.928989e-03,-6.505244e-03,3.899051e-18,597,47539
0.000000e+00,-2.614424e-08,8.758882e-08,3.654433e-07,0.000000e+00,0.000000e+00,0.000000e+00,6.689495e+06,-1.684592e+07,-7.118968e+07,4.799917e-18,598,0
6.743182e-10,-2.872405e-04,6.537499e-04,2.500594e-03,-4.261840e+05,9.698876e+05,3.709573e+06,2.382014e-01,-5.018910e-01,-1.785684e+00,4.799917e-18,598,2967
6.739318e-09,-2.872174e-03,6.536386e-03,2.500011e-02,-4.262094e+05,9.699411e+05,3.709763e+06,2.334247e-03,-5.013242e-03,-1.815614e-02,4.799917e-18,598,29653
0.000000e+00,-3.494069e-08,-1.739749e-07,5.872867e-07,0.000000e+00,0.000000e+00,0.000000e+00,4.533069e+06,1.687841e+07,-3.799385e+07,3.027462e-18,599,0
9.731818e-10,-2.971463e-04,-1.148603e-03,2.500430e-03,-3.055609e+05,-1.180966e+06,2.570464e+06,1.878045e-01,6.170064e-01,-1.164926e+00,3.027462e-18,599,4282
9.725909e-09,-2.971847e-03,-1.148596e-02,2.500030e-02,-3.055897e+05,-1.181061e+06,2.570644e+06,1.492017e-03,5.427706e-03,-1.284127e-02,3.027462e-18,599,42794
0.000000e+00,-1.664155e-07,2.439507e-08,4.662046e-07,0.000000e+00,0.000000e+00,0.000000e+00,2.606487e+07,-6.136615e+06,-4.233099e+07,3.740554e-18,600,0
1.008636e-09,-1.698347e-03,4.260890e-04,2.500291e-03,-1.684769e+06,4.227095e+05,2.479752e+06,7.515355e-01,-1.906330e-01,-8.722899e-01,3.740554e-18,600,4438
1.008159e-08,-1.698508e-02,4.261541e-03,2.500001e-02,-1.684888e+06,4.227398e+05,2.479892e+06,6.329088e-03,-1.528161e-03,-9.656098e-03,3.740554e-18,600,44359
0.000000e+00,4.959306e-08,-2.340681e-08,1.149949e-07,0.000000e+00,0.000000e+00,0.000000e+00,-2.415211e+08,1.145189e+08,-5.418944e+08,1.294902e-17,601,0
1.154545e-10,1.114353e-03,-5.283784e-04,2.500172e-03,9.651533e+06,-4.576343e+06,2.165422e+07,-6.192068e-01,2.936370e-01,-1.356390e+00,1.294902e-17,601,508
1.154545e-09,1.114318e-02,-5.283619e-03,2.500090e-02,9.651545e+06,-4.576348e+06,2.165425e+07,-6.186775e-03,2.936202e-03,-1.357140e-02,1.294902e-17,601,5080
0.000000e+00,-2.476261e-07,4.186208e-09,4.700813e-07,0.000000e+00,0.000000e+00,0.000000e+00,3.209030e+07,-4.376778e+05,-3.461430e+07,3.432276e-18,602,0
1.189545e-09,-2.427250e-03,8.670280e-05,2.500050e-03,-2.041491e+06,7.293444e+04,2.102261e+06,6.817200e-01,-2.650813e-02,-5.190760e-01,3.432276e-18,602,5234
1.189205e-08,-2.427744e-02,8.673276e-04,2.500037e-02,-2.041619e+06,7.293937e+04,2.102360e+06,5.679397e-03,9.429180e-05,-6.159885e-03,3.432276e-18,602,52325
0.000000e+00,4.762554e-08,-1.194185e-07,3.460955e-07,0.000000e+00,0.000000e+00,0.000000e+00,-1.242326e+07,2.674044e+07,-6.488586e+07,4.878310e-18,603,0
7.204545e-10,4.974418e-04,-1.092528e-03,2.500218e-03,6.907489e+05,-1.517048e+06,3.471454e+06,-3.307981e-01,6.945443e-01,-1.460458e+00,4.878310e-18,603,3170
7.201591e-09,4.974482e-03,-1.092515e-02,2.500008e-02,6.907866e+05,-1.517128e+06,3.471620e+06,-3.213108e-03,6.825523e-03,-1.487557e-02,4.878310e-18,603,31687
0.000000e+00,1.159800e-08,-4.693980e-08,6.667816e-07,0.000000e+00,0.000000e+00,0.000000e+00,-2.673976e+05,1.919795e+06,-3.628144e+07,2.803769e-18,604,0
9.597727e-10,4.015173e-06,-1.512223e-04,2.500028e-03,4.130262e+03,-1.576555e+05,2.606122e+06,4.159496e-02,1.060287e-01,-1.404218e+00,2.803769e-18,604,4223
9.592727e-09,3.962652e-05,-1.512370e-03,2.500008e-02,4.123943e+03,-1.576715e+05,2.606335e+06,6.642151e-04,7.049218e-04,-1.640224e-02,2.803769e-18,604,42208
0.000000e+00,1.867969e-07,-3.248693e-08,4.972769e-07,0.000000e+00,0.000000e+00,0.000000e+00,-2.144717e+07,5.637961e+06,-3.931052e+07,3.498386e-18,605,0
1.064091e-09,1.614471e-03,-3.456775e-04,2.500238e-03,1.518168e+06,-3.250129e+05,2.350525e+06,-6.950189e-01,1.255434e-01,-8.440246e-01,3.498386e-18,605,4682
1.063591e-08,1.614702e-02,-3.456809e-03,2.500016e-02,1.518285e+06,-3.250339e+05,2.350668e+06,-5.708443e-03,1.433659e-03,-9.910691e-03,3.498386e-18,605,46798
0.000000e+00,8.265336e-08,1.943557e-07,2.637088e-07,0.000000e+00,0.000000e+00,0.000000e+00,-2.690850e+07,-5.907018e+07,-6.204280e+07,5.181118e-18,606,0
8.625000e-10,1.122262e-03,2.471229e-03,2.500634e-03,1.301455e+06,2.865807e+06,2.899685e+06,-2.922920e-01,-6.488422e-01,-5.441396e-01,5.181118e-18,606,3795
8.621591e-09,1.122062e-02,2.470785e-02,2.500003e-02,1.301495e+06,2.865895e+06,2.899759e+06,-2.788596e-03,-6.141224e-03,-5.698946e-03,5.181118e-18,606,37935
0.000000e+00,-1.268350e-07,-6.393158e-08,4.307360e-07,0.000000e+00,0.000000e+00,0.000000e+00,2.163472e+07,8.191523e+06,-4.406249e+07,4.058264e-18,607,0
1.005909e-09,-1.458511e-03,-5.033699e-04,2.500154e-03,-1.450913e+06,-5.007437e+05,2.486514e+06,7.357538e-01,2.828581e-01,-1.005908e+00,4.058264e-18,607,4426
1.005432e-08,-1.458784e-02,-5.034640e-03,2.500035e-02,-1.451030e+06,-5.007886e+05,2.486675e+06,5.931044e-03,2.646219e-03,-1.096053e-02,4.058264e-18,607,44239
0.000000e+00,-2.315979e-07,3.435098e-08,2.398890e-07,0.000000e+00,0.000000e+00,0.000000e+00,7.364169e+07,-1.216525e+07,-5.662980e+07,5.170317e-18,608,0
9.704545e-10,-3.369200e-03,5.561315e-04,2.500027e-03,-3.472362e+06,5.731616e+05,2.576375e+06,5.667040e-01,-9.204392e-02,-3.270318e-01,5.170317e-18,608,4270
9.703636e-09,-3.369459e-02,5.561758e-03,2.500034e-02,-3.472448e+06,5.731757e+05,2.576425e+06,5.149806e-03,-8.315598e-04,-3.465176e-03,5.170317e-18,608,42696
0.000000e+00,1.888042e-07,9.984502e-08,5.850569e-07,0.000000e+00,0.000000e+00,0.000000e+00,-1.716586e+07,-8.063399e+06,-3.407394e+07,2.969008e-18,609,0
1.090909e-09,1.319179e-03,5.885456e-04,2.500438e-03,1.210023e+06,5.398504e+05,2.293047e+06,-5.981052e-01,-2.785698e-01,-9.242944e-01,2.969008e-18,609,4800
1.090250e-08,1.319227e-02,5.885726e-03,2.500017e-02,1.210126e+06,5.398983e+05,2.293207e+06,-5.258448e-03,-2.434878e-03,-1.069940e-02,2.969008e-18,609,47971
0.000000e+00,9.219463e-08,-2.138241e-07,3.203881e-07,0.000000e+00,0.000000e+00,0.000000e+00,-2.008235e+07,4.554899e+07,-4.285582e+07,4.499324e-18,610,0
1.125000e-09,1.252343e-03,-2.855883e-03,2.500052e-03,1.113560e+06,-2.539384e+06,2.222672e+06,-2.586734e-01,5.819971e-01,-3.865880e-01,4.499324e-18,610,4950
1.124773e-08,1.252499e-02,-2.856224e-02,2.500013e-02,1.113605e+06,-2.539488e+06,2.222741e+06,-2.068334e-03,4.872693e-03,-4.295552e-03,4.499324e-18,610,49490
0.000000e+00,-1.560596e-07,-6.041539e-08,2.422242e-07,0.000000e+00,0.000000e+00,0.000000e+00,6.680413e+07,2.687471e+07,-8.832827e+07,5.914218e-18,611,0
6.386364e-10,-1.925429e-03,-7.784120e-04,2.500633e-03,-3.015380e+06,-1.219055e+06,3.916014e+06,7.739271e-01,3.016007e-01,-8.738541e-01,5.914218e-18,611,2810
6.384091e-09,-1.925053e-02,-7.782580e-03,2.500033e-02,-3.015458e+06,-1.219085e+06,3.916102e+06,7.597971e-03,2.988681e-03,-8.926235e-03,5.914218e-18,611,28090
0.000000e+00,-1.004656e-08,1.709105e-07,4.974049e-07,0.000000e+00,0.000000e+00,0.000000e+00,7.741902e+05,-2.340930e+07,-3.934606e+07,3.525197e-18,612,0
1.054091e-09,-2.349758e-05,1.508149e-03,2.500502e-03,-2.228112e+04,1.431681e+06,2.373197e+06,4.100209e-03,-7.143370e-01,-9.404627e-01,3.525197e-18,612,4638
1.053432e-08,-2.347330e-04,1.508174e-02,2.500018e-02,-2.228175e+04,1.431799e+06,2.373354e+06,-5.645643e-05,-5.744581e-03,-1.068182e-02,3.525197e-18,612,46351
0.000000e+00,-1.209732e-07,2.154047e-07,3.057110e-07,0.000000e+00,0.000000e+00,0.000000e+00,2.634156e+07,-4.582772e+07,-4.512683e+07,4.482217e-18,613,0
1.094091e-09,-1.551490e-03,2.695414e-03,2.500169e-03,-1.418478e+06,2.464319e+06,2.285545e+06,3.134945e-01,-5.400594e-01,-3.916701e-01,4.482217e-18,613,4814
1.093841e-08,-1.551588e-02,2.695572e-02,2.500036e-02,-1.418532e+06,2.464413e+06,2.285613e+06,2.726331e-03,-4.778510e-03,-4.249483e-03,4.482217e-18,613,48129
0.000000e+00,2.223524e-07,6.360836e-08,2.690635e-07,0.000000e+00,0.000000e+00,0.000000e+00,-5.972822e+07,-2.091892e+07,-5.726151e+07,4.942803e-18,614,0
9.286364e-10,2.742572e-03,9.505582e-04,2.500378e-03,2.953991e+06,1.023843e+06,2.692882e+06,-6.410914e-01,-2.189425e-01,-4.579571e-01,4.942803e-18,614,4086
9.283864e-09,2.742448e-02,9.505218e-03,2.500048e-02,2.954085e+06,1.023875e+06,2.692949e+06,-5.904373e-03,-2.094299e-03,-4.888923e-03,4.942803e-18,614,40849
0.000000e+00,3.082815e-09,-2.244959e-07,2.530577e-07,0.000000e+00,0.000000e+00,0.000000e+00,-7.792204e+05,6.906821e+07,-5.361248e+07,5.157866e-18,615,0
9.954545e-10,2.955996e-05,-3.357090e-03,2.500425e-03,2.968984e+04,-3.373100e+06,2.512125e+06,1.829710e-03,5.983799e-01,-3.492523e-01,5.157866e-18,615,4380
9.951818e-09,2.954709e-04,-3.356850e-02,2.500033e-02,2.968956e+04,-3.373194e+06,2.512180e+06,1.442670e-05,5.318746e-03,-3.707225e-03,5.157866e-18,615,43788
0.000000e+00,6.940453e-08,1.842441e-07,2.097150e-07,0.000000e+00,0.000000e+00,0.000000e+00,-3.305865e+07,-8.508421e+07,-7.603897e+07,5.975001e-18,616,0
7.559091e-10,1.101464e-03,2.849490e-03,2.500307e-03,1.457297e+06,3.770052e+06,3.307904e+06,-2.269407e-01,-6.074155e-01,-4.453200e-01,5.975001e-18,616,3326
7.557727e-09,1.101389e-02,2.849310e-02,2.500037e-02,1.457325e+06,3.770124e+06,3.307957e+06,-2.211489e-03,-5.837400e-03,-4.554364e-03,5.975001e-18,616,33254
0.000000e+00,7.250343e-08,-2.276627e-08,4.655784e-07,0.000000e+00,0.000000e+00,0.000000e+00,-8.444291e+06,1.568866e+06,-4.807017e+07,3.961537e-18,617,0
8.827273e-10,5.449565e-04,-4.390905e-05,2.500053e-03,6.178051e+05,-4.972787e+04,2.833712e+06,-3.909292e-01,2.404516e-02,-1.597097e+00,3.961537e-18,617,3884
8.822500e-09,5.450546e-03,-4.387590e-04,2.500054e-02,6.178595e+05,-4.973120e+04,2.833935e+06,-3.998586e-03,4.583672e-04,-1.723291e-02,3.961537e-18,617,38819
0.000000e+00,-1.035997e-07,1.272056e-08,1.372361e-07,0.000000e+00,0.000000e+00,0.000000e+00,2.071486e+08,-2.394199e+07,-2.525705e+08,9.684077e-18,618,0
2.465909e-10,-2.052605e-03,2.371648e-04,2.501569e-03,-8.323750e+06,9.617491e+05,1.014433e+07,7.457957e-01,-8.185836e-02,-8.572164e-01,9.684077e-18,618,1085
2.464545e-09,-2.051436e-02,2.370286e-03,2.500129e-02,-8.323779e+06,9.617523e+05,1.014436e+07,7.421325e-03,-8.566207e-04,-8.604327e-03,9.684077e-18,618,10844
0.000000e+00,-2.422292e-07,-1.705833e-08,5.530542e-07,0.000000e+00,0.000000e+00,0.000000e+00,2.681376e+07,3.648934e+05,-3.262920e+07,3.040107e-18,619,0
1.178636e-09,-2.233307e-03,1.652197e-06,2.500251e-03,-1.895768e+06,1.400691e+03,2.121923e+06,6.410750e-01,1.356527e-02,-5.836528e-01,3.040107e-18,619,5186
1.178182e-08,-2.233552e-02,1.648182e-05,2.500034e-02,-1.895887e+06,1.398145e+03,2.122032e+06,5.563173e-03,2.322065e-04,-6.838221e-03,3.040107e-18,619,51840
0.000000e+00,1.131161e-07,-1.136846e-07,3.602489e-07,0.000000e+00,0.000000e+00,0.000000e+00,-2.635724e+07,2.362261e+07,-5.476847e+07,4.583912e-18,620,0
8.404545e-10,1.257477e-03,-1.173603e-03,2.500666e-03,1.496843e+06,-1.396990e+06,2.976301e+06,-6.235160e-01,5.708633e-01,-1.057131e+00,4.583912e-18,620,3698
8.399773e-09,1.257311e-02,-1.173437e-02,2.500035e-02,1.496926e+06,-1.397066e+06,2.976442e+06,-5.858634e-03,5.496397e-03,-1.091020e-02,4.583912e-18,620,36959
0.000000e+00,2.212109e-08,-1.027223e-07,6.395250e-07,0.000000e+00,0.000000e+00,0.000000e+00,-8.641010e+06,6.842605e+06,-3.210128e+07,2.895374e-18,621,0
1.110000e-09,6.000742e-04,-7.151740e-04,2.500451e-03,5.410680e+05,-6.448588e+05,2.253917e+06,-3.161593e-01,4.048051e-01,-1.127543e+00,2.895374e-18,621,4884
1.109182e-08,6.001374e-03,-7.152623e-03,2.500027e-02,5.411233e+05,-6.449296e+05,2.254115e+06,-2.940406e-03,3.797742e-03,-1.324091e-02,2.895374e-18,621,48804
0.000000e+00,-2.312675e-07,3.035537e-08,5.248901e-07,0.000000e+00,0.000000e+00,0.000000e+00,2.261338e+07,-4.302485e+06,-4.083678e+07,3.205579e-18,622,0
9.836364e-10,-1.524040e-03,2.602835e-04,2.500095e-03,-1.550245e+06,2.647705e+05,2.542650e+06,7.396395e-01,-1.359308e-01,-1.000142e+00,3.205579e-18,622,4328
9.832273e-09,-1.524243e-02,2.603296e-03,2.500022e-02,-1.550360e+06,2.647916e+05,2.542806e+06,6.307781e-03,-1.146177e-03,-1.086383e-02,3.205579e-18,622,43262
0.000000e+00,1.536963e-07,1.862642e-07,3.812751e-07,0.000000e+00,0.000000e+00,0.000000e+00,-2.459941e+07,-3.222993e+07,-3.770154e+07,3.995940e-18,623,0
1.202955e-09,1.759493e-03,2.336706e-03,2.500233e-03,1.463218e+06,1.943263e+06,2.078874e+06,-3.819277e-01,-5.133321e-01,-4.094688e-01,3.995940e-18,623,5293
1.202568e-08,1.759615e-02,2.336898e-02,2.500001e-02,1.463290e+06,1.943360e+06,2.078952e+06,-3.190191e-03,-4.304646e-03,-4.768169e-03,3.995940e-18,623,52913
0.000000e+00,4.230438e-08,1.044415e-07,3.388036e-07,0.000000e+00,0.000000e+00,0.000000e+00,-9.036294e+06,-2.760605e+07,-7.164534e+07,5.026000e-18,624,0
6.790909e-10,3.228886e-04,1.006263e-03,2.500158e-03,4.756320e+05,1.482336e+06,3.682724e+06,-2.188279e-01,-6.950390e-01,-1.574205e+00,5.026000e-18,624,2988
6.788636e-09,3.228903e-03,1.006304e-02,2.500078e-02,4.756555e+05,1.482410e+06,3.682893e+06,-2.209616e-03,-6.900105e-03,-1.608780e-02,5.026000e-18,624,29870
0.000000e+00,5.370410e-08,-3.280227e-08,3.210235e-07,0.000000e+00,0.000000e+00,0.000000e+00,-2.053566e+07,8.178627e+06,-8.682753e+07,5.448690e-18,625,0
5.915909e-10,6.080427e-04,-2.480142e-04,2.500486e-03,1.028150e+06,-4.193633e+05,4.227783e+06,-4.936383e-01,2.100853e-01,-1.846087e+00,5.448690e-18,625,2603
5.913409e-09,6.079875e-03,-2.479876e-03,2.500074e-02,1.028196e+06,-4.193829e+05,4.227956e+06,-4.851379e-03,2.028751e-03,-1.871051e-02,5.448690e-18,625,26019
0.000000e+00,7.295457e-08,5.237904e-08,5.084554e-07,0.000000e+00,0.000000e+00,0.000000e+00,-7.462836e+06,-8.706637e+06,-4.308166e+07,3.635025e-18,626,0
9.231818e-10,5.135966e-04,3.947419e-04,2.500390e-03,5.567062e+05,4.279562e+05,2.709919e+06,-3.357502e-01,-3.328132e-01,-1.499647e+00,3.635025e-18,626,4062
9.225455e-09,5.135859e-03,3.948085e-03,2.500038e-02,5.567551e+05,4.280047e+05,2.710138e+06,-3.110061e-03,-2.816850e-03,-1.606513e-02,3.635025e-18,626,40592
0.000000e+00,1.281746e-07,-8.027962e-09,3.017842e-07,0.000000e+00,0.000000e+00,0.000000e+00,-4.177379e+07,1.377231e+06,-7.952768e+07,5.407193e-18,627,0
6.547727e-10,1.362874e-03,-4.848875e-05,2.500056e-03,2.082053e+06,-7.407540e+04,3.819033e+06,-8.259681e-01,3.280642e-02,-1.333301e+00,5.407193e-18,627,2881
6.546136e-09,1.362942e-02,-4.849104e-04,2.500004e-02,2.082139e+06,-7.407879e+04,3.819171e+06,-7.858405e-03,1.840096e-04,-1.357630e-02,5.407193e-18,627,28803
0.000000e+00,-1.187653e-07,-1.843159e-07,5.152427e-07,0.000000e+00,0.000000e+00,0.000000e+00,1.401163e+07,2.004993e+07,-3.874574e+07,3.291695e-18,628,0
1.044318e-09,-9.935863e-04,-1.434012e-03,2.500346e-03,-9.519897e+05,-1.374031e+06,2.395136e+06,4.369392e-01,6.797874e-01,-8.714676e-01,3.291695e-18,628,4595
1.043795e-08,-9.936791e-03,-1.434203e-02,2.500050e-02,-9.520616e+05,-1.374143e+06,2.395280e+06,3.411658e-03,5.475043e-03,-9.844443e-03,3.291695e-18,628,45927
0.000000e+00,2.086198e-07,-1.250051e-08,4.270193e-07,0.000000e+00,0.000000e+00,0.000000e+00,-3.036448e+07,3.064586e+06,-3.901892e+07,3.855832e-18,629,0
1.112045e-09,2.158158e-03,-2.432528e-04,2.500226e-03,1.941776e+06,-2.188514e+05,2.249016e+06,-7.546651e-01,6.897226e-02,-6.298491e-01,3.855832e-18,629,4893
1.111614e-08,2.158495e-02,-2.432762e-03,2.500050e-02,1.941908e+06,-2.188634e+05,2.249127e+06,-5.880256e-03,4.576094e-04,-7.460841e-03,3.855832e-18,629,48911
0.000000e+00,1.258175e-07,-9.403167e-08,6.376283e-07,0.000000e+00,0.000000e+00,0.000000e+00,-6.964660e+06,1.014552e+07,-3.523762e+07,2.831769e-18,630,0
1.014091e-09,5.792230e-04,-7.275588e-04,2.500475e-03,5.715741e+05,-7.179743e+05,2.466882e+06,-3.500743e-01,4.329095e-01,-1.189609e+00,2.831769e-18,630,4462
1.013432e-08,5.792532e-03,-7.276170e-03,2.500044e-02,5.716300e+05,-7.180434e+05,2.467074e+06,-2.783650e-03,3.799417e-03,-1.380126e-02,2.831769e-18,630,44591
0.000000e+00,4.686995e-08,-1.322787e-07,4.427884e-07,0.000000e+00,0.000000e+00,0.000000e+00,-6.239983e+06,1.960901e+07,-4.826486e+07,3.989393e-18,631,0
8.861364e-10,3.110056e-04,-1.201812e-03,2.500081e-03,3.512067e+05,-1.357099e+06,2.822603e+06,-2.244389e-01,7.519962e-01,-1.342257e+00,3.989393e-18,631,3899
8.857045e-09,3.110649e-03,-1.201982e-02,2.500003e-02,3.512381e+05,-1.357204e+06,2.822791e+06,-2.099457e-03,6.710565e-03,-1.408143e-02,3.989393e-18,631,38971
0.000000e+00,-1.846069e-07,-7.548228e-08,3.464807e-07,0.000000e+00,0.000000e+00,0.000000e+00,3.960998e+07,1.741748e+07,-5.312849e+07,4.478588e-18,632,0
9.079545e-10,-1.991054e-03,-8.847466e-04,2.500347e-03,-2.193695e+06,-9.748069e+05,2.754475e+06,7.254199e-01,3.283464e-01,-7.440505e-01,4.478588e-18,632,3995
9.076136e-09,-1.991026e-02,-8.847465e-03,2.500012e-02,-2.193799e+06,-9.748540e+05,2.754582e+06,6.842180e-03,3.048403e-03,-7.872834e-03,4.478588e-18,632,39935
0.000000e+00,-1.226729e-07,-7.022012e-08,4.669521e-07,0.000000e+00,0.000000e+00,0.000000e+00,5.803047e+06,2.120539e+07,-4.367825e+07,3.816676e-18,633,0
9.579545e-10,-4.268985e-04,-1.266442e-03,2.500188e-03,-4.458859e+05,-1.322929e+06,2.611115e+06,2.525844e-01,6.913952e-01,-1.177762e+00,3.816676e-18,633,4215
9.574545e-09,-4.269188e-03,-1.266633e-02,2.500037e-02,-4.459241e+05,-1.323034e+06,2.611294e+06,2.019704e-03,5.827151e-03,-1.255875e-02,3.816676e-18,633,42128
0.000000e+00,-1.077254e-07,5.711273e-08,6.653841e-07,0.000000e+00,0.000000e+00,0.000000e+00,8.992549e+06,-4.217999e+06,-3.750077e+07,2.748431e-18,634,0
9.400000e-10,-6.566060e-04,3.996322e-04,2.500565e-03,-6.990404e+05,4.255603e+05,2.661467e+06,4.422283e-01,-2.686326e-01,-1.391271e+00,2.748431e-18,634,4136
9.393409e-09,-6.566340e-03,3.997346e-03,2.500048e-02,-6.991060e+05,4.256001e+05,2.661674e+06,3.705210e-03,-2.630752e-03,-1.531952e-02,2.748431e-18,634,41331
0.000000e+00,5.990105e-08,-2.801730e-07,3.658931e-07,0.000000e+00,0.000000e+00,0.000000e+00,-8.519676e+06,4.411946e+07,-3.602669e+07,3.850606e-18,635,0
1.381591e-09,6.949001e-04,-3.503261e-03,2.500320e-03,5.031228e+05,-2.536503e+06,1.809981e+06,-9.105314e-02,4.877797e-01,-2.325958e-01,3.850606e-18,635,6079
1.381227e-08,6.949264e-03,-3.503481e-02,2.500014e-02,5.031426e+05,-2.536609e+06,1.810033e+06,-8.188354e-04,4.245235e-03,-3.027650e-03,3.850606e-18,635,60774
0.000000e+00,-2.316624e-07,-1.133331e-07,4.036197e-07,0.000000e+00,0.000000e+00,0.000000e+00,3.524679e+07,1.677984e+07,-3.877027e+07,3.758634e-18,636,0
1.027955e-09,-2.076206e-03,-8.422507e-04,2.500406e-03,-2.020597e+06,-8.196741e+05,2.433107e+06,7.009078e-01,2.963990e-01,-6.654128e-01,3.758634e-18,636,4523
1.027500e-08,-2.076163e-02,-8.422183e-03,2.500029e-02,-2.020710e+06,-8.197222e+05,2.433216e+06,6.053500e-03,2.478854e-03,-7.338450e-03,3.758634e-18,636,45210
0.000000e+00,8.554425e-09,-2.537245e-07,2.924076e-07,0.000000e+00,0.000000e+00,0.000000e+00,-3.829279e+06,5.869870e+07,-4.162686e+07,4.560905e-18,637,0
1.216364e-09,2.700852e-04,-3.741166e-03,2.500371e-03,2.221051e+05,-3.076455e+06,2.055845e+06,-3.456967e-02,5.140970e-01,-2.430236e-01,4.560905e-18,637,5352
1.216045e-08,2.700883e-03,-3.741106e-02,2.500015e-02,2.221117e+05,-3.076553e+06,2.055892e+06,-2.956278e-04,4.324526e-03,-2.840980e-03,4.560905e-18,637,53506
0.000000e+00,-1.933750e-08,1.677670e-07,4.476343e-07,0.000000e+00,0.000000e+00,0.000000e+00,3.122358e+06,-2.426279e+07,-4.361020e+07,3.845069e-18,638,0
9.881818e-10,-2.769845e-04,1.599999e-03,2.500513e-03,-2.804792e+05,1.620103e+06,2.531424e+06,1.326253e-01,-7.653788e-01,-9.819202e-01,3.845069e-18,638,4348
9.875909e-09,-2.769959e-03,1.599991e-02,2.500024e-02,-2.804999e+05,1.620223e+06,2.531577e+06,1.033112e-03,-6.618633e-03,-1.066624e-02,3.845069e-18,638,43454
0.000000e+00,5.547184e-08,1.342887e-07,2.622026e-07,0.000000e+00,0.000000e+00,0.000000e+00,-2.135036e+07,-5.758330e+07,-8.763605e+07,5.825507e-18,639,0
6.322727e-10,6.194738e-04,1.679212e-03,2.500172e-03,9.799293e+05,2.656364e+06,3.954807e+06,-2.801952e-01,-8.058806e-01,-1.043687e+00,5.825507e-18,639,2782
6.321591e-09,6.194735e-03,1.679249e-02,2.500082e-02,9.799573e+05,2.656444e+06,3.954911e+06,-2.744441e-03,-7.854536e-03,-1.056790e-02,5.825507e-18,639,27815
0.000000e+00,2.771674e-07,1.560793e-08,4.109794e-07,0.000000e+00,0.000000e+00,0.000000e+00,-3.928707e+07,-2.122323e+05,-3.201132e+07,3.648251e-18,640,0
1.382500e-09,3.372473e-03,-6.233894e-07,2.500142e-03,2.440350e+06,-4.679044e+02,1.808729e+06,-5.374331e-01,2.183956e-03,-2.671253e-01,3.648251e-18,640,6083
1.382182e-08,3.372997e-02,-6.448660e-06,2.500010e-02,2.440467e+06,-4.683790e+02,1.808788e+06,-4.547304e-03,5.169562e-05,-3.395198e-03,3.648251e-18,640,60816
0.000000e+00,-4.998836e-08,9.062759e-08,3.021638e-07,0.000000e+00,0.000000e+00,0.000000e+00,1.941585e+07,-3.251297e+07,-8.523226e+07,5.534348e-18,641,0
6.150000e-10,-5.883806e-04,9.862590e-04,2.500386e-03,-9.570182e+05,1.604144e+06,4.066575e+06,4.218040e-01,-6.814724e-01,-1.543982e+00,5.534348e-18,641,2706
6.147727e-09,-5.883489e-03,9.861854e-03,2.500032e-02,-9.570591e+05,1.604210e+06,4.066725e+06,4.110768e-03,-6.696764e-03,-1.562271e-02,5.534348e-18,641,27050
0.000000e+00,-1.739482e-07,4.217326e-08,1.855134e-07,0.000000e+00,0.000000e+00,0.000000e+00,1.124348e+08,-2.679058e+07,-9.726064e+07,6.617200e-18,642,0
6.143182e-10,-2.916167e-03,6.947584e-04,2.500056e-03,-4.747270e+06,1.131005e+06,4.069748e+06,6.279964e-01,-1.489666e-01,-4.617954e-01,6.617200e-18,642,2703
6.142955e-09,-2.916238e-02,6.947742e-03,2.500042e-02,-4.747331e+06,1.131020e+06,4.069793e+06,6.151071e-03,-1.454356e-03,-4.713416e-03,6.617200e-18,642,27029
0.000000e+00,1.373502e-07,8.532893e-08,4.252608e-07,0.000000e+00,0.000000e+00,0.000000e+00,-2.210659e+07,-1.394023e+07,-4.658668e+07,4.041932e-18,643,0
9.038636e-10,1.322745e-03,6.987139e-04,2.500600e-03,1.464302e+06,7.734128e+05,2.767781e+06,-7.289154e-01,-4.000057e-01,-1.212960e+00,4.041932e-18,643,3977
9.032500e-09,1.322622e-02,6.985889e-03,2.500005e-02,1.464406e+06,7.734699e+05,2.767954e+06,-6.759667e-03,-3.520582e-03,-1.275695e-02,4.041932e-18,643,39743
0.000000e+00,1.271500e-07,-2.250459e-07,4.606441e-07,0.000000e+00,0.000000e+00,0.000000e+00,-1.238783e+07,2.854096e+07,-3.904189e+07,3.474371e-18,644,0
1.090909e-09,9.039360e-04,-2.011522e-03,2.500519e-03,8.290022e+05,-1.844813e+06,2.292819e+06,-3.076575e-01,6.824366e-01,-6.508957e-01,3.474371e-18,644,4800
1.090364e-08,9.039139e-03,-2.011512e-02,2.500024e-02,8.290551e+05,-1.844930e+06,2.292932e+06,-2.583068e-03,5.713374e-03,-7.337559e-03,3.474371e-18,644,47976
0.000000e+00,-1.654297e-07,7.759291e-08,5.881266e-07,0.000000e+00,0.000000e+00,0.000000e+00,1.342489e+07,-5.644834e+06,-3.547620e+07,3.021516e-18,645,0
1.058636e-09,-1.120555e-03,3.954308e-04,2.500219e-03,-1.059305e+06,3.737963e+05,2.362840e+06,6.287932e-01,-2.289146e-01,-1.051473e+00,3.021516e-18,645,4658
1.058045e-08,-1.120789e-02,3.954953e-03,2.500013e-02,-1.059410e+06,3.738345e+05,2.363016e+06,5.289988e-03,-1.704976e-03,-1.221704e-02,3.021516e-18,645,46554
0.000000e+00,9.630446e-08,-1.564881e-07,2.493785e-07,0.000000e+00,0.000000e+00,0.000000e+00,-3.680831e+07,6.046565e+07,-7.564973e+07,5.620484e-18,646,0
7.329545e-10,1.248321e-03,-2.048134e-03,2.500626e-03,1.703438e+06,-2.794849e+06,3.412107e+06,-4.013969e-01,6.571963e-01,-6.852799e-01,5.620484e-18,646,3225
7.326818e-09,1.248081e-02,-2.047740e-02,2.500003e-02,1.703484e+06,-2.794925e+06,3.412187e+06,-3.922723e-03,6.358185e-03,-7.022282e-03,5.620484e-18,646,32238
0.000000e+00,-1.208721e-07,1.181136e-07,2.867337e-07,0.000000e+00,0.000000e+00,0.000000e+00,3.833428e+07,-4.006327e+07,-7.156777e+07,5.284888e-18,647,0
7.402273e-10,-1.384708e-03,1.448255e-03,2.500733e-03,-1.871111e+06,1.956997e+06,3.378913e+06,5.666227e-01,-5.975946e-01,-8.819364e-01,5.284888e-18,647,3257
7.398864e-09,-1.384412e-02,1.447957e-02,2.500025e-02,-1.871178e+06,1.957067e+06,3.379016e+06,5.557662e-03,-5.704949e-03,-9.048247e-03,5.284888e-18,647,32555
0.000000e+00,7.034289e-08,-1.921596e-07,3.603711e-07,0.000000e+00,0.000000e+00,0.000000e+00,-1.363893e+07,3.762193e+07,-4.672196e+07,4.367854e-18,648,0
1.011136e-09,8.438190e-04,-2.209363e-03,2.500236e-03,8.348942e+05,-2.185907e+06,2.473354e+06,-2.848482e-01,6.940985e-01,-6.555836e-01,4.367854e-18,648,4449
1.010773e-08,8.438852e-03,-2.209450e-02,2.500011e-02,8.349396e+05,-2.186018e+06,2.473459e+06,-2.375289e-03,6.005008e-03,-7.185923e-03,4.367854e-18,648,44474
0.000000e+00,-2.838481e-08,2.700126e-07,5.105254e-07,0.000000e+00,0.000000e+00,0.000000e+00,-3.607420e+06,-3.007829e+07,-3.110593e+07,3.162319e-18,649,0
1.265909e-09,-1.799123e-06,2.890622e-03,2.500338e-03,-1.438545e+03,2.284444e+06,1.975605e+06,5.546557e-03,-6.094738e-01,-4.271132e-01,3.162319e-18,649,5570
1.265432e-08,-1.819222e-05,2.890795e-02,2.500014e-02,-1.439617e+03,2.284565e+06,1.975691e+06,-3.870475e-05,-5.292162e-03,-5.021038e-03,3.162319e-18,649,55679
0.000000e+00,-1.407657e-07,-1.618518e-07,3.693089e-07,0.000000e+00,0.000000e+00,0.000000e+00,2.448743e+07,2.980840e+07,-4.350611e+07,4.215996e-18,650,0
1.080455e-09,-1.691387e-03,-1.955772e-03,2.500358e-03,-1.566113e+06,-1.810859e+06,2.314691e+06,4.792255e-01,5.203487e-01,-5.099433e-01,4.215996e-18,650,4754
1.080068e-08,-1.691502e-02,-1.955844e-02,2.500038e-02,-1.566195e+06,-1.810947e+06,2.314778e+06,4.029199e-03,4.581172e-03,-5.719665e-03,4.215996e-18,650,47523
0.000000e+00,2.079467e-07,6.382478e-08,2.227017e-07,0.000000e+00,0.000000e+00,0.000000e+00,-7.490485e+07,-2.888531e+07,-6.235840e+07,5.557691e-18,651,0
8.975000e-10,3.104517e-03,1.187784e-03,2.500267e-03,3.459590e+06,1.323641e+06,2.786040e+06,-5.584884e-01,-2.060963e-01,-3.508534e-01,5.557691e-18,651,3949
8.973409e-09,3.104438e-02,1.187758e-02,2.500041e-02,3.459669e+06,1.323670e+06,2.786090e+06,-5.185872e-03,-2.048123e-03,-3.720347e-03,5.557691e-18,651,39483
0.000000e+00,-3.949274e-08,5.751511e-08,6.713313e-07,0.000000e+00,0.000000e+00,0.000000e+00,3.452830e+06,-4.801372e+06,-3.645465e+07,2.763423e-18,652,0
9.629545e-10,-3.335452e-04,3.579892e-04,2.500218e-03,-3.467311e+05,3.720753e+05,2.597697e+06,2.783881e-01,-2.675497e-01,-1.388405e+00,2.763423e-18,652,4237
9.623864e-09,-3.336855e-03,3.580791e-03,2.500015e-02,-3.467733e+05,3.721159e+05,2.597909e+06,1.874662e-03,-1.914890e-03,-1.575003e-02,2.763423e-18,652,42345
0.000000e+00,1.511390e-07,-2.898571e-08,4.578854e-07,0.000000e+00,0.000000e+00,0.000000e+00,-2.254731e+07,4.756614e+06,-4.237207e+07,3.852746e-18,653,0
1.000000e-09,1.369885e-03,-2.130440e-04,2.500416e-03,1.370693e+06,-2.130947e+05,2.501527e+06,-6.621464e-01,7.035439e-02,-1.054583e+00,3.852746e-18,653,4400
9.993864e-09,1.369849e-02,-2.129671e-03,2.500005e-02,1.370798e+06,-2.131058e+05,2.501694e+06,-5.398745e-03,6.997057e-04,-1.169553e-02,3.852746e-18,653,43973
0.000000e+00,8.779200e-08,7.039176e-08,3.230725e-07,0.000000e+00,0.000000e+00,0.000000e+00,-3.034552e+07,-1.863066e+07,-7.021603e+07,5.226959e-18,654,0
6.977273e-10,1.116339e-03,7.025576e-04,2.500249e-03,1.600547e+06,1.007293e+06,3.584389e+06,-6.717610e-01,-4.457309e-01,-1.357454e+00,5.226959e-18,654,3070
6.974773e-09,1.116343e-02,7.025639e-03,2.500040e-02,1.600621e+06,1.007342e+06,3.584539e+06,-6.582966e-03,-4.266372e-03,-1.394759e-02,5.226959e-18,654,30689
0.000000e+00,8.874389e-08,-6.631662e-08,4.617688e-07,0.000000e+00,0.000000e+00,0.000000e+00,-1.258223e+07,8.979086e+06,-4.857688e+07,3.928009e-18,655,0
8.800000e-10,6.952662e-04,-5.235955e-04,2.500187e-03,7.906183e+05,-5.953332e+05,2.842510e+06,-5.009488e-01,3.170922e-01,-1.480370e+00,3.928009e-18,655,3872
8.795227e-09,6.953645e-03,-5.236081e-03,2.500065e-02,7.906879e+05,-5.953772e+05,2.842716e+06,-4.215288e-03,2.483323e-03,-1.581327e-02,3.928009e-18,655,38699
0.000000e+00,8.773025e-08,2.724334e-08,5.271467e-07,0.000000e+00,0.000000e+00,0.000000e+00,-1.182260e+07,-3.142894e+06,-4.219446e+07,3.518195e-18,656,0
9.527273e-10,7.577161e-04,1.932253e-04,2.500177e-03,7.959378e+05,2.029453e+05,2.625464e+06,-5.170826e-01,-1.133705e-01,-1.288229e+00,3.518195e-18,656,4192
9.522273e-09,7.579093e-03,1.932495e-03,2.500058e-02,7.960155e+05,2.029623e+05,2.625658e+06,-4.438228e-03,-7.486600e-04,-1.484370e-02,3.518195e-18,656,41898
0.000000e+00,2.066987e-07,1.017321e-07,3.953474e-07,0.000000e+00,0.000000e+00,0.000000e+00,-3.438586e+07,-1.087099e+07,-3.543154e+07,3.977917e-18,657,0
1.256364e-09,2.612744e-03,9.107091e-04,2.500408e-03,2.080486e+06,7.251588e+05,1.990667e+06,-5.488527e-01,-1.809719e-01,-4.006139e-01,3.977917e-18,657,5528
1.255864e-08,2.612799e-02,9.106987e-03,2.500022e-02,2.080595e+06,7.251945e+05,1.990747e+06,-4.885389e-03,-1.753800e-03,-5.003113e-03,3.977917e-18,657,55258
0.000000e+00,-1.214991e-07,-1.063328e-07,4.150458e-07,0.000000e+00,0.000000e+00,0.000000e+00,2.137439e+07,1.950362e+07,-4.626964e+07,4.107144e-18,658,0
9.502273e-10,-1.267645e-03,-1.132010e-03,2.500113e-03,-1.334799e+06,-1.191951e+06,2.632049e+06,6.256518e-01,5.370141e-01,-9.852953e-01,4.107144e-18,658,4181
9.498409e-09,-1.267842e-02,-1.132159e-02,2.500039e-02,-1.334893e+06,-1.192031e+06,2.632197e+06,5.478744e-03,4.731714e-03,-1.045247e-02,4.107144e-18,658,41793
0.000000e+00,-9.048507e-08,-1.086225e-07,4.636887e-07,0.000000e+00,0.000000e+00,0.000000e+00,1.262216e+07,1.779150e+07,-4.197942e+07,3.828152e-18,659,0
1.037500e-09,-9.485771e-04,-1.180012e-03,2.500171e-03,-9.149744e+05,-1.138002e+06,2.410795e+06,4.998600e-01,4.837014e-01,-9.500000e-01,3.828152e-18,659,4565
1.037000e-08,-9.488207e-03,-1.180102e-02,2.500012e-02,-9.150561e+05,-1.138081e+06,2.410951e+06,3.955963e-03,3.901945e-03,-1.101042e-02,3.828152e-18,659,45628
0.000000e+00,2.002493e-07,8.513238e-08,3.609730e-07,0.000000e+00,0.000000e+00,0.000000e+00,-3.070734e+07,-1.009620e+07,-4.533871e+07,4.284042e-18,660,0
9.986364e-10,1.899674e-03,6.485177e-04,2.500332e-03,1.903226e+06,6.497511e+05,2.504610e+06,-7.671719e-01,-2.816279e-01,-8.059775e-01,4.284042e-18,660,4394
9.981591e-09,1.899717e-02,6.485533e-03,2.500008e-02,1.903347e+06,6.497955e+05,2.504738e+06,-6.604675e-03,-2.492768e-03,-8.780492e-03,4.284042e-18,660,43919
0.000000e+00,2.772200e-07,-1.625586e-08,4.338180e-07,0.000000e+00,0.000000e+00,0.000000e+00,-3.693107e+07,5.842787e+06,-3.279535e+07,3.524716e-18,661,0
1.322727e-09,3.093347e-03,-3.790921e-04,2.500209e-03,2.339588e+06,-2.866913e+05,1.890559e+06,-5.832403e-01,5.632263e-02,-3.237607e-01,3.524716e-18,661,5820
1.322364e-08,3.093777e-02,-3.791095e-03,2.500025e-02,2.339709e+06,-2.867030e+05,1.890627e+06,-4.934034e-03,6.170207e-04,-3.988840e-03,3.524716e-18,661,58184
0.000000e+00,2.773226e-07,2.175269e-08,3.229949e-07,0.000000e+00,0.000000e+00,0.000000e+00,-5.002416e+07,-3.156308e+06,-3.828905e+07,4.152111e-18,662,0
1.272727e-09,3.550383e-03,2.200356e-04,2.500377e-03,2.790417e+06,1.729285e+05,1.964863e+06,-5.337451e-01,-3.117053e-02,-2.630223e-01,4.152111e-18,662,5600
1.272364e-08,3.550421e-02,2.200284e-03,2.500034e-02,2.790524e+06,1.729348e+05,1.964916e+06,-4.563489e-03,-2.793221e-04,-3.117727e-03,4.152111e-18,662,55984
0.000000e+00,9.587728e-08,1.657643e-07,1.794642e-07,0.000000e+00,0.000000e+00,0.000000e+00,-5.708115e+07,-9.893667e+07,-8.755694e+07,6.484189e-18,663,0
6.786364e-10,1.646732e-03,2.854859e-03,2.500554e-03,2.426682e+06,4.207022e+06,3.684788e+06,-2.962354e-01,-5.157614e-01,-3.841722e-01,6.484189e-18,663,2986
6.784773e-09,1.646454e-02,2.854379e-02,2.500058e-02,2.426714e+06,4.207077e+06,3.684830e+06,-2.887413e-03,-5.007530e-03,-3.910116e-03,6.484189e-18,663,29853
0.000000e+00,-1.576450e-07,8.553985e-08,4.149186e-07,0.000000e+00,0.000000e+00,0.000000e+00,2.507935e+07,-1.873567e+07,-4.606843e+07,4.055090e-18,664,0
9.486364e-10,-1.443586e-03,1.099886e-03,2.500564e-03,-1.522488e+06,1.160053e+06,2.636872e+06,6.341082e-01,-4.946607e-01,-9.327630e-01,4.055090e-18,664,4174
9.480909e-09,-1.443454e-02,1.099830e-02,2.500006e-02,-1.522583e+06,1.160128e+06,2.637012e+06,5.604933e-03,-4.334215e-03,-9.815317e-03,4.055090e-18,664,41716
0.000000e+00,1.612667e-07,-2.190938e-07,4.612764e-07,0.000000e+00,0.000000e+00,0.000000e+00,-2.037658e+07,2.481318e+07,-3.685433e+07,3.418976e-18,665,0
1.164773e-09,1.534073e-03,-1.871727e-03,2.500280e-03,1.317681e+06,-1.607733e+06,2.147140e+06,-4.355052e-01,5.612408e-01,-5.333763e-01,3.418976e-18,665,5125
1.164341e-08,1.534227e-02,-1.871948e-02,2.500023e-02,1.317761e+06,-1.607836e+06,2.147239e+06,-3.469209e-03,4.780751e-03,-6.328496e-03,3.418976e-18,665,51231
0.000000e+00,-2.481270e-07,-2.209189e-08,3.453859e-07,0.000000e+00,0.000000e+00,0.000000e+00,4.824741e+07,1.734929e+06,-4.158308e+07,4.185130e-18,666,0
1.161818e-09,-3.107451e-03,-1.190199e-04,2.500353e-03,-2.675510e+06,-1.024750e+05,2.152460e+06,6.095350e-01,2.953616e-02,-3.559325e-01,4.185130e-18,666,5112
1.161477e-08,-3.107540e-02,-1.190233e-03,2.500048e-02,-2.675621e+06,-1.024804e+05,2.152525e+06,5.093331e-03,2.894380e-04,-4.068603e-03,4.185130e-18,666,51105
0.000000e+00,-1.538092e-07,6.583404e-08,4.143337e-07,0.000000e+00,0.000000e+00,0.000000e+00,2.314837e+07,-1.144751e+07,-4.778942e+07,4.109093e-18,667,0
9.061364e-10,-1.317493e-03,6.192150e-04,2.500212e-03,-1.454791e+06,6.837650e+05,2.760265e+06,7.515896e-01,-3.844010e-01,-1.098771e+00,4.109093e-18,667,3987
9.057273e-09,-1.317642e-02,6.193048e-03,2.500057e-02,-1.454899e+06,6.838200e+05,2.760422e+06,6.293057e-03,-3.062459e-03,-1.208180e-02,4.109093e-18,667,39852
0.000000e+00,6.009579e-09,-1.427277e-07,5.535203e-07,0.000000e+00,0.000000e+00,0.000000e+00,-1.196045e+06,1.659240e+07,-4.254537e+07,3.280494e-18,668,0
8.834091e-10,-1.007074e-04,-9.273468e-04,2.500212e-03,-1.141429e+05,-1.050422e+06,2.831571e+06,9.282824e-02,6.583933e-01,-1.511773e+00,3.280494e-18,668,3887
8.829091e-09,-1.007736e-03,-9.274269e-03,2.500036e-02,-1.141558e+05,-1.050514e+06,2.831783e+06,5.055967e-04,5.959713e-03,-1.591995e-02,3.280494e-18,668,38848
0.000000e+00,2.090578e-07,-1.222495e-07,3.027020e-07,0.000000e+00,0.000000e+00,0.000000e+00,-5.064209e+07,2.742168e+07,-4.461302e+07,4.563034e-18,669,0
1.139091e-09,3.023361e-03,-1.639657e-03,2.500332e-03,2.654881e+06,-1.439808e+06,2.195300e+06,-5.019585e-01,2.694639e-01,-3.005675e-01,4.563034e-18,669,5012
1.138795e-08,3.023364e-02,-1.639646e-02,2.500012e-02,2.654971e+06,-1.439856e+06,2.195354e+06,-4.303093e-03,2.293860e-03,-3.372275e-03,4.563034e-18,669,50107
0.000000e+00,-2.622555e-08,2.109723e-07,2.444542e-07,0.000000e+00,0.000000e+00,0.000000e+00,9.311372e+06,-7.285424e+07,-6.301585e+07,5.355033e-18,670,0
8.795455e-10,-3.941746e-04,3.017796e-03,2.500255e-03,-4.482348e+05,3.431700e+06,2.842928e+06,7.832413e-02,-6.494534e-01,-4.094955e-01,5.355033e-18,670,3870
8.793864e-09,-3.941719e-03,3.017795e-02,2.500046e-02,-4.482457e+05,3.431791e+06,2.842985e+06,7.933755e-04,-6.029674e-03,-4.471356e-03,5.355033e-18,670,38693
0.000000e+00,-4.214218e-09,-6.297546e-08,4.040256e-07,0.000000e+00,0.000000e+00,0.000000e+00,2.430977e+06,1.000536e+07,-6.019030e+07,4.488068e-18,671,0
7.329545e-10,-1.534744e-04,-4.492435e-04,2.500248e-03,-2.095564e+05,-6.132304e+05,3.412726e+06,1.458976e-01,3.540377e-01,-1.910738e+00,4.488068e-18,671,3225
7.325682e-09,-1.535115e-03,-4.492328e-03,2.500063e-02,-2.095733e+05,-6.132714e+05,3.412947e+06,1.411438e-03,3.490957e-03,-1.950764e-02,4.488068e-18,671,32233
0.000000e+00,-1.121442e-07,5.863943e-08,3.776115e-07,0.000000e+00,0.000000e+00,0.000000e+00,2.227216e+07,-1.261802e+07,-5.635406e+07,4.555923e-18,672,0
8.047727e-10,-1.083750e-03,5.981802e-04,2.500436e-03,-1.347364e+06,7.436835e+05,3.108231e+06,7.111452e-01,-3.852094e-01,-1.400159e+00,4.555923e-18,672,3541
8.043182e-09,-1.083706e-02,5.981559e-03,2.500015e-02,-1.347454e+06,7.437324e+05,3.108409e+06,6.788711e-03,-3.757263e-03,-1.446422e-02,4.555923e-18,672,35390
0.000000e+00,-5.109148e-08,2.527725e-07,3.162232e-07,0.000000e+00,0.000000e+00,0.000000e+00,1.077465e+07,-4.748478e+07,-4.861654e+07,4.335054e-18,673,0
1.014545e-09,-5.845506e-04,2.613377e-03,2.500458e-03,-5.763645e+05,2.576714e+06,2.465111e+06,1.628577e-01,-6.877113e-01,-5.266980e-01,4.335054e-18,673,4464
1.014159e-08,-5.845253e-03,2.613199e-02,2.500027e-02,-5.763906e+05,2.576824e+06,2.465195e+06,1.405070e-03,-6.168231e-03,-5.670921e-03,4.335054e-18,673,44623
0.000000e+00,-1.280930e-07,1.524252e-07,5.249922e-07,0.000000e+00,0.000000e+00,0.000000e+00,1.186999e+07,-1.080273e+07,-3.746007e+07,3.308659e-18,674,0
1.050682e-09,-8.545026e-04,8.857049e-04,2.500156e-03,-8.138718e+05,8.435063e+05,2.380655e+06,4.656359e-01,-4.192829e-01,-1.025666e+00,3.308659e-18,674,4623
1.050136e-08,-8.546750e-03,8.857958e-03,2.500030e-02,-8.139489e+05,8.435757e+05,2.380826e+06,3.779089e-03,-3.876668e-03,-1.205453e-02,3.308659e-18,674,46206
0.000000e+00,4.041011e-08,2.009124e-07,2.411204e-07,0.000000e+00,0.000000e+00,0.000000e+00,1.212378e+07,-7.169599e+07,-6.790165e+07,5.500141e-18,675,0
8.068182e-10,-4.236399e-04,2.698225e-03,2.500641e-03,-5.252484e+05,3.344865e+06,3.099764e+06,1.158191e-01,-6.956285e-01,-5.592555e-01,5.500141e-18,675,3550
8.065227e-09,-4.236196e-03,2.697715e-02,2.500043e-02,-5.252632e+05,3.344953e+06,3.099836e+06,1.129041e-03,-6.606527e-03,-5.789676e-03,5.500141e-18,675,35487
0.000000e+00,2.552108e-08,1.541777e-07,4.151535e-07,0.000000e+00,0.000000e+00,0.000000e+00,-9.545735e+05,-2.820951e+07,-5.213954e+07,4.132792e-18,676,0
8.327273e-10,4.048747e-05,1.454198e-03,2.500146e-03,4.860121e+04,1.747181e+06,3.003418e+06,-7.120942e-03,-8.326744e-01,-1.216404e+00,4.132792e-18,676,3664
8.323864e-09,4.045718e-04,1.454325e-02,2.500015e-02,4.860219e+04,1.747291e+06,3.003578e+06,-1.874877e-04,-7.823601e-03,-1.266683e-02,4.132792e-18,676,36625
0.000000e+00,2.083863e-07,-1.409878e-07,4.601336e-07,0.000000e+00,0.000000e+00,0.000000e+00,-2.581060e+07,1.668001e+07,-3.464543e+07,3.497936e-18,677,0
1.225000e-09,2.063239e-03,-1.300687e-03,2.500302e-03,1.685131e+06,-1.062297e+06,2.041624e+06,-5.557580e-01,3.396765e-01,-4.915324e-01,3.497936e-18,677,5390
1.224523e-08,2.063474e-02,-1.300804e-02,2.500033e-02,1.685238e+06,-1.062363e+06,2.041720e+06,-4.656522e-03,3.019465e-03,-6.035123e-03,3.497936e-18,677,53879
0.000000e+00,-1.399404e-08,-2.098109e-07,2.663477e-07,0.000000e+00,0.000000e+00,0.000000e+00,8.411915e+06,6.064804e+07,-5.838625e+07,5.162726e-18,678,0
8.936364e-10,-3.779328e-04,-2.706157e-03,2.500186e-03,-4.230466e+05,-3.028981e+06,2.798212e+06,1.103186e-01,7.112802e-01,-5.458471e-01,5.162726e-18,678,3932
8.934318e-09,-3.779620e-03,-2.706189e-02,2.500023e-02,-4.230622e+05,-3.029081e+06,2.798289e+06,9.735483e-04,6.641678e-03,-5.623128e-03,5.162726e-18,678,39311
0.000000e+00,1.239515e-07,2.456645e-07,4.168808e-07,0.000000e+00,0.000000e+00,0.000000e+00,-1.331997e+07,-3.534473e+07,-3.224469e+07,3.618183e-18,679,0
1.352500e-09,1.139280e-03,2.941952e-03,2.500402e-03,8.426771e+05,2.176079e+06,1.849095e+06,-2.005422e-01,-5.151455e-01,-3.106520e-01,3.618183e-18,679,5951
1.352023e-08,1.139318e-02,2.942099e-02,2.500035e-02,8.427198e+05,2.176189e+06,1.849162e+06,-1.748581e-03,-4.526843e-03,-3.834865e-03,3.618183e-18,679,59489
0.000000e+00,-1.186428e-08,-2.731610e-08,5.641535e-07,0.000000e+00,0.000000e+00,0.000000e+00,1.274946e+06,3.080449e+06,-4.173769e+07,3.346232e-18,680,0
9.215909e-10,-1.318148e-04,-2.048402e-04,2.500480e-03,-1.432358e+05,-2.224823e+05,2.714639e+06,1.597650e-01,1.995015e-01,-1.505207e+00,3.346232e-18,680,4055
9.209318e-09,-1.319074e-03,-2.048912e-03,2.500017e-02,-1.432590e+05,-2.225113e+05,2.714859e+06,1.116655e-03,1.690651e-03,-1.700935e-02,3.346232e-18,680,40521
0.000000e+00,-5.979596e-08,-2.475144e-07,3.397938e-07,0.000000e+00,0.000000e+00,0.000000e+00,1.372272e+07,4.593270e+07,-4.107747e+07,4.203815e-18,681,0
1.177045e-09,-8.981992e-04,-3.029356e-03,2.500115e-03,-7.633429e+05,-2.574519e+06,2.124414e+06,1.637638e-01,5.732683e-01,-3.464153e-01,4.203815e-18,681,5179
1.176795e-08,-8.982961e-03,-3.029678e-02,2.500016e-02,-7.633732e+05,-2.574625e+06,2.124479e+06,1.375164e-03,4.790978e-03,-4.044132e-03,4.203815e-18,681,51779
0.000000e+00,-2.247327e-07,-2.557940e-08,5.601024e-07,0.000000e+00,0.000000e+00,0.000000e+00,2.022935e+07,4.273686e+06,-3.700802e+07,3.051898e-18,682,0
1.049318e-09,-1.505189e-03,-3.960499e-04,2.500083e-03,-1.435331e+06,-3.777333e+05,2.383466e+06,7.047916e-01,2.025834e-01,-8.791726e-01,3.051898e-18,682,4617
1.048886e-08,-1.505498e-02,-3.961943e-03,2.500006e-02,-1.435448e+06,-3.777668e+05,2.383612e+06,6.174772e-03,1.612453e-03,-1.041390e-02,3.051898e-18,682,46151
0.000000e+00,-2.325340e-07,-3.886083e-08,4.224592e-07,0.000000e+00,0.000000e+00,0.000000e+00,3.433755e+07,6.602380e+06,-3.924441e+07,3.748925e-18,683,0
1.136818e-09,-2.410457e-03,-4.831476e-04,2.500162e-03,-2.121309e+06,-4.252161e+05,2.199806e+06,6.739955e-01,1.459184e-01,-5.157877e-01,3.748925e-18,683,5002
1.136477e-08,-2.410814e-02,-4.832460e-03,2.500047e-02,-2.121430e+06,-4.252423e+05,2.199900e+06,5.889142e-03,1.331381e-03,-6.023931e-03,3.748925e-18,683,50005
0.000000e+00,-9.767310e-08,-2.693027e-07,3.345819e-07,0.000000e+00,0.000000e+00,0.000000e+00,1.719677e+07,4.528900e+07,-3.675241e+07,4.025397e-18,684,0
1.317500e-09,-1.304817e-03,-3.348814e-03,2.500024e-03,-9.906875e+05,-2.542558e+06,1.897809e+06,1.904093e-01,4.774976e-01,-2.418193e-01,4.025397e-18,684,5797
1.317318e-08,-1.305048e-02,-3.349355e-02,2.500034e-02,-9.907270e+05,-2.542657e+06,1.897860e+06,1.577702e-03,4.102313e-03,-3.021652e-03,4.025397e-18,684,57962
0.000000e+00,1.861970e-07,-1.910114e-07,3.025512e-07,0.000000e+00,0.000000e+00,0.000000e+00,-3.810003e+07,4.121358e+07,-3.828788e+07,4.376608e-18,685,0
1.306818e-09,2.689369e-03,-2.893068e-03,2.500181e-03,2.058478e+06,-2.214401e+06,1.913388e+06,-3.286761e-01,3.567871e-01,-2.056887e-01,4.376608e-18,685,5750
1.306591e-08,2.689586e-02,-2.893312e-02,2.500030e-02,2.058545e+06,-2.214474e+06,1.913431e+06,-2.795554e-03,2.948459e-03,-2.477553e-03,4.376608e-18,685,57490
0.000000e+00,1.057786e-08,-2.054025e-07,2.796969e-07,0.000000e+00,0.000000e+00,0.000000e+00,-2.273403e+06,5.401971e+07,-5.688853e+07,5.073165e-18,686,0
8.872727e-10,8.283314e-05,-2.482401e-03,2.500200e-03,9.335392e+04,-2.798608e+06,2.818412e+06,-7.773995e-03,7.874963e-01,-6.512293e-01,5.073165e-18,686,3904
8.870227e-09,8.280805e-04,-2.482429e-02,2.500006e-02,9.335502e+04,-2.798718e+06,2.818504e+06,-1.461820e-04,7.181814e-03,-6.716389e-03,5.073165e-18,686,39029
0.000000e+00,2.072378e-07,2.176646e-08,4.685141e-07,0.000000e+00,0.000000e+00,0.000000e+00,-2.796612e+07,-8.087428e+06,-4.070315e+07,3.605492e-18,687,0
1.007727e-09,1.789437e-03,3.250052e-04,2.500447e-03,1.776685e+06,3.226365e+05,2.482180e+06,-7.836635e-01,-1.102299e-01,-8.809723e-01,3.605492e-18,687,4434
1.007182e-08,1.789441e-02,3.249544e-03,2.500020e-02,1.776810e+06,3.226541e+05,2.482321e+06,-6.473227e-03,-1.203484e-03,-9.729944e-03,3.605492e-18,687,44316
0.000000e+00,6.524242e-08,-1.074823e-08,4.954220e-07,0.000000e+00,0.000000e+00,0.000000e+00,-6.191073e+06,-6.376713e+05,-4.646736e+07,3.757444e-18,688,0
9.338636e-10,3.914625e-04,-1.089683e-04,2.500517e-03,4.194264e+05,-1.167141e+05,2.679073e+06,-2.391805e-01,4.702021e-03,-1.541741e+00,3.757444e-18,688,4109
9.331591e-09,3.913936e-03,-1.089107e-03,2.500022e-02,4.194616e+05,-1.167148e+05,2.679301e+06,-1.850881e-03,-9.026585e-05,-1.697926e-02,3.757444e-18,688,41059
0.000000e+00,-5.909302e-08,1.650768e-08,1.276895e-07,0.000000e+00,0.000000e+00,0.000000e+00,2.095486e+08,-5.719209e+07,-4.339949e+08,1.169883e-17,689,0
1.440909e-10,-1.207849e-03,3.296532e-04,2.501376e-03,-8.382256e+06,2.287731e+06,1.735906e+07,6.740971e-01,-1.824654e-01,-1.352989e+00,1.169883e-17,689,634
1.440227e-09,-1.207241e-02,3.294869e-03,2.500111e-02,-8.382272e+06,2.287736e+06,1.735909e+07,6.744835e-03,-1.824656e-03,-1.354757e-02,1.169883e-17,689,6337
0.000000e+00,-1.487210e-07,6.893343e-08,1.780302e-07,0.000000e+00,0.000000e+00,0.000000e+00,1.130759e+08,-5.132691e+07,-1.137899e+08,7.028575e-18,690,0
5.304545e-10,-2.498327e-03,1.134068e-03,2.500023e-03,-4.709974e+06,2.138000e+06,4.713062e+06,6.238221e-01,-2.829805e-01,-5.542519e-01,7.028575e-18,690,2334
5.304545e-09,-2.498438e-02,1.134117e-02,2.500079e-02,-4.710026e+06,2.138024e+06,4.713108e+06,6.139738e-03,-2.817042e-03,-5.626749e-03,7.028575e-18,690,23340
0.000000e+00,-5.220657e-08,-6.367188e-08,2.871379e-07,0.000000e+00,0.000000e+00,0.000000e+00,2.366007e+07,2.574071e+07,-1.011156e+08,5.883460e-18,691,0
5.427273e-10,-5.980965e-04,-6.472279e-04,2.500039e-03,-1.102279e+06,-1.192801e+06,4.607239e+06,4.509490e-01,4.710221e-01,-1.703623e+00,5.883460e-18,691,2388
5.426364e-09,-5.981382e-03,-6.472599e-03,2.500071e-02,-1.102318e+06,-1.192842e+06,4.607385e+06,4.418636e-03,4.730435e-03,-1.720356e-02,5.883460e-18,691,23876
0.000000e+00,2.525990e-08,2.147038e-07,2.129285e-07,0.000000e+00,0.000000e+00,0.000000e+00,-6.713265e+06,-8.953877e+07,-6.458037e+07,5.672285e-18,692,0
8.829545e-10,2.629604e-04,3.550625e-03,2.500455e-03,2.978370e+05,4.021782e+06,2.832088e+06,-3.513636e-02,-5.505894e-01,-3.095646e-01,5.672285e-18,692,3885
8.827500e-09,2.629172e-03,3.550236e-02,2.500039e-02,2.978419e+05,4.021859e+06,2.832131e+06,-3.577234e-04,-5.162476e-03,-3.240918e-03,5.672285e-18,692,38841
0.000000e+00,-1.346875e-07,-8.511202e-08,4.391224e-07,0.000000e+00,0.000000e+00,0.000000e+00,2.422320e+07,1.578735e+07,-4.350942e+07,3.943055e-18,693,0
9.984091e-10,-1.504820e-03,-9.338624e-04,2.500193e-03,-1.508070e+06,-9.358441e+05,2.505087e+06,6.665829e-01,3.954717e-01,-8.915073e-01,3.943055e-18,693,4393
9.979773e-09,-1.505012e-02,-9.339481e-03,2.500033e-02,-1.508175e+06,-9.359063e+05,2.505228e+06,5.361946e-03,3.248380e-03,-9.616014e-03,3.943055e-18,693,43911
0.000000e+00,-3.748484e-08,-8.144344e-08,3.345871e-07,0.000000e+00,0.000000e+00,0.000000e+00,1.960020e+07,2.593139e+07,-8.123672e+07,5.172440e-18,694,0
6.313636e-10,-6.212138e-04,-8.165206e-04,2.500585e-03,-9.842815e+05,-1.293660e+06,3.961557e+06,4.506415e-01,5.636160e-01,-1.585600e+00,5.172440e-18,694,2778
6.310682e-09,-6.211473e-03,-8.163894e-03,2.500027e-02,-9.843265e+05,-1.293717e+06,3.961715e+06,4.414522e-03,5.528249e-03,-1.613513e-02,5.172440e-18,694,27767
0.000000e+00,1.332826e-07,3.464783e-08,2.555892e-07,0.000000e+00,0.000000e+00,0.000000e+00,-6.223772e+07,-1.339820e+07,-9.505056e+07,6.004984e-18,695,0
5.927273e-10,1.667310e-03,3.575561e-04,2.500499e-03,2.813434e+06,6.033271e+05,4.219142e+06,-8.321714e-01,-1.700072e-01,-1.098593e+00,6.004984e-18,695,2608
5.925455e-09,1.667093e-02,3.575005e-03,2.500048e-02,2.813512e+06,6.033430e+05,4.219245e+06,-8.152977e-03,-1.727436e-03,-1.111526e-02,6.004984e-18,695,26072
0.000000e+00,1.507924e-07,-1.458986e-07,3.335372e-07,0.000000e+00,0.000000e+00,0.000000e+00,-3.129446e+07,3.051829e+07,-5.004661e+07,4.541256e-18,696,0
9.456818e-10,1.670187e-03,-1.646087e-03,2.500440e-03,1.766755e+06,-1.741270e+06,2.644716e+06,-5.446538e-01,5.433877e-01,-6.907568e-01,4.541256e-18,696,4161
9.452955e-09,1.670103e-02,-1.646012e-02,2.500049e-02,1.766836e+06,-1.741351e+06,2.644820e+06,-4.895291e-03,4.936912e-03,-7.248141e-03,4.541256e-18,696,41593
0.000000e+00,-2.230958e-07,-1.311319e-07,3.337383e-07,0.000000e+00,0.000000e+00,0.000000e+00,4.175308e+07,2.516929e+07,-4.161178e+07,4.201003e-18,697,0
1.173182e-09,-2.711365e-03,-1.630373e-03,2.500303e-03,-2.311854e+06,-1.390132e+06,2.131562e+06,5.148236e-01,2.999717e-01,-3.420126e-01,4.201003e-18,697,5162
1.172864e-08,-2.711487e-02,-1.630433e-02,2.500046e-02,-2.311949e+06,-1.390187e+06,2.131626e+06,4.395004e-03,2.680644e-03,-3.948132e-03,4.201003e-18,697,51606
0.000000e+00,1.882600e-07,1.222130e-07,5.342200e-07,0.000000e+00,0.000000e+00,0.000000e+00,-1.873742e+07,-4.801984e+06,-3.556409e+07,3.195453e-18,698,0
1.130000e-09,1.557422e-03,4.245091e-04,2.500478e-03,1.379152e+06,3.759001e+05,2.213709e+06,-6.411518e-01,-2.025711e-01,-8.103726e-01,3.195453e-18,698,4972
1.129318e-08,1.557496e-02,4.245154e-03,2.500002e-02,1.379266e+06,3.759361e+05,2.213855e+06,-5.723257e-03,-1.584683e-03,-9.703566e-03,3.195453e-18,698,49690
0.000000e+00,1.146230e-07,-2.052412e-07,4.283735e-07,0.000000e+00,0.000000e+00,0.000000e+00,-1.392248e+07,2.668412e+07,-3.869213e+07,3.751534e-18,699,0
1.155682e-09,9.890296e-04,-1.953949e-03,2.500190e-03,8.562217e+05,-1.691595e+06,2.163982e+06,-3.083983e-01,6.061845e-01,-5.485397e-01,3.751534e-18,699,5085
1.155273e-08,9.891689e-03,-1.954249e-02,2.500007e-02,8.562778e+05,-1.691706e+06,2.164083e+06,-2.489455e-03,5.292955e-03,-6.966432e-03,3.751534e-18,699,50832
0.000000e+00,-1.534361e-07,6.158751e-08,4.832062e-07,0.000000e+00,0.000000e+00,0.000000e+00,1.980155e+07,-1.372217e+07,-3.481177e+07,3.645702e-18,700,0
1.152727e-09,-1.561762e-03,9.960496e-04,2.500314e-03,-1.355734e+06,8.646211e+05,2.169877e+06,6.050462e-01,-3.576445e-01,-7.098051e-01,3.645702e-18,700,5072
1.152136e-08,-1.561981e-02,9.961550e-03,2.500008e-02,-1.355843e+06,8.646860e+05,2.170007e+06,5.002570e-03,-3.072832e-03,-8.496756e-03,3.645702e-18,700,50694
0.000000e+00,9.180685e-08,-6.061818e-08,3.662419e-07,0.000000e+00,0.000000e+00,0.000000e+00,-1.919536e+07,1.460811e+07,-6.031580e+07,4.741172e-18,701,0
7.425000e-10,8.358956e-04,-6.359833e-04,2.500352e-03,1.126337e+06,-8.569693e+05,3.368747e+06,-6.006231e-01,4.527123e-01,-1.555404e+00,4.741172e-18,701,3267
7.421364e-09,8.358939e-03,-6.359857e-03,2.500076e-02,1.126408e+06,-8.570223e+05,3.368930e+06,-5.828542e-03,4.317122e-03,-1.586622e-02,4.741172e-18,701,32654
0.000000e+00,-2.299464e-08,-2.395519e-07,3.604494e-07,0.000000e+00,0.000000e+00,0.000000e+00,3.914583e+06,4.253654e+07,-4.364915e+07,4.151543e-18,702,0
1.080000e-09,-2.053753e-04,-2.683772e-03,2.500177e-03,-1.902186e+05,-2.485911e+06,2.315463e+06,5.074233e-02,7.024537e-01,-4.829885e-01,4.151543e-18,702,4752
1.079705e-08,-2.053807e-03,-2.684044e-02,2.500030e-02,-1.902272e+05,-2.486030e+06,2.315546e+06,5.536457e-04,5.929883e-03,-5.472189e-03,4.151543e-18,702,47507
0.000000e+00,-1.895349e-07,1.074966e-07,4.203262e-07,0.000000e+00,0.000000e+00,0.000000e+00,3.117536e+07,-1.817371e+07,-3.727540e+07,3.855198e-18,703,0
1.195000e-09,-2.307067e-03,1.363153e-03,2.500416e-03,-1.931465e+06,1.141250e+06,2.092921e+06,5.619742e-01,-3.457193e-01,-4.665743e-01,3.855198e-18,703,5258
1.194500e-08,-2.307126e-02,1.363217e-02,2.500010e-02,-1.931571e+06,1.141315e+06,2.093009e+06,4.817803e-03,-2.889544e-03,-5.391608e-03,3.855198e-18,703,52558
0.000000e+00,2.046600e-07,1.104283e-07,4.048739e-07,0.000000e+00,0.000000e+00,0.000000e+00,-3.051632e+07,-2.245367e+07,-4.585133e+07,3.905738e-18,704,0
9.834091e-10,1.818776e-03,1.300120e-03,2.500524e-03,1.850221e+06,1.322617e+06,2.543379e+06,-6.455397e-01,-4.540437e-01,-7.087242e-01,3.905738e-18,704,4327
9.829545e-09,1.818682e-02,1.300069e-02,2.500040e-02,1.850321e+06,1.322688e+06,2.543489e+06,-5.624730e-03,-4.118292e-03,-7.631408e-03,3.905738e-18,704,43250
0.000000e+00,2.056120e-08,-1.088754e-07,2.996217e-07,0.000000e+00,0.000000e+00,0.000000e+00,-6.388922e+06,3.877919e+07,-8.425713e+07,5.534275e-18,705,0
6.225000e-10,1.934460e-04,-1.183771e-03,2.500729e-03,3.108342e+05,-1.902179e+06,4.018105e+06,-1.192095e-01,7.762076e-01,-1.474048e+00,5.534275e-18,705,2739
6.221818e-09,1.933960e-03,-1.183503e-02,2.500005e-02,3.108459e+05,-1.902255e+06,4.018250e+06,-1.153060e-03,7.552356e-03,-1.494849e-02,5.534275e-18,705,27376
0.000000e+00,4.893389e-08,-1.449589e-07,5.090050e-07,0.000000e+00,0.000000e+00,0.000000e+00,-7.259549e+06,1.148982e+07,-4.294052e+07,3.525663e-18,706,0
9.504545e-10,3.850462e-04,-7.773783e-04,2.500137e-03,4.053255e+05,-8.184704e+05,2.631743e+06,-2.069630e-01,5.215688e-01,-1.316831e+00,3.525663e-18,706,4182
9.499545e-09,3.850430e-03,-7.775110e-03,2.500055e-02,4.053565e+05,-8.185486e+05,2.631942e+06,-1.863688e-03,4.072397e-03,-1.483102e-02,3.525663e-18,706,41798
0.000000e+00,4.270839e-08,-2.247880e-08,2.386268e-07,0.000000e+00,0.000000e+00,0.000000e+00,-3.245606e+07,1.771891e+07,-1.554565e+08,7.081837e-18,707,0
3.834091e-10,5.254251e-04,-2.873259e-04,2.500131e-03,1.370517e+06,-7.494689e+05,6.521157e+06,-4.228971e-01,2.440454e-01,-1.877046e+00,7.081837e-18,707,1687
3.833864e-09,5.254406e-03,-2.873377e-03,2.500141e-02,1.370543e+06,-7.494837e+05,6.521271e+06,-4.230915e-03,2.402287e-03,-1.884866e-02,7.081837e-18,707,16869
0.000000e+00,-1.288502e-07,2.095551e-08,2.494273e-07,0.000000e+00,0.000000e+00,0.000000e+00,6.121765e+07,-1.025698e+07,-1.063115e+08,6.170039e-18,708,0
5.388636e-10,-1.457257e-03,2.446959e-04,2.500704e-03,-2.704685e+06,4.541626e+05,4.641195e+06,7.898384e-01,-1.373877e-01,-1.251372e+00,6.170039e-18,708,2371
5.386591e-09,-1.456910e-02,2.446399e-03,2.500038e-02,-2.704752e+06,4.541743e+05,4.641301e+06,7.817888e-03,-1.374897e-03,-1.263324e-02,6.170039e-18,708,23701
0.000000e+00,-1.088565e-07,1.666101e-07,2.780737e-07,0.000000e+00,0.000000e+00,0.000000e+00,3.592729e+07,-5.412311e+07,-6.302982e+07,5.126636e-18,709,0
8.518182e-10,-1.477940e-03,2.221635e-03,2.500025e-03,-1.735421e+06,2.608668e+06,2.935304e+06,3.995913e-01,-5.934654e-01,-5.491649e-01,5.126636e-18,709,3748
8.517045e-09,-1.478068e-02,2.221818e-02,2.500027e-02,-1.735475e+06,2.608748e+06,2.935378e+06,3.795133e-03,-5.567472e-03,-5.717415e-03,5.126636e-18,709,37475
0.000000e+00,-2.340761e-07,-1.160531e-07,2.823738e-07,0.000000e+00,0.000000e+00,0.000000e+00,4.969997e+07,3.317512e+07,-4.802923e+07,4.562766e-18,710,0
1.096364e-09,-2.787723e-03,-1.834585e-03,2.500051e-03,-2.543300e+06,-1.673748e+06,2.280578e+06,4.916007e-01,3.132931e-01,-3.098785e-01,4.562766e-18,710,4824
1.096227e-08,-2.788039e-02,-1.834808e-02,2.500047e-02,-2.543385e+06,-1.673802e+06,2.280632e+06,4.214265e-03,2.782665e-03,-3.562830e-03,4.562766e-18,710,48234
0.000000e+00,-1.185354e-07,1.522914e-07,4.322320e-07,0.000000e+00,0.000000e+00,0.000000e+00,-3.708994e+06,-1.859713e+07,-5.033989e+07,3.884342e-18,711,0
8.550000e-10,-5.378063e-05,1.112871e-03,2.500213e-03,-6.291823e+04,1.302385e+06,2.925487e+06,8.344920e-02,-7.353716e-01,-1.377910e+00,3.884342e-18,711,3762
8.545682e-09,-5.377364e-04,1.112973e-02,2.500039e-02,-6.292947e+04,1.302484e+06,2.925674e+06,3.985589e-04,-6.999664e-03,-1.457223e-02,3.884342e-18,711,37601
0.000000e+00,-1.696777e-07,1.035088e-07,2.778111e-07,0.000000e+00,0.000000e+00,0.000000e+00,5.274949e+07,-3.249042e+07,-6.394581e+07,5.135826e-18,712,0
8.343182e-10,-2.142350e-03,1.318360e-03,2.500630e-03,-2.568372e+06,1.580529e+06,2.997645e+06,6.358613e-01,-3.926529e-01,-6.110922e-01,5.135826e-18,712,3671
8.340000e-09,-2.142025e-02,1.318163e-02,2.500050e-02,-2.568456e+06,1.580580e+06,2.997726e+06,6.048466e-03,-3.815959e-03,-6.375156e-03,5.135826e-18,712,36696
0.000000e+00,-7.724074e-09,2.943389e-07,4.014999e-07,0.000000e+00,0.000000e+00,0.000000e+00,1.376089e+06,-3.745137e+07,-3.324074e+07,3.597114e-18,713,0
1.356136e-09,-6.849061e-05,3.162862e-03,2.500380e-03,-5.054747e+04,2.333228e+06,1.844077e+06,2.762010e-02,-5.729962e-01,-2.799929e-01,3.597114e-18,713,5967
1.355705e-08,-6.852753e-04,3.163161e-02,2.500040e-02,-5.055332e+04,2.333351e+06,1.844138e+06,5.295802e-05,-4.844994e-03,-3.817457e-03,3.597114e-18,713,59651
0.000000e+00,1.208579e-07,1.192863e-07,6.351370e-07,0.000000e+00,0.000000e+00,0.000000e+00,-9.295583e+06,-1.419065e+07,-4.202152e+07,2.831484e-18,714,0
9.188636e-10,5.731314e-04,8.389915e-04,2.500038e-03,6.240519e+05,9.136091e+05,2.722003e+06,-3.325629e-01,-5.009888e-01,-1.355703e+00,2.831484e-18,714,4043
9.184545e-09,5.731676e-03,8.391091e-03,2.500060e-02,6.241001e+05,9.136818e+05,2.722201e+06,-3.221164e-03,-4.552749e-03,-1.445571e-02,2.831484e-18,714,40412
0.000000e+00,-2.372535e-07,2.856927e-08,5.119251e-07,0.000000e+00,0.000000e+00,0.000000e+00,2.975814e+07,-2.270404e+06,-2.860320e+07,3.252765e-18,715,0
1.369091e-09,-2.689144e-03,2.467542e-04,2.500367e-03,-1.965216e+06,1.803209e+05,1.826808e+06,5.896489e-01,-5.188262e-02,-4.043550e-01,3.252765e-18,715,6024
1.368500e-08,-2.689386e-02,2.467685e-03,2.500006e-02,-1.965343e+06,1.803321e+05,1.826897e+06,5.378104e-03,-4.915841e-04,-5.020587e-03,3.252765e-18,715,60214
0.000000e+00,7.089545e-08,6.924622e-08,4.454254e-07,0.000000e+00,0.000000e+00,0.000000e+00,-9.285503e+06,-1.393989e+07,-4.997417e+07,4.062741e-18,716,0
8.397727e-10,3.694657e-04,7.438100e-04,2.500160e-03,4.402203e+05,8.863451e+05,2.978578e+06,-3.011709e-01,-5.705740e-01,-1.535964e+00,4.062741e-18,716,3695
8.393409e-09,3.694979e-03,7.439411e-03,2.500053e-02,4.402602e+05,8.864208e+05,2.978782e+06,-2.544919e-03,-5.252136e-03,-1.654327e-02,4.062741e-18,716,36931
0.000000e+00,1.278760e-07,1.512576e-07,5.675365e-07,0.000000e+00,0.000000e+00,0.000000e+00,-9.763481e+06,-1.598387e+07,-3.610624e+07,3.087710e-18,717,0
1.087500e-09,7.290805e-04,1.308295e-03,2.500217e-03,6.708474e+05,1.203892e+06,2.300001e+06,-3.397952e-01,-6.240357e-01,-8.990052e-01,3.087710e-18,717,4785
1.086955e-08,7.291813e-03,1.308569e-02,2.500018e-02,6.709056e+05,1.203999e+06,2.300156e+06,-2.651977e-03,-5.234307e-03,-1.046683e-02,3.087710e-18,717,47826
0.000000e+00,2.523827e-07,8.435319e-09,4.602750e-07,0.000000e+00,0.000000e+00,0.000000e+00,-3.102905e+07,-5.051608e+05,-3.903626e+07,3.491627e-18,718,0
1.092273e-09,2.312690e-03,5.395723e-05,2.500068e-03,2.118387e+06,4.944374e+04,2.289496e+06,-7.616655e-01,-2.870754e-02,-6.144846e-01,3.491627e-18,718,4806
1.091955e-08,2.313172e-02,5.398947e-04,2.500043e-02,2.118518e+06,4.944871e+04,2.289603e+06,-6.156441e-03,-2.177756e-04,-7.009450e-03,3.491627e-18,718,48046
0.000000e+00,-1.497446e-07,-1.290037e-07,4.767392e-07,0.000000e+00,0.000000e+00,0.000000e+00,2.598370e+07,1.700217e+07,-4.160393e+07,3.573752e-18,719,0
1.020000e-09,-1.709618e-03,-1.086453e-03,2.500442e-03,-1.676977e+06,-1.065671e+06,2.452154e+06,6.690627e-01,4.233053e-01,-7.608165e-01,3.573752e-18,719,4488
1.019523e-08,-1.709708e-02,-1.086475e-02,2.500045e-02,-1.677084e+06,-1.065739e+06,2.452277e+06,5.435267e-03,3.448813e-03,-8.274922e-03,3.573752e-18,719,44859
0.000000e+00,-2.286031e-07,2.517664e-08,4.076191e-07,0.000000e+00,0.000000e+00,0.000000e+00,3.307694e+07,-2.954038e+06,-3.531908e+07,3.878786e-18,720,0
1.240909e-09,-2.686144e-03,2.672766e-04,2.500334e-03,-2.165705e+06,2.155089e+05,2.015422e+06,6.472252e-01,-7.364562e-02,-4.209520e-01,3.878786e-18,720,5460
1.240432e-08,-2.686396e-02,2.673224e-03,2.500007e-02,-2.165831e+06,2.155233e+05,2.015505e+06,5.537328e-03,-4.676403e-04,-5.143516e-03,3.878786e-18,720,54579
0.000000e+00,-5.033360e-08,9.193501e-08,4.831015e-07,0.000000e+00,0.000000e+00,0.000000e+00,6.975127e+06,-1.133481e+07,-4.571554e+07,3.772559e-18,721,0
8.931818e-10,-4.757960e-04,6.750523e-04,2.500238e-03,-5.330929e+05,7.563676e+05,2.800726e+06,3.268946e-01,-5.094275e-01,-1.536187e+00,3.772559e-18,721,3930
8.926364e-09,-4.758535e-03,6.751568e-03,2.500042e-02,-5.331390e+05,7.564395e+05,2.800943e+06,2.900081e-03,-4.772360e-03,-1.626322e-02,3.772559e-18,721,39276
0.000000e+00,2.768870e-07,-6.251406e-08,3.837962e-07,0.000000e+00,0.000000e+00,0.000000e+00,-3.997882e+07,9.733471e+06,-3.316590e+07,3.755251e-18,722,0
1.385227e-09,3.406915e-03,-8.216568e-04,2.500199e-03,2.460394e+06,-5.933720e+05,1.805164e+06,-5.290131e-01,1.207017e-01,-2.371380e-01,3.755251e-18,722,6095
1.384909e-08,3.407413e-02,-8.217636e-03,2.500005e-02,2.460509e+06,-5.933982e+05,1.805216e+06,-4.285592e-03,1.021091e-03,-3.136348e-03,3.755251e-18,722,60936
0.000000e+00,-3.343576e-08,-8.910803e-08,4.071488e-07,0.000000e+00,0.000000e+00,0.000000e+00,1.005852e+07,1.445787e+07,-5.885865e+07,4.391745e-18,723,0
7.229545e-10,-4.614416e-04,-6.192374e-04,2.500389e-03,-6.386509e+05,-8.569390e+05,3.459948e+06,3.824980e-01,4.769868e-01,-1.743811e+00,4.391745e-18,723,3181
7.225682e-09,-4.614649e-03,-6.191971e-03,2.500056e-02,-6.386946e+05,-8.569935e+05,3.460147e+06,3.737983e-03,4.676925e-03,-1.777209e-02,4.391745e-18,723,31793
0.000000e+00,-2.480399e-07,1.451526e-07,3.350458e-07,0.000000e+00,0.000000e+00,0.000000e+00,4.283351e+07,-2.597193e+07,-3.204651e+07,4.009879e-18,724,0
1.477045e-09,-3.582558e-03,2.153213e-03,2.500176e-03,-2.426165e+06,1.458184e+06,1.692888e+06,3.643389e-01,-2.156501e-01,-1.750949e-01,4.009879e-18,724,6499
1.476773e-08,-3.582888e-02,2.153402e-02,2.500026e-02,-2.426249e+06,1.458234e+06,1.692929e+06,3.112011e-03,-1.858050e-03,-2.166897e-03,4.009879e-18,724,64978
0.000000e+00,-2.238495e-07,7.909567e-08,3.555647e-07,0.000000e+00,0.000000e+00,0.000000e+00,6.415127e+07,-1.704281e+07,-5.600074e+07,4.194964e-18,725,0
9.536364e-10,-2.925497e-03,7.833443e-04,2.500258e-03,-3.068360e+06,8.215808e+05,2.622052e+06,6.217162e-01,-1.681354e-01,-4.231092e-01,4.194964e-18,725,4196
9.534545e-09,-2.925548e-02,7.833434e-03,2.500030e-02,-3.068454e+06,8.216061e+05,2.622116e+06,5.703648e-03,-1.540882e-03,-4.445811e-03,4.194964e-18,725,41952
0.000000e+00,1.347387e-07,-3.373859e-08,3.013904e-07,0.000000e+00,0.000000e+00,0.000000e+00,-4.279079e+07,1.487232e+07,-7.911197e+07,5.343040e-18,726,0
6.654545e-10,1.396966e-03,-4.887807e-04,2.500285e-03,2.099824e+06,-7.347398e+05,3.758013e+06,-7.714135e-01,2.918957e-01,-1.232109e+00,5.343040e-18,726,2928
6.652500e-09,1.396911e-02,-4.887853e-03,2.500032e-02,2.099905e+06,-7.347705e+05,3.758143e+06,-7.519445e-03,2.738810e-03,-1.262562e-02,5.343040e-18,726,29271
0.000000e+00,-7.060826e-08,-1.477365e-07,3.541376e-07,0.000000e+00,0.000000e+00,0.000000e+00,1.792647e+07,3.486710e+07,-5.591740e+07,4.614173e-18,727,0
8.395455e-10,-8.338255e-04,-1.612043e-03,2.500216e-03,-9.935995e+05,-1.920889e+06,2.978904e+06,3.960488e-01,7.341555e-01,-9.886184e-01,4.614173e-18,727,3694
8.392500e-09,-8.338766e-03,-1.612104e-02,2.500056e-02,-9.936521e+05,-1.920987e+06,2.979035e+06,3.847294e-03,6.819925e-03,-1.026130e-02,4.614173e-18,727,36927
0.000000e+00,1.400108e-07,7.817778e-08,1.570992e-07,0.000000e+00,0.000000e+00,0.000000e+00,-1.303309e+08,-7.374127e+07,-1.256388e+08,7.520563e-18,728,0
4.863636e-10,2.602218e-03,1.472576e-03,2.500021e-03,5.350444e+06,3.027780e+06,5.140231e+06,-5.508646e-01,-3.137427e-01,-4.734821e-01,7.520563e-18,728,2140
4.863636e-09,2.602272e-02,1.472608e-02,2.500035e-02,5.350486e+06,3.027804e+06,5.140267e+06,-5.434895e-03,-3.093595e-03,-4.788980e-03,7.520563e-18,728,21400
0.000000e+00,1.476059e-07,7.790077e-08,2.178042e-07,0.000000e+00,0.000000e+00,0.000000e+00,-7.810120e+07,-3.971413e+07,-9.637810e+07,6.280719e-18,729,0
6.043182e-10,2.053621e-03,1.045009e-03,2.500591e-03,3.398608e+06,1.729418e+06,4.138152e+06,-6.990989e-01,-3.560581e-01,-7.391868e-01,6.280719e-18,729,2659
6.041364e-09,2.053231e-02,1.044808e-02,2.500023e-02,3.398675e+06,1.729452e+06,4.138223e+06,-6.844935e-03,-3.474828e-03,-7.506446e-03,6.280719e-18,729,26582
0.000000e+00,1.959424e-08,1.015926e-07,2.948925e-07,0.000000e+00,0.000000e+00,0.000000e+00,-6.238203e+06,-3.841909e+07,-8.909561e+07,5.648168e-18,730,0
5.979545e-10,1.762498e-04,1.107075e-03,2.500717e-03,2.948169e+05,1.851932e+06,4.182975e+06,-1.069585e-01,-7.553747e-01,-1.544227e+00,5.648168e-18,730,2631
5.976591e-09,1.762008e-03,1.106826e-02,2.500007e-02,2.948270e+05,1.852003e+06,4.183121e+06,-1.036371e-03,-7.362717e-03,-1.564112e-02,5.648168e-18,730,26297
0.000000e+00,-1.578631e-08,-4.042272e-08,5.052865e-07,0.000000e+00,0.000000e+00,0.000000e+00,1.274615e+06,5.916814e+06,-4.602077e+07,3.710398e-18,731,0
8.713636e-10,-1.096859e-04,-4.078633e-04,2.500149e-03,-1.259562e+05,-4.685105e+05,2.870857e+06,6.289588e-02,3.558642e-01,-1.729406e+00,3.710398e-18,731,3834
8.708182e-09,-1.096838e-03,-4.079812e-03,2.500008e-02,-1.259649e+05,-4.685594e+05,2.871095e+06,8.974317e-04,2.815420e-03,-1.819550e-02,3.710398e-18,731,38316
0.000000e+00,1.155794e-07,9.511960e-09,4.043618e-07,0.000000e+00,0.000000e+00,0.000000e+00,-2.065622e+07,-1.363244e+06,-5.015031e+07,4.360115e-18,732,0
8.836364e-10,1.134706e-03,1.336196e-04,2.500094e-03,1.284938e+06,1.513682e+05,2.830606e+06,-7.292593e-01,-1.342726e-01,-1.332618e+00,4.360115e-18,732,3888
8.832045e-09,1.134858e-02,1.336879e-03,2.500013e-02,1.285039e+06,1.513869e+05,2.830792e+06,-6.228265e-03,-8.237772e-04,-1.413653e-02,4.360115e-18,732,38861
0.000000e+00,-1.606324e-07,1.239416e-07,4.095597e-07,0.000000e+00,0.000000e+00,0.000000e+00,2.531040e+07,-2.222767e+07,-4.134262e+07,3.987614e-18,733,0
1.050000e-09,-1.567514e-03,1.441728e-03,2.500308e-03,-1.493591e+06,1.373759e+06,2.382007e+06,5.605887e-01,-5.077872e-01,-7.108010e-01,3.987614e-18,733,4620
1.049545e-08,-1.567589e-02,1.441816e-02,2.500037e-02,-1.493684e+06,1.373843e+06,2.382125e+06,4.728187e-03,-4.259089e-03,-7.824502e-03,3.987614e-18,733,46180
0.000000e+00,5.689780e-08,6.284740e-08,3.929389e-07,0.000000e+00,0.000000e+00,0.000000e+00,-1.023621e+07,-1.311622e+07,-5.954679e+07,4.545121e-18,734,0
7.440909e-10,4.081789e-04,5.285926e-04,2.500381e-03,5.488546e+05,7.107562e+05,3.361780e+06,-3.450973e-01,-4.176579e-01,-1.785788e+00,4.545121e-18,734,3274
7.436591e-09,4.081613e-03,5.285600e-03,2.500025e-02,5.488951e+05,7.108053e+05,3.361990e+06,-3.409313e-03,-4.026383e-03,-1.834366e-02,4.545121e-18,734,32721
0.000000e+00,2.426426e-07,2.774349e-08,5.504531e-07,0.000000e+00,0.000000e+00,0.000000e+00,-2.429793e+07,-2.626677e+06,-3.274853e+07,3.055988e-18,735,0
1.180000e-09,1.959157e-03,2.053868e-04,2.500140e-03,1.661263e+06,1.741711e+05,2.119478e+06,-6.708455e-01,-7.681535e-02,-6.554203e-01,3.055988e-18,735,5192
1.179545e-08,1.959532e-02,2.054418e-03,2.500044e-02,1.661388e+06,1.741854e+05,2.119601e+06,-5.785503e-03,-5.407312e-04,-7.971382e-03,3.055988e-18,735,51900
0.000000e+00,-3.978263e-09,1.351928e-07,5.161202e-07,0.000000e+00,0.000000e+00,0.000000e+00,5.201411e+05,-1.461061e+07,-4.030271e+07,3.501623e-18,736,0
1.015000e-09,1.438967e-05,1.108606e-03,2.500295e-03,1.422456e+04,1.093044e+06,2.464492e+06,-2.918379e-02,-6.341117e-01,-1.108538e+00,3.501623e-18,736,4466
1.014409e-08,1.442823e-04,1.108787e-02,2.500021e-02,1.422927e+04,1.093145e+06,2.464670e+06,-2.295002e-04,-5.065337e-03,-1.280062e-02,3.501623e-18,736,44634
0.000000e+00,-1.308448e-07,-2.493402e-07,3.231966e-07,0.000000e+00,0.000000e+00,0.000000e+00,2.594220e+07,4.350387e+07,-4.181964e+07,4.127250e-18,737,0
1.178636e-09,-1.669591e-03,-2.785608e-03,2.500139e-03,-1.416990e+06,-2.364100e+06,2.121531e+06,3.111191e-01,4.989950e-01,-3.177973e-01,4.127250e-18,737,5186
1.178409e-08,-1.669792e-02,-2.785878e-02,2.500046e-02,-1.417047e+06,-2.364193e+06,2.121591e+06,2.601612e-03,4.173475e-03,-3.788753e-03,4.127250e-18,737,51850
0.000000e+00,-9.091240e-08,-2.328469e-08,4.427888e-07,0.000000e+00,0.000000e+00,0.000000e+00,2.005186e+07,9.523103e+06,-5.680271e+07,4.096545e-18,738,0
7.702273e-10,-9.196294e-04,-4.220590e-04,2.500618e-03,-1.194581e+06,-5.482169e+05,3.247849e+06,6.300898e-01,2.358792e-01,-1.572619e+00,4.096545e-18,738,3389
7.697500e-09,-9.195258e-03,-4.219871e-03,2.500045e-02,-1.194658e+06,-5.482456e+05,3.248040e+06,6.091672e-03,2.224430e-03,-1.615431e-02,4.096545e-18,738,33869
0.000000e+00,1.014391e-07,5.297713e-08,4.820855e-07,0.000000e+00,0.000000e+00,0.000000e+00,-1.266284e+07,-7.543936e+06,-4.495007e+07,3.770642e-18,739,0
9.165909e-10,7.358704e-04,4.980889e-04,2.500552e-03,8.032937e+05,5.438344e+05,2.729495e+06,-4.302548e-01,-3.530555e-01,-1.428037e+00,3.770642e-18,739,4033
9.159318e-09,7.357626e-03,4.981116e-03,2.500045e-02,8.033560e+05,5.438855e+05,2.729703e+06,-4.191634e-03,-2.918168e-03,-1.525267e-02,3.770642e-18,739,40301
0.000000e+00,1.837016e-07,-1.718070e-07,4.832095e-07,0.000000e+00,0.000000e+00,0.000000e+00,-2.350664e+07,1.951006e+07,-3.753173e+07,3.376754e-18,740,0
1.093636e-09,1.643238e-03,-1.376878e-03,2.500184e-03,1.503310e+06,-1.259602e+06,2.286849e+06,-5.708682e-01,4.679954e-01,-6.912051e-01,3.376754e-18,740,4812
1.093205e-08,1.643422e-02,-1.377002e-02,2.500012e-02,1.503408e+06,-1.259683e+06,2.286969e+06,-4.904850e-03,3.565575e-03,-7.819847e-03,3.376754e-18,740,48101
0.000000e+00,-1.807448e-07,-2.619142e-08,5.465547e-07,0.000000e+00,0.000000e+00,0.000000e+00,1.797946e+07,3.686293e+06,-4.011542e+07,3.227345e-18,741,0
9.800000e-10,-1.187315e-03,-2.495894e-04,2.500537e-03,-1.212330e+06,-2.549006e+05,2.552689e+06,6.850935e-01,1.797453e-01,-1.137543e+00,3.227345e-18,741,4312
9.793636e-09,-1.187312e-02,-2.496393e-03,2.500030e-02,-1.212436e+06,-2.549284e+05,2.552866e+06,5.437083e-03,1.238901e-03,-1.266456e-02,3.227345e-18,741,43092
0.000000e+00,7.431867e-08,-2.195621e-08,6.679914e-07,0.000000e+00,0.000000e+00,0.000000e+00,-6.976798e+06,2.404274e+06,-3.594272e+07,2.775472e-18,742,0
9.495455e-10,4.802764e-04,-1.845294e-04,2.500103e-03,5.062832e+05,-1.945286e+05,2.634283e+06,-4.287241e-01,1.455867e-01,-1.429021e+00,2.775472e-18,742,4178
9.490227e-09,4.804734e-03,-1.846091e-03,2.500019e-02,5.063474e+05,-1.945504e+05,2.634498e+06,-2.944803e-03,6.748386e-04,-1.631609e-02,2.775472e-18,742,41757
0.000000e+00,-5.574170e-08,4.535560e-08,1.624897e-07,0.000000e+00,0.000000e+00,0.000000e+00,1.004778e+08,-7.477267e+07,-2.770946e+08,9.455289e-18,743,0
2.243182e-10,-9.073535e-04,6.751183e-04,2.501077e-03,-4.044852e+06,3.009561e+06,1.114938e+07,5.564161e-01,-4.044254e-01,-1.467005e+00,9.455289e-18,743,987
2.242273e-09,-9.069714e-03,6.748300e-03,2.500011e-02,-4.044872e+06,3.009575e+06,1.114943e+07,5.532159e-03,-4.044659e-03,-1.470345e-02,9.455289e-18,743,9866
0.000000e+00,3.885671e-08,6.709879e-08,5.907276e-07,0.000000e+00,0.000000e+00,0.000000e+00,-6.259651e+06,-6.017705e+06,-3.598226e+07,3.179599e-18,744,0
1.021136e-09,3.568346e-04,4.442996e-04,2.500243e-03,3.497548e+05,4.354604e+05,2.449881e+06,-2.508039e-01,-2.922931e-01,-1.319041e+00,3.179599e-18,744,4493
1.020455e-08,3.569084e-03,4.443669e-03,2.500012e-02,3.497952e+05,4.355075e+05,2.450094e+06,-1.928083e-03,-2.367484e-03,-1.517725e-02,3.179599e-18,744,44900
0.000000e+00,1.947952e-07,2.000420e-07,4.130593e-07,0.000000e+00,0.000000e+00,0.000000e+00,-2.583277e+07,-2.770786e+07,-3.496872e+07,3.618583e-18,745,0
1.263636e-09,2.002996e-03,2.184587e-03,2.500044e-03,1.585720e+06,1.729505e+06,1.978878e+06,-3.966792e-01,-4.401767e-01,-3.753072e-01,3.618583e-18,745,5560
1.263341e-08,2.003302e-02,2.184949e-02,2.500014e-02,1.585799e+06,1.729593e+06,1.978954e+06,-3.276487e-03,-3.810514e-03,-4.483187e-03,3.618583e-18,745,55587
0.000000e+00,-3.002474e-08,-8.238798e-08,3.132809e-07,0.000000e+00,0.000000e+00,0.000000e+00,1.169324e+07,3.007236e+07,-7.991862e+07,5.463377e-18,746,0
6.354545e-10,-3.772570e-04,-9.751754e-04,2.500738e-03,-5.938789e+05,-1.535136e+06,3.936349e+06,2.588464e-01,6.925660e-01,-1.571771e+00,5.463377e-18,746,2796
6.351136e-09,-3.771803e-03,-9.749852e-03,2.500040e-02,-5.939049e+05,-1.535205e+06,3.936507e+06,2.626307e-03,6.680370e-03,-1.598685e-02,5.463377e-18,746,27945
0.000000e+00,1.058311e-07,-2.215280e-07,5.026701e-07,0.000000e+00,0.000000e+00,0.000000e+00,-9.617712e+06,2.805353e+07,-3.738929e+07,3.292567e-18,747,0
1.101818e-09,7.121146e-04,-1.983042e-03,2.500256e-03,6.465709e+05,-1.800733e+06,2.269862e+06,-2.115882e-01,7.013857e-01,-6.449131e-01,3.292567e-18,747,4848
1.101386e-08,7.121256e-03,-1.983299e-02,2.500016e-02,6.466076e+05,-1.800855e+06,2.269975e+06,-2.025353e-03,5.961630e-03,-7.470720e-03,3.292567e-18,747,48461
0.000000e+00,5.942287e-08,-1.712622e-07,3.649077e-07,0.000000e+00,0.000000e+00,0.000000e+00,-1.053013e+07,3.163069e+07,-5.098748e+07,4.451638e-18,748,0
9.020455e-10,5.726304e-04,-1.711970e-03,2.500296e-03,6.351130e+05,-1.898721e+06,2.772720e+06,-2.676227e-01,7.506937e-01,-9.623459e-01,4.451638e-18,748,3969
9.016591e-09,5.726540e-03,-1.711994e-02,2.500058e-02,6.351511e+05,-1.898828e+06,2.772858e+06,-2.518331e-03,7.052433e-03,-1.011235e-02,4.451638e-18,748,39673
0.000000e+00,-6.484134e-08,-7.207404e-08,4.882746e-07,0.000000e+00,0.000000e+00,0.000000e+00,7.668455e+06,1.101766e+07,-4.258239e+07,3.760512e-18,749,0
9.738636e-10,-5.567981e-04,-6.883543e-04,2.500077e-03,-5.721937e+05,-7.073461e+05,2.568449e+06,3.635268e-01,4.253428e-01,-1.256757e+00,3.760512e-18,749,4285
9.733636e-09,-5.569490e-03,-6.885019e-03,2.500051e-02,-5.722495e+05,-7.074114e+05,2.568643e+06,2.920175e-03,3.427647e-03,-1.404807e-02,3.760512e-18,749,42828
0.000000e+00,-7.038281e-08,1.615477e-07,3.364381e-07,0.000000e+00,0.000000e+00,0.000000e+00,1.336832e+07,-1.973697e+07,-6.565139e+07,4.710474e-18,750,0
7.145455e-10,-5.223555e-04,8.984998e-04,2.500342e-03,-7.313272e+05,1.257920e+06,3.500380e+06,3.674271e-01,-6.142050e-01,-1.526171e+00,4.710474e-18,750,3144
7.142273e-09,-5.223348e-03,8.984434e-03,2.500075e-02,-7.313687e+05,1.257989e+06,3.500553e+06,3.622903e-03,-6.058448e-03,-1.580739e-02,4.710474e-18,750,31426
0.000000e+00,-1.250601e-07,1.546714e-07,4.281559e-07,0.000000e+00,0.000000e+00,0.000000e+00,3.443383e+07,-3.177427e+07,-2.761734e+07,3.888693e-18,751,0
1.574773e-09,-3.117224e-03,2.965986e-03,2.500128e-03,-1.980117e+06,1.884029e+06,1.587773e+06,2.916887e-01,-2.760469e-01,-1.586469e-01,3.888693e-18,751,6929
1.574523e-08,-3.117722e-02,2.966434e-02,2.500006e-02,-1.980189e+06,1.884097e+06,1.587813e+06,2.528633e-03,-2.407904e-03,-2.028165e-03,3.888693e-18,751,69279
0.000000e+00,-1.711594e-07,-5.041261e-08,1.973670e-07,0.000000e+00,0.000000e+00,0.000000e+00,1.038859e+08,2.953323e+07,-8.897967e+07,6.446126e-18,752,0
6.647727e-10,-2.953518e-03,-8.389224e-04,2.500272e-03,-4.443237e+06,-1.262059e+06,3.761219e+06,6.180194e-01,1.716692e-01,-4.378057e-01,6.446126e-18,752,2925
6.646818e-09,-2.953349e-02,-8.388706e-03,2.500028e-02,-4.443302e+06,-1.262077e+06,3.761265e+06,5.944698e-03,1.674362e-03,-4.498645e-03,6.446126e-18,752,29246
0.000000e+00,1.141301e-07,-2.343073e-07,3.418525e-07,0.000000e+00,0.000000e+00,0.000000e+00,-2.217866e+07,4.411165e+07,-3.736564e+07,4.162314e-18,753,0
1.289318e-09,1.670838e-03,-3.207560e-03,2.500241e-03,1.296319e+06,-2.488538e+06,1.939453e+06,-2.465632e-01,4.600576e-01,-2.502418e-01,4.162314e-18,753,5673
1.289023e-08,1.670980e-02,-3.207776e-02,2.500015e-02,1.296369e+06,-2.488631e+06,1.939504e+06,-2.001244e-03,3.825291e-03,-3.092577e-03,4.162314e-18,753,56717
0.000000e+00,4.379370e-08,2.043145e-09,1.995402e-07,0.000000e+00,0.000000e+00,0.000000e+00,-5.189486e+07,-2.536770e+06,-2.218493e+08,8.311473e-18,754,0
2.772727e-10,5.859167e-04,2.863173e-05,2.501461e-03,2.113150e+06,1.032625e+05,9.021616e+06,-4.506077e-01,-2.158526e-02,-1.833503e+00,8.311473e-18,754,1220
2.771136e-09,5.855865e-03,2.861564e-04,2.500031e-02,2.113170e+06,1.032635e+05,9.021696e+06,-4.460862e-03,-2.347373e-04,-1.839781e-02,8.311473e-18,754,12193
0.000000e+00,-2.087888e-07,1.324437e-07,3.479515e-07,0.000000e+00,0.000000e+00,0.000000e+00,3.771085e+07,-2.377014e+07,-4.244748e+07,4.179893e-18,755,0
1.116136e-09,-2.403127e-03,1.519177e-03,2.500191e-03,-2.153853e+06,1.361589e+06,2.240509e+06,5.643570e-01,-3.537776e-01,-4.487988e-01,4.179893e-18,755,4911
1.115818e-08,-2.403304e-02,1.519283e-02,2.500015e-02,-2.153952e+06,1.361651e+06,2.240589e+06,4.894358e-03,-3.095904e-03,-4.982763e-03,4.179893e-18,755,49096
0.000000e+00,-4.917420e-09,3.963697e-08,1.421638e-07,0.000000e+00,0.000000e+00,0.000000e+00,1.656995e+07,-1.236508e+08,-4.251165e+08,1.126282e-17,756,0
1.470455e-10,-9.754759e-05,7.278320e-04,2.502077e-03,-6.633634e+05,4.949529e+06,1.701501e+07,7.163651e-02,-5.061781e-01,-1.692791e+00,1.126282e-17,756,647
1.469318e-09,-9.746967e-04,7.272472e-03,2.500060e-02,-6.633650e+05,4.949541e+06,1.701505e+07,7.246459e-04,-5.063448e-03,-1.696103e-02,1.126282e-17,756,6465
0.000000e+00,-1.550701e-07,-2.162765e-08,2.169503e-07,0.000000e+00,0.000000e+00,0.000000e+00,9.051668e+07,3.137144e+06,-1.060387e+08,6.446992e-18,757,0
5.550000e-10,-2.154179e-03,-7.568353e-05,2.500416e-03,-3.881747e+06,-1.363492e+05,4.505507e+06,7.876974e-01,2.523456e-02,-8.175190e-01,6.446992e-18,757,2442
5.548864e-09,-2.153938e-02,-7.566021e-04,2.500060e-02,-3.881816e+06,-1.363514e+05,4.505579e+06,7.734196e-03,2.594806e-04,-8.274967e-03,6.446992e-18,757,24415
0.000000e+00,1.929060e-07,-1.091137e-07,2.025933e-07,0.000000e+00,0.000000e+00,0.000000e+00,-8.167621e+07,4.765081e+07,-6.385689e+07,5.724328e-18,758,0
9.006818e-10,3.272728e-03,-1.909359e-03,2.500153e-03,3.633994e+06,-2.120132e+06,2.775982e+06,-4.435712e-01,2.601090e-01,-2.672060e-01,5.724328e-18,758,3963
9.005909e-09,3.272750e-02,-1.909376e-02,2.500037e-02,3.634057e+06,-2.120169e+06,2.776020e+06,-4.150401e-03,2.423995e-03,-2.829060e-03,5.724328e-18,758,39626
0.000000e+00,2.700401e-08,-1.518672e-07,2.504703e-07,0.000000e+00,0.000000e+00,0.000000e+00,-9.548063e+06,6.690442e+07,-8.975964e+07,5.911938e-18,759,0
6.265909e-10,2.676709e-04,-1.899782e-03,2.500770e-03,4.272385e+05,-3.032442e+06,3.991541e+06,-1.043292e-01,8.225042e-01,-9.557908e-01,5.911938e-18,759,2757
6.263409e-09,2.675985e-03,-1.899348e-02,2.500080e-02,4.272488e+05,-3.032523e+06,3.991636e+06,-1.031998e-03,8.071772e-03,-9.694271e-03,5.911938e-18,759,27559
0.000000e+00,-2.112781e-07,1.754215e-07,4.991570e-07,0.000000e+00,0.000000e+00,0.000000e+00,2.428057e+07,-1.869668e+07,-3.213279e+07,3.199145e-18,760,0
1.239318e-09,-1.990498e-03,1.628611e-03,2.500061e-03,-1.606861e+06,1.314781e+06,2.017824e+06,4.840033e-01,-4.286975e-01,-4.825468e-01,3.199145e-18,760,5453
1.238955e-08,-1.990823e-02,1.628949e-02,2.500013e-02,-1.606955e+06,1.314864e+06,2.017919e+06,4.098594e-03,-3.656083e-03,-5.680472e-03,3.199145e-18,760,54514
0.000000e+00,9.491591e-08,-1.336148e-07,5.140879e-07,0.000000e+00,0.000000e+00,0.000000e+00,-1.105490e+07,1.260916e+07,-4.104818e+07,3.464424e-18,761,0
1.001591e-09,7.541380e-04,-9.248526e-04,2.500380e-03,7.534598e+05,-9.239751e+05,2.497506e+06,-4.230630e-01,4.863255e-01,-1.100457e+00,3.464424e-18,761,4407
1.001000e-08,7.542111e-03,-9.248971e-03,2.500024e-02,7.535266e+05,-9.240518e+05,2.497681e+06,-3.213108e-03,4.385254e-03,-1.250981e-02,3.464424e-18,761,44044
0.000000e+00,6.715480e-08,-1.888681e-07,4.432166e-07,0.000000e+00,0.000000e+00,0.000000e+00,-9.144555e+06,2.574993e+07,-4.145268e+07,3.791660e-18,762,0
1.103182e-09,6.575975e-04,-1.785509e-03,2.500217e-03,5.964305e+05,-1.619399e+06,2.267100e+06,-2.417231e-01,6.508259e-01,-6.978331e-01,3.791660e-18,762,4854
1.102727e-08,6.576973e-03,-1.785750e-02,2.500012e-02,5.964724e+05,-1.619512e+06,2.267222e+06,-2.109977e-03,5.759750e-03,-8.316810e-03,3.791660e-18,762,48520
0.000000e+00,-5.363041e-09,-1.928886e-07,4.306215e-07,0.000000e+00,0.000000e+00,0.000000e+00,3.630578e+06,3.481570e+07,-4.061982e+07,3.900029e-18,763,0
1.062727e-09,-1.413566e-04,-2.314293e-03,2.500301e-03,-1.330564e+05,-2.178696e+06,2.353372e+06,3.756804e-02,7.272916e-01,-6.311146e-01,3.900029e-18,763,4676
1.062318e-08,-1.413486e-03,-2.314458e-02,2.500044e-02,-1.330627e+05,-2.178818e+06,2.353478e+06,4.403346e-04,6.353904e-03,-6.970452e-03,3.900029e-18,763,46742
0.000000e+00,-9.261952e-08,5.542345e-08,5.986273e-07,0.000000e+00,0.000000e+00,0.000000e+00,8.054212e+06,-3.915945e+06,-3.581413e+07,3.085612e-18,764,0
1.033864e-09,-6.858979e-04,3.084240e-04,2.500382e-03,-6.639456e+05,2.985688e+05,2.419760e+06,3.983321e-01,-2.040809e-01,-1.231037e+00,3.085612e-18,764,4549
1.033159e-08,-6.859583e-03,3.084692e-03,2.500020e-02,-6.640104e+05,2.986021e+05,2.419962e+06,3.513685e-03,-1.392654e-03,-1.443351e-02,3.085612e-18,764,45459
0.000000e+00,-5.635507e-08,9.232003e-08,3.262608e-07,0.000000e+00,0.000000e+00,0.000000e+00,1.951996e+07,-2.684322e+07,-7.681141e+07,5.187518e-18,765,0
6.570455e-10,-6.740030e-04,8.995920e-04,2.500794e-03,-1.026218e+06,1.369568e+06,3.807083e+06,5.137705e-01,-5.663583e-01,-1.492915e+00,5.187518e-18,765,2891
6.566818e-09,-6.738978e-03,8.993714e-03,2.500055e-02,-1.026271e+06,1.369627e+06,3.807238e+06,4.976294e-03,-5.710464e-03,-1.531356e-02,5.187518e-18,765,28894
0.000000e+00,-1.740783e-07,-4.287350e-08,2.520583e-07,0.000000e+00,0.000000e+00,0.000000e+00,6.881936e+07,1.300863e+07,-7.291517e+07,5.650649e-18,766,0
7.584091e-10,-2.426033e-03,-4.536372e-04,2.500428e-03,-3.199443e+06,-5.982290e+05,3.297322e+06,7.397138e-01,1.267415e-01,-6.378952e-01,5.650649e-18,766,3337
7.582045e-09,-2.425837e-02,-4.535820e-03,2.500058e-02,-3.199532e+06,-5.982442e+05,3.297398e+06,7.126094e-03,1.294634e-03,-6.633689e-03,5.650649e-18,766,33361
0.000000e+00,1.695285e-08,3.665053e-08,3.518906e-07,0.000000e+00,0.000000e+00,0.000000e+00,-1.906684e+06,-1.080807e+07,-7.585734e+07,5.081410e-18,767,0
6.281818e-10,4.893855e-05,3.833951e-04,2.500539e-03,7.789594e+04,6.105862e+05,3.981909e+06,-1.796193e-02,-3.308155e-01,-1.977682e+00,5.081410e-18,767,2764
6.278409e-09,4.890767e-04,3.833499e-03,2.500015e-02,7.789773e+04,6.106190e+05,3.982105e+06,-2.686410e-04,-3.198926e-03,-2.005321e-02,5.081410e-18,767,27625
0.000000e+00,4.776933e-10,-1.565826e-08,1.812024e-07,0.000000e+00,0.000000e+00,0.000000e+00,-6.043979e+04,2.774467e+07,-2.891397e+08,9.259859e-18,768,0
2.147727e-10,5.096802e-07,-2.402452e-04,2.501949e-03,2.370740e+03,-1.118584e+06,1.164898e+07,4.750459e-04,1.978666e-01,-1.934696e+00,9.259859e-18,768,945
2.146136e-09,5.088416e-06,-2.400648e-03,2.500046e-02,2.370724e+03,-1.118590e+06,1.164904e+07,2.040932e-06,1.958840e-03,-1.939066e-02,9.259859e-18,768,9443
0.000000e+00,8.427142e-08,-6.736024e-08,2.785490e-07,0.000000e+00,0.000000e+00,0.000000e+00,-3.403120e+07,2.977707e+07,-9.719492e+07,5.872780e-18,769,0
5.665909e-10,8.916989e-04,-7.825940e-04,2.500766e-03,1.574120e+06,-1.381541e+06,4.414423e+06,-5.725378e-01,5.194839e-01,-1.476510e+00,5.872780e-18,769,2493
5.663409e-09,8.914916e-03,-7.824251e-03,2.500084e-02,1.574171e+06,-1.381587e+06,4.414556e+06,-5.611573e-03,5.131937e-03,-1.490275e-02,5.872780e-18,769,24919
0.000000e+00,1.931504e-07,4.553017e-08,4.314593e-07,0.000000e+00,0.000000e+00,0.000000e+00,-2.756863e+07,-6.973825e+06,-4.126648e+07,3.866531e-18,770,0
1.075000e-09,1.819998e-03,4.925727e-04,2.500458e-03,1.693914e+06,4.584857e+05,2.326806e+06,-6.776249e-01,-2.029189e-01,-7.462668e-01,3.866531e-18,770,4730
1.074432e-08,1.819991e-02,4.926092e-03,2.500010e-02,1.694029e+06,4.585201e+05,2.326934e+06,-5.739194e-03,-1.710466e-03,-8.790819e-03,3.866531e-18,770,47275
0.000000e+00,-1.612793e-07,-7.324683e-08,2.176064e-07,0.000000e+00,0.000000e+00,0.000000e+00,8.541032e+07,4.399713e+07,-9.213038e+07,6.158186e-18,771,0
6.340909e-10,-2.341546e-03,-1.215445e-03,2.500053e-03,-3.693096e+06,-1.917055e+06,3.942952e+06,6.429247e-01,3.727371e-01,-6.098728e-01,6.158186e-18,771,2790
6.340455e-09,-2.341600e-02,-1.215503e-02,2.500026e-02,-3.693160e+06,-1.917092e+06,3.943013e+06,6.307360e-03,3.657158e-03,-6.234189e-03,6.158186e-18,771,27898
0.000000e+00,1.150311e-07,1.312656e-07,3.463753e-07,0.000000e+00,0.000000e+00,0.000000e+00,-2.649413e+07,-2.943872e+07,-4.875032e+07,4.642040e-18,772,0
9.647727e-10,1.494333e-03,1.580114e-03,2.500295e-03,1.549561e+06,1.638512e+06,2.592302e+06,-5.311557e-01,-5.812001e-01,-7.212275e-01,4.642040e-18,772,4245
9.644091e-09,1.494404e-02,1.580192e-02,2.500050e-02,1.549641e+06,1.638601e+06,2.592412e+06,-4.821411e-03,-5.200342e-03,-7.831216e-03,4.642040e-18,772,42434
0.000000e+00,1.278900e-07,2.143535e-08,4.219339e-07,0.000000e+00,0.000000e+00,0.000000e+00,-2.373758e+07,-7.830715e+06,-4.824376e+07,4.176450e-18,773,0
9.627273e-10,1.438849e-03,4.548623e-04,2.500048e-03,1.495394e+06,4.728374e+05,2.597792e+06,-6.815458e-01,-2.855334e-01,-1.005549e+00,4.176450e-18,773,4236
9.623636e-09,1.439106e-02,4.550374e-03,2.500038e-02,1.495497e+06,4.728807e+05,2.597945e+06,-6.091359e-03,-2.098185e-03,-1.142497e-02,4.176450e-18,773,42344
0.000000e+00,-1.560706e-07,-2.004089e-07,2.586025e-07,0.000000e+00,0.000000e+00,0.000000e+00,4.006705e+07,5.115981e+07,-4.409309e+07,4.814353e-18,774,0
1.206818e-09,-2.435535e-03,-3.109329e-03,2.500090e-03,-2.018571e+06,-2.577007e+06,2.071815e+06,2.988582e-01,3.798380e-01,-2.058175e-01,4.814353e-18,774,5310
1.206682e-08,-2.435773e-02,-3.109627e-02,2.500035e-02,-2.018628e+06,-2.577079e+06,2.071854e+06,2.504706e-03,3.135845e-03,-2.470457e-03,4.814353e-18,774,53094
0.000000e+00,9.800162e-08,-1.139440e-07,1.689153e-07,0.000000e+00,0.000000e+00,0.000000e+00,-8.775049e+07,1.026561e+08,-1.326525e+08,7.490066e-18,775,0
4.593182e-10,1.660052e-03,-1.942193e-03,2.500984e-03,3.614249e+06,-4.228526e+06,5.445032e+06,-4.629538e-01,5.428475e-01,-6.341620e-01,7.490066e-18,775,2021
4.591364e-09,1.659441e-02,-1.941479e-02,2.500026e-02,3.614282e+06,-4.228565e+06,5.445078e+06,-4.595056e-03,5.387140e-03,-6.382021e-03,7.490066e-18,775,20202
0.000000e+00,-6.362937e-08,2.098626e-07,2.735485e-07,0.000000e+00,0.000000e+00,0.000000e+00,2.018586e+07,-5.536511e+07,-5.384327e+07,4.995488e-18,776,0
9.813636e-10,-9.662092e-04,2.731645e-03,2.500035e-03,-9.848117e+05,2.784202e+06,2.547920e+06,2.222529e-01,-6.087386e-01,-4.695465e-01,4.995488e-18,776,4318
9.812045e-09,-9.663020e-03,2.731873e-02,2.500043e-02,-9.848461e+05,2.784296e+06,2.547993e+06,1.990378e-03,-5.561134e-03,-4.965801e-03,4.995488e-18,776,43173
0.000000e+00,-1.077320e-07,3.906309e-08,1.786979e-07,0.000000e+00,0.000000e+00,0.000000e+00,1.171068e+08,-4.317069e+07,-1.762957e+08,7.979938e-18,777,0
3.481818e-10,-1.664109e-03,6.135435e-04,2.500491e-03,-4.779464e+06,1.762153e+06,7.181542e+06,7.399191e-01,-2.746359e-01,-1.037175e+00,7.979938e-18,777,1532
3.481136e-09,-1.663806e-02,6.134328e-03,2.500008e-02,-4.779505e+06,1.762168e+06,7.181599e+06,7.351533e-03,-2.737845e-03,-1.043607e-02,7.979938e-18,777,15317
0.000000e+00,1.048875e-07,-1.840193e-07,3.819870e-07,0.000000e+00,0.000000e+00,0.000000e+00,-1.968880e+07,2.784938e+07,-4.567991e+07,4.163576e-18,778,0
9.840909e-10,1.188112e-03,-1.660072e-03,2.500427e-03,1.207909e+06,-1.687687e+06,2.541673e+06,-4.687429e-01,6.454023e-01,-8.035537e-01,4.163576e-18,778,4330
9.836136e-09,1.188111e-02,-1.660029e-02,2.500035e-02,1.207981e+06,-1.687788e+06,2.541798e+06,-4.133923e-03,5.704642e-03,-8.599489e-03,4.163576e-18,778,43279
0.000000e+00,2.617613e-07,-6.265563e-08,4.673157e-07,0.000000e+00,0.000000e+00,0.000000e+00,-3.111011e+07,3.159064e+06,-2.981786e+07,3.388696e-18,779,0
1.371136e-09,2.809917e-03,-3.724917e-04,2.500038e-03,2.050323e+06,-2.717915e+05,1.823792e+06,-5.661699e-01,7.776497e-02,-3.646174e-01,3.388696e-18,779,6033
1.370773e-08,2.810516e-02,-3.725643e-03,2.500022e-02,2.050445e+06,-2.718082e+05,1.823872e+06,-5.149426e-03,7.004118e-04,-4.640840e-03,3.388696e-18,779,60314
0.000000e+00,1.553136e-07,8.820946e-09,5.647339e-07,0.000000e+00,0.000000e+00,0.000000e+00,-1.309847e+07,-6.544840e+05,-3.807944e+07,3.198397e-18,780,0
1.008636e-09,1.044537e-03,1.232656e-04,2.500544e-03,1.036349e+06,1.223168e+05,2.480264e+06,-6.165214e-01,-7.379161e-02,-1.134416e+00,3.198397e-18,780,4438
1.007955e-08,1.044590e-02,1.232878e-03,2.500015e-02,1.036447e+06,1.223285e+05,2.480445e+06,-4.930263e-03,-6.079938e-04,-1.308334e-02,3.198397e-18,780,44350
0.000000e+00,1.726060e-07,1.176570e-07,4.438943e-07,0.000000e+00,0.000000e+00,0.000000e+00,-2.173475e+07,-1.693718e+07,-4.227625e+07,3.746257e-18,781,0
1.012500e-09,1.374674e-03,1.105157e-03,2.500559e-03,1.358279e+06,1.092158e+06,2.470608e+06,-4.965613e-01,-5.145887e-01,-8.977344e-01,3.746257e-18,781,4455
1.011909e-08,1.374457e-02,1.105161e-02,2.500046e-02,1.358359e+06,1.092240e+06,2.470752e+06,-4.128658e-03,-4.258700e-03,-9.862433e-03,3.746257e-18,781,44524
0.000000e+00,-1.734630e-07,5.711602e-08,3.796911e-07,0.000000e+00,0.000000e+00,0.000000e+00,4.022847e+07,-8.404490e+06,-4.467907e+07,4.308975e-18,782,0
1.032955e-09,-2.361223e-03,4.519434e-04,2.500451e-03,-2.286801e+06,4.376894e+05,2.421317e+06,6.958859e-01,-1.436851e-01,-6.341678e-01,4.308975e-18,782,4545
1.032500e-08,-2.361116e-02,4.519153e-03,2.500024e-02,-2.286915e+06,4.377128e+05,2.421421e+06,5.973001e-03,-1.280263e-03,-6.945265e-03,4.308975e-18,782,45430
0.000000e+00,-1.743059e-07,-3.922976e-08,2.687904e-07,0.000000e+00,0.000000e+00,0.000000e+00,6.130031e+07,-2.015422e+06,-7.803069e+07,5.445012e-18,783,0
7.009091e-10,-2.016590e-03,5.725951e-05,2.500065e-03,-2.877688e+06,8.177467e+04,3.567402e+06,8.070790e-01,-3.192190e-02,-8.743895e-01,5.445012e-18,783,3084
7.007955e-09,-2.016677e-02,5.730345e-04,2.500034e-02,-2.877778e+06,8.177821e+04,3.567499e+06,7.934961e-03,-2.893517e-04,-8.959351e-03,5.445012e-18,783,30835
0.000000e+00,4.575060e-08,-4.913865e-08,3.224997e-07,0.000000e+00,0.000000e+00,0.000000e+00,-1.361574e+07,2.049580e+07,-8.570062e+07,5.413605e-18,784,0
5.984091e-10,4.117078e-04,-6.146773e-04,2.500551e-03,6.882178e+05,-1.027538e+06,4.179714e+06,-3.256482e-01,4.933458e-01,-1.796700e+00,5.413605e-18,784,2633
5.981364e-09,4.116490e-03,-6.146076e-03,2.500052e-02,6.882486e+05,-1.027585e+06,4.179884e+06,-3.258960e-03,4.783486e-03,-1.819145e-02,5.413605e-18,784,26318
0.000000e+00,1.772675e-07,-1.656181e-07,4.379717e-07,0.000000e+00,0.000000e+00,0.000000e+00,-2.477148e+07,2.113747e+07,-3.677519e+07,3.660860e-18,785,0
1.175682e-09,1.777620e-03,-1.575182e-03,2.500286e-03,1.512753e+06,-1.340471e+06,2.127242e+06,-5.258063e-01,4.626697e-01,-5.193587e-01,3.660860e-18,785,5173
1.175227e-08,1.777824e-02,-1.575355e-02,2.500010e-02,1.512850e+06,-1.340557e+06,2.127339e+06,-4.268719e-03,3.758940e-03,-6.413181e-03,3.660860e-18,785,51710
0.000000e+00,1.659882e-08,2.890090e-07,4.347036e-07,0.000000e+00,0.000000e+00,0.000000e+00,-1.918303e+06,-3.388509e+07,-3.241354e+07,3.449673e-18,786,0
1.333182e-09,1.385118e-04,2.865364e-03,2.500248e-03,1.039656e+05,2.150218e+06,1.875836e+06,-4.533115e-02,-5.753501e-01,-3.630694e-01,3.449673e-18,786,5866
1.332750e-08,1.385603e-03,2.865696e-02,2.500039e-02,1.039751e+05,2.150338e+06,1.875913e+06,-3.989803e-04,-5.088444e-03,-4.587374e-03,3.449673e-18,786,58641
0.000000e+00,-1.886258e-07,1.249682e-07,4.935235e-07,0.000000e+00,0.000000e+00,0.000000e+00,1.309001e+07,-1.532798e+07,-3.624671e+07,3.399341e-18,787,0
1.095455e-09,-1.109995e-03,1.074571e-03,2.500096e-03,-1.013944e+06,9.815798e+05,2.283203e+06,5.236135e-01,-4.838469e-01,-8.525800e-01,3.399341e-18,787,4820
1.094955e-08,-1.110223e-02,1.074783e-02,2.500019e-02,-1.014034e+06,9.816633e+05,2.283352e+06,3.964422e-03,-4.012305e-03,-1.036312e-02,3.399341e-18,787,48178
0.000000e+00,1.372745e-07,-2.714625e-08,2.540671e-07,0.000000e+00,0.000000e+00,0.000000e+00,-6.159103e+07,1.206264e+07,-9.221278e+07,6.006172e-18,788,0
6.061364e-10,1.700865e-03,-3.331947e-04,2.500567e-03,2.806583e+06,-5.498012e+05,4.125962e+06,-8.322176e-01,1.628086e-01,-1.093990e+00,6.006172e-18,788,2667
6.059318e-09,1.700603e-02,-3.331431e-03,2.500066e-02,2.806663e+06,-5.498168e+05,4.126067e+06,-8.126601e-03,1.583836e-03,-1.104410e-02,6.006172e-18,788,26661
0.000000e+00,-7.686968e-09,-2.089195e-07,3.390228e-07,0.000000e+00,0.000000e+00,0.000000e+00,5.371913e+06,4.133676e+07,-5.375873e+07,4.507186e-18,789,0
8.759091e-10,-2.568549e-04,-2.022922e-03,2.500030e-03,-2.933883e+05,-2.310338e+06,2.854978e+06,1.199926e-01,7.972641e-01,-8.606593e-01,4.507186e-18,789,3854
8.756818e-09,-2.569129e-03,-2.023120e-02,2.500063e-02,-2.934049e+05,-2.310448e+06,2.855097e+06,1.133045e-03,7.440202e-03,-8.874583e-03,4.507186e-18,789,38530
0.000000e+00,6.091785e-08,2.082813e-07,5.265222e-07,0.000000e+00,0.000000e+00,0.000000e+00,-5.384194e+06,-2.287726e+07,-3.388451e+07,3.238937e-18,790,0
1.172273e-09,5.110364e-04,1.806265e-03,2.500347e-03,4.361978e+05,1.541768e+06,2.133725e+06,-1.768727e-01,-6.542945e-01,-7.102303e-01,3.238937e-18,790,5158
1.171659e-08,5.110730e-03,1.806421e-02,2.500017e-02,4.362304e+05,1.541888e+06,2.133857e+06,-1.556479e-03,-5.633799e-03,-8.476931e-03,3.238937e-18,790,51553
0.000000e+00,-2.132943e-07,-5.924531e-08,2.518134e-07,0.000000e+00,0.000000e+00,0.000000e+00,7.714919e+07,1.423529e+07,-5.776329e+07,5.212833e-18,791,0
9.563636e-10,-3.425786e-03,-6.422568e-04,2.500344e-03,-3.582659e+06,-6.716510e+05,2.614630e+06,5.489894e-01,1.038163e-01,-3.181119e-01,5.212833e-18,791,4208
9.561591e-09,-3.425597e-02,-6.422078e-03,2.500017e-02,-3.582742e+06,-6.716667e+05,2.614678e+06,5.079507e-03,9.917848e-04,-3.396741e-03,5.212833e-18,791,42071
0.000000e+00,-1.896330e-07,-9.851666e-08,5.676200e-07,0.000000e+00,0.000000e+00,0.000000e+00,1.729994e+07,9.520773e+06,-3.493446e+07,3.038894e-18,792,0
1.114545e-09,-1.428883e-03,-8.149543e-04,2.500148e-03,-1.282847e+06,-7.316725e+05,2.244058e+06,5.993185e-01,3.358723e-01,-8.138414e-01,3.038894e-18,792,4904
1.114045e-08,-1.429147e-02,-8.151126e-03,2.500005e-02,-1.282952e+06,-7.317315e+05,2.244202e+06,5.107693e-03,2.991203e-03,-9.613431e-03,3.038894e-18,792,49018
0.000000e+00,7.364371e-08,-1.970698e-08,5.212659e-07,0.000000e+00,0.000000e+00,0.000000e+00,-9.434635e+06,2.722853e+06,-4.639930e+07,3.573500e-18,793,0
8.372727e-10,5.947421e-04,-1.201289e-04,2.500372e-03,7.108300e+05,-1.435489e+05,2.987957e+06,-4.522839e-01,8.015278e-02,-1.783679e+00,3.573500e-18,793,3684
8.367045e-09,5.947503e-03,-1.201086e-03,2.500048e-02,7.108898e+05,-1.435595e+05,2.988194e+06,-4.261911e-03,8.562779e-04,-1.844894e-02,3.573500e-18,793,36815
0.000000e+00,5.725665e-08,-1.975873e-07,3.877086e-07,0.000000e+00,0.000000e+00,0.000000e+00,-6.938731e+06,3.544771e+07,-4.725479e+07,4.150698e-18,794,0
9.634091e-10,3.953879e-04,-2.039713e-03,2.500387e-03,4.105418e+05,-2.118114e+06,2.596093e+06,-1.329536e-01,7.763023e-01,-7.722929e-01,4.150698e-18,794,4239
9.630000e-09,3.953531e-03,-2.039739e-02,2.500051e-02,4.105620e+05,-2.118232e+06,2.596211e+06,-1.299558e-03,7.012444e-03,-8.407779e-03,4.150698e-18,794,42372
0.000000e+00,1.419894e-07,-2.030048e-07,3.644855e-07,0.000000e+00,0.000000e+00,0.000000e+00,-2.484624e+07,3.293310e+07,-4.022844e+07,4.092601e-18,795,0
1.142273e-09,1.660075e-03,-2.218649e-03,2.500130e-03,1.453887e+06,-1.943060e+06,2.189251e+06,-4.059266e-01,5.311310e-01,-4.673822e-01,4.092601e-18,795,5026
1.141955e-08,1.660270e-02,-2.218882e-02,2.500038e-02,1.453960e+06,-1.943156e+06,2.189336e+06,-3.290912e-03,4.516785e-03,-5.263365e-03,4.092601e-18,795,50246
0.000000e+00,-1.298961e-07,2.035832e-07,5.164961e-07,0.000000e+00,0.000000e+00,0.000000e+00,1.423824e+07,-2.434850e+07,-3.366438e+07,3.230262e-18,796,0
1.175909e-09,-1.126800e-03,1.860136e-03,2.500052e-03,-9.587645e+05,1.582664e+06,2.126768e+06,3.644363e-01,-5.504342e-01,-6.319555e-01,3.230262e-18,796,5174
1.175500e-08,-1.127025e-02,1.860418e-02,2.500036e-02,-9.588320e+05,1.582766e+06,2.126886e+06,3.109387e-03,-4.560551e-03,-7.215687e-03,3.230262e-18,796,51722
0.000000e+00,8.809437e-08,1.093956e-07,5.143963e-07,0.000000e+00,0.000000e+00,0.000000e+00,-9.108244e+06,-1.558127e+07,-3.900424e+07,3.502550e-18,797,0
1.035682e-09,6.020325e-04,1.134227e-03,2.500261e-03,5.816651e+05,1.095938e+06,2.415257e+06,-3.138088e-01,-5.968555e-01,-1.064222e+00,3.502550e-18,797,4557
1.035091e-08,6.020771e-03,1.134389e-02,2.500027e-02,5.817164e+05,1.096036e+06,2.415432e+06,-2.472229e-03,-4.918254e-03,-1.213867e-02,3.502550e-18,797,45544
0.000000e+00,-9.261279e-08,-6.931106e-08,5.471877e-07,0.000000e+00,0.000000e+00,0.000000e+00,1.268425e+07,7.745111e+06,-4.382806e+07,3.359751e-18,798,0
8.813636e-10,-7.413595e-04,-5.270981e-04,2.500621e-03,-8.417389e+05,-5.984752e+05,2.838662e+06,5.346337e-01,3.776883e-01,-1.560910e+00,3.359751e-18,798,3878
8.807045e-09,-7.413202e-03,-5.270767e-03,2.500038e-02,-8.418133e+05,-5.985278e+05,2.838879e+06,4.705088e-03,3.475045e-03,-1.626391e-02,3.359751e-18,798,38751
0.000000e+00,1.281409e-07,6.913657e-08,4.955845e-07,0.000000e+00,0.000000e+00,0.000000e+00,-1.475041e+07,-8.965249e+06,-4.473942e+07,3.617042e-18,799,0
8.900000e-10,8.775786e-04,4.968643e-04,2.500302e-03,9.866764e+05,5.586443e+05,2.810727e+06,-5.749351e-01,-3.523019e-01,-1.468556e+00,3.617042e-18,799,3916
8.894545e-09,8.776010e-03,4.968886e-03,2.500026e-02,9.867572e+05,5.586938e+05,2.810934e+06,-5.479756e-03,-3.025465e-03,-1.535984e-02,3.617042e-18,799,39136
0.000000e+00,1.263536e-07,-8.993433e-08,5.067917e-07,0.000000e+00,0.000000e+00,0.000000e+00,-1.190691e+07,1.301022e+07,-4.477702e+07,3.527203e-18,800,0
8.686364e-10,7.327517e-04,-8.295756e-04,2.500226e-03,8.440748e+05,-9.556887e+05,2.879669e+06,-4.907456e-01,5.650157e-01,-1.436974e+00,3.527203e-18,800,3822
8.681591e-09,7.327905e-03,-8.296829e-03,2.500023e-02,8.441421e+05,-9.557661e+05,2.879867e+06,-4.405849e-03,5.317577e-03,-1.492845e-02,3.527203e-18,800,38199
0.000000e+00,8.471857e-09,-1.397087e-07,3.577516e-07,0.000000e+00,0.000000e+00,0.000000e+00,2.459269e+06,3.210164e+07,-6.036724e+07,4.703148e-18,801,0
7.695455e-10,-2.002662e-04,-1.395967e-03,2.500409e-03,-2.604228e+05,-1.814787e+06,3.250240e+06,1.312350e-01,8.185982e-01,-1.282441e+00,4.703148e-18,801,3386
7.691818e-09,-2.003075e-03,-1.395899e-02,2.500035e-02,-2.604387e+05,-1.814886e+06,3.250396e+06,1.168067e-03,7.842827e-03,-1.310679e-02,4.703148e-18,801,33844
0.000000e+00,-9.801728e-08,-1.092069e-07,1.837129e-07,0.000000e+00,0.000000e+00,0.000000e+00,7.649958e+07,8.961230e+07,-1.260099e+08,7.238029e-18,802,0
4.793182e-10,-1.524831e-03,-1.786972e-03,2.500278e-03,-3.181374e+06,-3.728317e+06,5.216429e+06,4.886981e-01,5.813866e-01,-7.304193e-01,7.238029e-18,802,2109
4.792727e-09,-1.524753e-02,-1.786889e-02,2.500107e-02,-3.181411e+06,-3.728361e+06,5.216484e+06,4.838134e-03,5.751285e-03,-7.344603e-03,7.238029e-18,802,21088
0.000000e+00,1.884195e-07,2.199982e-07,3.827336e-07,0.000000e+00,0.000000e+00,0.000000e+00,-2.598853e+07,-3.235442e+07,-3.255792e+07,3.728128e-18,803,0
1.400455e-09,2.220114e-03,2.771300e-03,2.500269e-03,1.585845e+06,1.979582e+06,1.785604e+06,-3.215669e-01,-4.060910e-01,-2.414460e-01,3.728128e-18,803,6162
1.400091e-08,2.220323e-02,2.771586e-02,2.500025e-02,1.585916e+06,1.979671e+06,1.785658e+06,-2.672487e-03,-3.437576e-03,-3.055654e-03,3.728128e-18,803,61604
0.000000e+00,-1.704184e-07,9.010685e-08,1.881306e-07,0.000000e+00,0.000000e+00,0.000000e+00,9.698034e+07,-5.229615e+07,-8.575770e+07,6.342075e-18,804,0
6.904545e-10,-2.859118e-03,1.543074e-03,2.500345e-03,-4.141202e+06,2.235026e+06,3.621424e+06,5.250724e-01,-2.887215e-01,-3.908347e-01,6.342075e-18,804,3038
6.903409e-09,-2.858851e-02,1.542935e-02,2.500030e-02,-4.141259e+06,2.235058e+06,3.621466e+06,5.123535e-03,-2.773163e-03,-4.021543e-03,6.342075e-18,804,30375
0.000000e+00,1.137226e-07,-1.383641e-07,4.673271e-07,0.000000e+00,0.000000e+00,0.000000e+00,-1.516764e+07,1.736344e+07,-4.213664e+07,3.710460e-18,805,0
1.023409e-09,1.069130e-03,-1.223711e-03,2.500374e-03,1.045314e+06,-1.196448e+06,2.444113e+06,-4.905365e-01,5.645020e-01,-9.135672e-01,3.710460e-18,805,4503
1.022864e-08,1.069208e-02,-1.223798e-02,2.500011e-02,1.045393e+06,-1.196539e+06,2.444261e+06,-3.837303e-03,4.741609e-03,-1.023563e-02,3.710460e-18,805,45006
0.000000e+00,1.500024e-07,-1.613256e-07,5.111283e-07,0.000000e+00,0.000000e+00,0.000000e+00,-2.859408e+07,1.460441e+07,-4.510525e+07,3.340247e-18,806,0
9.481818e-10,1.595445e-03,-8.780379e-04,2.500580e-03,1.683480e+06,-9.264134e+05,2.638107e+06,-7.199867e-01,3.892554e-01,-9.793202e-01,3.340247e-18,806,4172
9.476591e-09,1.595361e-02,-8.779281e-03,2.500047e-02,1.683588e+06,-9.264716e+05,2.638254e+06,-6.364930e-03,3.712445e-03,-1.023760e-02,3.340247e-18,806,41697
0.000000e+00,-1.515653e-07,1.742154e-07,3.945278e-07,0.000000e+00,0.000000e+00,0.000000e+00,2.412170e+07,-2.773555e+07,-3.860039e+07,3.953845e-18,807,0
1.159318e-09,-1.717677e-03,1.997521e-03,2.500450e-03,-1.482311e+06,1.723789e+06,2.157406e+06,4.598557e-01,-5.221841e-01,-5.085122e-01,3.953845e-18,807,5101
1.158795e-08,-1.717689e-02,1.997511e-02,2.500005e-02,-1.482395e+06,1.723884e+06,2.157499e+06,4.022228e-03,-4.372020e-03,-5.679570e-03,3.953845e-18,807,50987
0.000000e+00,-9.002482e-08,2.638424e-07,3.897416e-07,0.000000e+00,0.000000e+00,0.000000e+00,1.062167e+07,-3.709182e+07,-3.720685e+07,3.745689e-18,808,0
1.186818e-09,-7.257426e-04,2.700511e-03,2.500022e-03,-6.117266e+05,2.276341e+06,2.107003e+06,1.674366e-01,-6.286490e-01,-4.485093e-01,3.745689e-18,808,5222
1.186523e-08,-7.258286e-03,2.700926e-02,2.500021e-02,-6.117578e+05,2.276459e+06,2.107088e+06,1.325330e-03,-5.384945e-03,-5.124141e-03,3.745689e-18,808,52207
0.000000e+00,-1.561416e-08,1.266334e-07,2.029456e-07,0.000000e+00,0.000000e+00,0.000000e+00,1.007151e+07,-1.005882e+08,-1.367622e+08,7.122021e-18,809,0
4.409091e-10,-1.846196e-04,1.848656e-03,2.500664e-03,-4.187346e+05,4.193034e+06,5.671748e+06,7.309838e-02,-8.032430e-01,-9.785412e-01,7.122021e-18,809,1940
4.407955e-09,-1.845775e-03,1.848280e-02,2.500097e-02,-4.187397e+05,4.193090e+06,5.671816e+06,7.877319e-04,-7.939929e-03,-9.873295e-03,7.122021e-18,809,19395
0.000000e+00,-2.494095e-08,-9.645827e-08,6.516938e-07,0.000000e+00,0.000000e+00,0.000000e+00,6.203326e+06,4.165349e+06,-3.642554e+07,2.837362e-18,810,0
9.729545e-10,-3.963255e-04,-3.542853e-04,2.500073e-03,-4.076535e+05,-3.643578e+05,2.570860e+06,2.500601e-01,2.223099e-01,-1.357749e+00,2.837362e-18,810,4281
9.724318e-09,-3.964127e-03,-3.543160e-03,2.500011e-02,-4.076918e+05,-3.643919e+05,2.571069e+06,1.989067e-03,1.700873e-03,-1.548107e-02,2.837362e-18,810,42787
0.000000e+00,1.335188e-07,-2.385768e-07,4.417453e-07,0.000000e+00,0.000000e+00,0.000000e+00,-1.559562e+07,3.870183e+07,-3.628215e+07,3.515675e-18,811,0
1.243864e-09,1.189894e-03,-2.818121e-03,2.500413e-03,9.569494e+05,-2.266449e+06,2.010517e+06,-2.314210e-01,5.411142e-01,-3.367108e-01,3.515675e-18,811,5473
1.243455e-08,1.189923e-02,-2.818221e-02,2.500008e-02,9.569947e+05,-2.266555e+06,2.010583e+06,-1.858879e-03,4.583780e-03,-4.187433e-03,3.515675e-18,811,54712
0.000000e+00,-5.815471e-08,-2.186716e-07,2.234005e-07,0.000000e+00,0.000000e+00,0.000000e+00,2.136043e+07,7.720860e+07,-5.973435e+07,5.426440e-18,812,0
9.306818e-10,-9.235937e-04,-3.329438e-03,2.500395e-03,-9.925387e+05,-3.577957e+06,2.686858e+06,1.551811e-01,5.533261e-01,-3.345273e-01,5.426440e-18,812,4095
9.304545e-09,-9.235135e-03,-3.329133e-02,2.500012e-02,-9.925615e+05,-3.578039e+06,2.686907e+06,1.432766e-03,5.149385e-03,-3.462886e-03,5.426440e-18,812,40940
0.000000e+00,9.165725e-08,2.206812e-07,3.906615e-07,0.000000e+00,0.000000e+00,0.000000e+00,-1.050713e+07,-3.236225e+07,-4.585137e+07,3.952357e-18,813,0
1.008864e-09,6.991364e-04,2.152185e-03,2.500398e-03,6.932921e+05,2.134244e+06,2.479068e+06,-2.434075e-01,-7.409908e-01,-6.607100e-01,3.952357e-18,813,4439
1.008455e-08,6.991526e-03,2.152279e-02,2.500043e-02,6.933309e+05,2.134362e+06,2.479174e+06,-2.103467e-03,-6.304088e-03,-7.299789e-03,3.952357e-18,813,44372
0.000000e+00,2.725729e-07,5.174046e-09,4.408358e-07,0.000000e+00,0.000000e+00,0.000000e+00,-3.653206e+07,-4.507921e+05,-3.518484e+07,3.514478e-18,814,0
1.229091e-09,2.807235e-03,3.328426e-05,2.500239e-03,2.284985e+06,2.709925e+04,2.034690e+06,-6.500117e-01,-1.331639e-02,-4.265097e-01,3.514478e-18,814,5408
1.228682e-08,2.807513e-02,3.329641e-04,2.500004e-02,2.285111e+06,2.710184e+04,2.034773e+06,-5.440596e-03,-1.108585e-04,-5.025035e-03,3.514478e-18,814,54062
0.000000e+00,-2.076290e-07,-1.198126e-07,5.530542e-07,0.000000e+00,0.000000e+00,0.000000e+00,2.032199e+07,1.197009e+07,-3.228333e+07,3.040857e-18,815,0
1.202045e-09,-1.794205e-03,-9.515608e-04,2.500175e-03,-1.493533e+06,-7.920735e+05,2.080650e+06,6.022797e-01,3.140399e-01,-6.362422e-01,3.040857e-18,815,5289
1.201545e-08,-1.794541e-02,-9.517109e-03,2.500018e-02,-1.493647e+06,-7.921330e+05,2.080772e+06,5.289231e-03,2.822074e-03,-7.563047e-03,3.040857e-18,815,52868
0.000000e+00,-8.882923e-08,-1.345989e-07,6.155424e-07,0.000000e+00,0.000000e+00,0.000000e+00,8.463392e+06,1.272636e+07,-3.616984e+07,2.915212e-18,816,0
1.002045e-09,-6.540216e-04,-8.692380e-04,2.500092e-03,-6.531666e+05,-8.679979e+05,2.496049e+06,3.878000e-01,4.812109e-01,-1.107191e+00,2.915212e-18,816,4409
1.001591e-08,-6.542034e-03,-8.693820e-03,2.500044e-02,-6.532279e+05,-8.680739e+05,2.496224e+06,3.116000e-03,3.749551e-03,-1.287872e-02,2.915212e-18,816,44070
0.000000e+00,7.028040e-08,2.632214e-07,3.621698e-07,0.000000e+00,0.000000e+00,0.000000e+00,-9.995027e+06,-4.358810e+07,-3.771495e+07,3.943004e-18,817,0
1.269773e-09,7.421928e-04,3.213876e-03,2.500179e-03,5.847056e+05,2.531937e+06,1.969308e+06,-1.296283e-01,-5.540478e-01,-2.948135e-01,3.943004e-18,817,5587
1.269477e-08,7.422700e-03,3.214231e-02,2.500009e-02,5.847315e+05,2.532048e+06,1.969368e+06,-1.046643e-03,-4.701533e-03,-3.569378e-03,3.943004e-18,817,55857
0.000000e+00,-1.061661e-07,-6.529351e-08,3.866692e-07,0.000000e+00,0.000000e+00,0.000000e+00,2.190315e+07,9.782157e+06,-5.702698e+07,4.476733e-18,818,0
8.000000e-10,-1.018489e-03,-5.491609e-04,2.500594e-03,-1.273809e+06,-6.868360e+05,3.126940e+06,7.073137e-01,3.804330e-01,-1.406055e+00,4.476733e-18,818,3520
7.995227e-09,-1.018436e-02,-5.491388e-03,2.500069e-02,-1.273898e+06,-6.868841e+05,3.127118e+06,6.558572e-03,3.272190e-03,-1.473940e-02,4.476733e-18,818,35179
0.000000e+00,-1.498038e-07,4.022727e-08,6.382641e-07,0.000000e+00,0.000000e+00,0.000000e+00,1.390766e+07,-3.471783e+06,-3.464342e+07,2.827481e-18,819,0
1.003182e-09,-1.095637e-03,1.914360e-04,2.500287e-03,-1.092983e+06,1.910294e+05,2.493483e+06,6.743457e-01,-1.699565e-01,-1.160386e+00,2.827481e-18,819,4414
1.002614e-08,-1.095837e-02,1.915286e-03,2.500024e-02,-1.093089e+06,1.910562e+05,2.493668e+06,5.290808e-03,-8.743048e-04,-1.311054e-02,2.827481e-18,819,44115
0.000000e+00,2.420431e-07,-1.503590e-07,4.053985e-07,0.000000e+00,0.000000e+00,0.000000e+00,-3.537650e+07,1.806474e+07,-3.466825e+07,3.638526e-18,820,0
1.310682e-09,2.829778e-03,-1.435506e-03,2.500023e-03,2.159864e+06,-1.095644e+06,1.907783e+06,-5.159115e-01,2.603111e-01,-3.215203e-01,3.638526e-18,820,5767
1.310432e-08,2.830347e-02,-1.435766e-02,2.500037e-02,2.159970e+06,-1.095698e+06,1.907850e+06,-4.349152e-03,2.155864e-03,-3.893343e-03,3.638526e-18,820,57659
0.000000e+00,-1.248984e-07,8.749574e-08,2.936623e-07,0.000000e+00,0.000000e+00,0.000000e+00,3.955939e+07,-2.830357e+07,-7.674105e+07,5.329734e-18,821,0
6.861364e-10,-1.327099e-03,9.485648e-04,2.500377e-03,-1.934659e+06,1.382828e+06,3.644852e+06,6.675292e-01,-4.744997e-01,-1.126222e+00,5.329734e-18,821,3019
6.859091e-09,-1.327003e-02,9.484959e-03,2.500051e-02,-1.934731e+06,1.382879e+06,3.644975e+06,6.622387e-03,-4.660379e-03,-1.145784e-02,5.329734e-18,821,30180
0.000000e+00,1.788035e-07,1.077515e-07,3.951003e-07,0.000000e+00,0.000000e+00,0.000000e+00,-2.535852e+07,-1.809381e+07,-4.309483e+07,4.074552e-18,822,0
1.045455e-09,1.682393e-03,1.127429e-03,2.500220e-03,1.610173e+06,1.078972e+06,2.392279e+06,-7.103788e-01,-4.317212e-01,-7.263309e-01,4.074552e-18,822,4600
1.045045e-08,1.682698e-02,1.127571e-02,2.500053e-02,1.610290e+06,1.079043e+06,2.392399e+06,-5.335994e-03,-3.719408e-03,-8.434773e-03,4.074552e-18,822,45982
0.000000e+00,2.035775e-08,-2.165077e-07,2.915261e-07,0.000000e+00,0.000000e+00,0.000000e+00,-8.746806e+06,5.600506e+07,-5.458091e+07,4.862648e-18,823,0
9.243182e-10,4.295922e-04,-2.678978e-03,2.500168e-03,4.649213e+05,-2.899119e+06,2.705353e+06,-1.259205e-01,7.280815e-01,-5.534533e-01,4.862648e-18,823,4067
9.240909e-09,4.296279e-03,-2.679050e-02,2.500004e-02,4.649397e+05,-2.899226e+06,2.705434e+06,-1.097738e-03,6.621612e-03,-5.792315e-03,4.862648e-18,823,40660
0.000000e+00,-4.398026e-08,4.286841e-08,4.507864e-07,0.000000e+00,0.000000e+00,0.000000e+00,6.773990e+06,-8.878796e+06,-4.873792e+07,4.074012e-18,824,0
8.570455e-10,-4.212270e-04,4.595133e-04,2.500214e-03,-4.918728e+05,5.365214e+05,2.918904e+06,3.366500e-01,-3.391202e-01,-1.733553e+00,4.074012e-18,824,3771
8.565000e-09,-4.212851e-03,4.595288e-03,2.500049e-02,-4.919184e+05,5.365673e+05,2.919139e+06,3.048244e-03,-3.192835e-03,-1.790135e-02,4.074012e-18,824,37686
0.000000e+00,-2.304242e-07,-7.108769e-08,5.009053e-07,0.000000e+00,0.000000e+00,0.000000e+00,2.667262e+07,9.738740e+06,-3.354384e+07,3.291283e-18,825,0
1.219318e-09,-2.075843e-03,-7.706136e-04,2.500057e-03,-1.703429e+06,-6.323880e+05,2.051022e+06,6.447242e-01,2.446051e-01,-5.636501e-01,3.291283e-18,825,5365
1.218909e-08,-2.076320e-02,-7.708193e-03,2.500029e-02,-1.703553e+06,-6.324350e+05,2.051131e+06,5.605157e-03,2.021807e-03,-6.753347e-03,3.291283e-18,825,53632
0.000000e+00,1.339754e-07,-2.253144e-07,4.338635e-07,0.000000e+00,0.000000e+00,0.000000e+00,-1.723084e+07,2.693007e+07,-3.216790e+07,3.609575e-18,826,0
1.328409e-09,1.489309e-03,-2.326427e-03,2.500206e-03,1.121636e+06,-1.752135e+06,1.882588e+06,-3.040996e-01,5.072479e-01,-3.872338e-01,3.609575e-18,826,5845
1.327955e-08,1.489477e-02,-2.326748e-02,2.500008e-02,1.121700e+06,-1.752241e+06,1.882670e+06,-2.781715e-03,4.449973e-03,-4.861754e-03,3.609575e-18,826,58430
0.000000e+00,1.574716e-07,2.030715e-08,4.758871e-07,0.000000e+00,0.000000e+00,0.000000e+00,-2.162204e+07,-7.402791e+06,-4.503167e+07,3.713105e-18,827,0
8.890909e-10,1.301358e-03,3.474983e-04,2.500468e-03,1.464532e+06,3.910409e+05,2.813626e+06,-7.691649e-01,-1.757976e-01,-1.293466e+00,3.713105e-18,827,3912
8.885455e-09,1.301300e-02,3.474567e-03,2.500044e-02,1.464640e+06,3.910656e+05,2.813808e+06,-7.017052e-03,-1.645063e-03,-1.357763e-02,3.713105e-18,827,39096
0.000000e+00,-1.891159e-08,2.931157e-08,5.756874e-07,0.000000e+00,0.000000e+00,0.000000e+00,4.443661e+06,-2.387702e+06,-4.190214e+07,3.278722e-18,828,0
8.834091e-10,-2.871716e-04,1.838645e-04,2.500616e-03,-3.253871e+05,2.083193e+05,2.832301e+06,2.667597e-01,-1.760838e-01,-1.756347e+00,3.278722e-18,828,3887
8.826818e-09,-2.872099e-03,1.838791e-03,2.500035e-02,-3.254243e+05,2.083438e+05,2.832546e+06,2.328317e-03,-1.382886e-03,-1.838573e-02,3.278722e-18,828,38838
0.000000e+00,1.566399e-08,-2.909337e-08,2.708859e-07,0.000000e+00,0.000000e+00,0.000000e+00,-8.304947e+06,8.754639e+06,-1.208666e+08,6.407394e-18,829,0
4.670455e-10,1.724916e-04,-1.882690e-04,2.500128e-03,3.693879e+05,-4.031691e+05,5.353858e+06,-1.449046e-01,1.813230e-01,-2.058073e+00,6.407394e-18,829,2055
4.669545e-09,1.724882e-03,-1.882634e-03,2.500024e-02,3.693986e+05,-4.031825e+05,5.354010e+06,-1.489204e-03,1.714140e-03,-2.074844e-02,6.407394e-18,829,20546
0.000000e+00,-2.731431e-07,8.822858e-09,3.062865e-07,0.000000e+00,0.000000e+00,0.000000e+00,5.428938e+07,-1.027419e+06,-4.066251e+07,4.287436e-18,830,0
1.226818e-09,-3.564203e-03,7.217092e-05,2.500267e-03,-2.906023e+06,5.884398e+04,2.038276e+06,5.343306e-01,-1.254724e-02,-2.648863e-01,4.287436e-18,830,5398
1.226523e-08,-3.564301e-02,7.217370e-04,2.500006e-02,-2.906126e+06,5.884639e+04,2.038328e+06,4.457176e-03,-7.525748e-05,-3.070057e-03,4.287436e-18,830,53967
0.000000e+00,-1.115086e-07,-1.781053e-07,3.803439e-07,0.000000e+00,0.000000e+00,0.000000e+00,1.910750e+07,2.672487e+07,-4.532128e+07,4.161387e-18,831,0
9.977273e-10,-1.132976e-03,-1.645053e-03,2.500519e-03,-1.136063e+06,-1.649506e+06,2.507089e+06,4.074223e-01,5.788740e-01,-8.548937e-01,4.161387e-18,831,4390
9.971818e-09,-1.132859e-02,-1.644854e-02,2.500036e-02,-1.136127e+06,-1.649597e+06,2.507224e+06,3.443047e-03,4.986247e-03,-9.104700e-03,4.161387e-18,831,43876
0.000000e+00,-1.004838e-07,-5.938376e-08,6.252934e-07,0.000000e+00,0.000000e+00,0.000000e+00,9.292311e+06,6.356437e+06,-3.908098e+07,2.934701e-18,832,0
9.325000e-10,-6.538455e-04,-4.144033e-04,2.500562e-03,-7.017144e+05,-4.447646e+05,2.682876e+06,4.727369e-01,3.238436e-01,-1.409163e+00,2.934701e-18,832,4103
9.318409e-09,-6.538842e-03,-4.144489e-03,2.500035e-02,-7.017839e+05,-4.448122e+05,2.683084e+06,3.377893e-03,2.283945e-03,-1.537080e-02,2.934701e-18,832,41001
0.000000e+00,-2.828414e-08,-1.815586e-07,4.581731e-07,0.000000e+00,0.000000e+00,0.000000e+00,6.634154e+06,2.758549e+07,-3.808771e+07,3.752790e-18,833,0
1.113636e-09,-4.697978e-04,-1.946109e-03,2.500452e-03,-4.220900e+05,-1.748471e+06,2.246022e+06,1.535572e-01,6.699879e-01,-6.628779e-01,3.752790e-18,833,4900
1.113091e-08,-4.698212e-03,-1.946200e-02,2.500043e-02,-4.221170e+05,-1.748589e+06,2.246139e+06,1.705002e-03,5.660329e-03,-8.002327e-03,3.752790e-18,833,48976
0.000000e+00,2.858637e-07,5.975388e-08,4.298036e-07,0.000000e+00,0.000000e+00,0.000000e+00,-3.727177e+07,-8.377461e+06,-3.202227e+07,3.480132e-18,834,0
1.388182e-09,3.228839e-03,7.273342e-04,2.500241e-03,2.326899e+06,5.241507e+05,1.801392e+06,-5.433570e-01,-1.151624e-01,-2.697853e-01,3.480132e-18,834,6108
1.387818e-08,3.229303e-02,7.274237e-03,2.500024e-02,2.327017e+06,5.241759e+05,1.801452e+06,-4.485945e-03,-1.126041e-03,-3.527202e-03,3.480132e-18,834,61064
0.000000e+00,-2.051651e-07,-1.833038e-08,5.378020e-07,0.000000e+00,0.000000e+00,0.000000e+00,2.313352e+07,1.617127e+06,-3.666245e+07,3.217015e-18,835,0
1.036136e-09,-1.650926e-03,2.732799e-05,2.500194e-03,-1.594330e+06,2.645712e+04,2.413895e+06,7.587196e-01,-1.976490e-02,-8.791019e-01,3.217015e-18,835,4559
1.035682e-08,-1.651212e-02,2.739514e-04,2.500045e-02,-1.594454e+06,2.646037e+04,2.414040e+06,6.354147e-03,-2.370561e-04,-9.856406e-03,3.217015e-18,835,45570
0.000000e+00,8.341882e-08,-5.817135e-08,4.917023e-07,0.000000e+00,0.000000e+00,0.000000e+00,-1.026132e+07,9.976427e+06,-4.825303e+07,3.733380e-18,836,0
8.327273e-10,5.321134e-04,-5.298408e-04,2.500179e-03,6.393762e+05,-6.366976e+05,3.003946e+06,-3.909411e-01,4.086389e-01,-1.708442e+00,3.733380e-18,836,3664
8.322500e-09,5.321214e-03,-5.298894e-03,2.500044e-02,6.394276e+05,-6.367513e+05,3.004171e+06,-3.634695e-03,3.814192e-03,-1.772760e-02,3.733380e-18,836,36619
0.000000e+00,2.091115e-07,8.074937e-08,3.259185e-07,0.000000e+00,0.000000e+00,0.000000e+00,-4.541589e+07,-1.843064e+07,-4.613265e+07,4.510496e-18,837,0
1.064091e-09,2.684980e-03,1.084495e-03,2.500185e-03,2.524075e+06,1.019509e+06,2.350023e+06,-6.164833e-01,-2.513466e-01,-4.403348e-01,4.510496e-18,837,4682
1.063818e-08,2.685152e-02,1.084570e-02,2.500011e-02,2.524179e+06,1.019551e+06,2.350097e+06,-5.423762e-03,-2.183391e-03,-4.871441e-03,4.510496e-18,837,46808
0.000000e+00,1.209165e-07,-1.493946e-07,1.793104e-07,0.000000e+00,0.000000e+00,0.000000e+00,-7.229027e+07,9.291061e+07,-8.367605e+07,6.487531e-18,838,0
7.111364e-10,2.181967e-03,-2.807946e-03,2.500106e-03,3.068458e+06,-3.948779e+06,3.515733e+06,-3.331772e-01,4.385482e-01,-3.227174e-01,6.487531e-18,838,3129
7.110909e-09,2.181960e-02,-2.807950e-02,2.500019e-02,3.068496e+06,-3.948829e+06,3.515769e+06,-3.234615e-03,4.207386e-03,-3.319453e-03,6.487531e-18,838,31288
0.000000e+00,1.989203e-08,-3.925857e-08,6.203741e-07,0.000000e+00,0.000000e+00,0.000000e+00,-2.558612e+06,3.800275e+06,-3.777222e+07,3.029316e-18,839,0
9.684091e-10,1.349453e-04,-2.260955e-04,2.500505e-03,1.394989e+05,-2.337205e+05,2.583424e+06,-1.228289e-01,2.187662e-01,-1.421239e+00,3.029316e-18,839,4261
9.677045e-09,1.349926e-03,-2.261723e-03,2.500018e-02,1.395177e+05,-2.337539e+05,2.583642e+06,-5.369687e-04,1.409397e-03,-1.627842e-02,3.029316e-18,839,42579
0.000000e+00,4.134866e-08,2.504644e-07,5.057454e-07,0.000000e+00,0.000000e+00,0.000000e+00,-8.446402e+06,-2.328245e+07,-3.214306e+07,3.237263e-18,840,0
1.259318e-09,7.191622e-04,2.127357e-03,2.500166e-03,5.714009e+05,1.690310e+06,1.986000e+06,-1.937740e-01,-6.485126e-01,-5.506569e-01,3.237263e-18,840,5541
1.258818e-08,7.192846e-03,2.127786e-02,2.500032e-02,5.714393e+05,1.690439e+06,1.986110e+06,-1.864968e-03,-5.528066e-03,-6.629699e-03,3.237263e-18,840,55388
0.000000e+00,2.463462e-07,1.313162e-07,3.101090e-07,0.000000e+00,0.000000e+00,0.000000e+00,-4.586354e+07,-2.566754e+07,-3.730720e+07,4.226183e-18,841,0
1.320227e-09,3.336119e-03,1.880831e-03,2.500126e-03,2.527620e+06,1.425037e+06,1.893946e+06,-4.284735e-01,-2.486595e-01,-2.222588e-01,4.226183e-18,841,5809
1.320000e-08,3.336455e-02,1.881045e-02,2.500023e-02,2.527709e+06,1.425088e+06,1.893993e+06,-3.636392e-03,-2.014090e-03,-2.633866e-03,4.226183e-18,841,58080
0.000000e+00,1.342373e-07,-1.948511e-07,3.333914e-07,0.000000e+00,0.000000e+00,0.000000e+00,-2.484226e+07,3.993361e+07,-4.102467e+07,4.376606e-18,842,0
1.181364e-09,1.674046e-03,-2.729096e-03,2.500227e-03,1.417530e+06,-2.310909e+06,2.116765e+06,-3.288360e-01,5.169811e-01,-3.536073e-01,4.376606e-18,842,5198
1.181045e-08,1.674164e-02,-2.729280e-02,2.500010e-02,1.417592e+06,-2.311005e+06,2.116832e+06,-2.661343e-03,4.251150e-03,-4.033654e-03,4.376606e-18,842,51966
0.000000e+00,1.021341e-07,9.825671e-08,6.490863e-07,0.000000e+00,0.000000e+00,0.000000e+00,-6.524747e+06,-6.070399e+06,-4.019881e+07,2.805753e-18,843,0
7.247727e-10,8.333522e-04,5.246349e-05,2.500190e-03,1.150488e+06,7.225056e+04,3.450841e+06,-6.133365e-01,-3.748350e-02,-1.686306e+00,2.805753e-18,843,3189
7.244773e-09,8.334915e-03,5.235603e-04,2.500071e-02,1.150559e+06,7.225488e+04,3.451034e+06,-6.202481e-03,-6.517424e-04,-1.745635e-02,2.805753e-18,843,31877
0.000000e+00,1.745460e-08,4.928809e-08,1.446277e-07,0.000000e+00,0.000000e+00,0.000000e+00,-5.230837e+07,-1.388675e+08,-3.828314e+08,1.083015e-17,844,0
1.631818e-10,3.419488e-04,9.077300e-04,2.502058e-03,2.095446e+06,5.562507e+06,1.533237e+07,-2.250184e-01,-5.824863e-01,-1.546287e+00,1.083015e-17,844,718
1.630682e-09,3.417023e-03,9.070727e-03,2.500236e-02,2.095452e+06,5.562522e+06,1.533241e+07,-2.206730e-03,-5.819045e-03,-1.551570e-02,1.083015e-17,844,7175
0.000000e+00,1.407215e-08,-9.201915e-08,4.521873e-07,0.000000e+00,0.000000e+00,0.000000e+00,-1.034772e+06,1.394697e+07,-4.935488e+07,4.025682e-18,845,0
8.638636e-10,1.127661e-04,-7.587589e-04,2.500060e-03,1.306340e+05,-8.788746e+05,2.895542e+06,-6.760958e-02,5.067326e-01,-1.602819e+00,4.025682e-18,845,3801
8.634091e-09,1.127881e-03,-7.588259e-03,2.500048e-02,1.306432e+05,-8.789437e+05,2.895761e+06,-9.271141e-04,5.249618e-03,-1.675753e-02,4.025682e-18,845,37990
0.000000e+00,2.749218e-08,-1.253579e-07,2.295712e-07,0.000000e+00,0.000000e+00,0.000000e+00,-1.535648e+07,7.431887e+07,-1.159912e+08,6.553537e-18,846,0
5.052273e-10,3.335635e-04,-1.617225e-03,2.500726e-03,6.602869e+05,-3.201316e+06,4.950055e+06,-1.629320e-01,8.081161e-01,-1.129613e+00,6.553537e-18,846,2223
5.050455e-09,3.334766e-03,-1.616818e-02,2.500019e-02,6.602999e+05,-3.201380e+06,4.950146e+06,-1.587228e-03,7.972144e-03,-1.138164e-02,6.553537e-18,846,22222
0.000000e+00,-2.826947e-08,1.971538e-07,4.510325e-07,0.000000e+00,0.000000e+00,0.000000e+00,5.282535e+06,-2.883396e+07,-4.003440e+07,3.718243e-18,847,0
1.065682e-09,-3.433703e-04,1.981615e-03,2.500200e-03,-3.223647e+05,1.860488e+06,2.346893e+06,1.157153e-01,-7.425629e-01,-7.408748e-01,3.718243e-18,847,4689
1.065250e-08,-3.433976e-03,1.981877e-02,2.500043e-02,-3.223841e+05,1.860613e+06,2.347018e+06,9.352283e-04,-6.333592e-03,-8.263422e-03,3.718243e-18,847,46871
0.000000e+00,-2.267062e-09,3.956660e-08,5.325114e-07,0.000000e+00,0.000000e+00,0.000000e+00,-1.122584e+06,-4.573424e+06,-4.199807e+07,3.533154e-18,848,0
9.606818e-10,6.842600e-05,3.114668e-04,2.500050e-03,7.127847e+04,3.245187e+05,2.603769e+06,-2.167760e-02,-2.681276e-01,-1.414570e+00,3.533154e-18,848,4227
9.601591e-09,6.843602e-04,3.115894e-03,2.500052e-02,7.128176e+04,3.245593e+05,2.603985e+06,-2.763919e-04,-1.788245e-03,-1.633475e-02,3.533154e-18,848,42247
0.000000e+00,-1.723986e-07,-3.631004e-08,4.921701e-07,0.000000e+00,0.000000e+00,0.000000e+00,-3.490854e+07,5.932287e+06,-1.385921e+08,3.594932e-18,849,0
4.268182e-10,6.142224e-04,-1.085671e-04,2.500978e-03,1.439729e+06,-2.543317e+05,5.859488e+06,-5.071147e-01,9.173162e-02,-1.854283e+00,3.594932e-18,849,1878
4.266591e-09,6.142564e-03,-1.085163e-03,2.500048e-02,1.439764e+06,-2.543379e+05,5.859613e+06,-5.050803e-03,9.798368e-04,-1.872503e-02,3.594932e-18,849,18773
0.000000e+00,-1.209080e-08,-1.716138e-07,4.657412e-07,0.000000e+00,0.000000e+00,0.000000e+00,-1.953415e+04,2.174523e+07,-4.446611e+07,3.741367e-18,850,0
9.813636e-10,-7.581033e-06,-1.434512e-03,2.500230e-03,-7.744617e+03,-1.462639e+06,2.548772e+06,3.023939e-02,7.174254e-01,-1.068996e+00,3.741367e-18,850,4318
9.808636e-09,-7.597901e-05,-1.434643e-02,2.500015e-02,-7.749241e+03,-1.462750e+06,2.548939e+06,4.161664e-05,5.846345e-03,-1.178099e-02,3.741367e-18,850,43158
0.000000e+00,2.300493e-08,-2.065196e-07,3.343118e-07,0.000000e+00,0.000000e+00,0.000000e+00,-1.009822e+07,4.297746e+07,-5.273569e+07,4.558004e-18,851,0
9.025000e-10,4.510855e-04,-2.157895e-03,2.500091e-03,5.000096e+05,-2.391874e+06,2.770881e+06,-1.702375e-01,7.884844e-01,-7.735646e-01,4.558004e-18,851,3971
9.022500e-09,4.511327e-03,-2.158066e-02,2.500039e-02,5.000339e+05,-2.391986e+06,2.770992e+06,-1.409780e-03,7.421060e-03,-8.033990e-03,4.558004e-18,851,39699
0.000000e+00,-5.869933e-08,-2.389340e-07,2.692003e-07,0.000000e+00,0.000000e+00,0.000000e+00,1.812793e+07,5.778878e+07,-4.550143e+07,4.801587e-18,852,0
1.155682e-09,-1.170073e-03,-3.512256e-03,2.500108e-03,-1.012736e+06,-3.039841e+06,2.163567e+06,1.812976e-01,5.116425e-01,-2.660284e-01,4.801587e-18,852,5085
1.155500e-08,-1.170212e-02,-3.512533e-02,2.500015e-02,-1.012769e+06,-3.039934e+06,2.163616e+06,1.539097e-03,4.304205e-03,-2.992220e-03,4.801587e-18,852,50842
0.000000e+00,2.678492e-07,-7.617224e-08,4.770061e-07,0.000000e+00,0.000000e+00,0.000000e+00,-3.812459e+07,1.088057e+07,-3.234083e+07,3.306475e-18,853,0
1.325455e-09,3.043212e-03,-8.426198e-04,2.500147e-03,2.296860e+06,-6.360039e+05,1.886591e+06,-5.409195e-01,1.766828e-01,-3.248994e-01,3.306475e-18,853,5832
1.325136e-08,3.043647e-02,-8.427909e-03,2.500013e-02,2.296973e+06,-6.360407e+05,1.886659e+06,-4.499370e-03,1.417350e-03,-4.010737e-03,3.306475e-18,853,58306
0.000000e+00,-8.340668e-08,-1.573305e-07,2.682692e-07,0.000000e+00,0.000000e+00,0.000000e+00,2.828089e+07,5.598113e+07,-7.283210e+07,5.430688e-18,854,0
7.431818e-10,-9.985624e-04,-1.979210e-03,2.500237e-03,-1.343910e+06,-2.663737e+06,3.364727e+06,3.538743e-01,7.201021e-01,-7.769581e-01,5.430688e-18,854,3270
7.430000e-09,-9.985272e-03,-1.979160e-02,2.500006e-02,-1.343951e+06,-2.663821e+06,3.364819e+06,3.494973e-03,6.965537e-03,-7.922701e-03,5.430688e-18,854,32692
0.000000e+00,-1.882669e-08,-1.533677e-08,4.741369e-07,0.000000e+00,0.000000e+00,0.000000e+00,3.409526e+05,9.959495e+05,-4.745432e+07,3.940247e-18,855,0
8.775000e-10,-1.080044e-05,-5.072785e-05,2.500214e-03,-1.227365e+04,-5.785206e+04,2.850998e+06,2.587760e-03,5.207432e-02,-1.830438e+00,3.940247e-18,855,3861
8.768864e-09,-1.076586e-04,-5.073065e-04,2.500013e-02,-1.227400e+04,-5.785925e+04,2.851252e+06,-3.912152e-05,3.614854e-04,-1.916012e-02,3.940247e-18,855,38583
0.000000e+00,-7.863991e-08,-1.449779e-08,5.711043e-07,0.000000e+00,0.000000e+00,0.000000e+00,9.814369e+06,-4.600254e+05,-3.972838e+07,3.266921e-18,856,0
9.502273e-10,-6.912304e-04,-8.026295e-05,2.500440e-03,-7.279652e+05,-8.461095e+04,2.632828e+06,4.552027e-01,9.771409e-02,-1.438835e+00,3.266921e-18,856,4181
9.495455e-09,-6.912341e-03,-8.033865e-04,2.500008e-02,-7.280333e+05,-8.462564e+04,2.633045e+06,3.426429e-03,8.775661e-04,-1.590204e-02,3.266921e-18,856,41780
0.000000e+00,-1.190471e-08,-2.343023e-07,2.943513e-07,0.000000e+00,0.000000e+00,0.000000e+00,5.437829e+06,5.391122e+07,-4.671413e+07,4.700822e-18,857,0
1.079545e-09,-3.169144e-04,-3.112511e-03,2.500485e-03,-2.936647e+05,-2.883988e+06,2.316602e+06,6.917201e-02,6.255556e-01,-3.778127e-01,4.700822e-18,857,4750
1.079182e-08,-3.169161e-03,-3.112345e-02,2.500047e-02,-2.936764e+05,-2.884094e+06,2.316667e+06,6.047606e-04,5.392521e-03,-4.174211e-03,4.700822e-18,857,47484
0.000000e+00,1.135351e-07,3.211397e-08,5.526966e-07,0.000000e+00,0.000000e+00,0.000000e+00,-1.277166e+07,-6.082377e+06,-3.906315e+07,3.328046e-18,858,0
9.765909e-10,9.115961e-04,4.378602e-04,2.500571e-03,9.341381e+05,4.486820e+05,2.561687e+06,-5.650494e-01,-2.569557e-01,-1.202883e+00,3.328046e-18,858,4297
9.759318e-09,9.116509e-03,4.378800e-03,2.500052e-02,9.342251e+05,4.487216e+05,2.561873e+06,-4.701264e-03,-2.253178e-03,-1.366545e-02,3.328046e-18,858,42941
0.000000e+00,-5.477481e-08,-2.225186e-07,5.110511e-07,0.000000e+00,0.000000e+00,0.000000e+00,8.107013e+06,2.511263e+07,-3.786936e+07,3.290654e-18,859,0
1.065682e-09,-5.855719e-04,-1.737222e-03,2.500340e-03,-5.498018e+05,-1.631021e+06,2.347012e+06,2.311098e-01,6.794371e-01,-7.632132e-01,3.290654e-18,859,4689
1.065182e-08,-5.856355e-03,-1.737332e-02,2.500014e-02,-5.498406e+05,-1.631135e+06,2.347141e+06,2.294970e-03,5.211913e-03,-9.014905e-03,3.290654e-18,859,46868
0.000000e+00,-9.359480e-08,-1.099074e-07,4.932280e-07,0.000000e+00,0.000000e+00,0.000000e+00,1.241850e+07,1.749556e+07,-4.227783e+07,3.629943e-18,860,0
9.375000e-10,-8.742678e-04,-1.063790e-03,2.500211e-03,-9.331823e+05,-1.135430e+06,2.668085e+06,5.071825e-01,6.055612e-01,-1.200259e+00,3.629943e-18,860,4125
9.370000e-09,-8.743852e-03,-1.063893e-02,2.500008e-02,-9.332574e+05,-1.135520e+06,2.668263e+06,4.400469e-03,5.226355e-03,-1.278719e-02,3.629943e-18,860,41228
0.000000e+00,5.573370e-08,-2.148177e-07,5.668769e-07,0.000000e+00,0.000000e+00,0.000000e+00,-5.693178e+06,2.071335e+07,-3.559384e+07,3.032049e-18,861,0
1.085000e-09,4.263389e-04,-1.533586e-03,2.500358e-03,3.931227e+05,-1.414314e+06,2.305405e+06,-1.381326e-01,6.733341e-01,-8.904893e-01,3.032049e-18,861,4774
1.084409e-08,4.263050e-03,-1.533694e-02,2.500025e-02,3.931463e+05,-1.414430e+06,2.305559e+06,-1.194241e-03,5.874811e-03,-1.039154e-02,3.032049e-18,861,47714
0.000000e+00,-1.937108e-07,-7.565090e-08,6.064531e-07,0.000000e+00,0.000000e+00,0.000000e+00,1.591950e+07,6.503264e+06,-3.364421e+07,2.870482e-18,862,0
1.107273e-09,-1.413965e-03,-3.639585e-04,2.500079e-03,-1.277836e+06,-3.288847e+05,2.258789e+06,6.352011e-01,1.757944e-01,-8.769109e-01,2.870482e-18,862,4872
1.106795e-08,-1.414300e-02,-3.640128e-03,2.500042e-02,-1.277947e+06,-3.289154e+05,2.258943e+06,5.748288e-03,1.622141e-03,-1.051407e-02,2.870482e-18,862,48699
0.000000e+00,-5.467427e-09,-2.805103e-08,1.119143e-07,0.000000e+00,0.000000e+00,0.000000e+00,3.632941e+07,1.840851e+08,-7.127963e+08,1.424096e-17,863,0
8.795455e-11,-1.276348e-04,-6.467363e-04,2.504197e-03,-1.451092e+06,-7.352801e+06,2.847038e+07,8.895771e-02,4.464244e-01,-1.694385e+00,1.424096e-17,863,387
8.781818e-10,-1.274328e-03,-6.457124e-03,2.500228e-02,-1.451093e+06,-7.352807e+06,2.847041e+07,8.891612e-04,4.471048e-03,-1.700274e-02,1.424096e-17,863,3864
0.000000e+00,6.601918e-08,1.508425e-07,4.222220e-07,0.000000e+00,0.000000e+00,0.000000e+00,-1.037847e+07,-2.336732e+07,-5.109123e+07,4.055227e-18,864,0
9.200000e-10,7.322776e-04,1.426959e-03,2.500148e-03,7.963456e+05,1.551811e+06,2.718411e+06,-3.255563e-01,-6.554865e-01,-9.599523e-01,4.055227e-18,864,4048
9.196591e-09,7.323628e-03,1.427132e-02,2.500028e-02,7.963929e+05,1.551906e+06,2.718551e+06,-3.096054e-03,-6.459818e-03,-1.102330e-02,4.055227e-18,864,40465
0.000000e+00,2.302951e-08,1.432501e-07,3.929868e-07,0.000000e+00,0.000000e+00,0.000000e+00,-2.521075e+06,-2.749813e+07,-5.211350e+07,4.355790e-18,865,0
8.668182e-10,1.503818e-04,1.395139e-03,2.500027e-03,1.735716e+05,1.610321e+06,2.885232e+06,-8.804404e-02,-7.700986e-01,-1.190334e+00,4.355790e-18,865,3814
8.665000e-09,1.504002e-03,1.395340e-02,2.500064e-02,1.735836e+05,1.610427e+06,2.885396e+06,-5.198292e-04,-7.351850e-03,-1.272230e-02,4.355790e-18,865,38126
0.000000e+00,-1.467674e-07,-1.476657e-07,4.397918e-07,0.000000e+00,0.000000e+00,0.000000e+00,2.275565e+07,2.140092e+07,-3.919319e+07,3.758629e-18,866,0
1.074318e-09,-1.467074e-03,-1.352264e-03,2.500236e-03,-1.366347e+06,-1.259370e+06,2.328067e+06,5.705564e-01,4.995871e-01,-7.268748e-01,3.758629e-18,866,4727
1.073864e-08,-1.467266e-02,-1.352389e-02,2.500041e-02,-1.366443e+06,-1.259454e+06,2.328191e+06,4.648434e-03,4.092868e-03,-8.210682e-03,3.758629e-18,866,47250
0.000000e+00,1.243940e-07,-1.719495e-07,5.118458e-07,0.000000e+00,0.000000e+00,0.000000e+00,-2.591889e+06,5.058708e+07,-5.564947e+07,3.373197e-18,867,0
8.931818e-10,1.651279e-04,-2.244906e-03,2.500395e-03,1.848274e+05,-2.514175e+06,2.799867e+06,-5.877405e-02,7.716242e-01,-7.627781e-01,3.373197e-18,867,3930
8.929091e-09,1.650439e-03,-2.244931e-02,2.500058e-02,1.848356e+05,-2.514284e+06,2.799974e+06,-5.307326e-04,7.172243e-03,-7.875808e-03,3.373197e-18,867,39288
0.000000e+00,-1.103684e-07,6.302714e-08,4.082437e-07,0.000000e+00,0.000000e+00,0.000000e+00,1.626540e+07,-1.199568e+07,-5.196026e+07,4.283736e-18,868,0
8.459091e-10,-9.173625e-04,5.593305e-04,2.500163e-03,-1.085128e+06,6.615841e+05,2.956972e+06,6.114365e-01,-3.548901e-01,-1.475869e+00,4.283736e-18,868,3722
8.454773e-09,-9.174465e-03,5.593532e-03,2.500060e-02,-1.085209e+06,6.616315e+05,2.957170e+06,6.005839e-03,-3.508895e-03,-1.530779e-02,4.283736e-18,868,37201
0.000000e+00,-1.646966e-07,6.067896e-09,4.630855e-07,0.000000e+00,0.000000e+00,0.000000e+00,2.475026e+07,3.458767e+06,-4.184623e+07,3.769985e-18,869,0
1.037273e-09,-1.565591e-03,-2.676720e-04,2.500080e-03,-1.510331e+06,-2.582053e+05,2.411204e+06,7.845562e-01,8.967653e-02,-9.283193e-01,3.769985e-18,869,4564
1.036841e-08,-1.565969e-02,-2.677134e-03,2.500053e-02,-1.510459e+06,-2.582199e+05,2.411357e+06,6.558333e-03,5.663936e-04,-1.037192e-02,3.769985e-18,869,45621
0.000000e+00,4.143299e-08,2.069441e-07,3.112613e-07,0.000000e+00,0.000000e+00,0.000000e+00,-4.892799e+06,-4.747516e+07,-5.338406e+07,4.718256e-18,870,0
9.161364e-10,2.409417e-04,2.359530e-03,2.500216e-03,2.630532e+05,2.576376e+06,2.729702e+06,-6.894212e-02,-7.747923e-01,-6.811824e-01,4.718256e-18,870,4031
9.158636e-09,2.409226e-03,2.359608e-02,2.500046e-02,2.630632e+05,2.576488e+06,2.729801e+06,-6.376436e-04,-7.190504e-03,-7.122025e-03,4.718256e-18,870,40298
0.000000e+00,-2.102507e-07,-5.496474e-08,2.043898e-07,0.000000e+00,0.000000e+00,0.000000e+00,9.178745e+07,2.354570e+07,-6.514997e+07,5.762328e-18,871,0
8.834091e-10,-3.600135e-03,-9.238767e-04,2.500167e-03,-4.075704e+06,-1.045918e+06,2.830275e+06,5.066457e-01,1.300062e-01,-2.793372e-01,5.762328e-18,871,3887
8.833182e-09,-3.600152e-02,-9.238802e-03,2.500046e-02,-4.075775e+06,-1.045936e+06,2.830314e+06,4.784419e-03,1.235487e-03,-2.947202e-03,5.762328e-18,871,38866
0.000000e+00,-4.929294e-08,6.911592e-08,2.025809e-07,0.000000e+00,0.000000e+00,0.000000e+00,4.965148e+07,-7.087776e+07,-1.828868e+08,7.761742e-18,872,0
3.340909e-10,-6.806111e-04,9.715888e-04,2.500785e-03,-2.037246e+06,2.908222e+06,7.485385e+06,4.212385e-01,-6.030933e-01,-1.439761e+00,7.761742e-18,872,1470
3.340000e-09,-6.804443e-03,9.713520e-03,2.500136e-02,-2.037268e+06,2.908254e+06,7.485461e+06,4.203297e-03,-6.012444e-03,-1.451419e-02,7.761742e-18,872,14696
0.000000e+00,-2.310828e-07,3.214468e-09,4.132125e-07,0.000000e+00,0.000000e+00,0.000000e+00,3.650026e+07,3.431448e+06,-4.095731e+07,3.833599e-18,873,0
1.078409e-09,-2.437442e-03,-2.737579e-04,2.500252e-03,-2.261193e+06,-2.539954e+05,2.319045e+06,7.165103e-01,8.056263e-02,-5.679237e-01,3.833599e-18,873,4745
1.078045e-08,-2.437662e-02,-2.738143e-03,2.500051e-02,-2.261315e+06,-2.540091e+05,2.319142e+06,6.171404e-03,8.088478e-04,-6.387188e-03,3.833599e-18,873,47434
0.000000e+00,-6.115774e-08,-8.795400e-08,2.584683e-07,0.000000e+00,0.000000e+00,0.000000e+00,3.043154e+07,4.381301e+07,-1.106117e+08,6.221578e-18,874,0
5.161364e-10,-6.969550e-04,-1.002948e-03,2.500704e-03,-1.350537e+06,-1.943482e+06,4.845605e+06,4.391395e-01,6.342087e-01,-1.449300e+00,6.221578e-18,874,2271
5.159318e-09,-6.967880e-03,-1.002709e-02,2.500018e-02,-1.350573e+06,-1.943533e+06,4.845724e+06,4.291624e-03,6.346093e-03,-1.462054e-02,6.221578e-18,874,22701
0.000000e+00,5.200685e-08,-1.169579e-07,4.090686e-07,0.000000e+00,0.000000e+00,0.000000e+00,-7.332515e+06,1.903901e+07,-5.136461e+07,4.289566e-18,875,0
8.481818e-10,4.384908e-04,-9.250091e-04,2.500224e-03,5.173021e+05,-1.091215e+06,2.949168e+06,-3.011200e-01,6.376162e-01,-1.511477e+00,4.289566e-18,875,3732
8.477045e-09,4.385173e-03,-9.250276e-03,2.500030e-02,5.173425e+05,-1.091300e+06,2.949371e+06,-2.834028e-03,5.965576e-03,-1.562901e-02,4.289566e-18,875,37299
0.000000e+00,2.250772e-07,9.061711e-08,4.368280e-07,0.000000e+00,0.000000e+00,0.000000e+00,-2.790827e+07,-1.340625e+07,-3.801693e+07,3.663428e-18,876,0
1.124545e-09,2.024620e-03,9.845175e-04,2.500401e-03,1.801301e+06,8.759341e+05,2.224161e+06,-6.579009e-01,-3.176440e-01,-6.180429e-01,3.663428e-18,876,4948
1.124023e-08,2.024699e-02,9.845660e-03,2.500023e-02,1.801418e+06,8.759904e+05,2.224272e+06,-5.369066e-03,-2.584924e-03,-7.161839e-03,3.663428e-18,876,49457
0.000000e+00,4.272117e-08,3.548637e-08,3.720899e-07,0.000000e+00,0.000000e+00,0.000000e+00,-9.535652e+06,-8.254591e+06,-6.781869e+07,4.821933e-18,877,0
6.770455e-10,3.742170e-04,3.115285e-04,2.500086e-03,5.529799e+05,4.603417e+05,3.694050e+06,-3.154805e-01,-2.610702e-01,-1.922899e+00,4.821933e-18,877,2979
6.767727e-09,3.742412e-03,3.115464e-03,2.500041e-02,5.530136e+05,4.603696e+05,3.694256e+06,-3.095440e-03,-2.589033e-03,-1.960036e-02,4.821933e-18,877,29778
0.000000e+00,1.802029e-07,-1.677513e-07,4.125760e-07,0.000000e+00,0.000000e+00,0.000000e+00,-2.711121e+07,2.274648e+07,-3.434534e+07,3.790224e-18,878,0
1.308864e-09,2.214580e-03,-1.911035e-03,2.500142e-03,1.692728e+06,-1.460725e+06,1.910587e+06,-4.405619e-01,3.912567e-01,-3.587610e-01,3.790224e-18,878,5759
1.308500e-08,2.214926e-02,-1.911352e-02,2.500020e-02,1.692819e+06,-1.460806e+06,1.910662e+06,-3.789509e-03,3.332345e-03,-4.520771e-03,3.790224e-18,878,57574
0.000000e+00,3.449851e-08,-1.572015e-07,5.361441e-07,0.000000e+00,0.000000e+00,0.000000e+00,-2.762507e+06,1.854969e+07,-4.277947e+07,3.344197e-18,879,0
9.340909e-10,2.172778e-04,-1.234801e-03,2.500397e-03,2.327726e+05,-1.322770e+06,2.677906e+06,-1.354880e-01,7.207711e-01,-1.158662e+00,3.344197e-18,879,4110
9.335682e-09,2.173077e-03,-1.234891e-02,2.500025e-02,2.327926e+05,-1.322876e+06,2.678077e+06,-1.168147e-03,6.064026e-03,-1.301467e-02,3.344197e-18,879,41077
0.000000e+00,-5.501369e-08,1.109028e-07,1.570491e-07,0.000000e+00,0.000000e+00,0.000000e+00,7.111294e+07,-1.460870e+08,-1.830486e+08,8.410214e-18,880,0
3.375000e-10,-9.727045e-04,1.998556e-03,2.500644e-03,-2.882072e+06,5.921628e+06,7.409204e+06,3.239602e-01,-6.741816e-01,-7.767281e-01,8.410214e-18,880,1485
3.374318e-09,-9.725078e-03,1.998155e-02,2.500115e-02,-2.882090e+06,5.921664e+06,7.409246e+06,3.225130e-03,-6.679384e-03,-7.814570e-03,8.410214e-18,880,14847
0.000000e+00,1.688556e-07,-9.181575e-08,2.042622e-07,0.000000e+00,0.000000e+00,0.000000e+00,-8.221886e+07,4.475473e+07,-8.128413e+07,6.124400e-18,881,0
7.120455e-10,2.566107e-03,-1.397257e-03,2.500303e-03,3.604229e+06,-1.962521e+06,3.511666e+06,-5.893935e-01,3.221652e-01,-4.945606e-01,6.124400e-18,881,3133
7.119318e-09,2.565974e-02,-1.397186e-02,2.500080e-02,3.604296e+06,-1.962558e+06,3.511721e+06,-5.720874e-03,3.154571e-03,-5.031382e-03,6.124400e-18,881,31325
0.000000e+00,1.061924e-08,2.666931e-07,3.637907e-07,0.000000e+00,0.000000e+00,0.000000e+00,-8.867754e+05,-4.505467e+07,-3.992892e+07,3.962328e-18,882,0
1.183864e-09,4.990083e-05,3.087543e-03,2.500317e-03,4.214489e+04,2.608929e+06,2.112364e+06,-5.901088e-04,-6.235672e-01,-3.583274e-01,3.962328e-18,882,5209
1.183523e-08,4.988024e-04,3.087722e-02,2.500047e-02,4.214503e+04,2.609045e+06,2.112432e+06,-1.518875e-04,-5.325831e-03,-4.184815e-03,3.962328e-18,882,52075
0.000000e+00,2.927892e-08,1.958656e-07,4.712356e-07,0.000000e+00,0.000000e+00,0.000000e+00,-3.981825e+06,-2.496563e+07,-4.051481e+07,3.600928e-18,883,0
1.039773e-09,2.386980e-04,1.719998e-03,2.500309e-03,2.296966e+05,1.655177e+06,2.405587e+06,-1.038462e-01,-7.514320e-01,-8.738327e-01,3.600928e-18,883,4575
1.039250e-08,2.387120e-03,1.720137e-02,2.500022e-02,2.297137e+05,1.655300e+06,2.405731e+06,-9.758973e-04,-6.414636e-03,-9.766214e-03,3.600928e-18,883,45727
0.000000e+00,2.423864e-07,8.408180e-08,4.119712e-07,0.000000e+00,0.000000e+00,0.000000e+00,-3.533193e+07,-1.000583e+07,-3.398321e+07,3.745128e-18,884,0
1.331136e-09,2.948608e-03,8.276345e-04,2.500239e-03,2.216052e+06,6.220161e+05,1.878662e+06,-5.538732e-01,-1.649370e-01,-3.336806e-01,3.745128e-18,884,5857
1.330727e-08,2.948950e-02,8.277327e-03,2.500005e-02,2.216168e+06,6.220506e+05,1.878733e+06,-4.586548e-03,-1.549437e-03,-4.204175e-03,3.745128e-18,884,58552
0.000000e+00,-2.175223e-07,7.824160e-08,3.516374e-07,0.000000e+00,0.000000e+00,0.000000e+00,2.140052e+07,-1.176706e+07,-3.078885e+07,4.261130e-18,885,0
1.197500e-09,-2.013132e-03,1.022919e-03,2.500394e-03,-1.682041e+06,8.547344e+05,2.088801e+06,5.775353e-01,-3.226300e-01,-5.572249e-01,4.261130e-18,885,5269
1.196864e-08,-2.013160e-02,1.022992e-02,2.500010e-02,-1.682150e+06,8.547952e+05,2.088907e+06,5.201460e-03,-2.712312e-03,-6.755952e-03,4.261130e-18,885,52662
0.000000e+00,2.067565e-08,8.044195e-08,5.585358e-07,0.000000e+00,0.000000e+00,0.000000e+00,3.535949e+06,-1.250622e+07,-4.112206e+07,3.347212e-18,886,0
9.193182e-10,-1.877765e-04,7.264489e-04,2.500225e-03,-2.044434e+05,7.908293e+05,2.721114e+06,1.305711e-01,-5.583306e-01,-1.514480e+00,3.347212e-18,886,4045
9.187500e-09,-1.878281e-03,7.265723e-03,2.500040e-02,-2.044623e+05,7.909103e+05,2.721334e+06,1.478368e-03,-4.481364e-03,-1.603974e-02,3.347212e-18,886,40425
0.000000e+00,-4.106331e-09,1.639670e-07,3.974907e-07,0.000000e+00,0.000000e+00,0.000000e+00,4.543781e+06,-3.276579e+07,-4.955092e+07,4.232954e-18,887,0
9.061364e-10,-2.485812e-04,1.796079e-03,2.500589e-03,-2.745004e+05,1.983077e+06,2.760479e+06,1.305006e-01,-8.202613e-01,-9.384573e-01,4.232954e-18,887,3987
9.056364e-09,-2.485948e-03,1.795940e-02,2.500003e-02,-2.745190e+05,1.983194e+06,2.760614e+06,9.806998e-04,-7.500265e-03,-9.985376e-03,4.232954e-18,887,39848
0.000000e+00,-7.085050e-09,-7.663911e-08,2.408643e-07,0.000000e+00,0.000000e+00,0.000000e+00,4.750549e+06,5.173632e+07,-1.386292e+08,6.827635e-18,888,0
4.256818e-10,-8.642859e-05,-9.398403e-04,2.500210e-03,-2.030556e+05,-2.208068e+06,5.873834e+06,6.114991e-02,6.748741e-01,-1.650312e+00,6.827635e-18,888,1873
4.256136e-09,-8.642368e-04,-9.397887e-03,2.500002e-02,-2.030597e+05,-2.208113e+06,5.873945e+06,5.962484e-04,6.710783e-03,-1.656591e-02,6.827635e-18,888,18727
0.000000e+00,-9.238719e-08,-2.425757e-08,3.598939e-07,0.000000e+00,0.000000e+00,0.000000e+00,2.105903e+07,5.723494e+06,-6.682325e+07,4.840899e-18,889,0
6.945455e-10,-8.551073e-04,-1.913362e-04,2.500018e-03,-1.231727e+06,-2.755740e+05,3.600746e+06,6.423792e-01,1.257764e-01,-1.673475e+00,4.840899e-18,889,3056
6.943182e-09,-8.552084e-03,-1.913369e-03,2.500072e-02,-1.231797e+06,-2.755878e+05,3.600929e+06,6.353655e-03,1.204222e-03,-1.703720e-02,4.840899e-18,889,30550
0.000000e+00,4.003188e-08,-1.713042e-07,1.822453e-07,0.000000e+00,0.000000e+00,0.000000e+00,-2.620733e+07,1.133843e+08,-1.017131e+08,6.723737e-18,890,0
5.884091e-10,6.488516e-04,-2.808295e-03,2.500677e-03,1.102779e+06,-4.772945e+06,4.250010e+06,-1.479584e-01,6.456765e-01,-5.053183e-01,6.723737e-18,890,2589
5.882500e-09,6.487122e-03,-2.807696e-02,2.500082e-02,1.102792e+06,-4.773005e+06,4.250058e+06,-1.474906e-03,6.367316e-03,-5.116449e-03,6.723737e-18,890,25883
0.000000e+00,3.169466e-09,-1.703347e-07,4.267112e-07,0.000000e+00,0.000000e+00,0.000000e+00,1.421668e+06,2.413121e+07,-3.726181e+07,4.017720e-18,891,0
1.106591e-09,-9.768345e-05,-1.783356e-03,2.500005e-03,-8.833262e+04,-1.612567e+06,2.260078e+06,3.437873e-02,7.055609e-01,-7.657956e-01,4.017720e-18,891,4869
1.106159e-08,-9.770842e-04,-1.783747e-02,2.500019e-02,-8.833859e+04,-1.612690e+06,2.260213e+06,7.046271e-04,5.671369e-03,-9.117184e-03,4.017720e-18,891,48671
0.000000e+00,-3.208348e-08,-2.594334e-07,4.878991e-07,0.000000e+00,0.000000e+00,0.000000e+00,3.984236e+06,3.040497e+07,-3.589324e+07,3.305462e-18,892,0
1.147727e-09,-3.658686e-04,-2.251658e-03,2.500227e-03,-3.189685e+05,-1.962830e+06,2.179037e+06,1.243630e-01,7.068924e-01,-5.823028e-01,3.305462e-18,892,5050
1.147295e-08,-3.659483e-03,-2.251941e-02,2.500018e-02,-3.189910e+05,-1.962957e+06,2.179143e+06,1.066373e-03,5.847280e-03,-6.859320e-03,3.305462e-18,892,50481
0.000000e+00,1.166188e-07,1.556171e-07,4.322998e-07,0.000000e+00,0.000000e+00,0.000000e+00,-1.792310e+07,-2.395347e+07,-4.470640e+07,3.867544e-18,893,0
9.795455e-10,1.052623e-03,1.443419e-03,2.500360e-03,1.075156e+06,1.474291e+06,2.553449e+06,-4.663550e-01,-6.073299e-01,-8.888225e-01,3.867544e-18,893,4310
9.790682e-09,1.052649e-02,1.443428e-02,2.500015e-02,1.075228e+06,1.474385e+06,2.553587e+06,-3.996270e-03,-5.472119e-03,-9.722816e-03,3.867544e-18,893,43079
0.000000e+00,1.501505e-07,-2.132354e-08,2.844671e-07,0.000000e+00,0.000000e+00,0.000000e+00,-5.256170e+07,6.627495e+06,-7.601962e+07,5.471680e-18,894,0
6.963636e-10,1.774003e-03,-2.298324e-04,2.500805e-03,2.548164e+06,-3.301330e+05,3.591897e+06,-8.310897e-01,1.115580e-01,-1.038179e+00,5.471680e-18,894,3064
6.960227e-09,1.773583e-02,-2.297804e-03,2.500055e-02,2.548255e+06,-3.301453e+05,3.592012e+06,-7.957314e-03,1.064964e-03,-1.066522e-02,5.471680e-18,894,30625
0.000000e+00,-2.417979e-07,-1.064706e-07,2.779423e-07,0.000000e+00,0.000000e+00,0.000000e+00,6.113200e+07,1.908147e+07,-4.197751e+07,4.571160e-18,895,0
1.240000e-09,-3.810624e-03,-1.213252e-03,2.500186e-03,-3.073721e+06,-9.786151e+05,2.016468e+06,4.369749e-01,1.413669e-01,-2.099352e-01,4.571160e-18,895,5456
1.239795e-08,-3.810785e-02,-1.213285e-02,2.500023e-02,-3.073806e+06,-9.786427e+05,2.016510e+06,3.714414e-03,1.213739e-03,-2.396710e-03,4.571160e-18,895,54551
0.000000e+00,-1.838921e-07,1.995381e-07,4.616212e-07,0.000000e+00,0.000000e+00,0.000000e+00,2.374810e+07,-2.426383e+07,-3.174165e+07,3.394545e-18,896,0
1.329318e-09,-2.109451e-03,2.060960e-03,2.500307e-03,-1.587576e+06,1.551067e+06,1.881293e+06,4.137968e-01,-4.091224e-01,-3.495307e-01,3.394545e-18,896,5849
1.328864e-08,-2.109664e-02,2.061152e-02,2.500001e-02,-1.587663e+06,1.551153e+06,1.881367e+06,3.647444e-03,-3.533379e-03,-4.350274e-03,3.394545e-18,896,58470
0.000000e+00,-1.339320e-07,-1.292253e-07,4.703308e-07,0.000000e+00,0.000000e+00,0.000000e+00,1.591931e+07,1.803361e+07,-3.910438e+07,3.652191e-18,897,0
1.067273e-09,-1.167478e-03,-1.251815e-03,2.500443e-03,-1.094660e+06,-1.173579e+06,2.343728e+06,5.707728e-01,5.034753e-01,-8.304872e-01,3.652191e-18,897,4696
1.066682e-08,-1.167648e-02,-1.251832e-02,2.500028e-02,-1.094756e+06,-1.173664e+06,2.343868e+06,4.288661e-03,4.162957e-03,-9.619718e-03,3.652191e-18,897,46934
0.000000e+00,-1.101148e-07,1.846309e-07,5.332537e-07,0.000000e+00,0.000000e+00,0.000000e+00,1.393264e+07,-3.316122e+07,-3.940269e+07,3.231630e-18,898,0
1.071364e-09,-9.300346e-04,2.097817e-03,2.500034e-03,-8.685370e+05,1.958992e+06,2.334143e+06,3.466682e-01,-6.826444e-01,-6.789739e-01,3.231630e-18,898,4714
1.071068e-08,-9.302607e-03,2.098208e-02,2.500050e-02,-8.685956e+05,1.959107e+06,2.334258e+06,2.494194e-03,-5.887602e-03,-7.336897e-03,3.231630e-18,898,47127
0.000000e+00,7.798852e-08,3.518123e-08,2.905623e-07,0.000000e+00,0.000000e+00,0.000000e+00,-3.273927e+07,-9.419024e+06,-9.421490e+07,5.822974e-18,899,0
5.684091e-10,8.854738e-04,2.568574e-04,2.500721e-03,1.558215e+06,4.519826e+05,4.400406e+06,-6.506647e-01,-1.843422e-01,-1.696688e+00,5.822974e-18,899,2501
5.681364e-09,8.852803e-03,2.567894e-03,2.500044e-02,1.558273e+06,4.519992e+05,4.400559e+06,-6.313204e-03,-1.883531e-03,-1.713057e-02,5.822974e-18,899,24998
0.000000e+00,8.463070e-09,3.756237e-08,5.872684e-07,0.000000e+00,0.000000e+00,0.000000e+00,-2.991194e+05,-1.223139e+06,-4.091843e+07,3.215825e-18,900,0
9.068182e-10,3.381042e-05,1.371529e-04,2.500343e-03,3.728716e+04,1.513701e+05,2.758842e+06,-4.137616e-03,-1.086493e-01,-1.668140e+00,3.215825e-18,900,3990
9.061818e-09,3.378911e-04,1.371681e-03,2.500031e-02,3.728775e+04,1.513857e+05,2.759081e+06,-1.554521e-04,-8.145704e-04,-1.826013e-02,3.215825e-18,900,39872
0.000000e+00,2.189068e-07,1.893037e-07,3.543705e-07,0.000000e+00,0.000000e+00,0.000000e+00,-3.326383e+07,-3.081567e+07,-3.273657e+07,3.889570e-18,901,0
1.420682e-09,2.794773e-03,2.591104e-03,2.500365e-03,1.967839e+06,1.824448e+06,1.760219e+06,-3.553141e-01,-3.321709e-01,-2.111688e-01,3.889570e-18,901,6251
1.420273e-08,2.794863e-02,2.591207e-02,2.500006e-02,1.967919e+06,1.824522e+06,1.760267e+06,-2.952877e-03,-2.744244e-03,-2.640397e-03,3.889570e-18,901,62492
0.000000e+00,-1.036756e-07,1.766485e-07,5.335514e-07,0.000000e+00,0.000000e+00,0.000000e+00,-3.424422e+06,-8.028278e+06,-3.950348e+07,3.254663e-18,902,0
1.070227e-09,2.874611e-04,7.678862e-04,2.500144e-03,2.689429e+05,7.180398e+05,2.337328e+06,-1.822469e-01,-4.402016e-01,-1.144699e+00,3.254663e-18,902,4709
1.069591e-08,2.876466e-03,7.680101e-03,2.500006e-02,2.689737e+05,7.181141e+05,2.337522e+06,-1.296842e-03,-4.062667e-03,-1.392716e-02,3.254663e-18,902,47062
0.000000e+00,1.129103e-07,-6.798799e-08,2.706517e-07,0.000000e+00,0.000000e+00,0.000000e+00,-4.741630e+07,3.031879e+07,-9.096155e+07,5.816806e-18,903,0
6.081818e-10,1.330655e-03,-8.530234e-04,2.500799e-03,2.188359e+06,-1.402877e+06,4.112521e+06,-7.019510e-01,4.624054e-01,-1.176608e+00,5.816806e-18,903,2676
6.079091e-09,1.330327e-02,-8.528235e-03,2.500054e-02,2.188426e+06,-1.402921e+06,4.112634e+06,-6.824322e-03,4.485142e-03,-1.192604e-02,5.816806e-18,903,26748
0.000000e+00,-1.312475e-07,-1.876041e-08,6.040890e-07,0.000000e+00,0.000000e+00,0.000000e+00,1.349799e+07,1.951329e+06,-3.791777e+07,3.019324e-18,904,0
9.795455e-10,-9.934562e-04,-1.494994e-04,2.500126e-03,-1.014993e+06,-1.527422e+05,2.553523e+06,6.405498e-01,1.008005e-01,-1.234921e+00,3.019324e-18,904,4310
9.790455e-09,-9.937192e-03,-1.495411e-03,2.500038e-02,-1.015092e+06,-1.527578e+05,2.553715e+06,4.961220e-03,1.077453e-03,-1.382283e-02,3.019324e-18,904,43078
0.000000e+00,-2.417424e-07,-5.607734e-08,5.358904e-07,0.000000e+00,0.000000e+00,0.000000e+00,2.500747e+07,7.261615e+06,-3.274688e+07,3.100823e-18,905,0
1.185455e-09,-1.993585e-03,-5.313050e-04,2.500112e-03,-1.682665e+06,-4.484128e+05,2.109711e+06,6.639875e-01,1.584290e-01,-6.404245e-01,3.100823e-18,905,5216
1.185000e-08,-1.993954e-02,-5.313685e-03,2.500028e-02,-1.682789e+06,-4.484424e+05,2.109832e+06,5.753835e-03,1.386847e-03,-7.492321e-03,3.100823e-18,905,52140
0.000000e+00,-1.111738e-07,-5.772052e-09,1.654817e-07,0.000000e+00,0.000000e+00,0.000000e+00,1.438647e+08,9.959757e+06,-1.960979e+08,8.452919e-18,906,0
3.150000e-10,-1.837728e-03,-1.273882e-04,2.501793e-03,-5.834034e+06,-4.044135e+05,7.942091e+06,7.789256e-01,5.916236e-02,-9.916322e-01,8.452919e-18,906,1386
3.147955e-09,-1.836537e-02,-1.273080e-03,2.500149e-02,-5.834072e+06,-4.044164e+05,7.942141e+06,7.748213e-03,5.758664e-04,-9.970917e-03,8.452919e-18,906,13851
0.000000e+00,1.885900e-07,1.398318e-07,5.328909e-07,0.000000e+00,0.000000e+00,0.000000e+00,-1.498540e+07,-1.104635e+07,-3.283678e+07,3.180356e-18,907,0
1.181818e-09,1.248662e-03,1.119988e-03,2.500350e-03,1.057299e+06,9.483456e+05,2.116636e+06,-5.215319e-01,-4.442044e-01,-7.942227e-01,3.180356e-18,907,5200
1.181114e-08,1.248788e-02,1.120098e-02,2.500006e-02,1.057396e+06,9.484282e+05,2.116786e+06,-4.483480e-03,-4.062013e-03,-9.389211e-03,3.180356e-18,907,51969
0.000000e+00,-1.710784e-07,2.133468e-08,5.629297e-07,0.000000e+00,0.000000e+00,0.000000e+00,1.744534e+07,-1.794446e+06,-3.757924e+07,3.161605e-18,908,0
1.027727e-09,-1.334957e-03,7.239157e-05,2.500283e-03,-1.299887e+06,7.048707e+04,2.433844e+06,7.307237e-01,-5.184973e-02,-1.018021e+00,3.161605e-18,908,4522
1.027182e-08,-1.335214e-02,7.240448e-04,2.500023e-02,-1.300005e+06,7.049546e+04,2.434010e+06,5.845986e-03,-2.986311e-04,-1.164841e-02,3.161605e-18,908,45196
0.000000e+00,5.276658e-08,-8.544418e-08,2.157067e-07,0.000000e+00,0.000000e+00,0.000000e+00,-4.135227e+07,6.765302e+07,-1.501371e+08,7.196987e-18,909,0
4.006818e-10,6.915048e-04,-1.131611e-03,2.500158e-03,1.725912e+06,-2.824368e+06,6.239967e+06,-4.040526e-01,6.651616e-01,-1.356924e+00,7.196987e-18,909,1763
4.006591e-09,6.915062e-03,-1.131615e-02,2.500117e-02,1.725937e+06,-2.824410e+06,6.240053e+06,-4.021582e-03,6.598715e-03,-1.362529e-02,7.196987e-18,909,17629
0.000000e+00,1.102816e-07,1.292371e-07,2.808373e-07,0.000000e+00,0.000000e+00,0.000000e+00,-4.675509e+07,-5.032231e+07,-7.321657e+07,5.367226e-18,910,0
7.504545e-10,1.632877e-03,1.760989e-03,2.500436e-03,2.176282e+06,2.347015e+06,3.332276e+06,-5.245170e-01,-5.653064e-01,-6.789645e-01,5.367226e-18,910,3302
7.502500e-09,1.632758e-02,1.760852e-02,2.500056e-02,2.176344e+06,2.347082e+06,3.332357e+06,-5.022163e-03,-5.397920e-03,-6.966659e-03,5.367226e-18,910,33011
0.000000e+00,9.055340e-08,-1.420033e-07,5.974323e-07,0.000000e+00,0.000000e+00,0.000000e+00,-7.503642e+06,1.288288e+07,-3.744764e+07,2.998053e-18,911,0
9.977273e-10,5.527374e-04,-9.965040e-04,2.500340e-03,5.543383e+05,-9.995039e+05,2.507121e+06,-2.956008e-01,5.867863e-01,-1.129030e+00,2.998053e-18,911,4390
9.971591e-09,5.527639e-03,-9.966602e-03,2.500022e-02,5.543848e+05,-9.995962e+05,2.507299e+06,-2.286076e-03,4.809992e-03,-1.280963e-02,2.998053e-18,911,43875
0.000000e+00,-1.631720e-07,1.000595e-08,1.497081e-07,0.000000e+00,0.000000e+00,0.000000e+00,1.585920e+08,-9.334835e+06,-1.238552e+08,7.604847e-18,912,0
4.945455e-10,-3.212228e-03,1.889393e-04,2.500476e-03,-6.495397e+06,3.820497e+05,5.056092e+06,5.932797e-01,-3.372494e-02,-4.100992e-01,7.604847e-18,912,2176
4.944545e-09,-3.211691e-02,1.889070e-03,2.500021e-02,-6.495443e+06,3.820524e+05,5.056125e+06,5.852831e-03,-3.464539e-04,-4.155780e-03,7.604847e-18,912,21756
0.000000e+00,-1.193855e-07,-1.952546e-07,3.844485e-07,0.000000e+00,0.000000e+00,0.000000e+00,2.407184e+07,3.400829e+07,-4.466705e+07,4.038620e-18,913,0
1.044545e-09,-1.465666e-03,-2.053297e-03,2.500297e-03,-1.403721e+06,-1.966483e+06,2.394217e+06,4.246773e-01,5.904229e-01,-5.672801e-01,4.038620e-18,913,4596
1.044182e-08,-1.465736e-02,-2.053363e-02,2.500014e-02,-1.403791e+06,-1.966580e+06,2.394311e+06,3.618170e-03,5.053458e-03,-6.148365e-03,4.038620e-18,913,45944
0.000000e+00,7.521624e-09,-2.182709e-07,5.471176e-07,0.000000e+00,0.000000e+00,0.000000e+00,-1.514967e+06,2.433534e+07,-3.555064e+07,3.143863e-18,914,0
1.141591e-09,8.843475e-05,-1.869027e-03,2.500458e-03,7.755421e+04,-1.638135e+06,2.191072e+06,-5.907304e-02,6.589482e-01,-7.024810e-01,3.143863e-18,914,5023
1.141000e-08,8.848835e-04,-1.869108e-02,2.500036e-02,7.756483e+04,-1.638254e+06,2.191199e+06,-2.911857e-04,5.703264e-03,-8.505257e-03,3.143863e-18,914,50204
0.000000e+00,-1.061156e-07,2.447402e-07,3.936243e-07,0.000000e+00,0.000000e+00,0.000000e+00,1.645520e+07,-3.354955e+07,-3.672135e+07,3.783362e-18,915,0
1.211136e-09,-1.219905e-03,2.595174e-03,2.500214e-03,-1.007674e+06,2.143685e+06,2.064830e+06,2.826192e-01,-6.016944e-01,-4.170092e-01,3.783362e-18,915,5329
1.210750e-08,-1.220038e-02,2.595458e-02,2.500008e-02,-1.007728e+06,2.143800e+06,2.064911e+06,2.305416e-03,-4.878464e-03,-4.798077e-03,3.783362e-18,915,53273
0.000000e+00,-1.273554e-07,-9.536196e-08,1.888604e-07,0.000000e+00,0.000000e+00,0.000000e+00,9.441701e+07,6.749040e+07,-1.115472e+08,6.910187e-18,916,0
5.386364e-10,-2.131861e-03,-1.523580e-03,2.500954e-03,-3.958097e+06,-2.828728e+06,4.643227e+06,5.868597e-01,4.158385e-01,-5.986628e-01,6.910187e-18,916,2370
5.384318e-09,-2.131174e-02,-1.523084e-02,2.500076e-02,-3.958147e+06,-2.828763e+06,4.643278e+06,5.719458e-03,4.115370e-03,-6.087067e-03,6.910187e-18,916,23691
0.000000e+00,1.285172e-07,-2.050764e-07,4.918062e-07,0.000000e+00,0.000000e+00,0.000000e+00,-1.402206e+07,2.536184e+07,-3.665651e+07,3.368180e-18,917,0
1.099318e-09,1.009956e-03,-1.726229e-03,2.500218e-03,9.192075e+05,-1.571048e+06,2.275089e+06,-3.742034e-01,5.963327e-01,-7.077098e-01,3.368180e-18,917,4837
1.098864e-08,1.010082e-02,-1.726367e-02,2.500030e-02,9.192723e+05,-1.571151e+06,2.275212e+06,-3.104577e-03,4.861082e-03,-8.202708e-03,3.368180e-18,917,48350
0.000000e+00,-1.515226e-07,-6.158945e-08,5.406096e-07,0.000000e+00,0.000000e+00,0.000000e+00,1.822252e+07,8.727086e+06,-4.252390e+07,3.301462e-18,918,0
9.027273e-10,-1.102724e-03,-5.038400e-04,2.500407e-03,-1.222345e+06,-5.584671e+05,2.771048e+06,7.304824e-01,3.046539e-01,-1.315764e+00,3.301462e-18,918,3972
9.021818e-09,-1.102776e-02,-5.038377e-03,2.500006e-02,-1.222450e+06,-5.585105e+05,2.771236e+06,6.707809e-03,2.942695e-03,-1.381696e-02,3.301462e-18,918,39696
0.000000e+00,2.074973e-07,9.682516e-08,3.611610e-07,0.000000e+00,0.000000e+00,0.000000e+00,-3.999529e+07,-2.584971e+07,-4.275830e+07,4.218777e-18,919,0
1.115227e-09,2.526409e-03,1.605617e-03,2.500036e-03,2.266140e+06,1.440214e+06,2.242120e+06,-5.536527e-01,-3.395190e-01,-4.057244e-01,4.218777e-18,919,4907
1.115023e-08,2.526793e-02,1.605866e-02,2.500031e-02,2.266237e+06,1.440273e+06,2.242192e+06,-4.685580e-03,-2.997850e-03,-4.560316e-03,4.218777e-18,919,49061
0.000000e+00,1.811136e-08,-4.103109e-08,2.759826e-07,0.000000e+00,0.000000e+00,0.000000e+00,-1.316908e+07,2.992034e+07,-1.217985e+08,6.266884e-18,920,0
4.697727e-10,2.732314e-04,-6.210157e-04,2.501099e-03,5.817335e+05,-1.322197e+06,5.324688e+06,-2.230844e-01,5.071697e-01,-1.831451e+00,6.266884e-18,920,2067
4.695227e-09,2.731378e-03,-6.208030e-03,2.500080e-02,5.817501e+05,-1.322235e+06,5.324825e+06,-2.155948e-03,4.919497e-03,-1.844766e-02,6.266884e-18,920,20659
0.000000e+00,-2.524495e-08,-1.160223e-07,6.510746e-07,0.000000e+00,0.000000e+00,0.000000e+00,6.676882e+06,1.430133e+07,-3.554493e+07,2.820050e-18,921,0
1.007273e-09,-4.269769e-04,-9.761436e-04,2.500430e-03,-4.241752e+05,-9.697419e+05,2.483470e+06,2.238781e-01,5.261670e-01,-1.144093e+00,2.820050e-18,921,4432
1.006659e-08,-4.269982e-03,-9.761971e-03,2.500034e-02,-4.242107e+05,-9.698254e+05,2.483652e+06,1.807841e-03,4.173711e-03,-1.299868e-02,2.820050e-18,921,44293
0.000000e+00,-3.923836e-08,-1.029251e-07,2.440086e-07,0.000000e+00,0.000000e+00,0.000000e+00,2.116636e+07,6.063464e+07,-1.177572e+08,6.465893e-18,922,0
4.943182e-10,-4.538595e-04,-1.301980e-03,2.501094e-03,-9.182539e+05,-2.634218e+06,5.060111e+06,2.567808e-01,7.672969e-01,-1.320349e+00,6.465893e-18,922,2175
4.940682e-09,-4.536824e-03,-1.301489e-02,2.500056e-02,-9.182740e+05,-2.634278e+06,5.060214e+06,2.566846e-03,7.600560e-03,-1.330801e-02,6.465893e-18,922,21739
0.000000e+00,-1.719657e-07,-3.600097e-10,4.184855e-07,0.000000e+00,0.000000e+00,0.000000e+00,2.967946e+07,2.756608e+06,-4.467438e+07,4.045534e-18,923,0
1.017500e-09,-1.817246e-03,-1.561496e-04,2.500357e-03,-1.786965e+06,-1.535832e+05,2.458225e+06,7.630049e-01,8.429715e-02,-8.459154e-01,4.045534e-18,923,4477
1.017000e-08,-1.817337e-02,-1.561923e-03,2.500029e-02,-1.787087e+06,-1.535967e+05,2.458361e+06,6.697381e-03,5.830247e-04,-9.205314e-03,4.045534e-18,923,44748
0.000000e+00,-1.186214e-07,2.327805e-07,5.126234e-07,0.000000e+00,0.000000e+00,0.000000e+00,1.223059e+07,-2.623373e+07,-3.320313e+07,3.181479e-18,924,0
1.189773e-09,-9.925778e-04,2.070030e-03,2.500104e-03,-8.346931e+05,1.740765e+06,2.101979e+06,3.008592e-01,-6.210872e-01,-5.807019e-01,3.181479e-18,924,5235
1.189364e-08,-9.927519e-03,2.070398e-02,2.500037e-02,-8.347494e+05,1.740882e+06,2.102089e+06,2.552015e-03,-5.147390e-03,-6.743700e-03,3.181479e-18,924,52332
0.000000e+00,-1.394701e-07,6.862975e-08,2.697568e-07,0.000000e+00,0.000000e+00,0.000000e+00,5.360132e+07,-2.333419e+07,-8.443211e+07,5.622289e-18,925,0
6.506818e-10,-1.623952e-03,7.057901e-04,2.500464e-03,-2.496275e+06,1.084895e+06,3.843402e+06,7.565954e-01,-3.228765e-01,-1.033737e+00,5.622289e-18,925,2863
6.504773e-09,-1.623775e-02,7.057026e-03,2.500060e-02,-2.496353e+06,1.084928e+06,3.843508e+06,7.557918e-03,-3.106274e-03,-1.050669e-02,5.622289e-18,925,28621
0.000000e+00,7.076712e-08,-3.104509e-08,4.419010e-07,0.000000e+00,0.000000e+00,0.000000e+00,-1.009645e+07,5.005657e+06,-4.864408e+07,4.139738e-18,926,0
8.747727e-10,5.915014e-04,-3.198749e-04,2.500080e-03,6.766720e+05,-3.659533e+05,2.859499e+06,-4.416670e-01,2.414770e-01,-1.593066e+00,4.139738e-18,926,3849
8.742955e-09,5.916077e-03,-3.199479e-03,2.500057e-02,6.767330e+05,-3.659866e+05,2.859719e+06,-4.563384e-03,1.897660e-03,-1.689551e-02,4.139738e-18,926,38469
0.000000e+00,2.234093e-07,-7.559784e-08,3.594727e-07,0.000000e+00,0.000000e+00,0.000000e+00,-4.144893e+07,1.255326e+07,-4.017988e+07,4.176310e-18,927,0
1.159318e-09,2.810427e-03,-9.171698e-04,2.500335e-03,2.425121e+06,-7.914316e+05,2.157179e+06,-6.187653e-01,1.972778e-01,-4.129989e-01,4.176310e-18,927,5101
1.158932e-08,2.810542e-02,-9.172113e-03,2.500037e-02,2.425234e+06,-7.914676e+05,2.157255e+06,-5.224752e-03,1.742055e-03,-4.691859e-03,4.176310e-18,927,50993
0.000000e+00,8.390328e-09,-2.283872e-07,5.681884e-07,0.000000e+00,0.000000e+00,0.000000e+00,-4.363875e+05,2.312455e+07,-3.748473e+07,3.011269e-18,928,0
1.024318e-09,2.067756e-05,-1.639433e-03,2.500485e-03,2.018195e+04,-1.601469e+06,2.442005e+06,-5.997121e-03,7.726797e-01,-9.123120e-01,3.011269e-18,928,4507
1.023750e-08,2.066250e-04,-1.639501e-02,2.500024e-02,2.018297e+04,-1.601594e+06,2.442153e+06,-1.656940e-04,5.936296e-03,-1.054117e-02,3.011269e-18,928,45045
0.000000e+00,4.999691e-08,1.330588e-07,4.043703e-07,0.000000e+00,0.000000e+00,0.000000e+00,-7.933426e+06,-2.122030e+07,-5.284883e+07,4.273884e-18,929,0
8.386364e-10,3.571464e-04,1.072602e-03,2.500077e-03,4.261064e+05,1.279696e+06,2.982376e+06,-2.527045e-01,-7.009937e-01,-1.390733e+00,4.273884e-18,929,3690
8.382727e-09,3.571940e-03,1.072733e-02,2.500055e-02,4.261398e+05,1.279789e+06,2.982561e+06,-2.298722e-03,-6.625005e-03,-1.459568e-02,4.273884e-18,929,36884
0.000000e+00,9.317145e-08,-1.676941e-07,5.282511e-07,0.000000e+00,0.000000e+00,0.000000e+00,-9.611144e+06,1.982494e+07,-4.066084e+07,3.317931e-18,930,0
1.000682e-09,6.563865e-04,-1.342865e-03,2.500567e-03,6.563300e+05,-1.342776e+06,2.499822e+06,-3.302898e-01,6.714106e-01,-9.876580e-01,3.317931e-18,930,4403
1.000068e-08,6.563745e-03,-1.342863e-02,2.500013e-02,6.563821e+05,-1.342881e+06,2.499979e+06,-2.564115e-03,5.547782e-03,-1.105705e-02,3.317931e-18,930,44003
0.000000e+00,-2.760522e-07,-4.097119e-08,3.812963e-07,0.000000e+00,0.000000e+00,0.000000e+00,3.895983e+07,1.135287e+06,-3.013364e+07,3.786212e-18,931,0
1.428182e-09,-3.484107e-03,-1.585639e-04,2.500329e-03,-2.440473e+06,-1.110607e+05,1.751041e+06,5.063760e-01,2.685783e-02,-2.543666e-01,3.786212e-18,931,6284
1.427727e-08,-3.484318e-02,-1.585658e-03,2.500023e-02,-2.440587e+06,-1.110668e+05,1.751099e+06,4.408779e-03,2.113700e-04,-3.165729e-03,3.786212e-18,931,62820
0.000000e+00,1.350312e-07,-1.636464e-07,5.058318e-07,0.000000e+00,0.000000e+00,0.000000e+00,-2.196663e+07,1.303876e+07,-4.050940e+07,3.408434e-18,932,0
9.850000e-10,1.316314e-03,-9.131577e-04,2.500222e-03,1.337107e+06,-9.275941e+05,2.539294e+06,-6.116472e-01,4.673576e-01,-1.009506e+00,3.408434e-18,932,4334
9.845227e-09,1.316409e-02,-9.132385e-03,2.500010e-02,1.337202e+06,-9.276667e+05,2.539452e+06,-5.127052e-03,4.034610e-03,-1.108285e-02,3.408434e-18,932,43319
0.000000e+00,2.606939e-07,-2.719609e-08,3.406978e-07,0.000000e+00,0.000000e+00,0.000000e+00,-4.647970e+07,5.168400e+06,-3.934011e+07,4.140727e-18,933,0
1.215455e-09,3.244832e-03,-3.538786e-04,2.500364e-03,2.670536e+06,-2.912470e+05,2.057500e+06,-5.886978e-01,6.499321e-02,-3.308013e-01,4.140727e-18,933,5348
1.215068e-08,3.244877e-02,-3.538844e-03,2.500017e-02,2.670649e+06,-2.912594e+05,2.057564e+06,-5.043696e-03,5.811060e-04,-3.763254e-03,4.140727e-18,933,53463
0.000000e+00,-3.232735e-08,9.943738e-08,3.510738e-07,0.000000e+00,0.000000e+00,0.000000e+00,1.447771e+07,-2.646188e+07,-6.918021e+07,4.916401e-18,934,0
6.634091e-10,-5.318432e-04,1.016092e-03,2.500013e-03,-8.019788e+05,1.532210e+06,3.769459e+06,3.280195e-01,-7.041414e-01,-1.467074e+00,4.916401e-18,934,2919
6.632273e-09,-5.318915e-03,1.016201e-02,2.500016e-02,-8.020132e+05,1.532283e+06,3.769612e+06,3.639812e-03,-6.730359e-03,-1.516941e-02,4.916401e-18,934,29182
0.000000e+00,5.780825e-08,-2.164116e-07,3.413659e-07,0.000000e+00,0.000000e+00,0.000000e+00,-1.105387e+07,4.362699e+07,-4.588628e+07,4.399062e-18,935,0
1.051136e-09,6.770660e-04,-2.656342e-03,2.500534e-03,6.443657e+05,-2.527994e+06,2.379385e+06,-1.849730e-01,6.649953e-01,-5.053052e-01,4.399062e-18,935,4625
1.050705e-08,6.770369e-03,-2.656169e-02,2.500044e-02,6.443963e+05,-2.528104e+06,2.379469e+06,-1.452497e-03,5.823822e-03,-5.583576e-03,4.399062e-18,935,46231
0.000000e+00,-9.176167e-09,-2.523071e-07,3.181236e-07,0.000000e+00,0.000000e+00,0.000000e+00,-9.603407e+06,5.057766e+07,-4.772239e+07,4.388560e-18,936,0
1.039545e-09,4.655273e-04,-2.842231e-03,2.500282e-03,4.479556e+05,-2.734942e+06,2.405636e+06,-9.030664e-02,6.801349e-01,-4.825519e-01,4.388560e-18,936,4574
1.039227e-08,4.655248e-03,-2.842226e-02,2.500015e-02,4.479704e+05,-2.735054e+06,2.405715e+06,-7.088303e-04,5.966686e-03,-5.338732e-03,4.388560e-18,936,45726
0.000000e+00,1.704786e-07,4.599770e-08,3.775247e-07,0.000000e+00,0.000000e+00,0.000000e+00,-3.228507e+07,-7.736386e+06,-5.060025e+07,4.351344e-18,937,0
8.829545e-10,1.699740e-03,5.273542e-04,2.500631e-03,1.925951e+06,5.975603e+05,2.833043e+06,-8.083835e-01,-2.458261e-01,-9.933627e-01,4.351344e-18,937,3885
8.824545e-09,1.699560e-02,5.273159e-03,2.500041e-02,1.926064e+06,5.975946e+05,2.833182e+06,-7.666139e-03,-2.386831e-03,-1.040872e-02,4.351344e-18,937,38828
0.000000e+00,1.868735e-08,1.100539e-07,5.825175e-07,0.000000e+00,0.000000e+00,0.000000e+00,-2.361118e+06,-1.585757e+07,-3.846143e+07,3.169786e-18,938,0
9.770455e-10,2.310401e-04,1.065056e-03,2.500160e-03,2.366493e+05,1.090895e+06,2.560127e+06,-1.212941e-01,-6.534962e-01,-1.250581e+00,3.169786e-18,938,4299
9.765227e-09,2.310893e-03,1.065277e-02,2.500042e-02,2.366680e+05,1.090996e+06,2.560320e+06,-1.018035e-03,-5.343179e-03,-1.361524e-02,3.169786e-18,938,42967
0.000000e+00,5.866091e-08,-1.524766e-07,3.950520e-07,0.000000e+00,0.000000e+00,0.000000e+00,-1.289753e+07,2.505394e+07,-5.133049e+07,4.282704e-18,939,0
8.668182e-10,6.722991e-04,-1.331567e-03,2.500232e-03,7.759974e+05,-1.536946e+06,2.885474e+06,-3.605779e-01,7.391082e-01,-1.184005e+00,4.282704e-18,939,3814
8.664091e-09,6.723281e-03,-1.331620e-02,2.500010e-02,7.760468e+05,-1.537047e+06,2.885636e+06,-3.411545e-03,6.967028e-03,-1.232158e-02,4.282704e-18,939,38122
0.000000e+00,-4.625377e-08,-8.133928e-08,1.183052e-07,0.000000e+00,0.000000e+00,0.000000e+00,1.366640e+08,2.407668e+08,-3.313909e+08,1.098735e-17,940,0
1.886364e-10,-1.032098e-03,-1.818284e-03,2.502348e-03,-5.471202e+06,-9.638817e+06,1.326503e+07,3.608359e-01,6.350561e-01,-8.403533e-01,1.098735e-17,940,830
1.884773e-09,-1.031202e-02,-1.816706e-02,2.500169e-02,-5.471213e+06,-9.638836e+06,1.326506e+07,3.611142e-03,6.355126e-03,-8.422294e-03,1.098735e-17,940,8293
0.000000e+00,-1.548038e-07,1.539749e-07,4.942815e-07,0.000000e+00,0.000000e+00,0.000000e+00,1.737576e+07,-1.494864e+07,-3.425161e+07,3.420217e-18,941,0
1.193864e-09,-1.557609e-03,1.344615e-03,2.500205e-03,-1.305524e+06,1.126969e+06,2.094952e+06,5.421720e-01,-4.580456e-01,-6.305840e-01,3.420217e-18,941,5253
1.193341e-08,-1.557925e-02,1.344851e-02,2.500009e-02,-1.305626e+06,1.127055e+06,2.095072e+06,4.441246e-03,-3.850239e-03,-7.508504e-03,3.420217e-18,941,52507
0.000000e+00,1.588916e-07,-2.095652e-07,5.096842e-07,0.000000e+00,0.000000e+00,0.000000e+00,-1.836824e+07,2.371350e+07,-3.659038e+07,3.201733e-18,942,0
1.103864e-09,1.302525e-03,-1.645865e-03,2.500091e-03,1.180529e+06,-1.491735e+06,2.265581e+06,-4.251169e-01,5.657064e-01,-6.980539e-01,3.201733e-18,942,4857
1.103477e-08,1.302686e-02,-1.646096e-02,2.500038e-02,1.180603e+06,-1.491834e+06,2.265704e+06,-3.409903e-03,4.773360e-03,-7.924425e-03,3.201733e-18,942,48553
0.000000e+00,1.121218e-08,-9.781195e-08,3.753518e-07,0.000000e+00,0.000000e+00,0.000000e+00,-1.961426e+06,2.271427e+07,-6.109154e+07,4.685834e-18,943,0
7.595455e-10,1.067475e-04,-1.106682e-03,2.500348e-03,1.406056e+05,-1.457780e+06,3.293129e+06,-6.260953e-02,7.438761e-01,-1.513116e+00,4.685834e-18,943,3342
7.591591e-09,1.067414e-03,-1.106681e-02,2.500018e-02,1.406131e+05,-1.457869e+06,3.293311e+06,-6.945638e-04,7.165968e-03,-1.546714e-02,4.685834e-18,943,33403
0.000000e+00,1.033456e-07,2.044705e-07,4.265496e-07,0.000000e+00,0.000000e+00,0.000000e+00,-1.420145e+07,-2.930447e+07,-4.169354e+07,3.763179e-18,944,0
1.071364e-09,1.012308e-03,1.985631e-03,2.500008e-03,9.453104e+05,1.854260e+06,2.334153e+06,-3.207965e-01,-6.698060e-01,-6.509841e-01,3.763179e-18,944,4714
1.071068e-08,1.012489e-02,1.986034e-02,2.500053e-02,9.453645e+05,1.854373e+06,2.334263e+06,-2.681049e-03,-5.840160e-03,-7.361634e-03,3.763179e-18,944,47127
0.000000e+00,-5.962483e-08,5.789944e-08,1.591652e-07,0.000000e+00,0.000000e+00,0.000000e+00,1.090015e+08,-1.105932e+08,-2.575061e+08,9.353370e-18,945,0
2.413636e-10,-1.059355e-03,1.074927e-03,2.501100e-03,-4.388962e+06,4.453493e+06,1.036209e+07,5.386190e-01,-5.541407e-01,-1.195499e+00,9.353370e-18,945,1062
2.412727e-09,-1.058942e-02,1.074512e-02,2.500104e-02,-4.388982e+06,4.453514e+06,1.036213e+07,5.368758e-03,-5.448398e-03,-1.202413e-02,9.353370e-18,945,10616
0.000000e+00,9.908065e-08,-9.422098e-08,2.219966e-07,0.000000e+00,0.000000e+00,0.000000e+00,-5.961415e+07,5.610976e+07,-1.164003e+08,6.601002e-18,946,0
5.059091e-10,1.291190e-03,-1.214811e-03,2.500751e-03,2.552448e+06,-2.401457e+06,4.943396e+06,-5.960307e-01,5.578354e-01,-1.052632e+00,6.601002e-18,946,2226
5.057273e-09,1.290849e-02,-1.214488e-02,2.500026e-02,2.552496e+06,-2.401502e+06,4.943480e+06,-5.876297e-03,5.529336e-03,-1.060590e-02,6.601002e-18,946,22252
0.000000e+00,-2.000913e-07,1.295340e-07,3.031844e-07,0.000000e+00,0.000000e+00,0.000000e+00,4.673475e+07,-2.882305e+07,-4.630842e+07,4.574522e-18,947,0
1.086591e-09,-2.694395e-03,1.665015e-03,2.500498e-03,-2.480367e+06,1.532750e+06,2.301583e+06,5.240971e-01,-3.243316e-01,-3.719120e-01,4.574522e-18,947,4781
1.086205e-08,-2.694183e-02,1.664879e-02,2.500003e-02,-2.480456e+06,1.532805e+06,2.301647e+06,4.630377e-03,-2.820381e-03,-4.056369e-03,4.574522e-18,947,47793
0.000000e+00,9.411051e-08,8.928116e-08,4.057730e-07,0.000000e+00,0.000000e+00,0.000000e+00,-1.479763e+07,-2.115757e+07,-5.559508e+07,4.308012e-18,948,0
7.831818e-10,7.138760e-04,9.086586e-04,2.500492e-03,9.119460e+05,1.160759e+06,3.193933e+06,-4.685820e-01,-5.702393e-01,-1.434603e+00,4.308012e-18,948,3446
7.827500e-09,7.138252e-03,9.085822e-03,2.500060e-02,9.120040e+05,1.160829e+06,3.194110e+06,-4.445859e-03,-5.524062e-03,-1.480224e-02,4.308012e-18,948,34441
0.000000e+00,7.989508e-08,-1.270861e-07,4.139774e-07,0.000000e+00,0.000000e+00,0.000000e+00,-1.470738e+07,2.147333e+07,-4.830941e+07,4.179163e-18,949,0
9.045455e-10,8.314426e-04,-1.211179e-03,2.500137e-03,9.197194e+05,-1.339750e+06,2.765085e+06,-4.596559e-01,6.613434e-01,-1.152319e+00,4.179163e-18,949,3980
9.041364e-09,8.315474e-03,-1.211312e-02,2.500024e-02,9.197850e+05,-1.339845e+06,2.765250e+06,-4.165071e-03,5.939742e-03,-1.219617e-02,4.179163e-18,949,39782
0.000000e+00,-3.166634e-08,2.912386e-07,3.667353e-07,0.000000e+00,0.000000e+00,0.000000e+00,4.955846e+06,-4.192616e+07,-3.393576e+07,3.792609e-18,950,0
1.360909e-09,-4.097908e-04,3.439692e-03,2.500070e-03,-3.012155e+05,2.528393e+06,1.837362e+06,5.719621e-02,-5.280876e-01,-2.609249e-01,3.792609e-18,950,5988
1.360659e-08,-4.098504e-03,3.440274e-02,2.500039e-02,-3.012277e+05,2.528506e+06,1.837418e+06,4.953980e-04,-4.492754e-03,-3.219195e-03,3.792609e-18,950,59869
0.000000e+00,-4.180408e-09,-5.857155e-09,6.409648e-07,0.000000e+00,0.000000e+00,0.000000e+00,1.177256e+06,-1.173172e+05,-3.799658e+07,2.933912e-18,951,0
9.386364e-10,-1.220232e-04,8.186164e-05,2.500200e-03,-1.301529e+05,8.733675e+04,2.665046e+06,1.083720e-01,-5.605992e-02,-1.502133e+00,2.933912e-18,951,4130
9.380682e-09,-1.220892e-03,8.192205e-04,2.500019e-02,-1.301689e+05,8.734503e+04,2.665269e+06,5.744387e-04,-6.580137e-05,-1.683969e-02,2.933912e-18,951,41275
0.000000e+00,-4.611610e-08,-2.586694e-07,2.749049e-07,0.000000e+00,0.000000e+00,0.000000e+00,1.063187e+07,6.246663e+07,-4.110826e+07,4.611683e-18,952,0
1.265909e-09,-6.851752e-04,-4.049556e-03,2.500363e-03,-5.413625e+05,-3.199615e+06,1.975329e+06,7.509697e-02,4.525777e-01,-1.945498e-01,4.611683e-18,952,5570
1.265614e-08,-6.851559e-03,-4.049475e-02,2.500017e-02,-5.413775e+05,-3.199705e+06,1.975368e+06,6.670381e-04,3.764189e-03,-2.271382e-03,4.611683e-18,952,55687
0.000000e+00,2.175000e-07,5.311181e-08,2.240142e-07,0.000000e+00,0.000000e+00,0.000000e+00,-8.313695e+07,-1.461678e+07,-5.934064e+07,5.465748e-18,953,0
9.468182e-10,3.600600e-03,6.384342e-04,2.500527e-03,3.803360e+06,6.743750e+05,2.641156e+06,-5.255800e-01,-9.537043e-02,-2.870603e-01,5.465748e-18,953,4166
9.465682e-09,3.600146e-02,6.383443e-03,2.500048e-02,3.803439e+06,6.743892e+05,2.641199e+06,-4.812507e-03,-9.130219e-04,-3.026989e-03,5.465748e-18,953,41649
0.000000e+00,-8.685987e-08,4.710919e-08,3.751170e-07,0.000000e+00,0.000000e+00,0.000000e+00,1.641076e+07,-9.522940e+06,-6.196602e+07,4.670485e-18,954,0
7.059091e-10,-6.635752e-04,3.983707e-04,2.500796e-03,-9.404473e+05,5.645944e+05,3.544013e+06,5.024262e-01,-2.985280e-01,-1.731753e+00,4.670485e-18,954,3106
7.054318e-09,-6.634213e-03,3.982821e-03,2.500066e-02,-9.405033e+05,5.646276e+05,3.544206e+06,4.963218e-03,-2.967998e-03,-1.765823e-02,4.670485e-18,954,31039
0.000000e+00,2.614781e-07,3.215168e-08,4.282612e-07,0.000000e+00,0.000000e+00,0.000000e+00,-3.411331e+07,-5.210232e+06,-3.271995e+07,3.622848e-18,955,0
1.309773e-09,2.844748e-03,4.042896e-04,2.500389e-03,2.172913e+06,3.088067e+05,1.909481e+06,-5.888399e-01,-8.169277e-02,-3.767254e-01,3.622848e-18,955,5763
1.309250e-08,2.844878e-02,4.043039e-03,2.500005e-02,2.173034e+06,3.088235e+05,1.909560e+06,-5.038944e-03,-6.722187e-04,-4.637974e-03,3.622848e-18,955,57607
0.000000e+00,7.683595e-08,2.691535e-07,4.138760e-07,0.000000e+00,0.000000e+00,0.000000e+00,-8.651429e+06,-3.676708e+07,-3.570602e+07,3.604907e-18,956,0
1.265455e-09,6.223016e-04,2.840944e-03,2.500088e-03,4.919445e+05,2.245927e+06,1.976060e+06,-1.295294e-01,-5.955654e-01,-3.730200e-01,3.604907e-18,956,5568
1.265136e-08,6.223781e-03,2.841399e-02,2.500003e-02,4.919703e+05,2.246046e+06,1.976135e+06,-1.112762e-03,-5.050013e-03,-4.503360e-03,3.604907e-18,956,55666
0.000000e+00,1.649576e-07,-1.374842e-07,2.304392e-07,0.000000e+00,0.000000e+00,0.000000e+00,-6.159807e+07,4.947674e+07,-6.539641e+07,5.501854e-18,957,0
8.531818e-10,2.420241e-03,-1.938446e-03,2.500420e-03,2.837160e+06,-2.272357e+06,2.930970e+06,-4.954975e-01,3.923131e-01,-4.229364e-01,5.501854e-18,957,3754
8.529773e-09,2.420038e-02,-1.938274e-02,2.500064e-02,2.837227e+06,-2.272410e+06,2.931027e+06,-4.782319e-03,3.770857e-03,-4.401659e-03,5.501854e-18,957,37531
0.000000e+00,2.298837e-07,-1.551909e-07,3.893525e-07,0.000000e+00,0.000000e+00,0.000000e+00,-3.228536e+07,2.200540e+07,-3.153345e+07,3.765116e-18,958,0
1.442500e-09,2.952668e-03,-1.963665e-03,2.500168e-03,2.047730e+06,-1.361815e+06,1.733486e+06,-4.370313e-01,2.818584e-01,-2.286293e-01,3.765116e-18,958,6347
1.442182e-08,2.953187e-02,-1.963978e-02,2.500019e-02,2.047829e+06,-1.361879e+06,1.733539e+06,-3.668770e-03,2.384794e-03,-3.075528e-03,3.765116e-18,958,63456
0.000000e+00,-2.962504e-08,-7.920026e-08,3.861773e-07,0.000000e+00,0.000000e+00,0.000000e+00,9.031646e+06,1.466537e+07,-5.816135e+07,4.613975e-18,959,0
7.818182e-10,-2.746172e-04,-6.155533e-04,2.500615e-03,-3.514619e+05,-7.877887e+05,3.199964e+06,2.416486e-01,4.984586e-01,-1.736873e+00,4.613975e-18,959,3440
7.812727e-09,-2.745888e-03,-6.154782e-03,2.500052e-02,-3.514918e+05,-7.878503e+05,3.200179e+06,2.184391e-03,4.635908e-03,-1.804061e-02,4.613975e-18,959,34376
0.000000e+00,-1.023469e-07,2.256994e-07,4.840922e-07,0.000000e+00,0.000000e+00,0.000000e+00,1.020730e+07,-2.571206e+07,-3.244851e+07,3.365863e-18,960,0
1.243182e-09,-8.476928e-04,2.070608e-03,2.500356e-03,-6.822673e+05,1.666510e+06,2.011917e+06,2.572160e-01,-6.100739e-01,-5.446511e-01,3.365863e-18,960,5470
1.242591e-08,-8.477769e-03,2.070784e-02,2.500006e-02,-6.823176e+05,1.666630e+06,2.012024e+06,2.472413e-03,-5.306851e-03,-6.764254e-03,3.365863e-18,960,54674
0.000000e+00,4.482847e-09,1.527560e-07,5.182291e-07,0.000000e+00,0.000000e+00,0.000000e+00,-3.546668e+06,-2.162657e+07,-4.093684e+07,3.449685e-18,961,0
9.809091e-10,1.675088e-04,1.383108e-03,2.500001e-03,1.708825e+05,1.410944e+06,2.549754e+06,-8.898546e-02,-7.461844e-01,-1.099791e+00,3.449685e-18,961,4316
9.805000e-09,1.675492e-03,1.383425e-02,2.500051e-02,1.708963e+05,1.411060e+06,2.549925e+06,-9.627577e-04,-6.378534e-03,-1.198744e-02,3.449685e-18,961,43142
0.000000e+00,-1.585779e-07,6.925863e-08,5.057241e-07,0.000000e+00,0.000000e+00,0.000000e+00,2.191033e+07,-1.113173e+07,-4.521809e+07,3.483262e-18,962,0
8.881818e-10,-1.225228e-03,5.200217e-04,2.500586e-03,-1.380208e+06,5.856953e+05,2.816567e+06,6.900740e-01,-2.185018e-01,-1.284756e+00,3.483262e-18,962,3908
8.876136e-09,-1.225091e-02,5.198732e-03,2.500039e-02,-1.380305e+06,5.857260e+05,2.816748e+06,6.232097e-03,-2.142492e-03,-1.344492e-02,3.483262e-18,962,39055
0.000000e+00,-9.049937e-08,-7.925631e-08,4.570269e-07,0.000000e+00,0.000000e+00,0.000000e+00,1.221243e+07,1.158393e+07,-4.378407e+07,3.928388e-18,963,0
9.525000e-10,-8.067559e-04,-6.986840e-04,2.500259e-03,-8.475931e+05,-7.340367e+05,2.626229e+06,5.053240e-01,4.433376e-01,-1.265907e+00,3.928388e-18,963,4191
9.519318e-09,-8.068471e-03,-6.987516e-03,2.500004e-02,-8.476690e+05,-7.341033e+05,2.626420e+06,4.171646e-03,3.669303e-03,-1.379648e-02,3.928388e-18,963,41885
0.000000e+00,8.724458e-09,1.667007e-09,5.727890e-07,0.000000e+00,0.000000e+00,0.000000e+00,-1.920483e+06,7.026180e+05,-4.148586e+07,3.301415e-18,964,0
9.263636e-10,1.442306e-04,-3.226771e-05,2.500153e-03,1.558636e+05,-3.489772e+04,2.700427e+06,-1.340752e-01,5.483927e-02,-1.614816e+00,3.301415e-18,964,4076
9.257727e-09,1.442922e-03,-3.230686e-04,2.500002e-02,1.558832e+05,-3.490573e+04,2.700663e+06,-9.298360e-04,4.986797e-04,-1.766867e-02,3.301415e-18,964,40734
0.000000e+00,1.565401e-07,-4.717605e-08,2.714365e-07,0.000000e+00,0.000000e+00,0.000000e+00,-5.801820e+07,2.066077e+07,-7.776921e+07,5.537479e-18,965,0
7.013636e-10,1.915020e-03,-6.858546e-04,2.500546e-03,2.730992e+06,-9.781169e+05,3.565776e+06,-7.658031e-01,2.885945e-01,-8.721435e-01,5.537479e-18,965,3086
7.011136e-09,1.914740e-02,-6.857717e-03,2.500029e-02,2.731077e+06,-9.781489e+05,3.565873e+06,-7.368199e-03,2.687368e-03,-8.932154e-03,5.537479e-18,965,30849
0.000000e+00,-2.323253e-07,-3.581711e-08,2.676553e-07,0.000000e+00,0.000000e+00,0.000000e+00,6.439105e+07,-6.941598e+06,-2.976909e+07,4.932604e-18,966,0
1.652045e-09,-5.527995e-03,5.299085e-04,2.500115e-03,-3.346760e+06,3.208471e+05,1.513441e+06,2.800583e-01,-2.733993e-02,-8.991326e-02,4.932604e-18,966,7269
1.651864e-08,-5.528380e-02,5.299898e-03,2.500012e-02,-3.346832e+06,3.208541e+05,1.513465e+06,2.450852e-03,-2.329623e-04,-1.107060e-03,4.932604e-18,966,72682
0.000000e+00,3.484476e-08,-1.512470e-07,6.465417e-07,0.000000e+00,0.000000e+00,0.000000e+00,-3.576131e+06,1.384266e+07,-3.371950e+07,2.789027e-18,967,0
1.016364e-09,3.384464e-04,-9.803185e-04,2.500463e-03,3.332426e+05,-9.652239e+05,2.461312e+06,-1.808924e-01,5.746465e-01,-1.131097e+00,2.789027e-18,967,4472
1.015727e-08,3.384806e-03,-9.804039e-03,2.500047e-02,3.332716e+05,-9.653159e+05,2.461494e+06,-1.471802e-03,4.767122e-03,-1.308685e-02,2.789027e-18,967,44692
0.000000e+00,1.233530e-07,1.344956e-07,3.607419e-07,0.000000e+00,0.000000e+00,0.000000e+00,-3.203453e+07,-3.004488e+07,-5.372773e+07,4.472467e-18,968,0
8.940909e-10,1.579835e-03,1.503066e-03,2.500541e-03,1.767635e+06,1.681729e+06,2.797384e+06,-5.937443e-01,-5.646643e-01,-7.613361e-01,4.472467e-18,968,3934
8.937045e-09,1.579740e-02,1.502967e-02,2.500049e-02,1.767719e+06,1.681809e+06,2.797492e+06,-5.495502e-03,-5.262768e-03,-8.008132e-03,4.472467e-18,968,39323
0.000000e+00,2.034124e-07,1.994617e-08,2.426873e-07,0.000000e+00,0.000000e+00,0.000000e+00,-7.229350e+07,-6.524994e+06,-6.741536e+07,5.480716e-18,969,0
8.172727e-10,2.760063e-03,2.522688e-04,2.500279e-03,3.377760e+06,3.087312e+05,3.059640e+06,-6.964881e-01,-6.946238e-02,-5.269358e-01,5.480716e-18,969,3596
8.170909e-09,2.759943e-02,2.522620e-03,2.500018e-02,3.377850e+06,3.087401e+05,3.059709e+06,-6.582377e-03,-6.381932e-04,-5.438703e-03,5.480716e-18,969,35952
0.000000e+00,-1.034640e-07,-9.031866e-08,3.237492e-07,0.000000e+00,0.000000e+00,0.000000e+00,3.049578e+07,2.363341e+07,-6.956070e+07,5.066132e-18,970,0
7.154545e-10,-1.150448e-03,-8.834583e-04,2.500361e-03,-1.608564e+06,-1.235225e+06,3.495687e+06,6.630743e-01,4.935748e-01,-1.262737e+00,5.066132e-18,970,3148
7.151818e-09,-1.150415e-02,-8.834115e-03,2.500063e-02,-1.608639e+06,-1.235281e+06,3.495830e+06,6.611224e-03,4.788881e-03,-1.289921e-02,5.066132e-18,970,31468
0.000000e+00,-1.956767e-07,1.455160e-07,4.688312e-07,0.000000e+00,0.000000e+00,0.000000e+00,2.515914e+07,-1.926458e+07,-3.350579e+07,3.465217e-18,971,0
1.292045e-09,-2.141600e-03,1.525214e-03,2.500085e-03,-1.658376e+06,1.181003e+06,1.935467e+06,5.194541e-01,-3.385633e-01,-4.215924e-01,3.465217e-18,971,5685
1.291682e-08,-2.142086e-02,1.525476e-02,2.500027e-02,-1.658481e+06,1.181071e+06,1.935553e+06,4.490561e-03,-3.113802e-03,-5.273276e-03,3.465217e-18,971,56834
0.000000e+00,-2.764402e-08,1.245840e-07,5.672432e-07,0.000000e+00,0.000000e+00,0.000000e+00,3.165573e+06,-1.415171e+07,-3.899699e+07,3.223854e-18,972,0
9.404545e-10,-2.443860e-04,9.351145e-04,2.500089e-03,-2.601264e+05,9.950826e+05,2.659724e+06,2.039911e-01,-6.507629e-01,-1.367280e+00,3.223854e-18,972,4138
9.399545e-09,-2.445031e-03,9.353285e-03,2.500036e-02,-2.601567e+05,9.951791e+05,2.659927e+06,1.785010e-03,-5.331219e-03,-1.468959e-02,3.223854e-18,972,41358
0.000000e+00,8.221586e-08,2.089839e-07,2.446911e-07,0.000000e+00,0.000000e+00,0.000000e+00,-2.874879e+07,-6.928584e+07,-5.619457e+07,5.238008e-18,973,0
9.770455e-10,1.327188e-03,3.203243e-03,2.500004e-03,1.358604e+06,3.279065e+06,2.558960e+06,-2.170039e-01,-5.287916e-01,-3.156803e-01,5.238008e-18,973,4299
9.769545e-09,1.327296e-02,3.203501e-02,2.500002e-02,1.358638e+06,3.279146e+06,2.559009e+06,-2.034514e-03,-4.785533e-03,-3.397120e-03,5.238008e-18,973,42986
0.000000e+00,2.235798e-07,7.412378e-08,3.618231e-07,0.000000e+00,0.000000e+00,0.000000e+00,-3.932264e+07,-1.018402e+07,-4.499930e+07,4.175183e-18,974,0
1.005227e-09,2.337375e-03,4.700625e-04,2.500233e-03,2.326144e+06,4.677602e+05,2.487876e+06,-7.441127e-01,-1.505353e-01,-6.405868e-01,4.175183e-18,974,4423
1.004886e-08,2.337506e-02,4.700494e-03,2.500045e-02,2.326262e+06,4.677841e+05,2.487979e+06,-6.619816e-03,-1.412670e-03,-6.858049e-03,4.175183e-18,974,44215
0.000000e+00,1.663311e-07,-1.140274e-07,3.287140e-07,0.000000e+00,0.000000e+00,0.000000e+00,-3.486673e+07,2.281020e+07,-5.255093e+07,4.633882e-18,975,0
8.975000e-10,1.777688e-03,-1.139573e-03,2.500234e-03,1.981455e+06,-1.270192e+06,2.786543e+06,-6.755634e-01,4.409628e-01,-8.268009e-01,4.633882e-18,975,3949
8.971818e-09,1.777723e-02,-1.139592e-02,2.500045e-02,1.981551e+06,-1.270254e+06,2.786661e+06,-6.315808e-03,4.145910e-03,-8.555429e-03,4.633882e-18,975,39476
0.000000e+00,4.041772e-08,1.512917e-08,2.576620e-07,0.000000e+00,0.000000e+00,0.000000e+00,-2.535051e+07,-1.004347e+07,-1.356087e+08,6.649741e-18,976,0
4.295455e-10,4.718813e-04,1.876227e-04,2.500667e-03,1.098703e+06,4.368612e+05,5.822213e+06,-3.934504e-01,-1.727888e-01,-1.927007e+00,6.649741e-18,976,1890
4.294091e-09,4.717955e-03,1.875930e-03,2.500129e-02,1.098730e+06,4.368729e+05,5.822344e+06,-3.984640e-03,-1.597820e-03,-1.937728e-02,6.649741e-18,976,18894
0.000000e+00,-5.356475e-08,-2.797701e-07,4.423584e-07,0.000000e+00,0.000000e+00,0.000000e+00,5.176182e+06,3.584626e+07,-3.249509e+07,3.445664e-18,977,0
1.399773e-09,-5.203395e-04,-3.154272e-03,2.500084e-03,-3.719086e+05,-2.254378e+06,1.786424e+06,1.010199e-01,5.446801e-01,-3.072056e-01,3.445664e-18,977,6159
1.399455e-08,-5.204676e-03,-3.154891e-02,2.500040e-02,-3.719308e+05,-2.254498e+06,1.786493e+06,8.279422e-04,4.813860e-03,-3.849977e-03,3.445664e-18,977,61576
0.000000e+00,-1.303341e-07,7.831937e-08,3.376878e-07,0.000000e+00,0.000000e+00,0.000000e+00,3.940098e+07,-2.678577e+07,-5.946925e+07,4.837019e-18,978,0
8.306818e-10,-1.713508e-03,1.160838e-03,2.500084e-03,-2.063443e+06,1.397920e+06,3.010323e+06,6.602155e-01,-4.518898e-01,-8.289070e-01,4.837019e-18,978,3655
8.304773e-09,-1.713640e-02,1.160939e-02,2.500018e-02,-2.063529e+06,1.397980e+06,3.010432e+06,6.348970e-03,-4.411631e-03,-8.590884e-03,4.837019e-18,978,36541
0.000000e+00,1.353537e-07,3.622991e-08,1.483546e-07,0.000000e+00,0.000000e+00,0.000000e+00,-1.665723e+08,-4.370762e+07,-1.609391e+08,8.237083e-18,979,0
3.834091e-10,2.592567e-03,6.802044e-04,2.500786e-03,6.761877e+06,1.774091e+06,6.522420e+06,-6.585428e-01,-1.710631e-01,-5.813784e-01,8.237083e-18,979,1687
3.832955e-09,2.591808e-02,6.800042e-03,2.500027e-02,6.761917e+06,1.774101e+06,6.522455e+06,-6.527327e-03,-1.712790e-03,-5.859108e-03,8.237083e-18,979,16865
0.000000e+00,4.659446e-08,-1.303243e-07,3.158250e-07,0.000000e+00,0.000000e+00,0.000000e+00,-1.257056e+07,3.784298e+07,-6.878479e+07,5.165982e-18,980,0
7.184091e-10,4.831164e-04,-1.433744e-03,2.500287e-03,6.727194e+05,-1.996414e+06,3.481216e+06,-2.800285e-01,8.080024e-01,-1.239165e+00,5.165982e-18,980,3161
7.181591e-09,4.831194e-03,-1.433742e-02,2.500077e-02,6.727511e+05,-1.996506e+06,3.481357e+06,-2.724701e-03,7.887278e-03,-1.263073e-02,5.165982e-18,980,31599
0.000000e+00,1.612057e-07,-1.887079e-07,4.654802e-07,0.000000e+00,0.000000e+00,0.000000e+00,-2.039495e+07,2.241545e+07,-3.588113e+07,3.487927e-18,981,0
1.182273e-09,1.531453e-03,-1.683198e-03,2.500372e-03,1.295990e+06,-1.424383e+06,2.115478e+06,-4.439135e-01,4.763029e-01,-5.409390e-01,3.487927e-18,981,5202
1.181773e-08,1.531562e-02,-1.683294e-02,2.500033e-02,1.296072e+06,-1.424471e+06,2.115579e+06,-3.795367e-03,4.276713e-03,-6.686172e-03,3.487927e-18,981,51998
0.000000e+00,-2.641546e-08,-8.057870e-08,5.720719e-07,0.000000e+00,0.000000e+00,0.000000e+00,-3.561337e+06,5.649316e+06,-4.416886e+07,3.265305e-18,982,0
8.856818e-10,1.284986e-04,-4.905554e-04,2.500615e-03,1.452105e+05,-5.543295e+05,2.824864e+06,-8.470981e-02,3.839752e-01,-1.639081e+00,3.265305e-18,982,3897
8.850000e-09,1.285080e-03,-4.905766e-03,2.500025e-02,1.452224e+05,-5.543832e+05,2.825094e+06,-8.472208e-04,3.465984e-03,-1.735425e-02,3.265305e-18,982,38940
0.000000e+00,1.736357e-07,-7.469683e-08,2.343927e-07,0.000000e+00,0.000000e+00,0.000000e+00,-7.111286e+07,3.119345e+07,-7.783269e+07,5.757121e-18,983,0
7.240909e-10,2.329998e-03,-1.024101e-03,2.500344e-03,3.218301e+06,-1.414544e+06,3.453422e+06,-6.733417e-01,3.020360e-01,-6.267950e-01,5.757121e-18,983,3186
7.239318e-09,2.329837e-02,-1.024036e-02,2.500056e-02,3.218378e+06,-1.414578e+06,3.453494e+06,-6.504063e-03,2.946748e-03,-6.398967e-03,5.757121e-18,983,31853
0.000000e+00,-7.400064e-08,1.656575e-07,6.162812e-07,0.000000e+00,0.000000e+00,0.000000e+00,9.461905e+06,-1.842476e+07,-3.846122e+07,2.888331e-18,984,0
1.070000e-09,-5.301316e-04,1.278880e-03,2.500363e-03,-4.957259e+05,1.196030e+06,2.337751e+06,2.617954e-01,-6.084208e-01,-9.725076e-01,2.888331e-18,984,4708
1.069409e-08,-5.301395e-03,1.279040e-02,2.500040e-02,-4.957701e+05,1.196132e+06,2.337916e+06,2.372699e-03,-5.200417e-03,-1.131858e-02,2.888331e-18,984,47054
0.000000e+00,1.241393e-07,4.775489e-09,4.333824e-07,0.000000e+00,0.000000e+00,0.000000e+00,-1.985724e+07,9.093658e+05,-4.973258e+07,4.104527e-18,985,0
8.847727e-10,1.091531e-03,-1.749429e-06,2.500562e-03,1.234436e+06,-2.043320e+03,2.827532e+06,-6.979513e-01,5.828732e-02,-1.389164e+00,4.104527e-18,985,3893
8.841818e-09,1.091464e-02,-1.806172e-05,2.500064e-02,1.234534e+06,-2.051441e+03,2.827726e+06,-5.928307e-03,7.743037e-04,-1.459013e-02,4.104527e-18,985,38904
0.000000e+00,-1.628309e-07,1.178314e-07,5.996160e-07,0.000000e+00,0.000000e+00,0.000000e+00,1.276205e+07,-1.264935e+07,-3.488225e+07,2.927468e-18,986,0
1.036136e-09,-9.868902e-04,9.606039e-04,2.500200e-03,-9.531423e+05,9.276962e+05,2.414076e+06,5.417165e-01,-4.583023e-01,-1.059601e+00,2.927468e-18,986,4559
1.035591e-08,-9.870644e-03,9.607100e-03,2.500018e-02,-9.532308e+05,9.277711e+05,2.414250e+06,4.431256e-03,-3.939646e-03,-1.199821e-02,2.927468e-18,986,45566
0.000000e+00,2.174512e-07,-7.996197e-08,3.808154e-07,0.000000e+00,0.000000e+00,0.000000e+00,-3.691829e+07,1.311612e+07,-4.378955e+07,4.052802e-18,987,0
1.039773e-09,2.269018e-03,-7.933635e-04,2.500235e-03,2.183142e+06,-7.633081e+05,2.405231e+06,-7.154120e-01,2.319556e-01,-6.206924e-01,4.052802e-18,987,4575
1.039409e-08,2.269173e-02,-7.933885e-03,2.500032e-02,2.183259e+06,-7.633461e+05,2.405334e+06,-6.217495e-03,2.133861e-03,-6.701360e-03,4.052802e-18,987,45734
0.000000e+00,4.049319e-08,5.960572e-08,6.094847e-07,0.000000e+00,0.000000e+00,0.000000e+00,-4.200841e+06,-1.793954e+06,-4.287914e+07,3.081073e-18,988,0
8.622727e-10,2.466715e-04,1.371862e-04,2.500351e-03,2.862388e+05,1.591961e+05,2.901400e+06,-1.593494e-01,-1.137802e-01,-1.861744e+00,3.081073e-18,988,3794
8.616591e-09,2.466397e-03,1.371742e-03,2.500036e-02,2.862604e+05,1.592115e+05,2.901654e+06,-1.664439e-03,-1.115260e-03,-1.958069e-02,3.081073e-18,988,37913
0.000000e+00,-8.719725e-10,-2.987243e-08,6.809933e-07,0.000000e+00,0.000000e+00,0.000000e+00,2.111550e+06,5.297069e+05,-3.743614e+07,2.740285e-18,989,0
9.088636e-10,-2.006095e-04,-6.580231e-05,2.500242e-03,-2.210120e+05,-7.243663e+04,2.752458e+06,2.003175e-01,4.627556e-02,-1.644462e+00,2.740285e-18,989,3999
9.082727e-09,-2.007326e-03,-6.579345e-04,2.500005e-02,-2.210408e+05,-7.244330e+04,2.752694e+06,1.658267e-03,6.159850e-04,-1.776508e-02,2.740285e-18,989,39964
0.000000e+00,-5.630890e-08,1.262910e-07,3.463781e-07,0.000000e+00,0.000000e+00,0.000000e+00,1.521638e+07,-3.301389e+07,-6.373140e+07,4.810795e-18,990,0
7.620455e-10,-6.300443e-04,1.381779e-03,2.500712e-03,-8.271112e+05,1.813964e+06,3.282468e+06,3.556713e-01,-7.659145e-01,-1.169088e+00,4.810795e-18,990,3353
7.616364e-09,-6.299570e-03,1.381579e-02,2.500059e-02,-8.271540e+05,1.814056e+06,3.282609e+06,3.393492e-03,-7.343747e-03,-1.208816e-02,4.810795e-18,990,33512
0.000000e+00,-3.141283e-08,-1.064393e-07,3.962458e-07,0.000000e+00,0.000000e+00,0.000000e+00,8.732468e+06,2.477291e+07,-5.389663e+07,4.445678e-18,991,0
8.329545e-10,-4.731905e-04,-1.240808e-03,2.500560e-03,-5.684058e+05,-1.490448e+06,3.003196e+06,2.757582e-01,7.418035e-01,-1.298431e+00,4.445678e-18,991,3665
8.324545e-09,-4.731679e-03,-1.240724e-02,2.500033e-02,-5.684421e+05,-1.490546e+06,3.003367e+06,2.809537e-03,7.018206e-03,-1.350982e-02,4.445678e-18,991,36628
0.000000e+00,2.202668e-07,-4.010571e-08,2.982691e-07,0.000000e+00,0.000000e+00,0.000000e+00,-5.505445e+07,9.948578e+06,-5.243908e+07,4.734339e-18,992,0
9.740909e-10,2.776753e-03,-5.013632e-04,2.500193e-03,2.851383e+06,-5.148350e+05,2.567109e+06,-6.764152e-01,1.196954e-01,-4.829153e-01,4.734339e-18,992,4286
9.738636e-09,2.776858e-02,-5.013791e-03,2.500027e-02,2.851487e+06,-5.148534e+05,2.567183e+06,-6.165899e-03,1.040943e-03,-5.132920e-03,4.734339e-18,992,42850
0.000000e+00,-9.382868e-08,-2.970631e-09,4.829387e-07,0.000000e+00,0.000000e+00,0.000000e+00,1.983728e+07,6.821782e+05,-4.402189e+07,3.804283e-18,993,0
9.315909e-10,-1.192380e-03,-6.871869e-05,2.500355e-03,-1.280792e+06,-7.376685e+04,2.685310e+06,6.968494e-01,-5.019595e-03,-1.358216e+00,3.804283e-18,993,4099
9.310000e-09,-1.192409e-02,-6.867623e-04,2.500036e-02,-1.280895e+06,-7.376609e+04,2.685510e+06,6.305705e-03,-1.705152e-04,-1.413893e-02,3.804283e-18,993,40964
0.000000e+00,-1.079438e-07,1.502697e-08,5.069782e-07,0.000000e+00,0.000000e+00,0.000000e+00,1.171769e+07,-7.327001e+05,-4.223388e+07,3.615699e-18,994,0
9.481818e-10,-8.058140e-04,9.031475e-05,2.500595e-03,-8.506032e+05,9.533909e+04,2.638797e+06,6.403063e-01,-5.370505e-02,-1.523969e+00,3.615699e-18,994,4172
9.474091e-09,-8.058656e-03,9.032237e-04,2.500035e-02,-8.506989e+05,9.534710e+04,2.639026e+06,5.208108e-03,-6.290315e-04,-1.631034e-02,3.615699e-18,994,41686
0.000000e+00,2.435803e-08,2.361898e-07,4.587548e-07,0.000000e+00,0.000000e+00,0.000000e+00,-1.807521e+06,-2.882590e+07,-3.492853e+07,3.537327e-18,995,0
1.220909e-09,2.476289e-04,2.331011e-03,2.500281e-03,2.029277e+05,1.910251e+06,2.048487e+06,-6.010723e-02,-6.558689e-01,-5.156923e-01,3.537327e-18,995,5372
1.220409e-08,2.476527e-03,2.331279e-02,2.500009e-02,2.029393e+05,1.910377e+06,2.048588e+06,-4.500599e-04,-5.714281e-03,-6.475147e-03,3.537327e-18,995,53698
0.000000e+00,1.244251e-07,-5.492837e-08,1.715502e-07,0.000000e+00,0.000000e+00,0.000000e+00,-1.244192e+08,5.358875e+07,-1.514855e+08,7.725887e-18,996,0
4.040909e-10,2.059746e-03,-8.869691e-04,2.501287e-03,5.097313e+06,-2.195004e+06,6.189916e+06,-6.940716e-01,2.966447e-01,-7.730423e-01,7.725887e-18,996,1778
4.038864e-09,2.058745e-02,-8.865365e-03,2.500037e-02,5.097357e+06,-2.195023e+06,6.189965e+06,-6.902170e-03,2.940397e-03,-7.768769e-03,7.725887e-18,996,17771
0.000000e+00,1.908038e-07,-1.722721e-07,3.182801e-07,0.000000e+00,0.000000e+00,0.000000e+00,-3.973869e+07,3.534630e+07,-4.256193e+07,4.340728e-18,997,0
1.167273e-09,2.511004e-03,-2.279012e-03,2.500049e-03,2.151786e+06,-1.953018e+06,2.142080e+06,-4.356829e-01,4.132118e-01,-3.052865e-01,4.340728e-18,997,5136
1.167091e-08,2.511328e-02,-2.279346e-02,2.500017e-02,2.151867e+06,-1.953094e+06,2.142137e+06,-3.672008e-03,3.215344e-03,-3.527662e-03,4.340728e-18,997,51352
0.000000e+00,2.141974e-08,6.478902e-08,5.895021e-07,0.000000e+00,0.000000e+00,0.000000e+00,2.279719e+06,-5.500791e+06,-3.880848e+07,3.192476e-18,998,0
9.468182e-10,-9.283038e-07,5.419910e-04,2.500093e-03,-8.487039e+02,5.730287e+05,2.641970e+06,-6.871202e-02,-4.486417e-01,-1.489988e+00,3.192476e-18,998,4166
9.462727e-09,-8.083538e-06,5.422323e-03,2.500044e-02,-8.384518e+02,5.730957e+05,2.642193e+06,-6.102292e-05,-3.107642e-03,-1.632614e-02,3.192476e-18,998,41636
0.000000e+00,-1.772576e-07,4.144692e-08,3.425708e-07,0.000000e+00,0.000000e+00,0.000000e+00,4.013870e+07,-7.457633e+06,-5.346100e+07,4.614777e-18,999,0
8.756818e-10,-1.974720e-03,3.440954e-04,2.500171e-03,-2.255936e+06,3.930895e+05,2.855907e+06,8.043297e-01,-1.474512e-01,-8.820037e-01,4.614777e-18,999,3853
8.753864e-09,-1.974812e-02,3.441059e-03,2.500032e-02,-2.256047e+06,3.931099e+05,2.856029e+06,7.753541e-03,-1.419768e-03,-9.082015e-03,4.614777e-18,999,38517
